lat,lon,date,temperature,humidity,wind_speed,pressure,precip_24h_mm
42.0,-83.0,2026-10-09 23:27:19,15.442000000000007,69.74460468292237,15.596908852636815,1003.41,0.003875
42.0,-82.5,2026-10-09 23:27:19,17.31400000000002,55.51960468292236,19.484908852636817,1003.16,0.0
42.0,-82.0,2026-10-09 23:27:19,17.02600000000001,59.14460468292236,22.094908852636813,1003.14,0.0
42.5,-82.5,2026-10-09 23:27:19,15.617000000000019,64.49460468292237,15.452908852636815,1002.75,0.0
42.5,-82.0,2026-10-09 23:27:19,19.033000000000015,40.344604682922366,15.308908852636815,1000.64,0.0
42.5,-81.5,2026-10-09 23:27:19,17.005000000000052,56.869604682922365,20.492908852636813,1002.58,0.01525
42.5,-81.0,2026-10-09 23:27:19,16.576000000000022,65.21960468292237,24.056908852636813,1002.58,0.0935
42.5,-80.5,2026-10-09 23:27:19,16.759000000000015,67.01960468292236,26.108908852636816,1002.49,0.017125
42.5,-80.0,2026-10-09 23:27:19,16.965000000000032,62.094604682922366,30.104908852636818,1002.35,0.0
43.0,-82.5,2026-10-09 23:27:19,20.699000000000012,40.719604682922366,8.486908852636814,999.05,0.0
43.0,-82.0,2026-10-09 23:27:19,18.406000000000006,55.31960468292237,10.214908852636816,996.05,0.0
43.0,-81.5,2026-10-09 23:27:19,17.890000000000043,54.91960468292237,11.024908852636814,991.8,0.0
43.0,-81.0,2026-10-09 23:27:19,17.737000000000023,52.594604682922366,11.492908852636814,990.47,0.003875
43.0,-80.5,2026-10-09 23:27:19,18.19300000000004,47.844604682922366,14.336908852636816,991.5,0.055375
43.0,-80.0,2026-10-09 23:27:19,18.185000000000002,49.244604682922365,13.832908852636814,996.97,0.001875
43.0,-79.5,2026-10-09 23:27:19,18.92900000000003,44.29460468292237,14.498908852636813,1000.11,0.0
43.0,-79.0,2026-10-09 23:27:19,18.18900000000002,46.844604682922366,21.860908852636815,1000.39,0.0
43.5,-82.0,2026-10-09 23:27:19,15.476000000000056,72.89460468292236,22.400908852636814,1001.61,0.03625
43.5,-81.5,2026-10-09 23:27:19,15.652000000000044,75.86960468292237,17.810908852636818,988.56,0.042
43.5,-81.0,2026-10-09 23:27:19,15.873000000000047,75.61960468292237,21.068908852636813,978.19,0.0
43.5,-80.5,2026-10-09 23:27:19,17.781000000000006,50.29460468292237,17.972908852636817,982.91,0.017125
43.5,-80.0,2026-10-09 23:27:19,17.463000000000022,50.494604682922365,14.930908852636813,984.03,0.021
43.5,-79.5,2026-10-09 23:27:19,16.851000000000056,68.36960468292237,29.816908852636818,1011.86,0.099125
43.5,-79.0,2026-10-09 23:27:19,16.20300000000003,65.86960468292237,34.352908852636816,1012.05,0.02675
43.5,-65.5,2026-10-09 23:27:19,15.465000000000032,74.79251155853272,32.40276408585906,1012.91,0.0095
44.0,-82.0,2026-10-09 23:27:19,14.329000000000008,74.96960468292237,24.074908852636813,1001.49,0.17925
44.0,-81.5,2026-10-09 23:27:19,16.32000000000005,60.744604682922365,14.336908852636816,987.38,0.452
44.0,-81.0,2026-10-09 23:27:19,17.201000000000022,54.89460468292236,15.254908852636817,978.91,0.408125
44.0,-80.5,2026-10-09 23:27:19,15.969000000000051,57.119604682922365,17.522908852636817,963.52,0.41775
44.0,-80.0,2026-10-09 23:27:19,16.67900000000003,56.619604682922365,13.454908852636814,975.78,0.089625
44.0,-79.5,2026-10-09 23:27:19,17.083000000000027,55.39460468292236,14.966908852636816,984.05,0.763
44.0,-79.0,2026-10-09 23:27:19,17.65300000000002,51.01960468292236,12.770908852636815,992.11,2.435625
44.0,-78.5,2026-10-09 23:27:19,16.560000000000002,62.69460468292237,13.346908852636815,997.77,5.626625
44.0,-78.0,2026-10-09 23:27:19,16.625000000000057,60.41960468292237,16.964908852636814,1002.1,2.2755
44.0,-77.5,2026-10-09 23:27:19,16.182000000000016,71.21960468292237,25.676908852636814,1008.6,0.13925
44.0,-77.0,2026-10-09 23:27:19,16.088000000000022,66.66960468292237,25.622908852636815,1008.56,0.089625
44.0,-76.5,2026-10-09 23:27:19,13.870000000000005,76.96960468292237,20.582908852636816,1011.24,1.325625
44.0,-66.0,2026-10-09 23:27:19,15.733000000000004,71.34251155853272,17.85876408585906,1006.49,0.27087500000000003
44.0,-65.5,2026-10-09 23:27:19,17.019000000000005,63.89251155853272,13.75476408585906,1003.89,0.21175
44.0,-65.0,2026-10-09 23:27:19,17.610000000000014,66.26751155853272,10.06476408585906,1001.58,0.1945
44.0,-60.0,2026-10-09 23:27:19,14.54200000000003,81.96751155853272,26.33676408585906,1013.28,0.36625
44.5,-82.0,2026-10-09 23:27:19,13.948000000000036,75.21960468292237,25.352908852636816,1001.02,2.765625
44.5,-81.5,2026-10-09 23:27:19,13.843000000000018,74.81960468292236,23.876908852636817,1000.81,1.787125
44.5,-81.0,2026-10-09 23:27:19,15.57000000000005,56.69460468292237,14.102908852636816,989.86,3.0231250000000003
44.5,-80.5,2026-10-09 23:27:19,15.959000000000003,52.619604682922365,14.786908852636813,985.7,2.031375
44.5,-80.0,2026-10-09 23:27:19,16.132000000000005,58.119604682922365,25.550908852636816,998.28,4.4785
44.5,-79.5,2026-10-09 23:27:19,15.543000000000006,59.91960468292237,17.882908852636813,986.17,6.950375
44.5,-79.0,2026-10-09 23:27:19,16.015000000000043,60.619604682922365,18.872908852636815,987.36,5.416875
44.5,-78.5,2026-10-09 23:27:19,15.678000000000054,64.14460468292236,28.682908852636814,988.42,1.45525
44.5,-78.0,2026-10-09 23:27:19,15.868000000000052,59.04460468292237,15.830908852636814,987.99,0.22312500000000002
44.5,-77.5,2026-10-09 23:27:19,16.137,55.594604682922366,16.874908852636814,995.39,0.534
44.5,-77.0,2026-10-09 23:27:19,15.358000000000004,55.44460468292237,15.578908852636816,997.58,1.02425
44.5,-76.5,2026-10-09 23:27:19,14.620000000000005,55.31960468292237,11.150908852636814,1000.1,0.352875
44.5,-76.0,2026-10-09 23:27:19,14.358000000000004,55.14460468292236,10.538908852636814,1006.13,0.72675
44.5,-66.0,2026-10-09 23:27:19,13.05600000000004,84.46751155853272,15.770764085859062,1013.05,2.986875
44.5,-65.5,2026-10-09 23:27:19,15.080000000000041,70.21751155853272,11.342764085859061,993.3,1.6632500000000001
44.5,-65.0,2026-10-09 23:27:19,16.37900000000002,54.84251155853272,11.66676408585906,992.58,0.43675
44.5,-64.5,2026-10-09 23:27:19,17.248000000000047,50.317511558532715,12.386764085859062,1002.03,0.162125
44.5,-64.0,2026-10-09 23:27:19,14.227000000000032,77.46751155853272,18.43476408585906,1012.16,0.013375
44.5,-63.5,2026-10-09 23:27:19,14.117000000000019,75.69251155853271,21.15276408585906,1012.77,0.141125
45.0,-82.5,2026-10-09 23:27:19,13.299000000000035,62.94460468292237,36.53090885263682,1000.69,1.514375
45.0,-82.0,2026-10-09 23:27:19,13.16900000000004,66.24460468292237,36.26090885263682,1000.42,0.41775
45.0,-81.5,2026-10-09 23:27:19,13.023000000000025,72.79460468292237,34.38890885263682,1000.17,3.2845
45.0,-81.0,2026-10-09 23:27:19,14.166000000000054,69.16960468292237,32.93090885263682,999.74,3.60675
45.0,-80.5,2026-10-09 23:27:19,13.987000000000023,69.86960468292237,35.43290885263682,999.55,3.1395
45.0,-80.0,2026-10-09 23:27:19,14.064000000000021,66.71960468292237,37.26890885263682,999.11,5.344375
45.0,-79.5,2026-10-09 23:27:19,15.18300000000005,50.994604682922365,19.880908852636814,989.83,3.719375
45.0,-79.0,2026-10-09 23:27:19,15.976000000000056,45.94460468292237,17.072908852636814,980.27,2.4947500000000002
45.0,-78.5,2026-10-09 23:27:19,11.829000000000008,79.81960468292237,8.828908852636815,973.89,0.747625
45.0,-78.0,2026-10-09 23:27:19,12.094000000000051,71.76960468292236,11.474908852636815,974.2,0.2785
45.0,-77.5,2026-10-09 23:27:19,8.348000000000013,88.99460468292237,8.378908852636814,972.53,0.73625
45.0,-77.0,2026-10-09 23:27:19,8.819000000000017,94.61960468292237,7.856908852636814,980.45,0.50925
45.0,-76.5,2026-10-09 23:27:19,11.800000000000011,71.99460468292237,7.010908852636814,995.61,1.834875
45.0,-76.0,2026-10-09 23:27:19,12.886000000000024,54.64460468292236,6.236908852636814,1001.55,0.3605
45.0,-75.5,2026-10-09 23:27:19,12.610000000000014,59.29460468292237,9.638908852636815,1008.28,0.0
45.0,-75.0,2026-10-09 23:27:19,13.629000000000019,53.31960468292237,12.104908852636814,1008.8,0.0
45.0,-74.5,2026-10-09 23:27:19,13.221000000000004,54.469604682922366,14.354908852636814,1012.35,0.013375
45.0,-74.0,2026-10-09 23:27:19,11.768000000000029,54.29460468292237,13.958908852636815,993.91,0.39487500000000003
45.0,-73.5,2026-10-09 23:27:19,12.51400000000001,53.04460468292237,13.490908852636815,1009.97,0.413875
45.0,-73.0,2026-10-09 23:27:19,12.112000000000023,61.04460468292237,15.344908852636815,1007.31,1.138625
45.0,-72.5,2026-10-09 23:27:19,8.071000000000026,76.24460468292237,16.676908852636814,956.7,1.258875
45.0,-72.0,2026-10-09 23:27:19,9.451000000000022,75.79460468292237,12.968908852636815,965.25,1.9875
45.0,-71.5,2026-10-09 23:27:19,8.830000000000041,74.49460468292237,10.628908852636814,969.0,1.232125
45.0,-67.0,2026-10-09 23:27:19,14.456000000000017,70.41751155853272,13.196764085859062,1010.88,3.477125
45.0,-66.5,2026-10-09 23:27:19,11.935000000000002,82.06751155853271,18.52476408585906,1012.58,5.6095
45.0,-65.0,2026-10-09 23:27:19,14.158000000000015,60.39251155853272,12.008764085859061,1002.53,0.419625
45.0,-64.5,2026-10-09 23:27:19,15.465000000000032,60.64251155853272,10.58676408585906,987.18,0.0935
45.0,-64.0,2026-10-09 23:27:19,17.162000000000035,55.417511558532716,8.42676408585906,1007.44,0.35100000000000003
45.0,-63.5,2026-10-09 23:27:19,17.22800000000001,53.34251155853272,8.714764085859061,1008.27,0.39487500000000003
45.0,-63.0,2026-10-09 23:27:19,16.008000000000038,56.042511558532716,9.86676408585906,994.25,0.30325
45.0,-62.5,2026-10-09 23:27:19,16.390000000000043,56.692511558532715,11.396764085859061,1002.82,0.35475
45.0,-62.0,2026-10-09 23:27:19,13.847000000000037,75.31751155853271,26.426764085859062,1010.68,1.15775
45.5,-83.0,2026-10-09 23:27:19,12.04400000000004,72.34460468292237,30.158908852636813,1000.94,0.0
45.5,-82.5,2026-10-09 23:27:19,12.479000000000042,68.44460468292236,32.73290885263682,1000.52,0.053375
45.5,-82.0,2026-10-09 23:27:19,12.863000000000056,62.01960468292236,32.40890885263682,1000.03,0.068625
45.5,-81.5,2026-10-09 23:27:19,13.150000000000034,61.69460468292237,32.78690885263681,999.63,0.042
45.5,-81.0,2026-10-09 23:27:19,12.91700000000003,67.59460468292237,36.44090885263682,999.31,0.017125
45.5,-80.5,2026-10-09 23:27:19,13.12700000000001,66.79460468292237,37.538908852636816,998.99,0.631375
45.5,-80.0,2026-10-09 23:27:19,14.82000000000005,52.869604682922365,15.146908852636816,988.61,1.07
45.5,-79.5,2026-10-09 23:27:19,13.65300000000002,62.619604682922365,13.346908852636815,979.42,1.1635
45.5,-79.0,2026-10-09 23:27:19,12.664000000000044,66.29460468292237,12.770908852636815,969.28,3.55525
45.5,-78.5,2026-10-09 23:27:19,11.65500000000003,73.11960468292237,12.860908852636815,961.97,1.03575
45.5,-78.0,2026-10-09 23:27:19,11.500000000000057,72.21960468292237,9.620908852636815,975.52,0.433
45.5,-77.5,2026-10-09 23:27:19,11.129000000000019,69.76960468292236,9.782908852636815,981.05,1.434375
45.5,-77.0,2026-10-09 23:27:19,10.772000000000048,78.46960468292237,7.9109088526368145,997.95,2.8228750000000002
45.5,-76.5,2026-10-09 23:27:19,11.072000000000003,70.66960468292237,22.112908852636814,1007.14,1.8940000000000001
45.5,-76.0,2026-10-09 23:27:19,11.67100000000005,60.219604682922366,11.060908852636814,1008.03,0.028625
45.5,-75.5,2026-10-09 23:27:19,12.512,60.04460468292237,17.198908852636816,1012.19,0.068625
45.5,-75.0,2026-10-09 23:27:19,13.015000000000043,57.494604682922365,11.996908852636816,1010.97,0.085875
45.5,-74.5,2026-10-09 23:27:19,12.150000000000034,60.094604682922366,14.858908852636816,1009.42,0.13925
45.5,-74.0,2026-10-09 23:27:19,12.27800000000002,59.744604682922365,14.642908852636813,1007.56,2.55775
45.5,-73.5,2026-10-09 23:27:19,13.606000000000051,54.04460468292237,19.160908852636815,1015.89,11.05875
45.5,-73.0,2026-10-09 23:27:19,11.910000000000025,74.66960468292237,19.916908852636816,1013.05,12.96425
45.5,-72.5,2026-10-09 23:27:19,11.537000000000035,63.91960468292237,15.542908852636813,992.8,2.061875
45.5,-72.0,2026-10-09 23:27:19,12.27600000000001,57.219604682922366,14.642908852636813,993.17,1.5335
45.5,-71.5,2026-10-09 23:27:19,10.33200000000005,64.69460468292236,13.670908852636815,975.91,7.65225
45.5,-71.0,2026-10-09 23:27:19,7.534000000000049,73.81960468292236,14.498908852636813,953.28,4.713
45.5,-67.5,2026-10-09 23:27:19,14.392000000000053,62.46751155853272,9.54276408585906,998.82,1.68225
45.5,-67.0,2026-10-09 23:27:19,14.261000000000024,61.84251155853272,10.76676408585906,996.72,2.842
45.5,-66.5,2026-10-09 23:27:19,14.622000000000014,58.167511558532716,9.092764085859061,997.36,2.78475
45.5,-66.0,2026-10-09 23:27:19,15.173000000000002,57.51751155853272,8.82276408585906,1003.96,4.198125
45.5,-65.5,2026-10-09 23:27:19,13.54200000000003,60.11751155853272,10.33476408585906,974.93,16.086625
45.5,-65.0,2026-10-09 23:27:19,13.185000000000002,75.39251155853272,27.43476408585906,1011.38,16.07325
45.5,-64.5,2026-10-09 23:27:19,15.198000000000036,58.942511558532715,11.52276408585906,999.61,5.06025
45.5,-64.0,2026-10-09 23:27:19,13.953000000000031,65.86751155853271,13.520764085859062,980.85,2.90875
45.5,-63.5,2026-10-09 23:27:19,14.750000000000057,61.292511558532716,14.060764085859061,988.63,0.886875
45.5,-63.0,2026-10-09 23:27:19,14.797000000000025,58.89251155853272,15.734764085859062,986.19,0.72675
45.5,-62.5,2026-10-09 23:27:19,15.560000000000002,56.042511558532716,12.58476408585906,990.0,0.56075
45.5,-62.0,2026-10-09 23:27:19,17.263000000000034,49.917511558532716,10.85676408585906,1000.38,1.2035
45.5,-61.5,2026-10-09 23:27:19,16.00600000000003,59.317511558532715,9.43476408585906,995.22,1.644125
45.5,-61.0,2026-10-09 23:27:19,13.519000000000005,76.84251155853272,14.92476408585906,1010.22,1.3351250000000001
46.0,-84.0,2026-10-09 23:27:19,13.406000000000006,55.16960468292237,19.304908852636817,998.33,0.362375
46.0,-83.5,2026-10-09 23:27:19,11.713000000000022,62.91960468292237,24.308908852636815,1000.5,1.81775
46.0,-83.0,2026-10-09 23:27:19,11.650000000000034,61.719604682922366,26.216908852636816,1000.89,0.248
46.0,-82.5,2026-10-09 23:27:19,11.864000000000033,62.76960468292236,24.740908852636817,1000.47,0.249875
46.0,-82.0,2026-10-09 23:27:19,12.486000000000047,60.744604682922365,24.596908852636815,999.92,0.120125
46.0,-81.5,2026-10-09 23:27:19,13.166000000000054,55.719604682922366,19.016908852636817,991.63,1.0815000000000001
46.0,-81.0,2026-10-09 23:27:19,13.40500000000003,58.89460468292236,13.454908852636814,996.22,0.452
46.0,-80.5,2026-10-09 23:27:19,13.503000000000043,56.16960468292237,13.616908852636815,995.95,0.09725
46.0,-80.0,2026-10-09 23:27:19,12.964000000000055,62.31960468292237,12.014908852636815,990.91,3.934875
46.0,-79.5,2026-10-09 23:27:19,11.847000000000037,66.26960468292236,12.356908852636813,978.28,1.134875
46.0,-79.0,2026-10-09 23:27:19,10.942000000000007,68.76960468292236,23.066908852636818,973.17,0.9765
46.0,-78.5,2026-10-09 23:27:19,11.719000000000051,66.19460468292236,20.384908852636816,975.39,3.212
46.0,-78.0,2026-10-09 23:27:19,11.543000000000006,70.36960468292237,9.242908852636814,980.88,1.562125
46.0,-77.5,2026-10-09 23:27:19,11.976000000000056,67.46960468292237,8.108908852636816,994.3,1.0166250000000001
46.0,-77.0,2026-10-09 23:27:19,9.201000000000022,77.54460468292237,11.636908852636815,981.75,0.738125
46.0,-76.5,2026-10-09 23:27:19,8.074000000000012,85.41960468292237,10.430908852636815,983.52,0.10675
46.0,-76.0,2026-10-09 23:27:19,11.062000000000012,63.719604682922366,11.960908852636814,996.74,0.0
46.0,-75.5,2026-10-09 23:27:19,11.100000000000023,58.469604682922366,10.970908852636814,984.7,0.5493750000000001
46.0,-75.0,2026-10-09 23:27:19,10.26600000000002,59.41960468292237,10.862908852636814,980.19,0.835375
46.0,-74.5,2026-10-09 23:27:19,10.272000000000048,60.64460468292236,14.858908852636816,977.13,1.72425
46.0,-74.0,2026-10-09 23:27:19,9.269000000000005,60.744604682922365,11.726908852636814,974.17,1.7185000000000001
46.0,-73.5,2026-10-09 23:27:19,12.797000000000025,51.54460468292237,14.048908852636815,1009.92,1.49725
46.0,-73.0,2026-10-09 23:27:19,13.16900000000004,56.66960468292237,17.810908852636818,1014.03,1.474375
46.0,-72.5,2026-10-09 23:27:19,12.648000000000025,62.344604682922366,13.904908852636815,1007.78,1.2455
46.0,-72.0,2026-10-09 23:27:19,12.100000000000023,61.244604682922365,13.544908852636814,999.97,12.365375
46.0,-71.5,2026-10-09 23:27:19,10.260000000000048,59.869604682922365,14.120908852636815,978.19,15.44375
46.0,-71.0,2026-10-09 23:27:19,9.545000000000016,61.81960468292237,17.054908852636817,972.6,8.678375
46.0,-70.5,2026-10-09 23:27:19,9.036000000000001,63.39460468292236,15.956908852636815,975.22,8.710875
46.0,-67.5,2026-10-09 23:27:19,12.531000000000006,60.692511558532715,12.764764085859062,996.38,5.20325
46.0,-67.0,2026-10-09 23:27:19,13.795000000000016,60.542511558532716,11.720764085859061,996.11,3.61825
46.0,-66.5,2026-10-09 23:27:19,13.344000000000051,64.74251155853271,12.242764085859061,996.19,3.3588750000000003
46.0,-66.0,2026-10-09 23:27:19,13.407000000000039,67.16751155853272,20.61276408585906,1010.86,3.887125
46.0,-65.5,2026-10-09 23:27:19,13.907000000000039,60.76751155853272,12.098764085859061,1001.6,5.3100000000000005
46.0,-65.0,2026-10-09 23:27:19,14.997000000000014,57.96751155853272,12.008764085859061,1006.18,7.816375
46.0,-64.5,2026-10-09 23:27:19,14.934000000000026,62.11751155853272,11.954764085859061,1003.72,9.908625
46.0,-64.0,2026-10-09 23:27:19,15.39100000000002,65.71751155853272,19.13676408585906,1008.52,6.238875
46.0,-63.0,2026-10-09 23:27:19,13.898000000000025,71.94251155853271,25.86876408585906,1010.63,1.9455
46.0,-62.5,2026-10-09 23:27:19,14.51400000000001,65.96751155853272,26.048764085859062,1009.77,1.7413750000000001
46.0,-61.5,2026-10-09 23:27:19,14.105000000000018,66.41751155853272,15.80676408585906,1003.46,1.947375
46.0,-61.0,2026-10-09 23:27:19,14.680000000000007,61.11751155853272,22.91676408585906,998.39,0.74
46.0,-60.5,2026-10-09 23:27:19,15.06800000000004,62.24251155853272,17.67876408585906,998.88,1.32375
46.0,-60.0,2026-10-09 23:27:19,15.952000000000055,62.567511558532715,13.952764085859062,1006.78,2.22975
46.5,-84.5,2026-10-09 23:27:19,12.80600000000004,50.344604682922366,14.624908852636814,998.08,1.50875
46.5,-84.0,2026-10-09 23:27:19,12.425000000000011,51.719604682922366,11.870908852636815,994.0,2.981125
46.5,-83.5,2026-10-09 23:27:19,11.941000000000031,46.79460468292237,13.958908852636815,982.77,3.5
46.5,-83.0,2026-10-09 23:27:19,10.995000000000005,53.51960468292236,9.476908852636814,975.19,2.0103750000000002
46.5,-82.5,2026-10-09 23:27:19,11.197000000000003,52.69460468292237,11.096908852636815,975.74,2.092375
46.5,-82.0,2026-10-09 23:27:19,11.353000000000009,53.69460468292237,9.926908852636815,980.13,1.695625
46.5,-81.5,2026-10-09 23:27:19,11.412000000000035,56.219604682922366,9.962908852636813,981.99,1.207375
46.5,-81.0,2026-10-09 23:27:19,12.192000000000007,49.369604682922365,15.002908852636816,986.5,0.8658750000000001
46.5,-80.5,2026-10-09 23:27:19,11.783000000000015,56.29460468292237,11.960908852636814,990.89,0.988
46.5,-80.0,2026-10-09 23:27:19,11.211000000000013,60.39460468292236,11.330908852636815,988.97,1.20925
46.5,-79.5,2026-10-09 23:27:19,10.432000000000016,66.39460468292236,10.286908852636815,976.69,1.318
46.5,-79.0,2026-10-09 23:27:19,8.573000000000036,73.51960468292236,9.908908852636815,979.28,0.56075
46.5,-78.5,2026-10-09 23:27:19,8.591000000000008,72.74460468292237,11.384908852636814,977.77,0.3795
46.5,-78.0,2026-10-09 23:27:19,8.053000000000054,75.11960468292237,11.096908852636815,975.97,1.01275
46.5,-77.5,2026-10-09 23:27:19,7.902000000000044,74.34460468292237,10.862908852636814,971.78,0.679
46.5,-77.0,2026-10-09 23:27:19,8.475000000000023,73.44460468292236,11.762908852636814,981.5,0.41775
46.5,-76.5,2026-10-09 23:27:19,8.512,72.09460468292237,10.430908852636815,979.86,0.267
46.5,-76.0,2026-10-09 23:27:19,8.988000000000056,69.21960468292237,7.388908852636814,992.27,0.244125
46.5,-75.5,2026-10-09 23:27:19,8.67900000000003,68.44460468292236,11.402908852636815,987.1,0.959375
46.5,-75.0,2026-10-09 23:27:19,8.37700000000001,65.41960468292237,12.446908852636815,979.56,2.346
46.5,-74.5,2026-10-09 23:27:19,7.147000000000048,69.44460468292236,14.912908852636814,957.45,2.83625
46.5,-74.0,2026-10-09 23:27:19,6.385000000000048,68.09460468292237,11.816908852636814,950.53,0.9041250000000001
46.5,-73.5,2026-10-09 23:27:19,8.369000000000028,59.56960468292237,12.392908852636815,965.66,0.534
46.5,-73.0,2026-10-09 23:27:19,9.81800000000004,55.01960468292236,12.014908852636815,987.22,0.238375
46.5,-72.5,2026-10-09 23:27:19,10.650000000000034,57.469604682922366,15.092908852636814,1010.2,1.6765
46.5,-72.0,2026-10-09 23:27:19,11.273000000000025,58.31960468292237,15.146908852636816,1005.91,3.162375
46.5,-71.5,2026-10-09 23:27:19,10.817000000000007,57.29460468292237,16.244908852636815,997.56,7.87925
46.5,-71.0,2026-10-09 23:27:19,10.130000000000052,55.79460468292237,16.388908852636813,985.5,16.43375
46.5,-70.5,2026-10-09 23:27:19,8.222000000000037,60.719604682922366,18.260908852636817,958.44,13.649000000000001
46.5,-70.0,2026-10-09 23:27:19,9.620000000000005,56.969604682922366,18.242908852636813,968.17,15.03375
46.5,-67.5,2026-10-09 23:27:19,10.218000000000018,70.89251155853272,12.44076408585906,985.19,5.716375
46.5,-67.0,2026-10-09 23:27:19,12.157000000000039,60.59251155853272,15.10476408585906,980.86,4.36975
46.5,-66.5,2026-10-09 23:27:19,13.123000000000047,60.61751155853272,12.152764085859062,991.19,3.81475
46.5,-66.0,2026-10-09 23:27:19,13.380000000000052,63.24251155853272,11.864764085859061,997.18,4.364
46.5,-65.5,2026-10-09 23:27:19,13.247000000000014,64.56751155853271,12.188764085859061,997.64,5.329125
46.5,-65.0,2026-10-09 23:27:19,14.147000000000048,61.26751155853272,12.386764085859062,1004.22,5.128875
46.5,-64.0,2026-10-09 23:27:19,13.081000000000017,76.34251155853272,18.61476408585906,1006.77,9.340250000000001
46.5,-63.5,2026-10-09 23:27:19,13.370000000000005,73.21751155853272,25.68876408585906,1008.71,10.311125
46.5,-63.0,2026-10-09 23:27:19,12.897000000000048,72.94251155853271,29.30676408585906,1009.93,4.33925
46.5,-62.5,2026-10-09 23:27:19,12.834000000000003,75.61751155853271,29.234764085859062,1010.03,4.949625
46.5,-62.0,2026-10-09 23:27:19,12.934000000000026,76.51751155853272,25.23876408585906,1010.07,3.36075
46.5,-61.0,2026-10-09 23:27:19,11.260000000000048,72.79251155853272,14.33076408585906,969.91,2.716125
46.5,-60.5,2026-10-09 23:27:19,13.01400000000001,60.317511558532715,15.95076408585906,973.6,1.619375
47.0,-85.0,2026-10-09 23:27:19,10.689000000000021,67.84460468292237,14.534908852636816,1001.28,4.755
47.0,-84.5,2026-10-09 23:27:19,11.323000000000036,49.344604682922366,8.972908852636815,980.14,5.497
47.0,-84.0,2026-10-09 23:27:19,9.327000000000055,56.244604682922365,9.764908852636815,959.85,4.983875
47.0,-83.5,2026-10-09 23:27:19,9.462000000000046,57.39460468292236,15.578908852636816,963.36,12.1575
47.0,-83.0,2026-10-09 23:27:19,10.126000000000033,52.14460468292236,10.538908852636814,968.78,5.29675
47.0,-82.5,2026-10-09 23:27:19,9.27800000000002,57.31960468292237,10.952908852636815,966.28,2.5692500000000003
47.0,-82.0,2026-10-09 23:27:19,9.077000000000055,57.54460468292237,12.590908852636815,966.66,3.395125
47.0,-81.5,2026-10-09 23:27:19,9.223000000000013,57.19460468292237,18.836908852636814,970.49,0.9918750000000001
47.0,-81.0,2026-10-09 23:27:19,8.75200000000001,56.594604682922366,13.292908852636815,967.0,0.095375
47.0,-80.5,2026-10-09 23:27:19,10.178000000000054,53.51960468292236,12.014908852636815,983.58,0.017125
47.0,-80.0,2026-10-09 23:27:19,9.744000000000028,54.619604682922365,13.526908852636815,981.64,0.01525
47.0,-79.5,2026-10-09 23:27:19,8.80800000000005,60.119604682922365,11.834908852636813,979.66,0.907875
47.0,-79.0,2026-10-09 23:27:19,8.038000000000011,67.29460468292237,12.392908852636815,983.52,0.717125
47.0,-78.5,2026-10-09 23:27:19,8.606000000000051,63.994604682922365,11.294908852636814,979.3,0.39487500000000003
47.0,-78.0,2026-10-09 23:27:19,7.255000000000052,67.74460468292237,12.770908852636815,978.8,0.7915
47.0,-77.5,2026-10-09 23:27:19,8.539000000000044,66.69460468292236,11.582908852636814,968.61,2.037
47.0,-77.0,2026-10-09 23:27:19,7.506000000000029,76.99460468292237,9.764908852636815,967.13,2.410875
47.0,-76.5,2026-10-09 23:27:19,5.704000000000008,90.11960468292237,13.760908852636815,969.22,2.134375
47.0,-76.0,2026-10-09 23:27:19,5.7660000000000196,93.71960468292237,12.878908852636814,974.52,1.77
47.0,-75.5,2026-10-09 23:27:19,6.197000000000003,91.99460468292237,10.160908852636814,983.66,2.483375
47.0,-75.0,2026-10-09 23:27:19,4.710000000000036,97.09460468292237,12.626908852636815,966.49,2.90875
47.0,-74.5,2026-10-09 23:27:19,5.098000000000013,80.39460468292236,13.760908852636815,954.02,2.437625
47.0,-74.0,2026-10-09 23:27:19,6.432000000000016,69.34460468292237,13.004908852636815,958.95,1.627
47.0,-73.5,2026-10-09 23:27:19,5.710000000000036,69.89460468292236,13.544908852636814,960.86,0.980375
47.0,-73.0,2026-10-09 23:27:19,7.010000000000048,64.26960468292236,13.814908852636815,971.74,0.26325
47.0,-72.5,2026-10-09 23:27:19,6.368000000000052,62.91960468292237,15.776908852636815,973.63,0.562625
47.0,-72.0,2026-10-09 23:27:19,6.368000000000052,65.31960468292236,16.334908852636815,962.55,1.110125
47.0,-71.5,2026-10-09 23:27:19,7.890000000000043,56.66960468292237,13.490908852636815,977.27,1.979875
47.0,-71.0,2026-10-09 23:27:19,10.235000000000014,53.19460468292237,18.098908852636818,1004.63,1.5545
47.0,-70.5,2026-10-09 23:27:19,10.077000000000055,81.14460468292236,29.636908852636815,1012.31,0.07625
47.0,-70.0,2026-10-09 23:27:19,7.990000000000009,61.244604682922365,13.616908852636815,965.69,0.471125
47.0,-67.5,2026-10-09 23:27:19,8.618000000000052,74.36751155853271,12.854764085859061,970.0,9.121
47.0,-67.0,2026-10-09 23:27:19,7.40500000000003,82.51751155853272,14.56476408585906,955.46,10.36075
47.0,-66.5,2026-10-09 23:27:19,9.474000000000046,72.66751155853272,14.24076408585906,967.13,3.801375
47.0,-66.0,2026-10-09 23:27:19,12.022000000000048,64.36751155853271,12.332764085859061,989.77,4.398375
47.0,-65.5,2026-10-09 23:27:19,13.423000000000002,63.792511558532716,14.18676408585906,1006.72,3.85475
47.0,-65.0,2026-10-09 23:27:19,13.453000000000031,63.417511558532716,13.89876408585906,1007.24,3.76125
47.0,-64.0,2026-10-09 23:27:19,12.098000000000013,72.41751155853272,30.962764085859064,1008.5,2.019875
47.0,-60.5,2026-10-09 23:27:19,12.361000000000047,75.51751155853272,33.06876408585906,990.64,3.1510000000000002
47.0,-56.0,2026-10-09 23:27:19,11.739000000000033,90.41751155853272,19.24476408585906,1008.97,9.18775
47.0,-55.5,2026-10-09 23:27:19,15.471000000000004,67.91751155853272,14.096764085859062,996.08,9.121
47.0,-55.0,2026-10-09 23:27:19,12.088000000000022,92.31751155853271,29.288764085859064,1008.14,11.37925
47.0,-54.0,2026-10-09 23:27:19,11.900000000000034,98.29251155853272,14.56476408585906,984.8,0.124
47.0,-53.5,2026-10-09 23:27:19,13.06800000000004,99.39251155853272,17.04876408585906,992.72,0.022875
47.0,-53.0,2026-10-09 23:27:19,15.38900000000001,93.81751155853271,24.01476408585906,996.53,0.01525
47.5,-86.5,2026-10-09 23:27:19,10.911000000000001,63.29460468292237,12.482908852636815,1001.16,0.23650000000000002
47.5,-86.0,2026-10-09 23:27:19,10.422000000000025,66.59460468292237,8.378908852636814,1001.13,0.959375
47.5,-85.5,2026-10-09 23:27:19,9.55600000000004,71.04460468292237,7.298908852636814,1001.13,2.0065
47.5,-85.0,2026-10-09 23:27:19,9.664000000000044,65.96960468292237,12.302908852636815,1000.99,4.46325
47.5,-84.5,2026-10-09 23:27:19,10.041000000000054,58.344604682922366,7.874908852636815,972.86,3.408375
47.5,-84.0,2026-10-09 23:27:19,8.883000000000038,60.26960468292236,13.346908852636815,968.67,2.077125
47.5,-83.5,2026-10-09 23:27:19,8.078000000000031,65.24460468292237,8.918908852636815,961.33,1.602125
47.5,-83.0,2026-10-09 23:27:19,8.099000000000046,62.869604682922365,9.098908852636814,967.61,0.461625
47.5,-82.5,2026-10-09 23:27:19,7.846000000000004,61.54460468292237,10.520908852636815,968.85,1.119625
47.5,-82.0,2026-10-09 23:27:19,6.976000000000056,65.06960468292236,13.526908852636815,971.81,0.541625
47.5,-81.5,2026-10-09 23:27:19,6.899000000000001,64.74460468292237,14.102908852636816,973.5,0.017125
47.5,-81.0,2026-10-09 23:27:19,6.663000000000011,64.41960468292237,13.814908852636815,974.16,0.474875
47.5,-80.5,2026-10-09 23:27:19,6.63900000000001,64.99460468292237,13.688908852636814,967.66,0.77625
47.5,-80.0,2026-10-09 23:27:19,7.799000000000035,59.494604682922365,13.958908852636815,982.92,3.292125
47.5,-79.5,2026-10-09 23:27:19,8.853000000000009,62.494604682922365,25.388908852636813,996.52,1.344625
47.5,-79.0,2026-10-09 23:27:19,8.168000000000006,60.14460468292236,17.252908852636814,984.91,0.631375
47.5,-78.5,2026-10-09 23:27:19,8.258000000000038,56.494604682922365,13.760908852636815,979.95,0.917375
47.5,-78.0,2026-10-09 23:27:19,8.102000000000032,57.119604682922365,12.734908852636813,976.45,0.28425
47.5,-77.5,2026-10-09 23:27:19,8.222000000000037,59.344604682922366,20.258908852636814,977.14,0.646625
47.5,-77.0,2026-10-09 23:27:19,7.552000000000021,65.19460468292236,24.218908852636815,974.94,1.689875
47.5,-76.5,2026-10-09 23:27:19,7.432000000000016,60.39460468292236,17.288908852636816,971.86,2.183875
47.5,-76.0,2026-10-09 23:27:19,6.731000000000051,62.19460468292237,13.904908852636815,965.69,4.6425
47.5,-75.5,2026-10-09 23:27:19,7.053000000000054,60.219604682922366,13.976908852636814,967.36,2.6855
47.5,-75.0,2026-10-09 23:27:19,6.7000000000000455,60.094604682922366,14.714908852636816,965.91,4.928625
47.5,-74.5,2026-10-09 23:27:19,6.230000000000018,60.16960468292237,16.766908852636817,958.47,3.789875
47.5,-74.0,2026-10-09 23:27:19,5.753000000000043,61.01960468292236,16.712908852636815,957.1,1.052875
47.5,-73.5,2026-10-09 23:27:19,6.103000000000009,58.844604682922366,15.200908852636815,963.27,0.763
47.5,-73.0,2026-10-09 23:27:19,7.143000000000029,56.219604682922366,13.580908852636815,975.77,0.62375
47.5,-72.5,2026-10-09 23:27:19,6.548000000000002,62.39460468292236,13.778908852636814,966.11,1.30075
47.5,-72.0,2026-10-09 23:27:19,4.731000000000051,66.91960468292237,13.454908852636814,949.36,4.425
47.5,-71.5,2026-10-09 23:27:19,2.493000000000052,73.84460468292237,14.570908852636816,925.2,9.925875
47.5,-71.0,2026-10-09 23:27:19,0.771000000000015,77.19460468292237,19.430908852636815,905.31,4.406
47.5,-70.5,2026-10-09 23:27:19,7.531000000000006,59.06960468292237,9.782908852636815,986.89,0.5397500000000001
47.5,-70.0,2026-10-09 23:27:19,9.684000000000026,59.69460468292237,23.300908852636816,1011.92,2.039
47.5,-69.5,2026-10-09 23:27:19,6.358000000000004,61.94460468292237,14.786908852636813,964.74,1.976
47.5,-69.0,2026-10-09 23:27:19,8.376000000000033,55.942511558532715,12.81876408585906,973.93,1.192125
47.5,-68.5,2026-10-09 23:27:19,6.209000000000003,75.19251155853271,11.108764085859061,981.52,4.392625
47.5,-68.0,2026-10-09 23:27:19,4.93100000000004,88.39251155853272,14.63676408585906,969.53,7.722875
47.5,-67.5,2026-10-09 23:27:19,8.206000000000017,84.81751155853271,14.70876408585906,980.32,7.991750000000001
47.5,-67.0,2026-10-09 23:27:19,8.774000000000001,71.61751155853271,12.944764085859061,975.41,5.437875
47.5,-66.5,2026-10-09 23:27:19,8.721000000000004,72.64251155853272,12.566764085859061,965.07,4.953375
47.5,-66.0,2026-10-09 23:27:19,10.746000000000038,63.84251155853272,13.71876408585906,975.68,1.855875
47.5,-65.5,2026-10-09 23:27:19,12.548000000000002,62.09251155853272,12.242764085859061,992.0,6.023375
47.5,-65.0,2026-10-09 23:27:19,13.426000000000045,65.49251155853271,12.710764085859061,1005.21,4.161875
47.5,-61.5,2026-10-09 23:27:19,12.198000000000036,78.36751155853273,32.92476408585907,1008.32,22.087125
47.5,-59.0,2026-10-09 23:27:19,11.916000000000054,87.59251155853272,25.68876408585906,1008.57,1.6536250000000001
47.5,-57.0,2026-10-09 23:27:19,11.52600000000001,88.01751155853272,26.49876408585906,1008.32,5.428375
47.5,-56.0,2026-10-09 23:27:19,13.16500000000002,79.49251155853273,26.48076408585906,1000.27,2.84
47.5,-55.5,2026-10-09 23:27:19,13.202000000000055,78.79251155853272,20.01876408585906,993.16,17.023125
47.5,-55.0,2026-10-09 23:27:19,13.148000000000025,81.11751155853273,27.34476408585906,999.66,8.277875
47.5,-54.5,2026-10-09 23:27:19,15.219000000000051,72.34251155853272,23.09676408585906,1000.39,10.6945
47.5,-54.0,2026-10-09 23:27:19,12.498000000000047,94.26751155853272,29.39676408585906,1007.77,8.0605
47.5,-53.5,2026-10-09 23:27:19,13.928000000000054,96.91751155853272,14.960764085859063,1000.18,0.5836250000000001
47.5,-53.0,2026-10-09 23:27:19,14.928000000000054,92.06751155853271,18.99276408585906,1001.82,0.0
47.5,-52.5,2026-10-09 23:27:19,12.462000000000046,98.77585639953614,22.521968968212605,1006.69,0.0
48.0,-91.5,2026-10-09 23:27:19,14.80600000000004,60.54460468292237,7.478908852636814,968.89,0.032375
48.0,-90.5,2026-10-09 23:27:19,12.31800000000004,65.76960468292236,8.198908852636814,950.47,0.0
48.0,-90.0,2026-10-09 23:27:19,12.675000000000011,57.91960468292237,8.486908852636814,965.1,0.03625
48.0,-89.5,2026-10-09 23:27:19,8.965000000000032,80.84460468292237,5.912908852636814,999.81,0.141125
48.0,-87.5,2026-10-09 23:27:19,10.093000000000018,70.99460468292237,10.862908852636814,1000.88,1.40575
48.0,-87.0,2026-10-09 23:27:19,9.992000000000019,68.76960468292236,12.104908852636814,1000.92,0.017125
48.0,-86.5,2026-10-09 23:27:19,9.65100000000001,70.69460468292236,5.858908852636814,1000.89,0.408125
48.0,-86.0,2026-10-09 23:27:19,8.956000000000017,73.54460468292237,5.534908852636814,1000.86,0.28425
48.0,-85.5,2026-10-09 23:27:19,9.393000000000029,59.31960468292237,6.164908852636815,968.19,0.5760000000000001
48.0,-85.0,2026-10-09 23:27:19,10.023000000000025,65.46960468292237,7.424908852636815,982.31,0.02475
48.0,-84.5,2026-10-09 23:27:19,9.194000000000017,62.19460468292237,8.144908852636814,979.7,0.742
48.0,-84.0,2026-10-09 23:27:19,8.465000000000032,58.51960468292236,8.396908852636816,968.3,0.589375
48.0,-83.5,2026-10-09 23:27:19,7.835000000000036,59.844604682922366,9.854908852636814,964.56,0.320375
48.0,-83.0,2026-10-09 23:27:19,8.037000000000035,59.04460468292237,11.294908852636814,971.36,0.72675
48.0,-82.5,2026-10-09 23:27:19,7.424000000000035,61.719604682922366,18.836908852636814,973.17,0.988
48.0,-82.0,2026-10-09 23:27:19,7.099000000000046,60.469604682922366,12.302908852636815,973.0,3.376
48.0,-81.5,2026-10-09 23:27:19,7.220000000000027,61.844604682922366,12.356908852636813,977.24,2.718
48.0,-81.0,2026-10-09 23:27:19,5.954000000000008,58.79460468292237,14.210908852636814,971.75,0.45587500000000003
48.0,-80.5,2026-10-09 23:27:19,6.9010000000000105,53.494604682922365,14.354908852636814,978.42,0.1125
48.0,-80.0,2026-10-09 23:27:19,8.052000000000021,48.89460468292236,15.398908852636817,985.72,0.04575
48.0,-79.5,2026-10-09 23:27:19,7.5820000000000505,52.69460468292237,14.732908852636815,982.58,0.66
48.0,-79.0,2026-10-09 23:27:19,7.5260000000000105,52.39460468292236,14.642908852636813,981.52,0.5455
48.0,-78.5,2026-10-09 23:27:19,7.41900000000004,52.844604682922366,15.146908852636816,979.95,1.9455
48.0,-78.0,2026-10-09 23:27:19,7.2970000000000255,58.76960468292236,20.618908852636814,980.49,5.325375
48.0,-77.5,2026-10-09 23:27:19,6.213000000000022,62.01960468292236,14.642908852636813,977.0,8.283625
48.0,-77.0,2026-10-09 23:27:19,6.607000000000028,56.869604682922365,17.396908852636816,976.02,6.549875
48.0,-76.5,2026-10-09 23:27:19,5.629000000000019,58.39460468292236,14.498908852636813,965.72,6.471625
48.0,-76.0,2026-10-09 23:27:19,5.479000000000042,57.119604682922365,13.724908852636815,961.38,3.0536250000000003
48.0,-75.5,2026-10-09 23:27:19,5.116000000000042,59.19460468292237,13.976908852636814,963.19,1.6365
48.0,-75.0,2026-10-09 23:27:19,4.0330000000000155,63.06960468292237,16.190908852636817,954.61,1.9455
48.0,-74.5,2026-10-09 23:27:19,4.043000000000006,63.369604682922365,14.714908852636816,955.69,1.5545
48.0,-74.0,2026-10-09 23:27:19,4.705000000000041,62.64460468292236,14.858908852636816,959.31,2.916375
48.0,-73.5,2026-10-09 23:27:19,3.9320000000000164,65.79460468292237,14.570908852636816,957.64,3.84525
48.0,-73.0,2026-10-09 23:27:19,4.711000000000013,66.31960468292236,13.382908852636815,968.67,2.93925
48.0,-72.5,2026-10-09 23:27:19,4.106000000000051,63.66960468292237,13.544908852636814,965.8,2.7923750000000003
48.0,-72.0,2026-10-09 23:27:19,4.383000000000038,67.69460468292236,11.960908852636814,956.69,3.66975
48.0,-71.5,2026-10-09 23:27:19,2.5100000000000477,75.41960468292237,13.832908852636814,934.86,6.774875
48.0,-71.0,2026-10-09 23:27:19,2.3490000000000464,70.64460468292236,11.672908852636814,933.99,4.301125
48.0,-70.5,2026-10-09 23:27:19,3.1030000000000086,67.24460468292237,13.256908852636814,935.66,1.40575
48.0,-70.0,2026-10-09 23:27:19,6.448000000000036,53.844604682922366,11.780908852636815,972.24,2.05225
48.0,-69.5,2026-10-09 23:27:19,7.592000000000041,71.06960468292236,14.534908852636816,1011.92,5.6076250000000005
48.0,-69.0,2026-10-09 23:27:19,7.9500000000000455,58.417511558532716,16.778764085859063,984.52,2.391875
48.0,-68.5,2026-10-09 23:27:19,7.212000000000046,60.96751155853272,17.246764085859063,973.08,3.128
48.0,-68.0,2026-10-09 23:27:19,6.926000000000045,63.34251155853272,17.804764085859063,965.99,3.21775
48.0,-67.5,2026-10-09 23:27:19,4.501000000000033,73.51751155853272,17.138764085859062,952.27,7.9555
48.0,-67.0,2026-10-09 23:27:19,7.41700000000003,70.29251155853272,17.67876408585906,985.63,8.638375
48.0,-66.5,2026-10-09 23:27:19,10.442000000000007,67.21751155853272,19.046764085859063,998.44,6.4106250000000005
48.0,-66.0,2026-10-09 23:27:19,11.174000000000035,69.56751155853271,29.09076408585906,1008.14,6.534625
48.0,-65.5,2026-10-09 23:27:19,10.811000000000035,74.96751155853272,32.33076408585906,1007.97,6.958
48.0,-64.5,2026-10-09 23:27:19,11.625000000000057,71.31751155853271,33.87876408585906,1007.46,10.459875
48.0,-59.0,2026-10-09 23:27:19,11.31800000000004,77.76751155853272,14.24076408585906,975.0,5.6725
48.0,-58.5,2026-10-09 23:27:19,9.944000000000017,85.21751155853272,19.946764085859062,954.55,7.053375
48.0,-58.0,2026-10-09 23:27:19,10.962000000000046,80.49251155853273,21.18876408585906,952.28,9.719875
48.0,-57.5,2026-10-09 23:27:19,12.123000000000047,74.14251155853272,21.350764085859062,964.96,11.198
48.0,-57.0,2026-10-09 23:27:19,11.930000000000007,75.39251155853272,17.804764085859063,972.03,8.483875
48.0,-56.5,2026-10-09 23:27:19,12.869000000000028,72.99251155853271,23.72676408585906,975.0,6.908375
48.0,-56.0,2026-10-09 23:27:19,14.012,71.21751155853272,20.00076408585906,983.14,9.622625
48.0,-55.5,2026-10-09 23:27:19,13.843000000000018,77.36751155853273,21.76476408585906,982.25,7.110625
48.0,-55.0,2026-10-09 23:27:19,15.04200000000003,66.66751155853272,20.63076408585906,983.43,7.79725
48.0,-54.5,2026-10-09 23:27:19,15.16500000000002,68.66751155853272,21.24276408585906,981.25,7.835375
48.0,-54.0,2026-10-09 23:27:19,16.05400000000003,67.91751155853272,21.33276408585906,989.82,3.87
48.0,-53.5,2026-10-09 23:27:19,12.940000000000055,92.51751155853272,29.900764085859063,1006.74,3.10325
48.0,-53.0,2026-10-09 23:27:19,14.518000000000029,94.61751155853273,15.96876408585906,994.24,0.61225
48.5,-124.5,2026-10-09 23:27:19,11.593000000000018,79.36979522705079,31.647570357888938,1010.39,4.583375
48.5,-124.0,2026-10-09 23:27:19,8.663000000000011,81.11979522705079,9.327570357888938,930.77,6.559375
48.5,-123.5,2026-10-09 23:27:19,14.073000000000036,66.41979522705078,12.243570357888938,994.31,1.552625
48.5,-93.5,2026-10-09 23:27:19,13.214000000000055,63.744604682922365,7.208908852636815,976.19,0.0
48.5,-92.5,2026-10-09 23:27:19,13.024000000000001,68.61960468292237,6.8309088526368145,973.83,0.104875
48.5,-92.0,2026-10-09 23:27:19,12.02800000000002,70.06960468292236,6.0569088526368144,971.08,0.047625
48.5,-91.5,2026-10-09 23:27:19,10.378000000000043,81.94460468292237,8.342908852636814,973.3,0.042
48.5,-91.0,2026-10-09 23:27:19,12.236000000000047,71.54460468292237,4.634908852636815,967.3,0.967
48.5,-90.5,2026-10-09 23:27:19,12.316000000000031,65.74460468292237,6.092908852636815,963.99,1.691875
48.5,-90.0,2026-10-09 23:27:19,13.510000000000048,55.344604682922366,5.570908852636815,971.64,0.33375
48.5,-89.5,2026-10-09 23:27:19,11.640000000000043,59.344604682922366,5.876908852636815,972.06,0.234625
48.5,-89.0,2026-10-09 23:27:19,9.783000000000015,67.61960468292237,8.000908852636814,993.77,0.3605
48.5,-88.5,2026-10-09 23:27:19,9.774000000000001,76.61960468292237,12.806908852636814,996.78,0.141125
48.5,-88.0,2026-10-09 23:27:19,9.637,74.59460468292237,11.906908852636814,1000.49,0.083875
48.5,-87.5,2026-10-09 23:27:19,9.492000000000019,73.74460468292237,11.168908852636815,1000.52,0.14875
48.5,-87.0,2026-10-09 23:27:19,9.775000000000034,73.69460468292236,10.070908852636816,1000.42,0.77825
48.5,-86.5,2026-10-09 23:27:19,9.187000000000012,74.96960468292237,8.720908852636814,1000.49,0.013375
48.5,-86.0,2026-10-09 23:27:19,10.111000000000047,61.594604682922366,7.0649088526368145,983.38,1.129125
48.5,-85.5,2026-10-09 23:27:19,8.886000000000024,65.61960468292237,7.298908852636814,973.67,0.81825
48.5,-85.0,2026-10-09 23:27:19,7.816000000000031,67.84460468292237,7.424908852636815,969.83,0.383375
48.5,-84.5,2026-10-09 23:27:19,8.097000000000037,64.34460468292237,6.452908852636814,978.36,0.198375
48.5,-84.0,2026-10-09 23:27:19,7.5750000000000455,62.54460468292237,8.810908852636814,972.61,0.27275
48.5,-83.5,2026-10-09 23:27:19,8.348000000000013,57.31960468292237,10.106908852636813,979.11,1.546875
48.5,-83.0,2026-10-09 23:27:19,7.882000000000005,60.41960468292237,12.356908852636813,980.28,2.353625
48.5,-82.5,2026-10-09 23:27:19,7.479000000000042,61.094604682922366,11.906908852636814,980.6,1.113875
48.5,-82.0,2026-10-09 23:27:19,7.363000000000056,57.19460468292237,12.860908852636815,983.14,2.224
48.5,-81.5,2026-10-09 23:27:19,7.049000000000035,53.81960468292237,13.760908852636815,984.42,3.10325
48.5,-81.0,2026-10-09 23:27:19,6.869000000000028,62.869604682922365,24.380908852636814,986.24,1.2550000000000001
48.5,-80.5,2026-10-09 23:27:19,6.76400000000001,58.06960468292237,14.876908852636815,984.05,1.031875
48.5,-80.0,2026-10-09 23:27:19,6.112000000000023,59.469604682922366,14.912908852636814,978.08,0.789625
48.5,-79.5,2026-10-09 23:27:19,5.857000000000028,60.01960468292236,15.002908852636816,983.1,2.044625
48.5,-79.0,2026-10-09 23:27:19,5.216000000000008,61.44460468292237,16.352908852636816,977.77,6.319
48.5,-78.5,2026-10-09 23:27:19,5.203000000000031,61.344604682922366,15.902908852636815,976.39,7.68475
48.5,-78.0,2026-10-09 23:27:19,5.827000000000055,58.81960468292237,17.162908852636814,980.06,4.03975
48.5,-77.5,2026-10-09 23:27:19,5.708000000000027,58.469604682922366,16.640908852636816,977.17,2.664625
48.5,-77.0,2026-10-09 23:27:19,5.0190000000000055,61.16960468292237,14.786908852636813,972.75,1.819625
48.5,-76.5,2026-10-09 23:27:19,4.131000000000029,64.61960468292237,16.964908852636814,965.77,1.295125
48.5,-76.0,2026-10-09 23:27:19,4.3390000000000555,62.344604682922366,15.632908852636815,967.99,0.804875
48.5,-75.5,2026-10-09 23:27:19,4.147000000000048,62.29460468292237,16.244908852636815,966.83,0.358625
48.5,-75.0,2026-10-09 23:27:19,4.296000000000049,67.39460468292236,28.826908852636816,965.72,0.32425
48.5,-74.5,2026-10-09 23:27:19,3.9220000000000255,67.41960468292237,26.918908852636815,963.53,1.585
48.5,-74.0,2026-10-09 23:27:19,3.862000000000023,66.71960468292237,16.874908852636814,961.81,3.5915
48.5,-73.5,2026-10-09 23:27:19,2.775000000000034,64.61960468292237,19.808908852636815,945.25,3.498125
48.5,-73.0,2026-10-09 23:27:19,3.577000000000055,61.04460468292237,16.856908852636813,949.08,1.5945
48.5,-72.5,2026-10-09 23:27:19,5.682000000000016,53.94460468292237,12.770908852636815,971.88,0.23650000000000002
48.5,-72.0,2026-10-09 23:27:19,8.455000000000041,58.54460468292237,28.286908852636817,1001.14,0.33187500000000003
48.5,-71.5,2026-10-09 23:27:19,8.094000000000051,56.04460468292237,13.724908852636815,992.55,1.401875
48.5,-71.0,2026-10-09 23:27:19,6.293000000000006,76.71960468292237,8.252908852636816,991.27,3.322625
48.5,-70.5,2026-10-09 23:27:19,2.744000000000028,79.61960468292237,13.202908852636815,955.94,6.959875
48.5,-70.0,2026-10-09 23:27:19,4.138000000000034,69.36960468292237,12.050908852636814,961.44,1.865375
48.5,-69.5,2026-10-09 23:27:19,7.287000000000035,55.14460468292236,12.626908852636815,980.94,2.1725
48.5,-68.5,2026-10-09 23:27:19,6.7690000000000055,77.39460468292236,32.15690885263682,1010.28,0.26125
48.5,-68.0,2026-10-09 23:27:19,7.3180000000000405,56.91960468292237,17.630908852636814,980.92,0.06675
48.5,-67.5,2026-10-09 23:27:19,7.666000000000054,55.26751155853272,17.246764085859063,982.13,6.15125
48.5,-67.0,2026-10-09 23:27:19,4.888000000000034,71.19251155853271,17.85876408585906,962.8,12.174625
48.5,-66.5,2026-10-09 23:27:19,5.166000000000054,77.91751155853272,18.48876408585906,945.39,9.841875
48.5,-66.0,2026-10-09 23:27:19,7.507000000000005,72.54251155853272,13.520764085859062,965.69,6.156875
48.5,-65.5,2026-10-09 23:27:19,8.590000000000032,68.81751155853271,10.82076408585906,966.74,3.6735
48.5,-65.0,2026-10-09 23:27:19,9.600000000000023,68.56751155853271,12.87276408585906,959.57,3.698375
48.5,-64.5,2026-10-09 23:27:19,12.489000000000033,60.192511558532715,11.28876408585906,986.08,2.2411250000000003
48.5,-59.0,2026-10-09 23:27:19,11.825000000000045,87.86751155853273,23.708764085859062,1007.05,11.71875
48.5,-58.5,2026-10-09 23:27:19,11.785000000000025,85.19251155853271,24.71676408585906,1003.61,12.802125
48.5,-58.0,2026-10-09 23:27:19,9.279000000000053,91.26751155853272,14.00676408585906,968.53,6.1455
48.5,-57.5,2026-10-09 23:27:19,10.452000000000055,80.66751155853272,19.208764085859062,963.97,7.976500000000001
48.5,-57.0,2026-10-09 23:27:19,13.53000000000003,67.29251155853272,15.338764085859061,970.63,6.51175
48.5,-56.5,2026-10-09 23:27:19,11.941000000000031,68.94251155853271,18.77676408585906,967.93,3.3512500000000003
48.5,-56.0,2026-10-09 23:27:19,13.607000000000028,71.64251155853272,17.48076408585906,973.52,7.625625
48.5,-55.5,2026-10-09 23:27:19,15.41900000000004,65.94251155853271,15.82476408585906,987.83,3.9882500000000003
48.5,-55.0,2026-10-09 23:27:19,14.140000000000043,65.66751155853272,15.284764085859061,976.96,2.828625
48.5,-54.5,2026-10-09 23:27:19,16.253000000000043,64.61751155853271,17.516764085859062,984.71,2.46425
48.5,-54.0,2026-10-09 23:27:19,17.059000000000026,63.667511558532716,20.054764085859063,992.55,2.8725
48.5,-53.5,2026-10-09 23:27:19,17.234000000000037,65.54251155853272,22.448764085859064,997.49,0.3395
48.5,-53.0,2026-10-09 23:27:19,11.911000000000001,97.09251155853272,28.208764085859062,1006.18,1.859625
49.0,-125.5,2026-10-09 23:27:19,10.918000000000006,69.96979522705078,15.915570357888939,967.81,12.302375
49.0,-125.0,2026-10-09 23:27:19,13.208000000000027,66.99479522705079,16.293570357888935,992.31,5.477875
49.0,-124.5,2026-10-09 23:27:19,10.453000000000031,63.519795227050786,6.591570357888937,915.28,3.18525
49.0,-124.0,2026-10-09 23:27:19,10.210000000000036,62.31979522705078,5.889570357888937,927.32,1.36
49.0,-123.5,2026-10-09 23:27:19,13.450000000000045,62.96979522705078,31.82757035788894,1009.13,0.444375
49.0,-123.0,2026-10-09 23:27:19,13.19300000000004,64.36979522705079,36.59757035788894,1008.88,1.45525
49.0,-122.5,2026-10-09 23:27:19,14.387,57.74479522705079,14.997570357888938,1002.56,0.661875
49.0,-122.0,2026-10-09 23:27:19,5.237000000000023,83.36979522705079,11.091570357888937,897.03,1.243625
49.0,-121.5,2026-10-09 23:27:19,1.3140000000000214,94.24479522705079,14.349570357888938,817.63,0.358625
49.0,-121.0,2026-10-09 23:27:19,9.192000000000007,54.894795227050786,6.141570357888938,872.73,0.038125
49.0,-120.5,2026-10-09 23:27:19,6.591000000000008,52.644795227050786,10.497570357888936,825.78,0.089625
49.0,-120.0,2026-10-09 23:27:19,5.268000000000029,48.69124526977539,13.27127324706316,781.82,0.0095
49.0,-119.5,2026-10-09 23:27:19,16.449000000000012,65.1912452697754,10.40927324706316,938.53,0.0
49.0,-119.0,2026-10-09 23:27:19,14.859000000000037,52.71624526977539,12.875273247063161,879.22,0.0
49.0,-118.5,2026-10-09 23:27:19,19.241000000000042,37.416245269775395,9.72527324706316,921.32,0.0
49.0,-118.0,2026-10-09 23:27:19,12.04400000000004,67.7662452697754,5.53127324706316,877.92,0.0
49.0,-117.5,2026-10-09 23:27:19,10.852000000000032,70.61624526977539,3.17327324706316,875.75,0.0
49.0,-117.0,2026-10-09 23:27:19,7.066000000000031,74.6912452697754,8.951273247063162,809.07,0.0
49.0,-116.5,2026-10-09 23:27:19,15.965000000000032,64.61624526977539,8.141273247063161,939.27,0.0
49.0,-116.0,2026-10-09 23:27:19,10.91500000000002,57.21624526977539,13.199273247063159,830.72,0.0
49.0,-115.5,2026-10-09 23:27:19,11.44500000000005,52.74124526977539,18.18527324706316,821.8,0.0
49.0,-115.0,2026-10-09 23:27:19,12.952000000000055,47.016245269775396,13.61327324706316,828.82,0.0
49.0,-114.5,2026-10-09 23:27:19,16.525000000000034,31.691245269775393,11.02127324706316,834.47,0.0
49.0,-114.0,2026-10-09 23:27:19,11.664000000000044,47.891245269775396,24.52127324706316,788.42,0.0
49.0,-113.5,2026-10-09 23:27:19,17.59200000000004,36.51624526977539,15.233273247063162,841.11,0.0
49.0,-113.0,2026-10-09 23:27:19,19.576000000000022,30.24124526977539,30.443273247063164,851.92,0.0
49.0,-112.5,2026-10-09 23:27:19,20.730000000000018,26.516245269775393,29.52527324706316,860.96,0.0
49.0,-112.0,2026-10-09 23:27:19,20.624000000000024,29.266245269775393,30.227273247063163,877.61,0.0
49.0,-111.5,2026-10-09 23:27:19,21.509000000000015,23.016245269775393,30.821273247063157,870.42,0.0
49.0,-111.0,2026-10-09 23:27:19,21.773000000000025,25.441245269775393,25.547273247063163,878.33,0.0
49.0,-110.5,2026-10-09 23:27:19,24.170000000000016,20.816245269775393,20.38127324706316,898.58,0.0
49.0,-110.0,2026-10-09 23:27:19,21.536,21.100856399536134,21.045968968212605,901.31,0.0
49.0,-109.5,2026-10-09 23:27:19,21.486000000000047,22.350856399536134,20.469968968212605,900.19,0.0
49.0,-109.0,2026-10-09 23:27:19,20.30000000000001,25.625856399536133,20.775968968212602,894.22,0.0
49.0,-108.5,2026-10-09 23:27:19,22.312000000000012,24.325856399536136,21.243968968212606,895.78,0.0
49.0,-108.0,2026-10-09 23:27:19,20.65500000000003,30.525856399536135,13.773968968212605,904.3,0.0
49.0,-107.5,2026-10-09 23:27:19,17.975000000000023,35.62585639953613,16.545968968212605,907.08,0.0
49.0,-107.0,2026-10-09 23:27:19,15.985000000000014,57.200856399536136,13.665968968212605,906.53,0.0
49.0,-106.5,2026-10-09 23:27:19,20.28800000000001,29.700856399536136,18.183968968212604,895.47,0.0
49.0,-106.0,2026-10-09 23:27:19,19.017000000000053,42.67585639953614,16.185968968212606,901.3,0.0
49.0,-105.5,2026-10-09 23:27:19,16.33000000000004,51.77585639953614,16.527968968212605,910.19,0.0
49.0,-105.0,2026-10-09 23:27:19,17.368000000000052,46.850856399536134,14.421968968212605,917.31,0.0
49.0,-104.5,2026-10-09 23:27:19,18.223000000000013,33.55085639953614,21.387968968212608,920.53,0.0
49.0,-104.0,2026-10-09 23:27:19,18.84200000000004,33.40085639953613,22.053968968212605,924.7,0.0
49.0,-103.5,2026-10-09 23:27:19,19.055000000000007,37.00085639953613,24.303968968212605,931.05,0.0
49.0,-103.0,2026-10-09 23:27:19,19.119000000000028,50.600856399536134,19.335968968212605,935.47,0.0
49.0,-102.5,2026-10-09 23:27:19,19.762,44.825856399536136,18.759968968212604,934.49,0.001875
49.0,-102.0,2026-10-09 23:27:19,17.33200000000005,52.725856399536134,21.675968968212608,940.36,0.02675
49.0,-101.5,2026-10-09 23:27:19,16.626000000000033,52.15085639953614,24.519968968212606,946.88,0.038125
49.0,-101.0,2026-10-09 23:27:19,17.247000000000014,50.62585639953613,29.00196896821261,952.2,0.053375
49.0,-100.5,2026-10-09 23:27:19,15.545000000000016,53.700856399536136,24.537968968212606,928.89,0.0
49.0,-100.0,2026-10-09 23:27:19,15.211000000000013,54.50085639953613,30.261968968212607,925.49,0.0
49.0,-99.5,2026-10-09 23:27:19,18.412000000000035,41.65085639953614,33.14196896821261,947.45,0.0
49.0,-99.0,2026-10-09 23:27:19,18.339000000000055,41.55085639953614,34.05996896821261,952.25,0.04575
49.0,-98.5,2026-10-09 23:27:19,16.41300000000001,48.87585639953613,31.6299689682126,954.11,0.01525
49.0,-98.0,2026-10-09 23:27:19,15.349000000000046,56.725856399536134,26.481968968212605,972.86,0.0
49.0,-97.5,2026-10-09 23:27:19,16.749000000000024,45.325856399536136,28.569968968212606,981.25,0.0
49.0,-97.0,2026-10-09 23:27:19,18.513000000000034,36.00085639953613,26.445968968212604,981.58,0.0
49.0,-96.5,2026-10-09 23:27:19,17.966000000000008,41.075856399536136,19.065968968212605,976.03,0.0
49.0,-96.0,2026-10-09 23:27:19,17.097000000000037,48.975856399536134,14.637968968212606,974.88,0.0
49.0,-95.5,2026-10-09 23:27:19,14.797000000000025,59.27585639953614,11.811968968212604,974.69,0.0
49.0,-94.5,2026-10-09 23:27:19,11.608000000000004,71.09460468292237,18.818908852636813,978.24,0.0
49.0,-94.0,2026-10-09 23:27:19,11.397000000000048,68.31960468292236,7.442908852636815,974.72,0.007625
49.0,-93.5,2026-10-09 23:27:19,11.765000000000043,71.79460468292237,14.156908852636814,974.38,0.02475
49.0,-93.0,2026-10-09 23:27:19,10.745000000000005,74.91960468292237,6.812908852636815,968.75,0.051500000000000004
49.0,-92.5,2026-10-09 23:27:19,9.990000000000009,74.84460468292237,5.390908852636814,972.22,0.013375
49.0,-92.0,2026-10-09 23:27:19,11.047000000000025,74.59460468292237,11.816908852636814,966.95,0.61225
49.0,-91.5,2026-10-09 23:27:19,11.023000000000025,70.16960468292237,6.632908852636814,963.81,0.721
49.0,-91.0,2026-10-09 23:27:19,11.629000000000019,63.344604682922366,6.146908852636814,964.19,1.06625
49.0,-90.5,2026-10-09 23:27:19,11.287000000000035,64.91960468292237,7.928908852636814,963.31,0.47875
49.0,-90.0,2026-10-09 23:27:19,10.977000000000032,62.26960468292236,9.908908852636815,963.66,0.192625
49.0,-89.5,2026-10-09 23:27:19,10.725000000000023,59.744604682922365,7.586908852636815,965.24,0.021
49.0,-89.0,2026-10-09 23:27:19,10.842000000000041,58.26960468292236,6.146908852636814,967.39,0.55125
49.0,-88.5,2026-10-09 23:27:19,11.051000000000045,60.994604682922365,3.8069088526368144,982.14,0.09725
49.0,-88.0,2026-10-09 23:27:19,9.032000000000039,71.16960468292237,4.760908852636814,982.0,0.183125
49.0,-87.5,2026-10-09 23:27:19,9.911000000000001,66.01960468292236,5.102908852636814,975.78,0.37575000000000003
49.0,-87.0,2026-10-09 23:27:19,9.925000000000011,65.81960468292236,7.262908852636814,974.92,0.043875000000000004
49.0,-86.5,2026-10-09 23:27:19,10.811000000000035,61.594604682922366,6.542908852636815,985.66,0.080125
49.0,-86.0,2026-10-09 23:27:19,9.463000000000022,69.69460468292236,7.9109088526368145,983.39,0.352875
49.0,-85.5,2026-10-09 23:27:19,8.52800000000002,71.71960468292237,6.452908852636814,976.81,0.24225
49.0,-85.0,2026-10-09 23:27:19,8.16700000000003,68.39460468292236,8.342908852636814,977.2,0.4005
49.0,-84.5,2026-10-09 23:27:19,8.298000000000002,62.76960468292236,9.188908852636814,980.75,1.9455
49.0,-84.0,2026-10-09 23:27:19,7.221000000000004,67.39460468292236,11.870908852636815,978.27,1.073875
49.0,-83.5,2026-10-09 23:27:19,7.646000000000015,62.19460468292237,10.808908852636815,985.92,1.913125
49.0,-83.0,2026-10-09 23:27:19,7.063000000000045,63.16960468292237,12.014908852636815,988.3,1.073875
49.0,-82.5,2026-10-09 23:27:19,6.879000000000019,60.14460468292236,13.112908852636814,986.44,1.8711250000000001
49.0,-82.0,2026-10-09 23:27:19,6.8910000000000196,60.219604682922366,13.346908852636815,987.56,3.931
49.0,-81.5,2026-10-09 23:27:19,6.648000000000025,60.244604682922365,13.832908852636814,987.49,4.262875
49.0,-81.0,2026-10-09 23:27:19,5.717000000000041,64.14460468292236,15.020908852636815,986.83,3.431375
49.0,-80.5,2026-10-09 23:27:19,5.298000000000002,64.24460468292237,16.244908852636815,983.89,2.628375
49.0,-80.0,2026-10-09 23:27:19,4.557000000000016,66.09460468292237,15.866908852636817,980.69,3.79375
49.0,-79.5,2026-10-09 23:27:19,4.564000000000021,62.31960468292237,15.776908852636815,979.69,2.821
49.0,-79.0,2026-10-09 23:27:19,4.8180000000000405,62.869604682922365,23.408908852636817,981.8,1.545
49.0,-78.5,2026-10-09 23:27:19,3.907000000000039,63.19460468292237,16.640908852636816,978.81,2.059875
49.0,-78.0,2026-10-09 23:27:19,4.16900000000004,63.14460468292236,15.830908852636814,981.0,3.4065
49.0,-77.5,2026-10-09 23:27:19,3.438000000000045,65.16960468292237,14.930908852636813,981.35,2.32125
49.0,-77.0,2026-10-09 23:27:19,4.02800000000002,64.29460468292237,14.570908852636816,981.45,1.4915
49.0,-76.5,2026-10-09 23:27:19,3.2730000000000246,68.11960468292237,14.678908852636816,968.47,1.979875
49.0,-76.0,2026-10-09 23:27:19,3.2030000000000314,71.04460468292237,15.722908852636817,965.77,1.232125
49.0,-75.5,2026-10-09 23:27:19,3.772000000000048,69.61960468292237,18.926908852636814,967.6,1.331375
49.0,-75.0,2026-10-09 23:27:19,2.4680000000000177,70.01960468292236,14.822908852636816,955.14,1.9893750000000001
49.0,-74.5,2026-10-09 23:27:19,2.428000000000054,70.79460468292237,13.976908852636814,959.47,1.571625
49.0,-74.0,2026-10-09 23:27:19,2.434000000000026,73.21960468292237,15.902908852636815,959.61,2.739
49.0,-73.5,2026-10-09 23:27:19,2.8220000000000027,79.91960468292237,20.870908852636816,959.14,3.7975
49.0,-73.0,2026-10-09 23:27:19,4.01400000000001,73.16960468292237,15.866908852636817,976.56,2.9125
49.0,-72.5,2026-10-09 23:27:19,5.465000000000032,65.79460468292237,13.724908852636815,989.47,0.65425
49.0,-72.0,2026-10-09 23:27:19,6.773000000000025,57.54460468292237,14.642908852636813,985.28,2.5635
49.0,-71.5,2026-10-09 23:27:19,5.5680000000000405,63.469604682922366,15.812908852636815,976.58,1.190125
49.0,-71.0,2026-10-09 23:27:19,4.100000000000023,68.64460468292236,16.118908852636814,961.28,2.07525
49.0,-70.5,2026-10-09 23:27:19,2.890000000000043,75.76960468292236,19.808908852636815,940.56,2.653125
49.0,-70.0,2026-10-09 23:27:19,2.5790000000000077,75.94460468292236,15.146908852636816,943.78,3.27875
49.0,-69.5,2026-10-09 23:27:19,4.614000000000033,63.469604682922366,14.300908852636814,959.36,1.60025
49.0,-69.0,2026-10-09 23:27:19,8.439000000000021,51.89460468292236,15.002908852636816,988.7,0.083875
49.0,-68.5,2026-10-09 23:27:19,7.718000000000018,65.64460468292236,26.288908852636816,1009.24,0.167875
49.0,-67.0,2026-10-09 23:27:19,6.880000000000052,69.41751155853272,45.956764085859064,1008.05,3.307375
49.0,-66.5,2026-10-09 23:27:19,7.640000000000043,60.21751155853272,16.25676408585906,979.08,9.519625
49.0,-66.0,2026-10-09 23:27:19,0.271000000000015,99.99251155853273,23.258764085859063,887.94,11.528
49.0,-65.5,2026-10-09 23:27:19,5.678000000000054,74.79251155853272,13.48476408585906,929.6,3.75175
49.0,-65.0,2026-10-09 23:27:19,7.76400000000001,68.89251155853272,13.25076408585906,946.35,1.81575
49.0,-64.5,2026-10-09 23:27:19,11.713000000000022,60.292511558532716,6.37476408585906,977.97,4.12375
49.0,-62.0,2026-10-09 23:27:19,10.185000000000002,88.59251155853272,23.49276408585906,1005.99,2.656875
49.0,-58.5,2026-10-09 23:27:19,10.497000000000014,89.36751155853273,22.23276408585906,1001.08,14.745750000000001
49.0,-58.0,2026-10-09 23:27:19,11.361000000000047,80.81751155853271,16.43676408585906,992.74,13.059625
49.0,-57.5,2026-10-09 23:27:19,9.90100000000001,86.41751155853272,14.816764085859063,966.94,7.389125
49.0,-57.0,2026-10-09 23:27:19,12.051000000000045,73.41751155853272,20.540764085859063,967.77,5.437875
49.0,-56.5,2026-10-09 23:27:19,13.88900000000001,65.16751155853272,17.67876408585906,973.91,5.34825
49.0,-56.0,2026-10-09 23:27:19,15.29600000000005,61.11751155853272,15.82476408585906,988.44,2.286875
49.0,-55.5,2026-10-09 23:27:19,16.621000000000038,60.942511558532715,20.19876408585906,999.02,2.277375
49.0,-55.0,2026-10-09 23:27:19,15.809000000000026,63.417511558532716,14.56476408585906,986.86,3.171875
49.0,-54.5,2026-10-09 23:27:19,15.600000000000023,67.34251155853272,14.960764085859063,992.94,1.01475
49.0,-54.0,2026-10-09 23:27:19,17.444000000000017,62.567511558532715,15.716764085859062,998.24,1.253125
49.0,-53.5,2026-10-09 23:27:19,13.095000000000027,79.71751155853272,26.91276408585906,1004.71,0.461625
49.5,-126.5,2026-10-09 23:27:19,11.635000000000048,65.66979522705078,15.267570357888939,984.85,19.409125
49.5,-126.0,2026-10-09 23:27:19,10.63900000000001,60.669795227050784,5.925570357888938,949.12,21.015125
49.5,-125.5,2026-10-09 23:27:19,4.607000000000028,68.99479522705079,12.891570357888936,860.46,13.72525
49.5,-125.0,2026-10-09 23:27:19,7.847000000000037,55.419795227050784,5.133570357888938,888.0,4.9725
49.5,-124.5,2026-10-09 23:27:19,13.394000000000005,62.34479522705078,35.64357035788894,1009.31,0.01525
49.5,-124.0,2026-10-09 23:27:19,12.824000000000012,66.74479522705079,38.01957035788894,1008.94,0.53025
49.5,-123.5,2026-10-09 23:27:19,12.777000000000044,54.06979522705078,10.983570357888938,979.77,4.314375
49.5,-123.0,2026-10-09 23:27:19,9.257000000000005,60.21979522705078,6.5555703578889375,903.19,2.5825
49.5,-122.5,2026-10-09 23:27:19,10.317000000000007,69.44479522705079,8.409570357888938,932.17,5.724
49.5,-122.0,2026-10-09 23:27:19,10.652000000000044,59.74479522705079,8.913570357888936,915.72,4.299125
49.5,-121.5,2026-10-09 23:27:19,8.235000000000014,77.01979522705079,8.931570357888939,904.02,1.598375
49.5,-121.0,2026-10-09 23:27:19,2.826000000000022,92.31979522705079,14.709570357888937,839.13,0.234625
49.5,-120.5,2026-10-09 23:27:19,13.91900000000004,39.56979522705078,13.251570357888937,913.88,0.00575
49.5,-120.0,2026-10-09 23:27:19,7.843000000000018,43.46624526977539,16.94327324706316,816.41,0.032375
49.5,-119.5,2026-10-09 23:27:19,9.851000000000056,77.24124526977539,2.65127324706316,878.85,0.0
49.5,-119.0,2026-10-09 23:27:19,12.27600000000001,70.2162452697754,9.47327324706316,875.17,0.0
49.5,-118.5,2026-10-09 23:27:19,11.30400000000003,76.16624526977539,9.923273247063161,861.3,0.0
49.5,-118.0,2026-10-09 23:27:19,10.42900000000003,66.86624526977539,7.18727324706316,835.42,0.0
49.5,-117.5,2026-10-09 23:27:19,12.597000000000037,65.49124526977539,5.00927324706316,884.24,0.0
49.5,-117.0,2026-10-09 23:27:19,5.079000000000008,80.4662452697754,10.391273247063161,786.78,0.0
49.5,-116.5,2026-10-09 23:27:19,5.3320000000000505,82.6912452697754,11.39927324706316,782.0,0.0
49.5,-116.0,2026-10-09 23:27:19,9.913000000000011,55.24124526977539,13.54127324706316,807.24,0.0
49.5,-115.5,2026-10-09 23:27:19,17.956000000000017,40.34124526977539,3.2632732470631605,908.13,0.0
49.5,-115.0,2026-10-09 23:27:19,14.382000000000005,41.46624526977539,15.73727324706316,837.22,0.0
49.5,-114.5,2026-10-09 23:27:19,13.732000000000028,35.14124526977539,22.01927324706316,811.53,0.0
49.5,-114.0,2026-10-09 23:27:19,19.716000000000008,29.141245269775393,26.285273247063163,864.85,0.0
49.5,-113.5,2026-10-09 23:27:19,20.402000000000044,26.91624526977539,23.459273247063162,866.32,0.0
49.5,-113.0,2026-10-09 23:27:19,21.610000000000014,33.26624526977539,26.015273247063163,885.99,0.0
49.5,-112.5,2026-10-09 23:27:19,23.05600000000004,27.16624526977539,21.02927324706316,890.58,0.0
49.5,-112.0,2026-10-09 23:27:19,21.14500000000004,36.71624526977539,21.15527324706316,890.71,0.0
49.5,-111.5,2026-10-09 23:27:19,22.253000000000043,32.06624526977539,24.61127324706316,898.77,0.0
49.5,-111.0,2026-10-09 23:27:19,22.041000000000054,34.041245269775395,25.06127324706316,900.41,0.0
49.5,-110.5,2026-10-09 23:27:19,21.387,27.36624526977539,27.34727324706316,872.6,0.0
49.5,-110.0,2026-10-09 23:27:19,15.964000000000055,33.77585639953613,13.377968968212604,866.17,0.0
49.5,-109.5,2026-10-09 23:27:19,16.647000000000048,31.225856399536134,14.709968968212605,881.8,0.0
49.5,-109.0,2026-10-09 23:27:19,17.908000000000015,28.975856399536134,20.289968968212605,883.25,0.0
49.5,-108.5,2026-10-09 23:27:19,18.68900000000002,26.625856399536133,22.953968968212607,886.11,0.0
49.5,-108.0,2026-10-09 23:27:19,17.94300000000004,35.325856399536136,22.287968968212606,892.56,0.0
49.5,-107.5,2026-10-09 23:27:19,15.43300000000005,49.02585639953614,23.259968968212604,903.08,0.0
49.5,-107.0,2026-10-09 23:27:19,16.936000000000035,51.700856399536136,22.089968968212606,907.74,0.0
49.5,-106.5,2026-10-09 23:27:19,19.295000000000016,39.62585639953613,22.575968968212607,910.06,0.0
49.5,-106.0,2026-10-09 23:27:19,19.049000000000035,50.15085639953614,17.139968968212603,910.5,0.0
49.5,-105.5,2026-10-09 23:27:19,16.785000000000025,52.450856399536136,15.249968968212606,912.74,0.0
49.5,-105.0,2026-10-09 23:27:19,18.075000000000045,37.700856399536136,20.487968968212606,915.99,0.0
49.5,-104.5,2026-10-09 23:27:19,17.414000000000044,43.475856399536134,20.667968968212605,922.22,0.0
49.5,-104.0,2026-10-09 23:27:19,17.51600000000002,44.42585639953614,20.829968968212604,931.41,0.0
49.5,-103.5,2026-10-09 23:27:19,16.55800000000005,48.12585639953613,20.667968968212605,933.7,0.0
49.5,-103.0,2026-10-09 23:27:19,15.272000000000048,58.02585639953614,18.921968968212607,933.17,0.01525
49.5,-102.5,2026-10-09 23:27:19,15.843000000000018,49.05085639953614,18.723968968212606,933.75,0.055375
49.5,-102.0,2026-10-09 23:27:19,15.334000000000003,50.27585639953614,20.433968968212604,933.63,0.0095
49.5,-101.5,2026-10-09 23:27:19,15.152000000000044,55.37585639953613,22.737968968212606,940.47,0.0
49.5,-101.0,2026-10-09 23:27:19,15.859000000000037,56.37585639953613,22.953968968212607,952.88,0.00575
49.5,-100.5,2026-10-09 23:27:19,18.572000000000003,46.87585639953613,19.353968968212605,954.36,0.028625
49.5,-100.0,2026-10-09 23:27:19,17.362000000000023,50.30085639953614,22.341968968212605,952.33,0.099125
49.5,-99.5,2026-10-09 23:27:19,16.899,49.575856399536136,28.947968968212606,958.42,0.049625
49.5,-99.0,2026-10-09 23:27:19,17.460000000000036,43.65085639953614,26.769968968212606,958.34,0.013375
49.5,-98.5,2026-10-09 23:27:19,16.279000000000053,46.52585639953614,28.119968968212607,955.34,0.0
49.5,-98.0,2026-10-09 23:27:19,15.608000000000004,50.30085639953614,27.813968968212603,977.92,0.173625
49.5,-97.5,2026-10-09 23:27:19,16.894000000000005,43.975856399536134,27.543968968212607,982.33,0.00575
49.5,-97.0,2026-10-09 23:27:19,18.01400000000001,44.55085639953614,21.531968968212606,983.13,0.0
49.5,-96.5,2026-10-09 23:27:19,14.801000000000045,54.87585639953613,17.949968968212605,978.64,0.0
49.5,-96.0,2026-10-09 23:27:19,12.990000000000009,58.77585639953614,10.965968968212605,975.3,0.0
49.5,-95.5,2026-10-09 23:27:19,11.299000000000035,71.40085639953614,9.723968968212604,974.44,0.0
49.5,-95.0,2026-10-09 23:27:19,12.362000000000023,76.46960468292237,21.446908852636817,977.75,0.0
49.5,-94.5,2026-10-09 23:27:19,11.297000000000025,75.11960468292237,18.494908852636815,977.58,0.0
49.5,-94.0,2026-10-09 23:27:19,10.281000000000006,79.69460468292237,6.578908852636815,975.08,0.02675
49.5,-93.5,2026-10-09 23:27:19,9.971000000000004,76.91960468292237,9.548908852636815,972.83,0.00575
49.5,-93.0,2026-10-09 23:27:19,10.20700000000005,74.19460468292236,8.828908852636815,972.77,0.001875
49.5,-92.5,2026-10-09 23:27:19,11.152000000000044,70.64460468292236,8.234908852636813,969.81,0.00575
49.5,-92.0,2026-10-09 23:27:19,11.630000000000052,67.24460468292237,8.378908852636814,965.64,0.12587500000000001
49.5,-91.5,2026-10-09 23:27:19,11.229000000000042,68.56960468292236,8.630908852636814,967.39,0.368125
49.5,-91.0,2026-10-09 23:27:19,10.629000000000019,66.49460468292237,7.244908852636814,965.28,0.274625
49.5,-90.5,2026-10-09 23:27:19,10.145000000000039,64.19460468292236,8.000908852636814,964.2,0.5397500000000001
49.5,-90.0,2026-10-09 23:27:19,10.773000000000025,59.744604682922365,9.116908852636815,965.36,0.0305
49.5,-89.5,2026-10-09 23:27:19,11.293000000000006,52.94460468292237,6.488908852636814,967.25,0.013375
49.5,-89.0,2026-10-09 23:27:19,11.833000000000027,58.29460468292237,6.614908852636815,987.41,0.019125
49.5,-88.5,2026-10-09 23:27:19,10.08200000000005,63.51960468292236,5.768908852636814,987.63,0.446375
49.5,-88.0,2026-10-09 23:27:19,9.635000000000048,65.44460468292236,7.0649088526368145,974.53,0.248
49.5,-87.5,2026-10-09 23:27:19,9.989000000000033,59.494604682922365,8.396908852636816,970.13,0.682875
49.5,-87.0,2026-10-09 23:27:19,9.27800000000002,63.64460468292236,8.720908852636814,972.58,0.656125
49.5,-86.5,2026-10-09 23:27:19,9.182000000000016,66.09460468292237,10.052908852636815,976.74,0.034375
49.5,-86.0,2026-10-09 23:27:19,8.567000000000007,73.89460468292236,8.432908852636814,979.58,0.192625
49.5,-85.5,2026-10-09 23:27:19,7.906000000000006,75.64460468292236,8.594908852636815,982.24,0.944125
49.5,-85.0,2026-10-09 23:27:19,7.803000000000054,69.74460468292237,9.962908852636813,982.78,0.682875
49.5,-84.5,2026-10-09 23:27:19,7.689000000000021,67.31960468292236,10.628908852636814,985.25,0.471125
49.5,-84.0,2026-10-09 23:27:19,7.777000000000044,61.66960468292237,10.664908852636815,987.24,1.377125
49.5,-83.5,2026-10-09 23:27:19,7.559000000000026,61.369604682922365,11.294908852636814,988.3,1.46675
49.5,-83.0,2026-10-09 23:27:19,7.286000000000001,61.41960468292237,11.492908852636814,991.25,2.164875
49.5,-82.5,2026-10-09 23:27:19,7.146000000000015,62.344604682922366,11.834908852636813,993.69,2.10575
49.5,-82.0,2026-10-09 23:27:19,6.775000000000034,62.01960468292236,12.914908852636815,992.13,2.492875
49.5,-81.5,2026-10-09 23:27:19,6.2520000000000095,62.19460468292237,13.688908852636814,991.16,3.68875
49.5,-81.0,2026-10-09 23:27:19,5.393000000000029,63.14460468292236,15.398908852636817,986.1,3.09375
49.5,-80.5,2026-10-09 23:27:19,5.414000000000044,59.119604682922365,15.722908852636817,984.83,3.334
49.5,-80.0,2026-10-09 23:27:19,4.52800000000002,61.79460468292237,16.154908852636815,982.45,2.885875
49.5,-79.5,2026-10-09 23:27:19,3.4890000000000327,67.34460468292237,15.866908852636817,985.6,1.998875
49.5,-79.0,2026-10-09 23:27:19,3.150000000000034,68.59460468292237,16.784908852636814,984.38,1.62125
49.5,-78.5,2026-10-09 23:27:19,3.0540000000000305,67.71960468292237,15.686908852636813,981.45,1.911125
49.5,-78.0,2026-10-09 23:27:19,3.174000000000035,68.94460468292236,13.202908852636815,984.02,1.361875
49.5,-77.5,2026-10-09 23:27:19,2.7940000000000396,76.11960468292237,13.400908852636814,982.58,1.1596250000000001
49.5,-77.0,2026-10-09 23:27:19,1.785000000000025,78.64460468292236,15.434908852636816,968.6,1.442
49.5,-76.5,2026-10-09 23:27:19,4.57000000000005,77.34460468292237,30.050908852636816,983.3,0.783875
49.5,-76.0,2026-10-09 23:27:19,2.751000000000033,79.41960468292237,17.342908852636814,977.36,2.2965
49.5,-75.5,2026-10-09 23:27:19,2.160000000000025,85.44460468292237,14.354908852636814,972.58,5.50275
49.5,-75.0,2026-10-09 23:27:19,3.4430000000000405,67.01960468292236,17.378908852636815,971.2,2.0695
49.5,-74.5,2026-10-09 23:27:19,3.4600000000000364,64.99460468292237,19.214908852636814,967.81,1.4935
49.5,-74.0,2026-10-09 23:27:19,3.087000000000046,65.64460468292236,18.242908852636813,963.31,2.758
49.5,-73.5,2026-10-09 23:27:19,3.6750000000000114,60.994604682922365,16.910908852636815,964.85,2.664625
49.5,-73.0,2026-10-09 23:27:19,2.9840000000000373,64.16960468292237,17.378908852636815,954.31,2.2716250000000002
49.5,-72.5,2026-10-09 23:27:19,5.770000000000039,58.219604682922366,14.354908852636814,970.94,1.052875
49.5,-72.0,2026-10-09 23:27:19,4.789000000000044,64.46960468292237,15.146908852636816,973.24,1.5602500000000001
49.5,-71.5,2026-10-09 23:27:19,3.4990000000000236,73.59460468292237,16.244908852636815,963.66,1.932125
49.5,-71.0,2026-10-09 23:27:19,3.844000000000051,69.64460468292236,18.674908852636815,957.69,5.853625
49.5,-70.5,2026-10-09 23:27:19,3.976000000000056,71.76960468292236,28.592908852636818,953.24,8.87675
49.5,-70.0,2026-10-09 23:27:19,4.358000000000004,72.81960468292236,27.584908852636815,951.3,4.283875
49.5,-69.5,2026-10-09 23:27:19,4.052000000000021,72.81960468292236,22.868908852636814,950.97,5.041125
49.5,-69.0,2026-10-09 23:27:19,5.230000000000018,71.96960468292237,22.670908852636813,963.11,4.650125
49.5,-68.5,2026-10-09 23:27:19,6.5160000000000196,63.719604682922366,14.876908852636815,962.05,5.420625
49.5,-68.0,2026-10-09 23:27:19,4.8320000000000505,73.26960468292236,14.858908852636816,966.33,7.968875000000001
49.5,-67.5,2026-10-09 23:27:19,7.219000000000051,70.19251155853271,15.140764085859061,975.66,4.577625
49.5,-63.5,2026-10-09 23:27:19,9.847000000000037,72.14251155853272,17.246764085859063,993.89,7.88875
49.5,-63.0,2026-10-09 23:27:19,9.934000000000026,69.01751155853272,22.196764085859062,982.74,7.33
49.5,-62.5,2026-10-09 23:27:19,11.532000000000039,62.89251155853272,15.770764085859062,990.77,3.007875
49.5,-58.0,2026-10-09 23:27:19,7.788000000000011,96.36751155853273,18.722764085859062,963.3,18.83125
49.5,-57.5,2026-10-09 23:27:19,7.912000000000035,88.56751155853271,18.34476408585906,943.02,20.851125
49.5,-57.0,2026-10-09 23:27:19,11.239000000000033,77.89251155853272,16.81476408585906,986.63,11.499375
49.5,-56.5,2026-10-09 23:27:19,12.426000000000045,74.11751155853271,19.64076408585906,981.8,5.12125
49.5,-56.0,2026-10-09 23:27:19,13.610000000000014,72.34251155853272,27.05676408585906,995.28,5.880375
49.5,-55.5,2026-10-09 23:27:19,13.059000000000026,75.69251155853271,23.18676408585906,1004.1,2.552
49.5,-55.0,2026-10-09 23:27:19,13.375000000000057,77.56751155853271,18.81276408585906,1004.0,0.837375
49.5,-54.5,2026-10-09 23:27:19,13.490000000000009,76.09251155853272,20.86476408585906,1004.21,1.06625
49.5,-54.0,2026-10-09 23:27:19,13.018000000000029,78.49251155853273,20.432764085859063,1004.25,0.7801250000000001
50.0,-127.5,2026-10-09 23:27:19,12.748000000000047,69.09479522705078,34.11357035788894,1012.68,11.205625
50.0,-127.0,2026-10-09 23:27:19,10.624000000000024,63.06979522705078,9.327570357888938,960.36,25.987625
50.0,-126.5,2026-10-09 23:27:19,6.781000000000006,65.61979522705079,7.4195703578889365,905.71,28.98025
50.0,-126.0,2026-10-09 23:27:19,7.6790000000000305,61.36979522705079,9.705570357888938,909.84,13.887375
50.0,-125.5,2026-10-09 23:27:19,12.371000000000038,55.49479522705079,14.925570357888937,979.27,1.998875
50.0,-125.0,2026-10-09 23:27:19,13.209000000000003,62.96979522705078,36.23757035788894,1009.38,3.32075
50.0,-124.5,2026-10-09 23:27:19,12.003000000000043,61.56979522705078,15.807570357888936,982.75,7.593125000000001
50.0,-124.0,2026-10-09 23:27:19,11.775000000000034,55.94479522705078,6.8615703578889375,968.88,6.471625
50.0,-123.5,2026-10-09 23:27:19,4.988000000000056,73.41979522705078,7.851570357888937,857.83,9.586375
50.0,-123.0,2026-10-09 23:27:19,3.0960000000000036,77.86979522705079,9.651570357888938,814.94,4.392625
50.0,-122.5,2026-10-09 23:27:19,15.204000000000008,64.06979522705079,5.6195703578889376,943.49,1.787125
50.0,-122.0,2026-10-09 23:27:19,7.716000000000008,68.84479522705078,6.753570357888937,853.15,1.289375
50.0,-121.5,2026-10-09 23:27:19,15.647000000000048,54.544795227050784,11.469570357888937,954.64,0.083875
50.0,-121.0,2026-10-09 23:27:19,10.92900000000003,57.394795227050786,13.845570357888937,888.16,0.05725
50.0,-120.5,2026-10-09 23:27:19,11.438000000000045,50.019795227050786,18.63357035788894,880.56,0.082
50.0,-120.0,2026-10-09 23:27:19,8.067000000000007,60.391245269775396,18.61727324706316,845.03,0.22125
50.0,-119.5,2026-10-09 23:27:19,15.836000000000013,40.291245269775395,7.889273247063161,917.8,0.001875
50.0,-119.0,2026-10-09 23:27:19,8.079000000000008,55.391245269775396,17.32127324706316,818.82,0.0
50.0,-118.5,2026-10-09 23:27:19,7.128000000000043,81.8412452697754,14.99927324706316,816.42,0.0
50.0,-118.0,2026-10-09 23:27:19,7.609000000000037,97.9162452697754,12.029273247063161,851.58,0.0
50.0,-117.5,2026-10-09 23:27:19,5.472000000000037,77.7662452697754,7.92527324706316,774.91,0.0
50.0,-117.0,2026-10-09 23:27:19,8.762,80.9412452697754,6.73727324706316,815.97,0.0
50.0,-116.5,2026-10-09 23:27:19,3.0790000000000077,94.4662452697754,11.03927324706316,766.44,0.0
50.0,-116.0,2026-10-09 23:27:19,7.216000000000008,66.11624526977539,13.61327324706316,788.36,0.0
50.0,-115.5,2026-10-09 23:27:19,12.242000000000019,49.19124526977539,11.09327324706316,821.44,0.0
50.0,-115.0,2026-10-09 23:27:19,9.758000000000038,48.96624526977539,14.099273247063161,782.89,0.0
50.0,-114.5,2026-10-09 23:27:19,12.293000000000006,42.09124526977539,21.13727324706316,798.86,0.0
50.0,-114.0,2026-10-09 23:27:19,16.65500000000003,36.59124526977539,21.17327324706316,848.41,0.0
50.0,-113.5,2026-10-09 23:27:19,20.211000000000013,32.74124526977539,25.47527324706316,881.02,0.0
50.0,-113.0,2026-10-09 23:27:19,20.01600000000002,43.391245269775396,23.83727324706316,882.8,0.00575
50.0,-112.5,2026-10-09 23:27:19,21.709000000000003,38.86624526977539,13.39727324706316,902.1,0.0
50.0,-112.0,2026-10-09 23:27:19,20.173000000000002,59.891245269775396,13.10927324706316,905.69,0.0
50.0,-111.5,2026-10-09 23:27:19,20.447000000000003,55.59124526977539,19.265273247063163,907.39,0.0
50.0,-111.0,2026-10-09 23:27:19,21.727000000000032,39.24124526977539,27.16727324706316,908.35,0.0
50.0,-110.5,2026-10-09 23:27:19,21.339000000000055,41.86624526977539,25.11527324706316,910.41,0.0
50.0,-110.0,2026-10-09 23:27:19,20.708000000000027,40.65085639953614,20.613968968212603,911.39,0.0
50.0,-109.5,2026-10-09 23:27:19,18.86700000000002,51.700856399536136,18.291968968212604,908.95,0.0
50.0,-109.0,2026-10-09 23:27:19,21.11500000000001,34.450856399536136,23.763968968212605,907.58,0.0
50.0,-108.5,2026-10-09 23:27:19,20.531000000000006,35.25085639953613,21.117968968212605,893.14,0.0
50.0,-108.0,2026-10-09 23:27:19,18.88100000000003,37.600856399536134,22.053968968212605,899.13,0.0
50.0,-107.5,2026-10-09 23:27:19,17.452000000000055,37.52585639953613,19.857968968212603,900.97,0.0
50.0,-107.0,2026-10-09 23:27:19,17.404000000000053,41.42585639953614,20.145968968212603,914.25,0.0
50.0,-106.5,2026-10-09 23:27:19,16.25600000000003,55.67585639953614,17.517968968212607,918.53,0.0
50.0,-106.0,2026-10-09 23:27:19,17.01800000000003,54.00085639953613,14.475968968212603,921.22,0.0
50.0,-105.5,2026-10-09 23:27:19,16.67900000000003,47.17585639953614,17.949968968212605,907.3,0.0
50.0,-105.0,2026-10-09 23:27:19,16.822000000000003,47.90085639953614,15.159968968212604,930.02,0.0
50.0,-104.5,2026-10-09 23:27:19,14.994000000000028,54.77585639953614,18.579968968212604,932.99,0.0
50.0,-104.0,2026-10-09 23:27:19,14.404000000000053,55.200856399536136,22.017968968212607,933.1,0.0
50.0,-103.5,2026-10-09 23:27:19,14.769000000000005,53.15085639953614,24.015968968212604,927.66,0.013375
50.0,-103.0,2026-10-09 23:27:19,14.673000000000002,49.90085639953614,28.155968968212605,924.86,0.0115
50.0,-102.5,2026-10-09 23:27:19,15.883000000000038,47.55085639953614,25.185968968212606,920.56,0.0
50.0,-102.0,2026-10-09 23:27:19,14.869000000000028,51.30085639953614,22.593968968212607,927.94,0.0
50.0,-101.5,2026-10-09 23:27:19,14.057000000000016,57.42585639953614,23.763968968212605,938.88,0.0
50.0,-101.0,2026-10-09 23:27:19,14.685000000000002,57.700856399536136,23.241968968212607,949.24,0.047625
50.0,-100.5,2026-10-09 23:27:19,15.168000000000006,56.05085639953614,20.973968968212606,953.1,0.07825
50.0,-100.0,2026-10-09 23:27:19,15.15300000000002,52.600856399536134,24.015968968212604,952.06,0.0
50.0,-99.5,2026-10-09 23:27:19,16.483000000000004,46.450856399536136,21.927968968212603,960.78,0.0
50.0,-99.0,2026-10-09 23:27:19,16.312000000000012,52.700856399536136,18.867968968212605,970.2,0.02475
50.0,-98.5,2026-10-09 23:27:19,13.738000000000056,60.62585639953613,27.471968968212604,977.66,0.0
50.0,-98.0,2026-10-09 23:27:19,13.057000000000016,60.77585639953614,24.537968968212606,979.84,0.001875
50.0,-97.5,2026-10-09 23:27:19,12.16900000000004,59.325856399536136,19.947968968212606,981.99,0.001875
50.0,-97.0,2026-10-09 23:27:19,12.40500000000003,61.725856399536134,18.381968968212608,984.47,0.0
50.0,-96.5,2026-10-09 23:27:19,11.201000000000022,66.62585639953613,17.049968968212607,982.81,0.0
50.0,-96.0,2026-10-09 23:27:19,10.135000000000048,76.37585639953613,13.017968968212605,981.28,0.0
50.0,-95.5,2026-10-09 23:27:19,11.128000000000043,77.37585639953613,16.43796896821261,977.27,0.0
50.0,-95.0,2026-10-09 23:27:19,10.846000000000004,83.06960468292237,10.520908852636815,974.25,0.0
50.0,-94.5,2026-10-09 23:27:19,10.301000000000045,79.01960468292236,9.782908852636815,975.7,0.0
50.0,-94.0,2026-10-09 23:27:19,10.102000000000032,74.79460468292237,11.762908852636814,967.94,0.0
50.0,-93.5,2026-10-09 23:27:19,10.629000000000019,76.74460468292237,9.530908852636815,975.38,0.0
50.0,-93.0,2026-10-09 23:27:19,9.91500000000002,75.81960468292236,8.540908852636814,970.72,0.0
50.0,-92.5,2026-10-09 23:27:19,11.04200000000003,66.09460468292237,9.332908852636814,969.02,0.0
50.0,-92.0,2026-10-09 23:27:19,10.871000000000038,67.26960468292236,13.778908852636814,974.1,0.0
50.0,-91.5,2026-10-09 23:27:19,10.824000000000012,65.31960468292236,10.448908852636814,969.02,0.0115
50.0,-91.0,2026-10-09 23:27:19,9.845000000000027,66.39460468292236,9.044908852636814,967.13,0.0095
50.0,-90.5,2026-10-09 23:27:19,10.084000000000003,61.594604682922366,9.728908852636813,967.27,0.003875
50.0,-90.0,2026-10-09 23:27:19,9.980000000000018,60.344604682922366,8.144908852636814,964.6,0.007625
50.0,-89.5,2026-10-09 23:27:19,10.428000000000054,60.19460468292237,6.812908852636815,971.72,0.391
50.0,-89.0,2026-10-09 23:27:19,10.235000000000014,67.11960468292237,5.336908852636814,978.42,0.650375
50.0,-88.5,2026-10-09 23:27:19,8.642000000000053,75.89460468292236,13.688908852636814,989.49,0.383375
50.0,-88.0,2026-10-09 23:27:19,10.027000000000044,62.744604682922365,10.538908852636814,987.31,0.238375
50.0,-87.5,2026-10-09 23:27:19,9.087000000000046,70.31960468292236,10.106908852636813,980.05,0.074375
50.0,-87.0,2026-10-09 23:27:19,9.494000000000028,59.969604682922366,10.664908852636815,979.77,0.141125
50.0,-86.5,2026-10-09 23:27:19,8.80600000000004,70.91960468292237,8.918908852636815,983.1,0.516875
50.0,-86.0,2026-10-09 23:27:19,7.690000000000055,77.06960468292237,10.808908852636815,986.38,0.856375
50.0,-85.5,2026-10-09 23:27:19,8.26600000000002,73.54460468292237,9.764908852636815,992.38,1.062375
50.0,-85.0,2026-10-09 23:27:19,8.886000000000024,67.61960468292237,9.584908852636813,998.94,0.7515000000000001
50.0,-84.5,2026-10-09 23:27:19,8.910000000000025,62.79460468292237,9.008908852636814,1003.92,1.316125
50.0,-84.0,2026-10-09 23:27:19,7.991000000000042,62.16960468292237,10.106908852636813,1000.0,0.49025
50.0,-83.5,2026-10-09 23:27:19,7.40300000000002,64.64460468292236,10.880908852636814,993.56,0.3795
50.0,-83.0,2026-10-09 23:27:19,7.176000000000045,64.69460468292236,11.168908852636815,995.5,0.532125
50.0,-82.5,2026-10-09 23:27:19,6.821000000000026,62.94460468292237,10.358908852636816,996.19,0.9460000000000001
50.0,-82.0,2026-10-09 23:27:19,6.362000000000023,62.619604682922365,11.168908852636815,995.67,1.688
50.0,-81.5,2026-10-09 23:27:19,6.05600000000004,59.54460468292237,13.580908852636815,994.31,2.216375
50.0,-81.0,2026-10-09 23:27:19,5.112000000000023,62.14460468292236,15.056908852636814,990.1,2.859125
50.0,-80.5,2026-10-09 23:27:19,3.3490000000000464,69.04460468292237,15.092908852636814,984.38,2.6321250000000003
50.0,-80.0,2026-10-09 23:27:19,2.605000000000018,72.41960468292237,16.586908852636814,979.63,2.04275
50.0,-79.5,2026-10-09 23:27:19,2.5780000000000314,73.69460468292236,16.820908852636816,985.36,0.9898750000000001
50.0,-79.0,2026-10-09 23:27:19,2.899000000000001,73.59460468292237,15.830908852636814,987.14,1.173
50.0,-78.5,2026-10-09 23:27:19,2.6660000000000537,70.24460468292237,15.254908852636817,980.72,2.142
50.0,-78.0,2026-10-09 23:27:19,3.6000000000000227,66.21960468292237,17.576908852636816,984.49,2.73325
50.0,-77.5,2026-10-09 23:27:19,3.633000000000038,70.56960468292236,25.298908852636817,983.64,3.6048750000000003
50.0,-77.0,2026-10-09 23:27:19,3.344000000000051,66.56960468292236,16.352908852636816,981.49,4.04925
50.0,-76.5,2026-10-09 23:27:19,3.170000000000016,69.06960468292236,17.378908852636815,980.52,4.032125
50.0,-76.0,2026-10-09 23:27:19,3.2000000000000455,69.49460468292237,15.290908852636816,974.41,7.18875
50.0,-75.5,2026-10-09 23:27:19,3.744000000000028,67.61960468292237,19.646908852636816,971.3,6.1245
50.0,-75.0,2026-10-09 23:27:19,2.7970000000000255,70.74460468292237,16.262908852636816,968.81,4.499375
50.0,-74.5,2026-10-09 23:27:19,2.5880000000000223,77.09460468292237,21.014908852636815,968.5,3.37025
50.0,-74.0,2026-10-09 23:27:19,2.0640000000000214,75.86960468292237,17.216908852636816,960.39,4.7855
50.0,-73.5,2026-10-09 23:27:19,2.618000000000052,72.36960468292237,19.016908852636817,960.89,3.383625
50.0,-73.0,2026-10-09 23:27:19,2.6370000000000005,71.14460468292236,17.216908852636816,958.13,2.17625
50.0,-72.5,2026-10-09 23:27:19,2.8080000000000496,72.44460468292236,17.594908852636813,947.36,2.801875
50.0,-72.0,2026-10-09 23:27:19,3.472000000000037,67.31960468292236,15.668908852636815,957.42,0.738125
50.0,-71.5,2026-10-09 23:27:19,1.7840000000000487,78.01960468292236,15.398908852636817,945.19,0.721
50.0,-71.0,2026-10-09 23:27:19,3.1310000000000286,76.74460468292237,13.616908852636815,958.77,0.749625
50.0,-70.5,2026-10-09 23:27:19,2.906000000000006,82.79460468292237,15.452908852636815,952.42,5.2815
50.0,-70.0,2026-10-09 23:27:19,4.1650000000000205,74.24460468292237,19.106908852636813,953.61,3.383625
50.0,-69.5,2026-10-09 23:27:19,4.360000000000014,72.01960468292236,20.546908852636815,949.41,5.102125
50.0,-69.0,2026-10-09 23:27:19,6.271000000000015,62.79460468292237,27.116908852636815,961.53,4.201875
50.0,-68.5,2026-10-09 23:27:19,4.833000000000027,71.99460468292237,12.824908852636815,962.1,4.673
50.0,-68.0,2026-10-09 23:27:19,4.1370000000000005,82.56960468292237,12.626908852636815,967.61,3.02125
50.0,-67.5,2026-10-09 23:27:19,3.5470000000000255,88.06751155853271,17.516764085859062,945.69,5.83075
50.0,-67.0,2026-10-09 23:27:19,9.643000000000029,62.61751155853272,14.114764085859061,987.68,3.45425
50.0,-64.0,2026-10-09 23:27:19,7.468000000000018,88.31751155853271,29.09076408585906,1004.85,5.083125
50.0,-57.5,2026-10-09 23:27:19,7.0400000000000205,98.96751155853272,17.73276408585906,967.8,36.951125
50.0,-57.0,2026-10-09 23:27:19,8.595000000000027,83.69251155853271,19.388764085859062,956.41,12.66675
50.0,-56.5,2026-10-09 23:27:19,11.928000000000054,77.26751155853272,25.472764085859062,1003.91,4.562375
50.0,-56.0,2026-10-09 23:27:19,12.54200000000003,71.44251155853271,28.784764085859063,986.21,4.4765
50.0,-55.5,2026-10-09 23:27:19,12.909000000000049,74.34251155853272,21.854764085859063,996.93,2.883875
50.5,-128.0,2026-10-09 23:27:19,11.282000000000039,70.36979522705079,15.267570357888939,999.53,17.887125
50.5,-127.5,2026-10-09 23:27:19,9.460000000000036,75.79479522705078,11.181570357888939,978.35,18.730125
50.5,-127.0,2026-10-09 23:27:19,10.357000000000028,74.49479522705079,18.669570357888936,980.0,21.0895
50.5,-126.5,2026-10-09 23:27:19,11.352000000000032,74.94479522705079,28.28157035788894,1011.88,12.24325
50.5,-126.0,2026-10-09 23:27:19,10.192000000000007,77.84479522705078,21.27957035788894,994.72,9.599625
50.5,-125.5,2026-10-09 23:27:19,10.462000000000046,67.06979522705079,15.303570357888939,967.33,6.031
50.5,-125.0,2026-10-09 23:27:19,11.899000000000001,60.269795227050786,12.063570357888937,978.18,10.81275
50.5,-124.5,2026-10-09 23:27:19,6.38900000000001,66.81979522705079,6.231570357888937,871.77,24.562875000000002
50.5,-124.0,2026-10-09 23:27:19,1.8290000000000077,85.56979522705079,7.185570357888937,827.54,21.793375
50.5,-123.5,2026-10-09 23:27:19,4.590000000000032,78.84479522705078,8.229570357888937,835.71,16.70075
50.5,-123.0,2026-10-09 23:27:19,13.926000000000045,72.59479522705078,0.147570357888937,948.07,4.226625
50.5,-122.5,2026-10-09 23:27:19,10.324000000000012,61.96979522705078,6.285570357888938,869.86,3.4293750000000003
50.5,-122.0,2026-10-09 23:27:19,0.9480000000000359,77.59479522705078,8.643570357888938,772.63,0.9480000000000001
50.5,-121.5,2026-10-09 23:27:19,10.970000000000027,49.169795227050784,5.223570357888937,847.77,0.00575
50.5,-121.0,2026-10-09 23:27:19,8.427000000000021,75.34479522705078,9.021570357888939,854.68,0.0
50.5,-120.5,2026-10-09 23:27:19,5.175000000000011,93.51979522705079,9.039570357888937,852.29,0.0
50.5,-120.0,2026-10-09 23:27:19,1.94500000000005,99.7162452697754,8.375273247063161,836.13,0.0115
50.5,-119.5,2026-10-09 23:27:19,4.454000000000008,98.74124526977539,11.03927324706316,864.8,0.0
50.5,-119.0,2026-10-09 23:27:19,7.04200000000003,92.5662452697754,6.77327324706316,900.5,0.0
50.5,-118.5,2026-10-09 23:27:19,4.898000000000025,89.0412452697754,9.36527324706316,861.1,0.0
50.5,-118.0,2026-10-09 23:27:19,13.365000000000009,80.2912452697754,9.311273247063161,880.91,0.0
50.5,-117.5,2026-10-09 23:27:19,4.743000000000052,93.5162452697754,12.875273247063161,787.0,0.0
50.5,-117.0,2026-10-09 23:27:19,8.583000000000027,96.0412452697754,5.18927324706316,850.19,0.0
50.5,-116.5,2026-10-09 23:27:19,3.233000000000004,87.1912452697754,11.54327324706316,757.08,0.0
50.5,-116.0,2026-10-09 23:27:19,13.198000000000036,70.4662452697754,7.49327324706316,889.44,0.0
50.5,-115.5,2026-10-09 23:27:19,6.90300000000002,76.86624526977539,10.55327324706316,800.46,0.0
50.5,-115.0,2026-10-09 23:27:19,8.352000000000032,64.8162452697754,12.13727324706316,786.42,0.0
50.5,-114.5,2026-10-09 23:27:19,13.860000000000014,47.016245269775396,23.15327324706316,828.61,0.0
50.5,-114.0,2026-10-09 23:27:19,18.01600000000002,47.141245269775396,15.17927324706316,867.86,0.0
50.5,-113.5,2026-10-09 23:27:19,19.108000000000004,55.11624526977539,8.50127324706316,883.02,0.0
50.5,-113.0,2026-10-09 23:27:19,21.235000000000014,32.89124526977539,21.46127324706316,887.94,0.0
50.5,-112.5,2026-10-09 23:27:19,20.35300000000001,39.141245269775396,25.78127324706316,897.58,0.0
50.5,-112.0,2026-10-09 23:27:19,18.26800000000003,53.06624526977539,28.427273247063162,904.78,0.0
50.5,-111.5,2026-10-09 23:27:19,19.789000000000044,41.74124526977539,27.76127324706316,908.11,0.0
50.5,-111.0,2026-10-09 23:27:19,18.20300000000003,55.291245269775395,24.55727324706316,905.27,0.0
50.5,-110.5,2026-10-09 23:27:19,20.998000000000047,42.44124526977539,24.07127324706316,915.66,0.0
50.5,-110.0,2026-10-09 23:27:19,20.67500000000001,34.05085639953614,21.675968968212608,909.11,0.0
50.5,-109.5,2026-10-09 23:27:19,21.105000000000018,30.050856399536134,17.355968968212608,912.84,0.0
50.5,-109.0,2026-10-09 23:27:19,19.999000000000024,41.40085639953614,16.905968968212605,912.52,0.0
50.5,-108.5,2026-10-09 23:27:19,22.59200000000004,29.925856399536134,17.625968968212604,917.49,0.0
50.5,-108.0,2026-10-09 23:27:19,18.995000000000005,46.92585639953614,16.401968968212604,912.3,0.0
50.5,-107.5,2026-10-09 23:27:19,18.077000000000055,47.200856399536136,18.993968968212606,909.19,0.0
50.5,-107.0,2026-10-09 23:27:19,16.309000000000026,49.67585639953614,18.543968968212607,913.27,0.0
50.5,-106.5,2026-10-09 23:27:19,13.998000000000047,59.92585639953614,19.821968968212605,915.83,0.0
50.5,-106.0,2026-10-09 23:27:19,16.29000000000002,46.15085639953614,13.953968968212605,930.1,0.0
50.5,-105.5,2026-10-09 23:27:19,13.088000000000022,64.57585639953614,14.961968968212606,930.58,0.003875
50.5,-105.0,2026-10-09 23:27:19,13.038000000000011,59.92585639953614,18.489968968212604,933.3,0.0
50.5,-104.5,2026-10-09 23:27:19,12.970000000000027,59.12585639953613,21.927968968212603,930.89,0.003875
50.5,-104.0,2026-10-09 23:27:19,13.638000000000034,53.27585639953614,23.709968968212607,921.47,0.0
50.5,-103.5,2026-10-09 23:27:19,15.56800000000004,46.350856399536134,19.911968968212605,931.77,0.001875
50.5,-103.0,2026-10-09 23:27:19,16.463000000000022,51.325856399536136,15.195968968212604,933.14,0.051500000000000004
50.5,-102.5,2026-10-09 23:27:19,14.188000000000045,53.80085639953614,14.529968968212605,936.74,0.049625
50.5,-102.0,2026-10-09 23:27:19,12.965000000000032,57.27585639953614,17.049968968212607,938.17,0.141125
50.5,-101.5,2026-10-09 23:27:19,14.132000000000005,53.475856399536134,22.665968968212606,949.61,0.03625
50.5,-101.0,2026-10-09 23:27:19,12.987000000000023,60.475856399536134,24.519968968212606,942.63,0.0305
50.5,-100.5,2026-10-09 23:27:19,13.865000000000009,50.600856399536134,24.015968968212604,939.24,0.007625
50.5,-100.0,2026-10-09 23:27:19,11.196000000000026,58.75085639953613,27.97596896821261,934.2,0.0095
50.5,-99.5,2026-10-09 23:27:19,11.623000000000047,62.17585639953614,14.565968968212605,955.91,0.017125
50.5,-99.0,2026-10-09 23:27:19,12.336000000000013,73.55085639953613,24.303968968212605,975.74,0.017125
50.5,-98.5,2026-10-09 23:27:19,11.970000000000027,75.52585639953614,40.34196896821261,979.7,0.0
50.5,-98.0,2026-10-09 23:27:19,10.074000000000012,79.05085639953614,24.861968968212608,980.52,0.0
50.5,-97.5,2026-10-09 23:27:19,9.821000000000026,73.85085639953614,17.823968968212608,978.66,0.0
50.5,-97.0,2026-10-09 23:27:19,11.126000000000033,73.97585639953614,14.961968968212606,985.14,0.152625
50.5,-96.5,2026-10-09 23:27:19,10.168000000000006,78.50085639953613,10.443968968212605,983.0,0.0115
50.5,-96.0,2026-10-09 23:27:19,9.850000000000023,89.87585639953613,9.633968968212605,984.64,0.0115
50.5,-95.5,2026-10-09 23:27:19,10.118000000000052,91.97585639953614,9.201968968212606,977.55,0.001875
50.5,-95.0,2026-10-09 23:27:19,10.735000000000014,80.76960468292236,10.286908852636815,972.27,0.0
50.5,-94.5,2026-10-09 23:27:19,10.261000000000024,76.31960468292236,8.594908852636815,970.86,0.0
50.5,-94.0,2026-10-09 23:27:19,10.04600000000005,77.34460468292237,10.160908852636814,969.72,0.0095
50.5,-93.5,2026-10-09 23:27:19,10.16500000000002,74.44460468292236,12.914908852636815,973.92,0.0
50.5,-93.0,2026-10-09 23:27:19,11.337000000000046,68.11960468292237,14.210908852636814,973.49,0.0
50.5,-92.5,2026-10-09 23:27:19,11.356000000000051,69.64460468292236,8.954908852636814,970.78,0.001875
50.5,-92.0,2026-10-09 23:27:19,9.827000000000055,75.44460468292236,15.578908852636816,974.58,0.001875
50.5,-91.5,2026-10-09 23:27:19,9.092000000000041,69.21960468292237,8.774908852636814,969.06,0.007625
50.5,-91.0,2026-10-09 23:27:19,9.117000000000019,67.11960468292237,9.530908852636815,970.99,0.00575
50.5,-90.5,2026-10-09 23:27:19,10.430000000000007,61.369604682922365,8.738908852636815,969.0,0.10300000000000001
50.5,-90.0,2026-10-09 23:27:19,10.233000000000004,62.19460468292237,9.062908852636815,971.5,1.756625
50.5,-89.5,2026-10-09 23:27:19,10.222000000000037,68.66960468292237,8.306908852636814,976.25,0.36625
50.5,-89.0,2026-10-09 23:27:19,8.02800000000002,76.66960468292237,9.494908852636815,975.44,0.2575
50.5,-88.5,2026-10-09 23:27:19,9.281000000000006,68.81960468292236,7.0649088526368145,976.66,0.526375
50.5,-88.0,2026-10-09 23:27:19,10.149000000000001,59.66960468292237,8.630908852636814,979.25,0.2175
50.5,-87.5,2026-10-09 23:27:19,9.75200000000001,63.16960468292237,8.630908852636814,981.13,0.39287500000000003
50.5,-87.0,2026-10-09 23:27:19,8.610000000000014,67.39460468292236,10.772908852636814,982.33,0.31475000000000003
50.5,-86.5,2026-10-09 23:27:19,7.768000000000029,72.79460468292237,8.810908852636814,983.61,0.686625
50.5,-86.0,2026-10-09 23:27:19,7.716000000000008,76.44460468292236,10.682908852636814,992.31,1.728
50.5,-85.5,2026-10-09 23:27:19,8.78000000000003,70.89460468292236,9.548908852636815,997.3,1.08725
50.5,-85.0,2026-10-09 23:27:19,8.793000000000006,62.219604682922366,9.584908852636813,999.13,0.1335
50.5,-84.5,2026-10-09 23:27:19,8.985000000000014,60.41960468292237,8.594908852636815,1007.83,0.60275
50.5,-84.0,2026-10-09 23:27:19,8.089000000000055,65.31960468292236,10.070908852636816,1005.16,0.43675
50.5,-83.5,2026-10-09 23:27:19,7.282000000000039,66.46960468292237,12.014908852636815,999.53,0.919375
50.5,-83.0,2026-10-09 23:27:19,7.0260000000000105,60.91960468292237,12.626908852636815,996.91,1.201625
50.5,-82.5,2026-10-09 23:27:19,7.257000000000005,60.54460468292237,11.582908852636814,1007.38,0.474875
50.5,-82.0,2026-10-09 23:27:19,6.8870000000000005,59.44460468292237,12.572908852636814,1007.47,0.33
50.5,-81.5,2026-10-09 23:27:19,6.5090000000000146,62.119604682922365,12.590908852636815,1010.85,0.471125
50.5,-81.0,2026-10-09 23:27:19,5.65500000000003,65.24460468292237,13.400908852636814,1003.69,1.701375
50.5,-80.5,2026-10-09 23:27:19,3.3950000000000387,70.94460468292236,15.668908852636815,990.22,3.789875
50.5,-80.0,2026-10-09 23:27:19,2.6380000000000337,73.61960468292237,16.784908852636814,986.25,2.067625
50.5,-79.5,2026-10-09 23:27:19,3.312000000000012,70.44460468292236,17.954908852636816,994.35,1.3695
50.5,-79.0,2026-10-09 23:27:19,4.117000000000019,66.89460468292236,17.954908852636816,1000.11,1.846375
50.5,-78.5,2026-10-09 23:27:19,3.1350000000000477,71.29460468292237,19.394908852636814,987.24,3.9882500000000003
50.5,-78.0,2026-10-09 23:27:19,2.2340000000000373,77.74460468292237,18.782908852636815,984.56,2.716125
50.5,-77.5,2026-10-09 23:27:19,2.129000000000019,82.39460468292236,18.728908852636817,980.2,3.553375
50.5,-77.0,2026-10-09 23:27:19,2.1820000000000164,82.29460468292237,17.288908852636816,978.72,2.832375
50.5,-76.5,2026-10-09 23:27:19,3.3140000000000214,83.96960468292237,28.106908852636813,980.3,2.098125
50.5,-76.0,2026-10-09 23:27:19,1.7980000000000018,84.59460468292237,14.966908852636816,968.94,4.747375
50.5,-75.5,2026-10-09 23:27:19,1.740000000000009,82.86960468292237,16.478908852636817,969.41,3.64875
50.5,-75.0,2026-10-09 23:27:19,2.6920000000000073,80.59460468292237,26.828908852636815,966.2,5.724
50.5,-74.5,2026-10-09 23:27:19,1.899000000000001,80.46960468292237,17.252908852636814,963.03,6.7425
50.5,-74.0,2026-10-09 23:27:19,3.2530000000000427,81.76960468292236,32.01290885263681,966.63,8.144375
50.5,-73.5,2026-10-09 23:27:19,1.6200000000000045,83.84460468292237,17.828908852636815,955.6,7.47675
50.5,-73.0,2026-10-09 23:27:19,1.7340000000000373,84.41960468292237,19.358908852636816,953.03,4.289625
50.5,-72.5,2026-10-09 23:27:19,1.4630000000000223,82.54460468292237,16.406908852636814,946.02,2.88775
50.5,-72.0,2026-10-09 23:27:19,1.0890000000000555,83.04460468292237,21.824908852636813,938.74,2.00075
50.5,-71.5,2026-10-09 23:27:19,1.8450000000000273,79.31960468292237,18.206908852636815,938.83,0.862125
50.5,-71.0,2026-10-09 23:27:19,0.4560000000000173,87.34460468292237,15.596908852636815,926.38,2.016125
50.5,-70.5,2026-10-09 23:27:19,2.664000000000044,79.41960468292237,14.498908852636813,946.75,1.4877500000000001
50.5,-70.0,2026-10-09 23:27:19,1.6470000000000482,84.61960468292237,15.920908852636815,932.11,2.668375
50.5,-69.5,2026-10-09 23:27:19,2.841000000000008,80.84460468292237,13.724908852636815,942.86,1.237875
50.5,-69.0,2026-10-09 23:27:19,2.9850000000000136,77.66960468292237,14.210908852636814,936.55,6.67
50.5,-68.5,2026-10-09 23:27:19,5.813000000000045,67.49460468292237,10.862908852636814,968.72,6.446875
50.5,-68.0,2026-10-09 23:27:19,4.115000000000009,75.11960468292237,14.876908852636815,946.89,3.7785
50.5,-67.5,2026-10-09 23:27:19,2.9950000000000045,83.21751155853272,15.302764085859062,933.86,3.704125
50.5,-67.0,2026-10-09 23:27:19,6.966000000000008,68.84251155853272,12.242764085859061,960.46,2.307875
50.5,-66.5,2026-10-09 23:27:19,7.052000000000021,68.34251155853272,10.514764085859062,959.78,1.670875
50.5,-66.0,2026-10-09 23:27:19,7.239000000000033,74.31751155853271,9.29076408585906,954.3,1.9016250000000001
50.5,-65.5,2026-10-09 23:27:19,9.434000000000026,67.19251155853271,12.710764085859061,971.46,2.70275
50.5,-65.0,2026-10-09 23:27:19,8.720000000000027,76.44251155853271,10.44276408585906,965.39,2.338375
50.5,-64.5,2026-10-09 23:27:19,8.564000000000021,82.96751155853272,9.902764085859062,978.07,6.086375
50.5,-64.0,2026-10-09 23:27:19,8.185000000000002,89.11751155853273,11.01876408585906,977.75,8.844375
50.5,-63.5,2026-10-09 23:27:19,7.956000000000017,92.41751155853272,15.53676408585906,984.99,12.620875
50.5,-63.0,2026-10-09 23:27:19,8.474000000000046,91.44251155853271,12.944764085859061,989.89,10.046
50.5,-62.5,2026-10-09 23:27:19,7.43300000000005,96.79251155853272,11.82876408585906,988.72,11.732125
50.5,-62.0,2026-10-09 23:27:19,7.967000000000041,94.56751155853271,10.82076408585906,991.47,8.7605
50.5,-61.5,2026-10-09 23:27:19,8.66900000000004,86.89251155853272,11.432764085859061,987.58,6.4125000000000005
50.5,-61.0,2026-10-09 23:27:19,8.805000000000007,85.26751155853272,19.80276408585906,990.96,10.849
50.5,-60.5,2026-10-09 23:27:19,9.771000000000015,79.14251155853272,12.35076408585906,991.91,14.398625000000001
50.5,-60.0,2026-10-09 23:27:19,9.662000000000035,79.79251155853272,16.958764085859062,991.96,16.161
50.5,-59.5,2026-10-09 23:27:19,9.227000000000032,85.01751155853272,22.160764085859064,1003.16,9.504375
50.5,-57.5,2026-10-09 23:27:19,9.12700000000001,89.81751155853271,39.76476408585906,1004.19,14.408125
50.5,-57.0,2026-10-09 23:27:19,7.902000000000044,88.69251155853271,20.10876408585906,977.0,22.430375
50.5,-56.5,2026-10-09 23:27:19,8.860000000000014,82.64251155853272,19.856764085859062,968.28,18.329625
51.0,-128.0,2026-10-09 23:27:19,11.755000000000052,76.11979522705079,37.24557035788894,1012.9,24.154625
51.0,-127.5,2026-10-09 23:27:19,10.724000000000046,87.24479522705079,19.407570357888936,1004.79,23.290625000000002
51.0,-127.0,2026-10-09 23:27:19,9.892000000000053,81.29479522705078,11.469570357888937,982.37,25.5775
51.0,-126.5,2026-10-09 23:27:19,9.295000000000016,69.79479522705078,7.473570357888937,948.29,36.399875
51.0,-126.0,2026-10-09 23:27:19,4.475000000000023,72.51979522705078,7.761570357888937,882.76,36.964375000000004
51.0,-125.5,2026-10-09 23:27:19,10.501000000000033,68.21979522705078,3.477570357888937,953.27,20.118750000000002
51.0,-125.0,2026-10-09 23:27:19,7.709000000000003,48.769795227050786,3.981570357888937,885.75,31.793625000000002
51.0,-124.5,2026-10-09 23:27:19,-2.783999999999992,81.39479522705079,9.111570357888937,776.47,39.302875
51.0,-124.0,2026-10-09 23:27:19,0.8920000000000528,78.96979522705078,5.349570357888938,803.31,28.215375
51.0,-123.5,2026-10-09 23:27:19,-2.0439999999999827,98.09479522705078,11.289570357888937,778.06,12.556125
51.0,-123.0,2026-10-09 23:27:19,0.674000000000035,89.14479522705079,9.111570357888937,819.35,4.65775
51.0,-122.5,2026-10-09 23:27:19,-0.5009999999999764,94.71979522705078,10.065570357888937,786.11,3.938625
51.0,-122.0,2026-10-09 23:27:19,5.791000000000054,94.06979522705079,8.229570357888937,876.21,0.0305
51.0,-121.5,2026-10-09 23:27:19,7.559000000000026,93.91979522705078,2.019570357888937,895.25,0.0
51.0,-121.0,2026-10-09 23:27:19,6.576000000000022,79.14479522705079,7.257570357888937,869.13,0.0
51.0,-120.5,2026-10-09 23:27:19,1.1280000000000427,91.69479522705079,14.385570357888938,803.94,0.0
51.0,-120.0,2026-10-09 23:27:19,9.246000000000038,73.86624526977539,6.37727324706316,870.88,0.0
51.0,-119.5,2026-10-09 23:27:19,6.958000000000027,75.0662452697754,3.5872732470631603,854.97,0.0
51.0,-119.0,2026-10-09 23:27:19,12.583000000000027,69.8412452697754,8.519273247063161,959.94,0.0
51.0,-118.5,2026-10-09 23:27:19,4.253000000000043,99.5412452697754,4.86527324706316,858.66,0.019125
51.0,-118.0,2026-10-09 23:27:19,7.157000000000039,97.2912452697754,6.66527324706316,876.74,0.021
51.0,-117.5,2026-10-09 23:27:19,7.515000000000043,79.4162452697754,7.56527324706316,821.74,0.003875
51.0,-117.0,2026-10-09 23:27:19,5.499000000000024,69.1912452697754,17.285273247063163,763.5,0.0
51.0,-116.5,2026-10-09 23:27:19,15.184000000000026,67.8162452697754,6.071273247063161,892.82,0.0
51.0,-116.0,2026-10-09 23:27:19,7.6860000000000355,81.3412452697754,6.16127324706316,808.97,0.0
51.0,-115.5,2026-10-09 23:27:19,6.0120000000000005,84.36624526977539,10.03127324706316,784.27,0.0
51.0,-115.0,2026-10-09 23:27:19,11.374000000000024,51.81624526977539,16.00727324706316,805.82,0.0
51.0,-114.5,2026-10-09 23:27:19,16.708000000000027,40.94124526977539,14.00927324706316,851.36,0.0
51.0,-114.0,2026-10-09 23:27:19,20.630000000000052,32.26624526977539,12.839273247063161,877.83,0.0
51.0,-113.5,2026-10-09 23:27:19,21.013000000000034,31.316245269775393,18.041273247063163,881.57,0.0
51.0,-113.0,2026-10-09 23:27:19,21.216000000000008,35.666245269775395,23.40527324706316,894.21,0.0
51.0,-112.5,2026-10-09 23:27:19,21.172000000000025,34.94124526977539,26.14127324706316,895.83,0.0
51.0,-112.0,2026-10-09 23:27:19,21.65100000000001,37.61624526977539,24.35927324706316,910.02,0.0
51.0,-111.5,2026-10-09 23:27:19,19.585000000000036,47.96624526977539,22.12727324706316,912.17,0.0
51.0,-111.0,2026-10-09 23:27:19,20.923000000000002,36.041245269775395,22.235273247063162,913.17,0.0
51.0,-110.5,2026-10-09 23:27:19,18.762,45.74124526977539,15.341273247063162,907.21,0.007625
51.0,-110.0,2026-10-09 23:27:19,18.037000000000035,37.90085639953613,12.441968968212606,921.5,0.01525
51.0,-109.5,2026-10-09 23:27:19,19.238000000000056,33.450856399536136,11.433968968212605,919.24,0.017125
51.0,-109.0,2026-10-09 23:27:19,18.297000000000025,40.700856399536136,10.101968968212606,917.7,0.0115
51.0,-108.5,2026-10-09 23:27:19,16.668000000000006,43.200856399536136,7.383968968212605,924.94,0.00575
51.0,-108.0,2026-10-09 23:27:19,18.325000000000045,45.77585639953614,12.045968968212604,926.78,0.0
51.0,-107.5,2026-10-09 23:27:19,15.337000000000046,60.975856399536134,13.089968968212604,913.5,0.00575
51.0,-107.0,2026-10-09 23:27:19,14.875000000000057,55.87585639953613,13.611968968212604,928.6,0.0
51.0,-106.5,2026-10-09 23:27:19,12.927000000000021,61.75085639953613,21.243968968212606,932.81,0.0
51.0,-106.0,2026-10-09 23:27:19,12.913000000000011,54.02585639953614,17.391968968212606,927.17,0.0
51.0,-105.5,2026-10-09 23:27:19,12.072000000000003,63.725856399536134,16.779968968212607,936.03,0.001875
51.0,-105.0,2026-10-09 23:27:19,11.968000000000018,66.52585639953614,20.433968968212604,936.88,0.003875
51.0,-104.5,2026-10-09 23:27:19,13.114000000000033,59.450856399536136,21.441968968212606,935.66,0.003875
51.0,-104.0,2026-10-09 23:27:19,12.678000000000054,55.25085639953613,22.953968968212607,929.41,0.02675
51.0,-103.5,2026-10-09 23:27:19,12.857000000000028,50.37585639953613,20.469968968212605,924.99,0.068625
51.0,-103.0,2026-10-09 23:27:19,12.520000000000039,51.225856399536134,22.953968968212607,934.14,0.12587500000000001
51.0,-102.5,2026-10-09 23:27:19,11.674000000000035,59.77585639953614,23.331968968212607,942.8,0.089625
51.0,-102.0,2026-10-09 23:27:19,12.785000000000025,55.350856399536134,26.049968968212607,941.19,0.059125000000000004
51.0,-101.5,2026-10-09 23:27:19,12.760000000000048,59.350856399536134,22.575968968212607,946.11,0.053375
51.0,-101.0,2026-10-09 23:27:19,12.471000000000004,55.225856399536134,18.111968968212608,935.42,0.053375
51.0,-100.5,2026-10-09 23:27:19,14.244000000000028,44.80085639953614,11.253968968212606,948.56,0.0115
51.0,-100.0,2026-10-09 23:27:19,10.138000000000034,61.02585639953614,11.775968968212606,955.24,0.0
51.0,-99.5,2026-10-09 23:27:19,12.520000000000039,64.65085639953614,20.001968968212605,974.45,0.0
51.0,-99.0,2026-10-09 23:27:19,11.584000000000003,73.55085639953613,29.811968968212607,978.38,0.0
51.0,-98.5,2026-10-09 23:27:19,11.04600000000005,74.00085639953613,29.433968968212604,980.39,0.0115
51.0,-98.0,2026-10-09 23:27:19,9.746000000000038,73.52585639953614,14.007968968212605,977.66,0.0
51.0,-97.5,2026-10-09 23:27:19,8.961000000000013,75.75085639953613,11.811968968212604,981.63,0.003875
51.0,-97.0,2026-10-09 23:27:19,11.392000000000053,75.80085639953613,15.483968968212604,986.99,0.001875
51.0,-96.5,2026-10-09 23:27:19,10.920000000000016,77.35085639953614,20.577968968212605,988.22,0.0
51.0,-96.0,2026-10-09 23:27:19,10.538000000000011,72.90085639953614,9.003968968212606,983.28,0.0
51.0,-95.5,2026-10-09 23:27:19,11.371000000000038,71.67585639953613,10.515968968212604,977.95,0.0
51.0,-95.0,2026-10-09 23:27:19,10.689000000000021,80.76960468292236,9.728908852636813,973.41,0.0
51.0,-94.5,2026-10-09 23:27:19,11.02800000000002,76.84460468292237,12.158908852636815,968.22,0.001875
51.0,-94.0,2026-10-09 23:27:19,11.045000000000016,73.91960468292237,19.862908852636814,971.28,0.003875
51.0,-93.5,2026-10-09 23:27:19,9.532000000000039,75.49460468292237,9.008908852636814,971.5,0.0
51.0,-93.0,2026-10-09 23:27:19,9.021000000000015,78.79460468292237,10.070908852636816,969.3,0.003875
51.0,-92.5,2026-10-09 23:27:19,8.932000000000016,77.29460468292237,9.782908852636815,969.8,0.001875
51.0,-92.0,2026-10-09 23:27:19,9.265000000000043,72.96960468292237,6.092908852636815,965.97,0.038125
51.0,-91.5,2026-10-09 23:27:19,6.654000000000053,92.61960468292237,5.480908852636814,970.47,0.389125
51.0,-91.0,2026-10-09 23:27:19,8.836000000000013,72.09460468292237,12.302908852636815,974.08,2.97925
51.0,-90.5,2026-10-09 23:27:19,7.219000000000051,76.76960468292236,4.256908852636815,972.28,1.361875
51.0,-90.0,2026-10-09 23:27:19,8.158000000000015,72.96960468292237,6.110908852636815,972.39,0.721
51.0,-89.5,2026-10-09 23:27:19,8.555000000000007,69.04460468292237,7.6769088526368146,975.44,0.135375
51.0,-89.0,2026-10-09 23:27:19,9.494000000000028,66.64460468292236,8.738908852636815,977.17,0.2975
51.0,-88.5,2026-10-09 23:27:19,9.128000000000043,73.21960468292237,9.062908852636815,977.92,0.337625
51.0,-88.0,2026-10-09 23:27:19,8.67100000000005,70.76960468292236,7.640908852636814,980.99,0.1545
51.0,-87.5,2026-10-09 23:27:19,8.037000000000035,67.64460468292236,10.142908852636815,981.86,1.056625
51.0,-87.0,2026-10-09 23:27:19,8.782000000000039,67.74460468292237,10.340908852636813,985.78,4.32775
51.0,-86.5,2026-10-09 23:27:19,8.37700000000001,70.84460468292237,9.548908852636815,991.35,1.916875
51.0,-86.0,2026-10-09 23:27:19,7.921000000000049,77.54460468292237,10.358908852636816,996.77,0.309
51.0,-85.5,2026-10-09 23:27:19,8.592000000000041,65.71960468292237,9.260908852636815,999.17,0.32425
51.0,-85.0,2026-10-09 23:27:19,8.400000000000034,65.44460468292236,8.774908852636814,1002.53,0.3605
51.0,-84.5,2026-10-09 23:27:19,8.30600000000004,64.24460468292237,9.350908852636815,1006.74,0.5493750000000001
51.0,-84.0,2026-10-09 23:27:19,7.7690000000000055,65.84460468292237,11.060908852636814,1006.56,0.39487500000000003
51.0,-83.5,2026-10-09 23:27:19,7.563000000000045,60.06960468292237,11.402908852636815,1005.78,0.25175000000000003
51.0,-83.0,2026-10-09 23:27:19,6.798000000000002,62.66960468292237,13.058908852636815,1002.38,0.40625
51.0,-82.5,2026-10-09 23:27:19,6.68100000000004,59.29460468292237,13.490908852636815,1005.5,0.5493750000000001
51.0,-82.0,2026-10-09 23:27:19,6.736000000000047,58.494604682922365,13.868908852636816,1007.31,0.2785
51.0,-81.5,2026-10-09 23:27:19,6.53000000000003,63.29460468292237,14.426908852636815,1011.99,0.4215
51.0,-81.0,2026-10-09 23:27:19,6.240000000000009,63.619604682922365,15.164908852636815,1014.55,0.9041250000000001
51.0,-80.5,2026-10-09 23:27:19,5.5890000000000555,66.94460468292236,15.632908852636815,1013.31,2.119125
51.0,-80.0,2026-10-09 23:27:19,5.330000000000041,69.39460468292236,19.880908852636814,1012.95,2.4318750000000002
51.0,-79.5,2026-10-09 23:27:19,4.874000000000024,70.31960468292236,18.386908852636815,1013.67,3.717375
51.0,-79.0,2026-10-09 23:27:19,3.080000000000041,81.16960468292237,17.396908852636816,1005.49,4.94575
51.0,-78.5,2026-10-09 23:27:19,3.6720000000000255,85.84460468292237,25.784908852636814,1004.38,6.59175
51.0,-78.0,2026-10-09 23:27:19,2.298000000000002,91.24460468292237,22.778908852636818,990.49,7.404375
51.0,-77.5,2026-10-09 23:27:19,1.7960000000000491,94.11960468292237,20.762908852636816,980.81,11.198
51.0,-77.0,2026-10-09 23:27:19,2.9890000000000327,90.91960468292237,27.386908852636815,982.7,10.1395
51.0,-76.5,2026-10-09 23:27:19,2.174000000000035,92.06960468292237,20.348908852636818,979.24,4.962875
51.0,-76.0,2026-10-09 23:27:19,2.3870000000000005,89.39460468292236,23.822908852636814,974.66,3.46375
51.0,-75.5,2026-10-09 23:27:19,2.4290000000000305,86.96960468292237,20.438908852636814,972.52,3.316875
51.0,-75.0,2026-10-09 23:27:19,2.3840000000000146,86.24460468292237,25.478908852636817,967.35,4.0512500000000005
51.0,-74.5,2026-10-09 23:27:19,1.6660000000000537,87.66960468292237,20.582908852636816,962.39,8.501
51.0,-74.0,2026-10-09 23:27:19,1.6850000000000023,90.86960468292237,23.678908852636816,964.55,6.67575
51.0,-73.5,2026-10-09 23:27:19,3.2690000000000055,89.91960468292237,41.624908852636814,965.06,4.732125
51.0,-73.0,2026-10-09 23:27:19,1.5670000000000073,93.29460468292237,21.428908852636816,957.61,6.321
51.0,-72.5,2026-10-09 23:27:19,1.2240000000000464,91.54460468292237,22.346908852636815,943.03,6.877875
51.0,-72.0,2026-10-09 23:27:19,0.9580000000000268,90.46960468292237,17.450908852636815,936.75,3.40075
51.0,-71.5,2026-10-09 23:27:19,1.9180000000000064,85.26960468292236,17.810908852636818,940.86,2.740875
51.0,-71.0,2026-10-09 23:27:19,1.8610000000000468,85.59460468292237,15.488908852636815,939.1,4.604375
51.0,-70.5,2026-10-09 23:27:19,1.3850000000000477,89.46960468292237,14.246908852636816,936.25,1.916875
51.0,-70.0,2026-10-09 23:27:19,0.7320000000000277,87.71960468292237,14.822908852636816,920.11,3.1605
51.0,-69.5,2026-10-09 23:27:19,2.1380000000000337,79.36960468292237,16.046908852636815,928.74,0.9536250000000001
51.0,-69.0,2026-10-09 23:27:19,3.29200000000003,72.74460468292237,15.686908852636813,935.14,1.190125
51.0,-68.5,2026-10-09 23:27:19,2.2310000000000514,82.14460468292236,11.114908852636814,931.74,5.75825
51.0,-68.0,2026-10-09 23:27:19,1.0880000000000223,89.09460468292237,17.288908852636816,921.5,3.14525
51.0,-67.5,2026-10-09 23:27:19,2.8800000000000523,84.29251155853272,14.672764085859063,939.19,2.849625
51.0,-67.0,2026-10-09 23:27:19,4.161000000000001,79.36751155853273,13.30476408585906,938.83,2.51575
51.0,-66.5,2026-10-09 23:27:19,5.367000000000019,78.31751155853271,12.530764085859062,935.69,3.059375
51.0,-66.0,2026-10-09 23:27:19,5.944000000000017,75.86751155853271,8.732764085859062,939.35,4.8561250000000005
51.0,-65.5,2026-10-09 23:27:19,2.980000000000018,89.84251155853272,12.242764085859061,907.66,4.46125
51.0,-65.0,2026-10-09 23:27:19,5.380000000000052,81.59251155853272,9.92076408585906,922.97,3.662125
51.0,-64.5,2026-10-09 23:27:19,5.0680000000000405,97.99251155853273,4.898764085859061,929.71,5.7755
51.0,-64.0,2026-10-09 23:27:19,3.9680000000000177,98.26751155853272,6.51876408585906,928.08,9.340250000000001
51.0,-63.5,2026-10-09 23:27:19,6.273000000000025,89.81751155853271,11.82876408585906,939.25,12.91275
51.0,-63.0,2026-10-09 23:27:19,6.786000000000001,85.76751155853272,9.92076408585906,940.82,21.957375
51.0,-62.5,2026-10-09 23:27:19,8.68300000000005,77.26751155853272,10.76676408585906,961.43,16.8305
51.0,-62.0,2026-10-09 23:27:19,9.791000000000054,71.49251155853271,8.732764085859062,967.43,11.144625
51.0,-61.5,2026-10-09 23:27:19,9.458000000000027,73.29251155853272,5.618764085859061,964.85,7.061
51.0,-61.0,2026-10-09 23:27:19,9.68300000000005,69.56751155853271,8.28276408585906,969.78,6.712
51.0,-60.5,2026-10-09 23:27:19,9.269000000000005,70.71751155853272,10.56876408585906,965.16,12.153625
51.0,-60.0,2026-10-09 23:27:19,9.595000000000027,72.24251155853271,12.296764085859062,970.19,11.29725
51.0,-59.5,2026-10-09 23:27:19,10.817000000000007,68.64251155853272,11.52276408585906,984.24,18.663375000000002
51.0,-59.0,2026-10-09 23:27:19,12.225000000000023,66.49251155853271,16.382764085859062,999.02,12.662875
51.0,-57.0,2026-10-09 23:27:19,9.096000000000004,89.84251155853272,40.358764085859065,1002.86,7.722875
51.0,-56.5,2026-10-09 23:27:19,10.110000000000014,78.86751155853273,20.252764085859063,980.74,8.77
51.0,-56.0,2026-10-09 23:27:19,11.358000000000004,71.79251155853272,20.054764085859063,992.33,16.098
51.0,-55.5,2026-10-09 23:27:19,9.622000000000014,79.31751155853271,26.714764085859063,1002.14,10.253875
51.5,-128.0,2026-10-09 23:27:19,10.965000000000032,78.94479522705079,13.359570357888938,1003.8,43.558125000000004
51.5,-127.5,2026-10-09 23:27:19,8.64100000000002,84.21979522705078,6.123570357888937,964.39,62.910125
51.5,-127.0,2026-10-09 23:27:19,4.250000000000057,77.74479522705079,4.8455703578889375,896.32,95.29875
51.5,-126.5,2026-10-09 23:27:19,-0.2949999999999591,85.54479522705078,11.757570357888937,828.7,58.647125
51.5,-126.0,2026-10-09 23:27:19,-1.4049999999999727,77.24479522705079,12.603570357888938,809.49,54.3175
51.5,-125.5,2026-10-09 23:27:19,0.6830000000000496,70.61979522705079,5.961570357888937,816.1,43.081250000000004
51.5,-125.0,2026-10-09 23:27:19,3.9190000000000396,57.49479522705079,7.077570357888938,843.07,21.675125
51.5,-124.5,2026-10-09 23:27:19,4.810000000000002,48.24479522705079,3.387570357888937,833.7,14.808625000000001
51.5,-124.0,2026-10-09 23:27:19,2.26400000000001,59.644795227050786,11.415570357888939,806.48,8.7605
51.5,-123.5,2026-10-09 23:27:19,1.2100000000000364,69.16979522705078,15.807570357888936,814.13,3.49425
51.5,-123.0,2026-10-09 23:27:19,2.941000000000031,67.99479522705079,11.919570357888936,842.43,3.128
51.5,-122.5,2026-10-09 23:27:19,6.662000000000035,62.34479522705078,13.791570357888936,887.44,0.877375
51.5,-122.0,2026-10-09 23:27:19,5.562000000000012,67.81979522705079,14.367570357888937,863.24,0.150625
51.5,-121.5,2026-10-09 23:27:19,6.383000000000038,73.36979522705079,13.773570357888937,871.72,0.03625
51.5,-121.0,2026-10-09 23:27:19,7.412000000000035,66.99479522705079,13.485570357888937,872.11,0.0
51.5,-120.5,2026-10-09 23:27:19,4.162000000000035,82.96979522705078,13.341570357888937,850.23,0.0
51.5,-120.0,2026-10-09 23:27:19,0.14400000000000546,99.24124526977539,12.94727324706316,799.78,0.0
51.5,-119.5,2026-10-09 23:27:19,11.597000000000037,84.0912452697754,1.37327324706316,914.58,0.099125
51.5,-119.0,2026-10-09 23:27:19,3.368000000000052,96.49124526977539,9.11327324706316,828.46,0.116375
51.5,-118.5,2026-10-09 23:27:19,6.827000000000055,96.6662452697754,3.44327324706316,893.46,0.042
51.5,-118.0,2026-10-09 23:27:19,0.29000000000002046,99.99124526977539,10.625273247063161,796.42,0.064875
51.5,-117.5,2026-10-09 23:27:19,9.111000000000047,88.5912452697754,7.079273247063161,855.08,0.20025
51.5,-117.0,2026-10-09 23:27:19,6.563000000000045,92.6412452697754,3.73127324706316,825.28,0.01525
51.5,-116.5,2026-10-09 23:27:19,4.77800000000002,80.24124526977539,9.20327324706316,782.46,0.003875
51.5,-116.0,2026-10-09 23:27:19,4.416000000000054,66.4412452697754,18.851273247063162,746.57,0.0
51.5,-115.5,2026-10-09 23:27:19,7.758000000000038,46.86624526977539,31.145273247063166,757.32,0.0
51.5,-115.0,2026-10-09 23:27:19,14.051000000000045,37.94124526977539,18.65327324706316,824.83,0.0
51.5,-114.5,2026-10-09 23:27:19,17.58200000000005,33.96624526977539,25.29527324706316,857.75,0.0
51.5,-114.0,2026-10-09 23:27:19,19.214000000000055,34.61624526977539,21.42527324706316,877.78,0.0
51.5,-113.5,2026-10-09 23:27:19,19.82000000000005,37.31624526977539,17.87927324706316,890.08,0.0
51.5,-113.0,2026-10-09 23:27:19,21.53800000000001,29.766245269775393,16.439273247063163,900.78,0.0
51.5,-112.5,2026-10-09 23:27:19,16.859000000000037,47.59124526977539,7.223273247063161,897.96,0.0
51.5,-112.0,2026-10-09 23:27:19,15.879000000000019,58.266245269775396,14.38727324706316,889.17,0.0
51.5,-111.5,2026-10-09 23:27:19,13.782000000000039,64.5162452697754,10.37327324706316,905.07,0.0
51.5,-111.0,2026-10-09 23:27:19,14.978000000000009,61.71624526977539,13.90127324706316,903.19,0.007625
51.5,-110.5,2026-10-09 23:27:19,16.899,43.59124526977539,17.37527324706316,906.13,0.003875
51.5,-110.0,2026-10-09 23:27:19,14.537000000000035,47.475856399536134,16.185968968212606,913.11,0.0
51.5,-109.5,2026-10-09 23:27:19,14.529000000000053,45.475856399536134,14.727968968212604,910.94,0.0
51.5,-109.0,2026-10-09 23:27:19,13.494000000000028,56.225856399536134,14.583968968212604,914.13,0.007625
51.5,-108.5,2026-10-09 23:27:19,12.779000000000053,59.25085639953613,15.015968968212604,913.55,0.019125
51.5,-108.0,2026-10-09 23:27:19,14.935000000000002,49.17585639953614,14.421968968212605,925.61,0.013375
51.5,-107.5,2026-10-09 23:27:19,14.027000000000044,59.80085639953614,15.105968968212606,929.83,0.013375
51.5,-107.0,2026-10-09 23:27:19,12.986000000000047,63.55085639953614,17.391968968212606,934.94,0.0095
51.5,-106.5,2026-10-09 23:27:19,12.948000000000036,55.17585639953614,21.495968968212605,932.2,0.051500000000000004
51.5,-106.0,2026-10-09 23:27:19,11.684000000000026,56.77585639953614,22.809968968212605,922.89,0.021
51.5,-105.5,2026-10-09 23:27:19,12.033000000000015,59.350856399536134,23.259968968212604,936.53,0.0115
51.5,-105.0,2026-10-09 23:27:19,12.849000000000046,53.67585639953614,23.493968968212606,939.05,0.017125
51.5,-104.5,2026-10-09 23:27:19,12.492000000000019,56.15085639953614,24.969968968212605,929.28,0.028625
51.5,-104.0,2026-10-09 23:27:19,12.115000000000009,52.37585639953613,25.473968968212606,927.74,0.019125
51.5,-103.5,2026-10-09 23:27:19,11.696000000000026,53.575856399536136,27.237968968212606,929.61,0.017125
51.5,-103.0,2026-10-09 23:27:19,12.356000000000051,52.100856399536134,28.101968968212603,941.02,0.021
51.5,-102.5,2026-10-09 23:27:19,12.809000000000026,54.700856399536136,26.661968968212605,947.28,0.022875
51.5,-102.0,2026-10-09 23:27:19,12.878000000000043,50.80085639953614,28.281968968212606,948.2,0.001875
51.5,-101.5,2026-10-09 23:27:19,11.263000000000034,60.00085639953613,22.341968968212605,934.36,0.001875
51.5,-101.0,2026-10-09 23:27:19,10.967000000000041,52.92585639953614,16.959968968212607,929.66,0.042
51.5,-100.5,2026-10-09 23:27:19,11.597000000000037,56.475856399536134,10.101968968212606,962.08,0.017125
51.5,-100.0,2026-10-09 23:27:19,11.975000000000023,62.225856399536134,17.535968968212607,976.58,0.0
51.5,-99.5,2026-10-09 23:27:19,11.691000000000031,78.12585639953613,24.663968968212604,979.17,0.003875
51.5,-99.0,2026-10-09 23:27:19,11.291000000000054,76.55085639953613,26.967968968212606,980.47,0.021
51.5,-98.5,2026-10-09 23:27:19,11.076000000000022,72.45085639953614,22.575968968212607,982.33,0.02675
51.5,-98.0,2026-10-09 23:27:19,9.188000000000045,73.37585639953613,10.281968968212604,979.86,0.0095
51.5,-97.5,2026-10-09 23:27:19,9.479000000000042,67.20085639953614,6.609968968212605,985.22,0.007625
51.5,-97.0,2026-10-09 23:27:19,11.291000000000054,79.32585639953614,12.297968968212606,986.39,0.019125
51.5,-96.5,2026-10-09 23:27:19,10.843000000000018,74.92585639953613,10.011968968212605,986.6,0.0115
51.5,-96.0,2026-10-09 23:27:19,10.969000000000051,67.82585639953614,7.779968968212605,982.6,0.017125
51.5,-95.5,2026-10-09 23:27:19,11.400000000000034,68.47585639953614,6.7719689682126045,977.63,0.021
51.5,-95.0,2026-10-09 23:27:19,10.043000000000006,77.36960468292237,5.012908852636815,972.83,0.001875
51.5,-94.5,2026-10-09 23:27:19,9.985000000000014,78.24460468292237,9.854908852636814,970.13,0.0
51.5,-94.0,2026-10-09 23:27:19,9.297000000000025,84.51960468292236,7.334908852636814,967.24,0.00575
51.5,-93.5,2026-10-09 23:27:19,8.468000000000018,82.16960468292237,11.762908852636814,968.6,0.01525
51.5,-93.0,2026-10-09 23:27:19,6.355000000000018,84.31960468292237,6.398908852636815,965.2,0.07062500000000001
51.5,-92.5,2026-10-09 23:27:19,6.616000000000042,88.26960468292236,7.442908852636815,966.81,0.425375
51.5,-92.0,2026-10-09 23:27:19,6.965000000000032,84.71960468292237,7.6769088526368146,969.44,0.898375
51.5,-91.5,2026-10-09 23:27:19,6.461000000000013,81.36960468292237,4.922908852636814,969.78,0.167875
51.5,-91.0,2026-10-09 23:27:19,7.303000000000054,78.59460468292237,5.336908852636814,972.13,0.368125
51.5,-90.5,2026-10-09 23:27:19,8.385000000000048,77.61960468292237,5.732908852636815,973.39,0.728625
51.5,-90.0,2026-10-09 23:27:19,8.538000000000011,77.69460468292237,6.686908852636814,975.67,1.68225
51.5,-89.5,2026-10-09 23:27:19,8.513000000000034,78.81960468292237,5.858908852636814,975.35,0.408125
51.5,-89.0,2026-10-09 23:27:19,9.229000000000042,71.76960468292236,6.164908852636815,979.7,0.9365
51.5,-88.5,2026-10-09 23:27:19,7.327000000000055,78.21960468292237,10.628908852636814,984.86,1.316125
51.5,-88.0,2026-10-09 23:27:19,7.227000000000032,78.36960468292237,11.096908852636815,985.8,2.8705000000000003
51.5,-87.5,2026-10-09 23:27:19,7.942000000000007,71.34460468292237,11.060908852636814,984.13,2.988875
51.5,-87.0,2026-10-09 23:27:19,8.400000000000034,70.84460468292237,9.116908852636815,988.25,0.461625
51.5,-86.5,2026-10-09 23:27:19,8.124000000000024,71.74460468292237,9.242908852636814,995.02,0.62375
51.5,-86.0,2026-10-09 23:27:19,8.79200000000003,68.84460468292237,8.828908852636815,998.74,0.5455
51.5,-85.5,2026-10-09 23:27:19,8.18300000000005,68.16960468292237,9.008908852636814,999.69,0.198375
51.5,-85.0,2026-10-09 23:27:19,7.897000000000048,65.96960468292237,9.350908852636815,999.97,0.167875
51.5,-84.5,2026-10-09 23:27:19,7.646000000000015,64.04460468292237,10.250908852636814,1002.3,0.207875
51.5,-84.0,2026-10-09 23:27:19,7.376000000000033,63.39460468292236,10.448908852636814,1006.78,0.042
51.5,-83.5,2026-10-09 23:27:19,7.113000000000056,62.619604682922365,11.060908852636814,1009.52,0.07625
51.5,-83.0,2026-10-09 23:27:19,6.646000000000015,58.04460468292237,12.806908852636814,1008.67,0.171625
51.5,-82.5,2026-10-09 23:27:19,6.474000000000046,60.01960468292236,13.976908852636814,1008.58,0.309
51.5,-82.0,2026-10-09 23:27:19,6.250000000000057,63.44460468292237,14.390908852636816,1007.35,0.656125
51.5,-81.5,2026-10-09 23:27:19,6.26400000000001,63.41960468292237,14.588908852636814,1008.88,0.9021250000000001
51.5,-81.0,2026-10-09 23:27:19,5.606000000000051,69.99460468292237,18.008908852636814,1011.83,1.058625
51.5,-80.5,2026-10-09 23:27:19,5.354000000000042,71.44460468292236,23.336908852636814,1016.31,1.279875
51.5,-79.5,2026-10-09 23:27:19,5.074000000000012,88.11960468292237,35.97290885263681,1014.89,12.92425
51.5,-79.0,2026-10-09 23:27:19,7.248000000000047,71.24460468292237,32.498908852636816,1014.19,18.386875
51.5,-78.5,2026-10-09 23:27:19,5.2760000000000105,76.99460468292237,21.878908852636815,1008.28,21.648375
51.5,-78.0,2026-10-09 23:27:19,3.875000000000057,93.51960468292236,17.918908852636815,999.11,10.568625
51.5,-77.5,2026-10-09 23:27:19,2.5470000000000255,95.56960468292237,16.964908852636814,989.35,7.194500000000001
51.5,-77.0,2026-10-09 23:27:19,3.722000000000037,89.39460468292236,25.190908852636817,985.16,4.743625
51.5,-76.5,2026-10-09 23:27:19,3.921000000000049,88.14460468292236,26.630908852636814,983.5,5.9395
51.5,-76.0,2026-10-09 23:27:19,2.9850000000000136,95.29460468292237,26.810908852636818,976.85,4.99725
51.5,-75.5,2026-10-09 23:27:19,1.8730000000000473,96.86960468292237,22.688908852636814,974.19,3.131875
51.5,-75.0,2026-10-09 23:27:19,2.004000000000019,95.46960468292237,18.818908852636813,971.56,6.691
51.5,-74.5,2026-10-09 23:27:19,1.858000000000004,94.16960468292237,20.672908852636816,967.81,7.625625
51.5,-74.0,2026-10-09 23:27:19,1.8450000000000273,94.26960468292236,23.336908852636814,965.0,6.506
51.5,-73.5,2026-10-09 23:27:19,0.896000000000015,97.71960468292237,17.954908852636816,955.33,9.02175
51.5,-73.0,2026-10-09 23:27:19,0.6150000000000091,95.36960468292237,19.808908852636815,943.17,11.587125
51.5,-72.5,2026-10-09 23:27:19,1.115000000000009,93.01960468292236,19.142908852636815,946.7,5.2090000000000005
51.5,-72.0,2026-10-09 23:27:19,0.25200000000000955,93.94460468292237,18.206908852636815,931.89,8.504875
51.5,-71.5,2026-10-09 23:27:19,1.6140000000000327,86.24460468292237,17.972908852636817,940.25,6.0596250000000005
51.5,-71.0,2026-10-09 23:27:19,0.8860000000000241,89.56960468292237,17.972908852636817,929.16,6.65475
51.5,-70.5,2026-10-09 23:27:19,1.497000000000014,85.69460468292237,16.532908852636815,928.83,3.585875
51.5,-70.0,2026-10-09 23:27:19,2.4610000000000127,81.89460468292236,20.672908852636816,937.52,1.5335
51.5,-69.5,2026-10-09 23:27:19,3.0950000000000273,76.44460468292236,20.924908852636815,940.5,3.31875
51.5,-69.0,2026-10-09 23:27:19,3.656000000000006,83.24460468292237,13.904908852636815,953.58,5.044875
51.5,-68.5,2026-10-09 23:27:19,2.4560000000000173,96.06960468292237,13.292908852636815,948.02,4.013
51.5,-68.0,2026-10-09 23:27:19,-0.15399999999999636,93.96960468292237,23.048908852636817,901.42,5.93375
51.5,-67.5,2026-10-09 23:27:19,2.160000000000025,89.09251155853272,16.99476408585906,921.05,8.428625
51.5,-67.0,2026-10-09 23:27:19,3.545000000000016,89.69251155853271,11.99076408585906,934.91,5.510375
51.5,-66.5,2026-10-09 23:27:19,2.9190000000000396,91.69251155853271,12.296764085859062,917.63,3.856625
51.5,-66.0,2026-10-09 23:27:19,2.629000000000019,95.29251155853272,10.730764085859061,919.47,1.29125
51.5,-65.5,2026-10-09 23:27:19,4.483000000000004,86.36751155853273,13.39476408585906,929.22,5.926125
51.5,-65.0,2026-10-09 23:27:19,5.072000000000003,84.66751155853272,9.43476408585906,926.36,4.9095
51.5,-64.5,2026-10-09 23:27:19,4.4010000000000105,91.39251155853272,9.14676408585906,908.88,3.1795
51.5,-64.0,2026-10-09 23:27:19,4.455000000000041,97.56751155853271,5.29476408585906,934.46,2.307875
51.5,-63.5,2026-10-09 23:27:19,7.580000000000041,80.76751155853272,6.572764085859061,939.18,6.58225
51.5,-63.0,2026-10-09 23:27:19,7.727000000000032,75.79251155853272,6.572764085859061,932.3,9.4585
51.5,-62.5,2026-10-09 23:27:19,8.372000000000014,74.09251155853272,5.564764085859061,950.35,14.9975
51.5,-62.0,2026-10-09 23:27:19,9.160000000000025,68.06751155853271,7.47276408585906,959.52,13.660375
51.5,-61.5,2026-10-09 23:27:19,9.253000000000043,67.61751155853271,7.004764085859061,952.35,12.867
51.5,-61.0,2026-10-09 23:27:19,8.185000000000002,69.74251155853271,7.47276408585906,945.46,8.40375
51.5,-60.5,2026-10-09 23:27:19,7.355000000000018,75.26751155853272,9.63276408585906,946.02,7.0515
51.5,-60.0,2026-10-09 23:27:19,9.444000000000017,66.96751155853272,8.42676408585906,970.18,8.009
51.5,-59.5,2026-10-09 23:27:19,8.79200000000003,70.64251155853272,9.20076408585906,969.57,8.428625
51.5,-59.0,2026-10-09 23:27:19,8.93300000000005,70.51751155853272,12.152764085859062,971.44,10.5495
51.5,-58.5,2026-10-09 23:27:19,10.666000000000054,66.84251155853272,11.630764085859061,985.5,13.3
51.5,-58.0,2026-10-09 23:27:19,10.914000000000044,68.86751155853271,13.62876408585906,979.68,14.089625
51.5,-57.5,2026-10-09 23:27:19,11.498000000000047,79.56751155853271,18.32676408585906,994.39,13.094
51.5,-57.0,2026-10-09 23:27:19,10.562000000000012,83.71751155853272,22.82676408585906,985.78,14.223125
51.5,-56.5,2026-10-09 23:27:19,9.322000000000003,91.26751155853272,41.150764085859066,1001.43,5.386375
51.5,-56.0,2026-10-09 23:27:19,12.286000000000001,74.44251155853271,25.05876408585906,997.47,8.182500000000001
51.5,-55.5,2026-10-09 23:27:19,12.247000000000014,73.19251155853271,28.73076408585906,997.82,15.644125
52.0,-131.0,2026-10-09 23:27:19,12.57000000000005,69.91979522705078,30.67557035788894,1008.44,8.050875
52.0,-128.5,2026-10-09 23:27:19,11.321000000000026,76.71979522705078,30.135570357888938,1012.36,32.23425
52.0,-128.0,2026-10-09 23:27:19,9.723000000000013,79.34479522705078,8.013570357888938,989.13,72.54025
52.0,-127.5,2026-10-09 23:27:19,6.032000000000039,83.89479522705079,3.945570357888937,932.21,61.416625
52.0,-127.0,2026-10-09 23:27:19,0.13900000000001,91.69479522705079,6.087570357888937,852.1,87.99362500000001
52.0,-126.5,2026-10-09 23:27:19,5.535000000000025,65.14479522705078,4.341570357888937,901.03,55.748000000000005
52.0,-126.0,2026-10-09 23:27:19,-1.9079999999999586,81.51979522705079,9.147570357888936,800.74,63.1905
52.0,-125.5,2026-10-09 23:27:19,1.0440000000000396,66.96979522705078,7.131570357888937,822.92,41.555375
52.0,-125.0,2026-10-09 23:27:19,7.76400000000001,61.294795227050784,6.303570357888937,899.6,13.16075
52.0,-124.5,2026-10-09 23:27:19,4.608000000000004,63.21979522705078,8.805570357888937,881.41,6.94275
52.0,-124.0,2026-10-09 23:27:19,4.088000000000022,64.29479522705078,16.581570357888936,865.17,8.701375
52.0,-123.5,2026-10-09 23:27:19,4.277000000000044,73.61979522705079,13.377570357888938,883.78,4.243875
52.0,-123.0,2026-10-09 23:27:19,3.2110000000000127,81.64479522705079,12.981570357888938,868.1,1.86925
52.0,-122.5,2026-10-09 23:27:19,6.761000000000024,69.71979522705078,13.161570357888937,895.4,1.051
52.0,-122.0,2026-10-09 23:27:19,7.585000000000036,76.71979522705078,10.317570357888938,895.94,3.128
52.0,-121.5,2026-10-09 23:27:19,5.882000000000005,75.14479522705078,11.109570357888938,881.48,3.522875
52.0,-121.0,2026-10-09 23:27:19,5.753000000000043,79.64479522705079,12.441570357888937,878.25,0.93075
52.0,-120.5,2026-10-09 23:27:19,4.9950000000000045,77.96979522705078,12.099570357888938,864.24,1.2665
52.0,-120.0,2026-10-09 23:27:19,6.645000000000039,88.5162452697754,8.699273247063159,883.99,0.646625
52.0,-119.5,2026-10-09 23:27:19,2.788000000000011,92.6412452697754,13.27127324706316,822.64,0.6275000000000001
52.0,-119.0,2026-10-09 23:27:19,0.49900000000002365,99.99124526977539,12.58727324706316,792.49,0.87925
52.0,-118.5,2026-10-09 23:27:19,2.7670000000000528,97.4412452697754,8.55527324706316,817.69,0.234625
52.0,-118.0,2026-10-09 23:27:19,2.2630000000000337,97.0912452697754,9.81527324706316,803.24,0.310875
52.0,-117.5,2026-10-09 23:27:19,0.132000000000005,99.0162452697754,8.91527324706316,762.5,0.183125
52.0,-117.0,2026-10-09 23:27:19,-1.0529999999999973,97.9662452697754,13.37927324706316,719.67,0.083875
52.0,-116.5,2026-10-09 23:27:19,10.817000000000007,56.141245269775396,9.95927324706316,821.83,0.0095
52.0,-116.0,2026-10-09 23:27:19,8.89100000000002,51.041245269775395,11.03927324706316,782.64,0.0
52.0,-115.5,2026-10-09 23:27:19,13.643000000000029,40.166245269775395,8.75327324706316,823.75,0.0
52.0,-115.0,2026-10-09 23:27:19,16.85300000000001,35.49124526977539,4.16327324706316,853.83,0.0
52.0,-114.5,2026-10-09 23:27:19,15.426000000000045,57.74124526977539,6.44927324706316,876.07,0.04575
52.0,-114.0,2026-10-09 23:27:19,14.462000000000046,56.74124526977539,5.18927324706316,887.38,0.001875
52.0,-113.5,2026-10-09 23:27:19,12.469000000000051,67.99124526977539,2.11127324706316,888.36,0.0
52.0,-113.0,2026-10-09 23:27:19,13.315000000000055,51.791245269775395,6.50327324706316,891.17,0.0
52.0,-112.5,2026-10-09 23:27:19,14.228000000000009,47.24124526977539,9.81527324706316,899.21,0.00575
52.0,-112.0,2026-10-09 23:27:19,13.91500000000002,59.24124526977539,9.545273247063161,900.88,0.007625
52.0,-111.5,2026-10-09 23:27:19,12.194000000000017,71.0162452697754,9.99527324706316,902.99,0.003875
52.0,-111.0,2026-10-09 23:27:19,12.815000000000055,69.3912452697754,11.45327324706316,903.83,0.01525
52.0,-110.5,2026-10-09 23:27:19,13.397000000000048,61.516245269775396,13.91927324706316,914.49,0.03625
52.0,-110.0,2026-10-09 23:27:19,11.328000000000031,57.42585639953614,18.831968968212607,912.0,0.02475
52.0,-109.5,2026-10-09 23:27:19,10.559000000000026,61.77585639953614,19.641968968212606,914.06,0.0095
52.0,-109.0,2026-10-09 23:27:19,11.404000000000053,58.975856399536134,20.955968968212606,918.75,0.019125
52.0,-108.5,2026-10-09 23:27:19,11.600000000000023,59.350856399536134,21.927968968212603,917.42,0.1145
52.0,-108.0,2026-10-09 23:27:19,11.336000000000013,61.350856399536134,23.673968968212606,922.97,0.051500000000000004
52.0,-107.5,2026-10-09 23:27:19,12.692000000000007,50.67585639953614,20.487968968212606,933.27,0.21937500000000001
52.0,-107.0,2026-10-09 23:27:19,12.366000000000042,55.62585639953613,23.115968968212606,936.91,0.371875
52.0,-106.5,2026-10-09 23:27:19,12.210000000000036,54.450856399536136,26.805968968212607,938.3,0.198375
52.0,-106.0,2026-10-09 23:27:19,11.529000000000053,58.37585639953613,28.245968968212605,937.44,0.249875
52.0,-105.5,2026-10-09 23:27:19,12.048000000000002,54.725856399536134,28.875968968212607,935.41,0.265125
52.0,-105.0,2026-10-09 23:27:19,11.995000000000005,55.87585639953613,29.955968968212602,934.97,0.234625
52.0,-104.5,2026-10-09 23:27:19,11.617000000000019,58.00085639953613,32.097968968212605,940.52,0.152625
52.0,-104.0,2026-10-09 23:27:19,10.826000000000022,65.60085639953614,32.475968968212605,940.2,0.141125
52.0,-103.5,2026-10-09 23:27:19,10.897000000000048,58.90085639953614,33.249968968212606,936.22,0.27275
52.0,-103.0,2026-10-09 23:27:19,10.124000000000024,58.00085639953613,27.471968968212604,932.56,0.289875
52.0,-102.5,2026-10-09 23:27:19,10.545000000000016,59.00085639953613,31.395968968212603,942.28,0.27275
52.0,-102.0,2026-10-09 23:27:19,9.041000000000054,72.02585639953614,30.96396896821261,947.08,0.122125
52.0,-101.5,2026-10-09 23:27:19,9.940000000000055,69.85085639953614,24.591968968212605,961.7,0.019125
52.0,-101.0,2026-10-09 23:27:19,8.986000000000047,72.87585639953613,12.495968968212605,949.6,0.0095
52.0,-100.5,2026-10-09 23:27:19,9.725000000000023,81.47585639953614,11.613968968212605,971.17,0.0
52.0,-100.0,2026-10-09 23:27:19,10.369000000000028,81.95085639953614,25.869968968212603,978.53,0.04
52.0,-99.5,2026-10-09 23:27:19,8.607000000000028,87.50085639953613,12.999968968212604,979.77,0.049625
52.0,-99.0,2026-10-09 23:27:19,8.525000000000034,85.90085639953614,10.191968968212606,978.95,0.021
52.0,-98.5,2026-10-09 23:27:19,8.565000000000055,83.02585639953614,8.895968968212605,983.0,0.03625
52.0,-98.0,2026-10-09 23:27:19,10.28000000000003,74.75085639953613,16.995968968212605,987.13,0.00575
52.0,-97.5,2026-10-09 23:27:19,10.356000000000051,74.90085639953614,15.159968968212604,986.42,0.003875
52.0,-97.0,2026-10-09 23:27:19,10.53000000000003,83.55085639953614,15.375968968212604,988.05,0.0
52.0,-96.5,2026-10-09 23:27:19,8.631000000000029,82.80085639953614,6.5379689682126045,985.42,0.10300000000000001
52.0,-96.0,2026-10-09 23:27:19,8.961000000000013,77.20085639953614,6.627968968212604,980.02,0.0
52.0,-95.5,2026-10-09 23:27:19,9.210000000000036,77.52585639953614,11.199968968212605,978.74,0.0
52.0,-95.0,2026-10-09 23:27:19,7.953000000000031,84.79460468292237,6.200908852636814,977.02,0.02475
52.0,-94.5,2026-10-09 23:27:19,8.101000000000056,85.56960468292237,6.002908852636814,973.39,0.034375
52.0,-94.0,2026-10-09 23:27:19,8.607000000000028,82.09460468292237,7.244908852636814,974.14,0.10875
52.0,-93.5,2026-10-09 23:27:19,9.878000000000043,76.24460468292237,7.118908852636815,968.99,0.356625
52.0,-93.0,2026-10-09 23:27:19,9.735000000000014,70.56960468292236,7.424908852636815,972.0,2.5005
52.0,-92.5,2026-10-09 23:27:19,6.549000000000035,79.69460468292237,5.246908852636814,967.47,0.23275
52.0,-92.0,2026-10-09 23:27:19,7.175000000000011,75.86960468292237,6.146908852636814,966.75,0.034375
52.0,-91.5,2026-10-09 23:27:19,6.6510000000000105,79.34460468292237,2.762908852636814,969.41,0.042
52.0,-91.0,2026-10-09 23:27:19,7.221000000000004,77.69460468292237,3.7349088526368144,973.03,0.213625
52.0,-90.5,2026-10-09 23:27:19,8.305000000000007,72.91960468292237,6.974908852636815,970.75,0.543625
52.0,-90.0,2026-10-09 23:27:19,8.533000000000015,73.74460468292237,3.7349088526368144,975.16,1.010875
52.0,-89.5,2026-10-09 23:27:19,8.066000000000031,74.99460468292237,6.974908852636815,978.45,2.2735
52.0,-89.0,2026-10-09 23:27:19,7.938000000000045,78.46960468292237,3.518908852636814,980.78,2.2335000000000003
52.0,-88.5,2026-10-09 23:27:19,5.858000000000004,83.09460468292237,9.008908852636814,985.6,8.066125
52.0,-88.0,2026-10-09 23:27:19,6.216000000000008,81.71960468292237,7.100908852636815,982.88,1.21875
52.0,-87.5,2026-10-09 23:27:19,7.277000000000044,77.64460468292236,9.710908852636814,988.97,0.873625
52.0,-87.0,2026-10-09 23:27:19,7.815000000000055,70.69460468292236,8.522908852636814,990.83,0.371875
52.0,-86.5,2026-10-09 23:27:19,8.06800000000004,72.46960468292237,9.242908852636814,993.3,0.29375
52.0,-86.0,2026-10-09 23:27:19,8.02600000000001,70.19460468292236,6.920908852636814,996.38,0.034375
52.0,-85.5,2026-10-09 23:27:19,7.418000000000006,70.04460468292237,6.524908852636814,997.42,0.074375
52.0,-85.0,2026-10-09 23:27:19,7.083000000000027,64.76960468292236,8.396908852636816,1000.28,0.064875
52.0,-84.5,2026-10-09 23:27:19,6.718000000000018,66.11960468292237,9.764908852636815,1003.44,0.02675
52.0,-84.0,2026-10-09 23:27:19,6.784000000000049,61.51960468292236,9.872908852636813,1007.14,0.028625
52.0,-83.5,2026-10-09 23:27:19,6.510000000000048,57.969604682922366,11.618908852636816,1008.5,0.055375
52.0,-83.0,2026-10-09 23:27:19,6.461000000000013,59.19460468292237,12.824908852636815,1010.24,0.0115
52.0,-82.5,2026-10-09 23:27:19,6.54400000000004,60.41960468292237,14.498908852636813,1011.63,0.04
52.0,-82.0,2026-10-09 23:27:19,6.236000000000047,65.81960468292236,14.642908852636813,1012.81,0.080125
52.0,-81.5,2026-10-09 23:27:19,6.327000000000055,64.19460468292236,14.768908852636814,1014.74,0.23650000000000002
52.0,-81.0,2026-10-09 23:27:19,5.427000000000021,72.51960468292236,29.150908852636814,1016.11,1.13675
52.0,-79.5,2026-10-09 23:27:19,6.196000000000026,68.46960468292237,31.220908852636818,1010.58,3.2635
52.0,-79.0,2026-10-09 23:27:19,6.449000000000012,75.56960468292236,42.218908852636815,1013.77,5.2718750000000005
52.0,-78.5,2026-10-09 23:27:19,4.5020000000000095,88.34460468292237,19.250908852636815,1010.6,9.180125
52.0,-78.0,2026-10-09 23:27:19,4.52800000000002,76.81960468292237,16.334908852636815,998.49,5.004875
52.0,-77.5,2026-10-09 23:27:19,3.244000000000028,88.21960468292237,20.492908852636813,987.55,3.187125
52.0,-77.0,2026-10-09 23:27:19,3.3950000000000387,92.61960468292237,22.904908852636815,983.94,3.4695
52.0,-76.5,2026-10-09 23:27:19,3.355000000000018,93.89460468292236,21.248908852636816,982.92,4.364
52.0,-76.0,2026-10-09 23:27:19,3.13900000000001,94.39460468292236,22.112908852636814,977.02,6.3648750000000005
52.0,-75.5,2026-10-09 23:27:19,3.0130000000000337,95.66960468292237,21.356908852636813,973.47,5.107875
52.0,-75.0,2026-10-09 23:27:19,2.538000000000011,97.54460468292237,18.440908852636817,968.77,5.010625
52.0,-74.5,2026-10-09 23:27:19,2.347000000000037,97.49460468292237,18.674908852636815,965.86,5.128875
52.0,-74.0,2026-10-09 23:27:19,2.0260000000000105,96.94460468292237,16.532908852636815,965.11,4.9342500000000005
52.0,-73.5,2026-10-09 23:27:19,1.7700000000000387,95.06960468292237,16.928908852636816,963.85,4.968625
52.0,-73.0,2026-10-09 23:27:19,0.6290000000000191,99.34460468292237,20.492908852636813,956.47,5.6552500000000006
52.0,-72.5,2026-10-09 23:27:19,0.5880000000000223,95.59460468292237,18.494908852636815,946.55,7.2402500000000005
52.0,-72.0,2026-10-09 23:27:19,0.05500000000000682,92.31960468292237,25.442908852636815,918.58,8.190125
52.0,-71.5,2026-10-09 23:27:19,0.23900000000003274,91.46960468292237,22.382908852636813,919.91,7.6236250000000005
52.0,-71.0,2026-10-09 23:27:19,1.1440000000000055,89.89460468292236,20.546908852636815,926.31,5.617125
52.0,-70.5,2026-10-09 23:27:19,1.2660000000000196,87.64460468292236,20.762908852636816,920.89,4.921
52.0,-70.0,2026-10-09 23:27:19,0.6630000000000109,87.39460468292236,21.014908852636815,914.38,7.143
52.0,-69.5,2026-10-09 23:27:19,2.7130000000000223,77.94460468292237,13.922908852636814,933.08,4.8103750000000005
52.0,-69.0,2026-10-09 23:27:19,2.406000000000006,95.16960468292237,10.160908852636814,945.5,4.8637500000000005
52.0,-68.5,2026-10-09 23:27:19,2.7100000000000364,93.26960468292236,18.188908852636814,949.77,2.05225
52.0,-68.0,2026-10-09 23:27:19,0.6080000000000041,99.26960468292236,15.236908852636814,926.35,2.12475
52.0,-67.5,2026-10-09 23:27:19,1.8120000000000118,97.36751155853273,19.676764085859062,936.66,7.74575
52.0,-67.0,2026-10-09 23:27:19,3.2870000000000346,96.76751155853272,16.05876408585906,935.72,7.844875
52.0,-66.5,2026-10-09 23:27:19,3.65300000000002,96.34251155853272,12.674764085859062,929.47,9.14575
52.0,-66.0,2026-10-09 23:27:19,2.3780000000000427,95.21751155853272,10.15476408585906,918.99,5.2815
52.0,-65.5,2026-10-09 23:27:19,3.951000000000022,87.09251155853272,11.37876408585906,926.97,1.854
52.0,-65.0,2026-10-09 23:27:19,4.710000000000036,88.56751155853271,12.81876408585906,930.58,2.70075
52.0,-64.5,2026-10-09 23:27:19,5.920000000000016,90.06751155853271,6.89676408585906,937.14,4.62725
52.0,-64.0,2026-10-09 23:27:19,2.876000000000033,98.41751155853272,3.8727640858590604,939.44,5.5065
52.0,-63.5,2026-10-09 23:27:19,3.841000000000008,93.34251155853272,5.996764085859061,937.88,8.57925
52.0,-63.0,2026-10-09 23:27:19,4.733000000000004,86.36751155853273,10.10076408585906,938.0,12.256625
52.0,-62.5,2026-10-09 23:27:19,6.628000000000043,81.89251155853272,11.54076408585906,938.47,12.878375
52.0,-62.0,2026-10-09 23:27:19,8.923000000000002,69.61751155853271,8.480764085859061,948.66,13.65475
52.0,-61.5,2026-10-09 23:27:19,7.505000000000052,74.99251155853271,7.238764085859061,938.86,13.181625
52.0,-61.0,2026-10-09 23:27:19,6.537000000000035,77.56751155853271,6.75276408585906,943.19,6.74625
52.0,-60.5,2026-10-09 23:27:19,6.5890000000000555,77.51751155853272,8.13876408585906,951.86,5.559875
52.0,-60.0,2026-10-09 23:27:19,5.79400000000004,80.96751155853272,10.33476408585906,955.86,7.3395
52.0,-59.5,2026-10-09 23:27:19,5.206000000000017,81.74251155853273,11.774764085859061,950.25,9.54825
52.0,-59.0,2026-10-09 23:27:19,6.094000000000051,80.06751155853271,12.566764085859061,959.08,10.440875
52.0,-58.5,2026-10-09 23:27:19,6.584000000000003,78.86751155853273,11.68476408585906,958.63,11.671125
52.0,-58.0,2026-10-09 23:27:19,7.423000000000002,76.64251155853272,12.96276408585906,955.97,9.946875
52.0,-57.5,2026-10-09 23:27:19,9.172000000000025,70.19251155853271,14.726764085859061,956.33,14.547375
52.0,-57.0,2026-10-09 23:27:19,9.79000000000002,70.19251155853271,17.94876408585906,954.21,7.816375
52.0,-56.5,2026-10-09 23:27:19,11.600000000000023,65.79251155853272,15.194764085859061,971.52,6.691
52.0,-56.0,2026-10-09 23:27:19,12.061000000000035,66.56751155853271,15.24876408585906,973.11,5.643875
52.0,-55.5,2026-10-09 23:27:19,7.625000000000057,91.89251155853272,38.43276408585906,999.88,3.637375
52.5,-131.5,2026-10-09 23:27:19,12.91500000000002,59.21979522705078,17.24757035788894,999.28,14.39475
52.5,-129.0,2026-10-09 23:27:19,11.642000000000053,71.29479522705078,27.309570357888937,1010.03,14.48625
52.5,-128.5,2026-10-09 23:27:19,10.473000000000013,77.36979522705079,7.887570357888938,988.8,39.888375
52.5,-128.0,2026-10-09 23:27:19,11.174000000000035,70.11979522705079,3.837570357888937,996.95,58.649
52.5,-127.5,2026-10-09 23:27:19,5.586000000000013,86.71979522705078,5.115570357888937,934.07,79.872125
52.5,-127.0,2026-10-09 23:27:19,1.2690000000000055,90.24479522705079,5.745570357888937,867.78,94.12762500000001
52.5,-126.5,2026-10-09 23:27:19,0.4730000000000132,91.39479522705079,6.447570357888937,852.38,65.69475
52.5,-126.0,2026-10-09 23:27:19,-2.5909999999999513,97.61979522705079,13.539570357888937,811.38,51.128375
52.5,-125.5,2026-10-09 23:27:19,3.4350000000000023,74.61979522705079,8.661570357888937,870.63,12.435875000000001
52.5,-125.0,2026-10-09 23:27:19,1.677000000000021,85.99479522705079,12.261570357888937,858.36,12.210875
52.5,-124.5,2026-10-09 23:27:19,3.5960000000000036,74.49479522705079,15.213570357888937,859.53,7.25175
52.5,-124.0,2026-10-09 23:27:19,3.3870000000000005,82.31979522705079,10.929570357888936,864.21,10.477125000000001
52.5,-123.5,2026-10-09 23:27:19,5.008000000000038,80.56979522705079,10.443570357888937,879.37,6.30575
52.5,-123.0,2026-10-09 23:27:19,5.064000000000021,73.41979522705078,12.711570357888938,869.19,5.426375
52.5,-122.5,2026-10-09 23:27:19,8.985000000000014,66.54479522705078,7.941570357888937,923.09,4.04925
52.5,-122.0,2026-10-09 23:27:19,5.984000000000037,80.69479522705079,10.353570357888938,896.12,4.674875
52.5,-121.5,2026-10-09 23:27:19,6.616000000000042,78.76979522705079,16.56357035788894,907.07,4.913375
52.5,-121.0,2026-10-09 23:27:19,7.1580000000000155,76.24479522705079,26.157570357888936,901.06,7.2078750000000005
52.5,-120.5,2026-10-09 23:27:19,0.5740000000000123,94.71979522705078,20.937570357888937,808.58,10.820375
52.5,-120.0,2026-10-09 23:27:19,2.0050000000000523,95.9412452697754,6.91727324706316,820.42,12.607625
52.5,-119.5,2026-10-09 23:27:19,3.834000000000003,91.8162452697754,5.53127324706316,819.64,9.193375
52.5,-119.0,2026-10-09 23:27:19,-0.002999999999985903,99.99124526977539,11.75927324706316,782.28,2.5005
52.5,-118.5,2026-10-09 23:27:19,0.036000000000001364,99.36624526977539,6.8632732470631606,770.14,1.5602500000000001
52.5,-118.0,2026-10-09 23:27:19,-0.37599999999997635,99.3412452697754,8.951273247063162,760.22,2.059875
52.5,-117.5,2026-10-09 23:27:19,0.43100000000004,99.4412452697754,9.239273247063162,766.28,0.486375
52.5,-117.0,2026-10-09 23:27:19,3.0190000000000055,74.04124526977539,11.95727324706316,744.61,0.5055000000000001
52.5,-116.5,2026-10-09 23:27:19,8.15300000000002,51.96624526977539,8.861273247063162,782.47,0.017125
52.5,-116.0,2026-10-09 23:27:19,12.620000000000005,46.69124526977539,6.89927324706316,829.11,0.003875
52.5,-115.5,2026-10-09 23:27:19,14.487000000000023,42.891245269775396,9.02327324706316,860.61,0.0305
52.5,-115.0,2026-10-09 23:27:19,14.185000000000002,57.19124526977539,5.279273247063161,885.6,0.37
52.5,-114.5,2026-10-09 23:27:19,15.81800000000004,44.86624526977539,2.93927324706316,885.57,0.598875
52.5,-114.0,2026-10-09 23:27:19,7.532000000000039,81.4412452697754,3.9292732470631604,891.82,0.23075
52.5,-113.5,2026-10-09 23:27:19,13.469000000000051,51.69124526977539,4.14527324706316,894.0,0.267
52.5,-113.0,2026-10-09 23:27:19,12.034000000000049,57.19124526977539,2.20127324706316,902.99,0.2995
52.5,-112.5,2026-10-09 23:27:19,12.827000000000055,49.516245269775396,3.33527324706316,906.19,0.192625
52.5,-112.0,2026-10-09 23:27:19,13.001000000000033,54.19124526977539,1.44527324706316,911.58,0.33375
52.5,-111.5,2026-10-09 23:27:19,11.611000000000047,69.3412452697754,7.04327324706316,908.24,0.40625
52.5,-111.0,2026-10-09 23:27:19,11.834000000000003,59.71624526977539,13.811273247063161,912.11,0.50925
52.5,-110.5,2026-10-09 23:27:19,11.56800000000004,61.541245269775395,15.233273247063162,915.1,0.444375
52.5,-110.0,2026-10-09 23:27:19,10.140000000000043,59.200856399536136,22.197968968212606,916.5,0.434875
52.5,-109.5,2026-10-09 23:27:19,9.746000000000038,63.05085639953614,25.239968968212604,918.81,0.440625
52.5,-109.0,2026-10-09 23:27:19,9.523000000000025,66.72585639953614,26.139968968212603,918.08,0.347125
52.5,-108.5,2026-10-09 23:27:19,9.28000000000003,69.40085639953614,28.335968968212605,914.03,0.86975
52.5,-108.0,2026-10-09 23:27:19,10.189000000000021,62.25085639953613,29.0919689682126,923.19,1.23025
52.5,-107.5,2026-10-09 23:27:19,11.365000000000009,56.450856399536136,30.261968968212607,934.58,0.96125
52.5,-107.0,2026-10-09 23:27:19,11.386000000000024,58.200856399536136,29.253968968212607,938.72,1.543
52.5,-106.5,2026-10-09 23:27:19,10.749000000000024,64.15085639953614,30.855968968212604,938.05,2.231625
52.5,-106.0,2026-10-09 23:27:19,10.087000000000046,70.10085639953614,32.90796896821261,940.34,1.926375
52.5,-105.5,2026-10-09 23:27:19,10.606000000000051,66.40085639953614,37.82196896821261,936.94,1.293125
52.5,-105.0,2026-10-09 23:27:19,10.603000000000009,66.57585639953614,38.433968968212604,939.56,0.9460000000000001
52.5,-104.5,2026-10-09 23:27:19,10.846000000000004,59.850856399536134,31.071968968212605,939.34,0.57025
52.5,-104.0,2026-10-09 23:27:19,9.364000000000033,69.50085639953613,22.395968968212603,937.81,0.629375
52.5,-103.5,2026-10-09 23:27:19,8.340000000000032,81.80085639953614,31.449968968212605,938.1,0.677125
52.5,-103.0,2026-10-09 23:27:19,7.812000000000012,84.90085639953614,16.401968968212604,944.77,0.719125
52.5,-102.5,2026-10-09 23:27:19,7.739000000000033,85.45085639953614,13.683968968212605,948.14,0.347125
52.5,-102.0,2026-10-09 23:27:19,6.5540000000000305,85.50085639953613,19.587968968212607,930.08,0.032375
52.5,-101.5,2026-10-09 23:27:19,5.63900000000001,90.07585639953614,20.055968968212607,922.05,0.017125
52.5,-101.0,2026-10-09 23:27:19,8.861000000000047,91.50085639953613,10.209968968212605,977.28,0.0935
52.5,-100.5,2026-10-09 23:27:19,8.65300000000002,89.47585639953614,14.619968968212603,976.27,0.055375
52.5,-100.0,2026-10-09 23:27:19,9.508000000000038,84.85085639953614,24.429968968212606,981.05,0.042
52.5,-99.5,2026-10-09 23:27:19,8.80600000000004,84.32585639953614,17.679968968212606,980.14,0.0
52.5,-99.0,2026-10-09 23:27:19,9.330000000000041,80.02585639953614,10.443968968212605,982.1,0.007625
52.5,-98.5,2026-10-09 23:27:19,11.711000000000013,71.50085639953613,24.393968968212608,986.0,0.0
52.5,-98.0,2026-10-09 23:27:19,11.883000000000038,74.67585639953613,24.159968968212606,986.55,0.0
52.5,-97.5,2026-10-09 23:27:19,10.58200000000005,83.40085639953614,25.239968968212604,987.36,0.0
52.5,-97.0,2026-10-09 23:27:19,9.366000000000042,74.02585639953614,6.7719689682126045,986.41,0.0
52.5,-96.5,2026-10-09 23:27:19,10.33200000000005,71.02585639953614,7.4739689682126045,983.13,0.0
52.5,-96.0,2026-10-09 23:27:19,9.711000000000013,73.92585639953613,8.391968968212606,980.16,0.007625
52.5,-95.5,2026-10-09 23:27:19,9.637,72.50085639953613,9.957968968212606,977.81,0.074375
52.5,-95.0,2026-10-09 23:27:19,9.654000000000053,74.91960468292237,8.288908852636814,975.75,0.04
52.5,-94.5,2026-10-09 23:27:19,9.440000000000055,79.24460468292237,10.628908852636814,973.08,0.0
52.5,-94.0,2026-10-09 23:27:19,10.446000000000026,69.11960468292237,10.250908852636814,974.8,0.16975
52.5,-93.5,2026-10-09 23:27:19,10.073000000000036,70.54460468292237,6.236908852636814,975.35,0.166
52.5,-93.0,2026-10-09 23:27:19,8.755000000000052,74.26960468292236,7.928908852636814,977.69,0.146875
52.5,-92.5,2026-10-09 23:27:19,9.503000000000043,65.31960468292236,5.8229088526368145,975.33,0.028625
52.5,-92.0,2026-10-09 23:27:19,8.911000000000001,71.76960468292236,5.714908852636815,975.27,0.0915
52.5,-91.5,2026-10-09 23:27:19,7.399000000000001,76.34460468292237,5.336908852636814,976.49,0.3795
52.5,-91.0,2026-10-09 23:27:19,8.281000000000006,72.24460468292237,3.7349088526368144,975.35,1.0166250000000001
52.5,-90.5,2026-10-09 23:27:19,8.479000000000042,73.09460468292237,3.7709088526368144,975.95,0.892625
52.5,-90.0,2026-10-09 23:27:19,8.189000000000021,76.04460468292237,4.670908852636814,979.61,2.37275
52.5,-89.5,2026-10-09 23:27:19,8.366000000000042,72.64460468292236,6.020908852636815,980.39,2.80575
52.5,-89.0,2026-10-09 23:27:19,8.463000000000022,71.11960468292237,7.298908852636814,980.69,2.02175
52.5,-88.5,2026-10-09 23:27:19,7.536000000000001,72.81960468292236,5.498908852636815,983.25,1.7910000000000001
52.5,-88.0,2026-10-09 23:27:19,7.638000000000034,69.36960468292237,9.296908852636815,986.8,0.265125
52.5,-87.5,2026-10-09 23:27:19,6.160000000000025,78.51960468292236,10.538908852636814,988.56,0.04
52.5,-87.0,2026-10-09 23:27:19,7.7760000000000105,72.54460468292237,8.342908852636814,991.45,0.0115
52.5,-86.5,2026-10-09 23:27:19,8.004000000000019,67.74460468292237,6.812908852636815,995.7,0.017125
52.5,-86.0,2026-10-09 23:27:19,7.057000000000016,70.56960468292236,5.768908852636814,997.03,0.04
52.5,-85.5,2026-10-09 23:27:19,6.648000000000025,65.21960468292237,7.154908852636814,996.99,0.02475
52.5,-85.0,2026-10-09 23:27:19,6.281000000000006,65.31960468292236,8.864908852636814,1001.06,0.055375
52.5,-84.5,2026-10-09 23:27:19,5.953000000000031,61.39460468292236,9.710908852636814,1000.74,0.150625
52.5,-84.0,2026-10-09 23:27:19,6.108000000000004,59.29460468292237,11.006908852636814,1005.31,0.02475
52.5,-83.5,2026-10-09 23:27:19,6.307000000000016,58.969604682922366,11.870908852636815,1010.1,0.0115
52.5,-83.0,2026-10-09 23:27:19,6.490000000000009,61.44460468292237,12.914908852636815,1012.16,0.04
52.5,-82.5,2026-10-09 23:27:19,6.522000000000048,61.56960468292237,13.382908852636815,1014.33,0.022875
52.5,-82.0,2026-10-09 23:27:19,6.423000000000002,65.04460468292237,14.588908852636814,1015.02,0.09725
52.5,-81.5,2026-10-09 23:27:19,5.534000000000049,77.01960468292236,31.490908852636817,1016.03,1.2473750000000001
52.5,-79.5,2026-10-09 23:27:19,6.263000000000034,70.76960468292236,36.31490885263682,1013.55,7.047625
52.5,-78.5,2026-10-09 23:27:19,5.145000000000039,79.01960468292236,22.688908852636814,1010.52,10.58
52.5,-78.0,2026-10-09 23:27:19,3.7410000000000423,94.21960468292237,16.820908852636816,1000.39,9.040875
52.5,-77.5,2026-10-09 23:27:19,3.091000000000008,92.26960468292236,20.294908852636816,989.91,6.25225
52.5,-77.0,2026-10-09 23:27:19,3.2770000000000437,90.91960468292237,22.634908852636816,987.58,5.23
52.5,-76.5,2026-10-09 23:27:19,3.039000000000044,93.14460468292236,28.646908852636816,981.88,6.79975
52.5,-76.0,2026-10-09 23:27:19,3.188000000000045,95.74460468292237,22.094908852636813,977.83,11.667250000000001
52.5,-75.5,2026-10-09 23:27:19,3.0400000000000205,95.16960468292237,27.152908852636816,971.25,6.50025
52.5,-75.0,2026-10-09 23:27:19,2.3570000000000277,97.54460468292237,21.716908852636816,962.77,6.944625
52.5,-74.5,2026-10-09 23:27:19,2.2340000000000373,98.06960468292237,18.782908852636815,960.67,4.8561250000000005
52.5,-74.0,2026-10-09 23:27:19,1.774000000000001,97.19460468292237,18.692908852636812,955.13,4.0512500000000005
52.5,-73.5,2026-10-09 23:27:19,1.3710000000000377,97.66960468292237,20.834908852636815,949.91,3.4122500000000002
52.5,-73.0,2026-10-09 23:27:19,2.3570000000000277,94.24460468292237,24.110908852636815,948.06,3.8395
52.5,-72.5,2026-10-09 23:27:19,2.598000000000013,93.69460468292237,20.618908852636814,953.14,2.3575
52.5,-72.0,2026-10-09 23:27:19,1.6100000000000136,96.06960468292237,19.430908852636815,948.42,4.8637500000000005
52.5,-71.5,2026-10-09 23:27:19,1.5170000000000528,93.34460468292237,17.918908852636815,945.42,7.743875
52.5,-71.0,2026-10-09 23:27:19,1.7310000000000514,89.64460468292236,19.196908852636817,939.92,6.8416250000000005
52.5,-70.5,2026-10-09 23:27:19,0.7320000000000277,90.11960468292237,20.690908852636817,921.28,6.347625
52.5,-70.0,2026-10-09 23:27:19,2.3870000000000005,83.29460468292237,18.296908852636815,932.94,2.611125
52.5,-69.5,2026-10-09 23:27:19,1.9840000000000373,86.81960468292237,18.638908852636813,928.45,6.54225
52.5,-69.0,2026-10-09 23:27:19,1.5330000000000155,91.86960468292237,17.630908852636814,925.64,5.659125
52.5,-68.5,2026-10-09 23:27:19,0.7690000000000055,97.64460468292236,17.684908852636816,925.6,4.837
52.5,-68.0,2026-10-09 23:27:19,0.28300000000001546,98.49460468292237,17.666908852636816,925.02,2.47
52.5,-67.5,2026-10-09 23:27:19,0.47600000000005593,99.06751155853271,17.87676408585906,923.1,2.5825
52.5,-67.0,2026-10-09 23:27:19,3.0810000000000173,95.16751155853272,18.182764085859063,933.94,3.362625
52.5,-66.5,2026-10-09 23:27:19,5.066000000000031,89.76751155853272,19.856764085859062,938.74,7.816375
52.5,-66.0,2026-10-09 23:27:19,5.372000000000014,83.56751155853271,16.382764085859062,938.64,8.83675
52.5,-65.5,2026-10-09 23:27:19,5.249000000000024,85.41751155853272,12.13476408585906,937.58,2.895375
52.5,-65.0,2026-10-09 23:27:19,5.1860000000000355,88.51751155853272,9.39876408585906,937.5,0.90025
52.5,-64.5,2026-10-09 23:27:19,4.108000000000004,94.71751155853272,6.716764085859061,941.38,1.716625
52.5,-64.0,2026-10-09 23:27:19,2.1890000000000214,96.24251155853273,5.240764085859061,941.44,3.734625
52.5,-63.5,2026-10-09 23:27:19,2.8450000000000273,94.06751155853271,9.95676408585906,931.16,3.70025
52.5,-63.0,2026-10-09 23:27:19,1.8360000000000127,98.31751155853271,8.80476408585906,941.53,6.91225
52.5,-62.5,2026-10-09 23:27:19,2.6550000000000296,97.34251155853272,4.826764085859061,948.22,7.902125
52.5,-62.0,2026-10-09 23:27:19,6.244000000000028,84.74251155853273,5.420764085859061,951.35,14.055250000000001
52.5,-61.5,2026-10-09 23:27:19,5.491000000000042,86.41751155853272,3.4407640858590605,954.35,16.985
52.5,-61.0,2026-10-09 23:27:19,5.585000000000036,85.81751155853271,8.28276408585906,957.96,17.54
52.5,-60.5,2026-10-09 23:27:19,5.959000000000003,81.16751155853272,9.03876408585906,954.52,9.744625000000001
52.5,-60.0,2026-10-09 23:27:19,5.2660000000000196,82.49251155853273,14.060764085859061,947.47,8.262625
52.5,-59.5,2026-10-09 23:27:19,5.066000000000031,80.09251155853272,11.810764085859061,945.71,11.49175
52.5,-59.0,2026-10-09 23:27:19,4.539000000000044,82.79251155853272,11.810764085859061,938.18,11.606250000000001
52.5,-58.5,2026-10-09 23:27:19,5.920000000000016,78.69251155853271,12.296764085859062,957.21,4.7798750000000005
52.5,-58.0,2026-10-09 23:27:19,6.309000000000026,77.54251155853272,17.62476408585906,953.8,5.45125
52.5,-57.5,2026-10-09 23:27:19,6.961000000000013,77.21751155853272,15.860764085859062,956.25,3.3875
52.5,-57.0,2026-10-09 23:27:19,8.80400000000003,74.24251155853271,16.850764085859062,974.36,4.49375
52.5,-56.5,2026-10-09 23:27:19,9.747000000000014,71.79251155853272,16.54476408585906,970.14,6.601375
52.5,-56.0,2026-10-09 23:27:19,11.700000000000045,68.94251155853271,21.728764085859062,993.21,6.641375
53.0,-132.5,2026-10-09 23:27:19,12.564000000000021,71.19479522705079,44.319570357888935,1015.76,5.405375
53.0,-132.0,2026-10-09 23:27:19,10.097000000000037,68.96979522705078,10.281570357888938,964.24,8.2455
53.0,-131.5,2026-10-09 23:27:19,12.444000000000017,69.34479522705078,30.333570357888938,1014.33,6.0691250000000005
53.0,-129.5,2026-10-09 23:27:19,10.998000000000047,75.04479522705078,24.843570357888936,1012.28,5.70675
53.0,-129.0,2026-10-09 23:27:19,10.518000000000029,70.74479522705079,5.691570357888938,981.13,37.796
53.0,-128.5,2026-10-09 23:27:19,9.334000000000003,71.41979522705078,4.665570357888937,967.04,29.338875
53.0,-128.0,2026-10-09 23:27:19,6.126000000000033,84.99479522705079,4.6115703578889375,930.27,68.182
53.0,-127.5,2026-10-09 23:27:19,6.477000000000032,75.14479522705078,3.387570357888937,918.85,46.47825
53.0,-127.0,2026-10-09 23:27:19,1.5570000000000164,87.81979522705079,3.405570357888937,866.17,50.859500000000004
53.0,-126.5,2026-10-09 23:27:19,0.313000000000045,85.59479522705078,7.383570357888938,832.27,56.93625
53.0,-126.0,2026-10-09 23:27:19,3.437000000000012,93.84479522705078,7.257570357888937,896.49,13.649000000000001
53.0,-125.5,2026-10-09 23:27:19,1.8770000000000095,97.26979522705079,11.775570357888938,876.95,10.9635
53.0,-125.0,2026-10-09 23:27:19,2.6270000000000095,96.46979522705078,12.153570357888938,882.44,9.4395
53.0,-124.5,2026-10-09 23:27:19,1.4110000000000014,93.49479522705079,12.891570357888936,856.13,8.550625
53.0,-124.0,2026-10-09 23:27:19,2.066000000000031,91.66979522705078,14.637570357888936,862.69,6.940875
53.0,-123.5,2026-10-09 23:27:19,4.036000000000001,86.01979522705079,10.695570357888938,891.67,15.377
53.0,-123.0,2026-10-09 23:27:19,5.102000000000032,79.49479522705079,9.651570357888938,898.61,17.314875
53.0,-122.5,2026-10-09 23:27:19,7.448000000000036,80.61979522705079,8.301570357888938,941.74,17.738375
53.0,-122.0,2026-10-09 23:27:19,2.9350000000000023,95.71979522705078,12.081570357888937,885.97,24.25
53.0,-121.5,2026-10-09 23:27:19,-1.4319999999999595,94.31979522705079,11.415570357888939,813.03,29.666875
53.0,-121.0,2026-10-09 23:27:19,1.438000000000045,96.99479522705079,7.185570357888937,855.56,14.036125
53.0,-120.5,2026-10-09 23:27:19,-4.98599999999999,98.49479522705079,19.94757035788894,736.95,63.25725
53.0,-120.0,2026-10-09 23:27:19,-1.2269999999999754,96.5162452697754,10.49927324706316,757.07,28.69225
53.0,-119.5,2026-10-09 23:27:19,7.763000000000034,96.6412452697754,6.23327324706316,893.67,6.567
53.0,-119.0,2026-10-09 23:27:19,3.0990000000000464,98.6412452697754,7.87127324706316,810.71,20.223625000000002
53.0,-118.5,2026-10-09 23:27:19,0.424000000000035,96.49124526977539,6.01727324706316,769.27,21.9555
53.0,-118.0,2026-10-09 23:27:19,5.442000000000007,83.6662452697754,6.32327324706316,811.74,3.767
53.0,-117.5,2026-10-09 23:27:19,2.7380000000000564,82.61624526977539,15.10727324706316,766.07,1.428625
53.0,-117.0,2026-10-09 23:27:19,5.449000000000012,91.4662452697754,7.06127324706316,818.75,0.110625
53.0,-116.5,2026-10-09 23:27:19,6.343000000000018,85.8162452697754,9.76127324706316,854.97,0.419625
53.0,-116.0,2026-10-09 23:27:19,7.826000000000022,77.9412452697754,12.317273247063161,867.71,1.068125
53.0,-115.5,2026-10-09 23:27:19,8.208000000000027,74.29124526977539,10.355273247063161,885.64,1.041375
53.0,-115.0,2026-10-09 23:27:19,9.478000000000009,69.5912452697754,6.52127324706316,893.66,1.010875
53.0,-114.5,2026-10-09 23:27:19,10.212000000000046,64.11624526977539,5.36927324706316,892.49,1.010875
53.0,-114.0,2026-10-09 23:27:19,8.16500000000002,74.16624526977539,6.44927324706316,897.58,1.237875
53.0,-113.5,2026-10-09 23:27:19,10.755000000000052,65.1912452697754,2.90327324706316,904.88,1.3695
53.0,-113.0,2026-10-09 23:27:19,10.510000000000048,69.7662452697754,3.80327324706316,908.66,1.211125
53.0,-112.5,2026-10-09 23:27:19,10.812000000000012,67.24124526977539,8.105273247063161,911.28,0.841125
53.0,-112.0,2026-10-09 23:27:19,11.382000000000005,58.391245269775396,13.55927324706316,913.83,0.9842500000000001
53.0,-111.5,2026-10-09 23:27:19,10.43100000000004,65.74124526977539,16.241273247063162,914.08,1.113875
53.0,-111.0,2026-10-09 23:27:19,10.398000000000025,65.29124526977539,20.09327324706316,914.32,0.959375
53.0,-110.5,2026-10-09 23:27:19,11.346000000000004,57.86624526977539,24.287273247063162,921.0,1.052875
53.0,-110.0,2026-10-09 23:27:19,9.346000000000004,67.45085639953614,24.771968968212605,922.95,1.926375
53.0,-109.5,2026-10-09 23:27:19,9.784000000000049,66.55085639953613,29.235968968212607,926.61,3.13375
53.0,-109.0,2026-10-09 23:27:19,10.519000000000005,59.87585639953613,33.8799689682126,931.06,2.4947500000000002
53.0,-108.5,2026-10-09 23:27:19,10.43300000000005,63.30085639953614,35.679968968212606,933.39,1.916875
53.0,-108.0,2026-10-09 23:27:19,10.163000000000011,62.65085639953614,38.109968968212605,928.16,1.65175
53.0,-107.5,2026-10-09 23:27:19,8.788000000000011,66.90085639953614,35.499968968212606,914.39,1.4095
53.0,-107.0,2026-10-09 23:27:19,10.015000000000043,65.07585639953614,28.119968968212607,934.17,1.380875
53.0,-106.5,2026-10-09 23:27:19,9.451000000000022,72.77585639953614,31.593968968212604,941.1,1.4915
53.0,-106.0,2026-10-09 23:27:19,8.478000000000009,80.10085639953614,29.721968968212604,944.36,1.0795000000000001
53.0,-105.5,2026-10-09 23:27:19,8.935000000000002,75.02585639953614,38.0559689682126,949.06,0.564625
53.0,-105.0,2026-10-09 23:27:19,8.892000000000053,73.47585639953614,37.533968968212605,950.02,0.124
53.0,-104.5,2026-10-09 23:27:19,8.482000000000028,78.95085639953614,34.6179689682126,953.11,0.02675
53.0,-104.0,2026-10-09 23:27:19,8.221000000000004,84.37585639953613,28.911968968212605,958.94,0.116375
53.0,-103.5,2026-10-09 23:27:19,6.879000000000019,91.70085639953614,19.803968968212605,949.8,0.055375
53.0,-103.0,2026-10-09 23:27:19,5.837000000000046,95.20085639953614,18.993968968212606,939.52,0.07062500000000001
53.0,-102.5,2026-10-09 23:27:19,5.748000000000047,96.32585639953614,16.545968968212605,953.66,0.23650000000000002
53.0,-102.0,2026-10-09 23:27:19,7.187000000000012,94.95085639953614,12.729968968212606,970.03,0.516875
53.0,-101.5,2026-10-09 23:27:19,8.811000000000035,90.77585639953614,23.295968968212605,978.2,0.021
53.0,-101.0,2026-10-09 23:27:19,8.52800000000002,91.20085639953614,12.351968968212606,979.91,0.003875
53.0,-100.5,2026-10-09 23:27:19,10.282000000000039,80.97585639953614,21.243968968212606,981.03,0.0
53.0,-100.0,2026-10-09 23:27:19,9.349000000000046,80.95085639953614,10.209968968212605,979.42,0.0
53.0,-99.5,2026-10-09 23:27:19,10.076000000000022,77.10085639953614,15.969968968212603,980.6,0.0
53.0,-99.0,2026-10-09 23:27:19,11.458000000000027,81.20085639953614,15.105968968212606,984.55,0.0
53.0,-98.5,2026-10-09 23:27:19,11.506000000000029,77.22585639953614,16.617968968212605,985.58,0.01525
53.0,-98.0,2026-10-09 23:27:19,11.187000000000012,81.55085639953614,24.105968968212608,987.19,0.001875
53.0,-97.5,2026-10-09 23:27:19,10.163000000000011,79.67585639953614,15.951968968212604,987.6,0.003875
53.0,-97.0,2026-10-09 23:27:19,9.612000000000023,71.62585639953613,6.105968968212604,985.33,0.02675
53.0,-96.5,2026-10-09 23:27:19,9.873000000000047,68.87585639953613,7.437968968212605,982.64,0.003875
53.0,-96.0,2026-10-09 23:27:19,10.351000000000056,64.50085639953613,7.563968968212605,980.36,0.0
53.0,-95.5,2026-10-09 23:27:19,10.637,62.17585639953614,7.8519689682126055,979.47,0.0095
53.0,-95.0,2026-10-09 23:27:19,10.660000000000025,60.31960468292237,7.730908852636815,978.7,0.007625
53.0,-94.5,2026-10-09 23:27:19,10.676000000000045,60.54460468292237,5.948908852636815,978.22,0.0115
53.0,-94.0,2026-10-09 23:27:19,10.019000000000005,64.14460468292236,5.4269088526368146,978.67,0.0
53.0,-93.5,2026-10-09 23:27:19,9.166000000000054,69.16960468292237,6.398908852636815,981.58,0.049625
53.0,-93.0,2026-10-09 23:27:19,6.856000000000051,83.66960468292237,5.534908852636814,984.38,0.019125
53.0,-92.5,2026-10-09 23:27:19,8.745000000000005,73.26960468292236,2.4929088526368144,982.28,0.042
53.0,-92.0,2026-10-09 23:27:19,6.9360000000000355,75.26960468292236,4.670908852636814,983.24,0.27087500000000003
53.0,-91.5,2026-10-09 23:27:19,7.810000000000002,78.31960468292237,3.5909088526368143,981.27,0.721
53.0,-91.0,2026-10-09 23:27:19,7.484000000000037,80.74460468292237,3.014908852636814,981.8,1.123375
53.0,-90.5,2026-10-09 23:27:19,7.897000000000048,72.16960468292237,5.192908852636815,978.92,0.81825
53.0,-90.0,2026-10-09 23:27:19,6.725000000000023,77.61960468292237,2.042908852636814,986.1,1.838625
53.0,-89.5,2026-10-09 23:27:19,7.453000000000031,66.79460468292237,6.452908852636814,987.35,1.026125
53.0,-89.0,2026-10-09 23:27:19,6.604000000000042,69.64460468292236,8.684908852636815,988.45,0.2975
53.0,-88.5,2026-10-09 23:27:19,6.722000000000037,71.09460468292237,8.972908852636815,989.35,0.017125
53.0,-88.0,2026-10-09 23:27:19,4.497000000000014,90.89460468292236,12.140908852636816,992.0,0.00575
53.0,-87.5,2026-10-09 23:27:19,6.1650000000000205,81.49460468292237,11.924908852636815,993.67,0.019125
53.0,-87.0,2026-10-09 23:27:19,6.992000000000019,74.46960468292237,3.5369088526368144,994.83,0.042
53.0,-86.5,2026-10-09 23:27:19,6.702000000000055,69.61960468292237,2.7269088526368144,997.42,0.038125
53.0,-86.0,2026-10-09 23:27:19,6.349000000000046,67.74460468292237,5.246908852636814,999.85,0.177375
53.0,-85.5,2026-10-09 23:27:19,5.835000000000036,68.71960468292237,6.578908852636815,1003.52,0.352875
53.0,-85.0,2026-10-09 23:27:19,5.8870000000000005,62.469604682922366,9.260908852636815,1004.89,0.11825000000000001
53.0,-84.5,2026-10-09 23:27:19,5.965000000000032,62.69460468292237,10.952908852636815,1005.19,0.043875000000000004
53.0,-84.0,2026-10-09 23:27:19,5.990000000000009,61.91960468292237,12.014908852636815,1005.99,0.07825
53.0,-83.5,2026-10-09 23:27:19,6.288000000000011,59.01960468292236,12.860908852636815,1009.5,0.10875
53.0,-83.0,2026-10-09 23:27:19,6.330000000000041,61.994604682922365,13.094908852636815,1011.97,0.104875
53.0,-82.5,2026-10-09 23:27:19,6.281000000000006,64.91960468292237,13.760908852636815,1014.95,0.124
53.0,-82.0,2026-10-09 23:27:19,4.676000000000045,77.26960468292236,26.198908852636816,1015.66,0.227
53.0,-81.5,2026-10-09 23:27:19,4.3110000000000355,81.51960468292236,22.400908852636814,1012.81,0.65425
53.0,-81.0,2026-10-09 23:27:19,4.357000000000028,82.91960468292237,23.210908852636816,1013.19,3.934875
53.0,-79.0,2026-10-09 23:27:19,5.923000000000002,71.16960468292237,36.35090885263681,1012.5,7.041875
53.0,-78.5,2026-10-09 23:27:19,4.356000000000051,86.89460468292236,18.062908852636813,1005.64,10.444625
53.0,-78.0,2026-10-09 23:27:19,3.209000000000003,92.54460468292237,20.204908852636816,994.99,13.78825
53.0,-77.5,2026-10-09 23:27:19,3.529000000000053,85.11960468292237,23.012908852636816,987.27,11.493625
53.0,-77.0,2026-10-09 23:27:19,2.7480000000000473,92.96960468292237,26.216908852636816,983.88,8.602125000000001
53.0,-76.5,2026-10-09 23:27:19,3.1720000000000255,92.79460468292237,25.640908852636816,983.41,10.425625
53.0,-76.0,2026-10-09 23:27:19,3.965000000000032,94.96960468292237,26.342908852636818,981.6,6.3877500000000005
53.0,-75.5,2026-10-09 23:27:19,3.896000000000015,96.79460468292237,21.194908852636814,970.22,9.286875
53.0,-75.0,2026-10-09 23:27:19,3.7520000000000095,97.69460468292237,19.160908852636815,960.67,6.8416250000000005
53.0,-74.5,2026-10-09 23:27:19,4.955000000000041,92.91960468292237,14.444908852636814,963.45,4.66725
53.0,-74.0,2026-10-09 23:27:19,3.525000000000034,94.24460468292237,12.716908852636815,958.27,3.12425
53.0,-73.5,2026-10-09 23:27:19,4.131000000000029,91.06960468292237,16.712908852636815,960.3,1.6556250000000001
53.0,-73.0,2026-10-09 23:27:19,3.1340000000000146,96.31960468292237,13.436908852636815,950.74,1.977875
53.0,-72.5,2026-10-09 23:27:19,2.3800000000000523,92.16960468292237,13.580908852636815,944.8,2.138125
53.0,-72.0,2026-10-09 23:27:19,1.5750000000000455,92.66960468292237,12.248908852636815,939.77,3.21775
53.0,-71.5,2026-10-09 23:27:19,1.6990000000000123,90.09460468292237,13.616908852636815,939.66,4.22475
53.0,-71.0,2026-10-09 23:27:19,2.1020000000000323,88.31960468292237,15.542908852636813,939.8,5.992875
53.0,-70.5,2026-10-09 23:27:19,3.0050000000000523,83.11960468292237,17.378908852636815,936.88,5.7945
53.0,-70.0,2026-10-09 23:27:19,2.0780000000000314,84.54460468292237,17.378908852636815,922.91,2.80375
53.0,-69.5,2026-10-09 23:27:19,2.250000000000057,83.49460468292237,17.576908852636816,922.39,2.019875
53.0,-69.0,2026-10-09 23:27:19,2.271000000000015,87.64460468292236,17.198908852636816,925.77,4.013
53.0,-68.5,2026-10-09 23:27:19,1.9630000000000223,93.11960468292237,19.880908852636814,926.25,3.2138750000000003
53.0,-68.0,2026-10-09 23:27:19,1.9860000000000468,96.61960468292237,21.338908852636816,925.97,4.734
53.0,-67.5,2026-10-09 23:27:19,4.111000000000047,95.49251155853273,10.280764085859062,928.41,3.12425
53.0,-67.0,2026-10-09 23:27:19,3.173000000000002,95.41751155853272,5.852764085859061,916.91,5.901375
53.0,-66.5,2026-10-09 23:27:19,4.352000000000032,96.44251155853271,4.538764085859061,933.68,3.538125
53.0,-66.0,2026-10-09 23:27:19,3.9600000000000364,99.29251155853272,2.10876408585906,931.47,8.932125000000001
53.0,-65.5,2026-10-09 23:27:19,2.8880000000000337,97.06751155853271,3.7107640858590605,938.1,1.936
53.0,-65.0,2026-10-09 23:27:19,2.178000000000054,99.66751155853272,4.160764085859061,934.18,1.916875
53.0,-64.5,2026-10-09 23:27:19,3.819000000000017,94.94251155853271,10.47876408585906,943.32,0.665625
53.0,-64.0,2026-10-09 23:27:19,4.220000000000027,90.64251155853272,9.992764085859061,929.33,2.75425
53.0,-63.5,2026-10-09 23:27:19,2.6890000000000214,98.86751155853273,9.05676408585906,929.07,2.761875
53.0,-63.0,2026-10-09 23:27:19,4.795000000000016,94.91751155853272,2.8467640858590606,948.22,2.6473750000000003
53.0,-62.5,2026-10-09 23:27:19,3.8530000000000086,94.94251155853271,1.6587640858590602,946.64,4.9266250000000005
53.0,-62.0,2026-10-09 23:27:19,2.5170000000000528,98.51751155853272,0.9927640858590603,957.18,10.61825
53.0,-61.5,2026-10-09 23:27:19,4.532000000000039,89.89251155853272,4.28676408585906,964.66,13.465875
53.0,-61.0,2026-10-09 23:27:19,4.413000000000011,88.79251155853272,5.870764085859061,953.74,13.09775
53.0,-60.5,2026-10-09 23:27:19,5.213000000000022,81.66751155853272,5.762764085859061,957.66,10.042250000000001
53.0,-60.0,2026-10-09 23:27:19,5.094000000000051,85.04251155853272,4.862764085859061,966.35,8.32175
53.0,-59.5,2026-10-09 23:27:19,3.590000000000032,92.11751155853273,10.802764085859062,943.18,12.40925
53.0,-59.0,2026-10-09 23:27:19,5.246000000000038,81.99251155853273,13.970764085859061,954.39,9.719875
53.0,-58.5,2026-10-09 23:27:19,5.882000000000005,80.61751155853273,14.348764085859061,958.16,9.231625000000001
53.0,-58.0,2026-10-09 23:27:19,6.117000000000019,81.56751155853271,16.23876408585906,957.35,4.99725
53.0,-57.5,2026-10-09 23:27:19,7.732000000000028,74.41751155853272,14.63676408585906,973.88,3.63925
53.0,-57.0,2026-10-09 23:27:19,6.069000000000017,82.01751155853272,16.99476408585906,948.58,6.650875
53.0,-56.5,2026-10-09 23:27:19,9.428000000000054,73.84251155853272,13.448764085859061,984.86,7.572125
53.0,-56.0,2026-10-09 23:27:19,9.29600000000005,82.54251155853272,16.616764085859064,993.46,9.5825
53.5,-133.0,2026-10-09 23:27:19,12.525000000000034,69.06979522705079,43.25757035788894,1016.13,7.968875000000001
53.5,-132.5,2026-10-09 23:27:19,10.301000000000045,68.24479522705079,11.973570357888937,970.22,5.971875
53.5,-132.0,2026-10-09 23:27:19,12.812000000000012,63.044795227050784,16.113570357888936,1008.17,4.713
53.5,-130.5,2026-10-09 23:27:19,10.734000000000037,76.06979522705079,31.97157035788894,1013.16,6.216
53.5,-130.0,2026-10-09 23:27:19,11.200000000000045,73.31979522705079,23.99757035788894,1010.78,7.099125
53.5,-129.5,2026-10-09 23:27:19,10.583000000000027,69.66979522705078,10.893570357888938,981.96,19.678125
53.5,-129.0,2026-10-09 23:27:19,11.217000000000041,73.61979522705079,3.0455703578889373,993.68,18.837
53.5,-128.5,2026-10-09 23:27:19,3.4700000000000273,82.69479522705079,4.467570357888937,881.43,52.66575
53.5,-128.0,2026-10-09 23:27:19,5.663000000000011,84.19479522705079,3.063570357888937,914.55,39.1865
53.5,-127.5,2026-10-09 23:27:19,1.257000000000005,85.66979522705078,7.905570357888937,846.35,33.929875
53.5,-127.0,2026-10-09 23:27:19,7.883000000000038,62.169795227050784,11.037570357888939,910.63,7.9555
53.5,-126.5,2026-10-09 23:27:19,1.358000000000004,87.44479522705079,12.279570357888938,850.03,36.5105
53.5,-126.0,2026-10-09 23:27:19,3.948000000000036,83.94479522705079,12.207570357888937,885.42,8.3065
53.5,-125.5,2026-10-09 23:27:19,1.920000000000016,97.61979522705079,14.997570357888938,874.86,12.9795
53.5,-125.0,2026-10-09 23:27:19,4.55800000000005,91.96979522705078,15.483570357888938,903.36,8.468625
53.5,-124.5,2026-10-09 23:27:19,2.893000000000029,96.04479522705078,11.919570357888936,889.2,9.599625
53.5,-124.0,2026-10-09 23:27:19,3.9500000000000455,84.44479522705079,10.515570357888938,895.24,12.36725
53.5,-123.5,2026-10-09 23:27:19,4.601000000000056,89.56979522705079,10.371570357888938,912.58,11.632875
53.5,-123.0,2026-10-09 23:27:19,3.501000000000033,91.49479522705079,11.541570357888936,904.06,17.099375000000002
53.5,-122.5,2026-10-09 23:27:19,2.7660000000000196,97.09479522705078,9.867570357888937,902.27,26.083000000000002
53.5,-122.0,2026-10-09 23:27:19,3.4770000000000323,85.54479522705078,6.519570357888937,891.85,26.28325
53.5,-121.5,2026-10-09 23:27:19,3.069000000000017,92.81979522705079,6.195570357888937,881.68,27.393375
53.5,-121.0,2026-10-09 23:27:19,-1.2379999999999995,94.81979522705079,10.749570357888938,814.38,59.038125
53.5,-120.5,2026-10-09 23:27:19,5.913000000000011,92.74479522705079,9.507570357888937,915.77,30.26775
53.5,-120.0,2026-10-09 23:27:19,0.4640000000000555,97.0412452697754,9.40127324706316,797.03,52.724875000000004
53.5,-119.5,2026-10-09 23:27:19,-0.6809999999999832,98.74124526977539,13.25327324706316,766.11,36.59825
53.5,-119.0,2026-10-09 23:27:19,-0.9909999999999854,97.8912452697754,7.349273247063159,766.58,19.083000000000002
53.5,-118.5,2026-10-09 23:27:19,2.6160000000000423,86.4162452697754,7.78127324706316,785.55,5.6515
53.5,-118.0,2026-10-09 23:27:19,5.060000000000002,89.5162452697754,9.545273247063161,839.8,1.38475
53.5,-117.5,2026-10-09 23:27:19,7.770000000000039,77.4162452697754,10.733273247063162,868.17,1.0013750000000001
53.5,-117.0,2026-10-09 23:27:19,7.520000000000039,82.0412452697754,14.15327324706316,875.1,2.534875
53.5,-116.5,2026-10-09 23:27:19,7.91700000000003,86.9162452697754,11.61527324706316,889.05,3.770875
53.5,-116.0,2026-10-09 23:27:19,7.842000000000041,83.86624526977539,8.285273247063161,887.42,2.67225
53.5,-115.5,2026-10-09 23:27:19,7.671000000000049,82.2662452697754,6.80927324706316,895.77,2.031375
53.5,-115.0,2026-10-09 23:27:19,8.545000000000016,77.2912452697754,3.42527324706316,905.05,2.302125
53.5,-114.5,2026-10-09 23:27:19,9.109000000000037,77.0912452697754,6.68327324706316,910.41,1.6155
53.5,-114.0,2026-10-09 23:27:19,9.867000000000019,74.0912452697754,9.40127324706316,912.13,2.1305
53.5,-113.5,2026-10-09 23:27:19,11.410000000000025,63.86624526977539,7.33127324706316,918.08,2.9545
53.5,-113.0,2026-10-09 23:27:19,9.301000000000045,78.49124526977539,11.41727324706316,907.99,3.128
53.5,-112.5,2026-10-09 23:27:19,9.726000000000056,74.6912452697754,19.28327324706316,917.38,2.11525
53.5,-112.0,2026-10-09 23:27:19,9.767000000000053,77.7912452697754,19.679273247063158,920.22,2.54825
53.5,-111.5,2026-10-09 23:27:19,9.761000000000024,73.2662452697754,22.883273247063162,917.46,2.435625
53.5,-111.0,2026-10-09 23:27:19,9.663000000000011,73.5912452697754,23.99927324706316,918.78,1.6403750000000001
53.5,-110.5,2026-10-09 23:27:19,10.088000000000022,70.0162452697754,27.52727324706316,924.0,1.936
53.5,-110.0,2026-10-09 23:27:19,8.972000000000037,74.42585639953613,31.9179689682126,926.97,2.3975
53.5,-109.5,2026-10-09 23:27:19,9.786000000000001,64.97585639953614,31.575968968212607,926.31,1.895875
53.5,-109.0,2026-10-09 23:27:19,9.503000000000043,66.52585639953614,31.521968968212605,926.16,1.531625
53.5,-108.5,2026-10-09 23:27:19,8.44300000000004,72.72585639953614,40.82796896821261,919.2,1.4305
53.5,-108.0,2026-10-09 23:27:19,7.357000000000028,76.95085639953614,24.429968968212606,915.53,1.0090000000000001
53.5,-107.5,2026-10-09 23:27:19,8.850000000000023,69.05085639953613,34.2579689682126,929.69,0.1335
53.5,-107.0,2026-10-09 23:27:19,9.334000000000003,68.05085639953613,35.9679689682126,941.16,0.515
53.5,-106.5,2026-10-09 23:27:19,8.775000000000034,71.85085639953614,35.94996896821261,941.67,1.192125
53.5,-106.0,2026-10-09 23:27:19,8.240000000000009,76.12585639953613,34.49196896821261,941.94,0.8678750000000001
53.5,-105.5,2026-10-09 23:27:19,7.940000000000055,81.57585639953614,36.72396896821261,947.06,0.276625
53.5,-105.0,2026-10-09 23:27:19,7.038000000000011,89.95085639953614,24.591968968212605,946.08,0.099125
53.5,-104.5,2026-10-09 23:27:19,7.295000000000016,88.65085639953614,32.15196896821261,953.31,0.07062500000000001
53.5,-104.0,2026-10-09 23:27:19,7.351000000000056,91.07585639953614,27.291968968212604,962.92,0.19075
53.5,-103.5,2026-10-09 23:27:19,7.852000000000032,91.82585639953614,27.435968968212606,970.69,0.074375
53.5,-103.0,2026-10-09 23:27:19,7.327000000000055,94.82585639953614,10.587968968212605,975.45,0.01525
53.5,-102.5,2026-10-09 23:27:19,8.041000000000054,86.15085639953614,7.437968968212605,966.27,0.019125
53.5,-102.0,2026-10-09 23:27:19,8.472000000000037,84.17585639953614,7.041968968212604,976.89,0.019125
53.5,-101.5,2026-10-09 23:27:19,8.565000000000055,81.50085639953613,10.047968968212606,976.38,0.0095
53.5,-101.0,2026-10-09 23:27:19,9.865000000000009,86.75085639953613,11.613968968212605,978.34,0.001875
53.5,-100.5,2026-10-09 23:27:19,9.874000000000024,88.30085639953614,23.853968968212605,981.28,0.0
53.5,-100.0,2026-10-09 23:27:19,8.963000000000022,92.02585639953614,14.763968968212604,981.42,0.0
53.5,-99.5,2026-10-09 23:27:19,10.606000000000051,82.62585639953613,6.627968968212604,978.92,0.0
53.5,-99.0,2026-10-09 23:27:19,12.270000000000039,77.05085639953614,25.869968968212603,986.67,0.017125
53.5,-98.5,2026-10-09 23:27:19,11.786000000000001,79.62585639953613,26.211968968212606,986.97,0.0305
53.5,-98.0,2026-10-09 23:27:19,10.673000000000002,75.47585639953614,23.583968968212606,987.38,0.017125
53.5,-97.5,2026-10-09 23:27:19,9.321000000000026,67.17585639953613,6.915968968212605,986.38,0.0095
53.5,-97.0,2026-10-09 23:27:19,10.059000000000026,61.25085639953613,7.095968968212605,984.47,0.0
53.5,-96.5,2026-10-09 23:27:19,11.012,53.975856399536134,8.193968968212605,983.55,0.0
53.5,-96.0,2026-10-09 23:27:19,11.037000000000035,54.80085639953614,10.875968968212606,981.78,0.02475
53.5,-95.5,2026-10-09 23:27:19,11.477000000000032,46.50085639953613,7.923968968212604,981.58,0.0
53.5,-95.0,2026-10-09 23:27:19,10.577000000000055,54.344604682922366,5.282908852636814,984.17,0.0
53.5,-94.5,2026-10-09 23:27:19,10.366000000000042,57.76960468292236,4.490908852636815,985.45,0.0
53.5,-94.0,2026-10-09 23:27:19,9.984000000000037,60.469604682922366,3.248908852636814,985.36,0.01525
53.5,-93.5,2026-10-09 23:27:19,9.199000000000012,69.71960468292237,3.7349088526368144,984.6,0.047625
53.5,-93.0,2026-10-09 23:27:19,8.757000000000005,71.94460468292236,2.780908852636814,982.72,0.816375
53.5,-92.5,2026-10-09 23:27:19,8.137,77.66960468292237,2.3849088526368143,981.44,0.5760000000000001
53.5,-92.0,2026-10-09 23:27:19,7.146000000000015,81.71960468292237,2.5829088526368142,981.66,1.304625
53.5,-91.5,2026-10-09 23:27:19,5.513000000000034,82.76960468292236,1.0169088526368142,985.06,1.329375
53.5,-91.0,2026-10-09 23:27:19,5.321000000000026,82.19460468292237,2.3489088526368143,986.86,1.510625
53.5,-90.5,2026-10-09 23:27:19,6.572000000000003,71.61960468292237,2.9609088526368144,987.38,1.709
53.5,-90.0,2026-10-09 23:27:19,6.3940000000000055,67.84460468292237,4.832908852636814,987.02,2.0256250000000002
53.5,-89.5,2026-10-09 23:27:19,6.566000000000031,75.04460468292237,8.018908852636816,990.19,0.240375
53.5,-89.0,2026-10-09 23:27:19,6.6340000000000146,71.16960468292237,7.334908852636814,991.22,0.145
53.5,-88.5,2026-10-09 23:27:19,5.718000000000018,81.66960468292237,5.858908852636814,993.38,0.099125
53.5,-88.0,2026-10-09 23:27:19,3.781000000000006,90.96960468292237,7.712908852636814,995.78,0.0095
53.5,-87.5,2026-10-09 23:27:19,6.038000000000011,77.84460468292237,1.0709088526368142,997.88,0.12587500000000001
53.5,-87.0,2026-10-09 23:27:19,6.407000000000039,68.96960468292237,2.9609088526368144,999.72,0.0915
53.5,-86.5,2026-10-09 23:27:19,5.088000000000022,73.11960468292237,2.9969088526368144,1001.33,0.083875
53.5,-86.0,2026-10-09 23:27:19,5.112000000000023,70.69460468292236,5.804908852636815,1002.8,0.373875
53.5,-85.5,2026-10-09 23:27:19,5.303000000000054,72.24460468292237,9.998908852636815,1003.69,0.085875
53.5,-85.0,2026-10-09 23:27:19,5.872000000000014,61.41960468292237,10.106908852636813,1004.55,0.0935
53.5,-84.5,2026-10-09 23:27:19,5.817000000000007,63.31960468292237,11.492908852636814,1006.08,0.16975
53.5,-84.0,2026-10-09 23:27:19,5.93100000000004,61.51960468292236,12.068908852636815,1007.38,0.4635
53.5,-83.5,2026-10-09 23:27:19,6.041000000000054,62.844604682922366,13.670908852636815,1008.22,0.341375
53.5,-83.0,2026-10-09 23:27:19,6.123000000000047,60.369604682922365,14.156908852636814,1009.99,0.051500000000000004
53.5,-82.5,2026-10-09 23:27:19,4.505000000000052,73.11960468292237,13.058908852636815,1013.16,0.051500000000000004
53.5,-79.0,2026-10-09 23:27:19,5.595000000000027,71.66960468292237,33.434908852636816,1010.86,13.3705
53.5,-78.5,2026-10-09 23:27:19,3.7060000000000173,84.84460468292237,17.972908852636817,1002.95,5.886125
53.5,-78.0,2026-10-09 23:27:19,4.5160000000000196,77.11960468292237,30.302908852636815,994.36,5.9795
53.5,-77.5,2026-10-09 23:27:19,2.779000000000053,89.36960468292237,24.002908852636814,987.11,5.2605
53.5,-77.0,2026-10-09 23:27:19,2.979000000000042,94.84460468292237,26.432908852636814,986.86,3.019375
53.5,-76.5,2026-10-09 23:27:19,3.788000000000011,94.11960468292237,27.674908852636815,984.61,2.0732500000000003
53.5,-76.0,2026-10-09 23:27:19,4.487000000000023,95.49460468292237,29.45690885263682,976.13,1.77575
53.5,-75.5,2026-10-09 23:27:19,5.358000000000004,90.54460468292237,27.962908852636815,975.5,1.310375
53.5,-75.0,2026-10-09 23:27:19,6.352000000000032,83.86960468292237,16.046908852636815,974.13,1.8138750000000001
53.5,-74.5,2026-10-09 23:27:19,5.541000000000054,84.86960468292237,13.202908852636815,964.95,1.627
53.5,-74.0,2026-10-09 23:27:19,5.1790000000000305,76.74460468292237,12.446908852636815,961.0,0.46725
53.5,-73.5,2026-10-09 23:27:19,4.692000000000007,77.89460468292236,11.114908852636814,956.7,1.0090000000000001
53.5,-73.0,2026-10-09 23:27:19,3.789000000000044,83.61960468292237,10.538908852636814,952.22,1.52975
53.5,-72.5,2026-10-09 23:27:19,2.8940000000000055,89.14460468292236,9.494908852636815,949.53,1.907375
53.5,-72.0,2026-10-09 23:27:19,3.251000000000033,85.81960468292237,9.998908852636815,948.66,1.195875
53.5,-71.5,2026-10-09 23:27:19,2.6970000000000027,87.76960468292236,11.780908852636815,941.1,1.5831250000000001
53.5,-71.0,2026-10-09 23:27:19,3.93100000000004,78.26960468292236,14.444908852636814,944.53,3.725
53.5,-70.5,2026-10-09 23:27:19,3.6920000000000073,79.61960468292237,12.590908852636815,939.41,4.213375
53.5,-70.0,2026-10-09 23:27:19,3.407000000000039,81.31960468292237,14.156908852636814,935.83,3.667875
53.5,-69.5,2026-10-09 23:27:19,3.2480000000000473,83.71960468292237,16.046908852636815,933.11,2.874375
53.5,-69.0,2026-10-09 23:27:19,3.2170000000000414,88.66960468292237,17.774908852636813,935.33,0.747625
53.5,-68.5,2026-10-09 23:27:19,2.5610000000000355,93.36960468292237,19.736908852636812,933.02,1.461
53.5,-68.0,2026-10-09 23:27:19,2.9220000000000255,92.31960468292237,20.474908852636815,932.42,1.510625
53.5,-67.5,2026-10-09 23:27:19,3.7730000000000246,96.09251155853272,17.804764085859063,923.78,2.7923750000000003
53.5,-67.0,2026-10-09 23:27:19,4.497000000000014,90.94251155853271,8.10276408585906,920.16,4.978125
53.5,-66.5,2026-10-09 23:27:19,5.28000000000003,89.41751155853272,3.9087640858590604,938.71,0.72675
53.5,-66.0,2026-10-09 23:27:19,4.876000000000033,87.26751155853272,6.770764085859061,932.18,0.28800000000000003
53.5,-65.5,2026-10-09 23:27:19,5.2970000000000255,91.31751155853271,7.382764085859061,941.21,0.825875
53.5,-65.0,2026-10-09 23:27:19,4.8770000000000095,92.74251155853273,8.76876408585906,942.64,1.504875
53.5,-64.5,2026-10-09 23:27:19,4.5330000000000155,92.36751155853273,11.01876408585906,947.55,2.391875
53.5,-64.0,2026-10-09 23:27:19,4.946000000000026,88.81751155853271,8.22876408585906,957.68,2.3575
53.5,-63.5,2026-10-09 23:27:19,1.3670000000000186,99.61751155853273,2.9907640858590603,947.85,3.7785
53.5,-63.0,2026-10-09 23:27:19,0.5330000000000155,99.54251155853272,1.8027640858590603,937.38,2.695125
53.5,-62.5,2026-10-09 23:27:19,1.1620000000000346,99.56751155853271,2.1987640858590605,941.82,2.6702500000000002
53.5,-62.0,2026-10-09 23:27:19,1.0190000000000055,97.69251155853271,2.5227640858590603,951.82,5.33675
53.5,-61.5,2026-10-09 23:27:19,3.9420000000000073,85.81751155853271,4.14276408585906,951.25,9.925875
53.5,-61.0,2026-10-09 23:27:19,4.395000000000039,85.21751155853272,3.9087640858590604,967.46,9.351750000000001
53.5,-60.5,2026-10-09 23:27:19,5.4290000000000305,83.51751155853272,11.108764085859061,975.18,9.351750000000001
53.5,-60.0,2026-10-09 23:27:19,6.742000000000019,80.66751155853272,14.114764085859061,1001.82,9.512
53.5,-59.5,2026-10-09 23:27:19,5.103000000000009,89.41751155853272,10.20876408585906,983.91,7.650375
53.5,-59.0,2026-10-09 23:27:19,1.788000000000011,97.29251155853272,16.382764085859062,926.58,11.71875
53.5,-58.5,2026-10-09 23:27:19,4.3040000000000305,82.39251155853272,16.382764085859062,940.46,6.70625
53.5,-58.0,2026-10-09 23:27:19,6.563000000000045,78.89251155853272,11.66676408585906,961.66,5.561875
53.5,-57.5,2026-10-09 23:27:19,7.786000000000001,78.34251155853272,11.37876408585906,984.41,3.8108750000000002
53.5,-57.0,2026-10-09 23:27:19,7.2000000000000455,84.34251155853272,13.052764085859062,979.82,5.14225
53.5,-56.5,2026-10-09 23:27:19,7.534000000000049,94.64251155853272,11.396764085859061,990.64,6.601375
53.5,-56.0,2026-10-09 23:27:19,7.750000000000057,90.41751155853272,26.660764085859064,998.61,6.338125
54.0,-133.0,2026-10-09 23:27:19,10.709000000000003,68.66979522705078,15.843570357888936,989.64,8.539250000000001
54.0,-132.5,2026-10-09 23:27:19,11.238000000000056,65.06979522705079,17.301570357888938,997.15,3.931
54.0,-132.0,2026-10-09 23:27:19,11.324000000000012,69.39479522705078,18.057570357888938,1004.7,2.5768750000000002
54.0,-130.5,2026-10-09 23:27:19,9.095000000000027,77.71979522705078,11.901570357888938,982.88,23.799875
54.0,-130.0,2026-10-09 23:27:19,7.038000000000011,83.11979522705079,6.915570357888937,950.1,25.894125
54.0,-129.5,2026-10-09 23:27:19,6.049000000000035,75.86979522705079,4.341570357888937,925.0,24.063125
54.0,-129.0,2026-10-09 23:27:19,7.441000000000031,68.99479522705079,4.827570357888938,922.46,18.9495
54.0,-128.5,2026-10-09 23:27:19,6.66900000000004,78.79479522705078,3.801570357888937,919.36,30.098
54.0,-128.0,2026-10-09 23:27:19,-1.072999999999979,93.59479522705078,7.707570357888937,829.09,49.057
54.0,-127.5,2026-10-09 23:27:19,6.0020000000000095,63.419795227050784,7.761570357888937,885.91,12.16125
54.0,-127.0,2026-10-09 23:27:19,5.324000000000012,72.64479522705078,14.997570357888938,896.49,7.9346250000000005
54.0,-126.5,2026-10-09 23:27:19,6.441000000000031,74.31979522705079,10.695570357888938,915.62,9.26775
54.0,-126.0,2026-10-09 23:27:19,6.067000000000007,79.34479522705078,12.207570357888937,918.42,10.187125
54.0,-125.5,2026-10-09 23:27:19,6.102000000000032,81.04479522705078,17.51757035788894,919.68,11.613875
54.0,-125.0,2026-10-09 23:27:19,5.750000000000057,81.01979522705079,14.81757035788894,914.74,6.898875
54.0,-124.5,2026-10-09 23:27:19,5.5120000000000005,86.89479522705079,8.823570357888936,921.81,12.9585
54.0,-124.0,2026-10-09 23:27:19,4.7070000000000505,95.31979522705079,12.117570357888937,927.46,10.75175
54.0,-123.5,2026-10-09 23:27:19,4.117000000000019,95.81979522705079,10.605570357888938,923.94,16.634
54.0,-123.0,2026-10-09 23:27:19,3.177000000000021,95.36979522705079,13.197570357888939,918.43,31.929000000000002
54.0,-122.5,2026-10-09 23:27:19,2.5440000000000396,97.26979522705079,13.647570357888938,918.4,32.585125
54.0,-122.0,2026-10-09 23:27:19,2.5230000000000246,97.34479522705078,8.733570357888938,917.87,38.200375
54.0,-121.5,2026-10-09 23:27:19,-1.3319999999999936,98.94479522705079,7.383570357888938,845.13,70.27250000000001
54.0,-121.0,2026-10-09 23:27:19,4.813000000000045,92.14479522705079,4.881570357888937,904.13,65.443
54.0,-120.5,2026-10-09 23:27:19,0.8310000000000173,93.94479522705079,4.233570357888937,818.15,85.95275000000001
54.0,-120.0,2026-10-09 23:27:19,-0.9079999999999586,96.49124526977539,7.349273247063159,805.92,34.006125
54.0,-119.5,2026-10-09 23:27:19,-1.1759999999999877,96.4662452697754,10.60727324706316,805.0,10.355
54.0,-119.0,2026-10-09 23:27:19,1.7030000000000314,89.5662452697754,8.78927324706316,848.03,4.6215
54.0,-118.5,2026-10-09 23:27:19,0.6160000000000423,94.9662452697754,16.07927324706316,831.39,7.078125
54.0,-118.0,2026-10-09 23:27:19,3.0030000000000427,88.0912452697754,15.17927324706316,864.14,9.695
54.0,-117.5,2026-10-09 23:27:19,4.768000000000029,85.36624526977539,13.10927324706316,879.71,9.141875
54.0,-117.0,2026-10-09 23:27:19,5.491000000000042,90.9412452697754,12.13727324706316,890.67,8.014625
54.0,-116.5,2026-10-09 23:27:19,5.440000000000055,98.4412452697754,13.82927324706316,860.66,7.719
54.0,-116.0,2026-10-09 23:27:19,6.562000000000012,91.2162452697754,2.23727324706316,880.35,7.347125
54.0,-115.5,2026-10-09 23:27:19,6.487000000000023,94.6412452697754,1.48127324706316,893.78,9.929625
54.0,-115.0,2026-10-09 23:27:19,8.037000000000035,91.24124526977539,6.7912732470631605,915.49,11.756875
54.0,-114.5,2026-10-09 23:27:19,8.176000000000045,90.36624526977539,10.949273247063159,919.14,8.129125
54.0,-114.0,2026-10-09 23:27:19,7.802000000000021,87.9162452697754,12.029273247063161,913.66,6.4048750000000005
54.0,-113.5,2026-10-09 23:27:19,8.361000000000047,85.8412452697754,15.197273247063162,917.27,5.916625
54.0,-113.0,2026-10-09 23:27:19,8.77600000000001,85.3162452697754,13.75727324706316,921.0,6.3972500000000005
54.0,-112.5,2026-10-09 23:27:19,9.561000000000035,84.8162452697754,19.57127324706316,924.03,5.82125
54.0,-112.0,2026-10-09 23:27:19,9.719000000000051,79.3162452697754,24.80927324706316,919.46,4.1485
54.0,-111.5,2026-10-09 23:27:19,9.67900000000003,74.3412452697754,26.51927324706316,921.75,2.962125
54.0,-111.0,2026-10-09 23:27:19,9.791000000000054,71.41624526977539,22.28927324706316,918.88,3.0155
54.0,-110.5,2026-10-09 23:27:19,9.959000000000003,70.49124526977539,17.465273247063163,921.28,2.340375
54.0,-110.0,2026-10-09 23:27:19,7.483000000000004,80.47585639953614,19.497968968212607,919.44,2.2563750000000002
54.0,-109.5,2026-10-09 23:27:19,8.052000000000021,80.55085639953614,21.243968968212606,929.77,1.936
54.0,-109.0,2026-10-09 23:27:19,8.82000000000005,70.87585639953613,24.861968968212608,936.81,0.96325
54.0,-108.5,2026-10-09 23:27:19,7.9220000000000255,76.42585639953613,19.587968968212607,933.52,0.18887500000000002
54.0,-108.0,2026-10-09 23:27:19,7.975000000000023,78.50085639953613,19.245968968212605,936.45,0.049625
54.0,-107.5,2026-10-09 23:27:19,7.854000000000042,80.00085639953613,19.065968968212605,939.08,0.083875
54.0,-107.0,2026-10-09 23:27:19,8.714000000000055,82.82585639953614,35.58996896821261,944.45,0.20600000000000002
54.0,-106.5,2026-10-09 23:27:19,6.697000000000003,87.75085639953613,21.153968968212606,931.61,0.74575
54.0,-106.0,2026-10-09 23:27:19,6.623000000000047,91.67585639953614,18.723968968212606,942.22,0.440625
54.0,-105.5,2026-10-09 23:27:19,5.834000000000003,96.90085639953614,20.235968968212607,943.11,0.2785
54.0,-105.0,2026-10-09 23:27:19,5.265000000000043,97.75085639953613,20.253968968212604,937.2,0.053375
54.0,-104.5,2026-10-09 23:27:19,5.4010000000000105,98.15085639953614,13.971968968212606,952.31,0.00575
54.0,-104.0,2026-10-09 23:27:19,6.301000000000045,90.22585639953614,13.251968968212605,960.91,0.0
54.0,-103.5,2026-10-09 23:27:19,7.2760000000000105,80.27585639953614,11.631968968212606,968.88,0.0
54.0,-103.0,2026-10-09 23:27:19,7.734000000000037,84.82585639953614,11.775968968212606,977.38,0.007625
54.0,-102.5,2026-10-09 23:27:19,8.247000000000014,82.07585639953614,19.011968968212607,978.22,0.0115
54.0,-102.0,2026-10-09 23:27:19,7.980000000000018,81.42585639953614,10.299968968212605,976.89,0.001875
54.0,-101.5,2026-10-09 23:27:19,8.437000000000012,76.35085639953614,17.103968968212605,979.83,0.0
54.0,-101.0,2026-10-09 23:27:19,8.425000000000011,84.72585639953614,21.063968968212603,981.08,0.001875
54.0,-100.5,2026-10-09 23:27:19,8.77800000000002,74.05085639953613,9.381968968212606,981.77,0.001875
54.0,-100.0,2026-10-09 23:27:19,8.597000000000037,79.37585639953613,11.325968968212605,981.13,0.00575
54.0,-99.5,2026-10-09 23:27:19,7.652000000000044,89.30085639953614,7.0059689682126045,979.47,0.043875000000000004
54.0,-99.0,2026-10-09 23:27:19,8.348000000000013,84.02585639953614,5.205968968212605,985.08,0.047625
54.0,-98.5,2026-10-09 23:27:19,8.894000000000005,81.67585639953614,7.761968968212605,986.63,0.104875
54.0,-98.0,2026-10-09 23:27:19,7.590000000000032,73.47585639953614,7.995968968212604,987.77,0.034375
54.0,-97.5,2026-10-09 23:27:19,8.092000000000041,67.45085639953614,5.709968968212605,986.31,0.061
54.0,-97.0,2026-10-09 23:27:19,9.966000000000008,60.225856399536134,5.817968968212605,986.05,0.0
54.0,-96.5,2026-10-09 23:27:19,9.673000000000002,65.40085639953614,6.609968968212605,984.78,0.185
54.0,-96.0,2026-10-09 23:27:19,9.236000000000047,64.25085639953613,9.669968968212606,985.33,0.032375
54.0,-95.5,2026-10-09 23:27:19,9.354000000000042,56.575856399536136,7.185968968212604,984.92,0.00575
54.0,-95.0,2026-10-09 23:27:19,8.286000000000001,68.16960468292237,5.336908852636814,986.7,0.043875000000000004
54.0,-94.5,2026-10-09 23:27:19,8.658000000000015,65.01960468292236,4.094908852636814,988.0,0.049625
54.0,-94.0,2026-10-09 23:27:19,9.080000000000041,66.59460468292237,6.0569088526368144,986.63,0.15637500000000001
54.0,-93.5,2026-10-09 23:27:19,8.323000000000036,72.04460468292237,8.540908852636814,988.58,1.201625
54.0,-93.0,2026-10-09 23:27:19,7.924000000000035,69.34460468292237,4.148908852636815,986.89,0.825875
54.0,-92.5,2026-10-09 23:27:19,7.0680000000000405,68.66960468292237,2.546908852636814,988.24,0.90025
54.0,-92.0,2026-10-09 23:27:19,6.095000000000027,69.44460468292236,0.2609088526368141,986.63,1.421
54.0,-91.5,2026-10-09 23:27:19,7.128000000000043,65.54460468292237,3.716908852636814,987.36,1.97225
54.0,-91.0,2026-10-09 23:27:19,7.1270000000000095,64.51960468292236,5.678908852636814,989.05,1.056625
54.0,-90.5,2026-10-09 23:27:19,6.654000000000053,62.869604682922365,7.928908852636814,990.39,0.37
54.0,-90.0,2026-10-09 23:27:19,6.55600000000004,64.51960468292236,8.522908852636814,991.7,0.8582500000000001
54.0,-89.5,2026-10-09 23:27:19,6.330000000000041,74.11960468292237,6.488908852636814,993.44,0.988
54.0,-89.0,2026-10-09 23:27:19,3.924000000000035,94.34460468292237,5.048908852636814,996.3,0.013375
54.0,-88.5,2026-10-09 23:27:19,3.9610000000000127,88.01960468292236,3.8789088526368145,999.02,0.0095
54.0,-88.0,2026-10-09 23:27:19,5.287000000000035,76.94460468292237,0.9089088526368142,1001.77,0.18887500000000002
54.0,-87.5,2026-10-09 23:27:19,3.3840000000000146,80.54460468292237,1.2509088526368142,1003.7,0.116375
54.0,-87.0,2026-10-09 23:27:19,3.459000000000003,85.11960468292237,2.402908852636814,1004.74,0.110625
54.0,-86.5,2026-10-09 23:27:19,5.241000000000042,71.04460468292237,5.948908852636815,1003.3,0.145
54.0,-86.0,2026-10-09 23:27:19,5.400000000000034,71.01960468292236,8.594908852636815,1003.77,0.101125
54.0,-85.5,2026-10-09 23:27:19,5.168000000000006,72.91960468292237,13.022908852636814,1003.99,0.032375
54.0,-85.0,2026-10-09 23:27:19,5.629000000000019,65.94460468292236,12.050908852636814,1003.97,0.095375
54.0,-84.5,2026-10-09 23:27:19,5.4570000000000505,63.64460468292236,13.526908852636815,1002.8,0.71525
54.0,-84.0,2026-10-09 23:27:19,5.350000000000023,66.01960468292236,12.428908852636814,1002.6,0.240375
54.0,-83.5,2026-10-09 23:27:19,4.565000000000055,72.69460468292236,15.902908852636815,1005.86,0.10875
54.0,-83.0,2026-10-09 23:27:19,5.956000000000017,65.31960468292236,11.924908852636815,1010.24,0.198375
54.0,-82.5,2026-10-09 23:27:19,5.588000000000022,71.51960468292236,15.776908852636815,1013.78,0.122125
54.0,-80.0,2026-10-09 23:27:19,5.079000000000008,74.61960468292237,36.72890885263681,1012.56,2.910625
54.0,-79.0,2026-10-09 23:27:19,4.809000000000026,73.14460468292236,29.762908852636816,1010.92,3.625875
54.0,-78.5,2026-10-09 23:27:19,3.7140000000000555,77.09460468292237,23.786908852636813,1001.16,5.476
54.0,-78.0,2026-10-09 23:27:19,2.779000000000053,86.39460468292236,23.354908852636818,991.45,5.413
54.0,-77.5,2026-10-09 23:27:19,2.868000000000052,94.21960468292237,23.876908852636817,984.3,2.117125
54.0,-77.0,2026-10-09 23:27:19,3.4220000000000255,93.04460468292237,22.868908852636814,982.67,1.46675
54.0,-76.5,2026-10-09 23:27:19,5.182000000000016,89.81960468292237,34.01090885263682,986.97,1.010875
54.0,-76.0,2026-10-09 23:27:19,4.192000000000007,92.51960468292236,21.932908852636814,977.61,0.604625
54.0,-75.5,2026-10-09 23:27:19,5.753000000000043,88.44460468292237,20.960908852636816,981.61,0.497875
54.0,-75.0,2026-10-09 23:27:19,6.402000000000044,81.34460468292237,14.624908852636814,977.38,0.501625
54.0,-74.5,2026-10-09 23:27:19,6.251000000000033,80.76960468292236,12.716908852636815,968.91,0.444375
54.0,-74.0,2026-10-09 23:27:19,6.256000000000029,76.99460468292237,12.878908852636814,966.6,0.8335
54.0,-73.5,2026-10-09 23:27:19,5.5540000000000305,76.66960468292237,17.450908852636815,959.63,0.183125
54.0,-73.0,2026-10-09 23:27:19,5.576000000000022,76.96960468292237,9.962908852636813,956.77,0.810625
54.0,-72.5,2026-10-09 23:27:19,4.045000000000016,82.31960468292237,11.726908852636814,949.63,0.9460000000000001
54.0,-72.0,2026-10-09 23:27:19,4.524000000000001,79.46960468292237,12.194908852636814,949.11,0.135375
54.0,-71.5,2026-10-09 23:27:19,4.1440000000000055,79.29460468292237,10.952908852636815,945.55,1.449625
54.0,-71.0,2026-10-09 23:27:19,3.7340000000000373,82.19460468292237,10.916908852636814,941.03,3.2138750000000003
54.0,-70.5,2026-10-09 23:27:19,3.4320000000000164,84.34460468292237,13.292908852636815,939.02,7.288
54.0,-70.0,2026-10-09 23:27:19,3.2390000000000327,88.49460468292237,16.208908852636814,935.89,8.23025
54.0,-69.5,2026-10-09 23:27:19,2.9110000000000014,92.64460468292236,19.448908852636816,937.5,6.8016250000000005
54.0,-69.0,2026-10-09 23:27:19,2.6480000000000246,95.69460468292237,18.728908852636817,937.99,4.356375
54.0,-68.5,2026-10-09 23:27:19,2.598000000000013,95.84460468292237,19.970908852636814,931.74,2.62075
54.0,-68.0,2026-10-09 23:27:19,3.774000000000001,93.71960468292237,16.496908852636814,929.47,2.19725
54.0,-67.5,2026-10-09 23:27:19,4.04200000000003,92.99251155853273,13.520764085859062,927.5,1.932125
54.0,-67.0,2026-10-09 23:27:19,4.965000000000032,91.06751155853271,10.24476408585906,927.43,0.722875
54.0,-66.5,2026-10-09 23:27:19,6.267000000000053,87.21751155853272,6.572764085859061,942.24,0.7115
54.0,-66.0,2026-10-09 23:27:19,5.537000000000035,90.66751155853272,7.47276408585906,938.41,0.152625
54.0,-65.5,2026-10-09 23:27:19,5.521000000000015,92.16751155853272,4.754764085859061,943.83,0.213625
54.0,-65.0,2026-10-09 23:27:19,5.678000000000054,91.84251155853272,7.77876408585906,945.57,0.497875
54.0,-64.5,2026-10-09 23:27:19,6.298000000000002,87.61751155853273,6.30276408585906,943.72,4.961
54.0,-64.0,2026-10-09 23:27:19,6.023000000000025,89.19251155853271,6.338764085859061,945.71,4.499375
54.0,-63.5,2026-10-09 23:27:19,3.279000000000053,95.89251155853272,10.56876408585906,945.99,5.5923750000000005
54.0,-63.0,2026-10-09 23:27:19,0.2310000000000514,99.26751155853272,4.2507640858590605,944.1,4.737875
54.0,-62.5,2026-10-09 23:27:19,0.7900000000000205,98.41751155853272,1.4787640858590603,938.11,3.9787500000000002
54.0,-62.0,2026-10-09 23:27:19,0.674000000000035,97.04251155853272,3.0447640858590606,933.1,3.4065
54.0,-61.5,2026-10-09 23:27:19,1.9180000000000064,96.01751155853272,6.572764085859061,952.05,6.280875
54.0,-61.0,2026-10-09 23:27:19,4.472000000000037,81.41751155853272,6.716764085859061,975.33,6.893125
54.0,-60.5,2026-10-09 23:27:19,3.1420000000000528,87.74251155853273,14.15076408585906,958.97,11.259125000000001
54.0,-60.0,2026-10-09 23:27:19,3.157000000000039,88.44251155853271,14.996764085859061,960.24,11.547125
54.0,-59.5,2026-10-09 23:27:19,6.220000000000027,78.46751155853272,15.39276408585906,1000.97,6.5785
54.0,-59.0,2026-10-09 23:27:19,6.430000000000007,80.94251155853271,15.896764085859061,992.68,4.8332500000000005
54.0,-58.5,2026-10-09 23:27:19,5.716000000000008,85.69251155853271,20.86476408585906,987.28,5.2318750000000005
54.0,-58.0,2026-10-09 23:27:19,5.670000000000016,84.09251155853272,14.816764085859063,984.71,1.915
54.0,-57.5,2026-10-09 23:27:19,5.805000000000007,85.76751155853272,18.61476408585906,983.63,2.121
54.5,-131.0,2026-10-09 23:27:19,10.289000000000044,77.76979522705079,24.591570357888937,1010.33,3.290125
54.5,-130.5,2026-10-09 23:27:19,9.501000000000033,81.31979522705079,13.377570357888938,1012.94,18.42875
54.5,-130.0,2026-10-09 23:27:19,9.491000000000042,69.09479522705078,2.235570357888937,966.49,24.778375
54.5,-129.5,2026-10-09 23:27:19,7.489000000000033,69.29479522705078,3.909570357888937,924.48,33.1345
54.5,-129.0,2026-10-09 23:27:19,5.301000000000045,70.84479522705078,4.323570357888937,884.76,36.878625
54.5,-128.5,2026-10-09 23:27:19,9.506000000000029,73.34479522705078,1.857570357888937,966.78,25.590875
54.5,-128.0,2026-10-09 23:27:19,6.032000000000039,66.89479522705078,2.4695703578889368,903.99,28.663625
54.5,-127.5,2026-10-09 23:27:19,-1.67999999999995,94.06979522705079,12.063570357888937,820.71,24.94425
54.5,-127.0,2026-10-09 23:27:19,2.847000000000037,83.21979522705078,10.299570357888937,877.99,18.3105
54.5,-126.5,2026-10-09 23:27:19,6.29400000000004,72.99479522705079,7.725570357888938,920.67,18.844625
54.5,-126.0,2026-10-09 23:27:19,1.2240000000000464,90.01979522705079,12.693570357888937,863.32,19.46825
54.5,-125.5,2026-10-09 23:27:19,3.052000000000021,94.61979522705079,9.255570357888937,893.1,13.605125000000001
54.5,-125.0,2026-10-09 23:27:19,1.0980000000000132,99.81979522705079,12.819570357888937,884.17,31.406375
54.5,-124.5,2026-10-09 23:27:19,6.260000000000048,84.99479522705079,30.063570357888942,928.85,14.90025
54.5,-124.0,2026-10-09 23:27:19,3.678000000000054,96.14479522705079,11.073570357888936,917.96,11.051125
54.5,-123.5,2026-10-09 23:27:19,3.0100000000000477,95.46979522705078,11.505570357888937,910.88,10.665875
54.5,-123.0,2026-10-09 23:27:19,2.5650000000000546,96.29479522705078,20.163570357888936,908.5,21.246000000000002
54.5,-122.5,2026-10-09 23:27:19,1.6030000000000086,95.74479522705079,10.065570357888937,902.05,19.584625
54.5,-122.0,2026-10-09 23:27:19,1.914000000000044,92.86979522705079,6.879570357888937,886.06,52.70575
54.5,-121.5,2026-10-09 23:27:19,2.580000000000041,92.84479522705078,2.199570357888937,874.85,58.185625
54.5,-121.0,2026-10-09 23:27:19,-2.5599999999999454,98.09479522705078,11.685570357888936,817.74,61.80575
54.5,-120.5,2026-10-09 23:27:19,-0.9249999999999545,95.11979522705079,6.5555703578889375,843.81,20.942625
54.5,-120.0,2026-10-09 23:27:19,-0.8179999999999836,98.8412452697754,9.99527324706316,845.19,11.562375
54.5,-119.5,2026-10-09 23:27:19,0.11700000000001864,97.4162452697754,8.23127324706316,850.88,12.073500000000001
54.5,-119.0,2026-10-09 23:27:19,3.51400000000001,94.0912452697754,10.60727324706316,893.38,9.380375
54.5,-118.5,2026-10-09 23:27:19,3.6680000000000064,97.0412452697754,14.279273247063161,895.46,7.143
54.5,-118.0,2026-10-09 23:27:19,4.185000000000002,97.3412452697754,16.151273247063163,895.02,7.27275
54.5,-117.5,2026-10-09 23:27:19,4.930000000000007,96.8912452697754,14.63927324706316,899.58,9.5215
54.5,-117.0,2026-10-09 23:27:19,6.440000000000055,96.99124526977539,11.777273247063162,907.02,11.0455
54.5,-116.5,2026-10-09 23:27:19,7.118000000000052,96.8912452697754,2.12927324706316,898.57,11.920875
54.5,-116.0,2026-10-09 23:27:19,5.710000000000036,98.1412452697754,2.79527324706316,878.82,18.991500000000002
54.5,-115.5,2026-10-09 23:27:19,5.220000000000027,98.4412452697754,3.1912732470631604,877.25,18.644375
54.5,-115.0,2026-10-09 23:27:19,6.286000000000001,98.1412452697754,6.57527324706316,903.8,12.84975
54.5,-114.5,2026-10-09 23:27:19,7.074000000000012,97.2662452697754,9.41927324706316,922.27,8.813875
54.5,-114.0,2026-10-09 23:27:19,7.480000000000018,94.61624526977539,11.14727324706316,922.27,5.334875
54.5,-113.5,2026-10-09 23:27:19,7.073000000000036,96.4162452697754,10.823273247063161,919.91,5.529375
54.5,-113.0,2026-10-09 23:27:19,7.469000000000051,91.2162452697754,9.50927324706316,919.58,4.8695
54.5,-112.5,2026-10-09 23:27:19,7.119000000000028,92.1412452697754,14.31527324706316,920.3,3.471375
54.5,-112.0,2026-10-09 23:27:19,6.623000000000047,92.9662452697754,14.621273247063161,926.61,3.208125
54.5,-111.5,2026-10-09 23:27:19,6.831000000000017,88.0912452697754,23.927273247063162,927.88,3.5343750000000003
54.5,-111.0,2026-10-09 23:27:19,7.29200000000003,85.8912452697754,28.87727324706316,931.05,2.38225
54.5,-110.5,2026-10-09 23:27:19,7.122000000000014,90.3412452697754,24.80927324706316,933.75,1.81775
54.5,-110.0,2026-10-09 23:27:19,7.0120000000000005,88.87585639953613,37.497968968212604,934.42,0.9383750000000001
54.5,-109.5,2026-10-09 23:27:19,6.358000000000004,90.40085639953614,22.485968968212607,931.42,1.371375
54.5,-109.0,2026-10-09 23:27:19,6.161000000000001,92.15085639953614,22.899968968212608,932.74,1.213125
54.5,-108.5,2026-10-09 23:27:19,6.961000000000013,92.20085639953614,26.535968968212607,944.45,0.120125
54.5,-108.0,2026-10-09 23:27:19,6.585000000000036,93.40085639953614,17.967968968212606,945.3,0.019125
54.5,-107.5,2026-10-09 23:27:19,6.78000000000003,91.65085639953614,21.207968968212604,947.78,0.08775000000000001
54.5,-107.0,2026-10-09 23:27:19,6.0400000000000205,95.87585639953613,19.911968968212605,942.61,0.1945
54.5,-106.5,2026-10-09 23:27:19,5.624000000000024,95.62585639953613,21.009968968212604,933.67,0.055375
54.5,-106.0,2026-10-09 23:27:19,6.427000000000021,91.67585639953614,31.9179689682126,937.44,0.03625
54.5,-105.5,2026-10-09 23:27:19,6.6340000000000146,85.75085639953613,16.761968968212607,948.02,0.003875
54.5,-105.0,2026-10-09 23:27:19,6.305000000000007,87.55085639953614,14.961968968212606,948.06,0.0
54.5,-104.5,2026-10-09 23:27:19,6.572000000000003,81.57585639953614,17.391968968212606,950.08,0.003875
54.5,-104.0,2026-10-09 23:27:19,6.990000000000009,80.97585639953614,10.569968968212605,963.63,0.0115
54.5,-103.5,2026-10-09 23:27:19,7.63900000000001,76.57585639953614,11.757968968212605,969.19,0.0
54.5,-103.0,2026-10-09 23:27:19,8.023000000000025,78.10085639953614,22.431968968212608,972.64,0.0
54.5,-102.5,2026-10-09 23:27:19,7.796000000000049,74.45085639953614,13.485968968212605,974.31,0.0
54.5,-102.0,2026-10-09 23:27:19,7.488000000000056,76.82585639953614,20.343968968212607,975.11,0.0
54.5,-101.5,2026-10-09 23:27:19,6.916000000000054,74.70085639953614,15.015968968212604,976.72,0.013375
54.5,-101.0,2026-10-09 23:27:19,7.409000000000049,71.25085639953613,11.019968968212606,975.67,0.095375
54.5,-100.5,2026-10-09 23:27:19,7.583000000000027,71.80085639953613,11.109968968212605,978.61,0.049625
54.5,-100.0,2026-10-09 23:27:19,8.438000000000045,68.55085639953613,15.375968968212604,979.84,0.12775
54.5,-99.5,2026-10-09 23:27:19,8.16500000000002,71.85085639953614,11.541968968212606,982.24,0.825875
54.5,-99.0,2026-10-09 23:27:19,8.166000000000054,78.75085639953613,9.813968968212606,985.34,0.038125
54.5,-98.5,2026-10-09 23:27:19,8.815000000000055,71.95085639953614,7.437968968212605,987.56,0.017125
54.5,-98.0,2026-10-09 23:27:19,8.936000000000035,71.95085639953614,10.155968968212605,987.97,0.00575
54.5,-97.5,2026-10-09 23:27:19,9.626000000000033,66.82585639953614,8.679968968212606,988.58,0.001875
54.5,-97.0,2026-10-09 23:27:19,8.992000000000019,68.95085639953614,8.103968968212605,988.06,0.003875
54.5,-96.5,2026-10-09 23:27:19,8.854000000000042,59.37585639953613,11.289968968212605,988.02,0.110625
54.5,-96.0,2026-10-09 23:27:19,9.137,65.60085639953614,9.435968968212606,990.13,0.003875
54.5,-95.5,2026-10-09 23:27:19,9.052000000000021,66.65085639953614,11.289968968212605,992.61,0.05725
54.5,-95.0,2026-10-09 23:27:19,7.823000000000036,71.09460468292237,12.572908852636814,994.22,0.21175
54.5,-94.5,2026-10-09 23:27:19,7.881000000000029,68.94460468292236,11.582908852636814,995.08,0.14875
54.5,-94.0,2026-10-09 23:27:19,7.469000000000051,65.24460468292237,8.810908852636814,991.72,0.225125
54.5,-93.5,2026-10-09 23:27:19,6.94500000000005,66.79460468292237,3.1589088526368143,993.16,0.146875
54.5,-93.0,2026-10-09 23:27:19,6.248000000000047,69.56960468292236,1.880908852636814,991.63,0.650375
54.5,-92.5,2026-10-09 23:27:19,5.9570000000000505,66.24460468292237,4.256908852636815,994.19,0.9041250000000001
54.5,-92.0,2026-10-09 23:27:19,7.0260000000000105,60.19460468292237,5.498908852636815,992.61,2.277375
54.5,-91.5,2026-10-09 23:27:19,6.916000000000054,60.719604682922366,6.434908852636815,993.27,1.28175
54.5,-91.0,2026-10-09 23:27:19,6.847000000000037,64.14460468292236,7.298908852636814,994.38,0.34525
54.5,-90.5,2026-10-09 23:27:19,6.928000000000054,66.34460468292237,7.784908852636814,996.02,0.09725
54.5,-90.0,2026-10-09 23:27:19,6.814000000000021,68.01960468292236,7.928908852636814,999.33,0.013375
54.5,-89.5,2026-10-09 23:27:19,5.674000000000035,82.21960468292237,3.716908852636814,1001.58,0.0115
54.5,-89.0,2026-10-09 23:27:19,5.402000000000044,85.26960468292236,6.164908852636815,1001.28,0.003875
54.5,-88.5,2026-10-09 23:27:19,4.729000000000042,81.46960468292237,4.328908852636815,998.88,0.03625
54.5,-88.0,2026-10-09 23:27:19,5.875000000000057,67.81960468292236,4.3469088526368145,999.72,0.064875
54.5,-87.5,2026-10-09 23:27:19,3.4430000000000405,86.89460468292236,1.6289088526368143,1004.33,0.4005
54.5,-87.0,2026-10-09 23:27:19,3.80600000000004,84.16960468292237,5.5889088526368145,1004.24,0.28800000000000003
54.5,-86.5,2026-10-09 23:27:19,4.873000000000047,78.89460468292236,8.540908852636814,1002.97,0.001875
54.5,-86.0,2026-10-09 23:27:19,5.411000000000001,74.14460468292236,11.006908852636814,1004.49,0.186875
54.5,-85.5,2026-10-09 23:27:19,5.2830000000000155,74.99460468292237,12.428908852636814,1005.92,0.0725
54.5,-85.0,2026-10-09 23:27:19,4.537000000000035,76.04460468292237,20.870908852636816,1001.99,0.614125
54.5,-84.5,2026-10-09 23:27:19,4.781000000000006,72.54460468292237,18.152908852636816,999.63,0.65425
54.5,-84.0,2026-10-09 23:27:19,3.285000000000025,81.34460468292237,18.116908852636815,1004.49,0.26887500000000003
54.5,-83.5,2026-10-09 23:27:19,5.0190000000000055,77.29460468292237,22.094908852636813,1007.74,0.20975
54.5,-83.0,2026-10-09 23:27:19,5.112000000000023,72.39460468292236,14.426908852636815,1011.25,0.2785
54.5,-82.5,2026-10-09 23:27:19,3.205000000000041,84.19460468292237,17.540908852636814,1013.45,0.1945
54.5,-79.5,2026-10-09 23:27:19,4.0400000000000205,74.76960468292236,25.784908852636814,1011.08,4.558625
54.5,-79.0,2026-10-09 23:27:19,3.563000000000045,75.56960468292236,23.930908852636815,1009.35,3.816625
54.5,-78.5,2026-10-09 23:27:19,3.0680000000000405,78.06960468292237,24.668908852636815,996.69,2.80575
54.5,-78.0,2026-10-09 23:27:19,2.9360000000000355,88.91960468292237,26.810908852636818,988.02,2.8305000000000002
54.5,-77.5,2026-10-09 23:27:19,4.360000000000014,86.81960468292237,24.812908852636813,991.22,0.68475
54.5,-77.0,2026-10-09 23:27:19,3.951000000000022,92.74460468292237,22.238908852636815,988.8,0.9365
54.5,-76.5,2026-10-09 23:27:19,3.9420000000000073,91.41960468292237,20.492908852636813,976.63,2.719875
54.5,-76.0,2026-10-09 23:27:19,3.8800000000000523,94.96960468292237,21.716908852636816,975.64,0.913625
54.5,-75.5,2026-10-09 23:27:19,4.709000000000003,91.81960468292237,16.910908852636815,969.08,1.293125
54.5,-75.0,2026-10-09 23:27:19,5.914000000000044,83.46960468292237,10.826908852636814,970.64,0.41775
54.5,-74.5,2026-10-09 23:27:19,5.638000000000034,79.76960468292236,13.688908852636814,959.6,0.35475
54.5,-74.0,2026-10-09 23:27:19,5.732000000000028,80.96960468292237,11.546908852636815,958.81,0.080125
54.5,-73.5,2026-10-09 23:27:19,5.309000000000026,78.89460468292236,13.904908852636815,953.99,0.1125
54.5,-73.0,2026-10-09 23:27:19,5.063000000000045,79.16960468292237,14.354908852636814,951.83,0.680875
54.5,-72.5,2026-10-09 23:27:19,4.638000000000034,84.61960468292237,14.336908852636816,952.44,1.447625
54.5,-72.0,2026-10-09 23:27:19,4.090000000000032,89.41960468292237,12.626908852636815,951.63,2.41275
54.5,-71.5,2026-10-09 23:27:19,3.8810000000000286,90.64460468292236,12.356908852636813,950.17,1.3085
54.5,-71.0,2026-10-09 23:27:19,3.0090000000000146,92.89460468292236,12.356908852636813,941.92,2.7923750000000003
54.5,-70.5,2026-10-09 23:27:19,2.941000000000031,93.46960468292237,13.832908852636814,942.5,4.18475
54.5,-70.0,2026-10-09 23:27:19,3.4430000000000405,92.91960468292237,17.540908852636814,937.75,6.18175
54.5,-69.5,2026-10-09 23:27:19,3.7830000000000155,95.74460468292237,15.812908852636815,935.53,1.69375
54.5,-69.0,2026-10-09 23:27:19,5.161000000000001,88.54460468292237,11.582908852636814,939.14,2.55775
54.5,-68.5,2026-10-09 23:27:19,4.1720000000000255,89.86960468292237,10.916908852636814,931.64,1.0815000000000001
54.5,-68.0,2026-10-09 23:27:19,4.975000000000023,87.01960468292236,11.330908852636815,930.91,0.8335
54.5,-67.5,2026-10-09 23:27:19,5.04200000000003,89.11751155853273,9.63276408585906,929.32,5.128875
54.5,-67.0,2026-10-09 23:27:19,5.598000000000013,87.06751155853271,8.91276408585906,932.46,3.66975
54.5,-66.5,2026-10-09 23:27:19,5.358000000000004,94.96751155853272,4.97076408585906,944.36,1.442
54.5,-66.0,2026-10-09 23:27:19,4.633000000000038,98.84251155853272,2.6667640858590604,940.14,0.9041250000000001
54.5,-65.5,2026-10-09 23:27:19,4.552000000000021,97.61751155853273,1.5867640858590604,944.21,0.173625
54.5,-65.0,2026-10-09 23:27:19,5.300000000000011,89.34251155853272,7.202764085859061,942.39,0.36625
54.5,-64.5,2026-10-09 23:27:19,4.342000000000041,90.74251155853273,7.670764085859061,938.78,3.841375
54.5,-64.0,2026-10-09 23:27:19,3.656000000000006,91.21751155853272,8.300764085859061,940.5,6.27325
54.5,-63.5,2026-10-09 23:27:19,2.19500000000005,93.31751155853271,7.526764085859061,943.39,1.6480000000000001
54.5,-63.0,2026-10-09 23:27:19,3.8980000000000246,85.91751155853272,6.140764085859061,960.74,3.656375
54.5,-62.5,2026-10-09 23:27:19,1.768000000000029,92.44251155853271,4.57476408585906,951.52,4.8485000000000005
54.5,-62.0,2026-10-09 23:27:19,1.2910000000000537,93.81751155853271,5.276764085859061,954.19,5.947125
54.5,-61.5,2026-10-09 23:27:19,3.552000000000021,81.06751155853271,9.758764085859061,978.52,5.523625
54.5,-61.0,2026-10-09 23:27:19,2.3920000000000528,90.56751155853271,11.486764085859061,972.41,6.30575
54.5,-60.5,2026-10-09 23:27:19,2.29200000000003,94.19251155853271,16.040764085859063,967.52,6.4106250000000005
54.5,-60.0,2026-10-09 23:27:19,2.340000000000032,95.01751155853272,19.208764085859062,964.5,7.2707500000000005
54.5,-59.5,2026-10-09 23:27:19,3.04200000000003,91.79251155853272,20.522764085859063,965.83,6.7482500000000005
54.5,-59.0,2026-10-09 23:27:19,3.386000000000024,91.11751155853273,24.48276408585906,962.44,3.847125
54.5,-58.5,2026-10-09 23:27:19,4.459000000000003,84.84251155853272,18.722764085859062,974.0,2.231625
54.5,-58.0,2026-10-09 23:27:19,5.197000000000003,85.49251155853273,23.348764085859063,982.22,3.301625
54.5,-57.5,2026-10-09 23:27:19,6.140000000000043,83.64251155853272,27.81276408585906,994.47,2.216375
55.0,-130.0,2026-10-09 23:27:19,8.900000000000034,81.21979522705078,3.063570357888937,1000.63,13.338125
55.0,-129.5,2026-10-09 23:27:19,4.550000000000011,84.81979522705079,5.151570357888937,898.78,39.238
55.0,-129.0,2026-10-09 23:27:19,9.158000000000015,66.06979522705079,4.197570357888937,954.14,27.87975
55.0,-128.5,2026-10-09 23:27:19,3.921000000000049,73.26979522705078,5.799570357888937,874.38,23.18
55.0,-128.0,2026-10-09 23:27:19,0.5080000000000382,84.64479522705079,5.835570357888938,859.18,28.38325
55.0,-127.5,2026-10-09 23:27:19,1.8840000000000146,82.64479522705079,3.3335703578889375,858.37,17.465625
55.0,-127.0,2026-10-09 23:27:19,0.660000000000025,88.36979522705079,7.671570357888938,856.28,13.7425
55.0,-126.5,2026-10-09 23:27:19,2.813000000000045,92.04479522705078,7.329570357888937,894.84,20.851125
55.0,-126.0,2026-10-09 23:27:19,4.242000000000019,88.86979522705079,15.897570357888938,905.06,22.9835
55.0,-125.5,2026-10-09 23:27:19,0.8730000000000473,93.66979522705078,7.131570357888937,870.72,29.52
55.0,-125.0,2026-10-09 23:27:19,4.194000000000017,90.61979522705079,12.027570357888937,908.42,20.717625
55.0,-124.5,2026-10-09 23:27:19,1.2170000000000414,89.51979522705079,10.731570357888938,877.43,17.07075
55.0,-124.0,2026-10-09 23:27:19,-0.5599999999999454,98.04479522705078,15.717570357888938,862.17,21.36225
55.0,-123.5,2026-10-09 23:27:19,-0.6209999999999809,96.64479522705079,14.367570357888937,859.35,27.069125
55.0,-123.0,2026-10-09 23:27:19,3.79200000000003,93.51979522705079,13.017570357888937,919.91,29.439875
55.0,-122.5,2026-10-09 23:27:19,0.6310000000000286,88.56979522705079,10.191570357888937,871.22,52.028625
55.0,-122.0,2026-10-09 23:27:19,-1.836999999999989,94.14479522705079,18.399570357888937,840.89,53.3485
55.0,-121.5,2026-10-09 23:27:19,-0.7169999999999845,87.99479522705079,8.571570357888938,841.73,39.800625000000004
55.0,-121.0,2026-10-09 23:27:19,0.9540000000000077,97.09479522705078,8.769570357888936,898.34,31.21375
55.0,-120.5,2026-10-09 23:27:19,0.38800000000003365,94.99479522705079,11.541570357888936,882.42,23.250625
55.0,-120.0,2026-10-09 23:27:19,1.4960000000000377,95.3912452697754,10.571273247063159,902.58,20.681375
55.0,-119.5,2026-10-09 23:27:19,2.132000000000005,96.6412452697754,14.83727324706316,920.42,17.536125000000002
55.0,-119.0,2026-10-09 23:27:19,1.577000000000055,98.6662452697754,12.53327324706316,920.97,14.204
55.0,-118.5,2026-10-09 23:27:19,3.79200000000003,97.4412452697754,13.019273247063161,928.42,11.650125000000001
55.0,-118.0,2026-10-09 23:27:19,5.836000000000013,97.7662452697754,14.11727324706316,924.55,12.474
55.0,-117.5,2026-10-09 23:27:19,7.527000000000044,98.61624526977539,12.58727324706316,914.41,15.05275
55.0,-117.0,2026-10-09 23:27:19,7.717000000000041,98.11624526977539,10.445273247063161,917.22,15.573500000000001
55.0,-116.5,2026-10-09 23:27:19,6.248000000000047,98.49124526977539,10.66127324706316,895.47,15.096625
55.0,-116.0,2026-10-09 23:27:19,7.051000000000045,96.0912452697754,9.02327324706316,909.21,10.891
55.0,-115.5,2026-10-09 23:27:19,6.097000000000037,96.5412452697754,8.96927324706316,901.64,11.268625
55.0,-115.0,2026-10-09 23:27:19,4.821000000000026,97.99124526977539,15.485273247063162,884.28,17.18325
55.0,-114.5,2026-10-09 23:27:19,6.9010000000000105,98.2912452697754,12.875273247063161,922.16,15.0185
55.0,-114.0,2026-10-09 23:27:19,7.041000000000054,97.1662452697754,9.36527324706316,923.08,8.735625
55.0,-113.5,2026-10-09 23:27:19,6.529000000000053,97.24124526977539,16.97927324706316,924.47,8.123375
55.0,-113.0,2026-10-09 23:27:19,6.7140000000000555,96.4162452697754,16.47527324706316,929.19,8.81575
55.0,-112.5,2026-10-09 23:27:19,6.858000000000004,96.6912452697754,12.407273247063161,934.14,7.206
55.0,-112.0,2026-10-09 23:27:19,6.585000000000036,96.6412452697754,16.78127324706316,932.89,4.604375
55.0,-111.5,2026-10-09 23:27:19,6.536000000000001,94.74124526977539,22.68527324706316,927.25,1.625
55.0,-111.0,2026-10-09 23:27:19,5.846000000000004,96.36624526977539,16.47527324706316,924.96,1.531625
55.0,-110.5,2026-10-09 23:27:19,5.273000000000025,97.1412452697754,25.78127324706316,917.41,1.60025
55.0,-110.0,2026-10-09 23:27:19,4.709000000000003,98.35085639953614,27.093968968212607,920.91,1.962625
55.0,-109.5,2026-10-09 23:27:19,6.380000000000052,91.57585639953614,50.76396896821261,930.83,1.346625
55.0,-109.0,2026-10-09 23:27:19,4.601000000000056,98.25085639953613,24.537968968212606,923.8,0.80675
55.0,-108.5,2026-10-09 23:27:19,5.060000000000002,97.05085639953614,19.065968968212605,939.97,0.38725
55.0,-108.0,2026-10-09 23:27:19,5.638000000000034,94.70085639953614,19.065968968212605,950.7,0.12587500000000001
55.0,-107.5,2026-10-09 23:27:19,5.507000000000005,92.72585639953614,18.111968968212608,948.36,0.04
55.0,-107.0,2026-10-09 23:27:19,5.598000000000013,91.50085639953613,16.671968968212607,944.97,0.0115
55.0,-106.5,2026-10-09 23:27:19,7.224000000000046,78.50085639953613,23.853968968212605,956.52,0.02475
55.0,-106.0,2026-10-09 23:27:19,7.4150000000000205,74.85085639953614,14.763968968212604,955.72,0.0115
55.0,-105.5,2026-10-09 23:27:19,8.037000000000035,74.95085639953614,15.915968968212605,961.36,0.022875
55.0,-105.0,2026-10-09 23:27:19,8.579000000000008,77.60085639953614,34.58196896821261,965.74,0.001875
55.0,-104.5,2026-10-09 23:27:19,7.596000000000004,69.20085639953614,15.231968968212604,961.92,0.0
55.0,-104.0,2026-10-09 23:27:19,7.385000000000048,72.32585639953614,14.151968968212605,963.56,0.0
55.0,-103.5,2026-10-09 23:27:19,7.565000000000055,70.92585639953613,12.801968968212606,969.06,0.0
55.0,-103.0,2026-10-09 23:27:19,7.534000000000049,69.62585639953613,16.149968968212608,972.83,0.0
55.0,-102.5,2026-10-09 23:27:19,7.347000000000037,68.45085639953614,13.485968968212605,971.74,0.0
55.0,-102.0,2026-10-09 23:27:19,7.140000000000043,69.67585639953613,12.639968968212605,972.83,0.0
55.0,-101.5,2026-10-09 23:27:19,7.189000000000021,69.50085639953613,16.527968968212605,974.33,0.034375
55.0,-101.0,2026-10-09 23:27:19,7.396000000000015,64.92585639953613,17.805968968212607,972.86,0.10675
55.0,-100.5,2026-10-09 23:27:19,6.912000000000035,72.90085639953614,9.957968968212606,978.55,0.1335
55.0,-100.0,2026-10-09 23:27:19,6.7620000000000005,77.80085639953614,10.569968968212605,977.28,0.2975
55.0,-99.5,2026-10-09 23:27:19,7.754000000000019,74.45085639953614,10.047968968212606,981.77,0.228875
55.0,-99.0,2026-10-09 23:27:19,8.40300000000002,74.32585639953614,10.443968968212605,986.06,0.17925
55.0,-98.5,2026-10-09 23:27:19,9.134000000000015,72.85085639953614,16.401968968212604,986.89,0.061
55.0,-98.0,2026-10-09 23:27:19,9.122000000000014,72.27585639953614,14.637968968212606,991.81,0.074375
55.0,-97.5,2026-10-09 23:27:19,9.023000000000025,72.42585639953613,17.967968968212606,991.77,0.253625
55.0,-97.0,2026-10-09 23:27:19,9.025000000000034,70.80085639953613,15.969968968212603,990.27,0.12587500000000001
55.0,-96.5,2026-10-09 23:27:19,8.997000000000014,62.25085639953613,10.659968968212604,988.94,0.135375
55.0,-96.0,2026-10-09 23:27:19,8.557000000000016,57.55085639953614,10.425968968212604,988.02,0.25175000000000003
55.0,-95.5,2026-10-09 23:27:19,8.28000000000003,54.225856399536134,9.111968968212604,990.84,0.063
55.0,-95.0,2026-10-09 23:27:19,7.79400000000004,54.01960468292236,7.208908852636815,991.83,0.192625
55.0,-94.5,2026-10-09 23:27:19,6.9360000000000355,58.469604682922366,7.784908852636814,995.1,0.021
55.0,-94.0,2026-10-09 23:27:19,7.456000000000017,56.39460468292236,3.950908852636814,995.86,0.061
55.0,-93.5,2026-10-09 23:27:19,6.888000000000034,63.14460468292236,5.156908852636815,995.69,0.96325
55.0,-93.0,2026-10-09 23:27:19,6.881000000000029,68.46960468292237,5.390908852636814,996.5,0.64275
55.0,-92.5,2026-10-09 23:27:19,6.786000000000001,70.34460468292237,6.380908852636814,997.55,0.862125
55.0,-92.0,2026-10-09 23:27:19,6.925000000000011,71.89460468292236,6.524908852636814,1000.44,1.07575
55.0,-91.5,2026-10-09 23:27:19,6.799000000000035,75.76960468292236,6.524908852636814,1003.58,0.255625
55.0,-91.0,2026-10-09 23:27:19,6.5470000000000255,76.26960468292236,7.208908852636815,1001.58,0.20600000000000002
55.0,-90.5,2026-10-09 23:27:19,6.76400000000001,74.16960468292237,7.442908852636815,1002.88,0.042
55.0,-90.0,2026-10-09 23:27:19,5.628000000000043,83.66960468292237,4.526908852636814,1003.1,0.717125
55.0,-89.5,2026-10-09 23:27:19,2.9980000000000473,99.41960468292237,1.826908852636814,1005.92,1.07575
55.0,-89.0,2026-10-09 23:27:19,2.952000000000055,97.29460468292237,4.256908852636815,1006.45,0.007625
55.0,-88.5,2026-10-09 23:27:19,6.1440000000000055,71.34460468292237,5.012908852636815,1005.5,0.36625
55.0,-88.0,2026-10-09 23:27:19,4.025000000000034,81.36960468292237,2.906908852636814,1005.89,0.507375
55.0,-87.5,2026-10-09 23:27:19,4.087000000000046,80.91960468292237,7.298908852636814,1003.89,0.307125
55.0,-87.0,2026-10-09 23:27:19,4.374000000000024,70.94460468292236,9.728908852636813,1003.02,0.101125
55.0,-86.5,2026-10-09 23:27:19,5.3040000000000305,70.01960468292236,10.718908852636815,1004.72,0.135375
55.0,-86.0,2026-10-09 23:27:19,5.624000000000024,71.79460468292237,11.780908852636815,1008.05,0.574125
55.0,-85.5,2026-10-09 23:27:19,5.621000000000038,71.44460468292236,13.346908852636815,1010.63,0.65425
55.0,-85.0,2026-10-09 23:27:19,5.215000000000032,73.54460468292237,15.398908852636817,1010.58,1.474375
55.0,-84.5,2026-10-09 23:27:19,3.2340000000000373,88.51960468292236,13.958908852636815,1011.86,0.516875
55.0,-84.0,2026-10-09 23:27:19,5.379000000000019,75.01960468292236,21.716908852636816,1012.0,0.33375
55.0,-83.5,2026-10-09 23:27:19,3.855000000000018,81.91960468292237,16.496908852636814,1012.31,0.74
55.0,-83.0,2026-10-09 23:27:19,3.6000000000000227,82.49460468292237,16.010908852636817,1012.81,0.747625
55.0,-82.5,2026-10-09 23:27:19,3.8220000000000027,87.69460468292237,21.302908852636815,1013.8,0.843
55.0,-79.0,2026-10-09 23:27:19,4.013000000000034,72.21960468292237,34.02890885263682,1010.77,5.55225
55.0,-78.5,2026-10-09 23:27:19,4.479000000000042,78.59460468292237,35.39690885263681,1009.0,3.868125
55.0,-78.0,2026-10-09 23:27:19,3.785000000000025,91.69460468292237,25.208908852636814,995.75,3.4598750000000003
55.0,-77.5,2026-10-09 23:27:19,3.4530000000000314,94.34460468292237,21.338908852636816,986.08,3.2291250000000002
55.0,-77.0,2026-10-09 23:27:19,3.9780000000000086,93.04460468292237,21.014908852636815,983.7,1.3885
55.0,-76.5,2026-10-09 23:27:19,3.7350000000000136,92.81960468292237,18.530908852636813,979.55,0.7438750000000001
55.0,-76.0,2026-10-09 23:27:19,3.164000000000044,96.44460468292237,17.486908852636812,970.49,0.259375
55.0,-75.5,2026-10-09 23:27:19,3.7560000000000286,90.79460468292237,16.064908852636815,967.31,0.301375
55.0,-75.0,2026-10-09 23:27:19,6.088000000000022,78.06960468292237,11.330908852636815,970.28,1.133
55.0,-74.5,2026-10-09 23:27:19,5.734000000000037,76.59460468292237,10.916908852636814,958.35,0.0915
55.0,-74.0,2026-10-09 23:27:19,4.991000000000042,84.76960468292236,13.490908852636815,956.67,0.4825
55.0,-73.5,2026-10-09 23:27:19,4.608000000000004,90.39460468292236,13.310908852636814,956.91,0.6065
55.0,-73.0,2026-10-09 23:27:19,4.300000000000011,93.29460468292237,16.010908852636817,957.08,1.1215
55.0,-72.5,2026-10-09 23:27:19,3.5020000000000095,94.99460468292237,9.386908852636815,956.13,1.125375
55.0,-72.0,2026-10-09 23:27:19,2.3740000000000236,96.34460468292237,9.260908852636815,953.7,1.8863750000000001
55.0,-71.5,2026-10-09 23:27:19,2.5260000000000105,95.76960468292236,9.206908852636815,952.5,1.386625
55.0,-71.0,2026-10-09 23:27:19,2.3290000000000077,97.86960468292237,8.540908852636814,947.53,5.071625
55.0,-70.5,2026-10-09 23:27:19,2.670000000000016,97.11960468292237,8.576908852636814,939.67,2.82475
55.0,-70.0,2026-10-09 23:27:19,3.6510000000000105,94.14460468292236,10.142908852636815,944.7,0.8145
55.0,-69.5,2026-10-09 23:27:19,4.656000000000006,91.74460468292237,9.044908852636814,944.75,4.989625
55.0,-69.0,2026-10-09 23:27:19,3.6280000000000427,93.41960468292237,8.594908852636815,935.78,2.531
55.0,-68.5,2026-10-09 23:27:19,3.1130000000000564,95.74460468292237,8.144908852636814,936.03,4.4041250000000005
55.0,-68.0,2026-10-09 23:27:19,2.473000000000013,95.86960468292237,10.196908852636815,932.56,2.164875
55.0,-67.5,2026-10-09 23:27:19,2.986000000000047,96.41751155853272,9.758764085859061,926.53,1.5735000000000001
55.0,-67.0,2026-10-09 23:27:19,5.218000000000018,93.44251155853271,10.424764085859062,945.25,3.435125
55.0,-66.5,2026-10-09 23:27:19,5.036000000000001,96.61751155853273,3.8187640858590606,944.6,0.877375
55.0,-66.0,2026-10-09 23:27:19,4.376000000000033,95.84251155853272,6.66276408585906,940.13,0.240375
55.0,-65.5,2026-10-09 23:27:19,5.011000000000024,87.76751155853272,6.140764085859061,944.49,0.1965
55.0,-65.0,2026-10-09 23:27:19,4.239000000000033,87.89251155853272,7.47276408585906,940.35,0.0915
55.0,-64.5,2026-10-09 23:27:19,2.906000000000006,89.19251155853271,8.480764085859061,941.33,3.898625
55.0,-64.0,2026-10-09 23:27:19,1.3390000000000555,93.59251155853272,8.858764085859061,937.83,2.622625
55.0,-63.5,2026-10-09 23:27:19,1.910000000000025,88.51751155853272,10.91076408585906,941.05,1.438125
55.0,-63.0,2026-10-09 23:27:19,1.2840000000000487,87.46751155853272,8.28276408585906,945.85,4.571875
55.0,-62.5,2026-10-09 23:27:19,-0.5259999999999536,93.19251155853271,10.15476408585906,930.71,3.049875
55.0,-62.0,2026-10-09 23:27:19,0.16900000000003956,93.51751155853272,5.1867640858590605,953.1,4.04925
55.0,-61.5,2026-10-09 23:27:19,-0.242999999999995,97.61751155853273,11.75676408585906,950.78,4.7951250000000005
55.0,-61.0,2026-10-09 23:27:19,2.9260000000000446,91.51751155853272,14.42076408585906,990.72,4.4193750000000005
55.0,-60.5,2026-10-09 23:27:19,2.5400000000000205,99.16751155853272,16.670764085859062,983.08,5.092625
55.0,-60.0,2026-10-09 23:27:19,3.8140000000000214,93.54251155853272,21.76476408585906,985.58,5.395875
55.0,-59.5,2026-10-09 23:27:19,4.242000000000019,90.16751155853272,27.09276408585906,989.43,5.046875
55.0,-59.0,2026-10-09 23:27:19,4.920000000000016,89.26751155853272,31.484764085859062,997.72,7.06675
55.0,-58.0,2026-10-09 23:27:19,4.1860000000000355,96.04251155853272,38.95476408585906,998.32,2.80575
55.5,-130.0,2026-10-09 23:27:19,7.3870000000000005,78.89479522705079,3.2795703578889372,939.87,7.829625
55.5,-129.5,2026-10-09 23:27:19,8.951000000000022,73.49479522705079,2.4155703578889374,966.67,14.764750000000001
55.5,-129.0,2026-10-09 23:27:19,9.581000000000017,76.44479522705079,2.595570357888937,978.25,16.357375
55.5,-128.5,2026-10-09 23:27:19,-1.0599999999999454,90.44479522705079,7.617570357888937,832.23,26.260375
55.5,-128.0,2026-10-09 23:27:19,6.8870000000000005,66.56979522705079,5.007570357888937,932.07,22.512375
55.5,-127.5,2026-10-09 23:27:19,0.32900000000000773,85.14479522705079,7.0955703578889375,835.42,30.517625
55.5,-127.0,2026-10-09 23:27:19,2.973000000000013,94.91979522705078,3.837570357888937,904.75,29.007
55.5,-126.5,2026-10-09 23:27:19,2.6450000000000387,90.56979522705079,4.899570357888938,881.46,25.13125
55.5,-126.0,2026-10-09 23:27:19,6.072000000000003,78.59479522705078,19.49757035788894,925.89,27.647000000000002
55.5,-125.5,2026-10-09 23:27:19,2.6380000000000337,82.66979522705078,7.851570357888937,884.55,26.26425
55.5,-125.0,2026-10-09 23:27:19,0.15900000000004866,86.86979522705079,12.441570357888937,850.42,18.3735
55.5,-124.5,2026-10-09 23:27:19,-1.5119999999999436,95.36979522705079,18.057570357888938,839.13,17.850875000000002
55.5,-124.0,2026-10-09 23:27:19,0.07200000000000273,94.89479522705079,13.089570357888938,867.61,20.763375
55.5,-123.5,2026-10-09 23:27:19,5.57000000000005,79.99479522705079,21.53157035788894,920.71,23.593875
55.5,-123.0,2026-10-09 23:27:19,1.149000000000001,86.69479522705079,10.677570357888937,877.13,26.462500000000002
55.5,-122.5,2026-10-09 23:27:19,0.5360000000000014,92.61979522705079,9.093570357888938,888.63,28.7495
55.5,-122.0,2026-10-09 23:27:19,-0.9449999999999932,98.34479522705078,12.729570357888937,881.06,30.338250000000002
55.5,-121.5,2026-10-09 23:27:19,-0.7049999999999841,98.26979522705079,11.757570357888937,881.83,28.257375
55.5,-121.0,2026-10-09 23:27:19,-0.12899999999996226,96.89479522705079,12.945570357888938,884.34,28.678875
55.5,-120.5,2026-10-09 23:27:19,0.34400000000005093,97.96979522705078,13.413570357888936,904.27,28.566375
55.5,-120.0,2026-10-09 23:27:19,0.8070000000000164,99.5662452697754,12.56927324706316,913.28,21.524375
55.5,-119.5,2026-10-09 23:27:19,0.9680000000000177,96.2662452697754,13.955273247063161,908.77,18.323875
55.5,-119.0,2026-10-09 23:27:19,-0.07299999999997908,99.49124526977539,21.64127324706316,895.39,21.75525
55.5,-118.5,2026-10-09 23:27:19,1.2940000000000396,99.7162452697754,16.36727324706316,915.74,18.69775
55.5,-118.0,2026-10-09 23:27:19,2.576000000000022,97.99124526977539,27.41927324706316,927.16,16.428
55.5,-117.5,2026-10-09 23:27:19,3.980000000000018,96.24124526977539,25.34927324706316,932.91,16.965875
55.5,-117.0,2026-10-09 23:27:19,4.451000000000022,95.1912452697754,31.00127324706316,928.91,16.292625
55.5,-116.5,2026-10-09 23:27:19,4.698000000000036,94.8912452697754,25.727273247063163,931.03,19.142125
55.5,-116.0,2026-10-09 23:27:19,5.166000000000054,93.4662452697754,25.56527324706316,926.86,21.9975
55.5,-115.5,2026-10-09 23:27:19,6.164000000000044,93.4412452697754,27.13127324706316,932.3,24.004
55.5,-115.0,2026-10-09 23:27:19,7.248000000000047,88.86624526977539,28.139273247063162,932.36,14.9765
55.5,-114.5,2026-10-09 23:27:19,3.3660000000000423,98.0162452697754,17.357273247063162,896.03,20.505875
55.5,-114.0,2026-10-09 23:27:19,3.927000000000021,96.49124526977539,18.32927324706316,907.24,11.58525
55.5,-113.5,2026-10-09 23:27:19,4.383000000000038,96.7162452697754,20.003273247063163,919.0,11.55275
55.5,-113.0,2026-10-09 23:27:19,5.065000000000055,96.5662452697754,18.65327324706316,928.82,7.265125
55.5,-112.5,2026-10-09 23:27:19,4.4570000000000505,96.0912452697754,18.99527324706316,922.75,5.31775
55.5,-112.0,2026-10-09 23:27:19,3.522000000000048,97.5662452697754,23.96327324706316,916.21,7.05725
55.5,-111.5,2026-10-09 23:27:19,3.768000000000029,96.9412452697754,24.01727324706316,922.66,4.0283750000000005
55.5,-111.0,2026-10-09 23:27:19,3.687000000000012,97.2912452697754,23.40527324706316,925.36,2.1706250000000002
55.5,-110.5,2026-10-09 23:27:19,4.857000000000028,93.9162452697754,42.017273247063166,932.49,0.595125
55.5,-110.0,2026-10-09 23:27:19,3.355000000000018,97.42585639953614,24.915968968212606,923.61,0.80675
55.5,-109.5,2026-10-09 23:27:19,3.914000000000044,97.72585639953614,24.195968968212604,933.55,1.215
55.5,-109.0,2026-10-09 23:27:19,4.8870000000000005,95.92585639953614,20.433968968212604,947.52,0.6065
55.5,-108.5,2026-10-09 23:27:19,5.65500000000003,94.47585639953614,17.967968968212606,953.74,0.063
55.5,-108.0,2026-10-09 23:27:19,7.267000000000053,85.57585639953614,29.6679689682126,956.31,0.017125
55.5,-107.5,2026-10-09 23:27:19,7.374000000000024,73.85085639953614,17.625968968212604,954.05,0.021
55.5,-107.0,2026-10-09 23:27:19,6.867000000000019,73.22585639953614,16.383968968212606,952.41,0.080125
55.5,-106.5,2026-10-09 23:27:19,7.802000000000021,66.20085639953614,18.831968968212607,962.14,0.0115
55.5,-106.0,2026-10-09 23:27:19,7.525000000000034,64.30085639953613,16.869968968212603,960.11,0.02675
55.5,-105.5,2026-10-09 23:27:19,7.052000000000021,68.32585639953614,16.113968968212603,958.47,0.0
55.5,-105.0,2026-10-09 23:27:19,7.123000000000047,69.92585639953613,24.951968968212604,958.17,0.0
55.5,-104.5,2026-10-09 23:27:19,7.475000000000023,74.90085639953614,29.307968968212606,968.99,0.0
55.5,-104.0,2026-10-09 23:27:19,6.360000000000014,71.05085639953613,17.733968968212604,963.52,0.0
55.5,-103.5,2026-10-09 23:27:19,5.841000000000008,74.35085639953614,15.087968968212607,965.34,0.341375
55.5,-103.0,2026-10-09 23:27:19,6.053000000000054,70.35085639953614,23.907968968212604,969.28,0.0
55.5,-102.5,2026-10-09 23:27:19,6.402000000000044,65.10085639953614,20.091968968212605,975.49,0.0
55.5,-102.0,2026-10-09 23:27:19,6.303000000000054,63.80085639953614,13.665968968212605,974.69,0.007625
55.5,-101.5,2026-10-09 23:27:19,6.501000000000033,62.075856399536136,14.151968968212605,975.2,0.00575
55.5,-101.0,2026-10-09 23:27:19,6.642000000000053,64.80085639953613,10.677968968212605,976.8,0.013375
55.5,-100.5,2026-10-09 23:27:19,7.0160000000000196,66.52585639953614,11.091968968212605,977.6,0.017125
55.5,-100.0,2026-10-09 23:27:19,7.2140000000000555,65.35085639953614,11.091968968212605,979.55,0.0935
55.5,-99.5,2026-10-09 23:27:19,7.119000000000028,73.87585639953613,10.515968968212604,981.55,0.04575
55.5,-99.0,2026-10-09 23:27:19,7.051000000000045,75.72585639953614,10.947968968212605,983.34,0.07825
55.5,-98.5,2026-10-09 23:27:19,7.340000000000032,76.02585639953614,15.537968968212606,986.95,0.408125
55.5,-98.0,2026-10-09 23:27:19,7.270000000000039,76.85085639953614,18.327968968212605,991.88,0.35100000000000003
55.5,-97.5,2026-10-09 23:27:19,7.652000000000044,72.17585639953613,10.803968968212605,992.17,0.35475
55.5,-97.0,2026-10-09 23:27:19,7.628000000000043,67.05085639953613,10.947968968212605,991.69,0.089625
55.5,-96.5,2026-10-09 23:27:19,7.322000000000003,68.62585639953613,10.587968968212605,993.49,0.04575
55.5,-96.0,2026-10-09 23:27:19,7.4150000000000205,61.725856399536134,8.859968968212605,992.14,0.0095
55.5,-95.5,2026-10-09 23:27:19,7.682000000000016,58.975856399536134,5.853968968212605,993.66,0.13925
55.5,-95.0,2026-10-09 23:27:19,6.645000000000039,66.64460468292236,5.642908852636815,994.63,0.049625
55.5,-94.5,2026-10-09 23:27:19,6.947000000000003,69.11960468292237,3.914908852636814,1000.25,0.013375
55.5,-94.0,2026-10-09 23:27:19,6.711000000000013,72.99460468292237,4.436908852636814,998.31,0.26325
55.5,-93.5,2026-10-09 23:27:19,6.68100000000004,74.06960468292236,4.904908852636814,998.14,1.058625
55.5,-93.0,2026-10-09 23:27:19,5.462000000000046,79.19460468292237,7.478908852636814,998.53,0.24225
55.5,-92.5,2026-10-09 23:27:19,5.914000000000044,80.94460468292237,8.288908852636814,1002.3,3.33975
55.5,-92.0,2026-10-09 23:27:19,6.118000000000052,81.89460468292236,5.732908852636815,1005.11,1.2035
55.5,-91.5,2026-10-09 23:27:19,5.962000000000046,81.41960468292237,6.8309088526368145,1004.53,0.0915
55.5,-91.0,2026-10-09 23:27:19,4.438000000000045,93.44460468292237,6.6689088526368145,1003.1,0.137375
55.5,-90.5,2026-10-09 23:27:19,4.187000000000012,96.14460468292236,6.8309088526368145,1001.39,0.05725
55.5,-90.0,2026-10-09 23:27:19,4.523000000000025,93.04460468292237,5.336908852636814,1002.19,0.007625
55.5,-89.5,2026-10-09 23:27:19,6.136000000000024,84.46960468292237,7.586908852636815,1001.81,0.007625
55.5,-89.0,2026-10-09 23:27:19,4.41700000000003,84.94460468292237,6.578908852636815,1001.75,0.135375
55.5,-88.5,2026-10-09 23:27:19,4.583000000000027,81.14460468292236,6.974908852636815,1007.38,0.898375
55.5,-88.0,2026-10-09 23:27:19,4.985000000000014,78.09460468292237,6.236908852636814,1007.8,0.610375
55.5,-87.5,2026-10-09 23:27:19,5.254000000000019,71.86960468292237,6.524908852636814,1006.66,0.083875
55.5,-87.0,2026-10-09 23:27:19,5.191000000000031,74.16960468292237,8.000908852636814,1007.94,0.019125
55.5,-86.5,2026-10-09 23:27:19,5.767000000000053,70.66960468292237,11.438908852636814,1010.0,0.234625
55.5,-86.0,2026-10-09 23:27:19,5.972000000000037,76.21960468292237,11.582908852636814,1013.6,1.2055
55.5,-85.5,2026-10-09 23:27:19,5.053000000000054,61.594604682922366,21.734908852636817,1016.85,0.537875
55.5,-77.5,2026-10-09 23:27:19,5.546000000000049,81.54460468292237,25.874908852636814,1008.1,1.236
55.5,-77.0,2026-10-09 23:27:19,3.479000000000042,91.54460468292237,17.882908852636813,982.36,0.9975
55.5,-76.5,2026-10-09 23:27:19,3.26400000000001,91.66960468292237,17.072908852636814,976.05,0.680875
55.5,-76.0,2026-10-09 23:27:19,3.038000000000011,96.04460468292237,14.966908852636816,971.99,0.45587500000000003
55.5,-75.5,2026-10-09 23:27:19,3.344000000000051,92.29460468292237,10.574908852636815,971.94,0.29375
55.5,-75.0,2026-10-09 23:27:19,4.687000000000012,86.21960468292237,9.188908852636814,970.35,0.431
55.5,-74.5,2026-10-09 23:27:19,4.713000000000022,85.06960468292237,8.252908852636816,963.1,0.434875
55.5,-74.0,2026-10-09 23:27:19,4.484000000000037,87.54460468292237,9.116908852636815,965.05,0.783875
55.5,-73.5,2026-10-09 23:27:19,3.5880000000000223,90.86960468292237,8.576908852636814,964.85,2.10575
55.5,-73.0,2026-10-09 23:27:19,2.6170000000000186,93.46960468292237,9.152908852636815,950.92,2.6778750000000002
55.5,-72.5,2026-10-09 23:27:19,2.279000000000053,93.74460468292237,9.440908852636813,948.72,1.474375
55.5,-72.0,2026-10-09 23:27:19,1.1940000000000168,96.06960468292237,9.908908852636815,948.7,1.598375
55.5,-71.5,2026-10-09 23:27:19,1.8140000000000214,92.89460468292236,9.116908852636815,954.75,1.449625
55.5,-71.0,2026-10-09 23:27:19,0.6170000000000186,97.41960468292237,10.106908852636813,940.95,2.138125
55.5,-70.5,2026-10-09 23:27:19,1.837000000000046,93.71960468292237,9.926908852636815,946.31,0.2575
55.5,-70.0,2026-10-09 23:27:19,2.569000000000017,92.74460468292237,10.682908852636814,943.2,0.635125
55.5,-69.5,2026-10-09 23:27:19,2.9220000000000255,91.76960468292236,9.242908852636814,951.64,0.738125
55.5,-69.0,2026-10-09 23:27:19,2.080000000000041,95.71960468292237,11.402908852636815,946.63,0.35475
55.5,-68.5,2026-10-09 23:27:19,3.40300000000002,92.89460468292236,11.438908852636814,958.83,1.7337500000000001
55.5,-68.0,2026-10-09 23:27:19,3.6000000000000227,93.46960468292237,12.734908852636813,959.74,3.5820000000000003
55.5,-67.5,2026-10-09 23:27:19,3.4160000000000537,97.29251155853272,12.422764085859061,951.3,2.0332500000000002
55.5,-67.0,2026-10-09 23:27:19,3.2110000000000127,97.99251155853273,10.35276408585906,937.08,1.810125
55.5,-66.5,2026-10-09 23:27:19,3.716000000000008,99.29251155853272,5.870764085859061,935.64,5.138375
55.5,-66.0,2026-10-09 23:27:19,4.421000000000049,90.11751155853273,9.470764085859061,945.03,1.154
55.5,-65.5,2026-10-09 23:27:19,3.1990000000000123,92.51751155853272,10.53276408585906,936.61,1.1635
55.5,-65.0,2026-10-09 23:27:19,2.4960000000000377,89.16751155853272,10.802764085859062,941.97,0.43875000000000003
55.5,-64.5,2026-10-09 23:27:19,2.340000000000032,87.59251155853272,10.874764085859061,948.71,2.0808750000000003
55.5,-64.0,2026-10-09 23:27:19,0.7740000000000009,91.51751155853272,11.342764085859061,941.25,2.246875
55.5,-63.5,2026-10-09 23:27:19,-0.25,93.26751155853272,9.614764085859061,933.3,2.2640000000000002
55.5,-63.0,2026-10-09 23:27:19,-0.32399999999995543,92.19251155853271,8.858764085859061,941.25,2.180125
55.5,-62.5,2026-10-09 23:27:19,0.36100000000004684,88.61751155853273,8.444764085859061,943.64,3.1586250000000002
55.5,-62.0,2026-10-09 23:27:19,-0.6959999999999695,99.01751155853272,10.514764085859062,951.5,2.33075
55.5,-61.5,2026-10-09 23:27:19,-0.5299999999999727,99.26751155853272,15.302764085859062,949.5,3.847125
55.5,-61.0,2026-10-09 23:27:19,3.076000000000022,94.79251155853272,11.720764085859061,986.05,4.364
55.5,-60.5,2026-10-09 23:27:19,4.076000000000022,88.79251155853272,23.58276408585906,988.97,5.817375
56.0,-130.0,2026-10-09 23:27:19,9.012,71.29479522705078,2.7755703578889372,943.95,3.7765
56.0,-129.5,2026-10-09 23:27:19,3.2030000000000314,72.34479522705078,8.607570357888937,873.45,7.18875
56.0,-129.0,2026-10-09 23:27:19,7.856000000000051,83.49479522705079,4.5395703578889375,937.23,6.631875
56.0,-128.5,2026-10-09 23:27:19,0.563000000000045,87.41979522705078,8.805570357888937,848.49,8.907375
56.0,-128.0,2026-10-09 23:27:19,5.522000000000048,76.14479522705078,6.195570357888937,917.09,13.666125000000001
56.0,-127.5,2026-10-09 23:27:19,-0.6339999999999577,97.51979522705079,6.879570357888937,844.49,15.34275
56.0,-127.0,2026-10-09 23:27:19,1.664000000000044,84.86979522705079,8.895570357888937,871.67,14.5435
56.0,-126.5,2026-10-09 23:27:19,3.163000000000011,76.16979522705078,6.375570357888937,876.32,14.6465
56.0,-126.0,2026-10-09 23:27:19,1.9820000000000277,84.29479522705078,5.259570357888937,865.89,17.362625
56.0,-125.5,2026-10-09 23:27:19,0.36000000000001364,86.36979522705079,10.857570357888937,857.24,21.019000000000002
56.0,-125.0,2026-10-09 23:27:19,-1.7329999999999472,92.64479522705079,11.523570357888937,827.32,17.849
56.0,-124.5,2026-10-09 23:27:19,-1.3069999999999595,91.51979522705079,15.519570357888936,843.02,27.881625
56.0,-124.0,2026-10-09 23:27:19,6.334000000000003,77.56979522705079,29.667570357888938,932.72,12.163125
56.0,-123.5,2026-10-09 23:27:19,0.6890000000000214,90.36979522705079,8.661570357888937,878.32,14.17925
56.0,-123.0,2026-10-09 23:27:19,-0.2179999999999609,97.21979522705078,12.063570357888937,876.1,18.514625
56.0,-122.5,2026-10-09 23:27:19,0.3930000000000291,93.94479522705079,10.209570357888937,889.13,20.464000000000002
56.0,-122.0,2026-10-09 23:27:19,0.7800000000000296,99.14479522705079,10.803570357888939,934.91,20.80725
56.0,-121.5,2026-10-09 23:27:19,1.05600000000004,99.61979522705079,13.863570357888937,922.46,19.46825
56.0,-121.0,2026-10-09 23:27:19,1.2370000000000232,99.71979522705078,14.115570357888938,914.94,21.91925
56.0,-120.5,2026-10-09 23:27:19,1.4300000000000068,99.09479522705078,17.589570357888938,915.89,21.9955
56.0,-120.0,2026-10-09 23:27:19,2.865000000000009,95.9162452697754,26.55527324706316,931.27,15.071875
56.0,-119.5,2026-10-09 23:27:19,0.9950000000000045,99.3912452697754,22.05527324706316,916.05,13.362875
56.0,-119.0,2026-10-09 23:27:19,3.1200000000000045,95.5162452697754,19.607273247063162,935.57,14.284125
56.0,-118.5,2026-10-09 23:27:19,3.4120000000000346,93.8412452697754,31.793273247063162,933.78,9.580625
56.0,-118.0,2026-10-09 23:27:19,3.295000000000016,95.2162452697754,34.60127324706316,933.14,12.132625
56.0,-117.5,2026-10-09 23:27:19,4.1370000000000005,95.36624526977539,25.36727324706316,940.99,12.03725
56.0,-117.0,2026-10-09 23:27:19,3.799000000000035,93.74124526977539,24.287273247063162,933.3,9.058
56.0,-116.5,2026-10-09 23:27:19,2.4630000000000223,97.2162452697754,19.62527324706316,916.55,12.268125
56.0,-116.0,2026-10-09 23:27:19,3.174000000000035,96.49124526977539,18.76127324706316,921.97,11.413625
56.0,-115.5,2026-10-09 23:27:19,3.2380000000000564,96.49124526977539,20.30927324706316,924.6,12.493125000000001
56.0,-115.0,2026-10-09 23:27:19,3.5920000000000414,96.0662452697754,23.90927324706316,926.0,11.62725
56.0,-114.5,2026-10-09 23:27:19,4.1200000000000045,96.49124526977539,18.77927324706316,933.08,9.307875000000001
56.0,-114.0,2026-10-09 23:27:19,4.649000000000001,95.1912452697754,22.18127324706316,936.14,9.544375
56.0,-113.5,2026-10-09 23:27:19,4.229000000000042,96.2662452697754,20.651273247063163,931.71,7.86775
56.0,-113.0,2026-10-09 23:27:19,4.552000000000021,96.1662452697754,22.84727324706316,934.52,5.847875
56.0,-112.5,2026-10-09 23:27:19,4.91900000000004,95.5412452697754,21.17327324706316,938.77,4.011125
56.0,-112.0,2026-10-09 23:27:19,3.8840000000000146,96.1662452697754,25.29527324706316,922.61,2.986875
56.0,-111.5,2026-10-09 23:27:19,3.8000000000000114,96.8162452697754,25.69127324706316,922.25,2.346
56.0,-111.0,2026-10-09 23:27:19,4.805000000000007,96.86624526977539,22.73927324706316,936.5,3.5820000000000003
56.0,-110.5,2026-10-09 23:27:19,5.819000000000017,95.6412452697754,18.76127324706316,952.24,0.40625
56.0,-110.0,2026-10-09 23:27:19,5.328000000000031,97.00085639953613,20.631968968212608,943.81,0.110625
56.0,-109.5,2026-10-09 23:27:19,4.921000000000049,96.97585639953614,17.247968968212607,937.03,0.05725
56.0,-109.0,2026-10-09 23:27:19,8.081000000000017,82.40085639953614,37.929968968212606,957.8,0.051500000000000004
56.0,-108.5,2026-10-09 23:27:19,7.143000000000029,78.22585639953614,28.479968968212606,957.03,0.042
56.0,-108.0,2026-10-09 23:27:19,6.751000000000033,74.52585639953614,20.775968968212602,954.95,0.042
56.0,-107.5,2026-10-09 23:27:19,7.107000000000028,71.97585639953614,22.089968968212606,959.11,0.01525
56.0,-107.0,2026-10-09 23:27:19,6.706000000000017,72.55085639953613,22.827968968212605,955.94,0.003875
56.0,-106.5,2026-10-09 23:27:19,6.255000000000052,72.25085639953613,16.239968968212604,956.14,0.0
56.0,-106.0,2026-10-09 23:27:19,6.006000000000029,71.05085639953613,16.815968968212605,953.24,0.0
56.0,-105.5,2026-10-09 23:27:19,6.5120000000000005,70.92585639953613,19.875968968212604,960.49,0.0
56.0,-105.0,2026-10-09 23:27:19,6.393000000000029,69.62585639953613,15.429968968212606,960.36,0.003875
56.0,-104.5,2026-10-09 23:27:19,5.489000000000033,75.22585639953614,24.447968968212606,955.88,0.007625
56.0,-104.0,2026-10-09 23:27:19,5.425000000000011,72.55085639953613,23.007968968212605,964.03,0.038125
56.0,-103.5,2026-10-09 23:27:19,5.286000000000001,67.20085639953614,15.141968968212606,968.39,0.003875
56.0,-103.0,2026-10-09 23:27:19,6.063000000000045,58.850856399536134,13.575968968212605,969.83,0.0
56.0,-102.5,2026-10-09 23:27:19,6.420000000000016,58.825856399536136,12.207968968212606,973.3,0.0
56.0,-102.0,2026-10-09 23:27:19,6.249000000000024,63.42585639953614,15.735968968212605,973.41,0.0
56.0,-101.5,2026-10-09 23:27:19,6.202000000000055,62.87585639953613,13.341968968212605,972.75,0.0
56.0,-101.0,2026-10-09 23:27:19,6.2970000000000255,64.42585639953613,11.433968968212605,974.6,0.003875
56.0,-100.5,2026-10-09 23:27:19,6.647000000000048,68.85085639953614,15.771968968212605,981.97,0.001875
56.0,-100.0,2026-10-09 23:27:19,6.3110000000000355,70.22585639953614,13.341968968212605,977.63,0.034375
56.0,-99.5,2026-10-09 23:27:19,6.372000000000014,71.87585639953613,9.921968968212605,982.05,0.0725
56.0,-99.0,2026-10-09 23:27:19,6.481000000000051,69.72585639953614,12.495968968212605,984.95,0.043875000000000004
56.0,-98.5,2026-10-09 23:27:19,6.095000000000027,69.45085639953614,10.623968968212605,982.78,0.21937500000000001
56.0,-98.0,2026-10-09 23:27:19,5.983000000000004,71.27585639953614,10.965968968212605,987.17,0.286125
56.0,-97.5,2026-10-09 23:27:19,6.302000000000021,68.37585639953613,9.669968968212606,991.45,0.267
56.0,-97.0,2026-10-09 23:27:19,6.738000000000056,64.87585639953613,8.715968968212605,993.7,0.14300000000000002
56.0,-96.5,2026-10-09 23:27:19,5.496000000000038,75.50085639953613,12.999968968212604,994.94,0.0305
56.0,-96.0,2026-10-09 23:27:19,6.609000000000037,64.65085639953614,6.249968968212604,994.61,0.13925
56.0,-95.5,2026-10-09 23:27:19,6.398000000000025,69.22585639953614,5.349968968212605,994.83,0.0915
56.0,-95.0,2026-10-09 23:27:19,5.358000000000004,78.54460468292237,6.542908852636815,997.55,0.06675
56.0,-94.5,2026-10-09 23:27:19,5.1370000000000005,78.74460468292237,6.866908852636814,997.24,0.10875
56.0,-94.0,2026-10-09 23:27:19,5.883000000000038,75.41960468292237,7.0649088526368145,1001.2,0.425375
56.0,-93.5,2026-10-09 23:27:19,6.010000000000048,81.06960468292237,5.678908852636814,1007.14,1.29125
56.0,-93.0,2026-10-09 23:27:19,5.5750000000000455,84.56960468292237,6.452908852636814,1005.77,1.234
56.0,-92.5,2026-10-09 23:27:19,5.249000000000024,89.56960468292237,7.298908852636814,1006.58,1.07575
56.0,-92.0,2026-10-09 23:27:19,5.335000000000036,90.84460468292237,8.972908852636815,1000.22,0.57025
56.0,-91.5,2026-10-09 23:27:19,4.981000000000051,91.41960468292237,7.190908852636815,998.56,0.307125
56.0,-91.0,2026-10-09 23:27:19,4.9500000000000455,92.76960468292236,6.578908852636815,997.38,0.38525
56.0,-90.5,2026-10-09 23:27:19,3.55600000000004,97.29460468292237,5.858908852636814,997.85,0.122125
56.0,-90.0,2026-10-09 23:27:19,4.956000000000017,87.79460468292237,8.396908852636816,996.7,0.248
56.0,-89.5,2026-10-09 23:27:19,5.468000000000018,81.84460468292237,9.908908852636815,1000.67,0.577875
56.0,-89.0,2026-10-09 23:27:19,5.708000000000027,78.94460468292237,10.142908852636815,1003.19,0.295625
56.0,-88.5,2026-10-09 23:27:19,5.440000000000055,68.21960468292237,8.576908852636814,1009.99,0.965125
56.0,-88.0,2026-10-09 23:27:19,5.791000000000054,69.86960468292237,7.478908852636814,1013.42,0.21937500000000001
56.0,-87.5,2026-10-09 23:27:19,6.5260000000000105,69.06960468292236,4.976908852636814,1016.67,0.0095
56.0,-87.0,2026-10-09 23:27:19,4.810000000000002,63.56960468292237,10.196908852636815,1017.33,0.137375
56.0,-80.0,2026-10-09 23:27:19,3.7070000000000505,70.19460468292236,28.106908852636813,1011.1,0.34900000000000003
56.0,-79.5,2026-10-09 23:27:19,3.8730000000000473,73.14460468292236,31.166908852636816,1009.02,0.12775
56.0,-79.0,2026-10-09 23:27:19,4.4080000000000155,78.66960468292237,33.14690885263681,1008.22,0.055375
56.0,-76.5,2026-10-09 23:27:19,3.626000000000033,86.54460468292237,10.448908852636814,994.28,1.428625
56.0,-76.0,2026-10-09 23:27:19,2.583000000000027,93.06960468292237,10.592908852636814,975.67,0.77825
56.0,-75.5,2026-10-09 23:27:19,1.6190000000000282,96.46960468292237,8.306908852636814,971.38,1.1768750000000001
56.0,-75.0,2026-10-09 23:27:19,3.0030000000000427,95.74460468292237,8.594908852636815,972.31,0.980375
56.0,-74.5,2026-10-09 23:27:19,3.272000000000048,88.34460468292237,7.100908852636815,965.42,1.846375
56.0,-74.0,2026-10-09 23:27:19,4.090000000000032,82.91960468292237,7.964908852636815,976.41,1.201625
56.0,-73.5,2026-10-09 23:27:19,3.326000000000022,85.49460468292237,6.776908852636814,965.08,1.27225
56.0,-73.0,2026-10-09 23:27:19,2.9290000000000305,86.24460468292237,8.540908852636814,964.81,1.283625
56.0,-72.5,2026-10-09 23:27:19,3.0500000000000114,86.31960468292237,8.522908852636814,962.7,1.2455
56.0,-72.0,2026-10-09 23:27:19,1.9810000000000514,92.51960468292236,8.666908852636814,961.06,0.39675
56.0,-71.5,2026-10-09 23:27:19,1.3150000000000546,94.26960468292236,9.854908852636814,947.74,1.293125
56.0,-71.0,2026-10-09 23:27:19,1.7620000000000005,93.46960468292237,11.168908852636815,957.99,3.322625
56.0,-70.5,2026-10-09 23:27:19,1.0890000000000555,96.79460468292237,9.260908852636815,954.55,1.194
56.0,-70.0,2026-10-09 23:27:19,1.1540000000000532,95.91960468292237,12.482908852636815,943.28,0.516875
56.0,-69.5,2026-10-09 23:27:19,1.434000000000026,96.34460468292237,11.060908852636814,950.52,0.358625
56.0,-69.0,2026-10-09 23:27:19,1.3220000000000027,98.61960468292237,12.500908852636814,957.33,0.440625
56.0,-68.5,2026-10-09 23:27:19,2.177000000000021,96.14460468292236,13.724908852636815,958.75,0.362375
56.0,-68.0,2026-10-09 23:27:19,3.237000000000023,97.96960468292237,16.496908852636814,953.72,1.556375
56.0,-67.5,2026-10-09 23:27:19,4.843000000000018,94.74251155853273,15.68076408585906,961.11,1.607875
56.0,-67.0,2026-10-09 23:27:19,4.937000000000012,96.74251155853273,6.66276408585906,947.75,1.562125
56.0,-66.5,2026-10-09 23:27:19,4.154000000000053,97.41751155853272,8.57076408585906,950.44,3.2291250000000002
56.0,-66.0,2026-10-09 23:27:19,3.3310000000000173,93.49251155853273,14.726764085859061,951.14,9.018
56.0,-65.5,2026-10-09 23:27:19,2.233000000000004,89.69251155853271,15.23076408585906,947.61,1.64225
56.0,-65.0,2026-10-09 23:27:19,0.36800000000005184,93.64251155853272,12.764764085859062,939.28,0.804875
56.0,-64.5,2026-10-09 23:27:19,1.219000000000051,88.74251155853273,11.28876408585906,951.38,0.07625
56.0,-64.0,2026-10-09 23:27:19,0.3520000000000323,89.11751155853273,9.95676408585906,948.47,0.032375
56.0,-63.5,2026-10-09 23:27:19,-0.48999999999995225,90.91751155853272,8.04876408585906,937.0,0.198375
56.0,-63.0,2026-10-09 23:27:19,0.6700000000000159,87.39251155853272,7.47276408585906,955.49,0.419625
56.0,-62.5,2026-10-09 23:27:19,-0.3769999999999527,94.11751155853273,7.99476408585906,949.61,1.36
56.0,-62.0,2026-10-09 23:27:19,3.0880000000000223,83.86751155853273,10.58676408585906,982.61,3.086125
56.0,-61.5,2026-10-09 23:27:19,4.557000000000016,81.11751155853273,20.972764085859062,1000.28,3.7422500000000003
56.0,-61.0,2026-10-09 23:27:19,4.815000000000055,82.11751155853273,29.234764085859062,1000.85,4.118
56.5,-131.5,2026-10-09 23:27:19,-0.2999999999999545,86.29479522705078,8.229570357888937,877.31,12.825000000000001
56.5,-131.0,2026-10-09 23:27:19,1.5740000000000123,82.76979522705079,8.175570357888938,876.71,6.990375
56.5,-130.5,2026-10-09 23:27:19,6.628000000000043,71.16979522705078,7.887570357888938,935.35,2.76375
56.5,-130.0,2026-10-09 23:27:19,-3.766999999999996,98.66979522705078,17.60757035788894,816.42,3.210125
56.5,-129.5,2026-10-09 23:27:19,7.398000000000025,67.71979522705078,8.517570357888937,937.58,3.276875
56.5,-129.0,2026-10-09 23:27:19,2.2910000000000537,83.24479522705079,10.137570357888938,868.14,3.9425
56.5,-128.5,2026-10-09 23:27:19,1.400000000000034,84.74479522705079,10.569570357888937,860.19,11.268625
56.5,-128.0,2026-10-09 23:27:19,4.360000000000014,81.71979522705078,2.919570357888937,901.16,8.268375
56.5,-127.5,2026-10-09 23:27:19,3.934000000000026,87.61979522705079,3.945570357888937,906.81,9.132375
56.5,-127.0,2026-10-09 23:27:19,-0.5499999999999545,85.21979522705078,11.793570357888937,837.06,11.364
56.5,-126.5,2026-10-09 23:27:19,0.8140000000000214,79.46979522705078,12.927570357888937,845.3,10.952
56.5,-126.0,2026-10-09 23:27:19,-2.322999999999979,87.34479522705078,15.087570357888936,810.46,12.857375000000001
56.5,-125.5,2026-10-09 23:27:19,-0.17999999999994998,80.44479522705079,10.911570357888937,847.4,11.694
56.5,-125.0,2026-10-09 23:27:19,2.3600000000000136,81.26979522705079,12.441570357888937,886.38,7.089625
56.5,-124.5,2026-10-09 23:27:19,6.841000000000008,70.24479522705079,29.397570357888938,934.17,6.610875
56.5,-124.0,2026-10-09 23:27:19,0.2340000000000373,84.71979522705078,14.061570357888938,857.97,10.871875000000001
56.5,-123.5,2026-10-09 23:27:19,-1.822999999999979,94.11979522705079,14.943570357888936,839.78,13.3305
56.5,-123.0,2026-10-09 23:27:19,0.5110000000000241,87.96979522705078,11.685570357888936,875.23,8.08525
56.5,-122.5,2026-10-09 23:27:19,1.05600000000004,95.61979522705079,13.539570357888937,906.33,17.490375
56.5,-122.0,2026-10-09 23:27:19,2.531000000000006,95.79479522705078,14.943570357888936,931.96,10.543875
56.5,-121.5,2026-10-09 23:27:19,2.448000000000036,95.86979522705079,19.803570357888937,919.43,9.595875
56.5,-121.0,2026-10-09 23:27:19,2.677000000000021,94.99479522705079,24.375570357888936,922.66,11.619625000000001
56.5,-120.5,2026-10-09 23:27:19,2.851000000000056,95.76979522705079,22.737570357888938,928.64,9.750375
56.5,-120.0,2026-10-09 23:27:19,2.3700000000000045,88.8412452697754,22.27127324706316,907.46,13.542125
56.5,-119.5,2026-10-09 23:27:19,3.472000000000037,87.9412452697754,19.895273247063162,925.24,7.84875
56.5,-119.0,2026-10-09 23:27:19,3.2130000000000223,91.6662452697754,33.80927324706316,929.14,6.183625
56.5,-118.5,2026-10-09 23:27:19,1.1690000000000396,95.86624526977539,25.69127324706316,908.66,9.11325
56.5,-118.0,2026-10-09 23:27:19,2.1100000000000136,97.7662452697754,23.26127324706316,927.07,8.44
56.5,-117.5,2026-10-09 23:27:19,3.0750000000000455,97.0662452697754,22.79327324706316,931.64,8.289375
56.5,-117.0,2026-10-09 23:27:19,3.7590000000000146,95.3412452697754,18.25727324706316,942.78,6.38575
56.5,-116.5,2026-10-09 23:27:19,3.674000000000035,95.99124526977539,19.33727324706316,933.89,8.113875
56.5,-116.0,2026-10-09 23:27:19,3.584000000000003,96.2162452697754,23.90927324706316,934.28,9.502375
56.5,-115.5,2026-10-09 23:27:19,4.2660000000000196,95.9662452697754,20.95727324706316,942.21,8.562125
56.5,-115.0,2026-10-09 23:27:19,3.733000000000004,95.4162452697754,19.80527324706316,930.8,7.465375
56.5,-114.5,2026-10-09 23:27:19,2.775000000000034,97.1662452697754,21.92927324706316,920.35,7.78575
56.5,-114.0,2026-10-09 23:27:19,3.5670000000000073,98.3162452697754,22.16327324706316,926.94,11.73025
56.5,-113.5,2026-10-09 23:27:19,4.5820000000000505,95.9412452697754,23.87327324706316,939.72,3.91575
56.5,-113.0,2026-10-09 23:27:19,4.380000000000052,96.6662452697754,23.09927324706316,939.78,2.45475
56.5,-112.5,2026-10-09 23:27:19,4.749000000000024,96.7162452697754,21.37127324706316,948.52,0.717125
56.5,-112.0,2026-10-09 23:27:19,4.980000000000018,96.8912452697754,21.785273247063163,949.72,0.450125
56.5,-111.5,2026-10-09 23:27:19,5.138000000000034,97.1412452697754,18.86927324706316,953.58,0.0915
56.5,-111.0,2026-10-09 23:27:19,5.182000000000016,96.9162452697754,17.37527324706316,950.66,0.122125
56.5,-110.5,2026-10-09 23:27:19,6.177000000000021,90.2912452697754,29.63327324706316,953.11,0.043875000000000004
56.5,-110.0,2026-10-09 23:27:19,5.111000000000047,91.30085639953614,15.591968968212605,948.53,0.04
56.5,-109.5,2026-10-09 23:27:19,6.633000000000038,85.92585639953614,30.009968968212604,955.3,0.02475
56.5,-109.0,2026-10-09 23:27:19,6.000000000000057,79.82585639953614,17.355968968212608,950.55,0.0305
56.5,-108.5,2026-10-09 23:27:19,7.023000000000025,77.10085639953614,29.00196896821261,958.72,0.019125
56.5,-108.0,2026-10-09 23:27:19,6.400000000000034,74.87585639953613,20.001968968212605,954.39,0.001875
56.5,-107.5,2026-10-09 23:27:19,6.230000000000018,75.67585639953613,17.193968968212605,956.28,0.0
56.5,-107.0,2026-10-09 23:27:19,5.552000000000021,79.07585639953614,18.903968968212606,951.14,0.0
56.5,-106.5,2026-10-09 23:27:19,5.4150000000000205,78.02585639953614,16.383968968212606,951.7,0.0
56.5,-106.0,2026-10-09 23:27:19,4.645000000000039,77.87585639953613,18.777968968212605,947.05,0.0
56.5,-105.5,2026-10-09 23:27:19,4.789000000000044,76.50085639953613,23.043968968212607,950.47,0.0
56.5,-105.0,2026-10-09 23:27:19,4.564000000000021,70.12585639953613,16.491968968212607,950.19,0.04
56.5,-104.5,2026-10-09 23:27:19,4.688000000000045,70.30085639953613,13.683968968212605,962.83,0.0
56.5,-104.0,2026-10-09 23:27:19,5.168000000000006,69.57585639953614,15.915968968212605,961.27,0.007625
56.5,-103.5,2026-10-09 23:27:19,4.998000000000047,72.55085639953613,15.195968968212604,964.61,0.04575
56.5,-103.0,2026-10-09 23:27:19,5.1650000000000205,77.12585639953613,23.115968968212606,973.42,0.001875
56.5,-102.5,2026-10-09 23:27:19,5.065000000000055,67.20085639953614,12.855968968212604,971.56,0.003875
56.5,-102.0,2026-10-09 23:27:19,4.896000000000015,69.90085639953614,13.683968968212605,971.5,0.003875
56.5,-101.5,2026-10-09 23:27:19,4.882000000000005,69.32585639953614,12.333968968212604,970.92,0.021
56.5,-101.0,2026-10-09 23:27:19,5.279000000000053,69.57585639953614,11.577968968212605,974.39,0.03625
56.5,-100.5,2026-10-09 23:27:19,5.809000000000026,70.25085639953613,10.623968968212605,980.2,0.022875
56.5,-100.0,2026-10-09 23:27:19,5.992000000000019,68.72585639953614,13.521968968212605,983.17,0.0095
56.5,-99.5,2026-10-09 23:27:19,5.7760000000000105,66.97585639953614,10.011968968212605,983.1,0.003875
56.5,-99.0,2026-10-09 23:27:19,5.560000000000002,69.37585639953613,9.813968968212606,980.97,0.110625
56.5,-98.5,2026-10-09 23:27:19,5.233000000000004,67.27585639953614,10.533968968212605,979.55,0.377625
56.5,-98.0,2026-10-09 23:27:19,4.409000000000049,77.75085639953613,14.007968968212605,983.22,0.116375
56.5,-97.5,2026-10-09 23:27:19,5.1930000000000405,72.67585639953613,7.761968968212605,985.8,0.053375
56.5,-97.0,2026-10-09 23:27:19,4.3910000000000196,75.70085639953614,11.667968968212604,991.78,0.124
56.5,-96.5,2026-10-09 23:27:19,3.548000000000002,86.65085639953614,13.251968968212605,992.63,0.08775000000000001
56.5,-96.0,2026-10-09 23:27:19,4.18100000000004,81.92585639953614,8.427968968212605,994.22,0.061
56.5,-95.5,2026-10-09 23:27:19,5.499000000000024,73.15085639953614,3.6219689682126046,999.67,0.038125
56.5,-95.0,2026-10-09 23:27:19,4.227000000000032,82.91960468292237,7.118908852636815,998.53,0.080125
56.5,-94.5,2026-10-09 23:27:19,4.1440000000000055,83.99460468292237,8.450908852636815,1001.52,0.1145
56.5,-94.0,2026-10-09 23:27:19,4.566000000000031,81.46960468292237,8.342908852636814,1006.97,1.279875
56.5,-93.5,2026-10-09 23:27:19,3.8600000000000136,84.51960468292236,10.520908852636815,1006.72,0.9575
56.5,-93.0,2026-10-09 23:27:19,3.8740000000000236,88.01960468292236,7.9109088526368145,1010.7,0.6905
56.5,-92.5,2026-10-09 23:27:19,3.9560000000000173,88.46960468292237,13.688908852636814,1007.1,1.2550000000000001
56.5,-92.0,2026-10-09 23:27:19,5.0160000000000196,88.56960468292237,12.734908852636813,1006.11,0.677125
56.5,-91.5,2026-10-09 23:27:19,6.427000000000021,84.76960468292236,12.536908852636815,1004.77,0.33575
56.5,-91.0,2026-10-09 23:27:19,5.236000000000047,91.24460468292237,10.286908852636815,1004.77,0.080125
56.5,-90.5,2026-10-09 23:27:19,6.29400000000004,83.61960468292237,10.772908852636814,1005.94,0.047625
56.5,-90.0,2026-10-09 23:27:19,6.122000000000014,85.04460468292237,8.234908852636813,1006.33,0.289875
56.5,-89.5,2026-10-09 23:27:19,5.038000000000011,83.59460468292237,9.386908852636815,1009.14,0.6905
56.5,-89.0,2026-10-09 23:27:19,4.324000000000012,75.61960468292237,8.954908852636814,1010.92,1.144375
56.5,-88.5,2026-10-09 23:27:19,5.353000000000009,76.91960468292237,6.758908852636814,1014.44,0.248
56.5,-88.0,2026-10-09 23:27:19,4.8700000000000045,73.14460468292236,6.164908852636815,1017.25,0.074375
56.5,-79.5,2026-10-09 23:27:19,3.680000000000007,77.61960468292237,30.590908852636815,1010.24,0.192625
56.5,-79.0,2026-10-09 23:27:19,4.1650000000000205,83.94460468292237,25.118908852636814,1009.61,0.40625
56.5,-77.5,2026-10-09 23:27:19,4.209000000000003,79.04460468292237,20.924908852636815,1008.1,0.051500000000000004
56.5,-76.5,2026-10-09 23:27:19,4.720000000000027,74.01960468292236,9.098908852636814,990.85,0.074375
56.5,-76.0,2026-10-09 23:27:19,2.5610000000000355,83.11960468292237,9.908908852636815,984.39,0.6485
56.5,-75.5,2026-10-09 23:27:19,2.008000000000038,86.11960468292237,8.576908852636814,979.77,2.49675
56.5,-75.0,2026-10-09 23:27:19,0.7720000000000482,91.91960468292237,6.686908852636814,972.92,4.77025
56.5,-74.5,2026-10-09 23:27:19,1.3080000000000496,89.44460468292237,6.974908852636815,976.42,4.4822500000000005
56.5,-74.0,2026-10-09 23:27:19,1.54200000000003,88.71960468292237,9.044908852636814,973.88,1.38475
56.5,-73.5,2026-10-09 23:27:19,2.216000000000008,90.59460468292237,14.426908852636815,975.35,1.47825
56.5,-73.0,2026-10-09 23:27:19,1.7650000000000432,87.89460468292236,10.574908852636815,965.11,1.20925
56.5,-72.5,2026-10-09 23:27:19,0.6780000000000541,92.06960468292237,9.728908852636813,962.6,0.5665
56.5,-72.0,2026-10-09 23:27:19,0.6330000000000382,93.04460468292237,9.620908852636815,961.92,0.82775
56.5,-71.5,2026-10-09 23:27:19,0.08900000000005548,94.86960468292237,9.476908852636814,954.28,1.377125
56.5,-71.0,2026-10-09 23:27:19,0.9280000000000541,94.04460468292237,9.440908852636813,964.99,2.523375
56.5,-70.5,2026-10-09 23:27:19,0.41800000000000637,95.71960468292237,10.250908852636814,955.92,1.592625
56.5,-70.0,2026-10-09 23:27:19,2.0580000000000496,91.96960468292237,13.058908852636815,962.75,1.213125
56.5,-69.5,2026-10-09 23:27:19,1.0950000000000273,96.59460468292237,11.348908852636814,955.67,0.56075
56.5,-69.0,2026-10-09 23:27:19,0.10800000000000409,98.76960468292236,15.668908852636815,940.78,0.6637500000000001
56.5,-68.5,2026-10-09 23:27:19,2.743000000000052,91.81960468292237,14.246908852636816,972.89,0.347125
56.5,-68.0,2026-10-09 23:27:19,1.157000000000039,98.94460468292237,14.120908852636815,948.67,1.522125
56.5,-67.5,2026-10-09 23:27:19,3.452000000000055,96.99251155853273,9.39876408585906,962.93,1.0967500000000001
56.5,-67.0,2026-10-09 23:27:19,2.9120000000000346,95.96751155853272,11.01876408585906,958.75,0.371875
56.5,-66.5,2026-10-09 23:27:19,2.4920000000000186,94.69251155853271,15.10476408585906,959.97,2.113375
56.5,-66.0,2026-10-09 23:27:19,1.4290000000000305,94.21751155853272,14.18676408585906,957.72,4.40975
56.5,-65.5,2026-10-09 23:27:19,0.22100000000000364,93.74251155853273,13.61076408585906,947.1,3.656375
56.5,-65.0,2026-10-09 23:27:19,-0.3109999999999786,92.16751155853272,11.37876408585906,941.38,1.4515
56.5,-64.5,2026-10-09 23:27:19,-0.353999999999985,86.24251155853273,11.75676408585906,938.85,0.5035000000000001
56.5,-64.0,2026-10-09 23:27:19,0.014000000000010004,84.46751155853272,11.630764085859061,947.16,0.15825
56.5,-63.5,2026-10-09 23:27:19,0.5340000000000487,77.26751155853272,9.66876408585906,947.71,0.10675
56.5,-63.0,2026-10-09 23:27:19,2.4220000000000255,75.29251155853272,7.0407640858590606,968.41,0.04
56.5,-62.5,2026-10-09 23:27:19,2.643000000000029,78.24251155853273,8.948764085859061,971.61,1.2493750000000001
56.5,-62.0,2026-10-09 23:27:19,4.328000000000031,75.16751155853272,17.48076408585906,995.19,3.025
56.5,-61.5,2026-10-09 23:27:19,3.3920000000000528,84.91751155853272,22.43076408585906,984.5,9.010375
57.0,-132.0,2026-10-09 23:27:19,-4.736999999999966,88.46979522705078,12.711570357888938,854.3,8.0795
57.0,-131.5,2026-10-09 23:27:19,8.328000000000031,69.56979522705079,7.329570357888937,980.96,7.862125
57.0,-131.0,2026-10-09 23:27:19,-4.664999999999964,99.46979522705078,22.16157035788894,824.8,9.344125
57.0,-130.5,2026-10-09 23:27:19,-1.843999999999994,99.54479522705078,10.479570357888937,844.87,12.859375
57.0,-130.0,2026-10-09 23:27:19,-1.0539999999999736,89.34479522705078,11.469570357888937,841.78,11.261000000000001
57.0,-129.5,2026-10-09 23:27:19,3.813000000000045,68.29479522705078,7.653570357888938,880.9,3.665875
57.0,-129.0,2026-10-09 23:27:19,2.039000000000044,75.21979522705078,9.867570357888937,868.1,5.5847500000000005
57.0,-128.5,2026-10-09 23:27:19,0.91700000000003,80.41979522705078,11.703570357888939,861.66,5.703
57.0,-128.0,2026-10-09 23:27:19,0.8930000000000291,78.61979522705079,9.183570357888938,860.17,4.629125
57.0,-127.5,2026-10-09 23:27:19,-3.117999999999995,93.51979522705079,14.331570357888937,820.38,6.5555
57.0,-127.0,2026-10-09 23:27:19,-1.5109999999999673,82.49479522705079,13.701570357888937,836.5,9.838125
57.0,-126.5,2026-10-09 23:27:19,0.5820000000000505,75.81979522705079,13.305570357888937,847.31,5.4455
57.0,-126.0,2026-10-09 23:27:19,-1.565999999999974,80.61979522705079,12.423570357888938,825.81,9.14575
57.0,-125.5,2026-10-09 23:27:19,-2.5459999999999923,81.44479522705079,14.421570357888937,818.19,8.88825
57.0,-125.0,2026-10-09 23:27:19,3.111000000000047,77.86979522705079,8.787570357888939,890.21,2.786625
57.0,-124.5,2026-10-09 23:27:19,-1.0329999999999586,79.91979522705078,11.721570357888938,829.35,4.093125
57.0,-124.0,2026-10-09 23:27:19,-2.6759999999999877,87.01979522705079,15.897570357888938,824.06,5.731625
57.0,-123.5,2026-10-09 23:27:19,-1.3059999999999832,82.81979522705079,13.629570357888937,837.75,4.73975
57.0,-123.0,2026-10-09 23:27:19,-0.06599999999997408,93.14479522705079,13.593570357888938,883.75,4.831375
57.0,-122.5,2026-10-09 23:27:19,0.7880000000000109,94.54479522705078,18.57957035788894,892.6,7.423375
57.0,-122.0,2026-10-09 23:27:19,0.7370000000000232,98.06979522705079,18.093570357888936,902.85,6.874125
57.0,-121.5,2026-10-09 23:27:19,2.187000000000012,94.11979522705079,19.641570357888938,915.88,10.765125
57.0,-121.0,2026-10-09 23:27:19,3.039000000000044,90.56979522705079,18.75957035788894,925.99,7.07625
57.0,-120.5,2026-10-09 23:27:19,3.334000000000003,86.46979522705078,19.227570357888936,927.17,4.1905
57.0,-120.0,2026-10-09 23:27:19,2.3670000000000186,95.1662452697754,22.235273247063162,921.88,3.852875
57.0,-119.5,2026-10-09 23:27:19,0.5200000000000387,95.2162452697754,22.77527324706316,888.88,8.844375
57.0,-119.0,2026-10-09 23:27:19,2.1890000000000214,95.86624526977539,19.57127324706316,917.86,8.102375
57.0,-118.5,2026-10-09 23:27:19,2.4710000000000036,94.8912452697754,24.71927324706316,921.21,7.6236250000000005
57.0,-118.0,2026-10-09 23:27:19,2.337000000000046,95.4162452697754,24.30527324706316,922.13,13.359125
57.0,-117.5,2026-10-09 23:27:19,3.6480000000000246,94.8162452697754,28.57127324706316,953.83,8.457125
57.0,-117.0,2026-10-09 23:27:19,3.3080000000000496,95.86624526977539,20.02127324706316,944.27,3.54575
57.0,-116.5,2026-10-09 23:27:19,1.8380000000000223,97.3912452697754,24.035273247063163,923.41,2.821
57.0,-116.0,2026-10-09 23:27:19,1.3570000000000277,96.5662452697754,27.689273247063163,916.17,7.30325
57.0,-115.5,2026-10-09 23:27:19,2.893000000000029,97.6912452697754,22.48727324706316,942.38,4.9113750000000005
57.0,-115.0,2026-10-09 23:27:19,4.4290000000000305,96.2912452697754,19.21127324706316,948.38,2.121
57.0,-114.5,2026-10-09 23:27:19,4.142000000000053,95.9662452697754,19.03127324706316,937.13,1.69375
57.0,-114.0,2026-10-09 23:27:19,4.198000000000036,95.8912452697754,20.34527324706316,940.05,0.8335
57.0,-113.5,2026-10-09 23:27:19,4.0160000000000196,96.9162452697754,22.883273247063162,938.17,0.5397500000000001
57.0,-113.0,2026-10-09 23:27:19,4.036000000000001,97.4662452697754,21.47927324706316,945.17,0.10675
57.0,-112.5,2026-10-09 23:27:19,3.928000000000054,97.9162452697754,20.52527324706316,950.22,0.059125000000000004
57.0,-112.0,2026-10-09 23:27:19,4.632000000000005,97.24124526977539,15.989273247063162,955.0,0.064875
57.0,-111.5,2026-10-09 23:27:19,6.493000000000052,85.1662452697754,13.23527324706316,972.94,0.003875
57.0,-111.0,2026-10-09 23:27:19,5.871000000000038,82.3162452697754,14.42327324706316,950.32,0.04
57.0,-110.5,2026-10-09 23:27:19,4.969000000000051,78.7162452697754,16.85327324706316,934.41,0.00575
57.0,-110.0,2026-10-09 23:27:19,4.959000000000003,80.27585639953614,17.571968968212605,944.25,0.0
57.0,-109.5,2026-10-09 23:27:19,5.409000000000049,78.42585639953614,17.913968968212604,949.34,0.0
57.0,-109.0,2026-10-09 23:27:19,5.500000000000057,77.55085639953614,18.68796896821261,952.74,0.0
57.0,-108.5,2026-10-09 23:27:19,5.5610000000000355,77.95085639953614,17.049968968212607,956.67,0.0
57.0,-108.0,2026-10-09 23:27:19,5.18300000000005,78.45085639953614,21.153968968212606,954.05,0.0
57.0,-107.5,2026-10-09 23:27:19,4.798000000000002,77.17585639953614,17.715968968212604,952.74,0.0
57.0,-107.0,2026-10-09 23:27:19,3.9630000000000223,80.32585639953614,17.535968968212607,949.61,0.1125
57.0,-106.5,2026-10-09 23:27:19,3.1340000000000146,82.30085639953614,16.725968968212605,945.92,0.00575
57.0,-106.0,2026-10-09 23:27:19,3.993000000000052,71.02585639953614,23.205968968212606,946.95,0.0
57.0,-105.5,2026-10-09 23:27:19,4.224000000000046,70.25085639953613,21.639968968212603,950.31,0.032375
57.0,-105.0,2026-10-09 23:27:19,3.5120000000000005,79.62585639953613,15.339968968212604,951.74,0.02675
57.0,-104.5,2026-10-09 23:27:19,4.458000000000027,73.92585639953613,12.765968968212604,959.97,0.013375
57.0,-104.0,2026-10-09 23:27:19,4.126000000000033,74.75085639953613,12.819968968212605,963.72,0.0
57.0,-103.5,2026-10-09 23:27:19,4.386000000000024,74.40085639953614,13.431968968212605,969.36,0.003875
57.0,-103.0,2026-10-09 23:27:19,4.965000000000032,70.87585639953613,20.487968968212606,972.88,0.017125
57.0,-102.5,2026-10-09 23:27:19,4.723000000000013,71.42585639953613,20.721968968212604,974.88,0.07062500000000001
57.0,-102.0,2026-10-09 23:27:19,4.6720000000000255,70.70085639953614,19.713968968212605,974.83,0.055375
57.0,-101.5,2026-10-09 23:27:19,4.246000000000038,73.10085639953614,17.355968968212608,971.75,0.028625
57.0,-101.0,2026-10-09 23:27:19,5.0020000000000095,70.20085639953614,13.053968968212605,973.16,0.022875
57.0,-100.5,2026-10-09 23:27:19,4.916000000000054,73.67585639953613,11.469968968212605,979.08,0.003875
57.0,-100.0,2026-10-09 23:27:19,4.358000000000004,77.90085639953614,9.237968968212606,980.24,0.003875
57.0,-99.5,2026-10-09 23:27:19,4.656000000000006,76.67585639953613,12.495968968212605,983.06,0.0
57.0,-99.0,2026-10-09 23:27:19,3.983000000000004,81.62585639953613,14.439968968212604,984.2,0.01525
57.0,-98.5,2026-10-09 23:27:19,3.015000000000043,85.50085639953613,9.237968968212606,981.11,0.022875
57.0,-98.0,2026-10-09 23:27:19,3.1720000000000255,81.05085639953614,9.543968968212605,987.08,1.228375
57.0,-97.5,2026-10-09 23:27:19,3.813000000000045,77.07585639953614,9.615968968212606,983.64,0.080125
57.0,-97.0,2026-10-09 23:27:19,2.5090000000000146,90.50085639953613,8.427968968212605,984.41,0.053375
57.0,-96.5,2026-10-09 23:27:19,4.136000000000024,76.17585639953613,8.229968968212606,989.34,0.177375
57.0,-96.0,2026-10-09 23:27:19,4.076000000000022,80.30085639953614,8.967968968212604,993.63,0.10300000000000001
57.0,-95.5,2026-10-09 23:27:19,4.053000000000054,82.87585639953613,11.541968968212606,995.56,0.238375
57.0,-95.0,2026-10-09 23:27:19,3.765000000000043,80.75085639953613,13.539968968212605,992.63,0.7000000000000001
57.0,-94.5,2026-10-09 23:27:19,3.3240000000000123,82.45085639953614,10.947968968212605,991.53,0.61225
57.0,-94.0,2026-10-09 23:27:19,4.612000000000023,76.40085639953614,9.147968968212606,1006.17,2.8628750000000003
57.0,-93.5,2026-10-09 23:27:19,5.0750000000000455,77.50085639953613,11.487968968212606,1009.75,2.87625
57.0,-93.0,2026-10-09 23:27:19,5.91900000000004,76.05085639953613,11.829968968212606,1012.16,1.3085
57.0,-92.5,2026-10-09 23:27:19,6.6650000000000205,75.05085639953613,20.163968968212604,1016.84,1.993125
57.0,-92.0,2026-10-09 23:27:19,5.8840000000000146,82.77585639953614,16.869968968212603,1016.16,1.091
57.0,-91.5,2026-10-09 23:27:19,5.896000000000015,85.87585639953613,18.147968968212606,1013.02,0.398625
57.0,-91.0,2026-10-09 23:27:19,6.8700000000000045,81.45085639953614,17.571968968212605,1011.05,0.320375
57.0,-90.5,2026-10-09 23:27:19,7.920000000000016,88.77585639953614,10.821968968212605,1012.24,0.0305
57.0,-90.0,2026-10-09 23:27:19,5.0540000000000305,94.32585639953614,4.395968968212605,1015.8,0.02475
57.0,-89.5,2026-10-09 23:27:19,4.360000000000014,91.55085639953614,12.765968968212604,1016.36,0.764875
57.0,-76.5,2026-10-09 23:27:19,3.507000000000005,70.69460468292236,11.528908852636814,990.77,0.043875000000000004
57.0,-76.0,2026-10-09 23:27:19,2.7730000000000246,74.54460468292237,12.050908852636814,982.81,0.051500000000000004
57.0,-75.5,2026-10-09 23:27:19,1.7800000000000296,82.26960468292236,11.384908852636814,981.97,0.038125
57.0,-75.0,2026-10-09 23:27:19,1.19500000000005,82.19460468292237,11.834908852636813,974.94,0.06675
57.0,-74.5,2026-10-09 23:27:19,1.1260000000000332,83.09460468292237,10.970908852636814,974.53,0.21175
57.0,-74.0,2026-10-09 23:27:19,0.7840000000000487,83.96960468292237,12.770908852636815,965.45,0.2575
57.0,-73.5,2026-10-09 23:27:19,0.28300000000001546,87.09460468292237,13.202908852636815,961.78,2.8305000000000002
57.0,-73.0,2026-10-09 23:27:19,0.2740000000000009,88.74460468292237,12.392908852636815,967.7,1.031875
57.0,-72.5,2026-10-09 23:27:19,1.018000000000029,86.21960468292237,11.672908852636814,967.2,0.6485
57.0,-72.0,2026-10-09 23:27:19,0.6580000000000155,89.86960468292237,13.058908852636815,960.94,0.50925
57.0,-71.5,2026-10-09 23:27:19,1.365000000000009,89.49460468292237,12.068908852636815,967.1,1.735625
57.0,-71.0,2026-10-09 23:27:19,1.007000000000005,91.64460468292236,13.454908852636814,966.02,2.739
57.0,-70.5,2026-10-09 23:27:19,1.3180000000000405,91.34460468292237,14.498908852636813,960.61,3.5095
57.0,-70.0,2026-10-09 23:27:19,1.7760000000000105,88.51960468292236,14.732908852636815,966.92,0.465375
57.0,-69.5,2026-10-09 23:27:19,0.3830000000000382,94.64460468292236,15.398908852636817,958.8,0.598875
57.0,-69.0,2026-10-09 23:27:19,2.1680000000000064,89.31960468292237,13.490908852636815,974.22,0.248
57.0,-68.5,2026-10-09 23:27:19,2.008000000000038,93.89460468292236,13.310908852636814,974.81,0.646625
57.0,-68.0,2026-10-09 23:27:19,1.5900000000000318,92.79460468292237,12.680908852636815,970.25,1.474375
57.0,-67.5,2026-10-09 23:27:19,0.7910000000000537,98.26751155853272,11.37876408585906,970.07,3.786125
57.0,-67.0,2026-10-09 23:27:19,1.872000000000014,88.76751155853272,12.13476408585906,975.63,1.27225
57.0,-66.5,2026-10-09 23:27:19,1.170000000000016,90.49251155853273,13.232764085859062,966.66,3.692625
57.0,-66.0,2026-10-09 23:27:19,0.4980000000000473,90.86751155853273,14.47476408585906,958.21,3.0575
57.0,-65.5,2026-10-09 23:27:19,-0.16199999999997772,89.04251155853272,13.952764085859062,949.46,4.558625
57.0,-65.0,2026-10-09 23:27:19,-0.9619999999999891,88.49251155853273,13.01676408585906,937.19,2.1706250000000002
57.0,-64.5,2026-10-09 23:27:19,-0.4379999999999882,83.51751155853272,13.01676408585906,945.5,0.286125
57.0,-64.0,2026-10-09 23:27:19,-1.5149999999999864,90.01751155853272,15.24876408585906,927.64,0.42725
57.0,-63.5,2026-10-09 23:27:19,-0.6359999999999673,85.96751155853272,12.908764085859062,937.46,0.068625
57.0,-63.0,2026-10-09 23:27:19,0.5830000000000268,82.34251155853272,12.188764085859061,949.46,0.04
57.0,-62.5,2026-10-09 23:27:19,0.011000000000024102,85.21751155853272,14.060764085859061,931.22,0.35475
57.0,-62.0,2026-10-09 23:27:19,4.821000000000026,79.36751155853273,19.568764085859062,991.55,0.48825
57.0,-61.5,2026-10-09 23:27:19,2.9430000000000405,88.61751155853273,20.234764085859062,975.58,3.1662500000000002
57.5,-132.5,2026-10-09 23:27:19,-3.9069999999999823,94.96979522705078,28.47957035788894,840.06,10.42175
57.5,-132.0,2026-10-09 23:27:19,-1.7829999999999586,91.21979522705078,8.679570357888936,879.1,8.964500000000001
57.5,-131.5,2026-10-09 23:27:19,-2.842999999999961,94.09479522705078,7.383570357888938,849.07,12.674375
57.5,-131.0,2026-10-09 23:27:19,-0.25399999999996226,88.79479522705078,10.821570357888938,894.28,10.528625
57.5,-130.5,2026-10-09 23:27:19,0.29400000000003956,86.29479522705078,10.803570357888939,882.63,9.61875
57.5,-130.0,2026-10-09 23:27:19,-4.045999999999992,93.96979522705078,13.089570357888938,819.38,12.056375000000001
57.5,-129.5,2026-10-09 23:27:19,0.18100000000004002,83.79479522705078,11.019570357888936,870.74,6.62425
57.5,-129.0,2026-10-09 23:27:19,-3.776999999999987,87.91979522705078,13.701570357888937,812.27,6.467875
57.5,-128.5,2026-10-09 23:27:19,-2.2689999999999486,85.76979522705079,13.773570357888937,833.03,6.876
57.5,-128.0,2026-10-09 23:27:19,-2.5319999999999823,86.71979522705078,14.313570357888937,829.6,5.54275
57.5,-127.5,2026-10-09 23:27:19,-1.7859999999999445,83.91979522705078,12.009570357888938,834.27,6.668125
57.5,-127.0,2026-10-09 23:27:19,-2.430999999999983,84.16979522705078,13.017570357888937,824.66,6.6185
57.5,-126.5,2026-10-09 23:27:19,-2.4489999999999554,83.76979522705079,14.403570357888938,828.5,3.253875
57.5,-126.0,2026-10-09 23:27:19,2.230000000000018,65.79479522705078,7.113570357888937,885.02,3.789875
57.5,-125.5,2026-10-09 23:27:19,1.6610000000000014,77.26979522705079,6.969570357888937,871.37,3.6735
57.5,-125.0,2026-10-09 23:27:19,-1.4309999999999832,81.61979522705079,14.079570357888937,833.56,2.761875
57.5,-124.5,2026-10-09 23:27:19,-2.9839999999999804,82.34479522705078,12.405570357888937,817.06,1.794875
57.5,-124.0,2026-10-09 23:27:19,-4.008999999999958,88.01979522705079,12.153570357888938,818.34,5.5275
57.5,-123.5,2026-10-09 23:27:19,-3.7609999999999673,96.56979522705079,17.733570357888937,838.49,7.814375
57.5,-123.0,2026-10-09 23:27:19,-0.06399999999996453,99.79479522705078,16.293570357888935,903.47,3.337875
57.5,-122.5,2026-10-09 23:27:19,0.6790000000000305,97.41979522705078,17.121570357888938,896.67,3.055625
57.5,-122.0,2026-10-09 23:27:19,1.1860000000000355,95.49479522705079,16.725570357888937,905.8,3.6430000000000002
57.5,-121.5,2026-10-09 23:27:19,1.656000000000006,96.91979522705078,18.147570357888938,919.5,3.2425
57.5,-121.0,2026-10-09 23:27:19,2.202000000000055,93.09479522705078,17.949570357888938,922.82,4.007375
57.5,-120.5,2026-10-09 23:27:19,2.1340000000000146,91.66979522705078,17.391570357888938,920.35,3.538125
57.5,-120.0,2026-10-09 23:27:19,1.9560000000000173,89.9662452697754,17.87927324706316,909.75,2.718
57.5,-119.5,2026-10-09 23:27:19,2.1240000000000236,90.0412452697754,21.497273247063163,918.58,5.3100000000000005
57.5,-119.0,2026-10-09 23:27:19,2.876000000000033,88.4662452697754,19.679273247063158,935.5,3.025
57.5,-118.5,2026-10-09 23:27:19,1.4180000000000064,91.0912452697754,18.14927324706316,918.27,4.60625
57.5,-118.0,2026-10-09 23:27:19,1.4580000000000268,91.3912452697754,19.73327324706316,922.71,3.152875
57.5,-117.5,2026-10-09 23:27:19,1.9860000000000468,93.61624526977539,15.089273247063161,938.91,2.225875
57.5,-117.0,2026-10-09 23:27:19,4.329000000000008,83.9162452697754,14.54927324706316,961.02,0.67325
57.5,-116.5,2026-10-09 23:27:19,3.869000000000028,80.8912452697754,15.971273247063161,951.94,0.1945
57.5,-116.0,2026-10-09 23:27:19,2.3310000000000173,87.0162452697754,24.23327324706316,934.42,0.03625
57.5,-115.5,2026-10-09 23:27:19,1.882000000000005,92.8912452697754,17.429273247063158,949.07,0.04575
57.5,-115.0,2026-10-09 23:27:19,2.7000000000000455,93.5912452697754,19.01327324706316,955.17,0.007625
57.5,-114.5,2026-10-09 23:27:19,2.9430000000000405,91.49124526977539,20.12927324706316,946.53,0.0095
57.5,-114.0,2026-10-09 23:27:19,3.132000000000005,95.24124526977539,16.16927324706316,934.89,0.001875
57.5,-113.5,2026-10-09 23:27:19,2.6920000000000073,95.0162452697754,16.727273247063163,929.86,0.001875
57.5,-113.0,2026-10-09 23:27:19,2.687000000000012,91.7162452697754,19.80527324706316,918.78,0.00575
57.5,-112.5,2026-10-09 23:27:19,3.608000000000004,84.99124526977539,24.08927324706316,926.36,0.001875
57.5,-112.0,2026-10-09 23:27:19,2.358000000000004,86.36624526977539,16.78127324706316,925.63,0.0
57.5,-111.5,2026-10-09 23:27:19,6.1580000000000155,73.66624526977539,11.90327324706316,975.92,0.0
57.5,-111.0,2026-10-09 23:27:19,7.534000000000049,68.91624526977539,9.72527324706316,972.33,0.0
57.5,-110.5,2026-10-09 23:27:19,6.219000000000051,70.5662452697754,16.56527324706316,952.86,0.0
57.5,-110.0,2026-10-09 23:27:19,4.077000000000055,80.40085639953614,18.399968968212608,941.8,0.0
57.5,-109.5,2026-10-09 23:27:19,3.9600000000000364,82.05085639953614,18.471968968212604,946.45,0.0
57.5,-109.0,2026-10-09 23:27:19,4.288000000000011,81.22585639953614,20.163968968212604,952.16,0.0
57.5,-108.5,2026-10-09 23:27:19,4.174000000000035,82.45085639953614,24.915968968212606,952.16,0.0
57.5,-108.0,2026-10-09 23:27:19,3.5960000000000036,82.05085639953614,23.007968968212605,950.6,0.001875
57.5,-107.5,2026-10-09 23:27:19,2.841000000000008,85.00085639953613,19.965968968212604,950.97,0.003875
57.5,-107.0,2026-10-09 23:27:19,3.4180000000000064,78.67585639953614,25.527968968212605,954.83,0.02475
57.5,-106.5,2026-10-09 23:27:19,3.4880000000000564,85.57585639953614,30.063968968212606,956.22,0.0
57.5,-106.0,2026-10-09 23:27:19,3.3360000000000127,73.10085639953614,15.681968968212606,953.8,0.01525
57.5,-105.5,2026-10-09 23:27:19,3.0600000000000023,74.72585639953614,14.295968968212605,950.49,0.007625
57.5,-105.0,2026-10-09 23:27:19,3.3240000000000123,78.65085639953614,14.259968968212606,956.52,0.0
57.5,-104.5,2026-10-09 23:27:19,3.6960000000000264,79.10085639953614,11.199968968212605,959.94,0.0
57.5,-104.0,2026-10-09 23:27:19,3.6170000000000186,78.15085639953614,11.829968968212606,961.88,0.0
57.5,-103.5,2026-10-09 23:27:19,3.9400000000000546,66.65085639953614,13.665968968212605,963.25,0.171625
57.5,-103.0,2026-10-09 23:27:19,4.426000000000045,63.75085639953613,13.395968968212605,973.42,0.017125
57.5,-102.5,2026-10-09 23:27:19,4.007000000000005,71.97585639953614,22.449968968212605,976.31,0.02675
57.5,-102.0,2026-10-09 23:27:19,4.624000000000024,66.12585639953613,14.781968968212604,975.19,0.02475
57.5,-101.5,2026-10-09 23:27:19,4.241000000000042,72.17585639953613,11.253968968212606,972.34,0.003875
57.5,-101.0,2026-10-09 23:27:19,3.8000000000000114,77.67585639953614,12.567968968212604,972.88,0.0095
57.5,-100.5,2026-10-09 23:27:19,3.000000000000057,82.75085639953613,10.389968968212605,975.05,0.0
57.5,-100.0,2026-10-09 23:27:19,2.7210000000000036,86.55085639953614,10.623968968212605,977.75,0.07825
57.5,-99.5,2026-10-09 23:27:19,2.16700000000003,92.25085639953613,10.047968968212606,981.61,0.02675
57.5,-99.0,2026-10-09 23:27:19,2.816000000000031,85.17585639953614,10.389968968212605,982.17,0.06675
57.5,-98.5,2026-10-09 23:27:19,2.9180000000000064,84.87585639953613,14.727968968212604,987.63,0.0725
57.5,-98.0,2026-10-09 23:27:19,2.612000000000023,82.60085639953614,9.777968968212605,984.0,0.034375
57.5,-97.5,2026-10-09 23:27:19,3.55600000000004,75.17585639953613,7.869968968212605,987.24,0.053375
57.5,-97.0,2026-10-09 23:27:19,3.8040000000000305,72.30085639953613,8.967968968212604,985.94,0.27087500000000003
57.5,-96.5,2026-10-09 23:27:19,4.021000000000015,70.20085639953614,8.049968968212605,991.05,0.228875
57.5,-96.0,2026-10-09 23:27:19,4.073000000000036,71.20085639953614,9.615968968212606,993.49,0.53025
57.5,-95.5,2026-10-09 23:27:19,3.9470000000000027,72.15085639953614,10.137968968212604,993.86,0.17925
57.5,-95.0,2026-10-09 23:27:19,3.9150000000000205,72.72585639953614,11.631968968212606,994.06,1.028
57.5,-94.5,2026-10-09 23:27:19,3.900000000000034,68.40085639953614,8.535968968212606,999.31,1.298875
57.5,-94.0,2026-10-09 23:27:19,5.1200000000000045,68.02585639953614,11.469968968212605,1008.1,3.11475
57.5,-93.5,2026-10-09 23:27:19,5.482000000000028,66.77585639953614,10.911968968212605,1011.11,2.87625
57.5,-93.0,2026-10-09 23:27:19,4.962000000000046,73.85085639953614,13.017968968212605,1013.25,1.44
57.5,-92.5,2026-10-09 23:27:19,5.398000000000025,75.97585639953614,19.155968968212605,1017.78,1.279875
57.5,-80.0,2026-10-09 23:27:19,3.79200000000003,67.12585639953613,17.535968968212607,1011.34,0.03625
57.5,-76.5,2026-10-09 23:27:19,3.2130000000000223,72.81960468292236,11.780908852636815,991.22,0.0
57.5,-76.0,2026-10-09 23:27:19,2.781000000000006,73.44460468292236,12.590908852636815,985.42,0.0
57.5,-75.5,2026-10-09 23:27:19,2.656000000000006,71.96960468292237,12.824908852636815,981.61,0.0
57.5,-75.0,2026-10-09 23:27:19,2.4010000000000105,70.64460468292236,13.526908852636815,976.94,0.001875
57.5,-74.5,2026-10-09 23:27:19,1.9350000000000023,76.19460468292236,13.238908852636815,977.91,0.013375
57.5,-74.0,2026-10-09 23:27:19,1.3430000000000177,81.01960468292236,11.240908852636815,979.8,0.02475
57.5,-73.5,2026-10-09 23:27:19,1.049000000000035,83.34460468292237,13.436908852636815,970.72,0.12587500000000001
57.5,-73.0,2026-10-09 23:27:19,1.3670000000000186,79.31960468292237,13.526908852636815,967.1,0.543625
57.5,-72.5,2026-10-09 23:27:19,1.025000000000034,84.31960468292237,13.976908852636814,967.13,0.95175
57.5,-72.0,2026-10-09 23:27:19,0.1360000000000241,91.16960468292237,14.102908852636816,963.85,0.87925
57.5,-71.5,2026-10-09 23:27:19,1.4680000000000177,87.31960468292237,13.976908852636814,968.94,0.47875
57.5,-71.0,2026-10-09 23:27:19,1.0540000000000305,91.79460468292237,14.066908852636814,967.83,0.28225
57.5,-70.5,2026-10-09 23:27:19,2.0990000000000464,91.84460468292237,13.778908852636814,983.75,0.5855
57.5,-70.0,2026-10-09 23:27:19,3.337000000000046,81.54460468292237,13.112908852636814,992.67,0.988
57.5,-69.5,2026-10-09 23:27:19,2.688000000000045,86.56960468292237,15.686908852636813,989.38,0.4215
57.5,-69.0,2026-10-09 23:27:19,2.1520000000000437,89.36960468292237,14.822908852636816,980.74,0.12587500000000001
57.5,-68.5,2026-10-09 23:27:19,0.8210000000000264,96.26960468292236,13.688908852636814,972.35,0.471125
57.5,-68.0,2026-10-09 23:27:19,1.32000000000005,92.49460468292237,12.770908852636815,978.06,0.635125
57.5,-67.5,2026-10-09 23:27:19,1.4080000000000155,93.31751155853271,10.62276408585906,977.85,2.30975
57.5,-67.0,2026-10-09 23:27:19,1.386000000000024,90.34251155853272,12.044764085859061,975.86,2.4185
57.5,-66.5,2026-10-09 23:27:19,0.4840000000000373,91.39251155853272,13.970764085859061,968.35,4.00925
57.5,-66.0,2026-10-09 23:27:19,0.5200000000000387,92.46751155853272,11.864764085859061,970.18,4.562375
57.5,-65.5,2026-10-09 23:27:19,-0.47999999999996135,94.76751155853272,11.46876408585906,954.24,3.049875
57.5,-65.0,2026-10-09 23:27:19,-0.6219999999999573,89.06751155853271,11.23476408585906,945.89,2.317375
57.5,-64.5,2026-10-09 23:27:19,-1.1339999999999577,91.99251155853273,13.232764085859062,934.03,2.2563750000000002
57.5,-64.0,2026-10-09 23:27:19,-0.8269999999999982,85.21751155853272,13.61076408585906,928.07,1.30275
57.5,-63.5,2026-10-09 23:27:19,-0.714999999999975,88.11751155853273,16.63476408585906,923.91,1.592625
57.5,-63.0,2026-10-09 23:27:19,-0.1349999999999909,91.64251155853272,17.15676408585906,937.96,1.705125
57.5,-62.5,2026-10-09 23:27:19,4.697000000000003,78.34251155853272,14.960764085859063,992.77,0.36425
57.5,-62.0,2026-10-09 23:27:19,5.216000000000008,78.79251155853272,17.19276408585906,999.69,0.03625
57.5,-61.5,2026-10-09 23:27:19,4.289000000000044,89.06751155853271,26.44476408585906,999.89,0.013375
58.0,-133.0,2026-10-09 23:27:19,-5.041999999999973,85.49479522705079,12.711570357888938,865.61,10.891
58.0,-132.5,2026-10-09 23:27:19,-7.964999999999975,93.06979522705079,22.30557035788894,800.21,10.372125
58.0,-132.0,2026-10-09 23:27:19,-6.979999999999961,98.71979522705078,8.535570357888936,815.91,11.335375
58.0,-131.5,2026-10-09 23:27:19,-2.7139999999999986,93.51979522705079,7.275570357888936,886.29,9.841875
58.0,-131.0,2026-10-09 23:27:19,3.6480000000000246,91.74479522705079,2.037570357888937,963.92,9.946875
58.0,-130.5,2026-10-09 23:27:19,-2.151999999999987,94.86979522705079,10.137570357888938,856.25,13.095875
58.0,-130.0,2026-10-09 23:27:19,0.79200000000003,91.81979522705079,1.443570357888937,889.06,6.485
58.0,-129.5,2026-10-09 23:27:19,0.7180000000000177,76.36979522705079,8.859570357888938,872.08,5.56375
58.0,-129.0,2026-10-09 23:27:19,-1.36099999999999,88.04479522705078,14.853570357888938,856.96,10.213875
58.0,-128.5,2026-10-09 23:27:19,1.5470000000000255,71.09479522705078,8.373570357888937,891.4,7.707625
58.0,-128.0,2026-10-09 23:27:19,0.5730000000000359,74.51979522705078,11.433570357888938,874.69,6.071125
58.0,-127.5,2026-10-09 23:27:19,-0.6209999999999809,74.34479522705078,12.045570357888938,853.37,3.9882500000000003
58.0,-127.0,2026-10-09 23:27:19,-5.496999999999957,91.14479522705079,14.835570357888939,801.06,7.707625
58.0,-126.5,2026-10-09 23:27:19,-2.352999999999952,81.11979522705079,11.703570357888939,837.83,11.8465
58.0,-126.0,2026-10-09 23:27:19,-1.0229999999999677,71.56979522705079,12.855570357888938,849.95,2.36325
58.0,-125.5,2026-10-09 23:27:19,-0.4049999999999727,66.34479522705078,9.471570357888938,849.09,0.822125
58.0,-125.0,2026-10-09 23:27:19,-5.6299999999999955,87.11979522705079,17.42757035788894,788.53,4.54525
58.0,-124.5,2026-10-09 23:27:19,-5.647999999999968,89.71979522705078,10.101570357888937,808.92,6.698625
58.0,-124.0,2026-10-09 23:27:19,-3.6329999999999814,95.61979522705079,10.137570357888938,855.34,11.598625
58.0,-123.5,2026-10-09 23:27:19,-0.08399999999994634,93.04479522705078,15.159570357888938,918.28,1.752875
58.0,-123.0,2026-10-09 23:27:19,0.9080000000000155,95.19479522705079,16.257570357888937,922.26,4.365875
58.0,-122.5,2026-10-09 23:27:19,0.5540000000000305,99.39479522705079,13.413570357888936,902.49,3.85475
58.0,-122.0,2026-10-09 23:27:19,3.0600000000000023,91.16979522705078,14.349570357888938,934.92,5.16325
58.0,-121.5,2026-10-09 23:27:19,4.876000000000033,83.49479522705079,12.027570357888937,960.5,4.9342500000000005
58.0,-121.0,2026-10-09 23:27:19,4.5330000000000155,81.99479522705079,14.421570357888937,957.1,4.423125
58.0,-120.5,2026-10-09 23:27:19,3.7730000000000246,83.34479522705078,15.321570357888938,946.08,2.771375
58.0,-120.0,2026-10-09 23:27:19,2.8040000000000305,87.3912452697754,17.41127324706316,933.02,2.6875
58.0,-119.5,2026-10-09 23:27:19,2.6030000000000086,86.2662452697754,16.63727324706316,927.52,4.30875
58.0,-119.0,2026-10-09 23:27:19,2.910000000000025,84.61624526977539,16.90727324706316,930.41,3.42375
58.0,-118.5,2026-10-09 23:27:19,5.211000000000013,71.41624526977539,14.31527324706316,951.17,1.20925
58.0,-118.0,2026-10-09 23:27:19,5.577000000000055,68.24124526977539,14.477273247063161,961.53,0.45587500000000003
58.0,-117.5,2026-10-09 23:27:19,6.147000000000048,60.94124526977539,15.089273247063161,969.67,0.23075
58.0,-117.0,2026-10-09 23:27:19,5.092000000000041,66.8912452697754,17.10527324706316,968.86,0.122125
58.0,-116.5,2026-10-09 23:27:19,4.133000000000038,73.49124526977539,16.85327324706316,965.16,0.043875000000000004
58.0,-116.0,2026-10-09 23:27:19,3.938000000000045,75.7662452697754,13.34327324706316,970.97,0.007625
58.0,-115.5,2026-10-09 23:27:19,4.221000000000004,73.9662452697754,15.39527324706316,975.88,0.019125
58.0,-115.0,2026-10-09 23:27:19,3.4150000000000205,78.4412452697754,18.05927324706316,973.67,0.003875
58.0,-114.5,2026-10-09 23:27:19,3.452000000000055,79.86624526977539,18.401273247063163,973.07,0.0
58.0,-114.0,2026-10-09 23:27:19,3.833000000000027,82.8912452697754,16.40327324706316,974.88,0.0
58.0,-113.5,2026-10-09 23:27:19,3.6750000000000114,83.0662452697754,17.357273247063162,959.35,0.0
58.0,-113.0,2026-10-09 23:27:19,1.9940000000000282,87.3912452697754,16.40327324706316,935.16,0.0
58.0,-112.5,2026-10-09 23:27:19,1.9490000000000123,85.6662452697754,17.03327324706316,928.67,0.02475
58.0,-112.0,2026-10-09 23:27:19,4.132000000000005,77.5662452697754,9.65327324706316,969.74,0.0
58.0,-111.5,2026-10-09 23:27:19,5.864000000000033,71.7162452697754,10.40927324706316,982.46,0.0
58.0,-111.0,2026-10-09 23:27:19,5.863000000000056,71.0912452697754,18.61727324706316,976.85,0.0
58.0,-110.5,2026-10-09 23:27:19,5.8870000000000005,68.2662452697754,15.521273247063162,971.42,0.0
58.0,-110.0,2026-10-09 23:27:19,4.541000000000054,71.90085639953614,14.871968968212604,963.28,0.0
58.0,-109.5,2026-10-09 23:27:19,2.8600000000000136,76.62585639953613,17.337968968212607,950.28,0.0
58.0,-109.0,2026-10-09 23:27:19,2.19500000000005,78.82585639953614,17.877968968212606,950.99,0.0
58.0,-108.5,2026-10-09 23:27:19,1.4920000000000186,84.30085639953614,19.425968968212604,952.61,0.0
58.0,-108.0,2026-10-09 23:27:19,0.9970000000000141,85.10085639953614,15.447968968212605,953.06,0.0115
58.0,-107.5,2026-10-09 23:27:19,0.9020000000000437,82.72585639953614,15.807968968212604,950.69,0.053375
58.0,-107.0,2026-10-09 23:27:19,1.9020000000000437,74.80085639953613,14.061968968212604,958.83,0.0
58.0,-106.5,2026-10-09 23:27:19,2.7590000000000146,73.65085639953614,13.755968968212605,962.88,0.0
58.0,-106.0,2026-10-09 23:27:19,3.611000000000047,69.55085639953613,13.053968968212605,963.19,0.0
58.0,-105.5,2026-10-09 23:27:19,3.4890000000000327,69.62585639953613,13.755968968212605,959.27,0.0
58.0,-105.0,2026-10-09 23:27:19,3.0360000000000014,75.82585639953614,14.097968968212605,952.6,0.0
58.0,-104.5,2026-10-09 23:27:19,3.312000000000012,74.67585639953613,13.143968968212604,959.3,0.034375
58.0,-104.0,2026-10-09 23:27:19,3.2350000000000136,75.32585639953614,13.053968968212605,965.56,0.07062500000000001
58.0,-103.5,2026-10-09 23:27:19,3.535000000000025,75.12585639953613,23.565968968212605,968.55,0.028625
58.0,-103.0,2026-10-09 23:27:19,3.1860000000000355,65.32585639953614,11.001968968212605,964.34,0.001875
58.0,-102.5,2026-10-09 23:27:19,3.5360000000000014,66.25085639953613,11.541968968212606,967.58,0.0
58.0,-102.0,2026-10-09 23:27:19,4.027000000000044,71.97585639953614,14.583968968212604,976.34,0.0
58.0,-101.5,2026-10-09 23:27:19,4.423000000000002,70.60085639953614,10.479968968212606,975.44,0.0
58.0,-101.0,2026-10-09 23:27:19,2.337000000000046,83.80085639953614,8.949968968212605,971.02,0.001875
58.0,-100.5,2026-10-09 23:27:19,2.237000000000023,85.47585639953614,7.779968968212605,972.58,0.053375
58.0,-100.0,2026-10-09 23:27:19,1.6000000000000227,87.47585639953614,8.625968968212606,973.89,0.0115
58.0,-99.5,2026-10-09 23:27:19,1.038000000000011,92.27585639953614,7.905968968212605,979.94,0.02475
58.0,-99.0,2026-10-09 23:27:19,1.7440000000000282,89.95085639953614,7.869968968212605,982.39,0.01525
58.0,-98.5,2026-10-09 23:27:19,3.3380000000000223,81.00085639953613,8.517968968212605,986.42,0.116375
58.0,-98.0,2026-10-09 23:27:19,3.3150000000000546,76.30085639953613,9.237968968212606,980.47,0.14300000000000002
58.0,-97.5,2026-10-09 23:27:19,3.649000000000001,71.10085639953614,10.731968968212605,981.53,0.1125
58.0,-97.0,2026-10-09 23:27:19,3.9460000000000264,69.20085639953614,10.875968968212606,986.58,0.309
58.0,-96.5,2026-10-09 23:27:19,3.247000000000014,71.90085639953614,11.433968968212605,982.36,0.124
58.0,-96.0,2026-10-09 23:27:19,3.754000000000019,72.27585639953614,11.055968968212605,991.94,0.085875
58.0,-95.5,2026-10-09 23:27:19,4.000000000000057,74.95085639953614,11.343968968212605,995.8,0.459625
58.0,-95.0,2026-10-09 23:27:19,4.212000000000046,74.05085639953613,12.063968968212606,1001.99,1.44
58.0,-94.5,2026-10-09 23:27:19,5.196000000000026,69.90085639953614,11.757968968212605,1009.19,0.719125
58.0,-94.0,2026-10-09 23:27:19,5.541000000000054,66.20085639953614,11.487968968212606,1010.67,0.803
58.0,-93.5,2026-10-09 23:27:19,5.763000000000034,66.02585639953614,10.713968968212605,1013.5,2.23925
58.0,-93.0,2026-10-09 23:27:19,5.470000000000027,63.40085639953614,11.487968968212606,1015.8,1.468625
58.0,-77.0,2026-10-09 23:27:19,3.680000000000007,68.59460468292237,16.406908852636814,1001.22,0.0
58.0,-76.5,2026-10-09 23:27:19,2.9880000000000564,69.46960468292237,15.308908852636815,991.56,0.0
58.0,-76.0,2026-10-09 23:27:19,2.7910000000000537,70.46960468292237,16.874908852636814,985.6,0.0
58.0,-75.5,2026-10-09 23:27:19,2.5300000000000296,72.39460468292236,16.190908852636817,980.52,0.0
58.0,-75.0,2026-10-09 23:27:19,3.382000000000005,66.84460468292237,14.588908852636814,984.47,0.0
58.0,-74.5,2026-10-09 23:27:19,2.6920000000000073,70.56960468292236,15.434908852636816,979.97,0.0
58.0,-74.0,2026-10-09 23:27:19,2.8310000000000173,69.56960468292236,15.164908852636815,977.17,0.0
58.0,-73.5,2026-10-09 23:27:19,2.553000000000054,68.86960468292237,15.110908852636816,976.77,0.001875
58.0,-73.0,2026-10-09 23:27:19,1.6170000000000186,77.74460468292237,13.760908852636815,976.89,0.0115
58.0,-72.5,2026-10-09 23:27:19,2.66700000000003,70.69460468292236,13.058908852636815,979.25,0.06675
58.0,-72.0,2026-10-09 23:27:19,1.8330000000000268,78.24460468292237,14.300908852636814,970.6,0.22312500000000002
58.0,-71.5,2026-10-09 23:27:19,2.062000000000012,77.06960468292237,15.164908852636815,968.86,0.301375
58.0,-71.0,2026-10-09 23:27:19,2.421000000000049,80.16960468292237,15.866908852636817,970.42,0.31275000000000003
58.0,-70.5,2026-10-09 23:27:19,2.421000000000049,82.31960468292237,16.262908852636816,969.03,0.1945
58.0,-70.0,2026-10-09 23:27:19,3.900000000000034,71.49460468292237,16.442908852636812,980.52,0.198375
58.0,-69.5,2026-10-09 23:27:19,2.622000000000014,84.86960468292237,16.352908852636816,976.69,0.425375
58.0,-69.0,2026-10-09 23:27:19,2.3080000000000496,92.61960468292237,14.786908852636813,983.58,0.34900000000000003
58.0,-68.5,2026-10-09 23:27:19,3.5190000000000055,85.54460468292237,15.020908852636815,1000.88,0.26887500000000003
58.0,-68.0,2026-10-09 23:27:19,1.9780000000000086,88.69460468292237,12.248908852636815,982.39,0.625625
58.0,-67.5,2026-10-09 23:27:19,1.910000000000025,89.04251155853272,11.630764085859061,986.82,1.06425
58.0,-67.0,2026-10-09 23:27:19,2.1960000000000264,90.69251155853271,9.72276408585906,990.66,1.735625
58.0,-66.5,2026-10-09 23:27:19,1.372000000000014,85.46751155853272,11.342764085859061,979.44,2.750375
58.0,-66.0,2026-10-09 23:27:19,0.5020000000000095,88.34251155853272,9.72276408585906,967.93,1.731875
58.0,-65.5,2026-10-09 23:27:19,0.16900000000003956,86.66751155853272,5.58276408585906,957.58,4.2935
58.0,-65.0,2026-10-09 23:27:19,0.3720000000000141,83.54251155853272,8.13876408585906,947.39,6.21225
58.0,-64.5,2026-10-09 23:27:19,-1.0119999999999436,91.81751155853271,12.72876408585906,921.35,1.833
58.0,-64.0,2026-10-09 23:27:19,-1.134999999999991,93.69251155853271,15.66276408585906,917.86,1.022375
58.0,-63.5,2026-10-09 23:27:19,-1.349999999999966,95.81751155853271,14.70876408585906,926.61,1.155875
58.0,-63.0,2026-10-09 23:27:19,0.799000000000035,92.11751155853273,12.800764085859061,960.18,0.513125
58.0,-62.5,2026-10-09 23:27:19,3.6240000000000236,89.71751155853272,20.68476408585906,988.86,0.3185
58.0,-62.0,2026-10-09 23:27:19,3.4490000000000123,96.56751155853271,28.24476408585906,1003.33,0.185
58.5,-133.5,2026-10-09 23:27:19,0.9480000000000359,75.91979522705078,5.115570357888937,933.75,0.822125
58.5,-133.0,2026-10-09 23:27:19,-3.109999999999957,92.41979522705078,11.109570357888938,905.62,6.95225
58.5,-132.5,2026-10-09 23:27:19,-2.8629999999999995,91.31979522705079,2.325570357888937,896.36,9.859125
58.5,-132.0,2026-10-09 23:27:19,-2.2199999999999704,92.96979522705078,4.125570357888937,866.13,12.083
58.5,-131.5,2026-10-09 23:27:19,-5.3279999999999745,92.64479522705079,19.47957035788894,825.2,9.80375
58.5,-131.0,2026-10-09 23:27:19,-2.592999999999961,92.51979522705079,17.22957035788894,876.42,14.759
58.5,-130.5,2026-10-09 23:27:19,-2.3279999999999745,90.14479522705079,24.141570357888938,850.73,7.480625
58.5,-130.0,2026-10-09 23:27:19,2.8000000000000114,73.56979522705079,11.829570357888937,910.03,2.842
58.5,-129.5,2026-10-09 23:27:19,-2.145999999999958,86.64479522705079,17.445570357888936,846.85,5.66675
58.5,-129.0,2026-10-09 23:27:19,-0.7919999999999732,80.94479522705079,14.583570357888938,865.52,2.1725
58.5,-128.5,2026-10-09 23:27:19,-2.2889999999999873,83.11979522705079,18.16557035788894,848.37,2.473875
58.5,-128.0,2026-10-09 23:27:19,-2.125,81.59479522705078,9.849570357888938,844.26,1.670875
58.5,-127.5,2026-10-09 23:27:19,0.688000000000045,73.49479522705079,4.647570357888937,876.85,1.735625
58.5,-127.0,2026-10-09 23:27:19,0.1500000000000341,83.26979522705079,11.091570357888937,885.38,5.510375
58.5,-126.5,2026-10-09 23:27:19,-2.3029999999999973,76.09479522705078,10.947570357888939,846.3,3.547625
58.5,-126.0,2026-10-09 23:27:19,-5.033999999999992,92.14479522705079,14.061570357888938,830.79,4.0760000000000005
58.5,-125.5,2026-10-09 23:27:19,-6.901999999999987,87.04479522705078,15.033570357888937,796.51,5.495125
58.5,-125.0,2026-10-09 23:27:19,-6.133999999999958,97.24479522705079,11.901570357888938,820.38,4.417375
58.5,-124.5,2026-10-09 23:27:19,-5.795999999999992,93.39479522705079,10.929570357888936,829.36,15.8825
58.5,-124.0,2026-10-09 23:27:19,-2.2169999999999845,93.56979522705079,11.019570357888936,895.11,17.335875
58.5,-123.5,2026-10-09 23:27:19,0.7550000000000523,93.06979522705079,8.373570357888937,936.05,16.552
58.5,-123.0,2026-10-09 23:27:19,2.7250000000000227,96.76979522705079,11.631570357888938,954.5,3.322625
58.5,-122.5,2026-10-09 23:27:19,3.302000000000021,94.44479522705079,11.415570357888939,957.79,2.12475
58.5,-122.0,2026-10-09 23:27:19,5.585000000000036,80.56979522705079,12.333570357888938,967.21,1.543
58.5,-121.5,2026-10-09 23:27:19,6.578000000000031,68.51979522705078,14.655570357888935,964.28,1.705125
58.5,-121.0,2026-10-09 23:27:19,7.107000000000028,63.419795227050784,17.211570357888938,966.07,0.4635
58.5,-120.5,2026-10-09 23:27:19,6.710000000000036,64.04479522705078,15.537570357888937,968.74,0.337625
58.5,-120.0,2026-10-09 23:27:19,5.000000000000057,74.5662452697754,15.57527324706316,964.58,0.301375
58.5,-119.5,2026-10-09 23:27:19,3.344000000000051,78.24124526977539,16.421273247063162,945.88,0.43675
58.5,-119.0,2026-10-09 23:27:19,4.428000000000054,74.29124526977539,15.053273247063162,961.21,1.47625
58.5,-118.5,2026-10-09 23:27:19,4.147000000000048,75.0662452697754,14.00927324706316,966.03,1.314125
58.5,-118.0,2026-10-09 23:27:19,4.574000000000012,70.1912452697754,15.557273247063161,963.22,0.8678750000000001
58.5,-117.5,2026-10-09 23:27:19,6.367000000000019,59.69124526977539,14.98127324706316,968.61,0.371875
58.5,-117.0,2026-10-09 23:27:19,7.753000000000043,53.166245269775395,13.739273247063162,974.28,0.02475
58.5,-116.5,2026-10-09 23:27:19,7.640000000000043,54.71624526977539,15.59327324706316,976.22,0.001875
58.5,-116.0,2026-10-09 23:27:19,7.310000000000002,53.641245269775396,16.601273247063162,977.24,0.0
58.5,-115.5,2026-10-09 23:27:19,7.0090000000000146,48.516245269775396,17.24927324706316,977.19,0.0
58.5,-115.0,2026-10-09 23:27:19,5.7620000000000005,57.291245269775395,20.25527324706316,979.85,0.0
58.5,-114.5,2026-10-09 23:27:19,4.2000000000000455,71.16624526977539,19.37327324706316,983.85,0.0
58.5,-114.0,2026-10-09 23:27:19,3.958000000000027,74.16624526977539,19.19327324706316,983.13,0.0
58.5,-113.5,2026-10-09 23:27:19,4.648000000000025,73.66624526977539,18.76127324706316,983.64,0.0
58.5,-113.0,2026-10-09 23:27:19,4.956000000000017,73.5662452697754,16.52927324706316,984.24,0.0
58.5,-112.5,2026-10-09 23:27:19,5.605000000000018,72.1412452697754,18.27527324706316,987.69,0.0
58.5,-112.0,2026-10-09 23:27:19,5.182000000000016,81.0662452697754,35.267273247063166,988.58,0.01525
58.5,-111.5,2026-10-09 23:27:19,5.090000000000032,73.79124526977539,16.241273247063162,987.66,0.0115
58.5,-111.0,2026-10-09 23:27:19,5.119000000000028,71.8912452697754,16.96127324706316,988.08,0.007625
58.5,-110.5,2026-10-09 23:27:19,4.942000000000007,72.3412452697754,14.31527324706316,983.32,0.00575
58.5,-110.0,2026-10-09 23:27:19,3.524000000000001,76.17585639953613,14.097968968212605,979.92,0.0115
58.5,-109.5,2026-10-09 23:27:19,2.9390000000000214,77.15085639953614,15.231968968212604,971.5,0.0
58.5,-109.0,2026-10-09 23:27:19,2.619000000000028,76.97585639953614,15.393968968212606,967.61,0.0
58.5,-108.5,2026-10-09 23:27:19,2.212000000000046,76.92585639953614,16.149968968212608,961.19,0.0
58.5,-108.0,2026-10-09 23:27:19,1.934000000000026,76.80085639953614,16.347968968212605,959.02,0.0
58.5,-107.5,2026-10-09 23:27:19,1.7690000000000055,77.27585639953614,19.965968968212604,957.75,0.0
58.5,-107.0,2026-10-09 23:27:19,1.3690000000000282,75.72585639953614,17.157968968212604,955.31,0.0
58.5,-106.5,2026-10-09 23:27:19,1.5330000000000155,73.82585639953614,13.143968968212604,962.8,0.007625
58.5,-106.0,2026-10-09 23:27:19,3.9220000000000255,69.20085639953614,12.639968968212605,979.8,0.019125
58.5,-105.5,2026-10-09 23:27:19,3.243000000000052,71.87585639953613,15.447968968212605,970.2,0.135375
58.5,-105.0,2026-10-09 23:27:19,3.0950000000000273,69.27585639953614,19.677968968212603,966.42,0.0
58.5,-104.5,2026-10-09 23:27:19,2.473000000000013,71.87585639953613,15.429968968212606,967.31,0.02675
58.5,-104.0,2026-10-09 23:27:19,1.9940000000000282,69.10085639953614,10.659968968212604,963.95,0.007625
58.5,-103.5,2026-10-09 23:27:19,2.604000000000042,65.02585639953614,11.343968968212605,964.17,0.0115
58.5,-103.0,2026-10-09 23:27:19,2.8640000000000327,70.02585639953614,17.877968968212606,970.11,0.001875
58.5,-102.5,2026-10-09 23:27:19,2.0540000000000305,66.45085639953614,9.777968968212605,967.53,0.0
58.5,-102.0,2026-10-09 23:27:19,2.737000000000023,62.90085639953614,9.183968968212605,971.05,0.0
58.5,-101.5,2026-10-09 23:27:19,3.2930000000000064,62.40085639953614,8.391968968212606,972.39,0.0
58.5,-101.0,2026-10-09 23:27:19,3.15300000000002,75.67585639953613,9.669968968212606,971.88,0.032375
58.5,-100.5,2026-10-09 23:27:19,1.775000000000034,87.42585639953614,5.439968968212605,972.25,0.0
58.5,-100.0,2026-10-09 23:27:19,3.0200000000000387,81.90085639953614,6.897968968212605,981.61,0.021
58.5,-99.5,2026-10-09 23:27:19,1.79200000000003,86.55085639953614,7.329968968212605,980.97,0.055375
58.5,-99.0,2026-10-09 23:27:19,1.3050000000000068,94.32585639953614,8.337968968212605,982.56,0.122125
58.5,-98.5,2026-10-09 23:27:19,1.9880000000000564,87.60085639953614,8.013968968212605,987.17,0.085875
58.5,-98.0,2026-10-09 23:27:19,1.9910000000000423,80.05085639953614,8.427968968212605,987.47,0.227
58.5,-97.5,2026-10-09 23:27:19,2.650000000000034,79.07585639953614,8.229968968212606,982.33,0.110625
58.5,-97.0,2026-10-09 23:27:19,2.7170000000000414,76.02585639953614,9.849968968212604,985.61,0.021
58.5,-96.5,2026-10-09 23:27:19,3.688000000000045,65.60085639953614,7.293968968212605,997.27,0.0935
58.5,-96.0,2026-10-09 23:27:19,4.093000000000018,72.82585639953614,7.869968968212605,1001.6,0.322375
58.5,-95.5,2026-10-09 23:27:19,4.594000000000051,76.45085639953614,12.189968968212604,1006.97,0.186875
58.5,-95.0,2026-10-09 23:27:19,4.7660000000000196,79.72585639953614,15.087968968212607,1010.7,0.368125
58.5,-94.5,2026-10-09 23:27:19,4.954000000000008,87.22585639953614,16.707968968212604,1015.28,1.9512500000000002
58.5,-94.0,2026-10-09 23:27:19,5.906000000000006,67.57585639953614,13.287968968212605,1016.77,2.5425
58.5,-93.5,2026-10-09 23:27:19,3.6890000000000214,74.67585639953613,5.097968968212604,1015.88,0.9155
58.5,-93.0,2026-10-09 23:27:19,5.585000000000036,60.725856399536134,13.719968968212605,1018.31,1.913125
58.5,-78.5,2026-10-09 23:27:19,3.0260000000000105,70.69460468292236,20.870908852636816,1010.75,0.001875
58.5,-78.0,2026-10-09 23:27:19,2.4680000000000177,66.79460468292237,15.830908852636814,1003.95,0.0
58.5,-77.5,2026-10-09 23:27:19,2.3980000000000246,64.79460468292237,14.498908852636813,1000.28,0.0
58.5,-77.0,2026-10-09 23:27:19,2.2770000000000437,65.29460468292237,15.290908852636816,995.89,0.0
58.5,-76.5,2026-10-09 23:27:19,2.055000000000007,68.36960468292237,14.966908852636816,993.72,0.003875
58.5,-76.0,2026-10-09 23:27:19,1.6350000000000477,73.49460468292237,14.588908852636814,990.95,0.00575
58.5,-75.5,2026-10-09 23:27:19,1.608000000000004,71.81960468292236,15.668908852636815,986.77,0.003875
58.5,-75.0,2026-10-09 23:27:19,2.298000000000002,67.96960468292237,15.236908852636814,986.19,0.0
58.5,-74.5,2026-10-09 23:27:19,2.3380000000000223,66.51960468292236,14.768908852636814,984.72,0.0
58.5,-74.0,2026-10-09 23:27:19,2.7250000000000227,65.01960468292236,16.442908852636812,980.74,0.0
58.5,-73.5,2026-10-09 23:27:19,2.6280000000000427,63.89460468292236,16.262908852636816,976.25,0.0
58.5,-73.0,2026-10-09 23:27:19,2.691000000000031,63.51960468292236,15.092908852636814,978.1,0.0
58.5,-72.5,2026-10-09 23:27:19,2.549000000000035,67.29460468292237,14.498908852636813,976.14,0.0
58.5,-72.0,2026-10-09 23:27:19,3.2130000000000223,66.34460468292237,15.398908852636817,982.28,0.0
58.5,-71.5,2026-10-09 23:27:19,2.5090000000000146,71.91960468292237,17.198908852636816,974.95,0.0
58.5,-71.0,2026-10-09 23:27:19,1.813000000000045,80.86960468292237,18.548908852636817,974.44,0.003875
58.5,-70.5,2026-10-09 23:27:19,2.257000000000005,83.14460468292236,18.782908852636815,981.86,0.001875
58.5,-70.0,2026-10-09 23:27:19,3.344000000000051,80.66960468292237,19.106908852636813,994.0,0.001875
58.5,-69.5,2026-10-09 23:27:19,2.465000000000032,86.99460468292237,15.632908852636815,983.56,0.0115
58.5,-69.0,2026-10-09 23:27:19,3.546000000000049,78.61960468292237,16.118908852636814,991.86,0.043875000000000004
58.5,-68.5,2026-10-09 23:27:19,3.6970000000000027,83.51960468292236,18.764908852636815,997.3,0.248
58.5,-68.0,2026-10-09 23:27:19,3.691000000000031,85.74460468292237,13.670908852636815,1003.14,0.635125
58.5,-67.5,2026-10-09 23:27:19,3.5100000000000477,83.69251155853271,15.53676408585906,1005.43,1.3905
58.5,-67.0,2026-10-09 23:27:19,3.414000000000044,83.41751155853272,14.24076408585906,1005.39,2.250625
58.5,-66.5,2026-10-09 23:27:19,2.7730000000000246,85.86751155853273,10.53276408585906,992.78,3.233
58.5,-66.0,2026-10-09 23:27:19,3.0880000000000223,80.94251155853271,10.946764085859062,996.94,4.232375
58.5,-65.5,2026-10-09 23:27:19,0.7960000000000491,92.19251155853271,9.524764085859061,966.99,3.398875
58.5,-65.0,2026-10-09 23:27:19,-0.07699999999999818,90.14251155853272,9.48876408585906,938.14,2.451
58.5,-64.5,2026-10-09 23:27:19,-1.5329999999999586,90.89251155853272,12.530764085859062,921.05,0.6275000000000001
58.5,-64.0,2026-10-09 23:27:19,-1.5079999999999814,85.96751155853272,12.332764085859061,919.36,0.41200000000000003
58.5,-63.5,2026-10-09 23:27:19,-1.2089999999999463,86.36751155853273,12.278764085859061,926.49,0.885
58.5,-63.0,2026-10-09 23:27:19,4.918000000000006,75.89251155853272,14.15076408585906,1004.57,0.07625
58.5,-62.5,2026-10-09 23:27:19,3.382000000000005,91.79251155853272,25.23876408585906,1004.49,0.45587500000000003
59.0,-137.5,2026-10-09 23:27:19,-14.107999999999947,14.319795227050783,7.815570357888938,721.71,0.0
59.0,-137.0,2026-10-09 23:27:19,3.5230000000000246,46.06979522705078,14.511570357888939,986.0,0.0
59.0,-134.5,2026-10-09 23:27:19,-7.044999999999959,82.81979522705079,53.62557035788894,841.88,0.09725
59.0,-134.0,2026-10-09 23:27:19,-8.672999999999945,95.61979522705079,9.831570357888937,839.91,1.1692500000000001
59.0,-133.5,2026-10-09 23:27:19,0.3280000000000314,71.91979522705078,8.499570357888938,927.13,0.309
59.0,-133.0,2026-10-09 23:27:19,-2.863999999999976,85.59479522705078,8.841570357888937,895.29,2.132375
59.0,-132.5,2026-10-09 23:27:19,-2.4319999999999595,89.64479522705079,15.087570357888936,884.12,1.62125
59.0,-132.0,2026-10-09 23:27:19,0.02800000000002001,78.46979522705078,10.929570357888936,914.99,1.133
59.0,-131.5,2026-10-09 23:27:19,-2.8039999999999736,93.36979522705079,7.671570357888938,888.56,2.277375
59.0,-131.0,2026-10-09 23:27:19,-1.8249999999999886,83.49479522705079,22.21557035788894,852.66,3.301625
59.0,-130.5,2026-10-09 23:27:19,-0.34199999999998454,73.84479522705078,16.85157035788894,864.35,2.559625
59.0,-130.0,2026-10-09 23:27:19,-3.579999999999984,90.64479522705079,23.36757035788894,839.46,5.386375
59.0,-129.5,2026-10-09 23:27:19,-3.1339999999999577,94.01979522705079,21.207570357888937,852.83,4.201875
59.0,-129.0,2026-10-09 23:27:19,-2.3649999999999523,82.89479522705079,14.439570357888938,848.35,3.9005
59.0,-128.5,2026-10-09 23:27:19,-4.5919999999999845,97.46979522705078,19.407570357888936,838.36,10.80325
59.0,-128.0,2026-10-09 23:27:19,-3.044999999999959,99.01979522705079,16.00557035788894,869.62,10.742125
59.0,-127.5,2026-10-09 23:27:19,0.22400000000004638,94.39479522705079,9.867570357888937,920.54,7.507375000000001
59.0,-127.0,2026-10-09 23:27:19,0.26400000000001,74.99479522705079,7.671570357888938,885.71,2.92775
59.0,-126.5,2026-10-09 23:27:19,-3.6549999999999727,85.44479522705079,17.445570357888936,839.44,0.452
59.0,-126.0,2026-10-09 23:27:19,-4.3279999999999745,87.41979522705078,18.327570357888938,839.69,5.050625
59.0,-125.5,2026-10-09 23:27:19,-3.835999999999956,93.39479522705079,8.211570357888938,857.49,11.53375
59.0,-125.0,2026-10-09 23:27:19,-0.4079999999999586,94.51979522705079,2.595570357888937,928.25,8.304625
59.0,-124.5,2026-10-09 23:27:19,-0.5889999999999986,96.76979522705079,8.553570357888939,932.67,15.665000000000001
59.0,-124.0,2026-10-09 23:27:19,0.08300000000002683,97.59479522705078,9.435570357888936,943.27,8.689875
59.0,-123.5,2026-10-09 23:27:19,0.17000000000001592,99.54479522705078,13.017570357888937,946.31,14.362375
59.0,-123.0,2026-10-09 23:27:19,2.8080000000000496,95.86979522705079,11.811570357888938,958.6,6.30575
59.0,-122.5,2026-10-09 23:27:19,5.461000000000013,83.06979522705079,8.517570357888937,976.98,0.7115
59.0,-122.0,2026-10-09 23:27:19,6.020000000000039,72.51979522705078,18.669570357888936,960.73,2.428
59.0,-121.5,2026-10-09 23:27:19,4.740000000000009,72.29479522705078,21.53157035788894,940.85,0.150625
59.0,-121.0,2026-10-09 23:27:19,4.886000000000024,69.54479522705078,18.849570357888936,941.94,0.1335
59.0,-120.5,2026-10-09 23:27:19,4.532000000000039,70.49479522705079,17.03157035788894,945.35,0.248
59.0,-120.0,2026-10-09 23:27:19,5.607000000000028,65.16624526977539,12.497273247063161,968.83,0.0095
59.0,-119.5,2026-10-09 23:27:19,6.584000000000003,57.61624526977539,15.305273247063159,967.55,0.0115
59.0,-119.0,2026-10-09 23:27:19,6.189000000000021,58.916245269775395,16.16927324706316,972.11,0.017125
59.0,-118.5,2026-10-09 23:27:19,5.5610000000000355,61.44124526977539,19.03127324706316,975.05,0.049625
59.0,-118.0,2026-10-09 23:27:19,4.682000000000016,67.61624526977539,17.66327324706316,974.6,0.259375
59.0,-117.5,2026-10-09 23:27:19,4.706000000000017,66.2662452697754,17.80727324706316,971.77,0.05725
59.0,-117.0,2026-10-09 23:27:19,4.7000000000000455,64.5662452697754,17.55527324706316,962.21,0.0
59.0,-116.5,2026-10-09 23:27:19,4.999000000000024,52.666245269775395,19.66127324706316,938.07,0.0
59.0,-116.0,2026-10-09 23:27:19,2.54200000000003,62.34124526977539,19.49927324706316,918.0,0.0
59.0,-115.5,2026-10-09 23:27:19,1.7480000000000473,72.8912452697754,27.959273247063162,917.22,1.413375
59.0,-115.0,2026-10-09 23:27:19,-0.28499999999996817,83.4412452697754,27.00527324706316,906.61,0.309
59.0,-114.5,2026-10-09 23:27:19,2.0740000000000123,76.6912452697754,27.61727324706316,937.08,0.0
59.0,-114.0,2026-10-09 23:27:19,0.6910000000000309,80.1412452697754,17.591273247063164,941.05,0.0
59.0,-113.5,2026-10-09 23:27:19,3.923000000000002,72.2162452697754,15.791273247063161,984.42,0.0
59.0,-113.0,2026-10-09 23:27:19,4.312000000000012,73.9662452697754,14.53127324706316,986.85,0.047625
59.0,-112.5,2026-10-09 23:27:19,4.664000000000044,73.36624526977539,15.665273247063162,984.97,0.0
59.0,-112.0,2026-10-09 23:27:19,5.411000000000001,75.11624526977539,14.11727324706316,988.52,0.0
59.0,-111.5,2026-10-09 23:27:19,5.632000000000005,69.41624526977539,15.73727324706316,989.1,0.0
59.0,-111.0,2026-10-09 23:27:19,5.1650000000000205,71.04124526977539,20.38127324706316,986.1,0.0
59.0,-110.5,2026-10-09 23:27:19,5.223000000000013,78.7912452697754,41.92727324706316,990.33,0.0
59.0,-110.0,2026-10-09 23:27:19,3.9910000000000423,75.42585639953613,27.669968968212608,989.92,0.0
59.0,-109.5,2026-10-09 23:27:19,3.3940000000000055,74.02585639953614,19.047968968212604,984.2,0.0
59.0,-109.0,2026-10-09 23:27:19,3.154000000000053,70.67585639953613,17.283968968212605,978.6,0.0
59.0,-108.5,2026-10-09 23:27:19,3.3530000000000086,66.82585639953614,20.163968968212604,977.5,0.0
59.0,-108.0,2026-10-09 23:27:19,2.7210000000000036,69.30085639953613,16.761968968212607,971.81,0.0
59.0,-107.5,2026-10-09 23:27:19,2.7380000000000564,68.70085639953614,16.869968968212603,972.38,0.0
59.0,-107.0,2026-10-09 23:27:19,2.4360000000000355,71.00085639953613,15.105968968212606,967.17,0.0
59.0,-106.5,2026-10-09 23:27:19,3.015000000000043,64.07585639953614,14.007968968212605,971.63,0.0
59.0,-106.0,2026-10-09 23:27:19,3.6510000000000105,62.475856399536134,13.683968968212605,981.78,0.0
59.0,-105.5,2026-10-09 23:27:19,3.687000000000012,63.50085639953613,11.613968968212605,979.95,0.0
59.0,-105.0,2026-10-09 23:27:19,3.5600000000000023,62.65085639953614,12.423968968212606,977.81,0.0
59.0,-104.5,2026-10-09 23:27:19,3.1200000000000045,61.65085639953614,10.137968968212604,975.89,0.001875
59.0,-104.0,2026-10-09 23:27:19,3.029000000000053,61.450856399536136,10.803968968212605,973.31,0.02675
59.0,-103.5,2026-10-09 23:27:19,1.9880000000000564,64.70085639953614,10.911968968212605,967.39,0.0
59.0,-103.0,2026-10-09 23:27:19,0.9210000000000491,83.85085639953614,5.907968968212605,966.58,0.0
59.0,-102.5,2026-10-09 23:27:19,2.0120000000000005,74.37585639953613,9.993968968212604,970.67,0.001875
59.0,-102.0,2026-10-09 23:27:19,1.205000000000041,82.22585639953614,4.575968968212605,973.22,0.0
59.0,-101.5,2026-10-09 23:27:19,3.8530000000000086,70.25085639953613,2.901968968212605,971.25,0.00575
59.0,-101.0,2026-10-09 23:27:19,2.7100000000000364,79.65085639953614,6.429968968212605,975.53,0.00575
59.0,-100.5,2026-10-09 23:27:19,1.8620000000000232,89.25085639953613,9.579968968212606,979.5,0.0
59.0,-100.0,2026-10-09 23:27:19,1.288000000000011,94.10085639953614,9.489968968212604,984.95,0.001875
59.0,-99.5,2026-10-09 23:27:19,2.118000000000052,90.42585639953614,10.137968968212604,986.49,0.02675
59.0,-99.0,2026-10-09 23:27:19,1.5620000000000118,87.20085639953614,9.489968968212604,986.44,0.043875000000000004
59.0,-98.5,2026-10-09 23:27:19,0.7930000000000064,87.60085639953614,8.157968968212606,985.06,0.166
59.0,-98.0,2026-10-09 23:27:19,1.1540000000000532,84.40085639953614,8.103968968212605,986.45,0.1145
59.0,-97.5,2026-10-09 23:27:19,2.743000000000052,75.90085639953614,8.571968968212605,991.14,0.053375
59.0,-97.0,2026-10-09 23:27:19,2.7660000000000196,74.02585639953614,9.147968968212606,992.99,0.145
59.0,-96.5,2026-10-09 23:27:19,3.1930000000000405,71.20085639953614,11.145968968212605,997.99,0.322375
59.0,-96.0,2026-10-09 23:27:19,3.480000000000018,77.82585639953614,12.639968968212605,999.64,1.23025
59.0,-95.5,2026-10-09 23:27:19,4.150000000000034,81.12585639953613,15.429968968212606,1010.1,0.8240000000000001
59.0,-95.0,2026-10-09 23:27:19,4.154000000000053,83.77585639953614,17.535968968212607,1015.47,0.69425
59.0,-78.5,2026-10-09 23:27:19,3.0300000000000296,60.06960468292237,17.396908852636816,1011.25,0.0
59.0,-78.0,2026-10-09 23:27:19,2.427000000000021,65.39460468292236,12.302908852636815,1005.64,0.001875
59.0,-77.5,2026-10-09 23:27:19,2.358000000000004,69.94460468292236,13.310908852636814,1001.88,0.001875
59.0,-77.0,2026-10-09 23:27:19,2.2340000000000373,72.21960468292237,14.786908852636813,998.83,0.0095
59.0,-76.5,2026-10-09 23:27:19,1.66700000000003,76.41960468292237,14.012908852636816,993.06,0.021
59.0,-76.0,2026-10-09 23:27:19,1.386000000000024,79.79460468292237,13.634908852636814,990.49,0.007625
59.0,-75.5,2026-10-09 23:27:19,1.559000000000026,77.59460468292237,13.922908852636814,989.38,0.0
59.0,-75.0,2026-10-09 23:27:19,1.6800000000000068,77.04460468292237,13.238908852636815,991.47,0.003875
59.0,-74.5,2026-10-09 23:27:19,1.545000000000016,77.84460468292237,15.236908852636814,985.78,0.007625
59.0,-74.0,2026-10-09 23:27:19,1.5160000000000196,74.94460468292236,16.640908852636816,984.25,0.001875
59.0,-73.5,2026-10-09 23:27:19,1.813000000000045,73.51960468292236,14.012908852636816,984.58,0.001875
59.0,-73.0,2026-10-09 23:27:19,2.0300000000000296,68.64460468292236,16.820908852636816,985.39,0.0305
59.0,-72.5,2026-10-09 23:27:19,1.8430000000000177,68.74460468292237,18.386908852636815,978.6,0.0305
59.0,-72.0,2026-10-09 23:27:19,2.6550000000000296,70.14460468292236,23.336908852636814,982.69,0.021
59.0,-71.5,2026-10-09 23:27:19,2.1520000000000437,72.79460468292237,17.972908852636817,977.77,0.0095
59.0,-71.0,2026-10-09 23:27:19,2.201000000000022,78.01960468292236,18.836908852636814,979.92,0.017125
59.0,-70.5,2026-10-09 23:27:19,2.3630000000000564,77.46960468292237,20.672908852636816,982.36,0.034375
59.0,-70.0,2026-10-09 23:27:19,2.7210000000000036,74.29460468292237,20.870908852636816,989.92,0.003875
59.0,-69.5,2026-10-09 23:27:19,3.68100000000004,72.94460468292236,21.590908852636815,1000.16,0.001875
59.0,-69.0,2026-10-09 23:27:19,3.5850000000000364,78.39460468292236,23.64290885263682,1004.89,0.0
59.0,-66.0,2026-10-09 23:27:19,3.8520000000000323,72.96751155853272,12.422764085859061,1005.66,1.379
59.0,-65.5,2026-10-09 23:27:19,3.0650000000000546,79.86751155853273,7.90476408585906,992.28,0.57025
59.0,-65.0,2026-10-09 23:27:19,0.4370000000000118,82.31751155853271,11.37876408585906,943.77,0.46925
59.0,-64.5,2026-10-09 23:27:19,-1.4599999999999795,88.34251155853272,11.252764085859061,917.35,0.9536250000000001
59.0,-64.0,2026-10-09 23:27:19,-1.6899999999999977,90.66751155853272,14.060764085859061,922.89,1.585
59.0,-63.5,2026-10-09 23:27:19,0.32600000000002183,99.11751155853273,13.39476408585906,957.89,1.524
59.0,-63.0,2026-10-09 23:27:19,3.258000000000038,88.31751155853271,20.720764085859063,1005.36,0.362375
59.5,-138.0,2026-10-09 23:27:19,-0.9549999999999841,69.51979522705078,15.663570357888936,939.85,0.061
59.5,-137.5,2026-10-09 23:27:19,-1.4319999999999595,69.11979522705079,18.399570357888937,921.71,0.001875
59.5,-137.0,2026-10-09 23:27:19,-2.5189999999999486,68.31979522705079,6.231570357888937,910.47,0.00575
59.5,-136.5,2026-10-09 23:27:19,-0.06699999999995043,58.294795227050784,11.001570357888937,932.77,0.0
59.5,-135.0,2026-10-09 23:27:19,-8.866999999999962,91.89479522705079,23.54757035788894,844.5,0.167875
59.5,-134.5,2026-10-09 23:27:19,-5.6959999999999695,87.74479522705079,10.659570357888938,859.6,0.23650000000000002
59.5,-134.0,2026-10-09 23:27:19,-5.270999999999958,87.56979522705079,10.767570357888937,867.27,0.56075
59.5,-133.5,2026-10-09 23:27:19,-4.9459999999999695,90.89479522705079,12.351570357888937,859.77,1.279875
59.5,-133.0,2026-10-09 23:27:19,-3.2649999999999864,88.81979522705079,15.915570357888939,861.53,2.483375
59.5,-132.5,2026-10-09 23:27:19,-2.81899999999996,90.76979522705079,21.11757035788894,852.88,0.431
59.5,-132.0,2026-10-09 23:27:19,0.5920000000000414,74.76979522705078,12.099570357888938,918.43,0.043875000000000004
59.5,-131.5,2026-10-09 23:27:19,0.07700000000005502,70.96979522705078,12.531570357888938,869.43,0.614125
59.5,-131.0,2026-10-09 23:27:19,-0.7029999999999745,77.96979522705078,17.80557035788894,869.53,0.3395
59.5,-130.5,2026-10-09 23:27:19,-2.9699999999999704,85.79479522705078,17.103570357888938,843.24,1.5831250000000001
59.5,-130.0,2026-10-09 23:27:19,-2.7099999999999795,90.81979522705079,16.887570357888936,860.71,3.92725
59.5,-129.5,2026-10-09 23:27:19,-3.467999999999961,94.51979522705079,13.683570357888938,863.03,8.438125
59.5,-129.0,2026-10-09 23:27:19,-0.9329999999999927,92.49479522705079,13.215570357888938,898.56,7.896375
59.5,-128.5,2026-10-09 23:27:19,-0.9919999999999618,89.96979522705078,8.607570357888937,897.52,8.546875
59.5,-128.0,2026-10-09 23:27:19,0.2470000000000141,95.19479522705079,6.069570357888938,929.44,6.034875
59.5,-127.5,2026-10-09 23:27:19,-0.2179999999999609,93.94479522705079,8.499570357888938,924.61,3.498125
59.5,-127.0,2026-10-09 23:27:19,-0.10899999999998045,95.34479522705078,7.311570357888938,924.24,3.01175
59.5,-126.5,2026-10-09 23:27:19,-0.08899999999999864,96.14479522705079,4.143570357888937,925.8,3.0307500000000003
59.5,-126.0,2026-10-09 23:27:19,-0.5949999999999704,96.71979522705078,3.711570357888937,915.86,7.7725
59.5,-125.5,2026-10-09 23:27:19,-1.7909999999999968,89.41979522705078,11.433570357888938,896.41,14.814375
59.5,-125.0,2026-10-09 23:27:19,-0.08699999999998909,85.54479522705078,12.693570357888937,926.3,10.362625
59.5,-124.5,2026-10-09 23:27:19,-0.47999999999996135,96.54479522705078,12.639570357888937,947.21,23.487125
59.5,-124.0,2026-10-09 23:27:19,2.605000000000018,87.19479522705079,15.177570357888937,988.1,3.471375
59.5,-123.5,2026-10-09 23:27:19,2.3780000000000427,86.84479522705078,13.629570357888937,971.74,2.9526250000000003
59.5,-123.0,2026-10-09 23:27:19,2.9960000000000377,85.24479522705079,19.353570357888938,964.58,1.792875
59.5,-122.5,2026-10-09 23:27:19,2.18100000000004,92.34479522705078,22.719570357888937,940.46,2.449
59.5,-122.0,2026-10-09 23:27:19,2.2760000000000105,94.26979522705079,19.137570357888936,941.91,2.132375
59.5,-121.5,2026-10-09 23:27:19,4.588000000000022,80.96979522705078,14.025570357888938,958.42,3.28825
59.5,-121.0,2026-10-09 23:27:19,5.43300000000005,74.11979522705079,14.169570357888938,960.53,4.161875
59.5,-120.5,2026-10-09 23:27:19,6.366000000000042,66.64479522705078,14.727570357888938,962.43,3.09375
59.5,-120.0,2026-10-09 23:27:19,5.28000000000003,67.1912452697754,17.57327324706316,953.21,0.022875
59.5,-119.5,2026-10-09 23:27:19,3.640000000000043,70.49124526977539,16.997273247063163,930.8,0.12975
59.5,-119.0,2026-10-09 23:27:19,5.206000000000017,57.916245269775395,18.23927324706316,945.55,0.00575
59.5,-118.5,2026-10-09 23:27:19,4.991000000000042,58.36624526977539,15.28727324706316,947.0,0.0
59.5,-118.0,2026-10-09 23:27:19,4.223000000000013,59.641245269775396,19.535273247063163,949.75,0.0
59.5,-117.5,2026-10-09 23:27:19,4.585000000000036,64.4662452697754,18.14927324706316,977.1,0.04575
59.5,-117.0,2026-10-09 23:27:19,3.9670000000000414,69.11624526977539,17.177273247063162,976.72,0.10675
59.5,-116.5,2026-10-09 23:27:19,3.1610000000000014,72.11624526977539,18.07727324706316,969.6,0.0
59.5,-116.0,2026-10-09 23:27:19,2.2930000000000064,73.8912452697754,16.36727324706316,950.13,0.0
59.5,-115.5,2026-10-09 23:27:19,1.2980000000000018,72.8912452697754,19.04927324706316,919.57,0.0
59.5,-115.0,2026-10-09 23:27:19,-0.8059999999999832,83.24124526977539,15.71927324706316,924.53,0.01525
59.5,-114.5,2026-10-09 23:27:19,-0.9879999999999995,86.8412452697754,11.327273247063161,931.82,0.00575
59.5,-114.0,2026-10-09 23:27:19,2.7420000000000186,70.54124526977539,8.15927324706316,976.57,0.02675
59.5,-113.5,2026-10-09 23:27:19,3.07000000000005,72.0162452697754,11.36327324706316,980.89,0.122125
59.5,-113.0,2026-10-09 23:27:19,3.2060000000000173,72.11624526977539,12.13727324706316,979.75,0.152625
59.5,-112.5,2026-10-09 23:27:19,3.7030000000000314,71.1912452697754,12.80327324706316,981.32,0.022875
59.5,-112.0,2026-10-09 23:27:19,4.201000000000022,70.11624526977539,13.05527324706316,987.02,0.0
59.5,-111.5,2026-10-09 23:27:19,4.726000000000056,68.36624526977539,12.80327324706316,990.63,0.0
59.5,-111.0,2026-10-09 23:27:19,4.732000000000028,68.04124526977539,15.197273247063162,986.38,0.0
59.5,-110.5,2026-10-09 23:27:19,3.962000000000046,69.54124526977539,16.33127324706316,979.8,0.0
59.5,-110.0,2026-10-09 23:27:19,2.7770000000000437,76.52585639953614,16.905968968212605,979.58,0.0
59.5,-109.5,2026-10-09 23:27:19,4.036000000000001,78.10085639953614,32.90796896821261,992.3,0.0
59.5,-109.0,2026-10-09 23:27:19,4.05600000000004,74.50085639953613,31.53996896821261,991.78,0.0
59.5,-108.5,2026-10-09 23:27:19,3.9020000000000437,66.00085639953613,17.013968968212605,985.1,0.0
59.5,-108.0,2026-10-09 23:27:19,3.8460000000000036,65.02585639953614,15.339968968212604,981.22,0.0
59.5,-107.5,2026-10-09 23:27:19,2.5340000000000487,66.25085639953613,16.203968968212607,965.3,0.0
59.5,-107.0,2026-10-09 23:27:19,2.6280000000000427,65.02585639953614,19.479968968212606,965.49,0.0
59.5,-106.5,2026-10-09 23:27:19,2.691000000000031,63.975856399536134,12.135968968212605,967.61,0.0
59.5,-106.0,2026-10-09 23:27:19,2.2520000000000095,65.87585639953613,11.289968968212605,966.13,0.0
59.5,-105.5,2026-10-09 23:27:19,2.5260000000000105,68.02585639953614,10.209968968212605,964.3,0.0115
59.5,-105.0,2026-10-09 23:27:19,1.82000000000005,83.40085639953614,8.139968968212605,970.64,0.053375
59.5,-104.5,2026-10-09 23:27:19,1.8180000000000405,90.57585639953614,10.587968968212605,972.3,0.017125
59.5,-104.0,2026-10-09 23:27:19,1.462000000000046,93.10085639953614,8.733968968212604,972.99,0.001875
59.5,-103.5,2026-10-09 23:27:19,1.7760000000000105,89.22585639953614,7.905968968212605,967.34,0.0115
59.5,-103.0,2026-10-09 23:27:19,2.684000000000026,75.47585639953614,8.625968968212606,966.16,0.007625
59.5,-102.5,2026-10-09 23:27:19,2.4430000000000405,74.97585639953614,8.715968968212605,968.88,0.022875
59.5,-102.0,2026-10-09 23:27:19,1.802000000000021,74.00085639953613,5.637968968212605,967.97,0.022875
59.5,-101.5,2026-10-09 23:27:19,1.396000000000015,85.25085639953613,4.917968968212605,971.45,0.053375
59.5,-101.0,2026-10-09 23:27:19,2.546000000000049,83.45085639953614,6.969968968212604,973.22,0.021
59.5,-100.5,2026-10-09 23:27:19,2.1620000000000346,85.70085639953614,9.849968968212604,980.67,0.00575
59.5,-100.0,2026-10-09 23:27:19,2.230000000000018,89.40085639953614,11.199968968212605,983.94,0.017125
59.5,-99.5,2026-10-09 23:27:19,2.160000000000025,86.27585639953614,10.047968968212606,983.0,0.09725
59.5,-99.0,2026-10-09 23:27:19,1.393000000000029,89.85085639953614,9.921968968212605,981.63,0.24225
59.5,-98.5,2026-10-09 23:27:19,1.3560000000000514,84.92585639953614,10.191968968212606,983.31,1.056625
59.5,-98.0,2026-10-09 23:27:19,1.893000000000029,84.87585639953613,7.419968968212605,986.63,0.04575
59.5,-97.5,2026-10-09 23:27:19,1.983000000000004,76.60085639953614,9.579968968212606,983.3,0.10875
59.5,-97.0,2026-10-09 23:27:19,2.3170000000000073,75.87585639953613,9.759968968212606,992.52,0.8965
59.5,-96.5,2026-10-09 23:27:19,2.7730000000000246,67.90085639953614,10.875968968212606,999.99,1.895875
59.5,-96.0,2026-10-09 23:27:19,3.305000000000007,73.37585639953613,12.477968968212604,1004.47,0.11825000000000001
59.5,-95.5,2026-10-09 23:27:19,3.6450000000000387,75.02585639953614,14.907968968212604,1010.31,0.074375
59.5,-95.0,2026-10-09 23:27:19,2.6140000000000327,86.20085639953614,19.191968968212606,1015.69,0.36425
59.5,-80.5,2026-10-09 23:27:19,3.8180000000000405,67.92585639953613,12.063968968212606,1012.52,0.10300000000000001
59.5,-78.0,2026-10-09 23:27:19,3.299000000000035,61.869604682922365,17.666908852636816,1011.52,0.03625
59.5,-77.5,2026-10-09 23:27:19,3.1350000000000477,71.59460468292237,15.164908852636815,1010.44,0.055375
59.5,-77.0,2026-10-09 23:27:19,2.0780000000000314,73.29460468292237,12.140908852636816,1002.8,0.063
59.5,-76.5,2026-10-09 23:27:19,1.7970000000000255,76.71960468292237,12.446908852636815,999.3,0.07825
59.5,-76.0,2026-10-09 23:27:19,1.6120000000000232,75.11960468292237,13.958908852636815,994.6,0.09725
59.5,-75.5,2026-10-09 23:27:19,1.441000000000031,75.76960468292236,16.208908852636814,994.38,0.0915
59.5,-75.0,2026-10-09 23:27:19,1.5890000000000555,74.96960468292237,17.018908852636812,985.58,0.14875
59.5,-74.5,2026-10-09 23:27:19,0.8680000000000518,81.51960468292236,17.018908852636812,992.69,0.1125
59.5,-74.0,2026-10-09 23:27:19,1.0860000000000127,80.36960468292237,14.678908852636816,989.27,0.152625
59.5,-73.5,2026-10-09 23:27:19,1.3660000000000423,78.29460468292237,16.388908852636813,985.0,0.080125
59.5,-73.0,2026-10-09 23:27:19,1.6610000000000014,81.94460468292237,16.874908852636814,984.7,0.068625
59.5,-72.5,2026-10-09 23:27:19,1.552000000000021,83.46960468292237,16.874908852636814,977.47,0.145
59.5,-72.0,2026-10-09 23:27:19,2.4500000000000455,76.49460468292237,16.334908852636815,984.55,0.08775000000000001
59.5,-71.5,2026-10-09 23:27:19,1.6760000000000446,83.29460468292237,19.160908852636815,980.56,0.02675
59.5,-71.0,2026-10-09 23:27:19,1.7290000000000418,83.04460468292237,21.284908852636814,979.36,0.047625
59.5,-70.5,2026-10-09 23:27:19,1.9470000000000027,84.04460468292237,20.168908852636815,984.99,0.047625
59.5,-70.0,2026-10-09 23:27:19,2.569000000000017,84.16960468292237,22.094908852636813,993.19,0.0305
59.5,-65.5,2026-10-09 23:27:19,4.184000000000026,83.31751155853271,18.470764085859063,1005.07,0.0
59.5,-65.0,2026-10-09 23:27:19,0.27000000000003865,89.91751155853272,16.05876408585906,942.11,0.007625
59.5,-64.5,2026-10-09 23:27:19,-1.5629999999999882,94.14251155853272,12.908764085859062,922.74,0.26125
59.5,-64.0,2026-10-09 23:27:19,-1.4349999999999454,98.86751155853273,16.09476408585906,934.61,2.0065
60.0,-139.0,2026-10-09 23:27:19,-11.661999999999978,63.044795227050784,17.87757035788894,834.5,0.034375
60.0,-138.5,2026-10-09 23:27:19,-11.464999999999975,72.34479522705078,12.027570357888937,865.65,0.007625
60.0,-138.0,2026-10-09 23:27:19,-10.22399999999999,87.81979522705079,4.017570357888937,888.82,0.110625
60.0,-137.5,2026-10-09 23:27:19,-5.488999999999976,75.36979522705079,8.157570357888938,866.18,0.001875
60.0,-137.0,2026-10-09 23:27:19,-7.397999999999968,77.41979522705078,5.529570357888937,840.86,0.20025
60.0,-136.5,2026-10-09 23:27:19,-6.859999999999957,81.09479522705078,12.135570357888938,838.03,0.122125
60.0,-136.0,2026-10-09 23:27:19,-7.793999999999983,80.01979522705079,8.805570357888937,834.88,0.186875
60.0,-135.5,2026-10-09 23:27:19,-7.843999999999994,85.29479522705078,8.589570357888938,827.02,0.120125
60.0,-135.0,2026-10-09 23:27:19,-3.9259999999999877,75.66979522705078,6.2495703578889374,887.07,0.061
60.0,-134.5,2026-10-09 23:27:19,-4.558999999999969,82.64479522705079,6.627570357888938,868.27,0.21175
60.0,-134.0,2026-10-09 23:27:19,-1.0259999999999536,67.91979522705078,4.467570357888937,911.28,0.089625
60.0,-133.5,2026-10-09 23:27:19,-1.0369999999999777,61.19479522705078,4.899570357888938,912.43,0.07062500000000001
60.0,-133.0,2026-10-09 23:27:19,0.3620000000000232,61.294795227050784,4.575570357888937,912.77,0.24225
60.0,-132.5,2026-10-09 23:27:19,-0.9889999999999759,73.66979522705078,11.541570357888936,906.62,3.641125
60.0,-132.0,2026-10-09 23:27:19,1.566000000000031,72.61979522705079,12.603570357888938,905.47,0.053375
60.0,-131.5,2026-10-09 23:27:19,-0.09199999999998454,71.84479522705078,15.501570357888937,870.8,0.553125
60.0,-131.0,2026-10-09 23:27:19,0.02400000000000091,77.76979522705079,15.663570357888936,890.24,2.6702500000000002
60.0,-130.5,2026-10-09 23:27:19,-4.534999999999968,92.81979522705079,15.105570357888936,835.95,7.3185
60.0,-130.0,2026-10-09 23:27:19,-1.1239999999999668,90.21979522705078,7.779570357888937,897.04,4.726375
60.0,-129.5,2026-10-09 23:27:19,-0.46999999999997044,93.09479522705078,5.061570357888938,912.6,6.61275
60.0,-129.0,2026-10-09 23:27:19,1.0150000000000432,85.44479522705079,2.685570357888937,928.74,1.344625
60.0,-128.5,2026-10-09 23:27:19,2.3350000000000364,73.66979522705078,5.169570357888937,934.46,1.79675
60.0,-128.0,2026-10-09 23:27:19,2.6240000000000236,69.19479522705079,7.509570357888938,930.8,1.2055
60.0,-127.5,2026-10-09 23:27:19,3.4990000000000236,65.91979522705078,7.4915703578889365,939.64,1.20925
60.0,-127.0,2026-10-09 23:27:19,0.5320000000000391,73.56979522705079,11.253570357888938,912.16,5.94325
60.0,-126.5,2026-10-09 23:27:19,1.0740000000000123,77.41979522705078,8.805570357888937,923.29,6.16075
60.0,-126.0,2026-10-09 23:27:19,-1.169999999999959,82.06979522705079,10.803570357888939,900.37,3.353125
60.0,-125.5,2026-10-09 23:27:19,-0.33499999999997954,80.44479522705079,8.715570357888938,913.91,2.740875
60.0,-125.0,2026-10-09 23:27:19,-2.2339999999999804,88.36979522705079,8.805570357888937,881.54,11.50125
60.0,-124.5,2026-10-09 23:27:19,4.258000000000038,71.06979522705079,8.157570357888938,972.58,1.092875
60.0,-124.0,2026-10-09 23:27:19,2.522000000000048,78.61979522705079,15.249570357888937,965.13,4.12375
60.0,-123.5,2026-10-09 23:27:19,1.2510000000000332,85.79479522705078,17.769570357888938,963.63,2.719875
60.0,-123.0,2026-10-09 23:27:19,2.597000000000037,84.51979522705079,12.477570357888938,972.78,5.035375
60.0,-122.5,2026-10-09 23:27:19,3.383000000000038,80.84479522705078,12.513570357888938,971.38,1.783375
60.0,-122.0,2026-10-09 23:27:19,3.4090000000000487,83.26979522705079,15.087570357888936,965.99,0.31475000000000003
60.0,-121.5,2026-10-09 23:27:19,2.90300000000002,88.46979522705078,15.141570357888938,956.35,0.341375
60.0,-121.0,2026-10-09 23:27:19,2.1340000000000146,91.96979522705078,16.61757035788894,942.27,1.0815000000000001
60.0,-120.5,2026-10-09 23:27:19,3.9880000000000564,84.74479522705079,15.195570357888938,953.65,1.12725
60.0,-120.0,2026-10-09 23:27:19,5.573000000000036,71.1412452697754,17.177273247063162,962.71,0.444375
60.0,-119.5,2026-10-09 23:27:19,4.600000000000023,68.04124526977539,16.96127324706316,951.61,0.150625
60.0,-119.0,2026-10-09 23:27:19,3.7480000000000473,72.54124526977539,24.485273247063162,946.17,0.0095
60.0,-118.5,2026-10-09 23:27:19,4.219000000000051,66.29124526977539,21.47927324706316,948.91,0.013375
60.0,-118.0,2026-10-09 23:27:19,4.258000000000038,58.69124526977539,15.053273247063162,938.57,0.053375
60.0,-117.5,2026-10-09 23:27:19,2.9080000000000155,59.69124526977539,15.377273247063162,931.5,0.074375
60.0,-117.0,2026-10-09 23:27:19,4.66900000000004,63.291245269775395,16.11527324706316,982.11,0.320375
60.0,-116.5,2026-10-09 23:27:19,4.80600000000004,63.06624526977539,15.07127324706316,982.69,3.44275
60.0,-116.0,2026-10-09 23:27:19,3.9120000000000346,66.91624526977539,13.41527324706316,983.86,1.5658750000000001
60.0,-115.5,2026-10-09 23:27:19,3.7130000000000223,66.7662452697754,12.407273247063161,983.41,0.186875
60.0,-115.0,2026-10-09 23:27:19,2.590000000000032,71.16624526977539,12.497273247063161,981.07,0.2155
60.0,-114.5,2026-10-09 23:27:19,3.219000000000051,66.79124526977539,9.95927324706316,983.44,0.146875
60.0,-114.0,2026-10-09 23:27:19,3.018000000000029,65.8912452697754,10.93127324706316,982.22,0.150625
60.0,-113.5,2026-10-09 23:27:19,3.133000000000038,66.2162452697754,10.93127324706316,984.42,0.137375
60.0,-113.0,2026-10-09 23:27:19,3.410000000000025,67.6412452697754,11.52527324706316,988.6,0.0
60.0,-112.5,2026-10-09 23:27:19,3.6830000000000496,66.6412452697754,10.40927324706316,988.47,0.021
60.0,-112.0,2026-10-09 23:27:19,4.5190000000000055,61.44124526977539,14.891273247063163,994.19,0.001875
60.0,-111.5,2026-10-09 23:27:19,4.324000000000012,64.3912452697754,12.33527324706316,990.58,0.0
60.0,-111.0,2026-10-09 23:27:19,4.571000000000026,60.81624526977539,13.46927324706316,985.53,0.0
60.0,-110.5,2026-10-09 23:27:19,4.024000000000001,64.74124526977539,13.93727324706316,980.03,0.0
60.0,-110.0,2026-10-09 23:27:19,2.716000000000008,70.97585639953614,12.207968968212606,976.55,0.0
60.0,-109.5,2026-10-09 23:27:19,2.580000000000041,71.97585639953614,14.529968968212605,973.58,0.0
60.0,-109.0,2026-10-09 23:27:19,2.000000000000057,70.97585639953614,13.395968968212605,967.81,0.0
60.0,-108.5,2026-10-09 23:27:19,0.9800000000000182,75.60085639953614,13.377968968212604,965.0,0.0
60.0,-108.0,2026-10-09 23:27:19,0.47600000000005593,79.50085639953613,14.061968968212604,964.44,0.0
60.0,-107.5,2026-10-09 23:27:19,0.7200000000000273,77.07585639953614,13.395968968212605,962.44,0.0
60.0,-107.0,2026-10-09 23:27:19,0.3990000000000009,85.07585639953614,17.355968968212608,959.05,0.0
60.0,-106.5,2026-10-09 23:27:19,0.7030000000000314,83.87585639953613,14.349968968212604,962.17,0.0
60.0,-106.0,2026-10-09 23:27:19,0.9430000000000405,88.75085639953613,13.611968968212604,964.19,0.0115
60.0,-105.5,2026-10-09 23:27:19,0.7980000000000018,86.97585639953614,12.207968968212606,964.13,0.001875
60.0,-105.0,2026-10-09 23:27:19,1.6820000000000164,88.27585639953614,14.421968968212605,965.69,0.0
60.0,-104.5,2026-10-09 23:27:19,2.1440000000000055,89.25085639953613,19.713968968212605,971.99,0.0115
60.0,-104.0,2026-10-09 23:27:19,1.5260000000000105,90.00085639953613,13.017968968212605,969.88,0.01525
60.0,-103.5,2026-10-09 23:27:19,2.146000000000015,86.00085639953613,10.965968968212605,967.95,0.003875
60.0,-103.0,2026-10-09 23:27:19,2.618000000000052,88.85085639953614,6.303968968212605,972.81,0.049625
60.0,-102.5,2026-10-09 23:27:19,1.57000000000005,89.65085639953614,6.573968968212605,971.84,0.280375
60.0,-102.0,2026-10-09 23:27:19,3.8000000000000114,73.77585639953614,5.727968968212605,978.53,1.7108750000000001
60.0,-101.5,2026-10-09 23:27:19,2.219000000000051,86.40085639953614,6.483968968212604,970.74,0.192625
60.0,-101.0,2026-10-09 23:27:19,2.9850000000000136,82.25085639953613,7.671968968212605,972.33,0.02475
60.0,-100.5,2026-10-09 23:27:19,3.049000000000035,79.80085639953614,11.469968968212605,980.42,0.053375
60.0,-100.0,2026-10-09 23:27:19,2.4890000000000327,86.97585639953614,11.757968968212605,986.36,0.080125
60.0,-99.5,2026-10-09 23:27:19,2.000000000000057,86.70085639953614,10.911968968212605,982.39,1.07
60.0,-99.0,2026-10-09 23:27:19,1.55600000000004,87.85085639953614,11.901968968212605,981.36,2.903
60.0,-98.5,2026-10-09 23:27:19,1.8420000000000414,82.80085639953614,9.705968968212604,981.52,0.10875
60.0,-98.0,2026-10-09 23:27:19,1.5780000000000314,74.90085639953614,9.759968968212606,987.28,0.110625
60.0,-97.5,2026-10-09 23:27:19,1.3640000000000327,78.30085639953614,8.283968968212605,988.25,0.562625
60.0,-97.0,2026-10-09 23:27:19,1.545000000000016,75.15085639953614,8.391968968212606,992.08,1.9817500000000001
60.0,-96.5,2026-10-09 23:27:19,1.7220000000000368,71.82585639953614,10.335968968212606,998.42,0.843
60.0,-96.0,2026-10-09 23:27:19,2.170000000000016,67.32585639953614,12.045968968212604,1002.24,1.110125
60.0,-95.5,2026-10-09 23:27:19,2.9490000000000123,65.65085639953614,13.233968968212604,1009.14,0.021
60.0,-95.0,2026-10-09 23:27:19,3.2550000000000523,76.50085639953613,16.851968968212603,1016.36,0.289875
60.0,-77.5,2026-10-09 23:27:19,2.9490000000000123,78.49460468292237,16.442908852636812,1011.88,0.061
60.0,-77.0,2026-10-09 23:27:19,2.154000000000053,78.09460468292237,10.574908852636815,1007.25,0.042
60.0,-76.5,2026-10-09 23:27:19,1.5130000000000337,81.51960468292236,12.572908852636814,997.03,0.08775000000000001
60.0,-76.0,2026-10-09 23:27:19,2.597000000000037,78.21960468292237,14.156908852636814,999.11,0.0915
60.0,-75.5,2026-10-09 23:27:19,1.7800000000000296,77.19460468292237,14.498908852636813,993.86,0.150625
60.0,-75.0,2026-10-09 23:27:19,2.3950000000000387,67.79460468292237,14.102908852636816,987.35,0.22312500000000002
60.0,-74.5,2026-10-09 23:27:19,2.3000000000000114,73.21960468292237,16.730908852636812,985.0,0.20025
60.0,-74.0,2026-10-09 23:27:19,1.0960000000000036,76.11960468292237,14.624908852636814,984.75,0.16975
60.0,-73.5,2026-10-09 23:27:19,1.8850000000000477,76.34460468292237,16.496908852636814,984.83,0.104875
60.0,-73.0,2026-10-09 23:27:19,1.4600000000000364,81.99460468292237,17.162908852636814,979.77,0.1965
60.0,-72.5,2026-10-09 23:27:19,2.063000000000045,79.74460468292237,16.244908852636815,986.7,0.177375
60.0,-72.0,2026-10-09 23:27:19,2.4780000000000086,75.74460468292237,19.304908852636817,987.24,0.20025
60.0,-71.5,2026-10-09 23:27:19,1.0510000000000446,86.64460468292236,22.112908852636814,977.3,0.307125
60.0,-71.0,2026-10-09 23:27:19,1.6760000000000446,83.79460468292237,22.526908852636815,986.49,0.274625
60.0,-70.5,2026-10-09 23:27:19,2.7840000000000487,81.76960468292236,25.820908852636816,997.88,0.408125
60.0,-70.0,2026-10-09 23:27:19,3.2660000000000196,82.06960468292237,29.816908852636818,1009.05,0.017125
60.0,-65.0,2026-10-09 23:27:19,3.1230000000000473,79.59251155853272,31.30476408585906,998.88,0.001875
60.0,-64.5,2026-10-09 23:27:19,0.1540000000000532,95.44251155853271,27.77676408585906,964.58,0.02475
60.0,-64.0,2026-10-09 23:27:19,2.5960000000000036,86.41751155853272,25.63476408585906,1007.22,0.001875
60.5,-141.0,2026-10-09 23:27:19,-9.014999999999986,19.694795227050783,7.599570357888938,764.37,0.0
60.5,-140.5,2026-10-09 23:27:19,-8.381999999999948,20.294795227050784,1.029570357888937,782.77,0.0
60.5,-140.0,2026-10-09 23:27:19,-12.488,26.544795227050784,2.505570357888937,805.71,0.0
60.5,-139.5,2026-10-09 23:27:19,-10.512999999999977,49.169795227050784,9.183570357888938,843.0,0.0
60.5,-139.0,2026-10-09 23:27:19,-14.672999999999945,15.494795227050782,3.423570357888937,706.36,0.0
60.5,-138.5,2026-10-09 23:27:19,-12.930999999999983,40.09479522705078,4.449570357888938,791.04,0.038125
60.5,-138.0,2026-10-09 23:27:19,-8.44599999999997,77.76979522705079,1.677570357888937,847.89,0.0095
60.5,-137.5,2026-10-09 23:27:19,-6.408999999999992,87.06979522705079,7.167570357888938,871.64,0.022875
60.5,-137.0,2026-10-09 23:27:19,-0.5359999999999445,63.44479522705078,5.493570357888937,949.65,0.022875
60.5,-136.5,2026-10-09 23:27:19,-6.593999999999994,79.46979522705078,7.941570357888937,848.7,0.150625
60.5,-136.0,2026-10-09 23:27:19,-3.2129999999999654,61.49479522705079,1.659570357888937,873.38,0.234625
60.5,-135.5,2026-10-09 23:27:19,-3.5889999999999986,62.34479522705078,6.447570357888937,858.49,0.05725
60.5,-135.0,2026-10-09 23:27:19,-1.5489999999999782,65.24479522705079,6.5555703578889375,900.38,0.446375
60.5,-134.5,2026-10-09 23:27:19,0.44000000000005457,57.19479522705078,6.303570357888937,932.27,0.00575
60.5,-134.0,2026-10-09 23:27:19,-1.0809999999999604,59.99479522705079,4.3055703578889375,890.43,0.07062500000000001
60.5,-133.5,2026-10-09 23:27:19,0.9530000000000314,54.31979522705078,2.8475703578889373,913.03,0.034375
60.5,-133.0,2026-10-09 23:27:19,-3.1129999999999995,82.16979522705078,13.899570357888937,858.1,3.88525
60.5,-132.5,2026-10-09 23:27:19,0.7250000000000227,68.74479522705079,5.871570357888937,899.97,0.227
60.5,-132.0,2026-10-09 23:27:19,-4.270999999999958,97.34479522705078,10.641570357888936,841.47,11.64625
60.5,-131.5,2026-10-09 23:27:19,-3.0179999999999723,85.81979522705079,9.921570357888937,841.85,2.037
60.5,-131.0,2026-10-09 23:27:19,-2.5499999999999545,82.66979522705078,9.507570357888937,847.33,4.7855
60.5,-130.5,2026-10-09 23:27:19,-2.4489999999999554,85.04479522705078,9.813570357888937,857.46,11.13125
60.5,-130.0,2026-10-09 23:27:19,2.5370000000000346,67.84479522705078,3.837570357888937,919.35,11.728250000000001
60.5,-129.5,2026-10-09 23:27:19,3.673000000000002,58.894795227050786,3.5135703578889372,930.32,0.604625
60.5,-129.0,2026-10-09 23:27:19,-0.06499999999999773,65.71979522705078,8.679570357888936,884.35,2.937375
60.5,-128.5,2026-10-09 23:27:19,0.9540000000000077,64.39479522705078,8.031570357888938,896.21,3.379875
60.5,-128.0,2026-10-09 23:27:19,0.2410000000000423,64.54479522705078,10.443570357888937,892.82,2.75225
60.5,-127.5,2026-10-09 23:27:19,2.8040000000000305,57.44479522705078,6.807570357888937,924.58,0.4825
60.5,-127.0,2026-10-09 23:27:19,-0.39899999999994407,66.49479522705079,9.399570357888937,887.54,0.104875
60.5,-126.5,2026-10-09 23:27:19,-1.478999999999985,73.36979522705079,10.965570357888938,886.0,0.9480000000000001
60.5,-126.0,2026-10-09 23:27:19,2.059000000000026,63.19479522705078,8.661570357888937,925.97,0.01525
60.5,-125.5,2026-10-09 23:27:19,2.3770000000000095,60.84479522705078,7.779570357888937,928.04,0.028625
60.5,-125.0,2026-10-09 23:27:19,1.26400000000001,67.64479522705078,7.635570357888937,921.14,0.042
60.5,-124.5,2026-10-09 23:27:19,-3.676999999999964,88.29479522705078,18.075570357888935,867.05,1.78525
60.5,-124.0,2026-10-09 23:27:19,2.469000000000051,70.91979522705078,10.335570357888937,965.23,0.774375
60.5,-123.5,2026-10-09 23:27:19,3.219000000000051,73.5662452697754,13.09127324706316,994.77,3.305375
60.5,-123.0,2026-10-09 23:27:19,1.407000000000039,83.4662452697754,15.233273247063162,966.69,1.45725
60.5,-122.5,2026-10-09 23:27:19,1.5510000000000446,83.1912452697754,17.98727324706316,956.75,0.3815
60.5,-122.0,2026-10-09 23:27:19,0.7980000000000018,87.4162452697754,17.37527324706316,945.44,0.93075
60.5,-121.5,2026-10-09 23:27:19,2.6410000000000196,84.2912452697754,23.98127324706316,961.6,0.749625
60.5,-121.0,2026-10-09 23:27:19,2.2320000000000277,88.49124526977539,19.21127324706316,958.42,0.732375
60.5,-120.5,2026-10-09 23:27:19,1.4840000000000373,97.61624526977539,14.78327324706316,948.86,1.27225
60.5,-120.0,2026-10-09 23:27:19,1.4910000000000423,95.6412452697754,11.59727324706316,943.03,2.349875
60.5,-119.5,2026-10-09 23:27:19,4.072000000000003,93.2662452697754,9.85127324706316,974.67,1.0967500000000001
60.5,-119.0,2026-10-09 23:27:19,4.65500000000003,80.8412452697754,10.589273247063161,980.69,0.42912500000000003
60.5,-118.5,2026-10-09 23:27:19,4.485000000000014,79.74124526977539,9.545273247063161,984.91,0.52075
60.5,-118.0,2026-10-09 23:27:19,3.4180000000000064,80.6412452697754,12.06527324706316,985.71,0.589375
60.5,-117.5,2026-10-09 23:27:19,4.189000000000021,78.9662452697754,19.35527324706316,986.85,0.785875
60.5,-117.0,2026-10-09 23:27:19,4.9080000000000155,67.16624526977539,11.561273247063161,984.28,0.41575
60.5,-116.5,2026-10-09 23:27:19,4.494000000000028,63.916245269775395,12.65927324706316,985.75,0.120125
60.5,-116.0,2026-10-09 23:27:19,4.124000000000024,65.7162452697754,11.68727324706316,989.88,0.45587500000000003
60.5,-115.5,2026-10-09 23:27:19,3.6990000000000123,66.54124526977539,11.14727324706316,988.08,0.431
60.5,-115.0,2026-10-09 23:27:19,3.5270000000000437,66.36624526977539,10.80527324706316,987.66,0.05725
60.5,-114.5,2026-10-09 23:27:19,3.1650000000000205,66.8912452697754,10.211273247063161,987.47,0.00575
60.5,-114.0,2026-10-09 23:27:19,3.772000000000048,64.91624526977539,10.66127324706316,993.02,0.0095
60.5,-113.5,2026-10-09 23:27:19,3.997000000000014,65.24124526977539,10.427273247063159,996.99,0.038125
60.5,-113.0,2026-10-09 23:27:19,4.217000000000041,66.6412452697754,10.157273247063161,998.61,0.028625
60.5,-112.5,2026-10-09 23:27:19,4.583000000000027,64.7162452697754,15.233273247063162,998.83,0.0
60.5,-112.0,2026-10-09 23:27:19,4.498000000000047,63.891245269775396,11.39927324706316,996.21,0.0
60.5,-111.5,2026-10-09 23:27:19,4.188000000000045,63.99124526977539,12.29927324706316,989.94,0.0
60.5,-111.0,2026-10-09 23:27:19,3.994000000000028,63.666245269775395,16.601273247063162,984.6,0.0
60.5,-110.5,2026-10-09 23:27:19,3.647000000000048,63.94124526977539,13.66727324706316,982.33,0.0
60.5,-110.0,2026-10-09 23:27:19,2.6310000000000286,68.4412452697754,16.52927324706316,975.97,0.0
60.5,-109.5,2026-10-09 23:27:19,2.4750000000000227,66.7662452697754,15.827273247063161,976.46,0.0
60.5,-109.0,2026-10-09 23:27:19,1.4950000000000045,70.91624526977539,12.641273247063161,970.11,0.001875
60.5,-108.5,2026-10-09 23:27:19,0.8450000000000273,74.2162452697754,13.68527324706316,964.88,0.003875
60.5,-108.0,2026-10-09 23:27:19,0.44500000000005,78.2162452697754,16.835273247063164,960.49,0.0
60.5,-107.5,2026-10-09 23:27:19,0.6330000000000382,78.0912452697754,17.735273247063162,961.17,0.0
60.5,-107.0,2026-10-09 23:27:19,0.6300000000000523,80.7162452697754,15.341273247063162,959.96,0.001875
60.5,-106.5,2026-10-09 23:27:19,1.309000000000026,79.36624526977539,14.333273247063161,964.74,0.003875
60.5,-106.0,2026-10-09 23:27:19,2.376000000000033,74.54124526977539,13.34327324706316,965.99,0.001875
60.5,-105.5,2026-10-09 23:27:19,2.7660000000000196,76.3162452697754,14.891273247063163,965.74,0.001875
60.5,-105.0,2026-10-09 23:27:19,2.5360000000000014,77.6912452697754,15.89927324706316,963.66,0.0095
60.5,-104.5,2026-10-09 23:27:19,2.6230000000000473,80.2662452697754,14.49527324706316,974.39,0.0095
60.5,-104.0,2026-10-09 23:27:19,2.76400000000001,81.49124526977539,12.497273247063161,975.36,0.022875
60.5,-103.5,2026-10-09 23:27:19,2.383000000000038,85.7162452697754,8.96927324706316,974.21,0.120125
60.5,-103.0,2026-10-09 23:27:19,2.8360000000000127,87.0412452697754,10.46327324706316,975.66,0.37575000000000003
60.5,-102.5,2026-10-09 23:27:19,3.57000000000005,80.5912452697754,8.321273247063159,978.19,0.166
60.5,-102.0,2026-10-09 23:27:19,2.966000000000008,78.5662452697754,7.92527324706316,978.55,0.07062500000000001
60.5,-101.5,2026-10-09 23:27:19,1.5230000000000246,91.34460468292237,4.922908852636814,969.67,0.27087500000000003
60.5,-101.0,2026-10-09 23:27:19,0.6450000000000387,84.99460468292237,4.094908852636814,974.25,0.782
60.5,-100.5,2026-10-09 23:27:19,0.3240000000000123,94.19460468292237,5.966908852636815,978.13,0.18125
60.5,-100.0,2026-10-09 23:27:19,1.799000000000035,91.79460468292237,14.390908852636816,979.35,0.177375
60.5,-99.5,2026-10-09 23:27:19,1.5680000000000405,93.74460468292237,16.046908852636815,986.3,1.76425
60.5,-99.0,2026-10-09 23:27:19,0.48500000000001364,92.41960468292237,11.924908852636815,981.55,0.6085
60.5,-98.5,2026-10-09 23:27:19,0.8950000000000387,87.34460468292237,8.450908852636815,985.03,0.644625
60.5,-98.0,2026-10-09 23:27:19,1.3870000000000005,80.51960468292236,8.000908852636814,995.55,0.150625
60.5,-97.5,2026-10-09 23:27:19,1.2580000000000382,80.29460468292237,6.920908852636814,1000.94,0.557
60.5,-97.0,2026-10-09 23:27:19,1.160000000000025,78.89460468292236,8.378908852636814,999.35,1.2550000000000001
60.5,-96.5,2026-10-09 23:27:19,0.9550000000000409,79.79460468292237,9.188908852636814,1004.08,0.39287500000000003
60.5,-96.0,2026-10-09 23:27:19,0.6730000000000018,81.06960468292237,10.340908852636813,1004.66,0.373875
60.5,-95.5,2026-10-09 23:27:19,0.9890000000000327,80.26960468292236,13.310908852636814,1011.24,0.032375
60.5,-95.0,2026-10-09 23:27:19,1.5010000000000332,73.91960468292237,14.246908852636816,1016.38,0.017125
60.5,-94.5,2026-10-09 23:27:19,1.8110000000000355,81.19460468292237,22.454908852636816,1020.63,0.021
60.5,-77.5,2026-10-09 23:27:19,1.8920000000000528,82.16960468292237,10.142908852636815,1009.86,0.007625
60.5,-77.0,2026-10-09 23:27:19,1.3700000000000045,82.76960468292236,10.628908852636814,1000.38,0.019125
60.5,-76.5,2026-10-09 23:27:19,1.9700000000000273,80.76960468292236,12.680908852636815,1000.77,0.02475
60.5,-76.0,2026-10-09 23:27:19,2.316000000000031,71.89460468292236,13.922908852636814,991.78,0.028625
60.5,-75.5,2026-10-09 23:27:19,0.9280000000000541,74.81960468292236,17.882908852636813,983.53,0.055375
60.5,-75.0,2026-10-09 23:27:19,0.3490000000000464,78.66960468292237,16.928908852636816,982.17,0.051500000000000004
60.5,-74.5,2026-10-09 23:27:19,0.9500000000000455,77.49460468292237,18.386908852636815,974.8,0.124
60.5,-74.0,2026-10-09 23:27:19,1.1190000000000282,78.06960468292237,19.502908852636814,974.38,0.085875
60.5,-73.5,2026-10-09 23:27:19,1.774000000000001,73.66960468292237,22.814908852636815,978.67,0.10875
60.5,-73.0,2026-10-09 23:27:19,0.3970000000000482,81.16960468292237,16.874908852636814,969.67,0.238375
60.5,-72.5,2026-10-09 23:27:19,0.3690000000000282,81.56960468292237,16.874908852636814,970.86,0.14875
60.5,-72.0,2026-10-09 23:27:19,0.10200000000003229,84.64460468292236,17.288908852636816,973.22,0.18125
60.5,-71.5,2026-10-09 23:27:19,1.2860000000000014,76.64460468292236,19.214908852636814,973.8,0.362375
60.5,-71.0,2026-10-09 23:27:19,0.7930000000000064,81.04460468292237,18.818908852636813,976.1,0.48825
60.5,-70.5,2026-10-09 23:27:19,1.483000000000004,82.04460468292237,19.484908852636817,984.77,0.72675
60.5,-70.0,2026-10-09 23:27:19,1.608000000000004,86.91960468292237,21.194908852636814,991.58,0.96125
60.5,-68.0,2026-10-09 23:27:19,0.6100000000000136,97.49460468292237,28.286908852636817,988.81,0.37575000000000003
60.5,-65.0,2026-10-09 23:27:19,2.9740000000000464,83.56960468292237,30.266908852636817,1008.35,0.05725
60.5,-64.5,2026-10-09 23:27:19,2.6170000000000186,86.36960468292237,25.820908852636816,1008.22,0.177375
61.0,-141.0,2026-10-09 23:27:19,-11.47199999999998,17.79479522705078,3.135570357888937,804.45,0.0
61.0,-140.5,2026-10-09 23:27:19,-14.853999999999985,7.994795227050782,1.731570357888937,632.9,0.0
61.0,-140.0,2026-10-09 23:27:19,-14.592999999999961,9.294795227050782,0.129570357888937,665.38,0.0
61.0,-139.5,2026-10-09 23:27:19,-12.062999999999988,13.419795227050782,4.233570357888937,739.99,0.0
61.0,-139.0,2026-10-09 23:27:19,-11.366999999999962,37.81979522705078,6.087570357888937,776.55,0.013375
61.0,-138.5,2026-10-09 23:27:19,-2.172999999999945,68.01979522705078,5.043570357888937,916.61,0.0
61.0,-138.0,2026-10-09 23:27:19,-6.079999999999984,77.04479522705078,4.593570357888937,869.94,0.022875
61.0,-137.5,2026-10-09 23:27:19,-6.515999999999963,78.21979522705078,3.459570357888937,845.49,0.227
61.0,-137.0,2026-10-09 23:27:19,-2.3789999999999623,63.519795227050786,3.9635703578889374,908.7,0.019125
61.0,-136.5,2026-10-09 23:27:19,-1.172999999999945,55.519795227050786,0.111570357888937,925.62,0.055375
61.0,-136.0,2026-10-09 23:27:19,-2.7579999999999814,59.19479522705078,2.199570357888937,887.17,0.635125
61.0,-135.5,2026-10-09 23:27:19,-3.1269999999999527,62.96979522705078,2.199570357888937,863.09,0.70375
61.0,-135.0,2026-10-09 23:27:19,-0.922999999999945,68.96979522705078,7.167570357888938,934.02,0.801125
61.0,-134.5,2026-10-09 23:27:19,-1.30499999999995,64.41979522705078,6.8615703578889375,914.36,0.074375
61.0,-134.0,2026-10-09 23:27:19,-2.835999999999956,68.71979522705078,5.367570357888937,897.63,0.061
61.0,-133.5,2026-10-09 23:27:19,-1.8659999999999854,71.91979522705078,5.673570357888937,857.54,0.0725
61.0,-133.0,2026-10-09 23:27:19,1.6830000000000496,61.769795227050786,6.087570357888937,929.05,0.341375
61.0,-132.5,2026-10-09 23:27:19,-0.7809999999999491,74.51979522705078,8.391570357888936,882.21,1.768125
61.0,-132.0,2026-10-09 23:27:19,0.9280000000000541,72.09479522705078,6.663570357888937,903.4,7.877375
61.0,-131.5,2026-10-09 23:27:19,-0.61099999999999,79.26979522705079,8.319570357888937,881.47,1.434375
61.0,-131.0,2026-10-09 23:27:19,-0.49699999999995725,79.19479522705079,6.519570357888937,880.69,0.028625
61.0,-130.5,2026-10-09 23:27:19,-3.109999999999957,88.69479522705079,7.113570357888937,850.42,0.032375
61.0,-130.0,2026-10-09 23:27:19,-0.9909999999999854,77.54479522705078,6.825570357888937,875.23,0.028625
61.0,-129.5,2026-10-09 23:27:19,1.934000000000026,65.69479522705079,4.323570357888937,902.75,0.0
61.0,-129.0,2026-10-09 23:27:19,1.816000000000031,72.36979522705079,5.349570357888938,900.04,0.0
61.0,-128.5,2026-10-09 23:27:19,2.487000000000023,58.144795227050786,3.5855703578889373,916.35,0.0
61.0,-128.0,2026-10-09 23:27:19,-4.8139999999999645,85.89479522705079,9.885570357888938,835.81,1.926375
61.0,-127.5,2026-10-09 23:27:19,1.4790000000000418,62.794795227050784,11.991570357888937,916.52,0.39287500000000003
61.0,-127.0,2026-10-09 23:27:19,-1.97199999999998,70.74479522705079,12.603570357888938,873.99,0.05725
61.0,-126.5,2026-10-09 23:27:19,-2.6619999999999777,71.74479522705079,14.223570357888937,870.78,0.173625
61.0,-126.0,2026-10-09 23:27:19,1.3630000000000564,55.769795227050786,9.111570357888937,917.17,0.0095
61.0,-125.5,2026-10-09 23:27:19,0.3210000000000264,65.96979522705078,9.309570357888939,914.96,0.019125
61.0,-125.0,2026-10-09 23:27:19,0.14400000000000546,70.74479522705079,8.589570357888938,919.13,0.038125
61.0,-124.5,2026-10-09 23:27:19,-5.8559999999999945,92.84479522705078,12.243570357888938,852.22,2.00075
61.0,-124.0,2026-10-09 23:27:19,-0.3089999999999691,75.51979522705078,8.103570357888938,936.78,3.00975
61.0,-123.5,2026-10-09 23:27:19,2.671000000000049,70.54124526977539,8.30327324706316,1001.61,0.774375
61.0,-123.0,2026-10-09 23:27:19,3.115000000000009,72.2162452697754,9.383273247063162,1000.53,0.84875
61.0,-122.5,2026-10-09 23:27:19,1.274000000000001,81.7662452697754,9.545273247063161,973.08,1.215
61.0,-122.0,2026-10-09 23:27:19,1.7580000000000382,85.3412452697754,12.51527324706316,967.32,0.5473750000000001
61.0,-121.5,2026-10-09 23:27:19,1.2900000000000205,89.61624526977539,13.61327324706316,961.44,0.886875
61.0,-121.0,2026-10-09 23:27:19,2.2130000000000223,87.24124526977539,12.19127324706316,970.78,0.4825
61.0,-120.5,2026-10-09 23:27:19,3.646000000000015,85.0912452697754,10.967273247063162,983.44,0.41575
61.0,-120.0,2026-10-09 23:27:19,3.340000000000032,97.2162452697754,10.571273247063159,985.85,0.225125
61.0,-119.5,2026-10-09 23:27:19,3.265000000000043,98.7162452697754,11.16527324706316,986.42,0.38525
61.0,-119.0,2026-10-09 23:27:19,3.5960000000000036,96.0912452697754,11.29127324706316,988.14,0.850625
61.0,-118.5,2026-10-09 23:27:19,4.027000000000044,89.4662452697754,11.14727324706316,984.72,1.619375
61.0,-118.0,2026-10-09 23:27:19,5.118000000000052,84.6662452697754,17.591273247063164,993.75,3.868125
61.0,-117.5,2026-10-09 23:27:19,5.0470000000000255,80.6412452697754,19.427273247063162,990.3,6.4430000000000005
61.0,-117.0,2026-10-09 23:27:19,5.611000000000047,77.1412452697754,11.16527324706316,1000.42,8.190125
61.0,-116.5,2026-10-09 23:27:19,5.800000000000011,74.36624526977539,22.46927324706316,1002.03,6.6185
61.0,-116.0,2026-10-09 23:27:19,5.76400000000001,76.1412452697754,28.33727324706316,1002.33,2.08475
61.0,-115.5,2026-10-09 23:27:19,5.281000000000006,73.16624526977539,27.113273247063162,1001.88,0.20975
61.0,-115.0,2026-10-09 23:27:19,4.696000000000026,75.3412452697754,25.47527324706316,1001.82,0.049625
61.0,-114.5,2026-10-09 23:27:19,3.9740000000000464,79.2912452697754,22.39727324706316,1001.77,0.007625
61.0,-114.0,2026-10-09 23:27:19,3.3730000000000473,78.2162452697754,18.473273247063158,1001.66,0.01525
61.0,-113.5,2026-10-09 23:27:19,4.210000000000036,64.79124526977539,9.41927324706316,1000.99,0.0
61.0,-113.0,2026-10-09 23:27:19,4.241000000000042,66.79124526977539,9.13127324706316,1000.42,0.0
61.0,-112.5,2026-10-09 23:27:19,4.746000000000038,61.94124526977539,11.54327324706316,1000.32,0.0
61.0,-112.0,2026-10-09 23:27:19,4.303000000000054,66.91624526977539,15.629273247063159,996.77,0.0
61.0,-111.5,2026-10-09 23:27:19,3.2700000000000387,63.916245269775395,16.87127324706316,986.61,0.0
61.0,-111.0,2026-10-09 23:27:19,2.312000000000012,70.3912452697754,14.477273247063161,983.27,0.0
61.0,-110.5,2026-10-09 23:27:19,2.018000000000029,71.9412452697754,19.57127324706316,979.27,0.0
61.0,-110.0,2026-10-09 23:27:19,2.302000000000021,67.74124526977539,15.791273247063161,978.57,0.0
61.0,-109.5,2026-10-09 23:27:19,1.4740000000000464,69.8162452697754,12.89327324706316,970.0,0.001875
61.0,-109.0,2026-10-09 23:27:19,1.0610000000000355,72.5662452697754,12.42527324706316,967.49,0.019125
61.0,-108.5,2026-10-09 23:27:19,0.6360000000000241,74.8912452697754,16.835273247063164,963.89,0.032375
61.0,-108.0,2026-10-09 23:27:19,0.5450000000000159,74.6912452697754,15.989273247063162,965.24,0.049625
61.0,-107.5,2026-10-09 23:27:19,0.44700000000000273,78.86624526977539,13.90127324706316,966.82,0.07062500000000001
61.0,-107.0,2026-10-09 23:27:19,0.5780000000000314,78.1412452697754,13.97327324706316,965.24,0.063
61.0,-106.5,2026-10-09 23:27:19,0.7400000000000091,79.1662452697754,13.505273247063162,967.55,0.013375
61.0,-106.0,2026-10-09 23:27:19,1.3110000000000355,79.4162452697754,12.58727324706316,967.6,0.00575
61.0,-105.5,2026-10-09 23:27:19,1.7070000000000505,78.0662452697754,11.65127324706316,971.75,0.003875
61.0,-105.0,2026-10-09 23:27:19,2.202000000000055,79.1912452697754,14.279273247063161,973.85,0.017125
61.0,-104.5,2026-10-09 23:27:19,3.2000000000000455,74.74124526977539,12.875273247063161,975.86,0.007625
61.0,-104.0,2026-10-09 23:27:19,3.205000000000041,77.5412452697754,12.407273247063161,974.5,0.007625
61.0,-103.5,2026-10-09 23:27:19,3.566000000000031,76.8162452697754,10.769273247063161,973.58,0.02475
61.0,-103.0,2026-10-09 23:27:19,3.215000000000032,76.79124526977539,10.10327324706316,969.57,0.04
61.0,-102.5,2026-10-09 23:27:19,3.244000000000028,83.2162452697754,10.877273247063162,973.13,0.465375
61.0,-102.0,2026-10-09 23:27:19,3.0720000000000027,73.2662452697754,9.923273247063161,973.07,0.80875
61.0,-101.5,2026-10-09 23:27:19,2.8600000000000136,77.29460468292237,12.572908852636814,981.61,0.494
61.0,-101.0,2026-10-09 23:27:19,1.254000000000019,95.71960468292237,9.908908852636815,976.72,1.737625
61.0,-100.5,2026-10-09 23:27:19,1.6410000000000196,89.64460468292236,10.952908852636815,978.25,0.18125
61.0,-100.0,2026-10-09 23:27:19,1.830000000000041,88.91960468292237,12.572908852636814,978.14,0.204125
61.0,-99.5,2026-10-09 23:27:19,1.3150000000000546,89.39460468292236,11.924908852636815,983.64,0.537875
61.0,-99.0,2026-10-09 23:27:19,0.8800000000000523,89.29460468292237,10.916908852636814,979.72,0.656125
61.0,-98.5,2026-10-09 23:27:19,1.6020000000000323,82.91960468292237,8.000908852636814,987.7,0.083875
61.0,-98.0,2026-10-09 23:27:19,1.7450000000000045,80.99460468292237,6.344908852636814,994.45,0.137375
61.0,-97.5,2026-10-09 23:27:19,1.0200000000000387,80.36960468292237,5.246908852636814,994.88,1.091
61.0,-97.0,2026-10-09 23:27:19,1.0100000000000477,81.04460468292237,6.110908852636815,999.85,0.738125
61.0,-96.5,2026-10-09 23:27:19,0.8290000000000077,80.29460468292237,9.188908852636814,1000.19,0.003875
61.0,-96.0,2026-10-09 23:27:19,0.13500000000004775,87.16960468292237,9.710908852636814,1001.31,0.053375
61.0,-95.5,2026-10-09 23:27:19,0.5460000000000491,83.36960468292237,10.862908852636814,1005.0,0.30325
61.0,-95.0,2026-10-09 23:27:19,1.44500000000005,74.91960468292237,11.474908852636815,1014.72,0.5760000000000001
61.0,-94.5,2026-10-09 23:27:19,1.13900000000001,76.54460468292237,14.066908852636814,1017.97,0.074375
61.0,-94.0,2026-10-09 23:27:19,1.8310000000000173,82.74460468292237,21.122908852636815,1020.67,0.135375
61.0,-78.0,2026-10-09 23:27:19,2.9400000000000546,75.76960468292236,12.212908852636813,1013.02,0.0115
61.0,-77.5,2026-10-09 23:27:19,-0.027999999999963165,82.26960468292236,9.260908852636815,981.75,0.06675
61.0,-77.0,2026-10-09 23:27:19,0.3300000000000409,82.16960468292237,9.008908852636814,995.88,0.00575
61.0,-76.5,2026-10-09 23:27:19,1.18100000000004,78.66960468292237,12.590908852636815,986.5,0.034375
61.0,-76.0,2026-10-09 23:27:19,0.8410000000000082,77.44460468292237,14.012908852636816,981.95,0.135375
61.0,-75.5,2026-10-09 23:27:19,1.2720000000000482,72.51960468292236,14.624908852636814,976.6,0.07825
61.0,-75.0,2026-10-09 23:27:19,0.23900000000003274,72.39460468292236,14.012908852636816,970.58,0.192625
61.0,-74.5,2026-10-09 23:27:19,-0.4959999999999809,75.89460468292236,17.918908852636815,963.5,0.371875
61.0,-74.0,2026-10-09 23:27:19,-0.49699999999995725,84.94460468292237,20.978908852636817,964.06,0.38525
61.0,-73.5,2026-10-09 23:27:19,-1.4189999999999827,88.94460468292237,15.380908852636814,959.13,0.7801250000000001
61.0,-73.0,2026-10-09 23:27:19,-1.5189999999999486,85.14460468292236,14.354908852636814,952.02,1.501125
61.0,-72.5,2026-10-09 23:27:19,1.0760000000000218,77.76960468292236,16.010908852636817,964.02,1.279875
61.0,-72.0,2026-10-09 23:27:19,-1.2649999999999864,90.51960468292236,17.774908852636813,952.08,1.665125
61.0,-71.5,2026-10-09 23:27:19,-0.7349999999999568,85.84460468292237,16.496908852636814,962.13,2.8705000000000003
61.0,-71.0,2026-10-09 23:27:19,-0.2689999999999486,90.86960468292237,15.866908852636817,972.55,1.3085
61.0,-70.5,2026-10-09 23:27:19,0.4350000000000023,89.39460468292236,16.712908852636815,983.11,1.007125
61.0,-70.0,2026-10-09 23:27:19,2.404000000000053,81.64460468292236,25.118908852636814,1004.78,0.60275
61.0,-69.5,2026-10-09 23:27:19,2.494000000000028,82.91960468292237,24.956908852636815,1004.85,0.45587500000000003
61.5,-141.0,2026-10-09 23:27:19,-9.908999999999992,8.694795227050781,2.973570357888937,740.03,0.00575
61.5,-140.5,2026-10-09 23:27:19,-3.005999999999972,27.644795227050782,0.939570357888937,845.92,0.001875
61.5,-140.0,2026-10-09 23:27:19,-3.8139999999999645,35.56979522705078,8.823570357888936,843.6,0.03625
61.5,-139.5,2026-10-09 23:27:19,-3.0389999999999873,61.69479522705078,6.843570357888937,872.27,0.3605
61.5,-139.0,2026-10-09 23:27:19,-1.3999999999999773,51.919795227050784,4.575570357888937,909.05,0.021
61.5,-138.5,2026-10-09 23:27:19,-1.8099999999999454,41.294795227050784,2.325570357888937,878.21,0.049625
61.5,-138.0,2026-10-09 23:27:19,-3.2029999999999745,47.19479522705078,7.545570357888937,833.92,0.15637500000000001
61.5,-137.5,2026-10-09 23:27:19,-3.1759999999999877,56.894795227050786,3.9275703578889374,871.95,0.202125
61.5,-137.0,2026-10-09 23:27:19,-3.856999999999971,61.46979522705078,5.205570357888938,877.08,0.259375
61.5,-136.5,2026-10-09 23:27:19,-2.658999999999992,58.74479522705079,4.593570357888937,898.74,0.055375
61.5,-136.0,2026-10-09 23:27:19,-1.9429999999999836,64.96979522705078,1.749570357888937,917.09,0.28800000000000003
61.5,-135.5,2026-10-09 23:27:19,-1.2819999999999823,62.21979522705078,0.651570357888937,928.31,0.49212500000000003
61.5,-135.0,2026-10-09 23:27:19,-2.394999999999982,69.94479522705079,1.533570357888937,916.13,1.21875
61.5,-134.5,2026-10-09 23:27:19,-1.7239999999999895,63.19479522705078,2.8475703578889373,917.38,0.9765
61.5,-134.0,2026-10-09 23:27:19,-2.9039999999999964,67.74479522705079,3.8195703578889373,878.76,0.371875
61.5,-133.5,2026-10-09 23:27:19,-0.5429999999999495,61.019795227050786,3.1895703578889374,902.31,0.064875
61.5,-133.0,2026-10-09 23:27:19,-2.394999999999982,79.46979522705078,4.3055703578889375,863.99,0.10675
61.5,-132.5,2026-10-09 23:27:19,-2.009999999999991,80.11979522705079,5.295570357888937,868.22,0.459625
61.5,-132.0,2026-10-09 23:27:19,-3.7469999999999573,88.94479522705079,7.239570357888938,855.85,4.056875
61.5,-131.5,2026-10-09 23:27:19,-0.9969999999999573,74.06979522705079,5.097570357888937,895.87,5.926125
61.5,-131.0,2026-10-09 23:27:19,-3.391999999999996,90.21979522705078,6.2495703578889374,859.13,0.75725
61.5,-130.5,2026-10-09 23:27:19,-3.203999999999951,91.29479522705078,7.635570357888937,861.18,0.41200000000000003
61.5,-130.0,2026-10-09 23:27:19,-1.6409999999999627,84.39479522705079,6.303570357888937,875.77,0.01525
61.5,-129.5,2026-10-09 23:27:19,1.3670000000000186,76.79479522705078,8.301570357888938,915.28,0.0
61.5,-129.0,2026-10-09 23:27:19,-3.6149999999999523,82.14479522705079,2.685570357888937,842.26,0.0
61.5,-128.5,2026-10-09 23:27:19,-4.852999999999952,83.26979522705079,4.431570357888937,829.96,0.022875
61.5,-128.0,2026-10-09 23:27:19,0.452000000000055,59.419795227050784,1.011570357888937,883.21,0.0
61.5,-127.5,2026-10-09 23:27:19,-5.690999999999974,84.56979522705079,4.449570357888938,818.44,0.034375
61.5,-127.0,2026-10-09 23:27:19,-0.8249999999999886,79.34479522705078,5.655570357888937,895.19,0.00575
61.5,-126.5,2026-10-09 23:27:19,-1.6339999999999577,72.81979522705079,5.907570357888937,886.63,0.0095
61.5,-126.0,2026-10-09 23:27:19,2.869000000000028,48.56979522705078,3.063570357888937,942.17,0.0
61.5,-125.5,2026-10-09 23:27:19,2.261000000000024,60.84479522705078,5.745570357888937,943.56,0.001875
61.5,-125.0,2026-10-09 23:27:19,-1.0079999999999814,66.56979522705079,6.411570357888937,895.09,0.013375
61.5,-124.5,2026-10-09 23:27:19,-6.057999999999993,90.74479522705079,10.875570357888938,861.74,0.9842500000000001
61.5,-124.0,2026-10-09 23:27:19,-1.3289999999999509,73.31979522705079,12.315570357888937,926.56,1.138625
61.5,-123.5,2026-10-09 23:27:19,-1.6399999999999864,84.1662452697754,10.69727324706316,951.22,3.33975
61.5,-123.0,2026-10-09 23:27:19,1.0620000000000118,76.6912452697754,16.439273247063163,979.8,3.713625
61.5,-122.5,2026-10-09 23:27:19,2.1270000000000095,75.5912452697754,15.377273247063162,986.71,1.522125
61.5,-122.0,2026-10-09 23:27:19,3.993000000000052,74.79124526977539,11.255273247063162,995.21,0.679
61.5,-121.5,2026-10-09 23:27:19,3.51400000000001,81.7912452697754,13.82927324706316,1000.11,0.42912500000000003
61.5,-121.0,2026-10-09 23:27:19,3.7210000000000036,83.3162452697754,11.68727324706316,999.74,0.383375
61.5,-120.5,2026-10-09 23:27:19,5.696000000000026,75.24124526977539,6.68327324706316,1003.03,0.173625
61.5,-120.0,2026-10-09 23:27:19,5.19500000000005,80.8412452697754,7.99727324706316,996.33,0.761
61.5,-119.5,2026-10-09 23:27:19,3.8880000000000337,88.7912452697754,9.59927324706316,995.58,3.2635
61.5,-119.0,2026-10-09 23:27:19,3.5340000000000487,91.5162452697754,10.157273247063161,996.72,0.7000000000000001
61.5,-118.5,2026-10-09 23:27:19,3.5430000000000064,91.9662452697754,9.18527324706316,999.74,0.722875
61.5,-118.0,2026-10-09 23:27:19,3.40300000000002,92.9162452697754,8.82527324706316,1005.0,1.432375
61.5,-117.5,2026-10-09 23:27:19,3.6270000000000095,89.11624526977539,7.583273247063161,1003.35,2.6626250000000002
61.5,-117.0,2026-10-09 23:27:19,3.525000000000034,84.3162452697754,9.63527324706316,998.67,1.51825
61.5,-116.5,2026-10-09 23:27:19,3.400000000000034,81.0912452697754,11.43527324706316,995.86,1.0718750000000001
61.5,-116.0,2026-10-09 23:27:19,3.3170000000000073,80.7662452697754,16.78127324706316,997.57,1.207375
61.5,-115.5,2026-10-09 23:27:19,5.246000000000038,72.91624526977539,25.76327324706316,1002.82,0.07625
61.5,-115.0,2026-10-09 23:27:19,4.761000000000024,73.6912452697754,25.223273247063158,1002.74,0.021
61.5,-114.5,2026-10-09 23:27:19,4.434000000000026,74.0912452697754,24.467273247063158,1002.63,0.034375
61.5,-114.0,2026-10-09 23:27:19,4.0680000000000405,76.1912452697754,23.477273247063163,1002.1,0.032375
61.5,-113.5,2026-10-09 23:27:19,3.7490000000000236,79.1912452697754,22.433273247063163,1002.02,0.0
61.5,-113.0,2026-10-09 23:27:19,3.3220000000000027,78.6412452697754,20.25527324706316,1002.21,0.0
61.5,-112.5,2026-10-09 23:27:19,4.250000000000057,67.74124526977539,10.679273247063161,999.58,0.0
61.5,-112.0,2026-10-09 23:27:19,3.8080000000000496,71.0912452697754,13.127273247063162,995.86,0.0
61.5,-111.5,2026-10-09 23:27:19,2.7600000000000477,69.4412452697754,13.073273247063161,989.24,0.0
61.5,-111.0,2026-10-09 23:27:19,1.8260000000000218,72.0912452697754,13.505273247063162,980.41,0.001875
61.5,-110.5,2026-10-09 23:27:19,1.455000000000041,73.36624526977539,13.25327324706316,977.03,0.003875
61.5,-110.0,2026-10-09 23:27:19,1.7590000000000146,72.5162452697754,16.58327324706316,977.33,0.003875
61.5,-109.5,2026-10-09 23:27:19,2.1830000000000496,75.49124526977539,21.11927324706316,980.42,0.001875
61.5,-109.0,2026-10-09 23:27:19,1.0830000000000268,74.5162452697754,17.825273247063162,973.08,0.003875
61.5,-108.5,2026-10-09 23:27:19,0.7410000000000423,74.6912452697754,17.177273247063162,970.13,0.0115
61.5,-108.0,2026-10-09 23:27:19,0.7460000000000377,73.3912452697754,15.71927324706316,972.8,0.068625
61.5,-107.5,2026-10-09 23:27:19,0.05800000000004957,76.86624526977539,15.809273247063162,967.5,0.234625
61.5,-107.0,2026-10-09 23:27:19,0.5400000000000205,78.3412452697754,14.189273247063161,970.42,0.0095
61.5,-106.5,2026-10-09 23:27:19,0.8330000000000268,79.5162452697754,13.90127324706316,967.74,0.04
61.5,-106.0,2026-10-09 23:27:19,1.2830000000000155,78.9162452697754,15.59327324706316,967.75,0.003875
61.5,-105.5,2026-10-09 23:27:19,1.5750000000000455,85.0912452697754,19.30127324706316,974.28,0.013375
61.5,-105.0,2026-10-09 23:27:19,1.3560000000000514,81.86624526977539,14.35127324706316,972.57,0.00575
61.5,-104.5,2026-10-09 23:27:19,1.8920000000000528,83.6912452697754,15.809273247063162,975.58,0.02675
61.5,-104.0,2026-10-09 23:27:19,1.6210000000000377,87.8162452697754,14.36927324706316,974.77,0.038125
61.5,-103.5,2026-10-09 23:27:19,2.701000000000022,89.11624526977539,13.163273247063161,979.75,0.049625
61.5,-103.0,2026-10-09 23:27:19,3.750000000000057,77.74124526977539,12.65927324706316,978.64,0.101125
61.5,-102.5,2026-10-09 23:27:19,3.0200000000000387,81.3912452697754,13.23527324706316,977.96,0.055375
61.5,-102.0,2026-10-09 23:27:19,3.18100000000004,78.7662452697754,10.33727324706316,976.64,0.650375
61.5,-101.5,2026-10-09 23:27:19,1.6620000000000346,95.69460468292237,7.334908852636814,983.66,0.75525
61.5,-101.0,2026-10-09 23:27:19,2.4990000000000236,87.86960468292237,10.286908852636815,978.94,1.14825
61.5,-100.5,2026-10-09 23:27:19,2.1100000000000136,89.11960468292237,11.762908852636814,986.0,0.10875
61.5,-100.0,2026-10-09 23:27:19,2.251000000000033,88.64460468292236,13.310908852636814,984.05,0.495875
61.5,-99.5,2026-10-09 23:27:19,1.577000000000055,87.54460468292237,10.682908852636814,979.55,0.6065
61.5,-99.0,2026-10-09 23:27:19,0.5860000000000127,91.41960468292237,8.918908852636815,983.67,0.425375
61.5,-98.5,2026-10-09 23:27:19,0.8140000000000214,90.56960468292237,4.436908852636814,983.8,0.20025
61.5,-98.0,2026-10-09 23:27:19,1.3970000000000482,88.39460468292236,2.3489088526368143,986.8,0.444375
61.5,-97.5,2026-10-09 23:27:19,1.0480000000000018,78.84460468292237,5.8229088526368145,998.63,0.49975
61.5,-97.0,2026-10-09 23:27:19,0.49600000000003774,85.21960468292237,4.5809088526368145,998.92,0.013375
61.5,-96.5,2026-10-09 23:27:19,-0.3299999999999841,90.76960468292236,3.914908852636814,1000.53,0.02475
61.5,-96.0,2026-10-09 23:27:19,0.47100000000000364,85.94460468292237,6.092908852636815,1005.64,0.022875
61.5,-95.5,2026-10-09 23:27:19,0.9680000000000177,84.71960468292237,7.388908852636814,1008.99,0.1125
61.5,-95.0,2026-10-09 23:27:19,0.5780000000000314,85.34460468292237,9.818908852636815,1015.58,0.089625
61.5,-94.5,2026-10-09 23:27:19,0.785000000000025,81.06960468292237,9.584908852636813,1016.05,0.03625
61.5,-94.0,2026-10-09 23:27:19,0.9500000000000455,81.91960468292237,10.970908852636814,1019.97,0.003875
61.5,-77.5,2026-10-09 23:27:19,2.177000000000021,77.99460468292237,8.666908852636814,1011.39,0.051500000000000004
61.5,-77.0,2026-10-09 23:27:19,1.0480000000000018,80.24460468292237,7.928908852636814,998.81,0.021
61.5,-76.5,2026-10-09 23:27:19,0.4340000000000259,82.64460468292236,5.804908852636815,986.27,0.017125
61.5,-76.0,2026-10-09 23:27:19,1.219000000000051,70.31960468292236,9.638908852636815,970.03,0.02675
61.5,-75.5,2026-10-09 23:27:19,0.2610000000000241,72.61960468292237,11.294908852636814,961.77,0.053375
61.5,-75.0,2026-10-09 23:27:19,-0.297999999999945,71.04460468292237,14.012908852636816,953.81,0.0305
61.5,-74.5,2026-10-09 23:27:19,-0.4199999999999591,72.89460468292236,13.778908852636814,957.38,0.12587500000000001
61.5,-74.0,2026-10-09 23:27:19,-1.3279999999999745,79.19460468292237,13.058908852636815,955.14,0.413875
61.5,-73.5,2026-10-09 23:27:19,-1.92999999999995,83.56960468292237,15.974908852636814,950.0,1.04525
61.5,-73.0,2026-10-09 23:27:19,-2.241999999999962,90.36960468292237,14.858908852636816,945.17,1.74525
61.5,-72.5,2026-10-09 23:27:19,-2.4289999999999736,98.46960468292237,14.012908852636816,949.05,2.523375
61.5,-72.0,2026-10-09 23:27:19,-0.3919999999999959,98.99460468292237,13.544908852636814,987.41,1.1825
61.5,-71.5,2026-10-09 23:27:19,2.2480000000000473,82.84460468292237,21.284908852636814,1012.39,1.022375
61.5,-65.5,2026-10-09 23:27:19,1.5880000000000223,82.86960468292237,26.216908852636816,1010.45,0.047625
61.5,-65.0,2026-10-09 23:27:19,1.3460000000000036,82.31960468292237,25.586908852636814,991.2,0.471125
61.5,-64.5,2026-10-09 23:27:19,2.3600000000000136,79.79460468292237,31.148908852636815,1009.99,0.07062500000000001
62.0,-141.0,2026-10-09 23:27:19,-7.197999999999979,81.51979522705079,7.401570357888937,869.74,0.227
62.0,-140.5,2026-10-09 23:27:19,-0.8129999999999882,62.71979522705078,10.803570357888939,946.68,0.431
62.0,-140.0,2026-10-09 23:27:19,-3.335999999999956,70.44479522705079,3.747570357888937,916.34,0.423375
62.0,-139.5,2026-10-09 23:27:19,-3.770999999999958,44.394795227050786,14.511570357888939,876.33,0.631375
62.0,-139.0,2026-10-09 23:27:19,-1.5739999999999554,54.19479522705078,4.053570357888937,919.7,0.67325
62.0,-138.5,2026-10-09 23:27:19,-2.498999999999967,53.69479522705078,11.973570357888937,899.67,0.322375
62.0,-138.0,2026-10-09 23:27:19,-3.484999999999957,65.01979522705078,12.135570357888938,891.74,1.049
62.0,-137.5,2026-10-09 23:27:19,-5.6299999999999955,78.34479522705078,8.283570357888937,885.24,0.4215
62.0,-137.0,2026-10-09 23:27:19,-4.537999999999954,73.31979522705079,2.019570357888937,904.88,0.34900000000000003
62.0,-136.5,2026-10-09 23:27:19,-2.2229999999999563,66.56979522705079,3.9275703578889374,917.85,0.28425
62.0,-136.0,2026-10-09 23:27:19,-1.842999999999961,73.79479522705078,3.243570357888937,927.09,0.30325
62.0,-135.5,2026-10-09 23:27:19,-1.530999999999949,67.54479522705078,0.5795703578889371,943.29,5.714375
62.0,-135.0,2026-10-09 23:27:19,-1.0879999999999654,63.794795227050784,2.8115703578889373,929.03,0.759125
62.0,-134.5,2026-10-09 23:27:19,-2.273999999999944,71.39479522705078,4.755570357888938,899.56,0.11825000000000001
62.0,-134.0,2026-10-09 23:27:19,-2.4829999999999472,70.71979522705078,1.731570357888937,871.64,0.173625
62.0,-133.5,2026-10-09 23:27:19,-5.185999999999979,90.04479522705078,3.909570357888937,830.31,1.9245
62.0,-133.0,2026-10-09 23:27:19,-3.821999999999946,83.86979522705079,1.479570357888937,869.11,0.21937500000000001
62.0,-132.5,2026-10-09 23:27:19,-0.6509999999999536,73.84479522705078,3.639570357888937,923.03,0.682875
62.0,-132.0,2026-10-09 23:27:19,0.4700000000000273,66.86979522705079,2.919570357888937,929.71,1.379
62.0,-131.5,2026-10-09 23:27:19,-1.5039999999999623,87.59479522705078,4.827570357888938,893.03,11.17325
62.0,-131.0,2026-10-09 23:27:19,0.7740000000000009,67.39479522705078,4.161570357888937,913.78,0.62175
62.0,-130.5,2026-10-09 23:27:19,0.54200000000003,73.96979522705078,3.639570357888937,909.96,0.05725
62.0,-130.0,2026-10-09 23:27:19,-0.7109999999999559,77.59479522705078,5.9435703578889365,895.67,0.01525
62.0,-129.5,2026-10-09 23:27:19,-1.9559999999999604,81.74479522705079,3.675570357888937,876.0,0.003875
62.0,-129.0,2026-10-09 23:27:19,-6.511999999999944,88.64479522705079,4.8455703578889375,811.92,0.120125
62.0,-128.5,2026-10-09 23:27:19,-2.343999999999994,81.86979522705079,2.631570357888937,869.06,0.080125
62.0,-128.0,2026-10-09 23:27:19,-6.051999999999964,87.04479522705078,1.641570357888937,821.49,0.028625
62.0,-127.5,2026-10-09 23:27:19,-6.75,91.74479522705079,2.397570357888937,811.23,0.25175000000000003
62.0,-127.0,2026-10-09 23:27:19,-3.5299999999999727,75.74479522705079,2.685570357888937,847.55,0.07062500000000001
62.0,-126.5,2026-10-09 23:27:19,-0.9429999999999836,63.49479522705079,1.515570357888937,888.39,0.032375
62.0,-126.0,2026-10-09 23:27:19,-0.5869999999999891,64.01979522705078,0.9215703578889372,899.1,0.063
62.0,-125.5,2026-10-09 23:27:19,-3.576999999999998,67.89479522705078,4.593570357888937,863.87,0.4635
62.0,-125.0,2026-10-09 23:27:19,-3.5009999999999764,71.16979522705078,7.275570357888936,876.33,0.75725
62.0,-124.5,2026-10-09 23:27:19,-2.6469999999999914,73.94479522705079,7.779570357888937,904.71,2.58825
62.0,-124.0,2026-10-09 23:27:19,-2.937999999999988,81.56979522705079,10.731570357888938,917.26,1.277875
62.0,-123.5,2026-10-09 23:27:19,0.08400000000000318,77.3912452697754,7.99727324706316,980.71,2.285
62.0,-123.0,2026-10-09 23:27:19,0.2550000000000523,83.3412452697754,11.27327324706316,990.35,4.695875
62.0,-122.5,2026-10-09 23:27:19,0.1360000000000241,86.6662452697754,11.59727324706316,979.91,2.6245
62.0,-122.0,2026-10-09 23:27:19,1.9160000000000537,86.11624526977539,9.86927324706316,1003.49,1.0185
62.0,-121.5,2026-10-09 23:27:19,3.146000000000015,84.8162452697754,11.59727324706316,1004.44,0.33375
62.0,-121.0,2026-10-09 23:27:19,3.987000000000023,81.36624526977539,12.551273247063161,991.24,0.049625
62.0,-120.5,2026-10-09 23:27:19,5.243000000000052,64.86624526977539,8.141273247063161,972.02,0.26125
62.0,-120.0,2026-10-09 23:27:19,2.046000000000049,74.54124526977539,20.20127324706316,933.5,0.33
62.0,-119.5,2026-10-09 23:27:19,2.0510000000000446,74.0912452697754,20.003273247063163,932.91,0.177375
62.0,-119.0,2026-10-09 23:27:19,1.7700000000000387,77.6412452697754,17.80727324706316,942.03,0.21937500000000001
62.0,-118.5,2026-10-09 23:27:19,4.287000000000035,79.6912452697754,9.07727324706316,987.94,0.305125
62.0,-118.0,2026-10-09 23:27:19,3.761000000000024,85.8912452697754,8.50127324706316,998.24,0.86975
62.0,-117.5,2026-10-09 23:27:19,3.6100000000000136,84.9162452697754,6.88127324706316,1000.11,0.9842500000000001
62.0,-117.0,2026-10-09 23:27:19,4.006000000000029,81.4662452697754,7.169273247063161,999.41,0.38725
62.0,-116.5,2026-10-09 23:27:19,3.663000000000011,77.5412452697754,8.64527324706316,997.63,0.5836250000000001
62.0,-116.0,2026-10-09 23:27:19,3.1270000000000095,77.8412452697754,8.77127324706316,996.83,0.465375
62.0,-115.5,2026-10-09 23:27:19,3.0610000000000355,76.86624526977539,8.62727324706316,996.77,0.4215
62.0,-115.0,2026-10-09 23:27:19,3.8800000000000523,72.0662452697754,11.705273247063161,1000.74,1.104375
62.0,-114.5,2026-10-09 23:27:19,3.3280000000000314,76.1412452697754,22.50527324706316,1003.63,0.02675
62.0,-114.0,2026-10-09 23:27:19,3.41700000000003,76.3912452697754,22.613273247063162,1003.38,0.12587500000000001
62.0,-113.5,2026-10-09 23:27:19,3.6890000000000214,70.2162452697754,20.41727324706316,1002.71,0.0
62.0,-113.0,2026-10-09 23:27:19,3.393000000000029,72.36624526977539,23.99927324706316,1002.61,0.0
62.0,-112.5,2026-10-09 23:27:19,2.3670000000000186,74.8912452697754,21.01127324706316,991.85,0.003875
62.0,-112.0,2026-10-09 23:27:19,2.906000000000006,73.6912452697754,21.82127324706316,1001.47,0.0
62.0,-111.5,2026-10-09 23:27:19,2.788000000000011,66.41624526977539,11.16527324706316,992.61,0.0
62.0,-111.0,2026-10-09 23:27:19,1.702000000000055,74.8912452697754,14.22527324706316,982.86,0.0
62.0,-110.5,2026-10-09 23:27:19,1.226000000000056,79.5412452697754,16.78127324706316,981.6,0.0
62.0,-110.0,2026-10-09 23:27:19,0.8830000000000382,78.7162452697754,14.945273247063161,975.28,0.0
62.0,-109.5,2026-10-09 23:27:19,1.636000000000024,80.6912452697754,20.939273247063163,982.22,0.003875
62.0,-109.0,2026-10-09 23:27:19,0.4560000000000173,78.1662452697754,17.37527324706316,971.61,0.00575
62.0,-108.5,2026-10-09 23:27:19,0.12800000000004275,77.5662452697754,17.77127324706316,969.99,0.00575
62.0,-108.0,2026-10-09 23:27:19,0.1570000000000391,75.29124526977539,15.791273247063161,970.05,0.33
62.0,-107.5,2026-10-09 23:27:19,0.10500000000001819,75.49124526977539,15.359273247063161,971.25,0.31475000000000003
62.0,-107.0,2026-10-09 23:27:19,-0.28899999999998727,79.86624526977539,14.56727324706316,971.83,0.07062500000000001
62.0,-106.5,2026-10-09 23:27:19,0.549000000000035,77.1662452697754,14.585273247063158,975.36,0.07062500000000001
62.0,-106.0,2026-10-09 23:27:19,0.6440000000000055,78.5912452697754,15.73727324706316,975.86,0.003875
62.0,-105.5,2026-10-09 23:27:19,0.5670000000000073,78.4162452697754,16.11527324706316,974.71,0.0
62.0,-105.0,2026-10-09 23:27:19,0.4040000000000532,80.0912452697754,16.547273247063163,974.33,0.00575
62.0,-104.5,2026-10-09 23:27:19,0.41900000000003956,84.6662452697754,18.383273247063162,974.78,0.042
62.0,-104.0,2026-10-09 23:27:19,0.36800000000005184,86.9412452697754,18.81527324706316,975.53,0.099125
62.0,-103.5,2026-10-09 23:27:19,1.045000000000016,91.3412452697754,17.96927324706316,977.86,0.419625
62.0,-103.0,2026-10-09 23:27:19,2.7210000000000036,91.3412452697754,21.497273247063163,985.67,0.27275
62.0,-102.5,2026-10-09 23:27:19,3.147000000000048,88.2662452697754,19.319273247063162,986.35,0.2155
62.0,-102.0,2026-10-09 23:27:19,2.9460000000000264,82.1412452697754,11.54327324706316,983.96,2.35175
62.0,-101.5,2026-10-09 23:27:19,1.1790000000000305,96.46960468292237,6.686908852636814,982.19,2.880125
62.0,-101.0,2026-10-09 23:27:19,2.26400000000001,89.21960468292237,5.3549088526368145,983.56,1.4095
62.0,-100.5,2026-10-09 23:27:19,2.5260000000000105,88.16960468292237,5.624908852636814,983.97,0.20025
62.0,-100.0,2026-10-09 23:27:19,1.823000000000036,90.29460468292237,6.344908852636814,984.53,0.389125
62.0,-99.5,2026-10-09 23:27:19,1.7900000000000205,88.71960468292237,6.974908852636815,985.41,0.047625
62.0,-99.0,2026-10-09 23:27:19,0.8940000000000055,92.74460468292237,3.7709088526368144,987.86,0.244125
62.0,-98.5,2026-10-09 23:27:19,1.4870000000000232,90.09460468292237,3.338908852636814,990.11,1.15775
62.0,-98.0,2026-10-09 23:27:19,1.407000000000039,87.01960468292236,2.402908852636814,994.44,1.131
62.0,-97.5,2026-10-09 23:27:19,1.160000000000025,89.24460468292237,2.294908852636814,1000.49,0.116375
62.0,-97.0,2026-10-09 23:27:19,-0.5679999999999836,95.94460468292237,0.9989088526368143,1003.25,0.244125
62.0,-96.5,2026-10-09 23:27:19,-0.5809999999999604,93.66960468292237,4.022908852636814,1006.42,0.104875
62.0,-96.0,2026-10-09 23:27:19,1.7150000000000318,80.09460468292237,4.832908852636814,1012.45,0.095375
62.0,-95.5,2026-10-09 23:27:19,1.3530000000000086,85.06960468292237,5.066908852636814,1009.88,0.08775000000000001
62.0,-95.0,2026-10-09 23:27:19,1.2900000000000205,84.26960468292236,6.722908852636814,1007.83,0.26887500000000003
62.0,-94.5,2026-10-09 23:27:19,0.3210000000000264,84.89460468292236,7.298908852636814,1012.27,0.07062500000000001
62.0,-94.0,2026-10-09 23:27:19,0.26300000000003365,84.81960468292237,7.262908852636814,1014.7,0.00575
62.0,-93.5,2026-10-09 23:27:19,0.8800000000000523,77.96960468292237,9.494908852636815,1017.81,0.01525
62.0,-93.0,2026-10-09 23:27:19,0.7030000000000314,84.76960468292236,15.254908852636817,1020.69,0.007625
62.0,-92.5,2026-10-09 23:27:19,1.6620000000000346,81.49460468292237,18.638908852636813,1020.28,0.0095
62.0,-80.0,2026-10-09 23:27:19,2.1850000000000023,75.69460468292236,4.526908852636814,1008.97,0.238375
62.0,-79.5,2026-10-09 23:27:19,2.421000000000049,71.81960468292236,7.190908852636815,1007.72,2.628375
62.0,-78.0,2026-10-09 23:27:19,1.79200000000003,77.04460468292237,3.4289088526368143,1007.92,0.089625
62.0,-77.5,2026-10-09 23:27:19,2.8040000000000305,67.44460468292236,4.148908852636815,1000.33,0.22312500000000002
62.0,-77.0,2026-10-09 23:27:19,2.1300000000000523,64.71960468292237,4.238908852636814,985.77,0.425375
62.0,-76.5,2026-10-09 23:27:19,1.1170000000000186,62.41960468292237,5.714908852636815,971.42,0.522625
62.0,-76.0,2026-10-09 23:27:19,0.6400000000000432,72.96960468292237,7.856908852636814,969.3,0.27087500000000003
62.0,-75.5,2026-10-09 23:27:19,0.1570000000000391,82.36960468292237,3.1589088526368143,982.47,0.14300000000000002
62.0,-75.0,2026-10-09 23:27:19,-1.231999999999971,84.06960468292237,7.766908852636814,958.41,0.10300000000000001
62.0,-74.5,2026-10-09 23:27:19,0.2340000000000373,76.51960468292236,6.524908852636814,969.55,0.064875
62.0,-74.0,2026-10-09 23:27:19,0.1490000000000009,65.84460468292237,8.162908852636814,961.99,0.131625
62.0,-73.5,2026-10-09 23:27:19,-0.9659999999999513,73.86960468292237,11.618908852636816,952.86,0.774375
62.0,-73.0,2026-10-09 23:27:19,-0.38599999999996726,81.69460468292237,10.070908852636816,969.14,1.556375
62.0,-72.5,2026-10-09 23:27:19,2.430000000000007,73.86960468292237,11.870908852636815,1013.25,0.77825
62.0,-67.0,2026-10-09 23:27:19,1.3420000000000414,75.94460468292236,19.106908852636813,1011.66,0.0
62.0,-66.5,2026-10-09 23:27:19,0.37400000000002365,82.31960468292237,22.454908852636816,995.74,0.0
62.0,-66.0,2026-10-09 23:27:19,0.6260000000000332,82.46960468292237,26.666908852636816,1010.33,0.00575
62.0,-65.0,2026-10-09 23:27:19,1.13900000000001,81.54460468292237,28.160908852636815,1011.17,0.0
62.5,-141.0,2026-10-09 23:27:19,-3.6989999999999554,75.31979522705079,10.623570357888937,944.36,0.21175
62.5,-140.5,2026-10-09 23:27:19,-2.576999999999998,69.89479522705078,11.775570357888938,934.81,0.18887500000000002
62.5,-140.0,2026-10-09 23:27:19,-1.1679999999999495,62.044795227050784,5.817570357888937,949.19,1.17875
62.5,-139.5,2026-10-09 23:27:19,-2.5569999999999595,66.71979522705078,4.215570357888937,956.49,1.207375
62.5,-139.0,2026-10-09 23:27:19,-2.1289999999999623,63.06979522705078,8.895570357888937,932.92,3.0383750000000003
62.5,-138.5,2026-10-09 23:27:19,-4.008999999999958,61.81979522705078,11.163570357888936,867.96,2.981125
62.5,-138.0,2026-10-09 23:27:19,-1.8949999999999818,53.919795227050784,4.881570357888937,869.55,0.7095
62.5,-137.5,2026-10-09 23:27:19,-3.093999999999994,66.94479522705079,6.231570357888937,890.85,1.442
62.5,-137.0,2026-10-09 23:27:19,-0.9949999999999477,71.11979522705079,4.5395703578889375,941.49,1.3198750000000001
62.5,-136.5,2026-10-09 23:27:19,-1.8929999999999723,65.46979522705078,5.403570357888937,917.87,2.491
62.5,-136.0,2026-10-09 23:27:19,-1.1759999999999877,54.919795227050784,1.011570357888937,935.58,0.629375
62.5,-135.5,2026-10-09 23:27:19,-1.648999999999944,68.59479522705078,2.4695703578889368,945.24,0.82775
62.5,-135.0,2026-10-09 23:27:19,-2.1339999999999577,64.61979522705079,1.641570357888937,899.64,3.2138750000000003
62.5,-134.5,2026-10-09 23:27:19,-5.354999999999961,84.31979522705079,3.729570357888937,831.19,3.347375
62.5,-134.0,2026-10-09 23:27:19,-4.312999999999988,87.21979522705078,2.127570357888937,871.9,7.7515
62.5,-133.5,2026-10-09 23:27:19,-4.162999999999954,82.46979522705078,1.1555703578889371,870.53,10.18525
62.5,-133.0,2026-10-09 23:27:19,-5.363999999999976,89.99479522705079,1.515570357888937,846.02,9.637875000000001
62.5,-132.5,2026-10-09 23:27:19,-3.825999999999965,80.71979522705078,2.793570357888937,889.65,5.195625
62.5,-132.0,2026-10-09 23:27:19,-4.595999999999947,90.31979522705079,1.659570357888937,860.54,2.622625
62.5,-131.5,2026-10-09 23:27:19,-2.866999999999962,86.19479522705079,5.637570357888937,879.71,0.5665
62.5,-131.0,2026-10-09 23:27:19,-0.9989999999999668,82.41979522705078,4.143570357888937,910.77,0.059125000000000004
62.5,-130.5,2026-10-09 23:27:19,-2.172999999999945,72.61979522705079,4.503570357888937,887.28,0.185
62.5,-130.0,2026-10-09 23:27:19,-4.708999999999946,86.66979522705078,4.575570357888937,870.39,0.240375
62.5,-129.5,2026-10-09 23:27:19,-4.323999999999955,85.76979522705079,4.359570357888937,861.67,0.022875
62.5,-129.0,2026-10-09 23:27:19,-3.7399999999999523,80.29479522705078,3.171570357888937,871.92,0.080125
62.5,-128.5,2026-10-09 23:27:19,-5.011999999999944,90.59479522705078,2.757570357888937,846.19,2.510125
62.5,-128.0,2026-10-09 23:27:19,-5.08299999999997,86.21979522705078,1.803570357888937,854.4,0.0915
62.5,-127.5,2026-10-09 23:27:19,-3.409999999999968,68.99479522705079,1.587570357888937,870.64,0.001875
62.5,-127.0,2026-10-09 23:27:19,-7.909999999999968,85.84479522705078,3.5495703578889373,795.07,0.6275000000000001
62.5,-126.5,2026-10-09 23:27:19,-6.215999999999951,79.81979522705079,2.577570357888937,834.94,0.4425
62.5,-126.0,2026-10-09 23:27:19,-4.734999999999957,71.74479522705079,2.001570357888937,846.6,1.4228750000000001
62.5,-125.5,2026-10-09 23:27:19,-4.154999999999973,70.79479522705078,4.899570357888938,861.56,1.964625
62.5,-125.0,2026-10-09 23:27:19,-4.587999999999965,77.06979522705079,1.029570357888937,868.72,1.3695
62.5,-124.5,2026-10-09 23:27:19,-0.7129999999999654,70.66979522705078,6.051570357888937,942.31,2.28125
62.5,-124.0,2026-10-09 23:27:19,-2.930999999999983,86.16979522705078,7.203570357888938,931.63,2.86675
62.5,-123.5,2026-10-09 23:27:19,0.3490000000000464,78.8412452697754,8.483273247063162,986.49,8.911125
62.5,-123.0,2026-10-09 23:27:19,0.41600000000005366,84.2662452697754,11.07527324706316,998.92,1.346625
62.5,-122.5,2026-10-09 23:27:19,0.452000000000055,90.9162452697754,12.839273247063161,981.08,1.277875
62.5,-122.0,2026-10-09 23:27:19,2.226000000000056,87.0412452697754,14.29727324706316,996.58,0.310875
62.5,-121.5,2026-10-09 23:27:19,2.4470000000000027,85.86624526977539,16.65527324706316,997.05,0.021
62.5,-121.0,2026-10-09 23:27:19,2.4360000000000355,88.2912452697754,14.22527324706316,991.42,0.063
62.5,-120.5,2026-10-09 23:27:19,1.4790000000000418,96.1662452697754,10.013273247063161,982.89,0.0935
62.5,-120.0,2026-10-09 23:27:19,1.4940000000000282,97.2912452697754,6.5572732470631605,982.94,0.635125
62.5,-119.5,2026-10-09 23:27:19,2.076000000000022,95.11624526977539,5.999273247063161,981.14,1.604125
62.5,-119.0,2026-10-09 23:27:19,3.119000000000028,87.2662452697754,6.16127324706316,990.38,0.39675
62.5,-118.5,2026-10-09 23:27:19,3.6200000000000045,85.3412452697754,4.12727324706316,995.33,0.07062500000000001
62.5,-118.0,2026-10-09 23:27:19,3.57000000000005,80.7662452697754,3.94727324706316,990.82,0.12587500000000001
62.5,-117.5,2026-10-09 23:27:19,2.3880000000000337,81.36624526977539,5.71127324706316,989.77,0.5760000000000001
62.5,-117.0,2026-10-09 23:27:19,2.6030000000000086,73.3412452697754,7.11527324706316,989.74,0.6885
62.5,-116.5,2026-10-09 23:27:19,2.5260000000000105,72.66624526977539,6.88127324706316,991.64,0.553125
62.5,-116.0,2026-10-09 23:27:19,2.573000000000036,75.8162452697754,10.211273247063161,996.53,0.5493750000000001
62.5,-115.5,2026-10-09 23:27:19,0.9410000000000309,83.5912452697754,8.68127324706316,1004.49,0.286125
62.5,-115.0,2026-10-09 23:27:19,3.4680000000000177,70.3162452697754,9.47327324706316,1003.8,0.4825
62.5,-114.5,2026-10-09 23:27:19,2.729000000000042,77.74124526977539,12.839273247063161,998.1,0.307125
62.5,-114.0,2026-10-09 23:27:19,2.9840000000000373,74.7162452697754,12.227273247063161,998.74,0.150625
62.5,-113.5,2026-10-09 23:27:19,2.215000000000032,78.1662452697754,14.85527324706316,994.27,0.28225
62.5,-113.0,2026-10-09 23:27:19,2.312000000000012,78.0662452697754,16.151273247063163,993.27,0.253625
62.5,-112.5,2026-10-09 23:27:19,1.6510000000000105,79.3412452697754,17.37527324706316,987.88,0.021
62.5,-112.0,2026-10-09 23:27:19,0.1710000000000491,83.1662452697754,17.24927324706316,983.63,0.001875
62.5,-111.5,2026-10-09 23:27:19,1.8920000000000528,78.9162452697754,22.36127324706316,1000.86,0.00575
62.5,-111.0,2026-10-09 23:27:19,2.0750000000000455,76.49124526977539,23.08127324706316,1004.16,0.0
62.5,-110.5,2026-10-09 23:27:19,1.3640000000000327,77.3412452697754,22.091273247063164,998.28,0.01525
62.5,-110.0,2026-10-09 23:27:19,1.1330000000000382,75.91624526977539,19.22927324706316,992.89,0.019125
62.5,-109.5,2026-10-09 23:27:19,0.26200000000000045,74.8412452697754,13.63127324706316,982.32,0.1335
62.5,-109.0,2026-10-09 23:27:19,-1.2769999999999868,79.2912452697754,14.69327324706316,971.46,0.013375
62.5,-108.5,2026-10-09 23:27:19,-1.0269999999999868,79.5662452697754,14.909273247063162,979.82,0.013375
62.5,-108.0,2026-10-09 23:27:19,-0.7069999999999936,79.2662452697754,14.909273247063162,974.77,0.013375
62.5,-107.5,2026-10-09 23:27:19,-0.31699999999995043,79.0412452697754,16.67327324706316,975.55,0.23650000000000002
62.5,-107.0,2026-10-09 23:27:19,-0.3089999999999691,77.4162452697754,16.63727324706316,973.61,0.14300000000000002
62.5,-106.5,2026-10-09 23:27:19,0.6440000000000055,67.61624526977539,16.94327324706316,977.97,0.137375
62.5,-106.0,2026-10-09 23:27:19,0.3210000000000264,71.24124526977539,17.32127324706316,977.82,0.019125
62.5,-105.5,2026-10-09 23:27:19,-0.32099999999996953,77.4662452697754,16.835273247063164,978.83,0.021
62.5,-105.0,2026-10-09 23:27:19,0.8020000000000209,71.5662452697754,17.39327324706316,980.88,0.01525
62.5,-104.5,2026-10-09 23:27:19,1.3180000000000405,69.5162452697754,15.665273247063162,985.05,0.017125
62.5,-104.0,2026-10-09 23:27:19,0.65300000000002,74.3412452697754,15.665273247063162,981.21,0.001875
62.5,-103.5,2026-10-09 23:27:19,0.7010000000000218,80.3912452697754,19.28327324706316,984.71,0.007625
62.5,-103.0,2026-10-09 23:27:19,0.5460000000000491,82.4162452697754,17.57327324706316,985.27,0.053375
62.5,-102.5,2026-10-09 23:27:19,1.938000000000045,84.0412452697754,18.509273247063163,987.21,1.892125
62.5,-102.0,2026-10-09 23:27:19,0.6190000000000282,87.9412452697754,16.547273247063163,988.1,1.428625
62.5,-101.5,2026-10-09 23:27:19,0.41100000000000136,95.06960468292237,15.110908852636816,983.28,1.89975
62.5,-101.0,2026-10-09 23:27:19,0.80600000000004,96.11960468292237,14.498908852636813,985.83,1.28175
62.5,-100.5,2026-10-09 23:27:19,0.7010000000000218,98.29460468292237,7.964908852636815,987.19,0.9403750000000001
62.5,-100.0,2026-10-09 23:27:19,0.396000000000015,95.69460468292237,0.7649088526368142,986.95,0.2155
62.5,-99.5,2026-10-09 23:27:19,0.10100000000005593,95.56960468292237,1.880908852636814,982.92,0.522625
62.5,-99.0,2026-10-09 23:27:19,0.6470000000000482,94.24460468292237,2.0969088526368145,988.14,0.73625
62.5,-98.5,2026-10-09 23:27:19,1.1260000000000332,95.91960468292237,2.3489088526368143,998.16,1.7395
62.5,-98.0,2026-10-09 23:27:19,1.6020000000000323,92.96960468292237,3.950908852636814,1003.25,0.446375
62.5,-97.5,2026-10-09 23:27:19,1.1050000000000182,89.81960468292237,3.3929088526368143,1003.97,0.465375
62.5,-97.0,2026-10-09 23:27:19,-0.32399999999995543,92.61960468292237,2.780908852636814,998.95,0.389125
62.5,-96.5,2026-10-09 23:27:19,0.44500000000005,89.99460468292237,3.8249088526368142,998.35,0.173625
62.5,-96.0,2026-10-09 23:27:19,0.27700000000004366,89.54460468292237,4.958908852636814,1004.66,0.124
62.5,-95.5,2026-10-09 23:27:19,0.9090000000000487,88.44460468292237,7.856908852636814,1007.78,0.04575
62.5,-95.0,2026-10-09 23:27:19,1.0030000000000427,87.29460468292237,7.424908852636815,1010.69,0.022875
62.5,-94.5,2026-10-09 23:27:19,0.11000000000001364,88.51960468292236,5.3549088526368145,1013.58,0.0095
62.5,-94.0,2026-10-09 23:27:19,-0.6009999999999991,89.01960468292236,5.156908852636815,1012.16,0.0115
62.5,-93.5,2026-10-09 23:27:19,0.8500000000000227,87.36960468292237,4.832908852636814,1017.06,0.0115
62.5,-93.0,2026-10-09 23:27:19,0.17300000000000182,86.49460468292237,7.928908852636814,1017.33,0.028625
62.5,-92.5,2026-10-09 23:27:19,0.5510000000000446,86.14460468292236,12.068908852636815,1020.2,0.049625
62.5,-92.0,2026-10-09 23:27:19,0.8110000000000355,86.89460468292236,15.542908852636813,1020.24,0.051500000000000004
62.5,-84.0,2026-10-09 23:27:19,1.9670000000000414,70.06960468292236,11.996908852636816,1015.58,0.10675
62.5,-83.5,2026-10-09 23:27:19,1.7230000000000132,76.31960468292236,8.720908852636814,1009.06,0.00575
62.5,-83.0,2026-10-09 23:27:19,1.3450000000000273,80.66960468292237,13.544908852636814,1003.7,0.0
62.5,-82.5,2026-10-09 23:27:19,1.1020000000000323,89.86960468292237,13.112908852636814,1012.31,0.019125
62.5,-79.5,2026-10-09 23:27:19,3.647000000000048,50.39460468292236,4.868908852636815,1014.17,0.495875
62.5,-78.0,2026-10-09 23:27:19,3.0050000000000523,67.79460468292237,10.052908852636815,1014.2,0.57025
62.5,-77.5,2026-10-09 23:27:19,-1.3199999999999932,86.69460468292237,8.000908852636814,969.89,0.640875
62.5,-77.0,2026-10-09 23:27:19,-1.9069999999999823,95.54460468292237,13.490908852636815,962.61,1.23025
62.5,-76.5,2026-10-09 23:27:19,2.8070000000000164,78.71960468292237,16.478908852636817,1013.91,0.595125
62.5,-74.0,2026-10-09 23:27:19,2.840000000000032,69.96960468292237,12.644908852636814,1013.75,1.112
62.5,-73.5,2026-10-09 23:27:19,2.1960000000000264,75.94460468292236,8.738908852636815,1013.78,0.186875
62.5,-70.5,2026-10-09 23:27:19,1.1250000000000568,72.29460468292237,5.390908852636814,1013.05,0.074375
62.5,-69.5,2026-10-09 23:27:19,1.202000000000055,72.81960468292236,5.444908852636814,1012.86,0.080125
62.5,-69.0,2026-10-09 23:27:19,0.8290000000000077,75.39460468292236,4.490908852636815,987.42,0.2155
62.5,-68.5,2026-10-09 23:27:19,0.49900000000002365,65.39460468292236,10.664908852636815,967.13,0.08775000000000001
62.5,-68.0,2026-10-09 23:27:19,-0.8839999999999577,70.99460468292237,14.480908852636814,959.17,0.09725
62.5,-67.5,2026-10-09 23:27:19,-3.7139999999999986,89.56960468292237,12.572908852636814,943.81,0.063
62.5,-67.0,2026-10-09 23:27:19,-4.496999999999957,93.31960468292237,18.260908852636817,935.39,0.1335
62.5,-66.5,2026-10-09 23:27:19,0.2310000000000514,86.54460468292237,14.678908852636816,996.1,0.152625
62.5,-65.0,2026-10-09 23:27:19,0.7510000000000332,86.66960468292237,27.242908852636816,1011.53,0.038125
62.5,-64.5,2026-10-09 23:27:19,-0.69399999999996,86.51960468292236,25.694908852636814,994.02,0.017125
63.0,-141.0,2026-10-09 23:27:19,-1.2609999999999673,69.96979522705078,4.161570357888937,937.18,0.16025
63.0,-140.5,2026-10-09 23:27:19,-4.2239999999999895,76.36979522705079,4.683570357888938,903.92,0.10300000000000001
63.0,-140.0,2026-10-09 23:27:19,-2.562999999999988,70.94479522705079,6.753570357888937,926.24,0.57025
63.0,-139.5,2026-10-09 23:27:19,-2.076999999999998,74.26979522705078,2.829570357888937,963.93,0.57225
63.0,-139.0,2026-10-09 23:27:19,-4.482999999999947,81.26979522705079,7.545570357888937,907.38,1.318
63.0,-138.5,2026-10-09 23:27:19,-3.0079999999999814,74.21979522705078,8.175570357888938,915.71,1.6460000000000001
63.0,-138.0,2026-10-09 23:27:19,-2.3859999999999673,74.44479522705079,8.103570357888938,935.14,0.906
63.0,-137.5,2026-10-09 23:27:19,-1.478999999999985,65.36979522705079,7.707570357888937,929.5,1.72425
63.0,-137.0,2026-10-09 23:27:19,-2.5569999999999595,66.09479522705078,3.5855703578889373,927.03,0.31475000000000003
63.0,-136.5,2026-10-09 23:27:19,-2.224999999999966,65.66979522705078,2.4155703578889374,948.46,1.7261250000000001
63.0,-136.0,2026-10-09 23:27:19,-2.044999999999959,69.46979522705078,3.9995703578889374,899.41,3.25775
63.0,-135.5,2026-10-09 23:27:19,-3.912999999999954,77.94479522705079,2.937570357888937,895.58,0.55125
63.0,-135.0,2026-10-09 23:27:19,-3.1639999999999873,69.36979522705079,1.785570357888937,918.3,1.154
63.0,-134.5,2026-10-09 23:27:19,-3.197999999999979,70.49479522705079,3.657570357888937,919.8,3.5820000000000003
63.0,-134.0,2026-10-09 23:27:19,-1.9319999999999595,65.41979522705078,2.325570357888937,953.59,1.768125
63.0,-133.5,2026-10-09 23:27:19,-2.867999999999995,73.54479522705078,0.561570357888937,938.44,1.2493750000000001
63.0,-133.0,2026-10-09 23:27:19,-4.165999999999997,78.96979522705078,1.1375703578889371,894.78,5.44925
63.0,-132.5,2026-10-09 23:27:19,-5.529999999999973,94.31979522705079,1.569570357888937,854.75,13.347625
63.0,-132.0,2026-10-09 23:27:19,-3.940999999999974,84.21979522705078,1.857570357888937,886.31,6.44875
63.0,-131.5,2026-10-09 23:27:19,-3.805999999999983,90.66979522705078,3.693570357888937,888.39,4.40025
63.0,-131.0,2026-10-09 23:27:19,-3.5049999999999955,92.46979522705078,3.063570357888937,882.81,3.789875
63.0,-130.5,2026-10-09 23:27:19,-3.9599999999999795,85.14479522705079,2.181570357888937,878.01,0.21937500000000001
63.0,-130.0,2026-10-09 23:27:19,-5.460999999999956,85.99479522705079,3.567570357888937,842.8,0.146875
63.0,-129.5,2026-10-09 23:27:19,-6.722999999999956,87.41979522705078,0.759570357888937,832.58,0.23650000000000002
63.0,-129.0,2026-10-09 23:27:19,-5.640999999999963,81.66979522705078,0.8495703578889371,868.19,0.02675
63.0,-128.5,2026-10-09 23:27:19,-6.4249999999999545,83.41979522705078,1.479570357888937,855.04,0.021
63.0,-128.0,2026-10-09 23:27:19,-8.241999999999962,90.11979522705079,3.3155703578889373,820.85,0.104875
63.0,-127.5,2026-10-09 23:27:19,-7.008999999999958,80.86979522705079,1.083570357888937,831.68,0.07625
63.0,-127.0,2026-10-09 23:27:19,-7.9669999999999845,84.81979522705079,6.411570357888937,814.44,0.28800000000000003
63.0,-126.5,2026-10-09 23:27:19,-0.46699999999998454,67.89479522705078,6.465570357888937,932.13,2.346
63.0,-126.0,2026-10-09 23:27:19,-4.579999999999984,74.24479522705079,6.375570357888937,858.56,2.33275
63.0,-125.5,2026-10-09 23:27:19,-1.492999999999995,67.04479522705078,5.601570357888937,924.34,1.556375
63.0,-125.0,2026-10-09 23:27:19,-0.25399999999996226,68.81979522705079,2.649570357888937,965.44,0.516875
63.0,-124.5,2026-10-09 23:27:19,-2.030999999999949,81.94479522705079,4.863570357888937,957.28,5.127
63.0,-124.0,2026-10-09 23:27:19,-0.6429999999999723,78.91979522705078,5.223570357888937,983.61,0.495875
63.0,-123.5,2026-10-09 23:27:19,-1.0989999999999895,85.1912452697754,12.227273247063161,982.11,2.5692500000000003
63.0,-123.0,2026-10-09 23:27:19,0.1470000000000482,82.3412452697754,7.4212732470631595,976.32,1.264625
63.0,-122.5,2026-10-09 23:27:19,-0.311999999999955,83.4412452697754,15.57527324706316,972.11,0.446375
63.0,-122.0,2026-10-09 23:27:19,0.7700000000000387,84.3162452697754,18.92327324706316,976.53,0.28425
63.0,-121.5,2026-10-09 23:27:19,2.052000000000021,77.4662452697754,20.61527324706316,985.16,0.022875
63.0,-121.0,2026-10-09 23:27:19,2.594000000000051,74.1912452697754,19.265273247063163,992.36,0.04
63.0,-120.5,2026-10-09 23:27:19,2.997000000000014,69.6412452697754,16.709273247063162,994.47,0.0305
63.0,-120.0,2026-10-09 23:27:19,3.927000000000021,63.166245269775395,15.39527324706316,993.88,0.13925
63.0,-119.5,2026-10-09 23:27:19,2.344000000000051,70.29124526977539,13.77527324706316,993.53,0.074375
63.0,-119.0,2026-10-09 23:27:19,3.077000000000055,75.1912452697754,14.56727324706316,990.89,0.28225
63.0,-118.5,2026-10-09 23:27:19,4.1370000000000005,80.8412452697754,13.61327324706316,989.8,0.116375
63.0,-118.0,2026-10-09 23:27:19,2.7100000000000364,84.7662452697754,4.10927324706316,989.82,0.001875
63.0,-117.5,2026-10-09 23:27:19,2.8950000000000387,82.6412452697754,3.2632732470631605,987.24,0.001875
63.0,-117.0,2026-10-09 23:27:19,2.5410000000000537,75.1412452697754,3.53327324706316,990.99,0.003875
63.0,-116.5,2026-10-09 23:27:19,2.032000000000039,74.8162452697754,3.28127324706316,1004.49,0.01525
63.0,-116.0,2026-10-09 23:27:19,2.1650000000000205,66.1412452697754,4.10927324706316,1003.6,0.022875
63.0,-115.5,2026-10-09 23:27:19,3.309000000000026,67.0162452697754,3.80327324706316,999.83,0.02475
63.0,-115.0,2026-10-09 23:27:19,3.4890000000000327,59.84124526977539,8.30327324706316,994.11,0.02475
63.0,-114.5,2026-10-09 23:27:19,3.2530000000000427,65.61624526977539,10.733273247063162,989.64,0.162125
63.0,-114.0,2026-10-09 23:27:19,2.244000000000028,76.5662452697754,10.85927324706316,990.88,1.092875
63.0,-113.5,2026-10-09 23:27:19,1.3680000000000518,78.2662452697754,10.769273247063161,986.39,0.52075
63.0,-113.0,2026-10-09 23:27:19,1.136000000000024,68.36624526977539,12.029273247063161,985.3,0.059125000000000004
63.0,-112.5,2026-10-09 23:27:19,0.24600000000003774,74.7162452697754,12.875273247063161,977.91,0.001875
63.0,-112.0,2026-10-09 23:27:19,-0.32799999999997453,77.6662452697754,14.63927324706316,973.53,0.0
63.0,-111.5,2026-10-09 23:27:19,-0.5329999999999586,77.4162452697754,14.621273247063161,973.49,0.001875
63.0,-111.0,2026-10-09 23:27:19,-0.6519999999999868,78.5662452697754,13.93727324706316,973.19,0.0115
63.0,-110.5,2026-10-09 23:27:19,-0.3149999999999977,78.1412452697754,15.269273247063161,979.47,0.02475
63.0,-110.0,2026-10-09 23:27:19,-0.34099999999995134,77.1662452697754,16.56527324706316,981.27,0.15637500000000001
63.0,-109.5,2026-10-09 23:27:19,-0.4959999999999809,80.74124526977539,18.41927324706316,984.08,0.152625
63.0,-109.0,2026-10-09 23:27:19,-1.9469999999999459,87.36624526977539,16.63727324706316,976.97,0.017125
63.0,-108.5,2026-10-09 23:27:19,-2.1019999999999754,88.99124526977539,16.47527324706316,975.75,0.0915
63.0,-108.0,2026-10-09 23:27:19,-1.69399999999996,84.3162452697754,16.67327324706316,976.91,0.032375
63.0,-107.5,2026-10-09 23:27:19,-2.58299999999997,89.6662452697754,14.38727324706316,972.47,0.07625
63.0,-107.0,2026-10-09 23:27:19,-1.8979999999999677,89.3162452697754,15.305273247063159,975.25,0.146875
63.0,-106.5,2026-10-09 23:27:19,-1.1779999999999973,81.0912452697754,14.26127324706316,976.85,0.007625
63.0,-106.0,2026-10-09 23:27:19,-0.6649999999999636,75.8162452697754,15.809273247063162,979.39,0.007625
63.0,-105.5,2026-10-09 23:27:19,-1.0469999999999686,82.8412452697754,17.39327324706316,980.28,0.173625
63.0,-105.0,2026-10-09 23:27:19,0.2810000000000059,71.29124526977539,15.39527324706316,993.41,0.017125
63.0,-104.5,2026-10-09 23:27:19,0.3310000000000173,73.99124526977539,14.56727324706316,991.53,0.028625
63.0,-104.0,2026-10-09 23:27:19,-0.5029999999999859,77.2162452697754,14.42327324706316,984.53,0.003875
63.0,-103.5,2026-10-09 23:27:19,-1.613999999999976,84.9162452697754,15.665273247063162,973.88,0.080125
63.0,-103.0,2026-10-09 23:27:19,-0.6119999999999663,79.6662452697754,14.657273247063161,985.1,0.135375
63.0,-102.5,2026-10-09 23:27:19,-0.21399999999999864,80.5662452697754,14.513273247063161,987.47,0.48825
63.0,-102.0,2026-10-09 23:27:19,0.9020000000000437,77.5412452697754,17.37527324706316,994.38,1.6365
63.0,-101.5,2026-10-09 23:27:19,1.57000000000005,82.94460468292237,20.924908852636815,993.24,0.497875
63.0,-101.0,2026-10-09 23:27:19,0.07900000000000773,92.81960468292237,19.574908852636813,993.22,0.522625
63.0,-100.5,2026-10-09 23:27:19,-1.259999999999991,94.71960468292237,15.344908852636815,983.53,0.845
63.0,-100.0,2026-10-09 23:27:19,-0.8009999999999877,94.74460468292237,16.586908852636814,982.88,1.08725
63.0,-99.5,2026-10-09 23:27:19,0.7400000000000091,92.16960468292237,21.824908852636813,986.83,1.831
63.0,-99.0,2026-10-09 23:27:19,-1.1229999999999905,96.31960468292237,12.590908852636815,982.14,1.831
63.0,-98.5,2026-10-09 23:27:19,-0.3949999999999818,98.94460468292237,9.620908852636815,995.88,2.277375
63.0,-98.0,2026-10-09 23:27:19,0.22400000000004638,96.29460468292237,10.394908852636814,1003.19,2.864875
63.0,-97.5,2026-10-09 23:27:19,-0.31799999999998363,96.96960468292237,7.010908852636814,1004.3,0.906
63.0,-97.0,2026-10-09 23:27:19,-0.18999999999999773,98.49460468292237,5.048908852636814,1007.41,0.474875
63.0,-96.5,2026-10-09 23:27:19,0.24900000000002365,95.26960468292236,8.900908852636814,1007.64,0.17550000000000002
63.0,-96.0,2026-10-09 23:27:19,0.24600000000003774,92.61960468292237,7.730908852636815,1006.67,0.063
63.0,-95.5,2026-10-09 23:27:19,0.7870000000000346,91.71960468292237,9.386908852636815,1007.24,0.01525
63.0,-95.0,2026-10-09 23:27:19,0.3280000000000314,92.59460468292237,12.050908852636814,1001.97,0.028625
63.0,-94.5,2026-10-09 23:27:19,1.3240000000000123,91.29460468292237,12.680908852636815,1006.19,0.0095
63.0,-94.0,2026-10-09 23:27:19,0.9850000000000136,93.91960468292237,5.4269088526368146,1007.13,0.0095
63.0,-93.5,2026-10-09 23:27:19,0.9080000000000155,90.09460468292237,5.5889088526368145,1008.75,0.0305
63.0,-93.0,2026-10-09 23:27:19,-0.011999999999943611,91.81960468292237,4.868908852636815,1010.69,0.15825
63.0,-92.5,2026-10-09 23:27:19,-0.2729999999999677,89.94460468292237,5.390908852636814,1014.44,0.249875
63.0,-92.0,2026-10-09 23:27:19,-0.6779999999999973,89.84460468292237,6.776908852636814,1012.91,0.173625
63.0,-91.5,2026-10-09 23:27:19,-0.8239999999999554,87.39460468292236,8.972908852636815,1002.49,0.110625
63.0,-91.0,2026-10-09 23:27:19,-0.4199999999999591,88.11960468292237,11.330908852636815,1014.75,0.0305
63.0,-90.5,2026-10-09 23:27:19,0.938000000000045,84.24460468292237,17.864908852636816,1019.53,0.055375
63.0,-82.5,2026-10-09 23:27:19,2.008000000000038,81.41960468292237,22.292908852636817,1015.42,0.064875
63.0,-82.0,2026-10-09 23:27:19,2.3310000000000173,80.29460468292237,25.100908852636813,1015.2,0.038125
63.0,-78.0,2026-10-09 23:27:19,2.5200000000000387,69.94460468292236,22.382908852636813,1014.75,0.34525
63.0,-71.5,2026-10-09 23:27:19,0.9640000000000555,79.59460468292237,7.964908852636815,1012.55,0.055375
63.0,-71.0,2026-10-09 23:27:19,1.2980000000000018,74.26960468292236,7.928908852636814,1002.53,0.074375
63.0,-70.5,2026-10-09 23:27:19,1.8830000000000382,72.14460468292236,5.966908852636815,999.1,0.486375
63.0,-70.0,2026-10-09 23:27:19,1.7800000000000296,58.94460468292237,6.542908852636815,984.02,0.055375
63.0,-69.5,2026-10-09 23:27:19,1.358000000000004,58.14460468292236,4.526908852636814,964.64,0.10675
63.0,-69.0,2026-10-09 23:27:19,-2.6989999999999554,74.91960468292237,4.256908852636815,941.5,0.053375
63.0,-68.5,2026-10-09 23:27:19,-5.026999999999987,97.16960468292237,5.732908852636815,932.89,0.141125
63.0,-68.0,2026-10-09 23:27:19,-4.051999999999964,98.51960468292236,3.284908852636814,941.86,0.316625
63.0,-67.5,2026-10-09 23:27:19,0.5600000000000023,79.84460468292237,9.044908852636814,993.42,0.034375
63.0,-67.0,2026-10-09 23:27:19,0.7890000000000441,81.21960468292237,14.102908852636816,1012.72,0.01525
63.0,-66.5,2026-10-09 23:27:19,0.8720000000000141,71.81960468292236,10.970908852636814,1012.05,0.003875
63.0,-66.0,2026-10-09 23:27:19,0.03700000000003456,75.89460468292236,4.292908852636815,992.14,0.0
63.0,-65.5,2026-10-09 23:27:19,-9.20799999999997,95.84460468292237,13.238908852636815,946.91,0.0
63.0,-65.0,2026-10-09 23:27:19,-1.6589999999999918,90.01960468292236,18.440908852636817,981.91,0.0
63.5,-141.0,2026-10-09 23:27:19,-4.222999999999956,76.61979522705079,7.833570357888937,924.61,0.0115
63.5,-140.5,2026-10-09 23:27:19,-4.0989999999999895,76.11979522705079,8.355570357888938,931.63,0.0305
63.5,-140.0,2026-10-09 23:27:19,-3.502999999999986,77.24479522705079,7.257570357888937,933.72,0.4215
63.5,-139.5,2026-10-09 23:27:19,-2.1789999999999736,71.99479522705079,4.6115703578889375,938.37,0.532125
63.5,-139.0,2026-10-09 23:27:19,-5.026999999999987,81.06979522705079,10.461570357888938,913.71,1.6536250000000001
63.5,-138.5,2026-10-09 23:27:19,-5.404999999999973,78.09479522705078,10.047570357888937,906.54,1.367625
63.5,-138.0,2026-10-09 23:27:19,-2.8339999999999463,64.64479522705078,4.017570357888937,953.53,0.56075
63.5,-137.5,2026-10-09 23:27:19,-4.847999999999956,75.39479522705078,5.511570357888937,916.92,4.158
63.5,-137.0,2026-10-09 23:27:19,-1.2689999999999486,55.294795227050784,3.2255703578889374,962.35,2.96975
63.5,-136.5,2026-10-09 23:27:19,-4.656999999999982,72.34479522705078,5.421570357888938,908.41,3.574375
63.5,-136.0,2026-10-09 23:27:19,-2.166999999999973,60.59479522705078,2.8835703578889373,965.09,3.110875
63.5,-135.5,2026-10-09 23:27:19,-3.812999999999988,73.51979522705078,2.199570357888937,876.79,5.922375
63.5,-135.0,2026-10-09 23:27:19,-3.1719999999999686,64.51979522705078,2.721570357888937,945.38,3.656375
63.5,-134.5,2026-10-09 23:27:19,-3.894999999999982,70.51979522705078,3.171570357888937,931.92,2.203
63.5,-134.0,2026-10-09 23:27:19,-4.998999999999967,69.96979522705078,2.595570357888937,942.48,2.344125
63.5,-133.5,2026-10-09 23:27:19,-3.9319999999999595,65.49479522705079,1.9655703578889372,935.96,2.8076250000000003
63.5,-133.0,2026-10-09 23:27:19,-3.72199999999998,73.04479522705078,1.1375703578889371,943.6,3.6353750000000002
63.5,-132.5,2026-10-09 23:27:19,-4.502999999999986,77.61979522705079,1.749570357888937,909.38,4.5795
63.5,-132.0,2026-10-09 23:27:19,-3.961999999999989,82.04479522705078,0.795570357888937,920.85,4.846625
63.5,-131.5,2026-10-09 23:27:19,-5.476999999999975,96.44479522705079,2.4335703578889367,865.62,7.37575
63.5,-131.0,2026-10-09 23:27:19,-4.9879999999999995,88.56979522705079,3.207570357888937,854.7,10.131875
63.5,-130.5,2026-10-09 23:27:19,-5.817999999999984,89.94479522705079,1.263570357888937,850.66,3.871875
63.5,-130.0,2026-10-09 23:27:19,-6.448999999999955,88.71979522705078,1.227570357888937,852.12,2.92775
63.5,-129.5,2026-10-09 23:27:19,-7.534999999999968,90.09479522705078,4.197570357888937,826.58,2.164875
63.5,-129.0,2026-10-09 23:27:19,-6.963999999999999,84.69479522705079,3.693570357888937,840.81,0.47300000000000003
63.5,-128.5,2026-10-09 23:27:19,-3.72199999999998,71.71979522705078,4.827570357888938,887.36,0.063
63.5,-128.0,2026-10-09 23:27:19,-4.507999999999981,75.24479522705079,2.2715703578889372,881.7,0.225125
63.5,-127.5,2026-10-09 23:27:19,-6.972999999999956,81.91979522705078,5.655570357888937,830.09,0.507375
63.5,-127.0,2026-10-09 23:27:19,-3.312999999999988,66.94479522705079,6.375570357888937,873.4,1.052875
63.5,-126.5,2026-10-09 23:27:19,-3.585999999999956,75.44479522705079,4.7735703578889375,889.3,1.50675
63.5,-126.0,2026-10-09 23:27:19,-2.801999999999964,68.74479522705079,8.805570357888937,912.48,3.595375
63.5,-125.5,2026-10-09 23:27:19,-0.8559999999999945,71.91979522705078,3.2255703578889374,945.17,3.645
63.5,-125.0,2026-10-09 23:27:19,-1.600999999999999,73.91979522705078,5.799570357888937,947.39,3.028875
63.5,-124.5,2026-10-09 23:27:19,-0.9019999999999868,77.04479522705078,0.759570357888937,981.44,2.355625
63.5,-124.0,2026-10-09 23:27:19,-1.3589999999999804,84.46979522705078,4.125570357888937,968.92,3.7785
63.5,-123.5,2026-10-09 23:27:19,-0.15499999999997272,88.74124526977539,4.23527324706316,1001.64,2.964
63.5,-123.0,2026-10-09 23:27:19,-0.5099999999999909,78.0662452697754,10.12127324706316,980.08,5.93
63.5,-122.5,2026-10-09 23:27:19,-0.5929999999999609,79.86624526977539,13.90127324706316,968.36,1.564
63.5,-122.0,2026-10-09 23:27:19,0.18300000000004957,78.7162452697754,16.67327324706316,982.86,0.495875
63.5,-121.5,2026-10-09 23:27:19,1.0430000000000064,76.4412452697754,17.57327324706316,985.77,0.5875
63.5,-121.0,2026-10-09 23:27:19,2.0300000000000296,73.11624526977539,18.113273247063162,990.28,0.038125
63.5,-120.5,2026-10-09 23:27:19,2.410000000000025,73.9412452697754,16.45727324706316,987.78,0.10300000000000001
63.5,-120.0,2026-10-09 23:27:19,1.948000000000036,75.79124526977539,15.701273247063162,980.85,0.63325
63.5,-119.5,2026-10-09 23:27:19,1.7870000000000346,79.4162452697754,14.513273247063161,984.19,0.23075
63.5,-119.0,2026-10-09 23:27:19,3.3530000000000086,65.16624526977539,13.28927324706316,985.85,0.604625
63.5,-118.5,2026-10-09 23:27:19,3.16700000000003,67.6912452697754,15.917273247063159,990.69,0.1145
63.5,-118.0,2026-10-09 23:27:19,2.698000000000036,80.0162452697754,16.74527324706316,991.97,0.12775
63.5,-117.5,2026-10-09 23:27:19,2.612000000000023,88.5412452697754,3.87527324706316,987.77,0.013375
63.5,-117.0,2026-10-09 23:27:19,3.1660000000000537,72.9662452697754,2.03927324706316,997.11,0.017125
63.5,-116.5,2026-10-09 23:27:19,2.958000000000027,67.61624526977539,1.01327324706316,997.94,0.007625
63.5,-116.0,2026-10-09 23:27:19,3.04200000000003,62.666245269775395,1.06727324706316,997.78,0.001875
63.5,-115.5,2026-10-09 23:27:19,2.4570000000000505,76.3412452697754,2.16527324706316,991.05,0.110625
63.5,-115.0,2026-10-09 23:27:19,3.2040000000000077,66.36624526977539,2.63327324706316,987.74,0.177375
63.5,-114.5,2026-10-09 23:27:19,1.8870000000000005,66.61624526977539,4.66727324706316,982.28,0.124
63.5,-114.0,2026-10-09 23:27:19,1.0440000000000396,78.0662452697754,5.33327324706316,980.02,0.213625
63.5,-113.5,2026-10-09 23:27:19,1.4180000000000064,77.0412452697754,6.52127324706316,977.8,0.185
63.5,-113.0,2026-10-09 23:27:19,0.40100000000001046,78.6912452697754,10.247273247063161,972.97,0.09725
63.5,-112.5,2026-10-09 23:27:19,-0.3369999999999891,85.2912452697754,12.317273247063161,971.5,0.07825
63.5,-112.0,2026-10-09 23:27:19,-0.6979999999999791,80.4412452697754,11.16527324706316,971.39,0.08775000000000001
63.5,-111.5,2026-10-09 23:27:19,-1.20799999999997,85.2662452697754,13.09127324706316,971.82,0.44825
63.5,-111.0,2026-10-09 23:27:19,-1.6229999999999905,85.6912452697754,13.307273247063161,971.32,0.534
63.5,-110.5,2026-10-09 23:27:19,-1.718999999999994,85.3912452697754,13.90127324706316,972.53,0.72675
63.5,-110.0,2026-10-09 23:27:19,-1.84699999999998,86.1912452697754,13.883273247063162,973.19,0.356625
63.5,-109.5,2026-10-09 23:27:19,-2.2609999999999673,87.0412452697754,13.93727324706316,971.21,0.425375
63.5,-109.0,2026-10-09 23:27:19,-2.4739999999999895,87.2912452697754,12.71327324706316,974.41,0.08775000000000001
63.5,-108.5,2026-10-09 23:27:19,-2.3209999999999695,84.7912452697754,13.10927324706316,976.11,0.042
63.5,-108.0,2026-10-09 23:27:19,-2.766999999999996,87.3912452697754,12.47927324706316,973.41,0.640875
63.5,-107.5,2026-10-09 23:27:19,-2.5399999999999636,86.24124526977539,11.92127324706316,977.71,0.022875
63.5,-107.0,2026-10-09 23:27:19,-2.2139999999999986,83.3162452697754,11.95727324706316,978.21,0.001875
63.5,-106.5,2026-10-09 23:27:19,-2.3979999999999677,82.0412452697754,12.33527324706316,976.14,0.001875
63.5,-106.0,2026-10-09 23:27:19,-1.9029999999999632,77.4162452697754,12.62327324706316,979.16,0.0
63.5,-105.5,2026-10-09 23:27:19,-1.59699999999998,77.9412452697754,12.641273247063161,982.49,0.007625
63.5,-105.0,2026-10-09 23:27:19,-0.9689999999999941,72.6412452697754,11.16527324706316,989.35,0.0095
63.5,-104.5,2026-10-09 23:27:19,-0.1339999999999577,62.59124526977539,13.34327324706316,999.16,0.22312500000000002
63.5,-104.0,2026-10-09 23:27:19,-0.8879999999999768,70.5912452697754,11.777273247063162,988.69,0.186875
63.5,-103.5,2026-10-09 23:27:19,-2.5739999999999554,83.61624526977539,12.461273247063161,976.55,0.14875
63.5,-103.0,2026-10-09 23:27:19,-2.701999999999998,87.5912452697754,13.955273247063161,977.13,0.23275
63.5,-102.5,2026-10-09 23:27:19,-1.933999999999969,87.0912452697754,13.32527324706316,984.25,0.164
63.5,-102.0,2026-10-09 23:27:19,-1.537999999999954,84.3162452697754,12.29927324706316,989.61,0.295625
63.5,-101.5,2026-10-09 23:27:19,-0.7189999999999941,78.84460468292237,10.736908852636814,989.1,0.389125
63.5,-101.0,2026-10-09 23:27:19,-0.6969999999999459,77.74460468292237,12.968908852636815,992.81,0.841125
63.5,-100.5,2026-10-09 23:27:19,-1.2239999999999895,81.41960468292237,9.548908852636815,989.55,0.600875
63.5,-100.0,2026-10-09 23:27:19,-1.2479999999999905,79.89460468292236,11.096908852636815,989.92,1.0395
63.5,-99.5,2026-10-09 23:27:19,-2.0669999999999504,85.99460468292237,11.618908852636816,986.36,1.447625
63.5,-99.0,2026-10-09 23:27:19,-0.48299999999994725,80.36960468292237,11.726908852636814,999.91,4.177125
63.5,-98.5,2026-10-09 23:27:19,-1.8959999999999582,87.24460468292237,10.574908852636815,989.41,6.16075
63.5,-98.0,2026-10-09 23:27:19,-1.8379999999999654,88.14460468292236,11.402908852636815,993.72,2.004625
63.5,-97.5,2026-10-09 23:27:19,-0.9309999999999832,86.59460468292237,11.870908852636815,1006.77,1.634625
63.5,-97.0,2026-10-09 23:27:19,-1.537999999999954,86.09460468292237,11.780908852636815,1005.69,1.083375
63.5,-96.5,2026-10-09 23:27:19,-1.3549999999999613,87.56960468292237,12.590908852636815,1004.02,0.12775
63.5,-96.0,2026-10-09 23:27:19,-0.7099999999999795,83.54460468292237,13.580908852636815,1006.24,0.019125
63.5,-95.5,2026-10-09 23:27:19,-1.141999999999996,92.91960468292237,14.300908852636814,998.85,0.019125
63.5,-95.0,2026-10-09 23:27:19,-0.008999999999957708,91.51960468292236,16.046908852636815,1001.33,0.022875
63.5,-94.5,2026-10-09 23:27:19,1.1400000000000432,90.89460468292236,16.406908852636814,1006.78,0.04
63.5,-94.0,2026-10-09 23:27:19,1.3420000000000414,93.99460468292237,11.636908852636815,1006.47,0.022875
63.5,-93.5,2026-10-09 23:27:19,0.3380000000000223,93.91960468292237,7.352908852636815,1011.99,0.02675
63.5,-93.0,2026-10-09 23:27:19,0.6050000000000182,88.59460468292237,6.722908852636814,1015.81,0.063
63.5,-92.5,2026-10-09 23:27:19,0.16100000000000136,89.79460468292237,5.768908852636814,1016.3,0.177375
63.5,-92.0,2026-10-09 23:27:19,-0.6979999999999791,94.24460468292237,3.3929088526368143,1013.13,0.099125
63.5,-91.5,2026-10-09 23:27:19,-1.1599999999999682,93.34460468292237,5.966908852636815,1013.58,0.099125
63.5,-91.0,2026-10-09 23:27:19,-0.39899999999994407,89.49460468292237,8.630908852636814,1019.7,0.04575
63.5,-90.5,2026-10-09 23:27:19,-0.1199999999999477,91.31960468292237,11.618908852636816,1019.63,0.01525
63.5,-87.0,2026-10-09 23:27:19,0.07000000000005002,69.96960468292237,10.394908852636814,1018.14,0.0
63.5,-85.5,2026-10-09 23:27:19,-1.370999999999981,82.31960468292237,11.060908852636814,1004.61,0.003875
63.5,-85.0,2026-10-09 23:27:19,-2.1019999999999754,82.89460468292236,11.618908852636816,1002.58,0.099125
63.5,-84.5,2026-10-09 23:27:19,-0.7299999999999613,84.79460468292237,13.022908852636814,1015.3,0.053375
63.5,-81.5,2026-10-09 23:27:19,1.3110000000000355,84.29460468292237,17.432908852636814,1015.78,0.07062500000000001
63.5,-81.0,2026-10-09 23:27:19,1.632000000000005,84.39460468292236,14.480908852636814,1012.1,0.166
63.5,-78.5,2026-10-09 23:27:19,1.344000000000051,84.86960468292237,20.348908852636818,1013.5,0.019125
63.5,-78.0,2026-10-09 23:27:19,1.1780000000000541,86.94460468292237,15.596908852636815,1015.38,0.162125
63.5,-77.0,2026-10-09 23:27:19,0.5230000000000246,80.14460468292236,13.094908852636815,993.74,0.0095
63.5,-76.5,2026-10-09 23:27:19,1.3180000000000405,81.21960468292237,18.332908852636816,1015.17,0.122125
63.5,-72.0,2026-10-09 23:27:19,1.379000000000019,67.46960468292237,6.380908852636814,1013.41,0.082
63.5,-71.5,2026-10-09 23:27:19,1.1100000000000136,69.96960468292237,5.282908852636814,1013.38,0.0935
63.5,-71.0,2026-10-09 23:27:19,1.1780000000000541,67.24460468292237,5.102908852636814,987.06,0.049625
63.5,-70.5,2026-10-09 23:27:19,0.2370000000000232,56.14460468292236,9.116908852636815,962.56,0.02475
63.5,-70.0,2026-10-09 23:27:19,-0.17499999999995453,51.54460468292237,9.008908852636814,956.39,0.068625
63.5,-69.5,2026-10-09 23:27:19,-1.103999999999985,69.69460468292236,7.532908852636814,946.38,0.017125
63.5,-69.0,2026-10-09 23:27:19,-2.576999999999998,87.96960468292237,5.714908852636815,945.52,0.0095
63.5,-68.5,2026-10-09 23:27:19,0.577000000000055,80.39460468292236,10.430908852636815,1013.14,0.0115
63.5,-68.0,2026-10-09 23:27:19,0.4770000000000323,67.54460468292237,12.770908852636815,1009.28,0.00575
63.5,-67.5,2026-10-09 23:27:19,1.1100000000000136,59.51960468292236,8.432908852636814,1007.61,0.0115
63.5,-67.0,2026-10-09 23:27:19,-3.319999999999993,84.74460468292237,3.6629088526368143,950.45,0.00575
63.5,-66.5,2026-10-09 23:27:19,-2.6759999999999877,83.69460468292237,4.688908852636814,948.56,0.0
63.5,-66.0,2026-10-09 23:27:19,-4.873999999999967,90.49460468292237,8.810908852636814,943.58,0.0
63.5,-65.5,2026-10-09 23:27:19,-2.8389999999999986,83.34460468292237,7.964908852636815,979.0,0.0
63.5,-65.0,2026-10-09 23:27:19,-1.9489999999999554,87.79460468292237,14.588908852636814,986.42,0.0
63.5,-64.5,2026-10-09 23:27:19,1.007000000000005,86.46960468292237,24.290908852636814,1008.53,0.0
63.5,-64.0,2026-10-09 23:27:19,0.8110000000000355,83.81960468292237,26.450908852636815,1011.63,0.0
64.0,-141.0,2026-10-09 23:27:19,-6.17999999999995,72.36979522705079,7.239570357888938,887.62,0.019125
64.0,-140.5,2026-10-09 23:27:19,-3.8769999999999527,76.11979522705079,5.151570357888937,920.1,0.017125
64.0,-140.0,2026-10-09 23:27:19,-6.635999999999967,90.89479522705079,9.255570357888937,912.85,0.01525
64.0,-139.5,2026-10-09 23:27:19,-4.359999999999957,71.24479522705079,5.583570357888937,949.47,0.145
64.0,-139.0,2026-10-09 23:27:19,-3.475999999999999,66.61979522705079,6.951570357888937,951.74,0.564625
64.0,-138.5,2026-10-09 23:27:19,-3.1149999999999523,60.019795227050786,5.799570357888937,957.64,0.249875
64.0,-138.0,2026-10-09 23:27:19,-4.8659999999999854,71.69479522705079,4.575570357888937,940.69,1.5335
64.0,-137.5,2026-10-09 23:27:19,-5.732999999999947,74.19479522705079,5.277570357888938,920.68,5.050625
64.0,-137.0,2026-10-09 23:27:19,-7.064999999999998,76.54479522705078,2.685570357888937,884.69,3.135625
64.0,-136.5,2026-10-09 23:27:19,-7.375999999999976,80.09479522705078,1.767570357888937,906.02,2.594
64.0,-136.0,2026-10-09 23:27:19,-6.849999999999966,78.91979522705078,1.677570357888937,905.71,4.6845
64.0,-135.5,2026-10-09 23:27:19,-6.020999999999958,74.61979522705079,1.605570357888937,921.29,4.9113750000000005
64.0,-135.0,2026-10-09 23:27:19,-6.650999999999954,78.59479522705078,1.1375703578889371,931.83,3.477125
64.0,-134.5,2026-10-09 23:27:19,-7.776999999999987,81.56979522705079,1.749570357888937,879.15,2.9526250000000003
64.0,-134.0,2026-10-09 23:27:19,-6.003999999999962,72.74479522705079,2.181570357888937,920.99,3.446625
64.0,-133.5,2026-10-09 23:27:19,-6.725999999999999,81.76979522705079,1.299570357888937,901.81,5.765875
64.0,-133.0,2026-10-09 23:27:19,-5.44399999999996,69.36979522705079,2.3075703578889373,928.99,8.71275
64.0,-132.5,2026-10-09 23:27:19,-7.047999999999945,89.66979522705078,1.173570357888937,864.13,7.27275
64.0,-132.0,2026-10-09 23:27:19,-6.476999999999975,91.14479522705079,1.101570357888937,865.48,5.641875
64.0,-131.5,2026-10-09 23:27:19,-5.829999999999984,89.69479522705079,1.443570357888937,867.73,1.331375
64.0,-131.0,2026-10-09 23:27:19,-5.475999999999999,85.71979522705078,1.425570357888937,853.12,0.732375
64.0,-130.5,2026-10-09 23:27:19,-5.5429999999999495,84.99479522705079,1.173570357888937,860.7,0.433
64.0,-130.0,2026-10-09 23:27:19,-5.859999999999957,88.34479522705078,5.493570357888937,861.5,0.6275000000000001
64.0,-129.5,2026-10-09 23:27:19,-3.8759999999999764,77.84479522705078,2.685570357888937,892.06,0.019125
64.0,-129.0,2026-10-09 23:27:19,-8.69199999999995,96.71979522705078,8.949570357888938,823.82,1.00325
64.0,-128.5,2026-10-09 23:27:19,-5.11099999999999,78.09479522705078,5.295570357888937,865.86,0.511125
64.0,-128.0,2026-10-09 23:27:19,-2.4769999999999754,66.76979522705078,1.227570357888937,913.24,0.017125
64.0,-127.5,2026-10-09 23:27:19,-7.833999999999946,88.24479522705079,13.521570357888939,842.84,0.988
64.0,-127.0,2026-10-09 23:27:19,-4.196999999999946,75.14479522705078,6.735570357888937,872.49,0.614125
64.0,-126.5,2026-10-09 23:27:19,-4.664999999999964,71.26979522705078,9.327570357888938,882.15,2.107625
64.0,-126.0,2026-10-09 23:27:19,-2.9429999999999836,79.31979522705079,12.819570357888937,930.22,4.289625
64.0,-125.5,2026-10-09 23:27:19,-1.5089999999999577,73.94479522705079,10.839570357888938,950.6,2.1915
64.0,-125.0,2026-10-09 23:27:19,-0.2659999999999627,73.56979522705079,4.7735703578889375,985.61,1.876875
64.0,-124.5,2026-10-09 23:27:19,0.5120000000000005,77.01979522705079,3.747570357888937,1007.03,1.747125
64.0,-124.0,2026-10-09 23:27:19,0.35000000000002274,76.89479522705079,3.207570357888937,994.64,0.6275000000000001
64.0,-123.5,2026-10-09 23:27:19,-3.183999999999969,87.2662452697754,2.97527324706316,941.36,1.915
64.0,-123.0,2026-10-09 23:27:19,-0.3289999999999509,80.3162452697754,10.55327324706316,988.61,3.431375
64.0,-122.5,2026-10-09 23:27:19,-0.86099999999999,77.6662452697754,10.75127324706316,973.17,2.2965
64.0,-122.0,2026-10-09 23:27:19,0.9690000000000509,71.04124526977539,13.28927324706316,990.71,1.028
64.0,-121.5,2026-10-09 23:27:19,1.4730000000000132,80.86624526977539,17.86127324706316,997.27,0.8240000000000001
64.0,-121.0,2026-10-09 23:27:19,1.8080000000000496,71.91624526977539,12.74927324706316,993.42,0.07062500000000001
64.0,-120.5,2026-10-09 23:27:19,1.1340000000000146,69.66624526977539,11.84927324706316,988.64,0.064875
64.0,-120.0,2026-10-09 23:27:19,1.261000000000024,75.7162452697754,14.045273247063161,987.38,0.3815
64.0,-119.5,2026-10-09 23:27:19,1.4840000000000373,73.0662452697754,13.41527324706316,984.03,0.24225
64.0,-119.0,2026-10-09 23:27:19,1.0160000000000196,83.7162452697754,15.521273247063162,984.57,0.16025
64.0,-118.5,2026-10-09 23:27:19,1.4660000000000082,79.99124526977539,14.71127324706316,983.0,1.06625
64.0,-118.0,2026-10-09 23:27:19,2.004000000000019,76.24124526977539,14.189273247063161,982.16,3.332125
64.0,-117.5,2026-10-09 23:27:19,2.54200000000003,81.2912452697754,17.37527324706316,997.55,0.43875000000000003
64.0,-117.0,2026-10-09 23:27:19,3.101000000000056,77.3912452697754,9.90527324706316,996.17,0.110625
64.0,-116.5,2026-10-09 23:27:19,2.7240000000000464,80.36624526977539,4.829273247063161,991.97,0.0305
64.0,-116.0,2026-10-09 23:27:19,2.8950000000000387,74.66624526977539,7.601273247063161,991.92,0.007625
64.0,-115.5,2026-10-09 23:27:19,3.1090000000000373,72.5912452697754,6.48527324706316,989.16,0.02475
64.0,-115.0,2026-10-09 23:27:19,2.9770000000000323,61.766245269775396,4.43327324706316,985.64,0.0305
64.0,-114.5,2026-10-09 23:27:19,1.7010000000000218,75.2162452697754,4.14527324706316,978.53,0.042
64.0,-114.0,2026-10-09 23:27:19,1.0300000000000296,80.2912452697754,5.135273247063161,978.53,0.019125
64.0,-113.5,2026-10-09 23:27:19,0.5970000000000368,86.6912452697754,3.5152732470631602,978.8,0.028625
64.0,-113.0,2026-10-09 23:27:19,0.12000000000000455,84.1412452697754,7.04327324706316,976.97,0.021
64.0,-112.5,2026-10-09 23:27:19,-1.0499999999999545,87.9662452697754,10.355273247063161,968.19,0.0095
64.0,-112.0,2026-10-09 23:27:19,-1.6599999999999682,89.0412452697754,11.61527324706316,968.94,0.051500000000000004
64.0,-111.5,2026-10-09 23:27:19,-2.0469999999999686,84.3912452697754,13.199273247063159,973.63,0.07625
64.0,-111.0,2026-10-09 23:27:19,-2.977999999999952,85.8412452697754,13.361273247063162,970.24,0.631375
64.0,-110.5,2026-10-09 23:27:19,-3.2239999999999895,85.6912452697754,14.49527324706316,974.77,1.228375
64.0,-110.0,2026-10-09 23:27:19,-4.274999999999977,87.74124526977539,13.54127324706316,973.44,0.171625
64.0,-109.5,2026-10-09 23:27:19,-3.547999999999945,87.99124526977539,15.28727324706316,976.14,0.227
64.0,-109.0,2026-10-09 23:27:19,-4.137999999999977,88.3412452697754,13.883273247063162,974.88,0.238375
64.0,-108.5,2026-10-09 23:27:19,-4.203999999999951,87.8412452697754,13.361273247063162,978.21,0.01525
64.0,-108.0,2026-10-09 23:27:19,-4.45599999999996,86.86624526977539,12.06527324706316,976.14,0.003875
64.0,-107.5,2026-10-09 23:27:19,-3.7689999999999486,82.49124526977539,12.173273247063161,980.44,0.001875
64.0,-107.0,2026-10-09 23:27:19,-4.079999999999984,84.36624526977539,12.80327324706316,976.94,0.0
64.0,-106.5,2026-10-09 23:27:19,-3.770999999999958,79.9162452697754,11.90327324706316,977.57,0.0
64.0,-106.0,2026-10-09 23:27:19,-2.992999999999995,75.5162452697754,12.10127324706316,980.07,0.0
64.0,-105.5,2026-10-09 23:27:19,-2.922999999999945,76.0162452697754,12.56927324706316,978.75,0.0
64.0,-105.0,2026-10-09 23:27:19,-2.599999999999966,76.61624526977539,12.76727324706316,981.6,0.0095
64.0,-104.5,2026-10-09 23:27:19,-2.335999999999956,77.3912452697754,13.70327324706316,985.57,0.00575
64.0,-104.0,2026-10-09 23:27:19,-0.9329999999999927,69.0912452697754,12.20927324706316,1001.21,0.227
64.0,-103.5,2026-10-09 23:27:19,-1.6759999999999877,74.7162452697754,11.65127324706316,996.17,0.101125
64.0,-103.0,2026-10-09 23:27:19,-1.0439999999999827,72.11624526977539,11.57927324706316,1002.88,0.23650000000000002
64.0,-102.5,2026-10-09 23:27:19,-1.0719999999999459,72.61624526977539,11.41727324706316,1003.3,0.0305
64.0,-102.0,2026-10-09 23:27:19,-1.7159999999999513,83.9412452697754,10.93127324706316,996.61,0.09725
64.0,-101.5,2026-10-09 23:27:19,-3.4149999999999636,96.69460468292237,10.538908852636814,981.06,0.494
64.0,-101.0,2026-10-09 23:27:19,-3.109999999999957,94.51960468292236,11.006908852636814,991.94,0.48825
64.0,-100.5,2026-10-09 23:27:19,-1.530999999999949,88.11960468292237,12.302908852636815,994.45,1.03
64.0,-100.0,2026-10-09 23:27:19,-0.9279999999999973,84.54460468292237,7.424908852636815,1004.53,0.701875
64.0,-99.5,2026-10-09 23:27:19,-1.2779999999999632,82.01960468292236,5.642908852636815,1005.72,1.192125
64.0,-99.0,2026-10-09 23:27:19,-1.4919999999999618,84.51960468292236,4.724908852636815,1004.33,1.9817500000000001
64.0,-98.5,2026-10-09 23:27:19,-0.9099999999999682,79.14460468292236,9.206908852636815,1005.41,3.3588750000000003
64.0,-98.0,2026-10-09 23:27:19,-1.8129999999999882,80.74460468292237,7.730908852636815,1006.64,2.05225
64.0,-97.5,2026-10-09 23:27:19,-1.5629999999999882,82.46960468292237,12.716908852636815,1003.74,1.543
64.0,-97.0,2026-10-09 23:27:19,-2.8699999999999477,84.96960468292237,11.690908852636815,993.94,1.1616250000000001
64.0,-96.5,2026-10-09 23:27:19,-1.0229999999999677,81.86960468292237,18.332908852636816,1014.02,0.383375
64.0,-96.0,2026-10-09 23:27:19,-1.9469999999999459,87.54460468292237,15.542908852636813,1005.44,0.099125
64.0,-95.5,2026-10-09 23:27:19,-0.48099999999999454,87.04460468292237,17.576908852636816,1015.22,0.080125
64.0,-95.0,2026-10-09 23:27:19,-0.22999999999996135,88.94460468292237,15.920908852636815,1015.55,0.095375
64.0,-94.5,2026-10-09 23:27:19,0.7240000000000464,87.66960468292237,17.972908852636817,1018.28,0.043875000000000004
64.0,-94.0,2026-10-09 23:27:19,1.0020000000000095,88.61960468292237,11.438908852636814,1013.91,0.063
64.0,-93.5,2026-10-09 23:27:19,0.6980000000000359,94.39460468292236,7.262908852636814,1019.61,0.055375
64.0,-93.0,2026-10-09 23:27:19,1.6020000000000323,87.34460468292237,11.762908852636814,1012.74,0.085875
64.0,-92.5,2026-10-09 23:27:19,0.2680000000000291,90.66960468292237,8.486908852636814,1011.83,0.131625
64.0,-92.0,2026-10-09 23:27:19,0.5150000000000432,86.54460468292237,3.914908852636814,1008.3,0.18125
64.0,-91.5,2026-10-09 23:27:19,-0.05899999999996908,87.34460468292237,1.0529088526368142,1008.69,0.255625
64.0,-91.0,2026-10-09 23:27:19,-0.9899999999999523,85.86960468292237,1.6829088526368143,1008.99,0.1545
64.0,-90.5,2026-10-09 23:27:19,-1.224999999999966,87.36960468292237,2.546908852636814,1016.39,0.101125
64.0,-90.0,2026-10-09 23:27:19,-0.9629999999999654,80.74460468292237,6.254908852636815,1016.81,0.019125
64.0,-89.5,2026-10-09 23:27:19,-1.0389999999999873,78.66960468292237,9.962908852636813,1019.44,0.001875
64.0,-89.0,2026-10-09 23:27:19,-1.2069999999999936,77.39460468292236,13.202908852636815,1019.3,0.001875
64.0,-88.5,2026-10-09 23:27:19,-1.5109999999999673,79.29460468292237,16.442908852636812,1019.14,0.13925
64.0,-87.0,2026-10-09 23:27:19,-0.12199999999995725,76.76960468292236,11.780908852636815,1018.33,0.085875
64.0,-86.5,2026-10-09 23:27:19,-0.7439999999999714,74.34460468292237,8.576908852636814,1017.92,0.0
64.0,-86.0,2026-10-09 23:27:19,-1.353999999999985,76.99460468292237,7.190908852636815,1015.63,0.0
64.0,-85.5,2026-10-09 23:27:19,-1.6589999999999918,78.59460468292237,9.908908852636815,1013.89,0.00575
64.0,-85.0,2026-10-09 23:27:19,-2.4769999999999754,82.76960468292236,8.396908852636816,1005.47,0.04
64.0,-84.5,2026-10-09 23:27:19,-1.9279999999999973,84.64460468292236,6.758908852636814,1007.0,0.028625
64.0,-84.0,2026-10-09 23:27:19,-0.9679999999999609,83.49460468292237,11.672908852636814,1007.91,0.0915
64.0,-83.5,2026-10-09 23:27:19,1.323000000000036,80.94460468292237,17.396908852636816,1016.91,0.068625
64.0,-83.0,2026-10-09 23:27:19,0.7310000000000514,85.24460468292237,11.618908852636816,1014.61,0.003875
64.0,-82.5,2026-10-09 23:27:19,1.289000000000044,84.29460468292237,11.006908852636814,1014.91,0.003875
64.0,-82.0,2026-10-09 23:27:19,1.2430000000000518,76.96960468292237,18.584908852636815,1016.17,0.02475
64.0,-81.5,2026-10-09 23:27:19,1.0010000000000332,79.11960468292237,14.876908852636815,1010.88,0.15825
64.0,-81.0,2026-10-09 23:27:19,0.7510000000000332,79.29460468292237,16.478908852636817,1011.35,0.08775000000000001
64.0,-80.5,2026-10-09 23:27:19,0.82000000000005,80.29460468292237,18.908908852636817,1016.3,0.0725
64.0,-78.0,2026-10-09 23:27:19,-0.005999999999971806,84.39460468292236,12.014908852636815,1015.41,0.0305
64.0,-77.5,2026-10-09 23:27:19,0.18100000000004002,83.19460468292237,13.778908852636814,1014.47,0.085875
64.0,-73.0,2026-10-09 23:27:19,0.9830000000000041,74.99460468292237,10.952908852636815,1014.16,0.0
64.0,-72.5,2026-10-09 23:27:19,1.9860000000000468,70.36960468292237,6.9029088526368145,1002.19,0.0
64.0,-72.0,2026-10-09 23:27:19,1.9080000000000155,71.96960468292237,6.8309088526368145,998.41,0.0
64.0,-71.5,2026-10-09 23:27:19,0.22400000000004638,73.24460468292237,7.244908852636814,973.75,0.001875
64.0,-71.0,2026-10-09 23:27:19,-0.8349999999999795,69.96960468292237,8.234908852636813,959.22,0.00575
64.0,-70.5,2026-10-09 23:27:19,-2.585999999999956,85.14460468292236,7.334908852636814,949.5,0.01525
64.0,-70.0,2026-10-09 23:27:19,-2.037999999999954,90.46960468292237,6.8309088526368145,960.33,0.001875
64.0,-69.5,2026-10-09 23:27:19,-2.245999999999981,91.06960468292237,6.9029088526368145,963.81,0.021
64.0,-69.0,2026-10-09 23:27:19,0.10500000000001819,76.69460468292236,6.974908852636815,991.78,0.0
64.0,-68.5,2026-10-09 23:27:19,-1.197999999999979,76.64460468292236,3.5369088526368144,969.7,0.0
64.0,-68.0,2026-10-09 23:27:19,-2.977999999999952,79.69460468292237,2.438908852636814,950.19,0.001875
64.0,-67.5,2026-10-09 23:27:19,-2.867999999999995,75.94460468292236,3.1049088526368145,936.72,0.0
64.0,-67.0,2026-10-09 23:27:19,-3.8519999999999754,75.31960468292236,5.678908852636814,932.19,0.0095
64.0,-66.5,2026-10-09 23:27:19,-3.1649999999999636,75.29460468292237,6.758908852636814,934.16,0.0
64.0,-66.0,2026-10-09 23:27:19,-2.5609999999999786,81.29460468292237,8.954908852636814,947.91,0.0
64.0,-65.5,2026-10-09 23:27:19,-9.765999999999963,82.06960468292237,5.336908852636814,941.77,0.0
64.0,-65.0,2026-10-09 23:27:19,-4.297999999999945,89.04460468292237,9.782908852636815,973.33,0.0
64.0,-64.5,2026-10-09 23:27:19,-1.742999999999995,92.16960468292237,19.106908852636813,990.67,0.0
64.5,-141.0,2026-10-09 23:27:19,-6.633999999999958,87.39479522705079,9.777570357888937,926.96,0.00575
64.5,-140.5,2026-10-09 23:27:19,-2.787999999999954,65.09479522705078,10.155570357888937,982.13,0.0
64.5,-140.0,2026-10-09 23:27:19,-8.493999999999971,79.76979522705079,14.169570357888938,903.53,0.03625
64.5,-139.5,2026-10-09 23:27:19,-6.060999999999979,73.66979522705078,5.9435703578889365,912.27,0.145
64.5,-139.0,2026-10-09 23:27:19,-7.265999999999963,74.51979522705078,8.967570357888937,876.48,0.343375
64.5,-138.5,2026-10-09 23:27:19,-7.586999999999989,74.96979522705078,12.207570357888937,832.02,0.9575
64.5,-138.0,2026-10-09 23:27:19,-7.722999999999956,77.04479522705078,19.137570357888936,834.74,3.189125
64.5,-137.5,2026-10-09 23:27:19,-5.6129999999999995,71.66979522705078,15.123570357888939,855.03,2.62075
64.5,-137.0,2026-10-09 23:27:19,-9.880999999999972,83.51979522705079,11.595570357888937,890.1,3.624
64.5,-136.5,2026-10-09 23:27:19,-7.347999999999956,75.86979522705079,9.777570357888937,850.53,3.953875
64.5,-136.0,2026-10-09 23:27:19,-9.187999999999988,82.29479522705078,8.643570357888938,869.99,4.320125
64.5,-135.5,2026-10-09 23:27:19,-7.936999999999955,77.66979522705078,7.509570357888938,876.89,3.738375
64.5,-135.0,2026-10-09 23:27:19,-9.095999999999947,81.94479522705079,4.701570357888937,851.25,8.150125000000001
64.5,-134.5,2026-10-09 23:27:19,-8.388999999999953,80.69479522705079,6.303570357888937,879.92,6.6605
64.5,-134.0,2026-10-09 23:27:19,-8.034999999999968,80.39479522705079,1.065570357888937,858.42,6.02725
64.5,-133.5,2026-10-09 23:27:19,-9.660999999999945,85.64479522705079,3.945570357888937,899.31,3.1738750000000002
64.5,-133.0,2026-10-09 23:27:19,-8.024999999999977,80.09479522705078,4.953570357888937,839.49,6.547875
64.5,-132.5,2026-10-09 23:27:19,-9.986999999999966,86.41979522705078,3.7835703578889373,848.35,4.4651250000000005
64.5,-132.0,2026-10-09 23:27:19,-8.683999999999969,83.14479522705079,2.127570357888937,860.21,11.032125
64.5,-131.5,2026-10-09 23:27:19,-5.763999999999953,82.71979522705078,9.777570357888937,864.62,9.332625
64.5,-131.0,2026-10-09 23:27:19,-6.051999999999964,80.99479522705079,5.745570357888937,865.05,5.184125
64.5,-130.5,2026-10-09 23:27:19,-8.731999999999971,87.54479522705078,0.939570357888937,821.74,1.71475
64.5,-130.0,2026-10-09 23:27:19,-7.639999999999986,85.89479522705079,4.899570357888938,860.14,1.38475
64.5,-129.5,2026-10-09 23:27:19,-8.68199999999996,87.79479522705078,1.803570357888937,819.85,2.07525
64.5,-129.0,2026-10-09 23:27:19,-7.264999999999986,88.09479522705078,4.629570357888937,843.25,1.68225
64.5,-128.5,2026-10-09 23:27:19,-7.165999999999997,80.04479522705078,11.001570357888937,834.63,1.2875
64.5,-128.0,2026-10-09 23:27:19,-5.7309999999999945,79.09479522705078,11.613570357888937,862.21,0.8145
64.5,-127.5,2026-10-09 23:27:19,-3.5599999999999454,68.16979522705078,10.641570357888936,897.81,1.5658750000000001
64.5,-127.0,2026-10-09 23:27:19,-3.84699999999998,74.44479522705079,9.039570357888937,871.96,2.899125
64.5,-126.5,2026-10-09 23:27:19,-0.5679999999999836,63.09479522705078,11.019570357888936,958.5,3.027
64.5,-126.0,2026-10-09 23:27:19,-3.666999999999973,83.24479522705079,16.725570357888937,935.8,4.913375
64.5,-125.5,2026-10-09 23:27:19,-0.6459999999999582,76.61979522705079,11.955570357888938,978.88,1.850125
64.5,-125.0,2026-10-09 23:27:19,0.5410000000000537,81.71979522705078,9.399570357888937,1016.38,1.29125
64.5,-124.5,2026-10-09 23:27:19,-1.100999999999999,80.14479522705079,6.807570357888937,980.86,2.267875
64.5,-124.0,2026-10-09 23:27:19,-1.6119999999999663,80.74479522705079,6.141570357888938,970.93,2.780875
64.5,-123.5,2026-10-09 23:27:19,-1.1519999999999868,76.5912452697754,1.80527324706316,978.39,2.964
64.5,-123.0,2026-10-09 23:27:19,-0.3739999999999668,78.7162452697754,6.23327324706316,995.89,2.41475
64.5,-122.5,2026-10-09 23:27:19,-0.12299999999999045,84.74124526977539,7.92527324706316,998.58,3.8185000000000002
64.5,-122.0,2026-10-09 23:27:19,0.8930000000000291,77.9412452697754,7.83527324706316,1001.67,2.4795000000000003
64.5,-121.5,2026-10-09 23:27:19,1.2310000000000514,75.6412452697754,11.97527324706316,996.57,1.997
64.5,-121.0,2026-10-09 23:27:19,0.91700000000003,76.79124526977539,10.445273247063161,990.32,1.659375
64.5,-120.5,2026-10-09 23:27:19,0.4560000000000173,70.6412452697754,8.89727324706316,981.92,1.501125
64.5,-120.0,2026-10-09 23:27:19,-0.009999999999990905,70.16624526977539,10.13927324706316,979.53,0.4005
64.5,-119.5,2026-10-09 23:27:19,-0.22999999999996135,76.4412452697754,11.83127324706316,980.91,0.28225
64.5,-119.0,2026-10-09 23:27:19,-0.29899999999997817,80.0912452697754,13.451273247063162,978.66,0.08775000000000001
64.5,-118.5,2026-10-09 23:27:19,-0.7949999999999591,86.7662452697754,14.11727324706316,979.28,0.10875
64.5,-118.0,2026-10-09 23:27:19,1.160000000000025,76.86624526977539,15.629273247063159,993.42,2.9755000000000003
64.5,-117.5,2026-10-09 23:27:19,1.7160000000000082,79.3412452697754,16.20527324706316,1000.53,0.23075
64.5,-117.0,2026-10-09 23:27:19,2.1610000000000014,75.79124526977539,9.923273247063161,995.52,0.082
64.5,-116.5,2026-10-09 23:27:19,2.9190000000000396,73.5662452697754,7.745273247063161,986.42,0.017125
64.5,-116.0,2026-10-09 23:27:19,3.244000000000028,82.3162452697754,2.83127324706316,985.19,0.003875
64.5,-115.5,2026-10-09 23:27:19,3.19500000000005,69.6912452697754,8.483273247063162,977.75,0.001875
64.5,-115.0,2026-10-09 23:27:19,2.274000000000001,77.74124526977539,7.94327324706316,979.27,0.001875
64.5,-114.5,2026-10-09 23:27:19,0.646000000000015,88.6662452697754,6.64727324706316,974.97,0.0095
64.5,-114.0,2026-10-09 23:27:19,-0.10099999999999909,87.6412452697754,8.141273247063161,972.71,0.0115
64.5,-113.5,2026-10-09 23:27:19,-0.7479999999999905,89.1912452697754,9.70727324706316,972.83,0.02675
64.5,-113.0,2026-10-09 23:27:19,-0.7859999999999445,87.9662452697754,9.779273247063161,978.8,0.019125
64.5,-112.5,2026-10-09 23:27:19,-1.6739999999999782,86.24124526977539,12.19127324706316,972.75,0.0
64.5,-112.0,2026-10-09 23:27:19,-2.808999999999969,87.7162452697754,11.633273247063162,969.16,0.0
64.5,-111.5,2026-10-09 23:27:19,-2.888999999999953,88.8412452697754,11.47127324706316,971.55,0.0
64.5,-111.0,2026-10-09 23:27:19,-2.773999999999944,88.0912452697754,15.503273247063161,973.07,0.017125
64.5,-110.5,2026-10-09 23:27:19,-3.0979999999999563,89.2912452697754,18.92327324706316,974.77,0.10875
64.5,-110.0,2026-10-09 23:27:19,-5.33299999999997,84.8912452697754,11.88527324706316,971.39,0.110625
64.5,-109.5,2026-10-09 23:27:19,-5.095999999999947,82.3412452697754,11.92127324706316,973.05,0.06675
64.5,-109.0,2026-10-09 23:27:19,-5.253999999999962,86.61624526977539,11.81327324706316,973.24,0.01525
64.5,-108.5,2026-10-09 23:27:19,-4.315999999999974,81.4662452697754,10.427273247063159,980.33,0.03625
64.5,-108.0,2026-10-09 23:27:19,-4.4529999999999745,84.7162452697754,11.61527324706316,977.66,0.099125
64.5,-107.5,2026-10-09 23:27:19,-4.377999999999986,85.1662452697754,12.173273247063161,978.41,0.337625
64.5,-107.0,2026-10-09 23:27:19,-4.336999999999989,86.24124526977539,12.67727324706316,976.64,0.289875
64.5,-106.5,2026-10-09 23:27:19,-3.711999999999989,84.5412452697754,13.00127324706316,978.44,0.083875
64.5,-106.0,2026-10-09 23:27:19,-2.9459999999999695,80.3412452697754,12.29927324706316,984.69,0.022875
64.5,-105.5,2026-10-09 23:27:19,-3.367999999999995,84.86624526977539,12.20927324706316,982.03,0.007625
64.5,-105.0,2026-10-09 23:27:19,-3.4419999999999504,86.6412452697754,12.875273247063161,982.86,0.02675
64.5,-104.5,2026-10-09 23:27:19,-2.5989999999999895,81.2912452697754,12.839273247063161,993.49,0.099125
64.5,-104.0,2026-10-09 23:27:19,-3.290999999999997,88.0912452697754,12.73127324706316,989.16,0.15825
64.5,-103.5,2026-10-09 23:27:19,-2.9219999999999686,88.2912452697754,12.80327324706316,992.6,0.051500000000000004
64.5,-103.0,2026-10-09 23:27:19,-3.005999999999972,89.1662452697754,12.51527324706316,991.13,0.085875
64.5,-102.5,2026-10-09 23:27:19,-2.7579999999999814,86.86624526977539,12.51527324706316,1001.63,0.022875
64.5,-102.0,2026-10-09 23:27:19,-1.7549999999999955,84.5662452697754,12.74927324706316,1006.32,0.0
64.5,-101.5,2026-10-09 23:27:19,-1.44399999999996,85.86960468292237,11.834908852636813,1011.78,0.0115
64.5,-101.0,2026-10-09 23:27:19,-2.2689999999999486,92.16960468292237,8.306908852636814,999.31,0.08775000000000001
64.5,-100.5,2026-10-09 23:27:19,-1.7519999999999527,91.49460468292237,9.242908852636814,1002.88,0.309
64.5,-100.0,2026-10-09 23:27:19,-1.6879999999999882,87.69460468292237,8.810908852636814,1006.67,0.234625
64.5,-99.5,2026-10-09 23:27:19,-2.2069999999999936,94.36960468292237,10.538908852636814,1003.49,0.96125
64.5,-99.0,2026-10-09 23:27:19,-2.078999999999951,90.24460468292237,12.590908852636815,1012.83,0.8582500000000001
64.5,-98.5,2026-10-09 23:27:19,-2.2759999999999536,91.01960468292236,8.072908852636814,1012.66,0.440625
64.5,-98.0,2026-10-09 23:27:19,-2.665999999999997,90.04460468292237,6.578908852636815,1001.83,1.192125
64.5,-97.5,2026-10-09 23:27:19,-3.3799999999999955,90.94460468292237,10.592908852636814,998.72,0.5397500000000001
64.5,-97.0,2026-10-09 23:27:19,-3.1849999999999454,91.24460468292237,12.734908852636813,1000.41,0.59125
64.5,-96.5,2026-10-09 23:27:19,-2.5679999999999836,85.64460468292236,14.588908852636814,1009.92,0.423375
64.5,-96.0,2026-10-09 23:27:19,-2.363999999999976,84.39460468292236,18.116908852636815,1010.94,0.31475000000000003
64.5,-95.5,2026-10-09 23:27:19,-2.172999999999945,91.84460468292237,18.908908852636817,1008.67,0.320375
64.5,-95.0,2026-10-09 23:27:19,-1.3839999999999577,92.24460468292237,18.584908852636815,1011.66,0.255625
64.5,-94.5,2026-10-09 23:27:19,-0.9199999999999591,90.14460468292236,17.000908852636815,1009.66,0.444375
64.5,-94.0,2026-10-09 23:27:19,0.02800000000002001,86.69460468292237,13.004908852636815,1012.39,0.474875
64.5,-93.5,2026-10-09 23:27:19,-0.4309999999999832,92.44460468292237,10.664908852636815,1004.53,0.682875
64.5,-93.0,2026-10-09 23:27:19,-0.16499999999996362,96.79460468292237,7.9109088526368145,1005.22,0.810625
64.5,-92.5,2026-10-09 23:27:19,-0.6539999999999964,95.06960468292237,5.948908852636815,1003.99,0.7305
64.5,-92.0,2026-10-09 23:27:19,-1.5009999999999764,88.19460468292237,2.6909088526368143,1005.5,0.40625
64.5,-91.5,2026-10-09 23:27:19,-1.5399999999999636,87.89460468292236,3.680908852636814,997.13,0.389125
64.5,-91.0,2026-10-09 23:27:19,-1.3769999999999527,85.31960468292237,3.194908852636814,1004.03,0.171625
64.5,-90.5,2026-10-09 23:27:19,-1.297999999999945,84.24460468292237,2.5829088526368142,1008.5,0.162125
64.5,-90.0,2026-10-09 23:27:19,-2.447999999999979,82.81960468292237,0.9089088526368142,1000.28,0.26887500000000003
64.5,-89.5,2026-10-09 23:27:19,-2.6959999999999695,79.09460468292237,4.292908852636815,1004.75,0.021
64.5,-89.0,2026-10-09 23:27:19,-3.3829999999999814,80.51960468292236,8.864908852636814,995.25,0.003875
64.5,-88.5,2026-10-09 23:27:19,-3.9249999999999545,80.89460468292236,9.854908852636814,1000.95,0.003875
64.5,-88.0,2026-10-09 23:27:19,-3.9149999999999636,79.19460468292237,11.834908852636813,1007.49,0.0305
64.5,-87.5,2026-10-09 23:27:19,-2.798999999999978,83.79460468292237,20.582908852636816,1019.06,0.228875
64.5,-86.5,2026-10-09 23:27:19,-1.5229999999999677,81.76960468292236,11.924908852636815,1018.52,0.07062500000000001
64.5,-86.0,2026-10-09 23:27:19,-2.2369999999999663,84.16960468292237,7.334908852636814,1013.0,0.0
64.5,-85.5,2026-10-09 23:27:19,-2.1749999999999545,84.71960468292237,7.532908852636814,1010.1,0.0
64.5,-85.0,2026-10-09 23:27:19,-2.1749999999999545,78.41960468292237,8.000908852636814,1009.5,0.00575
64.5,-84.5,2026-10-09 23:27:19,-3.0219999999999914,85.16960468292237,7.766908852636814,976.86,0.00575
64.5,-84.0,2026-10-09 23:27:19,-3.284999999999968,88.59460468292237,5.876908852636815,977.89,0.063
64.5,-83.5,2026-10-09 23:27:19,-1.5049999999999955,86.56960468292237,10.052908852636815,985.11,0.00575
64.5,-83.0,2026-10-09 23:27:19,-2.17999999999995,88.96960468292237,11.258908852636814,971.89,0.295625
64.5,-82.5,2026-10-09 23:27:19,-1.3109999999999786,86.69460468292237,11.618908852636816,982.49,0.198375
64.5,-82.0,2026-10-09 23:27:19,-1.336999999999989,91.19460468292237,12.770908852636815,989.86,0.017125
64.5,-78.0,2026-10-09 23:27:19,1.007000000000005,73.09460468292237,8.450908852636815,1012.94,0.0
64.5,-77.5,2026-10-09 23:27:19,-0.9989999999999668,74.64460468292236,12.338908852636814,983.95,0.051500000000000004
64.5,-77.0,2026-10-09 23:27:19,-2.037999999999954,80.39460468292236,13.778908852636814,974.95,0.00575
64.5,-76.5,2026-10-09 23:27:19,-1.1459999999999582,79.44460468292237,12.068908852636815,992.47,0.0
64.5,-76.0,2026-10-09 23:27:19,0.3280000000000314,73.44460468292236,12.140908852636816,1009.89,0.0
64.5,-75.5,2026-10-09 23:27:19,0.17200000000002547,76.56960468292236,16.928908852636816,1015.6,0.0
64.5,-75.0,2026-10-09 23:27:19,-0.6699999999999591,78.21960468292237,16.244908852636815,1004.42,0.0
64.5,-74.5,2026-10-09 23:27:19,-0.6219999999999573,80.41960468292237,17.306908852636813,1014.53,1.01275
64.5,-74.0,2026-10-09 23:27:19,-0.92999999999995,86.46960468292237,13.310908852636814,1009.24,0.0
64.5,-73.5,2026-10-09 23:27:19,0.11000000000001364,81.24460468292237,11.726908852636814,1011.17,0.0
64.5,-73.0,2026-10-09 23:27:19,0.6860000000000355,72.09460468292237,7.856908852636814,997.13,0.001875
64.5,-72.5,2026-10-09 23:27:19,-0.8719999999999573,75.06960468292236,9.260908852636815,981.77,0.0
64.5,-72.0,2026-10-09 23:27:19,-0.23999999999995225,79.61960468292237,10.808908852636815,996.66,0.116375
64.5,-71.5,2026-10-09 23:27:19,-1.3289999999999509,92.24460468292237,4.490908852636815,992.58,0.497875
64.5,-71.0,2026-10-09 23:27:19,-0.08899999999999864,84.09460468292237,6.452908852636814,993.1,0.0095
64.5,-70.5,2026-10-09 23:27:19,0.10000000000002274,77.54460468292237,7.0649088526368145,994.08,0.017125
64.5,-70.0,2026-10-09 23:27:19,-1.94399999999996,85.94460468292237,4.778908852636815,995.69,0.021
64.5,-69.5,2026-10-09 23:27:19,-1.103999999999985,80.69460468292237,6.308908852636814,983.6,0.0
64.5,-69.0,2026-10-09 23:27:19,-2.2139999999999986,90.16960468292237,6.434908852636815,961.06,0.0
64.5,-68.5,2026-10-09 23:27:19,-2.352999999999952,85.14460468292236,3.248908852636814,951.63,0.0
64.5,-68.0,2026-10-09 23:27:19,-2.794999999999959,76.51960468292236,0.7649088526368142,945.5,0.001875
64.5,-67.5,2026-10-09 23:27:19,-2.4769999999999754,76.81960468292237,3.050908852636814,942.6,0.001875
64.5,-67.0,2026-10-09 23:27:19,-3.2619999999999436,76.06960468292236,4.544908852636814,943.91,0.0
64.5,-66.5,2026-10-09 23:27:19,-3.579999999999984,75.89460468292236,6.8309088526368145,929.33,0.0
64.5,-66.0,2026-10-09 23:27:19,-2.291999999999973,82.51960468292236,4.976908852636814,948.45,0.0
64.5,-65.5,2026-10-09 23:27:19,-8.393999999999949,75.81960468292236,9.206908852636815,944.17,0.0
64.5,-65.0,2026-10-09 23:27:19,-3.3069999999999595,90.71960468292237,8.288908852636814,976.16,0.0
65.0,-141.0,2026-10-09 23:27:19,-5.303999999999974,71.91979522705078,12.549570357888937,952.03,0.095375
65.0,-140.5,2026-10-09 23:27:19,-4.1679999999999495,72.24479522705079,1.3895703578889371,927.8,0.234625
65.0,-140.0,2026-10-09 23:27:19,-7.464999999999975,74.46979522705078,5.601570357888937,897.65,0.295625
65.0,-139.5,2026-10-09 23:27:19,-5.465999999999951,76.49479522705079,15.141570357888938,892.31,0.761
65.0,-139.0,2026-10-09 23:27:19,-5.877999999999986,77.61979522705079,4.863570357888937,897.65,1.10625
65.0,-138.5,2026-10-09 23:27:19,-6.986999999999966,70.21979522705078,14.691570357888939,889.06,0.6695
65.0,-138.0,2026-10-09 23:27:19,-5.545999999999992,65.94479522705079,12.747570357888938,864.67,1.6480000000000001
65.0,-137.5,2026-10-09 23:27:19,-9.194999999999993,78.24479522705079,7.311570357888938,874.63,1.8005
65.0,-137.0,2026-10-09 23:27:19,-8.653999999999996,76.64479522705078,6.645570357888937,887.36,2.262125
65.0,-136.5,2026-10-09 23:27:19,-9.232999999999947,84.84479522705078,0.9035703578889371,915.28,2.538625
65.0,-136.0,2026-10-09 23:27:19,-7.893999999999949,75.04479522705078,10.695570357888938,896.4,4.21525
65.0,-135.5,2026-10-09 23:27:19,-5.412999999999954,71.19479522705079,15.699570357888936,857.25,5.16125
65.0,-135.0,2026-10-09 23:27:19,-5.093999999999994,76.54479522705078,11.325570357888939,901.94,7.743875
65.0,-134.5,2026-10-09 23:27:19,-7.391999999999996,75.71979522705078,18.327570357888938,866.0,7.585500000000001
65.0,-134.0,2026-10-09 23:27:19,-5.11099999999999,70.26979522705078,13.881570357888938,937.55,6.177875
65.0,-133.5,2026-10-09 23:27:19,-8.493999999999971,77.39479522705079,6.411570357888937,840.16,6.172125
65.0,-133.0,2026-10-09 23:27:19,-6.864999999999952,75.61979522705079,8.247570357888936,882.07,3.965375
65.0,-132.5,2026-10-09 23:27:19,-8.381999999999948,77.59479522705078,2.253570357888937,858.62,3.637375
65.0,-132.0,2026-10-09 23:27:19,-6.59499999999997,74.34479522705078,10.353570357888938,851.78,6.0520000000000005
65.0,-131.5,2026-10-09 23:27:19,-5.3069999999999595,74.49479522705079,8.391570357888936,843.67,7.2307500000000005
65.0,-131.0,2026-10-09 23:27:19,-5.33099999999996,75.91979522705078,4.791570357888937,862.88,4.82175
65.0,-130.5,2026-10-09 23:27:19,-4.852999999999952,74.24479522705079,3.135570357888937,853.69,4.4975000000000005
65.0,-130.0,2026-10-09 23:27:19,-6.005999999999972,74.76979522705078,9.633570357888937,832.12,4.9342500000000005
65.0,-129.5,2026-10-09 23:27:19,-7.343999999999994,80.19479522705079,17.87757035788894,841.61,3.01175
65.0,-129.0,2026-10-09 23:27:19,-4.256999999999948,77.44479522705079,1.8935703578889371,925.08,0.50925
65.0,-128.5,2026-10-09 23:27:19,-5.200999999999965,76.19479522705079,11.775570357888938,869.67,1.382875
65.0,-128.0,2026-10-09 23:27:19,-5.287999999999954,75.04479522705078,7.743570357888938,860.25,1.9512500000000002
65.0,-127.5,2026-10-09 23:27:19,-3.6019999999999754,83.66979522705078,4.035570357888938,951.31,1.7108750000000001
65.0,-127.0,2026-10-09 23:27:19,-1.7349999999999568,78.01979522705079,14.745570357888937,992.76,1.953125
65.0,-126.5,2026-10-09 23:27:19,-0.6899999999999977,76.44479522705079,11.847570357888939,1004.28,2.594
65.0,-126.0,2026-10-09 23:27:19,-0.07699999999999818,84.56979522705079,10.983570357888938,1013.69,2.162875
65.0,-125.5,2026-10-09 23:27:19,-0.03999999999996362,87.21979522705078,8.895570357888937,1014.37,1.2665
65.0,-125.0,2026-10-09 23:27:19,-0.6339999999999577,91.64479522705079,7.167570357888938,1013.31,1.928375
65.0,-124.5,2026-10-09 23:27:19,0.1330000000000382,79.36979522705079,3.729570357888937,1003.34,2.3975
65.0,-124.0,2026-10-09 23:27:19,0.009000000000014552,80.04479522705078,2.7755703578889372,1000.21,3.6048750000000003
65.0,-123.5,2026-10-09 23:27:19,-0.7569999999999482,82.7912452697754,4.09127324706316,1002.08,3.595375
65.0,-123.0,2026-10-09 23:27:19,0.6110000000000468,79.5412452697754,2.18327324706316,1002.47,4.322
65.0,-122.5,2026-10-09 23:27:19,0.9250000000000114,69.0662452697754,7.94327324706316,1005.82,4.074125
65.0,-122.0,2026-10-09 23:27:19,1.521000000000015,68.29124526977539,10.949273247063159,1007.97,5.098375
65.0,-121.5,2026-10-09 23:27:19,1.1650000000000205,70.2162452697754,8.55527324706316,1003.13,3.7365
65.0,-121.0,2026-10-09 23:27:19,1.6370000000000005,71.1412452697754,13.451273247063162,1006.64,3.492375
65.0,-120.5,2026-10-09 23:27:19,-0.31899999999996,82.0912452697754,7.78127324706316,1000.66,5.106
65.0,-120.0,2026-10-09 23:27:19,-2.366999999999962,85.3912452697754,10.66127324706316,963.89,6.265625
65.0,-119.5,2026-10-09 23:27:19,-1.30499999999995,77.1912452697754,11.345273247063162,985.03,1.60025
65.0,-119.0,2026-10-09 23:27:19,-0.9529999999999745,79.1662452697754,11.777273247063162,993.8,2.43
65.0,-118.5,2026-10-09 23:27:19,0.7910000000000537,82.1662452697754,19.085273247063164,1003.75,0.120125
65.0,-118.0,2026-10-09 23:27:19,0.5430000000000064,75.41624526977539,12.71327324706316,1000.97,0.843
65.0,-117.5,2026-10-09 23:27:19,-0.36499999999995225,77.0912452697754,9.85127324706316,990.44,0.0725
65.0,-117.0,2026-10-09 23:27:19,-0.84699999999998,83.74124526977539,10.949273247063159,986.72,0.003875
65.0,-116.5,2026-10-09 23:27:19,-0.9899999999999523,84.3912452697754,11.47127324706316,981.97,0.003875
65.0,-116.0,2026-10-09 23:27:19,-1.0709999999999695,89.5412452697754,14.36927324706316,980.0,0.007625
65.0,-115.5,2026-10-09 23:27:19,-1.1759999999999877,82.36624526977539,12.20927324706316,978.85,0.055375
65.0,-115.0,2026-10-09 23:27:19,-1.9179999999999495,86.5162452697754,12.65927324706316,970.41,0.032375
65.0,-114.5,2026-10-09 23:27:19,-1.585999999999956,87.9412452697754,12.06527324706316,970.55,0.0725
65.0,-114.0,2026-10-09 23:27:19,-2.0249999999999773,87.5662452697754,14.657273247063161,970.74,0.04
65.0,-113.5,2026-10-09 23:27:19,-2.905999999999949,85.74124526977539,15.557273247063161,969.85,0.0305
65.0,-113.0,2026-10-09 23:27:19,-3.7749999999999773,86.3162452697754,17.14127324706316,968.83,0.0095
65.0,-112.5,2026-10-09 23:27:19,-4.173999999999978,87.4662452697754,15.773273247063159,973.03,0.053375
65.0,-112.0,2026-10-09 23:27:19,-4.680999999999983,84.7662452697754,17.447273247063162,971.82,0.001875
65.0,-111.5,2026-10-09 23:27:19,-4.978999999999985,86.1662452697754,17.915273247063162,974.63,0.051500000000000004
65.0,-111.0,2026-10-09 23:27:19,-5.7309999999999945,84.11624526977539,12.785273247063161,970.66,0.0095
65.0,-110.5,2026-10-09 23:27:19,-5.863999999999976,81.8412452697754,10.355273247063161,969.77,0.0115
65.0,-110.0,2026-10-09 23:27:19,-5.928999999999974,85.4662452697754,9.16727324706316,967.5,0.02675
65.0,-109.5,2026-10-09 23:27:19,-5.523999999999944,83.7912452697754,8.55527324706316,970.89,0.017125
65.0,-109.0,2026-10-09 23:27:19,-4.866999999999962,84.8412452697754,8.861273247063162,974.61,0.05725
65.0,-108.5,2026-10-09 23:27:19,-4.351999999999975,83.5912452697754,10.03127324706316,978.38,0.1335
65.0,-108.0,2026-10-09 23:27:19,-4.2999999999999545,85.74124526977539,11.39927324706316,977.85,0.186875
65.0,-107.5,2026-10-09 23:27:19,-3.381999999999948,82.5912452697754,12.227273247063161,987.61,0.124
65.0,-107.0,2026-10-09 23:27:19,-4.154999999999973,86.6412452697754,12.821273247063159,978.94,0.57225
65.0,-106.5,2026-10-09 23:27:19,-4.154999999999973,87.5412452697754,13.46927324706316,981.35,1.06425
65.0,-106.0,2026-10-09 23:27:19,-3.766999999999996,87.6912452697754,14.603273247063163,984.14,0.846875
65.0,-105.5,2026-10-09 23:27:19,-3.4879999999999995,88.3912452697754,15.665273247063162,984.99,0.497875
65.0,-105.0,2026-10-09 23:27:19,-2.6709999999999923,88.3162452697754,15.161273247063159,992.11,0.368125
65.0,-104.5,2026-10-09 23:27:19,-1.961999999999989,86.5412452697754,14.333273247063161,998.35,0.032375
65.0,-104.0,2026-10-09 23:27:19,-2.73599999999999,91.0162452697754,14.24327324706316,989.0,0.028625
65.0,-103.5,2026-10-09 23:27:19,-2.491999999999962,90.3162452697754,14.00927324706316,992.53,0.013375
65.0,-103.0,2026-10-09 23:27:19,-1.9019999999999868,86.6912452697754,14.83727324706316,1000.99,0.00575
65.0,-102.5,2026-10-09 23:27:19,-2.798999999999978,90.1662452697754,13.163273247063161,992.6,0.019125
65.0,-102.0,2026-10-09 23:27:19,-3.0909999999999513,88.6912452697754,13.28927324706316,991.24,0.01525
65.0,-101.5,2026-10-09 23:27:19,-3.4669999999999845,90.99460468292237,11.204908852636814,990.97,0.0115
65.0,-101.0,2026-10-09 23:27:19,-2.6149999999999523,89.49460468292237,11.960908852636814,994.3,0.02475
65.0,-100.5,2026-10-09 23:27:19,-2.8479999999999563,89.89460468292236,10.574908852636815,996.8,0.038125
65.0,-100.0,2026-10-09 23:27:19,-2.9589999999999463,92.81960468292237,12.716908852636815,987.5,0.099125
65.0,-99.5,2026-10-09 23:27:19,-2.3589999999999804,93.69460468292237,13.166908852636814,995.99,0.089625
65.0,-99.0,2026-10-09 23:27:19,-2.2399999999999523,94.01960468292236,8.954908852636814,1001.14,0.064875
65.0,-98.5,2026-10-09 23:27:19,-3.033999999999992,95.56960468292237,7.118908852636815,999.05,0.12975
65.0,-98.0,2026-10-09 23:27:19,-3.394999999999982,93.74460468292237,5.5889088526368145,1001.74,0.515
65.0,-97.5,2026-10-09 23:27:19,-3.2139999999999986,93.01960468292236,7.0649088526368145,1007.25,0.43675
65.0,-97.0,2026-10-09 23:27:19,-2.5979999999999563,91.99460468292237,9.530908852636815,1007.22,0.94225
65.0,-96.5,2026-10-09 23:27:19,-3.190999999999974,88.86960468292237,13.148908852636815,1004.89,2.134375
65.0,-96.0,2026-10-09 23:27:19,-3.1399999999999864,87.54460468292237,15.524908852636814,1004.19,1.861625
65.0,-95.5,2026-10-09 23:27:19,-2.4359999999999786,89.51960468292236,18.926908852636814,1003.91,1.0605
65.0,-95.0,2026-10-09 23:27:19,-2.0079999999999814,88.14460468292236,14.966908852636816,999.55,1.22075
65.0,-94.5,2026-10-09 23:27:19,-1.662999999999954,84.66960468292237,16.550908852636816,999.1,1.514375
65.0,-94.0,2026-10-09 23:27:19,-1.9329999999999927,85.91960468292237,15.830908852636814,995.0,1.525875
65.0,-93.5,2026-10-09 23:27:19,-1.1399999999999864,88.31960468292237,11.006908852636814,998.97,1.4725
65.0,-93.0,2026-10-09 23:27:19,-1.0399999999999636,94.39460468292236,4.724908852636815,997.22,2.05225
65.0,-92.5,2026-10-09 23:27:19,-2.6579999999999586,94.96960468292237,1.862908852636814,995.94,1.962625
65.0,-92.0,2026-10-09 23:27:19,-3.665999999999997,95.71960468292237,2.5289088526368144,990.47,1.60975
65.0,-91.5,2026-10-09 23:27:19,-3.0119999999999436,93.81960468292237,1.6289088526368143,990.72,1.058625
65.0,-91.0,2026-10-09 23:27:19,-3.079999999999984,89.96960468292237,1.2509088526368142,997.25,0.358625
65.0,-90.5,2026-10-09 23:27:19,-3.0569999999999595,89.64460468292236,0.5669088526368141,995.05,0.36425
65.0,-90.0,2026-10-09 23:27:19,-4.039999999999964,91.16960468292237,0.7109088526368142,978.31,0.40625
65.0,-89.5,2026-10-09 23:27:19,-5.0849999999999795,91.84460468292237,5.192908852636815,976.31,0.307125
65.0,-89.0,2026-10-09 23:27:19,-5.2409999999999854,88.29460468292237,9.062908852636815,985.03,0.099125
65.0,-88.5,2026-10-09 23:27:19,-5.4809999999999945,87.44460468292237,9.584908852636813,986.99,0.003875
65.0,-88.0,2026-10-09 23:27:19,-6.0709999999999695,88.16960468292237,9.530908852636815,995.1,0.051500000000000004
65.0,-87.5,2026-10-09 23:27:19,-5.516999999999996,84.46960468292237,10.286908852636815,1008.11,0.104875
65.0,-87.0,2026-10-09 23:27:19,-3.409999999999968,86.94460468292237,15.380908852636814,1019.16,0.16975
65.0,-86.0,2026-10-09 23:27:19,-2.7099999999999795,84.36960468292237,7.154908852636814,1010.3,0.032375
65.0,-85.5,2026-10-09 23:27:19,-2.805999999999983,86.06960468292237,5.714908852636815,1007.91,0.059125000000000004
65.0,-85.0,2026-10-09 23:27:19,-2.262999999999977,84.24460468292237,4.868908852636815,1009.77,0.003875
65.0,-84.5,2026-10-09 23:27:19,-3.880999999999972,89.74460468292237,3.950908852636814,974.52,0.061
65.0,-84.0,2026-10-09 23:27:19,-3.3409999999999513,90.36960468292237,1.862908852636814,979.5,0.082
65.0,-83.5,2026-10-09 23:27:19,-3.891999999999996,90.81960468292237,7.208908852636815,973.41,0.019125
65.0,-83.0,2026-10-09 23:27:19,-0.15299999999996317,88.19460468292237,13.868908852636816,1017.7,0.013375
65.0,-78.0,2026-10-09 23:27:19,0.5600000000000023,68.11960468292237,11.204908852636814,1012.03,0.0
65.0,-77.5,2026-10-09 23:27:19,-0.14899999999994407,72.94460468292236,9.908908852636815,1000.5,0.0
65.0,-77.0,2026-10-09 23:27:19,-0.436999999999955,70.44460468292236,9.332908852636814,1004.0,0.0
65.0,-76.5,2026-10-09 23:27:19,-1.509999999999991,82.11960468292237,9.008908852636814,998.08,0.0
65.0,-76.0,2026-10-09 23:27:19,-0.5259999999999536,80.61960468292237,3.014908852636814,1008.38,0.0
65.0,-75.5,2026-10-09 23:27:19,-0.5409999999999968,78.64460468292236,3.212908852636814,1012.08,0.003875
65.0,-75.0,2026-10-09 23:27:19,-0.4469999999999459,78.01960468292236,9.008908852636814,1012.61,0.068625
65.0,-74.5,2026-10-09 23:27:19,-1.1449999999999818,79.51960468292236,10.214908852636816,1012.77,0.047625
65.0,-74.0,2026-10-09 23:27:19,-1.4239999999999782,79.24460468292237,11.672908852636814,1006.17,0.0
65.0,-73.5,2026-10-09 23:27:19,-2.231999999999971,79.69460468292237,11.906908852636814,990.99,0.00575
65.0,-73.0,2026-10-09 23:27:19,-1.704999999999984,76.11960468292237,9.782908852636815,999.0,0.001875
65.0,-72.5,2026-10-09 23:27:19,-1.9589999999999463,79.01960468292236,8.864908852636814,996.14,0.0
65.0,-72.0,2026-10-09 23:27:19,-1.8839999999999577,78.34460468292237,9.818908852636815,997.92,0.0
65.0,-71.5,2026-10-09 23:27:19,-2.234999999999957,92.44460468292237,17.972908852636817,1001.13,0.0
65.0,-71.0,2026-10-09 23:27:19,-1.2749999999999773,79.44460468292237,15.956908852636815,1000.83,0.0
65.0,-70.5,2026-10-09 23:27:19,-0.46699999999998454,72.66960468292237,8.252908852636816,999.17,0.00575
65.0,-70.0,2026-10-09 23:27:19,-1.6299999999999955,84.36960468292237,5.804908852636815,985.02,0.028625
65.0,-69.5,2026-10-09 23:27:19,-1.98599999999999,87.89460468292236,4.958908852636814,981.55,0.00575
65.0,-69.0,2026-10-09 23:27:19,-2.099999999999966,89.36960468292237,6.164908852636815,966.28,0.001875
65.0,-68.5,2026-10-09 23:27:19,-2.36099999999999,80.56960468292237,5.876908852636815,950.52,0.001875
65.0,-68.0,2026-10-09 23:27:19,-2.6499999999999773,80.09460468292237,0.6749088526368142,943.86,0.001875
65.0,-67.5,2026-10-09 23:27:19,-3.252999999999986,79.66960468292237,3.1409088526368145,943.36,0.001875
65.0,-67.0,2026-10-09 23:27:19,-2.891999999999996,75.24460468292237,4.022908852636814,937.66,0.0
65.0,-66.5,2026-10-09 23:27:19,-4.013999999999953,81.89460468292236,5.138908852636814,932.44,0.003875
65.0,-64.0,2026-10-09 23:27:19,-0.1279999999999859,91.14460468292236,21.878908852636815,999.31,0.0
65.0,-63.5,2026-10-09 23:27:19,0.90300000000002,85.71960468292237,27.296908852636815,1011.67,0.0
65.5,-141.0,2026-10-09 23:27:19,-3.2089999999999463,67.39479522705078,6.375570357888937,946.09,0.05725
65.5,-140.5,2026-10-09 23:27:19,-6.720999999999947,70.01979522705078,22.44957035788894,894.2,0.480625
65.5,-140.0,2026-10-09 23:27:19,-7.48599999999999,67.94479522705079,2.253570357888937,885.42,0.33187500000000003
65.5,-139.5,2026-10-09 23:27:19,-5.0569999999999595,60.49479522705079,8.643570357888938,878.56,0.26125
65.5,-139.0,2026-10-09 23:27:19,-6.2309999999999945,66.44479522705079,16.977570357888936,878.31,0.763
65.5,-138.5,2026-10-09 23:27:19,-8.434999999999945,80.61979522705079,19.76757035788894,928.66,1.27225
65.5,-138.0,2026-10-09 23:27:19,-4.81899999999996,67.19479522705079,18.993570357888938,919.19,1.78525
65.5,-137.5,2026-10-09 23:27:19,-4.883999999999958,62.84479522705078,18.75957035788894,896.76,2.68175
65.5,-137.0,2026-10-09 23:27:19,-6.75,73.79479522705078,18.237570357888938,942.81,3.2845
65.5,-136.5,2026-10-09 23:27:19,-7.303999999999974,78.46979522705078,14.007570357888937,925.07,2.8000000000000003
65.5,-136.0,2026-10-09 23:27:19,-3.7789999999999964,78.51979522705079,7.113570357888937,937.21,6.317125
65.5,-135.5,2026-10-09 23:27:19,-4.547999999999945,76.34479522705078,5.961570357888937,959.16,5.695375
65.5,-135.0,2026-10-09 23:27:19,-4.085999999999956,79.74479522705079,7.995570357888937,976.14,4.756875
65.5,-134.5,2026-10-09 23:27:19,-2.7609999999999673,68.91979522705078,18.27357035788894,917.9,7.902125
65.5,-134.0,2026-10-09 23:27:19,-0.15499999999997272,65.84479522705078,11.487570357888938,930.62,5.4645
65.5,-133.5,2026-10-09 23:27:19,-3.687999999999988,72.74479522705079,13.773570357888937,962.6,7.19075
65.5,-133.0,2026-10-09 23:27:19,-2.697999999999979,63.419795227050784,16.635570357888938,890.65,7.69425
65.5,-132.5,2026-10-09 23:27:19,-2.3179999999999836,65.96979522705078,12.135570357888938,907.43,6.889375
65.5,-132.0,2026-10-09 23:27:19,-1.714999999999975,71.84479522705078,8.643570357888938,921.26,4.728375
65.5,-131.5,2026-10-09 23:27:19,-2.345999999999947,72.61979522705079,6.015570357888937,927.18,5.170875
65.5,-131.0,2026-10-09 23:27:19,-4.592999999999961,75.51979522705078,5.691570357888938,960.98,6.2695
65.5,-130.5,2026-10-09 23:27:19,-4.083999999999946,71.49479522705079,5.079570357888937,957.8,8.377125
65.5,-130.0,2026-10-09 23:27:19,-4.513999999999953,72.54479522705078,3.873570357888937,953.67,8.26075
65.5,-129.5,2026-10-09 23:27:19,-5.298999999999978,86.19479522705079,5.421570357888938,988.17,8.256875
65.5,-129.0,2026-10-09 23:27:19,-4.640999999999963,89.86979522705079,3.9275703578889374,997.4,8.276
65.5,-128.5,2026-10-09 23:27:19,-2.915999999999997,83.71979522705078,12.405570357888937,1008.53,7.658
65.5,-128.0,2026-10-09 23:27:19,-2.978999999999985,86.39479522705079,14.097570357888939,1000.49,4.274375
65.5,-127.5,2026-10-09 23:27:19,-1.287999999999954,83.34479522705078,14.025570357888938,1010.45,1.26075
65.5,-127.0,2026-10-09 23:27:19,-1.1669999999999732,77.54479522705078,11.541570357888936,994.15,0.434875
65.5,-126.5,2026-10-09 23:27:19,1.54200000000003,72.59479522705078,15.303570357888939,1011.41,0.782
65.5,-126.0,2026-10-09 23:27:19,-2.22199999999998,88.81979522705079,14.601570357888937,974.53,2.153375
65.5,-125.5,2026-10-09 23:27:19,-0.547999999999945,81.06979522705079,15.933570357888938,991.36,3.0841250000000002
65.5,-125.0,2026-10-09 23:27:19,-1.356999999999971,82.21979522705078,11.577570357888938,979.3,2.1858750000000002
65.5,-124.5,2026-10-09 23:27:19,0.16500000000002046,74.71979522705078,9.111570357888937,1000.33,2.819
65.5,-124.0,2026-10-09 23:27:19,0.22400000000004638,75.56979522705079,6.681570357888937,1004.41,1.9665000000000001
65.5,-123.5,2026-10-09 23:27:19,-0.39999999999997726,70.29124526977539,6.32327324706316,997.19,2.468125
65.5,-123.0,2026-10-09 23:27:19,-0.7449999999999477,72.04124526977539,5.42327324706316,996.1,3.30925
65.5,-122.5,2026-10-09 23:27:19,0.3030000000000541,73.2662452697754,11.59727324706316,1008.52,1.6536250000000001
65.5,-122.0,2026-10-09 23:27:19,-0.1519999999999868,72.4662452697754,12.20927324706316,1008.55,1.062375
65.5,-121.5,2026-10-09 23:27:19,0.14800000000002456,73.74124526977539,13.75727324706316,1008.33,1.39425
65.5,-121.0,2026-10-09 23:27:19,-2.5359999999999445,84.86624526977539,7.70927324706316,973.07,4.71875
65.5,-120.5,2026-10-09 23:27:19,-1.7839999999999918,88.6662452697754,10.10327324706316,980.41,5.13075
65.5,-120.0,2026-10-09 23:27:19,0.14200000000005275,78.4412452697754,13.577273247063161,1007.91,0.9898750000000001
65.5,-119.5,2026-10-09 23:27:19,-0.7559999999999718,72.41624526977539,10.067273247063161,997.41,0.637
65.5,-119.0,2026-10-09 23:27:19,-2.349999999999966,78.0912452697754,11.29127324706316,982.28,1.1215
65.5,-118.5,2026-10-09 23:27:19,-0.8899999999999864,77.6662452697754,10.60727324706316,1004.92,2.3575
65.5,-118.0,2026-10-09 23:27:19,-1.0019999999999527,75.4662452697754,12.38927324706316,1000.36,0.764875
65.5,-117.5,2026-10-09 23:27:19,-1.7899999999999636,77.7662452697754,14.78327324706316,989.1,0.162125
65.5,-117.0,2026-10-09 23:27:19,-2.3419999999999845,77.9162452697754,16.04327324706316,986.25,0.12587500000000001
65.5,-116.5,2026-10-09 23:27:19,-3.519999999999982,82.2162452697754,15.305273247063159,978.46,0.404375
65.5,-116.0,2026-10-09 23:27:19,-4.081999999999994,82.5412452697754,17.05127324706316,976.33,0.22125
65.5,-115.5,2026-10-09 23:27:19,-4.553999999999974,84.8162452697754,17.645273247063162,972.67,0.225125
65.5,-115.0,2026-10-09 23:27:19,-4.8799999999999955,86.5412452697754,17.87927324706316,969.41,0.362375
65.5,-114.5,2026-10-09 23:27:19,-4.5429999999999495,86.4162452697754,16.997273247063163,976.52,0.39675
65.5,-114.0,2026-10-09 23:27:19,-4.256999999999948,86.11624526977539,17.51927324706316,977.49,0.246
65.5,-113.5,2026-10-09 23:27:19,-4.996999999999957,84.6662452697754,16.94327324706316,966.94,0.150625
65.5,-113.0,2026-10-09 23:27:19,-3.947999999999979,87.4662452697754,20.30927324706316,974.92,0.04
65.5,-112.5,2026-10-09 23:27:19,-5.648999999999944,80.2162452697754,14.459273247063162,971.66,0.0305
65.5,-112.0,2026-10-09 23:27:19,-5.80499999999995,78.4162452697754,12.929273247063161,969.41,0.0095
65.5,-111.5,2026-10-09 23:27:19,-6.4669999999999845,81.6412452697754,13.23527324706316,962.38,0.038125
65.5,-111.0,2026-10-09 23:27:19,-6.194999999999993,79.7162452697754,9.63527324706316,967.41,0.022875
65.5,-110.5,2026-10-09 23:27:19,-5.569999999999993,81.74124526977539,10.877273247063162,972.02,0.022875
65.5,-110.0,2026-10-09 23:27:19,-5.748999999999967,81.5162452697754,9.13127324706316,966.63,0.095375
65.5,-109.5,2026-10-09 23:27:19,-5.560999999999979,82.8162452697754,11.00327324706316,968.92,0.1125
65.5,-109.0,2026-10-09 23:27:19,-5.402999999999963,84.74124526977539,12.47927324706316,969.89,0.146875
65.5,-108.5,2026-10-09 23:27:19,-5.382999999999981,86.0662452697754,13.61327324706316,971.27,0.4025
65.5,-108.0,2026-10-09 23:27:19,-4.5989999999999895,86.1912452697754,13.43327324706316,977.86,0.413875
65.5,-107.5,2026-10-09 23:27:19,-4.2549999999999955,85.3912452697754,14.621273247063161,984.13,0.204125
65.5,-107.0,2026-10-09 23:27:19,-3.519999999999982,82.7662452697754,16.85327324706316,992.58,0.1945
65.5,-106.5,2026-10-09 23:27:19,-3.944999999999993,86.2662452697754,16.33127324706316,986.0,0.20600000000000002
65.5,-106.0,2026-10-09 23:27:19,-3.73599999999999,87.61624526977539,15.989273247063162,987.92,0.246
65.5,-105.5,2026-10-09 23:27:19,-3.658999999999992,91.4412452697754,16.97927324706316,984.16,0.186875
65.5,-105.0,2026-10-09 23:27:19,-3.037999999999954,90.8162452697754,17.285273247063163,987.19,0.3605
65.5,-104.5,2026-10-09 23:27:19,-2.308999999999969,89.61624526977539,16.74527324706316,988.1,0.291875
65.5,-104.0,2026-10-09 23:27:19,-1.475999999999999,87.0912452697754,14.099273247063161,997.41,0.23275
65.5,-103.5,2026-10-09 23:27:19,-1.6469999999999914,87.74124526977539,14.85527324706316,997.41,0.204125
65.5,-103.0,2026-10-09 23:27:19,-2.1999999999999886,90.1662452697754,15.233273247063162,993.35,0.07062500000000001
65.5,-102.5,2026-10-09 23:27:19,-2.1339999999999577,90.5912452697754,13.66727324706316,999.24,0.02475
65.5,-102.0,2026-10-09 23:27:19,-2.197999999999979,90.9162452697754,13.361273247063162,999.05,0.0115
65.5,-101.5,2026-10-09 23:27:19,-3.4939999999999714,92.59460468292237,10.736908852636814,998.92,0.022875
65.5,-101.0,2026-10-09 23:27:19,-2.589999999999975,90.39460468292236,10.736908852636814,998.64,0.032375
65.5,-100.5,2026-10-09 23:27:19,-3.541999999999973,91.39460468292236,9.872908852636813,999.61,0.053375
65.5,-100.0,2026-10-09 23:27:19,-3.245999999999981,89.79460468292237,12.194908852636814,1001.31,0.17550000000000002
65.5,-99.5,2026-10-09 23:27:19,-2.2169999999999845,92.51960468292236,13.724908852636815,996.2,0.532125
65.5,-99.0,2026-10-09 23:27:19,-1.48599999999999,93.89460468292236,11.060908852636814,1000.58,0.9383750000000001
65.5,-98.5,2026-10-09 23:27:19,-2.4939999999999714,94.16960468292237,6.398908852636815,1001.52,0.71525
65.5,-98.0,2026-10-09 23:27:19,-2.901999999999987,94.44460468292237,3.6629088526368143,1002.03,0.4425
65.5,-97.5,2026-10-09 23:27:19,-3.280999999999949,90.61960468292237,6.164908852636815,995.33,0.413875
65.5,-97.0,2026-10-09 23:27:19,-3.8559999999999945,91.51960468292236,7.262908852636814,1003.91,0.3815
65.5,-96.5,2026-10-09 23:27:19,-3.7939999999999827,90.49460468292237,12.104908852636814,997.99,0.377625
65.5,-96.0,2026-10-09 23:27:19,-3.634999999999991,89.74460468292237,13.670908852636815,1000.02,0.461625
65.5,-95.5,2026-10-09 23:27:19,-3.1929999999999836,87.89460468292236,15.020908852636815,999.42,1.165375
65.5,-95.0,2026-10-09 23:27:19,-3.0649999999999977,88.84460468292237,13.778908852636814,995.2,0.9746250000000001
65.5,-94.5,2026-10-09 23:27:19,-3.1439999999999486,88.14460468292236,13.868908852636816,986.92,1.37525
65.5,-94.0,2026-10-09 23:27:19,-2.7729999999999677,85.44460468292237,13.922908852636814,993.31,1.8215000000000001
65.5,-93.5,2026-10-09 23:27:19,-1.7969999999999686,89.14460468292236,13.490908852636815,994.38,1.3065
65.5,-93.0,2026-10-09 23:27:19,-2.9799999999999613,95.81960468292237,8.288908852636814,978.77,0.9097500000000001
65.5,-92.5,2026-10-09 23:27:19,-3.2689999999999486,93.59460468292237,8.720908852636814,982.2,0.7935
65.5,-92.0,2026-10-09 23:27:19,-2.947999999999979,91.64460468292236,7.352908852636815,986.24,0.8145
65.5,-91.5,2026-10-09 23:27:19,-4.200999999999965,93.09460468292237,6.200908852636814,973.66,1.0718750000000001
65.5,-91.0,2026-10-09 23:27:19,-4.1129999999999995,90.86960468292237,3.4289088526368143,976.67,0.90025
65.5,-90.5,2026-10-09 23:27:19,-4.413999999999987,89.29460468292237,2.5289088526368144,978.5,0.532125
65.5,-90.0,2026-10-09 23:27:19,-5.767999999999972,90.69460468292237,5.210908852636814,965.03,0.497875
65.5,-89.5,2026-10-09 23:27:19,-6.9109999999999445,92.81960468292237,7.640908852636814,976.99,0.2575
65.5,-89.0,2026-10-09 23:27:19,-4.595999999999947,78.26960468292236,9.710908852636814,1019.36,0.0115
65.5,-88.5,2026-10-09 23:27:19,-5.197999999999979,80.16960468292237,7.334908852636814,1019.83,0.0
65.5,-88.0,2026-10-09 23:27:19,-5.8629999999999995,83.79460468292237,5.444908852636814,1007.72,0.0
65.5,-87.5,2026-10-09 23:27:19,-6.69399999999996,90.11960468292237,8.630908852636814,1002.45,0.0
65.5,-87.0,2026-10-09 23:27:19,-4.909999999999968,87.44460468292237,14.264908852636815,1019.14,0.01525
65.5,-86.0,2026-10-09 23:27:19,-2.9629999999999654,82.19460468292237,9.404908852636815,1014.89,0.04575
65.5,-85.5,2026-10-09 23:27:19,-2.23599999999999,81.69460468292237,7.334908852636814,1013.88,0.16025
65.5,-85.0,2026-10-09 23:27:19,-1.8549999999999613,81.96960468292237,7.118908852636815,1018.41,0.131625
65.5,-84.5,2026-10-09 23:27:19,-0.9689999999999941,74.71960468292237,3.248908852636814,1018.22,0.26125
65.5,-77.5,2026-10-09 23:27:19,0.38700000000000045,66.16960468292237,9.926908852636815,1016.53,0.0
65.5,-77.0,2026-10-09 23:27:19,0.21300000000002228,65.26960468292236,10.520908852636815,1016.45,0.0
65.5,-74.5,2026-10-09 23:27:19,-0.4189999999999827,77.51960468292236,7.9109088526368145,1015.72,0.0
65.5,-74.0,2026-10-09 23:27:19,-1.3449999999999704,79.79460468292237,3.338908852636814,1015.47,0.003875
65.5,-73.5,2026-10-09 23:27:19,-1.36099999999999,75.71960468292237,3.248908852636814,1015.31,0.022875
65.5,-73.0,2026-10-09 23:27:19,-1.870999999999981,77.49460468292237,6.380908852636814,1008.6,0.001875
65.5,-72.5,2026-10-09 23:27:19,-2.4359999999999786,76.61960468292237,9.350908852636815,997.67,0.0
65.5,-72.0,2026-10-09 23:27:19,-3.079999999999984,80.69460468292237,10.394908852636814,992.27,0.0
65.5,-71.5,2026-10-09 23:27:19,-3.968999999999994,89.29460468292237,14.786908852636813,1001.3,0.0
65.5,-71.0,2026-10-09 23:27:19,-1.7729999999999677,84.91960468292237,16.586908852636814,1000.89,0.0
65.5,-70.5,2026-10-09 23:27:19,-0.6059999999999945,73.34460468292237,11.546908852636815,1000.92,0.001875
65.5,-70.0,2026-10-09 23:27:19,-0.22699999999997544,71.61960468292237,6.200908852636814,990.19,0.019125
65.5,-69.5,2026-10-09 23:27:19,-1.954999999999984,86.71960468292237,5.012908852636815,984.02,0.017125
65.5,-69.0,2026-10-09 23:27:19,-1.5609999999999786,86.36960468292237,5.768908852636814,972.74,0.00575
65.5,-68.5,2026-10-09 23:27:19,-2.019999999999982,82.14460468292236,6.542908852636815,956.49,0.0
65.5,-68.0,2026-10-09 23:27:19,-2.569999999999993,82.11960468292237,1.916908852636814,946.03,0.017125
65.5,-67.5,2026-10-09 23:27:19,-3.3169999999999504,78.99460468292237,2.1509088526368143,942.81,0.003875
65.5,-67.0,2026-10-09 23:27:19,-2.867999999999995,75.94460468292236,3.1049088526368145,936.72,0.0
65.5,-65.0,2026-10-09 23:27:19,-9.47399999999999,77.54460468292237,5.732908852636815,943.86,0.0
65.5,-64.5,2026-10-09 23:27:19,-7.078999999999951,89.61960468292237,9.872908852636813,965.31,0.0
65.5,-64.0,2026-10-09 23:27:19,-1.731999999999971,91.14460468292236,18.116908852636815,984.53,0.0
65.5,-63.5,2026-10-09 23:27:19,0.9110000000000014,83.26960468292236,28.718908852636815,1011.81,0.0
65.5,-63.0,2026-10-09 23:27:19,0.38400000000001455,80.99460468292237,26.306908852636813,1011.5,0.0
66.0,-141.0,2026-10-09 23:27:19,-4.015999999999963,61.21979522705078,2.973570357888937,947.98,0.23275
66.0,-140.5,2026-10-09 23:27:19,-6.391999999999996,67.21979522705078,9.975570357888937,930.71,0.5836250000000001
66.0,-140.0,2026-10-09 23:27:19,-7.790999999999997,65.71979522705078,4.125570357888937,911.23,0.185
66.0,-139.5,2026-10-09 23:27:19,-7.510999999999967,68.36979522705079,12.135570357888938,935.49,0.131625
66.0,-139.0,2026-10-09 23:27:19,-7.559999999999945,75.76979522705078,9.471570357888938,963.41,0.4215
66.0,-138.5,2026-10-09 23:27:19,-5.761999999999944,67.94479522705079,5.673570357888937,945.94,1.31225
66.0,-138.0,2026-10-09 23:27:19,-6.34499999999997,78.06979522705079,7.743570357888938,965.7,1.297
66.0,-137.5,2026-10-09 23:27:19,-6.893999999999949,75.96979522705078,10.839570357888938,963.1,1.535375
66.0,-137.0,2026-10-09 23:27:19,-10.089999999999975,89.26979522705079,5.241570357888937,958.51,1.773875
66.0,-136.5,2026-10-09 23:27:19,-9.283999999999992,81.21979522705078,2.127570357888937,965.3,2.26975
66.0,-136.0,2026-10-09 23:27:19,-7.560999999999979,74.39479522705078,2.703570357888937,952.89,1.4095
66.0,-135.5,2026-10-09 23:27:19,-6.61099999999999,73.39479522705078,8.103570357888938,927.57,2.4242500000000002
66.0,-135.0,2026-10-09 23:27:19,-7.46999999999997,85.24479522705079,8.373570357888937,974.55,1.3905
66.0,-134.5,2026-10-09 23:27:19,-7.92999999999995,82.54479522705078,14.709570357888937,982.9,2.868625
66.0,-134.0,2026-10-09 23:27:19,-6.391999999999996,82.01979522705079,8.373570357888937,988.63,3.9101250000000003
66.0,-133.5,2026-10-09 23:27:19,-4.982999999999947,74.21979522705078,4.971570357888937,985.49,4.377375
66.0,-133.0,2026-10-09 23:27:19,-4.425999999999988,73.79479522705078,9.921570357888937,974.7,5.764
66.0,-132.5,2026-10-09 23:27:19,-3.5539999999999736,75.44479522705079,8.247570357888936,980.41,7.00575
66.0,-132.0,2026-10-09 23:27:19,-4.259999999999991,73.79479522705078,4.575570357888937,997.13,6.0691250000000005
66.0,-131.5,2026-10-09 23:27:19,-5.686999999999955,75.56979522705079,7.113570357888937,993.67,5.10025
66.0,-131.0,2026-10-09 23:27:19,-5.525999999999954,82.01979522705079,9.129570357888937,995.21,5.06025
66.0,-130.5,2026-10-09 23:27:19,-4.614999999999952,85.56979522705079,12.477570357888938,1006.1,5.289125
66.0,-130.0,2026-10-09 23:27:19,-4.771999999999991,92.16979522705078,12.693570357888937,1014.02,4.722625
66.0,-129.5,2026-10-09 23:27:19,-4.927999999999997,92.51979522705079,10.875570357888938,1017.4,3.599125
66.0,-129.0,2026-10-09 23:27:19,-3.947999999999979,93.59479522705078,11.541570357888936,1017.46,2.889625
66.0,-128.5,2026-10-09 23:27:19,-3.162999999999954,85.66979522705078,10.317570357888938,1013.1,1.913125
66.0,-128.0,2026-10-09 23:27:19,-2.9599999999999795,86.04479522705078,11.991570357888937,996.28,3.290125
66.0,-127.5,2026-10-09 23:27:19,-1.5499999999999545,78.64479522705079,10.353570357888938,1001.7,2.8305000000000002
66.0,-127.0,2026-10-09 23:27:19,-3.380999999999972,91.49479522705079,13.035570357888936,969.27,1.4228750000000001
66.0,-126.5,2026-10-09 23:27:19,-1.2479999999999905,82.66979522705078,13.773570357888937,981.15,2.20875
66.0,-126.0,2026-10-09 23:27:19,-1.051999999999964,79.46979522705078,15.285570357888938,981.49,0.67325
66.0,-125.5,2026-10-09 23:27:19,-0.936999999999955,75.24479522705079,14.259570357888938,983.03,1.649875
66.0,-125.0,2026-10-09 23:27:19,0.35100000000005593,79.29479522705078,17.445570357888936,1004.85,3.56675
66.0,-124.5,2026-10-09 23:27:19,0.2820000000000391,75.86979522705079,11.181570357888939,1005.54,2.79425
66.0,-124.0,2026-10-09 23:27:19,-0.026999999999986812,70.26979522705078,11.019570357888936,1003.5,2.97925
66.0,-123.5,2026-10-09 23:27:19,-1.6499999999999773,69.99124526977539,10.301273247063161,994.61,3.704125
66.0,-123.0,2026-10-09 23:27:19,-0.8619999999999663,69.3912452697754,8.84327324706316,1006.41,1.524
66.0,-122.5,2026-10-09 23:27:19,-0.9249999999999545,66.7662452697754,7.457273247063161,1007.3,0.8316250000000001
66.0,-122.0,2026-10-09 23:27:19,-1.815999999999974,69.66624526977539,7.85327324706316,993.83,0.692375
66.0,-121.5,2026-10-09 23:27:19,-5.297999999999945,82.36624526977539,10.301273247063161,957.27,4.8065
66.0,-121.0,2026-10-09 23:27:19,-1.6569999999999823,78.2912452697754,12.983273247063162,1008.88,1.026125
66.0,-120.5,2026-10-09 23:27:19,-1.1399999999999864,77.6912452697754,11.72327324706316,1008.64,1.216875
66.0,-120.0,2026-10-09 23:27:19,-0.1169999999999618,73.8912452697754,11.939273247063161,1008.02,2.47575
66.0,-119.5,2026-10-09 23:27:19,-0.5,74.5162452697754,16.02527324706316,1007.5,3.4065
66.0,-119.0,2026-10-09 23:27:19,-1.0389999999999873,76.8412452697754,16.81727324706316,1006.92,5.611375
66.0,-118.5,2026-10-09 23:27:19,-1.4039999999999964,78.6412452697754,16.58327324706316,1007.64,3.4065
66.0,-118.0,2026-10-09 23:27:19,-2.5909999999999513,79.5662452697754,18.52727324706316,995.17,2.704625
66.0,-117.5,2026-10-09 23:27:19,-2.947999999999979,74.5912452697754,16.133273247063162,993.11,1.9035
66.0,-117.0,2026-10-09 23:27:19,-3.5119999999999436,77.4662452697754,19.39127324706316,987.58,1.794875
66.0,-116.5,2026-10-09 23:27:19,-4.599999999999966,78.5162452697754,19.44527324706316,975.28,1.804375
66.0,-116.0,2026-10-09 23:27:19,-5.043999999999983,78.24124526977539,17.735273247063162,971.72,1.44
66.0,-115.5,2026-10-09 23:27:19,-5.302999999999997,83.9162452697754,20.165273247063162,970.66,1.61175
66.0,-115.0,2026-10-09 23:27:19,-5.288999999999987,77.49124526977539,15.25127324706316,974.13,1.07
66.0,-114.5,2026-10-09 23:27:19,-5.0779999999999745,77.9412452697754,13.28927324706316,977.88,0.852625
66.0,-114.0,2026-10-09 23:27:19,-5.48599999999999,77.4162452697754,13.55927324706316,972.75,0.732375
66.0,-113.5,2026-10-09 23:27:19,-5.708999999999946,76.3412452697754,13.073273247063161,972.53,0.49025
66.0,-113.0,2026-10-09 23:27:19,-6.317999999999984,78.7662452697754,13.37927324706316,969.32,0.124
66.0,-112.5,2026-10-09 23:27:19,-6.823999999999955,79.86624526977539,13.811273247063161,969.6,0.01525
66.0,-112.0,2026-10-09 23:27:19,-7.165999999999997,78.6662452697754,12.20927324706316,964.27,0.019125
66.0,-111.5,2026-10-09 23:27:19,-7.1129999999999995,82.5912452697754,10.40927324706316,965.02,0.022875
66.0,-111.0,2026-10-09 23:27:19,-7.305999999999983,83.74124526977539,10.589273247063161,954.03,0.0935
66.0,-110.5,2026-10-09 23:27:19,-6.5849999999999795,79.4162452697754,9.923273247063161,961.41,0.173625
66.0,-110.0,2026-10-09 23:27:19,-6.331999999999994,79.74124526977539,11.201273247063162,962.49,0.295625
66.0,-109.5,2026-10-09 23:27:19,-5.849999999999966,79.3162452697754,12.85727324706316,966.33,0.28425
66.0,-109.0,2026-10-09 23:27:19,-5.729999999999961,82.2162452697754,13.27127324706316,972.63,0.2155
66.0,-108.5,2026-10-09 23:27:19,-4.981999999999971,84.0162452697754,13.14527324706316,982.32,0.373875
66.0,-108.0,2026-10-09 23:27:19,-5.402999999999963,87.7662452697754,13.883273247063162,975.3,0.665625
66.0,-107.5,2026-10-09 23:27:19,-5.440999999999974,85.99124526977539,16.49327324706316,972.14,0.7305
66.0,-107.0,2026-10-09 23:27:19,-4.668999999999983,87.5412452697754,14.96327324706316,984.85,0.6275000000000001
66.0,-106.5,2026-10-09 23:27:19,-4.659999999999968,86.9662452697754,13.54127324706316,992.6,0.564625
66.0,-106.0,2026-10-09 23:27:19,-4.643999999999949,88.0162452697754,15.73727324706316,989.39,0.450125
66.0,-105.5,2026-10-09 23:27:19,-3.7099999999999795,86.9412452697754,16.889273247063162,996.69,0.2575
66.0,-105.0,2026-10-09 23:27:19,-3.9249999999999545,89.5912452697754,17.89727324706316,990.3,0.39675
66.0,-104.5,2026-10-09 23:27:19,-3.173999999999978,89.8412452697754,19.06727324706316,991.83,0.29375
66.0,-104.0,2026-10-09 23:27:19,-2.5509999999999877,83.0912452697754,18.70727324706316,993.85,0.47300000000000003
66.0,-103.5,2026-10-09 23:27:19,-2.1289999999999623,84.8412452697754,18.90527324706316,996.96,0.31275000000000003
66.0,-103.0,2026-10-09 23:27:19,-2.166999999999973,87.3912452697754,19.39127324706316,995.53,0.146875
66.0,-102.5,2026-10-09 23:27:19,-2.375,88.7912452697754,21.497273247063163,997.39,0.022875
66.0,-102.0,2026-10-09 23:27:19,-1.8559999999999945,89.86624526977539,20.43527324706316,1000.36,0.01525
66.0,-101.5,2026-10-09 23:27:19,-3.30499999999995,93.34460468292237,10.160908852636814,997.38,0.02675
66.0,-101.0,2026-10-09 23:27:19,-3.634999999999991,92.64460468292236,8.738908852636815,999.22,0.051500000000000004
66.0,-100.5,2026-10-09 23:27:19,-3.4739999999999895,91.29460468292237,11.780908852636815,1002.8,0.07825
66.0,-100.0,2026-10-09 23:27:19,-2.6619999999999777,91.89460468292236,12.572908852636814,1001.5,0.150625
66.0,-99.5,2026-10-09 23:27:19,-1.6829999999999927,92.76960468292236,9.296908852636815,1000.44,0.286125
66.0,-99.0,2026-10-09 23:27:19,-2.405999999999949,92.86960468292237,4.5809088526368145,1002.95,0.341375
66.0,-98.5,2026-10-09 23:27:19,-2.5459999999999923,91.26960468292236,3.212908852636814,1004.77,0.4005
66.0,-98.0,2026-10-09 23:27:19,-2.6339999999999577,87.64460468292236,3.1409088526368145,1008.72,0.43675
66.0,-97.5,2026-10-09 23:27:19,-2.6689999999999827,88.89460468292236,4.472908852636814,1010.0,0.27087500000000003
66.0,-97.0,2026-10-09 23:27:19,-3.169999999999959,90.54460468292237,8.162908852636814,1005.16,0.732375
66.0,-96.5,2026-10-09 23:27:19,-3.026999999999987,87.44460468292237,10.592908852636814,1005.36,0.8755000000000001
66.0,-96.0,2026-10-09 23:27:19,-3.2139999999999986,89.49460468292237,12.248908852636815,996.06,1.154
66.0,-95.5,2026-10-09 23:27:19,-3.2899999999999636,87.09460468292237,11.168908852636815,999.05,0.486375
66.0,-95.0,2026-10-09 23:27:19,-3.923999999999978,89.49460468292237,12.500908852636814,991.11,0.34525
66.0,-94.5,2026-10-09 23:27:19,-3.6609999999999445,91.04460468292237,12.302908852636815,983.56,0.461625
66.0,-94.0,2026-10-09 23:27:19,-3.8789999999999623,89.26960468292236,12.428908852636814,980.69,0.307125
66.0,-93.5,2026-10-09 23:27:19,-3.248999999999967,92.49460468292237,8.900908852636814,984.3,0.67325
66.0,-93.0,2026-10-09 23:27:19,-4.300999999999988,88.34460468292237,7.334908852636814,978.31,0.99375
66.0,-92.5,2026-10-09 23:27:19,-5.378999999999962,89.24460468292237,8.306908852636814,971.97,0.804875
66.0,-92.0,2026-10-09 23:27:19,-5.3489999999999895,87.64460468292236,6.434908852636815,985.6,0.391
66.0,-91.5,2026-10-09 23:27:19,-5.047999999999945,80.89460468292236,6.200908852636814,999.67,0.45587500000000003
66.0,-91.0,2026-10-09 23:27:19,-5.696999999999946,79.74460468292237,6.020908852636815,1002.72,0.33
66.0,-90.5,2026-10-09 23:27:19,-6.703999999999951,83.09460468292237,3.8069088526368144,989.89,0.225125
66.0,-90.0,2026-10-09 23:27:19,-5.788999999999987,77.14460468292236,4.760908852636814,1011.67,0.150625
66.0,-89.5,2026-10-09 23:27:19,-8.169999999999959,89.29460468292237,9.494908852636815,986.44,0.12775
66.0,-89.0,2026-10-09 23:27:19,-7.944999999999993,91.84460468292237,11.762908852636814,982.56,0.053375
66.0,-88.5,2026-10-09 23:27:19,-7.0639999999999645,89.61960468292237,10.142908852636815,985.25,0.0
66.0,-88.0,2026-10-09 23:27:19,-6.6889999999999645,92.61960468292237,14.048908852636815,983.55,0.0
66.0,-87.5,2026-10-09 23:27:19,-6.908999999999992,90.06960468292237,11.762908852636814,990.97,0.0
66.0,-87.0,2026-10-09 23:27:19,-7.006999999999948,93.86960468292237,10.808908852636815,999.78,0.0
66.0,-86.5,2026-10-09 23:27:19,-6.670999999999992,94.14460468292236,11.096908852636815,1007.52,0.0
66.0,-86.0,2026-10-09 23:27:19,-4.406999999999982,88.66960468292237,15.236908852636814,1019.06,0.0115
66.0,-85.5,2026-10-09 23:27:19,-3.974999999999966,86.81960468292237,8.810908852636814,1018.88,0.001875
66.0,-85.0,2026-10-09 23:27:19,-4.128999999999962,89.19460468292237,5.732908852636815,1008.95,0.0
66.0,-84.5,2026-10-09 23:27:19,-3.308999999999969,88.31960468292237,8.342908852636814,1018.58,0.0
66.0,-84.0,2026-10-09 23:27:19,-2.8079999999999927,87.44460468292237,7.388908852636814,1002.81,0.0
66.0,-83.5,2026-10-09 23:27:19,-1.6529999999999632,82.39460468292236,10.574908852636815,1017.16,0.0
66.0,-74.5,2026-10-09 23:27:19,-0.09799999999995634,70.96960468292237,18.782908852636815,1015.63,0.0
66.0,-74.0,2026-10-09 23:27:19,-0.58299999999997,78.34460468292237,3.8249088526368142,1015.36,0.0
66.0,-73.5,2026-10-09 23:27:19,-0.9419999999999504,74.71960468292237,3.680908852636814,1014.25,0.01525
66.0,-73.0,2026-10-09 23:27:19,-1.4209999999999923,73.29460468292237,4.058908852636814,1010.64,0.061
66.0,-72.5,2026-10-09 23:27:19,-2.2309999999999945,75.79460468292237,8.918908852636815,1000.06,0.0
66.0,-72.0,2026-10-09 23:27:19,-2.902999999999963,80.11960468292237,10.952908852636815,996.27,0.0
66.0,-71.5,2026-10-09 23:27:19,-3.23599999999999,81.94460468292237,11.384908852636814,998.17,0.0
66.0,-71.0,2026-10-09 23:27:19,-2.238999999999976,88.79460468292237,17.378908852636815,1001.0,0.0
66.0,-70.5,2026-10-09 23:27:19,-0.7689999999999486,74.51960468292236,13.634908852636814,1001.0,0.0
66.0,-70.0,2026-10-09 23:27:19,-0.4679999999999609,73.44460468292236,7.298908852636814,993.92,0.003875
66.0,-69.5,2026-10-09 23:27:19,-1.7269999999999754,84.64460468292236,5.714908852636815,982.91,0.02475
66.0,-69.0,2026-10-09 23:27:19,-1.8959999999999582,86.34460468292237,5.876908852636815,978.78,0.001875
66.0,-68.5,2026-10-09 23:27:19,-2.2139999999999986,90.16960468292237,6.434908852636815,961.06,0.0
66.0,-68.0,2026-10-09 23:27:19,-2.352999999999952,85.14460468292236,3.248908852636814,951.63,0.0
66.0,-67.5,2026-10-09 23:27:19,-2.794999999999959,76.51960468292236,0.7649088526368142,945.5,0.001875
66.0,-67.0,2026-10-09 23:27:19,-2.4769999999999754,76.81960468292237,3.050908852636814,942.6,0.001875
66.0,-66.0,2026-10-09 23:27:19,-3.579999999999984,75.89460468292236,6.8309088526368145,929.33,0.0
66.0,-65.5,2026-10-09 23:27:19,-1.47199999999998,78.89460468292236,5.066908852636814,956.05,0.0
66.0,-65.0,2026-10-09 23:27:19,-6.587999999999965,90.59460468292237,9.152908852636815,944.44,0.0
66.0,-64.5,2026-10-09 23:27:19,-2.4599999999999795,86.19460468292237,8.954908852636814,985.27,0.0
66.0,-64.0,2026-10-09 23:27:19,-2.683999999999969,87.94460468292237,16.298908852636817,984.14,0.0
66.0,-63.5,2026-10-09 23:27:19,0.8970000000000482,85.36960468292237,26.630908852636814,1011.27,0.0
66.0,-63.0,2026-10-09 23:27:19,0.7520000000000095,82.16960468292237,26.252908852636814,1011.6,0.0
66.0,-62.5,2026-10-09 23:27:19,0.5190000000000055,81.19460468292237,25.964908852636814,1011.2,0.0095
66.0,-62.0,2026-10-09 23:27:19,1.4780000000000086,80.34460468292237,25.640908852636816,1010.7,0.0
66.5,-141.0,2026-10-09 23:27:19,-4.148999999999944,56.394795227050786,3.477570357888937,962.93,0.240375
66.5,-140.5,2026-10-09 23:27:19,-5.169999999999959,63.59479522705078,1.605570357888937,945.24,0.23075
66.5,-140.0,2026-10-09 23:27:19,-6.385999999999967,70.09479522705078,4.503570357888937,925.35,0.116375
66.5,-139.5,2026-10-09 23:27:19,-10.126999999999953,86.94479522705079,2.199570357888937,945.6,0.307125
66.5,-139.0,2026-10-09 23:27:19,-9.04299999999995,86.84479522705078,2.325570357888937,943.0,0.309
66.5,-138.5,2026-10-09 23:27:19,-10.273999999999944,80.61979522705079,2.685570357888937,985.87,0.177375
66.5,-138.0,2026-10-09 23:27:19,-9.241999999999962,83.16979522705078,2.145570357888937,974.15,0.14300000000000002
66.5,-137.5,2026-10-09 23:27:19,-6.509999999999991,76.54479522705078,5.8535703578889375,970.26,0.27087500000000003
66.5,-137.0,2026-10-09 23:27:19,-7.495999999999981,84.81979522705079,7.113570357888937,975.39,0.515
66.5,-136.5,2026-10-09 23:27:19,-8.704999999999984,86.66979522705078,8.823570357888936,941.83,0.356625
66.5,-136.0,2026-10-09 23:27:19,-5.133999999999958,75.21979522705078,14.997570357888938,919.32,1.63275
66.5,-135.5,2026-10-09 23:27:19,-3.037999999999954,79.61979522705079,5.6195703578889376,949.21,2.616875
66.5,-135.0,2026-10-09 23:27:19,-2.7409999999999854,79.74479522705079,7.995570357888937,982.01,2.6455
66.5,-134.5,2026-10-09 23:27:19,-3.83299999999997,79.66979522705078,10.839570357888938,964.04,3.362625
66.5,-134.0,2026-10-09 23:27:19,-3.4289999999999736,80.24479522705079,9.129570357888937,999.95,2.586375
66.5,-133.5,2026-10-09 23:27:19,-5.9179999999999495,84.36979522705079,15.105570357888936,1010.26,3.418
66.5,-133.0,2026-10-09 23:27:19,-5.074999999999989,83.99479522705079,11.019570357888936,1013.81,3.14525
66.5,-132.5,2026-10-09 23:27:19,-5.393999999999949,82.99479522705079,9.651570357888938,1008.92,3.004125
66.5,-132.0,2026-10-09 23:27:19,-5.561999999999955,83.84479522705078,10.047570357888937,1009.27,3.212
66.5,-131.5,2026-10-09 23:27:19,-5.597999999999956,85.41979522705078,10.551570357888938,1010.55,3.0995
66.5,-131.0,2026-10-09 23:27:19,-5.2339999999999804,87.31979522705079,10.209570357888937,1012.17,2.456625
66.5,-130.5,2026-10-09 23:27:19,-4.726999999999975,90.01979522705079,11.739570357888937,1015.71,1.705125
66.5,-130.0,2026-10-09 23:27:19,-5.323999999999955,90.34479522705078,11.541570357888936,1010.6,0.8125
66.5,-129.5,2026-10-09 23:27:19,-4.821999999999946,90.76979522705079,10.659570357888938,1008.98,0.898375
66.5,-129.0,2026-10-09 23:27:19,-4.689999999999998,91.16979522705078,9.651570357888938,1015.22,0.248
66.5,-128.5,2026-10-09 23:27:19,-3.8799999999999955,85.24479522705079,10.299570357888937,999.04,0.57025
66.5,-128.0,2026-10-09 23:27:19,-2.17999999999995,79.44479522705079,9.579570357888937,1004.47,0.604625
66.5,-127.5,2026-10-09 23:27:19,-1.5879999999999654,75.59479522705078,10.443570357888937,1010.99,0.76675
66.5,-127.0,2026-10-09 23:27:19,-2.3279999999999745,80.71979522705078,11.307570357888936,989.96,1.543
66.5,-126.5,2026-10-09 23:27:19,-0.9889999999999759,71.86979522705079,10.209570357888937,1005.92,0.644625
66.5,-126.0,2026-10-09 23:27:19,-2.9949999999999477,77.66979522705078,10.029570357888938,993.75,1.197875
66.5,-125.5,2026-10-09 23:27:19,-1.988999999999976,76.84479522705078,9.723570357888937,989.11,1.129125
66.5,-125.0,2026-10-09 23:27:19,-2.8109999999999786,82.24479522705079,9.759570357888938,989.96,1.00325
66.5,-124.5,2026-10-09 23:27:19,-3.7659999999999627,91.06979522705079,10.137570357888938,982.38,1.133
66.5,-124.0,2026-10-09 23:27:19,-3.1989999999999554,82.66979522705078,14.223570357888937,989.5,0.537875
66.5,-123.5,2026-10-09 23:27:19,-4.617999999999995,79.9662452697754,13.163273247063161,988.32,0.37
66.5,-123.0,2026-10-09 23:27:19,-2.8549999999999613,86.0162452697754,18.509273247063163,1008.27,0.16025
66.5,-122.5,2026-10-09 23:27:19,-2.961999999999989,89.11624526977539,19.427273247063162,1009.28,0.1145
66.5,-122.0,2026-10-09 23:27:19,-2.3909999999999627,88.4662452697754,18.29327324706316,1009.22,0.18125
66.5,-121.5,2026-10-09 23:27:19,-1.9949999999999477,70.29124526977539,13.63127324706316,1009.22,0.53025
66.5,-121.0,2026-10-09 23:27:19,-2.3029999999999973,73.6412452697754,14.22527324706316,1009.22,0.6905
66.5,-120.5,2026-10-09 23:27:19,-3.7199999999999704,80.2912452697754,14.513273247063161,1009.38,1.461
66.5,-120.0,2026-10-09 23:27:19,-4.014999999999986,81.99124526977539,10.445273247063161,1001.05,1.44575
66.5,-119.5,2026-10-09 23:27:19,-5.014999999999986,81.1662452697754,11.83127324706316,987.02,2.435625
66.5,-119.0,2026-10-09 23:27:19,-6.3069999999999595,87.7162452697754,13.28927324706316,976.69,3.6277500000000003
66.5,-118.5,2026-10-09 23:27:19,-4.934999999999945,82.4662452697754,15.809273247063162,988.83,4.343
66.5,-118.0,2026-10-09 23:27:19,-3.484999999999957,80.1662452697754,20.09327324706316,1009.25,2.653125
66.5,-117.5,2026-10-09 23:27:19,-4.277999999999963,73.3162452697754,15.845273247063162,1003.49,2.08475
66.5,-117.0,2026-10-09 23:27:19,-5.155999999999949,73.1912452697754,16.51127324706316,988.05,1.865375
66.5,-116.5,2026-10-09 23:27:19,-6.220999999999947,77.8912452697754,15.809273247063162,973.61,1.535375
66.5,-116.0,2026-10-09 23:27:19,-5.892999999999972,75.5912452697754,14.85527324706316,975.25,0.799125
66.5,-115.5,2026-10-09 23:27:19,-6.787999999999954,77.2662452697754,14.945273247063161,963.41,0.785875
66.5,-115.0,2026-10-09 23:27:19,-6.745999999999981,78.2912452697754,12.839273247063161,964.44,0.6198750000000001
66.5,-114.5,2026-10-09 23:27:19,-5.802999999999997,74.61624526977539,13.163273247063161,976.96,0.186875
66.5,-114.0,2026-10-09 23:27:19,-7.053999999999974,79.24124526977539,13.595273247063162,967.72,0.122125
66.5,-113.5,2026-10-09 23:27:19,-7.025999999999954,85.3412452697754,13.84727324706316,974.72,0.05725
66.5,-113.0,2026-10-09 23:27:19,-7.025999999999954,84.8412452697754,13.25327324706316,979.44,0.038125
66.5,-112.5,2026-10-09 23:27:19,-7.837999999999965,81.74124526977539,11.795273247063161,967.55,0.152625
66.5,-112.0,2026-10-09 23:27:19,-7.974999999999966,80.7662452697754,9.49127324706316,962.08,0.141125
66.5,-111.5,2026-10-09 23:27:19,-7.4599999999999795,80.11624526977539,7.78127324706316,967.74,0.145
66.5,-111.0,2026-10-09 23:27:19,-7.253999999999962,75.16624526977539,8.60927324706316,963.77,0.20600000000000002
66.5,-110.5,2026-10-09 23:27:19,-6.2169999999999845,74.1412452697754,8.861273247063162,973.53,0.213625
66.5,-110.0,2026-10-09 23:27:19,-5.868999999999971,76.36624526977539,11.02127324706316,973.27,0.291875
66.5,-109.5,2026-10-09 23:27:19,-5.164999999999964,73.8162452697754,13.127273247063162,986.6,0.164
66.5,-109.0,2026-10-09 23:27:19,-5.657999999999959,83.0162452697754,12.11927324706316,981.11,0.4825
66.5,-108.5,2026-10-09 23:27:19,-7.305999999999983,91.2162452697754,15.017273247063159,962.86,0.62375
66.5,-108.0,2026-10-09 23:27:19,-5.3419999999999845,89.2162452697754,12.35327324706316,989.63,0.377625
66.5,-107.5,2026-10-09 23:27:19,-2.3839999999999577,73.6912452697754,9.32927324706316,1023.32,0.43675
66.5,-107.0,2026-10-09 23:27:19,-5.09699999999998,85.6662452697754,11.38127324706316,992.47,1.037625
66.5,-106.5,2026-10-09 23:27:19,-5.361999999999966,87.0912452697754,13.70327324706316,991.71,0.774375
66.5,-106.0,2026-10-09 23:27:19,-5.538999999999987,89.0912452697754,15.521273247063162,989.57,0.629375
66.5,-105.5,2026-10-09 23:27:19,-5.06699999999995,89.4662452697754,16.92527324706316,989.8,0.8582500000000001
66.5,-105.0,2026-10-09 23:27:19,-4.675999999999988,88.4662452697754,18.16727324706316,995.21,0.341375
66.5,-104.5,2026-10-09 23:27:19,-4.375,90.24124526977539,18.54527324706316,997.35,0.41200000000000003
66.5,-104.0,2026-10-09 23:27:19,-3.569999999999993,88.4412452697754,19.679273247063158,998.75,0.368125
66.5,-103.5,2026-10-09 23:27:19,-3.269999999999982,88.7912452697754,20.61527324706316,996.96,0.48825
66.5,-103.0,2026-10-09 23:27:19,-3.211999999999989,89.0412452697754,19.895273247063162,999.75,0.42912500000000003
66.5,-102.5,2026-10-09 23:27:19,-2.4899999999999523,86.4662452697754,21.69527324706316,1002.24,0.2575
66.5,-102.0,2026-10-09 23:27:19,-2.828999999999951,88.2662452697754,24.863273247063162,1001.72,0.265125
66.5,-101.5,2026-10-09 23:27:19,-2.291999999999973,93.09460468292237,15.830908852636814,999.74,0.322375
66.5,-101.0,2026-10-09 23:27:19,-2.3039999999999736,92.31960468292237,15.164908852636815,1000.14,0.383375
66.5,-100.5,2026-10-09 23:27:19,-2.7329999999999472,92.19460468292237,12.572908852636814,998.33,0.404375
66.5,-100.0,2026-10-09 23:27:19,-2.7939999999999827,92.86960468292237,10.304908852636814,998.53,0.558875
66.5,-99.5,2026-10-09 23:27:19,-2.686999999999955,92.56960468292237,8.162908852636814,1001.11,0.377625
66.5,-99.0,2026-10-09 23:27:19,-2.968999999999994,91.56960468292237,6.632908852636814,1002.67,0.362375
66.5,-98.5,2026-10-09 23:27:19,-3.099999999999966,90.31960468292237,6.308908852636814,1003.0,0.37575000000000003
66.5,-98.0,2026-10-09 23:27:19,-2.9739999999999895,86.41960468292237,6.722908852636814,1003.8,0.4005
66.5,-97.5,2026-10-09 23:27:19,-3.012999999999977,87.79460468292237,9.206908852636815,1005.6,0.36625
66.5,-97.0,2026-10-09 23:27:19,-2.6709999999999923,89.31960468292237,10.916908852636814,1006.77,0.5455
66.5,-96.5,2026-10-09 23:27:19,-2.1649999999999636,86.66960468292237,10.250908852636814,1009.47,0.7801250000000001
66.5,-96.0,2026-10-09 23:27:19,-2.7449999999999477,87.09460468292237,10.016908852636814,1008.63,0.77825
66.5,-95.5,2026-10-09 23:27:19,-3.0159999999999627,88.01960468292236,10.628908852636814,1005.58,0.732375
66.5,-95.0,2026-10-09 23:27:19,-3.9569999999999936,94.11960468292237,9.260908852636815,993.24,0.50925
66.5,-94.5,2026-10-09 23:27:19,-4.449999999999989,88.46960468292237,9.494908852636815,976.5,0.597
66.5,-94.0,2026-10-09 23:27:19,-4.236999999999966,86.84460468292237,10.718908852636815,984.28,0.131625
66.5,-93.5,2026-10-09 23:27:19,-4.812999999999988,91.91960468292237,8.900908852636814,978.08,0.244125
66.5,-93.0,2026-10-09 23:27:19,-4.651999999999987,89.71960468292237,5.534908852636814,975.31,0.57225
66.5,-92.5,2026-10-09 23:27:19,-5.370999999999981,88.01960468292236,4.634908852636815,975.61,0.843
66.5,-92.0,2026-10-09 23:27:19,-5.680999999999983,87.16960468292237,4.670908852636814,980.33,0.742
66.5,-91.5,2026-10-09 23:27:19,-5.670999999999992,84.49460468292237,4.976908852636814,986.3,0.696125
66.5,-91.0,2026-10-09 23:27:19,-6.758999999999958,88.56960468292237,8.720908852636814,970.58,0.4635
66.5,-90.5,2026-10-09 23:27:19,-8.088999999999999,91.19460468292237,9.674908852636815,958.5,0.26325
66.5,-90.0,2026-10-09 23:27:19,-8.543999999999983,91.96960468292237,8.972908852636815,966.3,0.2175
66.5,-89.5,2026-10-09 23:27:19,-7.817999999999984,93.79460468292237,7.6769088526368146,977.41,0.135375
66.5,-89.0,2026-10-09 23:27:19,-7.0919999999999845,90.94460468292237,8.594908852636815,982.16,0.068625
66.5,-88.5,2026-10-09 23:27:19,-7.350999999999999,93.29460468292237,10.052908852636815,970.35,0.068625
66.5,-88.0,2026-10-09 23:27:19,-5.340999999999951,87.61960468292237,12.392908852636815,988.47,0.003875
66.5,-87.5,2026-10-09 23:27:19,-5.407999999999959,88.91960468292237,10.592908852636814,992.78,0.0
66.5,-87.0,2026-10-09 23:27:19,-6.3419999999999845,94.69460468292237,12.392908852636815,1000.67,0.0
66.5,-86.5,2026-10-09 23:27:19,-5.448999999999955,87.79460468292237,12.356908852636813,1019.45,0.051500000000000004
66.5,-86.0,2026-10-09 23:27:19,-5.06899999999996,82.99460468292237,10.880908852636814,1018.88,0.0
66.5,-85.5,2026-10-09 23:27:19,-4.628999999999962,87.19460468292237,11.546908852636815,1018.99,0.0
66.5,-85.0,2026-10-09 23:27:19,-6.097999999999956,90.79460468292237,9.350908852636815,983.11,0.001875
66.5,-84.5,2026-10-09 23:27:19,-5.444999999999993,89.71960468292237,8.198908852636814,994.3,0.003875
66.5,-84.0,2026-10-09 23:27:19,-4.08299999999997,85.69460468292237,8.288908852636814,1006.35,0.0
66.5,-83.5,2026-10-09 23:27:19,-3.131999999999948,84.91960468292237,6.110908852636815,999.81,0.0
66.5,-83.0,2026-10-09 23:27:19,-2.533999999999992,84.84460468292237,13.292908852636815,1016.72,0.0
66.5,-82.5,2026-10-09 23:27:19,-0.7229999999999563,85.89460468292236,21.356908852636813,1017.94,0.0
66.5,-73.5,2026-10-09 23:27:19,-1.4489999999999554,80.46960468292237,4.382908852636814,1015.13,0.019125
66.5,-73.0,2026-10-09 23:27:19,-1.2329999999999472,73.39460468292236,2.9969088526368144,1011.83,0.059125000000000004
66.5,-72.5,2026-10-09 23:27:19,-1.8759999999999764,74.49460468292237,7.766908852636814,1005.77,0.001875
66.5,-72.0,2026-10-09 23:27:19,-2.683999999999969,78.01960468292236,9.584908852636813,995.7,0.0
66.5,-71.5,2026-10-09 23:27:19,-3.30499999999995,82.59460468292237,10.916908852636814,992.66,0.0
66.5,-71.0,2026-10-09 23:27:19,-2.710999999999956,90.91960468292237,17.684908852636816,1001.11,0.0
66.5,-70.5,2026-10-09 23:27:19,-1.1959999999999695,77.76960468292236,15.164908852636815,1000.74,0.0
66.5,-70.0,2026-10-09 23:27:19,-0.34099999999995134,71.19460468292236,7.874908852636815,998.7,0.00575
66.5,-69.5,2026-10-09 23:27:19,-1.641999999999996,85.11960468292237,6.110908852636815,984.1,0.02475
66.5,-69.0,2026-10-09 23:27:19,-2.071999999999946,86.94460468292237,5.066908852636814,980.72,0.00575
66.5,-68.5,2026-10-09 23:27:19,-2.100999999999999,89.76960468292236,6.254908852636815,965.1,0.001875
66.5,-68.0,2026-10-09 23:27:19,-2.36099999999999,80.56960468292237,5.876908852636815,950.52,0.001875
66.5,-67.5,2026-10-09 23:27:19,-2.6499999999999773,80.09460468292237,0.6749088526368142,943.86,0.001875
66.5,-67.0,2026-10-09 23:27:19,-3.252999999999986,79.66960468292237,3.1409088526368145,943.36,0.001875
66.5,-66.5,2026-10-09 23:27:19,-2.7829999999999586,76.69460468292236,3.7349088526368144,939.45,0.0
66.5,-66.0,2026-10-09 23:27:19,-4.013999999999953,81.89460468292236,5.138908852636814,932.44,0.003875
66.5,-65.5,2026-10-09 23:27:19,-3.145999999999958,82.89460468292236,5.3549088526368145,935.44,0.0
66.5,-65.0,2026-10-09 23:27:19,-3.2549999999999955,85.46960468292237,9.710908852636814,944.0,0.0
66.5,-64.5,2026-10-09 23:27:19,-9.299999999999955,84.31960468292237,6.146908852636814,950.17,0.0
66.5,-64.0,2026-10-09 23:27:19,-2.380999999999972,87.91960468292237,11.528908852636814,977.47,0.0
66.5,-63.5,2026-10-09 23:27:19,-1.079999999999984,92.86960468292237,20.438908852636814,994.64,0.0
66.5,-63.0,2026-10-09 23:27:19,0.9300000000000068,84.51960468292236,28.250908852636815,1011.75,0.0
66.5,-62.5,2026-10-09 23:27:19,0.29100000000005366,81.36960468292237,26.252908852636814,1011.39,0.001875
66.5,-62.0,2026-10-09 23:27:19,1.1440000000000055,81.01960468292236,25.244908852636815,1010.89,0.007625
66.5,-61.5,2026-10-09 23:27:19,1.955000000000041,79.26960468292236,27.674908852636815,1010.41,0.0
67.0,-141.0,2026-10-09 23:27:19,-8.892999999999972,83.74479522705079,0.183570357888937,963.35,0.16025
67.0,-140.5,2026-10-09 23:27:19,-9.981999999999971,90.66979522705078,4.035570357888938,958.5,0.23650000000000002
67.0,-140.0,2026-10-09 23:27:19,-7.450999999999965,77.84479522705078,3.3335703578889375,940.47,0.11825000000000001
67.0,-139.5,2026-10-09 23:27:19,-8.67999999999995,83.41979522705078,4.161570357888937,927.13,0.713375
67.0,-139.0,2026-10-09 23:27:19,-11.68199999999996,96.29479522705078,4.6115703578889375,956.96,0.3605
67.0,-138.5,2026-10-09 23:27:19,-9.540999999999997,86.46979522705078,5.979570357888937,956.3,0.31275000000000003
67.0,-138.0,2026-10-09 23:27:19,-10.34699999999998,93.31979522705079,2.4695703578889368,966.54,0.06675
67.0,-137.5,2026-10-09 23:27:19,-10.004999999999995,85.19479522705079,1.551570357888937,983.56,0.007625
67.0,-137.0,2026-10-09 23:27:19,-7.6679999999999495,83.81979522705079,3.423570357888937,981.04,0.0
67.0,-136.5,2026-10-09 23:27:19,-7.802999999999997,82.21979522705078,5.583570357888937,934.29,0.001875
67.0,-136.0,2026-10-09 23:27:19,-6.252999999999986,79.61979522705079,23.151570357888936,951.13,0.082
67.0,-135.5,2026-10-09 23:27:19,-4.201999999999998,78.39479522705079,12.009570357888938,978.67,0.46925
67.0,-135.0,2026-10-09 23:27:19,-4.558999999999969,82.04479522705078,9.849570357888938,999.59,0.783875
67.0,-134.5,2026-10-09 23:27:19,-5.9319999999999595,82.66979522705078,13.125570357888938,1015.03,0.358625
67.0,-134.0,2026-10-09 23:27:19,-6.281999999999982,86.56979522705079,15.627570357888938,1009.56,0.3605
67.0,-133.5,2026-10-09 23:27:19,-5.97199999999998,88.11979522705079,18.43557035788894,1011.4,0.280375
67.0,-133.0,2026-10-09 23:27:19,-5.913999999999987,85.31979522705079,20.775570357888938,1005.28,0.23650000000000002
67.0,-132.5,2026-10-09 23:27:19,-5.868999999999971,88.01979522705079,19.551570357888938,1007.96,0.1335
67.0,-132.0,2026-10-09 23:27:19,-6.493999999999971,90.46979522705078,21.99957035788894,998.66,0.042
67.0,-131.5,2026-10-09 23:27:19,-7.3419999999999845,94.31979522705079,22.68357035788894,977.71,0.083875
67.0,-131.0,2026-10-09 23:27:19,-6.884999999999991,96.39479522705079,20.019570357888938,982.56,0.1125
67.0,-130.5,2026-10-09 23:27:19,-4.765999999999963,86.46979522705078,13.809570357888939,1009.71,0.022875
67.0,-130.0,2026-10-09 23:27:19,-3.975999999999999,83.09479522705078,14.277570357888937,1010.8,0.0095
67.0,-129.5,2026-10-09 23:27:19,-4.683999999999969,87.39479522705079,16.90557035788894,992.81,0.0095
67.0,-129.0,2026-10-09 23:27:19,-4.026999999999987,84.51979522705079,15.159570357888938,991.01,0.013375
67.0,-128.5,2026-10-09 23:27:19,-3.005999999999972,83.16979522705078,16.38357035788894,1003.03,0.0115
67.0,-128.0,2026-10-09 23:27:19,-1.9179999999999495,76.14479522705078,16.131570357888936,999.8,0.017125
67.0,-127.5,2026-10-09 23:27:19,-2.586999999999989,78.76979522705079,18.669570357888936,992.4,0.022875
67.0,-127.0,2026-10-09 23:27:19,-2.5669999999999504,77.26979522705079,12.981570357888938,988.29,0.12975
67.0,-126.5,2026-10-09 23:27:19,-2.8029999999999973,81.64479522705079,13.269570357888936,986.7,0.26325
67.0,-126.0,2026-10-09 23:27:19,-2.4909999999999854,78.96979522705078,13.431570357888939,986.38,0.15825
67.0,-125.5,2026-10-09 23:27:19,-2.151999999999987,79.09479522705078,12.099570357888938,986.67,0.166
67.0,-125.0,2026-10-09 23:27:19,-5.224999999999966,77.89479522705079,9.129570357888937,982.11,0.080125
67.0,-124.5,2026-10-09 23:27:19,-3.988999999999976,76.59479522705078,10.065570357888937,989.06,0.04575
67.0,-124.0,2026-10-09 23:27:19,-3.81899999999996,68.64479522705078,11.847570357888939,984.97,0.02475
67.0,-123.5,2026-10-09 23:27:19,-6.288999999999987,77.2912452697754,12.28127324706316,985.55,0.013375
67.0,-123.0,2026-10-09 23:27:19,-6.797999999999945,77.9162452697754,13.61327324706316,982.39,0.074375
67.0,-122.5,2026-10-09 23:27:19,-8.33099999999996,84.8912452697754,14.441273247063162,973.21,0.166
67.0,-122.0,2026-10-09 23:27:19,-6.8559999999999945,79.5912452697754,9.99527324706316,995.17,0.1545
67.0,-121.5,2026-10-09 23:27:19,-6.519999999999982,77.7162452697754,11.939273247063161,1001.96,0.207875
67.0,-121.0,2026-10-09 23:27:19,-6.6749999999999545,76.2162452697754,14.56727324706316,1003.03,0.31475000000000003
67.0,-120.5,2026-10-09 23:27:19,-6.748999999999967,77.3412452697754,12.58727324706316,1006.07,0.51875
67.0,-120.0,2026-10-09 23:27:19,-5.70599999999996,83.6412452697754,16.63727324706316,1008.78,0.7438750000000001
67.0,-119.5,2026-10-09 23:27:19,-6.411999999999978,79.49124526977539,17.285273247063163,1008.3,1.150125
67.0,-119.0,2026-10-09 23:27:19,-6.881999999999948,83.0412452697754,13.577273247063161,1001.3,1.0795000000000001
67.0,-118.5,2026-10-09 23:27:19,-6.212999999999965,77.0412452697754,11.23727324706316,1001.97,0.84875
67.0,-118.0,2026-10-09 23:27:19,-7.265999999999963,81.36624526977539,10.64327324706316,987.13,0.635125
67.0,-117.5,2026-10-09 23:27:19,-9.256999999999948,89.74124526977539,12.641273247063161,961.72,1.1845
67.0,-117.0,2026-10-09 23:27:19,-9.072999999999979,85.1662452697754,12.35327324706316,961.89,1.295125
67.0,-116.5,2026-10-09 23:27:19,-9.49799999999999,90.0162452697754,10.733273247063162,962.53,1.5735000000000001
67.0,-116.0,2026-10-09 23:27:19,-8.817999999999984,81.4412452697754,10.067273247063161,965.86,1.483875
67.0,-115.5,2026-10-09 23:27:19,-7.06699999999995,70.36624526977539,9.16727324706316,980.1,0.577875
67.0,-115.0,2026-10-09 23:27:19,-8.34699999999998,77.3412452697754,9.779273247063161,960.33,0.555
67.0,-114.5,2026-10-09 23:27:19,-7.913999999999987,78.4662452697754,10.301273247063161,969.19,0.2995
67.0,-114.0,2026-10-09 23:27:19,-8.104999999999961,77.5912452697754,9.40127324706316,969.61,0.307125
67.0,-113.5,2026-10-09 23:27:19,-8.007999999999981,79.4162452697754,7.0972732470631605,973.66,0.26125
67.0,-113.0,2026-10-09 23:27:19,-7.790999999999997,78.9662452697754,6.97127324706316,979.27,0.30325
67.0,-112.5,2026-10-09 23:27:19,-8.106999999999971,76.99124526977539,6.935273247063161,969.47,0.4425
67.0,-112.0,2026-10-09 23:27:19,-8.613,83.9412452697754,6.53927324706316,965.5,0.31475000000000003
67.0,-111.5,2026-10-09 23:27:19,-7.826999999999998,76.6912452697754,4.6132732470631606,972.52,0.431
67.0,-111.0,2026-10-09 23:27:19,-6.977999999999952,74.54124526977539,4.39727324706316,979.35,0.30325
67.0,-110.5,2026-10-09 23:27:19,-7.120999999999981,79.8412452697754,8.01527324706316,976.61,0.450125
67.0,-110.0,2026-10-09 23:27:19,-7.339999999999975,84.6912452697754,10.31927324706316,975.3,0.4825
67.0,-109.5,2026-10-09 23:27:19,-6.8629999999999995,84.3162452697754,14.42327324706316,978.6,0.291875
67.0,-109.0,2026-10-09 23:27:19,-6.530999999999949,85.1662452697754,14.333273247063161,982.19,0.259375
67.0,-108.5,2026-10-09 23:27:19,-4.962999999999965,86.1412452697754,13.577273247063161,1010.21,0.19075
67.0,-108.0,2026-10-09 23:27:19,-2.065999999999974,79.8412452697754,16.421273247063162,1028.96,0.291875
67.0,-107.5,2026-10-09 23:27:19,-2.575999999999965,76.9412452697754,15.32327324706316,1027.89,0.907875
67.0,-107.0,2026-10-09 23:27:19,-4.986999999999966,82.9412452697754,13.97327324706316,1004.86,1.041375
67.0,-106.5,2026-10-09 23:27:19,-5.669999999999959,82.6662452697754,13.48727324706316,998.42,0.9995
67.0,-106.0,2026-10-09 23:27:19,-5.213999999999999,82.1912452697754,14.873273247063159,1003.72,0.6905
67.0,-105.5,2026-10-09 23:27:19,-5.636999999999944,86.3162452697754,15.68327324706316,1000.77,0.8316250000000001
67.0,-105.0,2026-10-09 23:27:19,-4.824999999999989,84.9662452697754,16.97927324706316,1002.13,0.6085
67.0,-104.5,2026-10-09 23:27:19,-4.5359999999999445,85.5662452697754,18.25727324706316,1005.88,0.5055000000000001
67.0,-104.0,2026-10-09 23:27:19,-4.451999999999998,87.6662452697754,20.23727324706316,1004.71,0.5855
67.0,-103.5,2026-10-09 23:27:19,-4.1089999999999804,88.6912452697754,20.70527324706316,1006.41,0.7877500000000001
67.0,-103.0,2026-10-09 23:27:19,-3.5109999999999673,88.0412452697754,21.11927324706316,1006.8,0.949875
67.0,-102.5,2026-10-09 23:27:19,-3.606999999999971,89.0412452697754,20.03927324706316,1006.19,0.71525
67.0,-102.0,2026-10-09 23:27:19,-2.7299999999999613,90.0912452697754,19.62527324706316,1011.66,0.640875
67.0,-101.5,2026-10-09 23:27:19,-2.220999999999947,92.41960468292237,23.210908852636816,1008.77,0.92125
67.0,-101.0,2026-10-09 23:27:19,-2.2339999999999804,94.81960468292237,17.918908852636815,1008.06,1.20925
67.0,-100.5,2026-10-09 23:27:19,-2.5259999999999536,93.91960468292237,9.782908852636815,1006.77,1.1768750000000001
67.0,-100.0,2026-10-09 23:27:19,-2.7829999999999586,92.74460468292237,8.774908852636814,1007.33,0.864
67.0,-99.5,2026-10-09 23:27:19,-2.718999999999994,91.49460468292237,9.206908852636815,1009.39,0.64275
67.0,-99.0,2026-10-09 23:27:19,-2.7939999999999827,92.34460468292237,9.782908852636815,1009.5,0.46925
67.0,-98.5,2026-10-09 23:27:19,-2.5109999999999673,92.41960468292237,9.350908852636815,1010.97,0.47875
67.0,-98.0,2026-10-09 23:27:19,-2.5579999999999927,93.31960468292237,10.286908852636815,1010.08,0.5055000000000001
67.0,-97.5,2026-10-09 23:27:19,-2.398999999999944,91.16960468292237,12.734908852636813,1010.7,0.454
67.0,-97.0,2026-10-09 23:27:19,-2.787999999999954,90.69460468292237,11.474908852636815,1012.44,0.50925
67.0,-96.5,2026-10-09 23:27:19,-2.56899999999996,88.91960468292237,11.060908852636814,1016.97,0.774375
67.0,-96.0,2026-10-09 23:27:19,-2.356999999999971,87.54460468292237,13.670908852636815,1018.17,0.72675
67.0,-95.5,2026-10-09 23:27:19,-1.8169999999999504,92.36960468292237,8.954908852636814,1018.5,1.2035
67.0,-95.0,2026-10-09 23:27:19,-3.7509999999999764,90.81960468292237,1.6829088526368143,995.33,1.84825
67.0,-94.5,2026-10-09 23:27:19,-4.873999999999967,89.61960468292237,1.5749088526368142,984.56,0.9403750000000001
67.0,-94.0,2026-10-09 23:27:19,-4.979999999999961,87.34460468292237,3.338908852636814,988.45,0.5245
67.0,-93.5,2026-10-09 23:27:19,-5.305999999999983,94.99460468292237,4.616908852636814,978.39,0.343375
67.0,-93.0,2026-10-09 23:27:19,-4.323999999999955,86.86960468292237,3.716908852636814,997.78,0.398625
67.0,-92.5,2026-10-09 23:27:19,-4.308999999999969,86.96960468292237,3.680908852636814,1000.78,0.48825
67.0,-92.0,2026-10-09 23:27:19,-5.338999999999999,87.04460468292237,2.6369088526368145,982.63,0.5665
67.0,-91.5,2026-10-09 23:27:19,-5.609999999999957,88.31960468292237,3.680908852636814,978.89,0.511125
67.0,-91.0,2026-10-09 23:27:19,-5.953999999999951,90.31960468292237,7.784908852636814,964.22,0.328125
67.0,-90.5,2026-10-09 23:27:19,-6.479999999999961,91.29460468292237,7.856908852636814,964.99,0.120125
67.0,-90.0,2026-10-09 23:27:19,-7.242999999999995,90.74460468292237,3.5369088526368144,976.11,0.05725
67.0,-89.5,2026-10-09 23:27:19,-7.903999999999996,89.91960468292237,3.6269088526368143,974.13,0.017125
67.0,-89.0,2026-10-09 23:27:19,-8.562999999999988,94.01960468292236,5.210908852636814,970.08,0.185
67.0,-88.5,2026-10-09 23:27:19,-6.9809999999999945,87.79460468292237,8.252908852636816,986.83,0.074375
67.0,-88.0,2026-10-09 23:27:19,-4.919999999999959,87.24460468292237,8.198908852636814,994.77,0.001875
67.0,-87.5,2026-10-09 23:27:19,-3.9899999999999523,85.31960468292237,10.664908852636815,1008.3,0.0
67.0,-87.0,2026-10-09 23:27:19,-5.885999999999967,91.01960468292236,5.138908852636814,1011.11,0.019125
67.0,-86.5,2026-10-09 23:27:19,-6.078999999999951,86.86960468292237,6.308908852636814,1000.61,0.0
67.0,-86.0,2026-10-09 23:27:19,-7.579999999999984,87.44460468292237,6.398908852636815,980.35,0.0
67.0,-85.5,2026-10-09 23:27:19,-8.257999999999981,88.94460468292237,8.234908852636813,984.16,0.0
67.0,-85.0,2026-10-09 23:27:19,-6.041999999999973,84.54460468292237,11.168908852636815,1006.16,0.0
67.0,-84.5,2026-10-09 23:27:19,-3.6689999999999827,81.01960468292236,8.630908852636814,1010.17,0.0
67.0,-84.0,2026-10-09 23:27:19,-4.103999999999985,82.64460468292236,6.974908852636815,994.69,0.0
67.0,-83.5,2026-10-09 23:27:19,-4.288999999999987,86.71960468292237,7.100908852636815,987.61,0.0
67.0,-83.0,2026-10-09 23:27:19,-4.715999999999951,86.26960468292236,8.630908852636814,986.91,0.0
67.0,-82.5,2026-10-09 23:27:19,-4.606999999999971,87.46960468292237,10.214908852636816,994.78,0.0
67.0,-82.0,2026-10-09 23:27:19,-2.687999999999988,80.11960468292237,12.482908852636815,1012.45,0.0
67.0,-81.5,2026-10-09 23:27:19,-0.7769999999999868,79.31960468292237,16.730908852636812,1016.42,0.01525
67.0,-73.0,2026-10-09 23:27:19,-1.0089999999999577,72.64460468292236,2.1509088526368143,1012.7,0.049625
67.0,-72.5,2026-10-09 23:27:19,-1.7379999999999995,73.86960468292237,6.308908852636814,1008.22,0.013375
67.0,-72.0,2026-10-09 23:27:19,-2.3869999999999436,75.59460468292237,9.332908852636814,998.14,0.0
67.0,-71.5,2026-10-09 23:27:19,-3.1499999999999773,80.61960468292237,10.592908852636814,991.35,0.0
67.0,-71.0,2026-10-09 23:27:19,-3.120999999999981,91.31960468292237,16.550908852636816,1001.22,0.0
67.0,-70.5,2026-10-09 23:27:19,-1.6219999999999573,83.44460468292237,16.298908852636817,1000.85,0.0
67.0,-70.0,2026-10-09 23:27:19,-1.06899999999996,72.76960468292236,10.664908852636815,1000.56,0.003875
67.0,-69.5,2026-10-09 23:27:19,-0.5169999999999959,77.11960468292237,5.858908852636814,988.99,0.0305
67.0,-69.0,2026-10-09 23:27:19,-1.954999999999984,86.71960468292237,5.012908852636815,984.02,0.01525
67.0,-68.5,2026-10-09 23:27:19,-1.5609999999999786,86.36960468292237,5.768908852636814,972.74,0.003875
67.0,-68.0,2026-10-09 23:27:19,-2.019999999999982,82.14460468292236,6.542908852636815,956.49,0.001875
67.0,-67.5,2026-10-09 23:27:19,-2.569999999999993,82.11960468292237,1.916908852636814,946.03,0.017125
67.0,-67.0,2026-10-09 23:27:19,-3.3169999999999504,78.99460468292237,2.1509088526368143,942.81,0.003875
67.0,-66.5,2026-10-09 23:27:19,-2.9249999999999545,77.99460468292237,2.906908852636814,937.97,0.0
67.0,-66.0,2026-10-09 23:27:19,-3.981999999999971,79.59460468292237,5.336908852636814,937.78,0.0095
67.0,-65.5,2026-10-09 23:27:19,-3.3719999999999573,74.94460468292236,6.866908852636814,931.63,0.0
67.0,-65.0,2026-10-09 23:27:19,-3.373999999999967,81.94460468292237,7.9109088526368145,941.61,0.0
67.0,-64.5,2026-10-09 23:27:19,-8.746999999999957,74.66960468292237,8.072908852636814,944.86,0.0
67.0,-64.0,2026-10-09 23:27:19,-7.4669999999999845,90.11960468292237,9.404908852636815,963.63,0.0
67.0,-63.5,2026-10-09 23:27:19,-2.870999999999981,90.76960468292236,17.018908852636812,979.83,0.0
67.0,-63.0,2026-10-09 23:27:19,0.8870000000000005,83.41960468292237,28.358908852636816,1011.88,0.0
67.0,-62.5,2026-10-09 23:27:19,0.577000000000055,80.74460468292237,26.252908852636814,1011.55,0.0
67.0,-62.0,2026-10-09 23:27:19,0.7950000000000159,81.16960468292237,25.532908852636815,1011.06,0.0095
67.5,-141.0,2026-10-09 23:27:19,-9.694999999999993,91.56979522705079,4.575570357888937,952.12,0.089625
67.5,-140.5,2026-10-09 23:27:19,-10.383999999999958,96.66979522705078,3.0815703578889373,978.56,0.120125
67.5,-140.0,2026-10-09 23:27:19,-10.551999999999964,98.49479522705079,5.655570357888937,989.85,0.05725
67.5,-139.5,2026-10-09 23:27:19,-10.284999999999968,93.51979522705079,2.019570357888937,979.61,0.051500000000000004
67.5,-139.0,2026-10-09 23:27:19,-8.24799999999999,79.06979522705079,2.073570357888937,983.44,0.021
67.5,-138.5,2026-10-09 23:27:19,-10.142999999999972,89.36979522705079,10.947570357888939,971.81,0.02475
67.5,-138.0,2026-10-09 23:27:19,-9.644999999999982,86.69479522705079,11.685570357888936,983.51,0.001875
67.5,-137.5,2026-10-09 23:27:19,-10.343999999999994,94.31979522705079,6.969570357888937,952.09,0.007625
67.5,-137.0,2026-10-09 23:27:19,-9.115999999999985,87.11979522705079,1.8755703578889371,970.53,0.00575
67.5,-136.5,2026-10-09 23:27:19,-8.058999999999969,80.29479522705078,8.067570357888938,904.13,0.0915
67.5,-136.0,2026-10-09 23:27:19,-3.048999999999978,70.09479522705078,24.35757035788894,949.87,0.526375
67.5,-135.5,2026-10-09 23:27:19,-3.051999999999964,79.11979522705079,9.831570357888937,977.21,0.33575
67.5,-135.0,2026-10-09 23:27:19,-5.514999999999986,85.96979522705078,13.251570357888937,1019.25,0.019125
67.5,-134.5,2026-10-09 23:27:19,-5.8419999999999845,83.44479522705079,19.33557035788894,1016.76,0.0
67.5,-134.0,2026-10-09 23:27:19,-5.557999999999993,84.56979522705079,20.97357035788894,1015.83,0.0
67.5,-133.5,2026-10-09 23:27:19,-5.891999999999996,87.74479522705079,23.65557035788894,1008.63,0.0
67.5,-133.0,2026-10-09 23:27:19,-5.325999999999965,88.36979522705079,21.74757035788894,1010.01,0.0
67.5,-132.5,2026-10-09 23:27:19,-6.400999999999954,89.66979522705078,22.521570357888937,991.6,0.0095
67.5,-132.0,2026-10-09 23:27:19,-5.643999999999949,89.11979522705079,19.49757035788894,1000.88,0.019125
67.5,-131.5,2026-10-09 23:27:19,-3.5569999999999595,83.34479522705078,9.957570357888937,1015.85,0.0
67.5,-131.0,2026-10-09 23:27:19,-5.253999999999962,89.96979522705078,19.10157035788894,1010.31,0.001875
67.5,-130.5,2026-10-09 23:27:19,-6.1609999999999445,93.76979522705079,23.961570357888938,993.63,0.003875
67.5,-130.0,2026-10-09 23:27:19,-5.6959999999999695,87.59479522705078,18.651570357888936,991.46,0.0
67.5,-129.5,2026-10-09 23:27:19,-4.158999999999992,80.66979522705078,13.791570357888936,1002.04,0.0
67.5,-129.0,2026-10-09 23:27:19,-4.273999999999944,84.39479522705079,17.13957035788894,992.76,0.0
67.5,-128.5,2026-10-09 23:27:19,-3.839999999999975,84.76979522705079,18.81357035788894,996.14,0.0
67.5,-128.0,2026-10-09 23:27:19,-2.6289999999999623,77.91979522705078,17.445570357888936,1000.99,0.0
67.5,-127.5,2026-10-09 23:27:19,-3.1259999999999764,78.99479522705079,16.437570357888937,995.17,0.0
67.5,-127.0,2026-10-09 23:27:19,-3.3839999999999577,81.01979522705079,18.129570357888937,992.3,0.0
67.5,-126.5,2026-10-09 23:27:19,-2.0669999999999504,86.34479522705078,23.961570357888938,994.19,0.0
67.5,-126.0,2026-10-09 23:27:19,-3.4249999999999545,82.96979522705078,14.997570357888938,993.63,0.0
67.5,-125.5,2026-10-09 23:27:19,-3.3449999999999704,69.16979522705078,14.115570357888938,996.13,0.0
67.5,-125.0,2026-10-09 23:27:19,-4.736999999999966,87.44479522705079,20.82957035788894,994.42,0.0
67.5,-124.5,2026-10-09 23:27:19,-6.484999999999957,78.04479522705078,15.105570357888936,992.74,0.0
67.5,-124.0,2026-10-09 23:27:19,-6.70599999999996,78.26979522705079,14.241570357888937,986.32,0.0
67.5,-123.5,2026-10-09 23:27:19,-7.951999999999998,81.7912452697754,11.38127324706316,987.74,0.001875
67.5,-123.0,2026-10-09 23:27:19,-8.423999999999978,83.8912452697754,13.82927324706316,977.91,0.22312500000000002
67.5,-122.5,2026-10-09 23:27:19,-7.741999999999962,83.3162452697754,16.07927324706316,982.5,0.444375
67.5,-122.0,2026-10-09 23:27:19,-8.586999999999989,84.3162452697754,13.09127324706316,980.82,0.4025
67.5,-121.5,2026-10-09 23:27:19,-9.351999999999975,85.6912452697754,13.739273247063162,972.3,0.58175
67.5,-121.0,2026-10-09 23:27:19,-9.145999999999958,81.5412452697754,11.18327324706316,971.52,0.635125
67.5,-120.5,2026-10-09 23:27:19,-8.712999999999965,77.61624526977539,9.56327324706316,976.57,0.72675
67.5,-120.0,2026-10-09 23:27:19,-7.982999999999947,72.9662452697754,9.99527324706316,983.41,1.03
67.5,-119.5,2026-10-09 23:27:19,-8.159999999999968,75.11624526977539,10.66127324706316,978.72,1.42675
67.5,-119.0,2026-10-09 23:27:19,-8.998999999999967,76.24124526977539,11.201273247063162,970.28,1.525875
67.5,-118.5,2026-10-09 23:27:19,-9.145999999999958,83.8162452697754,13.217273247063162,973.66,1.268375
67.5,-118.0,2026-10-09 23:27:19,-8.881999999999948,80.99124526977539,9.59927324706316,979.97,0.907875
67.5,-117.5,2026-10-09 23:27:19,-7.631999999999948,79.8162452697754,11.21927324706316,995.25,0.5665
67.5,-117.0,2026-10-09 23:27:19,-7.519999999999982,75.29124526977539,9.545273247063161,988.86,0.56075
67.5,-116.5,2026-10-09 23:27:19,-7.809999999999945,77.2162452697754,7.673273247063161,989.36,0.440625
67.5,-116.0,2026-10-09 23:27:19,-7.0849999999999795,71.16624526977539,8.77127324706316,996.02,0.3795
67.5,-115.5,2026-10-09 23:27:19,-6.92999999999995,69.5662452697754,6.34127324706316,1000.66,0.49975
67.5,-115.0,2026-10-09 23:27:19,-7.825999999999965,75.6412452697754,5.17127324706316,987.42,0.526375
67.5,-114.5,2026-10-09 23:27:19,-7.503999999999962,72.5662452697754,3.94727324706316,988.77,0.347125
67.5,-114.0,2026-10-09 23:27:19,-7.397999999999968,73.1412452697754,3.35327324706316,987.49,0.25175000000000003
67.5,-113.5,2026-10-09 23:27:19,-7.440999999999974,75.2662452697754,4.25327324706316,984.69,0.2155
67.5,-113.0,2026-10-09 23:27:19,-7.814999999999998,78.6662452697754,4.27127324706316,979.63,0.10300000000000001
67.5,-112.5,2026-10-09 23:27:19,-7.724999999999966,77.9162452697754,3.10127324706316,982.36,0.173625
67.5,-112.0,2026-10-09 23:27:19,-5.711999999999989,74.8912452697754,2.3092732470631603,1014.24,0.22312500000000002
67.5,-111.5,2026-10-09 23:27:19,-6.94199999999995,74.7662452697754,2.68727324706316,994.11,0.301375
67.5,-111.0,2026-10-09 23:27:19,-6.892999999999972,79.24124526977539,3.40727324706316,990.91,0.227
67.5,-110.5,2026-10-09 23:27:19,-6.236999999999966,73.3912452697754,9.07727324706316,995.32,0.267
67.5,-110.0,2026-10-09 23:27:19,-6.75,81.8912452697754,8.96927324706316,994.11,0.30325
67.5,-109.5,2026-10-09 23:27:19,-5.922999999999945,85.9662452697754,6.64727324706316,1006.33,0.497875
67.5,-109.0,2026-10-09 23:27:19,-4.026999999999987,75.74124526977539,12.13727324706316,1017.96,0.6905
67.5,-108.5,2026-10-09 23:27:19,-2.95799999999997,74.99124526977539,16.69127324706316,1023.14,0.461625
67.5,-108.0,2026-10-09 23:27:19,-2.711999999999989,75.91624526977539,18.59927324706316,1029.27,0.728625
67.5,-107.5,2026-10-09 23:27:19,-5.3559999999999945,78.6912452697754,12.929273247063161,1017.41,0.986125
67.5,-107.0,2026-10-09 23:27:19,-6.203999999999951,74.6912452697754,12.227273247063161,1005.89,0.9918750000000001
67.5,-106.5,2026-10-09 23:27:19,-6.326999999999998,77.9412452697754,12.35327324706316,1008.46,1.03575
67.5,-106.0,2026-10-09 23:27:19,-6.328999999999951,81.36624526977539,13.48727324706316,1010.21,0.9383750000000001
67.5,-105.5,2026-10-09 23:27:19,-6.078999999999951,82.2662452697754,15.989273247063162,1012.0,1.499125
67.5,-105.0,2026-10-09 23:27:19,-5.103999999999985,81.3912452697754,16.06127324706316,1013.77,1.9455
67.5,-104.5,2026-10-09 23:27:19,-4.894999999999982,77.9162452697754,17.14127324706316,1015.08,1.8940000000000001
67.5,-104.0,2026-10-09 23:27:19,-5.023999999999944,80.5912452697754,18.02327324706316,1011.88,3.080375
67.5,-103.5,2026-10-09 23:27:19,-4.403999999999996,82.3162452697754,18.689273247063163,1016.3,1.5506250000000001
67.5,-103.0,2026-10-09 23:27:19,-3.9739999999999895,82.74124526977539,19.76927324706316,1018.35,1.60025
67.5,-102.5,2026-10-09 23:27:19,-3.5509999999999877,81.1912452697754,19.30127324706316,1018.32,1.228375
67.5,-102.0,2026-10-09 23:27:19,-2.794999999999959,79.5412452697754,19.139273247063162,1023.14,2.08475
67.5,-101.5,2026-10-09 23:27:19,-1.9569999999999936,90.51960468292236,19.862908852636814,1020.92,2.359375
67.5,-101.0,2026-10-09 23:27:19,-2.7139999999999986,89.61960468292237,20.924908852636815,1017.78,1.64225
67.5,-100.5,2026-10-09 23:27:19,-2.4329999999999927,93.24460468292237,22.580908852636814,1018.2,1.180625
67.5,-100.0,2026-10-09 23:27:19,-2.040999999999997,94.51960468292236,12.824908852636815,1016.56,1.192125
67.5,-99.5,2026-10-09 23:27:19,-2.106999999999971,91.74460468292237,12.068908852636815,1016.86,1.222625
67.5,-99.0,2026-10-09 23:27:19,-2.194999999999993,88.89460468292236,13.616908852636815,1017.94,1.545
67.5,-98.5,2026-10-09 23:27:19,-2.8449999999999704,88.86960468292237,14.156908852636814,1018.02,2.00075
67.5,-98.0,2026-10-09 23:27:19,-2.714999999999975,90.34460468292237,15.020908852636815,1017.47,2.07525
67.5,-97.5,2026-10-09 23:27:19,-2.7239999999999895,91.34460468292237,14.642908852636813,1016.45,1.510625
67.5,-97.0,2026-10-09 23:27:19,-2.412999999999954,91.56960468292237,15.146908852636816,1019.03,0.917375
67.5,-96.5,2026-10-09 23:27:19,-2.0709999999999695,91.94460468292237,15.020908852636815,1021.11,0.389125
67.5,-96.0,2026-10-09 23:27:19,-0.92999999999995,92.94460468292237,16.784908852636814,1021.3,0.4215
67.5,-95.5,2026-10-09 23:27:19,-0.9779999999999518,86.19460468292237,10.574908852636815,1021.16,1.098625
67.5,-95.0,2026-10-09 23:27:19,-3.141999999999996,90.21960468292237,6.092908852636815,1000.31,0.825875
67.5,-94.5,2026-10-09 23:27:19,-4.545999999999992,90.36960468292237,2.870908852636814,1002.17,0.801125
67.5,-94.0,2026-10-09 23:27:19,-4.19199999999995,86.54460468292237,1.3949088526368143,1007.11,0.4825
67.5,-93.5,2026-10-09 23:27:19,-4.340999999999951,89.01960468292236,2.8529088526368143,996.88,0.32425
67.5,-93.0,2026-10-09 23:27:19,-4.422999999999945,88.74460468292237,3.1589088526368143,986.42,0.2155
67.5,-92.5,2026-10-09 23:27:19,-5.342999999999961,91.31960468292237,3.7709088526368144,974.58,0.141125
67.5,-92.0,2026-10-09 23:27:19,-5.393999999999949,91.39460468292236,4.490908852636815,978.19,0.1335
67.5,-91.5,2026-10-09 23:27:19,-5.305999999999983,92.49460468292237,3.950908852636814,987.0,0.166
67.5,-91.0,2026-10-09 23:27:19,-5.658999999999992,92.49460468292237,5.768908852636814,975.67,0.28225
67.5,-90.5,2026-10-09 23:27:19,-4.991999999999962,92.49460468292237,5.390908852636814,975.67,0.068625
67.5,-90.0,2026-10-09 23:27:19,-6.426999999999964,90.94460468292237,0.7649088526368142,995.41,0.038125
67.5,-89.5,2026-10-09 23:27:19,-6.589999999999975,92.36960468292237,1.7729088526368142,983.25,0.022875
67.5,-89.0,2026-10-09 23:27:19,-6.868999999999971,93.86960468292237,3.7709088526368144,973.99,0.061
67.5,-88.5,2026-10-09 23:27:19,-5.3629999999999995,94.54460468292237,9.998908852636815,973.74,0.0115
67.5,-88.0,2026-10-09 23:27:19,-3.8519999999999754,92.21960468292237,11.816908852636814,999.5,0.001875
67.5,-87.5,2026-10-09 23:27:19,-1.0359999999999445,75.41960468292237,14.480908852636814,1019.72,0.0
67.5,-86.5,2026-10-09 23:27:19,-4.690999999999974,80.16960468292237,1.3949088526368143,1019.52,0.0
67.5,-86.0,2026-10-09 23:27:19,-6.470999999999947,84.96960468292237,3.194908852636814,991.45,0.001875
67.5,-85.5,2026-10-09 23:27:19,-7.2239999999999895,86.51960468292236,7.388908852636814,971.27,0.003875
67.5,-85.0,2026-10-09 23:27:19,-8.134999999999991,91.56960468292237,8.378908852636814,971.1,0.013375
67.5,-84.5,2026-10-09 23:27:19,-7.805999999999983,97.16960468292237,5.948908852636815,975.16,0.0115
67.5,-84.0,2026-10-09 23:27:19,-6.037999999999954,83.84460468292237,5.444908852636814,983.72,0.007625
67.5,-83.5,2026-10-09 23:27:19,-6.503999999999962,84.69460468292237,4.472908852636814,983.69,0.003875
67.5,-83.0,2026-10-09 23:27:19,-5.920999999999992,85.69460468292237,6.020908852636815,982.33,0.0
67.5,-82.5,2026-10-09 23:27:19,-5.430999999999983,85.71960468292237,6.956908852636815,990.36,0.0
67.5,-82.0,2026-10-09 23:27:19,-5.020999999999958,88.01960468292236,8.396908852636816,985.05,0.001875
67.5,-81.5,2026-10-09 23:27:19,-2.576999999999998,82.21960468292237,13.022908852636814,1006.67,0.068625
67.5,-77.0,2026-10-09 23:27:19,-0.2519999999999527,74.09460468292237,13.454908852636814,1016.56,0.0
67.5,-76.5,2026-10-09 23:27:19,-0.4819999999999709,68.41960468292237,9.926908852636815,1016.5,0.0
67.5,-76.0,2026-10-09 23:27:19,-0.6229999999999905,69.71960468292237,13.760908852636815,1016.42,0.0
67.5,-75.5,2026-10-09 23:27:19,-0.5019999999999527,69.11960468292237,17.972908852636817,1016.24,0.0
67.5,-75.0,2026-10-09 23:27:19,-0.49699999999995725,68.04460468292237,19.250908852636815,1016.02,0.0
67.5,-72.5,2026-10-09 23:27:19,-1.6679999999999495,74.46960468292237,5.066908852636814,1009.72,0.04
67.5,-72.0,2026-10-09 23:27:19,-2.391999999999996,76.56960468292236,9.188908852636814,998.13,0.0
67.5,-71.5,2026-10-09 23:27:19,-2.6889999999999645,78.56960468292237,10.016908852636814,995.72,0.0
67.5,-71.0,2026-10-09 23:27:19,-3.565999999999974,83.96960468292237,13.058908852636815,1000.24,0.0
67.5,-70.5,2026-10-09 23:27:19,-2.08299999999997,87.71960468292237,17.144908852636814,1000.95,0.0
67.5,-70.0,2026-10-09 23:27:19,-0.6659999999999968,73.84460468292237,12.968908852636815,1000.97,0.0
67.5,-69.5,2026-10-09 23:27:19,-0.5069999999999482,75.34460468292237,6.974908852636815,992.31,0.003875
67.5,-69.0,2026-10-09 23:27:19,-1.9249999999999545,86.89460468292236,5.390908852636814,983.24,0.02475
67.5,-68.5,2026-10-09 23:27:19,-1.8959999999999582,86.34460468292237,5.876908852636815,978.78,0.001875
67.5,-68.0,2026-10-09 23:27:19,-2.2139999999999986,90.16960468292237,6.434908852636815,961.06,0.0
67.5,-67.5,2026-10-09 23:27:19,-2.352999999999952,85.14460468292236,3.248908852636814,951.63,0.0
67.5,-67.0,2026-10-09 23:27:19,-2.7799999999999727,78.56960468292237,0.3509088526368141,945.25,0.001875
67.5,-66.5,2026-10-09 23:27:19,-2.4769999999999754,76.81960468292237,3.050908852636814,942.6,0.001875
67.5,-66.0,2026-10-09 23:27:19,-3.328999999999951,74.94460468292236,4.472908852636814,937.22,0.0
67.5,-65.5,2026-10-09 23:27:19,-3.4909999999999854,75.96960468292237,6.6689088526368145,931.25,0.001875
67.5,-65.0,2026-10-09 23:27:19,-1.4019999999999868,79.69460468292237,4.526908852636814,958.44,0.0
67.5,-64.5,2026-10-09 23:27:19,-4.873999999999967,90.49460468292237,8.810908852636814,943.58,0.0
67.5,-64.0,2026-10-09 23:27:19,-2.158999999999992,82.29460468292237,8.288908852636814,987.3,0.0
68.0,-141.0,2026-10-09 23:27:19,-12.186999999999955,96.24479522705079,3.567570357888937,972.28,0.021
68.0,-140.5,2026-10-09 23:27:19,-11.898999999999944,96.09479522705078,5.457570357888937,983.6,0.001875
68.0,-140.0,2026-10-09 23:27:19,-12.535999999999945,96.16979522705078,7.149570357888938,984.85,0.003875
68.0,-139.5,2026-10-09 23:27:19,-11.479999999999961,96.49479522705079,6.699570357888938,985.43,0.02475
68.0,-139.0,2026-10-09 23:27:19,-10.613999999999976,86.69479522705079,10.137570357888938,985.0,0.0
68.0,-138.5,2026-10-09 23:27:19,-8.851999999999975,88.01979522705079,17.283570357888937,969.21,0.003875
68.0,-138.0,2026-10-09 23:27:19,-9.956999999999994,95.79479522705078,18.525570357888938,944.08,0.0
68.0,-137.5,2026-10-09 23:27:19,-7.486999999999966,82.64479522705079,13.611570357888937,918.94,0.0
68.0,-137.0,2026-10-09 23:27:19,-9.73399999999998,96.21979522705078,12.423570357888938,933.34,0.007625
68.0,-136.5,2026-10-09 23:27:19,-6.840999999999951,63.544795227050784,9.867570357888937,886.17,0.2175
68.0,-136.0,2026-10-09 23:27:19,-4.09699999999998,56.81979522705078,27.34557035788894,911.1,0.12587500000000001
68.0,-135.5,2026-10-09 23:27:19,-1.947999999999979,64.49479522705079,9.741570357888937,953.33,0.145
68.0,-135.0,2026-10-09 23:27:19,-5.092999999999961,84.74479522705079,25.257570357888937,1017.67,0.0
68.0,-134.5,2026-10-09 23:27:19,-5.134999999999991,84.76979522705079,35.40957035788894,1017.99,0.0
68.0,-134.0,2026-10-09 23:27:19,-5.538999999999987,84.19479522705079,27.687570357888937,1018.71,0.0
68.0,-133.5,2026-10-09 23:27:19,-4.96999999999997,85.86979522705079,25.995570357888937,1012.27,0.0
68.0,-133.0,2026-10-09 23:27:19,-5.152999999999963,85.39479522705079,30.333570357888938,994.96,0.0
68.0,-132.5,2026-10-09 23:27:19,-5.669999999999959,87.51979522705079,27.57957035788894,991.56,0.0095
68.0,-132.0,2026-10-09 23:27:19,-5.932999999999993,88.46979522705078,24.879570357888937,993.27,0.013375
68.0,-131.5,2026-10-09 23:27:19,-5.784999999999968,88.09479522705078,25.22157035788894,995.87,0.017125
68.0,-131.0,2026-10-09 23:27:19,-7.061999999999955,91.36979522705079,25.85157035788894,981.08,0.063
68.0,-130.5,2026-10-09 23:27:19,-6.014999999999986,89.24479522705079,20.54157035788894,989.47,0.007625
68.0,-130.0,2026-10-09 23:27:19,-5.628999999999962,87.06979522705079,11.469570357888937,997.91,0.0
68.0,-129.5,2026-10-09 23:27:19,-6.270999999999958,84.81979522705079,17.98557035788894,1004.9,0.0
68.0,-129.0,2026-10-09 23:27:19,-5.09499999999997,84.66979522705078,13.233570357888938,1007.8,0.0
68.0,-128.5,2026-10-09 23:27:19,-5.0919999999999845,91.39479522705079,20.72157035788894,999.13,0.0
68.0,-128.0,2026-10-09 23:27:19,-3.6159999999999854,82.71979522705078,15.519570357888936,1000.46,0.0
68.0,-127.5,2026-10-09 23:27:19,-3.116999999999962,81.46979522705078,17.625570357888936,997.85,0.0
68.0,-127.0,2026-10-09 23:27:19,-3.856999999999971,86.64479522705079,18.147570357888938,987.35,0.0
68.0,-126.5,2026-10-09 23:27:19,-4.786999999999978,85.71979522705078,15.339570357888938,996.9,0.0
68.0,-126.0,2026-10-09 23:27:19,-4.508999999999958,80.11979522705079,21.56757035788894,1001.01,0.0
68.0,-125.5,2026-10-09 23:27:19,-6.007999999999981,81.86979522705079,17.571570357888938,995.14,0.0
68.0,-125.0,2026-10-09 23:27:19,-7.342999999999961,80.36979522705079,16.239570357888937,993.93,0.0
68.0,-124.5,2026-10-09 23:27:19,-7.200999999999965,77.34479522705078,17.679570357888938,988.6,0.0
68.0,-124.0,2026-10-09 23:27:19,-8.090999999999951,82.56979522705079,16.581570357888936,979.25,0.0
68.0,-123.5,2026-10-09 23:27:19,-10.314999999999998,84.9662452697754,13.54127324706316,975.53,0.0
68.0,-123.0,2026-10-09 23:27:19,-10.177999999999997,82.8912452697754,12.497273247063161,972.49,0.0
68.0,-122.5,2026-10-09 23:27:19,-11.42999999999995,83.36624526977539,9.923273247063161,972.97,0.0
68.0,-122.0,2026-10-09 23:27:19,-9.576999999999998,81.9412452697754,12.029273247063161,968.86,0.003875
68.0,-121.5,2026-10-09 23:27:19,-9.424999999999955,82.5662452697754,11.99327324706316,969.21,0.022875
68.0,-121.0,2026-10-09 23:27:19,-9.051999999999964,80.4662452697754,7.99727324706316,969.99,0.064875
68.0,-120.5,2026-10-09 23:27:19,-9.576999999999998,80.3162452697754,11.633273247063162,959.33,0.17925
68.0,-120.0,2026-10-09 23:27:19,-10.648999999999944,83.0162452697754,10.69727324706316,945.16,0.574125
68.0,-119.5,2026-10-09 23:27:19,-9.893999999999949,80.9162452697754,9.18527324706316,957.22,0.328125
68.0,-119.0,2026-10-09 23:27:19,-7.460999999999956,70.36624526977539,7.54727324706316,989.05,0.20600000000000002
68.0,-118.5,2026-10-09 23:27:19,-6.7099999999999795,68.3912452697754,8.195273247063161,1004.49,0.059125000000000004
68.0,-118.0,2026-10-09 23:27:19,-6.888999999999953,66.8412452697754,8.06927324706316,1007.5,0.0305
68.0,-117.5,2026-10-09 23:27:19,-6.448999999999955,62.34124526977539,7.25927324706316,1017.22,0.0095
68.0,-117.0,2026-10-09 23:27:19,-6.665999999999997,65.8412452697754,5.33327324706316,1015.02,0.0095
68.0,-116.5,2026-10-09 23:27:19,-7.218999999999994,70.2662452697754,4.63127324706316,1007.21,0.0
68.0,-116.0,2026-10-09 23:27:19,-8.115999999999985,71.99124526977539,4.16327324706316,994.77,0.001875
68.0,-115.5,2026-10-09 23:27:19,-7.770999999999958,73.86624526977539,7.0252732470631605,1004.92,0.007625
68.0,-115.0,2026-10-09 23:27:19,-5.58099999999996,70.5662452697754,11.16527324706316,1031.32,0.074375
68.0,-113.5,2026-10-09 23:27:19,-5.405999999999949,73.6912452697754,5.51327324706316,1030.78,0.022875
68.0,-113.0,2026-10-09 23:27:19,-4.734999999999957,71.49124526977539,5.56727324706316,1030.85,0.022875
68.0,-111.0,2026-10-09 23:27:19,-4.375,73.66624526977539,7.92527324706316,1030.57,0.0305
68.0,-110.5,2026-10-09 23:27:19,-4.067999999999984,76.7662452697754,8.663273247063161,1030.39,0.064875
68.0,-110.0,2026-10-09 23:27:19,-3.756999999999948,77.7662452697754,12.01127324706316,1028.83,0.301375
68.0,-109.5,2026-10-09 23:27:19,-4.134999999999991,80.6912452697754,13.61327324706316,1030.19,0.289875
68.0,-109.0,2026-10-09 23:27:19,-4.303999999999974,74.11624526977539,11.61527324706316,1029.52,0.120125
68.0,-108.0,2026-10-09 23:27:19,-4.933999999999969,77.5662452697754,14.78327324706316,1030.13,0.717125
68.0,-107.5,2026-10-09 23:27:19,-5.883999999999958,84.5412452697754,16.11527324706316,1012.24,1.268375
68.0,-107.0,2026-10-09 23:27:19,-5.863999999999976,87.2912452697754,14.38727324706316,1013.82,1.60025
68.0,-106.5,2026-10-09 23:27:19,-6.401999999999987,76.41624526977539,11.201273247063162,1022.16,1.499125
68.0,-106.0,2026-10-09 23:27:19,-6.744999999999948,81.4662452697754,12.11927324706316,1020.03,1.6307500000000001
68.0,-105.5,2026-10-09 23:27:19,-6.579999999999984,80.7662452697754,12.965273247063159,1021.63,2.128625
68.0,-105.0,2026-10-09 23:27:19,-6.133999999999958,78.99124526977539,14.20727324706316,1020.21,2.058
68.0,-104.5,2026-10-09 23:27:19,-4.81699999999995,73.91624526977539,16.04327324706316,1027.1,2.95825
68.0,-104.0,2026-10-09 23:27:19,-4.796999999999969,74.04124526977539,18.61727324706316,1026.78,1.623125
68.0,-103.5,2026-10-09 23:27:19,-4.760999999999967,75.1912452697754,17.12327324706316,1025.8,1.9855
68.0,-103.0,2026-10-09 23:27:19,-3.523999999999944,75.2162452697754,25.63727324706316,1027.71,3.2443750000000002
68.0,-99.0,2026-10-09 23:27:19,-2.5359999999999445,76.79460468292237,28.646908852636816,1023.19,1.041375
68.0,-98.5,2026-10-09 23:27:19,-3.4809999999999945,80.91960468292237,21.482908852636815,1020.55,0.77625
68.0,-98.0,2026-10-09 23:27:19,-3.6539999999999964,84.26960468292236,18.098908852636818,1021.49,0.6695
68.0,-97.5,2026-10-09 23:27:19,-3.7139999999999986,88.06960468292237,17.774908852636813,1018.97,0.39287500000000003
68.0,-97.0,2026-10-09 23:27:19,-3.0229999999999677,90.74460468292237,17.684908852636816,1017.53,0.410125
68.0,-96.5,2026-10-09 23:27:19,-2.0599999999999454,89.26960468292236,16.064908852636815,1020.55,0.166
68.0,-96.0,2026-10-09 23:27:19,-1.7899999999999636,85.31960468292237,4.5809088526368145,1021.64,0.20975
68.0,-95.5,2026-10-09 23:27:19,-2.363999999999976,80.84460468292237,6.0569088526368144,1021.6,1.617375
68.0,-95.0,2026-10-09 23:27:19,-3.599999999999966,86.49460468292237,3.014908852636814,1018.83,0.150625
68.0,-94.5,2026-10-09 23:27:19,-3.7159999999999513,89.51960468292236,3.1409088526368145,1015.94,0.082
68.0,-94.0,2026-10-09 23:27:19,-3.4109999999999445,90.99460468292237,2.3489088526368143,1012.11,0.11825000000000001
68.0,-93.5,2026-10-09 23:27:19,-3.75,92.01960468292236,3.1589088526368143,1006.27,0.171625
68.0,-93.0,2026-10-09 23:27:19,-3.4599999999999795,91.04460468292237,2.438908852636814,1009.81,0.202125
68.0,-92.5,2026-10-09 23:27:19,-3.6469999999999914,91.36960468292237,6.812908852636815,997.38,0.341375
68.0,-92.0,2026-10-09 23:27:19,-3.9969999999999573,90.04460468292237,13.094908852636815,993.24,0.625625
68.0,-91.5,2026-10-09 23:27:19,-3.7799999999999727,88.56960468292237,14.930908852636813,999.88,0.352875
68.0,-91.0,2026-10-09 23:27:19,-4.030999999999949,88.54460468292237,16.118908852636814,1004.17,0.246
68.0,-90.5,2026-10-09 23:27:19,-4.3209999999999695,91.66960468292237,18.764908852636815,998.24,0.14875
68.0,-90.0,2026-10-09 23:27:19,-3.8799999999999955,90.24460468292237,14.822908852636816,1007.97,0.047625
68.0,-89.5,2026-10-09 23:27:19,-3.9969999999999573,88.54460468292237,14.930908852636813,1008.16,0.0095
68.0,-89.0,2026-10-09 23:27:19,-4.720999999999947,90.31960468292237,14.732908852636815,1004.19,0.013375
68.0,-88.5,2026-10-09 23:27:19,-3.8489999999999895,90.09460468292237,16.244908852636815,1017.74,0.003875
68.0,-87.0,2026-10-09 23:27:19,-2.467999999999961,93.86960468292237,16.820908852636816,1020.03,0.003875
68.0,-86.5,2026-10-09 23:27:19,-3.69399999999996,83.01960468292236,1.916908852636814,1014.78,0.017125
68.0,-86.0,2026-10-09 23:27:19,-3.7299999999999613,72.11960468292237,2.546908852636814,1016.77,0.10300000000000001
68.0,-85.5,2026-10-09 23:27:19,-6.809999999999945,91.71960468292237,0.4769088526368142,981.77,0.0
68.0,-85.0,2026-10-09 23:27:19,-8.240999999999985,87.01960468292236,3.9689088526368144,971.42,0.013375
68.0,-84.5,2026-10-09 23:27:19,-7.143999999999949,81.94460468292237,3.284908852636814,982.99,0.0
68.0,-84.0,2026-10-09 23:27:19,-9.756999999999948,90.66960468292237,5.138908852636814,980.92,0.0
68.0,-83.5,2026-10-09 23:27:19,-11.044999999999959,89.59460468292237,7.334908852636814,971.33,0.0
68.0,-83.0,2026-10-09 23:27:19,-7.697999999999979,86.74460468292237,8.288908852636814,979.53,0.0
68.0,-82.5,2026-10-09 23:27:19,-5.7379999999999995,83.86960468292237,8.144908852636814,981.66,0.0
68.0,-82.0,2026-10-09 23:27:19,-3.5189999999999486,78.34460468292237,6.434908852636815,1001.2,0.0
68.0,-77.0,2026-10-09 23:27:19,-0.21599999999995134,74.16960468292237,14.624908852636814,1016.58,0.0
68.0,-76.5,2026-10-09 23:27:19,-0.40699999999998226,68.54460468292237,9.728908852636813,1016.52,0.0
68.0,-76.0,2026-10-09 23:27:19,-0.6209999999999809,69.41960468292237,12.878908852636814,1016.45,0.0
68.0,-75.5,2026-10-09 23:27:19,-0.5329999999999586,69.59460468292237,17.288908852636816,1016.28,0.0
68.0,-75.0,2026-10-09 23:27:19,-0.47299999999995634,68.19460468292236,19.070908852636816,1016.06,0.0
68.0,-74.5,2026-10-09 23:27:19,-0.48399999999998045,69.54460468292237,19.358908852636816,1015.88,0.0
68.0,-74.0,2026-10-09 23:27:19,-0.18699999999995498,71.21960468292237,18.926908852636814,1015.66,0.0
68.0,-73.5,2026-10-09 23:27:19,-0.5519999999999641,80.54460468292237,3.482908852636814,1015.44,0.0
68.0,-73.0,2026-10-09 23:27:19,-1.0979999999999563,77.49460468292237,4.1129088526368145,1014.64,0.017125
68.0,-72.5,2026-10-09 23:27:19,-1.4169999999999732,74.59460468292237,3.680908852636814,1011.11,0.061
68.0,-72.0,2026-10-09 23:27:19,-1.9389999999999645,74.16960468292237,8.198908852636814,1004.47,0.0
68.0,-71.5,2026-10-09 23:27:19,-2.7329999999999472,78.96960468292237,10.142908852636815,995.5,0.0
68.0,-71.0,2026-10-09 23:27:19,-3.241999999999962,81.79460468292237,11.060908852636814,993.85,0.0
68.0,-70.5,2026-10-09 23:27:19,-2.5529999999999973,90.39460468292236,17.666908852636816,1001.06,0.0
68.0,-70.0,2026-10-09 23:27:19,-1.051999999999964,76.56960468292236,14.732908852636815,1000.89,0.0
68.0,-69.5,2026-10-09 23:27:19,-0.34099999999995134,71.19460468292236,7.874908852636815,998.7,0.003875
68.0,-69.0,2026-10-09 23:27:19,-1.641999999999996,85.11960468292237,6.110908852636815,984.1,0.021
68.0,-68.5,2026-10-09 23:27:19,-2.071999999999946,86.94460468292237,5.066908852636814,980.72,0.00575
68.0,-68.0,2026-10-09 23:27:19,-2.100999999999999,89.76960468292236,6.254908852636815,965.1,0.001875
68.0,-67.5,2026-10-09 23:27:19,-2.36099999999999,80.56960468292237,5.876908852636815,950.52,0.001875
68.0,-67.0,2026-10-09 23:27:19,-2.6499999999999773,80.09460468292237,0.6749088526368142,943.86,0.001875
68.0,-66.5,2026-10-09 23:27:19,-3.252999999999986,79.66960468292237,3.1409088526368145,943.36,0.001875
68.0,-66.0,2026-10-09 23:27:19,-2.7829999999999586,76.69460468292236,3.7349088526368144,939.45,0.0
68.0,-65.5,2026-10-09 23:27:19,-4.465999999999951,83.64460468292236,4.814908852636814,931.31,0.007625
68.0,-65.0,2026-10-09 23:27:19,-3.3029999999999973,80.49460468292237,6.020908852636815,933.24,0.0
68.0,-64.5,2026-10-09 23:27:19,-2.7579999999999814,82.54460468292237,9.404908852636815,947.14,0.0
68.5,-141.0,2026-10-09 23:27:19,-14.23399999999998,79.71979522705078,6.969570357888937,950.54,0.0
68.5,-140.5,2026-10-09 23:27:19,-13.297999999999945,81.69479522705079,12.387570357888938,944.49,0.0095
68.5,-140.0,2026-10-09 23:27:19,-12.313999999999965,85.89479522705079,10.983570357888938,962.28,0.0
68.5,-139.5,2026-10-09 23:27:19,-12.201999999999998,89.41979522705078,24.519570357888938,940.06,0.02675
68.5,-139.0,2026-10-09 23:27:19,-12.48599999999999,91.66979522705078,20.07357035788894,940.53,0.01525
68.5,-138.5,2026-10-09 23:27:19,-14.165999999999997,95.16979522705078,25.995570357888937,932.22,0.08775000000000001
68.5,-138.0,2026-10-09 23:27:19,-9.768999999999949,86.66979522705078,37.407570357888936,964.13,0.022875
68.5,-137.5,2026-10-09 23:27:19,-7.227999999999952,86.09479522705078,28.62357035788894,950.71,0.0115
68.5,-137.0,2026-10-09 23:27:19,-4.087999999999965,75.74479522705079,32.565570357888944,963.37,0.001875
68.5,-136.5,2026-10-09 23:27:19,-4.325999999999965,82.11979522705079,9.705570357888938,980.46,0.0095
68.5,-136.0,2026-10-09 23:27:19,-2.6409999999999627,72.66979522705078,12.927570357888937,979.89,0.017125
68.5,-135.5,2026-10-09 23:27:19,-5.592999999999961,89.86979522705079,17.98557035788894,1016.46,0.0115
68.5,-135.0,2026-10-09 23:27:19,-5.3279999999999745,86.91979522705078,23.457570357888937,1016.46,0.0
68.5,-134.5,2026-10-09 23:27:19,-5.125999999999976,85.14479522705079,29.847570357888937,1016.96,0.0
68.5,-134.0,2026-10-09 23:27:19,-4.981999999999971,84.84479522705078,26.103570357888938,1017.59,0.0
68.5,-133.5,2026-10-09 23:27:19,-5.072999999999979,85.64479522705079,24.825570357888935,1007.31,0.0
68.5,-133.0,2026-10-09 23:27:19,-4.631999999999948,86.61979522705079,24.789570357888937,1006.34,0.0
68.5,-132.5,2026-10-09 23:27:19,-4.073999999999955,82.31979522705079,28.28157035788894,1007.64,0.0
68.5,-132.0,2026-10-09 23:27:19,-5.150999999999954,85.61979522705079,27.237570357888938,1000.32,0.007625
68.5,-131.5,2026-10-09 23:27:19,-6.069999999999993,88.36979522705079,33.19557035788894,989.56,0.068625
68.5,-131.0,2026-10-09 23:27:19,-5.583999999999946,85.94479522705079,24.591570357888937,999.14,0.104875
68.5,-130.5,2026-10-09 23:27:19,-5.271999999999991,83.51979522705079,20.613570357888936,1003.13,0.063
68.5,-130.0,2026-10-09 23:27:19,-6.282999999999959,87.19479522705079,18.399570357888937,999.06,0.00575
68.5,-129.5,2026-10-09 23:27:19,-7.243999999999971,91.54479522705078,22.01757035788894,1002.21,0.0
68.5,-129.0,2026-10-09 23:27:19,-7.658999999999992,89.01979522705079,16.401570357888936,999.56,0.0
68.5,-128.5,2026-10-09 23:27:19,-6.000999999999976,89.64479522705079,18.021570357888937,1005.99,0.0
68.5,-128.0,2026-10-09 23:27:19,-5.2239999999999895,91.24479522705079,15.915570357888939,997.57,0.0
68.5,-127.5,2026-10-09 23:27:19,-3.6609999999999445,85.21979522705078,12.441570357888937,1005.4,0.001875
68.5,-127.0,2026-10-09 23:27:19,-4.1819999999999595,85.61979522705079,16.149570357888937,1004.92,0.001875
68.5,-126.5,2026-10-09 23:27:19,-5.36099999999999,81.09479522705078,18.327570357888938,1007.51,0.0
68.5,-126.0,2026-10-09 23:27:19,-5.7309999999999945,81.06979522705079,18.651570357888936,1004.53,0.0
68.5,-125.5,2026-10-09 23:27:19,-6.861999999999966,80.19479522705079,20.82957035788894,996.65,0.003875
68.5,-125.0,2026-10-09 23:27:19,-7.007999999999981,76.46979522705078,20.865570357888938,991.2,0.0
68.5,-124.5,2026-10-09 23:27:19,-7.403999999999996,76.71979522705078,18.399570357888937,989.78,0.0
68.5,-124.0,2026-10-09 23:27:19,-8.904999999999973,80.64479522705079,16.833570357888938,981.23,0.0
68.5,-123.5,2026-10-09 23:27:19,-9.690999999999974,80.4412452697754,18.851273247063162,967.67,0.0
68.5,-123.0,2026-10-09 23:27:19,-10.460999999999956,82.9412452697754,17.68127324706316,958.21,0.0
68.5,-122.5,2026-10-09 23:27:19,-10.006999999999948,83.3162452697754,11.47127324706316,972.41,0.0
68.5,-122.0,2026-10-09 23:27:19,-9.938999999999965,80.5662452697754,15.341273247063162,960.25,0.001875
68.5,-121.5,2026-10-09 23:27:19,-10.510999999999967,79.11624526977539,14.35127324706316,943.92,0.02675
68.5,-121.0,2026-10-09 23:27:19,-8.718999999999994,70.7162452697754,11.23727324706316,963.13,0.022875
68.5,-120.5,2026-10-09 23:27:19,-9.717999999999961,74.49124526977539,11.92127324706316,948.3,0.07825
68.5,-120.0,2026-10-09 23:27:19,-9.480999999999995,80.4662452697754,12.85727324706316,951.74,0.1335
68.5,-119.5,2026-10-09 23:27:19,-9.24799999999999,84.5162452697754,14.42327324706316,956.69,0.042
68.5,-119.0,2026-10-09 23:27:19,-8.182999999999993,74.79124526977539,9.58127324706316,974.83,0.02675
68.5,-118.5,2026-10-09 23:27:19,-7.250999999999976,69.16624526977539,9.61727324706316,989.16,0.152625
68.5,-118.0,2026-10-09 23:27:19,-6.970999999999947,64.3162452697754,7.6552732470631595,998.03,0.162125
68.5,-117.5,2026-10-09 23:27:19,-7.0709999999999695,64.5162452697754,6.91727324706316,999.75,0.043875000000000004
68.5,-117.0,2026-10-09 23:27:19,-7.213999999999999,65.3412452697754,8.06927324706316,1002.17,0.007625
68.5,-116.5,2026-10-09 23:27:19,-7.484999999999957,68.54124526977539,6.52127324706316,1006.11,0.0115
68.5,-116.0,2026-10-09 23:27:19,-7.297999999999945,73.2662452697754,8.30327324706316,1015.91,0.061
68.5,-115.5,2026-10-09 23:27:19,-7.828999999999951,75.8412452697754,6.32327324706316,1019.49,0.028625
68.5,-115.0,2026-10-09 23:27:19,-8.145999999999958,72.74124526977539,4.72127324706316,1019.5,0.064875
68.5,-114.5,2026-10-09 23:27:19,-8.154999999999973,73.16624526977539,5.49527324706316,1023.58,0.017125
68.5,-114.0,2026-10-09 23:27:19,-7.889999999999986,78.1412452697754,6.75527324706316,1031.77,0.003875
68.5,-113.5,2026-10-09 23:27:19,-7.946999999999946,78.0662452697754,7.40327324706316,1031.74,0.0
68.5,-113.0,2026-10-09 23:27:19,-8.265999999999963,71.6412452697754,9.47327324706316,1031.38,0.0
68.5,-112.5,2026-10-09 23:27:19,-8.073999999999955,76.66624526977539,10.60727324706316,1030.3,0.00575
68.5,-112.0,2026-10-09 23:27:19,-7.741999999999962,79.2662452697754,11.61527324706316,1031.64,0.00575
68.5,-111.5,2026-10-09 23:27:19,-7.678999999999974,77.0662452697754,12.11927324706316,1031.58,0.019125
68.5,-111.0,2026-10-09 23:27:19,-8.462999999999965,75.7162452697754,12.407273247063161,1026.1,0.0115
68.5,-110.5,2026-10-09 23:27:19,-7.489999999999952,83.99124526977539,12.35327324706316,1031.36,0.013375
68.5,-108.5,2026-10-09 23:27:19,-5.422999999999945,76.6912452697754,13.23527324706316,1030.49,0.373875
68.5,-108.0,2026-10-09 23:27:19,-6.871999999999957,76.04124526977539,10.949273247063159,1020.1,1.0967500000000001
68.5,-107.5,2026-10-09 23:27:19,-6.970999999999947,76.3162452697754,11.12927324706316,1024.14,0.92125
68.5,-107.0,2026-10-09 23:27:19,-7.255999999999972,75.4662452697754,11.47127324706316,1023.66,1.304625
68.5,-106.5,2026-10-09 23:27:19,-6.435999999999979,79.9412452697754,16.78127324706316,1029.66,1.70325
68.5,-106.0,2026-10-09 23:27:19,-5.672999999999945,78.0912452697754,18.99527324706316,1029.89,2.319375
68.5,-105.5,2026-10-09 23:27:19,-6.84499999999997,76.54124526977539,15.28727324706316,1023.96,3.137625
68.5,-105.0,2026-10-09 23:27:19,-6.212999999999965,77.7912452697754,18.61727324706316,1028.08,2.80575
68.5,-104.5,2026-10-09 23:27:19,-6.800999999999988,78.61624526977539,16.547273247063163,1023.66,3.24825
68.5,-102.0,2026-10-09 23:27:19,-4.323999999999955,74.6412452697754,26.357273247063162,1027.63,1.602125
68.5,-98.5,2026-10-09 23:27:19,-3.5679999999999836,75.94460468292236,33.81290885263682,1023.83,2.134375
68.5,-98.0,2026-10-09 23:27:19,-3.6989999999999554,81.91960468292237,31.814908852636815,1023.14,1.20925
68.5,-97.5,2026-10-09 23:27:19,-3.5219999999999914,84.34460468292237,27.926908852636814,1022.94,0.80875
68.5,-97.0,2026-10-09 23:27:19,-3.0649999999999977,87.89460468292236,28.736908852636816,1022.39,0.589375
68.5,-96.5,2026-10-09 23:27:19,-3.676999999999964,88.56960468292237,17.810908852636818,1017.67,0.789625
68.5,-96.0,2026-10-09 23:27:19,-2.099999999999966,90.56960468292237,17.054908852636817,1021.7,1.398125
68.5,-94.0,2026-10-09 23:27:19,-1.95799999999997,88.86960468292237,17.486908852636812,1021.8,0.21937500000000001
68.5,-93.5,2026-10-09 23:27:19,-2.634999999999991,86.81960468292237,12.572908852636814,1020.5,0.39675
68.5,-93.0,2026-10-09 23:27:19,-2.586999999999989,85.21960468292237,11.906908852636814,1019.19,0.373875
68.5,-92.5,2026-10-09 23:27:19,-3.5249999999999773,83.09460468292237,13.976908852636814,1003.85,0.5473750000000001
68.5,-92.0,2026-10-09 23:27:19,-4.349999999999966,86.16960468292237,14.930908852636813,991.8,0.7000000000000001
68.5,-91.5,2026-10-09 23:27:19,-4.656999999999982,89.41960468292237,12.770908852636815,994.42,1.113875
68.5,-91.0,2026-10-09 23:27:19,-3.467999999999961,90.26960468292236,10.574908852636815,1008.27,0.77825
68.5,-90.5,2026-10-09 23:27:19,-2.686999999999955,82.04460468292237,17.288908852636816,1021.67,1.344625
68.5,-90.0,2026-10-09 23:27:19,-2.9729999999999563,76.89460468292236,17.954908852636816,1019.67,0.39487500000000003
68.5,-89.5,2026-10-09 23:27:19,-4.164999999999964,75.49460468292237,12.572908852636814,1010.11,0.31275000000000003
68.5,-89.0,2026-10-09 23:27:19,-4.238999999999976,78.39460468292236,19.160908852636815,1008.45,0.07625
68.5,-88.5,2026-10-09 23:27:19,-5.028999999999996,79.41960468292237,18.116908852636815,1001.45,0.034375
68.5,-88.0,2026-10-09 23:27:19,-4.06899999999996,78.51960468292236,20.114908852636816,1016.31,0.007625
68.5,-85.5,2026-10-09 23:27:19,-5.2549999999999955,84.21960468292237,5.210908852636814,995.19,0.0
68.5,-85.0,2026-10-09 23:27:19,-6.143999999999949,81.61960468292237,5.210908852636814,974.28,0.0
68.5,-84.5,2026-10-09 23:27:19,-8.015999999999963,84.74460468292237,7.154908852636814,975.47,0.0
68.5,-84.0,2026-10-09 23:27:19,-7.930999999999983,86.74460468292237,7.010908852636814,977.72,0.0
68.5,-83.5,2026-10-09 23:27:19,-7.755999999999972,88.39460468292236,6.9029088526368145,974.91,0.0
68.5,-83.0,2026-10-09 23:27:19,-8.046999999999969,87.01960468292236,7.532908852636814,979.94,0.0
68.5,-82.5,2026-10-09 23:27:19,-5.7549999999999955,83.54460468292237,8.108908852636816,983.83,0.0
68.5,-82.0,2026-10-09 23:27:19,-3.835999999999956,79.01960468292236,7.100908852636815,999.67,0.0
68.5,-81.5,2026-10-09 23:27:19,-2.915999999999997,79.16960468292237,10.358908852636816,1006.67,0.022875
68.5,-79.0,2026-10-09 23:27:19,-0.08599999999995589,83.34460468292237,16.820908852636816,1017.27,0.001875
68.5,-78.5,2026-10-09 23:27:19,-0.3429999999999609,73.84460468292237,9.152908852636815,1017.16,0.0
68.5,-75.5,2026-10-09 23:27:19,-0.5929999999999609,70.24460468292237,16.064908852636815,1016.35,0.0
68.5,-75.0,2026-10-09 23:27:19,-0.45699999999999363,68.31960468292236,18.908908852636817,1016.13,0.0
68.5,-74.5,2026-10-09 23:27:19,-0.49699999999995725,69.11960468292237,19.394908852636814,1015.91,0.0
68.5,-74.0,2026-10-09 23:27:19,-0.2799999999999727,69.66960468292237,18.926908852636814,1015.72,0.0
68.5,-73.5,2026-10-09 23:27:19,0.03400000000004866,77.69460468292237,9.188908852636814,1015.42,0.0
68.5,-73.0,2026-10-09 23:27:19,-1.4099999999999682,79.89460468292236,4.382908852636814,1015.2,0.021
68.5,-72.5,2026-10-09 23:27:19,-1.0389999999999873,70.61960468292237,2.6369088526368145,1012.06,0.053375
68.5,-72.0,2026-10-09 23:27:19,-1.815999999999974,74.71960468292237,6.812908852636815,1007.42,0.001875
68.5,-71.5,2026-10-09 23:27:19,-2.648999999999944,78.69460468292237,9.440908852636813,996.89,0.0
68.5,-71.0,2026-10-09 23:27:19,-3.211999999999989,81.36960468292237,10.718908852636815,991.47,0.0
68.5,-70.5,2026-10-09 23:27:19,-2.992999999999995,91.31960468292237,17.162908852636814,1001.19,0.0
68.5,-70.0,2026-10-09 23:27:19,-1.5159999999999627,81.91960468292237,16.046908852636815,1000.81,0.0
68.5,-69.5,2026-10-09 23:27:19,-0.7299999999999613,70.81960468292236,9.710908852636814,999.99,0.00575
68.5,-69.0,2026-10-09 23:27:19,-1.0089999999999577,80.36960468292237,5.5889088526368145,987.56,0.0305
68.5,-68.5,2026-10-09 23:27:19,-2.0749999999999886,87.39460468292236,4.904908852636814,983.39,0.01525
68.5,-68.0,2026-10-09 23:27:19,-1.5609999999999786,86.36960468292237,5.768908852636814,972.74,0.003875
68.5,-67.5,2026-10-09 23:27:19,-2.019999999999982,82.14460468292236,6.542908852636815,956.49,0.001875
68.5,-67.0,2026-10-09 23:27:19,-2.569999999999993,82.11960468292237,1.916908852636814,946.03,0.017125
68.5,-66.5,2026-10-09 23:27:19,-3.3169999999999504,78.99460468292237,2.1509088526368143,942.81,0.003875
69.0,-141.0,2026-10-09 23:27:19,-9.926999999999964,56.09479522705078,18.489570357888937,896.84,0.0
69.0,-140.5,2026-10-09 23:27:19,-16.091999999999985,76.09479522705078,2.3075703578889373,961.39,0.001875
69.0,-140.0,2026-10-09 23:27:19,-9.142999999999972,58.394795227050786,32.25957035788894,903.17,0.007625
69.0,-139.5,2026-10-09 23:27:19,-7.836999999999989,66.94479522705079,15.699570357888936,932.19,0.0
69.0,-139.0,2026-10-09 23:27:19,-6.381999999999948,67.89479522705078,37.425570357888944,983.11,0.04
69.0,-138.5,2026-10-09 23:27:19,-8.472999999999956,75.86979522705079,32.81757035788894,1006.02,0.1335
69.0,-138.0,2026-10-09 23:27:19,-6.269999999999982,75.29479522705078,37.11957035788894,1007.34,0.240375
69.0,-137.5,2026-10-09 23:27:19,-3.916999999999973,76.74479522705079,35.12157035788894,1015.54,0.083875
69.0,-137.0,2026-10-09 23:27:19,-3.9599999999999795,77.74479522705079,44.85957035788894,1016.46,0.055375
69.0,-136.5,2026-10-09 23:27:19,-1.1879999999999882,74.74479522705079,27.831570357888936,1016.75,0.017125
69.0,-136.0,2026-10-09 23:27:19,-2.0989999999999895,81.79479522705078,24.213570357888937,1016.17,0.001875
69.0,-135.5,2026-10-09 23:27:19,-4.406999999999982,87.81979522705079,24.24957035788894,1015.97,0.00575
69.0,-135.0,2026-10-09 23:27:19,-5.336999999999989,87.51979522705079,25.437570357888937,1016.49,0.0095
69.0,-134.5,2026-10-09 23:27:19,-5.538999999999987,86.61979522705079,27.92157035788894,1012.78,0.007625
69.0,-134.0,2026-10-09 23:27:19,-4.434999999999945,81.16979522705078,23.97957035788894,1007.49,0.0
69.0,-133.5,2026-10-09 23:27:19,-4.779999999999973,85.64479522705079,26.121570357888938,1012.26,0.0
69.0,-133.0,2026-10-09 23:27:19,-2.9499999999999886,80.74479522705079,39.22557035788894,1018.74,0.0
69.0,-132.5,2026-10-09 23:27:19,-3.2899999999999636,83.46979522705078,29.48757035788894,1016.96,0.0
69.0,-132.0,2026-10-09 23:27:19,-3.9939999999999714,83.31979522705079,24.609570357888938,1016.28,0.0
69.0,-131.5,2026-10-09 23:27:19,-4.686999999999955,83.99479522705079,24.26757035788894,1012.99,0.0
69.0,-131.0,2026-10-09 23:27:19,-5.117999999999995,84.84479522705078,22.89957035788894,1014.78,0.0115
69.0,-130.5,2026-10-09 23:27:19,-5.386999999999944,83.76979522705079,22.97157035788894,1012.99,0.038125
69.0,-130.0,2026-10-09 23:27:19,-5.620999999999981,80.89479522705079,24.987570357888938,1009.83,0.013375
69.0,-129.5,2026-10-09 23:27:19,-6.635999999999967,86.51979522705079,26.08557035788894,1003.42,0.0
69.0,-129.0,2026-10-09 23:27:19,-7.516999999999996,91.14479522705079,24.483570357888937,986.74,0.0
69.0,-128.5,2026-10-09 23:27:19,-7.212999999999965,89.69479522705079,22.01757035788894,1003.05,0.0
69.0,-128.0,2026-10-09 23:27:19,-5.967999999999961,91.11979522705079,21.963570357888937,991.41,0.0
69.0,-127.5,2026-10-09 23:27:19,-5.676999999999964,85.56979522705079,17.787570357888935,995.1,0.0
69.0,-127.0,2026-10-09 23:27:19,-6.543999999999983,86.59479522705078,19.443570357888937,997.05,0.001875
69.0,-126.5,2026-10-09 23:27:19,-7.025999999999954,86.81979522705079,22.287570357888935,993.19,0.021
69.0,-126.0,2026-10-09 23:27:19,-6.315999999999974,82.89479522705079,21.099570357888936,1001.74,0.003875
69.0,-125.5,2026-10-09 23:27:19,-7.09499999999997,81.31979522705079,21.29757035788894,1006.05,0.01525
69.0,-125.0,2026-10-09 23:27:19,-7.31899999999996,77.01979522705079,19.96557035788894,997.2,0.083875
69.0,-124.5,2026-10-09 23:27:19,-7.565999999999974,80.21979522705078,21.135570357888938,996.87,0.116375
69.0,-124.0,2026-10-09 23:27:19,-7.656999999999982,77.59479522705078,19.47957035788894,993.09,0.00575
69.0,-123.5,2026-10-09 23:27:19,-8.400999999999954,77.3912452697754,16.835273247063164,990.02,0.0
69.0,-123.0,2026-10-09 23:27:19,-9.389999999999986,79.61624526977539,20.363273247063162,972.69,0.0
69.0,-122.5,2026-10-09 23:27:19,-9.178999999999974,75.41624526977539,18.61727324706316,971.55,0.0
69.0,-122.0,2026-10-09 23:27:19,-10.452999999999975,75.74124526977539,15.989273247063162,946.07,0.019125
69.0,-121.5,2026-10-09 23:27:19,-10.726999999999975,74.2662452697754,15.521273247063162,940.78,0.0725
69.0,-121.0,2026-10-09 23:27:19,-10.305999999999983,74.9412452697754,15.57527324706316,945.78,0.15637500000000001
69.0,-120.5,2026-10-09 23:27:19,-9.651999999999987,73.66624526977539,15.161273247063159,950.38,0.29375
69.0,-120.0,2026-10-09 23:27:19,-9.201999999999998,75.0162452697754,13.48727324706316,957.61,0.33
69.0,-119.5,2026-10-09 23:27:19,-8.676999999999964,73.54124526977539,12.42527324706316,964.25,0.202125
69.0,-119.0,2026-10-09 23:27:19,-6.845999999999947,74.6412452697754,10.247273247063161,992.22,0.09725
69.0,-118.5,2026-10-09 23:27:19,-5.829999999999984,77.61624526977539,11.81327324706316,1012.8,0.5760000000000001
69.0,-118.0,2026-10-09 23:27:19,-5.08099999999996,70.9662452697754,12.227273247063161,1025.67,0.167875
69.0,-117.5,2026-10-09 23:27:19,-4.853999999999985,71.2162452697754,13.37927324706316,1030.88,0.0115
69.0,-117.0,2026-10-09 23:27:19,-4.762999999999977,71.9412452697754,13.577273247063161,1030.96,0.0115
69.0,-116.5,2026-10-09 23:27:19,-4.9979999999999905,71.6912452697754,14.765273247063162,1031.13,0.001875
69.0,-116.0,2026-10-09 23:27:19,-5.748999999999967,76.3412452697754,15.917273247063159,1031.41,0.03625
69.0,-115.5,2026-10-09 23:27:19,-5.877999999999986,75.29124526977539,14.801273247063161,1031.49,0.04575
69.0,-113.5,2026-10-09 23:27:19,-9.72199999999998,74.99124526977539,10.46327324706316,1031.58,0.18887500000000002
69.0,-113.0,2026-10-09 23:27:19,-10.609999999999957,73.54124526977539,9.383273247063162,1022.3,0.244125
69.0,-112.5,2026-10-09 23:27:19,-10.697999999999979,77.0912452697754,8.717273247063162,1021.35,0.16975
69.0,-112.0,2026-10-09 23:27:19,-10.20799999999997,73.99124526977539,8.23127324706316,1020.02,0.085875
69.0,-111.5,2026-10-09 23:27:19,-10.341999999999985,73.49124526977539,9.27527324706316,1016.41,0.01525
69.0,-111.0,2026-10-09 23:27:19,-10.635999999999967,74.86624526977539,9.85127324706316,1013.72,0.0095
69.0,-110.5,2026-10-09 23:27:19,-10.20399999999995,76.6412452697754,11.92127324706316,1017.3,0.043875000000000004
69.0,-110.0,2026-10-09 23:27:19,-10.329999999999984,77.24124526977539,13.09127324706316,1018.86,0.28225
69.0,-109.5,2026-10-09 23:27:19,-10.743999999999971,78.8412452697754,11.111273247063162,1012.39,0.404375
69.0,-109.0,2026-10-09 23:27:19,-9.881999999999948,75.79124526977539,10.10327324706316,1020.96,0.665625
69.0,-108.5,2026-10-09 23:27:19,-9.728999999999985,75.66624526977539,13.84727324706316,1019.83,1.4076250000000001
69.0,-108.0,2026-10-09 23:27:19,-10.290999999999997,79.4162452697754,14.98127324706316,1013.05,1.668875
69.0,-107.5,2026-10-09 23:27:19,-9.573999999999955,78.9662452697754,16.259273247063163,1022.44,2.117125
69.0,-106.0,2026-10-09 23:27:19,-6.45799999999997,78.0662452697754,20.68727324706316,1030.38,4.3965000000000005
69.0,-105.5,2026-10-09 23:27:19,-6.890999999999963,82.24124526977539,21.98327324706316,1030.24,3.5343750000000003
69.0,-105.0,2026-10-09 23:27:19,-7.389999999999986,79.61624526977539,19.139273247063162,1028.11,2.9602500000000003
69.0,-104.5,2026-10-09 23:27:19,-8.250999999999976,80.61624526977539,15.17927324706316,1021.78,3.225375
69.0,-104.0,2026-10-09 23:27:19,-7.573999999999955,82.1912452697754,15.377273247063162,1021.19,2.077125
69.0,-103.5,2026-10-09 23:27:19,-7.462999999999965,78.5912452697754,17.735273247063162,1020.1,2.8000000000000003
69.0,-103.0,2026-10-09 23:27:19,-7.078999999999951,74.6412452697754,17.98727324706316,1022.41,2.31175
69.0,-102.5,2026-10-09 23:27:19,-6.738999999999976,75.49124526977539,18.31127324706316,1026.44,1.722375
69.0,-102.0,2026-10-09 23:27:19,-5.975999999999999,75.49124526977539,22.991273247063162,1027.6,2.8076250000000003
69.0,-100.5,2026-10-09 23:27:19,-5.242999999999995,75.94460468292236,23.966908852636816,1023.61,3.435125
69.0,-100.0,2026-10-09 23:27:19,-4.201999999999998,69.36960468292237,22.832908852636816,1024.17,4.73975
69.0,-99.5,2026-10-09 23:27:19,-3.777999999999963,75.21960468292237,23.192908852636815,1024.97,6.75775
69.0,-99.0,2026-10-09 23:27:19,-5.419999999999959,76.69460468292236,22.832908852636816,1023.35,2.616875
69.0,-98.5,2026-10-09 23:27:19,-6.026999999999987,76.66960468292237,22.544908852636816,1021.06,1.771875
69.0,-98.0,2026-10-09 23:27:19,-6.152999999999963,75.01960468292236,22.778908852636818,1019.88,1.443875
69.0,-97.5,2026-10-09 23:27:19,-6.1059999999999945,76.99460468292237,27.242908852636816,1015.6,2.031375
69.0,-97.0,2026-10-09 23:27:19,-6.276999999999987,84.66960468292237,26.396908852636816,1016.67,1.9016250000000001
69.0,-96.5,2026-10-09 23:27:19,-5.739999999999952,89.36960468292237,27.008908852636814,1016.69,2.189625
69.0,-96.0,2026-10-09 23:27:19,-2.440999999999974,93.06960468292237,23.966908852636816,1020.53,4.7855
69.0,-94.5,2026-10-09 23:27:19,-2.5849999999999795,89.21960468292237,22.670908852636813,1022.38,0.764875
69.0,-94.0,2026-10-09 23:27:19,-3.0539999999999736,91.36960468292237,14.930908852636813,1020.8,0.988
69.0,-93.5,2026-10-09 23:27:19,-3.4939999999999714,90.04460468292237,14.570908852636816,1018.35,0.927
69.0,-93.0,2026-10-09 23:27:19,-3.8899999999999864,81.56960468292237,14.732908852636815,1009.56,0.75725
69.0,-92.5,2026-10-09 23:27:19,-4.322999999999979,80.01960468292236,14.336908852636816,1007.16,0.9898750000000001
69.0,-92.0,2026-10-09 23:27:19,-4.323999999999955,72.16960468292237,13.202908852636815,1004.52,0.95175
69.0,-91.5,2026-10-09 23:27:19,-4.956999999999994,71.16960468292237,15.110908852636816,993.47,0.850625
69.0,-91.0,2026-10-09 23:27:19,-4.875,69.61960468292237,15.830908852636814,999.33,0.7000000000000001
69.0,-90.5,2026-10-09 23:27:19,-2.975999999999999,68.74460468292237,24.632908852636813,1022.11,0.253625
69.0,-90.0,2026-10-09 23:27:19,-3.220999999999947,72.34460468292237,23.588908852636816,1018.27,0.04
69.0,-89.5,2026-10-09 23:27:19,-4.229999999999961,77.86960468292237,13.310908852636814,1013.03,0.028625
69.0,-89.0,2026-10-09 23:27:19,-4.791999999999973,75.66960468292237,17.828908852636815,1007.91,0.019125
69.0,-88.5,2026-10-09 23:27:19,-4.765999999999963,75.14460468292236,18.674908852636815,1008.11,0.013375
69.0,-85.0,2026-10-09 23:27:19,-7.016999999999996,87.54460468292237,5.876908852636815,970.94,0.0
69.0,-84.5,2026-10-09 23:27:19,-7.866999999999962,84.21960468292237,5.858908852636814,976.11,0.0
69.0,-84.0,2026-10-09 23:27:19,-7.609999999999957,85.49460468292237,5.912908852636814,979.58,0.0
69.0,-83.5,2026-10-09 23:27:19,-8.013999999999953,88.21960468292237,6.092908852636815,976.7,0.0
69.0,-83.0,2026-10-09 23:27:19,-8.241999999999962,85.26960468292236,6.002908852636814,985.3,0.0
69.0,-82.5,2026-10-09 23:27:19,-5.942999999999984,83.29460468292237,9.062908852636815,985.27,0.0
69.0,-82.0,2026-10-09 23:27:19,-4.351999999999975,80.66960468292237,7.640908852636814,995.53,0.0
69.0,-81.5,2026-10-09 23:27:19,-3.4399999999999977,81.21960468292237,8.576908852636814,1002.38,0.003875
69.0,-79.5,2026-10-09 23:27:19,0.20300000000003138,74.59460468292237,19.250908852636815,1017.63,0.44825
69.0,-79.0,2026-10-09 23:27:19,0.029000000000053205,81.01960468292236,19.592908852636814,1017.31,0.003875
69.0,-78.5,2026-10-09 23:27:19,-0.36299999999999955,75.76960468292236,7.856908852636814,1017.17,0.0
69.0,-76.5,2026-10-09 23:27:19,-0.2969999999999686,71.76960468292236,11.528908852636814,1016.53,0.0
69.0,-76.0,2026-10-09 23:27:19,-0.5669999999999504,68.66960468292237,10.826908852636814,1016.5,0.0
69.0,-75.5,2026-10-09 23:27:19,-0.6139999999999759,70.24460468292237,15.146908852636816,1016.38,0.0
69.0,-75.0,2026-10-09 23:27:19,-0.4679999999999609,68.49460468292237,18.638908852636813,1016.17,0.0
69.0,-74.5,2026-10-09 23:27:19,-0.5069999999999482,68.46960468292237,19.340908852636815,1015.97,0.0
69.0,-74.0,2026-10-09 23:27:19,-0.3699999999999477,69.99460468292237,19.070908852636816,1015.77,0.0
69.0,-73.5,2026-10-09 23:27:19,-0.06999999999999318,72.84460468292237,17.000908852636815,1015.56,0.0
69.0,-73.0,2026-10-09 23:27:19,-1.245999999999981,79.16960468292237,4.3469088526368145,1015.44,0.003875
69.0,-72.5,2026-10-09 23:27:19,-0.8799999999999955,72.76960468292236,2.0609088526368144,1013.14,0.02675
69.0,-72.0,2026-10-09 23:27:19,-1.7239999999999895,74.74460468292237,5.4269088526368146,1009.33,0.021
69.0,-71.5,2026-10-09 23:27:19,-2.4359999999999786,76.61960468292237,9.350908852636815,997.67,0.0
69.0,-71.0,2026-10-09 23:27:19,-2.888999999999953,79.41960468292237,10.196908852636815,993.99,0.0
69.0,-70.5,2026-10-09 23:27:19,-3.968999999999994,89.29460468292237,14.786908852636813,1001.3,0.0
69.0,-70.0,2026-10-09 23:27:19,-1.9289999999999736,86.41960468292237,16.874908852636814,1000.92,0.0
69.0,-69.5,2026-10-09 23:27:19,-0.5929999999999609,73.59460468292237,12.284908852636814,1000.94,0.0
69.0,-69.0,2026-10-09 23:27:19,-0.5069999999999482,75.34460468292237,6.974908852636815,992.31,0.00575
69.0,-68.5,2026-10-09 23:27:19,-1.9249999999999545,86.89460468292236,5.390908852636814,983.24,0.021
69.0,-68.0,2026-10-09 23:27:19,-1.5769999999999982,84.59460468292237,6.164908852636815,978.38,0.001875
69.0,-67.5,2026-10-09 23:27:19,-2.2609999999999673,89.41960468292237,6.542908852636815,959.6,0.0
69.5,-141.0,2026-10-09 23:27:19,-12.420999999999992,68.11979522705079,7.923570357888937,910.72,0.0
69.5,-140.5,2026-10-09 23:27:19,-16.015999999999963,75.14479522705078,2.397570357888937,964.47,0.0
69.5,-140.0,2026-10-09 23:27:19,-7.950999999999965,57.894795227050786,29.19957035788894,914.68,0.0
69.5,-139.5,2026-10-09 23:27:19,-7.398999999999944,62.31979522705078,26.13957035788894,914.14,0.001875
69.5,-139.0,2026-10-09 23:27:19,-4.337999999999965,71.21979522705078,20.397570357888938,993.38,0.02475
69.5,-136.0,2026-10-09 23:27:19,-1.475999999999999,69.69479522705079,44.22957035788894,1016.13,0.00575
69.5,-135.5,2026-10-09 23:27:19,-2.644999999999982,84.14479522705079,37.04757035788894,1016.41,0.003875
69.5,-135.0,2026-10-09 23:27:19,-3.176999999999964,84.66979522705078,34.76157035788894,1016.81,0.0
69.5,-134.5,2026-10-09 23:27:19,-3.717999999999961,81.69479522705079,32.24157035788894,1015.92,0.0
69.5,-134.0,2026-10-09 23:27:19,-3.673999999999978,81.41979522705078,26.589570357888938,1014.96,0.0
69.5,-133.5,2026-10-09 23:27:19,-2.55499999999995,81.11979522705079,37.87557035788894,1018.03,0.0
69.5,-133.0,2026-10-09 23:27:19,-2.863999999999976,83.44479522705079,38.01957035788894,1018.16,0.0
69.5,-132.5,2026-10-09 23:27:19,-3.301999999999964,86.74479522705079,31.881570357888936,1016.61,0.0
69.5,-132.0,2026-10-09 23:27:19,-2.7309999999999945,83.71979522705078,39.42357035788894,1018.43,0.001875
69.5,-131.5,2026-10-09 23:27:19,-3.394999999999982,86.41979522705078,38.10957035788894,1020.17,0.095375
69.5,-131.0,2026-10-09 23:27:19,-3.343999999999994,87.14479522705079,40.73757035788894,1019.37,0.061
69.5,-130.5,2026-10-09 23:27:19,-5.6159999999999854,83.61979522705079,26.157570357888936,1019.09,0.001875
69.5,-130.0,2026-10-09 23:27:19,-5.208999999999946,84.69479522705079,29.45157035788894,1017.85,0.021
69.5,-129.5,2026-10-09 23:27:19,-4.67999999999995,82.69479522705079,27.057570357888938,1016.23,0.01525
69.5,-129.0,2026-10-09 23:27:19,-5.156999999999982,84.81979522705079,18.201570357888937,1016.59,0.0
69.5,-128.5,2026-10-09 23:27:19,-5.851999999999975,85.44479522705079,25.47357035788894,1021.03,0.0
69.5,-128.0,2026-10-09 23:27:19,-5.201999999999998,85.66979522705078,20.019570357888938,1010.88,0.0
69.5,-127.5,2026-10-09 23:27:19,-5.159999999999968,82.99479522705079,20.97357035788894,1007.85,0.0
69.5,-127.0,2026-10-09 23:27:19,-6.903999999999996,84.21979522705078,21.369570357888936,1009.34,0.0
69.5,-126.5,2026-10-09 23:27:19,-6.758999999999958,84.64479522705079,29.667570357888938,991.56,0.0095
69.5,-126.0,2026-10-09 23:27:19,-3.912999999999954,78.64479522705079,27.27357035788894,1025.42,0.055375
69.5,-125.5,2026-10-09 23:27:19,-4.319999999999993,76.96979522705078,29.793570357888935,1026.05,0.00575
69.5,-125.0,2026-10-09 23:27:19,-5.650999999999954,76.31979522705079,17.931570357888937,1024.9,0.059125000000000004
69.5,-124.5,2026-10-09 23:27:19,-5.496999999999957,75.84479522705078,18.993570357888938,1024.66,0.152625
69.5,-123.5,2026-10-09 23:27:19,-4.3659999999999854,73.5662452697754,27.65327324706316,1028.27,0.032375
69.5,-123.0,2026-10-09 23:27:19,-6.547999999999945,67.8162452697754,14.29727324706316,1019.74,0.001875
69.5,-122.5,2026-10-09 23:27:19,-8.869999999999948,74.86624526977539,18.401273247063163,978.46,0.007625
69.5,-122.0,2026-10-09 23:27:19,-9.218999999999994,75.6412452697754,12.47927324706316,967.96,0.043875000000000004
69.5,-121.5,2026-10-09 23:27:19,-8.115999999999985,71.2162452697754,10.33727324706316,972.19,0.074375
69.5,-121.0,2026-10-09 23:27:19,-7.075999999999965,68.7662452697754,12.839273247063161,987.19,0.0725
69.5,-120.5,2026-10-09 23:27:19,-4.059999999999945,60.56624526977539,15.59327324706316,1024.49,0.034375
69.5,-116.5,2026-10-09 23:27:19,-7.8659999999999854,64.41624526977539,13.54127324706316,1025.64,0.0
69.5,-116.0,2026-10-09 23:27:19,-9.255999999999972,68.41624526977539,12.38927324706316,1013.49,0.0
69.5,-115.5,2026-10-09 23:27:19,-9.80699999999996,67.99124526977539,11.86727324706316,1012.19,0.0
69.5,-115.0,2026-10-09 23:27:19,-10.961999999999989,72.54124526977539,9.67127324706316,1000.94,0.00575
69.5,-114.5,2026-10-09 23:27:19,-10.822999999999979,70.8912452697754,8.699273247063159,1008.02,0.1145
69.5,-114.0,2026-10-09 23:27:19,-10.904999999999973,69.99124526977539,7.99727324706316,1006.07,0.246
69.5,-113.5,2026-10-09 23:27:19,-11.228999999999985,74.41624526977539,7.007273247063161,1004.38,0.301375
69.5,-113.0,2026-10-09 23:27:19,-11.500999999999976,75.36624526977539,7.961273247063161,1000.49,0.3395
69.5,-112.5,2026-10-09 23:27:19,-12.206999999999994,78.61624526977539,8.96927324706316,995.8,0.579875
69.5,-112.0,2026-10-09 23:27:19,-11.738999999999976,81.8412452697754,10.445273247063161,1008.0,0.320375
69.5,-111.5,2026-10-09 23:27:19,-12.113999999999976,80.2662452697754,7.961273247063161,1007.33,0.43675
69.5,-111.0,2026-10-09 23:27:19,-11.669999999999959,78.7662452697754,7.61927324706316,1009.72,0.988
69.5,-110.5,2026-10-09 23:27:19,-11.718999999999994,76.3162452697754,9.97727324706316,1008.69,1.731875
69.5,-110.0,2026-10-09 23:27:19,-11.538999999999987,79.5662452697754,8.73527324706316,1013.08,2.201125
69.5,-109.5,2026-10-09 23:27:19,-11.159999999999968,74.6412452697754,10.355273247063161,1013.17,3.26925
69.5,-109.0,2026-10-09 23:27:19,-11.20399999999995,77.7662452697754,10.26527324706316,1012.96,4.219
69.5,-108.5,2026-10-09 23:27:19,-11.243999999999971,79.99124526977539,10.69727324706316,1016.77,6.30575
69.5,-108.0,2026-10-09 23:27:19,-10.949999999999989,79.8412452697754,10.823273247063161,1016.0,8.4725
69.5,-107.5,2026-10-09 23:27:19,-10.314999999999998,78.4162452697754,11.52527324706316,1018.41,8.81575
69.5,-107.0,2026-10-09 23:27:19,-10.111999999999966,77.24124526977539,11.201273247063162,1022.89,8.53725
69.5,-106.5,2026-10-09 23:27:19,-8.859999999999957,77.4162452697754,16.11527324706316,1029.47,5.9185
69.5,-106.0,2026-10-09 23:27:19,-8.875,75.04124526977539,14.42327324706316,1027.78,4.2095
69.5,-105.5,2026-10-09 23:27:19,-8.933999999999969,76.0662452697754,15.89927324706316,1024.46,3.234875
69.5,-105.0,2026-10-09 23:27:19,-9.058999999999969,78.74124526977539,16.94327324706316,1021.99,3.83375
69.5,-104.5,2026-10-09 23:27:19,-8.014999999999986,80.3412452697754,21.11927324706316,1026.8,3.393125
69.5,-104.0,2026-10-09 23:27:19,-7.923999999999978,81.9662452697754,20.471273247063163,1023.33,3.7785
69.5,-103.5,2026-10-09 23:27:19,-7.231999999999971,75.66624526977539,19.265273247063163,1025.52,3.56675
69.5,-103.0,2026-10-09 23:27:19,-6.141999999999996,75.74124526977539,23.15327324706316,1029.17,2.245
69.5,-102.5,2026-10-09 23:27:19,-5.704999999999984,74.49124526977539,27.43727324706316,1029.0,3.25775
69.5,-102.0,2026-10-09 23:27:19,-5.8659999999999854,75.6912452697754,28.15727324706316,1028.77,2.986875
69.5,-101.5,2026-10-09 23:27:19,-6.361999999999966,76.49460468292237,32.102908852636816,1027.41,2.46625
69.5,-101.0,2026-10-09 23:27:19,-6.366999999999962,75.31960468292236,30.860908852636815,1026.77,2.90875
69.5,-98.5,2026-10-09 23:27:19,-5.1159999999999854,75.94460468292236,21.680908852636815,1024.39,3.81475
69.5,-98.0,2026-10-09 23:27:19,-6.215999999999951,74.64460468292236,22.814908852636815,1020.33,2.550125
69.5,-97.5,2026-10-09 23:27:19,-6.073999999999955,73.39460468292236,29.600908852636813,1021.44,2.937375
69.5,-97.0,2026-10-09 23:27:19,-6.676999999999964,70.06960468292236,24.776908852636815,1021.17,3.02125
69.5,-96.5,2026-10-09 23:27:19,-6.951999999999998,74.21960468292237,21.428908852636816,1024.44,4.2
69.5,-96.0,2026-10-09 23:27:19,-5.95799999999997,79.26960468292236,24.722908852636817,1024.17,3.5896250000000003
69.5,-95.5,2026-10-09 23:27:19,-6.98599999999999,80.54460468292237,16.388908852636813,1020.08,3.46375
69.5,-95.0,2026-10-09 23:27:19,-5.382999999999981,84.16960468292237,21.446908852636817,1023.67,1.010875
69.5,-94.5,2026-10-09 23:27:19,-5.682999999999993,79.06960468292237,22.580908852636814,1023.49,0.253625
69.5,-94.0,2026-10-09 23:27:19,-8.095999999999947,78.71960468292237,19.574908852636813,1002.0,0.600875
69.5,-93.5,2026-10-09 23:27:19,-4.866999999999962,79.31960468292237,21.914908852636817,1023.35,0.101125
69.5,-93.0,2026-10-09 23:27:19,-5.19199999999995,76.44460468292236,22.526908852636815,1018.31,0.10675
69.5,-92.5,2026-10-09 23:27:19,-4.8419999999999845,76.24460468292237,19.970908852636814,1009.05,0.186875
69.5,-92.0,2026-10-09 23:27:19,-4.794999999999959,76.59460468292237,17.630908852636814,1004.78,0.152625
69.5,-91.5,2026-10-09 23:27:19,-5.113999999999976,71.76960468292236,16.010908852636817,997.1,0.177375
69.5,-91.0,2026-10-09 23:27:19,-5.1159999999999854,70.24460468292237,16.586908852636814,999.36,0.265125
69.5,-90.5,2026-10-09 23:27:19,-3.277999999999963,68.96960468292237,23.480908852636812,1022.27,0.061
69.5,-90.0,2026-10-09 23:27:19,-2.8549999999999613,68.66960468292237,24.956908852636815,1021.89,0.03625
69.5,-85.5,2026-10-09 23:27:19,-3.9429999999999836,84.24460468292237,3.6269088526368143,1010.64,0.003875
69.5,-85.0,2026-10-09 23:27:19,-6.7409999999999854,88.01960468292236,5.390908852636814,974.31,0.0
69.5,-84.5,2026-10-09 23:27:19,-7.037999999999954,80.81960468292237,5.300908852636814,977.97,0.0
69.5,-84.0,2026-10-09 23:27:19,-7.252999999999986,83.39460468292236,5.498908852636815,982.08,0.0
69.5,-83.5,2026-10-09 23:27:19,-7.95599999999996,87.86960468292237,6.344908852636814,975.49,0.0
69.5,-83.0,2026-10-09 23:27:19,-8.784999999999968,86.41960468292237,6.9029088526368145,986.88,0.0
69.5,-82.5,2026-10-09 23:27:19,-6.449999999999989,84.59460468292237,9.044908852636814,984.13,0.0
69.5,-82.0,2026-10-09 23:27:19,-5.076999999999998,82.71960468292237,8.486908852636814,987.08,0.0
69.5,-81.5,2026-10-09 23:27:19,-3.599999999999966,80.49460468292237,7.568908852636814,1000.66,0.0
69.5,-80.5,2026-10-09 23:27:19,-0.3809999999999718,69.71960468292237,15.920908852636815,1018.19,0.15637500000000001
69.5,-80.0,2026-10-09 23:27:19,-0.19999999999998863,69.56960468292236,14.498908852636813,1017.95,0.60275
69.5,-79.0,2026-10-09 23:27:19,0.014000000000010004,79.26960468292236,21.104908852636818,1017.39,0.0115
69.5,-78.5,2026-10-09 23:27:19,-0.37899999999996226,80.51960468292236,8.594908852636815,1017.22,0.0
69.5,-78.0,2026-10-09 23:27:19,-0.29599999999999227,72.74460468292237,12.590908852636815,1017.08,0.0
69.5,-77.0,2026-10-09 23:27:19,-0.1239999999999668,70.69460468292236,15.974908852636814,1016.7,0.019125
69.5,-76.5,2026-10-09 23:27:19,-0.2689999999999486,73.51960468292236,12.824908852636815,1016.55,0.0
69.5,-76.0,2026-10-09 23:27:19,-0.4819999999999709,68.41960468292237,9.926908852636815,1016.5,0.0
69.5,-75.5,2026-10-09 23:27:19,-0.6229999999999905,69.71960468292237,13.760908852636815,1016.42,0.0
69.5,-75.0,2026-10-09 23:27:19,-0.5019999999999527,69.11960468292237,17.972908852636817,1016.24,0.0
69.5,-74.5,2026-10-09 23:27:19,-0.4919999999999618,67.99460468292237,19.196908852636817,1016.03,0.0
69.5,-74.0,2026-10-09 23:27:19,-0.4269999999999641,70.01960468292236,19.214908852636814,1015.81,0.0
69.5,-73.5,2026-10-09 23:27:19,-0.1209999999999809,71.76960468292236,18.548908852636817,1015.61,0.0
69.5,-73.0,2026-10-09 23:27:19,-0.7209999999999468,78.89460468292236,4.022908852636814,1015.41,0.001875
69.5,-72.5,2026-10-09 23:27:19,-0.8349999999999795,72.81960468292236,3.1409088526368145,1013.94,0.01525
69.5,-72.0,2026-10-09 23:27:19,-1.4209999999999923,73.29460468292237,4.058908852636814,1010.64,0.053375
69.5,-71.5,2026-10-09 23:27:19,-2.2309999999999945,75.79460468292237,8.918908852636815,1000.06,0.0
69.5,-71.0,2026-10-09 23:27:19,-2.902999999999963,80.11960468292237,10.952908852636815,996.27,0.0
69.5,-70.5,2026-10-09 23:27:19,-3.23599999999999,81.94460468292237,11.384908852636814,998.17,0.0
69.5,-70.0,2026-10-09 23:27:19,-2.3939999999999486,89.66960468292237,17.540908852636814,1001.03,0.0
69.5,-69.5,2026-10-09 23:27:19,-0.9019999999999868,75.44460468292236,14.210908852636814,1001.02,0.0
69.5,-69.0,2026-10-09 23:27:19,-0.4469999999999459,73.34460468292237,7.6769088526368146,997.64,0.003875
69.5,-68.5,2026-10-09 23:27:19,-1.4589999999999463,83.24460468292237,6.236908852636814,983.39,0.021
69.5,-68.0,2026-10-09 23:27:19,-2.071999999999946,86.94460468292237,5.066908852636814,980.72,0.00575
69.5,-67.5,2026-10-09 23:27:19,-2.100999999999999,89.76960468292236,6.254908852636815,965.1,0.0
69.5,-67.0,2026-10-09 23:27:19,-2.36099999999999,80.56960468292237,5.876908852636815,950.52,0.001875
70.0,-131.5,2026-10-09 23:27:19,-4.475999999999999,89.9162452697754,35.645273247063166,1020.46,0.0
70.0,-131.0,2026-10-09 23:27:19,-4.675999999999988,88.9162452697754,35.789273247063164,1020.33,0.00575
70.0,-130.5,2026-10-09 23:27:19,-4.881999999999948,86.11624526977539,37.76927324706316,1020.77,0.017125
70.0,-130.0,2026-10-09 23:27:19,-4.685999999999979,86.1662452697754,36.905273247063164,1020.88,0.01525
70.0,-129.5,2026-10-09 23:27:19,-4.1089999999999804,87.7912452697754,38.255273247063165,1022.44,0.038125
70.0,-129.0,2026-10-09 23:27:19,-4.277999999999963,87.3912452697754,38.81327324706316,1023.0,0.007625
70.0,-128.5,2026-10-09 23:27:19,-4.970999999999947,88.3412452697754,34.74527324706317,1023.64,0.001875
70.0,-128.0,2026-10-09 23:27:19,-6.965999999999951,84.6662452697754,21.35327324706316,1016.61,0.0
70.0,-127.5,2026-10-09 23:27:19,-6.838999999999999,81.7662452697754,17.285273247063163,1018.5,0.0
70.0,-127.0,2026-10-09 23:27:19,-7.052999999999997,82.5162452697754,20.97527324706316,1020.38,0.001875
70.0,-125.0,2026-10-09 23:27:19,-4.819999999999993,81.3412452697754,29.03927324706316,1026.96,0.003875
70.0,-124.5,2026-10-09 23:27:19,-4.764999999999986,73.5162452697754,25.61927324706316,1024.97,0.089625
70.0,-117.5,2026-10-09 23:27:19,-6.800999999999988,71.0912452697754,21.31727324706316,1031.13,0.047625
70.0,-117.0,2026-10-09 23:27:19,-9.378999999999962,64.6912452697754,14.71127324706316,1007.5,0.007625
70.0,-116.5,2026-10-09 23:27:19,-10.172999999999945,68.2162452697754,13.39727324706316,997.88,0.021
70.0,-116.0,2026-10-09 23:27:19,-9.838999999999999,71.41624526977539,14.045273247063161,1000.24,0.02675
70.0,-115.5,2026-10-09 23:27:19,-10.307999999999993,70.4662452697754,11.84927324706316,999.33,0.03625
70.0,-115.0,2026-10-09 23:27:19,-10.855999999999995,71.24124526977539,10.157273247063161,998.58,0.042
70.0,-114.5,2026-10-09 23:27:19,-11.325999999999965,72.4662452697754,8.62727324706316,994.61,0.053375
70.0,-114.0,2026-10-09 23:27:19,-12.24799999999999,73.4662452697754,7.78127324706316,985.0,0.150625
70.0,-113.5,2026-10-09 23:27:19,-11.510999999999967,72.8162452697754,7.11527324706316,1000.02,0.185
70.0,-113.0,2026-10-09 23:27:19,-11.547999999999945,75.86624526977539,7.76327324706316,1001.22,0.3795
70.0,-112.5,2026-10-09 23:27:19,-11.94399999999996,79.2912452697754,8.30327324706316,1004.07,0.640875
70.0,-112.0,2026-10-09 23:27:19,-11.889999999999986,78.2162452697754,5.72927324706316,1005.8,1.165375
70.0,-111.5,2026-10-09 23:27:19,-12.380999999999972,81.36624526977539,4.10927324706316,1011.69,1.7185000000000001
70.0,-111.0,2026-10-09 23:27:19,-11.58299999999997,76.86624526977539,3.7852732470631603,1021.72,2.298375
70.0,-110.5,2026-10-09 23:27:19,-12.246999999999957,77.2662452697754,4.07327324706316,1020.21,2.9965
70.0,-110.0,2026-10-09 23:27:19,-11.671999999999969,73.11624526977539,7.457273247063161,1017.27,3.784125
70.0,-109.5,2026-10-09 23:27:19,-11.829999999999984,75.5662452697754,9.545273247063161,1016.21,4.18475
70.0,-109.0,2026-10-09 23:27:19,-11.492999999999995,73.3162452697754,9.58127324706316,1019.55,4.8695
70.0,-108.5,2026-10-09 23:27:19,-10.95799999999997,77.4662452697754,14.13527324706316,1020.71,6.0062500000000005
70.0,-108.0,2026-10-09 23:27:19,-11.531999999999982,75.5912452697754,11.83127324706316,1015.17,7.331875
70.0,-107.5,2026-10-09 23:27:19,-11.281999999999982,76.3912452697754,12.58727324706316,1016.66,7.535875
70.0,-107.0,2026-10-09 23:27:19,-10.672999999999945,77.6662452697754,12.89327324706316,1019.92,6.0767500000000005
70.0,-106.5,2026-10-09 23:27:19,-10.553999999999974,74.8162452697754,12.62327324706316,1018.28,5.0735
70.0,-106.0,2026-10-09 23:27:19,-10.689999999999998,76.79124526977539,13.84727324706316,1014.86,3.458
70.0,-105.5,2026-10-09 23:27:19,-10.776999999999987,79.8412452697754,15.46727324706316,1009.8,3.965375
70.0,-105.0,2026-10-09 23:27:19,-10.45999999999998,81.0162452697754,15.647273247063161,1011.42,4.032125
70.0,-104.5,2026-10-09 23:27:19,-9.349999999999966,79.0412452697754,17.69927324706316,1020.03,3.92725
70.0,-104.0,2026-10-09 23:27:19,-8.648999999999944,78.6912452697754,19.58927324706316,1022.75,3.34925
70.0,-103.5,2026-10-09 23:27:19,-7.668999999999983,78.86624526977539,18.14927324706316,1025.66,2.719875
70.0,-103.0,2026-10-09 23:27:19,-7.4389999999999645,70.91624526977539,18.59927324706316,1022.71,3.276875
70.0,-102.5,2026-10-09 23:27:19,-7.055999999999983,69.36624526977539,18.16727324706316,1025.83,2.92775
70.0,-102.0,2026-10-09 23:27:19,-7.339999999999975,70.5912452697754,18.221273247063163,1025.25,2.4605
70.0,-101.5,2026-10-09 23:27:19,-7.83299999999997,71.54460468292237,20.114908852636816,1026.42,2.035125
70.0,-101.0,2026-10-09 23:27:19,-7.5849999999999795,69.96960468292237,21.158908852636817,1026.58,1.7910000000000001
70.0,-97.5,2026-10-09 23:27:19,-4.898999999999944,71.81960468292236,29.906908852636818,1025.33,1.428625
70.0,-96.5,2026-10-09 23:27:19,-6.69199999999995,73.89460468292236,27.836908852636817,1024.99,2.4871250000000003
70.0,-96.0,2026-10-09 23:27:19,-7.270999999999958,75.89460468292236,25.190908852636817,1024.66,6.937
70.0,-95.5,2026-10-09 23:27:19,-7.078999999999951,75.74460468292237,22.022908852636817,1024.28,3.6735
70.0,-95.0,2026-10-09 23:27:19,-7.343999999999994,69.79460468292237,16.010908852636817,1023.25,1.07
70.0,-94.5,2026-10-09 23:27:19,-5.968999999999994,77.74460468292237,22.166908852636816,1023.56,0.18125
70.0,-94.0,2026-10-09 23:27:19,-8.817999999999984,80.56960468292237,19.394908852636814,994.92,0.5665
70.0,-93.5,2026-10-09 23:27:19,-4.927999999999997,79.66960468292237,22.382908852636813,1023.39,0.116375
70.0,-93.0,2026-10-09 23:27:19,-5.270999999999958,76.99460468292237,22.544908852636816,1017.92,0.1125
70.0,-92.5,2026-10-09 23:27:19,-4.851999999999975,76.56960468292236,19.808908852636815,1010.45,0.15637500000000001
70.0,-92.0,2026-10-09 23:27:19,-4.527999999999963,74.89460468292236,17.972908852636817,1006.67,0.1545
70.0,-87.5,2026-10-09 23:27:19,-3.6399999999999864,76.44460468292236,29.906908852636818,1021.02,0.00575
70.0,-87.0,2026-10-09 23:27:19,-3.561999999999955,77.36960468292237,30.572908852636814,1020.66,0.01525
70.0,-86.5,2026-10-09 23:27:19,-3.1129999999999995,76.06960468292236,27.260908852636817,1020.28,0.007625
70.0,-86.0,2026-10-09 23:27:19,-2.537999999999954,77.29460468292237,24.434908852636816,1019.92,0.001875
70.0,-85.5,2026-10-09 23:27:19,-3.31899999999996,85.91960468292237,3.1589088526368143,1016.28,0.0115
70.0,-85.0,2026-10-09 23:27:19,-6.414999999999964,85.89460468292236,4.436908852636814,978.3,0.0
70.0,-84.5,2026-10-09 23:27:19,-6.58099999999996,78.44460468292237,3.8069088526368144,981.14,0.0
70.0,-84.0,2026-10-09 23:27:19,-7.418999999999983,82.61960468292237,5.768908852636814,982.47,0.0
70.0,-83.5,2026-10-09 23:27:19,-7.868999999999971,86.94460468292237,5.714908852636815,977.44,0.0
70.0,-83.0,2026-10-09 23:27:19,-11.73399999999998,88.69460468292237,8.666908852636814,977.95,0.0
70.0,-82.5,2026-10-09 23:27:19,-6.697999999999979,84.99460468292237,9.044908852636814,983.24,0.0
70.0,-82.0,2026-10-09 23:27:19,-5.546999999999969,83.64460468292236,8.450908852636815,982.95,0.0
70.0,-81.5,2026-10-09 23:27:19,-3.752999999999986,81.21960468292237,6.866908852636814,998.95,0.0
70.0,-81.0,2026-10-09 23:27:19,-1.7629999999999768,81.49460468292237,15.092908852636814,1015.33,0.059125000000000004
70.0,-80.5,2026-10-09 23:27:19,-0.4289999999999736,70.84460468292237,16.676908852636814,1018.24,0.18887500000000002
70.0,-80.0,2026-10-09 23:27:19,-0.2599999999999909,69.44460468292236,14.210908852636814,1018.0,0.110625
70.0,-79.5,2026-10-09 23:27:19,0.08800000000002228,69.09460468292237,17.918908852636815,1017.77,0.41775
70.0,-79.0,2026-10-09 23:27:19,0.02800000000002001,77.91960468292237,21.680908852636815,1017.45,0.028625
70.0,-78.5,2026-10-09 23:27:19,-0.325999999999965,83.34460468292237,11.348908852636814,1017.24,0.0
70.0,-77.5,2026-10-09 23:27:19,-0.14299999999997226,71.01960468292236,14.570908852636816,1016.92,0.0
70.0,-77.0,2026-10-09 23:27:19,-0.08599999999995589,69.44460468292236,15.578908852636816,1016.77,0.120125
70.0,-76.5,2026-10-09 23:27:19,-0.21599999999995134,74.16960468292237,14.624908852636814,1016.58,0.0
70.0,-76.0,2026-10-09 23:27:19,-0.40699999999998226,68.54460468292237,9.728908852636813,1016.52,0.0
70.0,-75.5,2026-10-09 23:27:19,-0.6209999999999809,69.41960468292237,12.878908852636814,1016.45,0.0
70.0,-75.0,2026-10-09 23:27:19,-0.5329999999999586,69.59460468292237,17.288908852636816,1016.28,0.0
70.0,-74.5,2026-10-09 23:27:19,-0.47299999999995634,68.19460468292236,19.070908852636816,1016.06,0.0
70.0,-74.0,2026-10-09 23:27:19,-0.48399999999998045,69.54460468292237,19.358908852636816,1015.88,0.0
70.0,-73.5,2026-10-09 23:27:19,-0.21999999999997044,70.79460468292237,18.926908852636814,1015.67,0.0
70.0,-73.0,2026-10-09 23:27:19,-0.47399999999998954,81.94460468292237,3.5729088526368145,1015.42,0.0
70.0,-72.5,2026-10-09 23:27:19,-1.2969999999999686,78.99460468292237,4.3469088526368145,1014.97,0.017125
70.0,-72.0,2026-10-09 23:27:19,-1.1329999999999814,69.89460468292236,3.338908852636814,1011.52,0.059125000000000004
70.0,-71.5,2026-10-09 23:27:19,-1.8759999999999764,74.49460468292237,7.766908852636814,1005.77,0.001875
70.0,-71.0,2026-10-09 23:27:19,-2.683999999999969,78.01960468292236,9.584908852636813,995.7,0.0
70.0,-70.5,2026-10-09 23:27:19,-3.30499999999995,82.59460468292237,10.916908852636814,992.66,0.0
70.0,-70.0,2026-10-09 23:27:19,-2.859999999999957,91.24460468292237,17.522908852636817,1001.14,0.0
70.0,-69.5,2026-10-09 23:27:19,-1.4169999999999732,80.44460468292237,15.776908852636815,1000.78,0.0
70.0,-69.0,2026-10-09 23:27:19,-0.4689999999999941,70.34460468292237,8.774908852636814,999.49,0.00575
70.0,-68.5,2026-10-09 23:27:19,-1.0089999999999577,80.36960468292237,5.5889088526368145,987.56,0.032375
70.0,-68.0,2026-10-09 23:27:19,-2.0749999999999886,87.39460468292236,4.904908852636814,983.39,0.0095
70.0,-67.5,2026-10-09 23:27:19,-1.954999999999984,88.86960468292237,5.804908852636815,969.91,0.003875
70.5,-128.5,2026-10-09 23:27:19,-4.274999999999977,88.0912452697754,38.615273247063165,1023.38,0.0
70.5,-128.0,2026-10-09 23:27:19,-5.400999999999954,87.0662452697754,29.957273247063164,1022.11,0.0
70.5,-127.5,2026-10-09 23:27:19,-5.7339999999999804,83.11624526977539,23.24327324706316,1023.17,0.0
70.5,-117.5,2026-10-09 23:27:19,-5.4249999999999545,72.49124526977539,21.35327324706316,1030.89,0.028625
70.5,-117.0,2026-10-09 23:27:19,-5.544999999999959,74.74124526977539,19.35527324706316,1031.1,0.003875
70.5,-116.5,2026-10-09 23:27:19,-5.69399999999996,84.3162452697754,18.00527324706316,1031.25,0.0
70.5,-116.0,2026-10-09 23:27:19,-5.425999999999988,75.86624526977539,19.49927324706316,1031.32,0.0
70.5,-115.5,2026-10-09 23:27:19,-6.000999999999976,73.86624526977539,19.607273247063162,1031.55,0.0095
70.5,-113.0,2026-10-09 23:27:19,-8.347999999999956,76.8412452697754,16.709273247063162,1032.52,0.01525
70.5,-112.5,2026-10-09 23:27:19,-9.266999999999996,75.8162452697754,15.233273247063162,1032.6,0.074375
70.5,-112.0,2026-10-09 23:27:19,-11.670999999999992,72.86624526977539,9.63527324706316,1025.44,0.082
70.5,-111.5,2026-10-09 23:27:19,-11.69599999999997,73.9662452697754,8.21327324706316,1022.88,0.234625
70.5,-111.0,2026-10-09 23:27:19,-12.342999999999961,76.16624526977539,6.95327324706316,1018.14,0.42912500000000003
70.5,-110.5,2026-10-09 23:27:19,-13.014999999999986,78.0912452697754,7.6552732470631595,1003.22,0.6695
70.5,-110.0,2026-10-09 23:27:19,-13.140999999999963,80.0912452697754,7.25927324706316,1002.97,1.112
70.5,-109.5,2026-10-09 23:27:19,-11.861999999999966,74.86624526977539,5.45927324706316,1015.57,1.38475
70.5,-109.0,2026-10-09 23:27:19,-12.442999999999984,72.54124526977539,6.71927324706316,1008.52,1.47825
70.5,-108.5,2026-10-09 23:27:19,-12.474999999999966,73.04124526977539,8.699273247063159,1012.16,1.155875
70.5,-108.0,2026-10-09 23:27:19,-12.325999999999965,69.41624526977539,7.78127324706316,1013.83,1.39425
70.5,-107.5,2026-10-09 23:27:19,-11.95399999999995,69.36624526977539,9.11327324706316,1014.08,1.6307500000000001
70.5,-107.0,2026-10-09 23:27:19,-13.423999999999978,77.6412452697754,6.68327324706316,1011.71,2.107625
70.5,-106.5,2026-10-09 23:27:19,-11.698999999999955,71.11624526977539,11.12927324706316,1010.63,2.225875
70.5,-106.0,2026-10-09 23:27:19,-11.381999999999948,73.11624526977539,11.81327324706316,1012.08,2.6626250000000002
70.5,-105.5,2026-10-09 23:27:19,-10.877999999999986,72.54124526977539,15.53927324706316,1015.72,2.601625
70.5,-105.0,2026-10-09 23:27:19,-10.34899999999999,74.4412452697754,15.233273247063162,1015.67,2.697
70.5,-104.5,2026-10-09 23:27:19,-9.363999999999976,74.79124526977539,16.92527324706316,1019.52,2.27925
70.5,-104.0,2026-10-09 23:27:19,-8.901999999999987,76.41624526977539,20.32727324706316,1020.66,1.850125
70.5,-103.5,2026-10-09 23:27:19,-8.392999999999972,79.3912452697754,19.895273247063162,1022.21,1.680375
70.5,-103.0,2026-10-09 23:27:19,-7.725999999999999,78.36624526977539,17.62727324706316,1024.02,1.461
70.5,-102.5,2026-10-09 23:27:19,-7.315999999999974,69.8412452697754,19.967273247063158,1025.22,1.392375
70.5,-100.5,2026-10-09 23:27:19,-7.282999999999959,73.14460468292236,28.682908852636814,1027.55,0.48825
70.5,-100.0,2026-10-09 23:27:19,-7.20799999999997,75.91960468292237,30.212908852636815,1027.16,0.434875
70.5,-96.5,2026-10-09 23:27:19,-6.56899999999996,73.51960468292236,28.214908852636814,1025.0,2.31175
70.5,-96.0,2026-10-09 23:27:19,-7.238999999999976,75.94460468292236,25.496908852636814,1024.7,6.937
70.5,-95.5,2026-10-09 23:27:19,-7.078999999999951,75.74460468292237,22.022908852636817,1024.28,3.849
70.5,-95.0,2026-10-09 23:27:19,-7.243999999999971,69.91960468292237,16.766908852636817,1023.06,1.236
70.5,-94.5,2026-10-09 23:27:19,-5.977999999999952,78.44460468292237,21.788908852636816,1023.64,0.23075
70.5,-94.0,2026-10-09 23:27:19,-8.817999999999984,80.56960468292237,19.394908852636814,994.92,0.486375
70.5,-93.5,2026-10-09 23:27:19,-5.014999999999986,80.04460468292237,22.670908852636813,1023.44,0.14875
70.5,-93.0,2026-10-09 23:27:19,-5.45799999999997,77.61960468292237,22.202908852636817,1017.33,0.1145
70.5,-92.5,2026-10-09 23:27:19,-4.8659999999999854,73.66960468292237,18.440908852636817,1011.58,0.137375
70.5,-92.0,2026-10-09 23:27:19,-4.322999999999979,73.14460468292236,18.476908852636814,1008.74,0.141125
70.5,-89.0,2026-10-09 23:27:19,-4.6059999999999945,74.39460468292236,16.118908852636814,1009.42,0.021
70.5,-88.5,2026-10-09 23:27:19,-4.886999999999944,75.81960468292236,18.638908852636813,1006.06,0.017125
70.5,-88.0,2026-10-09 23:27:19,-4.726999999999975,76.09460468292237,19.340908852636815,1010.97,0.0115
70.5,-87.5,2026-10-09 23:27:19,-3.6289999999999623,76.24460468292237,29.636908852636815,1021.05,0.00575
70.5,-87.0,2026-10-09 23:27:19,-3.5779999999999745,77.29460468292237,30.68090885263682,1020.69,0.0115
70.5,-86.5,2026-10-09 23:27:19,-3.1759999999999877,76.41960468292237,27.782908852636815,1020.31,0.0095
70.5,-86.0,2026-10-09 23:27:19,-2.655999999999949,76.59460468292237,24.740908852636817,1020.0,0.001875
70.5,-85.5,2026-10-09 23:27:19,-2.1719999999999686,84.56960468292237,10.736908852636814,1019.72,0.013375
70.5,-85.0,2026-10-09 23:27:19,-6.100999999999999,84.01960468292236,4.058908852636814,987.03,0.0
70.5,-84.5,2026-10-09 23:27:19,-6.103999999999985,78.74460468292237,3.7709088526368144,979.35,0.0
70.5,-84.0,2026-10-09 23:27:19,-9.531999999999982,87.31960468292237,6.308908852636814,978.42,0.0
70.5,-83.5,2026-10-09 23:27:19,-7.631999999999948,85.21960468292237,5.714908852636815,979.92,0.0
70.5,-83.0,2026-10-09 23:27:19,-11.154999999999973,89.26960468292236,8.900908852636814,973.33,0.0
70.5,-82.5,2026-10-09 23:27:19,-7.302999999999997,86.11960468292237,8.774908852636814,980.58,0.0
70.5,-82.0,2026-10-09 23:27:19,-5.7379999999999995,83.86960468292237,8.144908852636814,981.66,0.0
70.5,-81.5,2026-10-09 23:27:19,-3.655999999999949,79.89460468292236,6.542908852636815,999.72,0.0
70.5,-81.0,2026-10-09 23:27:19,-2.2409999999999854,79.36960468292237,12.680908852636815,1012.67,0.055375
70.5,-80.5,2026-10-09 23:27:19,-0.48599999999999,71.76960468292236,17.198908852636816,1018.28,0.20600000000000002
70.5,-80.0,2026-10-09 23:27:19,-0.3009999999999877,69.19460468292236,14.336908852636816,1018.03,0.051500000000000004
70.5,-79.5,2026-10-09 23:27:19,0.0010000000000331966,69.06960468292236,16.964908852636814,1017.83,0.474875
70.5,-79.0,2026-10-09 23:27:19,0.053000000000054115,81.46960468292237,21.014908852636815,1017.47,0.089625
70.5,-78.5,2026-10-09 23:27:19,-0.18199999999995953,84.31960468292237,15.002908852636816,1017.25,0.0
70.5,-78.0,2026-10-09 23:27:19,-0.3359999999999559,73.26960468292236,9.962908852636813,1017.14,0.0
70.5,-77.5,2026-10-09 23:27:19,-0.19499999999999318,71.51960468292236,14.102908852636816,1016.99,0.0
70.5,-77.0,2026-10-09 23:27:19,-0.07799999999997453,69.36960468292237,15.290908852636816,1016.8,0.089625
70.5,-76.5,2026-10-09 23:27:19,-0.18099999999998317,73.21960468292237,15.524908852636814,1016.61,0.0
70.5,-76.0,2026-10-09 23:27:19,-0.3439999999999941,69.34460468292237,10.052908852636815,1016.52,0.0
70.5,-75.5,2026-10-09 23:27:19,-0.6049999999999613,69.09460468292237,12.014908852636815,1016.47,0.0
70.5,-75.0,2026-10-09 23:27:19,-0.5929999999999609,70.24460468292237,16.064908852636815,1016.35,0.0
70.5,-74.5,2026-10-09 23:27:19,-0.45699999999999363,68.31960468292236,18.908908852636817,1016.13,0.0
70.5,-74.0,2026-10-09 23:27:19,-0.5019999999999527,68.89460468292236,19.394908852636814,1015.94,0.0
70.5,-73.5,2026-10-09 23:27:19,-0.30299999999999727,69.56960468292236,18.926908852636814,1015.74,0.0
70.5,-73.0,2026-10-09 23:27:19,-0.06199999999995498,75.34460468292237,12.680908852636815,1015.53,0.0
70.5,-72.5,2026-10-09 23:27:19,-1.4099999999999682,79.89460468292236,4.382908852636814,1015.2,0.017125
70.5,-72.0,2026-10-09 23:27:19,-0.9629999999999654,70.44460468292236,2.3849088526368143,1012.33,0.049625
70.5,-71.5,2026-10-09 23:27:19,-1.7379999999999995,73.86960468292237,6.308908852636814,1008.22,0.013375
70.5,-71.0,2026-10-09 23:27:19,-2.3869999999999436,75.59460468292237,9.332908852636814,998.14,0.0
70.5,-70.5,2026-10-09 23:27:19,-3.079999999999984,80.69460468292237,10.394908852636814,992.27,0.0
70.5,-70.0,2026-10-09 23:27:19,-3.311999999999955,91.31960468292237,15.776908852636815,1001.25,0.0
70.5,-69.5,2026-10-09 23:27:19,-1.7729999999999677,84.91960468292237,16.586908852636814,1000.89,0.0
70.5,-69.0,2026-10-09 23:27:19,-0.6059999999999945,73.34460468292237,11.546908852636815,1000.92,0.0
70.5,-68.5,2026-10-09 23:27:19,-0.4159999999999968,74.89460468292236,6.578908852636815,991.17,0.0095
71.0,-123.0,2026-10-09 23:27:19,4.7214843750000455,73.60818994045258,26.827609915137295,1011.8580859375,2.029725
71.0,-118.5,2026-10-09 23:27:19,4.7214843750000455,73.60818994045258,26.827609915137295,1011.8580859375,2.029725
71.0,-118.0,2026-10-09 23:27:19,4.7214843750000455,73.60818994045258,26.827609915137295,1011.8580859375,2.029725
71.0,-117.5,2026-10-09 23:27:19,4.7214843750000455,73.60818994045258,26.827609915137295,1011.8580859375,2.029725
71.0,-117.0,2026-10-09 23:27:19,4.7214843750000455,73.60818994045258,26.827609915137295,1011.8580859375,2.029725
71.0,-116.5,2026-10-09 23:27:19,4.7214843750000455,73.60818994045258,26.827609915137295,1011.8580859375,2.029725
71.0,-116.0,2026-10-09 23:27:19,4.7214843750000455,73.60818994045258,26.827609915137295,1011.8580859375,2.029725
71.0,-115.5,2026-10-09 23:27:19,4.7214843750000455,73.60818994045258,26.827609915137295,1011.8580859375,2.029725
71.0,-115.0,2026-10-09 23:27:19,4.7214843750000455,73.60818994045258,26.827609915137295,1011.8580859375,2.029725
71.0,-114.5,2026-10-09 23:27:19,4.7214843750000455,73.60818994045258,26.827609915137295,1011.8580859375,2.029725
71.0,-114.0,2026-10-09 23:27:19,4.7214843750000455,73.60818994045258,26.827609915137295,1011.8580859375,2.029725
71.0,-113.5,2026-10-09 23:27:19,4.7214843750000455,73.60818994045258,26.827609915137295,1011.8580859375,2.029725
71.0,-113.0,2026-10-09 23:27:19,4.7214843750000455,73.60818994045258,26.827609915137295,1011.8580859375,2.029725
71.0,-112.5,2026-10-09 23:27:19,4.7214843750000455,73.60818994045258,26.827609915137295,1011.8580859375,2.029725
71.0,-112.0,2026-10-09 23:27:19,4.7214843750000455,73.60818994045258,26.827609915137295,1011.8580859375,2.029725
71.0,-111.5,2026-10-09 23:27:19,4.7214843750000455,73.60818994045258,26.827609915137295,1011.8580859375,2.029725
71.0,-111.0,2026-10-09 23:27:19,4.7214843750000455,73.60818994045258,26.827609915137295,1011.8580859375,2.029725
71.0,-110.5,2026-10-09 23:27:19,4.7214843750000455,73.60818994045258,26.827609915137295,1011.8580859375,2.029725
71.0,-110.0,2026-10-09 23:27:19,4.7214843750000455,73.60818994045258,26.827609915137295,1011.8580859375,2.029725
71.0,-109.5,2026-10-09 23:27:19,4.7214843750000455,73.60818994045258,26.827609915137295,1011.8580859375,2.029725
71.0,-109.0,2026-10-09 23:27:19,4.7214843750000455,73.60818994045258,26.827609915137295,1011.8580859375,2.029725
71.0,-108.5,2026-10-09 23:27:19,4.7214843750000455,73.60818994045258,26.827609915137295,1011.8580859375,2.029725
71.0,-108.0,2026-10-09 23:27:19,4.7214843750000455,73.60818994045258,26.827609915137295,1011.8580859375,2.029725
71.0,-107.5,2026-10-09 23:27:19,4.7214843750000455,73.60818994045258,26.827609915137295,1011.8580859375,2.029725
71.0,-107.0,2026-10-09 23:27:19,4.7214843750000455,73.60818994045258,26.827609915137295,1011.8580859375,2.029725
71.0,-106.5,2026-10-09 23:27:19,4.7214843750000455,73.60818994045258,26.827609915137295,1011.8580859375,2.029725
71.0,-106.0,2026-10-09 23:27:19,4.7214843750000455,73.60818994045258,26.827609915137295,1011.8580859375,2.029725
71.0,-105.5,2026-10-09 23:27:19,4.7214843750000455,73.60818994045258,26.827609915137295,1011.8580859375,2.029725
71.0,-105.0,2026-10-09 23:27:19,4.7214843750000455,73.60818994045258,26.827609915137295,1011.8580859375,2.029725
71.0,-104.5,2026-10-09 23:27:19,4.7214843750000455,73.60818994045258,26.827609915137295,1011.8580859375,2.029725
71.0,-104.0,2026-10-09 23:27:19,4.7214843750000455,73.60818994045258,26.827609915137295,1011.8580859375,2.029725
71.0,-96.5,2026-10-09 23:27:19,5.059277343750011,61.36254179477692,21.608809244781735,1011.52390625,2.029725
71.0,-96.0,2026-10-09 23:27:19,5.059277343750011,61.36254179477692,21.608809244781735,1011.52390625,2.029725
71.0,-95.5,2026-10-09 23:27:19,5.059277343750011,61.36254179477692,21.608809244781735,1011.52390625,2.029725
71.0,-95.0,2026-10-09 23:27:19,5.059277343750011,61.36254179477692,21.608809244781735,1011.52390625,2.029725
71.0,-94.5,2026-10-09 23:27:19,5.059277343750011,61.36254179477692,21.608809244781735,1011.52390625,2.029725
71.0,-94.0,2026-10-09 23:27:19,5.059277343750011,61.36254179477692,21.608809244781735,1011.52390625,2.029725
71.0,-93.5,2026-10-09 23:27:19,5.059277343750011,61.36254179477692,21.608809244781735,1011.52390625,2.029725
71.0,-93.0,2026-10-09 23:27:19,5.059277343750011,61.36254179477692,21.608809244781735,1011.52390625,2.029725
71.0,-89.5,2026-10-09 23:27:19,5.059277343750011,61.36254179477692,21.608809244781735,1011.52390625,2.029725
71.0,-89.0,2026-10-09 23:27:19,5.059277343750011,61.36254179477692,21.608809244781735,1011.52390625,2.029725
71.0,-88.5,2026-10-09 23:27:19,5.059277343750011,61.36254179477692,21.608809244781735,1011.52390625,2.029725
71.0,-88.0,2026-10-09 23:27:19,5.059277343750011,61.36254179477692,21.608809244781735,1011.52390625,2.029725
71.0,-87.5,2026-10-09 23:27:19,5.059277343750011,61.36254179477692,21.608809244781735,1011.52390625,2.029725
71.0,-87.0,2026-10-09 23:27:19,5.059277343750011,61.36254179477692,21.608809244781735,1011.52390625,2.029725
71.0,-86.5,2026-10-09 23:27:19,5.059277343750011,61.36254179477692,21.608809244781735,1011.52390625,2.029725
71.0,-86.0,2026-10-09 23:27:19,5.059277343750011,61.36254179477692,21.608809244781735,1011.52390625,2.029725
71.0,-85.5,2026-10-09 23:27:19,5.059277343750011,61.36254179477692,21.608809244781735,1011.52390625,2.029725
71.0,-85.0,2026-10-09 23:27:19,5.059277343750011,61.36254179477692,21.608809244781735,1011.52390625,2.029725
71.0,-84.5,2026-10-09 23:27:19,5.059277343750011,61.36254179477692,21.608809244781735,1011.52390625,2.029725
71.0,-84.0,2026-10-09 23:27:19,5.059277343750011,61.36254179477692,21.608809244781735,1011.52390625,2.029725
71.0,-83.5,2026-10-09 23:27:19,5.059277343750011,61.36254179477692,21.608809244781735,1011.52390625,2.029725
71.0,-83.0,2026-10-09 23:27:19,5.059277343750011,61.36254179477692,21.608809244781735,1011.52390625,2.029725
71.0,-82.5,2026-10-09 23:27:19,5.059277343750011,61.36254179477692,21.608809244781735,1011.52390625,2.029725
71.0,-82.0,2026-10-09 23:27:19,5.059277343750011,61.36254179477692,21.608809244781735,1011.52390625,2.029725
71.0,-81.5,2026-10-09 23:27:19,5.059277343750011,61.36254179477692,21.608809244781735,1011.52390625,2.029725
71.0,-81.0,2026-10-09 23:27:19,5.059277343750011,61.36254179477692,21.608809244781735,1011.52390625,2.029725
71.0,-80.5,2026-10-09 23:27:19,5.059277343750011,61.36254179477692,21.608809244781735,1011.52390625,2.029725
71.0,-80.0,2026-10-09 23:27:19,5.059277343750011,61.36254179477692,21.608809244781735,1011.52390625,2.029725
71.0,-79.5,2026-10-09 23:27:19,5.059277343750011,61.36254179477692,21.608809244781735,1011.52390625,2.029725
71.0,-79.0,2026-10-09 23:27:19,5.059277343750011,61.36254179477692,21.608809244781735,1011.52390625,2.029725
71.0,-78.5,2026-10-09 23:27:19,5.059277343750011,61.36254179477692,21.608809244781735,1011.52390625,2.029725
71.0,-78.0,2026-10-09 23:27:19,5.059277343750011,61.36254179477692,21.608809244781735,1011.52390625,2.029725
71.0,-77.5,2026-10-09 23:27:19,5.059277343750011,61.36254179477692,21.608809244781735,1011.52390625,2.029725
71.0,-77.0,2026-10-09 23:27:19,5.059277343750011,61.36254179477692,21.608809244781735,1011.52390625,2.029725
71.0,-76.5,2026-10-09 23:27:19,5.059277343750011,61.36254179477692,21.608809244781735,1011.52390625,2.029725
71.0,-76.0,2026-10-09 23:27:19,5.059277343750011,61.36254179477692,21.608809244781735,1011.52390625,2.029725
71.0,-75.5,2026-10-09 23:27:19,5.059277343750011,61.36254179477692,21.608809244781735,1011.52390625,2.029725
71.0,-75.0,2026-10-09 23:27:19,5.059277343750011,61.36254179477692,21.608809244781735,1011.52390625,2.029725
71.0,-74.5,2026-10-09 23:27:19,5.059277343750011,61.36254179477692,21.608809244781735,1011.52390625,2.029725
71.0,-74.0,2026-10-09 23:27:19,5.059277343750011,61.36254179477692,21.608809244781735,1011.52390625,2.029725
71.0,-73.5,2026-10-09 23:27:19,5.059277343750011,61.36254179477692,21.608809244781735,1011.52390625,2.029725
71.0,-73.0,2026-10-09 23:27:19,5.059277343750011,61.36254179477692,21.608809244781735,1011.52390625,2.029725
71.0,-72.5,2026-10-09 23:27:19,5.059277343750011,61.36254179477692,21.608809244781735,1011.52390625,2.029725
71.0,-72.0,2026-10-09 23:27:19,5.059277343750011,61.36254179477692,21.608809244781735,1011.52390625,2.029725
71.0,-71.5,2026-10-09 23:27:19,5.059277343750011,61.36254179477692,21.608809244781735,1011.52390625,2.029725
71.0,-71.0,2026-10-09 23:27:19,5.059277343750011,61.36254179477692,21.608809244781735,1011.52390625,2.029725
71.0,-70.5,2026-10-09 23:27:19,5.059277343750011,61.36254179477692,21.608809244781735,1011.52390625,2.029725
71.5,-124.0,2026-10-09 23:27:19,5.021484375000057,63.108189940452576,20.707609915137294,1012.3380859375,0.5717
71.5,-123.5,2026-10-09 23:27:19,5.021484375000057,63.108189940452576,20.707609915137294,1012.3380859375,0.5717
71.5,-123.0,2026-10-09 23:27:19,5.021484375000057,63.108189940452576,20.707609915137294,1012.3380859375,0.5717
71.5,-122.5,2026-10-09 23:27:19,5.021484375000057,63.108189940452576,20.707609915137294,1012.3380859375,0.5717
71.5,-122.0,2026-10-09 23:27:19,5.021484375000057,63.108189940452576,20.707609915137294,1012.3380859375,0.5717
71.5,-121.5,2026-10-09 23:27:19,5.021484375000057,63.108189940452576,20.707609915137294,1012.3380859375,0.5717
71.5,-121.0,2026-10-09 23:27:19,5.021484375000057,63.108189940452576,20.707609915137294,1012.3380859375,0.5717
71.5,-120.5,2026-10-09 23:27:19,5.021484375000057,63.108189940452576,20.707609915137294,1012.3380859375,0.5717
71.5,-119.0,2026-10-09 23:27:19,5.021484375000057,63.108189940452576,20.707609915137294,1012.3380859375,0.5717
71.5,-118.5,2026-10-09 23:27:19,5.021484375000057,63.108189940452576,20.707609915137294,1012.3380859375,0.5717
71.5,-118.0,2026-10-09 23:27:19,5.021484375000057,63.108189940452576,20.707609915137294,1012.3380859375,0.5717
71.5,-117.5,2026-10-09 23:27:19,5.021484375000057,63.108189940452576,20.707609915137294,1012.3380859375,0.5717
71.5,-117.0,2026-10-09 23:27:19,5.021484375000057,63.108189940452576,20.707609915137294,1012.3380859375,0.5717
71.5,-116.5,2026-10-09 23:27:19,5.021484375000057,63.108189940452576,20.707609915137294,1012.3380859375,0.5717
71.5,-116.0,2026-10-09 23:27:19,5.021484375000057,63.108189940452576,20.707609915137294,1012.3380859375,0.5717
71.5,-115.5,2026-10-09 23:27:19,5.021484375000057,63.108189940452576,20.707609915137294,1012.3380859375,0.5717
71.5,-115.0,2026-10-09 23:27:19,5.021484375000057,63.108189940452576,20.707609915137294,1012.3380859375,0.5717
71.5,-114.5,2026-10-09 23:27:19,5.021484375000057,63.108189940452576,20.707609915137294,1012.3380859375,0.5717
71.5,-114.0,2026-10-09 23:27:19,5.021484375000057,63.108189940452576,20.707609915137294,1012.3380859375,0.5717
71.5,-113.5,2026-10-09 23:27:19,5.021484375000057,63.108189940452576,20.707609915137294,1012.3380859375,0.5717
71.5,-113.0,2026-10-09 23:27:19,5.021484375000057,63.108189940452576,20.707609915137294,1012.3380859375,0.5717
71.5,-112.5,2026-10-09 23:27:19,5.021484375000057,63.108189940452576,20.707609915137294,1012.3380859375,0.5717
71.5,-112.0,2026-10-09 23:27:19,5.021484375000057,63.108189940452576,20.707609915137294,1012.3380859375,0.5717
71.5,-111.5,2026-10-09 23:27:19,5.021484375000057,63.108189940452576,20.707609915137294,1012.3380859375,0.5717
71.5,-111.0,2026-10-09 23:27:19,5.021484375000057,63.108189940452576,20.707609915137294,1012.3380859375,0.5717
71.5,-110.5,2026-10-09 23:27:19,5.021484375000057,63.108189940452576,20.707609915137294,1012.3380859375,0.5717
71.5,-110.0,2026-10-09 23:27:19,5.021484375000057,63.108189940452576,20.707609915137294,1012.3380859375,0.5717
71.5,-109.5,2026-10-09 23:27:19,5.021484375000057,63.108189940452576,20.707609915137294,1012.3380859375,0.5717
71.5,-109.0,2026-10-09 23:27:19,5.021484375000057,63.108189940452576,20.707609915137294,1012.3380859375,0.5717
71.5,-108.5,2026-10-09 23:27:19,5.021484375000057,63.108189940452576,20.707609915137294,1012.3380859375,0.5717
71.5,-108.0,2026-10-09 23:27:19,5.021484375000057,63.108189940452576,20.707609915137294,1012.3380859375,0.5717
71.5,-107.5,2026-10-09 23:27:19,5.021484375000057,63.108189940452576,20.707609915137294,1012.3380859375,0.5717
71.5,-107.0,2026-10-09 23:27:19,5.021484375000057,63.108189940452576,20.707609915137294,1012.3380859375,0.5717
71.5,-106.5,2026-10-09 23:27:19,5.021484375000057,63.108189940452576,20.707609915137294,1012.3380859375,0.5717
71.5,-106.0,2026-10-09 23:27:19,5.021484375000057,63.108189940452576,20.707609915137294,1012.3380859375,0.5717
71.5,-105.5,2026-10-09 23:27:19,5.021484375000057,63.108189940452576,20.707609915137294,1012.3380859375,0.5717
71.5,-105.0,2026-10-09 23:27:19,5.021484375000057,63.108189940452576,20.707609915137294,1012.3380859375,0.5717
71.5,-104.5,2026-10-09 23:27:19,5.021484375000057,63.108189940452576,20.707609915137294,1012.3380859375,0.5717
71.5,-99.5,2026-10-09 23:27:19,3.9592773437500455,79.11254179477692,21.248809244781736,1012.16390625,0.5717
71.5,-99.0,2026-10-09 23:27:19,3.9592773437500455,79.11254179477692,21.248809244781736,1012.16390625,0.5717
71.5,-98.5,2026-10-09 23:27:19,3.9592773437500455,79.11254179477692,21.248809244781736,1012.16390625,0.5717
71.5,-98.0,2026-10-09 23:27:19,3.9592773437500455,79.11254179477692,21.248809244781736,1012.16390625,0.5717
71.5,-96.0,2026-10-09 23:27:19,3.9592773437500455,79.11254179477692,21.248809244781736,1012.16390625,0.5717
71.5,-95.5,2026-10-09 23:27:19,3.9592773437500455,79.11254179477692,21.248809244781736,1012.16390625,0.5717
71.5,-95.0,2026-10-09 23:27:19,3.9592773437500455,79.11254179477692,21.248809244781736,1012.16390625,0.5717
71.5,-94.5,2026-10-09 23:27:19,3.9592773437500455,79.11254179477692,21.248809244781736,1012.16390625,0.5717
71.5,-94.0,2026-10-09 23:27:19,3.9592773437500455,79.11254179477692,21.248809244781736,1012.16390625,0.5717
71.5,-93.5,2026-10-09 23:27:19,3.9592773437500455,79.11254179477692,21.248809244781736,1012.16390625,0.5717
71.5,-93.0,2026-10-09 23:27:19,3.9592773437500455,79.11254179477692,21.248809244781736,1012.16390625,0.5717
71.5,-90.0,2026-10-09 23:27:19,3.9592773437500455,79.11254179477692,21.248809244781736,1012.16390625,0.5717
71.5,-89.5,2026-10-09 23:27:19,3.9592773437500455,79.11254179477692,21.248809244781736,1012.16390625,0.5717
71.5,-89.0,2026-10-09 23:27:19,3.9592773437500455,79.11254179477692,21.248809244781736,1012.16390625,0.5717
71.5,-88.5,2026-10-09 23:27:19,3.9592773437500455,79.11254179477692,21.248809244781736,1012.16390625,0.5717
71.5,-88.0,2026-10-09 23:27:19,3.9592773437500455,79.11254179477692,21.248809244781736,1012.16390625,0.5717
71.5,-87.5,2026-10-09 23:27:19,3.9592773437500455,79.11254179477692,21.248809244781736,1012.16390625,0.5717
71.5,-87.0,2026-10-09 23:27:19,3.9592773437500455,79.11254179477692,21.248809244781736,1012.16390625,0.5717
71.5,-86.5,2026-10-09 23:27:19,3.9592773437500455,79.11254179477692,21.248809244781736,1012.16390625,0.5717
71.5,-86.0,2026-10-09 23:27:19,3.9592773437500455,79.11254179477692,21.248809244781736,1012.16390625,0.5717
71.5,-85.5,2026-10-09 23:27:19,3.9592773437500455,79.11254179477692,21.248809244781736,1012.16390625,0.5717
71.5,-85.0,2026-10-09 23:27:19,3.9592773437500455,79.11254179477692,21.248809244781736,1012.16390625,0.5717
71.5,-84.5,2026-10-09 23:27:19,3.9592773437500455,79.11254179477692,21.248809244781736,1012.16390625,0.5717
71.5,-84.0,2026-10-09 23:27:19,3.9592773437500455,79.11254179477692,21.248809244781736,1012.16390625,0.5717
71.5,-83.5,2026-10-09 23:27:19,3.9592773437500455,79.11254179477692,21.248809244781736,1012.16390625,0.5717
71.5,-83.0,2026-10-09 23:27:19,3.9592773437500455,79.11254179477692,21.248809244781736,1012.16390625,0.5717
71.5,-82.5,2026-10-09 23:27:19,3.9592773437500455,79.11254179477692,21.248809244781736,1012.16390625,0.5717
71.5,-82.0,2026-10-09 23:27:19,3.9592773437500455,79.11254179477692,21.248809244781736,1012.16390625,0.5717
71.5,-81.5,2026-10-09 23:27:19,3.9592773437500455,79.11254179477692,21.248809244781736,1012.16390625,0.5717
71.5,-81.0,2026-10-09 23:27:19,3.9592773437500455,79.11254179477692,21.248809244781736,1012.16390625,0.5717
71.5,-80.5,2026-10-09 23:27:19,3.9592773437500455,79.11254179477692,21.248809244781736,1012.16390625,0.5717
71.5,-80.0,2026-10-09 23:27:19,3.9592773437500455,79.11254179477692,21.248809244781736,1012.16390625,0.5717
71.5,-79.5,2026-10-09 23:27:19,3.9592773437500455,79.11254179477692,21.248809244781736,1012.16390625,0.5717
71.5,-79.0,2026-10-09 23:27:19,3.9592773437500455,79.11254179477692,21.248809244781736,1012.16390625,0.5717
71.5,-78.5,2026-10-09 23:27:19,3.9592773437500455,79.11254179477692,21.248809244781736,1012.16390625,0.5717
71.5,-78.0,2026-10-09 23:27:19,3.9592773437500455,79.11254179477692,21.248809244781736,1012.16390625,0.5717
71.5,-77.5,2026-10-09 23:27:19,3.9592773437500455,79.11254179477692,21.248809244781736,1012.16390625,0.5717
71.5,-77.0,2026-10-09 23:27:19,3.9592773437500455,79.11254179477692,21.248809244781736,1012.16390625,0.5717
71.5,-76.5,2026-10-09 23:27:19,3.9592773437500455,79.11254179477692,21.248809244781736,1012.16390625,0.5717
71.5,-76.0,2026-10-09 23:27:19,3.9592773437500455,79.11254179477692,21.248809244781736,1012.16390625,0.5717
71.5,-75.5,2026-10-09 23:27:19,3.9592773437500455,79.11254179477692,21.248809244781736,1012.16390625,0.5717
71.5,-75.0,2026-10-09 23:27:19,3.9592773437500455,79.11254179477692,21.248809244781736,1012.16390625,0.5717
71.5,-74.5,2026-10-09 23:27:19,3.9592773437500455,79.11254179477692,21.248809244781736,1012.16390625,0.5717
71.5,-74.0,2026-10-09 23:27:19,3.9592773437500455,79.11254179477692,21.248809244781736,1012.16390625,0.5717
71.5,-73.5,2026-10-09 23:27:19,3.9592773437500455,79.11254179477692,21.248809244781736,1012.16390625,0.5717
71.5,-73.0,2026-10-09 23:27:19,3.9592773437500455,79.11254179477692,21.248809244781736,1012.16390625,0.5717
71.5,-72.5,2026-10-09 23:27:19,3.9592773437500455,79.11254179477692,21.248809244781736,1012.16390625,0.5717
71.5,-72.0,2026-10-09 23:27:19,3.9592773437500455,79.11254179477692,21.248809244781736,1012.16390625,0.5717
71.5,-71.5,2026-10-09 23:27:19,3.9592773437500455,79.11254179477692,21.248809244781736,1012.16390625,0.5717
72.0,-126.0,2026-10-09 23:27:19,4.2214843750000455,65.85818994045258,16.027609915137294,1012.8180859375,0.0
72.0,-125.5,2026-10-09 23:27:19,4.2214843750000455,65.85818994045258,16.027609915137294,1012.8180859375,0.0
72.0,-125.0,2026-10-09 23:27:19,4.2214843750000455,65.85818994045258,16.027609915137294,1012.8180859375,0.0
72.0,-124.5,2026-10-09 23:27:19,4.2214843750000455,65.85818994045258,16.027609915137294,1012.8180859375,0.0
72.0,-124.0,2026-10-09 23:27:19,4.2214843750000455,65.85818994045258,16.027609915137294,1012.8180859375,0.0
72.0,-123.5,2026-10-09 23:27:19,4.2214843750000455,65.85818994045258,16.027609915137294,1012.8180859375,0.0
72.0,-123.0,2026-10-09 23:27:19,4.2214843750000455,65.85818994045258,16.027609915137294,1012.8180859375,0.0
72.0,-122.5,2026-10-09 23:27:19,4.2214843750000455,65.85818994045258,16.027609915137294,1012.8180859375,0.0
72.0,-122.0,2026-10-09 23:27:19,4.2214843750000455,65.85818994045258,16.027609915137294,1012.8180859375,0.0
72.0,-121.5,2026-10-09 23:27:19,4.2214843750000455,65.85818994045258,16.027609915137294,1012.8180859375,0.0
72.0,-121.0,2026-10-09 23:27:19,4.2214843750000455,65.85818994045258,16.027609915137294,1012.8180859375,0.0
72.0,-120.5,2026-10-09 23:27:19,4.2214843750000455,65.85818994045258,16.027609915137294,1012.8180859375,0.0
72.0,-119.0,2026-10-09 23:27:19,4.2214843750000455,65.85818994045258,16.027609915137294,1012.8180859375,0.0
72.0,-118.5,2026-10-09 23:27:19,4.2214843750000455,65.85818994045258,16.027609915137294,1012.8180859375,0.0
72.0,-118.0,2026-10-09 23:27:19,4.2214843750000455,65.85818994045258,16.027609915137294,1012.8180859375,0.0
72.0,-117.5,2026-10-09 23:27:19,4.2214843750000455,65.85818994045258,16.027609915137294,1012.8180859375,0.0
72.0,-117.0,2026-10-09 23:27:19,4.2214843750000455,65.85818994045258,16.027609915137294,1012.8180859375,0.0
72.0,-116.5,2026-10-09 23:27:19,4.2214843750000455,65.85818994045258,16.027609915137294,1012.8180859375,0.0
72.0,-116.0,2026-10-09 23:27:19,4.2214843750000455,65.85818994045258,16.027609915137294,1012.8180859375,0.0
72.0,-115.5,2026-10-09 23:27:19,4.2214843750000455,65.85818994045258,16.027609915137294,1012.8180859375,0.0
72.0,-115.0,2026-10-09 23:27:19,4.2214843750000455,65.85818994045258,16.027609915137294,1012.8180859375,0.0
72.0,-114.5,2026-10-09 23:27:19,4.2214843750000455,65.85818994045258,16.027609915137294,1012.8180859375,0.0
72.0,-114.0,2026-10-09 23:27:19,4.2214843750000455,65.85818994045258,16.027609915137294,1012.8180859375,0.0
72.0,-113.5,2026-10-09 23:27:19,4.2214843750000455,65.85818994045258,16.027609915137294,1012.8180859375,0.0
72.0,-113.0,2026-10-09 23:27:19,4.2214843750000455,65.85818994045258,16.027609915137294,1012.8180859375,0.0
72.0,-112.5,2026-10-09 23:27:19,4.2214843750000455,65.85818994045258,16.027609915137294,1012.8180859375,0.0
72.0,-112.0,2026-10-09 23:27:19,4.2214843750000455,65.85818994045258,16.027609915137294,1012.8180859375,0.0
72.0,-111.5,2026-10-09 23:27:19,4.2214843750000455,65.85818994045258,16.027609915137294,1012.8180859375,0.0
72.0,-111.0,2026-10-09 23:27:19,4.2214843750000455,65.85818994045258,16.027609915137294,1012.8180859375,0.0
72.0,-110.5,2026-10-09 23:27:19,4.2214843750000455,65.85818994045258,16.027609915137294,1012.8180859375,0.0
72.0,-110.0,2026-10-09 23:27:19,4.2214843750000455,65.85818994045258,16.027609915137294,1012.8180859375,0.0
72.0,-109.5,2026-10-09 23:27:19,4.2214843750000455,65.85818994045258,16.027609915137294,1012.8180859375,0.0
72.0,-109.0,2026-10-09 23:27:19,4.2214843750000455,65.85818994045258,16.027609915137294,1012.8180859375,0.0
72.0,-108.5,2026-10-09 23:27:19,4.2214843750000455,65.85818994045258,16.027609915137294,1012.8180859375,0.0
72.0,-108.0,2026-10-09 23:27:19,4.2214843750000455,65.85818994045258,16.027609915137294,1012.8180859375,0.0
72.0,-107.5,2026-10-09 23:27:19,4.2214843750000455,65.85818994045258,16.027609915137294,1012.8180859375,0.0
72.0,-107.0,2026-10-09 23:27:19,4.2214843750000455,65.85818994045258,16.027609915137294,1012.8180859375,0.0
72.0,-106.5,2026-10-09 23:27:19,4.2214843750000455,65.85818994045258,16.027609915137294,1012.8180859375,0.0
72.0,-106.0,2026-10-09 23:27:19,4.2214843750000455,65.85818994045258,16.027609915137294,1012.8180859375,0.0
72.0,-105.5,2026-10-09 23:27:19,4.2214843750000455,65.85818994045258,16.027609915137294,1012.8180859375,0.0
72.0,-105.0,2026-10-09 23:27:19,4.2214843750000455,65.85818994045258,16.027609915137294,1012.8180859375,0.0
72.0,-100.5,2026-10-09 23:27:19,4.109277343750023,62.11254179477692,17.288809244781735,1012.48390625,0.0
72.0,-100.0,2026-10-09 23:27:19,4.109277343750023,62.11254179477692,17.288809244781735,1012.48390625,0.0
72.0,-99.5,2026-10-09 23:27:19,4.109277343750023,62.11254179477692,17.288809244781735,1012.48390625,0.0
72.0,-99.0,2026-10-09 23:27:19,4.109277343750023,62.11254179477692,17.288809244781735,1012.48390625,0.0
72.0,-98.5,2026-10-09 23:27:19,4.109277343750023,62.11254179477692,17.288809244781735,1012.48390625,0.0
72.0,-98.0,2026-10-09 23:27:19,4.109277343750023,62.11254179477692,17.288809244781735,1012.48390625,0.0
72.0,-97.5,2026-10-09 23:27:19,4.109277343750023,62.11254179477692,17.288809244781735,1012.48390625,0.0
72.0,-97.0,2026-10-09 23:27:19,4.109277343750023,62.11254179477692,17.288809244781735,1012.48390625,0.0
72.0,-96.5,2026-10-09 23:27:19,4.109277343750023,62.11254179477692,17.288809244781735,1012.48390625,0.0
72.0,-95.5,2026-10-09 23:27:19,4.109277343750023,62.11254179477692,17.288809244781735,1012.48390625,0.0
72.0,-95.0,2026-10-09 23:27:19,4.109277343750023,62.11254179477692,17.288809244781735,1012.48390625,0.0
72.0,-94.5,2026-10-09 23:27:19,4.109277343750023,62.11254179477692,17.288809244781735,1012.48390625,0.0
72.0,-94.0,2026-10-09 23:27:19,4.109277343750023,62.11254179477692,17.288809244781735,1012.48390625,0.0
72.0,-90.0,2026-10-09 23:27:19,4.109277343750023,62.11254179477692,17.288809244781735,1012.48390625,0.0
72.0,-89.5,2026-10-09 23:27:19,4.109277343750023,62.11254179477692,17.288809244781735,1012.48390625,0.0
72.0,-89.0,2026-10-09 23:27:19,4.109277343750023,62.11254179477692,17.288809244781735,1012.48390625,0.0
72.0,-88.5,2026-10-09 23:27:19,4.109277343750023,62.11254179477692,17.288809244781735,1012.48390625,0.0
72.0,-88.0,2026-10-09 23:27:19,4.109277343750023,62.11254179477692,17.288809244781735,1012.48390625,0.0
72.0,-87.5,2026-10-09 23:27:19,4.109277343750023,62.11254179477692,17.288809244781735,1012.48390625,0.0
72.0,-87.0,2026-10-09 23:27:19,4.109277343750023,62.11254179477692,17.288809244781735,1012.48390625,0.0
72.0,-86.5,2026-10-09 23:27:19,4.109277343750023,62.11254179477692,17.288809244781735,1012.48390625,0.0
72.0,-86.0,2026-10-09 23:27:19,4.109277343750023,62.11254179477692,17.288809244781735,1012.48390625,0.0
72.0,-85.5,2026-10-09 23:27:19,4.109277343750023,62.11254179477692,17.288809244781735,1012.48390625,0.0
72.0,-85.0,2026-10-09 23:27:19,4.109277343750023,62.11254179477692,17.288809244781735,1012.48390625,0.0
72.0,-84.5,2026-10-09 23:27:19,4.109277343750023,62.11254179477692,17.288809244781735,1012.48390625,0.0
72.0,-84.0,2026-10-09 23:27:19,4.109277343750023,62.11254179477692,17.288809244781735,1012.48390625,0.0
72.0,-83.5,2026-10-09 23:27:19,4.109277343750023,62.11254179477692,17.288809244781735,1012.48390625,0.0
72.0,-83.0,2026-10-09 23:27:19,4.109277343750023,62.11254179477692,17.288809244781735,1012.48390625,0.0
72.0,-82.5,2026-10-09 23:27:19,4.109277343750023,62.11254179477692,17.288809244781735,1012.48390625,0.0
72.0,-82.0,2026-10-09 23:27:19,4.109277343750023,62.11254179477692,17.288809244781735,1012.48390625,0.0
72.0,-81.5,2026-10-09 23:27:19,4.109277343750023,62.11254179477692,17.288809244781735,1012.48390625,0.0
72.0,-81.0,2026-10-09 23:27:19,4.109277343750023,62.11254179477692,17.288809244781735,1012.48390625,0.0
72.0,-80.5,2026-10-09 23:27:19,4.109277343750023,62.11254179477692,17.288809244781735,1012.48390625,0.0
72.0,-80.0,2026-10-09 23:27:19,4.109277343750023,62.11254179477692,17.288809244781735,1012.48390625,0.0
72.0,-79.5,2026-10-09 23:27:19,4.109277343750023,62.11254179477692,17.288809244781735,1012.48390625,0.0
72.0,-79.0,2026-10-09 23:27:19,4.109277343750023,62.11254179477692,17.288809244781735,1012.48390625,0.0
72.0,-78.5,2026-10-09 23:27:19,4.109277343750023,62.11254179477692,17.288809244781735,1012.48390625,0.0
72.0,-78.0,2026-10-09 23:27:19,4.109277343750023,62.11254179477692,17.288809244781735,1012.48390625,0.0
72.0,-77.5,2026-10-09 23:27:19,4.109277343750023,62.11254179477692,17.288809244781735,1012.48390625,0.0
72.0,-77.0,2026-10-09 23:27:19,4.109277343750023,62.11254179477692,17.288809244781735,1012.48390625,0.0
72.0,-76.5,2026-10-09 23:27:19,4.109277343750023,62.11254179477692,17.288809244781735,1012.48390625,0.0
72.0,-76.0,2026-10-09 23:27:19,4.109277343750023,62.11254179477692,17.288809244781735,1012.48390625,0.0
72.0,-75.5,2026-10-09 23:27:19,4.109277343750023,62.11254179477692,17.288809244781735,1012.48390625,0.0
72.0,-75.0,2026-10-09 23:27:19,4.109277343750023,62.11254179477692,17.288809244781735,1012.48390625,0.0
72.0,-74.5,2026-10-09 23:27:19,4.109277343750023,62.11254179477692,17.288809244781735,1012.48390625,0.0
72.0,-74.0,2026-10-09 23:27:19,4.109277343750023,62.11254179477692,17.288809244781735,1012.48390625,0.0
72.5,-125.5,2026-10-09 23:27:19,3.921484375000034,62.608189940452576,15.487609915137291,1013.1380859375,0.0
72.5,-125.0,2026-10-09 23:27:19,3.921484375000034,62.608189940452576,15.487609915137291,1013.1380859375,0.0
72.5,-124.5,2026-10-09 23:27:19,3.921484375000034,62.608189940452576,15.487609915137291,1013.1380859375,0.0
72.5,-124.0,2026-10-09 23:27:19,3.921484375000034,62.608189940452576,15.487609915137291,1013.1380859375,0.0
72.5,-123.5,2026-10-09 23:27:19,3.921484375000034,62.608189940452576,15.487609915137291,1013.1380859375,0.0
72.5,-123.0,2026-10-09 23:27:19,3.921484375000034,62.608189940452576,15.487609915137291,1013.1380859375,0.0
72.5,-122.5,2026-10-09 23:27:19,3.921484375000034,62.608189940452576,15.487609915137291,1013.1380859375,0.0
72.5,-122.0,2026-10-09 23:27:19,3.921484375000034,62.608189940452576,15.487609915137291,1013.1380859375,0.0
72.5,-121.5,2026-10-09 23:27:19,3.921484375000034,62.608189940452576,15.487609915137291,1013.1380859375,0.0
72.5,-121.0,2026-10-09 23:27:19,3.921484375000034,62.608189940452576,15.487609915137291,1013.1380859375,0.0
72.5,-120.5,2026-10-09 23:27:19,3.921484375000034,62.608189940452576,15.487609915137291,1013.1380859375,0.0
72.5,-120.0,2026-10-09 23:27:19,3.921484375000034,62.608189940452576,15.487609915137291,1013.1380859375,0.0
72.5,-119.5,2026-10-09 23:27:19,3.921484375000034,62.608189940452576,15.487609915137291,1013.1380859375,0.0
72.5,-119.0,2026-10-09 23:27:19,3.921484375000034,62.608189940452576,15.487609915137291,1013.1380859375,0.0
72.5,-118.5,2026-10-09 23:27:19,3.921484375000034,62.608189940452576,15.487609915137291,1013.1380859375,0.0
72.5,-118.0,2026-10-09 23:27:19,3.921484375000034,62.608189940452576,15.487609915137291,1013.1380859375,0.0
72.5,-117.5,2026-10-09 23:27:19,3.921484375000034,62.608189940452576,15.487609915137291,1013.1380859375,0.0
72.5,-117.0,2026-10-09 23:27:19,3.921484375000034,62.608189940452576,15.487609915137291,1013.1380859375,0.0
72.5,-116.5,2026-10-09 23:27:19,3.921484375000034,62.608189940452576,15.487609915137291,1013.1380859375,0.0
72.5,-116.0,2026-10-09 23:27:19,3.921484375000034,62.608189940452576,15.487609915137291,1013.1380859375,0.0
72.5,-115.5,2026-10-09 23:27:19,3.921484375000034,62.608189940452576,15.487609915137291,1013.1380859375,0.0
72.5,-115.0,2026-10-09 23:27:19,3.921484375000034,62.608189940452576,15.487609915137291,1013.1380859375,0.0
72.5,-114.5,2026-10-09 23:27:19,3.921484375000034,62.608189940452576,15.487609915137291,1013.1380859375,0.0
72.5,-114.0,2026-10-09 23:27:19,3.921484375000034,62.608189940452576,15.487609915137291,1013.1380859375,0.0
72.5,-113.5,2026-10-09 23:27:19,3.921484375000034,62.608189940452576,15.487609915137291,1013.1380859375,0.0
72.5,-113.0,2026-10-09 23:27:19,3.921484375000034,62.608189940452576,15.487609915137291,1013.1380859375,0.0
72.5,-112.5,2026-10-09 23:27:19,3.921484375000034,62.608189940452576,15.487609915137291,1013.1380859375,0.0
72.5,-112.0,2026-10-09 23:27:19,3.921484375000034,62.608189940452576,15.487609915137291,1013.1380859375,0.0
72.5,-111.5,2026-10-09 23:27:19,3.921484375000034,62.608189940452576,15.487609915137291,1013.1380859375,0.0
72.5,-111.0,2026-10-09 23:27:19,3.921484375000034,62.608189940452576,15.487609915137291,1013.1380859375,0.0
72.5,-110.5,2026-10-09 23:27:19,3.921484375000034,62.608189940452576,15.487609915137291,1013.1380859375,0.0
72.5,-110.0,2026-10-09 23:27:19,3.921484375000034,62.608189940452576,15.487609915137291,1013.1380859375,0.0
72.5,-109.5,2026-10-09 23:27:19,3.921484375000034,62.608189940452576,15.487609915137291,1013.1380859375,0.0
72.5,-109.0,2026-10-09 23:27:19,3.921484375000034,62.608189940452576,15.487609915137291,1013.1380859375,0.0
72.5,-108.5,2026-10-09 23:27:19,3.921484375000034,62.608189940452576,15.487609915137291,1013.1380859375,0.0
72.5,-108.0,2026-10-09 23:27:19,3.921484375000034,62.608189940452576,15.487609915137291,1013.1380859375,0.0
72.5,-107.5,2026-10-09 23:27:19,3.921484375000034,62.608189940452576,15.487609915137291,1013.1380859375,0.0
72.5,-107.0,2026-10-09 23:27:19,3.921484375000034,62.608189940452576,15.487609915137291,1013.1380859375,0.0
72.5,-106.5,2026-10-09 23:27:19,3.921484375000034,62.608189940452576,15.487609915137291,1013.1380859375,0.0
72.5,-106.0,2026-10-09 23:27:19,3.921484375000034,62.608189940452576,15.487609915137291,1013.1380859375,0.0
72.5,-105.5,2026-10-09 23:27:19,3.921484375000034,62.608189940452576,15.487609915137291,1013.1380859375,0.0
72.5,-105.0,2026-10-09 23:27:19,3.921484375000034,62.608189940452576,15.487609915137291,1013.1380859375,0.0
72.5,-102.5,2026-10-09 23:27:19,3.921484375000034,62.608189940452576,15.487609915137291,1013.1380859375,0.0
72.5,-102.0,2026-10-09 23:27:19,3.921484375000034,62.608189940452576,15.487609915137291,1013.1380859375,0.0
72.5,-101.5,2026-10-09 23:27:19,3.909277343750034,64.86254179477692,18.728809244781736,1012.80390625,0.0
72.5,-101.0,2026-10-09 23:27:19,3.909277343750034,64.86254179477692,18.728809244781736,1012.80390625,0.0
72.5,-100.5,2026-10-09 23:27:19,3.909277343750034,64.86254179477692,18.728809244781736,1012.80390625,0.0
72.5,-100.0,2026-10-09 23:27:19,3.909277343750034,64.86254179477692,18.728809244781736,1012.80390625,0.0
72.5,-99.5,2026-10-09 23:27:19,3.909277343750034,64.86254179477692,18.728809244781736,1012.80390625,0.0
72.5,-99.0,2026-10-09 23:27:19,3.909277343750034,64.86254179477692,18.728809244781736,1012.80390625,0.0
72.5,-98.5,2026-10-09 23:27:19,3.909277343750034,64.86254179477692,18.728809244781736,1012.80390625,0.0
72.5,-98.0,2026-10-09 23:27:19,3.909277343750034,64.86254179477692,18.728809244781736,1012.80390625,0.0
72.5,-97.5,2026-10-09 23:27:19,3.909277343750034,64.86254179477692,18.728809244781736,1012.80390625,0.0
72.5,-97.0,2026-10-09 23:27:19,3.909277343750034,64.86254179477692,18.728809244781736,1012.80390625,0.0
72.5,-96.5,2026-10-09 23:27:19,3.909277343750034,64.86254179477692,18.728809244781736,1012.80390625,0.0
72.5,-95.5,2026-10-09 23:27:19,3.909277343750034,64.86254179477692,18.728809244781736,1012.80390625,0.0
72.5,-95.0,2026-10-09 23:27:19,3.909277343750034,64.86254179477692,18.728809244781736,1012.80390625,0.0
72.5,-94.5,2026-10-09 23:27:19,3.909277343750034,64.86254179477692,18.728809244781736,1012.80390625,0.0
72.5,-94.0,2026-10-09 23:27:19,3.909277343750034,64.86254179477692,18.728809244781736,1012.80390625,0.0
72.5,-93.5,2026-10-09 23:27:19,3.909277343750034,64.86254179477692,18.728809244781736,1012.80390625,0.0
72.5,-90.0,2026-10-09 23:27:19,3.909277343750034,64.86254179477692,18.728809244781736,1012.80390625,0.0
72.5,-89.5,2026-10-09 23:27:19,3.909277343750034,64.86254179477692,18.728809244781736,1012.80390625,0.0
72.5,-89.0,2026-10-09 23:27:19,3.909277343750034,64.86254179477692,18.728809244781736,1012.80390625,0.0
72.5,-88.5,2026-10-09 23:27:19,3.909277343750034,64.86254179477692,18.728809244781736,1012.80390625,0.0
72.5,-88.0,2026-10-09 23:27:19,3.909277343750034,64.86254179477692,18.728809244781736,1012.80390625,0.0
72.5,-87.5,2026-10-09 23:27:19,3.909277343750034,64.86254179477692,18.728809244781736,1012.80390625,0.0
72.5,-87.0,2026-10-09 23:27:19,3.909277343750034,64.86254179477692,18.728809244781736,1012.80390625,0.0
72.5,-86.5,2026-10-09 23:27:19,3.909277343750034,64.86254179477692,18.728809244781736,1012.80390625,0.0
72.5,-86.0,2026-10-09 23:27:19,3.909277343750034,64.86254179477692,18.728809244781736,1012.80390625,0.0
72.5,-85.5,2026-10-09 23:27:19,3.909277343750034,64.86254179477692,18.728809244781736,1012.80390625,0.0
72.5,-85.0,2026-10-09 23:27:19,3.909277343750034,64.86254179477692,18.728809244781736,1012.80390625,0.0
72.5,-84.5,2026-10-09 23:27:19,3.909277343750034,64.86254179477692,18.728809244781736,1012.80390625,0.0
72.5,-84.0,2026-10-09 23:27:19,3.909277343750034,64.86254179477692,18.728809244781736,1012.80390625,0.0
72.5,-83.5,2026-10-09 23:27:19,3.909277343750034,64.86254179477692,18.728809244781736,1012.80390625,0.0
72.5,-83.0,2026-10-09 23:27:19,3.909277343750034,64.86254179477692,18.728809244781736,1012.80390625,0.0
72.5,-82.5,2026-10-09 23:27:19,3.909277343750034,64.86254179477692,18.728809244781736,1012.80390625,0.0
72.5,-82.0,2026-10-09 23:27:19,3.909277343750034,64.86254179477692,18.728809244781736,1012.80390625,0.0
72.5,-81.5,2026-10-09 23:27:19,3.909277343750034,64.86254179477692,18.728809244781736,1012.80390625,0.0
72.5,-81.0,2026-10-09 23:27:19,3.909277343750034,64.86254179477692,18.728809244781736,1012.80390625,0.0
72.5,-80.5,2026-10-09 23:27:19,3.909277343750034,64.86254179477692,18.728809244781736,1012.80390625,0.0
72.5,-80.0,2026-10-09 23:27:19,3.909277343750034,64.86254179477692,18.728809244781736,1012.80390625,0.0
72.5,-79.5,2026-10-09 23:27:19,3.909277343750034,64.86254179477692,18.728809244781736,1012.80390625,0.0
72.5,-78.5,2026-10-09 23:27:19,3.909277343750034,64.86254179477692,18.728809244781736,1012.80390625,0.0
72.5,-78.0,2026-10-09 23:27:19,3.909277343750034,64.86254179477692,18.728809244781736,1012.80390625,0.0
72.5,-77.5,2026-10-09 23:27:19,3.909277343750034,64.86254179477692,18.728809244781736,1012.80390625,0.0
72.5,-77.0,2026-10-09 23:27:19,3.909277343750034,64.86254179477692,18.728809244781736,1012.80390625,0.0
72.5,-76.5,2026-10-09 23:27:19,3.909277343750034,64.86254179477692,18.728809244781736,1012.80390625,0.0
72.5,-76.0,2026-10-09 23:27:19,3.909277343750034,64.86254179477692,18.728809244781736,1012.80390625,0.0
72.5,-75.5,2026-10-09 23:27:19,3.909277343750034,64.86254179477692,18.728809244781736,1012.80390625,0.0
72.5,-75.0,2026-10-09 23:27:19,3.909277343750034,64.86254179477692,18.728809244781736,1012.80390625,0.0
73.0,-125.0,2026-10-09 23:27:19,3.8714843750000227,66.10818994045258,19.267609915137292,1013.2180859375,0.0
73.0,-124.5,2026-10-09 23:27:19,3.8714843750000227,66.10818994045258,19.267609915137292,1013.2180859375,0.0
73.0,-124.0,2026-10-09 23:27:19,3.8714843750000227,66.10818994045258,19.267609915137292,1013.2180859375,0.0
73.0,-123.5,2026-10-09 23:27:19,3.8714843750000227,66.10818994045258,19.267609915137292,1013.2180859375,0.0
73.0,-123.0,2026-10-09 23:27:19,3.8714843750000227,66.10818994045258,19.267609915137292,1013.2180859375,0.0
73.0,-122.5,2026-10-09 23:27:19,3.8714843750000227,66.10818994045258,19.267609915137292,1013.2180859375,0.0
73.0,-122.0,2026-10-09 23:27:19,3.8714843750000227,66.10818994045258,19.267609915137292,1013.2180859375,0.0
73.0,-121.5,2026-10-09 23:27:19,3.8714843750000227,66.10818994045258,19.267609915137292,1013.2180859375,0.0
73.0,-121.0,2026-10-09 23:27:19,3.8714843750000227,66.10818994045258,19.267609915137292,1013.2180859375,0.0
73.0,-120.5,2026-10-09 23:27:19,3.8714843750000227,66.10818994045258,19.267609915137292,1013.2180859375,0.0
73.0,-120.0,2026-10-09 23:27:19,3.8714843750000227,66.10818994045258,19.267609915137292,1013.2180859375,0.0
73.0,-119.5,2026-10-09 23:27:19,3.8714843750000227,66.10818994045258,19.267609915137292,1013.2180859375,0.0
73.0,-119.0,2026-10-09 23:27:19,3.8714843750000227,66.10818994045258,19.267609915137292,1013.2180859375,0.0
73.0,-118.5,2026-10-09 23:27:19,3.8714843750000227,66.10818994045258,19.267609915137292,1013.2180859375,0.0
73.0,-118.0,2026-10-09 23:27:19,3.8714843750000227,66.10818994045258,19.267609915137292,1013.2180859375,0.0
73.0,-117.5,2026-10-09 23:27:19,3.8714843750000227,66.10818994045258,19.267609915137292,1013.2180859375,0.0
73.0,-117.0,2026-10-09 23:27:19,3.8714843750000227,66.10818994045258,19.267609915137292,1013.2180859375,0.0
73.0,-116.5,2026-10-09 23:27:19,3.8714843750000227,66.10818994045258,19.267609915137292,1013.2180859375,0.0
73.0,-116.0,2026-10-09 23:27:19,3.8714843750000227,66.10818994045258,19.267609915137292,1013.2180859375,0.0
73.0,-115.5,2026-10-09 23:27:19,3.8714843750000227,66.10818994045258,19.267609915137292,1013.2180859375,0.0
73.0,-115.0,2026-10-09 23:27:19,3.8714843750000227,66.10818994045258,19.267609915137292,1013.2180859375,0.0
73.0,-114.5,2026-10-09 23:27:19,3.8714843750000227,66.10818994045258,19.267609915137292,1013.2180859375,0.0
73.0,-114.0,2026-10-09 23:27:19,3.8714843750000227,66.10818994045258,19.267609915137292,1013.2180859375,0.0
73.0,-113.5,2026-10-09 23:27:19,3.8714843750000227,66.10818994045258,19.267609915137292,1013.2180859375,0.0
73.0,-113.0,2026-10-09 23:27:19,3.8714843750000227,66.10818994045258,19.267609915137292,1013.2180859375,0.0
73.0,-112.5,2026-10-09 23:27:19,3.8714843750000227,66.10818994045258,19.267609915137292,1013.2180859375,0.0
73.0,-111.0,2026-10-09 23:27:19,3.8714843750000227,66.10818994045258,19.267609915137292,1013.2180859375,0.0
73.0,-110.5,2026-10-09 23:27:19,3.8714843750000227,66.10818994045258,19.267609915137292,1013.2180859375,0.0
73.0,-110.0,2026-10-09 23:27:19,3.8714843750000227,66.10818994045258,19.267609915137292,1013.2180859375,0.0
73.0,-109.5,2026-10-09 23:27:19,3.8714843750000227,66.10818994045258,19.267609915137292,1013.2180859375,0.0
73.0,-108.5,2026-10-09 23:27:19,3.8714843750000227,66.10818994045258,19.267609915137292,1013.2180859375,0.0
73.0,-108.0,2026-10-09 23:27:19,3.8714843750000227,66.10818994045258,19.267609915137292,1013.2180859375,0.0
73.0,-107.5,2026-10-09 23:27:19,3.8714843750000227,66.10818994045258,19.267609915137292,1013.2180859375,0.0
73.0,-107.0,2026-10-09 23:27:19,3.8714843750000227,66.10818994045258,19.267609915137292,1013.2180859375,0.0
73.0,-106.5,2026-10-09 23:27:19,3.8714843750000227,66.10818994045258,19.267609915137292,1013.2180859375,0.0
73.0,-106.0,2026-10-09 23:27:19,3.8714843750000227,66.10818994045258,19.267609915137292,1013.2180859375,0.0
73.0,-105.5,2026-10-09 23:27:19,3.8714843750000227,66.10818994045258,19.267609915137292,1013.2180859375,0.0
73.0,-105.0,2026-10-09 23:27:19,3.8714843750000227,66.10818994045258,19.267609915137292,1013.2180859375,0.0
73.0,-102.5,2026-10-09 23:27:19,3.8714843750000227,66.10818994045258,19.267609915137292,1013.2180859375,0.0
73.0,-102.0,2026-10-09 23:27:19,3.8714843750000227,66.10818994045258,19.267609915137292,1013.2180859375,0.0
73.0,-101.5,2026-10-09 23:27:19,3.7092773437500455,68.61254179477692,22.328809244781734,1012.88390625,0.0
73.0,-100.5,2026-10-09 23:27:19,3.7092773437500455,68.61254179477692,22.328809244781734,1012.88390625,0.0
73.0,-100.0,2026-10-09 23:27:19,3.7092773437500455,68.61254179477692,22.328809244781734,1012.88390625,0.0
73.0,-99.5,2026-10-09 23:27:19,3.7092773437500455,68.61254179477692,22.328809244781734,1012.88390625,0.0
73.0,-99.0,2026-10-09 23:27:19,3.7092773437500455,68.61254179477692,22.328809244781734,1012.88390625,0.0
73.0,-98.5,2026-10-09 23:27:19,3.7092773437500455,68.61254179477692,22.328809244781734,1012.88390625,0.0
73.0,-98.0,2026-10-09 23:27:19,3.7092773437500455,68.61254179477692,22.328809244781734,1012.88390625,0.0
73.0,-97.5,2026-10-09 23:27:19,3.7092773437500455,68.61254179477692,22.328809244781734,1012.88390625,0.0
73.0,-97.0,2026-10-09 23:27:19,3.7092773437500455,68.61254179477692,22.328809244781734,1012.88390625,0.0
73.0,-96.5,2026-10-09 23:27:19,3.7092773437500455,68.61254179477692,22.328809244781734,1012.88390625,0.0
73.0,-96.0,2026-10-09 23:27:19,3.7092773437500455,68.61254179477692,22.328809244781734,1012.88390625,0.0
73.0,-95.5,2026-10-09 23:27:19,3.7092773437500455,68.61254179477692,22.328809244781734,1012.88390625,0.0
73.0,-95.0,2026-10-09 23:27:19,3.7092773437500455,68.61254179477692,22.328809244781734,1012.88390625,0.0
73.0,-94.5,2026-10-09 23:27:19,3.7092773437500455,68.61254179477692,22.328809244781734,1012.88390625,0.0
73.0,-94.0,2026-10-09 23:27:19,3.7092773437500455,68.61254179477692,22.328809244781734,1012.88390625,0.0
73.0,-93.5,2026-10-09 23:27:19,3.7092773437500455,68.61254179477692,22.328809244781734,1012.88390625,0.0
73.0,-93.0,2026-10-09 23:27:19,3.7092773437500455,68.61254179477692,22.328809244781734,1012.88390625,0.0
73.0,-92.5,2026-10-09 23:27:19,3.7092773437500455,68.61254179477692,22.328809244781734,1012.88390625,0.0
73.0,-92.0,2026-10-09 23:27:19,3.7092773437500455,68.61254179477692,22.328809244781734,1012.88390625,0.0
73.0,-91.5,2026-10-09 23:27:19,3.7092773437500455,68.61254179477692,22.328809244781734,1012.88390625,0.0
73.0,-89.5,2026-10-09 23:27:19,3.7092773437500455,68.61254179477692,22.328809244781734,1012.88390625,0.0
73.0,-89.0,2026-10-09 23:27:19,3.7092773437500455,68.61254179477692,22.328809244781734,1012.88390625,0.0
73.0,-88.5,2026-10-09 23:27:19,3.7092773437500455,68.61254179477692,22.328809244781734,1012.88390625,0.0
73.0,-88.0,2026-10-09 23:27:19,3.7092773437500455,68.61254179477692,22.328809244781734,1012.88390625,0.0
73.0,-87.5,2026-10-09 23:27:19,3.7092773437500455,68.61254179477692,22.328809244781734,1012.88390625,0.0
73.0,-87.0,2026-10-09 23:27:19,3.7092773437500455,68.61254179477692,22.328809244781734,1012.88390625,0.0
73.0,-86.5,2026-10-09 23:27:19,3.7092773437500455,68.61254179477692,22.328809244781734,1012.88390625,0.0
73.0,-85.5,2026-10-09 23:27:19,3.7092773437500455,68.61254179477692,22.328809244781734,1012.88390625,0.0
73.0,-85.0,2026-10-09 23:27:19,3.7092773437500455,68.61254179477692,22.328809244781734,1012.88390625,0.0
73.0,-84.5,2026-10-09 23:27:19,3.7092773437500455,68.61254179477692,22.328809244781734,1012.88390625,0.0
73.0,-84.0,2026-10-09 23:27:19,3.7092773437500455,68.61254179477692,22.328809244781734,1012.88390625,0.0
73.0,-83.5,2026-10-09 23:27:19,3.7092773437500455,68.61254179477692,22.328809244781734,1012.88390625,0.0
73.0,-83.0,2026-10-09 23:27:19,3.7092773437500455,68.61254179477692,22.328809244781734,1012.88390625,0.0
73.0,-82.5,2026-10-09 23:27:19,3.7092773437500455,68.61254179477692,22.328809244781734,1012.88390625,0.0
73.0,-82.0,2026-10-09 23:27:19,3.7092773437500455,68.61254179477692,22.328809244781734,1012.88390625,0.0
73.0,-81.5,2026-10-09 23:27:19,3.7092773437500455,68.61254179477692,22.328809244781734,1012.88390625,0.0
73.0,-81.0,2026-10-09 23:27:19,3.7092773437500455,68.61254179477692,22.328809244781734,1012.88390625,0.0
73.0,-80.5,2026-10-09 23:27:19,3.7092773437500455,68.61254179477692,22.328809244781734,1012.88390625,0.0
73.0,-80.0,2026-10-09 23:27:19,3.7092773437500455,68.61254179477692,22.328809244781734,1012.88390625,0.0
73.0,-79.5,2026-10-09 23:27:19,3.7092773437500455,68.61254179477692,22.328809244781734,1012.88390625,0.0
73.0,-79.0,2026-10-09 23:27:19,3.7092773437500455,68.61254179477692,22.328809244781734,1012.88390625,0.0
73.0,-78.5,2026-10-09 23:27:19,3.7092773437500455,68.61254179477692,22.328809244781734,1012.88390625,0.0
73.0,-78.0,2026-10-09 23:27:19,3.7092773437500455,68.61254179477692,22.328809244781734,1012.88390625,0.0
73.0,-77.5,2026-10-09 23:27:19,3.7092773437500455,68.61254179477692,22.328809244781734,1012.88390625,0.0
73.0,-77.0,2026-10-09 23:27:19,3.7092773437500455,68.61254179477692,22.328809244781734,1012.88390625,0.0
73.0,-76.5,2026-10-09 23:27:19,3.7092773437500455,68.61254179477692,22.328809244781734,1012.88390625,0.0
73.0,-76.0,2026-10-09 23:27:19,3.7092773437500455,68.61254179477692,22.328809244781734,1012.88390625,0.0
73.5,-124.5,2026-10-09 23:27:19,3.8714843750000227,68.85818994045258,23.407609915137293,1013.1380859375,0.0
73.5,-124.0,2026-10-09 23:27:19,3.8714843750000227,68.85818994045258,23.407609915137293,1013.1380859375,0.0
73.5,-123.5,2026-10-09 23:27:19,3.8714843750000227,68.85818994045258,23.407609915137293,1013.1380859375,0.0
73.5,-123.0,2026-10-09 23:27:19,3.8714843750000227,68.85818994045258,23.407609915137293,1013.1380859375,0.0
73.5,-122.5,2026-10-09 23:27:19,3.8714843750000227,68.85818994045258,23.407609915137293,1013.1380859375,0.0
73.5,-122.0,2026-10-09 23:27:19,3.8714843750000227,68.85818994045258,23.407609915137293,1013.1380859375,0.0
73.5,-121.5,2026-10-09 23:27:19,3.8714843750000227,68.85818994045258,23.407609915137293,1013.1380859375,0.0
73.5,-121.0,2026-10-09 23:27:19,3.8714843750000227,68.85818994045258,23.407609915137293,1013.1380859375,0.0
73.5,-120.5,2026-10-09 23:27:19,3.8714843750000227,68.85818994045258,23.407609915137293,1013.1380859375,0.0
73.5,-120.0,2026-10-09 23:27:19,3.8714843750000227,68.85818994045258,23.407609915137293,1013.1380859375,0.0
73.5,-119.5,2026-10-09 23:27:19,3.8714843750000227,68.85818994045258,23.407609915137293,1013.1380859375,0.0
73.5,-119.0,2026-10-09 23:27:19,3.8714843750000227,68.85818994045258,23.407609915137293,1013.1380859375,0.0
73.5,-118.5,2026-10-09 23:27:19,3.8714843750000227,68.85818994045258,23.407609915137293,1013.1380859375,0.0
73.5,-118.0,2026-10-09 23:27:19,3.8714843750000227,68.85818994045258,23.407609915137293,1013.1380859375,0.0
73.5,-117.5,2026-10-09 23:27:19,3.8714843750000227,68.85818994045258,23.407609915137293,1013.1380859375,0.0
73.5,-117.0,2026-10-09 23:27:19,3.8714843750000227,68.85818994045258,23.407609915137293,1013.1380859375,0.0
73.5,-116.5,2026-10-09 23:27:19,3.8714843750000227,68.85818994045258,23.407609915137293,1013.1380859375,0.0
73.5,-116.0,2026-10-09 23:27:19,3.8714843750000227,68.85818994045258,23.407609915137293,1013.1380859375,0.0
73.5,-115.5,2026-10-09 23:27:19,3.8714843750000227,68.85818994045258,23.407609915137293,1013.1380859375,0.0
73.5,-108.0,2026-10-09 23:27:19,3.8714843750000227,68.85818994045258,23.407609915137293,1013.1380859375,0.0
73.5,-107.5,2026-10-09 23:27:19,3.8714843750000227,68.85818994045258,23.407609915137293,1013.1380859375,0.0
73.5,-107.0,2026-10-09 23:27:19,3.8714843750000227,68.85818994045258,23.407609915137293,1013.1380859375,0.0
73.5,-106.5,2026-10-09 23:27:19,3.8714843750000227,68.85818994045258,23.407609915137293,1013.1380859375,0.0
73.5,-106.0,2026-10-09 23:27:19,3.8714843750000227,68.85818994045258,23.407609915137293,1013.1380859375,0.0
73.5,-105.5,2026-10-09 23:27:19,3.8714843750000227,68.85818994045258,23.407609915137293,1013.1380859375,0.0
73.5,-105.0,2026-10-09 23:27:19,3.8714843750000227,68.85818994045258,23.407609915137293,1013.1380859375,0.0
73.5,-104.5,2026-10-09 23:27:19,3.8714843750000227,68.85818994045258,23.407609915137293,1013.1380859375,0.0
73.5,-101.5,2026-10-09 23:27:19,3.7092773437500455,68.61254179477692,25.388809244781733,1012.80390625,0.0
73.5,-101.0,2026-10-09 23:27:19,3.7092773437500455,68.61254179477692,25.388809244781733,1012.80390625,0.0
73.5,-100.5,2026-10-09 23:27:19,3.7092773437500455,68.61254179477692,25.388809244781733,1012.80390625,0.0
73.5,-100.0,2026-10-09 23:27:19,3.7092773437500455,68.61254179477692,25.388809244781733,1012.80390625,0.0
73.5,-99.5,2026-10-09 23:27:19,3.7092773437500455,68.61254179477692,25.388809244781733,1012.80390625,0.0
73.5,-99.0,2026-10-09 23:27:19,3.7092773437500455,68.61254179477692,25.388809244781733,1012.80390625,0.0
73.5,-98.5,2026-10-09 23:27:19,3.7092773437500455,68.61254179477692,25.388809244781733,1012.80390625,0.0
73.5,-98.0,2026-10-09 23:27:19,3.7092773437500455,68.61254179477692,25.388809244781733,1012.80390625,0.0
73.5,-97.5,2026-10-09 23:27:19,3.7092773437500455,68.61254179477692,25.388809244781733,1012.80390625,0.0
73.5,-97.0,2026-10-09 23:27:19,3.7092773437500455,68.61254179477692,25.388809244781733,1012.80390625,0.0
73.5,-95.5,2026-10-09 23:27:19,3.7092773437500455,68.61254179477692,25.388809244781733,1012.80390625,0.0
73.5,-95.0,2026-10-09 23:27:19,3.7092773437500455,68.61254179477692,25.388809244781733,1012.80390625,0.0
73.5,-94.5,2026-10-09 23:27:19,3.7092773437500455,68.61254179477692,25.388809244781733,1012.80390625,0.0
73.5,-94.0,2026-10-09 23:27:19,3.7092773437500455,68.61254179477692,25.388809244781733,1012.80390625,0.0
73.5,-93.5,2026-10-09 23:27:19,3.7092773437500455,68.61254179477692,25.388809244781733,1012.80390625,0.0
73.5,-93.0,2026-10-09 23:27:19,3.7092773437500455,68.61254179477692,25.388809244781733,1012.80390625,0.0
73.5,-92.5,2026-10-09 23:27:19,3.7092773437500455,68.61254179477692,25.388809244781733,1012.80390625,0.0
73.5,-92.0,2026-10-09 23:27:19,3.7092773437500455,68.61254179477692,25.388809244781733,1012.80390625,0.0
73.5,-91.5,2026-10-09 23:27:19,3.7092773437500455,68.61254179477692,25.388809244781733,1012.80390625,0.0
73.5,-91.0,2026-10-09 23:27:19,3.7092773437500455,68.61254179477692,25.388809244781733,1012.80390625,0.0
73.5,-88.5,2026-10-09 23:27:19,3.7092773437500455,68.61254179477692,25.388809244781733,1012.80390625,0.0
73.5,-88.0,2026-10-09 23:27:19,3.7092773437500455,68.61254179477692,25.388809244781733,1012.80390625,0.0
73.5,-87.5,2026-10-09 23:27:19,3.7092773437500455,68.61254179477692,25.388809244781733,1012.80390625,0.0
73.5,-87.0,2026-10-09 23:27:19,3.7092773437500455,68.61254179477692,25.388809244781733,1012.80390625,0.0
73.5,-86.5,2026-10-09 23:27:19,3.7092773437500455,68.61254179477692,25.388809244781733,1012.80390625,0.0
73.5,-86.0,2026-10-09 23:27:19,3.7092773437500455,68.61254179477692,25.388809244781733,1012.80390625,0.0
73.5,-85.5,2026-10-09 23:27:19,3.7092773437500455,68.61254179477692,25.388809244781733,1012.80390625,0.0
73.5,-84.5,2026-10-09 23:27:19,3.7092773437500455,68.61254179477692,25.388809244781733,1012.80390625,0.0
73.5,-84.0,2026-10-09 23:27:19,3.7092773437500455,68.61254179477692,25.388809244781733,1012.80390625,0.0
73.5,-83.5,2026-10-09 23:27:19,3.7092773437500455,68.61254179477692,25.388809244781733,1012.80390625,0.0
73.5,-83.0,2026-10-09 23:27:19,3.7092773437500455,68.61254179477692,25.388809244781733,1012.80390625,0.0
73.5,-82.5,2026-10-09 23:27:19,3.7092773437500455,68.61254179477692,25.388809244781733,1012.80390625,0.0
73.5,-82.0,2026-10-09 23:27:19,3.7092773437500455,68.61254179477692,25.388809244781733,1012.80390625,0.0
73.5,-81.5,2026-10-09 23:27:19,3.7092773437500455,68.61254179477692,25.388809244781733,1012.80390625,0.0
73.5,-81.0,2026-10-09 23:27:19,3.7092773437500455,68.61254179477692,25.388809244781733,1012.80390625,0.0
73.5,-80.5,2026-10-09 23:27:19,3.7092773437500455,68.61254179477692,25.388809244781733,1012.80390625,0.0
73.5,-80.0,2026-10-09 23:27:19,3.7092773437500455,68.61254179477692,25.388809244781733,1012.80390625,0.0
73.5,-79.5,2026-10-09 23:27:19,3.7092773437500455,68.61254179477692,25.388809244781733,1012.80390625,0.0
73.5,-79.0,2026-10-09 23:27:19,3.7092773437500455,68.61254179477692,25.388809244781733,1012.80390625,0.0
73.5,-78.5,2026-10-09 23:27:19,3.7092773437500455,68.61254179477692,25.388809244781733,1012.80390625,0.0
73.5,-78.0,2026-10-09 23:27:19,3.7092773437500455,68.61254179477692,25.388809244781733,1012.80390625,0.0
73.5,-77.5,2026-10-09 23:27:19,3.7092773437500455,68.61254179477692,25.388809244781733,1012.80390625,0.0
73.5,-77.0,2026-10-09 23:27:19,3.7092773437500455,68.61254179477692,25.388809244781733,1012.80390625,0.0
74.0,-124.5,2026-10-09 23:27:19,4.121484375000023,69.35818994045258,30.247609915137293,1012.5780859375,1.10815
74.0,-124.0,2026-10-09 23:27:19,4.121484375000023,69.35818994045258,30.247609915137293,1012.5780859375,1.10815
74.0,-123.5,2026-10-09 23:27:19,4.121484375000023,69.35818994045258,30.247609915137293,1012.5780859375,1.10815
74.0,-123.0,2026-10-09 23:27:19,4.121484375000023,69.35818994045258,30.247609915137293,1012.5780859375,1.10815
74.0,-122.5,2026-10-09 23:27:19,4.121484375000023,69.35818994045258,30.247609915137293,1012.5780859375,1.10815
74.0,-122.0,2026-10-09 23:27:19,4.121484375000023,69.35818994045258,30.247609915137293,1012.5780859375,1.10815
74.0,-121.5,2026-10-09 23:27:19,4.121484375000023,69.35818994045258,30.247609915137293,1012.5780859375,1.10815
74.0,-121.0,2026-10-09 23:27:19,4.121484375000023,69.35818994045258,30.247609915137293,1012.5780859375,1.10815
74.0,-120.5,2026-10-09 23:27:19,4.121484375000023,69.35818994045258,30.247609915137293,1012.5780859375,1.10815
74.0,-120.0,2026-10-09 23:27:19,4.121484375000023,69.35818994045258,30.247609915137293,1012.5780859375,1.10815
74.0,-119.5,2026-10-09 23:27:19,4.121484375000023,69.35818994045258,30.247609915137293,1012.5780859375,1.10815
74.0,-119.0,2026-10-09 23:27:19,4.121484375000023,69.35818994045258,30.247609915137293,1012.5780859375,1.10815
74.0,-118.5,2026-10-09 23:27:19,4.121484375000023,69.35818994045258,30.247609915137293,1012.5780859375,1.10815
74.0,-118.0,2026-10-09 23:27:19,4.121484375000023,69.35818994045258,30.247609915137293,1012.5780859375,1.10815
74.0,-117.5,2026-10-09 23:27:19,4.121484375000023,69.35818994045258,30.247609915137293,1012.5780859375,1.10815
74.0,-117.0,2026-10-09 23:27:19,4.121484375000023,69.35818994045258,30.247609915137293,1012.5780859375,1.10815
74.0,-116.5,2026-10-09 23:27:19,4.121484375000023,69.35818994045258,30.247609915137293,1012.5780859375,1.10815
74.0,-100.0,2026-10-09 23:27:19,3.909277343750034,69.36254179477692,29.708809244781733,1012.40390625,1.10815
74.0,-99.5,2026-10-09 23:27:19,3.909277343750034,69.36254179477692,29.708809244781733,1012.40390625,1.10815
74.0,-99.0,2026-10-09 23:27:19,3.909277343750034,69.36254179477692,29.708809244781733,1012.40390625,1.10815
74.0,-98.5,2026-10-09 23:27:19,3.909277343750034,69.36254179477692,29.708809244781733,1012.40390625,1.10815
74.0,-98.0,2026-10-09 23:27:19,3.909277343750034,69.36254179477692,29.708809244781733,1012.40390625,1.10815
74.0,-97.5,2026-10-09 23:27:19,3.909277343750034,69.36254179477692,29.708809244781733,1012.40390625,1.10815
74.0,-95.5,2026-10-09 23:27:19,3.909277343750034,69.36254179477692,29.708809244781733,1012.40390625,1.10815
74.0,-95.0,2026-10-09 23:27:19,3.909277343750034,69.36254179477692,29.708809244781733,1012.40390625,1.10815
74.0,-94.5,2026-10-09 23:27:19,3.909277343750034,69.36254179477692,29.708809244781733,1012.40390625,1.10815
74.0,-94.0,2026-10-09 23:27:19,3.909277343750034,69.36254179477692,29.708809244781733,1012.40390625,1.10815
74.0,-93.5,2026-10-09 23:27:19,3.909277343750034,69.36254179477692,29.708809244781733,1012.40390625,1.10815
74.0,-93.0,2026-10-09 23:27:19,3.909277343750034,69.36254179477692,29.708809244781733,1012.40390625,1.10815
74.0,-92.5,2026-10-09 23:27:19,3.909277343750034,69.36254179477692,29.708809244781733,1012.40390625,1.10815
74.0,-92.0,2026-10-09 23:27:19,3.909277343750034,69.36254179477692,29.708809244781733,1012.40390625,1.10815
74.0,-91.5,2026-10-09 23:27:19,3.909277343750034,69.36254179477692,29.708809244781733,1012.40390625,1.10815
74.0,-91.0,2026-10-09 23:27:19,3.909277343750034,69.36254179477692,29.708809244781733,1012.40390625,1.10815
74.0,-90.5,2026-10-09 23:27:19,3.909277343750034,69.36254179477692,29.708809244781733,1012.40390625,1.10815
74.5,-123.5,2026-10-09 23:27:19,4.021484375000057,72.35818994045258,39.247609915137296,1011.6980859375,3.6080750000000004
74.5,-123.0,2026-10-09 23:27:19,4.021484375000057,72.35818994045258,39.247609915137296,1011.6980859375,3.6080750000000004
74.5,-122.5,2026-10-09 23:27:19,4.021484375000057,72.35818994045258,39.247609915137296,1011.6980859375,3.6080750000000004
74.5,-122.0,2026-10-09 23:27:19,4.021484375000057,72.35818994045258,39.247609915137296,1011.6980859375,3.6080750000000004
74.5,-121.5,2026-10-09 23:27:19,4.021484375000057,72.35818994045258,39.247609915137296,1011.6980859375,3.6080750000000004
74.5,-121.0,2026-10-09 23:27:19,4.021484375000057,72.35818994045258,39.247609915137296,1011.6980859375,3.6080750000000004
74.5,-114.0,2026-10-09 23:27:19,4.021484375000057,72.35818994045258,39.247609915137296,1011.6980859375,3.6080750000000004
74.5,-113.5,2026-10-09 23:27:19,4.021484375000057,72.35818994045258,39.247609915137296,1011.6980859375,3.6080750000000004
74.5,-113.0,2026-10-09 23:27:19,4.021484375000057,72.35818994045258,39.247609915137296,1011.6980859375,3.6080750000000004
74.5,-112.5,2026-10-09 23:27:19,4.021484375000057,72.35818994045258,39.247609915137296,1011.6980859375,3.6080750000000004
74.5,-112.0,2026-10-09 23:27:19,4.021484375000057,72.35818994045258,39.247609915137296,1011.6980859375,3.6080750000000004
74.5,-111.5,2026-10-09 23:27:19,4.021484375000057,72.35818994045258,39.247609915137296,1011.6980859375,3.6080750000000004
74.5,-98.0,2026-10-09 23:27:19,3.5592773437500114,77.61254179477692,36.728809244781736,1011.68390625,3.6080750000000004
74.5,-97.5,2026-10-09 23:27:19,3.5592773437500114,77.61254179477692,36.728809244781736,1011.68390625,3.6080750000000004
74.5,-96.0,2026-10-09 23:27:19,3.5592773437500114,77.61254179477692,36.728809244781736,1011.68390625,3.6080750000000004
74.5,-95.5,2026-10-09 23:27:19,3.5592773437500114,77.61254179477692,36.728809244781736,1011.68390625,3.6080750000000004
74.5,-95.0,2026-10-09 23:27:19,3.5592773437500114,77.61254179477692,36.728809244781736,1011.68390625,3.6080750000000004
74.5,-90.0,2026-10-09 23:27:19,3.5592773437500114,77.61254179477692,36.728809244781736,1011.68390625,3.6080750000000004
74.5,-89.5,2026-10-09 23:27:19,3.5592773437500114,77.61254179477692,36.728809244781736,1011.68390625,3.6080750000000004
74.5,-88.5,2026-10-09 23:27:19,3.5592773437500114,77.61254179477692,36.728809244781736,1011.68390625,3.6080750000000004
74.5,-88.0,2026-10-09 23:27:19,3.5592773437500114,77.61254179477692,36.728809244781736,1011.68390625,3.6080750000000004
74.5,-87.5,2026-10-09 23:27:19,3.5592773437500114,77.61254179477692,36.728809244781736,1011.68390625,3.6080750000000004
74.5,-87.0,2026-10-09 23:27:19,3.5592773437500114,77.61254179477692,36.728809244781736,1011.68390625,3.6080750000000004
74.5,-86.5,2026-10-09 23:27:19,3.5592773437500114,77.61254179477692,36.728809244781736,1011.68390625,3.6080750000000004
74.5,-86.0,2026-10-09 23:27:19,3.5592773437500114,77.61254179477692,36.728809244781736,1011.68390625,3.6080750000000004
74.5,-85.5,2026-10-09 23:27:19,3.5592773437500114,77.61254179477692,36.728809244781736,1011.68390625,3.6080750000000004
74.5,-85.0,2026-10-09 23:27:19,3.5592773437500114,77.61254179477692,36.728809244781736,1011.68390625,3.6080750000000004
74.5,-84.5,2026-10-09 23:27:19,3.5592773437500114,77.61254179477692,36.728809244781736,1011.68390625,3.6080750000000004
74.5,-84.0,2026-10-09 23:27:19,3.5592773437500114,77.61254179477692,36.728809244781736,1011.68390625,3.6080750000000004
74.5,-83.5,2026-10-09 23:27:19,3.5592773437500114,77.61254179477692,36.728809244781736,1011.68390625,3.6080750000000004
74.5,-83.0,2026-10-09 23:27:19,3.5592773437500114,77.61254179477692,36.728809244781736,1011.68390625,3.6080750000000004
74.5,-82.5,2026-10-09 23:27:19,3.5592773437500114,77.61254179477692,36.728809244781736,1011.68390625,3.6080750000000004
74.5,-82.0,2026-10-09 23:27:19,3.5592773437500114,77.61254179477692,36.728809244781736,1011.68390625,3.6080750000000004
74.5,-81.5,2026-10-09 23:27:19,3.5592773437500114,77.61254179477692,36.728809244781736,1011.68390625,3.6080750000000004
74.5,-81.0,2026-10-09 23:27:19,3.5592773437500114,77.61254179477692,36.728809244781736,1011.68390625,3.6080750000000004
74.5,-80.5,2026-10-09 23:27:19,3.5592773437500114,77.61254179477692,36.728809244781736,1011.68390625,3.6080750000000004
75.0,-116.5,2026-10-09 23:27:19,3.5714843750000114,81.35818994045258,45.007609915137294,1010.7380859375,7.8574
75.0,-116.0,2026-10-09 23:27:19,3.5714843750000114,81.35818994045258,45.007609915137294,1010.7380859375,7.8574
75.0,-115.5,2026-10-09 23:27:19,3.5714843750000114,81.35818994045258,45.007609915137294,1010.7380859375,7.8574
75.0,-115.0,2026-10-09 23:27:19,3.5714843750000114,81.35818994045258,45.007609915137294,1010.7380859375,7.8574
75.0,-114.5,2026-10-09 23:27:19,3.5714843750000114,81.35818994045258,45.007609915137294,1010.7380859375,7.8574
75.0,-114.0,2026-10-09 23:27:19,3.5714843750000114,81.35818994045258,45.007609915137294,1010.7380859375,7.8574
75.0,-113.5,2026-10-09 23:27:19,3.5714843750000114,81.35818994045258,45.007609915137294,1010.7380859375,7.8574
75.0,-113.0,2026-10-09 23:27:19,3.5714843750000114,81.35818994045258,45.007609915137294,1010.7380859375,7.8574
75.0,-112.5,2026-10-09 23:27:19,3.5714843750000114,81.35818994045258,45.007609915137294,1010.7380859375,7.8574
75.0,-112.0,2026-10-09 23:27:19,3.5714843750000114,81.35818994045258,45.007609915137294,1010.7380859375,7.8574
75.0,-111.5,2026-10-09 23:27:19,3.5714843750000114,81.35818994045258,45.007609915137294,1010.7380859375,7.8574
75.0,-111.0,2026-10-09 23:27:19,3.5714843750000114,81.35818994045258,45.007609915137294,1010.7380859375,7.8574
75.0,-110.5,2026-10-09 23:27:19,3.5714843750000114,81.35818994045258,45.007609915137294,1010.7380859375,7.8574
75.0,-110.0,2026-10-09 23:27:19,3.5714843750000114,81.35818994045258,45.007609915137294,1010.7380859375,7.8574
75.0,-109.5,2026-10-09 23:27:19,3.5714843750000114,81.35818994045258,45.007609915137294,1010.7380859375,7.8574
75.0,-109.0,2026-10-09 23:27:19,3.5714843750000114,81.35818994045258,45.007609915137294,1010.7380859375,7.8574
75.0,-108.5,2026-10-09 23:27:19,3.5714843750000114,81.35818994045258,45.007609915137294,1010.7380859375,7.8574
75.0,-108.0,2026-10-09 23:27:19,3.5714843750000114,81.35818994045258,45.007609915137294,1010.7380859375,7.8574
75.0,-107.5,2026-10-09 23:27:19,3.5714843750000114,81.35818994045258,45.007609915137294,1010.7380859375,7.8574
75.0,-107.0,2026-10-09 23:27:19,3.5714843750000114,81.35818994045258,45.007609915137294,1010.7380859375,7.8574
75.0,-106.5,2026-10-09 23:27:19,3.5714843750000114,81.35818994045258,45.007609915137294,1010.7380859375,7.8574
75.0,-106.0,2026-10-09 23:27:19,3.5714843750000114,81.35818994045258,45.007609915137294,1010.7380859375,7.8574
75.0,-104.5,2026-10-09 23:27:19,3.5714843750000114,81.35818994045258,45.007609915137294,1010.7380859375,7.8574
75.0,-104.0,2026-10-09 23:27:19,3.5714843750000114,81.35818994045258,45.007609915137294,1010.7380859375,7.8574
75.0,-100.5,2026-10-09 23:27:19,2.909277343750034,88.86254179477692,41.408809244781736,1010.64390625,7.8574
75.0,-100.0,2026-10-09 23:27:19,2.909277343750034,88.86254179477692,41.408809244781736,1010.64390625,7.8574
75.0,-99.5,2026-10-09 23:27:19,2.909277343750034,88.86254179477692,41.408809244781736,1010.64390625,7.8574
75.0,-99.0,2026-10-09 23:27:19,2.909277343750034,88.86254179477692,41.408809244781736,1010.64390625,7.8574
75.0,-98.5,2026-10-09 23:27:19,2.909277343750034,88.86254179477692,41.408809244781736,1010.64390625,7.8574
75.0,-98.0,2026-10-09 23:27:19,2.909277343750034,88.86254179477692,41.408809244781736,1010.64390625,7.8574
75.0,-96.5,2026-10-09 23:27:19,2.909277343750034,88.86254179477692,41.408809244781736,1010.64390625,7.8574
75.0,-96.0,2026-10-09 23:27:19,2.909277343750034,88.86254179477692,41.408809244781736,1010.64390625,7.8574
75.0,-95.5,2026-10-09 23:27:19,2.909277343750034,88.86254179477692,41.408809244781736,1010.64390625,7.8574
75.0,-95.0,2026-10-09 23:27:19,2.909277343750034,88.86254179477692,41.408809244781736,1010.64390625,7.8574
75.0,-94.5,2026-10-09 23:27:19,2.909277343750034,88.86254179477692,41.408809244781736,1010.64390625,7.8574
75.0,-94.0,2026-10-09 23:27:19,2.909277343750034,88.86254179477692,41.408809244781736,1010.64390625,7.8574
75.0,-93.5,2026-10-09 23:27:19,2.909277343750034,88.86254179477692,41.408809244781736,1010.64390625,7.8574
75.0,-92.5,2026-10-09 23:27:19,2.909277343750034,88.86254179477692,41.408809244781736,1010.64390625,7.8574
75.0,-92.0,2026-10-09 23:27:19,2.909277343750034,88.86254179477692,41.408809244781736,1010.64390625,7.8574
75.0,-91.5,2026-10-09 23:27:19,2.909277343750034,88.86254179477692,41.408809244781736,1010.64390625,7.8574
75.0,-91.0,2026-10-09 23:27:19,2.909277343750034,88.86254179477692,41.408809244781736,1010.64390625,7.8574
75.0,-90.5,2026-10-09 23:27:19,2.909277343750034,88.86254179477692,41.408809244781736,1010.64390625,7.8574
75.0,-90.0,2026-10-09 23:27:19,2.909277343750034,88.86254179477692,41.408809244781736,1010.64390625,7.8574
75.0,-89.5,2026-10-09 23:27:19,2.909277343750034,88.86254179477692,41.408809244781736,1010.64390625,7.8574
75.0,-89.0,2026-10-09 23:27:19,2.909277343750034,88.86254179477692,41.408809244781736,1010.64390625,7.8574
75.0,-88.5,2026-10-09 23:27:19,2.909277343750034,88.86254179477692,41.408809244781736,1010.64390625,7.8574
75.0,-88.0,2026-10-09 23:27:19,2.909277343750034,88.86254179477692,41.408809244781736,1010.64390625,7.8574
75.0,-87.5,2026-10-09 23:27:19,2.909277343750034,88.86254179477692,41.408809244781736,1010.64390625,7.8574
75.0,-87.0,2026-10-09 23:27:19,2.909277343750034,88.86254179477692,41.408809244781736,1010.64390625,7.8574
75.0,-86.5,2026-10-09 23:27:19,2.909277343750034,88.86254179477692,41.408809244781736,1010.64390625,7.8574
75.0,-86.0,2026-10-09 23:27:19,2.909277343750034,88.86254179477692,41.408809244781736,1010.64390625,7.8574
75.0,-85.5,2026-10-09 23:27:19,2.909277343750034,88.86254179477692,41.408809244781736,1010.64390625,7.8574
75.0,-85.0,2026-10-09 23:27:19,2.909277343750034,88.86254179477692,41.408809244781736,1010.64390625,7.8574
75.0,-84.5,2026-10-09 23:27:19,2.909277343750034,88.86254179477692,41.408809244781736,1010.64390625,7.8574
75.0,-84.0,2026-10-09 23:27:19,2.909277343750034,88.86254179477692,41.408809244781736,1010.64390625,7.8574
75.0,-83.5,2026-10-09 23:27:19,2.909277343750034,88.86254179477692,41.408809244781736,1010.64390625,7.8574
75.0,-83.0,2026-10-09 23:27:19,2.909277343750034,88.86254179477692,41.408809244781736,1010.64390625,7.8574
75.0,-82.5,2026-10-09 23:27:19,2.909277343750034,88.86254179477692,41.408809244781736,1010.64390625,7.8574
75.0,-82.0,2026-10-09 23:27:19,2.909277343750034,88.86254179477692,41.408809244781736,1010.64390625,7.8574
75.0,-81.5,2026-10-09 23:27:19,2.909277343750034,88.86254179477692,41.408809244781736,1010.64390625,7.8574
75.0,-81.0,2026-10-09 23:27:19,2.909277343750034,88.86254179477692,41.408809244781736,1010.64390625,7.8574
75.0,-80.5,2026-10-09 23:27:19,2.909277343750034,88.86254179477692,41.408809244781736,1010.64390625,7.8574
75.0,-80.0,2026-10-09 23:27:19,2.909277343750034,88.86254179477692,41.408809244781736,1010.64390625,7.8574
75.0,-79.5,2026-10-09 23:27:19,2.909277343750034,88.86254179477692,41.408809244781736,1010.64390625,7.8574
75.5,-119.0,2026-10-09 23:27:19,2.5714843750000114,97.35818994045258,37.80760991513729,1009.9380859375,19.107375
75.5,-118.5,2026-10-09 23:27:19,2.5714843750000114,97.35818994045258,37.80760991513729,1009.9380859375,19.107375
75.5,-117.5,2026-10-09 23:27:19,2.5714843750000114,97.35818994045258,37.80760991513729,1009.9380859375,19.107375
75.5,-117.0,2026-10-09 23:27:19,2.5714843750000114,97.35818994045258,37.80760991513729,1009.9380859375,19.107375
75.5,-116.5,2026-10-09 23:27:19,2.5714843750000114,97.35818994045258,37.80760991513729,1009.9380859375,19.107375
75.5,-116.0,2026-10-09 23:27:19,2.5714843750000114,97.35818994045258,37.80760991513729,1009.9380859375,19.107375
75.5,-115.5,2026-10-09 23:27:19,2.5714843750000114,97.35818994045258,37.80760991513729,1009.9380859375,19.107375
75.5,-115.0,2026-10-09 23:27:19,2.5714843750000114,97.35818994045258,37.80760991513729,1009.9380859375,19.107375
75.5,-114.5,2026-10-09 23:27:19,2.5714843750000114,97.35818994045258,37.80760991513729,1009.9380859375,19.107375
75.5,-114.0,2026-10-09 23:27:19,2.5714843750000114,97.35818994045258,37.80760991513729,1009.9380859375,19.107375
75.5,-113.5,2026-10-09 23:27:19,2.5714843750000114,97.35818994045258,37.80760991513729,1009.9380859375,19.107375
75.5,-113.0,2026-10-09 23:27:19,2.5714843750000114,97.35818994045258,37.80760991513729,1009.9380859375,19.107375
75.5,-112.5,2026-10-09 23:27:19,2.5714843750000114,97.35818994045258,37.80760991513729,1009.9380859375,19.107375
75.5,-112.0,2026-10-09 23:27:19,2.5714843750000114,97.35818994045258,37.80760991513729,1009.9380859375,19.107375
75.5,-111.5,2026-10-09 23:27:19,2.5714843750000114,97.35818994045258,37.80760991513729,1009.9380859375,19.107375
75.5,-111.0,2026-10-09 23:27:19,2.5714843750000114,97.35818994045258,37.80760991513729,1009.9380859375,19.107375
75.5,-110.5,2026-10-09 23:27:19,2.5714843750000114,97.35818994045258,37.80760991513729,1009.9380859375,19.107375
75.5,-110.0,2026-10-09 23:27:19,2.5714843750000114,97.35818994045258,37.80760991513729,1009.9380859375,19.107375
75.5,-109.5,2026-10-09 23:27:19,2.5714843750000114,97.35818994045258,37.80760991513729,1009.9380859375,19.107375
75.5,-109.0,2026-10-09 23:27:19,2.5714843750000114,97.35818994045258,37.80760991513729,1009.9380859375,19.107375
75.5,-108.5,2026-10-09 23:27:19,2.5714843750000114,97.35818994045258,37.80760991513729,1009.9380859375,19.107375
75.5,-108.0,2026-10-09 23:27:19,2.5714843750000114,97.35818994045258,37.80760991513729,1009.9380859375,19.107375
75.5,-107.5,2026-10-09 23:27:19,2.5714843750000114,97.35818994045258,37.80760991513729,1009.9380859375,19.107375
75.5,-107.0,2026-10-09 23:27:19,2.5714843750000114,97.35818994045258,37.80760991513729,1009.9380859375,19.107375
75.5,-106.5,2026-10-09 23:27:19,2.5714843750000114,97.35818994045258,37.80760991513729,1009.9380859375,19.107375
75.5,-106.0,2026-10-09 23:27:19,2.5714843750000114,97.35818994045258,37.80760991513729,1009.9380859375,19.107375
75.5,-105.5,2026-10-09 23:27:19,2.5714843750000114,97.35818994045258,37.80760991513729,1009.9380859375,19.107375
75.5,-104.5,2026-10-09 23:27:19,2.5714843750000114,97.35818994045258,37.80760991513729,1009.9380859375,19.107375
75.5,-104.0,2026-10-09 23:27:19,2.5714843750000114,97.35818994045258,37.80760991513729,1009.9380859375,19.107375
75.5,-103.0,2026-10-09 23:27:19,2.5714843750000114,97.35818994045258,37.80760991513729,1009.9380859375,19.107375
75.5,-102.5,2026-10-09 23:27:19,2.5714843750000114,97.35818994045258,37.80760991513729,1009.9380859375,19.107375
75.5,-102.0,2026-10-09 23:27:19,2.5714843750000114,97.35818994045258,37.80760991513729,1009.9380859375,19.107375
75.5,-101.5,2026-10-09 23:27:19,2.0592773437500114,97.86254179477692,36.728809244781736,1010.00390625,19.107375
75.5,-100.5,2026-10-09 23:27:19,2.0592773437500114,97.86254179477692,36.728809244781736,1010.00390625,19.107375
75.5,-100.0,2026-10-09 23:27:19,2.0592773437500114,97.86254179477692,36.728809244781736,1010.00390625,19.107375
75.5,-99.5,2026-10-09 23:27:19,2.0592773437500114,97.86254179477692,36.728809244781736,1010.00390625,19.107375
75.5,-99.0,2026-10-09 23:27:19,2.0592773437500114,97.86254179477692,36.728809244781736,1010.00390625,19.107375
75.5,-98.5,2026-10-09 23:27:19,2.0592773437500114,97.86254179477692,36.728809244781736,1010.00390625,19.107375
75.5,-98.0,2026-10-09 23:27:19,2.0592773437500114,97.86254179477692,36.728809244781736,1010.00390625,19.107375
75.5,-97.5,2026-10-09 23:27:19,2.0592773437500114,97.86254179477692,36.728809244781736,1010.00390625,19.107375
75.5,-97.0,2026-10-09 23:27:19,2.0592773437500114,97.86254179477692,36.728809244781736,1010.00390625,19.107375
75.5,-96.5,2026-10-09 23:27:19,2.0592773437500114,97.86254179477692,36.728809244781736,1010.00390625,19.107375
75.5,-96.0,2026-10-09 23:27:19,2.0592773437500114,97.86254179477692,36.728809244781736,1010.00390625,19.107375
75.5,-95.5,2026-10-09 23:27:19,2.0592773437500114,97.86254179477692,36.728809244781736,1010.00390625,19.107375
75.5,-95.0,2026-10-09 23:27:19,2.0592773437500114,97.86254179477692,36.728809244781736,1010.00390625,19.107375
75.5,-94.5,2026-10-09 23:27:19,2.0592773437500114,97.86254179477692,36.728809244781736,1010.00390625,19.107375
75.5,-94.0,2026-10-09 23:27:19,2.0592773437500114,97.86254179477692,36.728809244781736,1010.00390625,19.107375
75.5,-92.5,2026-10-09 23:27:19,2.0592773437500114,97.86254179477692,36.728809244781736,1010.00390625,19.107375
75.5,-92.0,2026-10-09 23:27:19,2.0592773437500114,97.86254179477692,36.728809244781736,1010.00390625,19.107375
75.5,-91.5,2026-10-09 23:27:19,2.0592773437500114,97.86254179477692,36.728809244781736,1010.00390625,19.107375
75.5,-91.0,2026-10-09 23:27:19,2.0592773437500114,97.86254179477692,36.728809244781736,1010.00390625,19.107375
75.5,-90.5,2026-10-09 23:27:19,2.0592773437500114,97.86254179477692,36.728809244781736,1010.00390625,19.107375
75.5,-90.0,2026-10-09 23:27:19,2.0592773437500114,97.86254179477692,36.728809244781736,1010.00390625,19.107375
75.5,-89.5,2026-10-09 23:27:19,2.0592773437500114,97.86254179477692,36.728809244781736,1010.00390625,19.107375
75.5,-89.0,2026-10-09 23:27:19,2.0592773437500114,97.86254179477692,36.728809244781736,1010.00390625,19.107375
75.5,-88.5,2026-10-09 23:27:19,2.0592773437500114,97.86254179477692,36.728809244781736,1010.00390625,19.107375
75.5,-88.0,2026-10-09 23:27:19,2.0592773437500114,97.86254179477692,36.728809244781736,1010.00390625,19.107375
75.5,-87.5,2026-10-09 23:27:19,2.0592773437500114,97.86254179477692,36.728809244781736,1010.00390625,19.107375
75.5,-87.0,2026-10-09 23:27:19,2.0592773437500114,97.86254179477692,36.728809244781736,1010.00390625,19.107375
75.5,-86.5,2026-10-09 23:27:19,2.0592773437500114,97.86254179477692,36.728809244781736,1010.00390625,19.107375
75.5,-86.0,2026-10-09 23:27:19,2.0592773437500114,97.86254179477692,36.728809244781736,1010.00390625,19.107375
75.5,-85.5,2026-10-09 23:27:19,2.0592773437500114,97.86254179477692,36.728809244781736,1010.00390625,19.107375
75.5,-85.0,2026-10-09 23:27:19,2.0592773437500114,97.86254179477692,36.728809244781736,1010.00390625,19.107375
75.5,-84.5,2026-10-09 23:27:19,2.0592773437500114,97.86254179477692,36.728809244781736,1010.00390625,19.107375
75.5,-84.0,2026-10-09 23:27:19,2.0592773437500114,97.86254179477692,36.728809244781736,1010.00390625,19.107375
75.5,-83.5,2026-10-09 23:27:19,2.0592773437500114,97.86254179477692,36.728809244781736,1010.00390625,19.107375
75.5,-83.0,2026-10-09 23:27:19,2.0592773437500114,97.86254179477692,36.728809244781736,1010.00390625,19.107375
75.5,-82.5,2026-10-09 23:27:19,2.0592773437500114,97.86254179477692,36.728809244781736,1010.00390625,19.107375
75.5,-82.0,2026-10-09 23:27:19,2.0592773437500114,97.86254179477692,36.728809244781736,1010.00390625,19.107375
75.5,-81.5,2026-10-09 23:27:19,2.0592773437500114,97.86254179477692,36.728809244781736,1010.00390625,19.107375
75.5,-81.0,2026-10-09 23:27:19,2.0592773437500114,97.86254179477692,36.728809244781736,1010.00390625,19.107375
75.5,-80.5,2026-10-09 23:27:19,2.0592773437500114,97.86254179477692,36.728809244781736,1010.00390625,19.107375
75.5,-80.0,2026-10-09 23:27:19,2.0592773437500114,97.86254179477692,36.728809244781736,1010.00390625,19.107375
75.5,-79.5,2026-10-09 23:27:19,2.0592773437500114,97.86254179477692,36.728809244781736,1010.00390625,19.107375
76.0,-123.0,2026-10-09 23:27:19,1.8714843750000227,94.60818994045258,29.52760991513729,1009.2180859375,4.939725
76.0,-122.5,2026-10-09 23:27:19,1.8714843750000227,94.60818994045258,29.52760991513729,1009.2180859375,4.939725
76.0,-122.0,2026-10-09 23:27:19,1.8714843750000227,94.60818994045258,29.52760991513729,1009.2180859375,4.939725
76.0,-121.5,2026-10-09 23:27:19,1.8714843750000227,94.60818994045258,29.52760991513729,1009.2180859375,4.939725
76.0,-121.0,2026-10-09 23:27:19,1.8714843750000227,94.60818994045258,29.52760991513729,1009.2180859375,4.939725
76.0,-120.5,2026-10-09 23:27:19,1.8714843750000227,94.60818994045258,29.52760991513729,1009.2180859375,4.939725
76.0,-120.0,2026-10-09 23:27:19,1.8714843750000227,94.60818994045258,29.52760991513729,1009.2180859375,4.939725
76.0,-119.5,2026-10-09 23:27:19,1.8714843750000227,94.60818994045258,29.52760991513729,1009.2180859375,4.939725
76.0,-118.5,2026-10-09 23:27:19,1.8714843750000227,94.60818994045258,29.52760991513729,1009.2180859375,4.939725
76.0,-118.0,2026-10-09 23:27:19,1.8714843750000227,94.60818994045258,29.52760991513729,1009.2180859375,4.939725
76.0,-117.5,2026-10-09 23:27:19,1.8714843750000227,94.60818994045258,29.52760991513729,1009.2180859375,4.939725
76.0,-117.0,2026-10-09 23:27:19,1.8714843750000227,94.60818994045258,29.52760991513729,1009.2180859375,4.939725
76.0,-116.5,2026-10-09 23:27:19,1.8714843750000227,94.60818994045258,29.52760991513729,1009.2180859375,4.939725
76.0,-116.0,2026-10-09 23:27:19,1.8714843750000227,94.60818994045258,29.52760991513729,1009.2180859375,4.939725
76.0,-115.5,2026-10-09 23:27:19,1.8714843750000227,94.60818994045258,29.52760991513729,1009.2180859375,4.939725
76.0,-115.0,2026-10-09 23:27:19,1.8714843750000227,94.60818994045258,29.52760991513729,1009.2180859375,4.939725
76.0,-114.5,2026-10-09 23:27:19,1.8714843750000227,94.60818994045258,29.52760991513729,1009.2180859375,4.939725
76.0,-114.0,2026-10-09 23:27:19,1.8714843750000227,94.60818994045258,29.52760991513729,1009.2180859375,4.939725
76.0,-113.5,2026-10-09 23:27:19,1.8714843750000227,94.60818994045258,29.52760991513729,1009.2180859375,4.939725
76.0,-113.0,2026-10-09 23:27:19,1.8714843750000227,94.60818994045258,29.52760991513729,1009.2180859375,4.939725
76.0,-112.5,2026-10-09 23:27:19,1.8714843750000227,94.60818994045258,29.52760991513729,1009.2180859375,4.939725
76.0,-112.0,2026-10-09 23:27:19,1.8714843750000227,94.60818994045258,29.52760991513729,1009.2180859375,4.939725
76.0,-111.5,2026-10-09 23:27:19,1.8714843750000227,94.60818994045258,29.52760991513729,1009.2180859375,4.939725
76.0,-110.0,2026-10-09 23:27:19,1.8714843750000227,94.60818994045258,29.52760991513729,1009.2180859375,4.939725
76.0,-109.5,2026-10-09 23:27:19,1.8714843750000227,94.60818994045258,29.52760991513729,1009.2180859375,4.939725
76.0,-109.0,2026-10-09 23:27:19,1.8714843750000227,94.60818994045258,29.52760991513729,1009.2180859375,4.939725
76.0,-108.5,2026-10-09 23:27:19,1.8714843750000227,94.60818994045258,29.52760991513729,1009.2180859375,4.939725
76.0,-108.0,2026-10-09 23:27:19,1.8714843750000227,94.60818994045258,29.52760991513729,1009.2180859375,4.939725
76.0,-107.5,2026-10-09 23:27:19,1.8714843750000227,94.60818994045258,29.52760991513729,1009.2180859375,4.939725
76.0,-107.0,2026-10-09 23:27:19,1.8714843750000227,94.60818994045258,29.52760991513729,1009.2180859375,4.939725
76.0,-106.5,2026-10-09 23:27:19,1.8714843750000227,94.60818994045258,29.52760991513729,1009.2180859375,4.939725
76.0,-106.0,2026-10-09 23:27:19,1.8714843750000227,94.60818994045258,29.52760991513729,1009.2180859375,4.939725
76.0,-105.5,2026-10-09 23:27:19,1.8714843750000227,94.60818994045258,29.52760991513729,1009.2180859375,4.939725
76.0,-104.5,2026-10-09 23:27:19,1.8714843750000227,94.60818994045258,29.52760991513729,1009.2180859375,4.939725
76.0,-104.0,2026-10-09 23:27:19,1.8714843750000227,94.60818994045258,29.52760991513729,1009.2180859375,4.939725
76.0,-103.5,2026-10-09 23:27:19,1.8714843750000227,94.60818994045258,29.52760991513729,1009.2180859375,4.939725
76.0,-103.0,2026-10-09 23:27:19,1.8714843750000227,94.60818994045258,29.52760991513729,1009.2180859375,4.939725
76.0,-102.5,2026-10-09 23:27:19,1.8714843750000227,94.60818994045258,29.52760991513729,1009.2180859375,4.939725
76.0,-102.0,2026-10-09 23:27:19,1.8714843750000227,94.60818994045258,29.52760991513729,1009.2180859375,4.939725
76.0,-101.5,2026-10-09 23:27:19,0.9092773437500341,88.61254179477692,44.28880924478174,1010.48390625,4.939725
76.0,-101.0,2026-10-09 23:27:19,0.9092773437500341,88.61254179477692,44.28880924478174,1010.48390625,4.939725
76.0,-100.5,2026-10-09 23:27:19,0.9092773437500341,88.61254179477692,44.28880924478174,1010.48390625,4.939725
76.0,-100.0,2026-10-09 23:27:19,0.9092773437500341,88.61254179477692,44.28880924478174,1010.48390625,4.939725
76.0,-99.5,2026-10-09 23:27:19,0.9092773437500341,88.61254179477692,44.28880924478174,1010.48390625,4.939725
76.0,-99.0,2026-10-09 23:27:19,0.9092773437500341,88.61254179477692,44.28880924478174,1010.48390625,4.939725
76.0,-98.5,2026-10-09 23:27:19,0.9092773437500341,88.61254179477692,44.28880924478174,1010.48390625,4.939725
76.0,-98.0,2026-10-09 23:27:19,0.9092773437500341,88.61254179477692,44.28880924478174,1010.48390625,4.939725
76.0,-97.5,2026-10-09 23:27:19,0.9092773437500341,88.61254179477692,44.28880924478174,1010.48390625,4.939725
76.0,-95.0,2026-10-09 23:27:19,0.9092773437500341,88.61254179477692,44.28880924478174,1010.48390625,4.939725
76.0,-94.5,2026-10-09 23:27:19,0.9092773437500341,88.61254179477692,44.28880924478174,1010.48390625,4.939725
76.0,-92.5,2026-10-09 23:27:19,0.9092773437500341,88.61254179477692,44.28880924478174,1010.48390625,4.939725
76.0,-92.0,2026-10-09 23:27:19,0.9092773437500341,88.61254179477692,44.28880924478174,1010.48390625,4.939725
76.0,-91.5,2026-10-09 23:27:19,0.9092773437500341,88.61254179477692,44.28880924478174,1010.48390625,4.939725
76.0,-91.0,2026-10-09 23:27:19,0.9092773437500341,88.61254179477692,44.28880924478174,1010.48390625,4.939725
76.0,-90.5,2026-10-09 23:27:19,0.9092773437500341,88.61254179477692,44.28880924478174,1010.48390625,4.939725
76.0,-90.0,2026-10-09 23:27:19,0.9092773437500341,88.61254179477692,44.28880924478174,1010.48390625,4.939725
76.0,-89.5,2026-10-09 23:27:19,0.9092773437500341,88.61254179477692,44.28880924478174,1010.48390625,4.939725
76.0,-79.5,2026-10-09 23:27:19,0.9092773437500341,88.61254179477692,44.28880924478174,1010.48390625,4.939725
76.0,-79.0,2026-10-09 23:27:19,0.9092773437500341,88.61254179477692,44.28880924478174,1010.48390625,4.939725
76.5,-122.0,2026-10-09 23:27:19,0.7214843750000455,86.10818994045258,43.927609915137296,1010.8180859375,6.2669500000000005
76.5,-121.5,2026-10-09 23:27:19,0.7214843750000455,86.10818994045258,43.927609915137296,1010.8180859375,6.2669500000000005
76.5,-121.0,2026-10-09 23:27:19,0.7214843750000455,86.10818994045258,43.927609915137296,1010.8180859375,6.2669500000000005
76.5,-120.5,2026-10-09 23:27:19,0.7214843750000455,86.10818994045258,43.927609915137296,1010.8180859375,6.2669500000000005
76.5,-120.0,2026-10-09 23:27:19,0.7214843750000455,86.10818994045258,43.927609915137296,1010.8180859375,6.2669500000000005
76.5,-119.5,2026-10-09 23:27:19,0.7214843750000455,86.10818994045258,43.927609915137296,1010.8180859375,6.2669500000000005
76.5,-119.0,2026-10-09 23:27:19,0.7214843750000455,86.10818994045258,43.927609915137296,1010.8180859375,6.2669500000000005
76.5,-118.5,2026-10-09 23:27:19,0.7214843750000455,86.10818994045258,43.927609915137296,1010.8180859375,6.2669500000000005
76.5,-118.0,2026-10-09 23:27:19,0.7214843750000455,86.10818994045258,43.927609915137296,1010.8180859375,6.2669500000000005
76.5,-117.5,2026-10-09 23:27:19,0.7214843750000455,86.10818994045258,43.927609915137296,1010.8180859375,6.2669500000000005
76.5,-117.0,2026-10-09 23:27:19,0.7214843750000455,86.10818994045258,43.927609915137296,1010.8180859375,6.2669500000000005
76.5,-116.5,2026-10-09 23:27:19,0.7214843750000455,86.10818994045258,43.927609915137296,1010.8180859375,6.2669500000000005
76.5,-115.5,2026-10-09 23:27:19,0.7214843750000455,86.10818994045258,43.927609915137296,1010.8180859375,6.2669500000000005
76.5,-115.0,2026-10-09 23:27:19,0.7214843750000455,86.10818994045258,43.927609915137296,1010.8180859375,6.2669500000000005
76.5,-114.5,2026-10-09 23:27:19,0.7214843750000455,86.10818994045258,43.927609915137296,1010.8180859375,6.2669500000000005
76.5,-114.0,2026-10-09 23:27:19,0.7214843750000455,86.10818994045258,43.927609915137296,1010.8180859375,6.2669500000000005
76.5,-110.5,2026-10-09 23:27:19,0.7214843750000455,86.10818994045258,43.927609915137296,1010.8180859375,6.2669500000000005
76.5,-110.0,2026-10-09 23:27:19,0.7214843750000455,86.10818994045258,43.927609915137296,1010.8180859375,6.2669500000000005
76.5,-109.5,2026-10-09 23:27:19,0.7214843750000455,86.10818994045258,43.927609915137296,1010.8180859375,6.2669500000000005
76.5,-109.0,2026-10-09 23:27:19,0.7214843750000455,86.10818994045258,43.927609915137296,1010.8180859375,6.2669500000000005
76.5,-108.5,2026-10-09 23:27:19,0.7214843750000455,86.10818994045258,43.927609915137296,1010.8180859375,6.2669500000000005
76.5,-104.5,2026-10-09 23:27:19,0.7214843750000455,86.10818994045258,43.927609915137296,1010.8180859375,6.2669500000000005
76.5,-104.0,2026-10-09 23:27:19,0.7214843750000455,86.10818994045258,43.927609915137296,1010.8180859375,6.2669500000000005
76.5,-103.5,2026-10-09 23:27:19,0.7214843750000455,86.10818994045258,43.927609915137296,1010.8180859375,6.2669500000000005
76.5,-103.0,2026-10-09 23:27:19,0.7214843750000455,86.10818994045258,43.927609915137296,1010.8180859375,6.2669500000000005
76.5,-102.0,2026-10-09 23:27:19,0.7214843750000455,86.10818994045258,43.927609915137296,1010.8180859375,6.2669500000000005
76.5,-101.5,2026-10-09 23:27:19,0.4092773437500341,81.61254179477692,38.168809244781734,1011.68390625,6.2669500000000005
76.5,-101.0,2026-10-09 23:27:19,0.4092773437500341,81.61254179477692,38.168809244781734,1011.68390625,6.2669500000000005
76.5,-100.5,2026-10-09 23:27:19,0.4092773437500341,81.61254179477692,38.168809244781734,1011.68390625,6.2669500000000005
76.5,-100.0,2026-10-09 23:27:19,0.4092773437500341,81.61254179477692,38.168809244781734,1011.68390625,6.2669500000000005
76.5,-99.5,2026-10-09 23:27:19,0.4092773437500341,81.61254179477692,38.168809244781734,1011.68390625,6.2669500000000005
76.5,-99.0,2026-10-09 23:27:19,0.4092773437500341,81.61254179477692,38.168809244781734,1011.68390625,6.2669500000000005
76.5,-98.5,2026-10-09 23:27:19,0.4092773437500341,81.61254179477692,38.168809244781734,1011.68390625,6.2669500000000005
76.5,-98.0,2026-10-09 23:27:19,0.4092773437500341,81.61254179477692,38.168809244781734,1011.68390625,6.2669500000000005
76.5,-97.5,2026-10-09 23:27:19,0.4092773437500341,81.61254179477692,38.168809244781734,1011.68390625,6.2669500000000005
76.5,-96.0,2026-10-09 23:27:19,0.4092773437500341,81.61254179477692,38.168809244781734,1011.68390625,6.2669500000000005
76.5,-95.5,2026-10-09 23:27:19,0.4092773437500341,81.61254179477692,38.168809244781734,1011.68390625,6.2669500000000005
76.5,-95.0,2026-10-09 23:27:19,0.4092773437500341,81.61254179477692,38.168809244781734,1011.68390625,6.2669500000000005
76.5,-94.5,2026-10-09 23:27:19,0.4092773437500341,81.61254179477692,38.168809244781734,1011.68390625,6.2669500000000005
76.5,-94.0,2026-10-09 23:27:19,0.4092773437500341,81.61254179477692,38.168809244781734,1011.68390625,6.2669500000000005
76.5,-93.5,2026-10-09 23:27:19,0.4092773437500341,81.61254179477692,38.168809244781734,1011.68390625,6.2669500000000005
76.5,-93.0,2026-10-09 23:27:19,0.4092773437500341,81.61254179477692,38.168809244781734,1011.68390625,6.2669500000000005
76.5,-92.5,2026-10-09 23:27:19,0.4092773437500341,81.61254179477692,38.168809244781734,1011.68390625,6.2669500000000005
76.5,-92.0,2026-10-09 23:27:19,0.4092773437500341,81.61254179477692,38.168809244781734,1011.68390625,6.2669500000000005
76.5,-91.5,2026-10-09 23:27:19,0.4092773437500341,81.61254179477692,38.168809244781734,1011.68390625,6.2669500000000005
76.5,-91.0,2026-10-09 23:27:19,0.4092773437500341,81.61254179477692,38.168809244781734,1011.68390625,6.2669500000000005
76.5,-90.5,2026-10-09 23:27:19,0.4092773437500341,81.61254179477692,38.168809244781734,1011.68390625,6.2669500000000005
76.5,-90.0,2026-10-09 23:27:19,0.4092773437500341,81.61254179477692,38.168809244781734,1011.68390625,6.2669500000000005
76.5,-89.5,2026-10-09 23:27:19,0.4092773437500341,81.61254179477692,38.168809244781734,1011.68390625,6.2669500000000005
76.5,-89.0,2026-10-09 23:27:19,0.4092773437500341,81.61254179477692,38.168809244781734,1011.68390625,6.2669500000000005
76.5,-88.5,2026-10-09 23:27:19,0.4092773437500341,81.61254179477692,38.168809244781734,1011.68390625,6.2669500000000005
76.5,-88.0,2026-10-09 23:27:19,0.4092773437500341,81.61254179477692,38.168809244781734,1011.68390625,6.2669500000000005
76.5,-87.5,2026-10-09 23:27:19,0.4092773437500341,81.61254179477692,38.168809244781734,1011.68390625,6.2669500000000005
76.5,-87.0,2026-10-09 23:27:19,0.4092773437500341,81.61254179477692,38.168809244781734,1011.68390625,6.2669500000000005
76.5,-86.5,2026-10-09 23:27:19,0.4092773437500341,81.61254179477692,38.168809244781734,1011.68390625,6.2669500000000005
76.5,-86.0,2026-10-09 23:27:19,0.4092773437500341,81.61254179477692,38.168809244781734,1011.68390625,6.2669500000000005
76.5,-85.5,2026-10-09 23:27:19,0.4092773437500341,81.61254179477692,38.168809244781734,1011.68390625,6.2669500000000005
76.5,-85.0,2026-10-09 23:27:19,0.4092773437500341,81.61254179477692,38.168809244781734,1011.68390625,6.2669500000000005
76.5,-84.5,2026-10-09 23:27:19,0.4092773437500341,81.61254179477692,38.168809244781734,1011.68390625,6.2669500000000005
76.5,-84.0,2026-10-09 23:27:19,0.4092773437500341,81.61254179477692,38.168809244781734,1011.68390625,6.2669500000000005
76.5,-83.5,2026-10-09 23:27:19,0.4092773437500341,81.61254179477692,38.168809244781734,1011.68390625,6.2669500000000005
76.5,-83.0,2026-10-09 23:27:19,0.4092773437500341,81.61254179477692,38.168809244781734,1011.68390625,6.2669500000000005
76.5,-82.5,2026-10-09 23:27:19,0.4092773437500341,81.61254179477692,38.168809244781734,1011.68390625,6.2669500000000005
76.5,-82.0,2026-10-09 23:27:19,0.4092773437500341,81.61254179477692,38.168809244781734,1011.68390625,6.2669500000000005
76.5,-81.5,2026-10-09 23:27:19,0.4092773437500341,81.61254179477692,38.168809244781734,1011.68390625,6.2669500000000005
76.5,-81.0,2026-10-09 23:27:19,0.4092773437500341,81.61254179477692,38.168809244781734,1011.68390625,6.2669500000000005
76.5,-80.5,2026-10-09 23:27:19,0.4092773437500341,81.61254179477692,38.168809244781734,1011.68390625,6.2669500000000005
76.5,-80.0,2026-10-09 23:27:19,0.4092773437500341,81.61254179477692,38.168809244781734,1011.68390625,6.2669500000000005
76.5,-79.5,2026-10-09 23:27:19,0.4092773437500341,81.61254179477692,38.168809244781734,1011.68390625,6.2669500000000005
76.5,-79.0,2026-10-09 23:27:19,0.4092773437500341,81.61254179477692,38.168809244781734,1011.68390625,6.2669500000000005
76.5,-78.5,2026-10-09 23:27:19,0.4092773437500341,81.61254179477692,38.168809244781734,1011.68390625,6.2669500000000005
76.5,-78.0,2026-10-09 23:27:19,0.4092773437500341,81.61254179477692,38.168809244781734,1011.68390625,6.2669500000000005
77.0,-120.5,2026-10-09 23:27:19,0.07148437500001137,77.10818994045258,37.26760991513729,1011.9380859375,1.577925
77.0,-120.0,2026-10-09 23:27:19,0.07148437500001137,77.10818994045258,37.26760991513729,1011.9380859375,1.577925
77.0,-119.5,2026-10-09 23:27:19,0.07148437500001137,77.10818994045258,37.26760991513729,1011.9380859375,1.577925
77.0,-119.0,2026-10-09 23:27:19,0.07148437500001137,77.10818994045258,37.26760991513729,1011.9380859375,1.577925
77.0,-118.5,2026-10-09 23:27:19,0.07148437500001137,77.10818994045258,37.26760991513729,1011.9380859375,1.577925
77.0,-118.0,2026-10-09 23:27:19,0.07148437500001137,77.10818994045258,37.26760991513729,1011.9380859375,1.577925
77.0,-117.5,2026-10-09 23:27:19,0.07148437500001137,77.10818994045258,37.26760991513729,1011.9380859375,1.577925
77.0,-117.0,2026-10-09 23:27:19,0.07148437500001137,77.10818994045258,37.26760991513729,1011.9380859375,1.577925
77.0,-116.5,2026-10-09 23:27:19,0.07148437500001137,77.10818994045258,37.26760991513729,1011.9380859375,1.577925
77.0,-116.0,2026-10-09 23:27:19,0.07148437500001137,77.10818994045258,37.26760991513729,1011.9380859375,1.577925
77.0,-115.5,2026-10-09 23:27:19,0.07148437500001137,77.10818994045258,37.26760991513729,1011.9380859375,1.577925
77.0,-97.0,2026-10-09 23:27:19,-0.24072265624994316,75.36254179477692,32.948809244781735,1012.40390625,1.577925
77.0,-96.5,2026-10-09 23:27:19,-0.24072265624994316,75.36254179477692,32.948809244781735,1012.40390625,1.577925
77.0,-96.0,2026-10-09 23:27:19,-0.24072265624994316,75.36254179477692,32.948809244781735,1012.40390625,1.577925
77.0,-95.5,2026-10-09 23:27:19,-0.24072265624994316,75.36254179477692,32.948809244781735,1012.40390625,1.577925
77.0,-95.0,2026-10-09 23:27:19,-0.24072265624994316,75.36254179477692,32.948809244781735,1012.40390625,1.577925
77.0,-94.5,2026-10-09 23:27:19,-0.24072265624994316,75.36254179477692,32.948809244781735,1012.40390625,1.577925
77.0,-94.0,2026-10-09 23:27:19,-0.24072265624994316,75.36254179477692,32.948809244781735,1012.40390625,1.577925
77.0,-89.0,2026-10-09 23:27:19,-0.24072265624994316,75.36254179477692,32.948809244781735,1012.40390625,1.577925
77.0,-88.5,2026-10-09 23:27:19,-0.24072265624994316,75.36254179477692,32.948809244781735,1012.40390625,1.577925
77.0,-88.0,2026-10-09 23:27:19,-0.24072265624994316,75.36254179477692,32.948809244781735,1012.40390625,1.577925
77.0,-87.5,2026-10-09 23:27:19,-0.24072265624994316,75.36254179477692,32.948809244781735,1012.40390625,1.577925
77.0,-87.0,2026-10-09 23:27:19,-0.24072265624994316,75.36254179477692,32.948809244781735,1012.40390625,1.577925
77.0,-86.5,2026-10-09 23:27:19,-0.24072265624994316,75.36254179477692,32.948809244781735,1012.40390625,1.577925
77.0,-86.0,2026-10-09 23:27:19,-0.24072265624994316,75.36254179477692,32.948809244781735,1012.40390625,1.577925
77.0,-85.5,2026-10-09 23:27:19,-0.24072265624994316,75.36254179477692,32.948809244781735,1012.40390625,1.577925
77.0,-85.0,2026-10-09 23:27:19,-0.24072265624994316,75.36254179477692,32.948809244781735,1012.40390625,1.577925
77.0,-84.5,2026-10-09 23:27:19,-0.24072265624994316,75.36254179477692,32.948809244781735,1012.40390625,1.577925
77.0,-84.0,2026-10-09 23:27:19,-0.24072265624994316,75.36254179477692,32.948809244781735,1012.40390625,1.577925
77.0,-83.5,2026-10-09 23:27:19,-0.24072265624994316,75.36254179477692,32.948809244781735,1012.40390625,1.577925
77.0,-83.0,2026-10-09 23:27:19,-0.24072265624994316,75.36254179477692,32.948809244781735,1012.40390625,1.577925
77.0,-82.5,2026-10-09 23:27:19,-0.24072265624994316,75.36254179477692,32.948809244781735,1012.40390625,1.577925
77.0,-82.0,2026-10-09 23:27:19,-0.24072265624994316,75.36254179477692,32.948809244781735,1012.40390625,1.577925
77.0,-81.5,2026-10-09 23:27:19,-0.24072265624994316,75.36254179477692,32.948809244781735,1012.40390625,1.577925
77.0,-81.0,2026-10-09 23:27:19,-0.24072265624994316,75.36254179477692,32.948809244781735,1012.40390625,1.577925
77.0,-80.5,2026-10-09 23:27:19,-0.24072265624994316,75.36254179477692,32.948809244781735,1012.40390625,1.577925
77.0,-80.0,2026-10-09 23:27:19,-0.24072265624994316,75.36254179477692,32.948809244781735,1012.40390625,1.577925
77.0,-79.5,2026-10-09 23:27:19,-0.24072265624994316,75.36254179477692,32.948809244781735,1012.40390625,1.577925
77.0,-79.0,2026-10-09 23:27:19,-0.24072265624994316,75.36254179477692,32.948809244781735,1012.40390625,1.577925
77.0,-78.5,2026-10-09 23:27:19,-0.24072265624994316,75.36254179477692,32.948809244781735,1012.40390625,1.577925
77.0,-78.0,2026-10-09 23:27:19,-0.24072265624994316,75.36254179477692,32.948809244781735,1012.40390625,1.577925
77.5,-117.5,2026-10-09 23:27:19,-1.0285156249999545,70.85818994045258,27.907609915137293,1013.2180859375,0.0816
77.5,-117.0,2026-10-09 23:27:19,-1.0285156249999545,70.85818994045258,27.907609915137293,1013.2180859375,0.0816
77.5,-116.5,2026-10-09 23:27:19,-1.0285156249999545,70.85818994045258,27.907609915137293,1013.2180859375,0.0816
77.5,-116.0,2026-10-09 23:27:19,-1.0285156249999545,70.85818994045258,27.907609915137293,1013.2180859375,0.0816
77.5,-113.5,2026-10-09 23:27:19,-1.0285156249999545,70.85818994045258,27.907609915137293,1013.2180859375,0.0816
77.5,-113.0,2026-10-09 23:27:19,-1.0285156249999545,70.85818994045258,27.907609915137293,1013.2180859375,0.0816
77.5,-112.5,2026-10-09 23:27:19,-1.0285156249999545,70.85818994045258,27.907609915137293,1013.2180859375,0.0816
77.5,-112.0,2026-10-09 23:27:19,-1.0285156249999545,70.85818994045258,27.907609915137293,1013.2180859375,0.0816
77.5,-111.5,2026-10-09 23:27:19,-1.0285156249999545,70.85818994045258,27.907609915137293,1013.2180859375,0.0816
77.5,-111.0,2026-10-09 23:27:19,-1.0285156249999545,70.85818994045258,27.907609915137293,1013.2180859375,0.0816
77.5,-110.5,2026-10-09 23:27:19,-1.0285156249999545,70.85818994045258,27.907609915137293,1013.2180859375,0.0816
77.5,-110.0,2026-10-09 23:27:19,-1.0285156249999545,70.85818994045258,27.907609915137293,1013.2180859375,0.0816
77.5,-106.0,2026-10-09 23:27:19,-1.0285156249999545,70.85818994045258,27.907609915137293,1013.2180859375,0.0816
77.5,-105.5,2026-10-09 23:27:19,-1.0285156249999545,70.85818994045258,27.907609915137293,1013.2180859375,0.0816
77.5,-105.0,2026-10-09 23:27:19,-1.0285156249999545,70.85818994045258,27.907609915137293,1013.2180859375,0.0816
77.5,-96.5,2026-10-09 23:27:19,-1.3907226562499773,69.86254179477692,24.488809244781734,1013.28390625,0.0816
77.5,-96.0,2026-10-09 23:27:19,-1.3907226562499773,69.86254179477692,24.488809244781734,1013.28390625,0.0816
77.5,-95.5,2026-10-09 23:27:19,-1.3907226562499773,69.86254179477692,24.488809244781734,1013.28390625,0.0816
77.5,-95.0,2026-10-09 23:27:19,-1.3907226562499773,69.86254179477692,24.488809244781734,1013.28390625,0.0816
77.5,-94.5,2026-10-09 23:27:19,-1.3907226562499773,69.86254179477692,24.488809244781734,1013.28390625,0.0816
77.5,-94.0,2026-10-09 23:27:19,-1.3907226562499773,69.86254179477692,24.488809244781734,1013.28390625,0.0816
77.5,-93.5,2026-10-09 23:27:19,-1.3907226562499773,69.86254179477692,24.488809244781734,1013.28390625,0.0816
77.5,-91.5,2026-10-09 23:27:19,-1.3907226562499773,69.86254179477692,24.488809244781734,1013.28390625,0.0816
77.5,-91.0,2026-10-09 23:27:19,-1.3907226562499773,69.86254179477692,24.488809244781734,1013.28390625,0.0816
77.5,-90.5,2026-10-09 23:27:19,-1.3907226562499773,69.86254179477692,24.488809244781734,1013.28390625,0.0816
77.5,-90.0,2026-10-09 23:27:19,-1.3907226562499773,69.86254179477692,24.488809244781734,1013.28390625,0.0816
77.5,-89.5,2026-10-09 23:27:19,-1.3907226562499773,69.86254179477692,24.488809244781734,1013.28390625,0.0816
77.5,-88.0,2026-10-09 23:27:19,-1.3907226562499773,69.86254179477692,24.488809244781734,1013.28390625,0.0816
77.5,-87.5,2026-10-09 23:27:19,-1.3907226562499773,69.86254179477692,24.488809244781734,1013.28390625,0.0816
77.5,-87.0,2026-10-09 23:27:19,-1.3907226562499773,69.86254179477692,24.488809244781734,1013.28390625,0.0816
77.5,-86.5,2026-10-09 23:27:19,-1.3907226562499773,69.86254179477692,24.488809244781734,1013.28390625,0.0816
77.5,-86.0,2026-10-09 23:27:19,-1.3907226562499773,69.86254179477692,24.488809244781734,1013.28390625,0.0816
77.5,-85.5,2026-10-09 23:27:19,-1.3907226562499773,69.86254179477692,24.488809244781734,1013.28390625,0.0816
77.5,-85.0,2026-10-09 23:27:19,-1.3907226562499773,69.86254179477692,24.488809244781734,1013.28390625,0.0816
77.5,-84.5,2026-10-09 23:27:19,-1.3907226562499773,69.86254179477692,24.488809244781734,1013.28390625,0.0816
77.5,-84.0,2026-10-09 23:27:19,-1.3907226562499773,69.86254179477692,24.488809244781734,1013.28390625,0.0816
77.5,-83.5,2026-10-09 23:27:19,-1.3907226562499773,69.86254179477692,24.488809244781734,1013.28390625,0.0816
77.5,-83.0,2026-10-09 23:27:19,-1.3907226562499773,69.86254179477692,24.488809244781734,1013.28390625,0.0816
77.5,-82.5,2026-10-09 23:27:19,-1.3907226562499773,69.86254179477692,24.488809244781734,1013.28390625,0.0816
77.5,-82.0,2026-10-09 23:27:19,-1.3907226562499773,69.86254179477692,24.488809244781734,1013.28390625,0.0816
77.5,-81.5,2026-10-09 23:27:19,-1.3907226562499773,69.86254179477692,24.488809244781734,1013.28390625,0.0816
77.5,-81.0,2026-10-09 23:27:19,-1.3907226562499773,69.86254179477692,24.488809244781734,1013.28390625,0.0816
77.5,-80.5,2026-10-09 23:27:19,-1.3907226562499773,69.86254179477692,24.488809244781734,1013.28390625,0.0816
77.5,-80.0,2026-10-09 23:27:19,-1.3907226562499773,69.86254179477692,24.488809244781734,1013.28390625,0.0816
77.5,-79.5,2026-10-09 23:27:19,-1.3907226562499773,69.86254179477692,24.488809244781734,1013.28390625,0.0816
77.5,-79.0,2026-10-09 23:27:19,-1.3907226562499773,69.86254179477692,24.488809244781734,1013.28390625,0.0816
77.5,-78.5,2026-10-09 23:27:19,-1.3907226562499773,69.86254179477692,24.488809244781734,1013.28390625,0.0816
77.5,-78.0,2026-10-09 23:27:19,-1.3907226562499773,69.86254179477692,24.488809244781734,1013.28390625,0.0816
78.0,-115.0,2026-10-09 23:27:19,-2.328515624999966,71.60818994045258,22.86760991513729,1013.8580859375,0.148975
78.0,-114.5,2026-10-09 23:27:19,-2.328515624999966,71.60818994045258,22.86760991513729,1013.8580859375,0.148975
78.0,-114.0,2026-10-09 23:27:19,-2.328515624999966,71.60818994045258,22.86760991513729,1013.8580859375,0.148975
78.0,-113.0,2026-10-09 23:27:19,-2.328515624999966,71.60818994045258,22.86760991513729,1013.8580859375,0.148975
78.0,-112.5,2026-10-09 23:27:19,-2.328515624999966,71.60818994045258,22.86760991513729,1013.8580859375,0.148975
78.0,-112.0,2026-10-09 23:27:19,-2.328515624999966,71.60818994045258,22.86760991513729,1013.8580859375,0.148975
78.0,-111.5,2026-10-09 23:27:19,-2.328515624999966,71.60818994045258,22.86760991513729,1013.8580859375,0.148975
78.0,-111.0,2026-10-09 23:27:19,-2.328515624999966,71.60818994045258,22.86760991513729,1013.8580859375,0.148975
78.0,-110.5,2026-10-09 23:27:19,-2.328515624999966,71.60818994045258,22.86760991513729,1013.8580859375,0.148975
78.0,-110.0,2026-10-09 23:27:19,-2.328515624999966,71.60818994045258,22.86760991513729,1013.8580859375,0.148975
78.0,-109.5,2026-10-09 23:27:19,-2.328515624999966,71.60818994045258,22.86760991513729,1013.8580859375,0.148975
78.0,-101.0,2026-10-09 23:27:19,-2.7907226562499545,71.36254179477692,18.548809244781737,1014.00390625,0.148975
78.0,-100.5,2026-10-09 23:27:19,-2.7907226562499545,71.36254179477692,18.548809244781737,1014.00390625,0.148975
78.0,-100.0,2026-10-09 23:27:19,-2.7907226562499545,71.36254179477692,18.548809244781737,1014.00390625,0.148975
78.0,-99.5,2026-10-09 23:27:19,-2.7907226562499545,71.36254179477692,18.548809244781737,1014.00390625,0.148975
78.0,-99.0,2026-10-09 23:27:19,-2.7907226562499545,71.36254179477692,18.548809244781737,1014.00390625,0.148975
78.0,-98.0,2026-10-09 23:27:19,-2.7907226562499545,71.36254179477692,18.548809244781737,1014.00390625,0.148975
78.0,-97.5,2026-10-09 23:27:19,-2.7907226562499545,71.36254179477692,18.548809244781737,1014.00390625,0.148975
78.0,-97.0,2026-10-09 23:27:19,-2.7907226562499545,71.36254179477692,18.548809244781737,1014.00390625,0.148975
78.0,-96.5,2026-10-09 23:27:19,-2.7907226562499545,71.36254179477692,18.548809244781737,1014.00390625,0.148975
78.0,-96.0,2026-10-09 23:27:19,-2.7907226562499545,71.36254179477692,18.548809244781737,1014.00390625,0.148975
78.0,-95.5,2026-10-09 23:27:19,-2.7907226562499545,71.36254179477692,18.548809244781737,1014.00390625,0.148975
78.0,-95.0,2026-10-09 23:27:19,-2.7907226562499545,71.36254179477692,18.548809244781737,1014.00390625,0.148975
78.0,-86.5,2026-10-09 23:27:19,-2.7907226562499545,71.36254179477692,18.548809244781737,1014.00390625,0.148975
78.0,-86.0,2026-10-09 23:27:19,-2.7907226562499545,71.36254179477692,18.548809244781737,1014.00390625,0.148975
78.0,-85.5,2026-10-09 23:27:19,-2.7907226562499545,71.36254179477692,18.548809244781737,1014.00390625,0.148975
78.0,-85.0,2026-10-09 23:27:19,-2.7907226562499545,71.36254179477692,18.548809244781737,1014.00390625,0.148975
78.0,-84.5,2026-10-09 23:27:19,-2.7907226562499545,71.36254179477692,18.548809244781737,1014.00390625,0.148975
78.0,-84.0,2026-10-09 23:27:19,-2.7907226562499545,71.36254179477692,18.548809244781737,1014.00390625,0.148975
78.0,-83.5,2026-10-09 23:27:19,-2.7907226562499545,71.36254179477692,18.548809244781737,1014.00390625,0.148975
78.0,-83.0,2026-10-09 23:27:19,-2.7907226562499545,71.36254179477692,18.548809244781737,1014.00390625,0.148975
78.0,-82.5,2026-10-09 23:27:19,-2.7907226562499545,71.36254179477692,18.548809244781737,1014.00390625,0.148975
78.0,-82.0,2026-10-09 23:27:19,-2.7907226562499545,71.36254179477692,18.548809244781737,1014.00390625,0.148975
78.0,-81.5,2026-10-09 23:27:19,-2.7907226562499545,71.36254179477692,18.548809244781737,1014.00390625,0.148975
78.0,-81.0,2026-10-09 23:27:19,-2.7907226562499545,71.36254179477692,18.548809244781737,1014.00390625,0.148975
78.0,-80.5,2026-10-09 23:27:19,-2.7907226562499545,71.36254179477692,18.548809244781737,1014.00390625,0.148975
78.0,-80.0,2026-10-09 23:27:19,-2.7907226562499545,71.36254179477692,18.548809244781737,1014.00390625,0.148975
78.0,-79.5,2026-10-09 23:27:19,-2.7907226562499545,71.36254179477692,18.548809244781737,1014.00390625,0.148975
78.0,-79.0,2026-10-09 23:27:19,-2.7907226562499545,71.36254179477692,18.548809244781737,1014.00390625,0.148975
78.0,-78.5,2026-10-09 23:27:19,-2.7907226562499545,71.36254179477692,18.548809244781737,1014.00390625,0.148975
78.0,-78.0,2026-10-09 23:27:19,-2.7907226562499545,71.36254179477692,18.548809244781737,1014.00390625,0.148975
78.0,-77.5,2026-10-09 23:27:19,-2.7907226562499545,71.36254179477692,18.548809244781737,1014.00390625,0.148975
78.0,-77.0,2026-10-09 23:27:19,-2.7907226562499545,71.36254179477692,18.548809244781737,1014.00390625,0.148975
78.0,-76.5,2026-10-09 23:27:19,-2.7907226562499545,71.36254179477692,18.548809244781737,1014.00390625,0.148975
78.0,-76.0,2026-10-09 23:27:19,-2.7907226562499545,71.36254179477692,18.548809244781737,1014.00390625,0.148975
78.0,-75.5,2026-10-09 23:27:19,-2.7907226562499545,71.36254179477692,18.548809244781737,1014.00390625,0.148975
78.5,-113.0,2026-10-09 23:27:19,-5.0285156249999545,72.10818994045258,17.107609915137292,1014.5780859375,0.03005
78.5,-112.5,2026-10-09 23:27:19,-5.0285156249999545,72.10818994045258,17.107609915137292,1014.5780859375,0.03005
78.5,-112.0,2026-10-09 23:27:19,-5.0285156249999545,72.10818994045258,17.107609915137292,1014.5780859375,0.03005
78.5,-111.5,2026-10-09 23:27:19,-5.0285156249999545,72.10818994045258,17.107609915137292,1014.5780859375,0.03005
78.5,-111.0,2026-10-09 23:27:19,-5.0285156249999545,72.10818994045258,17.107609915137292,1014.5780859375,0.03005
78.5,-110.5,2026-10-09 23:27:19,-5.0285156249999545,72.10818994045258,17.107609915137292,1014.5780859375,0.03005
78.5,-110.0,2026-10-09 23:27:19,-5.0285156249999545,72.10818994045258,17.107609915137292,1014.5780859375,0.03005
78.5,-109.5,2026-10-09 23:27:19,-5.0285156249999545,72.10818994045258,17.107609915137292,1014.5780859375,0.03005
78.5,-109.0,2026-10-09 23:27:19,-5.0285156249999545,72.10818994045258,17.107609915137292,1014.5780859375,0.03005
78.5,-105.0,2026-10-09 23:27:19,-5.0285156249999545,72.10818994045258,17.107609915137292,1014.5780859375,0.03005
78.5,-104.5,2026-10-09 23:27:19,-5.0285156249999545,72.10818994045258,17.107609915137292,1014.5780859375,0.03005
78.5,-104.0,2026-10-09 23:27:19,-5.0285156249999545,72.10818994045258,17.107609915137292,1014.5780859375,0.03005
78.5,-103.5,2026-10-09 23:27:19,-5.0285156249999545,72.10818994045258,17.107609915137292,1014.5780859375,0.03005
78.5,-103.0,2026-10-09 23:27:19,-5.0285156249999545,72.10818994045258,17.107609915137292,1014.5780859375,0.03005
78.5,-102.5,2026-10-09 23:27:19,-5.0285156249999545,72.10818994045258,17.107609915137292,1014.5780859375,0.03005
78.5,-102.0,2026-10-09 23:27:19,-5.0285156249999545,72.10818994045258,17.107609915137292,1014.5780859375,0.03005
78.5,-101.5,2026-10-09 23:27:19,-5.7907226562499545,71.36254179477692,13.688809244781734,1014.64390625,0.03005
78.5,-101.0,2026-10-09 23:27:19,-5.7907226562499545,71.36254179477692,13.688809244781734,1014.64390625,0.03005
78.5,-100.5,2026-10-09 23:27:19,-5.7907226562499545,71.36254179477692,13.688809244781734,1014.64390625,0.03005
78.5,-100.0,2026-10-09 23:27:19,-5.7907226562499545,71.36254179477692,13.688809244781734,1014.64390625,0.03005
78.5,-99.5,2026-10-09 23:27:19,-5.7907226562499545,71.36254179477692,13.688809244781734,1014.64390625,0.03005
78.5,-98.5,2026-10-09 23:27:19,-5.7907226562499545,71.36254179477692,13.688809244781734,1014.64390625,0.03005
78.5,-98.0,2026-10-09 23:27:19,-5.7907226562499545,71.36254179477692,13.688809244781734,1014.64390625,0.03005
78.5,-97.5,2026-10-09 23:27:19,-5.7907226562499545,71.36254179477692,13.688809244781734,1014.64390625,0.03005
78.5,-97.0,2026-10-09 23:27:19,-5.7907226562499545,71.36254179477692,13.688809244781734,1014.64390625,0.03005
78.5,-96.5,2026-10-09 23:27:19,-5.7907226562499545,71.36254179477692,13.688809244781734,1014.64390625,0.03005
78.5,-96.0,2026-10-09 23:27:19,-5.7907226562499545,71.36254179477692,13.688809244781734,1014.64390625,0.03005
78.5,-95.5,2026-10-09 23:27:19,-5.7907226562499545,71.36254179477692,13.688809244781734,1014.64390625,0.03005
78.5,-95.0,2026-10-09 23:27:19,-5.7907226562499545,71.36254179477692,13.688809244781734,1014.64390625,0.03005
78.5,-93.0,2026-10-09 23:27:19,-5.7907226562499545,71.36254179477692,13.688809244781734,1014.64390625,0.03005
78.5,-92.5,2026-10-09 23:27:19,-5.7907226562499545,71.36254179477692,13.688809244781734,1014.64390625,0.03005
78.5,-92.0,2026-10-09 23:27:19,-5.7907226562499545,71.36254179477692,13.688809244781734,1014.64390625,0.03005
78.5,-91.5,2026-10-09 23:27:19,-5.7907226562499545,71.36254179477692,13.688809244781734,1014.64390625,0.03005
78.5,-91.0,2026-10-09 23:27:19,-5.7907226562499545,71.36254179477692,13.688809244781734,1014.64390625,0.03005
78.5,-90.5,2026-10-09 23:27:19,-5.7907226562499545,71.36254179477692,13.688809244781734,1014.64390625,0.03005
78.5,-90.0,2026-10-09 23:27:19,-5.7907226562499545,71.36254179477692,13.688809244781734,1014.64390625,0.03005
78.5,-89.5,2026-10-09 23:27:19,-5.7907226562499545,71.36254179477692,13.688809244781734,1014.64390625,0.03005
78.5,-89.0,2026-10-09 23:27:19,-5.7907226562499545,71.36254179477692,13.688809244781734,1014.64390625,0.03005
78.5,-88.5,2026-10-09 23:27:19,-5.7907226562499545,71.36254179477692,13.688809244781734,1014.64390625,0.03005
78.5,-88.0,2026-10-09 23:27:19,-5.7907226562499545,71.36254179477692,13.688809244781734,1014.64390625,0.03005
78.5,-87.5,2026-10-09 23:27:19,-5.7907226562499545,71.36254179477692,13.688809244781734,1014.64390625,0.03005
78.5,-87.0,2026-10-09 23:27:19,-5.7907226562499545,71.36254179477692,13.688809244781734,1014.64390625,0.03005
78.5,-86.5,2026-10-09 23:27:19,-5.7907226562499545,71.36254179477692,13.688809244781734,1014.64390625,0.03005
78.5,-86.0,2026-10-09 23:27:19,-5.7907226562499545,71.36254179477692,13.688809244781734,1014.64390625,0.03005
78.5,-85.5,2026-10-09 23:27:19,-5.7907226562499545,71.36254179477692,13.688809244781734,1014.64390625,0.03005
78.5,-85.0,2026-10-09 23:27:19,-5.7907226562499545,71.36254179477692,13.688809244781734,1014.64390625,0.03005
78.5,-84.5,2026-10-09 23:27:19,-5.7907226562499545,71.36254179477692,13.688809244781734,1014.64390625,0.03005
78.5,-84.0,2026-10-09 23:27:19,-5.7907226562499545,71.36254179477692,13.688809244781734,1014.64390625,0.03005
78.5,-83.5,2026-10-09 23:27:19,-5.7907226562499545,71.36254179477692,13.688809244781734,1014.64390625,0.03005
78.5,-83.0,2026-10-09 23:27:19,-5.7907226562499545,71.36254179477692,13.688809244781734,1014.64390625,0.03005
78.5,-82.5,2026-10-09 23:27:19,-5.7907226562499545,71.36254179477692,13.688809244781734,1014.64390625,0.03005
78.5,-82.0,2026-10-09 23:27:19,-5.7907226562499545,71.36254179477692,13.688809244781734,1014.64390625,0.03005
78.5,-81.5,2026-10-09 23:27:19,-5.7907226562499545,71.36254179477692,13.688809244781734,1014.64390625,0.03005
78.5,-81.0,2026-10-09 23:27:19,-5.7907226562499545,71.36254179477692,13.688809244781734,1014.64390625,0.03005
78.5,-80.5,2026-10-09 23:27:19,-5.7907226562499545,71.36254179477692,13.688809244781734,1014.64390625,0.03005
78.5,-80.0,2026-10-09 23:27:19,-5.7907226562499545,71.36254179477692,13.688809244781734,1014.64390625,0.03005
78.5,-79.5,2026-10-09 23:27:19,-5.7907226562499545,71.36254179477692,13.688809244781734,1014.64390625,0.03005
78.5,-79.0,2026-10-09 23:27:19,-5.7907226562499545,71.36254179477692,13.688809244781734,1014.64390625,0.03005
78.5,-78.5,2026-10-09 23:27:19,-5.7907226562499545,71.36254179477692,13.688809244781734,1014.64390625,0.03005
78.5,-78.0,2026-10-09 23:27:19,-5.7907226562499545,71.36254179477692,13.688809244781734,1014.64390625,0.03005
78.5,-77.5,2026-10-09 23:27:19,-5.7907226562499545,71.36254179477692,13.688809244781734,1014.64390625,0.03005
78.5,-77.0,2026-10-09 23:27:19,-5.7907226562499545,71.36254179477692,13.688809244781734,1014.64390625,0.03005
78.5,-76.5,2026-10-09 23:27:19,-5.7907226562499545,71.36254179477692,13.688809244781734,1014.64390625,0.03005
78.5,-76.0,2026-10-09 23:27:19,-5.7907226562499545,71.36254179477692,13.688809244781734,1014.64390625,0.03005
78.5,-75.5,2026-10-09 23:27:19,-5.7907226562499545,71.36254179477692,13.688809244781734,1014.64390625,0.03005
78.5,-75.0,2026-10-09 23:27:19,-5.7907226562499545,71.36254179477692,13.688809244781734,1014.64390625,0.03005
79.0,-106.0,2026-10-09 23:27:19,-11.090722656249966,88.86254179477692,7.388809244781734,1015.28390625,0.014425
79.0,-105.5,2026-10-09 23:27:19,-11.090722656249966,88.86254179477692,7.388809244781734,1015.28390625,0.014425
79.0,-105.0,2026-10-09 23:27:19,-11.090722656249966,88.86254179477692,7.388809244781734,1015.28390625,0.014425
79.0,-104.5,2026-10-09 23:27:19,-11.090722656249966,88.86254179477692,7.388809244781734,1015.28390625,0.014425
79.0,-104.0,2026-10-09 23:27:19,-11.090722656249966,88.86254179477692,7.388809244781734,1015.28390625,0.014425
79.0,-103.5,2026-10-09 23:27:19,-11.090722656249966,88.86254179477692,7.388809244781734,1015.28390625,0.014425
79.0,-103.0,2026-10-09 23:27:19,-11.090722656249966,88.86254179477692,7.388809244781734,1015.28390625,0.014425
79.0,-102.5,2026-10-09 23:27:19,-11.090722656249966,88.86254179477692,7.388809244781734,1015.28390625,0.014425
79.0,-102.0,2026-10-09 23:27:19,-11.090722656249966,88.86254179477692,7.388809244781734,1015.28390625,0.014425
79.0,-101.5,2026-10-09 23:27:19,-11.090722656249966,88.86254179477692,7.388809244781734,1015.28390625,0.014425
79.0,-101.0,2026-10-09 23:27:19,-11.090722656249966,88.86254179477692,7.388809244781734,1015.28390625,0.014425
79.0,-94.5,2026-10-09 23:27:19,-11.090722656249966,88.86254179477692,7.388809244781734,1015.28390625,0.014425
79.0,-94.0,2026-10-09 23:27:19,-11.090722656249966,88.86254179477692,7.388809244781734,1015.28390625,0.014425
79.0,-93.5,2026-10-09 23:27:19,-11.090722656249966,88.86254179477692,7.388809244781734,1015.28390625,0.014425
79.0,-93.0,2026-10-09 23:27:19,-11.090722656249966,88.86254179477692,7.388809244781734,1015.28390625,0.014425
79.0,-92.5,2026-10-09 23:27:19,-11.090722656249966,88.86254179477692,7.388809244781734,1015.28390625,0.014425
79.0,-92.0,2026-10-09 23:27:19,-11.090722656249966,88.86254179477692,7.388809244781734,1015.28390625,0.014425
79.0,-91.5,2026-10-09 23:27:19,-11.090722656249966,88.86254179477692,7.388809244781734,1015.28390625,0.014425
79.0,-91.0,2026-10-09 23:27:19,-11.090722656249966,88.86254179477692,7.388809244781734,1015.28390625,0.014425
79.0,-90.5,2026-10-09 23:27:19,-11.090722656249966,88.86254179477692,7.388809244781734,1015.28390625,0.014425
79.0,-90.0,2026-10-09 23:27:19,-11.090722656249966,88.86254179477692,7.388809244781734,1015.28390625,0.014425
79.0,-89.5,2026-10-09 23:27:19,-11.090722656249966,88.86254179477692,7.388809244781734,1015.28390625,0.014425
79.0,-89.0,2026-10-09 23:27:19,-11.090722656249966,88.86254179477692,7.388809244781734,1015.28390625,0.014425
79.0,-88.5,2026-10-09 23:27:19,-11.090722656249966,88.86254179477692,7.388809244781734,1015.28390625,0.014425
79.0,-88.0,2026-10-09 23:27:19,-11.090722656249966,88.86254179477692,7.388809244781734,1015.28390625,0.014425
79.0,-87.5,2026-10-09 23:27:19,-11.090722656249966,88.86254179477692,7.388809244781734,1015.28390625,0.014425
79.0,-87.0,2026-10-09 23:27:19,-11.090722656249966,88.86254179477692,7.388809244781734,1015.28390625,0.014425
79.0,-86.5,2026-10-09 23:27:19,-11.090722656249966,88.86254179477692,7.388809244781734,1015.28390625,0.014425
79.0,-85.0,2026-10-09 23:27:19,-11.090722656249966,88.86254179477692,7.388809244781734,1015.28390625,0.014425
79.0,-84.5,2026-10-09 23:27:19,-11.090722656249966,88.86254179477692,7.388809244781734,1015.28390625,0.014425
79.0,-84.0,2026-10-09 23:27:19,-11.090722656249966,88.86254179477692,7.388809244781734,1015.28390625,0.014425
79.0,-83.5,2026-10-09 23:27:19,-11.090722656249966,88.86254179477692,7.388809244781734,1015.28390625,0.014425
79.0,-83.0,2026-10-09 23:27:19,-11.090722656249966,88.86254179477692,7.388809244781734,1015.28390625,0.014425
79.0,-82.5,2026-10-09 23:27:19,-11.090722656249966,88.86254179477692,7.388809244781734,1015.28390625,0.014425
79.0,-82.0,2026-10-09 23:27:19,-11.090722656249966,88.86254179477692,7.388809244781734,1015.28390625,0.014425
79.0,-81.5,2026-10-09 23:27:19,-11.090722656249966,88.86254179477692,7.388809244781734,1015.28390625,0.014425
79.0,-81.0,2026-10-09 23:27:19,-11.090722656249966,88.86254179477692,7.388809244781734,1015.28390625,0.014425
79.0,-80.5,2026-10-09 23:27:19,-11.090722656249966,88.86254179477692,7.388809244781734,1015.28390625,0.014425
79.0,-80.0,2026-10-09 23:27:19,-11.090722656249966,88.86254179477692,7.388809244781734,1015.28390625,0.014425
79.0,-79.5,2026-10-09 23:27:19,-11.090722656249966,88.86254179477692,7.388809244781734,1015.28390625,0.014425
79.0,-79.0,2026-10-09 23:27:19,-11.090722656249966,88.86254179477692,7.388809244781734,1015.28390625,0.014425
79.0,-78.5,2026-10-09 23:27:19,-11.090722656249966,88.86254179477692,7.388809244781734,1015.28390625,0.014425
79.0,-78.0,2026-10-09 23:27:19,-11.090722656249966,88.86254179477692,7.388809244781734,1015.28390625,0.014425
79.0,-77.5,2026-10-09 23:27:19,-11.090722656249966,88.86254179477692,7.388809244781734,1015.28390625,0.014425
79.0,-77.0,2026-10-09 23:27:19,-11.090722656249966,88.86254179477692,7.388809244781734,1015.28390625,0.014425
79.0,-76.5,2026-10-09 23:27:19,-11.090722656249966,88.86254179477692,7.388809244781734,1015.28390625,0.014425
79.0,-76.0,2026-10-09 23:27:19,-11.090722656249966,88.86254179477692,7.388809244781734,1015.28390625,0.014425
79.0,-75.5,2026-10-09 23:27:19,-11.090722656249966,88.86254179477692,7.388809244781734,1015.28390625,0.014425
79.0,-75.0,2026-10-09 23:27:19,-11.090722656249966,88.86254179477692,7.388809244781734,1015.28390625,0.014425
79.0,-74.5,2026-10-09 23:27:19,-11.090722656249966,88.86254179477692,7.388809244781734,1015.28390625,0.014425
79.5,-96.0,2026-10-09 23:27:19,-12.090722656249966,88.86254179477692,7.568809244781733,1015.28390625,0.12287500000000001
79.5,-95.5,2026-10-09 23:27:19,-12.090722656249966,88.86254179477692,7.568809244781733,1015.28390625,0.12287500000000001
79.5,-95.0,2026-10-09 23:27:19,-12.090722656249966,88.86254179477692,7.568809244781733,1015.28390625,0.12287500000000001
79.5,-94.5,2026-10-09 23:27:19,-12.090722656249966,88.86254179477692,7.568809244781733,1015.28390625,0.12287500000000001
79.5,-94.0,2026-10-09 23:27:19,-12.090722656249966,88.86254179477692,7.568809244781733,1015.28390625,0.12287500000000001
79.5,-93.5,2026-10-09 23:27:19,-12.090722656249966,88.86254179477692,7.568809244781733,1015.28390625,0.12287500000000001
79.5,-93.0,2026-10-09 23:27:19,-12.090722656249966,88.86254179477692,7.568809244781733,1015.28390625,0.12287500000000001
79.5,-92.5,2026-10-09 23:27:19,-12.090722656249966,88.86254179477692,7.568809244781733,1015.28390625,0.12287500000000001
79.5,-92.0,2026-10-09 23:27:19,-12.090722656249966,88.86254179477692,7.568809244781733,1015.28390625,0.12287500000000001
79.5,-91.5,2026-10-09 23:27:19,-12.090722656249966,88.86254179477692,7.568809244781733,1015.28390625,0.12287500000000001
79.5,-91.0,2026-10-09 23:27:19,-12.090722656249966,88.86254179477692,7.568809244781733,1015.28390625,0.12287500000000001
79.5,-90.5,2026-10-09 23:27:19,-12.090722656249966,88.86254179477692,7.568809244781733,1015.28390625,0.12287500000000001
79.5,-90.0,2026-10-09 23:27:19,-12.090722656249966,88.86254179477692,7.568809244781733,1015.28390625,0.12287500000000001
79.5,-89.5,2026-10-09 23:27:19,-12.090722656249966,88.86254179477692,7.568809244781733,1015.28390625,0.12287500000000001
79.5,-89.0,2026-10-09 23:27:19,-12.090722656249966,88.86254179477692,7.568809244781733,1015.28390625,0.12287500000000001
79.5,-88.5,2026-10-09 23:27:19,-12.090722656249966,88.86254179477692,7.568809244781733,1015.28390625,0.12287500000000001
79.5,-88.0,2026-10-09 23:27:19,-12.090722656249966,88.86254179477692,7.568809244781733,1015.28390625,0.12287500000000001
79.5,-87.5,2026-10-09 23:27:19,-12.090722656249966,88.86254179477692,7.568809244781733,1015.28390625,0.12287500000000001
79.5,-87.0,2026-10-09 23:27:19,-12.090722656249966,88.86254179477692,7.568809244781733,1015.28390625,0.12287500000000001
79.5,-86.5,2026-10-09 23:27:19,-12.090722656249966,88.86254179477692,7.568809244781733,1015.28390625,0.12287500000000001
79.5,-86.0,2026-10-09 23:27:19,-12.090722656249966,88.86254179477692,7.568809244781733,1015.28390625,0.12287500000000001
79.5,-85.5,2026-10-09 23:27:19,-12.090722656249966,88.86254179477692,7.568809244781733,1015.28390625,0.12287500000000001
79.5,-85.0,2026-10-09 23:27:19,-12.090722656249966,88.86254179477692,7.568809244781733,1015.28390625,0.12287500000000001
79.5,-84.5,2026-10-09 23:27:19,-12.090722656249966,88.86254179477692,7.568809244781733,1015.28390625,0.12287500000000001
79.5,-84.0,2026-10-09 23:27:19,-12.090722656249966,88.86254179477692,7.568809244781733,1015.28390625,0.12287500000000001
79.5,-83.5,2026-10-09 23:27:19,-12.090722656249966,88.86254179477692,7.568809244781733,1015.28390625,0.12287500000000001
79.5,-83.0,2026-10-09 23:27:19,-12.090722656249966,88.86254179477692,7.568809244781733,1015.28390625,0.12287500000000001
79.5,-82.5,2026-10-09 23:27:19,-12.090722656249966,88.86254179477692,7.568809244781733,1015.28390625,0.12287500000000001
79.5,-82.0,2026-10-09 23:27:19,-12.090722656249966,88.86254179477692,7.568809244781733,1015.28390625,0.12287500000000001
79.5,-81.5,2026-10-09 23:27:19,-12.090722656249966,88.86254179477692,7.568809244781733,1015.28390625,0.12287500000000001
79.5,-81.0,2026-10-09 23:27:19,-12.090722656249966,88.86254179477692,7.568809244781733,1015.28390625,0.12287500000000001
79.5,-80.5,2026-10-09 23:27:19,-12.090722656249966,88.86254179477692,7.568809244781733,1015.28390625,0.12287500000000001
79.5,-80.0,2026-10-09 23:27:19,-12.090722656249966,88.86254179477692,7.568809244781733,1015.28390625,0.12287500000000001
79.5,-79.5,2026-10-09 23:27:19,-12.090722656249966,88.86254179477692,7.568809244781733,1015.28390625,0.12287500000000001
79.5,-79.0,2026-10-09 23:27:19,-12.090722656249966,88.86254179477692,7.568809244781733,1015.28390625,0.12287500000000001
79.5,-78.5,2026-10-09 23:27:19,-12.090722656249966,88.86254179477692,7.568809244781733,1015.28390625,0.12287500000000001
79.5,-78.0,2026-10-09 23:27:19,-12.090722656249966,88.86254179477692,7.568809244781733,1015.28390625,0.12287500000000001
79.5,-77.5,2026-10-09 23:27:19,-12.090722656249966,88.86254179477692,7.568809244781733,1015.28390625,0.12287500000000001
79.5,-77.0,2026-10-09 23:27:19,-12.090722656249966,88.86254179477692,7.568809244781733,1015.28390625,0.12287500000000001
79.5,-76.5,2026-10-09 23:27:19,-12.090722656249966,88.86254179477692,7.568809244781733,1015.28390625,0.12287500000000001
79.5,-76.0,2026-10-09 23:27:19,-12.090722656249966,88.86254179477692,7.568809244781733,1015.28390625,0.12287500000000001
79.5,-75.5,2026-10-09 23:27:19,-12.090722656249966,88.86254179477692,7.568809244781733,1015.28390625,0.12287500000000001
79.5,-75.0,2026-10-09 23:27:19,-12.090722656249966,88.86254179477692,7.568809244781733,1015.28390625,0.12287500000000001
79.5,-74.5,2026-10-09 23:27:19,-12.090722656249966,88.86254179477692,7.568809244781733,1015.28390625,0.12287500000000001
79.5,-74.0,2026-10-09 23:27:19,-12.090722656249966,88.86254179477692,7.568809244781733,1015.28390625,0.12287500000000001
79.5,-73.5,2026-10-09 23:27:19,-12.090722656249966,88.86254179477692,7.568809244781733,1015.28390625,0.12287500000000001
79.5,-73.0,2026-10-09 23:27:19,-12.090722656249966,88.86254179477692,7.568809244781733,1015.28390625,0.12287500000000001
80.0,-100.5,2026-10-09 23:27:19,-10.540722656249955,85.11254179477692,9.188809244781734,1015.28390625,1.114225
80.0,-100.0,2026-10-09 23:27:19,-10.540722656249955,85.11254179477692,9.188809244781734,1015.28390625,1.114225
80.0,-99.5,2026-10-09 23:27:19,-10.540722656249955,85.11254179477692,9.188809244781734,1015.28390625,1.114225
80.0,-99.0,2026-10-09 23:27:19,-10.540722656249955,85.11254179477692,9.188809244781734,1015.28390625,1.114225
80.0,-98.5,2026-10-09 23:27:19,-10.540722656249955,85.11254179477692,9.188809244781734,1015.28390625,1.114225
80.0,-97.0,2026-10-09 23:27:19,-10.540722656249955,85.11254179477692,9.188809244781734,1015.28390625,1.114225
80.0,-96.5,2026-10-09 23:27:19,-10.540722656249955,85.11254179477692,9.188809244781734,1015.28390625,1.114225
80.0,-96.0,2026-10-09 23:27:19,-10.540722656249955,85.11254179477692,9.188809244781734,1015.28390625,1.114225
80.0,-95.5,2026-10-09 23:27:19,-10.540722656249955,85.11254179477692,9.188809244781734,1015.28390625,1.114225
80.0,-95.0,2026-10-09 23:27:19,-10.540722656249955,85.11254179477692,9.188809244781734,1015.28390625,1.114225
80.0,-94.5,2026-10-09 23:27:19,-10.540722656249955,85.11254179477692,9.188809244781734,1015.28390625,1.114225
80.0,-94.0,2026-10-09 23:27:19,-10.540722656249955,85.11254179477692,9.188809244781734,1015.28390625,1.114225
80.0,-93.5,2026-10-09 23:27:19,-10.540722656249955,85.11254179477692,9.188809244781734,1015.28390625,1.114225
80.0,-93.0,2026-10-09 23:27:19,-10.540722656249955,85.11254179477692,9.188809244781734,1015.28390625,1.114225
80.0,-92.5,2026-10-09 23:27:19,-10.540722656249955,85.11254179477692,9.188809244781734,1015.28390625,1.114225
80.0,-92.0,2026-10-09 23:27:19,-10.540722656249955,85.11254179477692,9.188809244781734,1015.28390625,1.114225
80.0,-91.5,2026-10-09 23:27:19,-10.540722656249955,85.11254179477692,9.188809244781734,1015.28390625,1.114225
80.0,-91.0,2026-10-09 23:27:19,-10.540722656249955,85.11254179477692,9.188809244781734,1015.28390625,1.114225
80.0,-90.5,2026-10-09 23:27:19,-10.540722656249955,85.11254179477692,9.188809244781734,1015.28390625,1.114225
80.0,-90.0,2026-10-09 23:27:19,-10.540722656249955,85.11254179477692,9.188809244781734,1015.28390625,1.114225
80.0,-89.5,2026-10-09 23:27:19,-10.540722656249955,85.11254179477692,9.188809244781734,1015.28390625,1.114225
80.0,-89.0,2026-10-09 23:27:19,-10.540722656249955,85.11254179477692,9.188809244781734,1015.28390625,1.114225
80.0,-88.5,2026-10-09 23:27:19,-10.540722656249955,85.11254179477692,9.188809244781734,1015.28390625,1.114225
80.0,-88.0,2026-10-09 23:27:19,-10.540722656249955,85.11254179477692,9.188809244781734,1015.28390625,1.114225
80.0,-87.5,2026-10-09 23:27:19,-10.540722656249955,85.11254179477692,9.188809244781734,1015.28390625,1.114225
80.0,-87.0,2026-10-09 23:27:19,-10.540722656249955,85.11254179477692,9.188809244781734,1015.28390625,1.114225
80.0,-86.5,2026-10-09 23:27:19,-10.540722656249955,85.11254179477692,9.188809244781734,1015.28390625,1.114225
80.0,-86.0,2026-10-09 23:27:19,-10.540722656249955,85.11254179477692,9.188809244781734,1015.28390625,1.114225
80.0,-85.5,2026-10-09 23:27:19,-10.540722656249955,85.11254179477692,9.188809244781734,1015.28390625,1.114225
80.0,-85.0,2026-10-09 23:27:19,-10.540722656249955,85.11254179477692,9.188809244781734,1015.28390625,1.114225
80.0,-84.5,2026-10-09 23:27:19,-10.540722656249955,85.11254179477692,9.188809244781734,1015.28390625,1.114225
80.0,-84.0,2026-10-09 23:27:19,-10.540722656249955,85.11254179477692,9.188809244781734,1015.28390625,1.114225
80.0,-83.5,2026-10-09 23:27:19,-10.540722656249955,85.11254179477692,9.188809244781734,1015.28390625,1.114225
80.0,-83.0,2026-10-09 23:27:19,-10.540722656249955,85.11254179477692,9.188809244781734,1015.28390625,1.114225
80.0,-82.5,2026-10-09 23:27:19,-10.540722656249955,85.11254179477692,9.188809244781734,1015.28390625,1.114225
80.0,-82.0,2026-10-09 23:27:19,-10.540722656249955,85.11254179477692,9.188809244781734,1015.28390625,1.114225
80.0,-81.5,2026-10-09 23:27:19,-10.540722656249955,85.11254179477692,9.188809244781734,1015.28390625,1.114225
80.0,-81.0,2026-10-09 23:27:19,-10.540722656249955,85.11254179477692,9.188809244781734,1015.28390625,1.114225
80.0,-80.5,2026-10-09 23:27:19,-10.540722656249955,85.11254179477692,9.188809244781734,1015.28390625,1.114225
80.0,-80.0,2026-10-09 23:27:19,-10.540722656249955,85.11254179477692,9.188809244781734,1015.28390625,1.114225
80.0,-79.5,2026-10-09 23:27:19,-10.540722656249955,85.11254179477692,9.188809244781734,1015.28390625,1.114225
80.0,-79.0,2026-10-09 23:27:19,-10.540722656249955,85.11254179477692,9.188809244781734,1015.28390625,1.114225
80.0,-78.5,2026-10-09 23:27:19,-10.540722656249955,85.11254179477692,9.188809244781734,1015.28390625,1.114225
80.0,-78.0,2026-10-09 23:27:19,-10.540722656249955,85.11254179477692,9.188809244781734,1015.28390625,1.114225
80.0,-77.5,2026-10-09 23:27:19,-10.540722656249955,85.11254179477692,9.188809244781734,1015.28390625,1.114225
80.0,-77.0,2026-10-09 23:27:19,-10.540722656249955,85.11254179477692,9.188809244781734,1015.28390625,1.114225
80.0,-76.5,2026-10-09 23:27:19,-10.540722656249955,85.11254179477692,9.188809244781734,1015.28390625,1.114225
80.0,-76.0,2026-10-09 23:27:19,-10.540722656249955,85.11254179477692,9.188809244781734,1015.28390625,1.114225
80.0,-75.5,2026-10-09 23:27:19,-10.540722656249955,85.11254179477692,9.188809244781734,1015.28390625,1.114225
80.0,-75.0,2026-10-09 23:27:19,-10.540722656249955,85.11254179477692,9.188809244781734,1015.28390625,1.114225
80.0,-74.5,2026-10-09 23:27:19,-10.540722656249955,85.11254179477692,9.188809244781734,1015.28390625,1.114225
80.0,-74.0,2026-10-09 23:27:19,-10.540722656249955,85.11254179477692,9.188809244781734,1015.28390625,1.114225
80.0,-73.5,2026-10-09 23:27:19,-10.540722656249955,85.11254179477692,9.188809244781734,1015.28390625,1.114225
80.0,-73.0,2026-10-09 23:27:19,-10.540722656249955,85.11254179477692,9.188809244781734,1015.28390625,1.114225
80.0,-72.5,2026-10-09 23:27:19,-10.540722656249955,85.11254179477692,9.188809244781734,1015.28390625,1.114225
80.0,-72.0,2026-10-09 23:27:19,-10.540722656249955,85.11254179477692,9.188809244781734,1015.28390625,1.114225
80.0,-71.5,2026-10-09 23:27:19,-10.540722656249955,85.11254179477692,9.188809244781734,1015.28390625,1.114225
80.0,-71.0,2026-10-09 23:27:19,-10.540722656249955,85.11254179477692,9.188809244781734,1015.28390625,1.114225
80.0,-70.5,2026-10-09 23:27:19,-10.540722656249955,85.11254179477692,9.188809244781734,1015.28390625,1.114225
80.5,-96.5,2026-10-09 23:27:19,-12.140722656249977,81.61254179477692,10.088809244781734,1015.76390625,1.5485
80.5,-96.0,2026-10-09 23:27:19,-12.140722656249977,81.61254179477692,10.088809244781734,1015.76390625,1.5485
80.5,-95.5,2026-10-09 23:27:19,-12.140722656249977,81.61254179477692,10.088809244781734,1015.76390625,1.5485
80.5,-95.0,2026-10-09 23:27:19,-12.140722656249977,81.61254179477692,10.088809244781734,1015.76390625,1.5485
80.5,-94.5,2026-10-09 23:27:19,-12.140722656249977,81.61254179477692,10.088809244781734,1015.76390625,1.5485
80.5,-94.0,2026-10-09 23:27:19,-12.140722656249977,81.61254179477692,10.088809244781734,1015.76390625,1.5485
80.5,-93.5,2026-10-09 23:27:19,-12.140722656249977,81.61254179477692,10.088809244781734,1015.76390625,1.5485
80.5,-93.0,2026-10-09 23:27:19,-12.140722656249977,81.61254179477692,10.088809244781734,1015.76390625,1.5485
80.5,-92.5,2026-10-09 23:27:19,-12.140722656249977,81.61254179477692,10.088809244781734,1015.76390625,1.5485
80.5,-92.0,2026-10-09 23:27:19,-12.140722656249977,81.61254179477692,10.088809244781734,1015.76390625,1.5485
80.5,-91.5,2026-10-09 23:27:19,-12.140722656249977,81.61254179477692,10.088809244781734,1015.76390625,1.5485
80.5,-91.0,2026-10-09 23:27:19,-12.140722656249977,81.61254179477692,10.088809244781734,1015.76390625,1.5485
80.5,-90.5,2026-10-09 23:27:19,-12.140722656249977,81.61254179477692,10.088809244781734,1015.76390625,1.5485
80.5,-90.0,2026-10-09 23:27:19,-12.140722656249977,81.61254179477692,10.088809244781734,1015.76390625,1.5485
80.5,-89.5,2026-10-09 23:27:19,-12.140722656249977,81.61254179477692,10.088809244781734,1015.76390625,1.5485
80.5,-89.0,2026-10-09 23:27:19,-12.140722656249977,81.61254179477692,10.088809244781734,1015.76390625,1.5485
80.5,-88.5,2026-10-09 23:27:19,-12.140722656249977,81.61254179477692,10.088809244781734,1015.76390625,1.5485
80.5,-88.0,2026-10-09 23:27:19,-12.140722656249977,81.61254179477692,10.088809244781734,1015.76390625,1.5485
80.5,-86.5,2026-10-09 23:27:19,-12.140722656249977,81.61254179477692,10.088809244781734,1015.76390625,1.5485
80.5,-86.0,2026-10-09 23:27:19,-12.140722656249977,81.61254179477692,10.088809244781734,1015.76390625,1.5485
80.5,-85.5,2026-10-09 23:27:19,-12.140722656249977,81.61254179477692,10.088809244781734,1015.76390625,1.5485
80.5,-85.0,2026-10-09 23:27:19,-12.140722656249977,81.61254179477692,10.088809244781734,1015.76390625,1.5485
80.5,-84.5,2026-10-09 23:27:19,-12.140722656249977,81.61254179477692,10.088809244781734,1015.76390625,1.5485
80.5,-84.0,2026-10-09 23:27:19,-12.140722656249977,81.61254179477692,10.088809244781734,1015.76390625,1.5485
80.5,-83.5,2026-10-09 23:27:19,-12.140722656249977,81.61254179477692,10.088809244781734,1015.76390625,1.5485
80.5,-83.0,2026-10-09 23:27:19,-12.140722656249977,81.61254179477692,10.088809244781734,1015.76390625,1.5485
80.5,-82.5,2026-10-09 23:27:19,-12.140722656249977,81.61254179477692,10.088809244781734,1015.76390625,1.5485
80.5,-82.0,2026-10-09 23:27:19,-12.140722656249977,81.61254179477692,10.088809244781734,1015.76390625,1.5485
80.5,-81.5,2026-10-09 23:27:19,-12.140722656249977,81.61254179477692,10.088809244781734,1015.76390625,1.5485
80.5,-81.0,2026-10-09 23:27:19,-12.140722656249977,81.61254179477692,10.088809244781734,1015.76390625,1.5485
80.5,-80.5,2026-10-09 23:27:19,-12.140722656249977,81.61254179477692,10.088809244781734,1015.76390625,1.5485
80.5,-80.0,2026-10-09 23:27:19,-12.140722656249977,81.61254179477692,10.088809244781734,1015.76390625,1.5485
80.5,-79.5,2026-10-09 23:27:19,-12.140722656249977,81.61254179477692,10.088809244781734,1015.76390625,1.5485
80.5,-79.0,2026-10-09 23:27:19,-12.140722656249977,81.61254179477692,10.088809244781734,1015.76390625,1.5485
80.5,-78.5,2026-10-09 23:27:19,-12.140722656249977,81.61254179477692,10.088809244781734,1015.76390625,1.5485
80.5,-78.0,2026-10-09 23:27:19,-12.140722656249977,81.61254179477692,10.088809244781734,1015.76390625,1.5485
80.5,-77.5,2026-10-09 23:27:19,-12.140722656249977,81.61254179477692,10.088809244781734,1015.76390625,1.5485
80.5,-77.0,2026-10-09 23:27:19,-12.140722656249977,81.61254179477692,10.088809244781734,1015.76390625,1.5485
80.5,-76.5,2026-10-09 23:27:19,-12.140722656249977,81.61254179477692,10.088809244781734,1015.76390625,1.5485
80.5,-76.0,2026-10-09 23:27:19,-12.140722656249977,81.61254179477692,10.088809244781734,1015.76390625,1.5485
80.5,-75.5,2026-10-09 23:27:19,-12.140722656249977,81.61254179477692,10.088809244781734,1015.76390625,1.5485
80.5,-75.0,2026-10-09 23:27:19,-12.140722656249977,81.61254179477692,10.088809244781734,1015.76390625,1.5485
80.5,-74.5,2026-10-09 23:27:19,-12.140722656249977,81.61254179477692,10.088809244781734,1015.76390625,1.5485
80.5,-74.0,2026-10-09 23:27:19,-12.140722656249977,81.61254179477692,10.088809244781734,1015.76390625,1.5485
80.5,-73.5,2026-10-09 23:27:19,-12.140722656249977,81.61254179477692,10.088809244781734,1015.76390625,1.5485
80.5,-73.0,2026-10-09 23:27:19,-12.140722656249977,81.61254179477692,10.088809244781734,1015.76390625,1.5485
80.5,-72.5,2026-10-09 23:27:19,-12.140722656249977,81.61254179477692,10.088809244781734,1015.76390625,1.5485
80.5,-72.0,2026-10-09 23:27:19,-12.140722656249977,81.61254179477692,10.088809244781734,1015.76390625,1.5485
80.5,-71.5,2026-10-09 23:27:19,-12.140722656249977,81.61254179477692,10.088809244781734,1015.76390625,1.5485
80.5,-71.0,2026-10-09 23:27:19,-12.140722656249977,81.61254179477692,10.088809244781734,1015.76390625,1.5485
80.5,-70.5,2026-10-09 23:27:19,-12.140722656249977,81.61254179477692,10.088809244781734,1015.76390625,1.5485
80.5,-70.0,2026-10-09 23:27:19,-12.140722656249977,81.61254179477692,10.088809244781734,1015.76390625,1.5485
80.5,-69.5,2026-10-09 23:27:19,-12.140722656249977,81.61254179477692,10.088809244781734,1015.76390625,1.5485
80.5,-69.0,2026-10-09 23:27:19,-12.140722656249977,81.61254179477692,10.088809244781734,1015.76390625,1.5485
81.0,-95.5,2026-10-09 23:27:19,-14.240722656249943,86.36254179477692,4.6888092447817336,1015.76390625,0.517875
81.0,-95.0,2026-10-09 23:27:19,-14.240722656249943,86.36254179477692,4.6888092447817336,1015.76390625,0.517875
81.0,-94.5,2026-10-09 23:27:19,-14.240722656249943,86.36254179477692,4.6888092447817336,1015.76390625,0.517875
81.0,-94.0,2026-10-09 23:27:19,-14.240722656249943,86.36254179477692,4.6888092447817336,1015.76390625,0.517875
81.0,-93.5,2026-10-09 23:27:19,-14.240722656249943,86.36254179477692,4.6888092447817336,1015.76390625,0.517875
81.0,-93.0,2026-10-09 23:27:19,-14.240722656249943,86.36254179477692,4.6888092447817336,1015.76390625,0.517875
81.0,-92.5,2026-10-09 23:27:19,-14.240722656249943,86.36254179477692,4.6888092447817336,1015.76390625,0.517875
81.0,-92.0,2026-10-09 23:27:19,-14.240722656249943,86.36254179477692,4.6888092447817336,1015.76390625,0.517875
81.0,-91.5,2026-10-09 23:27:19,-14.240722656249943,86.36254179477692,4.6888092447817336,1015.76390625,0.517875
81.0,-91.0,2026-10-09 23:27:19,-14.240722656249943,86.36254179477692,4.6888092447817336,1015.76390625,0.517875
81.0,-90.5,2026-10-09 23:27:19,-14.240722656249943,86.36254179477692,4.6888092447817336,1015.76390625,0.517875
81.0,-90.0,2026-10-09 23:27:19,-14.240722656249943,86.36254179477692,4.6888092447817336,1015.76390625,0.517875
81.0,-89.5,2026-10-09 23:27:19,-14.240722656249943,86.36254179477692,4.6888092447817336,1015.76390625,0.517875
81.0,-89.0,2026-10-09 23:27:19,-14.240722656249943,86.36254179477692,4.6888092447817336,1015.76390625,0.517875
81.0,-88.5,2026-10-09 23:27:19,-14.240722656249943,86.36254179477692,4.6888092447817336,1015.76390625,0.517875
81.0,-88.0,2026-10-09 23:27:19,-14.240722656249943,86.36254179477692,4.6888092447817336,1015.76390625,0.517875
81.0,-87.5,2026-10-09 23:27:19,-14.240722656249943,86.36254179477692,4.6888092447817336,1015.76390625,0.517875
81.0,-87.0,2026-10-09 23:27:19,-14.240722656249943,86.36254179477692,4.6888092447817336,1015.76390625,0.517875
81.0,-86.5,2026-10-09 23:27:19,-14.240722656249943,86.36254179477692,4.6888092447817336,1015.76390625,0.517875
81.0,-86.0,2026-10-09 23:27:19,-14.240722656249943,86.36254179477692,4.6888092447817336,1015.76390625,0.517875
81.0,-85.5,2026-10-09 23:27:19,-14.240722656249943,86.36254179477692,4.6888092447817336,1015.76390625,0.517875
81.0,-85.0,2026-10-09 23:27:19,-14.240722656249943,86.36254179477692,4.6888092447817336,1015.76390625,0.517875
81.0,-84.5,2026-10-09 23:27:19,-14.240722656249943,86.36254179477692,4.6888092447817336,1015.76390625,0.517875
81.0,-84.0,2026-10-09 23:27:19,-14.240722656249943,86.36254179477692,4.6888092447817336,1015.76390625,0.517875
81.0,-83.5,2026-10-09 23:27:19,-14.240722656249943,86.36254179477692,4.6888092447817336,1015.76390625,0.517875
81.0,-83.0,2026-10-09 23:27:19,-14.240722656249943,86.36254179477692,4.6888092447817336,1015.76390625,0.517875
81.0,-82.5,2026-10-09 23:27:19,-14.240722656249943,86.36254179477692,4.6888092447817336,1015.76390625,0.517875
81.0,-82.0,2026-10-09 23:27:19,-14.240722656249943,86.36254179477692,4.6888092447817336,1015.76390625,0.517875
81.0,-81.5,2026-10-09 23:27:19,-14.240722656249943,86.36254179477692,4.6888092447817336,1015.76390625,0.517875
81.0,-81.0,2026-10-09 23:27:19,-14.240722656249943,86.36254179477692,4.6888092447817336,1015.76390625,0.517875
81.0,-80.5,2026-10-09 23:27:19,-14.240722656249943,86.36254179477692,4.6888092447817336,1015.76390625,0.517875
81.0,-80.0,2026-10-09 23:27:19,-14.240722656249943,86.36254179477692,4.6888092447817336,1015.76390625,0.517875
81.0,-79.5,2026-10-09 23:27:19,-14.240722656249943,86.36254179477692,4.6888092447817336,1015.76390625,0.517875
81.0,-79.0,2026-10-09 23:27:19,-14.240722656249943,86.36254179477692,4.6888092447817336,1015.76390625,0.517875
81.0,-78.5,2026-10-09 23:27:19,-14.240722656249943,86.36254179477692,4.6888092447817336,1015.76390625,0.517875
81.0,-78.0,2026-10-09 23:27:19,-14.240722656249943,86.36254179477692,4.6888092447817336,1015.76390625,0.517875
81.0,-77.5,2026-10-09 23:27:19,-14.240722656249943,86.36254179477692,4.6888092447817336,1015.76390625,0.517875
81.0,-77.0,2026-10-09 23:27:19,-14.240722656249943,86.36254179477692,4.6888092447817336,1015.76390625,0.517875
81.0,-76.5,2026-10-09 23:27:19,-14.240722656249943,86.36254179477692,4.6888092447817336,1015.76390625,0.517875
81.0,-76.0,2026-10-09 23:27:19,-14.240722656249943,86.36254179477692,4.6888092447817336,1015.76390625,0.517875
81.0,-75.5,2026-10-09 23:27:19,-14.240722656249943,86.36254179477692,4.6888092447817336,1015.76390625,0.517875
81.0,-75.0,2026-10-09 23:27:19,-14.240722656249943,86.36254179477692,4.6888092447817336,1015.76390625,0.517875
81.0,-74.5,2026-10-09 23:27:19,-14.240722656249943,86.36254179477692,4.6888092447817336,1015.76390625,0.517875
81.0,-74.0,2026-10-09 23:27:19,-14.240722656249943,86.36254179477692,4.6888092447817336,1015.76390625,0.517875
81.0,-73.5,2026-10-09 23:27:19,-14.240722656249943,86.36254179477692,4.6888092447817336,1015.76390625,0.517875
81.0,-73.0,2026-10-09 23:27:19,-14.240722656249943,86.36254179477692,4.6888092447817336,1015.76390625,0.517875
81.0,-72.5,2026-10-09 23:27:19,-14.240722656249943,86.36254179477692,4.6888092447817336,1015.76390625,0.517875
81.0,-72.0,2026-10-09 23:27:19,-14.240722656249943,86.36254179477692,4.6888092447817336,1015.76390625,0.517875
81.0,-71.5,2026-10-09 23:27:19,-14.240722656249943,86.36254179477692,4.6888092447817336,1015.76390625,0.517875
81.0,-71.0,2026-10-09 23:27:19,-14.240722656249943,86.36254179477692,4.6888092447817336,1015.76390625,0.517875
81.0,-70.5,2026-10-09 23:27:19,-14.240722656249943,86.36254179477692,4.6888092447817336,1015.76390625,0.517875
81.0,-70.0,2026-10-09 23:27:19,-14.240722656249943,86.36254179477692,4.6888092447817336,1015.76390625,0.517875
81.0,-69.5,2026-10-09 23:27:19,-14.240722656249943,86.36254179477692,4.6888092447817336,1015.76390625,0.517875
81.0,-69.0,2026-10-09 23:27:19,-14.240722656249943,86.36254179477692,4.6888092447817336,1015.76390625,0.517875
81.0,-68.5,2026-10-09 23:27:19,-14.240722656249943,86.36254179477692,4.6888092447817336,1015.76390625,0.517875
81.0,-68.0,2026-10-09 23:27:19,-14.240722656249943,86.36254179477692,4.6888092447817336,1015.76390625,0.517875
81.0,-67.5,2026-10-09 23:27:19,-14.240722656249943,86.36254179477692,4.6888092447817336,1015.76390625,0.517875
81.0,-67.0,2026-10-09 23:27:19,-14.240722656249943,86.36254179477692,4.6888092447817336,1015.76390625,0.517875
81.0,-66.5,2026-10-09 23:27:19,-14.240722656249943,86.36254179477692,4.6888092447817336,1015.76390625,0.517875
81.5,-92.0,2026-10-09 23:27:19,-13.540722656249955,87.86254179477692,6.128809244781733,1015.68390625,0.234
81.5,-91.5,2026-10-09 23:27:19,-13.540722656249955,87.86254179477692,6.128809244781733,1015.68390625,0.234
81.5,-91.0,2026-10-09 23:27:19,-13.540722656249955,87.86254179477692,6.128809244781733,1015.68390625,0.234
81.5,-90.5,2026-10-09 23:27:19,-13.540722656249955,87.86254179477692,6.128809244781733,1015.68390625,0.234
81.5,-90.0,2026-10-09 23:27:19,-13.540722656249955,87.86254179477692,6.128809244781733,1015.68390625,0.234
81.5,-89.5,2026-10-09 23:27:19,-13.540722656249955,87.86254179477692,6.128809244781733,1015.68390625,0.234
81.5,-89.0,2026-10-09 23:27:19,-13.540722656249955,87.86254179477692,6.128809244781733,1015.68390625,0.234
81.5,-88.5,2026-10-09 23:27:19,-13.540722656249955,87.86254179477692,6.128809244781733,1015.68390625,0.234
81.5,-88.0,2026-10-09 23:27:19,-13.540722656249955,87.86254179477692,6.128809244781733,1015.68390625,0.234
81.5,-87.5,2026-10-09 23:27:19,-13.540722656249955,87.86254179477692,6.128809244781733,1015.68390625,0.234
81.5,-87.0,2026-10-09 23:27:19,-13.540722656249955,87.86254179477692,6.128809244781733,1015.68390625,0.234
81.5,-86.5,2026-10-09 23:27:19,-13.540722656249955,87.86254179477692,6.128809244781733,1015.68390625,0.234
81.5,-86.0,2026-10-09 23:27:19,-13.540722656249955,87.86254179477692,6.128809244781733,1015.68390625,0.234
81.5,-85.5,2026-10-09 23:27:19,-13.540722656249955,87.86254179477692,6.128809244781733,1015.68390625,0.234
81.5,-85.0,2026-10-09 23:27:19,-13.540722656249955,87.86254179477692,6.128809244781733,1015.68390625,0.234
81.5,-84.5,2026-10-09 23:27:19,-13.540722656249955,87.86254179477692,6.128809244781733,1015.68390625,0.234
81.5,-84.0,2026-10-09 23:27:19,-13.540722656249955,87.86254179477692,6.128809244781733,1015.68390625,0.234
81.5,-83.5,2026-10-09 23:27:19,-13.540722656249955,87.86254179477692,6.128809244781733,1015.68390625,0.234
81.5,-83.0,2026-10-09 23:27:19,-13.540722656249955,87.86254179477692,6.128809244781733,1015.68390625,0.234
81.5,-82.5,2026-10-09 23:27:19,-13.540722656249955,87.86254179477692,6.128809244781733,1015.68390625,0.234
81.5,-82.0,2026-10-09 23:27:19,-13.540722656249955,87.86254179477692,6.128809244781733,1015.68390625,0.234
81.5,-81.5,2026-10-09 23:27:19,-13.540722656249955,87.86254179477692,6.128809244781733,1015.68390625,0.234
81.5,-81.0,2026-10-09 23:27:19,-13.540722656249955,87.86254179477692,6.128809244781733,1015.68390625,0.234
81.5,-80.5,2026-10-09 23:27:19,-13.540722656249955,87.86254179477692,6.128809244781733,1015.68390625,0.234
81.5,-80.0,2026-10-09 23:27:19,-13.540722656249955,87.86254179477692,6.128809244781733,1015.68390625,0.234
81.5,-79.5,2026-10-09 23:27:19,-13.540722656249955,87.86254179477692,6.128809244781733,1015.68390625,0.234
81.5,-79.0,2026-10-09 23:27:19,-13.540722656249955,87.86254179477692,6.128809244781733,1015.68390625,0.234
81.5,-78.5,2026-10-09 23:27:19,-13.540722656249955,87.86254179477692,6.128809244781733,1015.68390625,0.234
81.5,-78.0,2026-10-09 23:27:19,-13.540722656249955,87.86254179477692,6.128809244781733,1015.68390625,0.234
81.5,-77.5,2026-10-09 23:27:19,-13.540722656249955,87.86254179477692,6.128809244781733,1015.68390625,0.234
81.5,-77.0,2026-10-09 23:27:19,-13.540722656249955,87.86254179477692,6.128809244781733,1015.68390625,0.234
81.5,-76.5,2026-10-09 23:27:19,-13.540722656249955,87.86254179477692,6.128809244781733,1015.68390625,0.234
81.5,-76.0,2026-10-09 23:27:19,-13.540722656249955,87.86254179477692,6.128809244781733,1015.68390625,0.234
81.5,-75.5,2026-10-09 23:27:19,-13.540722656249955,87.86254179477692,6.128809244781733,1015.68390625,0.234
81.5,-75.0,2026-10-09 23:27:19,-13.540722656249955,87.86254179477692,6.128809244781733,1015.68390625,0.234
81.5,-74.5,2026-10-09 23:27:19,-13.540722656249955,87.86254179477692,6.128809244781733,1015.68390625,0.234
81.5,-74.0,2026-10-09 23:27:19,-13.540722656249955,87.86254179477692,6.128809244781733,1015.68390625,0.234
81.5,-73.5,2026-10-09 23:27:19,-13.540722656249955,87.86254179477692,6.128809244781733,1015.68390625,0.234
81.5,-73.0,2026-10-09 23:27:19,-13.540722656249955,87.86254179477692,6.128809244781733,1015.68390625,0.234
81.5,-72.5,2026-10-09 23:27:19,-13.540722656249955,87.86254179477692,6.128809244781733,1015.68390625,0.234
81.5,-72.0,2026-10-09 23:27:19,-13.540722656249955,87.86254179477692,6.128809244781733,1015.68390625,0.234
81.5,-71.5,2026-10-09 23:27:19,-13.540722656249955,87.86254179477692,6.128809244781733,1015.68390625,0.234
81.5,-71.0,2026-10-09 23:27:19,-13.540722656249955,87.86254179477692,6.128809244781733,1015.68390625,0.234
81.5,-70.5,2026-10-09 23:27:19,-13.540722656249955,87.86254179477692,6.128809244781733,1015.68390625,0.234
81.5,-70.0,2026-10-09 23:27:19,-13.540722656249955,87.86254179477692,6.128809244781733,1015.68390625,0.234
81.5,-69.5,2026-10-09 23:27:19,-13.540722656249955,87.86254179477692,6.128809244781733,1015.68390625,0.234
81.5,-69.0,2026-10-09 23:27:19,-13.540722656249955,87.86254179477692,6.128809244781733,1015.68390625,0.234
81.5,-68.5,2026-10-09 23:27:19,-13.540722656249955,87.86254179477692,6.128809244781733,1015.68390625,0.234
81.5,-68.0,2026-10-09 23:27:19,-13.540722656249955,87.86254179477692,6.128809244781733,1015.68390625,0.234
81.5,-67.5,2026-10-09 23:27:19,-13.540722656249955,87.86254179477692,6.128809244781733,1015.68390625,0.234
81.5,-67.0,2026-10-09 23:27:19,-13.540722656249955,87.86254179477692,6.128809244781733,1015.68390625,0.234
81.5,-66.5,2026-10-09 23:27:19,-13.540722656249955,87.86254179477692,6.128809244781733,1015.68390625,0.234
81.5,-66.0,2026-10-09 23:27:19,-13.540722656249955,87.86254179477692,6.128809244781733,1015.68390625,0.234
81.5,-65.5,2026-10-09 23:27:19,-13.540722656249955,87.86254179477692,6.128809244781733,1015.68390625,0.234
81.5,-65.0,2026-10-09 23:27:19,-13.540722656249955,87.86254179477692,6.128809244781733,1015.68390625,0.234
81.5,-64.5,2026-10-09 23:27:19,-13.540722656249955,87.86254179477692,6.128809244781733,1015.68390625,0.234
81.5,-64.0,2026-10-09 23:27:19,-13.540722656249955,87.86254179477692,6.128809244781733,1015.68390625,0.234
82.0,-90.0,2026-10-09 23:27:19,-11.190722656249989,72.61254179477692,12.248809244781734,1015.28390625,0.7881250000000001
82.0,-89.5,2026-10-09 23:27:19,-11.190722656249989,72.61254179477692,12.248809244781734,1015.28390625,0.7881250000000001
82.0,-89.0,2026-10-09 23:27:19,-11.190722656249989,72.61254179477692,12.248809244781734,1015.28390625,0.7881250000000001
82.0,-88.5,2026-10-09 23:27:19,-11.190722656249989,72.61254179477692,12.248809244781734,1015.28390625,0.7881250000000001
82.0,-88.0,2026-10-09 23:27:19,-11.190722656249989,72.61254179477692,12.248809244781734,1015.28390625,0.7881250000000001
82.0,-87.5,2026-10-09 23:27:19,-11.190722656249989,72.61254179477692,12.248809244781734,1015.28390625,0.7881250000000001
82.0,-87.0,2026-10-09 23:27:19,-11.190722656249989,72.61254179477692,12.248809244781734,1015.28390625,0.7881250000000001
82.0,-86.5,2026-10-09 23:27:19,-11.190722656249989,72.61254179477692,12.248809244781734,1015.28390625,0.7881250000000001
82.0,-86.0,2026-10-09 23:27:19,-11.190722656249989,72.61254179477692,12.248809244781734,1015.28390625,0.7881250000000001
82.0,-85.5,2026-10-09 23:27:19,-11.190722656249989,72.61254179477692,12.248809244781734,1015.28390625,0.7881250000000001
82.0,-85.0,2026-10-09 23:27:19,-11.190722656249989,72.61254179477692,12.248809244781734,1015.28390625,0.7881250000000001
82.0,-84.5,2026-10-09 23:27:19,-11.190722656249989,72.61254179477692,12.248809244781734,1015.28390625,0.7881250000000001
82.0,-84.0,2026-10-09 23:27:19,-11.190722656249989,72.61254179477692,12.248809244781734,1015.28390625,0.7881250000000001
82.0,-83.5,2026-10-09 23:27:19,-11.190722656249989,72.61254179477692,12.248809244781734,1015.28390625,0.7881250000000001
82.0,-83.0,2026-10-09 23:27:19,-11.190722656249989,72.61254179477692,12.248809244781734,1015.28390625,0.7881250000000001
82.0,-82.5,2026-10-09 23:27:19,-11.190722656249989,72.61254179477692,12.248809244781734,1015.28390625,0.7881250000000001
82.0,-82.0,2026-10-09 23:27:19,-11.190722656249989,72.61254179477692,12.248809244781734,1015.28390625,0.7881250000000001
82.0,-81.5,2026-10-09 23:27:19,-11.190722656249989,72.61254179477692,12.248809244781734,1015.28390625,0.7881250000000001
82.0,-81.0,2026-10-09 23:27:19,-11.190722656249989,72.61254179477692,12.248809244781734,1015.28390625,0.7881250000000001
82.0,-80.5,2026-10-09 23:27:19,-11.190722656249989,72.61254179477692,12.248809244781734,1015.28390625,0.7881250000000001
82.0,-80.0,2026-10-09 23:27:19,-11.190722656249989,72.61254179477692,12.248809244781734,1015.28390625,0.7881250000000001
82.0,-79.5,2026-10-09 23:27:19,-11.190722656249989,72.61254179477692,12.248809244781734,1015.28390625,0.7881250000000001
82.0,-79.0,2026-10-09 23:27:19,-11.190722656249989,72.61254179477692,12.248809244781734,1015.28390625,0.7881250000000001
82.0,-78.5,2026-10-09 23:27:19,-11.190722656249989,72.61254179477692,12.248809244781734,1015.28390625,0.7881250000000001
82.0,-78.0,2026-10-09 23:27:19,-11.190722656249989,72.61254179477692,12.248809244781734,1015.28390625,0.7881250000000001
82.0,-77.5,2026-10-09 23:27:19,-11.190722656249989,72.61254179477692,12.248809244781734,1015.28390625,0.7881250000000001
82.0,-77.0,2026-10-09 23:27:19,-11.190722656249989,72.61254179477692,12.248809244781734,1015.28390625,0.7881250000000001
82.0,-76.5,2026-10-09 23:27:19,-11.190722656249989,72.61254179477692,12.248809244781734,1015.28390625,0.7881250000000001
82.0,-76.0,2026-10-09 23:27:19,-11.190722656249989,72.61254179477692,12.248809244781734,1015.28390625,0.7881250000000001
82.0,-75.5,2026-10-09 23:27:19,-11.190722656249989,72.61254179477692,12.248809244781734,1015.28390625,0.7881250000000001
82.0,-75.0,2026-10-09 23:27:19,-11.190722656249989,72.61254179477692,12.248809244781734,1015.28390625,0.7881250000000001
82.0,-74.5,2026-10-09 23:27:19,-11.190722656249989,72.61254179477692,12.248809244781734,1015.28390625,0.7881250000000001
82.0,-74.0,2026-10-09 23:27:19,-11.190722656249989,72.61254179477692,12.248809244781734,1015.28390625,0.7881250000000001
82.0,-73.5,2026-10-09 23:27:19,-11.190722656249989,72.61254179477692,12.248809244781734,1015.28390625,0.7881250000000001
82.0,-73.0,2026-10-09 23:27:19,-11.190722656249989,72.61254179477692,12.248809244781734,1015.28390625,0.7881250000000001
82.0,-72.5,2026-10-09 23:27:19,-11.190722656249989,72.61254179477692,12.248809244781734,1015.28390625,0.7881250000000001
82.0,-72.0,2026-10-09 23:27:19,-11.190722656249989,72.61254179477692,12.248809244781734,1015.28390625,0.7881250000000001
82.0,-71.5,2026-10-09 23:27:19,-11.190722656249989,72.61254179477692,12.248809244781734,1015.28390625,0.7881250000000001
82.0,-71.0,2026-10-09 23:27:19,-11.190722656249989,72.61254179477692,12.248809244781734,1015.28390625,0.7881250000000001
82.0,-70.5,2026-10-09 23:27:19,-11.190722656249989,72.61254179477692,12.248809244781734,1015.28390625,0.7881250000000001
82.0,-70.0,2026-10-09 23:27:19,-11.190722656249989,72.61254179477692,12.248809244781734,1015.28390625,0.7881250000000001
82.0,-69.5,2026-10-09 23:27:19,-11.190722656249989,72.61254179477692,12.248809244781734,1015.28390625,0.7881250000000001
82.0,-69.0,2026-10-09 23:27:19,-11.190722656249989,72.61254179477692,12.248809244781734,1015.28390625,0.7881250000000001
82.0,-68.5,2026-10-09 23:27:19,-11.190722656249989,72.61254179477692,12.248809244781734,1015.28390625,0.7881250000000001
82.0,-68.0,2026-10-09 23:27:19,-11.190722656249989,72.61254179477692,12.248809244781734,1015.28390625,0.7881250000000001
82.0,-67.5,2026-10-09 23:27:19,-11.190722656249989,72.61254179477692,12.248809244781734,1015.28390625,0.7881250000000001
82.0,-67.0,2026-10-09 23:27:19,-11.190722656249989,72.61254179477692,12.248809244781734,1015.28390625,0.7881250000000001
82.0,-66.5,2026-10-09 23:27:19,-11.190722656249989,72.61254179477692,12.248809244781734,1015.28390625,0.7881250000000001
82.0,-66.0,2026-10-09 23:27:19,-11.190722656249989,72.61254179477692,12.248809244781734,1015.28390625,0.7881250000000001
82.0,-65.5,2026-10-09 23:27:19,-11.190722656249989,72.61254179477692,12.248809244781734,1015.28390625,0.7881250000000001
82.0,-65.0,2026-10-09 23:27:19,-11.190722656249989,72.61254179477692,12.248809244781734,1015.28390625,0.7881250000000001
82.0,-64.5,2026-10-09 23:27:19,-11.190722656249989,72.61254179477692,12.248809244781734,1015.28390625,0.7881250000000001
82.0,-64.0,2026-10-09 23:27:19,-11.190722656249989,72.61254179477692,12.248809244781734,1015.28390625,0.7881250000000001
82.0,-63.5,2026-10-09 23:27:19,-11.190722656249989,72.61254179477692,12.248809244781734,1015.28390625,0.7881250000000001
82.0,-63.0,2026-10-09 23:27:19,-11.190722656249989,72.61254179477692,12.248809244781734,1015.28390625,0.7881250000000001
82.0,-62.5,2026-10-09 23:27:19,-11.190722656249989,72.61254179477692,12.248809244781734,1015.28390625,0.7881250000000001
82.0,-62.0,2026-10-09 23:27:19,-11.190722656249989,72.61254179477692,12.248809244781734,1015.28390625,0.7881250000000001
82.5,-86.0,2026-10-09 23:27:19,-10.240722656249943,80.36254179477692,7.568809244781733,1014.64390625,0.29895
82.5,-85.5,2026-10-09 23:27:19,-10.240722656249943,80.36254179477692,7.568809244781733,1014.64390625,0.29895
82.5,-85.0,2026-10-09 23:27:19,-10.240722656249943,80.36254179477692,7.568809244781733,1014.64390625,0.29895
82.5,-84.5,2026-10-09 23:27:19,-10.240722656249943,80.36254179477692,7.568809244781733,1014.64390625,0.29895
82.5,-83.0,2026-10-09 23:27:19,-10.240722656249943,80.36254179477692,7.568809244781733,1014.64390625,0.29895
82.5,-82.5,2026-10-09 23:27:19,-10.240722656249943,80.36254179477692,7.568809244781733,1014.64390625,0.29895
82.5,-82.0,2026-10-09 23:27:19,-10.240722656249943,80.36254179477692,7.568809244781733,1014.64390625,0.29895
82.5,-81.5,2026-10-09 23:27:19,-10.240722656249943,80.36254179477692,7.568809244781733,1014.64390625,0.29895
82.5,-81.0,2026-10-09 23:27:19,-10.240722656249943,80.36254179477692,7.568809244781733,1014.64390625,0.29895
82.5,-80.5,2026-10-09 23:27:19,-10.240722656249943,80.36254179477692,7.568809244781733,1014.64390625,0.29895
82.5,-80.0,2026-10-09 23:27:19,-10.240722656249943,80.36254179477692,7.568809244781733,1014.64390625,0.29895
82.5,-79.5,2026-10-09 23:27:19,-10.240722656249943,80.36254179477692,7.568809244781733,1014.64390625,0.29895
82.5,-79.0,2026-10-09 23:27:19,-10.240722656249943,80.36254179477692,7.568809244781733,1014.64390625,0.29895
82.5,-78.5,2026-10-09 23:27:19,-10.240722656249943,80.36254179477692,7.568809244781733,1014.64390625,0.29895
82.5,-78.0,2026-10-09 23:27:19,-10.240722656249943,80.36254179477692,7.568809244781733,1014.64390625,0.29895
82.5,-77.5,2026-10-09 23:27:19,-10.240722656249943,80.36254179477692,7.568809244781733,1014.64390625,0.29895
82.5,-77.0,2026-10-09 23:27:19,-10.240722656249943,80.36254179477692,7.568809244781733,1014.64390625,0.29895
82.5,-76.5,2026-10-09 23:27:19,-10.240722656249943,80.36254179477692,7.568809244781733,1014.64390625,0.29895
82.5,-76.0,2026-10-09 23:27:19,-10.240722656249943,80.36254179477692,7.568809244781733,1014.64390625,0.29895
82.5,-75.5,2026-10-09 23:27:19,-10.240722656249943,80.36254179477692,7.568809244781733,1014.64390625,0.29895
82.5,-75.0,2026-10-09 23:27:19,-10.240722656249943,80.36254179477692,7.568809244781733,1014.64390625,0.29895
82.5,-74.5,2026-10-09 23:27:19,-10.240722656249943,80.36254179477692,7.568809244781733,1014.64390625,0.29895
82.5,-74.0,2026-10-09 23:27:19,-10.240722656249943,80.36254179477692,7.568809244781733,1014.64390625,0.29895
82.5,-73.5,2026-10-09 23:27:19,-10.240722656249943,80.36254179477692,7.568809244781733,1014.64390625,0.29895
82.5,-73.0,2026-10-09 23:27:19,-10.240722656249943,80.36254179477692,7.568809244781733,1014.64390625,0.29895
82.5,-72.5,2026-10-09 23:27:19,-10.240722656249943,80.36254179477692,7.568809244781733,1014.64390625,0.29895
82.5,-72.0,2026-10-09 23:27:19,-10.240722656249943,80.36254179477692,7.568809244781733,1014.64390625,0.29895
82.5,-71.5,2026-10-09 23:27:19,-10.240722656249943,80.36254179477692,7.568809244781733,1014.64390625,0.29895
82.5,-71.0,2026-10-09 23:27:19,-10.240722656249943,80.36254179477692,7.568809244781733,1014.64390625,0.29895
82.5,-70.5,2026-10-09 23:27:19,-10.240722656249943,80.36254179477692,7.568809244781733,1014.64390625,0.29895
82.5,-70.0,2026-10-09 23:27:19,-10.240722656249943,80.36254179477692,7.568809244781733,1014.64390625,0.29895
82.5,-69.5,2026-10-09 23:27:19,-10.240722656249943,80.36254179477692,7.568809244781733,1014.64390625,0.29895
82.5,-69.0,2026-10-09 23:27:19,-10.240722656249943,80.36254179477692,7.568809244781733,1014.64390625,0.29895
82.5,-68.5,2026-10-09 23:27:19,-10.240722656249943,80.36254179477692,7.568809244781733,1014.64390625,0.29895
82.5,-68.0,2026-10-09 23:27:19,-10.240722656249943,80.36254179477692,7.568809244781733,1014.64390625,0.29895
82.5,-67.5,2026-10-09 23:27:19,-10.240722656249943,80.36254179477692,7.568809244781733,1014.64390625,0.29895
82.5,-67.0,2026-10-09 23:27:19,-10.240722656249943,80.36254179477692,7.568809244781733,1014.64390625,0.29895
82.5,-66.5,2026-10-09 23:27:19,-10.240722656249943,80.36254179477692,7.568809244781733,1014.64390625,0.29895
82.5,-66.0,2026-10-09 23:27:19,-10.240722656249943,80.36254179477692,7.568809244781733,1014.64390625,0.29895
82.5,-65.5,2026-10-09 23:27:19,-10.240722656249943,80.36254179477692,7.568809244781733,1014.64390625,0.29895
82.5,-65.0,2026-10-09 23:27:19,-10.240722656249943,80.36254179477692,7.568809244781733,1014.64390625,0.29895
82.5,-64.5,2026-10-09 23:27:19,-10.240722656249943,80.36254179477692,7.568809244781733,1014.64390625,0.29895
82.5,-64.0,2026-10-09 23:27:19,-10.240722656249943,80.36254179477692,7.568809244781733,1014.64390625,0.29895
82.5,-63.5,2026-10-09 23:27:19,-10.240722656249943,80.36254179477692,7.568809244781733,1014.64390625,0.29895
82.5,-63.0,2026-10-09 23:27:19,-10.240722656249943,80.36254179477692,7.568809244781733,1014.64390625,0.29895
82.5,-62.5,2026-10-09 23:27:19,-10.240722656249943,80.36254179477692,7.568809244781733,1014.64390625,0.29895
82.5,-62.0,2026-10-09 23:27:19,-10.240722656249943,80.36254179477692,7.568809244781733,1014.64390625,0.29895
82.5,-61.5,2026-10-09 23:27:19,-10.240722656249943,80.36254179477692,7.568809244781733,1014.64390625,0.29895
82.5,-61.0,2026-10-09 23:27:19,-10.240722656249943,80.36254179477692,7.568809244781733,1014.64390625,0.29895
