lat,lon,date,temperature,humidity,wind_speed,pressure,precip_24h_mm
42.0,-83.0,2026-10-02 23:13:35,16.82978515625001,63.76265563964844,16.34934604007006,999.96,17.110875
42.0,-82.5,2026-10-02 23:13:35,16.864785156250036,63.48765563964844,18.77934604007006,999.58,13.06725
42.0,-82.0,2026-10-02 23:13:35,16.461035156250034,66.33765563964845,21.623346040070057,999.36,6.08825
42.5,-82.5,2026-10-02 23:13:35,16.687285156250027,68.26265563964844,15.899346040070059,999.24,31.660125
42.5,-82.0,2026-10-02 23:13:35,16.561035156250057,74.08765563964845,13.613346040070057,997.16,20.91975
42.5,-81.5,2026-10-02 23:13:35,16.481035156250016,73.31265563964844,20.201346040070057,998.6,21.761
42.5,-81.0,2026-10-02 23:13:35,16.34978515625005,79.71265563964845,17.969346040070057,998.26,17.803250000000002
42.5,-80.5,2026-10-02 23:13:35,17.058535156250002,69.51265563964844,15.59334604007006,997.82,11.85225
42.5,-80.0,2026-10-02 23:13:35,16.689785156250025,65.28765563964843,17.39334604007006,997.63,9.847625
43.0,-82.5,2026-10-02 23:13:35,18.374785156250027,59.56265563964844,11.993346040070056,996.46,24.896625
43.0,-82.0,2026-10-02 23:13:35,17.106035156250016,66.36265563964844,17.57334604007006,993.04,34.872
43.0,-81.5,2026-10-02 23:13:35,18.031035156250027,58.76265563964844,15.971346040070058,988.16,31.2195
43.0,-81.0,2026-10-02 23:13:35,17.652285156250002,62.73765563964844,12.011346040070057,986.58,32.85025
43.0,-80.5,2026-10-02 23:13:35,17.791035156250018,62.53765563964844,12.047346040070058,987.46,27.07675
43.0,-80.0,2026-10-02 23:13:35,17.91228515625005,63.71265563964844,9.545346040070056,992.74,25.884625
43.0,-79.5,2026-10-02 23:13:35,18.39103515625004,54.31265563964844,9.149346040070057,995.68,28.596875
43.0,-79.0,2026-10-02 23:13:35,17.197285156250018,58.56265563964844,12.011346040070057,995.9,20.551625
43.5,-82.0,2026-10-02 23:13:35,16.20353515625004,68.71265563964845,33.43134604007005,998.65,27.479125
43.5,-81.5,2026-10-02 23:13:35,16.39228515625001,69.68765563964844,20.291346040070056,985.21,24.94625
43.5,-81.0,2026-10-02 23:13:35,16.481035156250016,68.28765563964843,20.43534604007006,974.71,22.0985
43.5,-80.5,2026-10-02 23:13:35,17.80103515625001,61.88765563964844,13.811346040070056,979.24,25.65575
43.5,-80.0,2026-10-02 23:13:35,17.743535156250005,56.43765563964844,11.201346040070058,980.46,31.54375
43.5,-79.5,2026-10-02 23:13:35,18.054785156250034,58.38765563964844,18.18534604007006,1008.01,27.933125
43.5,-79.0,2026-10-02 23:13:35,16.86353515625001,70.33765563964845,25.439346040070056,1007.74,26.95275
43.5,-65.5,2026-10-02 23:13:35,19.102617187500016,85.25462265014649,26.94951832008362,1010.77,0.0
44.0,-82.0,2026-10-02 23:13:35,16.248535156250057,66.93765563964844,33.97134604007006,998.49,22.30075
44.0,-81.5,2026-10-02 23:13:35,16.92603515625001,61.78765563964844,16.04334604007006,984.46,24.684875
44.0,-81.0,2026-10-02 23:13:35,17.638535156250043,56.38765563964844,15.971346040070058,975.86,21.186875
44.0,-80.5,2026-10-02 23:13:35,16.878535156250052,56.31265563964844,15.719346040070056,960.47,19.8975
44.0,-80.0,2026-10-02 23:13:35,17.45478515625001,55.88765563964844,11.777346040070057,972.65,15.42475
44.0,-79.5,2026-10-02 23:13:35,16.802285156250036,70.31265563964844,16.007346040070058,980.51,14.5435
44.0,-79.0,2026-10-02 23:13:35,18.23478515625004,61.31265563964844,13.901346040070058,988.15,18.713
44.0,-78.5,2026-10-02 23:13:35,18.824785156250016,61.51265563964844,12.731346040070058,993.55,20.572625000000002
44.0,-78.0,2026-10-02 23:13:35,18.927285156250036,72.13765563964844,11.021346040070057,997.32,18.99725
44.0,-77.5,2026-10-02 23:13:35,18.711035156250034,70.06265563964844,14.495346040070057,1003.47,18.9895
44.0,-77.0,2026-10-02 23:13:35,17.371035156250002,72.26265563964844,17.969346040070057,1003.27,18.98
44.0,-76.5,2026-10-02 23:13:35,17.25728515625002,93.78765563964845,27.02334604007006,1005.11,17.345375
44.0,-66.0,2026-10-02 23:13:35,20.831367187500007,80.20462265014649,18.54351832008362,1003.99,0.02675
44.0,-65.5,2026-10-02 23:13:35,22.800117187500007,72.5296226501465,15.231518320083618,1001.92,0.0305
44.0,-65.0,2026-10-02 23:13:35,23.372617187500055,73.1546226501465,15.087518320083618,999.77,0.02475
44.0,-60.0,2026-10-02 23:13:35,17.685117187500055,91.2796226501465,39.06351832008362,1012.92,0.017125
44.5,-82.0,2026-10-02 23:13:35,15.833535156250036,69.26265563964844,37.265346040070064,998.3,24.15275
44.5,-81.5,2026-10-02 23:13:35,15.88228515625002,70.68765563964844,33.01734604007006,997.8,22.272125
44.5,-81.0,2026-10-02 23:13:35,17.36103515625001,58.13765563964844,14.639346040070057,986.88,28.266875
44.5,-80.5,2026-10-02 23:13:35,17.489785156250036,58.56265563964844,13.289346040070058,982.82,22.148125
44.5,-80.0,2026-10-02 23:13:35,17.231035156250016,63.23765563964844,24.917346040070058,995.08,19.838375
44.5,-79.5,2026-10-02 23:13:35,17.689785156250025,55.01265563964844,16.439346040070056,982.9,14.614125
44.5,-79.0,2026-10-02 23:13:35,17.836035156250034,60.91265563964844,16.63734604007006,983.88,15.41525
44.5,-78.5,2026-10-02 23:13:35,17.847285156250052,67.81265563964844,23.495346040070057,984.52,17.71925
44.5,-78.0,2026-10-02 23:13:35,17.781035156250027,71.28765563964843,12.281346040070057,983.9,13.561250000000001
44.5,-77.5,2026-10-02 23:13:35,18.964785156250002,63.38765563964844,9.347346040070057,991.07,14.825875
44.5,-77.0,2026-10-02 23:13:35,19.39103515625004,56.96265563964844,9.473346040070057,993.18,16.647375
44.5,-76.5,2026-10-02 23:13:35,19.462285156250005,68.73765563964844,6.953346040070057,994.83,14.865875
44.5,-76.0,2026-10-02 23:13:35,18.89103515625004,78.61265563964844,7.151346040070057,1000.29,13.43725
44.5,-66.0,2026-10-02 23:13:35,16.442617187500048,91.9046226501465,28.425518320083622,1009.71,0.0
44.5,-65.5,2026-10-02 23:13:35,19.772617187500032,82.25462265014649,20.307518320083616,990.72,0.001875
44.5,-65.0,2026-10-02 23:13:35,22.458867187500005,74.50462265014649,16.81551832008362,990.03,0.0095
44.5,-64.5,2026-10-02 23:13:35,23.44011718750005,70.1546226501465,16.25751832008362,999.32,0.0
44.5,-64.0,2026-10-02 23:13:35,16.751367187500023,94.2796226501465,26.715518320083618,1009.41,0.0
44.5,-63.5,2026-10-02 23:13:35,16.532617187500023,93.95462265014649,29.253518320083618,1010.28,0.01525
45.0,-82.5,2026-10-02 23:13:35,14.953535156250041,71.06265563964844,37.33734604007006,998.6,11.093125
45.0,-82.0,2026-10-02 23:13:35,15.041035156250018,67.51265563964844,36.23934604007006,998.13,9.923875
45.0,-81.5,2026-10-02 23:13:35,15.173535156250011,72.98765563964844,31.88334604007006,997.6,11.367750000000001
45.0,-81.0,2026-10-02 23:13:35,15.467285156250057,73.38765563964844,28.91334604007006,997.13,12.916625
45.0,-80.5,2026-10-02 23:13:35,15.773535156250034,69.03765563964843,31.487346040070058,996.68,12.441625
45.0,-80.0,2026-10-02 23:13:35,15.281035156250027,76.48765563964844,31.86534604007006,996.19,13.237
45.0,-79.5,2026-10-02 23:13:35,17.409785156250052,58.43765563964844,16.007346040070058,986.8,12.4855
45.0,-79.0,2026-10-02 23:13:35,18.01603515625004,53.71265563964844,12.803346040070057,977.24,12.18225
45.0,-78.5,2026-10-02 23:13:35,17.996035156250002,56.06265563964844,11.615346040070058,970.6,15.777625
45.0,-78.0,2026-10-02 23:13:35,18.708535156250036,55.13765563964844,9.779346040070058,970.07,13.933125
45.0,-77.5,2026-10-02 23:13:35,17.812285156250027,65.08765563964845,7.619346040070058,968.02,14.08575
45.0,-77.0,2026-10-02 23:13:35,17.72603515625002,68.11265563964844,7.439346040070057,975.33,15.504875
45.0,-76.5,2026-10-02 23:13:35,19.11103515625001,66.81265563964844,6.719346040070056,990.1,14.329875
45.0,-76.0,2026-10-02 23:13:35,19.061035156250057,70.66265563964843,6.665346040070057,996.22,13.439125
45.0,-75.5,2026-10-02 23:13:35,19.07853515625004,69.33765563964845,7.061346040070058,1002.38,12.991
45.0,-75.0,2026-10-02 23:13:35,18.927285156250036,69.66265563964843,7.673346040070056,1002.72,12.062125
45.0,-74.5,2026-10-02 23:13:35,18.523535156250034,76.71265563964845,7.421346040070057,1006.1,14.650375
45.0,-74.0,2026-10-02 23:13:35,15.614785156250036,94.98765563964844,8.969346040070057,988.24,16.462375
45.0,-73.5,2026-10-02 23:13:35,16.294785156250043,97.43765563964844,9.239346040070057,1003.57,7.75525
45.0,-73.0,2026-10-02 23:13:35,17.368535156250005,96.21265563964845,7.763346040070058,1000.51,9.878125
45.0,-72.5,2026-10-02 23:13:35,15.19353515625005,95.31265563964844,9.293346040070057,951.72,11.94
45.0,-72.0,2026-10-02 23:13:35,15.586035156250034,96.36265563964844,6.107346040070057,960.1,3.8032500000000002
45.0,-71.5,2026-10-02 23:13:35,15.958535156250036,96.68765563964844,5.729346040070057,963.61,0.949875
45.0,-67.0,2026-10-02 23:13:35,18.44011718750005,85.4796226501465,17.85951832008362,1006.13,0.003875
45.0,-66.5,2026-10-02 23:13:35,14.768867187500007,94.07962265014649,22.66551832008362,1008.41,0.003875
45.0,-65.0,2026-10-02 23:13:35,23.463867187500057,70.07962265014649,14.763518320083618,998.94,0.0
45.0,-64.5,2026-10-02 23:13:35,23.28386718750005,69.85462265014648,12.387518320083618,984.05,0.0
45.0,-64.0,2026-10-02 23:13:35,23.95011718750004,70.72962265014648,10.911518320083617,1004.28,0.0
45.0,-63.5,2026-10-02 23:13:35,22.10636718750004,77.87962265014649,11.775518320083618,1005.47,0.0
45.0,-63.0,2026-10-02 23:13:35,20.301367187500034,83.6046226501465,12.189518320083618,992.17,0.003875
45.0,-62.5,2026-10-02 23:13:35,19.466367187500055,85.4796226501465,14.187518320083619,1000.89,0.003875
45.0,-62.0,2026-10-02 23:13:35,16.51636718750001,94.30462265014648,31.143518320083622,1008.77,0.080125
45.5,-83.0,2026-10-02 23:13:35,14.259785156250018,71.63765563964844,33.305346040070056,998.88,2.477625
45.5,-82.5,2026-10-02 23:13:35,14.356035156250016,67.38765563964844,34.09734604007006,998.35,1.852
45.5,-82.0,2026-10-02 23:13:35,14.981035156250016,63.11265563964844,30.35334604007006,997.65,4.20575
45.5,-81.5,2026-10-02 23:13:35,15.078535156250041,65.76265563964844,27.72534604007006,997.18,3.759375
45.5,-81.0,2026-10-02 23:13:35,14.312285156250027,75.43765563964844,26.303346040070057,996.9,4.032125
45.5,-80.5,2026-10-02 23:13:35,14.13228515625002,74.51265563964844,24.43134604007006,996.43,4.217125
45.5,-80.0,2026-10-02 23:13:35,17.337285156250005,56.21265563964844,11.327346040070058,985.88,3.9253750000000003
45.5,-79.5,2026-10-02 23:13:35,16.81853515625005,57.63765563964844,12.281346040070057,976.66,3.6965
45.5,-79.0,2026-10-02 23:13:35,16.941035156250052,57.08765563964844,11.165346040070057,966.35,4.27625
45.5,-78.5,2026-10-02 23:13:35,17.552285156250036,47.18765563964844,8.681346040070057,958.93,2.199125
45.5,-78.0,2026-10-02 23:13:35,18.248535156250057,46.06265563964844,8.897346040070058,971.88,3.0612500000000002
45.5,-77.5,2026-10-02 23:13:35,18.058535156250002,53.58765563964844,7.295346040070057,976.96,5.81175
45.5,-77.0,2026-10-02 23:13:35,19.027285156250002,54.38765563964844,9.203346040070057,992.86,7.625625
45.5,-76.5,2026-10-02 23:13:35,19.38103515625005,56.46265563964844,15.521346040070057,1001.3,9.53675
45.5,-76.0,2026-10-02 23:13:35,19.888535156250043,61.36265563964844,9.383346040070057,1002.13,9.84
45.5,-75.5,2026-10-02 23:13:35,19.134785156250018,72.06265563964844,7.925346040070058,1006.32,10.192875
45.5,-75.0,2026-10-02 23:13:35,19.284785156250052,70.98765563964844,6.971346040070057,1005.19,10.39125
45.5,-74.5,2026-10-02 23:13:35,18.47478515625005,76.48765563964844,7.529346040070058,1003.57,9.77325
45.5,-74.0,2026-10-02 23:13:35,17.302285156250036,85.93765563964844,5.477346040070057,1002.1,5.0545
45.5,-73.5,2026-10-02 23:13:35,16.89478515625001,83.63765563964844,7.007346040070057,1010.1,5.817375
45.5,-73.0,2026-10-02 23:13:35,16.154785156250057,89.58765563964845,8.627346040070057,1007.33,6.9485
45.5,-72.5,2026-10-02 23:13:35,14.892285156250011,92.46265563964845,5.945346040070057,987.54,6.910375
45.5,-72.0,2026-10-02 23:13:35,15.062285156250027,94.18765563964844,5.099346040070057,988.05,4.4727500000000004
45.5,-71.5,2026-10-02 23:13:35,14.797285156250041,97.13765563964844,6.683346040070057,971.21,4.5815
45.5,-71.0,2026-10-02 23:13:35,14.484785156250041,97.43765563964844,7.4753460400700575,949.02,5.85175
45.5,-67.5,2026-10-02 23:13:35,20.248867187500025,82.17962265014648,6.141518320083618,994.82,0.0
45.5,-67.0,2026-10-02 23:13:35,19.25261718750005,87.9046226501465,4.3775183200836185,992.83,0.07825
45.5,-66.5,2026-10-02 23:13:35,19.028867187500055,87.0296226501465,6.447518320083618,993.71,0.22125
45.5,-66.0,2026-10-02 23:13:35,17.282617187500023,88.12962265014649,10.623518320083617,1000.67,0.013375
45.5,-65.5,2026-10-02 23:13:35,20.143867187500007,79.05462265014648,12.009518320083618,972.3,0.028625
45.5,-65.0,2026-10-02 23:13:35,15.266367187500009,94.4796226501465,27.90351832008362,1008.33,0.00575
45.5,-64.5,2026-10-02 23:13:35,18.870117187500057,84.3546226501465,13.341518320083619,996.67,0.003875
45.5,-64.0,2026-10-02 23:13:35,17.92136718750004,88.42962265014648,15.159518320083619,978.64,0.042
45.5,-63.5,2026-10-02 23:13:35,17.98136718750004,93.4796226501465,12.675518320083619,986.38,0.02675
45.5,-63.0,2026-10-02 23:13:35,19.133867187500016,87.75462265014649,15.663518320083618,984.0,0.007625
45.5,-62.5,2026-10-02 23:13:35,20.213867187500057,81.70462265014649,14.259518320083618,987.94,0.0
45.5,-62.0,2026-10-02 23:13:35,21.65886718750005,74.42962265014648,13.719518320083619,998.28,0.00575
45.5,-61.5,2026-10-02 23:13:35,21.11886718750003,77.2296226501465,14.24151832008362,993.25,0.019125
45.5,-61.0,2026-10-02 23:13:35,16.82761718750004,92.42962265014648,28.47951832008362,1007.94,0.00575
46.0,-84.0,2026-10-02 23:13:35,14.638535156250043,61.01265563964844,27.67134604007006,996.65,1.396125
46.0,-83.5,2026-10-02 23:13:35,14.947285156250018,60.86265563964844,29.39934604007006,998.1,1.293125
46.0,-83.0,2026-10-02 23:13:35,14.002285156250025,72.96265563964845,28.64334604007006,998.46,0.850625
46.0,-82.5,2026-10-02 23:13:35,14.398535156250034,66.31265563964844,26.069346040070055,997.97,1.5755000000000001
46.0,-82.0,2026-10-02 23:13:35,15.082285156250009,62.61265563964844,25.99734604007006,997.38,3.032625
46.0,-81.5,2026-10-02 23:13:35,15.999785156250027,55.53765563964844,18.905346040070057,989.13,2.389875
46.0,-81.0,2026-10-02 23:13:35,16.38228515625002,58.06265563964844,12.767346040070057,993.61,2.07525
46.0,-80.5,2026-10-02 23:13:35,16.85103515625002,57.03765563964844,11.687346040070057,993.32,1.7986250000000001
46.0,-80.0,2026-10-02 23:13:35,16.902285156250002,56.73765563964844,9.257346040070058,988.18,1.6975
46.0,-79.5,2026-10-02 23:13:35,15.909785156250052,58.03765563964844,10.625346040070058,975.71,1.983625
46.0,-79.0,2026-10-02 23:13:35,15.534785156250052,60.46265563964844,21.731346040070058,970.55,2.74275
46.0,-78.5,2026-10-02 23:13:35,17.259785156250018,56.93765563964844,14.423346040070058,972.58,1.268375
46.0,-78.0,2026-10-02 23:13:35,18.541035156250018,42.06265563964844,7.151346040070057,977.58,0.637
46.0,-77.5,2026-10-02 23:13:35,18.617285156250034,49.91265563964844,7.097346040070057,990.33,1.28175
46.0,-77.0,2026-10-02 23:13:35,18.07978515625001,49.08765563964844,8.105346040070057,977.83,0.7438750000000001
46.0,-76.5,2026-10-02 23:13:35,18.087285156250005,54.18765563964844,7.007346040070057,979.07,1.607875
46.0,-76.0,2026-10-02 23:13:35,19.304785156250034,55.93765563964844,6.341346040070057,991.85,1.201625
46.0,-75.5,2026-10-02 23:13:35,18.406035156250027,56.73765563964844,8.339346040070057,980.24,5.44925
46.0,-75.0,2026-10-02 23:13:35,17.812285156250027,65.46265563964845,5.639346040070057,975.72,5.762125
46.0,-74.5,2026-10-02 23:13:35,17.63103515625005,66.08765563964845,8.231346040070058,972.72,7.762875
46.0,-74.0,2026-10-02 23:13:35,17.964785156250002,65.78765563964843,3.2453460400700567,969.8,5.907
46.0,-73.5,2026-10-02 23:13:35,19.033535156250025,66.73765563964844,1.283346040070057,1004.68,5.355875
46.0,-73.0,2026-10-02 23:13:35,17.794785156250043,75.28765563964843,5.243346040070057,1008.94,5.437875
46.0,-72.5,2026-10-02 23:13:35,17.01603515625004,76.28765563964843,4.919346040070057,1002.85,5.889875
46.0,-72.0,2026-10-02 23:13:35,15.243535156250005,83.58765563964845,5.963346040070057,995.08,7.9785
46.0,-71.5,2026-10-02 23:13:35,14.783535156250025,90.93765563964844,4.3793460400700575,973.47,6.858875
46.0,-71.0,2026-10-02 23:13:35,14.564785156250025,96.31265563964844,7.997346040070058,968.33,6.774875
46.0,-70.5,2026-10-02 23:13:35,15.10103515625002,96.73765563964844,7.781346040070058,970.94,4.180875
46.0,-67.5,2026-10-02 23:13:35,19.376367187500023,84.05462265014648,6.105518320083618,992.55,0.0
46.0,-67.0,2026-10-02 23:13:35,19.133867187500016,85.30462265014648,6.375518320083618,992.53,0.001875
46.0,-66.5,2026-10-02 23:13:35,18.95386718750001,87.70462265014649,7.815518320083618,992.63,0.003875
46.0,-66.0,2026-10-02 23:13:35,18.428867187500032,90.00462265014649,15.231518320083618,1006.94,0.034375
46.0,-65.5,2026-10-02 23:13:35,20.07886718750001,81.7796226501465,11.865518320083618,998.02,0.0
46.0,-65.0,2026-10-02 23:13:35,22.12761718750005,74.80462265014648,11.75751832008362,1002.33,0.0
46.0,-64.5,2026-10-02 23:13:35,19.44011718750005,82.45462265014649,10.569518320083619,1000.22,0.0
46.0,-64.0,2026-10-02 23:13:35,20.01636718750001,80.3546226501465,21.76551832008362,1005.28,0.007625
46.0,-63.0,2026-10-02 23:13:35,17.435117187500055,89.95462265014649,21.04551832008362,1007.35,0.0
46.0,-62.5,2026-10-02 23:13:35,18.630117187500048,85.7296226501465,20.86551832008362,1006.74,0.0
46.0,-61.5,2026-10-02 23:13:35,19.487617187500007,82.9046226501465,11.16351832008362,1000.83,0.0
46.0,-61.0,2026-10-02 23:13:35,19.893867187500007,80.6046226501465,18.003518320083618,996.21,0.0
46.0,-60.5,2026-10-02 23:13:35,18.248867187500025,89.0296226501465,18.525518320083616,997.05,0.007625
46.0,-60.0,2026-10-02 23:13:35,19.48511718750001,83.55462265014648,16.113518320083617,1005.0,0.0095
46.5,-84.5,2026-10-02 23:13:35,14.801035156250009,56.86265563964844,21.443346040070058,996.08,0.022875
46.5,-84.0,2026-10-02 23:13:35,15.471035156250025,52.66265563964844,15.629346040070057,991.6,0.051500000000000004
46.5,-83.5,2026-10-02 23:13:35,10.75728515625002,83.18765563964844,13.199346040070058,980.91,1.03
46.5,-83.0,2026-10-02 23:13:35,13.767285156250011,56.03765563964844,13.163346040070058,973.05,1.401875
46.5,-82.5,2026-10-02 23:13:35,15.211035156250034,48.58765563964844,13.109346040070058,973.4,0.171625
46.5,-82.0,2026-10-02 23:13:35,15.38228515625002,47.41265563964844,10.733346040070057,977.72,0.66
46.5,-81.5,2026-10-02 23:13:35,15.529785156250057,47.73765563964844,10.211346040070056,979.6,0.476875
46.5,-81.0,2026-10-02 23:13:35,15.953535156250041,52.08765563964844,13.865346040070058,983.97,0.25175000000000003
46.5,-80.5,2026-10-02 23:13:35,16.00728515625002,58.68765563964844,10.535346040070058,988.16,0.10875
46.5,-80.0,2026-10-02 23:13:35,16.25728515625002,56.76265563964844,10.193346040070058,986.21,0.295625
46.5,-79.5,2026-10-02 23:13:35,15.437285156250027,61.03765563964844,9.617346040070057,974.02,1.9055
46.5,-79.0,2026-10-02 23:13:35,15.642285156250011,60.93765563964844,9.203346040070057,976.29,3.7498750000000003
46.5,-78.5,2026-10-02 23:13:35,15.909785156250052,57.96265563964844,12.047346040070058,974.69,2.801875
46.5,-78.0,2026-10-02 23:13:35,17.322285156250018,55.03765563964844,11.111346040070057,972.57,1.7910000000000001
46.5,-77.5,2026-10-02 23:13:35,17.808535156250002,44.28765563964844,8.627346040070057,968.4,0.513125
46.5,-77.0,2026-10-02 23:13:35,18.013535156250043,45.78765563964844,10.103346040070058,977.58,0.1545
46.5,-76.5,2026-10-02 23:13:35,18.09978515625005,42.83765563964844,7.727346040070057,975.77,0.32425
46.5,-76.0,2026-10-02 23:13:35,18.746035156250002,57.96265563964844,4.919346040070057,987.71,0.368125
46.5,-75.5,2026-10-02 23:13:35,18.48603515625001,58.28765563964844,6.575346040070057,982.52,1.1005
46.5,-75.0,2026-10-02 23:13:35,18.009785156250018,52.01265563964844,6.755346040070057,975.35,1.293125
46.5,-74.5,2026-10-02 23:13:35,16.91228515625005,52.61265563964844,7.583346040070057,954.05,1.382875
46.5,-74.0,2026-10-02 23:13:35,15.69478515625002,52.38765563964844,6.107346040070057,947.46,0.6198750000000001
46.5,-73.5,2026-10-02 23:13:35,16.94478515625002,48.21265563964844,6.017346040070057,962.15,1.0605
46.5,-73.0,2026-10-02 23:13:35,17.20478515625001,57.43765563964844,5.531346040070058,982.96,2.456625
46.5,-72.5,2026-10-02 23:13:35,17.57978515625001,59.31265563964844,6.287346040070057,1005.26,3.137625
46.5,-72.0,2026-10-02 23:13:35,16.67228515625004,65.91265563964843,6.539346040070058,1001.32,2.6875
46.5,-71.5,2026-10-02 23:13:35,15.441035156250052,84.93765563964844,5.711346040070057,993.22,4.4765
46.5,-71.0,2026-10-02 23:13:35,14.074785156250016,93.31265563964844,7.2413460400700576,981.54,3.84525
46.5,-70.5,2026-10-02 23:13:35,13.714785156250002,96.58765563964845,7.763346040070058,955.16,4.110375
46.5,-70.0,2026-10-02 23:13:35,12.502285156250025,96.06265563964844,5.945346040070057,965.18,0.60275
46.5,-67.5,2026-10-02 23:13:35,17.842617187500025,98.1046226501465,10.191518320083619,981.61,0.274625
46.5,-67.0,2026-10-02 23:13:35,18.788867187500045,83.1546226501465,10.44351832008362,977.72,0.021
46.5,-66.5,2026-10-02 23:13:35,19.438867187500023,80.00462265014649,9.237518320083618,987.77,0.00575
46.5,-66.0,2026-10-02 23:13:35,19.88761718750004,78.9046226501465,10.155518320083619,993.64,0.003875
46.5,-65.5,2026-10-02 23:13:35,18.708867187500005,87.37962265014649,9.813518320083618,994.27,0.001875
46.5,-65.0,2026-10-02 23:13:35,20.91886718750004,74.35462265014648,11.61351832008362,1000.66,0.0
46.5,-64.0,2026-10-02 23:13:35,21.497617187500055,73.12962265014649,17.51751832008362,1003.1,0.0
46.5,-63.5,2026-10-02 23:13:35,20.04386718750004,79.3546226501465,22.71951832008362,1005.08,0.007625
46.5,-63.0,2026-10-02 23:13:35,17.571367187500016,88.25462265014649,22.19751832008362,1006.49,0.0
46.5,-62.5,2026-10-02 23:13:35,17.588867187500057,87.75462265014649,24.195518320083618,1006.61,0.00575
46.5,-62.0,2026-10-02 23:13:35,17.647617187500032,87.20462265014649,20.82951832008362,1006.85,0.0
46.5,-61.0,2026-10-02 23:13:35,15.633867187500016,96.92962265014648,16.61751832008362,968.47,0.003875
46.5,-60.5,2026-10-02 23:13:35,18.30636718750003,83.12962265014649,17.355518320083622,971.99,0.003875
47.0,-85.0,2026-10-02 23:13:35,13.437285156250027,73.18765563964844,37.01334604007006,999.26,0.001875
47.0,-84.5,2026-10-02 23:13:35,13.169785156250043,58.93765563964844,14.963346040070057,978.11,0.02475
47.0,-84.0,2026-10-02 23:13:35,11.927285156250036,68.78765563964843,12.353346040070058,957.82,0.320375
47.0,-83.5,2026-10-02 23:13:35,13.324785156250016,56.73765563964844,19.06734604007006,961.22,0.8335
47.0,-83.0,2026-10-02 23:13:35,13.753535156250052,51.16265563964844,12.101346040070059,966.71,0.46925
47.0,-82.5,2026-10-02 23:13:35,13.377285156250025,55.06265563964844,11.471346040070058,964.15,0.14300000000000002
47.0,-82.0,2026-10-02 23:13:35,13.47478515625005,52.58765563964844,11.237346040070058,964.51,0.051500000000000004
47.0,-81.5,2026-10-02 23:13:35,13.701035156250043,53.46265563964844,16.81734604007006,968.26,0.227
47.0,-81.0,2026-10-02 23:13:35,13.144785156250009,55.26265563964844,12.299346040070057,964.94,0.7115
47.0,-80.5,2026-10-02 23:13:35,14.75728515625002,56.93765563964844,10.625346040070058,981.02,0.425375
47.0,-80.0,2026-10-02 23:13:35,14.802285156250036,58.73765563964844,11.201346040070058,979.04,2.082875
47.0,-79.5,2026-10-02 23:13:35,13.824785156250016,61.46265563964844,9.185346040070058,977.33,4.1885
47.0,-79.0,2026-10-02 23:13:35,13.561035156250057,64.11265563964844,11.525346040070058,981.04,4.146625
47.0,-78.5,2026-10-02 23:13:35,13.377285156250025,63.08765563964844,12.047346040070058,976.79,2.821
47.0,-78.0,2026-10-02 23:13:35,13.902285156250002,61.76265563964844,12.965346040070058,976.13,1.42475
47.0,-77.5,2026-10-02 23:13:35,13.683535156250002,61.86265563964844,14.963346040070057,966.1,1.45525
47.0,-77.0,2026-10-02 23:13:35,16.621035156250002,49.16265563964844,10.769346040070058,964.19,1.05475
47.0,-76.5,2026-10-02 23:13:35,17.387285156250016,40.88765563964844,9.923346040070056,965.77,0.63325
47.0,-76.0,2026-10-02 23:13:35,17.634785156250018,47.08765563964844,8.537346040070057,970.76,0.3185
47.0,-75.5,2026-10-02 23:13:35,17.993535156250005,41.68765563964844,5.585346040070057,979.55,0.2155
47.0,-75.0,2026-10-02 23:13:35,17.029785156250057,42.08765563964844,6.233346040070057,962.91,1.216875
47.0,-74.5,2026-10-02 23:13:35,15.606035156250016,44.83765563964844,6.6293460400700575,951.16,0.5836250000000001
47.0,-74.0,2026-10-02 23:13:35,16.618535156250005,41.21265563964844,5.009346040070057,956.08,1.5582500000000001
47.0,-73.5,2026-10-02 23:13:35,15.748535156250057,49.86265563964844,5.135346040070057,957.91,2.0695
47.0,-73.0,2026-10-02 23:13:35,16.154785156250057,51.56265563964844,5.567346040070057,968.46,0.949875
47.0,-72.5,2026-10-02 23:13:35,15.933535156250002,55.56265563964844,7.7093460400700575,970.15,1.03375
47.0,-72.0,2026-10-02 23:13:35,15.342285156250057,57.36265563964844,7.853346040070058,959.55,2.977375
47.0,-71.5,2026-10-02 23:13:35,16.093535156250027,53.83765563964844,2.525346040070057,973.97,6.0215000000000005
47.0,-71.0,2026-10-02 23:13:35,16.617285156250034,69.83765563964845,3.857346040070057,1001.11,2.4318750000000002
47.0,-70.5,2026-10-02 23:13:35,15.989785156250036,75.53765563964843,7.385346040070058,1008.79,2.27925
47.0,-70.0,2026-10-02 23:13:35,12.673535156250011,81.76265563964844,6.143346040070057,963.65,1.586875
47.0,-67.5,2026-10-02 23:13:35,13.578867187500009,90.12962265014649,9.633518320083619,968.25,0.019125
47.0,-67.0,2026-10-02 23:13:35,13.137617187500041,97.4796226501465,11.68551832008362,954.14,0.02475
47.0,-66.5,2026-10-02 23:13:35,17.196367187500016,82.37962265014649,13.431518320083619,964.96,0.0
47.0,-66.0,2026-10-02 23:13:35,21.42136718750004,69.2796226501465,6.051518320083619,986.28,0.0
47.0,-65.5,2026-10-02 23:13:35,20.553867187500032,78.75462265014649,8.71551832008362,1002.92,0.0
47.0,-65.0,2026-10-02 23:13:35,20.311367187500025,78.1046226501465,10.713518320083619,1003.57,0.0
47.0,-64.0,2026-10-02 23:13:35,18.35886718750004,83.6546226501465,23.709518320083617,1004.91,0.013375
47.0,-60.5,2026-10-02 23:13:35,17.11011718750001,86.2296226501465,38.19951832008362,988.11,0.001875
47.0,-56.0,2026-10-02 23:13:35,13.995117187500057,92.45462265014649,30.099518320083618,1009.77,0.207875
47.0,-55.5,2026-10-02 23:13:35,15.466367187500055,86.00462265014649,18.86751832008362,997.92,0.480625
47.0,-55.0,2026-10-02 23:13:35,13.938867187500023,93.0296226501465,34.63551832008362,1010.38,0.095375
47.0,-54.0,2026-10-02 23:13:35,14.231367187500041,90.07962265014649,19.497518320083618,987.24,0.022875
47.0,-53.5,2026-10-02 23:13:35,13.827617187500039,92.3546226501465,25.25751832008362,995.41,0.019125
47.0,-53.0,2026-10-02 23:13:35,16.245117187500057,79.75462265014649,34.311518320083614,999.05,0.0115
47.5,-86.5,2026-10-02 23:13:35,12.453535156250041,73.31265563964844,40.97334604007006,1000.11,0.0115
47.5,-86.0,2026-10-02 23:13:35,12.533535156250025,73.46265563964845,42.77334604007006,999.41,0.032375
47.5,-85.5,2026-10-02 23:13:35,12.762285156250016,73.93765563964844,40.68534604007006,998.96,0.162125
47.5,-85.0,2026-10-02 23:13:35,13.371035156250002,72.31265563964844,37.067346040070056,998.52,0.15825
47.5,-84.5,2026-10-02 23:13:35,11.763535156250043,65.61265563964844,14.477346040070056,970.83,0.557
47.5,-84.0,2026-10-02 23:13:35,12.579785156250011,63.28765563964844,18.38334604007006,966.41,0.0
47.5,-83.5,2026-10-02 23:13:35,12.279785156250057,58.01265563964844,11.165346040070057,959.11,0.0
47.5,-83.0,2026-10-02 23:13:35,12.541035156250018,55.48765563964844,10.337346040070058,965.3,0.01525
47.5,-82.5,2026-10-02 23:13:35,11.794785156250043,58.58765563964844,11.291346040070058,966.61,0.185
47.5,-82.0,2026-10-02 23:13:35,11.926035156250009,58.38765563964844,13.919346040070058,969.49,0.164
47.5,-81.5,2026-10-02 23:13:35,12.603535156250018,57.11265563964844,12.911346040070057,971.02,0.295625
47.5,-81.0,2026-10-02 23:13:35,11.902285156250002,60.51265563964844,12.281346040070057,971.9,0.852625
47.5,-80.5,2026-10-02 23:13:35,11.574785156250016,61.68765563964844,13.901346040070058,965.69,0.42725
47.5,-80.0,2026-10-02 23:13:35,13.731035156250016,58.66265563964844,12.623346040070059,980.32,0.9021250000000001
47.5,-79.5,2026-10-02 23:13:35,13.958535156250036,65.68765563964844,19.139346040070055,993.58,1.9016250000000001
47.5,-79.0,2026-10-02 23:13:35,12.683535156250002,70.11265563964844,11.579346040070059,982.43,4.15425
47.5,-78.5,2026-10-02 23:13:35,12.512285156250016,69.16265563964843,10.535346040070058,977.63,5.056375
47.5,-78.0,2026-10-02 23:13:35,11.681035156250005,70.41265563964843,10.625346040070058,974.3,3.471375
47.5,-77.5,2026-10-02 23:13:35,12.142285156250011,70.88765563964844,17.951346040070057,974.94,1.5831250000000001
47.5,-77.0,2026-10-02 23:13:35,12.784785156250052,72.76265563964844,23.90934604007006,972.6,0.8145
47.5,-76.5,2026-10-02 23:13:35,14.016035156250041,65.76265563964844,17.80734604007006,969.13,0.3815
47.5,-76.0,2026-10-02 23:13:35,15.836035156250034,49.26265563964844,10.571346040070058,962.68,0.419625
47.5,-75.5,2026-10-02 23:13:35,16.92353515625001,47.81265563964844,9.257346040070058,964.21,0.579875
47.5,-75.0,2026-10-02 23:13:35,16.708535156250036,42.36265563964844,7.907346040070058,962.86,0.577875
47.5,-74.5,2026-10-02 23:13:35,16.38103515625005,39.36265563964844,8.375346040070058,955.82,0.9995
47.5,-74.0,2026-10-02 23:13:35,15.659785156250052,47.48765563964844,5.495346040070057,954.69,2.14
47.5,-73.5,2026-10-02 23:13:35,16.074785156250016,49.21265563964844,4.6133460400700566,960.65,1.5831250000000001
47.5,-73.0,2026-10-02 23:13:35,16.314785156250025,52.56265563964844,4.109346040070057,972.9,1.68425
47.5,-72.5,2026-10-02 23:13:35,15.88103515625005,49.31265563964844,5.531346040070058,963.72,1.7605
47.5,-72.0,2026-10-02 23:13:35,14.329785156250011,55.98765563964844,6.251346040070057,947.41,2.72375
47.5,-71.5,2026-10-02 23:13:35,12.718535156250027,57.71265563964844,7.853346040070058,924.13,4.10275
47.5,-71.0,2026-10-02 23:13:35,10.666035156250018,62.51265563964844,9.059346040070057,905.04,3.82425
47.5,-70.5,2026-10-02 23:13:35,16.794785156250043,52.38765563964844,4.487346040070057,983.85,0.09725
47.5,-70.0,2026-10-02 23:13:35,12.214785156250002,88.13765563964844,1.8773460400700568,1008.55,0.17550000000000002
47.5,-69.5,2026-10-02 23:13:35,12.824785156250016,61.26265563964844,5.801346040070057,962.91,1.4877500000000001
47.5,-69.0,2026-10-02 23:13:35,13.348867187500048,63.07962265014649,6.375518320083618,972.41,0.07825
47.5,-68.5,2026-10-02 23:13:35,13.833867187500005,60.554622650146484,6.897518320083618,979.66,0.692375
47.5,-68.0,2026-10-02 23:13:35,13.241367187500032,70.0296226501465,6.3935183200836185,968.02,0.799125
47.5,-67.5,2026-10-02 23:13:35,14.043867187500041,65.47962265014648,5.583518320083618,979.07,0.22312500000000002
47.5,-67.0,2026-10-02 23:13:35,13.682617187500057,80.3546226501465,4.233518320083618,974.6,0.45775
47.5,-66.5,2026-10-02 23:13:35,12.917617187500014,83.50462265014649,5.583518320083618,964.55,0.21937500000000001
47.5,-66.0,2026-10-02 23:13:35,15.456367187500007,64.67962265014648,13.395518320083617,974.41,0.003875
47.5,-65.5,2026-10-02 23:13:35,16.655117187500025,75.70462265014649,10.857518320083619,990.19,0.032375
47.5,-65.0,2026-10-02 23:13:35,17.70011718750004,77.07962265014649,12.531518320083618,1002.82,0.00575
47.5,-61.5,2026-10-02 23:13:35,15.391367187500009,93.32962265014649,34.25751832008362,1005.66,0.0
47.5,-59.0,2026-10-02 23:13:35,14.341367187500055,93.5296226501465,24.48351832008362,1006.88,0.12587500000000001
47.5,-57.0,2026-10-02 23:13:35,13.532617187500023,95.05462265014648,21.99951832008362,1008.13,0.7305
47.5,-56.0,2026-10-02 23:13:35,13.772617187500032,94.92962265014648,25.99551832008362,1001.16,0.246
47.5,-55.5,2026-10-02 23:13:35,13.94011718750005,94.7296226501465,22.107518320083617,994.6,0.280375
47.5,-55.0,2026-10-02 23:13:35,15.272617187500032,86.37962265014649,26.139518320083617,1001.1,0.0
47.5,-54.5,2026-10-02 23:13:35,13.942617187500048,94.4796226501465,31.719518320083623,1002.74,0.007625
47.5,-54.0,2026-10-02 23:13:35,13.133867187500016,96.12962265014649,37.82151832008362,1010.05,0.007625
47.5,-53.5,2026-10-02 23:13:35,16.198867187500014,77.45462265014649,22.28751832008362,1002.07,0.003875
47.5,-53.0,2026-10-02 23:13:35,16.667617187500014,76.87962265014649,29.59551832008362,1003.57,0.007625
47.5,-52.5,2026-10-02 23:13:35,13.530078125000045,88.54946441650391,30.711207182228566,1009.0,0.013375
48.0,-91.5,2026-10-02 23:13:35,10.454785156250011,61.51265563964844,11.921346040070057,974.94,0.09725
48.0,-90.5,2026-10-02 23:13:35,10.118535156250005,57.58765563964844,12.335346040070059,954.21,0.007625
48.0,-90.0,2026-10-02 23:13:35,11.431035156250005,58.18765563964844,13.199346040070058,968.04,0.0
48.0,-89.5,2026-10-02 23:13:35,12.816035156250052,61.28765563964844,16.547346040070057,1001.72,0.017125
48.0,-87.5,2026-10-02 23:13:35,11.739785156250036,72.21265563964845,30.71334604007006,1000.82,0.0
48.0,-87.0,2026-10-02 23:13:35,11.722285156250052,73.13765563964844,32.49534604007006,1000.24,0.043875000000000004
48.0,-86.5,2026-10-02 23:13:35,11.69353515625005,80.16265563964845,36.97734604007006,999.76,0.061
48.0,-86.0,2026-10-02 23:13:35,11.984785156250041,76.76265563964844,33.25134604007006,999.18,0.15637500000000001
48.0,-85.5,2026-10-02 23:13:35,10.738535156250009,71.68765563964844,13.829346040070059,966.44,0.05725
48.0,-85.0,2026-10-02 23:13:35,9.342285156250057,92.96265563964845,12.587346040070058,980.26,0.059125000000000004
48.0,-84.5,2026-10-02 23:13:35,12.60103515625002,63.43765563964844,8.069346040070057,977.16,0.0
48.0,-84.0,2026-10-02 23:13:35,11.769785156250009,59.88765563964844,9.545346040070056,966.13,0.122125
48.0,-83.5,2026-10-02 23:13:35,10.56978515625002,64.81265563964844,9.725346040070058,962.65,0.12587500000000001
48.0,-83.0,2026-10-02 23:13:35,11.333535156250036,61.41265563964844,10.967346040070057,969.43,0.7115
48.0,-82.5,2026-10-02 23:13:35,10.898535156250034,64.28765563964843,17.73534604007006,971.27,1.226375
48.0,-82.0,2026-10-02 23:13:35,9.836035156250034,63.18765563964844,12.137346040070057,971.21,2.8381250000000002
48.0,-81.5,2026-10-02 23:13:35,9.837285156250005,67.68765563964844,12.281346040070057,975.46,2.1706250000000002
48.0,-81.0,2026-10-02 23:13:35,8.968535156250027,73.86265563964844,12.875346040070058,970.1,2.288875
48.0,-80.5,2026-10-02 23:13:35,9.859785156250041,71.48765563964844,13.091346040070057,976.68,3.431375
48.0,-80.0,2026-10-02 23:13:35,10.464785156250002,71.63765563964844,14.729346040070059,983.76,4.10275
48.0,-79.5,2026-10-02 23:13:35,11.738535156250009,67.78765563964843,14.477346040070056,980.38,2.85725
48.0,-79.0,2026-10-02 23:13:35,13.123535156250057,60.93765563964844,13.199346040070058,978.99,6.0120000000000005
48.0,-78.5,2026-10-02 23:13:35,12.961035156250034,62.38765563964844,13.109346040070058,977.41,7.280375
48.0,-78.0,2026-10-02 23:13:35,12.361035156250011,69.06265563964844,14.153346040070058,977.97,5.455
48.0,-77.5,2026-10-02 23:13:35,11.176035156250009,73.11265563964844,11.525346040070058,974.79,4.0760000000000005
48.0,-77.0,2026-10-02 23:13:35,12.021035156250036,69.61265563964844,14.189346040070056,973.63,3.0765000000000002
48.0,-76.5,2026-10-02 23:13:35,12.659785156250052,62.18765563964844,13.091346040070057,963.41,3.49425
48.0,-76.0,2026-10-02 23:13:35,14.181035156250005,57.66265563964844,14.189346040070056,958.77,4.2515
48.0,-75.5,2026-10-02 23:13:35,16.451035156250043,48.08765563964844,11.669346040070058,960.02,2.590125
48.0,-75.0,2026-10-02 23:13:35,15.552285156250036,50.86265563964844,12.191346040070059,951.91,4.66725
48.0,-74.5,2026-10-02 23:13:35,15.436035156250057,50.61265563964844,10.139346040070057,953.16,3.5095
48.0,-74.0,2026-10-02 23:13:35,15.739785156250036,52.21265563964844,9.005346040070057,956.85,1.72425
48.0,-73.5,2026-10-02 23:13:35,15.804785156250034,50.86265563964844,8.969346040070057,955.36,0.738125
48.0,-73.0,2026-10-02 23:13:35,16.436035156250057,53.38765563964844,6.755346040070057,965.94,1.792875
48.0,-72.5,2026-10-02 23:13:35,16.054785156250034,49.31265563964844,5.297346040070057,963.16,4.5203750000000005
48.0,-72.0,2026-10-02 23:13:35,15.03853515625002,50.73765563964844,5.1533460400700575,954.82,4.4365
48.0,-71.5,2026-10-02 23:13:35,13.002285156250025,57.18765563964844,7.097346040070057,933.85,4.28575
48.0,-71.0,2026-10-02 23:13:35,12.922285156250041,57.01265563964844,7.781346040070058,933.07,2.1935000000000002
48.0,-70.5,2026-10-02 23:13:35,12.986035156250011,53.43765563964844,9.635346040070058,934.94,0.62375
48.0,-70.0,2026-10-02 23:13:35,15.13103515625005,53.13765563964844,7.781346040070058,970.4,0.055375
48.0,-69.5,2026-10-02 23:13:35,11.00728515625002,82.21265563964845,1.517346040070057,1008.83,0.892625
48.0,-69.0,2026-10-02 23:13:35,14.436367187500025,51.62962265014649,5.493518320083618,982.71,2.0885000000000002
48.0,-68.5,2026-10-02 23:13:35,13.030117187500025,60.70462265014649,6.951518320083618,971.85,1.8635
48.0,-68.0,2026-10-02 23:13:35,13.216367187500055,57.654622650146486,8.91351832008362,965.08,1.74525
48.0,-67.5,2026-10-02 23:13:35,11.788867187500045,59.62962265014649,11.433518320083618,951.77,1.195875
48.0,-67.0,2026-10-02 23:13:35,13.827617187500039,57.10462265014649,10.011518320083619,984.11,0.6065
48.0,-66.5,2026-10-02 23:13:35,15.176367187500034,60.154622650146486,11.955518320083618,997.24,0.20600000000000002
48.0,-66.0,2026-10-02 23:13:35,15.313867187500023,74.10462265014648,28.28151832008362,1006.35,0.04575
48.0,-65.5,2026-10-02 23:13:35,15.435117187500055,80.8546226501465,29.775518320083616,1005.75,0.0
48.0,-64.5,2026-10-02 23:13:35,16.051367187500034,89.2296226501465,27.57951832008362,1004.82,0.0
48.0,-59.0,2026-10-02 23:13:35,14.373867187500025,97.62962265014649,17.715518320083618,973.86,0.08775000000000001
48.0,-58.5,2026-10-02 23:13:35,13.988867187500034,95.12962265014649,19.42551832008362,953.8,0.022875
48.0,-58.0,2026-10-02 23:13:35,13.663867187500045,91.9046226501465,26.715518320083618,951.97,0.034375
48.0,-57.5,2026-10-02 23:13:35,14.36886718750003,87.37962265014649,26.157518320083618,964.78,0.04
48.0,-57.0,2026-10-02 23:13:35,14.391367187500009,88.7796226501465,20.66751832008362,971.94,0.07062500000000001
48.0,-56.5,2026-10-02 23:13:35,14.560117187500055,88.1546226501465,27.54351832008362,975.21,0.0725
48.0,-56.0,2026-10-02 23:13:35,14.987617187500007,88.57962265014649,29.05551832008362,983.75,0.043875000000000004
48.0,-55.5,2026-10-02 23:13:35,14.547617187500009,91.05462265014648,29.253518320083618,983.35,0.10875
48.0,-55.0,2026-10-02 23:13:35,15.110117187500009,85.9046226501465,24.825518320083617,985.03,0.021
48.0,-54.5,2026-10-02 23:13:35,14.952617187500039,84.9046226501465,26.94951832008362,982.99,0.0305
48.0,-54.0,2026-10-02 23:13:35,16.51511718750004,80.70462265014649,27.11151832008362,991.14,0.007625
48.0,-53.5,2026-10-02 23:13:35,13.498867187500025,92.05462265014648,42.645518320083625,1008.35,0.0115
48.0,-53.0,2026-10-02 23:13:35,17.761367187500014,68.80462265014648,25.32951832008362,995.14,0.017125
48.5,-124.5,2026-10-02 23:13:35,11.993437500000027,95.58420639038087,1.6674729033708573,1018.29,1.44575
48.5,-124.0,2026-10-02 23:13:35,13.632187500000043,87.38420639038087,5.771472903370857,939.73,1.77
48.5,-123.5,2026-10-02 23:13:35,17.74968750000005,73.48420639038086,6.491472903370858,1002.86,0.23275
48.5,-93.5,2026-10-02 23:13:35,11.931035156250005,56.73765563964844,6.899346040070057,984.69,0.019125
48.5,-92.5,2026-10-02 23:13:35,10.984785156250041,57.06265563964844,10.805346040070058,980.94,0.141125
48.5,-92.0,2026-10-02 23:13:35,10.718535156250027,59.38765563964844,10.355346040070057,977.36,0.047625
48.5,-91.5,2026-10-02 23:13:35,10.388535156250043,64.18765563964844,18.239346040070057,978.71,0.034375
48.5,-91.0,2026-10-02 23:13:35,10.91228515625005,56.08765563964844,11.579346040070059,971.83,0.032375
48.5,-90.5,2026-10-02 23:13:35,10.722285156250052,59.91265563964844,11.201346040070058,967.69,0.0305
48.5,-90.0,2026-10-02 23:13:35,11.759785156250018,54.63765563964844,11.345346040070057,974.8,0.0
48.5,-89.5,2026-10-02 23:13:35,11.816035156250052,56.08765563964844,13.091346040070057,974.08,0.0115
48.5,-89.0,2026-10-02 23:13:35,13.31853515625005,53.56265563964844,16.583346040070058,994.79,0.03625
48.5,-88.5,2026-10-02 23:13:35,12.488535156250009,59.11265563964844,21.58734604007006,997.33,0.0
48.5,-88.0,2026-10-02 23:13:35,12.06978515625002,62.11265563964844,29.453346040070063,1000.72,0.051500000000000004
48.5,-87.5,2026-10-02 23:13:35,11.808535156250002,69.53765563964843,32.63934604007006,1000.21,0.0305
48.5,-87.0,2026-10-02 23:13:35,10.50603515625005,77.71265563964845,33.629346040070054,999.99,0.07825
48.5,-86.5,2026-10-02 23:13:35,11.064785156250025,74.63765563964844,17.951346040070057,999.47,0.021
48.5,-86.0,2026-10-02 23:13:35,9.00728515625002,88.11265563964844,4.019346040070057,982.57,0.16025
48.5,-85.5,2026-10-02 23:13:35,7.387285156250016,93.41265563964845,6.431346040070057,972.77,0.1965
48.5,-85.0,2026-10-02 23:13:35,8.462285156250005,76.58765563964845,8.807346040070058,968.52,0.055375
48.5,-84.5,2026-10-02 23:13:35,9.75728515625002,70.11265563964844,9.905346040070057,976.74,0.0
48.5,-84.0,2026-10-02 23:13:35,9.373535156250057,70.01265563964844,9.959346040070058,970.97,0.099125
48.5,-83.5,2026-10-02 23:13:35,10.853535156250018,58.76265563964844,10.283346040070057,977.33,0.33
48.5,-83.0,2026-10-02 23:13:35,11.418535156250016,55.08765563964844,11.759346040070058,978.44,0.26887500000000003
48.5,-82.5,2026-10-02 23:13:35,10.971035156250025,54.23765563964844,12.965346040070058,978.68,4.776
48.5,-82.0,2026-10-02 23:13:35,10.992285156250034,56.88765563964844,10.805346040070058,981.35,2.571125
48.5,-81.5,2026-10-02 23:13:35,9.41228515625005,62.63765563964844,11.867346040070057,982.93,3.744125
48.5,-81.0,2026-10-02 23:13:35,9.641035156250041,69.51265563964844,21.065346040070057,984.72,6.11875
48.5,-80.5,2026-10-02 23:13:35,8.302285156250036,74.38765563964844,13.397346040070058,982.71,7.310875
48.5,-80.0,2026-10-02 23:13:35,8.326035156250043,80.53765563964845,15.089346040070057,976.68,5.6095
48.5,-79.5,2026-10-02 23:13:35,9.933535156250002,71.31265563964844,14.117346040070057,981.16,4.364
48.5,-79.0,2026-10-02 23:13:35,10.207285156250009,67.33765563964845,15.377346040070057,975.72,7.925
48.5,-78.5,2026-10-02 23:13:35,11.999785156250027,62.48765563964844,11.993346040070056,974.1,5.422625
48.5,-78.0,2026-10-02 23:13:35,12.25603515625005,61.61265563964844,12.587346040070058,977.74,5.58275
48.5,-77.5,2026-10-02 23:13:35,12.316035156250052,64.66265563964843,15.053346040070057,974.86,5.9795
48.5,-77.0,2026-10-02 23:13:35,12.857285156250043,65.53765563964843,11.759346040070058,970.32,5.76025
48.5,-76.5,2026-10-02 23:13:35,13.19353515625005,62.63765563964844,12.587346040070058,963.49,6.486875
48.5,-76.0,2026-10-02 23:13:35,14.266035156250041,59.88765563964844,12.335346040070059,965.35,5.369125
48.5,-75.5,2026-10-02 23:13:35,14.127285156250025,58.56265563964844,10.823346040070058,964.24,5.565625
48.5,-75.0,2026-10-02 23:13:35,14.423535156250011,59.61265563964844,16.439346040070056,963.16,8.112
48.5,-74.5,2026-10-02 23:13:35,14.552285156250036,62.16265563964844,13.973346040070059,961.21,7.2021250000000006
48.5,-74.0,2026-10-02 23:13:35,15.054785156250034,51.41265563964844,13.199346040070058,959.63,6.208375
48.5,-73.5,2026-10-02 23:13:35,14.342285156250057,53.71265563964844,12.911346040070057,943.79,6.5765
48.5,-73.0,2026-10-02 23:13:35,14.811035156250057,49.28765563964844,11.057346040070058,947.57,7.01525
48.5,-72.5,2026-10-02 23:13:35,16.399785156250005,53.21265563964844,5.819346040070057,969.51,6.467875
48.5,-72.0,2026-10-02 23:13:35,14.641035156250041,61.01265563964844,4.973346040070057,998.49,4.74925
48.5,-71.5,2026-10-02 23:13:35,16.416035156250018,54.16265563964844,9.203346040070057,990.13,2.498625
48.5,-71.0,2026-10-02 23:13:35,16.19353515625005,62.03765563964844,8.339346040070057,988.69,1.094875
48.5,-70.5,2026-10-02 23:13:35,14.646035156250036,56.43765563964844,10.247346040070058,954.4,2.388
48.5,-70.0,2026-10-02 23:13:35,15.50728515625002,47.98765563964844,7.259346040070057,959.96,0.888875
48.5,-69.5,2026-10-02 23:13:35,16.22478515625005,48.51265563964844,6.089346040070057,979.32,0.446375
48.5,-68.5,2026-10-02 23:13:35,11.134785156250018,74.56265563964844,8.447346040070057,1008.04,1.831
48.5,-68.0,2026-10-02 23:13:35,14.199785156250016,57.66265563964844,7.7093460400700575,979.74,1.926375
48.5,-67.5,2026-10-02 23:13:35,14.28386718750005,52.57962265014649,12.153518320083618,981.28,0.696125
48.5,-67.0,2026-10-02 23:13:35,11.922617187500009,63.279622650146486,11.433518320083618,962.47,0.528375
48.5,-66.5,2026-10-02 23:13:35,11.726367187500045,60.45462265014649,13.665518320083619,945.57,0.5245
48.5,-66.0,2026-10-02 23:13:35,14.530117187500025,54.404622650146486,10.58751832008362,964.94,0.1335
48.5,-65.5,2026-10-02 23:13:35,16.42136718750004,56.779622650146486,8.15751832008362,965.94,0.11825000000000001
48.5,-65.0,2026-10-02 23:13:35,16.17261718750001,66.6546226501465,9.993518320083618,959.1,0.0935
48.5,-64.5,2026-10-02 23:13:35,18.438867187500023,63.679622650146484,7.185518320083618,984.75,0.007625
48.5,-59.0,2026-10-02 23:13:35,13.946367187500016,94.9046226501465,35.06751832008362,1005.1,0.0095
48.5,-58.5,2026-10-02 23:13:35,15.445117187500045,89.9796226501465,25.23951832008362,1001.66,0.061
48.5,-58.0,2026-10-02 23:13:35,15.605117187500014,89.82962265014649,12.963518320083619,967.46,0.007625
48.5,-57.5,2026-10-02 23:13:35,15.675117187500007,84.75462265014649,17.355518320083622,963.13,0.0
48.5,-57.0,2026-10-02 23:13:35,16.956367187500007,75.35462265014648,19.64151832008362,970.3,0.017125
48.5,-56.5,2026-10-02 23:13:35,16.47136718750005,78.07962265014649,23.47551832008362,967.75,0.049625
48.5,-56.0,2026-10-02 23:13:35,17.063867187500023,74.80462265014648,23.33151832008362,973.75,0.013375
48.5,-55.5,2026-10-02 23:13:35,16.661367187500048,79.57962265014649,20.775518320083616,988.32,0.02675
48.5,-55.0,2026-10-02 23:13:35,15.938867187500023,80.1046226501465,20.28951832008362,977.85,0.04575
48.5,-54.5,2026-10-02 23:13:35,17.272617187500032,74.00462265014649,24.807518320083616,985.61,0.074375
48.5,-54.0,2026-10-02 23:13:35,17.698867187500014,71.4046226501465,29.43351832008362,993.66,0.0115
48.5,-53.5,2026-10-02 23:13:35,18.59636718750005,70.45462265014649,27.38151832008362,998.21,0.0
48.5,-53.0,2026-10-02 23:13:35,12.882617187500045,92.9796226501465,43.77951832008362,1006.78,0.013375
49.0,-125.5,2026-10-02 23:13:35,13.99968750000005,97.08420639038087,6.311472903370857,975.67,4.320125
49.0,-125.0,2026-10-02 23:13:35,14.630937500000016,97.05920639038087,0.9294729033708574,1001.04,1.5125
49.0,-124.5,2026-10-02 23:13:35,11.71843750000005,98.70920639038087,3.8634729033708575,924.93,3.128
49.0,-124.0,2026-10-02 23:13:35,14.305937500000027,84.00920639038087,2.1174729033708575,936.62,3.51525
49.0,-123.5,2026-10-02 23:13:35,13.738437500000032,86.78420639038086,13.907472903370858,1018.31,2.529125
49.0,-123.0,2026-10-02 23:13:35,13.565937500000018,89.95920639038087,7.193472903370858,1018.47,2.718
49.0,-122.5,2026-10-02 23:13:35,17.212187500000027,82.85920639038086,2.2434729033708574,1011.95,2.17625
49.0,-122.0,2026-10-02 23:13:35,11.429687500000057,97.85920639038086,4.691472903370857,906.92,9.338375000000001
49.0,-121.5,2026-10-02 23:13:35,8.373437500000023,90.15920639038086,6.401472903370857,828.87,6.204625
49.0,-121.0,2026-10-02 23:13:35,12.527187500000025,83.45920639038087,1.7754729033708574,884.28,1.417125
49.0,-120.5,2026-10-02 23:13:35,13.110937500000034,59.15920639038086,8.003472903370858,837.54,0.734375
49.0,-120.0,2026-10-02 23:13:35,10.219082031250025,59.8965805053711,9.23813021349907,794.0,0.461625
49.0,-119.5,2026-10-02 23:13:35,16.719082031250025,44.446580505371095,4.19813021349907,952.55,0.007625
49.0,-119.0,2026-10-02 23:13:35,15.144082031250036,51.7715805053711,2.290130213499069,892.97,0.11825000000000001
49.0,-118.5,2026-10-02 23:13:35,19.219082031250025,28.896580505371094,0.20213021349906923,936.17,0.013375
49.0,-118.0,2026-10-02 23:13:35,14.397832031250005,50.1715805053711,4.43213021349907,891.7,0.01525
49.0,-117.5,2026-10-02 23:13:35,14.127832031250023,53.1215805053711,3.964130213499069,889.49,0.0
49.0,-117.0,2026-10-02 23:13:35,10.831582031250036,59.1465805053711,7.060130213499069,821.88,0.028625
49.0,-116.5,2026-10-02 23:13:35,18.287832031250048,42.3715805053711,3.298130213499069,953.83,0.0
49.0,-116.0,2026-10-02 23:13:35,12.909082031250023,53.1215805053711,7.38413021349907,844.13,0.013375
49.0,-115.5,2026-10-02 23:13:35,11.604082031250016,54.7715805053711,8.57213021349907,834.89,0.0
49.0,-115.0,2026-10-02 23:13:35,11.752832031250023,57.471580505371094,5.81813021349907,842.03,0.013375
49.0,-114.5,2026-10-02 23:13:35,15.116582031250005,42.446580505371095,4.28813021349907,848.03,0.0
49.0,-114.0,2026-10-02 23:13:35,10.735332031250039,58.4965805053711,14.06213021349907,801.89,0.0
49.0,-113.5,2026-10-02 23:13:35,15.666582031250016,50.6215805053711,12.046130213499069,855.61,0.0
49.0,-113.0,2026-10-02 23:13:35,18.134082031250045,37.096580505371094,23.53013021349907,865.91,0.0
49.0,-112.5,2026-10-02 23:13:35,19.32658203125004,36.6465805053711,21.87413021349907,874.99,0.0
49.0,-112.0,2026-10-02 23:13:35,20.03658203125002,40.221580505371094,16.096130213499073,891.69,0.0
49.0,-111.5,2026-10-02 23:13:35,19.031582031250025,40.821580505371095,16.47413021349907,884.7,0.0
49.0,-111.0,2026-10-02 23:13:35,19.197832031250016,40.5215805053711,17.33813021349907,892.13,0.0
49.0,-110.5,2026-10-02 23:13:35,20.131582031250048,37.821580505371095,6.2501302134990695,912.69,0.0
49.0,-110.0,2026-10-02 23:13:35,17.353828125000007,42.82446441650391,12.855207182228565,915.94,0.0
49.0,-109.5,2026-10-02 23:13:35,16.741328125000052,46.39946441650391,15.249207182228565,914.58,0.0
49.0,-109.0,2026-10-02 23:13:35,16.925078125000027,44.32446441650391,16.257207182228566,908.12,0.019125
49.0,-108.5,2026-10-02 23:13:35,18.543828125000005,41.19946441650391,12.963207182228567,909.53,0.013375
49.0,-108.0,2026-10-02 23:13:35,16.668828125000005,44.04946441650391,13.485207182228566,918.29,0.0
49.0,-107.5,2026-10-02 23:13:35,15.992578125000023,44.29946441650391,18.381207182228565,920.84,0.0
49.0,-107.0,2026-10-02 23:13:35,15.248828125000045,48.49946441650391,20.631207182228565,920.06,0.0
49.0,-106.5,2026-10-02 23:13:35,15.90132812500002,44.099464416503906,22.683207182228568,908.81,0.0
49.0,-106.0,2026-10-02 23:13:35,15.252578125000014,48.849464416503906,23.385207182228566,914.97,0.0
49.0,-105.5,2026-10-02 23:13:35,15.216328125000018,44.94946441650391,25.995207182228565,924.09,0.0
49.0,-105.0,2026-10-02 23:13:35,15.942578125000011,43.099464416503906,27.111207182228565,931.44,0.0
49.0,-104.5,2026-10-02 23:13:35,17.395078125000055,32.974464416503906,32.92520718222857,934.75,0.0
49.0,-104.0,2026-10-02 23:13:35,16.293828125000005,38.14946441650391,32.673207182228566,939.29,0.0
49.0,-103.5,2026-10-02 23:13:35,16.930078125000023,37.57446441650391,34.38320718222857,945.94,0.0
49.0,-103.0,2026-10-02 23:13:35,16.24507812500002,44.474464416503906,30.76520718222857,950.9,0.0
49.0,-102.5,2026-10-02 23:13:35,16.301328125000055,38.224464416503906,31.539207182228566,950.31,0.0
49.0,-102.0,2026-10-02 23:13:35,15.395078125000055,42.12446441650391,28.767207182228564,956.86,0.0
49.0,-101.5,2026-10-02 23:13:35,15.051328125000055,47.099464416503906,24.285207182228564,963.53,0.0
49.0,-101.0,2026-10-02 23:13:35,15.106328125000005,44.02446441650391,24.159207182228567,968.95,0.0
49.0,-100.5,2026-10-02 23:13:35,12.928828125000052,41.94946441650391,20.541207182228565,945.04,0.0
49.0,-100.0,2026-10-02 23:13:35,12.908828125000014,41.57446441650391,24.105207182228565,941.33,0.0
49.0,-99.5,2026-10-02 23:13:35,16.237578125000027,32.39946441650391,22.719207182228566,963.45,0.0
49.0,-99.0,2026-10-02 23:13:35,16.227578125000036,31.949464416503908,21.387207182228565,967.83,0.0
49.0,-98.5,2026-10-02 23:13:35,15.515078125000002,39.974464416503906,18.183207182228568,968.98,0.0
49.0,-98.0,2026-10-02 23:13:35,16.238828125000055,41.29946441650391,16.905207182228565,987.03,0.0
49.0,-97.5,2026-10-02 23:13:35,16.202578125000002,46.849464416503906,15.429207182228565,994.87,0.0
49.0,-97.0,2026-10-02 23:13:35,15.685078125000018,46.32446441650391,17.625207182228568,994.83,0.0
49.0,-96.5,2026-10-02 23:13:35,15.411328125000011,40.974464416503906,14.997207182228564,988.67,0.0
49.0,-96.0,2026-10-02 23:13:35,14.725078125000039,42.07446441650391,10.281207182228567,986.86,0.0
49.0,-95.5,2026-10-02 23:13:35,14.487578125000027,44.62446441650391,8.625207182228566,985.89,0.001875
49.0,-94.5,2026-10-02 23:13:35,10.398535156250034,69.68765563964844,14.621346040070057,987.79,0.120125
49.0,-94.0,2026-10-02 23:13:35,12.527285156250002,49.06265563964844,7.4753460400700575,983.22,0.1145
49.0,-93.5,2026-10-02 23:13:35,10.958535156250036,57.36265563964844,10.769346040070058,982.35,0.0115
49.0,-93.0,2026-10-02 23:13:35,10.439785156250025,58.23765563964844,8.015346040070057,975.96,0.02475
49.0,-92.5,2026-10-02 23:13:35,10.502285156250025,61.13765563964844,9.437346040070057,978.71,0.0115
49.0,-92.0,2026-10-02 23:13:35,9.677285156250036,65.01265563964844,17.71734604007006,972.82,0.019125
49.0,-91.5,2026-10-02 23:13:35,10.118535156250005,57.26265563964844,12.803346040070057,968.68,0.082
49.0,-91.0,2026-10-02 23:13:35,10.426035156250009,57.16265563964844,11.165346040070057,968.38,0.06675
49.0,-90.5,2026-10-02 23:13:35,9.611035156250011,63.76265563964844,13.379346040070057,966.83,0.034375
49.0,-90.0,2026-10-02 23:13:35,9.902285156250002,65.56265563964844,22.739346040070057,966.54,0.053375
49.0,-89.5,2026-10-02 23:13:35,10.712285156250005,58.31265563964844,12.353346040070058,967.33,0.1545
49.0,-89.0,2026-10-02 23:13:35,10.06978515625002,59.48765563964844,14.639346040070057,969.04,0.431
49.0,-88.5,2026-10-02 23:13:35,11.06978515625002,57.08765563964844,12.767346040070057,983.21,0.507375
49.0,-88.0,2026-10-02 23:13:35,10.791035156250018,62.93765563964844,15.30534604007006,982.3,0.207875
49.0,-87.5,2026-10-02 23:13:35,8.767285156250011,71.78765563964843,11.669346040070058,976.11,0.742
49.0,-87.0,2026-10-02 23:13:35,7.824785156250016,86.26265563964844,10.769346040070058,975.02,1.37525
49.0,-86.5,2026-10-02 23:13:35,8.606035156250016,78.76265563964844,9.491346040070058,985.55,0.45775
49.0,-86.0,2026-10-02 23:13:35,9.50603515625005,78.88765563964844,9.185346040070058,982.8,0.320375
49.0,-85.5,2026-10-02 23:13:35,8.31978515625002,78.98765563964844,8.861346040070057,976.13,0.059125000000000004
49.0,-85.0,2026-10-02 23:13:35,9.722285156250052,70.26265563964844,11.759346040070058,976.02,0.0115
49.0,-84.5,2026-10-02 23:13:35,10.871035156250002,60.46265563964844,11.291346040070058,979.26,0.001875
49.0,-84.0,2026-10-02 23:13:35,10.298535156250011,63.08765563964844,13.145346040070057,976.58,0.0
49.0,-83.5,2026-10-02 23:13:35,10.94353515625005,58.06265563964844,12.479346040070059,984.07,0.007625
49.0,-83.0,2026-10-02 23:13:35,10.441035156250052,60.41265563964844,11.777346040070057,986.41,0.722875
49.0,-82.5,2026-10-02 23:13:35,9.061035156250057,63.03765563964844,12.767346040070057,984.76,0.164
49.0,-82.0,2026-10-02 23:13:35,9.736035156250011,57.68765563964844,11.021346040070057,985.82,0.228875
49.0,-81.5,2026-10-02 23:13:35,9.493535156250005,60.56265563964844,11.777346040070057,985.96,0.8658750000000001
49.0,-81.0,2026-10-02 23:13:35,9.996035156250002,54.28765563964844,13.091346040070057,985.32,1.97025
49.0,-80.5,2026-10-02 23:13:35,9.203535156250041,56.28765563964844,13.487346040070058,982.65,2.389875
49.0,-80.0,2026-10-02 23:13:35,7.471035156250025,75.43765563964844,18.20334604007006,979.65,2.050375
49.0,-79.5,2026-10-02 23:13:35,9.556035156250005,59.26265563964844,14.189346040070056,978.19,4.707375
49.0,-79.0,2026-10-02 23:13:35,10.064785156250025,63.01265563964844,25.385346040070058,979.88,8.195875000000001
49.0,-78.5,2026-10-02 23:13:35,10.339785156250002,61.93765563964844,16.24134604007006,976.52,5.941375
49.0,-78.0,2026-10-02 23:13:35,10.958535156250036,65.33765563964845,10.301346040070058,978.46,5.6915000000000004
49.0,-77.5,2026-10-02 23:13:35,10.279785156250057,69.86265563964844,9.995346040070057,978.96,6.8492500000000005
49.0,-77.0,2026-10-02 23:13:35,11.291035156250018,72.71265563964845,11.489346040070057,978.71,10.810875
49.0,-76.5,2026-10-02 23:13:35,10.933535156250002,68.23765563964844,8.429346040070058,966.44,6.4106250000000005
49.0,-76.0,2026-10-02 23:13:35,11.169785156250043,70.08765563964845,8.771346040070057,963.99,9.3575
49.0,-75.5,2026-10-02 23:13:35,11.931035156250005,66.18765563964844,12.281346040070057,965.85,10.026875
49.0,-75.0,2026-10-02 23:13:35,11.981035156250016,65.31265563964844,9.473346040070057,953.74,10.17575
49.0,-74.5,2026-10-02 23:13:35,13.064785156250025,61.21265563964844,9.869346040070058,957.82,9.018
49.0,-74.0,2026-10-02 23:13:35,13.141035156250041,62.03765563964844,9.779346040070058,958.19,10.34925
49.0,-73.5,2026-10-02 23:13:35,13.586035156250034,61.56265563964844,14.387346040070057,957.82,8.00325
49.0,-73.0,2026-10-02 23:13:35,15.484785156250041,56.71265563964844,10.823346040070058,974.58,6.719625
49.0,-72.5,2026-10-02 23:13:35,16.439785156250025,57.18765563964844,8.807346040070058,987.15,2.771375
49.0,-72.0,2026-10-02 23:13:35,16.564785156250025,56.06265563964844,7.997346040070058,983.26,4.9725
49.0,-71.5,2026-10-02 23:13:35,15.554785156250034,59.23765563964844,9.095346040070057,975.1,5.344375
49.0,-71.0,2026-10-02 23:13:35,14.154785156250057,63.91265563964844,9.851346040070059,960.21,6.271375
49.0,-70.5,2026-10-02 23:13:35,13.207285156250009,57.63765563964844,16.78134604007006,940.36,4.0683750000000005
49.0,-70.0,2026-10-02 23:13:35,13.884785156250018,53.11265563964844,13.829346040070059,943.49,3.595375
49.0,-69.5,2026-10-02 23:13:35,15.236035156250011,48.01265563964844,11.345346040070057,958.69,1.234
49.0,-69.0,2026-10-02 23:13:35,17.34978515625005,44.03765563964844,8.231346040070058,987.46,0.577875
49.0,-68.5,2026-10-02 23:13:35,12.576035156250043,71.46265563964845,11.147346040070058,1007.69,0.5875
49.0,-67.0,2026-10-02 23:13:35,11.03386718750005,78.9796226501465,21.76551832008362,1007.61,2.04275
49.0,-66.5,2026-10-02 23:13:35,14.856367187500041,54.35462265014649,10.047518320083618,979.42,1.0815000000000001
49.0,-66.0,2026-10-02 23:13:35,8.335117187500032,63.22962265014649,19.33551832008362,890.22,1.4725
49.0,-65.5,2026-10-02 23:13:35,11.477617187500016,52.00462265014649,15.591518320083619,930.94,0.18887500000000002
49.0,-65.0,2026-10-02 23:13:35,13.105117187500014,48.50462265014649,15.339518320083618,947.1,0.35100000000000003
49.0,-64.5,2026-10-02 23:13:35,13.661367187500048,54.82962265014649,16.52751832008362,978.13,0.120125
49.0,-62.0,2026-10-02 23:13:35,13.320117187500045,93.9046226501465,29.523518320083618,1002.75,1.64225
49.0,-58.5,2026-10-02 23:13:35,14.640117187500039,92.57962265014649,35.33751832008362,998.69,0.00575
49.0,-58.0,2026-10-02 23:13:35,16.602617187500016,84.00462265014649,20.541518320083618,990.61,0.003875
49.0,-57.5,2026-10-02 23:13:35,15.470117187500023,88.92962265014648,14.925518320083617,965.74,0.0
49.0,-57.0,2026-10-02 23:13:35,15.856367187500041,82.3546226501465,17.30151832008362,967.07,0.0
49.0,-56.5,2026-10-02 23:13:35,16.23511718750001,78.95462265014649,20.721518320083618,973.66,0.0
49.0,-56.0,2026-10-02 23:13:35,18.522617187500032,67.17962265014648,20.05551832008362,987.88,0.007625
49.0,-55.5,2026-10-02 23:13:35,20.230117187500014,62.429622650146484,25.43751832008362,998.57,0.04575
49.0,-55.0,2026-10-02 23:13:35,17.24386718750003,75.20462265014649,20.19951832008362,986.6,0.238375
49.0,-54.5,2026-10-02 23:13:35,18.505117187500048,70.5296226501465,20.163518320083618,992.86,0.82775
49.0,-54.0,2026-10-02 23:13:35,19.463867187500057,67.25462265014649,21.58551832008362,998.52,0.116375
49.0,-53.5,2026-10-02 23:13:35,14.108867187500039,84.4046226501465,33.069518320083624,1005.17,0.02475
49.5,-126.5,2026-10-02 23:13:35,14.439687500000048,96.35920639038086,7.211472903370859,991.17,12.035375
49.5,-126.0,2026-10-02 23:13:35,13.690937500000018,94.10920639038086,2.7294729033708576,956.75,11.959125
49.5,-125.5,2026-10-02 23:13:35,10.010937500000011,93.98420639038086,3.0534729033708574,869.75,12.464500000000001
49.5,-125.0,2026-10-02 23:13:35,10.037187500000016,98.90920639038086,4.403472903370857,897.29,4.28775
49.5,-124.5,2026-10-02 23:13:35,14.350937500000043,89.18420639038087,17.66947290337086,1018.12,2.222
49.5,-124.0,2026-10-02 23:13:35,14.224687500000016,88.48420639038086,11.765472903370858,1018.36,1.1596250000000001
49.5,-123.5,2026-10-02 23:13:35,14.06218750000005,81.38420639038087,2.6214729033708575,991.04,1.76625
49.5,-123.0,2026-10-02 23:13:35,10.458437500000002,99.05920639038087,0.3354729033708572,914.97,2.571125
49.5,-122.5,2026-10-02 23:13:35,11.944687500000043,94.98420639038086,1.8294729033708574,943.62,2.88775
49.5,-122.0,2026-10-02 23:13:35,12.089687500000025,94.45920639038087,3.539472903370857,927.12,5.00875
49.5,-121.5,2026-10-02 23:13:35,13.082187500000032,85.58420639038087,4.979472903370857,914.95,5.9738750000000005
49.5,-121.0,2026-10-02 23:13:35,9.478437500000041,90.55920639038087,9.875472903370857,850.83,7.501625
49.5,-120.5,2026-10-02 23:13:35,19.07343750000001,54.35920639038086,0.5874729033708572,924.83,1.094875
49.5,-120.0,2026-10-02 23:13:35,11.086582031250032,70.1215805053711,9.54413021349907,828.67,0.81825
49.5,-119.5,2026-10-02 23:13:35,14.905332031250055,56.6215805053711,3.3881302134990694,891.53,0.494
49.5,-119.0,2026-10-02 23:13:35,14.967832031250055,55.0215805053711,0.2921302134990692,888.44,0.598875
49.5,-118.5,2026-10-02 23:13:35,12.412832031250048,53.696580505371095,2.668130213499069,875.25,0.347125
49.5,-118.0,2026-10-02 23:13:35,11.659082031250023,61.9215805053711,3.6761302134990697,849.41,0.19075
49.5,-117.5,2026-10-02 23:13:35,13.55783203125003,46.321580505371095,2.0021302134990693,898.72,0.03625
49.5,-117.0,2026-10-02 23:13:35,9.131582031250048,62.5215805053711,5.7101302134990695,800.08,0.06675
49.5,-116.5,2026-10-02 23:13:35,9.325332031250014,61.5215805053711,9.23813021349907,794.97,0.101125
49.5,-116.0,2026-10-02 23:13:35,13.250332031250025,47.196580505371095,1.4261302134990692,820.53,0.07825
49.5,-115.5,2026-10-02 23:13:35,17.22408203125002,33.37158050537109,3.136130213499069,923.75,0.0
49.5,-115.0,2026-10-02 23:13:35,12.545332031250041,49.2465805053711,9.04013021349907,851.47,0.003875
49.5,-114.5,2026-10-02 23:13:35,11.934082031250057,50.471580505371094,12.62213021349907,825.7,0.003875
49.5,-114.0,2026-10-02 23:13:35,16.399082031250032,43.7965805053711,21.33413021349907,880.64,0.0
49.5,-113.5,2026-10-02 23:13:35,16.937832031250025,42.3715805053711,23.63813021349907,881.39,0.0
49.5,-113.0,2026-10-02 23:13:35,18.116582031250005,47.9965805053711,20.020130213499073,901.77,0.0
49.5,-112.5,2026-10-02 23:13:35,17.996582031250057,46.096580505371094,19.64213021349907,906.49,0.0
49.5,-112.0,2026-10-02 23:13:35,16.79908203125001,55.321580505371095,23.04413021349907,906.2,0.0095
49.5,-111.5,2026-10-02 23:13:35,18.20158203125004,49.721580505371094,20.90213021349907,914.06,0.0
49.5,-111.0,2026-10-02 23:13:35,18.42033203125004,45.5465805053711,18.67013021349907,915.35,0.003875
49.5,-110.5,2026-10-02 23:13:35,17.42408203125001,36.321580505371095,19.21013021349907,886.42,0.013375
49.5,-110.0,2026-10-02 23:13:35,14.831328125000027,43.349464416503906,14.061207182228566,879.86,0.022875
49.5,-109.5,2026-10-02 23:13:35,15.442578125000011,44.17446441650391,14.385207182228566,895.62,0.0
49.5,-109.0,2026-10-02 23:13:35,16.428828125000052,42.74946441650391,18.993207182228566,897.11,0.013375
49.5,-108.5,2026-10-02 23:13:35,16.665078125000036,40.87446441650391,19.875207182228568,899.95,0.017125
49.5,-108.0,2026-10-02 23:13:35,15.942578125000011,41.974464416503906,21.153207182228563,906.44,0.007625
49.5,-107.5,2026-10-02 23:13:35,15.961328125000023,41.44946441650391,24.591207182228565,916.98,0.0115
49.5,-107.0,2026-10-02 23:13:35,16.727578125000036,40.19946441650391,23.151207182228568,921.76,0.0
49.5,-106.5,2026-10-02 23:13:35,17.885078125000007,38.04946441650391,22.827207182228566,924.14,0.0
49.5,-106.0,2026-10-02 23:13:35,16.716328125000018,40.349464416503906,24.249207182228567,924.86,0.0
49.5,-105.5,2026-10-02 23:13:35,16.041328125000007,40.724464416503906,26.355207182228565,927.17,0.0
49.5,-105.0,2026-10-02 23:13:35,15.930078125000023,37.499464416503905,31.34120718222857,930.56,0.0
49.5,-104.5,2026-10-02 23:13:35,16.627578125000014,32.724464416503906,32.58320718222856,937.03,0.0
49.5,-104.0,2026-10-02 23:13:35,16.405078125000045,36.32446441650391,32.853207182228566,946.61,0.0
49.5,-103.5,2026-10-02 23:13:35,16.51632812500003,38.89946441650391,32.061207182228564,948.95,0.0
49.5,-103.0,2026-10-02 23:13:35,15.207578125000055,45.724464416503906,29.397207182228566,948.7,0.0
49.5,-102.5,2026-10-02 23:13:35,15.385078125000007,41.92446441650391,28.623207182228565,949.67,0.0
49.5,-102.0,2026-10-02 23:13:35,14.006328125000039,49.52446441650391,24.915207182228567,949.78,0.0
49.5,-101.5,2026-10-02 23:13:35,13.440078125000014,49.87446441650391,24.339207182228566,956.92,0.0
49.5,-101.0,2026-10-02 23:13:35,14.27632812500002,44.37446441650391,24.285207182228564,969.54,0.0
49.5,-100.5,2026-10-02 23:13:35,15.55757812500002,40.89946441650391,25.52720718222857,971.06,0.0
49.5,-100.0,2026-10-02 23:13:35,15.380078125000011,43.49946441650391,24.393207182228565,968.72,0.0
49.5,-99.5,2026-10-02 23:13:35,16.502578125000014,41.24946441650391,23.727207182228568,974.62,0.0
49.5,-99.0,2026-10-02 23:13:35,16.765078125000002,37.92446441650391,18.02120718222857,973.98,0.0
49.5,-98.5,2026-10-02 23:13:35,15.921328125000002,41.57446441650391,20.055207182228564,969.86,0.0
49.5,-98.0,2026-10-02 23:13:35,17.407578125000043,39.54946441650391,13.863207182228566,991.73,0.0
49.5,-97.5,2026-10-02 23:13:35,15.742578125000023,45.37446441650391,12.135207182228566,995.64,0.0
49.5,-97.0,2026-10-02 23:13:35,15.012578125000005,49.599464416503906,16.293207182228567,995.9,0.0
49.5,-96.5,2026-10-02 23:13:35,15.131328125000039,44.27446441650391,14.529207182228564,990.53,0.0
49.5,-96.0,2026-10-02 23:13:35,15.498828125000045,36.499464416503905,9.111207182228565,986.14,0.00575
49.5,-95.5,2026-10-02 23:13:35,14.501328125000043,43.57446441650391,7.869207182228566,984.58,0.04
49.5,-95.0,2026-10-02 23:13:35,10.732285156250043,64.46265563964845,9.347346040070057,987.24,0.007625
49.5,-94.5,2026-10-02 23:13:35,10.423535156250011,63.91265563964844,12.353346040070058,986.57,0.0
49.5,-94.0,2026-10-02 23:13:35,11.368535156250005,55.51265563964844,7.421346040070057,983.21,0.068625
49.5,-93.5,2026-10-02 23:13:35,10.368535156250005,63.06265563964844,9.149346040070057,980.46,0.043875000000000004
49.5,-93.0,2026-10-02 23:13:35,10.426035156250009,64.26265563964844,8.807346040070058,979.77,0.001875
49.5,-92.5,2026-10-02 23:13:35,10.374785156250027,58.63765563964844,10.733346040070057,976.04,0.022875
49.5,-92.0,2026-10-02 23:13:35,10.107285156250043,54.58765563964844,11.957346040070059,971.19,0.021
49.5,-91.5,2026-10-02 23:13:35,9.208535156250036,64.28765563964843,15.16134604007006,972.4,0.08775000000000001
49.5,-91.0,2026-10-02 23:13:35,9.44478515625002,65.81265563964844,14.117346040070057,969.38,0.228875
49.5,-90.5,2026-10-02 23:13:35,9.811035156250057,57.78765563964844,14.729346040070059,967.58,0.9460000000000001
49.5,-90.0,2026-10-02 23:13:35,9.458535156250036,62.53765563964844,19.949346040070058,968.26,1.228375
49.5,-89.5,2026-10-02 23:13:35,9.409785156250052,59.96265563964844,14.999346040070058,969.63,2.594
49.5,-89.0,2026-10-02 23:13:35,10.419785156250043,60.13765563964844,22.05534604007006,989.51,1.462875
49.5,-88.5,2026-10-02 23:13:35,10.293535156250016,62.58765563964844,24.449346040070058,988.91,4.402125
49.5,-88.0,2026-10-02 23:13:35,9.609785156250041,69.28765563964843,14.243346040070056,975.3,16.552
49.5,-87.5,2026-10-02 23:13:35,8.791035156250018,75.06265563964844,13.919346040070058,970.57,12.168875
49.5,-87.0,2026-10-02 23:13:35,8.941035156250052,67.68765563964844,10.769346040070058,972.63,1.346625
49.5,-86.5,2026-10-02 23:13:35,9.072285156250018,67.86265563964844,11.327346040070058,976.66,0.846875
49.5,-86.0,2026-10-02 23:13:35,8.728535156250018,69.18765563964844,13.289346040070058,979.22,0.721
49.5,-85.5,2026-10-02 23:13:35,10.513535156250043,60.33765563964844,12.713346040070057,981.24,0.10675
49.5,-85.0,2026-10-02 23:13:35,10.158535156250025,60.76265563964844,12.677346040070057,981.65,0.013375
49.5,-84.5,2026-10-02 23:13:35,10.587285156250005,55.98765563964844,12.281346040070057,983.91,0.013375
49.5,-84.0,2026-10-02 23:13:35,10.273535156250034,55.46265563964844,12.191346040070059,985.9,0.101125
49.5,-83.5,2026-10-02 23:13:35,10.582285156250009,52.88765563964844,12.101346040070059,986.72,0.461625
49.5,-83.0,2026-10-02 23:13:35,10.708535156250036,50.21265563964844,12.245346040070057,989.71,0.62375
49.5,-82.5,2026-10-02 23:13:35,10.721035156250025,50.28765563964844,12.299346040070057,992.15,0.614125
49.5,-82.0,2026-10-02 23:13:35,10.16353515625002,53.16265563964844,12.479346040070059,990.6,0.906
49.5,-81.5,2026-10-02 23:13:35,10.324785156250016,51.38765563964844,12.803346040070057,989.69,1.0605
49.5,-81.0,2026-10-02 23:13:35,8.308535156250002,57.31265563964844,11.867346040070057,984.93,2.5635
49.5,-80.5,2026-10-02 23:13:35,7.6185351562500045,60.51265563964844,12.821346040070058,983.94,4.37925
49.5,-80.0,2026-10-02 23:13:35,7.468535156250027,59.96265563964844,14.441346040070059,981.58,4.20575
49.5,-79.5,2026-10-02 23:13:35,7.613535156250009,59.61265563964844,16.259346040070056,984.4,9.681750000000001
49.5,-79.0,2026-10-02 23:13:35,10.232285156250043,54.71265563964844,13.235346040070057,982.55,8.901625000000001
49.5,-78.5,2026-10-02 23:13:35,9.158535156250025,67.56265563964844,14.819346040070057,979.91,6.979
49.5,-78.0,2026-10-02 23:13:35,7.396035156250036,86.86265563964844,13.379346040070057,982.51,3.625875
49.5,-77.5,2026-10-02 23:13:35,10.291035156250018,78.63765563964844,13.091346040070057,980.65,3.080375
49.5,-77.0,2026-10-02 23:13:35,7.449785156250016,93.38765563964844,11.381346040070058,967.21,3.7651250000000003
49.5,-76.5,2026-10-02 23:13:35,10.027285156250002,82.73765563964844,14.621346040070057,981.3,5.6762500000000005
49.5,-76.0,2026-10-02 23:13:35,9.812285156250027,75.13765563964844,4.973346040070057,975.83,7.42525
49.5,-75.5,2026-10-02 23:13:35,8.887285156250016,76.13765563964844,7.727346040070057,971.3,6.9675
49.5,-75.0,2026-10-02 23:13:35,10.384785156250018,66.98765563964844,10.661346040070057,970.29,3.5572500000000002
49.5,-74.5,2026-10-02 23:13:35,11.176035156250009,64.68765563964844,12.065346040070057,967.08,2.683625
49.5,-74.0,2026-10-02 23:13:35,11.954785156250011,62.73765563964844,11.579346040070059,962.71,4.959125
49.5,-73.5,2026-10-02 23:13:35,12.918535156250016,57.31265563964844,10.805346040070058,964.21,6.246625
49.5,-73.0,2026-10-02 23:13:35,12.093535156250027,61.66265563964844,11.723346040070059,954.02,7.404375
49.5,-72.5,2026-10-02 23:13:35,14.021035156250036,56.31265563964844,11.291346040070058,970.22,6.752
49.5,-72.0,2026-10-02 23:13:35,14.221035156250025,56.56265563964844,10.625346040070058,972.4,6.414375
49.5,-71.5,2026-10-02 23:13:35,13.183535156250002,59.36265563964844,11.471346040070058,963.1,13.538375
49.5,-71.0,2026-10-02 23:13:35,12.644785156250009,62.06265563964844,13.055346040070058,957.46,7.803
49.5,-70.5,2026-10-02 23:13:35,12.481035156250016,63.48765563964844,18.67134604007006,953.35,3.7765
49.5,-70.0,2026-10-02 23:13:35,12.641035156250041,63.51265563964844,22.05534604007006,951.57,1.6536250000000001
49.5,-69.5,2026-10-02 23:13:35,13.186035156250057,58.98765563964844,23.26134604007006,951.3,1.97225
49.5,-69.0,2026-10-02 23:13:35,13.652285156250002,60.93765563964844,19.64334604007006,963.21,1.350375
49.5,-68.5,2026-10-02 23:13:35,13.641035156250041,57.51265563964844,12.947346040070057,962.66,1.367625
49.5,-68.0,2026-10-02 23:13:35,13.97603515625002,52.96265563964844,13.163346040070058,966.74,0.8678750000000001
49.5,-67.5,2026-10-02 23:13:35,14.50261718750005,51.654622650146486,12.477518320083618,976.75,0.995625
49.5,-63.5,2026-10-02 23:13:35,13.146367187500005,72.2796226501465,14.24151832008362,991.91,0.42912500000000003
49.5,-63.0,2026-10-02 23:13:35,17.51261718750004,76.75462265014649,16.20351832008362,980.67,0.536
49.5,-62.5,2026-10-02 23:13:35,20.227617187500016,68.25462265014649,10.659518320083619,988.13,1.5831250000000001
49.5,-58.0,2026-10-02 23:13:35,14.028867187500055,93.1046226501465,24.807518320083616,961.41,0.06675
49.5,-57.5,2026-10-02 23:13:35,13.797617187500009,97.62962265014649,19.281518320083617,941.96,0.017125
49.5,-57.0,2026-10-02 23:13:35,16.476367187500045,83.2296226501465,19.62351832008362,984.85,0.0
49.5,-56.5,2026-10-02 23:13:35,17.146367187500005,77.95462265014649,20.75751832008362,980.28,0.0
49.5,-56.0,2026-10-02 23:13:35,16.98511718750001,76.47962265014648,29.397518320083616,993.61,0.0
49.5,-55.5,2026-10-02 23:13:35,15.926367187500034,78.92962265014648,25.05951832008362,1002.63,0.013375
49.5,-55.0,2026-10-02 23:13:35,15.497617187500055,81.2296226501465,29.919518320083622,1002.99,0.04
49.5,-54.5,2026-10-02 23:13:35,15.952617187500039,76.6546226501465,26.39151832008362,1003.33,0.059125000000000004
49.5,-54.0,2026-10-02 23:13:35,15.938867187500023,74.6546226501465,25.99551832008362,1003.58,0.02475
50.0,-127.5,2026-10-02 23:13:35,13.515937500000007,97.70920639038087,17.92147290337086,1017.25,19.178375
50.0,-127.0,2026-10-02 23:13:35,13.277187500000025,99.23420639038086,4.9074729033708575,966.34,29.047
50.0,-126.5,2026-10-02 23:13:35,12.832187500000032,85.63420639038087,3.539472903370857,912.83,27.559250000000002
50.0,-126.0,2026-10-02 23:13:35,11.454687500000034,99.25920639038087,5.1414729033708575,917.75,12.226125
50.0,-125.5,2026-10-02 23:13:35,13.055937500000027,92.05920639038087,3.0534729033708574,987.76,2.523375
50.0,-125.0,2026-10-02 23:13:35,13.225937500000043,91.00920639038087,2.495472903370857,1018.4,4.299125
50.0,-124.5,2026-10-02 23:13:35,13.669687500000009,90.23420639038086,3.3414729033708577,992.25,4.1446250000000004
50.0,-124.0,2026-10-02 23:13:35,12.548437500000034,93.85920639038086,2.0994729033708572,979.65,2.498625
50.0,-123.5,2026-10-02 23:13:35,8.908437500000048,96.43420639038087,2.2434729033708574,869.51,2.73325
50.0,-123.0,2026-10-02 23:13:35,6.628437500000018,98.83420639038087,5.951472903370857,827.25,3.33025
50.0,-122.5,2026-10-02 23:13:35,14.800937500000032,78.65920639038086,0.9654729033708572,957.45,1.941625
50.0,-122.0,2026-10-02 23:13:35,10.544687500000009,79.35920639038086,1.5954729033708575,865.72,1.07575
50.0,-121.5,2026-10-02 23:13:35,16.867187500000057,66.80920639038087,4.259472903370857,968.06,0.12775
50.0,-121.0,2026-10-02 23:13:35,13.694687500000043,68.35920639038086,7.769472903370858,900.7,0.07625
50.0,-120.5,2026-10-02 23:13:35,14.599687500000016,61.48420639038086,11.261472903370858,893.25,0.173625
50.0,-120.0,2026-10-02 23:13:35,12.531582031250025,64.0715805053711,11.254130213499069,857.55,1.222625
50.0,-119.5,2026-10-02 23:13:35,13.906582031250025,57.196580505371095,4.19813021349907,931.95,1.453375
50.0,-119.0,2026-10-02 23:13:35,9.797832031250039,71.27158050537109,6.86213021349907,832.17,2.132375
50.0,-118.5,2026-10-02 23:13:35,10.44283203125002,68.39658050537109,8.302130213499069,830.1,2.798125
50.0,-118.0,2026-10-02 23:13:35,10.31783203125002,63.6465805053711,3.1001302134990696,866.16,6.256125
50.0,-117.5,2026-10-02 23:13:35,7.9465820312500455,76.4215805053711,5.06213021349907,788.67,5.4855
50.0,-117.0,2026-10-02 23:13:35,9.954082031250039,66.0715805053711,1.5881302134990694,830.56,3.704125
50.0,-116.5,2026-10-02 23:13:35,4.394082031250036,84.3715805053711,6.574130213499069,779.94,1.138625
50.0,-116.0,2026-10-02 23:13:35,10.555332031250032,56.7965805053711,5.800130213499069,801.77,0.389125
50.0,-115.5,2026-10-02 23:13:35,11.481582031250014,52.846580505371094,2.902130213499069,835.83,0.2575
50.0,-115.0,2026-10-02 23:13:35,10.74533203125003,53.446580505371095,4.090130213499069,796.44,0.03625
50.0,-114.5,2026-10-02 23:13:35,12.124082031250055,45.6215805053711,10.44413021349907,813.58,0.0115
50.0,-114.0,2026-10-02 23:13:35,15.71408203125003,41.846580505371094,13.16213021349907,863.61,0.001875
50.0,-113.5,2026-10-02 23:13:35,17.305332031250032,45.6215805053711,11.758130213499069,896.88,0.0
50.0,-113.0,2026-10-02 23:13:35,16.874082031250055,50.5215805053711,13.34213021349907,898.7,0.0115
50.0,-112.5,2026-10-02 23:13:35,19.43283203125003,39.471580505371094,12.100130213499071,918.22,0.0
50.0,-112.0,2026-10-02 23:13:35,16.95408203125004,63.221580505371094,13.34213021349907,921.8,0.0
50.0,-111.5,2026-10-02 23:13:35,16.531582031250025,57.471580505371094,15.05213021349907,923.5,0.0
50.0,-111.0,2026-10-02 23:13:35,16.930332031250032,48.2965805053711,18.38213021349907,924.47,0.0305
50.0,-110.5,2026-10-02 23:13:35,17.989082031250007,43.3965805053711,20.92013021349907,926.44,0.0
50.0,-110.0,2026-10-02 23:13:35,18.096328125000014,41.224464416503906,25.437207182228565,927.39,0.0
50.0,-109.5,2026-10-02 23:13:35,18.950078125000005,41.04946441650391,22.863207182228567,924.44,0.0
50.0,-109.0,2026-10-02 23:13:35,19.273828125000023,38.82446441650391,22.017207182228564,922.67,0.003875
50.0,-108.5,2026-10-02 23:13:35,18.001328125000043,41.474464416503906,17.73320718222857,907.54,0.0
50.0,-108.0,2026-10-02 23:13:35,16.665078125000036,43.17446441650391,20.487207182228566,913.61,0.0
50.0,-107.5,2026-10-02 23:13:35,15.815078125000014,42.14946441650391,20.721207182228568,915.36,0.0
50.0,-107.0,2026-10-02 23:13:35,16.738828125000055,41.17446441650391,21.531207182228567,928.84,0.0
50.0,-106.5,2026-10-02 23:13:35,17.321328125000036,38.849464416503906,21.621207182228567,933.2,0.0
50.0,-106.0,2026-10-02 23:13:35,16.405078125000045,40.14946441650391,24.77120718222857,936.11,0.0
50.0,-105.5,2026-10-02 23:13:35,14.805078125000023,39.04946441650391,30.783207182228566,921.92,0.0
50.0,-105.0,2026-10-02 23:13:35,15.975078125000039,35.099464416503906,31.215207182228568,945.22,0.0
50.0,-104.5,2026-10-02 23:13:35,14.822578125000007,43.79946441650391,30.495207182228565,948.19,0.0
50.0,-104.0,2026-10-02 23:13:35,15.710078125000052,39.32446441650391,32.81720718222857,948.25,0.0
50.0,-103.5,2026-10-02 23:13:35,15.140078125000002,42.87446441650391,31.071207182228566,943.04,0.0
50.0,-103.0,2026-10-02 23:13:35,14.421328125000002,43.12446441650391,31.62920718222857,940.54,0.0
50.0,-102.5,2026-10-02 23:13:35,14.96382812500002,33.52446441650391,33.771207182228565,936.42,0.0
50.0,-102.0,2026-10-02 23:13:35,14.720078125000043,40.69946441650391,25.203207182228567,943.92,0.0
50.0,-101.5,2026-10-02 23:13:35,13.780078125000045,47.44946441650391,24.77120718222857,955.01,0.0
50.0,-101.0,2026-10-02 23:13:35,13.207578125000055,50.64946441650391,24.01520718222857,965.53,0.0
50.0,-100.5,2026-10-02 23:13:35,14.051328125000055,49.99946441650391,20.685207182228567,969.25,0.0
50.0,-100.0,2026-10-02 23:13:35,15.336328125000023,45.74946441650391,14.475207182228566,967.65,0.0
50.0,-99.5,2026-10-02 23:13:35,15.572578125000007,43.54946441650391,13.719207182228566,976.22,0.0
50.0,-99.0,2026-10-02 23:13:35,16.140078125000002,43.29946441650391,15.573207182228565,985.23,0.0
50.0,-98.5,2026-10-02 23:13:35,15.74507812500002,46.02446441650391,13.161207182228566,991.89,0.0
50.0,-98.0,2026-10-02 23:13:35,14.742578125000023,52.69946441650391,12.135207182228566,993.28,0.0
50.0,-97.5,2026-10-02 23:13:35,14.321328125000036,53.224464416503906,12.675207182228567,994.48,0.00575
50.0,-97.0,2026-10-02 23:13:35,13.956328125000027,54.44946441650391,14.439207182228566,996.2,0.02475
50.0,-96.5,2026-10-02 23:13:35,13.428828125000052,53.79946441650391,12.819207182228567,993.94,0.022875
50.0,-96.0,2026-10-02 23:13:35,13.591328125000018,55.19946441650391,9.399207182228565,991.45,0.007625
50.0,-95.5,2026-10-02 23:13:35,12.606328125000005,51.24946441650391,11.199207182228566,986.81,0.059125000000000004
50.0,-95.0,2026-10-02 23:13:35,11.431035156250005,58.03765563964844,6.917346040070058,983.19,0.04575
50.0,-94.5,2026-10-02 23:13:35,10.988535156250009,59.81265563964844,6.611346040070058,984.15,0.007625
50.0,-94.0,2026-10-02 23:13:35,10.554785156250034,62.53765563964844,8.969346040070057,975.68,0.02475
50.0,-93.5,2026-10-02 23:13:35,10.364785156250036,63.86265563964844,9.293346040070057,982.79,0.0
50.0,-93.0,2026-10-02 23:13:35,10.297285156250041,59.08765563964844,9.869346040070058,977.29,0.007625
50.0,-92.5,2026-10-02 23:13:35,9.902285156250002,55.86265563964844,11.147346040070058,975.04,0.248
50.0,-92.0,2026-10-02 23:13:35,9.63103515625005,63.21265563964844,18.76134604007006,979.68,1.707125
50.0,-91.5,2026-10-02 23:13:35,9.35103515625002,57.08765563964844,13.163346040070058,973.96,2.3975
50.0,-91.0,2026-10-02 23:13:35,8.60103515625002,63.83765563964844,12.497346040070058,971.32,3.774625
50.0,-90.5,2026-10-02 23:13:35,8.374785156250027,64.61265563964844,16.78134604007006,970.94,5.33675
50.0,-90.0,2026-10-02 23:13:35,7.676035156250009,67.31265563964844,15.863346040070056,967.6,4.4346250000000005
50.0,-89.5,2026-10-02 23:13:35,8.489785156250036,65.91265563964843,15.665346040070057,974.02,6.113
50.0,-89.0,2026-10-02 23:13:35,8.972285156250052,67.76265563964844,15.485346040070057,980.07,4.913375
50.0,-88.5,2026-10-02 23:13:35,10.141035156250041,70.61265563964844,31.07334604007006,990.46,6.055875
50.0,-88.0,2026-10-02 23:13:35,10.312285156250027,63.81265563964844,14.567346040070058,987.85,1.428625
50.0,-87.5,2026-10-02 23:13:35,9.462285156250005,73.41265563964843,24.053346040070057,980.49,0.88125
50.0,-87.0,2026-10-02 23:13:35,9.22603515625002,65.66265563964843,16.295346040070058,979.8,0.356625
50.0,-86.5,2026-10-02 23:13:35,10.03853515625002,63.88765563964844,12.443346040070058,982.69,0.93275
50.0,-86.0,2026-10-02 23:13:35,11.16228515625005,55.43765563964844,13.613346040070057,985.52,0.047625
50.0,-85.5,2026-10-02 23:13:35,11.353535156250018,53.21265563964844,12.011346040070057,991.43,0.16975
50.0,-85.0,2026-10-02 23:13:35,12.047285156250041,51.01265563964844,12.209346040070058,997.79,0.064875
50.0,-84.5,2026-10-02 23:13:35,11.683535156250002,51.71265563964844,10.877346040070057,1002.65,0.099125
50.0,-84.0,2026-10-02 23:13:35,10.712285156250005,51.91265563964844,12.101346040070059,998.71,0.2155
50.0,-83.5,2026-10-02 23:13:35,10.183535156250002,51.51265563964844,12.281346040070057,992.18,0.42912500000000003
50.0,-83.0,2026-10-02 23:13:35,10.117285156250034,53.33765563964844,11.201346040070058,994.16,0.249875
50.0,-82.5,2026-10-02 23:13:35,10.363535156250009,52.88765563964844,11.237346040070058,994.82,0.58175
50.0,-82.0,2026-10-02 23:13:35,10.377285156250025,51.36265563964844,11.669346040070058,994.26,0.719125
50.0,-81.5,2026-10-02 23:13:35,10.648535156250034,48.56265563964844,13.523346040070058,992.86,0.4425
50.0,-81.0,2026-10-02 23:13:35,8.769785156250009,55.86265563964844,11.579346040070059,988.91,0.593125
50.0,-80.5,2026-10-02 23:13:35,7.158535156250025,64.96265563964845,11.669346040070058,983.49,1.1672500000000001
50.0,-80.0,2026-10-02 23:13:35,6.847285156250052,67.46265563964845,14.477346040070056,978.77,0.93075
50.0,-79.5,2026-10-02 23:13:35,8.232285156250043,61.56265563964844,15.73734604007006,984.11,1.083375
50.0,-79.0,2026-10-02 23:13:35,7.521035156250036,61.66265563964844,14.819346040070057,986.01,2.4605
50.0,-78.5,2026-10-02 23:13:35,9.316035156250052,68.56265563964844,13.667346040070056,979.38,3.431375
50.0,-78.0,2026-10-02 23:13:35,7.19353515625005,80.76265563964844,11.831346040070057,983.51,1.516375
50.0,-77.5,2026-10-02 23:13:35,7.492285156250034,80.43765563964844,21.101346040070055,982.72,3.698375
50.0,-77.0,2026-10-02 23:13:35,7.1185351562500045,90.21265563964845,14.063346040070059,980.6,7.019
50.0,-76.5,2026-10-02 23:13:35,9.793535156250016,72.16265563964843,11.255346040070057,979.32,9.893375
50.0,-76.0,2026-10-02 23:13:35,9.302285156250036,68.26265563964844,8.591346040070057,973.76,8.0605
50.0,-75.5,2026-10-02 23:13:35,9.699785156250016,67.01265563964844,12.965346040070058,970.91,2.90875
50.0,-75.0,2026-10-02 23:13:35,9.836035156250034,66.76265563964844,9.059346040070057,968.58,2.346
50.0,-74.5,2026-10-02 23:13:35,9.936035156250057,66.93765563964844,11.111346040070057,968.32,2.634
50.0,-74.0,2026-10-02 23:13:35,10.017285156250011,64.38765563964844,9.581346040070057,960.54,3.212
50.0,-73.5,2026-10-02 23:13:35,10.339785156250002,63.73765563964844,10.859346040070058,961.16,6.549875
50.0,-73.0,2026-10-02 23:13:35,10.871035156250002,60.31265563964844,10.679346040070058,958.44,7.228875
50.0,-72.5,2026-10-02 23:13:35,9.937285156250027,66.08765563964845,12.623346040070059,948.07,8.159625
50.0,-72.0,2026-10-02 23:13:35,10.824785156250016,62.63765563964844,11.813346040070059,957.99,7.135375
50.0,-71.5,2026-10-02 23:13:35,10.146035156250036,62.61265563964844,11.345346040070057,946.11,8.056625
50.0,-71.0,2026-10-02 23:13:35,11.337285156250005,60.41265563964844,10.949346040070058,959.6,3.728875
50.0,-70.5,2026-10-02 23:13:35,11.044785156250043,60.31265563964844,13.433346040070058,953.43,6.523125
50.0,-70.0,2026-10-02 23:13:35,11.797285156250041,57.46265563964844,16.475346040070058,954.58,7.6465000000000005
50.0,-69.5,2026-10-02 23:13:35,11.454785156250011,62.36265563964844,18.09534604007006,950.61,5.5695
50.0,-69.0,2026-10-02 23:13:35,12.712285156250005,56.18765563964844,22.487346040070058,962.61,2.462375
50.0,-68.5,2026-10-02 23:13:35,12.998535156250057,52.78765563964844,15.575346040070055,963.01,2.33275
50.0,-68.0,2026-10-02 23:13:35,12.94478515625002,53.31265563964844,13.199346040070058,968.43,1.295125
50.0,-67.5,2026-10-02 23:13:35,11.413867187500045,56.82962265014649,15.42951832008362,947.85,0.835375
50.0,-67.0,2026-10-02 23:13:35,15.137617187500041,45.47962265014649,13.053518320083619,989.3,0.04
50.0,-64.0,2026-10-02 23:13:35,11.87761718750005,87.9046226501465,17.51751832008362,1003.6,0.141125
50.0,-57.5,2026-10-02 23:13:35,14.008867187500016,93.25462265014649,20.57751832008362,965.86,0.36625
50.0,-57.0,2026-10-02 23:13:35,16.748867187500025,77.12962265014649,23.58351832008362,954.58,0.0
50.0,-56.5,2026-10-02 23:13:35,14.58761718750003,85.82962265014649,39.53151832008362,1001.13,0.0
50.0,-56.0,2026-10-02 23:13:35,15.602617187500016,82.1546226501465,28.911518320083616,984.08,0.0
50.0,-55.5,2026-10-02 23:13:35,14.632617187500045,84.32962265014649,25.25751832008362,995.27,0.022875
50.5,-128.0,2026-10-02 23:13:35,13.065937500000018,96.58420639038087,7.067472903370858,1004.04,35.69025
50.5,-127.5,2026-10-02 23:13:35,10.540937500000041,98.40920639038086,4.547472903370857,983.56,23.872375
50.5,-127.0,2026-10-02 23:13:35,11.162187500000016,95.95920639038087,6.9234729033708575,985.86,9.719875
50.5,-126.5,2026-10-02 23:13:35,11.034687500000018,94.38420639038087,5.879472903370858,1017.92,6.4963750000000005
50.5,-126.0,2026-10-02 23:13:35,12.78093750000005,90.75920639038087,7.715472903370857,1002.11,16.410875
50.5,-125.5,2026-10-02 23:13:35,12.200937500000009,92.35920639038086,2.0994729033708572,976.15,11.119875
50.5,-125.0,2026-10-02 23:13:35,11.252187500000048,94.15920639038086,3.8814729033708573,987.97,7.29175
50.5,-124.5,2026-10-02 23:13:35,7.837187500000027,99.35920639038086,1.2534729033708574,882.89,16.44325
50.5,-124.0,2026-10-02 23:13:35,7.038437500000043,97.18420639038087,2.4414729033708573,839.2,15.995000000000001
50.5,-123.5,2026-10-02 23:13:35,7.554687500000057,95.60920639038086,6.671472903370858,847.92,15.211125000000001
50.5,-123.0,2026-10-02 23:13:35,12.294687500000009,83.28420639038086,0.7314729033708572,962.97,3.14325
50.5,-122.5,2026-10-02 23:13:35,9.742187500000057,94.05920639038087,2.063472903370857,883.06,1.110125
50.5,-122.0,2026-10-02 23:13:35,4.74968750000005,93.33420639038087,8.813472903370858,785.18,0.131625
50.5,-121.5,2026-10-02 23:13:35,12.748437500000023,60.38420639038086,6.725472903370857,860.83,0.101125
50.5,-121.0,2026-10-02 23:13:35,13.417187500000011,61.03420639038086,9.407472903370858,867.58,0.116375
50.5,-120.5,2026-10-02 23:13:35,12.339687500000025,66.43420639038087,3.737472903370857,864.9,0.146875
50.5,-120.0,2026-10-02 23:13:35,9.326582031250041,80.0465805053711,8.23013021349907,848.47,0.431
50.5,-119.5,2026-10-02 23:13:35,9.897832031250005,89.4965805053711,4.05413021349907,877.58,1.756625
50.5,-119.0,2026-10-02 23:13:35,10.977832031250045,83.5465805053711,2.1101302134990694,913.7,2.3937500000000003
50.5,-118.5,2026-10-02 23:13:35,8.867832031250032,89.5215805053711,2.6141302134990694,875.14,5.2795000000000005
50.5,-118.0,2026-10-02 23:13:35,9.170332031250041,87.3715805053711,3.7301302134990695,898.13,7.419625
50.5,-117.5,2026-10-02 23:13:35,2.9853320312500387,94.3465805053711,4.57613021349907,801.53,11.068375
50.5,-117.0,2026-10-02 23:13:35,7.361582031250009,84.8465805053711,3.4421302134990692,866.03,12.46075
50.5,-116.5,2026-10-02 23:13:35,1.924082031250009,96.6465805053711,8.158130213499069,771.41,8.838625
50.5,-116.0,2026-10-02 23:13:35,12.131582031250048,55.721580505371094,2.9561302134990695,906.61,2.117125
50.5,-115.5,2026-10-02 23:13:35,8.322832031250016,61.7965805053711,6.916130213499069,814.8,0.3605
50.5,-115.0,2026-10-02 23:13:35,9.331582031250036,60.6715805053711,8.82413021349907,800.89,0.043875000000000004
50.5,-114.5,2026-10-02 23:13:35,13.179082031250005,51.346580505371094,8.59013021349907,844.31,0.0
50.5,-114.0,2026-10-02 23:13:35,15.906582031250025,47.1715805053711,9.95813021349907,883.94,0.0
50.5,-113.5,2026-10-02 23:13:35,15.81783203125002,59.846580505371094,3.9461302134990697,899.66,0.0
50.5,-113.0,2026-10-02 23:13:35,17.54908203125001,38.12158050537109,6.916130213499069,904.64,0.0
50.5,-112.5,2026-10-02 23:13:35,16.909082031250023,39.596580505371094,10.28213021349907,914.36,0.0
50.5,-112.0,2026-10-02 23:13:35,16.020332031250007,44.846580505371094,10.06613021349907,921.8,0.0
50.5,-111.5,2026-10-02 23:13:35,16.04533203125004,40.471580505371094,11.57813021349907,925.14,0.0
50.5,-111.0,2026-10-02 23:13:35,16.01408203125004,41.7965805053711,13.864130213499068,921.86,0.0
50.5,-110.5,2026-10-02 23:13:35,16.831582031250036,41.7965805053711,14.674130213499069,932.47,0.0
50.5,-110.0,2026-10-02 23:13:35,15.446328125000036,48.04946441650391,21.063207182228567,925.29,0.0
50.5,-109.5,2026-10-02 23:13:35,18.08882812500002,38.224464416503906,20.955207182228566,928.61,0.0
50.5,-109.0,2026-10-02 23:13:35,18.211328125000023,39.69946441650391,18.903207182228563,928.0,0.0
50.5,-108.5,2026-10-02 23:13:35,19.372578125000018,35.749464416503905,17.013207182228566,932.95,0.0
50.5,-108.0,2026-10-02 23:13:35,17.211328125000023,44.599464416503906,19.245207182228565,927.48,0.0
50.5,-107.5,2026-10-02 23:13:35,16.69382812500004,43.54946441650391,19.281207182228567,924.25,0.0
50.5,-107.0,2026-10-02 23:13:35,15.733828125000002,43.12446441650391,21.099207182228565,928.39,0.003875
50.5,-106.5,2026-10-02 23:13:35,14.381328125000039,43.42446441650391,24.195207182228568,930.87,0.003875
50.5,-106.0,2026-10-02 23:13:35,14.876328125000043,41.724464416503906,21.009207182228568,945.44,0.0
50.5,-105.5,2026-10-02 23:13:35,14.595078125000043,42.89946441650391,23.817207182228564,945.79,0.0
50.5,-105.0,2026-10-02 23:13:35,14.846328125000014,43.224464416503906,26.859207182228566,948.47,0.0
50.5,-104.5,2026-10-02 23:13:35,13.640078125000002,45.27446441650391,28.623207182228565,946.06,0.0
50.5,-104.0,2026-10-02 23:13:35,14.23507812500003,39.92446441650391,32.475207182228566,936.54,0.0
50.5,-103.5,2026-10-02 23:13:35,15.692578125000011,33.79946441650391,32.295207182228566,947.03,0.0
50.5,-103.0,2026-10-02 23:13:35,15.45382812500003,38.474464416503906,29.235207182228564,948.78,0.0
50.5,-102.5,2026-10-02 23:13:35,15.930078125000023,37.57446441650391,20.487207182228566,952.45,0.0
50.5,-102.0,2026-10-02 23:13:35,15.866328125000052,36.499464416503905,22.377207182228567,953.79,0.0
50.5,-101.5,2026-10-02 23:13:35,16.07882812500003,45.12446441650391,20.289207182228566,965.33,0.0
50.5,-101.0,2026-10-02 23:13:35,13.903828125000018,50.52446441650391,24.069207182228567,958.08,0.0
50.5,-100.5,2026-10-02 23:13:35,13.592578125000045,46.99946441650391,24.573207182228565,954.28,0.0
50.5,-100.0,2026-10-02 23:13:35,13.946328125000036,41.92446441650391,26.715207182228568,948.75,0.0
50.5,-99.5,2026-10-02 23:13:35,15.846328125000014,41.37446441650391,18.633207182228567,969.59,0.0
50.5,-99.0,2026-10-02 23:13:35,15.62007812500002,50.79946441650391,16.545207182228566,989.28,0.0
50.5,-98.5,2026-10-02 23:13:35,13.510078125000007,58.599464416503906,20.955207182228566,992.76,0.0
50.5,-98.0,2026-10-02 23:13:35,12.467578125000045,60.349464416503906,18.003207182228564,993.0,0.003875
50.5,-97.5,2026-10-02 23:13:35,13.585078125000052,56.82446441650391,15.681207182228565,989.87,0.038125
50.5,-97.0,2026-10-02 23:13:35,13.376328125000043,57.14946441650391,14.997207182228564,995.64,0.019125
50.5,-96.5,2026-10-02 23:13:35,13.67257812500003,51.87446441650391,11.001207182228567,992.98,0.0
50.5,-96.0,2026-10-02 23:13:35,13.023828125000023,59.37446441650391,7.059207182228565,994.31,0.049625
50.5,-95.5,2026-10-02 23:13:35,12.442578125000011,55.099464416503906,7.995207182228565,986.51,0.017125
50.5,-95.0,2026-10-02 23:13:35,10.97603515625002,61.78765563964844,6.755346040070057,980.63,0.0
50.5,-94.5,2026-10-02 23:13:35,10.888535156250043,59.33765563964844,7.673346040070056,978.65,0.007625
50.5,-94.0,2026-10-02 23:13:35,9.88103515625005,65.88765563964844,9.347346040070057,977.18,0.089625
50.5,-93.5,2026-10-02 23:13:35,9.746035156250002,64.11265563964844,12.191346040070059,981.11,0.137375
50.5,-93.0,2026-10-02 23:13:35,9.343535156250027,61.33765563964844,14.765346040070057,980.29,0.60275
50.5,-92.5,2026-10-02 23:13:35,9.328535156250041,57.36265563964844,11.813346040070059,976.76,1.346625
50.5,-92.0,2026-10-02 23:13:35,8.829785156250011,64.93765563964844,18.18534604007006,980.11,2.6550000000000002
50.5,-91.5,2026-10-02 23:13:35,7.992285156250034,64.28765563964843,11.543346040070057,973.88,7.8335
50.5,-91.0,2026-10-02 23:13:35,8.534785156250052,65.53765563964843,15.01734604007006,975.15,4.053125
50.5,-90.5,2026-10-02 23:13:35,8.614785156250036,63.38765563964844,12.911346040070057,972.58,6.971375
50.5,-90.0,2026-10-02 23:13:35,7.69353515625005,71.76265563964844,14.117346040070057,974.55,5.40925
50.5,-89.5,2026-10-02 23:13:35,8.093535156250027,71.41265563964843,18.18534604007006,978.69,13.04625
50.5,-89.0,2026-10-02 23:13:35,7.804785156250034,79.96265563964845,20.813346040070055,976.97,2.6473750000000003
50.5,-88.5,2026-10-02 23:13:35,9.524785156250005,65.63765563964844,15.089346040070057,977.49,2.267875
50.5,-88.0,2026-10-02 23:13:35,10.144785156250009,59.31265563964844,13.829346040070059,979.82,0.4215
50.5,-87.5,2026-10-02 23:13:35,9.021035156250036,64.81265563964844,14.621346040070057,981.63,0.326125
50.5,-87.0,2026-10-02 23:13:35,8.347285156250052,71.21265563964845,19.103346040070058,982.51,0.6275000000000001
50.5,-86.5,2026-10-02 23:13:35,10.85103515625002,56.93765563964844,15.107346040070057,982.97,0.423375
50.5,-86.0,2026-10-02 23:13:35,11.489785156250036,55.71265563964844,13.289346040070058,991.36,0.15637500000000001
50.5,-85.5,2026-10-02 23:13:35,11.701035156250043,54.63765563964844,12.245346040070057,996.35,0.09725
50.5,-85.0,2026-10-02 23:13:35,11.638535156250043,51.08765563964844,13.001346040070057,998.04,0.0915
50.5,-84.5,2026-10-02 23:13:35,11.711035156250034,54.03765563964844,10.427346040070057,1006.54,0.06675
50.5,-84.0,2026-10-02 23:13:35,10.806035156250005,55.73765563964844,11.921346040070057,1003.91,0.038125
50.5,-83.5,2026-10-02 23:13:35,10.211035156250034,53.58765563964844,14.261346040070057,998.24,0.0915
50.5,-83.0,2026-10-02 23:13:35,9.461035156250034,54.63765563964844,14.045346040070058,995.68,0.234625
50.5,-82.5,2026-10-02 23:13:35,10.25728515625002,55.58765563964844,14.765346040070057,1005.86,1.056625
50.5,-82.0,2026-10-02 23:13:35,11.534785156250052,51.43765563964844,13.001346040070057,1005.85,1.146375
50.5,-81.5,2026-10-02 23:13:35,11.346035156250025,53.98765563964844,13.109346040070058,1009.21,0.543625
50.5,-81.0,2026-10-02 23:13:35,10.566035156250052,53.08765563964844,13.451346040070058,1002.16,0.35475
50.5,-80.5,2026-10-02 23:13:35,8.232285156250043,66.81265563964844,11.525346040070058,989.22,0.14875
50.5,-80.0,2026-10-02 23:13:35,7.929785156250034,64.21265563964845,14.099346040070056,985.4,0.055375
50.5,-79.5,2026-10-02 23:13:35,7.4935351562500045,69.76265563964844,17.10534604007006,993.51,0.253625
50.5,-79.0,2026-10-02 23:13:35,10.13228515625002,59.63765563964844,17.141346040070058,998.83,0.31275000000000003
50.5,-78.5,2026-10-02 23:13:35,9.267285156250011,64.13765563964844,18.545346040070058,986.27,0.557
50.5,-78.0,2026-10-02 23:13:35,8.578535156250041,69.93765563964844,15.917346040070058,983.71,0.70375
50.5,-77.5,2026-10-02 23:13:35,7.461035156250034,76.78765563964843,14.585346040070059,979.58,0.516875
50.5,-77.0,2026-10-02 23:13:35,7.968535156250027,74.33765563964845,14.189346040070056,978.24,1.07575
50.5,-76.5,2026-10-02 23:13:35,9.114785156250036,75.18765563964844,18.20334604007006,979.74,1.1005
50.5,-76.0,2026-10-02 23:13:35,9.166035156250018,70.81265563964844,7.6373460400700575,968.6,7.143
50.5,-75.5,2026-10-02 23:13:35,8.968535156250027,67.13765563964844,7.8713460400700574,969.46,4.3945
50.5,-75.0,2026-10-02 23:13:35,8.252285156250025,74.98765563964844,13.973346040070059,966.79,5.117375
50.5,-74.5,2026-10-02 23:13:35,8.266035156250041,70.38765563964844,8.915346040070057,963.9,6.51175
50.5,-74.0,2026-10-02 23:13:35,8.259785156250018,70.98765563964844,11.615346040070058,967.69,9.086625
50.5,-73.5,2026-10-02 23:13:35,7.8997851562500045,69.36265563964844,9.581346040070057,957.04,7.986125
50.5,-73.0,2026-10-02 23:13:35,8.689785156250025,65.36265563964844,11.723346040070059,954.6,8.78525
50.5,-72.5,2026-10-02 23:13:35,8.199785156250016,64.18765563964844,10.481346040070058,947.83,7.97075
50.5,-72.0,2026-10-02 23:13:35,7.478535156250018,66.61265563964844,14.207346040070059,940.74,10.938625
50.5,-71.5,2026-10-02 23:13:35,8.041035156250018,64.88765563964844,13.433346040070058,941.11,9.016
50.5,-71.0,2026-10-02 23:13:35,6.857285156250043,67.06265563964844,12.101346040070059,928.83,10.162375
50.5,-70.5,2026-10-02 23:13:35,8.124785156250027,65.51265563964844,12.047346040070058,949.04,7.45775
50.5,-70.0,2026-10-02 23:13:35,7.447285156250018,67.83765563964845,14.063346040070059,934.55,11.86175
50.5,-69.5,2026-10-02 23:13:35,8.748535156250057,62.41265563964844,13.019346040070058,945.02,5.374875
50.5,-69.0,2026-10-02 23:13:35,8.611035156250011,63.16265563964844,13.901346040070058,938.83,4.343
50.5,-68.5,2026-10-02 23:13:35,11.222285156250052,58.88765563964844,11.669346040070058,970.38,1.474375
50.5,-68.0,2026-10-02 23:13:35,10.111035156250011,61.13765563964844,12.857346040070057,949.04,2.08475
50.5,-67.5,2026-10-02 23:13:35,9.362617187500007,65.6546226501465,15.015518320083618,936.22,2.483375
50.5,-67.0,2026-10-02 23:13:35,11.948867187500014,58.82962265014649,11.901518320083618,962.67,1.098625
50.5,-66.5,2026-10-02 23:13:35,12.060117187500055,56.654622650146486,13.251518320083617,961.94,0.474875
50.5,-66.0,2026-10-02 23:13:35,11.778867187500055,62.25462265014649,13.107518320083619,956.38,0.7000000000000001
50.5,-65.5,2026-10-02 23:13:35,14.137617187500041,54.70462265014649,13.233518320083618,972.78,0.66
50.5,-65.0,2026-10-02 23:13:35,14.507617187500045,51.779622650146486,11.667518320083618,966.41,0.923125
50.5,-64.5,2026-10-02 23:13:35,15.653867187500055,54.85462265014649,9.921518320083619,978.17,0.7305
50.5,-64.0,2026-10-02 23:13:35,15.282617187500023,58.37962265014649,11.99151832008362,977.44,0.541625
50.5,-63.5,2026-10-02 23:13:35,13.938867187500023,61.45462265014649,7.329518320083618,984.1,0.274625
50.5,-63.0,2026-10-02 23:13:35,16.335117187500032,53.529622650146486,9.633518320083619,988.41,0.614125
50.5,-62.5,2026-10-02 23:13:35,16.855117187500014,65.07962265014649,8.823518320083618,986.66,0.62375
50.5,-62.0,2026-10-02 23:13:35,16.93136718750003,74.60462265014648,7.059518320083619,989.17,0.5665
50.5,-61.5,2026-10-02 23:13:35,16.893867187500007,67.97962265014648,10.35351832008362,985.08,0.4635
50.5,-61.0,2026-10-02 23:13:35,14.248867187500025,79.6546226501465,8.91351832008362,987.99,0.249875
50.5,-60.5,2026-10-02 23:13:35,16.31511718750005,79.6546226501465,12.243518320083618,988.92,0.27087500000000003
50.5,-60.0,2026-10-02 23:13:35,16.786367187500048,83.05462265014648,15.087518320083618,988.6,0.17925
50.5,-59.5,2026-10-02 23:13:35,12.165117187500016,96.9046226501465,25.90551832008362,999.58,0.3605
50.5,-57.5,2026-10-02 23:13:35,12.90886718750005,97.17962265014648,50.673518320083616,1001.1,0.173625
50.5,-57.0,2026-10-02 23:13:35,13.685117187500055,98.30462265014648,23.85351832008362,974.85,0.10875
50.5,-56.5,2026-10-02 23:13:35,17.07511718750004,76.4046226501465,20.541518320083618,966.1,0.0
51.0,-128.0,2026-10-02 23:13:35,11.31218750000005,93.63420639038087,11.927472903370857,1018.7,30.817
51.0,-127.5,2026-10-02 23:13:35,12.047187500000007,99.28420639038086,3.737472903370857,1010.93,31.6525
51.0,-127.0,2026-10-02 23:13:35,11.777187500000025,97.78420639038086,2.2974729033708576,989.08,48.92725
51.0,-126.5,2026-10-02 23:13:35,11.958437500000002,94.85920639038086,1.5234729033708574,955.75,58.507875
51.0,-126.0,2026-10-02 23:13:35,8.548437500000034,98.38420639038087,0.49747290337085726,891.58,59.265125000000005
51.0,-125.5,2026-10-02 23:13:35,9.298437500000034,97.50920639038087,0.5694729033708572,962.92,36.99875
51.0,-125.0,2026-10-02 23:13:35,6.823437500000011,99.95920639038087,2.0994729033708572,896.37,24.36825
51.0,-124.5,2026-10-02 23:13:35,1.03093750000005,99.45920639038087,7.9314729033708575,787.58,25.034
51.0,-124.0,2026-10-02 23:13:35,2.6771875000000023,98.28420639038086,8.111472903370858,814.86,14.299375
51.0,-123.5,2026-10-02 23:13:35,2.453437500000007,97.48420639038086,3.9174729033708573,789.83,6.02725
51.0,-123.0,2026-10-02 23:13:35,9.140937500000007,82.98420639038086,4.349472903370858,830.65,2.0180000000000002
51.0,-122.5,2026-10-02 23:13:35,5.794687500000009,89.70920639038087,12.539472903370859,797.61,1.094875
51.0,-122.0,2026-10-02 23:13:35,9.064687500000048,90.45920639038087,3.539472903370857,888.34,0.249875
51.0,-121.5,2026-10-02 23:13:35,10.503437500000018,85.73420639038086,3.2514729033708574,907.62,0.45587500000000003
51.0,-121.0,2026-10-02 23:13:35,9.917187500000011,87.65920639038086,1.8834729033708575,881.36,0.25175000000000003
51.0,-120.5,2026-10-02 23:13:35,5.263437500000009,98.90920639038086,6.833472903370858,816.53,0.631375
51.0,-120.0,2026-10-02 23:13:35,9.325332031250014,92.2715805053711,1.8761302134990692,883.83,0.494
51.0,-119.5,2026-10-02 23:13:35,6.374082031250055,99.3965805053711,1.0661302134990693,868.53,1.777625
51.0,-119.0,2026-10-02 23:13:35,10.461582031250032,91.3715805053711,3.4421302134990692,975.24,1.97025
51.0,-118.5,2026-10-02 23:13:35,5.7278320312500455,97.7715805053711,1.7321302134990693,872.91,4.207625
51.0,-118.0,2026-10-02 23:13:35,7.361582031250009,97.3715805053711,2.254130213499069,891.42,3.4675000000000002
51.0,-117.5,2026-10-02 23:13:35,4.659082031250023,97.7965805053711,4.666130213499069,837.89,2.40325
51.0,-117.0,2026-10-02 23:13:35,2.2553320312500205,94.7965805053711,9.43613021349907,778.08,0.45775
51.0,-116.5,2026-10-02 23:13:35,12.419082031250014,60.7465805053711,1.8581302134990691,910.61,0.022875
51.0,-116.0,2026-10-02 23:13:35,9.352832031250045,64.89658050537109,2.668130213499069,823.7,0.017125
51.0,-115.5,2026-10-02 23:13:35,8.631582031250048,61.2465805053711,9.70613021349907,798.66,0.0
51.0,-115.0,2026-10-02 23:13:35,11.840332031250057,47.8715805053711,13.43213021349907,820.33,0.0
51.0,-114.5,2026-10-02 23:13:35,15.624082031250055,47.071580505371095,3.3881302134990694,867.2,0.0
51.0,-114.0,2026-10-02 23:13:35,17.229082031250016,38.24658050537109,2.290130213499069,894.81,0.07625
51.0,-113.5,2026-10-02 23:13:35,16.83908203125003,37.9215805053711,6.430130213499069,898.86,0.0
51.0,-113.0,2026-10-02 23:13:35,16.406582031250025,33.221580505371094,11.54213021349907,912.02,0.0
51.0,-112.5,2026-10-02 23:13:35,15.721582031250023,34.696580505371095,12.67613021349907,913.7,0.0
51.0,-112.0,2026-10-02 23:13:35,16.635332031250016,37.6465805053711,10.10213021349907,928.39,0.0
51.0,-111.5,2026-10-02 23:13:35,15.47408203125002,34.74658050537109,11.14613021349907,930.25,0.0
51.0,-111.0,2026-10-02 23:13:35,15.582832031250007,31.396580505371094,13.19813021349907,930.74,0.0
51.0,-110.5,2026-10-02 23:13:35,15.03658203125002,35.5215805053711,15.340130213499068,923.94,0.0
51.0,-110.0,2026-10-02 23:13:35,15.241328125000052,38.87446441650391,15.627207182228567,938.17,0.0
51.0,-109.5,2026-10-02 23:13:35,16.63007812500001,43.32446441650391,15.897207182228565,935.34,0.0
51.0,-109.0,2026-10-02 23:13:35,17.17257812500003,45.32446441650391,14.331207182228566,933.4,0.0
51.0,-108.5,2026-10-02 23:13:35,16.858828125000002,42.79946441650391,13.161207182228566,940.65,0.0
51.0,-108.0,2026-10-02 23:13:35,17.33882812500002,41.349464416503906,15.825207182228565,942.64,0.0
51.0,-107.5,2026-10-02 23:13:35,13.918828125000005,49.099464416503906,17.283207182228566,928.87,0.0
51.0,-107.0,2026-10-02 23:13:35,14.637578125000005,46.99946441650391,17.337207182228568,944.22,0.0
51.0,-106.5,2026-10-02 23:13:35,14.193828125000039,49.849464416503906,24.213207182228565,948.33,0.0
51.0,-106.0,2026-10-02 23:13:35,13.940078125000014,43.49946441650391,22.431207182228565,942.37,0.01525
51.0,-105.5,2026-10-02 23:13:35,13.45382812500003,46.12446441650391,23.007207182228566,951.11,0.0
51.0,-105.0,2026-10-02 23:13:35,13.095078125000043,46.44946441650391,26.481207182228566,951.94,0.0
51.0,-104.5,2026-10-02 23:13:35,14.02632812500002,41.599464416503906,26.625207182228568,950.72,0.0
51.0,-104.0,2026-10-02 23:13:35,14.960078125000052,34.89946441650391,28.443207182228566,944.4,0.0
51.0,-103.5,2026-10-02 23:13:35,15.247578125000018,33.999464416503905,27.471207182228568,939.97,0.0
51.0,-103.0,2026-10-02 23:13:35,16.22382812500001,35.79946441650391,27.867207182228565,949.12,0.0
51.0,-102.5,2026-10-02 23:13:35,16.032578125000043,46.67446441650391,24.591207182228565,957.62,0.0
51.0,-102.0,2026-10-02 23:13:35,15.116328125000052,49.52446441650391,21.441207182228563,955.95,0.0
51.0,-101.5,2026-10-02 23:13:35,14.100078125000039,47.99946441650391,18.183207182228568,960.7,0.0
51.0,-101.0,2026-10-02 23:13:35,13.89132812500003,45.099464416503906,22.23320718222857,949.36,0.0
51.0,-100.5,2026-10-02 23:13:35,16.418828125000005,32.67446441650391,17.337207182228568,961.9,0.0
51.0,-100.0,2026-10-02 23:13:35,16.791328125000007,31.724464416503906,16.149207182228565,967.94,0.0
51.0,-99.5,2026-10-02 23:13:35,17.436328125000045,41.77446441650391,13.017207182228566,986.89,0.0
51.0,-99.0,2026-10-02 23:13:35,16.331328125000027,46.74946441650391,12.855207182228565,990.23,0.0
51.0,-98.5,2026-10-02 23:13:35,13.412578125000039,55.02446441650391,19.947207182228563,991.67,0.007625
51.0,-98.0,2026-10-02 23:13:35,15.408828125000014,46.724464416503906,13.863207182228566,987.75,0.05725
51.0,-97.5,2026-10-02 23:13:35,14.938828125000043,45.94946441650391,15.807207182228566,990.83,0.021
51.0,-97.0,2026-10-02 23:13:35,14.332578125000055,52.74946441650391,16.005207182228567,996.22,0.001875
51.0,-96.5,2026-10-02 23:13:35,11.935078125000018,64.62446441650391,26.535207182228564,997.36,0.0
51.0,-96.0,2026-10-02 23:13:35,14.036328125000011,48.69946441650391,10.011207182228565,991.75,0.05725
51.0,-95.5,2026-10-02 23:13:35,12.710078125000052,51.32446441650391,10.011207182228565,986.25,0.122125
51.0,-95.0,2026-10-02 23:13:35,11.092285156250057,58.51265563964844,8.303346040070057,981.27,0.326125
51.0,-94.5,2026-10-02 23:13:35,10.017285156250011,62.61265563964844,9.059346040070057,975.77,0.747625
51.0,-94.0,2026-10-02 23:13:35,9.097285156250052,65.38765563964844,15.107346040070057,978.76,0.701875
51.0,-93.5,2026-10-02 23:13:35,9.183535156250002,60.68765563964844,10.859346040070058,978.43,0.67325
51.0,-93.0,2026-10-02 23:13:35,8.972285156250052,59.53765563964844,12.713346040070057,975.65,5.8365
51.0,-92.5,2026-10-02 23:13:35,8.722285156250052,59.61265563964844,16.70934604007006,975.61,14.185
51.0,-92.0,2026-10-02 23:13:35,7.933535156250002,64.56265563964844,11.993346040070056,971.19,9.126625
51.0,-91.5,2026-10-02 23:13:35,8.596035156250025,59.76265563964844,13.487346040070058,974.88,8.829125
51.0,-91.0,2026-10-02 23:13:35,8.654785156250057,62.03765563964844,23.711346040070058,977.74,6.862625
51.0,-90.5,2026-10-02 23:13:35,8.461035156250034,64.61265563964844,17.069346040070055,975.33,4.9725
51.0,-90.0,2026-10-02 23:13:35,7.824785156250016,68.41265563964843,18.00534604007006,974.79,0.944125
51.0,-89.5,2026-10-02 23:13:35,8.061035156250057,67.61265563964844,20.43534604007006,977.47,1.211125
51.0,-89.0,2026-10-02 23:13:35,9.454785156250011,61.78765563964844,13.235346040070057,978.4,1.0718750000000001
51.0,-88.5,2026-10-02 23:13:35,9.186035156250057,65.73765563964844,18.49134604007006,978.85,0.764875
51.0,-88.0,2026-10-02 23:13:35,9.874785156250027,65.06265563964844,14.765346040070057,981.44,0.31475000000000003
51.0,-87.5,2026-10-02 23:13:35,8.218535156250027,67.16265563964843,16.295346040070058,982.16,0.734375
51.0,-87.0,2026-10-02 23:13:35,9.426035156250009,63.76265563964844,16.619346040070056,985.57,1.268375
51.0,-86.5,2026-10-02 23:13:35,10.847285156250052,61.11265563964844,14.729346040070059,990.65,0.656125
51.0,-86.0,2026-10-02 23:13:35,10.736035156250011,63.03765563964844,13.631346040070058,995.91,0.5855
51.0,-85.5,2026-10-02 23:13:35,9.748535156250057,65.98765563964844,12.677346040070057,998.35,0.225125
51.0,-85.0,2026-10-02 23:13:35,10.489785156250036,61.33765563964844,13.289346040070058,1001.55,0.146875
51.0,-84.5,2026-10-02 23:13:35,10.937285156250027,62.83765563964844,10.913346040070058,1005.51,0.021
51.0,-84.0,2026-10-02 23:13:35,9.649785156250005,65.03765563964843,11.489346040070057,1005.38,1.01275
51.0,-83.5,2026-10-02 23:13:35,9.22603515625002,65.01265563964844,13.577346040070058,1004.52,0.949875
51.0,-83.0,2026-10-02 23:13:35,9.69353515625005,61.28765563964844,15.197346040070057,1000.97,0.661875
51.0,-82.5,2026-10-02 23:13:35,9.953535156250041,59.78765563964844,14.711346040070058,1003.99,1.7337500000000001
51.0,-82.0,2026-10-02 23:13:35,10.989785156250036,53.98765563964844,15.341346040070057,1005.76,1.915
51.0,-81.5,2026-10-02 23:13:35,11.127285156250025,55.41265563964844,14.765346040070057,1010.35,1.110125
51.0,-81.0,2026-10-02 23:13:35,11.314785156250025,53.78765563964844,15.539346040070058,1012.9,2.552
51.0,-80.5,2026-10-02 23:13:35,11.371035156250002,51.88765563964844,14.621346040070057,1011.66,3.240625
51.0,-80.0,2026-10-02 23:13:35,10.784785156250052,57.66265563964844,13.487346040070058,1011.66,3.1510000000000002
51.0,-79.5,2026-10-02 23:13:35,8.453535156250041,72.21265563964845,14.963346040070057,1012.82,0.698125
51.0,-79.0,2026-10-02 23:13:35,8.961035156250034,70.08765563964845,17.71734604007006,1004.57,0.051500000000000004
51.0,-78.5,2026-10-02 23:13:35,9.253535156250052,71.73765563964844,26.879346040070057,1003.49,0.08775000000000001
51.0,-78.0,2026-10-02 23:13:35,5.641035156250041,96.11265563964844,16.63734604007006,990.46,0.15825
51.0,-77.5,2026-10-02 23:13:35,5.824785156250016,96.38765563964844,11.237346040070058,981.11,0.39675
51.0,-77.0,2026-10-02 23:13:35,6.781035156250027,94.86265563964844,15.773346040070058,983.01,0.295625
51.0,-76.5,2026-10-02 23:13:35,7.517285156250011,76.51265563964844,11.543346040070057,979.68,0.579875
51.0,-76.0,2026-10-02 23:13:35,8.211035156250034,75.53765563964843,16.007346040070058,975.33,0.574125
51.0,-75.5,2026-10-02 23:13:35,9.578535156250041,68.73765563964844,10.679346040070058,973.36,1.0166250000000001
51.0,-75.0,2026-10-02 23:13:35,7.541035156250018,72.71265563964845,16.18734604007006,968.99,2.09425
51.0,-74.5,2026-10-02 23:13:35,7.846035156250025,70.93765563964844,12.065346040070057,964.1,9.3155
51.0,-74.0,2026-10-02 23:13:35,7.878535156250052,69.28765563964843,11.903346040070058,966.58,10.789875
51.0,-73.5,2026-10-02 23:13:35,8.082285156250009,69.33765563964845,17.357346040070055,967.32,12.363375
51.0,-73.0,2026-10-02 23:13:35,7.8060351562500045,64.96265563964845,11.759346040070058,960.1,8.90925
51.0,-72.5,2026-10-02 23:13:35,7.00603515625005,68.46265563964845,14.153346040070058,945.86,10.70025
51.0,-72.0,2026-10-02 23:13:35,5.933535156250002,66.81265563964844,9.995346040070057,939.83,11.879
51.0,-71.5,2026-10-02 23:13:35,6.158535156250025,71.46265563964845,15.053346040070057,944.08,9.843875
51.0,-71.0,2026-10-02 23:13:35,6.377285156250025,68.18765563964844,12.155346040070057,942.21,9.16475
51.0,-70.5,2026-10-02 23:13:35,6.234785156250041,70.83765563964845,12.155346040070057,939.27,6.26375
51.0,-70.0,2026-10-02 23:13:35,5.708535156250036,72.36265563964844,12.947346040070057,923.29,9.2525
51.0,-69.5,2026-10-02 23:13:35,7.159785156250052,71.76265563964844,12.803346040070057,931.49,4.40975
51.0,-69.0,2026-10-02 23:13:35,6.877285156250025,76.26265563964844,15.863346040070056,938.22,5.54275
51.0,-68.5,2026-10-02 23:13:35,6.646035156250036,74.51265563964844,14.333346040070056,934.61,5.146
51.0,-68.0,2026-10-02 23:13:35,6.867285156250034,80.23765563964844,15.30534604007006,924.35,7.165875
51.0,-67.5,2026-10-02 23:13:35,8.977617187500016,70.75462265014649,13.683518320083618,941.78,6.704375
51.0,-67.0,2026-10-02 23:13:35,9.647617187500032,66.0296226501465,13.539518320083618,941.49,6.033
51.0,-66.5,2026-10-02 23:13:35,10.25261718750005,64.20462265014649,12.963518320083619,938.16,3.34925
51.0,-66.0,2026-10-02 23:13:35,10.358867187500039,64.30462265014648,11.811518320083618,941.64,1.2570000000000001
51.0,-65.5,2026-10-02 23:13:35,7.595117187500023,71.97962265014648,11.721518320083618,910.13,2.529125
51.0,-65.0,2026-10-02 23:13:35,8.897617187500032,68.25462265014649,11.901518320083618,925.33,1.058625
51.0,-64.5,2026-10-02 23:13:35,10.081367187500007,65.32962265014649,14.061518320083618,931.47,1.6536250000000001
51.0,-64.0,2026-10-02 23:13:35,11.088867187500057,61.029622650146486,12.243518320083618,929.24,1.876875
51.0,-63.5,2026-10-02 23:13:35,12.620117187500057,59.95462265014649,11.61351832008362,939.77,1.8062500000000001
51.0,-63.0,2026-10-02 23:13:35,12.807617187500057,59.72962265014649,11.901518320083618,940.96,0.9383750000000001
51.0,-62.5,2026-10-02 23:13:35,14.11886718750003,58.154622650146486,6.897518320083618,960.89,0.4635
51.0,-62.0,2026-10-02 23:13:35,14.206367187500007,56.279622650146486,7.329518320083618,966.8,0.2175
51.0,-61.5,2026-10-02 23:13:35,12.376367187500023,67.92962265014648,11.61351832008362,963.88,0.16975
51.0,-61.0,2026-10-02 23:13:35,13.807617187500057,75.87962265014649,11.433518320083618,968.47,1.226375
51.0,-60.5,2026-10-02 23:13:35,14.198867187500014,82.1046226501465,10.29951832008362,963.44,1.30275
51.0,-60.0,2026-10-02 23:13:35,14.095117187500023,82.37962265014649,9.345518320083618,968.21,0.4005
51.0,-59.5,2026-10-02 23:13:35,15.425117187500007,89.6046226501465,13.521518320083619,981.83,0.198375
51.0,-59.0,2026-10-02 23:13:35,17.348867187500048,78.57962265014649,15.10551832008362,995.91,0.068625
51.0,-57.0,2026-10-02 23:13:35,12.703867187500009,97.7296226501465,48.92751832008362,999.92,0.03625
51.0,-56.5,2026-10-02 23:13:35,15.623867187500025,85.4046226501465,27.25551832008362,978.42,0.0
51.0,-56.0,2026-10-02 23:13:35,17.34636718750005,76.7796226501465,22.107518320083617,989.8,0.0
51.0,-55.5,2026-10-02 23:13:35,11.56511718750005,91.4046226501465,32.49351832008362,999.78,0.0
51.5,-128.0,2026-10-02 23:13:35,14.565937500000018,77.30920639038087,3.773472903370857,1009.89,18.898
51.5,-127.5,2026-10-02 23:13:35,10.917187500000011,97.78420639038086,0.5874729033708572,970.79,30.83425
51.5,-127.0,2026-10-02 23:13:35,8.958437500000002,98.88420639038087,1.2894729033708574,903.97,49.554875
51.5,-126.5,2026-10-02 23:13:35,4.034687500000018,99.98420639038086,3.2154729033708573,837.75,48.667875
51.5,-126.0,2026-10-02 23:13:35,1.9409375000000182,98.13420639038087,4.9074729033708575,819.17,36.50475
51.5,-125.5,2026-10-02 23:13:35,3.554687500000057,97.75920639038087,2.531472903370857,825.87,25.49175
51.5,-125.0,2026-10-02 23:13:35,4.940937500000018,98.63420639038087,4.295472903370857,853.43,9.61875
51.5,-124.5,2026-10-02 23:13:35,7.734687500000007,93.35920639038086,4.583472903370858,844.01,4.0683750000000005
51.5,-124.0,2026-10-02 23:13:35,8.194687500000043,80.85920639038086,4.583472903370858,816.81,3.76325
51.5,-123.5,2026-10-02 23:13:35,6.208437500000002,92.60920639038086,4.979472903370857,824.86,3.301625
51.5,-123.0,2026-10-02 23:13:35,6.975937500000043,93.23420639038086,0.26347290337085727,853.01,2.44525
51.5,-122.5,2026-10-02 23:13:35,7.373437500000023,99.23420639038086,2.2974729033708576,898.75,1.112
51.5,-122.0,2026-10-02 23:13:35,6.857187500000009,97.90920639038086,3.2514729033708574,874.92,1.5125
51.5,-121.5,2026-10-02 23:13:35,7.263437500000009,98.03420639038086,2.6934729033708575,883.92,2.40325
51.5,-121.0,2026-10-02 23:13:35,8.404687500000023,95.40920639038086,3.1614729033708575,884.76,1.489625
51.5,-120.5,2026-10-02 23:13:35,6.704687500000034,99.20920639038087,4.583472903370858,862.92,0.913625
51.5,-120.0,2026-10-02 23:13:35,3.8490820312500205,99.7715805053711,4.162130213499069,812.6,3.00975
51.5,-119.5,2026-10-02 23:13:35,7.7728320312500045,96.6215805053711,1.8761302134990692,929.83,1.19975
51.5,-119.0,2026-10-02 23:13:35,3.3153320312500227,99.5715805053711,1.8761302134990692,842.38,4.201875
51.5,-118.5,2026-10-02 23:13:35,6.1615820312500205,99.4965805053711,2.866130213499069,908.97,4.59675
51.5,-118.0,2026-10-02 23:13:35,0.5140820312500409,99.7965805053711,1.1021302134990694,810.44,5.020125
51.5,-117.5,2026-10-02 23:13:35,4.377832031250023,98.5215805053711,1.3901302134990694,871.95,1.8215000000000001
51.5,-117.0,2026-10-02 23:13:35,4.899082031250032,84.5215805053711,0.8501302134990693,841.35,0.92125
51.5,-116.5,2026-10-02 23:13:35,2.447832031250016,90.3965805053711,1.9481302134990692,797.1,1.277875
51.5,-116.0,2026-10-02 23:13:35,1.3428320312500546,94.4215805053711,11.326130213499068,760.67,0.389125
51.5,-115.5,2026-10-02 23:13:35,7.920332031250041,58.571580505371095,20.77613021349907,771.95,0.0
51.5,-115.0,2026-10-02 23:13:35,13.137832031250014,54.071580505371095,0.7781302134990692,841.13,0.04575
51.5,-114.5,2026-10-02 23:13:35,14.652832031250057,51.0465805053711,3.7121302134990697,874.95,0.265125
51.5,-114.0,2026-10-02 23:13:35,14.860332031250039,43.721580505371094,6.7181302134990695,895.77,0.0
51.5,-113.5,2026-10-02 23:13:35,14.81783203125002,33.821580505371095,10.57013021349907,908.5,0.007625
51.5,-113.0,2026-10-02 23:13:35,15.399082031250032,28.996580505371096,10.80413021349907,919.35,0.017125
51.5,-112.5,2026-10-02 23:13:35,13.936582031250055,36.071580505371095,10.71413021349907,916.06,0.0095
51.5,-112.0,2026-10-02 23:13:35,14.596582031250023,35.071580505371095,14.296130213499069,906.81,0.0
51.5,-111.5,2026-10-02 23:13:35,15.47408203125002,38.12158050537109,10.91213021349907,922.7,0.0
51.5,-111.0,2026-10-02 23:13:35,14.769082031250036,42.9965805053711,11.54213021349907,920.39,0.0
51.5,-110.5,2026-10-02 23:13:35,15.727832031250045,43.6215805053711,11.38013021349907,923.02,0.0
51.5,-110.0,2026-10-02 23:13:35,15.175078125000027,44.974464416503906,8.769207182228566,929.64,0.0
51.5,-109.5,2026-10-02 23:13:35,15.05757812500002,43.44946441650391,9.201207182228565,927.0,0.0
51.5,-109.0,2026-10-02 23:13:35,13.216328125000018,45.67446441650391,9.327207182228566,929.87,0.003875
51.5,-108.5,2026-10-02 23:13:35,12.415078125000036,47.39946441650391,11.613207182228566,928.92,0.0
51.5,-108.0,2026-10-02 23:13:35,13.353828125000007,46.24946441650391,13.305207182228566,941.19,0.0
51.5,-107.5,2026-10-02 23:13:35,13.690078125000014,45.99946441650391,14.097207182228566,945.45,0.04
51.5,-107.0,2026-10-02 23:13:35,13.510078125000007,48.37446441650391,17.877207182228567,950.4,0.0305
51.5,-106.5,2026-10-02 23:13:35,13.157578125000043,47.224464416503906,20.001207182228566,947.54,0.03625
51.5,-106.0,2026-10-02 23:13:35,12.852578125000036,45.27446441650391,23.061207182228564,937.75,0.0725
51.5,-105.5,2026-10-02 23:13:35,13.373828125000045,41.74946441650391,25.005207182228567,951.34,0.001875
51.5,-105.0,2026-10-02 23:13:35,15.26632812500003,32.974464416503906,28.857207182228564,953.7,0.007625
51.5,-104.5,2026-10-02 23:13:35,14.430078125000023,41.99946441650391,30.963207182228565,943.75,0.0115
51.5,-104.0,2026-10-02 23:13:35,14.961328125000023,33.849464416503906,31.773207182228564,942.03,0.00575
51.5,-103.5,2026-10-02 23:13:35,15.446328125000036,34.07446441650391,31.953207182228567,943.81,0.001875
51.5,-103.0,2026-10-02 23:13:35,15.988828125000055,38.349464416503906,25.869207182228568,955.01,0.0
51.5,-102.5,2026-10-02 23:13:35,13.717578125000045,53.19946441650391,18.20120718222857,961.47,0.0
51.5,-102.0,2026-10-02 23:13:35,14.103828125000007,43.52446441650391,18.093207182228564,962.25,0.0
51.5,-101.5,2026-10-02 23:13:35,12.075078125000005,50.02446441650391,13.863207182228566,948.22,0.0
51.5,-101.0,2026-10-02 23:13:35,14.93257812500002,33.349464416503906,13.485207182228566,942.53,0.0
51.5,-100.5,2026-10-02 23:13:35,17.88007812500001,27.54946441650391,15.393207182228565,973.45,0.0
51.5,-100.0,2026-10-02 23:13:35,15.702578125000002,43.87446441650391,13.305207182228566,988.25,0.0
51.5,-99.5,2026-10-02 23:13:35,15.883828125000036,40.54946441650391,15.231207182228566,990.22,0.0
51.5,-99.0,2026-10-02 23:13:35,14.002578125000014,51.77446441650391,19.875207182228568,990.81,0.001875
51.5,-98.5,2026-10-02 23:13:35,14.492578125000023,51.27446441650391,20.001207182228566,991.65,0.0
51.5,-98.0,2026-10-02 23:13:35,15.561328125000045,44.79946441650391,11.991207182228566,988.39,0.003875
51.5,-97.5,2026-10-02 23:13:35,15.655078125000045,41.69946441650391,8.373207182228565,993.28,0.0095
51.5,-97.0,2026-10-02 23:13:35,13.77632812500002,51.44946441650391,15.537207182228565,994.75,0.003875
51.5,-96.5,2026-10-02 23:13:35,13.01632812500003,54.52446441650391,12.351207182228567,994.89,0.150625
51.5,-96.0,2026-10-02 23:13:35,13.555078125000023,44.099464416503906,11.109207182228566,990.54,1.447625
51.5,-95.5,2026-10-02 23:13:35,12.68257812500002,51.099464416503906,9.237207182228566,985.36,9.450875
51.5,-95.0,2026-10-02 23:13:35,10.114785156250036,68.91265563964843,8.861346040070057,980.41,5.785
51.5,-94.5,2026-10-02 23:13:35,9.159785156250052,64.11265563964844,14.153346040070058,977.54,2.7065
51.5,-94.0,2026-10-02 23:13:35,9.016035156250041,64.11265563964844,9.851346040070059,974.11,11.74925
51.5,-93.5,2026-10-02 23:13:35,8.437285156250027,66.91265563964843,15.44934604007006,975.02,8.035625
51.5,-93.0,2026-10-02 23:13:35,8.114785156250036,61.03765563964844,11.831346040070057,971.02,5.292875
51.5,-92.5,2026-10-02 23:13:35,7.927285156250036,63.21265563964844,14.855346040070058,972.01,3.671625
51.5,-92.0,2026-10-02 23:13:35,8.00728515625002,64.71265563964845,20.003346040070056,973.97,1.604125
51.5,-91.5,2026-10-02 23:13:35,8.168535156250016,59.51265563964844,14.927346040070057,973.44,2.10575
51.5,-91.0,2026-10-02 23:13:35,8.121035156250002,58.21265563964844,16.78134604007006,975.36,2.937375
51.5,-90.5,2026-10-02 23:13:35,7.978535156250018,59.88765563964844,15.107346040070057,976.19,1.2570000000000001
51.5,-90.0,2026-10-02 23:13:35,8.134785156250018,62.21265563964844,15.44934604007006,978.02,1.14825
51.5,-89.5,2026-10-02 23:13:35,7.339785156250002,63.26265563964844,16.925346040070057,977.22,1.421
51.5,-89.0,2026-10-02 23:13:35,8.836035156250034,61.18765563964844,17.303346040070057,980.94,1.665125
51.5,-88.5,2026-10-02 23:13:35,9.462285156250005,64.83765563964845,24.539346040070058,985.51,0.085875
51.5,-88.0,2026-10-02 23:13:35,8.668535156250016,67.46265563964845,23.90934604007006,986.21,0.639
51.5,-87.5,2026-10-02 23:13:35,8.707285156250009,66.08765563964845,16.907346040070056,984.15,1.12725
51.5,-87.0,2026-10-02 23:13:35,8.816035156250052,67.03765563964843,14.819346040070057,987.91,0.18887500000000002
51.5,-86.5,2026-10-02 23:13:35,10.308535156250002,64.61265563964844,14.783346040070057,994.18,0.2155
51.5,-86.0,2026-10-02 23:13:35,10.187285156250027,63.46265563964844,14.729346040070059,997.85,0.61225
51.5,-85.5,2026-10-02 23:13:35,10.22603515625002,62.81265563964844,15.233346040070057,998.55,0.295625
51.5,-85.0,2026-10-02 23:13:35,9.422285156250041,66.31265563964844,14.009346040070058,998.72,3.7422500000000003
51.5,-84.5,2026-10-02 23:13:35,10.152285156250002,63.43765563964844,12.857346040070057,1000.97,2.9602500000000003
51.5,-84.0,2026-10-02 23:13:35,9.648535156250034,66.68765563964844,12.425346040070057,1005.36,0.94225
51.5,-83.5,2026-10-02 23:13:35,8.353535156250018,71.58765563964845,12.443346040070058,1008.07,0.803
51.5,-83.0,2026-10-02 23:13:35,7.66228515625005,75.86265563964844,14.585346040070059,1007.27,1.543
51.5,-82.5,2026-10-02 23:13:35,9.659785156250052,63.88765563964844,16.52934604007006,1007.01,1.138625
51.5,-82.0,2026-10-02 23:13:35,8.916035156250018,65.21265563964845,15.575346040070055,1005.85,0.770625
51.5,-81.5,2026-10-02 23:13:35,10.146035156250036,60.56265563964844,16.18734604007006,1007.35,1.928375
51.5,-81.0,2026-10-02 23:13:35,10.949785156250016,54.23765563964844,19.157346040070056,1010.26,2.01225
51.5,-80.5,2026-10-02 23:13:35,10.738535156250009,58.61265563964844,21.335346040070057,1014.71,0.7305
51.5,-79.5,2026-10-02 23:13:35,9.316035156250052,69.36265563964844,28.49934604007006,1014.43,0.27087500000000003
51.5,-79.0,2026-10-02 23:13:35,10.179785156250034,71.71265563964845,32.531346040070055,1013.9,2.676
51.5,-78.5,2026-10-02 23:13:35,7.871035156250002,90.58765563964845,9.617346040070057,1008.19,0.31275000000000003
51.5,-78.0,2026-10-02 23:13:35,7.607285156250043,94.76265563964844,15.953346040070057,999.29,0.39675
51.5,-77.5,2026-10-02 23:13:35,7.527285156250002,85.98765563964844,10.337346040070058,989.66,0.440625
51.5,-77.0,2026-10-02 23:13:35,7.982285156250043,72.93765563964844,16.853346040070058,985.9,0.4845
51.5,-76.5,2026-10-02 23:13:35,8.212285156250005,71.48765563964844,15.431346040070059,984.61,0.36625
51.5,-76.0,2026-10-02 23:13:35,6.707285156250009,84.78765563964845,13.721346040070058,978.55,1.031875
51.5,-75.5,2026-10-02 23:13:35,6.146035156250036,89.43765563964844,15.287346040070059,976.4,1.8845
51.5,-75.0,2026-10-02 23:13:35,8.172285156250041,71.28765563964843,12.731346040070058,973.71,1.228375
51.5,-74.5,2026-10-02 23:13:35,8.326035156250043,64.53765563964843,12.731346040070058,970.19,0.67325
51.5,-74.0,2026-10-02 23:13:35,7.551035156250009,67.06265563964844,14.117346040070057,967.68,0.80875
51.5,-73.5,2026-10-02 23:13:35,6.404785156250057,77.23765563964844,11.813346040070059,958.51,1.855875
51.5,-73.0,2026-10-02 23:13:35,5.988535156250009,77.03765563964845,16.853346040070058,946.76,1.71475
51.5,-72.5,2026-10-02 23:13:35,6.896035156250036,67.26265563964844,14.819346040070057,949.94,1.6460000000000001
51.5,-72.0,2026-10-02 23:13:35,5.763535156250043,66.76265563964844,13.397346040070058,935.46,8.44575
51.5,-71.5,2026-10-02 23:13:35,6.074785156250016,66.31265563964844,12.821346040070058,943.94,7.795375
51.5,-71.0,2026-10-02 23:13:35,4.9935351562500045,80.58765563964845,17.951346040070057,932.77,8.5125
51.5,-70.5,2026-10-02 23:13:35,5.738535156250009,72.16265563964843,12.731346040070058,932.29,7.12775
51.5,-70.0,2026-10-02 23:13:35,6.683535156250002,73.66265563964843,16.961346040070058,940.88,3.6430000000000002
51.5,-69.5,2026-10-02 23:13:35,7.436035156250057,66.51265563964844,15.431346040070059,943.91,9.002625
51.5,-69.0,2026-10-02 23:13:35,7.199785156250016,83.33765563964845,14.441346040070059,956.82,8.489625
51.5,-68.5,2026-10-02 23:13:35,6.367285156250034,85.63765563964844,12.479346040070059,951.29,12.313875
51.5,-68.0,2026-10-02 23:13:35,3.6635351562500205,93.43765563964844,19.715346040070056,905.26,39.1025
51.5,-67.5,2026-10-02 23:13:35,6.610117187500009,83.82962265014649,16.383518320083617,924.5,24.093625
51.5,-67.0,2026-10-02 23:13:35,8.403867187500055,72.2796226501465,11.577518320083618,938.0,9.735125
51.5,-66.5,2026-10-02 23:13:35,7.192617187500048,73.32962265014649,15.735518320083619,920.78,8.234
51.5,-66.0,2026-10-02 23:13:35,7.886367187500014,71.95462265014649,16.47351832008362,922.14,9.81325
51.5,-65.5,2026-10-02 23:13:35,8.880117187500048,73.57962265014649,18.759518320083618,931.55,6.605125
51.5,-65.0,2026-10-02 23:13:35,8.286367187500048,71.80462265014648,14.00751832008362,928.66,4.49175
51.5,-64.5,2026-10-02 23:13:35,7.046367187500039,74.45462265014649,13.575518320083619,911.11,5.1937500000000005
51.5,-64.0,2026-10-02 23:13:35,9.833867187500005,66.0296226501465,14.49351832008362,935.89,1.36375
51.5,-63.5,2026-10-02 23:13:35,10.47136718750005,64.47962265014648,14.187518320083619,940.49,1.562125
51.5,-63.0,2026-10-02 23:13:35,10.015117187500039,66.55462265014648,14.781518320083617,933.3,2.0027500000000003
51.5,-62.5,2026-10-02 23:13:35,12.001367187500023,61.57962265014649,13.665518320083619,950.46,0.240375
51.5,-62.0,2026-10-02 23:13:35,13.74386718750003,61.804622650146484,9.525518320083618,959.05,0.6885
51.5,-61.5,2026-10-02 23:13:35,12.141367187500009,74.57962265014649,6.339518320083618,952.03,2.304125
51.5,-61.0,2026-10-02 23:13:35,10.016367187500009,74.57962265014649,11.16351832008362,945.08,3.2291250000000002
51.5,-60.5,2026-10-02 23:13:35,9.862617187500007,76.35462265014648,12.477518320083618,945.21,2.224
51.5,-60.0,2026-10-02 23:13:35,12.237617187500007,78.1046226501465,9.14751832008362,968.66,0.81825
51.5,-59.5,2026-10-02 23:13:35,13.230117187500014,73.30462265014648,13.809518320083619,967.82,0.568375
51.5,-59.0,2026-10-02 23:13:35,15.120117187500057,78.75462265014649,13.305518320083618,969.13,1.3065
51.5,-58.5,2026-10-02 23:13:35,15.542617187500014,87.1046226501465,8.283518320083619,982.71,2.380375
51.5,-58.0,2026-10-02 23:13:35,12.560117187500055,99.57962265014649,9.633518320083619,977.55,1.5965
51.5,-57.5,2026-10-02 23:13:35,11.328867187500009,99.42962265014648,17.87751832008362,992.28,1.2035
51.5,-57.0,2026-10-02 23:13:35,11.612617187500007,98.17962265014648,23.78151832008362,983.8,1.5125
51.5,-56.5,2026-10-02 23:13:35,9.467617187500025,99.3546226501465,36.057518320083624,999.46,0.362375
51.5,-56.0,2026-10-02 23:13:35,13.903867187500055,96.6546226501465,27.813518320083617,995.61,0.02475
51.5,-55.5,2026-10-02 23:13:35,14.151367187500057,91.87962265014649,27.20151832008362,996.24,0.013375
52.0,-131.0,2026-10-02 23:13:35,12.144687500000032,71.40920639038086,16.859472903370857,1013.95,0.017125
52.0,-128.5,2026-10-02 23:13:35,10.962187500000027,83.58420639038087,12.161472903370859,1018.84,1.08525
52.0,-128.0,2026-10-02 23:13:35,13.252187500000048,71.50920639038087,1.7214729033708573,995.62,2.601625
52.0,-127.5,2026-10-02 23:13:35,10.582187500000032,92.23420639038086,1.0194729033708572,938.98,9.8495
52.0,-127.0,2026-10-02 23:13:35,6.232187500000009,99.25920639038087,3.539472903370857,860.2,20.332375
52.0,-126.5,2026-10-02 23:13:35,8.675937500000032,91.73420639038086,1.2534729033708574,909.04,14.749500000000001
52.0,-126.0,2026-10-02 23:13:35,2.6771875000000023,95.53420639038086,3.539472903370857,809.78,14.387125000000001
52.0,-125.5,2026-10-02 23:13:35,7.255937500000016,85.18420639038087,4.475472903370857,832.06,10.397
52.0,-125.0,2026-10-02 23:13:35,8.849687500000016,77.05920639038087,1.1454729033708573,909.36,7.28225
52.0,-124.5,2026-10-02 23:13:35,8.200937500000009,84.58420639038087,2.6754729033708573,891.33,6.677625
52.0,-124.0,2026-10-02 23:13:35,8.929687500000057,76.20920639038086,1.6314729033708573,875.34,7.181125
52.0,-123.5,2026-10-02 23:13:35,8.212187500000027,84.28420639038086,2.531472903370857,894.2,6.296125
52.0,-123.0,2026-10-02 23:13:35,8.630937500000016,79.25920639038087,6.6174729033708575,878.79,5.415
52.0,-122.5,2026-10-02 23:13:35,10.600937500000043,78.30920639038087,3.7194729033708573,906.56,3.538125
52.0,-122.0,2026-10-02 23:13:35,9.040937500000041,86.20920639038087,1.1454729033708573,908.15,3.353125
52.0,-121.5,2026-10-02 23:13:35,8.554687500000057,85.20920639038087,3.4494729033708573,893.73,2.5425
52.0,-121.0,2026-10-02 23:13:35,7.185937500000023,95.25920639038087,2.0994729033708572,891.08,1.525875
52.0,-120.5,2026-10-02 23:13:35,6.037187500000016,98.95920639038087,3.1434729033708573,877.39,2.616875
52.0,-120.0,2026-10-02 23:13:35,6.200332031250014,99.5965805053711,1.3721302134990694,898.06,6.341875
52.0,-119.5,2026-10-02 23:13:35,2.680332031250032,99.4965805053711,4.486130213499069,836.53,7.78575
52.0,-119.0,2026-10-02 23:13:35,0.33533203125000455,99.8715805053711,3.3881302134990694,806.67,6.938875
52.0,-118.5,2026-10-02 23:13:35,2.3353320312500045,98.3965805053711,2.722130213499069,832.39,3.446625
52.0,-118.0,2026-10-02 23:13:35,1.6653320312500455,99.0465805053711,0.7781302134990692,818.11,3.28825
52.0,-117.5,2026-10-02 23:13:35,0.6553320312500546,97.6215805053711,3.5141302134990693,777.27,2.9755000000000003
52.0,-117.0,2026-10-02 23:13:35,-1.1496679687499523,98.6215805053711,8.626130213499069,733.8,0.528375
52.0,-116.5,2026-10-02 23:13:35,9.822832031250016,59.2965805053711,8.23013021349907,838.36,0.00575
52.0,-116.0,2026-10-02 23:13:35,8.075332031250014,64.27158050537109,12.100130213499071,798.19,0.0
52.0,-115.5,2026-10-02 23:13:35,11.977832031250045,50.3965805053711,2.0921302134990696,840.03,0.2175
52.0,-115.0,2026-10-02 23:13:35,13.321582031250045,48.2715805053711,3.5681302134990696,871.14,0.051500000000000004
52.0,-114.5,2026-10-02 23:13:35,13.62033203125003,47.0465805053711,6.916130213499069,894.08,0.0
52.0,-114.0,2026-10-02 23:13:35,14.249082031250055,43.7715805053711,7.78013021349907,905.56,0.0
52.0,-113.5,2026-10-02 23:13:35,13.43283203125003,48.6715805053711,11.34413021349907,906.41,0.0
52.0,-113.0,2026-10-02 23:13:35,14.672832031250039,33.096580505371094,12.47813021349907,909.03,0.0
52.0,-112.5,2026-10-02 23:13:35,14.991582031250005,27.646580505371094,12.532130213499071,917.1,0.0
52.0,-112.0,2026-10-02 23:13:35,14.960332031250005,33.6715805053711,11.992130213499069,918.67,0.0
52.0,-111.5,2026-10-02 23:13:35,14.456582031250036,47.5465805053711,9.63413021349907,920.66,0.0
52.0,-111.0,2026-10-02 23:13:35,14.537832031250048,49.221580505371094,7.870130213499069,921.19,0.0
52.0,-110.5,2026-10-02 23:13:35,15.416582031250016,45.1715805053711,4.252130213499069,931.63,0.0
52.0,-110.0,2026-10-02 23:13:35,13.692578125000011,45.62446441650391,9.093207182228566,928.56,0.0
52.0,-109.5,2026-10-02 23:13:35,13.100078125000039,44.99946441650391,10.389207182228565,930.06,0.0
52.0,-109.0,2026-10-02 23:13:35,13.095078125000043,43.27446441650391,10.533207182228566,934.37,0.0
52.0,-108.5,2026-10-02 23:13:35,13.510078125000007,41.64946441650391,10.947207182228565,932.59,0.0
52.0,-108.0,2026-10-02 23:13:35,13.617578125000023,44.27446441650391,11.469207182228566,937.89,0.0
52.0,-107.5,2026-10-02 23:13:35,13.728828125000007,43.49946441650391,12.765207182228565,948.08,0.0
52.0,-107.0,2026-10-02 23:13:35,14.096328125000014,44.02446441650391,17.769207182228566,951.75,0.0
52.0,-106.5,2026-10-02 23:13:35,13.665078125000036,43.974464416503906,19.857207182228567,953.03,0.001875
52.0,-106.0,2026-10-02 23:13:35,13.180078125000023,47.52446441650391,19.335207182228565,951.94,0.0095
52.0,-105.5,2026-10-02 23:13:35,12.872578125000018,49.14946441650391,23.763207182228566,949.62,0.022875
52.0,-105.0,2026-10-02 23:13:35,13.24507812500002,44.599464416503906,24.051207182228566,949.03,0.110625
52.0,-104.5,2026-10-02 23:13:35,13.77632812500002,48.12446441650391,22.089207182228566,954.29,0.186875
52.0,-104.0,2026-10-02 23:13:35,13.737578125000027,52.69946441650391,23.709207182228567,953.76,0.07825
52.0,-103.5,2026-10-02 23:13:35,15.40132812500002,43.27446441650391,20.811207182228564,949.84,0.01525
52.0,-103.0,2026-10-02 23:13:35,13.466328125000018,41.599464416503906,16.52720718222857,945.7,0.001875
52.0,-102.5,2026-10-02 23:13:35,12.540078125000036,40.474464416503906,18.435207182228567,955.51,0.0
52.0,-102.0,2026-10-02 23:13:35,12.653828125000018,51.32446441650391,15.051207182228566,959.86,0.0
52.0,-101.5,2026-10-02 23:13:35,16.216328125000018,40.69946441650391,16.329207182228565,973.31,0.0
52.0,-101.0,2026-10-02 23:13:35,17.502578125000014,26.074464416503908,12.585207182228567,960.61,0.001875
52.0,-100.5,2026-10-02 23:13:35,19.546328125000002,26.149464416503907,8.013207182228566,980.87,0.001875
52.0,-100.0,2026-10-02 23:13:35,16.180078125000023,36.999464416503905,18.20120718222857,988.03,0.0
52.0,-99.5,2026-10-02 23:13:35,15.723828125000011,41.14946441650391,13.485207182228566,988.83,0.0
52.0,-99.0,2026-10-02 23:13:35,15.242578125000023,42.54946441650391,12.243207182228566,987.48,0.02675
52.0,-98.5,2026-10-02 23:13:35,15.778828125000018,42.974464416503906,11.955207182228566,990.94,0.122125
52.0,-98.0,2026-10-02 23:13:35,13.780078125000045,53.82446441650391,20.667207182228566,994.84,0.074375
52.0,-97.5,2026-10-02 23:13:35,13.350078125000039,54.02446441650391,18.345207182228567,994.17,0.450125
52.0,-97.0,2026-10-02 23:13:35,11.780078125000045,62.32446441650391,23.187207182228565,995.83,4.222875
52.0,-96.5,2026-10-02 23:13:35,12.912578125000039,51.14946441650391,10.479207182228567,992.94,28.045625
52.0,-96.0,2026-10-02 23:13:35,12.293828125000005,53.67446441650391,10.803207182228565,987.34,6.6795
52.0,-95.5,2026-10-02 23:13:35,10.912578125000039,59.52446441650391,17.949207182228566,985.78,2.452875
52.0,-95.0,2026-10-02 23:13:35,9.454785156250011,66.81265563964844,11.813346040070059,984.01,6.40675
52.0,-94.5,2026-10-02 23:13:35,9.183535156250002,65.88765563964844,10.661346040070057,980.04,5.649625
52.0,-94.0,2026-10-02 23:13:35,8.939785156250025,63.06265563964844,10.157346040070058,980.51,2.014125
52.0,-93.5,2026-10-02 23:13:35,8.606035156250016,63.96265563964844,10.877346040070057,974.82,2.36125
52.0,-93.0,2026-10-02 23:13:35,8.607285156250043,57.73765563964844,13.577346040070058,977.38,2.443375
52.0,-92.5,2026-10-02 23:13:35,8.03728515625005,60.66265563964844,13.487346040070058,971.96,4.43075
52.0,-92.0,2026-10-02 23:13:35,7.711035156250034,60.73765563964844,18.76134604007006,970.54,4.762625
52.0,-91.5,2026-10-02 23:13:35,7.208535156250036,59.16265563964844,13.811346040070056,972.82,2.708375
52.0,-91.0,2026-10-02 23:13:35,6.829785156250011,63.81265563964844,18.14934604007006,976.04,0.749625
52.0,-90.5,2026-10-02 23:13:35,6.828535156250041,63.06265563964844,19.445346040070056,973.33,0.577875
52.0,-90.0,2026-10-02 23:13:35,6.607285156250043,67.18765563964844,16.115346040070058,977.38,2.0085
52.0,-89.5,2026-10-02 23:13:35,7.437285156250027,69.23765563964844,29.43534604007006,980.21,0.738125
52.0,-89.0,2026-10-02 23:13:35,9.211035156250034,60.08765563964844,19.391346040070058,981.65,0.23075
52.0,-88.5,2026-10-02 23:13:35,7.794785156250043,80.11265563964844,23.045346040070058,986.13,0.227
52.0,-88.0,2026-10-02 23:13:35,8.092285156250057,69.26265563964844,14.999346040070058,982.94,0.047625
52.0,-87.5,2026-10-02 23:13:35,8.597285156250052,67.78765563964843,21.641346040070058,988.68,0.7725
52.0,-87.0,2026-10-02 23:13:35,8.342285156250057,68.21265563964845,18.527346040070057,990.29,0.459625
52.0,-86.5,2026-10-02 23:13:35,7.6185351562500045,81.83765563964845,16.52934604007006,992.61,0.5760000000000001
52.0,-86.0,2026-10-02 23:13:35,8.061035156250057,73.68765563964844,14.297346040070058,995.32,0.053375
52.0,-85.5,2026-10-02 23:13:35,8.734785156250041,71.28765563964843,15.575346040070055,996.05,0.37
52.0,-85.0,2026-10-02 23:13:35,9.617285156250034,69.71265563964845,14.729346040070059,998.63,0.0095
52.0,-84.5,2026-10-02 23:13:35,8.142285156250011,74.68765563964844,14.675346040070057,1001.8,0.0
52.0,-84.0,2026-10-02 23:13:35,8.083535156250036,74.28765563964843,13.901346040070058,1005.35,0.0
52.0,-83.5,2026-10-02 23:13:35,8.63103515625005,71.43765563964844,13.829346040070059,1006.52,0.013375
52.0,-83.0,2026-10-02 23:13:35,9.024785156250005,68.93765563964844,14.045346040070058,1008.29,0.021
52.0,-82.5,2026-10-02 23:13:35,8.936035156250057,69.11265563964844,17.53734604007006,1009.93,0.049625
52.0,-82.0,2026-10-02 23:13:35,9.312285156250027,65.91265563964843,16.40334604007006,1011.05,0.238375
52.0,-81.5,2026-10-02 23:13:35,9.628535156250052,61.56265563964844,16.475346040070058,1013.04,0.7877500000000001
52.0,-81.0,2026-10-02 23:13:35,9.964785156250002,61.76265563964844,24.59334604007006,1014.49,1.283625
52.0,-79.5,2026-10-02 23:13:35,9.142285156250011,68.96265563964845,25.92534604007006,1010.4,1.243625
52.0,-79.0,2026-10-02 23:13:35,9.274785156250005,74.71265563964845,34.34934604007006,1013.69,1.522125
52.0,-78.5,2026-10-02 23:13:35,9.054785156250034,74.21265563964845,21.245346040070057,1010.74,1.432375
52.0,-78.0,2026-10-02 23:13:35,8.596035156250025,65.33765563964845,16.295346040070058,998.94,1.304625
52.0,-77.5,2026-10-02 23:13:35,7.579785156250011,76.46265563964845,15.575346040070055,988.32,1.787125
52.0,-77.0,2026-10-02 23:13:35,8.339785156250002,75.31265563964844,20.777346040070057,985.24,0.67325
52.0,-76.5,2026-10-02 23:13:35,5.773535156250034,88.01265563964844,15.233346040070057,984.76,0.347125
52.0,-76.0,2026-10-02 23:13:35,8.439785156250025,62.86265563964844,14.045346040070058,978.71,0.637
52.0,-75.5,2026-10-02 23:13:35,9.048535156250011,61.01265563964844,12.389346040070057,975.8,0.347125
52.0,-75.0,2026-10-02 23:13:35,8.096035156250025,62.83765563964844,13.667346040070056,971.58,0.343375
52.0,-74.5,2026-10-02 23:13:35,7.8822851562500205,61.48765563964844,15.773346040070058,969.02,0.80875
52.0,-74.0,2026-10-02 23:13:35,6.867285156250034,65.73765563964844,13.001346040070057,968.49,2.161
52.0,-73.5,2026-10-02 23:13:35,6.158535156250025,83.31265563964844,16.70934604007006,967.51,1.73
52.0,-73.0,2026-10-02 23:13:35,6.742285156250034,76.88765563964844,20.05734604007006,959.9,2.744625
52.0,-72.5,2026-10-02 23:13:35,6.551035156250009,71.18765563964844,18.02334604007006,950.08,4.343
52.0,-72.0,2026-10-02 23:13:35,4.0247851562500045,77.66265563964845,21.101346040070055,922.65,6.30375
52.0,-71.5,2026-10-02 23:13:35,4.2260351562500205,82.51265563964844,18.617346040070057,923.9,5.628625
52.0,-71.0,2026-10-02 23:13:35,4.4935351562500045,79.76265563964844,20.237346040070058,930.29,4.686375
52.0,-70.5,2026-10-02 23:13:35,3.7535351562500523,87.28765563964845,21.28134604007006,924.88,2.914375
52.0,-70.0,2026-10-02 23:13:35,3.877285156250025,83.43765563964844,17.10534604007006,918.35,3.049875
52.0,-69.5,2026-10-02 23:13:35,5.00603515625005,76.26265563964844,8.807346040070058,937.08,2.82475
52.0,-69.0,2026-10-02 23:13:35,5.707285156250009,83.88765563964844,19.949346040070058,949.58,4.5185
52.0,-68.5,2026-10-02 23:13:35,7.63103515625005,68.21265563964845,17.195346040070056,953.38,12.022
52.0,-68.0,2026-10-02 23:13:35,7.259785156250018,65.16265563964843,16.40334604007006,930.16,17.412125
52.0,-67.5,2026-10-02 23:13:35,7.417617187500014,70.67962265014648,22.66551832008362,940.57,11.165625
52.0,-67.0,2026-10-02 23:13:35,7.647617187500032,68.1546226501465,20.57751832008362,939.46,7.547375
52.0,-66.5,2026-10-02 23:13:35,6.872617187500055,80.25462265014649,18.23751832008362,933.02,7.696125
52.0,-66.0,2026-10-02 23:13:35,5.626367187500023,86.57962265014649,19.01151832008362,922.28,6.616625
52.0,-65.5,2026-10-02 23:13:35,7.276367187500057,82.70462265014649,18.86751832008362,929.72,5.922375
52.0,-65.0,2026-10-02 23:13:35,8.386367187500014,72.35462265014648,19.58751832008362,932.83,5.550375
52.0,-64.5,2026-10-02 23:13:35,9.470117187500023,66.87962265014649,15.375518320083618,939.08,5.987125
52.0,-64.0,2026-10-02 23:13:35,9.758867187500016,67.9046226501465,15.447518320083619,940.78,3.070875
52.0,-63.5,2026-10-02 23:13:35,9.497617187500055,70.97962265014648,14.187518320083619,938.83,4.243875
52.0,-63.0,2026-10-02 23:13:35,10.248867187500025,69.47962265014648,21.855518320083622,938.61,3.368375
52.0,-62.5,2026-10-02 23:13:35,10.663867187500045,61.72962265014649,22.683518320083618,938.86,2.46425
52.0,-62.0,2026-10-02 23:13:35,10.973867187500048,65.17962265014648,14.00751832008362,948.89,2.0485
52.0,-61.5,2026-10-02 23:13:35,10.622617187500055,68.1546226501465,14.33151832008362,938.71,4.737875
52.0,-61.0,2026-10-02 23:13:35,11.358867187500039,72.47962265014648,12.963518320083619,942.39,1.792875
52.0,-60.5,2026-10-02 23:13:35,10.655117187500025,78.92962265014648,9.237518320083618,950.63,0.4825
52.0,-60.0,2026-10-02 23:13:35,9.655117187500025,86.3546226501465,11.16351832008362,954.49,3.5572500000000002
52.0,-59.5,2026-10-02 23:13:35,9.745117187500057,86.80462265014648,11.325518320083619,948.78,2.58825
52.0,-59.0,2026-10-02 23:13:35,11.247617187500055,79.2296226501465,12.999518320083618,957.42,1.047125
52.0,-58.5,2026-10-02 23:13:35,12.130117187500048,89.20462265014649,15.969518320083617,956.8,1.140625
52.0,-58.0,2026-10-02 23:13:35,12.925117187500007,96.95462265014649,12.855518320083618,954.19,1.58125
52.0,-57.5,2026-10-02 23:13:35,12.981367187500041,95.95462265014649,13.107518320083619,954.78,3.233
52.0,-57.0,2026-10-02 23:13:35,12.34636718750005,98.7796226501465,14.24151832008362,952.8,2.325
52.0,-56.5,2026-10-02 23:13:35,12.676367187500034,94.57962265014649,11.775518320083618,969.97,0.07625
52.0,-56.0,2026-10-02 23:13:35,13.480117187500014,86.95462265014649,20.613518320083617,971.75,0.085875
52.0,-55.5,2026-10-02 23:13:35,9.78386718750005,97.8546226501465,46.76751832008362,998.28,0.01525
52.5,-131.5,2026-10-02 23:13:35,11.739687500000002,71.50920639038087,7.913472903370858,1005.03,0.0
52.5,-129.0,2026-10-02 23:13:35,12.880937500000016,74.28420639038086,11.621472903370858,1016.51,0.003875
52.5,-128.5,2026-10-02 23:13:35,13.294687500000009,67.83420639038086,1.3794729033708575,995.47,0.019125
52.5,-128.0,2026-10-02 23:13:35,13.339687500000025,62.53420639038086,2.0094729033708574,1003.81,0.055375
52.5,-127.5,2026-10-02 23:13:35,11.027187500000025,75.83420639038086,3.3054729033708576,941.06,0.29375
52.5,-127.0,2026-10-02 23:13:35,7.37468750000005,91.85920639038086,3.9174729033708573,875.72,3.2138750000000003
52.5,-126.5,2026-10-02 23:13:35,3.412187500000016,99.73420639038086,2.7294729033708576,860.72,4.85425
52.5,-126.0,2026-10-02 23:13:35,3.402187500000025,99.40920639038086,8.399472903370857,820.45,10.889
52.5,-125.5,2026-10-02 23:13:35,5.110937500000034,89.98420639038086,3.1434729033708573,880.03,11.70925
52.5,-125.0,2026-10-02 23:13:35,4.49968750000005,91.03420639038086,1.0554729033708572,868.15,7.77625
52.5,-124.5,2026-10-02 23:13:35,7.797187500000007,84.98420639038086,2.7294729033708576,869.65,6.237
52.5,-124.0,2026-10-02 23:13:35,6.023437500000057,84.43420639038087,3.2874729033708574,874.79,6.1035
52.5,-123.5,2026-10-02 23:13:35,7.800937500000032,78.63420639038087,4.871472903370858,890.36,5.765875
52.5,-123.0,2026-10-02 23:13:35,7.242187500000057,81.50920639038087,6.6174729033708575,880.61,4.839
52.5,-122.5,2026-10-02 23:13:35,11.800937500000032,68.53420639038086,1.8834729033708575,934.89,4.22475
52.5,-122.0,2026-10-02 23:13:35,9.690937500000018,77.30920639038087,2.9094729033708573,908.03,4.5280000000000005
52.5,-121.5,2026-10-02 23:13:35,9.010937500000011,83.75920639038087,2.1534729033708575,919.51,5.434
52.5,-121.0,2026-10-02 23:13:35,8.114687500000002,89.10920639038086,2.0994729033708572,914.17,6.650875
52.5,-120.5,2026-10-02 23:13:35,2.790937500000041,99.63420639038087,2.5494729033708574,821.79,14.040000000000001
52.5,-120.0,2026-10-02 23:13:35,1.9428320312500205,99.5465805053711,0.4361302134990692,834.69,12.47025
52.5,-119.5,2026-10-02 23:13:35,0.7428320312500318,99.5215805053711,0.040130213499069214,834.66,8.235875
52.5,-119.0,2026-10-02 23:13:35,0.08658203125003183,99.1215805053711,5.188130213499069,796.74,8.129125
52.5,-118.5,2026-10-02 23:13:35,-0.02466796874995225,97.3215805053711,4.4681302134990695,784.64,7.022875
52.5,-118.0,2026-10-02 23:13:35,0.219082031250025,96.2215805053711,3.136130213499069,774.55,1.926375
52.5,-117.5,2026-10-02 23:13:35,0.21033203125000455,94.0965805053711,4.666130213499069,781.3,2.0905
52.5,-117.0,2026-10-02 23:13:35,1.2553320312500205,87.0715805053711,15.628130213499068,759.02,0.305125
52.5,-116.5,2026-10-02 23:13:35,9.582832031250007,50.221580505371094,4.252130213499069,797.38,0.07625
52.5,-116.0,2026-10-02 23:13:35,8.561582031250055,58.7965805053711,2.3801302134990694,845.56,0.0115
52.5,-115.5,2026-10-02 23:13:35,12.71408203125003,44.9965805053711,5.494130213499069,877.88,0.0
52.5,-115.0,2026-10-02 23:13:35,14.260332031250016,46.4215805053711,4.666130213499069,903.44,0.0
52.5,-114.5,2026-10-02 23:13:35,14.111582031250009,44.8965805053711,8.96813021349907,903.6,0.0
52.5,-114.0,2026-10-02 23:13:35,12.305332031250032,61.0215805053711,14.350130213499071,909.55,0.0
52.5,-113.5,2026-10-02 23:13:35,14.394082031250036,40.7465805053711,11.83013021349907,911.83,0.0
52.5,-113.0,2026-10-02 23:13:35,14.549082031250009,33.1465805053711,10.85813021349907,920.74,0.0
52.5,-112.5,2026-10-02 23:13:35,14.40158203125003,32.571580505371095,11.614130213499068,923.94,0.0
52.5,-112.0,2026-10-02 23:13:35,14.315332031250023,37.346580505371094,8.86013021349907,929.3,0.0
52.5,-111.5,2026-10-02 23:13:35,13.94283203125002,47.346580505371094,7.04213021349907,925.69,0.0
52.5,-111.0,2026-10-02 23:13:35,15.475332031250048,40.5465805053711,3.3521302134990694,929.22,0.0
52.5,-110.5,2026-10-02 23:13:35,14.947832031250016,40.821580505371095,2.5781302134990693,931.91,0.0
52.5,-110.0,2026-10-02 23:13:35,13.317578125000011,38.02446441650391,1.1912071822285653,932.73,0.0
52.5,-109.5,2026-10-02 23:13:35,12.956328125000027,39.14946441650391,4.287207182228566,934.73,0.0
52.5,-109.0,2026-10-02 23:13:35,11.758828125000036,45.099464416503906,6.285207182228565,933.56,0.0
52.5,-108.5,2026-10-02 23:13:35,11.773828125000023,41.64946441650391,9.093207182228566,929.14,0.0
52.5,-108.0,2026-10-02 23:13:35,11.397578125000052,45.32446441650391,6.285207182228565,937.78,0.0
52.5,-107.5,2026-10-02 23:13:35,11.460078125000052,43.349464416503906,11.829207182228567,948.97,0.0
52.5,-107.0,2026-10-02 23:13:35,12.895078125000055,42.17446441650391,15.627207182228567,952.73,0.0
52.5,-106.5,2026-10-02 23:13:35,12.626328125000043,49.77446441650391,16.185207182228567,951.76,0.0
52.5,-106.0,2026-10-02 23:13:35,12.180078125000023,49.54946441650391,19.497207182228564,953.79,0.00575
52.5,-105.5,2026-10-02 23:13:35,11.592578125000045,51.62446441650391,24.807207182228566,950.08,0.03625
52.5,-105.0,2026-10-02 23:13:35,13.148828125000023,45.99946441650391,29.109207182228566,952.36,0.17550000000000002
52.5,-104.5,2026-10-02 23:13:35,14.627578125000014,37.52446441650391,27.02120718222857,951.98,0.35475
52.5,-104.0,2026-10-02 23:13:35,14.717578125000045,41.12446441650391,18.02120718222857,950.39,0.398625
52.5,-103.5,2026-10-02 23:13:35,14.447578125000007,46.02446441650391,23.925207182228565,950.14,0.021
52.5,-103.0,2026-10-02 23:13:35,15.322578125000007,38.14946441650391,14.205207182228566,956.08,0.003875
52.5,-102.5,2026-10-02 23:13:35,14.155078125000045,41.974464416503906,13.089207182228565,959.15,0.022875
52.5,-102.0,2026-10-02 23:13:35,13.07882812500003,41.42446441650391,12.585207182228567,941.17,0.001875
52.5,-101.5,2026-10-02 23:13:35,14.287578125000039,35.099464416503906,13.431207182228565,931.97,0.017125
52.5,-101.0,2026-10-02 23:13:35,16.24507812500002,35.17446441650391,13.089207182228565,985.69,0.0
52.5,-100.5,2026-10-02 23:13:35,16.11007812500003,34.79946441650391,9.849207182228566,984.69,0.0
52.5,-100.0,2026-10-02 23:13:35,13.188828125000043,59.29946441650391,21.621207182228567,988.79,0.003875
52.5,-99.5,2026-10-02 23:13:35,14.950078125000005,49.24946441650391,17.679207182228566,987.31,0.83925
52.5,-99.0,2026-10-02 23:13:35,15.501328125000043,42.64946441650391,14.241207182228566,989.15,0.301375
52.5,-98.5,2026-10-02 23:13:35,14.055078125000023,51.099464416503906,20.667207182228566,993.15,0.454
52.5,-98.0,2026-10-02 23:13:35,12.58882812500002,65.0994644165039,23.673207182228566,993.98,5.674375
52.5,-97.5,2026-10-02 23:13:35,12.126328125000043,61.32446441650391,25.113207182228567,994.89,9.208625
52.5,-97.0,2026-10-02 23:13:35,12.300078125000027,56.39946441650391,11.685207182228567,993.67,21.356625
52.5,-96.5,2026-10-02 23:13:35,12.885078125000007,54.74946441650391,11.397207182228566,989.97,5.3615
52.5,-96.0,2026-10-02 23:13:35,11.960078125000052,57.92446441650391,11.523207182228566,986.87,2.7885
52.5,-95.5,2026-10-02 23:13:35,11.460078125000052,58.099464416503906,14.385207182228566,984.12,0.923125
52.5,-95.0,2026-10-02 23:13:35,9.199785156250016,66.36265563964844,13.091346040070057,982.08,1.133
52.5,-94.5,2026-10-02 23:13:35,8.656035156250027,69.51265563964844,16.52934604007006,979.04,0.9480000000000001
52.5,-94.0,2026-10-02 23:13:35,8.50728515625002,66.96265563964845,18.58134604007006,980.49,1.668875
52.5,-93.5,2026-10-02 23:13:35,8.672285156250041,61.46265563964844,14.639346040070057,980.52,1.585
52.5,-93.0,2026-10-02 23:13:35,7.91228515625005,65.31265563964844,19.58934604007006,982.33,1.1520000000000001
52.5,-92.5,2026-10-02 23:13:35,7.989785156250036,57.88765563964844,13.667346040070056,979.46,1.6765
52.5,-92.0,2026-10-02 23:13:35,7.406035156250027,60.53765563964844,14.423346040070058,978.93,1.787125
52.5,-91.5,2026-10-02 23:13:35,6.767285156250011,68.73765563964844,25.493346040070058,979.72,2.1113750000000002
52.5,-91.0,2026-10-02 23:13:35,6.989785156250036,62.06265563964844,15.377346040070057,978.02,0.8945000000000001
52.5,-90.5,2026-10-02 23:13:35,7.138535156250043,55.16265563964844,14.261346040070057,978.35,0.719125
52.5,-90.0,2026-10-02 23:13:35,5.783535156250025,62.21265563964844,16.619346040070056,981.72,0.90025
52.5,-89.5,2026-10-02 23:13:35,5.301035156250009,71.26265563964844,18.67134604007006,982.44,0.17925
52.5,-89.0,2026-10-02 23:13:35,6.697285156250018,60.81265563964844,19.913346040070056,982.02,0.166
52.5,-88.5,2026-10-02 23:13:35,7.179785156250034,63.68765563964844,18.869346040070056,983.99,0.20600000000000002
52.5,-88.0,2026-10-02 23:13:35,6.953535156250041,78.01265563964844,18.617346040070057,987.02,0.322375
52.5,-87.5,2026-10-02 23:13:35,7.988535156250009,70.56265563964844,24.37734604007006,988.21,0.536
52.5,-87.0,2026-10-02 23:13:35,7.646035156250036,66.01265563964844,15.521346040070057,990.86,0.152625
52.5,-86.5,2026-10-02 23:13:35,7.312285156250027,74.16265563964843,18.635346040070058,994.9,0.557
52.5,-86.0,2026-10-02 23:13:35,6.701035156250043,82.18765563964844,13.001346040070057,995.69,0.259375
52.5,-85.5,2026-10-02 23:13:35,7.302285156250036,76.13765563964844,16.385346040070058,995.35,0.003875
52.5,-85.0,2026-10-02 23:13:35,9.377285156250025,59.78765563964844,19.49934604007006,998.76,0.003875
52.5,-84.5,2026-10-02 23:13:35,10.246035156250002,55.11265563964844,15.431346040070059,998.15,0.0
52.5,-84.0,2026-10-02 23:13:35,10.441035156250052,58.41265563964844,15.539346040070058,1002.72,0.0305
52.5,-83.5,2026-10-02 23:13:35,9.09978515625005,64.73765563964844,14.189346040070056,1007.69,0.01525
52.5,-83.0,2026-10-02 23:13:35,8.513535156250043,67.88765563964844,15.575346040070055,1009.97,0.07625
52.5,-82.5,2026-10-02 23:13:35,8.186035156250057,70.83765563964845,16.04334604007006,1012.24,0.1965
52.5,-82.0,2026-10-02 23:13:35,8.701035156250043,69.26265563964844,16.04334604007006,1013.01,0.162125
52.5,-81.5,2026-10-02 23:13:35,9.083535156250036,71.83765563964845,25.151346040070056,1014.13,0.162125
52.5,-79.5,2026-10-02 23:13:35,8.121035156250002,79.38765563964844,31.055346040070056,1013.38,1.77
52.5,-78.5,2026-10-02 23:13:35,9.38103515625005,80.81265563964844,21.443346040070058,1010.82,3.45425
52.5,-78.0,2026-10-02 23:13:35,6.6322851562500205,93.26265563964844,13.379346040070057,1001.04,5.411125
52.5,-77.5,2026-10-02 23:13:35,6.353535156250018,93.56265563964844,18.02334604007006,991.02,4.8332500000000005
52.5,-77.0,2026-10-02 23:13:35,8.00728515625002,71.23765563964844,17.951346040070057,988.88,3.189125
52.5,-76.5,2026-10-02 23:13:35,7.929785156250034,66.61265563964844,20.867346040070057,983.74,1.2455
52.5,-76.0,2026-10-02 23:13:35,8.061035156250057,66.88765563964844,16.115346040070058,980.1,0.701875
52.5,-75.5,2026-10-02 23:13:35,8.78853515625002,59.86265563964844,19.733346040070057,973.96,0.286125
52.5,-75.0,2026-10-02 23:13:35,7.658535156250025,61.71265563964844,17.53734604007006,966.04,0.368125
52.5,-74.5,2026-10-02 23:13:35,6.738535156250009,62.11265563964844,20.003346040070056,964.22,0.70375
52.5,-74.0,2026-10-02 23:13:35,6.906035156250027,65.53765563964843,20.147346040070058,958.74,1.047125
52.5,-73.5,2026-10-02 23:13:35,6.347285156250052,72.68765563964844,24.683346040070056,953.69,2.462375
52.5,-73.0,2026-10-02 23:13:35,7.097285156250052,72.11265563964844,21.713346040070057,951.83,1.123375
52.5,-72.5,2026-10-02 23:13:35,5.704785156250011,78.83765563964845,22.77534604007006,957.38,5.8555
52.5,-72.0,2026-10-02 23:13:35,5.437285156250027,79.83765563964845,18.725346040070058,952.43,3.9177500000000003
52.5,-71.5,2026-10-02 23:13:35,5.092285156250057,87.71265563964845,24.48534604007006,949.16,3.028875
52.5,-71.0,2026-10-02 23:13:35,4.91228515625005,85.78765563964845,19.80534604007006,943.55,2.384125
52.5,-70.5,2026-10-02 23:13:35,4.324785156250016,84.43765563964844,26.24934604007006,924.97,6.94275
52.5,-70.0,2026-10-02 23:13:35,6.106035156250016,70.18765563964844,19.211346040070058,936.29,2.519625
52.5,-69.5,2026-10-02 23:13:35,5.336035156250034,70.86265563964844,20.021346040070057,932.05,9.7675
52.5,-69.0,2026-10-02 23:13:35,4.342285156250057,74.18765563964844,21.677346040070056,929.58,13.975125
52.5,-68.5,2026-10-02 23:13:35,5.217285156250057,81.28765563964845,24.683346040070056,929.35,10.778375
52.5,-68.0,2026-10-02 23:13:35,4.929785156250034,74.93765563964844,18.257346040070058,929.18,9.508125
52.5,-67.5,2026-10-02 23:13:35,4.210117187500032,75.4046226501465,23.06151832008362,927.55,5.3825
52.5,-67.0,2026-10-02 23:13:35,6.286367187500048,76.10462265014648,22.77351832008362,938.14,5.987125
52.5,-66.5,2026-10-02 23:13:35,7.448867187500014,64.10462265014648,27.57951832008362,942.78,7.078125
52.5,-66.0,2026-10-02 23:13:35,7.018867187500007,74.80462265014648,26.427518320083617,942.33,6.61275
52.5,-65.5,2026-10-02 23:13:35,7.313867187500023,72.05462265014648,18.39951832008362,940.86,7.86975
52.5,-65.0,2026-10-02 23:13:35,7.383867187500016,73.4046226501465,20.19951832008362,940.32,5.437875
52.5,-64.5,2026-10-02 23:13:35,7.5388671875000455,75.6546226501465,21.49551832008362,943.55,4.650125
52.5,-64.0,2026-10-02 23:13:35,8.172617187500009,75.70462265014649,21.927518320083617,942.77,7.5760000000000005
52.5,-63.5,2026-10-02 23:13:35,8.456367187500007,78.30462265014648,18.20151832008362,932.03,11.156125
52.5,-63.0,2026-10-02 23:13:35,10.335117187500032,64.32962265014649,23.92551832008362,941.85,3.7651250000000003
52.5,-62.5,2026-10-02 23:13:35,12.185117187500055,60.304622650146484,21.639518320083617,947.72,3.4122500000000002
52.5,-62.0,2026-10-02 23:13:35,11.810117187500055,63.45462265014649,15.771518320083619,950.64,3.976875
52.5,-61.5,2026-10-02 23:13:35,11.99386718750003,63.85462265014649,14.871518320083618,953.17,4.819875
52.5,-61.0,2026-10-02 23:13:35,11.883867187500016,65.22962265014648,16.63551832008362,956.42,3.934875
52.5,-60.5,2026-10-02 23:13:35,11.453867187500009,67.12962265014649,13.899518320083619,953.08,1.8291250000000001
52.5,-60.0,2026-10-02 23:13:35,11.483867187500039,75.57962265014649,16.61751832008362,946.02,3.204375
52.5,-59.5,2026-10-02 23:13:35,10.161367187500048,80.1546226501465,12.477518320083618,944.42,1.96075
52.5,-59.0,2026-10-02 23:13:35,9.163867187500045,88.67962265014648,12.765518320083618,936.99,1.993125
52.5,-58.5,2026-10-02 23:13:35,10.793867187500041,88.8546226501465,11.10951832008362,955.44,0.614125
52.5,-58.0,2026-10-02 23:13:35,10.936367187500025,90.87962265014649,16.671518320083617,952.32,0.728625
52.5,-57.5,2026-10-02 23:13:35,11.925117187500007,91.50462265014649,17.67951832008362,954.71,1.01475
52.5,-57.0,2026-10-02 23:13:35,14.915117187500016,87.62962265014649,11.433518320083618,972.0,0.07625
52.5,-56.5,2026-10-02 23:13:35,14.186367187500025,90.12962265014649,12.009518320083618,968.24,0.003875
52.5,-56.0,2026-10-02 23:13:35,14.997617187500055,83.75462265014649,15.39351832008362,991.16,0.0
53.0,-132.5,2026-10-02 23:13:35,12.345937500000048,66.78420639038086,7.445472903370858,1020.53,0.04575
53.0,-132.0,2026-10-02 23:13:35,10.310937500000023,69.73420639038086,3.395472903370857,969.43,0.019125
53.0,-131.5,2026-10-02 23:13:35,11.592187500000023,76.20920639038086,16.211472903370858,1020.31,0.0
53.0,-129.5,2026-10-02 23:13:35,10.089687500000025,85.10920639038086,13.295472903370857,1019.17,0.0
53.0,-129.0,2026-10-02 23:13:35,14.027187500000025,61.934206390380865,0.15547290337085723,987.72,0.0
53.0,-128.5,2026-10-02 23:13:35,12.649687500000027,62.709206390380864,2.3334729033708577,973.86,0.0
53.0,-128.0,2026-10-02 23:13:35,11.03093750000005,62.03420639038086,2.9094729033708573,937.51,0.003875
53.0,-127.5,2026-10-02 23:13:35,10.089687500000025,66.05920639038087,2.7294729033708576,926.34,0.0
53.0,-127.0,2026-10-02 23:13:35,6.935937500000023,70.25920639038087,3.575472903370857,874.26,0.0
53.0,-126.5,2026-10-02 23:13:35,5.238437500000032,80.43420639038087,7.301472903370858,840.72,0.042
53.0,-126.0,2026-10-02 23:13:35,8.248437500000023,79.75920639038087,1.7394729033708574,905.06,0.68475
53.0,-125.5,2026-10-02 23:13:35,8.212187500000027,76.25920639038087,4.727472903370858,885.9,0.9822500000000001
53.0,-125.0,2026-10-02 23:13:35,9.367187500000057,72.35920639038086,5.735472903370858,891.76,0.320375
53.0,-124.5,2026-10-02 23:13:35,8.642187500000034,71.18420639038087,7.067472903370858,866.08,0.440625
53.0,-124.0,2026-10-02 23:13:35,8.919687500000009,66.23420639038086,5.105472903370858,873.11,0.57025
53.0,-123.5,2026-10-02 23:13:35,10.245937500000025,66.95920639038086,1.5234729033708574,902.34,0.59125
53.0,-123.0,2026-10-02 23:13:35,10.815937500000018,69.38420639038087,1.7754729033708574,909.65,0.60275
53.0,-122.5,2026-10-02 23:13:35,11.948437500000011,72.03420639038086,2.4774729033708573,953.26,0.88125
53.0,-122.0,2026-10-02 23:13:35,7.520937500000002,89.85920639038086,3.5214729033708574,897.89,2.2755
53.0,-121.5,2026-10-02 23:13:35,3.7171875000000227,92.45920639038087,7.355472903370857,825.5,3.681125
53.0,-121.0,2026-10-02 23:13:35,5.429687500000057,91.05920639038087,1.3794729033708575,868.18,2.4090000000000003
53.0,-120.5,2026-10-02 23:13:35,-1.2565624999999727,98.85920639038086,12.737472903370858,749.95,7.3795
53.0,-120.0,2026-10-02 23:13:35,0.7628320312500136,94.4715805053711,7.060130213499069,770.6,2.882
53.0,-119.5,2026-10-02 23:13:35,3.889082031250041,97.1715805053711,3.154130213499069,911.02,1.606
53.0,-119.0,2026-10-02 23:13:35,0.38158203125004775,95.3465805053711,2.5781302134990693,826.17,3.7498750000000003
53.0,-118.5,2026-10-02 23:13:35,0.22408203125002046,92.1215805053711,7.00613021349907,783.75,2.220125
53.0,-118.0,2026-10-02 23:13:35,2.236582031250009,89.1215805053711,10.53413021349907,827.47,0.646625
53.0,-117.5,2026-10-02 23:13:35,1.0053320312500205,88.7715805053711,16.33013021349907,780.42,1.1672500000000001
53.0,-117.0,2026-10-02 23:13:35,4.4290820312500045,95.2465805053711,5.908130213499069,834.56,0.35100000000000003
53.0,-116.5,2026-10-02 23:13:35,9.486582031250009,62.5465805053711,8.68013021349907,871.3,0.001875
53.0,-116.0,2026-10-02 23:13:35,12.551582031250007,45.596580505371094,10.28213021349907,884.02,0.0
53.0,-115.5,2026-10-02 23:13:35,14.03658203125002,42.3715805053711,8.44613021349907,901.94,0.0
53.0,-115.0,2026-10-02 23:13:35,14.010332031250016,40.346580505371094,8.44613021349907,910.53,0.0
53.0,-114.5,2026-10-02 23:13:35,13.752832031250023,40.0215805053711,8.014130213499069,909.63,0.0
53.0,-114.0,2026-10-02 23:13:35,11.621582031250057,50.7965805053711,15.772130213499068,914.83,0.0
53.0,-113.5,2026-10-02 23:13:35,13.465332031250057,36.321580505371095,11.39813021349907,922.19,0.0
53.0,-113.0,2026-10-02 23:13:35,11.867832031250032,40.846580505371094,12.06413021349907,926.06,0.0
53.0,-112.5,2026-10-02 23:13:35,12.965332031250057,40.721580505371094,9.90413021349907,928.67,0.0
53.0,-112.0,2026-10-02 23:13:35,13.94283203125002,42.196580505371095,5.044130213499069,931.0,0.0
53.0,-111.5,2026-10-02 23:13:35,14.367832031250032,42.9215805053711,0.6161302134990693,930.97,0.0
53.0,-111.0,2026-10-02 23:13:35,13.389082031250041,51.2465805053711,0.8681302134990693,931.1,0.0
53.0,-110.5,2026-10-02 23:13:35,13.711582031250032,46.696580505371095,1.7321302134990693,937.63,0.0
53.0,-110.0,2026-10-02 23:13:35,11.616328125000052,48.64946441650391,3.621207182228565,938.73,0.0
53.0,-109.5,2026-10-02 23:13:35,10.686328125000045,46.69946441650391,5.763207182228565,942.17,0.0
53.0,-109.0,2026-10-02 23:13:35,10.755078125000011,42.599464416503906,6.249207182228566,946.5,0.0
53.0,-108.5,2026-10-02 23:13:35,11.438828125000043,40.64946441650391,8.661207182228566,948.39,0.0
53.0,-108.0,2026-10-02 23:13:35,11.440078125000014,41.82446441650391,11.253207182228566,942.53,0.01525
53.0,-107.5,2026-10-02 23:13:35,11.116328125000052,43.64946441650391,12.045207182228564,927.86,0.0
53.0,-107.0,2026-10-02 23:13:35,10.346328125000014,46.39946441650391,10.047207182228567,946.92,0.0
53.0,-106.5,2026-10-02 23:13:35,12.238828125000055,45.02446441650391,12.495207182228565,953.61,0.001875
53.0,-106.0,2026-10-02 23:13:35,13.362578125000027,43.62446441650391,12.333207182228564,956.36,0.022875
53.0,-105.5,2026-10-02 23:13:35,13.908828125000014,47.07446441650391,16.869207182228568,960.79,1.3885
53.0,-105.0,2026-10-02 23:13:35,14.091328125000018,45.974464416503906,19.245207182228565,961.31,0.032375
53.0,-104.5,2026-10-02 23:13:35,15.456328125000027,42.599464416503906,21.495207182228565,963.84,0.019125
53.0,-104.0,2026-10-02 23:13:35,16.895078125000055,39.099464416503906,22.629207182228566,969.14,0.007625
53.0,-103.5,2026-10-02 23:13:35,16.046328125000002,38.79946441650391,16.473207182228567,959.83,0.013375
53.0,-103.0,2026-10-02 23:13:35,14.041328125000007,43.29946441650391,10.479207182228567,949.19,0.0
53.0,-102.5,2026-10-02 23:13:35,13.733828125000002,41.57446441650391,6.339207182228566,962.44,0.0
53.0,-102.0,2026-10-02 23:13:35,14.553828125000052,45.27446441650391,6.393207182228566,978.22,0.0
53.0,-101.5,2026-10-02 23:13:35,12.898828125000023,51.67446441650391,2.9912071822285653,985.84,0.0
53.0,-101.0,2026-10-02 23:13:35,13.90132812500002,56.724464416503906,7.851207182228565,987.03,0.001875
53.0,-100.5,2026-10-02 23:13:35,13.895078125000055,54.39946441650391,16.959207182228567,987.81,0.00575
53.0,-100.0,2026-10-02 23:13:35,14.293828125000005,49.54946441650391,16.347207182228566,986.26,0.4025
53.0,-99.5,2026-10-02 23:13:35,14.501328125000043,52.82446441650391,21.963207182228565,987.28,1.5735000000000001
53.0,-99.0,2026-10-02 23:13:35,14.592578125000045,50.39946441650391,18.327207182228566,991.15,1.35225
53.0,-98.5,2026-10-02 23:13:35,13.398828125000023,54.37446441650391,20.163207182228568,992.23,3.9863750000000002
53.0,-98.0,2026-10-02 23:13:35,12.411328125000011,59.79946441650391,26.913207182228568,993.84,8.190125
53.0,-97.5,2026-10-02 23:13:35,12.002578125000014,61.94946441650391,25.995207182228565,994.23,14.288
53.0,-97.0,2026-10-02 23:13:35,13.175078125000027,50.974464416503906,10.767207182228566,991.58,6.328625
53.0,-96.5,2026-10-02 23:13:35,12.15132812500002,61.42446441650391,12.999207182228565,988.72,2.525375
53.0,-96.0,2026-10-02 23:13:35,11.783828125000014,57.974464416503906,11.901207182228566,986.22,1.447625
53.0,-95.5,2026-10-02 23:13:35,10.852578125000036,58.94946441650391,13.575207182228565,985.15,1.258875
53.0,-95.0,2026-10-02 23:13:35,8.606035156250016,69.81265563964844,13.811346040070056,984.22,1.995125
53.0,-94.5,2026-10-02 23:13:35,8.721035156250025,67.83765563964845,11.813346040070059,983.38,1.68225
53.0,-94.0,2026-10-02 23:13:35,8.498535156250057,64.43765563964844,10.877346040070057,983.36,2.20675
53.0,-93.5,2026-10-02 23:13:35,8.117285156250034,64.46265563964845,16.04334604007006,985.9,2.161
53.0,-93.0,2026-10-02 23:13:35,7.236035156250011,69.61265563964844,22.77534604007006,988.29,1.665125
53.0,-92.5,2026-10-02 23:13:35,7.691035156250052,58.26265563964844,15.341346040070057,985.79,2.27925
53.0,-92.0,2026-10-02 23:13:35,7.576035156250043,62.93765563964844,21.821346040070058,986.15,1.350375
53.0,-91.5,2026-10-02 23:13:35,6.996035156250002,62.31265563964844,16.205346040070058,983.88,0.97275
53.0,-91.0,2026-10-02 23:13:35,6.916035156250018,64.06265563964844,20.05734604007006,983.97,1.30275
53.0,-90.5,2026-10-02 23:13:35,6.404785156250057,62.86265563964844,17.663346040070056,980.76,0.43675
53.0,-90.0,2026-10-02 23:13:35,5.857285156250043,62.06265563964844,16.205346040070058,987.6,0.137375
53.0,-89.5,2026-10-02 23:13:35,7.426035156250009,54.93765563964844,19.06734604007006,988.35,0.085875
53.0,-89.0,2026-10-02 23:13:35,7.3685351562500045,57.36265563964844,29.021346040070057,989.11,0.474875
53.0,-88.5,2026-10-02 23:13:35,7.482285156250043,55.01265563964844,27.00534604007006,989.68,0.1335
53.0,-88.0,2026-10-02 23:13:35,7.293535156250016,64.81265563964844,35.10534604007005,991.8,0.1335
53.0,-87.5,2026-10-02 23:13:35,7.38103515625005,65.76265563964844,33.107346040070055,993.35,0.150625
53.0,-87.0,2026-10-02 23:13:35,7.998535156250057,53.78765563964844,19.04934604007006,994.15,0.20025
53.0,-86.5,2026-10-02 23:13:35,6.582285156250009,63.41265563964844,20.309346040070057,996.38,0.13925
53.0,-86.0,2026-10-02 23:13:35,6.878535156250052,68.91265563964843,18.635346040070058,998.29,0.234625
53.0,-85.5,2026-10-02 23:13:35,7.107285156250043,69.58765563964845,18.18534604007006,1001.51,0.14300000000000002
53.0,-85.0,2026-10-02 23:13:35,7.941035156250052,64.23765563964844,15.251346040070057,1002.44,0.4215
53.0,-84.5,2026-10-02 23:13:35,7.812285156250027,65.18765563964844,17.483346040070057,1002.83,0.928875
53.0,-84.0,2026-10-02 23:13:35,9.074785156250016,62.98765563964844,19.96734604007006,1003.43,0.516875
53.0,-83.5,2026-10-02 23:13:35,9.78728515625005,60.08765563964844,16.78134604007006,1006.8,0.2175
53.0,-83.0,2026-10-02 23:13:35,9.804785156250034,63.31265563964844,17.141346040070058,1009.32,0.2155
53.0,-82.5,2026-10-02 23:13:35,9.783535156250025,63.53765563964844,17.213346040070057,1012.32,0.1545
53.0,-82.0,2026-10-02 23:13:35,9.293535156250016,73.33765563964845,24.88134604007006,1013.08,0.452
53.0,-81.5,2026-10-02 23:13:35,9.19353515625005,73.13765563964844,22.77534604007006,1010.71,0.965125
53.0,-81.0,2026-10-02 23:13:35,9.458535156250036,67.98765563964844,23.15334604007006,1011.55,1.470625
53.0,-79.0,2026-10-02 23:13:35,8.646035156250036,74.16265563964843,33.305346040070056,1012.35,1.520125
53.0,-78.5,2026-10-02 23:13:35,7.398535156250034,84.11265563964844,18.00534604007006,1005.85,1.02425
53.0,-78.0,2026-10-02 23:13:35,7.396035156250036,76.13765563964844,22.667346040070058,995.43,1.705125
53.0,-77.5,2026-10-02 23:13:35,6.187285156250027,90.28765563964845,30.10134604007006,988.36,1.7605
53.0,-77.0,2026-10-02 23:13:35,8.177285156250036,66.93765563964844,18.95934604007006,984.97,1.19975
53.0,-76.5,2026-10-02 23:13:35,8.222285156250052,67.73765563964844,15.30534604007006,985.3,1.037625
53.0,-76.0,2026-10-02 23:13:35,7.197285156250018,73.93765563964844,23.297346040070057,984.38,2.54825
53.0,-75.5,2026-10-02 23:13:35,6.66228515625005,73.91265563964843,17.429346040070058,973.55,3.00025
53.0,-75.0,2026-10-02 23:13:35,6.034785156250052,76.23765563964844,19.64334604007006,964.4,2.277375
53.0,-74.5,2026-10-02 23:13:35,5.66228515625005,80.83765563964845,20.25534604007006,967.4,0.33187500000000003
53.0,-74.0,2026-10-02 23:13:35,4.718535156250027,96.96265563964845,24.053346040070057,962.24,0.564625
53.0,-73.5,2026-10-02 23:13:35,5.236035156250011,84.88765563964844,16.619346040070056,964.27,1.0090000000000001
53.0,-73.0,2026-10-02 23:13:35,4.356035156250016,85.63765563964844,19.301346040070058,954.94,0.761
53.0,-72.5,2026-10-02 23:13:35,4.312285156250027,90.31265563964844,23.297346040070057,948.82,8.2645
53.0,-72.0,2026-10-02 23:13:35,4.019785156250009,86.76265563964844,22.739346040070057,943.69,9.286875
53.0,-71.5,2026-10-02 23:13:35,4.392285156250011,84.96265563964845,24.719346040070057,943.41,8.581125
53.0,-71.0,2026-10-02 23:13:35,5.543535156250016,73.61265563964844,26.969346040070057,943.22,4.1885
53.0,-70.5,2026-10-02 23:13:35,5.377285156250025,76.71265563964845,21.353346040070058,940.16,11.425
53.0,-70.0,2026-10-02 23:13:35,3.2085351562500364,92.83765563964845,26.195346040070056,926.54,8.90925
53.0,-69.5,2026-10-02 23:13:35,3.6110351562500114,84.93765563964844,20.813346040070055,925.99,7.665625
53.0,-69.0,2026-10-02 23:13:35,3.326035156250043,77.31265563964844,18.18534604007006,929.43,4.705375
53.0,-68.5,2026-10-02 23:13:35,3.63103515625005,87.93765563964844,29.63334604007006,930.27,8.4725
53.0,-68.0,2026-10-02 23:13:35,4.887285156250016,73.86265563964844,21.58734604007006,929.85,9.99075
53.0,-67.5,2026-10-02 23:13:35,4.452617187500039,73.60462265014648,22.575518320083617,932.78,9.47575
53.0,-67.0,2026-10-02 23:13:35,3.3513671875000455,83.25462265014649,24.73551832008362,921.22,7.480625
53.0,-66.5,2026-10-02 23:13:35,4.720117187500023,83.2296226501465,26.157518320083618,937.71,5.3215
53.0,-66.0,2026-10-02 23:13:35,6.418867187500041,70.5296226501465,21.42351832008362,934.92,6.210375
53.0,-65.5,2026-10-02 23:13:35,6.932617187500057,68.70462265014649,27.23751832008362,941.02,6.977125
53.0,-65.0,2026-10-02 23:13:35,6.68136718750003,77.30462265014648,24.05151832008362,936.74,5.828875
53.0,-64.5,2026-10-02 23:13:35,6.855117187500014,79.6546226501465,25.43751832008362,945.36,5.355875
53.0,-64.0,2026-10-02 23:13:35,6.223867187500048,80.92962265014648,18.77751832008362,931.0,11.859875
53.0,-63.5,2026-10-02 23:13:35,7.0076171875000455,72.6546226501465,24.53751832008362,930.21,16.853375
53.0,-63.0,2026-10-02 23:13:35,8.293867187500041,77.37962265014649,23.439518320083618,948.71,11.665375000000001
53.0,-62.5,2026-10-02 23:13:35,9.175117187500007,75.72962265014648,19.281518320083617,946.27,11.7645
53.0,-62.0,2026-10-02 23:13:35,11.140117187500039,67.42962265014648,15.807518320083618,955.88,7.135375
53.0,-61.5,2026-10-02 23:13:35,12.122617187500055,66.0296226501465,13.827518320083618,962.85,6.532625
53.0,-61.0,2026-10-02 23:13:35,11.15886718750005,68.60462265014648,15.681518320083617,952.11,3.519
53.0,-60.5,2026-10-02 23:13:35,12.303867187500032,64.20462265014649,13.971518320083618,955.77,2.93925
53.0,-60.0,2026-10-02 23:13:35,13.11886718750003,64.50462265014649,10.101518320083619,964.13,3.162375
53.0,-59.5,2026-10-02 23:13:35,11.167617187500014,67.1546226501465,15.71751832008362,941.47,7.9498750000000005
53.0,-59.0,2026-10-02 23:13:35,12.282617187500023,68.30462265014648,14.763518320083618,952.41,4.116
53.0,-58.5,2026-10-02 23:13:35,11.22136718750005,81.1546226501465,13.899518320083619,956.36,3.086125
53.0,-58.0,2026-10-02 23:13:35,11.11886718750003,79.67962265014648,17.481518320083616,955.72,1.8787500000000001
53.0,-57.5,2026-10-02 23:13:35,11.512617187500041,84.9046226501465,12.477518320083618,972.21,0.20600000000000002
53.0,-57.0,2026-10-02 23:13:35,10.86886718750003,79.20462265014649,20.145518320083617,947.46,0.228875
53.0,-56.5,2026-10-02 23:13:35,14.460117187500032,79.50462265014649,10.425518320083619,982.86,0.051500000000000004
53.0,-56.0,2026-10-02 23:13:35,13.18136718750003,86.17962265014648,15.159518320083619,991.27,0.0
53.5,-133.0,2026-10-02 23:13:35,11.894687500000032,76.68420639038087,4.691472903370857,1020.65,0.1125
53.5,-132.5,2026-10-02 23:13:35,10.689687500000048,66.48420639038086,2.531472903370857,975.11,0.162125
53.5,-132.0,2026-10-02 23:13:35,13.520937500000002,66.25920639038087,4.691472903370857,1013.86,0.028625
53.5,-130.5,2026-10-02 23:13:35,11.520937500000002,82.05920639038087,20.909472903370858,1019.56,0.0
53.5,-130.0,2026-10-02 23:13:35,12.009687500000041,78.80920639038087,13.403472903370858,1017.39,0.0
53.5,-129.5,2026-10-02 23:13:35,12.225937500000043,65.00920639038087,3.665472903370857,988.83,0.0
53.5,-129.0,2026-10-02 23:13:35,11.457187500000032,61.684206390380865,1.7754729033708574,1000.93,0.0
53.5,-128.5,2026-10-02 23:13:35,8.548437500000034,63.00920639038086,2.5494729033708574,888.87,0.017125
53.5,-128.0,2026-10-02 23:13:35,9.707187500000032,64.73420639038086,4.007472903370858,922.04,0.0
53.5,-127.5,2026-10-02 23:13:35,4.825937500000009,70.30920639038087,7.103472903370857,854.37,0.202125
53.5,-127.0,2026-10-02 23:13:35,7.092187500000023,69.43420639038087,2.6934729033708575,919.15,0.0
53.5,-126.5,2026-10-02 23:13:35,6.853437500000041,55.90920639038086,7.013472903370857,858.29,0.0
53.5,-126.0,2026-10-02 23:13:35,8.628437500000018,57.10920639038086,2.2434729033708574,893.9,0.0
53.5,-125.5,2026-10-02 23:13:35,7.623437500000023,63.48420639038086,2.8194729033708574,884.0,0.00575
53.5,-125.0,2026-10-02 23:13:35,9.427187500000002,63.73420639038086,6.095472903370857,912.83,0.001875
53.5,-124.5,2026-10-02 23:13:35,9.134687500000041,63.25920639038086,6.023472903370857,899.08,0.003875
53.5,-124.0,2026-10-02 23:13:35,10.354687500000011,55.88420639038086,5.357472903370858,905.54,0.0115
53.5,-123.5,2026-10-02 23:13:35,11.462187500000027,60.934206390380865,2.7654729033708576,923.06,0.068625
53.5,-123.0,2026-10-02 23:13:35,10.454687500000034,63.23420639038086,2.4774729033708573,915.22,0.07825
53.5,-122.5,2026-10-02 23:13:35,10.005937500000016,64.88420639038087,2.963472903370857,913.97,0.1335
53.5,-122.0,2026-10-02 23:13:35,9.638437500000009,65.95920639038086,4.493472903370858,904.18,0.41775
53.5,-121.5,2026-10-02 23:13:35,6.685937500000023,92.55920639038087,1.5954729033708575,894.4,0.562625
53.5,-121.0,2026-10-02 23:13:35,2.474687500000016,98.05920639038087,7.481472903370857,827.36,0.534
53.5,-120.5,2026-10-02 23:13:35,7.357187500000009,89.83420639038087,1.4874729033708574,929.73,0.72475
53.5,-120.0,2026-10-02 23:13:35,1.7690820312500364,93.3715805053711,4.2341302134990695,810.97,1.668875
53.5,-119.5,2026-10-02 23:13:35,0.45408203125003865,92.7965805053711,9.11213021349907,779.8,0.67525
53.5,-119.0,2026-10-02 23:13:35,0.46783203125005457,89.9215805053711,8.59013021349907,780.41,0.7515000000000001
53.5,-118.5,2026-10-02 23:13:35,3.8428320312500546,73.6715805053711,3.6221302134990694,799.89,0.55125
53.5,-118.0,2026-10-02 23:13:35,3.7278320312500455,72.9965805053711,1.8221302134990691,855.36,0.14300000000000002
53.5,-117.5,2026-10-02 23:13:35,7.127832031250023,71.3715805053711,4.396130213499069,884.39,0.003875
53.5,-117.0,2026-10-02 23:13:35,9.450332031250014,58.0215805053711,8.71613021349907,891.16,0.0
53.5,-116.5,2026-10-02 23:13:35,10.096582031250023,57.946580505371095,8.82413021349907,905.27,0.0
53.5,-116.0,2026-10-02 23:13:35,11.544082031250014,50.4965805053711,8.482130213499069,903.64,0.0
53.5,-115.5,2026-10-02 23:13:35,12.430332031250032,46.0215805053711,8.158130213499069,911.83,0.0
53.5,-115.0,2026-10-02 23:13:35,12.735332031250039,42.1465805053711,8.80613021349907,921.64,0.0
53.5,-114.5,2026-10-02 23:13:35,11.84908203125002,47.446580505371095,10.58813021349907,927.33,0.0
53.5,-114.0,2026-10-02 23:13:35,11.541582031250016,51.7465805053711,9.994130213499071,929.03,0.0
53.5,-113.5,2026-10-02 23:13:35,10.912832031250048,47.571580505371095,6.772130213499069,935.19,0.0
53.5,-113.0,2026-10-02 23:13:35,10.616582031250005,56.321580505371095,9.47213021349907,924.69,0.0
53.5,-112.5,2026-10-02 23:13:35,9.934082031250057,53.346580505371094,1.7681302134990693,934.2,0.0
53.5,-112.0,2026-10-02 23:13:35,13.217832031250055,41.946580505371095,1.5341302134990693,936.89,0.0
53.5,-111.5,2026-10-02 23:13:35,13.732832031250041,44.2965805053711,1.4261302134990692,933.81,0.0
53.5,-111.0,2026-10-02 23:13:35,13.147832031250005,46.5215805053711,1.5881302134990694,934.89,0.0
53.5,-110.5,2026-10-02 23:13:35,13.852832031250045,44.7715805053711,2.6141302134990694,939.95,0.0
53.5,-110.0,2026-10-02 23:13:35,10.880078125000011,46.44946441650391,5.385207182228565,942.12,0.0
53.5,-109.5,2026-10-02 23:13:35,11.582578125000055,41.82446441650391,6.717207182228566,940.97,0.0
53.5,-109.0,2026-10-02 23:13:35,10.96382812500002,44.349464416503906,6.807207182228566,940.29,0.0095
53.5,-108.5,2026-10-02 23:13:35,11.591328125000018,41.77446441650391,6.609207182228566,933.04,0.003875
53.5,-108.0,2026-10-02 23:13:35,12.260078125000007,41.49946441650391,4.197207182228565,928.45,0.003875
53.5,-107.5,2026-10-02 23:13:35,13.82882812500003,41.37446441650391,7.581207182228566,941.9,0.9898750000000001
53.5,-107.0,2026-10-02 23:13:35,10.255078125000011,52.19946441650391,12.099207182228566,953.0,0.08775000000000001
53.5,-106.5,2026-10-02 23:13:35,10.737578125000027,51.69946441650391,10.335207182228567,953.19,0.007625
53.5,-106.0,2026-10-02 23:13:35,11.015078125000002,52.14946441650391,9.147207182228566,953.01,0.001875
53.5,-105.5,2026-10-02 23:13:35,12.45382812500003,51.77446441650391,9.705207182228566,957.81,0.001875
53.5,-105.0,2026-10-02 23:13:35,12.981328125000005,45.974464416503906,8.445207182228565,955.95,0.003875
53.5,-104.5,2026-10-02 23:13:35,14.098828125000011,42.44946441650391,11.829207182228567,962.53,0.003875
53.5,-104.0,2026-10-02 23:13:35,13.82882812500003,49.92446441650391,9.039207182228566,971.58,0.0
53.5,-103.5,2026-10-02 23:13:35,14.135078125000007,49.62446441650391,6.159207182228566,978.58,0.003875
53.5,-103.0,2026-10-02 23:13:35,15.65132812500002,45.724464416503906,2.2352071822285655,982.62,0.0
53.5,-102.5,2026-10-02 23:13:35,18.55757812500002,27.349464416503906,6.717207182228566,973.59,0.038125
53.5,-102.0,2026-10-02 23:13:35,16.403828125000018,41.14946441650391,8.103207182228566,983.01,0.001875
53.5,-101.5,2026-10-02 23:13:35,13.635078125000007,52.99946441650391,8.769207182228566,982.67,0.01525
53.5,-101.0,2026-10-02 23:13:35,13.471328125000014,49.64946441650391,10.101207182228565,984.51,0.038125
53.5,-100.5,2026-10-02 23:13:35,12.327578125000002,63.02446441650391,18.579207182228565,987.2,0.4825
53.5,-100.0,2026-10-02 23:13:35,12.702578125000002,63.54946441650391,23.385207182228566,987.2,2.4242500000000002
53.5,-99.5,2026-10-02 23:13:35,14.200078125000005,49.74946441650391,13.539207182228566,984.64,2.985
53.5,-99.0,2026-10-02 23:13:35,12.966328125000018,62.94946441650391,25.995207182228565,992.42,2.220125
53.5,-98.5,2026-10-02 23:13:35,12.367578125000023,61.37446441650391,29.95520718222857,992.83,3.665875
53.5,-98.0,2026-10-02 23:13:35,12.193828125000039,61.974464416503906,29.66720718222857,993.14,3.307375
53.5,-97.5,2026-10-02 23:13:35,12.770078125000055,55.69946441650391,14.673207182228564,991.92,2.1706250000000002
53.5,-97.0,2026-10-02 23:13:35,13.188828125000043,54.94946441650391,13.755207182228565,989.61,2.847625
53.5,-96.5,2026-10-02 23:13:35,11.96382812500002,58.099464416503906,13.197207182228565,988.56,2.4395000000000002
53.5,-96.0,2026-10-02 23:13:35,10.721328125000014,60.69946441650391,18.525207182228566,986.72,2.044625
53.5,-95.5,2026-10-02 23:13:35,10.616328125000052,56.24946441650391,15.339207182228566,986.23,2.3995
53.5,-95.0,2026-10-02 23:13:35,8.654785156250057,66.58765563964845,12.533346040070057,988.77,3.614375
53.5,-94.5,2026-10-02 23:13:35,8.781035156250027,62.31265563964844,11.831346040070057,989.69,2.946875
53.5,-94.0,2026-10-02 23:13:35,8.437285156250027,62.51265563964844,11.255346040070057,989.22,4.40025
53.5,-93.5,2026-10-02 23:13:35,7.947285156250018,65.93765563964844,16.18734604007006,988.11,6.0748750000000005
53.5,-93.0,2026-10-02 23:13:35,7.551035156250009,65.56265563964844,13.631346040070058,985.88,3.501875
53.5,-92.5,2026-10-02 23:13:35,7.281035156250027,62.46265563964844,15.197346040070057,984.19,2.201125
53.5,-92.0,2026-10-02 23:13:35,7.263535156250043,60.98765563964844,15.629346040070057,983.86,2.09425
53.5,-91.5,2026-10-02 23:13:35,7.124785156250027,60.23765563964844,15.341346040070057,986.72,1.695625
53.5,-91.0,2026-10-02 23:13:35,6.2260351562500205,66.36265563964844,20.975346040070058,988.27,1.1672500000000001
53.5,-90.5,2026-10-02 23:13:35,7.356035156250016,56.51265563964844,18.49134604007006,988.47,1.133
53.5,-90.0,2026-10-02 23:13:35,6.887285156250016,56.88765563964844,21.929346040070058,987.76,0.557
53.5,-89.5,2026-10-02 23:13:35,6.947285156250018,56.78765563964844,21.76734604007006,990.65,1.195875
53.5,-89.0,2026-10-02 23:13:35,6.8197851562500205,61.18765563964844,22.145346040070056,991.46,0.885
53.5,-88.5,2026-10-02 23:13:35,7.279785156250057,52.81265563964844,19.96734604007006,993.11,0.679
53.5,-88.0,2026-10-02 23:13:35,6.6322851562500205,61.41265563964844,32.58534604007006,995.22,0.7725
53.5,-87.5,2026-10-02 23:13:35,7.361035156250011,52.51265563964844,20.90334604007006,996.94,0.93075
53.5,-87.0,2026-10-02 23:13:35,6.402285156250002,54.68765563964844,19.283346040070057,998.47,1.1768750000000001
53.5,-86.5,2026-10-02 23:13:35,6.839785156250002,56.13765563964844,18.329346040070057,999.4,1.701375
53.5,-86.0,2026-10-02 23:13:35,6.734785156250041,55.93765563964844,18.815346040070057,1000.63,1.92075
53.5,-85.5,2026-10-02 23:13:35,7.107285156250043,63.11265563964844,24.539346040070058,1001.29,2.046625
53.5,-85.0,2026-10-02 23:13:35,8.109785156250041,59.41265563964844,18.09534604007006,1001.86,0.795375
53.5,-84.5,2026-10-02 23:13:35,7.168535156250016,64.16265563964843,17.357346040070055,1003.38,1.876875
53.5,-84.0,2026-10-02 23:13:35,7.566035156250052,63.98765563964844,18.43734604007006,1004.68,1.86725
53.5,-83.5,2026-10-02 23:13:35,7.826035156250043,63.46265563964844,18.635346040070058,1005.51,2.447125
53.5,-83.0,2026-10-02 23:13:35,8.312285156250027,63.91265563964844,20.489346040070057,1007.29,1.449625
53.5,-82.5,2026-10-02 23:13:35,9.416035156250018,65.06265563964844,18.815346040070057,1009.99,0.95175
53.5,-79.0,2026-10-02 23:13:35,8.842285156250057,73.61265563964844,35.21334604007006,1010.49,1.365625
53.5,-78.5,2026-10-02 23:13:35,7.021035156250036,86.93765563964844,19.625346040070056,1002.96,2.117125
53.5,-78.0,2026-10-02 23:13:35,6.853535156250018,85.68765563964844,32.00934604007006,994.91,1.504875
53.5,-77.5,2026-10-02 23:13:35,5.717285156250057,93.61265563964844,31.30734604007006,988.07,1.983625
53.5,-77.0,2026-10-02 23:13:35,8.203535156250041,68.66265563964843,22.091346040070057,987.86,1.134875
53.5,-76.5,2026-10-02 23:13:35,6.759785156250018,79.98765563964844,17.969346040070057,986.46,1.773875
53.5,-76.0,2026-10-02 23:13:35,6.6185351562500045,81.51265563964844,26.015346040070057,978.77,1.552625
53.5,-75.5,2026-10-02 23:13:35,7.271035156250036,66.48765563964844,27.635346040070058,978.55,2.159125
53.5,-75.0,2026-10-02 23:13:35,6.697285156250018,73.03765563964843,22.253346040070056,977.69,2.164875
53.5,-74.5,2026-10-02 23:13:35,6.346035156250025,72.86265563964844,21.76734604007006,968.44,1.749
53.5,-74.0,2026-10-02 23:13:35,5.628535156250052,72.28765563964843,22.199346040070058,964.65,2.77325
53.5,-73.5,2026-10-02 23:13:35,5.8510351562500205,71.21265563964845,23.26134604007006,960.19,1.941625
53.5,-73.0,2026-10-02 23:13:35,5.388535156250043,75.66265563964843,23.477346040070056,955.65,1.810125
53.5,-72.5,2026-10-02 23:13:35,6.4622851562500045,75.86265563964844,24.863346040070056,952.82,1.361875
53.5,-72.0,2026-10-02 23:13:35,5.457285156250009,80.51265563964844,24.071346040070058,951.97,2.616875
53.5,-71.5,2026-10-02 23:13:35,4.66228515625005,82.11265563964844,27.689346040070056,944.3,2.0695
53.5,-71.0,2026-10-02 23:13:35,5.031035156250027,82.18765563964844,25.18734604007006,947.72,2.8515
53.5,-70.5,2026-10-02 23:13:35,3.919785156250043,81.13765563964844,22.289346040070058,942.65,11.87325
53.5,-70.0,2026-10-02 23:13:35,4.314785156250025,85.56265563964844,28.91334604007006,939.01,12.880375
53.5,-69.5,2026-10-02 23:13:35,4.7122851562500045,80.03765563964845,19.211346040070058,936.16,14.48825
53.5,-69.0,2026-10-02 23:13:35,4.544785156250043,79.91265563964845,22.199346040070058,938.52,10.40075
53.5,-68.5,2026-10-02 23:13:35,4.623535156250057,78.86265563964844,26.62734604007006,936.27,10.0975
53.5,-68.0,2026-10-02 23:13:35,5.154785156250057,76.18765563964844,26.213346040070057,935.76,18.4345
53.5,-67.5,2026-10-02 23:13:35,3.985117187500009,79.2796226501465,26.10351832008362,927.17,12.710625
53.5,-67.0,2026-10-02 23:13:35,3.6013671875000455,77.45462265014649,23.619518320083618,923.47,10.77275
53.5,-66.5,2026-10-02 23:13:35,5.883867187500016,74.55462265014648,26.21151832008362,941.89,3.307375
53.5,-66.0,2026-10-02 23:13:35,5.206367187500007,68.37962265014649,25.54551832008362,935.07,10.6945
53.5,-65.5,2026-10-02 23:13:35,5.460117187500032,75.95462265014649,26.04951832008362,943.92,8.935875
53.5,-65.0,2026-10-02 23:13:35,6.487617187500007,72.00462265014649,30.261518320083617,944.86,8.0605
53.5,-64.5,2026-10-02 23:13:35,7.370117187500057,68.37962265014649,24.05151832008362,949.28,7.844875
53.5,-64.0,2026-10-02 23:13:35,7.817617187500048,68.70462265014649,20.57751832008362,958.88,12.19175
53.5,-63.5,2026-10-02 23:13:35,7.845117187500023,69.95462265014649,29.811518320083618,948.44,11.390625
53.5,-63.0,2026-10-02 23:13:35,8.238867187500034,69.05462265014648,31.10751832008362,937.36,13.008125
53.5,-62.5,2026-10-02 23:13:35,8.390117187500039,75.57962265014649,35.39151832008362,941.1,12.781125
53.5,-62.0,2026-10-02 23:13:35,11.575117187500041,61.054622650146484,28.965518320083618,949.97,10.362625
53.5,-61.5,2026-10-02 23:13:35,10.342617187500025,67.0296226501465,24.681518320083622,949.46,6.79975
53.5,-61.0,2026-10-02 23:13:35,11.800117187500007,66.45462265014649,17.67951832008362,964.94,5.127
53.5,-60.5,2026-10-02 23:13:35,13.623867187500025,57.85462265014649,23.38551832008362,972.21,5.621
53.5,-60.0,2026-10-02 23:13:35,13.497617187500055,70.5296226501465,20.46951832008362,997.99,7.27275
53.5,-59.5,2026-10-02 23:13:35,14.061367187500025,64.37962265014649,18.23751832008362,980.72,7.90975
53.5,-59.0,2026-10-02 23:13:35,9.942617187500048,72.82962265014649,24.05151832008362,925.21,6.683375
53.5,-58.5,2026-10-02 23:13:35,12.56511718750005,52.779622650146486,23.34951832008362,938.77,3.3455
53.5,-58.0,2026-10-02 23:13:35,13.862617187500007,56.75462265014649,16.18551832008362,959.57,1.947375
53.5,-57.5,2026-10-02 23:13:35,13.466367187500055,76.5296226501465,9.921518320083619,981.96,2.796125
53.5,-57.0,2026-10-02 23:13:35,12.071367187500016,86.87962265014649,11.811518320083618,977.69,3.5572500000000002
53.5,-56.5,2026-10-02 23:13:35,12.86886718750003,91.6046226501465,9.957518320083619,988.44,2.037
53.5,-56.0,2026-10-02 23:13:35,11.293867187500041,88.1546226501465,16.959518320083617,996.22,0.75525
54.0,-133.0,2026-10-02 23:13:35,11.828437500000007,68.73420639038086,4.529472903370857,993.95,0.007625
54.0,-132.5,2026-10-02 23:13:35,11.947187500000041,73.08420639038086,2.4774729033708573,1002.22,0.0115
54.0,-132.0,2026-10-02 23:13:35,12.259687500000041,72.40920639038086,6.203472903370858,1010.28,0.038125
54.0,-130.5,2026-10-02 23:13:35,10.642187500000034,77.05920639038087,8.057472903370858,989.47,0.0
54.0,-130.0,2026-10-02 23:13:35,10.190937500000018,69.50920639038087,4.4394729033708575,956.62,0.0
54.0,-129.5,2026-10-02 23:13:35,9.815937500000018,60.934206390380865,3.1974729033708575,931.75,0.0
54.0,-129.0,2026-10-02 23:13:35,10.132187500000043,70.15920639038086,3.773472903370857,929.48,0.0
54.0,-128.5,2026-10-02 23:13:35,9.228437500000041,69.03420639038086,2.8734729033708577,926.62,0.0
54.0,-128.0,2026-10-02 23:13:35,2.4709375000000477,71.73420639038086,8.723472903370858,836.79,0.021
54.0,-127.5,2026-10-02 23:13:35,8.717187500000023,51.334206390380864,3.773472903370857,893.56,0.0
54.0,-127.0,2026-10-02 23:13:35,7.823437500000011,64.83420639038086,3.0534729033708574,904.31,0.0
54.0,-126.5,2026-10-02 23:13:35,9.329687500000034,61.35920639038086,1.1454729033708573,923.72,0.003875
54.0,-126.0,2026-10-02 23:13:35,8.388437500000009,71.80920639038087,3.071472903370857,927.01,0.003875
54.0,-125.5,2026-10-02 23:13:35,8.509687500000041,71.03420639038086,0.8754729033708574,928.75,0.0915
54.0,-125.0,2026-10-02 23:13:35,9.173437500000034,63.50920639038086,8.543472903370857,924.01,0.042
54.0,-124.5,2026-10-02 23:13:35,11.092187500000023,59.38420639038086,4.349472903370858,931.26,0.0
54.0,-124.0,2026-10-02 23:13:35,11.453437500000007,56.48420639038086,6.401472903370857,937.23,0.0
54.0,-123.5,2026-10-02 23:13:35,11.274687500000027,60.53420639038086,5.285472903370858,934.4,0.0
54.0,-123.0,2026-10-02 23:13:35,11.229687500000011,59.40920639038086,4.529472903370857,929.61,0.0
54.0,-122.5,2026-10-02 23:13:35,10.743437500000027,66.48420639038086,6.1494729033708575,930.23,0.0
54.0,-122.0,2026-10-02 23:13:35,10.853437500000041,67.83420639038086,2.2614729033708576,930.22,0.00575
54.0,-121.5,2026-10-02 23:13:35,3.228437500000041,99.58420639038087,5.285472903370858,858.09,0.013375
54.0,-121.0,2026-10-02 23:13:35,7.165937500000041,88.00920639038087,1.9554729033708576,917.65,0.003875
54.0,-120.5,2026-10-02 23:13:35,2.1584375000000477,95.45920639038087,6.905472903370858,831.51,0.0095
54.0,-120.0,2026-10-02 23:13:35,1.6340820312500455,92.3215805053711,5.872130213499069,819.25,0.042
54.0,-119.5,2026-10-02 23:13:35,4.180332031250032,76.9965805053711,6.68213021349907,818.36,0.21175
54.0,-119.0,2026-10-02 23:13:35,2.3353320312500045,85.6965805053711,2.2361302134990693,861.88,0.135375
54.0,-118.5,2026-10-02 23:13:35,4.061582031250055,79.3215805053711,5.0081302134990695,845.72,0.0
54.0,-118.0,2026-10-02 23:13:35,5.621582031250057,79.7215805053711,5.67413021349907,879.16,0.0
54.0,-117.5,2026-10-02 23:13:35,6.656582031250025,69.9965805053711,6.052130213499069,895.28,0.0
54.0,-117.0,2026-10-02 23:13:35,9.044082031250014,61.2715805053711,5.53013021349907,906.67,0.0
54.0,-116.5,2026-10-02 23:13:35,8.394082031250036,49.1465805053711,8.95013021349907,876.88,0.0
54.0,-116.0,2026-10-02 23:13:35,9.857832031250041,47.8715805053711,9.86813021349907,896.47,0.0
54.0,-115.5,2026-10-02 23:13:35,10.477832031250045,48.0465805053711,10.21013021349907,909.67,0.0
54.0,-115.0,2026-10-02 23:13:35,11.707832031250007,48.0215805053711,6.68213021349907,931.94,0.0
54.0,-114.5,2026-10-02 23:13:35,9.905332031250055,52.5215805053711,4.900130213499069,935.66,0.0
54.0,-114.0,2026-10-02 23:13:35,10.200332031250014,49.1215805053711,5.4761302134990695,929.78,0.0
54.0,-113.5,2026-10-02 23:13:35,9.221582031250023,61.4965805053711,5.350130213499069,933.3,0.0
54.0,-113.0,2026-10-02 23:13:35,9.656582031250025,71.02158050537109,2.722130213499069,936.88,0.0
54.0,-112.5,2026-10-02 23:13:35,9.687832031250025,61.096580505371094,1.7141302134990692,940.03,0.0
54.0,-112.0,2026-10-02 23:13:35,11.496582031250057,46.221580505371094,2.722130213499069,935.44,0.0
54.0,-111.5,2026-10-02 23:13:35,12.111582031250009,46.346580505371094,1.3901302134990694,937.5,0.0
54.0,-111.0,2026-10-02 23:13:35,11.759082031250045,44.846580505371094,1.9661302134990692,934.39,0.0
54.0,-110.5,2026-10-02 23:13:35,13.260332031250016,41.7465805053711,1.0121302134990693,936.55,0.0
54.0,-110.0,2026-10-02 23:13:35,12.970078125000043,41.07446441650391,3.153207182228565,933.59,0.0
54.0,-109.5,2026-10-02 23:13:35,13.426328125000055,44.79946441650391,1.8572071822285654,943.34,0.028625
54.0,-109.0,2026-10-02 23:13:35,13.023828125000023,43.07446441650391,3.477207182228565,949.79,0.0
54.0,-108.5,2026-10-02 23:13:35,14.863828125000055,38.19946441650391,3.1892071822285653,945.92,0.7801250000000001
54.0,-108.0,2026-10-02 23:13:35,13.270078125000055,47.44946441650391,3.7292071822285653,948.34,0.45775
54.0,-107.5,2026-10-02 23:13:35,11.633828125000036,49.27446441650391,6.087207182228566,950.48,0.0
54.0,-107.0,2026-10-02 23:13:35,9.957578125000055,60.24946441650391,12.441207182228567,955.58,0.0
54.0,-106.5,2026-10-02 23:13:35,15.018828125000027,43.37446441650391,5.1872071822285655,941.5,0.0
54.0,-106.0,2026-10-02 23:13:35,13.353828125000007,45.52446441650391,5.763207182228565,951.4,0.0
54.0,-105.5,2026-10-02 23:13:35,13.408828125000014,48.974464416503906,6.447207182228565,952.12,0.0
54.0,-105.0,2026-10-02 23:13:35,13.315078125000014,45.14946441650391,6.051207182228565,945.47,0.0
54.0,-104.5,2026-10-02 23:13:35,13.723828125000011,45.82446441650391,5.151207182228566,959.48,0.022875
54.0,-104.0,2026-10-02 23:13:35,13.117578125000023,44.77446441650391,6.303207182228566,967.73,0.001875
54.0,-103.5,2026-10-02 23:13:35,13.341328125000018,44.14946441650391,6.375207182228566,975.33,0.001875
54.0,-103.0,2026-10-02 23:13:35,13.39132812500003,47.24946441650391,6.393207182228566,983.39,0.017125
54.0,-102.5,2026-10-02 23:13:35,12.428828125000052,51.52446441650391,7.005207182228565,983.98,0.02675
54.0,-102.0,2026-10-02 23:13:35,13.311328125000045,46.724464416503906,5.4932071822285655,982.28,0.116375
54.0,-101.5,2026-10-02 23:13:35,12.76632812500003,55.12446441650391,10.011207182228565,984.89,0.1335
54.0,-101.0,2026-10-02 23:13:35,12.272578125000052,57.32446441650391,15.663207182228566,985.87,0.27087500000000003
54.0,-100.5,2026-10-02 23:13:35,13.300078125000027,54.42446441650391,15.141207182228564,986.34,2.3155
54.0,-100.0,2026-10-02 23:13:35,13.362578125000027,57.39946441650391,18.759207182228568,985.87,2.513875
54.0,-99.5,2026-10-02 23:13:35,14.647578125000052,50.42446441650391,14.187207182228565,984.0,1.428625
54.0,-99.0,2026-10-02 23:13:35,13.978828125000007,52.57446441650391,12.675207182228567,989.56,0.96125
54.0,-98.5,2026-10-02 23:13:35,12.623828125000045,60.99946441650391,17.067207182228564,991.11,1.56975
54.0,-98.0,2026-10-02 23:13:35,12.640078125000002,58.12446441650391,19.569207182228567,992.04,2.498625
54.0,-97.5,2026-10-02 23:13:35,12.723828125000011,56.42446441650391,14.421207182228567,990.48,2.121
54.0,-97.0,2026-10-02 23:13:35,12.21382812500002,56.92446441650391,11.901207182228566,990.2,2.962125
54.0,-96.5,2026-10-02 23:13:35,11.165078125000036,57.92446441650391,13.161207182228566,988.78,3.4065
54.0,-96.0,2026-10-02 23:13:35,10.043828125000005,63.974464416503906,19.425207182228565,989.17,1.7605
54.0,-95.5,2026-10-02 23:13:35,10.050078125000027,59.67446441650391,14.853207182228564,988.34,3.131875
54.0,-95.0,2026-10-02 23:13:35,8.056035156250005,66.13765563964844,16.925346040070057,990.11,2.725625
54.0,-94.5,2026-10-02 23:13:35,7.906035156250027,65.86265563964844,20.669346040070057,991.29,3.192875
54.0,-94.0,2026-10-02 23:13:35,8.248535156250057,61.73765563964844,14.819346040070057,989.61,2.901125
54.0,-93.5,2026-10-02 23:13:35,8.232285156250043,62.08765563964844,19.949346040070058,991.26,4.989625
54.0,-93.0,2026-10-02 23:13:35,7.939785156250025,60.31265563964844,15.287346040070059,989.05,3.408375
54.0,-92.5,2026-10-02 23:13:35,7.142285156250011,65.51265563964844,16.097346040070057,990.04,2.462375
54.0,-92.0,2026-10-02 23:13:35,7.38103515625005,60.21265563964844,16.04334604007006,987.85,2.90875
54.0,-91.5,2026-10-02 23:13:35,7.509785156250018,56.53765563964844,18.239346040070057,988.33,1.9817500000000001
54.0,-91.0,2026-10-02 23:13:35,7.847285156250052,54.53765563964844,19.427346040070056,989.71,1.54875
54.0,-90.5,2026-10-02 23:13:35,7.801035156250009,56.51265563964844,24.917346040070058,990.71,1.216875
54.0,-90.0,2026-10-02 23:13:35,7.517285156250011,57.46265563964844,24.161346040070057,991.8,1.104375
54.0,-89.5,2026-10-02 23:13:35,7.922285156250041,51.83765563964844,20.05734604007006,993.21,1.531625
54.0,-89.0,2026-10-02 23:13:35,7.736035156250011,55.73765563964844,21.731346040070058,995.54,2.02175
54.0,-88.5,2026-10-02 23:13:35,7.84978515625005,53.31265563964844,20.16534604007006,997.9,2.525375
54.0,-88.0,2026-10-02 23:13:35,7.814785156250025,55.86265563964844,19.679346040070058,1000.21,4.4193750000000005
54.0,-87.5,2026-10-02 23:13:35,7.824785156250016,52.43765563964844,20.237346040070058,1001.51,2.02375
54.0,-87.0,2026-10-02 23:13:35,7.856035156250016,54.86265563964844,23.963346040070057,1002.08,3.240625
54.0,-86.5,2026-10-02 23:13:35,7.929785156250034,52.88765563964844,22.019346040070058,1000.4,2.5692500000000003
54.0,-86.0,2026-10-02 23:13:35,6.669785156250043,58.41265563964844,21.047346040070057,1000.82,2.17625
54.0,-85.5,2026-10-02 23:13:35,7.231035156250016,61.01265563964844,28.82334604007006,1000.94,2.08475
54.0,-85.0,2026-10-02 23:13:35,6.697285156250018,61.76265563964844,20.11134604007006,1000.85,2.107625
54.0,-84.5,2026-10-02 23:13:35,6.16228515625005,64.11265563964844,19.139346040070055,999.74,2.916375
54.0,-84.0,2026-10-02 23:13:35,6.333535156250036,64.93765563964844,18.38334604007006,999.55,2.7485
54.0,-83.5,2026-10-02 23:13:35,6.199785156250016,66.58765563964845,20.003346040070056,1002.77,2.059875
54.0,-83.0,2026-10-02 23:13:35,6.373535156250057,67.16265563964843,17.663346040070056,1007.41,2.050375
54.0,-82.5,2026-10-02 23:13:35,7.146035156250036,67.23765563964844,20.489346040070057,1010.88,2.853375
54.0,-80.0,2026-10-02 23:13:35,7.689785156250025,79.51265563964844,35.42934604007006,1011.11,1.4076250000000001
54.0,-79.0,2026-10-02 23:13:35,8.85103515625002,74.08765563964845,36.63534604007006,1009.97,4.7875000000000005
54.0,-78.5,2026-10-02 23:13:35,7.9447851562500205,82.03765563964845,22.163346040070056,1000.6,4.690125
54.0,-78.0,2026-10-02 23:13:35,5.66228515625005,88.56265563964844,22.163346040070056,991.54,2.40325
54.0,-77.5,2026-10-02 23:13:35,7.656035156250027,78.71265563964845,18.905346040070057,984.57,1.783375
54.0,-77.0,2026-10-02 23:13:35,6.996035156250002,76.53765563964843,22.145346040070056,983.77,1.083375
54.0,-76.5,2026-10-02 23:13:35,8.16228515625005,72.08765563964845,30.119346040070056,988.52,0.38725
54.0,-76.0,2026-10-02 23:13:35,7.204785156250011,71.73765563964844,23.53134604007006,979.65,0.7000000000000001
54.0,-75.5,2026-10-02 23:13:35,7.343535156250027,71.63765563964844,30.191346040070055,984.32,1.564
54.0,-75.0,2026-10-02 23:13:35,7.183535156250002,68.41265563964843,27.47334604007006,980.29,1.237875
54.0,-74.5,2026-10-02 23:13:35,6.1010351562500205,75.88765563964844,21.929346040070058,971.93,1.45725
54.0,-74.0,2026-10-02 23:13:35,5.614785156250036,79.31265563964844,25.259346040070056,969.76,2.138125
54.0,-73.5,2026-10-02 23:13:35,6.69353515625005,76.26265563964844,31.59534604007006,962.38,1.6975
54.0,-73.0,2026-10-02 23:13:35,5.406035156250027,74.18765563964844,24.88134604007006,959.86,1.30075
54.0,-72.5,2026-10-02 23:13:35,4.771035156250036,74.81265563964844,25.18734604007006,952.71,2.33075
54.0,-72.0,2026-10-02 23:13:35,5.273535156250034,75.48765563964844,30.929346040070055,952.1,2.55775
54.0,-71.5,2026-10-02 23:13:35,4.941035156250052,75.23765563964844,24.863346040070056,948.44,2.037
54.0,-71.0,2026-10-02 23:13:35,4.582285156250009,78.81265563964844,24.28734604007006,943.76,2.2411250000000003
54.0,-70.5,2026-10-02 23:13:35,5.6497851562500045,73.48765563964844,25.69134604007006,941.55,1.8845
54.0,-70.0,2026-10-02 23:13:35,5.186035156250057,77.83765563964845,26.44734604007006,938.43,0.8945000000000001
54.0,-69.5,2026-10-02 23:13:35,5.2122851562500045,75.46265563964845,31.77534604007006,940.04,0.60275
54.0,-69.0,2026-10-02 23:13:35,4.894785156250009,78.36265563964844,29.147346040070058,940.55,1.382875
54.0,-68.5,2026-10-02 23:13:35,4.689785156250025,79.51265563964844,28.481346040070058,934.33,9.56725
54.0,-68.0,2026-10-02 23:13:35,4.9310351562500045,78.43765563964844,25.06134604007006,932.04,15.659375
54.0,-67.5,2026-10-02 23:13:35,4.258867187500016,83.80462265014648,25.43751832008362,929.86,12.79825
54.0,-67.0,2026-10-02 23:13:35,4.043867187500041,83.55462265014648,25.113518320083617,929.83,10.229125
54.0,-66.5,2026-10-02 23:13:35,5.647617187500032,75.60462265014648,22.28751832008362,944.77,10.463750000000001
54.0,-66.0,2026-10-02 23:13:35,4.053867187500032,88.20462265014649,28.06551832008362,940.8,15.588750000000001
54.0,-65.5,2026-10-02 23:13:35,6.2263671875000455,65.20462265014649,27.43551832008362,945.88,13.692875
54.0,-65.0,2026-10-02 23:13:35,7.050117187500007,70.0296226501465,38.57751832008362,947.21,17.980625
54.0,-64.5,2026-10-02 23:13:35,6.553867187500032,66.57962265014649,29.541518320083618,945.1,22.234
54.0,-64.0,2026-10-02 23:13:35,6.981367187500041,70.57962265014649,38.00151832008362,946.78,19.863125
54.0,-63.5,2026-10-02 23:13:35,6.647617187500032,75.0296226501465,37.58751832008362,946.24,18.869375
54.0,-63.0,2026-10-02 23:13:35,7.05636718750003,69.17962265014648,29.199518320083616,943.55,16.2945
54.0,-62.5,2026-10-02 23:13:35,6.282617187500023,90.05462265014648,32.04351832008362,937.16,15.865375
54.0,-62.0,2026-10-02 23:13:35,6.890117187500039,84.3546226501465,27.633518320083617,931.55,13.301875
54.0,-61.5,2026-10-02 23:13:35,8.637617187500041,80.9796226501465,26.10351832008362,949.78,7.896375
54.0,-61.0,2026-10-02 23:13:35,11.938867187500023,69.7796226501465,16.00551832008362,971.86,7.164000000000001
54.0,-60.5,2026-10-02 23:13:35,10.516367187500009,77.9796226501465,23.76351832008362,956.05,6.44875
54.0,-60.0,2026-10-02 23:13:35,11.085117187500032,75.25462265014649,23.09751832008362,957.22,3.39125
54.0,-59.5,2026-10-02 23:13:35,13.123867187500025,69.95462265014649,21.15351832008362,996.67,4.25525
54.0,-59.0,2026-10-02 23:13:35,14.553867187500032,70.22962265014648,24.14151832008362,988.8,3.637375
54.0,-58.5,2026-10-02 23:13:35,14.862617187500007,59.529622650146486,28.875518320083618,983.72,4.299125
54.0,-58.0,2026-10-02 23:13:35,14.438867187500023,61.57962265014649,19.677518320083617,981.42,2.910625
54.0,-57.5,2026-10-02 23:13:35,14.828867187500009,60.529622650146486,21.87351832008362,980.61,1.331375
54.5,-131.0,2026-10-02 23:13:35,11.179687500000057,81.60920639038086,14.069472903370858,1017.01,0.02475
54.5,-130.5,2026-10-02 23:13:35,10.158437500000048,85.20920639038087,7.3914729033708575,1019.83,0.0
54.5,-130.0,2026-10-02 23:13:35,11.439687500000048,66.88420639038087,2.8734729033708577,973.18,0.0
54.5,-129.5,2026-10-02 23:13:35,9.944687500000043,61.00920639038086,1.4514729033708573,931.34,0.0
54.5,-129.0,2026-10-02 23:13:35,8.110937500000034,59.50920639038086,1.9194729033708575,891.65,0.019125
54.5,-128.5,2026-10-02 23:13:35,11.603437500000041,58.584206390380864,2.7294729033708576,974.09,0.0
54.5,-128.0,2026-10-02 23:13:35,8.610937500000034,66.53420639038086,3.395472903370857,911.56,0.0
54.5,-127.5,2026-10-02 23:13:35,2.482187500000009,69.65920639038086,5.807472903370858,828.25,0.0
54.5,-127.0,2026-10-02 23:13:35,5.93718750000005,79.58420639038087,4.385472903370858,885.43,0.0
54.5,-126.5,2026-10-02 23:13:35,8.544687500000009,70.58420639038086,4.115472903370857,928.47,0.0
54.5,-126.0,2026-10-02 23:13:35,6.162187500000016,61.25920639038086,5.861472903370857,871.48,0.0
54.5,-125.5,2026-10-02 23:13:35,7.753437500000018,65.23420639038086,4.763472903370857,901.54,0.0
54.5,-125.0,2026-10-02 23:13:35,7.217187500000023,66.60920639038086,7.823472903370858,892.79,0.0
54.5,-124.5,2026-10-02 23:13:35,8.957187500000032,76.20920639038086,7.715472903370857,937.58,0.0
54.5,-124.0,2026-10-02 23:13:35,10.667187500000011,67.90920639038086,4.691472903370857,927.12,0.0
54.5,-123.5,2026-10-02 23:13:35,10.020937500000002,66.45920639038086,4.8354729033708574,920.95,0.0
54.5,-123.0,2026-10-02 23:13:35,8.845937500000048,72.98420639038086,5.303472903370857,919.25,0.0
54.5,-122.5,2026-10-02 23:13:35,9.319687500000043,67.68420639038087,4.781472903370857,913.43,0.0
54.5,-122.0,2026-10-02 23:13:35,6.947187500000041,78.95920639038087,5.159472903370857,898.06,0.007625
54.5,-121.5,2026-10-02 23:13:35,5.49968750000005,86.65920639038086,3.737472903370857,887.64,0.0
54.5,-121.0,2026-10-02 23:13:35,1.8459375000000477,96.08420639038087,11.621472903370858,829.65,0.04
54.5,-120.5,2026-10-02 23:13:35,4.700937500000009,83.70920639038087,10.217472903370858,855.4,0.0
54.5,-120.0,2026-10-02 23:13:35,7.250332031250025,70.4215805053711,7.4921302134990695,857.45,0.0
54.5,-119.5,2026-10-02 23:13:35,4.8978320312500045,75.77158050537109,6.430130213499069,863.85,0.0
54.5,-119.0,2026-10-02 23:13:35,8.18283203125003,68.64658050537109,2.254130213499069,906.81,0.0
54.5,-118.5,2026-10-02 23:13:35,8.602832031250045,61.846580505371094,3.5141302134990693,909.89,0.0
54.5,-118.0,2026-10-02 23:13:35,7.43283203125003,61.2715805053711,5.278130213499069,910.56,0.0
54.5,-117.5,2026-10-02 23:13:35,8.975332031250048,55.1215805053711,6.628130213499069,915.99,0.0
54.5,-117.0,2026-10-02 23:13:35,9.451582031250041,47.4215805053711,3.5861302134990694,923.92,0.0
54.5,-116.5,2026-10-02 23:13:35,8.086582031250032,52.7965805053711,3.9461302134990697,915.6,0.0
54.5,-116.0,2026-10-02 23:13:35,7.6790820312500045,56.6715805053711,8.44613021349907,894.78,0.0
54.5,-115.5,2026-10-02 23:13:35,10.002832031250023,51.8715805053711,5.206130213499069,892.58,0.0
54.5,-115.0,2026-10-02 23:13:35,10.554082031250005,50.9215805053711,2.3801302134990694,919.25,0.0
54.5,-114.5,2026-10-02 23:13:35,8.516582031250039,56.196580505371095,1.2821302134990693,937.99,0.0
54.5,-114.0,2026-10-02 23:13:35,8.047832031250039,57.3715805053711,3.4781302134990693,937.99,0.0
54.5,-113.5,2026-10-02 23:13:35,9.412832031250048,50.6215805053711,1.6601302134990692,934.64,0.0
54.5,-113.0,2026-10-02 23:13:35,10.429082031250005,48.6465805053711,1.1561302134990694,934.25,0.0
54.5,-112.5,2026-10-02 23:13:35,11.364082031250007,52.071580505371095,1.1021302134990694,934.77,0.0
54.5,-112.0,2026-10-02 23:13:35,11.231582031250014,47.471580505371094,1.6241302134990694,941.25,0.0
54.5,-111.5,2026-10-02 23:13:35,11.321582031250045,49.071580505371095,2.3441302134990694,942.39,0.0
54.5,-111.0,2026-10-02 23:13:35,10.887832031250014,48.596580505371094,1.5881302134990694,945.41,0.0
54.5,-110.5,2026-10-02 23:13:35,11.514082031250041,48.471580505371094,1.6601302134990692,947.74,0.082
54.5,-110.0,2026-10-02 23:13:35,10.32882812500003,50.52446441650391,2.9192071822285657,947.79,0.4845
54.5,-109.5,2026-10-02 23:13:35,10.346328125000014,46.974464416503906,3.1352071822285654,944.17,0.003875
54.5,-109.0,2026-10-02 23:13:35,10.758828125000036,48.77446441650391,2.2892071822285653,944.62,0.001875
54.5,-108.5,2026-10-02 23:13:35,9.162578125000039,58.14946441650391,1.3352071822285654,955.53,0.0
54.5,-108.0,2026-10-02 23:13:35,11.171328125000002,49.74946441650391,1.8752071822285654,955.95,0.0
54.5,-107.5,2026-10-02 23:13:35,12.02632812500002,52.69946441650391,4.143207182228566,957.42,0.0
54.5,-107.0,2026-10-02 23:13:35,12.731328125000005,51.974464416503906,5.385207182228565,951.89,0.0
54.5,-106.5,2026-10-02 23:13:35,13.568828125000039,49.92446441650391,4.431207182228566,942.45,0.0
54.5,-106.0,2026-10-02 23:13:35,11.83882812500002,56.42446441650391,6.393207182228566,945.31,0.0
54.5,-105.5,2026-10-02 23:13:35,13.523828125000023,44.24946441650391,5.9612071822285655,955.59,0.0
54.5,-105.0,2026-10-02 23:13:35,13.952578125000002,43.29946441650391,3.6572071822285652,955.06,0.238375
54.5,-104.5,2026-10-02 23:13:35,14.790078125000036,43.17446441650391,4.917207182228566,956.17,0.01525
54.5,-104.0,2026-10-02 23:13:35,13.737578125000027,49.474464416503906,3.8732071822285654,968.95,0.019125
54.5,-103.5,2026-10-02 23:13:35,13.942578125000011,43.974464416503906,6.483207182228565,974.19,0.001875
54.5,-103.0,2026-10-02 23:13:35,11.768828125000027,55.24946441650391,9.237207182228566,977.47,0.0115
54.5,-102.5,2026-10-02 23:13:35,11.553828125000052,53.74946441650391,8.895207182228566,978.83,0.0935
54.5,-102.0,2026-10-02 23:13:35,11.356328125000005,55.599464416503906,12.009207182228566,979.4,0.13925
54.5,-101.5,2026-10-02 23:13:35,11.805078125000023,57.02446441650391,12.009207182228566,980.67,0.6065
54.5,-101.0,2026-10-02 23:13:35,12.103828125000007,55.79946441650391,9.903207182228567,979.31,3.4293750000000003
54.5,-100.5,2026-10-02 23:13:35,12.075078125000005,58.82446441650391,12.675207182228567,982.14,2.201125
54.5,-100.0,2026-10-02 23:13:35,13.200078125000005,52.62446441650391,18.921207182228567,983.08,1.840625
54.5,-99.5,2026-10-02 23:13:35,13.680078125000023,56.44946441650391,18.237207182228566,985.25,0.9536250000000001
54.5,-99.0,2026-10-02 23:13:35,13.176328125000055,59.04946441650391,13.683207182228566,988.36,1.20925
54.5,-98.5,2026-10-02 23:13:35,12.112578125000027,61.12446441650391,9.759207182228566,990.75,1.417125
54.5,-98.0,2026-10-02 23:13:35,10.42257812500003,67.12446441650391,16.779207182228564,991.23,0.541625
54.5,-97.5,2026-10-02 23:13:35,10.256328125000039,65.94946441650391,11.829207182228567,991.83,1.154
54.5,-97.0,2026-10-02 23:13:35,10.416328125000007,61.92446441650391,12.063207182228567,991.08,1.020375
54.5,-96.5,2026-10-02 23:13:35,10.498828125000045,58.849464416503906,16.05920718222857,990.75,2.82475
54.5,-96.0,2026-10-02 23:13:35,10.123828125000045,57.87446441650391,14.259207182228566,992.58,2.4395000000000002
54.5,-95.5,2026-10-02 23:13:35,10.117578125000023,57.224464416503906,16.491207182228564,994.86,1.9492500000000001
54.5,-95.0,2026-10-02 23:13:35,8.168535156250016,69.53765563964843,22.379346040070057,996.46,2.4395000000000002
54.5,-94.5,2026-10-02 23:13:35,7.999785156250027,71.23765563964844,27.689346040070056,997.22,1.413375
54.5,-94.0,2026-10-02 23:13:35,8.097285156250052,62.48765563964844,22.721346040070056,993.44,2.5540000000000003
54.5,-93.5,2026-10-02 23:13:35,8.267285156250011,61.06265563964844,17.429346040070058,994.47,2.36125
54.5,-93.0,2026-10-02 23:13:35,8.041035156250018,62.28765563964844,17.24934604007006,992.6,1.787125
54.5,-92.5,2026-10-02 23:13:35,7.707285156250009,68.26265563964844,27.257346040070058,994.9,2.5215
54.5,-92.0,2026-10-02 23:13:35,7.753535156250052,59.31265563964844,18.77934604007006,993.15,1.808125
54.5,-91.5,2026-10-02 23:13:35,8.13103515625005,54.93765563964844,19.49934604007006,993.41,0.970875
54.5,-91.0,2026-10-02 23:13:35,8.13103515625005,53.11265563964844,19.283346040070057,994.26,0.877375
54.5,-90.5,2026-10-02 23:13:35,8.079785156250011,53.61265563964844,19.013346040070058,995.71,1.195875
54.5,-90.0,2026-10-02 23:13:35,8.012285156250016,54.28765563964844,18.67134604007006,998.77,0.928875
54.5,-89.5,2026-10-02 23:13:35,7.797285156250041,55.48765563964844,19.427346040070056,1000.6,1.125375
54.5,-89.0,2026-10-02 23:13:35,7.749785156250027,54.66265563964844,20.309346040070057,999.94,1.464875
54.5,-88.5,2026-10-02 23:13:35,7.373535156250057,58.33765563964844,24.071346040070058,997.01,1.028
54.5,-88.0,2026-10-02 23:13:35,7.5247851562500045,56.68765563964844,20.957346040070057,997.38,1.13675
54.5,-87.5,2026-10-02 23:13:35,7.597285156250052,61.96265563964844,28.391346040070058,1001.24,1.194
54.5,-87.0,2026-10-02 23:13:35,7.4447851562500205,62.96265563964844,27.401346040070056,1000.88,1.525875
54.5,-86.5,2026-10-02 23:13:35,7.2747851562500045,64.81265563964844,27.09534604007006,999.46,1.787125
54.5,-86.0,2026-10-02 23:13:35,7.596035156250025,64.36265563964844,27.059346040070057,1000.83,2.6455
54.5,-85.5,2026-10-02 23:13:35,7.4310351562500045,64.73765563964844,24.57534604007006,1002.13,2.3975
54.5,-85.0,2026-10-02 23:13:35,6.721035156250025,70.31265563964844,34.16934604007006,998.24,2.325
54.5,-84.5,2026-10-02 23:13:35,6.189785156250025,68.83765563964845,29.52534604007006,995.97,2.35175
54.5,-84.0,2026-10-02 23:13:35,6.252285156250025,70.36265563964844,27.14934604007006,1000.61,2.374625
54.5,-83.5,2026-10-02 23:13:35,6.208535156250036,71.98765563964844,26.71734604007006,1004.1,3.5915
54.5,-83.0,2026-10-02 23:13:35,6.648535156250034,67.01265563964844,19.87734604007006,1007.8,3.1395
54.5,-82.5,2026-10-02 23:13:35,6.69353515625005,71.03765563964843,25.81734604007006,1010.02,2.235375
54.5,-79.5,2026-10-02 23:13:35,7.691035156250052,79.01265563964844,33.66534604007006,1009.35,1.911125
54.5,-79.0,2026-10-02 23:13:35,7.717285156250057,80.43765563964844,27.059346040070057,1007.76,2.30975
54.5,-78.5,2026-10-02 23:13:35,7.909785156250052,76.88765563964844,28.12134604007006,995.68,3.7975
54.5,-78.0,2026-10-02 23:13:35,6.689785156250025,77.31265563964844,31.055346040070056,987.58,3.52475
54.5,-77.5,2026-10-02 23:13:35,7.291035156250018,80.01265563964844,32.09934604007006,991.16,2.986875
54.5,-77.0,2026-10-02 23:13:35,7.339785156250002,79.36265563964844,19.301346040070058,989.22,3.265375
54.5,-76.5,2026-10-02 23:13:35,5.31853515625005,85.36265563964844,21.76734604007006,977.88,2.777125
54.5,-76.0,2026-10-02 23:13:35,4.708535156250036,89.76265563964844,27.72534604007006,977.51,1.401875
54.5,-75.5,2026-10-02 23:13:35,4.9135351562500205,89.86265563964844,20.615346040070058,971.01,1.2570000000000001
54.5,-75.0,2026-10-02 23:13:35,6.128535156250052,74.08765563964845,23.38734604007006,972.88,0.885
54.5,-74.5,2026-10-02 23:13:35,5.127285156250025,75.06265563964844,25.295346040070058,961.76,1.45725
54.5,-74.0,2026-10-02 23:13:35,4.579785156250011,74.91265563964843,25.439346040070056,961.21,0.862125
54.5,-73.5,2026-10-02 23:13:35,4.891035156250041,78.38765563964844,32.35134604007006,956.47,1.051
54.5,-73.0,2026-10-02 23:13:35,4.8372851562500045,76.28765563964843,27.689346040070056,954.22,1.0013750000000001
54.5,-72.5,2026-10-02 23:13:35,4.853535156250018,75.83765563964845,27.77934604007006,954.9,1.419125
54.5,-72.0,2026-10-02 23:13:35,5.228535156250018,73.81265563964844,26.195346040070056,954.04,1.709
54.5,-71.5,2026-10-02 23:13:35,4.429785156250034,78.43765563964844,22.433346040070056,952.52,1.556375
54.5,-71.0,2026-10-02 23:13:35,3.578535156250041,86.71265563964845,23.873346040070057,944.16,2.51775
54.5,-70.5,2026-10-02 23:13:35,3.2772851562500023,85.11265563964844,22.919346040070057,944.68,2.405125
54.5,-70.0,2026-10-02 23:13:35,2.9585351562500364,89.88765563964844,28.12134604007006,939.99,2.0961250000000002
54.5,-69.5,2026-10-02 23:13:35,3.326035156250043,93.11265563964844,27.527346040070057,937.74,1.215
54.5,-69.0,2026-10-02 23:13:35,5.00603515625005,83.03765563964845,32.29734604007006,941.29,0.92125
54.5,-68.5,2026-10-02 23:13:35,4.231035156250016,83.43765563964844,24.59334604007006,933.69,1.28175
54.5,-68.0,2026-10-02 23:13:35,3.856035156250016,83.23765563964844,24.737346040070058,933.11,1.007125
54.5,-67.5,2026-10-02 23:13:35,3.6363671875000136,78.82962265014649,24.48351832008362,931.1,2.2640000000000002
54.5,-67.0,2026-10-02 23:13:35,4.911367187500048,76.17962265014648,24.24951832008362,934.13,3.9425
54.5,-66.5,2026-10-02 23:13:35,6.328867187500009,65.92962265014648,22.30551832008362,945.78,4.432625
54.5,-66.0,2026-10-02 23:13:35,5.50261718750005,67.9046226501465,20.39751832008362,941.49,6.752
54.5,-65.5,2026-10-02 23:13:35,5.053867187500032,72.22962265014648,25.401518320083618,945.35,12.97575
54.5,-65.0,2026-10-02 23:13:35,5.557617187500057,71.05462265014648,28.569518320083617,943.22,15.44
54.5,-64.5,2026-10-02 23:13:35,5.147617187500032,72.2796226501465,24.285518320083618,939.08,14.768625
54.5,-64.0,2026-10-02 23:13:35,4.376367187500023,86.2796226501465,28.35351832008362,940.44,20.214125
54.5,-63.5,2026-10-02 23:13:35,5.706367187500007,78.12962265014649,26.39151832008362,942.64,16.187625
54.5,-63.0,2026-10-02 23:13:35,7.3338671875000045,71.37962265014649,24.62751832008362,959.27,14.886875
54.5,-62.5,2026-10-02 23:13:35,6.887617187500041,73.0296226501465,25.92351832008362,949.55,15.869125
54.5,-62.0,2026-10-02 23:13:35,6.762617187500041,75.7796226501465,26.48151832008362,951.77,17.171875
54.5,-61.5,2026-10-02 23:13:35,9.248867187500025,71.9046226501465,33.42951832008362,975.11,11.629125
54.5,-61.0,2026-10-02 23:13:35,9.328867187500009,73.05462265014648,27.30951832008362,968.8,10.37975
54.5,-60.5,2026-10-02 23:13:35,11.231367187500041,68.95462265014649,33.735518320083614,963.82,16.7275
54.5,-60.0,2026-10-02 23:13:35,12.008867187500016,65.7796226501465,28.58751832008362,960.71,13.60125
54.5,-59.5,2026-10-02 23:13:35,12.257617187500045,69.07962265014649,25.671518320083617,962.13,9.264
54.5,-59.0,2026-10-02 23:13:35,13.251367187500023,60.75462265014649,30.72951832008362,959.07,6.259875
54.5,-58.5,2026-10-02 23:13:35,13.882617187500045,62.62962265014649,19.677518320083617,970.57,3.156625
54.5,-58.0,2026-10-02 23:13:35,15.821367187500016,50.07962265014649,23.81751832008362,978.77,1.86725
54.5,-57.5,2026-10-02 23:13:35,14.151367187500057,63.10462265014649,21.76551832008362,990.91,1.19975
55.0,-130.0,2026-10-02 23:13:35,9.915937500000041,85.05920639038087,2.2974729033708576,1007.48,0.0
55.0,-129.5,2026-10-02 23:13:35,6.648437500000057,76.70920639038086,6.1494729033708575,905.5,0.0
55.0,-129.0,2026-10-02 23:13:35,10.953437500000007,58.28420639038086,2.531472903370857,960.73,0.0
55.0,-128.5,2026-10-02 23:13:35,7.304687500000057,59.53420639038086,2.531472903370857,880.98,0.001875
55.0,-128.0,2026-10-02 23:13:35,6.148437500000057,66.33420639038086,4.241472903370858,865.9,0.063
55.0,-127.5,2026-10-02 23:13:35,6.294687500000009,52.434206390380865,3.2514729033708574,865.23,0.0
55.0,-127.0,2026-10-02 23:13:35,5.357187500000009,62.934206390380865,6.023472903370857,863.47,0.0
55.0,-126.5,2026-10-02 23:13:35,7.238437500000032,67.40920639038086,1.2894729033708574,901.93,0.013375
55.0,-126.0,2026-10-02 23:13:35,7.359687500000007,72.85920639038086,1.8834729033708575,912.56,0.0305
55.0,-125.5,2026-10-02 23:13:35,7.09343750000005,66.38420639038087,5.9154729033708575,877.86,0.0
55.0,-125.0,2026-10-02 23:13:35,9.15593750000005,65.20920639038086,6.293472903370858,916.22,0.0
55.0,-124.5,2026-10-02 23:13:35,7.072187500000041,67.25920639038087,8.111472903370858,886.01,0.0
55.0,-124.0,2026-10-02 23:13:35,6.845937500000048,69.08420639038086,8.309472903370857,870.95,0.0
55.0,-123.5,2026-10-02 23:13:35,6.998437500000023,64.83420639038086,6.4554729033708576,868.65,0.0
55.0,-123.0,2026-10-02 23:13:35,8.960937500000057,72.93420639038087,5.249472903370858,929.62,0.04575
55.0,-122.5,2026-10-02 23:13:35,4.947187500000041,85.38420639038087,5.303472903370857,882.03,0.0
55.0,-122.0,2026-10-02 23:13:35,3.867187500000057,83.10920639038086,11.873472903370859,851.76,0.0115
55.0,-121.5,2026-10-02 23:13:35,5.060937500000023,70.93420639038087,10.199472903370857,852.12,0.001875
55.0,-121.0,2026-10-02 23:13:35,10.013437500000009,60.75920639038086,11.261472903370858,907.61,0.0
55.0,-120.5,2026-10-02 23:13:35,9.333437500000002,62.50920639038086,10.073472903370858,892.48,0.0
55.0,-120.0,2026-10-02 23:13:35,10.354082031250016,63.8715805053711,7.78013021349907,913.61,0.0
55.0,-119.5,2026-10-02 23:13:35,9.625332031250025,74.77158050537109,6.7181302134990695,931.95,0.0
55.0,-119.0,2026-10-02 23:13:35,11.836582031250032,59.4215805053711,7.76213021349907,933.3,0.0
55.0,-118.5,2026-10-02 23:13:35,10.450332031250014,61.3965805053711,3.136130213499069,942.38,0.0
55.0,-118.0,2026-10-02 23:13:35,8.679082031250005,62.346580505371094,2.6141302134990694,940.19,0.0
55.0,-117.5,2026-10-02 23:13:35,8.63033203125002,55.321580505371095,5.67413021349907,930.88,0.0
55.0,-117.0,2026-10-02 23:13:35,7.996582031250057,59.6465805053711,3.298130213499069,933.91,0.0
55.0,-116.5,2026-10-02 23:13:35,7.889082031250041,61.2965805053711,4.5401302134990695,911.41,0.0
55.0,-116.0,2026-10-02 23:13:35,9.641582031250039,56.446580505371095,1.8581302134990691,925.16,0.0
55.0,-115.5,2026-10-02 23:13:35,10.672832031250039,48.446580505371095,3.6221302134990694,916.58,0.0
55.0,-115.0,2026-10-02 23:13:35,8.960332031250005,51.4215805053711,7.92413021349907,898.92,0.0
55.0,-114.5,2026-10-02 23:13:35,9.44283203125002,56.071580505371095,1.4441302134990692,936.85,0.0
55.0,-114.0,2026-10-02 23:13:35,8.344082031250025,49.7465805053711,4.324130213499069,937.75,0.0
55.0,-113.5,2026-10-02 23:13:35,9.416582031250016,56.3715805053711,1.9121302134990692,938.8,0.0
55.0,-113.0,2026-10-02 23:13:35,9.829082031250039,48.0465805053711,0.2561302134990692,942.8,0.0
55.0,-112.5,2026-10-02 23:13:35,9.47408203125002,55.2715805053711,0.040130213499069214,947.5,0.0
55.0,-112.0,2026-10-02 23:13:35,9.686582031250055,54.446580505371095,1.2821302134990693,946.53,0.0
55.0,-111.5,2026-10-02 23:13:35,11.081582031250036,54.0465805053711,1.5881302134990694,940.27,0.001875
55.0,-111.0,2026-10-02 23:13:35,11.232832031250041,47.9215805053711,1.5341302134990693,937.72,0.001875
55.0,-110.5,2026-10-02 23:13:35,12.690332031250023,48.0215805053711,1.9661302134990692,929.81,0.00575
55.0,-110.0,2026-10-02 23:13:35,10.98507812500003,51.474464416503906,2.9552071822285653,932.19,0.0
55.0,-109.5,2026-10-02 23:13:35,8.207578125000055,54.849464416503906,3.9452071822285655,941.72,0.0
55.0,-109.0,2026-10-02 23:13:35,12.975078125000039,42.52446441650391,4.575207182228565,933.65,0.0
55.0,-108.5,2026-10-02 23:13:35,15.23507812500003,35.77446441650391,2.7752071822285656,948.48,0.0
55.0,-108.0,2026-10-02 23:13:35,12.36007812500003,45.67446441650391,4.9532071822285655,959.15,0.0
55.0,-107.5,2026-10-02 23:13:35,13.290078125000036,47.82446441650391,6.609207182228566,955.98,0.0
55.0,-107.0,2026-10-02 23:13:35,13.200078125000005,47.39946441650391,5.133207182228565,952.12,0.0
55.0,-106.5,2026-10-02 23:13:35,13.193828125000039,50.349464416503906,4.395207182228566,963.19,0.0
55.0,-106.0,2026-10-02 23:13:35,14.21382812500002,42.599464416503906,3.2972071822285653,961.95,0.07825
55.0,-105.5,2026-10-02 23:13:35,14.866328125000052,41.49946441650391,4.341207182228565,967.19,0.05725
55.0,-105.0,2026-10-02 23:13:35,12.510078125000007,55.349464416503906,10.389207182228565,971.25,0.0
55.0,-104.5,2026-10-02 23:13:35,13.155078125000045,44.12446441650391,7.041207182228566,966.89,0.001875
55.0,-104.0,2026-10-02 23:13:35,13.530078125000045,46.474464416503906,5.061207182228565,967.76,0.003875
55.0,-103.5,2026-10-02 23:13:35,12.57882812500003,56.42446441650391,5.241207182228565,972.75,0.04
55.0,-103.0,2026-10-02 23:13:35,12.228828125000007,58.29946441650391,8.859207182228566,976.19,0.28800000000000003
55.0,-102.5,2026-10-02 23:13:35,11.99507812500002,56.87446441650391,7.581207182228566,974.72,1.253125
55.0,-102.0,2026-10-02 23:13:35,11.768828125000027,56.74946441650391,9.147207182228566,975.48,0.37
55.0,-101.5,2026-10-02 23:13:35,11.442578125000011,61.99946441650391,12.909207182228565,976.76,2.122875
55.0,-101.0,2026-10-02 23:13:35,12.79757812500003,55.29946441650391,16.05920718222857,974.83,4.392625
55.0,-100.5,2026-10-02 23:13:35,12.385078125000007,57.62446441650391,11.901207182228566,980.34,2.367
55.0,-100.0,2026-10-02 23:13:35,11.140078125000002,69.0244644165039,11.199207182228566,979.06,2.6875
55.0,-99.5,2026-10-02 23:13:35,9.515078125000002,72.4744644165039,9.003207182228566,983.39,1.70325
55.0,-99.0,2026-10-02 23:13:35,7.3700781250000205,82.57446441650391,9.543207182228565,987.76,0.928875
55.0,-98.5,2026-10-02 23:13:35,7.858828125000002,78.79946441650391,19.245207182228565,988.58,0.595125
55.0,-98.0,2026-10-02 23:13:35,7.9988281250000455,77.3494644165039,17.661207182228566,993.72,0.803
55.0,-97.5,2026-10-02 23:13:35,9.216328125000018,71.99946441650391,22.305207182228564,993.62,0.96125
55.0,-97.0,2026-10-02 23:13:35,9.061328125000045,69.79946441650391,18.147207182228566,992.09,3.055625
55.0,-96.5,2026-10-02 23:13:35,8.883828125000036,67.19946441650391,12.801207182228566,990.54,1.695625
55.0,-96.0,2026-10-02 23:13:35,8.311328125000045,65.99946441650391,15.339207182228566,989.44,1.279875
55.0,-95.5,2026-10-02 23:13:35,9.055078125000023,61.32446441650391,16.473207182228567,991.83,0.74575
55.0,-95.0,2026-10-02 23:13:35,7.918535156250016,71.48765563964844,19.013346040070058,992.74,1.241625
55.0,-94.5,2026-10-02 23:13:35,8.199785156250016,72.18765563964844,27.95934604007006,995.77,1.173
55.0,-94.0,2026-10-02 23:13:35,8.361035156250011,67.13765563964844,18.617346040070057,996.33,1.339
55.0,-93.5,2026-10-02 23:13:35,8.356035156250016,67.73765563964844,23.405346040070057,995.86,0.9746250000000001
55.0,-93.0,2026-10-02 23:13:35,8.158535156250025,65.33765563964845,17.57334604007006,996.47,0.9460000000000001
55.0,-92.5,2026-10-02 23:13:35,8.204785156250011,61.68765563964844,17.80734604007006,997.35,1.47625
55.0,-92.0,2026-10-02 23:13:35,8.218535156250027,58.68765563964844,18.401346040070056,1000.05,1.041375
55.0,-91.5,2026-10-02 23:13:35,8.262285156250016,59.31265563964844,18.995346040070057,1002.94,0.661875
55.0,-91.0,2026-10-02 23:13:35,8.082285156250009,58.63765563964844,19.24734604007006,1000.72,0.871625
55.0,-90.5,2026-10-02 23:13:35,7.957285156250009,60.18765563964844,19.715346040070056,1001.82,0.431
55.0,-90.0,2026-10-02 23:13:35,7.857285156250043,59.38765563964844,19.80534604007006,1001.63,0.516875
55.0,-89.5,2026-10-02 23:13:35,7.902285156250002,58.36265563964844,18.689346040070056,1003.86,0.295625
55.0,-89.0,2026-10-02 23:13:35,7.673535156250011,62.06265563964844,21.965346040070056,1003.96,0.631375
55.0,-88.5,2026-10-02 23:13:35,7.517285156250011,60.13765563964844,20.471346040070056,1002.68,0.8582500000000001
55.0,-88.0,2026-10-02 23:13:35,7.311035156250057,61.68765563964844,22.05534604007006,1002.46,0.198375
55.0,-87.5,2026-10-02 23:13:35,6.519785156250009,71.16265563964843,29.903346040070062,1000.13,0.677125
55.0,-87.0,2026-10-02 23:13:35,6.3372851562500045,72.56265563964844,37.15734604007006,999.07,0.513125
55.0,-86.5,2026-10-02 23:13:35,6.801035156250009,68.51265563964844,31.86534604007006,1000.58,0.8335
55.0,-86.0,2026-10-02 23:13:35,7.082285156250009,69.76265563964844,31.019346040070058,1003.72,2.201125
55.0,-85.5,2026-10-02 23:13:35,7.187285156250027,73.86265563964844,29.543346040070055,1006.1,2.019875
55.0,-85.0,2026-10-02 23:13:35,7.106035156250016,75.08765563964845,28.733346040070057,1006.05,2.740875
55.0,-84.5,2026-10-02 23:13:35,6.773535156250034,75.33765563964845,28.571346040070058,1007.22,5.621
55.0,-84.0,2026-10-02 23:13:35,6.308535156250002,77.58765563964845,28.391346040070058,1007.61,5.956625
55.0,-83.5,2026-10-02 23:13:35,6.283535156250025,78.38765563964844,27.86934604007006,1008.08,3.044125
55.0,-83.0,2026-10-02 23:13:35,7.168535156250016,74.16265563964843,30.35334604007006,1008.49,1.67275
55.0,-82.5,2026-10-02 23:13:35,7.283535156250025,72.03765563964843,29.63334604007006,1009.63,1.6536250000000001
55.0,-79.0,2026-10-02 23:13:35,7.176035156250009,90.13765563964844,42.95334604007006,1008.52,1.413375
55.0,-78.5,2026-10-02 23:13:35,8.308535156250002,73.83765563964845,38.74134604007006,1007.33,1.907375
55.0,-78.0,2026-10-02 23:13:35,8.021035156250036,75.16265563964843,28.82334604007006,994.77,3.168125
55.0,-77.5,2026-10-02 23:13:35,7.408535156250025,82.36265563964844,24.48534604007006,985.61,2.83625
55.0,-77.0,2026-10-02 23:13:35,5.512285156250016,84.83765563964845,25.727346040070056,983.82,2.058
55.0,-76.5,2026-10-02 23:13:35,4.773535156250034,85.21265563964845,23.90934604007006,980.13,2.288875
55.0,-76.0,2026-10-02 23:13:35,4.137285156250016,96.26265563964844,29.165346040070062,971.44,3.116625
55.0,-75.5,2026-10-02 23:13:35,4.988535156250009,91.53765563964845,24.57534604007006,968.22,2.092375
55.0,-75.0,2026-10-02 23:13:35,5.9447851562500205,76.06265563964844,24.449346040070058,971.51,1.4725
55.0,-74.5,2026-10-02 23:13:35,4.627285156250025,79.93765563964844,25.727346040070056,959.68,1.7395
55.0,-74.0,2026-10-02 23:13:35,4.361035156250011,77.03765563964845,27.58134604007006,958.1,2.147625
55.0,-73.5,2026-10-02 23:13:35,4.482285156250043,78.61265563964844,33.07134604007006,958.41,1.934
55.0,-73.0,2026-10-02 23:13:35,5.583535156250036,78.51265563964844,37.39134604007006,958.4,1.777625
55.0,-72.5,2026-10-02 23:13:35,5.109785156250041,68.83765563964845,25.259346040070056,957.47,3.7365
55.0,-72.0,2026-10-02 23:13:35,3.91228515625005,83.13765563964844,26.303346040070057,955.08,4.7645
55.0,-71.5,2026-10-02 23:13:35,3.7985351562500114,94.33765563964845,28.49934604007006,953.77,4.01875
55.0,-71.0,2026-10-02 23:13:35,4.964785156250002,77.71265563964845,23.927346040070056,948.58,4.562375
55.0,-70.5,2026-10-02 23:13:35,4.09978515625005,76.38765563964844,23.53134604007006,940.79,4.095125
55.0,-70.0,2026-10-02 23:13:35,5.347285156250052,70.41265563964843,27.00534604007006,945.86,2.3575
55.0,-69.5,2026-10-02 23:13:35,6.232285156250043,67.88765563964844,26.357346040070055,945.91,2.6321250000000003
55.0,-69.0,2026-10-02 23:13:35,4.812285156250027,66.91265563964843,28.571346040070058,936.85,2.1915
55.0,-68.5,2026-10-02 23:13:35,4.982285156250043,65.58765563964845,29.237346040070058,937.18,2.199125
55.0,-68.0,2026-10-02 23:13:35,4.19353515625005,68.93765563964844,26.33934604007006,933.6,2.029375
55.0,-67.5,2026-10-02 23:13:35,4.1951171875000455,76.55462265014648,26.247518320083618,927.25,3.13375
55.0,-67.0,2026-10-02 23:13:35,6.25261718750005,66.05462265014648,27.003518320083618,945.86,2.93925
55.0,-66.5,2026-10-02 23:13:35,6.488867187500034,62.554622650146484,28.44351832008362,945.05,2.262125
55.0,-66.0,2026-10-02 23:13:35,5.12761718750005,64.95462265014649,25.90551832008362,940.49,2.128625
55.0,-65.5,2026-10-02 23:13:35,6.040117187500016,67.00462265014649,27.813518320083617,944.53,1.180625
55.0,-65.0,2026-10-02 23:13:35,5.61886718750003,62.95462265014649,27.95751832008362,939.82,2.1725
55.0,-64.5,2026-10-02 23:13:35,5.560117187500055,65.30462265014648,30.11751832008362,940.32,3.07275
55.0,-64.0,2026-10-02 23:13:35,6.203867187500009,57.404622650146486,25.00551832008362,936.24,4.97625
55.0,-63.5,2026-10-02 23:13:35,5.460117187500032,69.1546226501465,33.01551832008362,939.28,7.585500000000001
55.0,-63.0,2026-10-02 23:13:35,5.261367187500014,71.4046226501465,27.54351832008362,943.52,10.269125
55.0,-62.5,2026-10-02 23:13:35,4.418867187500041,74.97962265014648,32.18751832008362,928.13,10.3645
55.0,-62.0,2026-10-02 23:13:35,6.828867187500009,64.85462265014648,24.77151832008362,949.57,4.2935
55.0,-61.5,2026-10-02 23:13:35,6.602617187500016,74.32962265014649,24.91551832008362,946.94,3.8605
55.0,-61.0,2026-10-02 23:13:35,10.823867187500014,65.47962265014648,26.87751832008362,985.61,3.4485
55.0,-60.5,2026-10-02 23:13:35,11.040117187500016,62.97962265014649,25.63551832008362,978.22,4.64825
55.0,-60.0,2026-10-02 23:13:35,12.466367187500055,61.029622650146486,30.585518320083615,980.69,5.132625
55.0,-59.5,2026-10-02 23:13:35,11.93136718750003,73.97962265014648,30.40551832008362,984.49,4.932375
55.0,-59.0,2026-10-02 23:13:35,11.976367187500045,73.47962265014648,23.04351832008362,992.88,3.6735
55.0,-58.0,2026-10-02 23:13:35,9.622617187500055,82.42962265014648,23.85351832008362,994.86,3.5
55.5,-130.0,2026-10-02 23:13:35,9.072187500000041,66.78420639038086,2.8554729033708575,946.56,0.0
55.5,-129.5,2026-10-02 23:13:35,10.513437500000009,64.03420639038086,3.359472903370857,973.34,0.0
55.5,-129.0,2026-10-02 23:13:35,10.572187500000041,68.45920639038086,3.5214729033708574,984.92,0.0
55.5,-128.5,2026-10-02 23:13:35,0.78093750000005,93.75920639038087,8.399472903370857,838.76,0.001875
55.5,-128.0,2026-10-02 23:13:35,7.648437500000057,72.58420639038086,3.773472903370857,938.75,0.0
55.5,-127.5,2026-10-02 23:13:35,1.380937500000016,84.68420639038087,9.245472903370858,842.18,0.021
55.5,-127.0,2026-10-02 23:13:35,8.154687500000023,62.309206390380865,3.7194729033708573,911.0,0.0
55.5,-126.5,2026-10-02 23:13:35,5.982187500000009,64.93420639038087,4.979472903370857,888.5,0.0
55.5,-126.0,2026-10-02 23:13:35,6.53093750000005,71.63420639038087,1.6314729033708573,933.0,0.0
55.5,-125.5,2026-10-02 23:13:35,6.808437500000025,66.28420639038086,8.021472903370856,891.28,0.0
55.5,-125.0,2026-10-02 23:13:35,5.859687500000007,54.40920639038086,6.725472903370857,857.43,0.0
55.5,-124.5,2026-10-02 23:13:35,4.575937500000009,68.00920639038087,5.645472903370857,846.67,0.001875
55.5,-124.0,2026-10-02 23:13:35,6.253437500000018,68.25920639038087,3.7194729033708573,875.34,0.0
55.5,-123.5,2026-10-02 23:13:35,7.540937500000041,77.10920639038086,6.1494729033708575,928.53,0.167875
55.5,-123.0,2026-10-02 23:13:35,6.544687500000009,71.73420639038086,6.347472903370858,885.81,0.0305
55.5,-122.5,2026-10-02 23:13:35,8.260937500000011,65.80920639038087,7.913472903370858,896.58,0.0
55.5,-122.0,2026-10-02 23:13:35,8.302187500000002,61.73420639038086,8.399472903370857,888.53,0.0
55.5,-121.5,2026-10-02 23:13:35,7.842187500000023,73.15920639038086,10.019472903370858,889.81,0.0
55.5,-121.0,2026-10-02 23:13:35,8.770937500000002,66.43420639038087,8.813472903370858,892.76,0.0
55.5,-120.5,2026-10-02 23:13:35,10.585937500000057,59.059206390380865,8.165472903370857,912.87,0.0
55.5,-120.0,2026-10-02 23:13:35,11.071582031250045,57.971580505371094,7.204130213499069,923.2,0.0
55.5,-119.5,2026-10-02 23:13:35,10.416582031250016,59.096580505371094,7.150130213499069,919.91,0.0
55.5,-119.0,2026-10-02 23:13:35,8.647832031250005,55.8715805053711,5.422130213499069,907.52,0.0
55.5,-118.5,2026-10-02 23:13:35,11.12033203125003,49.8965805053711,2.6141302134990694,927.66,0.0
55.5,-118.0,2026-10-02 23:13:35,9.075332031250014,55.971580505371094,8.23013021349907,940.16,0.0
55.5,-117.5,2026-10-02 23:13:35,9.321582031250045,52.1215805053711,5.58413021349907,946.19,0.0
55.5,-117.0,2026-10-02 23:13:35,7.812832031250025,57.846580505371094,2.4881302134990695,943.06,0.0
55.5,-116.5,2026-10-02 23:13:35,8.085332031250005,58.696580505371095,7.43813021349907,945.0,0.0
55.5,-116.0,2026-10-02 23:13:35,6.74533203125003,62.7965805053711,7.5641302134990696,940.85,0.0
55.5,-115.5,2026-10-02 23:13:35,7.797832031250039,63.2715805053711,12.532130213499071,946.14,0.0
55.5,-115.0,2026-10-02 23:13:35,8.856582031250014,72.4715805053711,13.66613021349907,946.1,0.0
55.5,-114.5,2026-10-02 23:13:35,8.669082031250014,57.0465805053711,3.334130213499069,908.8,0.0
55.5,-114.0,2026-10-02 23:13:35,7.662832031250048,62.946580505371095,1.804130213499069,920.02,0.001875
55.5,-113.5,2026-10-02 23:13:35,9.277832031250057,61.2465805053711,2.6141302134990694,931.11,0.0
55.5,-113.0,2026-10-02 23:13:35,11.081582031250036,44.9965805053711,1.9121302134990692,940.56,0.003875
55.5,-112.5,2026-10-02 23:13:35,10.116582031250005,47.9215805053711,2.2361302134990693,934.52,0.007625
55.5,-112.0,2026-10-02 23:13:35,12.509082031250045,43.8965805053711,2.6321302134990696,927.52,0.0
55.5,-111.5,2026-10-02 23:13:35,11.235332031250039,49.0215805053711,3.154130213499069,933.56,0.0
55.5,-111.0,2026-10-02 23:13:35,13.051582031250007,43.6715805053711,2.254130213499069,935.45,0.0
55.5,-110.5,2026-10-02 23:13:35,10.902832031250057,54.196580505371095,2.6321302134990696,942.74,0.0
55.5,-110.0,2026-10-02 23:13:35,11.991328125000052,47.39946441650391,4.089207182228566,932.25,0.0
55.5,-109.5,2026-10-02 23:13:35,12.168828125000005,49.32446441650391,4.917207182228566,941.34,0.0
55.5,-109.0,2026-10-02 23:13:35,12.661328125000011,51.02446441650391,3.855207182228565,954.45,0.0
55.5,-108.5,2026-10-02 23:13:35,11.758828125000036,52.44946441650391,2.4872071822285653,960.29,0.0
55.5,-108.0,2026-10-02 23:13:35,11.143828125000027,53.44946441650391,4.7192071822285655,962.76,0.0
55.5,-107.5,2026-10-02 23:13:35,11.43257812500002,50.07446441650391,3.5672071822285654,960.34,0.0
55.5,-107.0,2026-10-02 23:13:35,13.175078125000027,50.74946441650391,5.385207182228565,957.89,0.0
55.5,-106.5,2026-10-02 23:13:35,12.751328125000043,53.12446441650391,6.627207182228565,967.34,0.001875
55.5,-106.0,2026-10-02 23:13:35,12.822578125000007,46.94946441650391,5.943207182228566,964.86,0.0
55.5,-105.5,2026-10-02 23:13:35,12.863828125000055,47.67446441650391,6.447207182228565,962.83,0.021
55.5,-105.0,2026-10-02 23:13:35,12.108828125000002,47.54946441650391,9.849207182228566,962.0,0.019125
55.5,-104.5,2026-10-02 23:13:35,11.416328125000007,55.77446441650391,11.811207182228566,972.33,0.01525
55.5,-104.0,2026-10-02 23:13:35,12.523828125000023,57.82446441650391,10.713207182228567,966.23,0.152625
55.5,-103.5,2026-10-02 23:13:35,11.856328125000005,61.07446441650391,8.769207182228566,967.42,0.610375
55.5,-103.0,2026-10-02 23:13:35,11.231328125000005,59.77446441650391,14.241207182228566,970.83,0.20025
55.5,-102.5,2026-10-02 23:13:35,12.37007812500002,55.82446441650391,12.243207182228566,976.58,0.9403750000000001
55.5,-102.0,2026-10-02 23:13:35,11.786328125000011,61.69946441650391,10.191207182228567,975.67,0.75525
55.5,-101.5,2026-10-02 23:13:35,11.393828125000027,63.849464416503906,11.433207182228566,975.83,2.6702500000000002
55.5,-101.0,2026-10-02 23:13:35,11.768828125000027,63.77446441650391,11.433207182228566,977.19,2.634
55.5,-100.5,2026-10-02 23:13:35,10.29757812500003,70.5244644165039,11.523207182228566,978.0,2.834375
55.5,-100.0,2026-10-02 23:13:35,9.755078125000011,69.19946441650391,12.477207182228565,979.81,1.361875
55.5,-99.5,2026-10-02 23:13:35,9.301328125000055,74.67446441650391,8.859207182228566,981.65,1.058625
55.5,-99.0,2026-10-02 23:13:35,8.772578125000052,71.54946441650391,10.677207182228566,983.48,0.898375
55.5,-98.5,2026-10-02 23:13:35,8.787578125000039,73.8494644165039,12.243207182228566,987.23,1.602125
55.5,-98.0,2026-10-02 23:13:35,8.165078125000036,77.04946441650391,12.963207182228567,992.25,0.537875
55.5,-97.5,2026-10-02 23:13:35,8.145078125000055,77.07446441650391,8.715207182228566,992.79,0.17550000000000002
55.5,-97.0,2026-10-02 23:13:35,7.893828125000027,74.0994644165039,11.685207182228567,992.2,0.39487500000000003
55.5,-96.5,2026-10-02 23:13:35,8.227578125000036,71.42446441650391,16.05920718222857,993.7,0.52075
55.5,-96.0,2026-10-02 23:13:35,8.483828125000002,66.19946441650391,17.769207182228566,992.14,0.810625
55.5,-95.5,2026-10-02 23:13:35,8.568828125000039,61.724464416503906,18.399207182228565,993.44,0.9536250000000001
55.5,-95.0,2026-10-02 23:13:35,8.062285156250027,68.08765563964845,17.303346040070057,994.29,0.2575
55.5,-94.5,2026-10-02 23:13:35,8.534785156250052,67.33765563964845,16.78134604007006,999.68,0.413875
55.5,-94.0,2026-10-02 23:13:35,8.423535156250011,68.56265563964844,17.051346040070058,997.57,0.444375
55.5,-93.5,2026-10-02 23:13:35,8.246035156250002,67.16265563964843,17.141346040070058,997.27,0.732375
55.5,-93.0,2026-10-02 23:13:35,7.999785156250027,63.11265563964844,18.347346040070057,997.44,0.326125
55.5,-92.5,2026-10-02 23:13:35,8.093535156250027,58.61265563964844,18.833346040070058,1001.1,0.085875
55.5,-92.0,2026-10-02 23:13:35,8.13103515625005,58.83765563964844,18.869346040070056,1003.74,0.068625
55.5,-91.5,2026-10-02 23:13:35,8.181035156250005,59.33765563964844,19.87734604007006,1002.88,0.07825
55.5,-91.0,2026-10-02 23:13:35,7.916035156250018,61.48765563964844,19.87734604007006,1001.15,0.063
55.5,-90.5,2026-10-02 23:13:35,7.377285156250025,65.88765563964844,22.199346040070058,999.26,0.686625
55.5,-90.0,2026-10-02 23:13:35,7.242285156250034,65.01265563964844,23.67534604007006,999.69,0.09725
55.5,-89.5,2026-10-02 23:13:35,6.646035156250036,70.61265563964844,27.86934604007006,999.07,0.274625
55.5,-89.0,2026-10-02 23:13:35,6.329785156250011,72.16265563964843,28.91334604007006,998.41,0.047625
55.5,-88.5,2026-10-02 23:13:35,6.332285156250009,74.36265563964844,28.64334604007006,1003.54,0.95175
55.5,-88.0,2026-10-02 23:13:35,6.293535156250016,74.03765563964843,29.48934604007006,1003.61,0.09725
55.5,-87.5,2026-10-02 23:13:35,6.332285156250009,72.98765563964844,30.767346040070056,1002.21,1.81575
55.5,-87.0,2026-10-02 23:13:35,6.186035156250057,74.23765563964844,31.109346040070058,1003.16,1.516375
55.5,-86.5,2026-10-02 23:13:35,6.613535156250009,71.38765563964844,32.24334604007006,1004.96,0.534
55.5,-86.0,2026-10-02 23:13:35,6.919785156250043,71.91265563964843,32.26134604007006,1008.33,1.340875
55.5,-85.5,2026-10-02 23:13:35,7.078535156250041,74.01265563964844,40.54134604007006,1011.33,6.183625
55.5,-77.5,2026-10-02 23:13:35,8.047285156250041,69.83765563964845,41.00934604007006,1006.91,2.05425
55.5,-77.0,2026-10-02 23:13:35,5.159785156250052,84.88765563964844,31.07334604007006,981.76,7.06675
55.5,-76.5,2026-10-02 23:13:35,5.548535156250011,83.16265563964845,27.14934604007006,975.46,4.655875
55.5,-76.0,2026-10-02 23:13:35,5.603535156250018,82.08765563964845,26.879346040070057,971.76,2.73325
55.5,-75.5,2026-10-02 23:13:35,5.992285156250034,76.81265563964844,31.721346040070056,971.79,1.928375
55.5,-75.0,2026-10-02 23:13:35,4.8997851562500045,79.13765563964844,30.20934604007006,970.43,1.6460000000000001
55.5,-74.5,2026-10-02 23:13:35,4.25603515625005,78.21265563964845,30.191346040070055,963.22,2.1515
55.5,-74.0,2026-10-02 23:13:35,6.207285156250009,74.66265563964843,31.631346040070056,964.97,1.499125
55.5,-73.5,2026-10-02 23:13:35,5.404785156250057,71.11265563964844,28.06734604007006,964.9,1.293125
55.5,-73.0,2026-10-02 23:13:35,3.6635351562500205,77.03765563964845,30.857346040070055,950.99,1.60975
55.5,-72.5,2026-10-02 23:13:35,4.41228515625005,78.06265563964844,27.09534604007006,948.68,1.329375
55.5,-72.0,2026-10-02 23:13:35,3.707285156250009,77.83765563964845,24.971346040070056,948.72,0.67325
55.5,-71.5,2026-10-02 23:13:35,4.294785156250043,73.33765563964845,25.02534604007006,954.8,0.8240000000000001
55.5,-71.0,2026-10-02 23:13:35,3.1560351562500273,82.96265563964845,29.453346040070063,941.11,1.983625
55.5,-70.5,2026-10-02 23:13:35,4.123535156250057,76.73765563964844,29.97534604007006,946.27,1.171125
55.5,-70.0,2026-10-02 23:13:35,4.572285156250018,73.88765563964844,21.569346040070055,943.08,2.19725
55.5,-69.5,2026-10-02 23:13:35,4.822285156250018,71.03765563964843,23.67534604007006,951.72,1.119625
55.5,-69.0,2026-10-02 23:13:35,4.523535156250034,73.16265563964843,32.00934604007006,946.54,1.417125
55.5,-68.5,2026-10-02 23:13:35,5.822285156250018,66.76265563964844,30.06534604007006,958.61,1.27025
55.5,-68.0,2026-10-02 23:13:35,6.72478515625005,60.51265563964844,30.047346040070057,959.65,1.13675
55.5,-67.5,2026-10-02 23:13:35,6.03386718750005,63.35462265014649,29.63151832008362,950.92,2.374625
55.5,-67.0,2026-10-02 23:13:35,5.276367187500057,70.30462265014648,27.16551832008362,936.57,2.30975
55.5,-66.5,2026-10-02 23:13:35,5.015117187500039,63.804622650146484,30.585518320083615,935.21,1.86725
55.5,-66.0,2026-10-02 23:13:35,6.1013671875000455,60.154622650146486,30.00951832008362,944.28,1.8025
55.5,-65.5,2026-10-02 23:13:35,4.65011718750003,65.92962265014648,29.72151832008362,935.42,1.262625
55.5,-65.0,2026-10-02 23:13:35,5.696367187500016,62.37962265014649,29.775518320083616,940.11,0.692375
55.5,-64.5,2026-10-02 23:13:35,6.390117187500039,60.87962265014649,33.39351832008362,946.24,0.7115
55.5,-64.0,2026-10-02 23:13:35,5.130117187500048,64.50462265014649,30.72951832008362,938.5,1.6155
55.5,-63.5,2026-10-02 23:13:35,4.022617187500032,71.00462265014649,31.215518320083618,930.24,2.929625
55.5,-63.0,2026-10-02 23:13:35,5.386367187500014,61.60462265014649,29.397518320083616,937.58,2.334625
55.5,-62.5,2026-10-02 23:13:35,4.59636718750005,71.62962265014649,31.59351832008362,939.72,2.328875
55.5,-62.0,2026-10-02 23:13:35,6.626367187500023,60.25462265014649,33.91551832008362,946.89,2.082875
55.5,-61.5,2026-10-02 23:13:35,7.338867187500057,66.37962265014649,36.52551832008362,944.71,1.873
55.5,-61.0,2026-10-02 23:13:35,10.995117187500057,53.804622650146484,27.471518320083618,980.33,0.738125
55.5,-60.5,2026-10-02 23:13:35,12.661367187500048,49.35462265014649,29.757518320083623,983.28,2.121
56.0,-130.0,2026-10-02 23:13:35,8.349687500000016,71.50920639038087,3.809472903370857,950.64,0.0
56.0,-129.5,2026-10-02 23:13:35,3.304687500000057,76.75920639038087,5.1414729033708575,878.81,0.017125
56.0,-129.0,2026-10-02 23:13:35,7.488437500000032,75.60920639038086,2.8554729033708575,943.93,0.0
56.0,-128.5,2026-10-02 23:13:35,1.6171875000000568,85.83420639038087,7.301472903370858,854.26,0.03625
56.0,-128.0,2026-10-02 23:13:35,6.599687500000016,72.98420639038086,3.3054729033708576,922.97,0.001875
56.0,-127.5,2026-10-02 23:13:35,2.130937500000016,77.10920639038086,4.547472903370857,849.86,0.003875
56.0,-127.0,2026-10-02 23:13:35,4.978437500000041,70.03420639038086,2.7834729033708574,877.03,0.068625
56.0,-126.5,2026-10-02 23:13:35,4.923437500000034,70.95920639038086,4.295472903370857,882.37,0.003875
56.0,-126.0,2026-10-02 23:13:35,5.085937500000057,71.28420639038086,4.295472903370857,871.48,0.0115
56.0,-125.5,2026-10-02 23:13:35,5.894687500000032,57.78420639038086,4.9074729033708575,862.15,0.001875
56.0,-125.0,2026-10-02 23:13:35,3.234687500000007,58.209206390380864,5.357472903370858,833.08,0.0115
56.0,-124.5,2026-10-02 23:13:35,3.679687500000057,66.63420639038087,6.005472903370857,848.93,0.001875
56.0,-124.0,2026-10-02 23:13:35,7.717187500000023,66.23420639038086,1.1994729033708573,938.76,0.0
56.0,-123.5,2026-10-02 23:13:35,7.110937500000034,58.40920639038086,7.3914729033708575,884.43,0.0
56.0,-123.0,2026-10-02 23:13:35,7.050937500000032,64.10920639038086,7.6254729033708575,881.97,0.0
56.0,-122.5,2026-10-02 23:13:35,8.970937500000048,56.40920639038086,7.8594729033708575,894.47,0.0
56.0,-122.0,2026-10-02 23:13:35,12.048437500000034,54.559206390380865,4.691472903370857,939.33,0.0
56.0,-121.5,2026-10-02 23:13:35,10.909687500000018,55.13420639038086,6.005472903370857,928.06,0.0
56.0,-121.0,2026-10-02 23:13:35,10.347187500000018,55.309206390380865,6.869472903370857,921.47,0.0
56.0,-120.5,2026-10-02 23:13:35,10.908437500000048,54.73420639038086,6.725472903370857,923.14,0.0
56.0,-120.0,2026-10-02 23:13:35,9.819082031250048,59.196580505371095,6.7181302134990695,939.91,0.0
56.0,-119.5,2026-10-02 23:13:35,8.139082031250041,62.4965805053711,8.28413021349907,925.56,0.0
56.0,-119.0,2026-10-02 23:13:35,11.409082031250023,54.096580505371094,5.908130213499069,945.27,0.0
56.0,-118.5,2026-10-02 23:13:35,9.110332031250039,57.7965805053711,4.61213021349907,944.78,0.0
56.0,-118.0,2026-10-02 23:13:35,9.399082031250032,61.5215805053711,10.24613021349907,943.83,0.0
56.0,-117.5,2026-10-02 23:13:35,10.704082031250039,49.8965805053711,8.302130213499069,951.8,0.0
56.0,-117.0,2026-10-02 23:13:35,9.922832031250039,52.946580505371095,9.47213021349907,944.52,0.0
56.0,-116.5,2026-10-02 23:13:35,9.28658203125002,55.4215805053711,7.04213021349907,927.83,0.0
56.0,-116.0,2026-10-02 23:13:35,9.344082031250025,56.2715805053711,5.96213021349907,933.0,0.0
56.0,-115.5,2026-10-02 23:13:35,10.031582031250025,58.4965805053711,4.61213021349907,935.6,0.0
56.0,-115.0,2026-10-02 23:13:35,9.874082031250055,54.196580505371095,6.916130213499069,936.95,0.003875
56.0,-114.5,2026-10-02 23:13:35,9.867832031250032,57.721580505371094,4.522130213499069,943.69,0.0
56.0,-114.0,2026-10-02 23:13:35,9.749082031250055,62.6715805053711,4.162130213499069,946.38,0.0
56.0,-113.5,2026-10-02 23:13:35,9.631582031250048,56.5215805053711,4.810130213499069,941.97,0.0
56.0,-113.0,2026-10-02 23:13:35,10.424082031250009,48.946580505371095,3.5141302134990693,944.41,0.0
56.0,-112.5,2026-10-02 23:13:35,10.676582031250007,46.846580505371094,3.136130213499069,948.52,0.0
56.0,-112.0,2026-10-02 23:13:35,12.027832031250057,42.8715805053711,2.758130213499069,932.14,0.0
56.0,-111.5,2026-10-02 23:13:35,11.795332031250041,45.3715805053711,2.668130213499069,931.16,0.0
56.0,-111.0,2026-10-02 23:13:35,13.627832031250023,41.096580505371094,3.0461302134990693,944.1,0.0
56.0,-110.5,2026-10-02 23:13:35,12.08908203125003,45.6715805053711,2.8121302134990693,959.55,0.0
56.0,-110.0,2026-10-02 23:13:35,10.978828125000007,51.27446441650391,4.7192071822285655,950.28,0.0
56.0,-109.5,2026-10-02 23:13:35,10.666328125000007,48.37446441650391,4.665207182228565,943.12,0.0
56.0,-109.0,2026-10-02 23:13:35,10.436328125000045,53.974464416503906,5.763207182228565,963.25,0.0
56.0,-108.5,2026-10-02 23:13:35,9.751328125000043,60.12446441650391,5.277207182228565,962.44,0.0
56.0,-108.0,2026-10-02 23:13:35,10.742578125000023,56.94946441650391,4.053207182228566,960.17,0.0
56.0,-107.5,2026-10-02 23:13:35,10.678828125000052,56.24946441650391,8.373207182228565,963.78,0.0
56.0,-107.0,2026-10-02 23:13:35,11.032578125000043,53.39946441650391,9.633207182228565,960.15,0.0
56.0,-106.5,2026-10-02 23:13:35,11.523828125000023,52.24946441650391,7.005207182228565,959.89,0.0
56.0,-106.0,2026-10-02 23:13:35,11.443828125000039,53.32446441650391,8.229207182228567,956.31,0.001875
56.0,-105.5,2026-10-02 23:13:35,11.533828125000014,54.49946441650391,10.353207182228566,962.94,0.02475
56.0,-105.0,2026-10-02 23:13:35,11.415078125000036,55.42446441650391,9.525207182228566,962.29,0.141125
56.0,-104.5,2026-10-02 23:13:35,11.046328125000002,57.42446441650391,15.393207182228565,957.37,1.77575
56.0,-104.0,2026-10-02 23:13:35,10.617578125000023,62.32446441650391,16.257207182228566,964.7,2.079
56.0,-103.5,2026-10-02 23:13:35,11.211328125000023,62.099464416503906,11.757207182228566,968.64,1.76425
56.0,-103.0,2026-10-02 23:13:35,11.466328125000018,65.74946441650391,9.183207182228566,969.86,1.962625
56.0,-102.5,2026-10-02 23:13:35,11.341328125000018,65.94946441650391,9.777207182228565,972.9,2.5825
56.0,-102.0,2026-10-02 23:13:35,10.563828125000043,70.29946441650391,12.045207182228564,972.76,2.11525
56.0,-101.5,2026-10-02 23:13:35,10.498828125000045,67.44946441650391,11.991207182228566,971.97,2.8725
56.0,-101.0,2026-10-02 23:13:35,10.383828125000036,66.54946441650391,10.911207182228566,973.61,2.739
56.0,-100.5,2026-10-02 23:13:35,10.603828125000007,67.2744644165039,14.475207182228566,980.73,1.586875
56.0,-100.0,2026-10-02 23:13:35,10.108828125000002,67.57446441650391,12.801207182228566,976.47,3.4675000000000002
56.0,-99.5,2026-10-02 23:13:35,9.760078125000007,69.92446441650391,8.517207182228566,980.78,2.8935
56.0,-99.0,2026-10-02 23:13:35,8.42257812500003,74.57446441650391,9.921207182228565,983.9,0.2175
56.0,-98.5,2026-10-02 23:13:35,7.850078125000039,75.04946441650391,8.481207182228566,981.86,0.15825
56.0,-98.0,2026-10-02 23:13:35,8.08882812500002,74.0244644165039,10.389207182228565,986.22,0.474875
56.0,-97.5,2026-10-02 23:13:35,8.356328125000005,68.04946441650391,10.677207182228566,990.5,0.564625
56.0,-97.0,2026-10-02 23:13:35,8.301328125000055,65.6494644165039,11.991207182228566,992.7,1.295125
56.0,-96.5,2026-10-02 23:13:35,7.768828125000027,71.5244644165039,22.395207182228567,993.76,1.453375
56.0,-96.0,2026-10-02 23:13:35,8.376328125000043,64.0994644165039,17.049207182228567,993.29,0.783875
56.0,-95.5,2026-10-02 23:13:35,8.443828125000039,61.849464416503906,16.725207182228566,993.33,0.259375
56.0,-95.0,2026-10-02 23:13:35,7.814785156250025,70.11265563964844,16.205346040070058,996.05,0.532125
56.0,-94.5,2026-10-02 23:13:35,7.732285156250043,70.06265563964844,19.013346040070058,995.52,0.141125
56.0,-94.0,2026-10-02 23:13:35,8.236035156250011,64.28765563964843,18.38334604007006,999.35,0.043875000000000004
56.0,-93.5,2026-10-02 23:13:35,8.468535156250027,62.41265563964844,16.99734604007006,1005.1,0.07825
56.0,-93.0,2026-10-02 23:13:35,8.16353515625002,61.26265563964844,17.879346040070057,1003.69,0.042
56.0,-92.5,2026-10-02 23:13:35,8.06853515625005,60.18765563964844,18.923346040070058,1004.35,0.003875
56.0,-92.0,2026-10-02 23:13:35,7.172285156250041,67.83765563964845,21.929346040070058,997.96,0.04575
56.0,-91.5,2026-10-02 23:13:35,6.548535156250011,74.18765563964844,24.215346040070056,996.15,0.667625
56.0,-91.0,2026-10-02 23:13:35,6.1635351562500205,76.68765563964844,25.205346040070058,994.74,0.12587500000000001
56.0,-90.5,2026-10-02 23:13:35,5.933535156250002,77.83765563964845,28.82334604007006,994.83,0.04
56.0,-90.0,2026-10-02 23:13:35,5.703535156250041,78.16265563964845,29.34534604007006,993.4,0.09725
56.0,-89.5,2026-10-02 23:13:35,5.981035156250016,77.31265563964844,29.831346040070056,996.86,1.237875
56.0,-89.0,2026-10-02 23:13:35,5.941035156250052,76.96265563964845,30.58734604007006,998.85,0.65425
56.0,-88.5,2026-10-02 23:13:35,6.284785156250052,75.91265563964843,29.147346040070058,1005.08,0.846875
56.0,-88.0,2026-10-02 23:13:35,6.759785156250018,70.38765563964844,29.11134604007006,1008.16,0.82775
56.0,-87.5,2026-10-02 23:13:35,7.31853515625005,65.11265563964844,32.15334604007006,1011.1,0.804875
56.0,-87.0,2026-10-02 23:13:35,6.304785156250034,74.38765563964844,44.12334604007006,1011.36,1.58125
56.0,-80.0,2026-10-02 23:13:35,6.769785156250009,83.53765563964845,46.78734604007006,1006.21,0.9975
56.0,-79.5,2026-10-02 23:13:35,7.239785156250036,76.88765563964844,40.88334604007006,1004.58,0.732375
56.0,-79.0,2026-10-02 23:13:35,7.158535156250025,77.48765563964844,41.44134604007006,1004.52,0.480625
56.0,-76.5,2026-10-02 23:13:35,5.016035156250041,93.96265563964845,33.14334604007006,992.32,2.21825
56.0,-76.0,2026-10-02 23:13:35,4.992285156250034,82.38765563964844,25.097346040070057,973.83,5.08875
56.0,-75.5,2026-10-02 23:13:35,4.03728515625005,86.03765563964845,29.39934604007006,969.86,2.50625
56.0,-75.0,2026-10-02 23:13:35,3.9860351562500114,86.71265563964845,27.29334604007006,971.08,1.823375
56.0,-74.5,2026-10-02 23:13:35,4.364785156250036,88.28765563964845,27.239346040070057,963.93,1.398125
56.0,-74.0,2026-10-02 23:13:35,5.94353515625005,77.03765563964845,34.63734604007006,974.97,0.574125
56.0,-73.5,2026-10-02 23:13:35,4.509785156250018,81.63765563964844,36.00534604007006,963.47,2.6855
56.0,-73.0,2026-10-02 23:13:35,5.034785156250052,78.46265563964845,39.479346040070055,963.11,3.477125
56.0,-72.5,2026-10-02 23:13:35,5.363535156250009,76.21265563964845,35.24934604007006,960.99,2.374625
56.0,-72.0,2026-10-02 23:13:35,4.986035156250011,78.26265563964844,27.527346040070057,959.38,1.398125
56.0,-71.5,2026-10-02 23:13:35,3.6210351562500023,83.88765563964844,30.857346040070055,946.1,1.50675
56.0,-71.0,2026-10-02 23:13:35,4.53728515625005,82.86265563964844,28.58934604007006,956.35,0.391
56.0,-70.5,2026-10-02 23:13:35,4.47478515625005,77.01265563964844,29.97534604007006,952.79,0.383375
56.0,-70.0,2026-10-02 23:13:35,3.478535156250018,80.18765563964844,35.30334604007006,941.82,1.4935
56.0,-69.5,2026-10-02 23:13:35,4.322285156250018,72.83765563964845,30.047346040070057,948.99,1.504875
56.0,-69.0,2026-10-02 23:13:35,5.797285156250041,64.51265563964844,30.58734604007006,955.76,1.316125
56.0,-68.5,2026-10-02 23:13:35,4.9310351562500045,65.28765563964843,29.92134604007006,957.46,0.810625
56.0,-68.0,2026-10-02 23:13:35,4.909785156250052,88.93765563964844,40.77534604007006,952.6,2.735125
56.0,-67.5,2026-10-02 23:13:35,6.622617187500055,72.22962265014648,36.52551832008362,959.92,1.9245
56.0,-67.0,2026-10-02 23:13:35,4.49386718750003,72.92962265014648,29.973518320083617,946.8,1.57925
56.0,-66.5,2026-10-02 23:13:35,5.473867187500048,69.5296226501465,33.213518320083615,948.97,0.7935
56.0,-66.0,2026-10-02 23:13:35,5.653867187500055,69.1546226501465,33.14151832008362,949.17,0.598875
56.0,-65.5,2026-10-02 23:13:35,5.415117187500016,69.57962265014649,29.66751832008362,945.17,0.928875
56.0,-65.0,2026-10-02 23:13:35,4.463867187500057,70.72962265014648,32.547518320083626,936.27,1.525875
56.0,-64.5,2026-10-02 23:13:35,5.393867187500007,70.62962265014649,32.85351832008362,947.58,0.722875
56.0,-64.0,2026-10-02 23:13:35,5.557617187500057,68.0296226501465,33.01551832008362,944.14,0.635125
56.0,-63.5,2026-10-02 23:13:35,4.891367187500009,64.50462265014649,32.96151832008362,932.42,0.907875
56.0,-63.0,2026-10-02 23:13:35,6.786367187500048,52.22962265014649,33.42951832008362,950.22,0.532125
56.0,-62.5,2026-10-02 23:13:35,5.497617187500055,53.57962265014649,35.04951832008362,944.22,0.5473750000000001
56.0,-62.0,2026-10-02 23:13:35,9.460117187500032,49.97962265014649,35.13951832008362,976.03,0.289875
56.0,-61.5,2026-10-02 23:13:35,10.342617187500025,54.00462265014649,36.81351832008362,993.24,0.043875000000000004
56.0,-61.0,2026-10-02 23:13:35,9.530117187500025,63.779622650146486,36.43551832008362,994.16,0.116375
56.5,-131.5,2026-10-02 23:13:35,0.13093750000001592,99.38420639038087,2.3514729033708575,881.79,0.34900000000000003
56.5,-131.0,2026-10-02 23:13:35,1.165937500000041,93.40920639038086,2.1534729033708575,881.58,0.085875
56.5,-130.5,2026-10-02 23:13:35,7.703437500000007,71.15920639038086,2.6754729033708573,940.14,0.15825
56.5,-130.0,2026-10-02 23:13:35,-3.004062499999975,99.10920639038086,10.343472903370857,820.87,0.122125
56.5,-129.5,2026-10-02 23:13:35,7.515937500000007,68.13420639038087,1.3974729033708575,943.04,0.001875
56.5,-129.0,2026-10-02 23:13:35,2.103437500000041,84.88420639038087,2.5494729033708574,872.9,0.04575
56.5,-128.5,2026-10-02 23:13:35,1.4484375000000114,88.20920639038087,5.357472903370858,865.12,0.095375
56.5,-128.0,2026-10-02 23:13:35,5.083437500000002,69.00920639038087,3.0174729033708574,906.51,0.019125
56.5,-127.5,2026-10-02 23:13:35,5.425937500000032,69.10920639038086,1.8294729033708574,911.9,0.0
56.5,-127.0,2026-10-02 23:13:35,1.5921875000000227,78.75920639038087,7.787472903370857,841.56,0.021
56.5,-126.5,2026-10-02 23:13:35,1.134687500000041,82.50920639038087,4.6734729033708575,850.2,0.049625
56.5,-126.0,2026-10-02 23:13:35,-0.6953125,87.53420639038086,9.101472903370858,814.67,0.032375
56.5,-125.5,2026-10-02 23:13:35,5.274687500000027,62.25920639038086,2.8554729033708575,850.83,0.0
56.5,-125.0,2026-10-02 23:13:35,5.944687500000043,62.98420639038086,2.7654729033708576,890.37,0.0
56.5,-124.5,2026-10-02 23:13:35,7.675937500000032,61.38420639038086,4.169472903370858,938.67,0.0
56.5,-124.0,2026-10-02 23:13:35,5.398437500000057,67.55920639038087,3.5934729033708575,862.14,0.0
56.5,-123.5,2026-10-02 23:13:35,4.203437500000007,58.934206390380865,8.975472903370857,843.83,0.0115
56.5,-123.0,2026-10-02 23:13:35,7.724687500000016,54.084206390380864,6.815472903370857,878.68,0.0
56.5,-122.5,2026-10-02 23:13:35,10.333437500000002,43.75920639038086,5.015472903370857,908.93,0.0
56.5,-122.0,2026-10-02 23:13:35,11.104687500000011,49.934206390380865,2.3514729033708575,935.01,0.0
56.5,-121.5,2026-10-02 23:13:35,10.117187500000057,52.73420639038086,4.763472903370857,923.72,0.0
56.5,-121.0,2026-10-02 23:13:35,11.135937500000011,52.25920639038086,6.203472903370858,927.34,0.0
56.5,-120.5,2026-10-02 23:13:35,11.300937500000032,50.40920639038086,3.6834729033708573,934.17,0.0
56.5,-120.0,2026-10-02 23:13:35,8.520332031250007,60.2465805053711,6.0161302134990695,914.94,0.0
56.5,-119.5,2026-10-02 23:13:35,9.09908203125002,58.3715805053711,3.8741302134990696,933.35,0.0
56.5,-119.0,2026-10-02 23:13:35,8.69283203125002,57.7465805053711,7.52813021349907,937.66,0.0
56.5,-118.5,2026-10-02 23:13:35,7.051582031250007,60.3965805053711,7.2581302134990695,917.38,0.0
56.5,-118.0,2026-10-02 23:13:35,10.38033203125002,49.7715805053711,7.76213021349907,934.7,0.0
56.5,-117.5,2026-10-02 23:13:35,10.924082031250009,50.596580505371094,4.396130213499069,939.53,0.0
56.5,-117.0,2026-10-02 23:13:35,9.374082031250055,54.196580505371095,3.5141302134990693,951.38,0.0
56.5,-116.5,2026-10-02 23:13:35,9.321582031250045,57.596580505371094,6.16013021349907,942.66,0.0
56.5,-116.0,2026-10-02 23:13:35,9.22408203125002,57.3965805053711,6.75413021349907,943.14,0.0
56.5,-115.5,2026-10-02 23:13:35,10.127832031250023,54.2715805053711,6.44813021349907,950.63,0.0
56.5,-115.0,2026-10-02 23:13:35,9.055332031250032,55.721580505371094,4.61213021349907,939.67,0.0
56.5,-114.5,2026-10-02 23:13:35,9.344082031250025,57.5465805053711,5.58413021349907,928.92,0.019125
56.5,-114.0,2026-10-02 23:13:35,11.16158203125002,52.0465805053711,5.098130213499069,934.77,0.0
56.5,-113.5,2026-10-02 23:13:35,10.510332031250016,51.846580505371094,4.4681302134990695,947.7,0.0
56.5,-113.0,2026-10-02 23:13:35,11.929082031250005,45.571580505371095,3.0101302134990693,947.33,0.0
56.5,-112.5,2026-10-02 23:13:35,11.204082031250039,45.7965805053711,1.8581302134990691,955.63,0.0
56.5,-112.0,2026-10-02 23:13:35,11.56783203125002,46.571580505371095,2.5421302134990693,956.41,0.0
56.5,-111.5,2026-10-02 23:13:35,12.357832031250041,45.1215805053711,2.326130213499069,959.56,0.0
56.5,-111.0,2026-10-02 23:13:35,11.485332031250039,55.2965805053711,2.2001302134990697,956.11,0.0
56.5,-110.5,2026-10-02 23:13:35,8.155332031250055,60.7965805053711,2.0561302134990695,958.28,0.0
56.5,-110.0,2026-10-02 23:13:35,9.858828125000002,52.04946441650391,2.7212071822285653,953.47,0.0
56.5,-109.5,2026-10-02 23:13:35,8.356328125000005,62.54946441650391,5.385207182228565,959.98,0.0
56.5,-109.0,2026-10-02 23:13:35,9.988828125000055,55.724464416503906,7.149207182228565,954.75,0.0115
56.5,-108.5,2026-10-02 23:13:35,9.567578125000011,57.599464416503906,7.995207182228565,962.75,0.0
56.5,-108.0,2026-10-02 23:13:35,9.680078125000023,53.74946441650391,8.733207182228565,957.97,0.0
56.5,-107.5,2026-10-02 23:13:35,11.092578125000045,56.64946441650391,7.995207182228565,959.23,0.0
56.5,-107.0,2026-10-02 23:13:35,10.242578125000023,57.89946441650391,9.201207182228565,953.53,0.013375
56.5,-106.5,2026-10-02 23:13:35,10.603828125000007,58.39946441650391,8.481207182228566,953.42,0.0
56.5,-106.0,2026-10-02 23:13:35,10.27632812500002,59.77446441650391,10.425207182228567,948.22,0.034375
56.5,-105.5,2026-10-02 23:13:35,10.613828125000055,58.29946441650391,11.865207182228566,951.08,0.089625
56.5,-105.0,2026-10-02 23:13:35,10.627578125000014,56.99946441650391,9.327207182228566,950.17,0.177375
56.5,-104.5,2026-10-02 23:13:35,10.758828125000036,58.49946441650391,8.517207182228566,962.2,0.1145
56.5,-104.0,2026-10-02 23:13:35,10.112578125000027,61.94946441650391,10.857207182228567,960.5,0.171625
56.5,-103.5,2026-10-02 23:13:35,10.40132812500002,66.3494644165039,11.091207182228565,963.36,0.37575000000000003
56.5,-103.0,2026-10-02 23:13:35,9.321328125000036,72.7744644165039,15.915207182228567,971.95,0.23275
56.5,-102.5,2026-10-02 23:13:35,9.54757812500003,70.92446441650391,10.011207182228565,969.86,1.26075
56.5,-102.0,2026-10-02 23:13:35,8.70382812500003,75.0244644165039,12.909207182228565,969.58,0.358625
56.5,-101.5,2026-10-02 23:13:35,9.411328125000011,72.74946441650391,11.613207182228566,968.72,3.128
56.5,-101.0,2026-10-02 23:13:35,9.438828125000043,76.04946441650391,11.109207182228566,972.03,3.99975
56.5,-100.5,2026-10-02 23:13:35,9.475078125000039,74.4744644165039,10.875207182228566,977.72,3.234875
56.5,-100.0,2026-10-02 23:13:35,8.947578125000007,74.79946441650391,14.727207182228566,980.78,0.39287500000000003
56.5,-99.5,2026-10-02 23:13:35,9.305078125000023,73.0244644165039,10.965207182228566,980.48,0.461625
56.5,-99.0,2026-10-02 23:13:35,8.706328125000027,73.0994644165039,12.477207182228565,978.56,0.23650000000000002
56.5,-98.5,2026-10-02 23:13:35,8.711328125000023,66.6494644165039,13.377207182228565,977.17,0.425375
56.5,-98.0,2026-10-02 23:13:35,8.148828125000023,68.9744644165039,19.353207182228566,980.79,0.14300000000000002
56.5,-97.5,2026-10-02 23:13:35,8.947578125000007,59.89946441650391,13.899207182228565,983.36,0.063
56.5,-97.0,2026-10-02 23:13:35,8.440078125000014,64.4744644165039,18.921207182228567,989.11,0.26887500000000003
56.5,-96.5,2026-10-02 23:13:35,7.897578125000052,67.29946441650391,21.423207182228566,989.83,0.286125
56.5,-96.0,2026-10-02 23:13:35,7.600078125000039,67.29946441650391,20.235207182228564,991.51,0.248
56.5,-95.5,2026-10-02 23:13:35,8.117578125000023,62.19946441650391,16.041207182228565,996.92,0.089625
56.5,-95.0,2026-10-02 23:13:35,7.749785156250027,70.36265563964844,16.475346040070058,995.74,0.051500000000000004
56.5,-94.5,2026-10-02 23:13:35,7.989785156250036,63.73765563964844,17.303346040070057,998.58,0.038125
56.5,-94.0,2026-10-02 23:13:35,8.124785156250027,61.43765563964844,18.545346040070058,1003.85,0.034375
56.5,-93.5,2026-10-02 23:13:35,7.454785156250011,68.18765563964844,23.72934604007006,1003.41,0.019125
56.5,-93.0,2026-10-02 23:13:35,7.964785156250002,62.16265563964844,17.86134604007006,1007.27,0.013375
56.5,-92.5,2026-10-02 23:13:35,6.94353515625005,72.83765563964845,27.815346040070057,1003.6,0.042
56.5,-92.0,2026-10-02 23:13:35,6.697285156250018,74.38765563964844,23.765346040070057,1002.68,0.0305
56.5,-91.5,2026-10-02 23:13:35,6.28728515625005,75.71265563964845,26.483346040070057,1001.46,0.032375
56.5,-91.0,2026-10-02 23:13:35,5.8372851562500045,77.63765563964844,28.427346040070056,1001.29,0.234625
56.5,-90.5,2026-10-02 23:13:35,5.748535156250057,78.33765563964845,31.217346040070055,1002.21,0.5473750000000001
56.5,-90.0,2026-10-02 23:13:35,5.486035156250011,78.66265563964845,32.09934604007006,1002.18,1.258875
56.5,-89.5,2026-10-02 23:13:35,5.781035156250027,79.08765563964845,31.73934604007006,1004.43,2.189625
56.5,-89.0,2026-10-02 23:13:35,5.986035156250011,77.88765563964844,31.721346040070056,1005.51,2.443375
56.5,-88.5,2026-10-02 23:13:35,6.418535156250016,76.23765563964844,32.531346040070055,1008.35,4.793125
56.5,-88.0,2026-10-02 23:13:35,6.127285156250025,77.51265563964844,41.333346040070055,1010.61,4.5185
56.5,-79.5,2026-10-02 23:13:35,6.958535156250036,75.46265563964845,46.48134604007006,1004.4,0.822125
56.5,-79.0,2026-10-02 23:13:35,6.63103515625005,77.53765563964845,40.39734604007006,1004.44,0.8678750000000001
56.5,-77.5,2026-10-02 23:13:35,6.672285156250041,76.23765563964844,39.53334604007006,1003.94,0.49975
56.5,-76.5,2026-10-02 23:13:35,5.763535156250043,83.63765563964844,33.50334604007006,987.55,2.0065
56.5,-76.0,2026-10-02 23:13:35,4.281035156250027,81.08765563964845,23.56734604007006,980.97,6.4048750000000005
56.5,-75.5,2026-10-02 23:13:35,3.4860351562500114,94.21265563964845,36.00534604007006,976.72,4.49375
56.5,-75.0,2026-10-02 23:13:35,3.513535156250043,90.86265563964844,29.81334604007006,969.57,2.964
56.5,-74.5,2026-10-02 23:13:35,3.7985351562500114,94.18765563964844,31.45134604007006,973.05,1.588875
56.5,-74.0,2026-10-02 23:13:35,3.7847851562500523,95.01265563964844,30.87534604007006,970.68,0.9117500000000001
56.5,-73.5,2026-10-02 23:13:35,5.9760351562500205,85.46265563964845,41.47734604007006,971.8,0.3605
56.5,-73.0,2026-10-02 23:13:35,4.402285156250002,80.26265563964844,31.57734604007006,961.69,0.494
56.5,-72.5,2026-10-02 23:13:35,4.623535156250057,76.48765563964844,31.73934604007006,959.11,0.77825
56.5,-72.0,2026-10-02 23:13:35,4.9447851562500205,76.13765563964844,36.14934604007006,958.61,1.0090000000000001
56.5,-71.5,2026-10-02 23:13:35,4.489785156250036,75.26265563964844,29.903346040070062,950.82,0.635125
56.5,-71.0,2026-10-02 23:13:35,4.887285156250016,67.43765563964844,33.97134604007006,961.66,0.213625
56.5,-70.5,2026-10-02 23:13:35,4.69353515625005,71.63765563964844,33.57534604007006,952.51,0.46925
56.5,-70.0,2026-10-02 23:13:35,5.906035156250027,69.16265563964843,34.25934604007006,959.33,0.32425
56.5,-69.5,2026-10-02 23:13:35,4.699785156250016,71.58765563964845,30.20934604007006,952.43,0.20600000000000002
56.5,-69.0,2026-10-02 23:13:35,4.047285156250041,71.41265563964843,34.69134604007006,937.83,0.137375
56.5,-68.5,2026-10-02 23:13:35,6.6947851562500205,63.61265563964844,30.71334604007006,970.01,0.028625
56.5,-68.0,2026-10-02 23:13:35,4.794785156250043,68.38765563964844,34.76334604007006,945.93,0.38725
56.5,-67.5,2026-10-02 23:13:35,5.925117187500007,64.00462265014649,31.10751832008362,960.07,2.01225
56.5,-67.0,2026-10-02 23:13:35,5.307617187500057,67.72962265014648,31.68351832008362,955.85,1.68225
56.5,-66.5,2026-10-02 23:13:35,5.7263671875000455,71.70462265014649,34.25751832008362,956.69,2.674125
56.5,-66.0,2026-10-02 23:13:35,4.932617187500057,75.6546226501465,25.61751832008362,953.99,1.5335
56.5,-65.5,2026-10-02 23:13:35,3.7788671875000546,76.50462265014649,27.77751832008362,943.1,4.1905
56.5,-65.0,2026-10-02 23:13:35,3.373867187500025,76.05462265014648,34.68951832008362,936.94,4.5356250000000005
56.5,-64.5,2026-10-02 23:13:35,4.485117187500009,75.42962265014648,34.149518320083615,933.66,0.949875
56.5,-64.0,2026-10-02 23:13:35,5.200117187500041,70.2796226501465,34.11351832008362,941.24,0.310875
56.5,-63.5,2026-10-02 23:13:35,5.665117187500016,58.529622650146486,35.35551832008362,941.6,0.116375
56.5,-63.0,2026-10-02 23:13:35,6.747617187500055,51.62962265014649,32.96151832008362,961.52,0.055375
56.5,-62.5,2026-10-02 23:13:35,7.165117187500016,52.654622650146486,35.01351832008362,964.16,0.1145
56.5,-62.0,2026-10-02 23:13:35,8.588867187500057,59.404622650146486,36.399518320083615,987.27,0.00575
56.5,-61.5,2026-10-02 23:13:35,8.856367187500041,56.72962265014649,34.40151832008362,976.97,0.04575
57.0,-132.0,2026-10-02 23:13:35,-2.867812499999957,91.88420639038087,5.825472903370858,857.01,9.8705
57.0,-131.5,2026-10-02 23:13:35,10.572187500000041,68.15920639038086,0.8574729033708574,983.68,0.34900000000000003
57.0,-131.0,2026-10-02 23:13:35,-5.055312499999957,95.88420639038087,9.299472903370857,827.72,0.717125
57.0,-130.5,2026-10-02 23:13:35,-0.816562499999975,96.10920639038086,6.6174729033708575,847.93,0.04
57.0,-130.0,2026-10-02 23:13:35,-0.19781249999999773,87.48420639038086,10.865472903370858,845.09,0.135375
57.0,-129.5,2026-10-02 23:13:35,2.040937500000041,83.43420639038087,3.575472903370857,885.18,0.0095
57.0,-129.0,2026-10-02 23:13:35,1.822187500000041,84.83420639038087,2.2074729033708573,871.61,0.047625
57.0,-128.5,2026-10-02 23:13:35,1.0421875000000114,81.63420639038087,3.2154729033708573,865.25,0.007625
57.0,-128.0,2026-10-02 23:13:35,0.43593750000002274,80.83420639038087,2.6934729033708575,864.17,0.01525
57.0,-127.5,2026-10-02 23:13:35,-1.9665624999999523,90.88420639038087,9.911472903370859,823.53,0.0
57.0,-127.0,2026-10-02 23:13:35,1.5859375000000568,71.13420639038087,5.825472903370858,839.31,0.01525
57.0,-126.5,2026-10-02 23:13:35,1.2121875000000273,78.60920639038086,6.023472903370857,850.64,0.00575
57.0,-126.0,2026-10-02 23:13:35,1.2521875000000477,73.80920639038087,9.047472903370858,828.54,0.021
57.0,-125.5,2026-10-02 23:13:35,1.415937500000041,67.13420639038087,7.6254729033708575,820.73,0.022875
57.0,-125.0,2026-10-02 23:13:35,5.323437500000011,64.05920639038087,3.2874729033708574,893.28,0.0
57.0,-124.5,2026-10-02 23:13:35,2.06218750000005,73.05920639038087,7.193472903370858,832.51,0.001875
57.0,-124.0,2026-10-02 23:13:35,2.773437500000057,66.78420639038086,8.669472903370858,826.98,0.02475
57.0,-123.5,2026-10-02 23:13:35,4.857187500000009,52.38420639038086,7.589472903370858,839.78,0.0
57.0,-123.0,2026-10-02 23:13:35,8.610937500000034,48.00920639038086,5.015472903370857,884.45,0.0
57.0,-122.5,2026-10-02 23:13:35,9.15593750000005,45.434206390380865,2.495472903370857,893.87,0.0
57.0,-122.0,2026-10-02 23:13:35,9.53093750000005,49.60920639038086,1.3794729033708575,904.33,0.0
57.0,-121.5,2026-10-02 23:13:35,10.114687500000002,51.084206390380864,1.1454729033708573,917.75,0.0
57.0,-121.0,2026-10-02 23:13:35,9.833437500000002,56.309206390380865,0.6414729033708573,928.43,0.0
57.0,-120.5,2026-10-02 23:13:35,9.399687500000027,58.35920639038086,1.6314729033708573,930.42,0.0
57.0,-120.0,2026-10-02 23:13:35,7.094082031250025,64.52158050537109,2.0381302134990693,926.58,0.0
57.0,-119.5,2026-10-02 23:13:35,6.062832031250025,63.7465805053711,4.900130213499069,894.44,0.0
57.0,-119.0,2026-10-02 23:13:35,9.274082031250032,57.1715805053711,4.864130213499069,922.92,0.0
57.0,-118.5,2026-10-02 23:13:35,8.88033203125002,56.8965805053711,5.908130213499069,926.45,0.0
57.0,-118.0,2026-10-02 23:13:35,9.051582031250007,54.6465805053711,4.756130213499069,927.58,0.0
57.0,-117.5,2026-10-02 23:13:35,9.350332031250048,61.3965805053711,1.9481302134990692,959.25,0.0
57.0,-117.0,2026-10-02 23:13:35,8.231582031250014,58.1715805053711,4.090130213499069,950.11,0.0
57.0,-116.5,2026-10-02 23:13:35,8.315332031250023,57.971580505371094,5.81813021349907,929.6,0.0
57.0,-116.0,2026-10-02 23:13:35,9.031582031250025,55.946580505371095,6.4841302134990695,922.6,0.0
57.0,-115.5,2026-10-02 23:13:35,11.065332031250023,60.2965805053711,2.2001302134990697,947.72,0.0
57.0,-115.0,2026-10-02 23:13:35,10.045332031250041,55.696580505371095,5.494130213499069,954.13,0.03625
57.0,-114.5,2026-10-02 23:13:35,10.156582031250025,57.2715805053711,2.0381302134990693,943.0,0.0
57.0,-114.0,2026-10-02 23:13:35,9.450332031250014,65.52158050537109,1.0121302134990693,945.81,0.0
57.0,-113.5,2026-10-02 23:13:35,9.465332031250057,60.9965805053711,2.686130213499069,943.67,0.0
57.0,-113.0,2026-10-02 23:13:35,9.951582031250041,56.3965805053711,3.5861302134990694,950.11,0.0
57.0,-112.5,2026-10-02 23:13:35,10.446582031250045,52.7715805053711,3.6581302134990694,954.63,0.0
57.0,-112.0,2026-10-02 23:13:35,11.159082031250023,49.3965805053711,3.4241302134990694,958.91,0.0
57.0,-111.5,2026-10-02 23:13:35,10.281582031250025,65.1215805053711,3.8741302134990696,976.52,0.0
57.0,-111.0,2026-10-02 23:13:35,10.616582031250005,55.8715805053711,3.7301302134990695,954.03,0.0
57.0,-110.5,2026-10-02 23:13:35,10.196582031250045,52.9215805053711,6.628130213499069,937.91,0.0
57.0,-110.0,2026-10-02 23:13:35,8.305078125000023,59.77446441650391,6.393207182228566,947.64,0.0
57.0,-109.5,2026-10-02 23:13:35,9.791328125000007,52.224464416503906,6.627207182228565,952.11,0.04
57.0,-109.0,2026-10-02 23:13:35,8.595078125000043,59.07446441650391,4.395207182228566,955.17,0.001875
57.0,-108.5,2026-10-02 23:13:35,8.707578125000055,57.974464416503906,5.4932071822285655,958.59,0.0
57.0,-108.0,2026-10-02 23:13:35,8.925078125000027,61.74946441650391,8.427207182228566,955.53,0.0
57.0,-107.5,2026-10-02 23:13:35,9.720078125000043,60.44946441650391,9.327207182228566,953.59,0.0
57.0,-107.0,2026-10-02 23:13:35,9.585078125000052,63.14946441650391,9.039207182228566,950.08,0.0
57.0,-106.5,2026-10-02 23:13:35,9.925078125000027,60.974464416503906,9.201207182228565,945.83,0.089625
57.0,-106.0,2026-10-02 23:13:35,9.780078125000045,67.54946441650391,14.007207182228566,946.25,0.23650000000000002
57.0,-105.5,2026-10-02 23:13:35,10.077578125000002,61.39946441650391,13.575207182228565,949.2,0.204125
57.0,-105.0,2026-10-02 23:13:35,10.197578125000007,60.74946441650391,10.047207182228567,950.23,0.051500000000000004
57.0,-104.5,2026-10-02 23:13:35,10.710078125000052,61.99946441650391,7.005207182228565,957.95,0.08775000000000001
57.0,-104.0,2026-10-02 23:13:35,8.877578125000014,68.29946441650391,6.303207182228566,961.44,0.25175000000000003
57.0,-103.5,2026-10-02 23:13:35,8.817578125000011,69.3494644165039,7.725207182228566,966.84,0.32425
57.0,-103.0,2026-10-02 23:13:35,7.710078125000052,78.4744644165039,12.567207182228564,970.26,0.53025
57.0,-102.5,2026-10-02 23:13:35,8.602578125000036,77.42446441650391,13.863207182228566,971.89,0.593125
57.0,-102.0,2026-10-02 23:13:35,7.817578125000011,84.57446441650391,17.013207182228566,971.95,2.37275
57.0,-101.5,2026-10-02 23:13:35,8.971328125000014,75.04946441650391,13.161207182228566,968.5,2.956375
57.0,-101.0,2026-10-02 23:13:35,9.586328125000023,70.57446441650391,11.685207182228567,969.84,1.197875
57.0,-100.5,2026-10-02 23:13:35,10.418828125000005,66.42446441650391,11.721207182228566,975.31,0.8678750000000001
57.0,-100.0,2026-10-02 23:13:35,9.815078125000014,69.94946441650391,11.631207182228566,976.4,0.15825
57.0,-99.5,2026-10-02 23:13:35,9.720078125000043,72.67446441650391,15.393207182228565,979.14,0.141125
57.0,-99.0,2026-10-02 23:13:35,9.200078125000005,72.12446441650391,19.281207182228567,980.22,0.00575
57.0,-98.5,2026-10-02 23:13:35,8.970078125000043,63.474464416503906,13.827207182228566,977.17,0.08775000000000001
57.0,-98.0,2026-10-02 23:13:35,8.252578125000014,63.52446441650391,11.829207182228567,983.17,0.186875
57.0,-97.5,2026-10-02 23:13:35,7.301328125000055,70.8494644165039,16.041207182228565,980.11,0.259375
57.0,-97.0,2026-10-02 23:13:35,6.720078125000043,75.12446441650391,16.869207182228568,980.72,0.11825000000000001
57.0,-96.5,2026-10-02 23:13:35,6.491328125000052,71.5244644165039,18.255207182228567,985.83,0.043875000000000004
57.0,-96.0,2026-10-02 23:13:35,6.862578125000027,68.3994644165039,16.401207182228568,989.95,0.047625
57.0,-95.5,2026-10-02 23:13:35,7.32882812500003,64.62446441650391,20.667207182228566,991.7,0.03625
57.0,-95.0,2026-10-02 23:13:35,6.960078125000052,69.17446441650391,25.923207182228566,988.65,0.04
57.0,-94.5,2026-10-02 23:13:35,6.786328125000011,67.82446441650391,21.999207182228567,987.42,0.04575
57.0,-94.0,2026-10-02 23:13:35,7.8563281250000045,63.599464416503906,19.245207182228565,1001.83,0.0095
57.0,-93.5,2026-10-02 23:13:35,7.831328125000027,67.17446441650391,23.205207182228566,1005.26,0.013375
57.0,-93.0,2026-10-02 23:13:35,7.665078125000036,66.42446441650391,25.81520718222857,1007.72,0.013375
57.0,-92.5,2026-10-02 23:13:35,7.86007812500003,66.42446441650391,33.96920718222857,1012.51,0.0115
57.0,-92.0,2026-10-02 23:13:35,6.782578125000043,68.62446441650391,28.911207182228566,1011.86,0.120125
57.0,-91.5,2026-10-02 23:13:35,5.930078125000023,72.8994644165039,29.019207182228563,1008.86,0.326125
57.0,-91.0,2026-10-02 23:13:35,5.675078125000027,72.6494644165039,29.685207182228567,1007.06,1.613625
57.0,-90.5,2026-10-02 23:13:35,4.9950781250000205,75.4744644165039,28.497207182228568,1008.36,1.62125
57.0,-90.0,2026-10-02 23:13:35,5.3388281250000205,74.87446441650391,30.207207182228565,1011.33,3.482875
57.0,-89.5,2026-10-02 23:13:35,6.738828125000055,72.8994644165039,45.83120718222857,1011.11,1.82725
57.0,-76.5,2026-10-02 23:13:35,5.066035156250052,79.81265563964844,34.619346040070056,985.72,7.83925
57.0,-76.0,2026-10-02 23:13:35,4.829785156250011,81.11265563964844,33.73734604007006,977.41,9.4185
57.0,-75.5,2026-10-02 23:13:35,3.748535156250057,83.03765563964845,28.859346040070058,976.74,4.793125
57.0,-75.0,2026-10-02 23:13:35,3.2222851562500523,92.78765563964845,36.05934604007006,970.05,2.428
57.0,-74.5,2026-10-02 23:13:35,3.609785156250041,90.08765563964845,29.021346040070057,969.4,0.9480000000000001
57.0,-74.0,2026-10-02 23:13:35,3.033535156250025,82.73765563964844,30.78534604007006,960.46,1.516375
57.0,-73.5,2026-10-02 23:13:35,3.69353515625005,86.28765563964845,37.49934604007006,956.6,2.8095
57.0,-73.0,2026-10-02 23:13:35,4.054785156250034,78.63765563964844,32.47734604007006,962.32,1.485875
57.0,-72.5,2026-10-02 23:13:35,4.652285156250002,79.43765563964844,33.66534604007006,961.83,1.150125
57.0,-72.0,2026-10-02 23:13:35,3.41228515625005,78.71265563964845,29.97534604007006,955.9,1.5582500000000001
57.0,-71.5,2026-10-02 23:13:35,3.766035156250041,80.56265563964844,36.77934604007005,962.08,1.08725
57.0,-71.0,2026-10-02 23:13:35,4.186035156250057,78.23765563964844,33.21534604007006,960.97,1.0090000000000001
57.0,-70.5,2026-10-02 23:13:35,5.316035156250052,72.43765563964844,28.78734604007006,955.43,0.64275
57.0,-70.0,2026-10-02 23:13:35,4.937285156250027,68.58765563964845,31.829346040070057,962.1,0.234625
57.0,-69.5,2026-10-02 23:13:35,4.437285156250027,70.81265563964844,36.833346040070055,953.91,0.0935
57.0,-69.0,2026-10-02 23:13:35,5.78728515625005,66.48765563964844,32.81934604007006,969.36,0.0935
57.0,-68.5,2026-10-02 23:13:35,6.041035156250018,66.81265563964844,31.77534604007006,969.79,0.064875
57.0,-68.0,2026-10-02 23:13:35,5.958535156250036,65.01265563964844,35.14134604007006,965.52,0.063
57.0,-67.5,2026-10-02 23:13:35,6.4138671875000455,62.47962265014649,36.45351832008362,964.74,0.17550000000000002
57.0,-67.0,2026-10-02 23:13:35,6.540117187500016,61.85462265014649,32.43951832008362,970.11,0.101125
57.0,-66.5,2026-10-02 23:13:35,6.268867187500007,65.12962265014649,35.21151832008362,961.21,0.141125
57.0,-66.0,2026-10-02 23:13:35,5.276367187500057,70.22962265014648,28.101518320083617,952.42,0.373875
57.0,-65.5,2026-10-02 23:13:35,4.1326171875000455,77.7296226501465,29.09151832008362,943.69,0.30325
57.0,-65.0,2026-10-02 23:13:35,2.860117187500009,82.30462265014648,29.05551832008362,931.25,0.753375
57.0,-64.5,2026-10-02 23:13:35,3.682617187500057,76.30462265014648,28.821518320083623,938.91,1.846375
57.0,-64.0,2026-10-02 23:13:35,2.415117187500016,79.17962265014648,38.307518320083624,920.91,1.041375
57.0,-63.5,2026-10-02 23:13:35,3.172617187500009,73.10462265014648,35.39151832008362,930.07,2.910625
57.0,-63.0,2026-10-02 23:13:35,4.446367187500016,63.25462265014649,35.04951832008362,941.63,2.1113750000000002
57.0,-62.5,2026-10-02 23:13:35,3.8801171875000477,67.00462265014649,38.34351832008362,923.24,2.288875
57.0,-62.0,2026-10-02 23:13:35,9.247617187500055,50.95462265014649,27.38151832008362,982.92,0.286125
57.0,-61.5,2026-10-02 23:13:35,8.507617187500045,55.75462265014649,25.32951832008362,967.25,0.4005
57.5,-132.5,2026-10-02 23:13:35,-1.9803124999999682,99.90920639038086,7.769472903370858,842.65,12.823125000000001
57.5,-132.0,2026-10-02 23:13:35,0.09593750000004775,85.38420639038087,5.951472903370857,879.83,4.253375
57.5,-131.5,2026-10-02 23:13:35,-0.6353124999999977,89.40920639038086,6.761472903370858,850.61,4.001625
57.5,-131.0,2026-10-02 23:13:35,3.610937500000034,81.93420639038087,6.635472903370858,894.92,0.614125
57.5,-130.5,2026-10-02 23:13:35,3.7746875000000273,76.75920639038087,4.349472903370858,883.67,0.034375
57.5,-130.0,2026-10-02 23:13:35,-1.7078124999999886,90.13420639038087,11.999472903370856,821.43,0.10875
57.5,-129.5,2026-10-02 23:13:35,2.818437500000016,75.55920639038087,6.9234729033708575,872.15,0.00575
57.5,-129.0,2026-10-02 23:13:35,-2.199062499999968,92.13420639038087,7.643472903370857,814.45,0.064875
57.5,-128.5,2026-10-02 23:13:35,-1.5065624999999727,89.30920639038087,7.733472903370858,835.25,0.028625
57.5,-128.0,2026-10-02 23:13:35,-0.46906249999995,79.63420639038087,8.057472903370858,831.58,0.003875
57.5,-127.5,2026-10-02 23:13:35,-0.9165624999999977,81.73420639038086,5.501472903370857,836.28,0.007625
57.5,-127.0,2026-10-02 23:13:35,-0.5565624999999841,81.08420639038087,7.013472903370857,826.47,0.01525
57.5,-126.5,2026-10-02 23:13:35,0.4546875000000341,77.60920639038086,7.967472903370858,830.15,0.085875
57.5,-126.0,2026-10-02 23:13:35,4.939687500000048,59.88420639038086,3.3414729033708577,886.14,0.0
57.5,-125.5,2026-10-02 23:13:35,4.224687500000016,61.78420639038086,3.2514729033708574,872.67,0.0
57.5,-125.0,2026-10-02 23:13:35,2.017187500000034,69.70920639038086,6.257472903370858,835.25,0.0
57.5,-124.5,2026-10-02 23:13:35,1.3321875000000318,69.90920639038086,8.579472903370858,818.79,0.00575
57.5,-124.0,2026-10-02 23:13:35,2.255937500000016,59.85920639038086,9.443472903370857,818.9,0.0
57.5,-123.5,2026-10-02 23:13:35,5.554687500000057,44.684206390380865,4.4394729033708575,838.2,0.0
57.5,-123.0,2026-10-02 23:13:35,9.575937500000009,46.434206390380865,1.9194729033708575,901.79,0.0
57.5,-122.5,2026-10-02 23:13:35,9.169687500000009,45.434206390380865,3.1614729033708575,896.03,0.0
57.5,-122.0,2026-10-02 23:13:35,9.243437500000027,49.60920639038086,2.6394729033708573,905.59,0.0
57.5,-121.5,2026-10-02 23:13:35,10.447187500000041,44.684206390380865,2.531472903370857,919.36,0.0
57.5,-121.0,2026-10-02 23:13:35,10.404687500000023,47.40920639038086,2.3514729033708575,923.29,0.0
57.5,-120.5,2026-10-02 23:13:35,9.864687500000002,51.75920639038086,3.3414729033708577,921.4,0.0
57.5,-120.0,2026-10-02 23:13:35,8.852832031250045,53.596580505371094,4.090130213499069,912.33,0.001875
57.5,-119.5,2026-10-02 23:13:35,9.207832031250007,56.6465805053711,2.668130213499069,921.17,0.249875
57.5,-119.0,2026-10-02 23:13:35,7.461582031250032,61.321580505371095,4.19813021349907,938.06,0.001875
57.5,-118.5,2026-10-02 23:13:35,7.2240820312500205,58.471580505371094,8.05013021349907,920.92,0.0
57.5,-118.0,2026-10-02 23:13:35,8.016582031250039,62.6465805053711,5.206130213499069,925.55,0.0
57.5,-117.5,2026-10-02 23:13:35,8.467832031250055,57.8965805053711,3.9461302134990697,941.17,0.0
57.5,-117.0,2026-10-02 23:13:35,7.3665820312500045,63.221580505371094,0.5801302134990692,964.02,0.101125
57.5,-116.5,2026-10-02 23:13:35,7.18283203125003,67.64658050537109,2.5241302134990695,955.41,0.12587500000000001
57.5,-116.0,2026-10-02 23:13:35,7.662832031250048,64.9465805053711,5.044130213499069,938.06,0.021
57.5,-115.5,2026-10-02 23:13:35,10.805332031250032,56.4965805053711,3.136130213499069,951.39,0.0
57.5,-115.0,2026-10-02 23:13:35,9.594082031250025,60.221580505371094,3.334130213499069,957.72,0.0
57.5,-114.5,2026-10-02 23:13:35,9.482832031250041,61.471580505371094,3.9101302134990696,949.5,0.0115
57.5,-114.0,2026-10-02 23:13:35,10.27658203125003,56.2965805053711,3.2081302134990692,938.08,0.0
57.5,-113.5,2026-10-02 23:13:35,11.047832031250039,55.5465805053711,3.3881302134990694,932.74,0.0
57.5,-113.0,2026-10-02 23:13:35,9.672832031250039,54.6215805053711,2.722130213499069,921.95,0.0
57.5,-112.5,2026-10-02 23:13:35,11.085332031250005,52.196580505371095,3.5681302134990696,928.99,0.0
57.5,-112.0,2026-10-02 23:13:35,11.787832031250048,43.8715805053711,4.162130213499069,927.77,0.0
57.5,-111.5,2026-10-02 23:13:35,11.176582031250007,55.7465805053711,3.820130213499069,977.41,0.0
57.5,-111.0,2026-10-02 23:13:35,10.706582031250036,55.8715805053711,4.378130213499069,974.11,0.0
57.5,-110.5,2026-10-02 23:13:35,10.575332031250014,55.8965805053711,4.900130213499069,954.85,0.0
57.5,-110.0,2026-10-02 23:13:35,8.140078125000002,60.89946441650391,6.249207182228566,943.26,0.063
57.5,-109.5,2026-10-02 23:13:35,8.606328125000005,60.67446441650391,6.771207182228565,947.37,0.032375
57.5,-109.0,2026-10-02 23:13:35,8.960078125000052,59.77446441650391,6.537207182228566,952.56,0.0
57.5,-108.5,2026-10-02 23:13:35,8.426328125000055,62.224464416503906,7.383207182228565,952.12,0.0
57.5,-108.0,2026-10-02 23:13:35,8.791328125000007,59.29946441650391,6.753207182228566,950.09,0.001875
57.5,-107.5,2026-10-02 23:13:35,9.037578125000039,58.99946441650391,7.329207182228565,949.79,0.0095
57.5,-107.0,2026-10-02 23:13:35,8.836328125000023,68.37446441650391,11.757207182228566,953.14,0.022875
57.5,-106.5,2026-10-02 23:13:35,8.866328125000052,69.24946441650391,16.905207182228565,954.25,0.003875
57.5,-106.0,2026-10-02 23:13:35,9.233828125000002,62.89946441650391,9.921207182228565,951.89,0.001875
57.5,-105.5,2026-10-02 23:13:35,9.725078125000039,60.39946441650391,9.093207182228566,948.04,0.0
57.5,-105.0,2026-10-02 23:13:35,9.443828125000039,65.92446441650391,8.805207182228566,953.7,0.02475
57.5,-104.5,2026-10-02 23:13:35,9.018828125000027,65.54946441650391,5.907207182228565,956.84,0.166
57.5,-104.0,2026-10-02 23:13:35,8.595078125000043,67.6494644165039,6.861207182228565,958.62,0.310875
57.5,-103.5,2026-10-02 23:13:35,8.772578125000052,67.42446441650391,9.111207182228565,959.61,0.846875
57.5,-103.0,2026-10-02 23:13:35,9.483828125000002,68.37446441650391,9.399207182228565,969.12,1.23025
57.5,-102.5,2026-10-02 23:13:35,8.113828125000055,78.32446441650391,18.867207182228565,971.79,0.679
57.5,-102.0,2026-10-02 23:13:35,9.082578125000055,72.24946441650391,15.807207182228566,970.69,1.5030000000000001
57.5,-101.5,2026-10-02 23:13:35,8.268828125000027,75.79946441650391,8.337207182228566,968.0,1.01475
57.5,-101.0,2026-10-02 23:13:35,7.7800781250000455,80.14946441650392,10.911207182228566,968.44,0.116375
57.5,-100.5,2026-10-02 23:13:35,6.885078125000007,83.24946441650391,10.299207182228566,970.5,0.255625
57.5,-100.0,2026-10-02 23:13:35,6.973828125000011,80.62446441650391,12.585207182228567,973.08,0.0115
57.5,-99.5,2026-10-02 23:13:35,6.377578125000014,76.89946441650392,10.101207182228565,976.78,0.019125
57.5,-99.0,2026-10-02 23:13:35,4.773828125000023,87.89946441650392,8.481207182228566,977.54,0.0305
57.5,-98.5,2026-10-02 23:13:35,6.688828125000043,78.9744644165039,14.493207182228566,982.92,0.007625
57.5,-98.0,2026-10-02 23:13:35,6.367578125000023,76.3494644165039,13.773207182228566,979.36,0.116375
57.5,-97.5,2026-10-02 23:13:35,7.2488281250000455,70.42446441650391,13.971207182228566,982.59,0.04
57.5,-97.0,2026-10-02 23:13:35,7.020078125000055,65.87446441650391,14.925207182228567,981.33,0.034375
57.5,-96.5,2026-10-02 23:13:35,7.497578125000018,62.94946441650391,14.997207182228564,986.25,0.021
57.5,-96.0,2026-10-02 23:13:35,7.4013281250000205,64.82446441650391,17.139207182228567,988.61,0.022875
57.5,-95.5,2026-10-02 23:13:35,6.723828125000011,71.67446441650391,21.099207182228565,988.89,0.017125
57.5,-95.0,2026-10-02 23:13:35,6.497578125000018,71.0994644165039,23.259207182228568,989.0,0.013375
57.5,-94.5,2026-10-02 23:13:35,6.9325781250000205,61.724464416503906,21.477207182228568,993.97,0.0
57.5,-94.0,2026-10-02 23:13:35,7.1688281250000045,61.87446441650391,26.661207182228566,1002.58,0.00575
57.5,-93.5,2026-10-02 23:13:35,7.282578125000043,59.349464416503906,28.479207182228564,1005.53,0.022875
57.5,-93.0,2026-10-02 23:13:35,6.742578125000023,61.17446441650391,29.865207182228566,1007.58,0.013375
57.5,-92.5,2026-10-02 23:13:35,6.567578125000011,65.37446441650391,33.80720718222857,1012.14,0.01525
57.5,-80.0,2026-10-02 23:13:35,6.51632812500003,72.54946441650391,48.765207182228565,1001.54,1.592625
57.5,-76.5,2026-10-02 23:13:35,3.732285156250043,80.38765563964844,27.905346040070057,983.86,10.793625
57.5,-76.0,2026-10-02 23:13:35,3.2435351562500045,90.83765563964845,33.97134604007006,978.36,6.8873750000000005
57.5,-75.5,2026-10-02 23:13:35,3.1147851562500364,88.71265563964845,29.759346040070056,974.38,6.71
57.5,-75.0,2026-10-02 23:13:35,3.262285156250016,93.73765563964844,37.21134604007006,969.74,5.7125
57.5,-74.5,2026-10-02 23:13:35,3.7747851562500045,89.31265563964844,32.44134604007006,970.58,3.44275
57.5,-74.0,2026-10-02 23:13:35,4.406035156250027,84.86265563964844,33.50334604007006,972.19,2.759875
57.5,-73.5,2026-10-02 23:13:35,5.09978515625005,81.26265563964844,28.82334604007006,963.16,2.317375
57.5,-73.0,2026-10-02 23:13:35,4.089785156250002,80.71265563964845,31.145346040070056,959.77,1.42475
57.5,-72.5,2026-10-02 23:13:35,3.4022851562500023,75.96265563964845,32.96334604007006,959.79,0.686625
57.5,-72.0,2026-10-02 23:13:35,3.096035156250025,82.76265563964844,38.83134604007006,956.55,0.782
57.5,-71.5,2026-10-02 23:13:35,3.8435351562500273,84.06265563964844,35.78934604007006,961.74,1.10625
57.5,-71.0,2026-10-02 23:13:35,4.279785156250057,79.33765563964845,33.19734604007006,960.52,0.9365
57.5,-70.5,2026-10-02 23:13:35,6.284785156250052,66.76265563964844,31.28934604007006,976.1,0.450125
57.5,-70.0,2026-10-02 23:13:35,7.406035156250027,57.63765563964844,32.87334604007006,985.04,0.061
57.5,-69.5,2026-10-02 23:13:35,6.84978515625005,59.93765563964844,33.35934604007006,982.02,0.11825000000000001
57.5,-69.0,2026-10-02 23:13:35,6.3685351562500045,61.91265563964844,33.683346040070056,973.52,0.1945
57.5,-68.5,2026-10-02 23:13:35,5.669785156250043,61.78765563964844,33.57534604007006,965.24,0.692375
57.5,-68.0,2026-10-02 23:13:35,6.021035156250036,60.11265563964844,32.63934604007006,971.11,0.404375
57.5,-67.5,2026-10-02 23:13:35,6.167617187500014,62.404622650146486,34.09551832008362,970.38,0.677125
57.5,-67.0,2026-10-02 23:13:35,6.393867187500007,63.929622650146484,27.61551832008362,968.35,0.5035000000000001
57.5,-66.5,2026-10-02 23:13:35,5.686367187500025,64.92962265014648,31.809518320083622,960.88,0.970875
57.5,-66.0,2026-10-02 23:13:35,5.448867187500014,71.62962265014649,30.44151832008362,962.41,0.764875
57.5,-65.5,2026-10-02 23:13:35,3.272617187500032,83.6546226501465,26.355518320083622,946.71,1.058625
57.5,-65.0,2026-10-02 23:13:35,2.432617187500057,87.17962265014648,26.28351832008362,938.44,1.186375
57.5,-64.5,2026-10-02 23:13:35,1.998867187500025,88.00462265014649,29.09151832008362,926.21,5.102125
57.5,-64.0,2026-10-02 23:13:35,1.8663671875000318,82.17962265014648,34.25751832008362,919.8,4.2935
57.5,-63.5,2026-10-02 23:13:35,1.4626171875000296,79.92962265014648,42.051518320083616,915.3,3.595375
57.5,-63.0,2026-10-02 23:13:35,3.700117187500041,72.05462265014648,36.48951832008362,928.41,5.6705000000000005
57.5,-62.5,2026-10-02 23:13:35,8.487617187500007,56.82962265014649,31.53951832008362,982.13,4.3335
57.5,-62.0,2026-10-02 23:13:35,8.476367187500045,65.32962265014649,31.575518320083617,989.32,0.6637500000000001
57.5,-61.5,2026-10-02 23:13:35,9.338867187500057,57.72962265014649,27.14751832008362,989.61,0.459625
58.0,-133.0,2026-10-02 23:13:35,-0.3228124999999977,98.88420639038087,9.551472903370858,865.47,34.046125
58.0,-132.5,2026-10-02 23:13:35,-4.236562499999991,99.20920639038087,16.19347290337086,800.76,14.852500000000001
58.0,-132.0,2026-10-02 23:13:35,-3.0953124999999773,94.33420639038087,12.305472903370859,815.65,5.170875
58.0,-131.5,2026-10-02 23:13:35,3.267187500000034,72.93420639038087,10.055472903370857,885.2,0.8678750000000001
58.0,-131.0,2026-10-02 23:13:35,8.127187500000048,64.50920639038087,5.825472903370858,962.37,2.714125
58.0,-130.5,2026-10-02 23:13:35,1.110937500000034,79.35920639038086,9.245472903370858,856.34,0.898375
58.0,-130.0,2026-10-02 23:13:35,4.59343750000005,69.25920639038087,3.395472903370857,889.22,0.11825000000000001
58.0,-129.5,2026-10-02 23:13:35,2.1809375000000273,77.08420639038087,6.347472903370858,872.39,0.085875
58.0,-129.0,2026-10-02 23:13:35,1.5821875000000318,75.60920639038086,7.427472903370857,857.2,0.032375
58.0,-128.5,2026-10-02 23:13:35,3.71843750000005,66.83420639038086,0.8574729033708574,891.72,0.003875
58.0,-128.0,2026-10-02 23:13:35,2.694687500000043,69.83420639038086,6.113472903370858,875.17,0.0
58.0,-127.5,2026-10-02 23:13:35,1.704687500000034,73.90920639038086,7.1574729033708575,853.67,0.001875
58.0,-127.0,2026-10-02 23:13:35,-2.1315624999999727,87.45920639038087,11.441472903370858,801.54,0.05725
58.0,-126.5,2026-10-02 23:13:35,2.3371875000000273,68.10920639038086,7.265472903370857,837.48,0.0
58.0,-126.0,2026-10-02 23:13:35,3.12468750000005,63.65920639038086,6.347472903370858,849.81,0.0
58.0,-125.5,2026-10-02 23:13:35,3.328437500000007,66.33420639038086,5.069472903370857,849.12,0.0
58.0,-125.0,2026-10-02 23:13:35,-2.0640624999999773,86.08420639038087,11.063472903370858,789.11,0.1335
58.0,-124.5,2026-10-02 23:13:35,1.579687500000034,58.684206390380865,9.911472903370859,808.0,0.0
58.0,-124.0,2026-10-02 23:13:35,6.130937500000016,47.63420639038086,2.5854729033708574,852.68,0.0
58.0,-123.5,2026-10-02 23:13:35,9.495937500000025,50.75920639038086,2.5854729033708574,914.7,0.0
58.0,-123.0,2026-10-02 23:13:35,9.363437500000032,48.38420639038086,3.665472903370857,919.33,0.0
58.0,-122.5,2026-10-02 23:13:35,9.075937500000009,47.00920639038086,2.7834729033708574,900.36,0.0
58.0,-122.0,2026-10-02 23:13:35,10.392187500000034,49.00920639038086,3.4854729033708574,932.73,0.0
58.0,-121.5,2026-10-02 23:13:35,12.323437500000011,43.23420639038086,0.9654729033708572,958.18,0.0
58.0,-121.0,2026-10-02 23:13:35,12.078437500000007,42.584206390380864,1.9194729033708575,955.34,0.0
58.0,-120.5,2026-10-02 23:13:35,10.863437500000032,47.309206390380865,3.359472903370857,945.08,0.0
58.0,-120.0,2026-10-02 23:13:35,9.514082031250041,53.0465805053711,4.522130213499069,933.36,0.0
58.0,-119.5,2026-10-02 23:13:35,9.269082031250036,53.2465805053711,6.39413021349907,928.0,0.0
58.0,-119.0,2026-10-02 23:13:35,9.385332031250016,54.5215805053711,6.664130213499069,930.88,0.0
58.0,-118.5,2026-10-02 23:13:35,10.147832031250005,53.971580505371094,4.19813021349907,951.52,0.0
58.0,-118.0,2026-10-02 23:13:35,8.586582031250032,58.4215805053711,4.108130213499069,961.92,0.0
58.0,-117.5,2026-10-02 23:13:35,7.8353320312500045,64.5715805053711,2.290130213499069,970.16,0.0
58.0,-117.0,2026-10-02 23:13:35,6.850332031250048,65.0715805053711,3.2441302134990693,969.56,0.0
58.0,-116.5,2026-10-02 23:13:35,9.090332031250057,59.321580505371095,6.44813021349907,965.7,0.0
58.0,-116.0,2026-10-02 23:13:35,9.864082031250007,62.2465805053711,4.108130213499069,970.97,0.0
58.0,-115.5,2026-10-02 23:13:35,9.024082031250032,62.7965805053711,2.686130213499069,975.94,0.0
58.0,-115.0,2026-10-02 23:13:35,9.176582031250007,60.9215805053711,2.5421302134990693,973.86,0.0
58.0,-114.5,2026-10-02 23:13:35,9.111582031250009,62.5215805053711,2.398130213499069,973.39,0.0
58.0,-114.0,2026-10-02 23:13:35,9.44283203125002,62.471580505371094,2.9201302134990694,975.13,0.0
58.0,-113.5,2026-10-02 23:13:35,9.354082031250016,60.1215805053711,3.8021302134990695,959.92,0.0
58.0,-113.0,2026-10-02 23:13:35,9.304082031250005,56.6715805053711,6.53813021349907,935.85,0.0
58.0,-112.5,2026-10-02 23:13:35,10.299082031250009,54.6715805053711,6.772130213499069,929.24,0.0
58.0,-112.0,2026-10-02 23:13:35,11.475332031250048,56.7715805053711,2.6321302134990696,968.75,0.0
58.0,-111.5,2026-10-02 23:13:35,10.290332031250045,63.8715805053711,2.254130213499069,982.0,0.0
58.0,-111.0,2026-10-02 23:13:35,9.059082031250057,65.6215805053711,3.6761302134990697,976.89,0.0
58.0,-110.5,2026-10-02 23:13:35,8.87033203125003,66.1215805053711,3.7121302134990697,971.58,0.0
58.0,-110.0,2026-10-02 23:13:35,8.043828125000005,63.12446441650391,5.817207182228565,963.03,0.0305
58.0,-109.5,2026-10-02 23:13:35,8.210078125000052,62.42446441650391,6.4292071822285655,949.61,0.022875
58.0,-109.0,2026-10-02 23:13:35,8.421328125000002,61.77446441650391,5.331207182228566,949.73,0.0
58.0,-108.5,2026-10-02 23:13:35,8.086328125000023,66.87446441650391,4.683207182228565,950.84,0.001875
58.0,-108.0,2026-10-02 23:13:35,7.863828125000055,67.92446441650391,4.4852071822285655,950.81,0.0305
58.0,-107.5,2026-10-02 23:13:35,7.7175781250000455,65.24946441650391,5.907207182228565,948.22,0.042
58.0,-107.0,2026-10-02 23:13:35,8.082578125000055,64.99946441650391,6.1952071822285655,955.78,0.049625
58.0,-106.5,2026-10-02 23:13:35,8.425078125000027,64.7744644165039,6.609207182228566,959.45,0.18887500000000002
58.0,-106.0,2026-10-02 23:13:35,9.102578125000036,63.724464416503906,7.113207182228566,959.62,0.0115
58.0,-105.5,2026-10-02 23:13:35,9.252578125000014,63.99946441650391,8.679207182228566,955.54,0.053375
58.0,-105.0,2026-10-02 23:13:35,8.89132812500003,70.17446441650391,8.571207182228566,948.75,0.049625
58.0,-104.5,2026-10-02 23:13:35,8.506328125000039,71.07446441650391,8.103207182228566,955.06,0.167875
58.0,-104.0,2026-10-02 23:13:35,8.86007812500003,70.19946441650391,5.4932071822285655,960.98,0.1945
58.0,-103.5,2026-10-02 23:13:35,7.260078125000007,73.8494644165039,9.435207182228567,963.92,0.763
58.0,-103.0,2026-10-02 23:13:35,4.987578125000027,85.87446441650391,3.5672071822285654,959.61,1.37525
58.0,-102.5,2026-10-02 23:13:35,4.86007812500003,88.14946441650392,7.527207182228565,963.11,1.5831250000000001
58.0,-102.0,2026-10-02 23:13:35,6.335078125000052,81.92446441650391,11.397207182228566,971.36,1.295125
58.0,-101.5,2026-10-02 23:13:35,6.79757812500003,78.94946441650391,9.345207182228565,970.23,0.28800000000000003
58.0,-101.0,2026-10-02 23:13:35,6.161328125000011,88.77446441650392,6.807207182228566,965.5,0.013375
58.0,-100.5,2026-10-02 23:13:35,5.313828125000043,91.44946441650391,8.427207182228566,967.11,0.05725
58.0,-100.0,2026-10-02 23:13:35,5.322578125000007,89.14946441650392,10.659207182228565,968.37,0.028625
58.0,-99.5,2026-10-02 23:13:35,6.770078125000055,83.12446441650391,9.633207182228565,974.14,0.034375
58.0,-99.0,2026-10-02 23:13:35,6.966328125000018,76.3994644165039,8.661207182228566,976.67,0.051500000000000004
58.0,-98.5,2026-10-02 23:13:35,7.29757812500003,71.2744644165039,10.479207182228567,980.83,0.021
58.0,-98.0,2026-10-02 23:13:35,6.755078125000011,70.24946441650391,12.045207182228564,975.12,0.04
58.0,-97.5,2026-10-02 23:13:35,6.997578125000018,66.0994644165039,15.447207182228565,976.11,0.0305
58.0,-97.0,2026-10-02 23:13:35,7.17257812500003,63.57446441650391,16.995207182228565,980.94,0.032375
58.0,-96.5,2026-10-02 23:13:35,6.491328125000052,62.87446441650391,20.523207182228564,976.58,0.032375
58.0,-96.0,2026-10-02 23:13:35,6.8113281250000455,60.17446441650391,21.477207182228568,985.95,0.019125
58.0,-95.5,2026-10-02 23:13:35,6.533828125000014,59.12446441650391,22.287207182228567,989.67,0.00575
58.0,-95.0,2026-10-02 23:13:35,6.653828125000018,57.17446441650391,25.725207182228566,995.59,0.017125
58.0,-94.5,2026-10-02 23:13:35,7.178828125000052,54.74946441650391,27.723207182228567,1002.72,0.013375
58.0,-94.0,2026-10-02 23:13:35,6.862578125000027,55.57446441650391,29.343207182228568,1004.17,0.051500000000000004
58.0,-93.5,2026-10-02 23:13:35,6.881328125000039,56.599464416503906,30.11720718222857,1006.89,0.02675
58.0,-93.0,2026-10-02 23:13:35,7.063828125000043,57.92446441650391,30.675207182228565,1009.0,0.047625
58.0,-77.0,2026-10-02 23:13:35,4.998535156250057,78.06265563964844,34.25934604007006,991.32,2.0808750000000003
58.0,-76.5,2026-10-02 23:13:35,4.266035156250041,80.18765563964844,36.02334604007006,982.02,3.45425
58.0,-76.0,2026-10-02 23:13:35,4.947285156250018,78.48765563964844,35.42934604007006,975.77,3.561
58.0,-75.5,2026-10-02 23:13:35,4.762285156250016,78.18765563964844,36.92334604007006,970.82,3.562875
58.0,-75.0,2026-10-02 23:13:35,4.8685351562500045,81.66265563964845,33.107346040070055,974.88,1.76425
58.0,-74.5,2026-10-02 23:13:35,4.114785156250036,81.26265563964844,31.28934604007006,970.52,1.8291250000000001
58.0,-74.0,2026-10-02 23:13:35,3.9685351562500273,77.58765563964845,35.53734604007006,967.76,1.8138750000000001
58.0,-73.5,2026-10-02 23:13:35,3.596035156250025,80.36265563964844,36.68934604007006,967.35,1.865375
58.0,-73.0,2026-10-02 23:13:35,3.84978515625005,84.41265563964845,37.78734604007006,967.49,1.459125
58.0,-72.5,2026-10-02 23:13:35,5.748535156250057,77.68765563964844,29.237346040070058,969.4,1.108125
58.0,-72.0,2026-10-02 23:13:35,4.951035156250043,75.63765563964844,30.929346040070055,961.05,1.01475
58.0,-71.5,2026-10-02 23:13:35,3.988535156250009,76.71265563964845,34.16934604007006,959.49,1.00325
58.0,-71.0,2026-10-02 23:13:35,3.7497851562500273,77.11265563964844,34.69134604007006,961.26,0.820125
58.0,-70.5,2026-10-02 23:13:35,4.232285156250043,78.16265563964845,38.81334604007006,959.88,1.091
58.0,-70.0,2026-10-02 23:13:35,5.499785156250027,71.03765563964843,35.10534604007005,971.41,0.45587500000000003
58.0,-69.5,2026-10-02 23:13:35,5.683535156250002,66.88765563964844,37.12134604007006,967.35,0.352875
58.0,-69.0,2026-10-02 23:13:35,6.656035156250027,63.91265563964844,38.201346040070064,974.21,0.391
58.0,-68.5,2026-10-02 23:13:35,8.034785156250052,62.98765563964844,43.92534604007006,991.07,0.255625
58.0,-68.0,2026-10-02 23:13:35,6.316035156250052,64.63765563964844,38.86734604007005,972.97,0.276625
58.0,-67.5,2026-10-02 23:13:35,6.123867187500025,67.32962265014649,32.92551832008362,976.99,0.150625
58.0,-67.0,2026-10-02 23:13:35,6.655117187500025,64.32962265014649,31.287518320083617,980.63,0.1335
58.0,-66.5,2026-10-02 23:13:35,5.671367187500039,69.7796226501465,32.76351832008362,969.66,0.816375
58.0,-66.0,2026-10-02 23:13:35,4.415117187500016,79.25462265014649,32.115518320083616,958.33,1.010875
58.0,-65.5,2026-10-02 23:13:35,3.4488671875000136,85.0296226501465,28.911518320083616,948.32,1.844375
58.0,-65.0,2026-10-02 23:13:35,2.6226171875000546,86.70462265014649,30.909518320083624,938.1,1.01275
58.0,-64.5,2026-10-02 23:13:35,0.7038671875000091,88.32962265014649,32.29551832008362,912.21,2.468125
58.0,-64.0,2026-10-02 23:13:35,0.4876171875000068,89.80462265014648,35.87751832008362,908.67,1.792875
58.0,-63.5,2026-10-02 23:13:35,2.043867187500041,81.6546226501465,33.82551832008362,916.02,1.13675
58.0,-63.0,2026-10-02 23:13:35,5.43136718750003,65.25462265014649,30.15351832008362,948.39,0.3795
58.0,-62.5,2026-10-02 23:13:35,8.325117187500041,57.57962265014649,26.427518320083617,976.74,0.555
58.0,-62.0,2026-10-02 23:13:35,7.265117187500039,67.70462265014649,23.24151832008362,991.28,0.822125
58.5,-133.5,2026-10-02 23:13:35,4.878437500000018,90.03420639038086,2.3514729033708575,930.33,16.87425
58.5,-133.0,2026-10-02 23:13:35,3.339687500000025,86.03420639038086,8.579472903370858,901.79,6.635625
58.5,-132.5,2026-10-02 23:13:35,2.7834375000000477,84.70920639038087,5.249472903370858,892.7,5.571375
58.5,-132.0,2026-10-02 23:13:35,0.7696875000000318,90.38420639038087,4.8354729033708574,864.01,3.36075
58.5,-131.5,2026-10-02 23:13:35,-1.7965624999999932,92.20920639038087,18.407472903370856,823.86,3.05175
58.5,-131.0,2026-10-02 23:13:35,1.87468750000005,76.58420639038086,14.015472903370858,874.17,2.037
58.5,-130.5,2026-10-02 23:13:35,-0.47031249999997726,90.15920639038086,17.45347290337086,849.67,5.84225
58.5,-130.0,2026-10-02 23:13:35,5.095937500000048,77.90920639038086,7.823472903370858,908.64,3.4695
58.5,-129.5,2026-10-02 23:13:35,0.339687500000025,83.58420639038087,13.691472903370858,845.79,3.326375
58.5,-129.0,2026-10-02 23:13:35,0.5996875000000159,86.40920639038086,5.429472903370858,864.53,1.15775
58.5,-128.5,2026-10-02 23:13:35,-0.7290624999999977,90.90920639038086,6.293472903370858,847.73,0.337625
58.5,-128.0,2026-10-02 23:13:35,-0.4028124999999818,83.55920639038087,7.301472903370858,843.14,0.15825
58.5,-127.5,2026-10-02 23:13:35,3.6359375000000114,67.18420639038087,6.1494729033708575,874.84,0.0095
58.5,-127.0,2026-10-02 23:13:35,4.979687500000011,63.88420639038086,7.013472903370857,882.48,0.003875
58.5,-126.5,2026-10-02 23:13:35,1.412187500000016,75.00920639038087,7.6254729033708575,844.36,0.099125
58.5,-126.0,2026-10-02 23:13:35,1.3459375000000477,68.28420639038086,10.523472903370859,828.62,0.36425
58.5,-125.5,2026-10-02 23:13:35,-0.6740624999999909,71.88420639038087,12.881472903370858,794.92,0.001875
58.5,-125.0,2026-10-02 23:13:35,2.085937500000057,61.65920639038086,9.245472903370858,817.75,0.0
58.5,-124.5,2026-10-02 23:13:35,3.675937500000032,51.084206390380864,5.537472903370857,826.12,0.0
58.5,-124.0,2026-10-02 23:13:35,7.953437500000007,49.35920639038086,4.583472903370858,890.36,0.0
58.5,-123.5,2026-10-02 23:13:35,10.060937500000023,45.10920639038086,2.3514729033708575,930.89,0.0
58.5,-123.0,2026-10-02 23:13:35,11.357187500000009,46.50920639038086,4.115472903370857,949.5,0.0
58.5,-122.5,2026-10-02 23:13:35,12.165937500000041,42.184206390380865,3.1974729033708575,953.36,0.0
58.5,-122.0,2026-10-02 23:13:35,12.510937500000011,45.309206390380865,3.2154729033708573,963.17,0.0
58.5,-121.5,2026-10-02 23:13:35,12.029687500000023,45.28420639038086,5.717472903370857,960.98,0.0
58.5,-121.0,2026-10-02 23:13:35,11.640937500000007,48.63420639038086,6.203472903370858,963.11,0.0
58.5,-120.5,2026-10-02 23:13:35,10.885937500000011,54.60920639038086,5.951472903370857,966.01,0.0
58.5,-120.0,2026-10-02 23:13:35,9.471582031250023,56.9215805053711,6.53813021349907,962.66,0.0
58.5,-119.5,2026-10-02 23:13:35,8.624082031250055,56.696580505371095,6.916130213499069,944.33,0.0
58.5,-119.0,2026-10-02 23:13:35,9.375332031250025,58.571580505371095,6.196130213499069,959.22,0.0095
58.5,-118.5,2026-10-02 23:13:35,9.22408203125002,60.821580505371095,5.206130213499069,964.14,0.0
58.5,-118.0,2026-10-02 23:13:35,7.715332031250057,66.4215805053711,4.91813021349907,961.78,0.0
58.5,-117.5,2026-10-02 23:13:35,7.951582031250041,64.9465805053711,5.7101302134990695,967.44,0.0
58.5,-117.0,2026-10-02 23:13:35,7.465332031250057,72.9965805053711,2.5421302134990693,973.36,0.034375
58.5,-116.5,2026-10-02 23:13:35,7.159082031250023,68.1715805053711,6.30413021349907,975.5,0.0
58.5,-116.0,2026-10-02 23:13:35,7.405332031250055,70.2965805053711,6.430130213499069,976.56,0.0
58.5,-115.5,2026-10-02 23:13:35,8.644082031250036,63.096580505371094,6.0161302134990695,976.22,0.0
58.5,-115.0,2026-10-02 23:13:35,8.766582031250039,65.2465805053711,5.494130213499069,978.31,0.0
58.5,-114.5,2026-10-02 23:13:35,8.197832031250016,70.1715805053711,5.872130213499069,981.69,0.0
58.5,-114.0,2026-10-02 23:13:35,8.27658203125003,67.9215805053711,6.08813021349907,980.94,0.0
58.5,-113.5,2026-10-02 23:13:35,8.576582031250041,66.9465805053711,7.348130213499069,981.45,0.0
58.5,-113.0,2026-10-02 23:13:35,9.412832031250048,62.946580505371095,8.19413021349907,981.94,0.0
58.5,-112.5,2026-10-02 23:13:35,9.96408203125003,61.6215805053711,8.57213021349907,985.17,0.0
58.5,-112.0,2026-10-02 23:13:35,8.491582031250005,70.8215805053711,10.58813021349907,986.38,0.0
58.5,-111.5,2026-10-02 23:13:35,8.895332031250007,67.4465805053711,4.972130213499069,985.66,0.0
58.5,-111.0,2026-10-02 23:13:35,8.456582031250036,69.6215805053711,6.68213021349907,986.08,0.0
58.5,-110.5,2026-10-02 23:13:35,9.272832031250005,66.2465805053711,6.0161302134990695,981.16,0.0
58.5,-110.0,2026-10-02 23:13:35,8.022578125000052,69.2244644165039,5.4212071822285655,977.64,0.0
58.5,-109.5,2026-10-02 23:13:35,7.9188281250000045,67.0244644165039,6.447207182228565,968.98,0.0
58.5,-109.0,2026-10-02 23:13:35,7.881328125000039,67.54946441650391,5.799207182228566,964.79,0.0
58.5,-108.5,2026-10-02 23:13:35,7.975078125000039,67.12446441650391,5.061207182228565,958.09,0.0305
58.5,-108.0,2026-10-02 23:13:35,8.202578125000002,65.94946441650391,5.061207182228565,955.56,0.00575
58.5,-107.5,2026-10-02 23:13:35,7.835078125000052,67.0994644165039,6.015207182228566,954.04,0.04
58.5,-107.0,2026-10-02 23:13:35,7.711328125000023,68.74946441650391,6.141207182228565,951.29,0.92125
58.5,-106.5,2026-10-02 23:13:35,8.653828125000018,68.24946441650391,3.7292071822285653,958.2,3.2005
58.5,-106.0,2026-10-02 23:13:35,8.395078125000055,69.07446441650391,2.3972071822285654,974.86,6.2885
58.5,-105.5,2026-10-02 23:13:35,8.270078125000055,71.0994644165039,4.629207182228566,965.28,4.10075
58.5,-105.0,2026-10-02 23:13:35,8.113828125000055,79.37446441650391,7.293207182228565,961.36,0.440625
58.5,-104.5,2026-10-02 23:13:35,8.231328125000005,76.94946441650391,6.681207182228566,961.94,0.0915
58.5,-104.0,2026-10-02 23:13:35,6.850078125000039,85.49946441650391,3.9992071822285653,958.48,0.063
58.5,-103.5,2026-10-02 23:13:35,5.20382812500003,89.87446441650391,4.197207182228565,958.56,0.017125
58.5,-103.0,2026-10-02 23:13:35,6.9638281250000205,77.07446441650391,11.469207182228566,964.29,0.02475
58.5,-102.5,2026-10-02 23:13:35,5.6688281250000045,86.39946441650392,1.1012071822285652,961.4,0.07825
58.5,-102.0,2026-10-02 23:13:35,6.613828125000055,75.92446441650391,4.539207182228566,965.09,0.1335
58.5,-101.5,2026-10-02 23:13:35,7.383828125000036,71.44946441650391,2.4692071822285655,966.48,0.01525
58.5,-101.0,2026-10-02 23:13:35,6.988828125000055,70.49946441650391,2.3432071822285656,965.94,0.061
58.5,-100.5,2026-10-02 23:13:35,6.890078125000002,69.19946441650391,0.7592071822285652,966.2,0.080125
58.5,-100.0,2026-10-02 23:13:35,7.332578125000055,64.9744644165039,1.5872071822285654,975.42,0.082
58.5,-99.5,2026-10-02 23:13:35,7.0300781250000455,65.92446441650391,4.863207182228566,974.78,0.022875
58.5,-99.0,2026-10-02 23:13:35,6.8875781250000045,64.74946441650391,8.913207182228566,976.28,0.131625
58.5,-98.5,2026-10-02 23:13:35,6.952578125000002,66.8494644165039,10.677207182228566,980.76,0.04
58.5,-98.0,2026-10-02 23:13:35,6.702578125000002,64.49946441650391,14.637207182228567,980.98,0.12975
58.5,-97.5,2026-10-02 23:13:35,5.7138281250000205,63.39946441650391,18.525207182228566,975.86,0.053375
58.5,-97.0,2026-10-02 23:13:35,6.0575781250000205,62.02446441650391,21.495207182228565,978.86,0.061
58.5,-96.5,2026-10-02 23:13:35,6.725078125000039,54.62446441650391,18.813207182228567,990.12,0.0305
58.5,-96.0,2026-10-02 23:13:35,6.805078125000023,51.92446441650391,20.469207182228566,994.34,0.038125
58.5,-95.5,2026-10-02 23:13:35,6.688828125000043,54.224464416503906,26.949207182228566,999.61,0.051500000000000004
58.5,-95.0,2026-10-02 23:13:35,6.7450781250000205,54.19946441650391,27.543207182228567,1003.23,0.09725
58.5,-94.5,2026-10-02 23:13:35,6.79757812500003,57.74946441650391,27.615207182228566,1007.76,0.083875
58.5,-94.0,2026-10-02 23:13:35,7.001328125000043,56.349464416503906,29.235207182228564,1009.33,0.068625
58.5,-93.5,2026-10-02 23:13:35,6.443828125000039,63.29946441650391,34.90520718222857,1008.23,0.528375
58.5,-93.0,2026-10-02 23:13:35,6.32882812500003,66.1494644165039,40.95320718222857,1010.47,0.557
58.5,-78.5,2026-10-02 23:13:35,5.859785156250041,82.61265563964844,53.159346040070055,997.71,0.5665
58.5,-78.0,2026-10-02 23:13:35,4.502285156250025,86.98765563964844,35.39334604007006,991.18,1.0891250000000001
58.5,-77.5,2026-10-02 23:13:35,4.002285156250025,90.86265563964844,33.01734604007006,987.8,1.37525
58.5,-77.0,2026-10-02 23:13:35,3.742285156250034,92.73765563964844,36.58134604007006,983.6,3.9787500000000002
58.5,-76.5,2026-10-02 23:13:35,3.4335351562500023,94.58765563964845,34.40334604007006,981.43,3.376
58.5,-76.0,2026-10-02 23:13:35,3.888535156250043,93.11265563964844,33.80934604007006,978.58,2.674125
58.5,-75.5,2026-10-02 23:13:35,3.7122851562500045,93.53765563964845,33.21534604007006,974.69,2.6245
58.5,-75.0,2026-10-02 23:13:35,3.922285156250041,83.53765563964845,31.955346040070054,974.19,1.6460000000000001
58.5,-74.5,2026-10-02 23:13:35,3.738535156250009,84.08765563964845,33.43134604007005,972.93,2.30975
58.5,-74.0,2026-10-02 23:13:35,3.9860351562500114,82.96265563964845,32.729346040070055,969.07,2.737
58.5,-73.5,2026-10-02 23:13:35,3.992285156250034,78.98765563964844,33.14334604007006,964.66,3.0536250000000003
58.5,-73.0,2026-10-02 23:13:35,3.697285156250018,75.18765563964844,35.39334604007006,966.55,3.192875
58.5,-72.5,2026-10-02 23:13:35,3.519785156250009,83.36265563964844,36.34734604007006,964.52,3.253875
58.5,-72.0,2026-10-02 23:13:35,3.8960351562500364,83.68765563964844,31.217346040070055,970.58,2.3365
58.5,-71.5,2026-10-02 23:13:35,3.509785156250018,83.73765563964844,35.30334604007006,963.47,2.058
58.5,-71.0,2026-10-02 23:13:35,3.346035156250025,89.06265563964844,34.52934604007005,962.9,1.861625
58.5,-70.5,2026-10-02 23:13:35,4.097285156250052,82.81265563964844,35.357346040070055,970.18,1.06625
58.5,-70.0,2026-10-02 23:13:35,6.281035156250027,68.11265563964844,37.93134604007005,982.24,0.238375
58.5,-69.5,2026-10-02 23:13:35,5.701035156250043,73.98765563964844,38.16534604007006,971.71,0.35475
58.5,-69.0,2026-10-02 23:13:35,6.884785156250018,63.51265563964844,38.72334604007006,979.74,0.9021250000000001
58.5,-68.5,2026-10-02 23:13:35,7.687285156250027,64.08765563964845,45.16734604007006,985.22,0.36625
58.5,-68.0,2026-10-02 23:13:35,7.722285156250052,62.03765563964844,34.83534604007006,991.01,0.23275
58.5,-67.5,2026-10-02 23:13:35,7.050117187500007,70.95462265014649,41.52951832008362,992.88,0.1125
58.5,-67.0,2026-10-02 23:13:35,6.960117187500032,74.20462265014649,43.923518320083616,992.78,0.10875
58.5,-66.5,2026-10-02 23:13:35,5.96261718750003,76.62962265014649,35.19351832008362,980.61,0.33375
58.5,-66.0,2026-10-02 23:13:35,6.872617187500055,75.0296226501465,36.68751832008362,984.61,0.63325
58.5,-65.5,2026-10-02 23:13:35,3.977617187500016,83.25462265014649,31.737518320083616,955.61,1.607875
58.5,-65.0,2026-10-02 23:13:35,1.6501171875000296,87.67962265014648,28.389518320083617,927.38,8.056625
58.5,-64.5,2026-10-02 23:13:35,0.5013671875000227,88.4796226501465,28.119518320083618,910.27,10.0345
58.5,-64.0,2026-10-02 23:13:35,0.8488671875000477,89.07962265014649,25.869518320083618,908.39,6.98475
58.5,-63.5,2026-10-02 23:13:35,2.258867187500016,79.45462265014649,32.61951832008362,913.1,4.7245
58.5,-63.0,2026-10-02 23:13:35,7.122617187500055,65.32962265014649,25.05951832008362,990.08,3.070875
58.5,-62.5,2026-10-02 23:13:35,6.796367187500039,67.87962265014649,21.62151832008362,990.27,1.098625
59.0,-137.5,2026-10-02 23:13:35,-10.431562499999984,96.85920639038086,24.833472903370858,716.54,23.90475
59.0,-137.0,2026-10-02 23:13:35,5.828437500000007,88.05920639038087,1.0734729033708572,979.34,6.2675
59.0,-134.5,2026-10-02 23:13:35,-2.09406249999995,99.98420639038086,18.38947290337086,839.37,7.68275
59.0,-134.0,2026-10-02 23:13:35,-1.18781249999995,87.48420639038086,21.79147290337086,834.18,0.22125
59.0,-133.5,2026-10-02 23:13:35,3.06218750000005,95.28420639038086,2.963472903370857,920.72,0.476875
59.0,-133.0,2026-10-02 23:13:35,2.3371875000000273,88.10920639038086,11.387472903370858,890.09,3.858625
59.0,-132.5,2026-10-02 23:13:35,0.4934375000000273,97.70920639038087,16.04947290337086,879.59,2.544375
59.0,-132.0,2026-10-02 23:13:35,2.3959375000000023,86.98420639038086,4.817472903370858,910.33,0.122125
59.0,-131.5,2026-10-02 23:13:35,1.8684375000000273,77.63420639038087,9.533472903370859,884.92,2.138125
59.0,-131.0,2026-10-02 23:13:35,0.30093750000003183,85.63420639038087,16.06747290337086,849.56,5.6305000000000005
59.0,-130.5,2026-10-02 23:13:35,0.9309375000000273,78.80920639038087,11.999472903370856,861.64,5.80025
59.0,-130.0,2026-10-02 23:13:35,-1.986562499999991,97.08420639038087,9.335472903370858,837.23,10.816625
59.0,-129.5,2026-10-02 23:13:35,-0.9440624999999727,92.73420639038086,15.635472903370857,849.93,5.735375
59.0,-129.0,2026-10-02 23:13:35,-0.1703124999999659,82.63420639038087,11.531472903370858,845.56,1.808125
59.0,-128.5,2026-10-02 23:13:35,-0.10031249999997272,80.88420639038087,18.26347290337086,834.79,0.29375
59.0,-128.0,2026-10-02 23:13:35,3.763437500000009,66.48420639038086,14.537472903370858,864.87,0.04575
59.0,-127.5,2026-10-02 23:13:35,7.759687500000041,63.15920639038086,2.8734729033708577,914.56,0.0
59.0,-127.0,2026-10-02 23:13:35,5.333437500000002,57.53420639038086,6.545472903370857,881.4,0.007625
59.0,-126.5,2026-10-02 23:13:35,1.558437500000025,69.88420639038087,13.169472903370858,836.0,0.06675
59.0,-126.0,2026-10-02 23:13:35,2.097187500000018,67.03420639038086,12.215472903370857,836.04,0.00575
59.0,-125.5,2026-10-02 23:13:35,3.9934375000000273,59.809206390380865,10.343472903370857,852.48,0.0
59.0,-125.0,2026-10-02 23:13:35,8.353437500000041,53.709206390380864,3.575472903370857,921.17,0.0
59.0,-124.5,2026-10-02 23:13:35,9.752187500000048,46.10920639038086,3.539472903370857,925.48,0.0
59.0,-124.0,2026-10-02 23:13:35,9.794687500000009,51.90920639038086,3.8814729033708573,936.45,0.0
59.0,-123.5,2026-10-02 23:13:35,11.029687500000023,43.63420639038086,4.619472903370857,939.86,0.0
59.0,-123.0,2026-10-02 23:13:35,11.948437500000011,46.13420639038086,3.431472903370857,952.4,0.0
59.0,-122.5,2026-10-02 23:13:35,11.332187500000032,51.059206390380865,1.4874729033708574,971.37,0.0
59.0,-122.0,2026-10-02 23:13:35,9.738437500000032,52.60920639038086,7.121472903370858,956.0,0.0
59.0,-121.5,2026-10-02 23:13:35,8.368437500000027,57.38420639038086,10.145472903370859,936.72,0.032375
59.0,-121.0,2026-10-02 23:13:35,9.03093750000005,53.38420639038086,11.531472903370858,937.89,0.0095
59.0,-120.5,2026-10-02 23:13:35,9.867187500000057,48.959206390380864,9.785472903370858,941.18,0.0
59.0,-120.0,2026-10-02 23:13:35,8.315332031250023,66.9965805053711,2.686130213499069,965.11,0.063
59.0,-119.5,2026-10-02 23:13:35,8.127832031250023,65.2215805053711,4.972130213499069,964.16,0.032375
59.0,-119.0,2026-10-02 23:13:35,8.187832031250025,65.4215805053711,6.9521302134990695,968.58,0.049625
59.0,-118.5,2026-10-02 23:13:35,8.342832031250055,62.0215805053711,7.99613021349907,971.49,0.0095
59.0,-118.0,2026-10-02 23:13:35,7.999082031250055,65.4965805053711,7.5821302134990685,971.02,0.017125
59.0,-117.5,2026-10-02 23:13:35,7.795332031250041,65.2215805053711,6.0161302134990695,968.64,0.0
59.0,-117.0,2026-10-02 23:13:35,7.8178320312500205,63.946580505371095,4.972130213499069,959.6,0.0
59.0,-116.5,2026-10-02 23:13:35,8.269082031250036,59.6715805053711,5.13413021349907,936.36,0.0
59.0,-116.0,2026-10-02 23:13:35,8.99533203125003,56.5465805053711,9.58013021349907,916.08,0.0
59.0,-115.5,2026-10-02 23:13:35,8.489082031250007,56.8715805053711,14.530130213499069,914.83,0.0
59.0,-115.0,2026-10-02 23:13:35,7.391582031250039,60.3965805053711,14.58413021349907,904.25,0.0
59.0,-114.5,2026-10-02 23:13:35,9.356582031250014,57.696580505371095,7.70813021349907,933.67,0.0
59.0,-114.0,2026-10-02 23:13:35,8.37033203125003,57.846580505371094,6.52013021349907,937.5,0.0
59.0,-113.5,2026-10-02 23:13:35,9.406582031250025,62.0215805053711,5.800130213499069,979.64,0.0
59.0,-113.0,2026-10-02 23:13:35,9.319082031250048,63.5215805053711,5.67413021349907,982.39,0.0
59.0,-112.5,2026-10-02 23:13:35,9.190332031250023,62.821580505371095,5.0081302134990695,980.67,0.0
59.0,-112.0,2026-10-02 23:13:35,8.430332031250032,70.7465805053711,3.6761302134990697,984.41,0.032375
59.0,-111.5,2026-10-02 23:13:35,8.309082031250057,73.9965805053711,3.6221302134990694,984.95,0.013375
59.0,-111.0,2026-10-02 23:13:35,8.485332031250039,76.6215805053711,5.044130213499069,982.0,0.01525
59.0,-110.5,2026-10-02 23:13:35,8.179082031250005,83.0965805053711,15.71813021349907,986.03,0.01525
59.0,-110.0,2026-10-02 23:13:35,8.26632812500003,75.8994644165039,13.629207182228566,985.56,0.0115
59.0,-109.5,2026-10-02 23:13:35,9.040078125000036,70.69946441650391,6.861207182228565,979.69,0.03625
59.0,-109.0,2026-10-02 23:13:35,8.446328125000036,72.5244644165039,6.141207182228565,974.04,0.02475
59.0,-108.5,2026-10-02 23:13:35,8.82882812500003,69.87446441650391,4.917207182228566,972.69,0.095375
59.0,-108.0,2026-10-02 23:13:35,8.006328125000039,73.8494644165039,4.521207182228565,966.9,0.152625
59.0,-107.5,2026-10-02 23:13:35,8.398828125000023,71.4744644165039,2.1992071822285655,967.08,0.183125
59.0,-107.0,2026-10-02 23:13:35,7.508828125000036,75.92446441650391,1.2992071822285653,961.84,0.42912500000000003
59.0,-106.5,2026-10-02 23:13:35,7.508828125000036,80.14946441650392,1.9472071822285655,965.97,0.038125
59.0,-106.0,2026-10-02 23:13:35,6.758828125000036,84.19946441650391,3.3872071822285656,975.94,0.0
59.0,-105.5,2026-10-02 23:13:35,6.140078125000002,84.99946441650391,1.1912071822285653,974.17,0.003875
59.0,-105.0,2026-10-02 23:13:35,7.002578125000014,80.3494644165039,1.7312071822285653,971.87,0.07825
59.0,-104.5,2026-10-02 23:13:35,6.7450781250000205,79.94946441650391,1.8572071822285654,969.84,0.00575
59.0,-104.0,2026-10-02 23:13:35,6.680078125000023,79.94946441650391,3.477207182228565,967.2,0.0
59.0,-103.5,2026-10-02 23:13:35,6.827578125000002,74.9744644165039,1.9112071822285654,961.12,0.003875
59.0,-103.0,2026-10-02 23:13:35,6.832578125000055,76.2744644165039,3.4232071822285652,960.11,0.21937500000000001
59.0,-102.5,2026-10-02 23:13:35,5.747578125000018,75.99946441650391,4.521207182228565,964.2,0.02475
59.0,-102.0,2026-10-02 23:13:35,6.723828125000011,68.5244644165039,1.8752071822285654,966.72,0.00575
59.0,-101.5,2026-10-02 23:13:35,6.225078125000039,69.44946441650391,0.5612071822285652,965.08,0.063
59.0,-101.0,2026-10-02 23:13:35,6.883828125000036,63.07446441650391,1.6592071822285654,969.12,0.047625
59.0,-100.5,2026-10-02 23:13:35,6.470078125000043,62.849464416503906,5.043207182228565,972.97,0.061
59.0,-100.0,2026-10-02 23:13:35,6.7313281250000045,61.79946441650391,7.473207182228565,978.17,0.059125000000000004
59.0,-99.5,2026-10-02 23:13:35,7.077578125000002,58.474464416503906,10.101207182228565,979.62,0.12587500000000001
59.0,-99.0,2026-10-02 23:13:35,6.613828125000055,61.849464416503906,11.091207182228565,979.4,0.032375
59.0,-98.5,2026-10-02 23:13:35,6.032578125000043,63.29946441650391,13.917207182228566,977.87,0.0725
59.0,-98.0,2026-10-02 23:13:35,5.7763281250000205,62.69946441650391,18.471207182228568,979.01,0.055375
59.0,-97.5,2026-10-02 23:13:35,6.006328125000039,53.974464416503906,20.919207182228565,983.54,0.019125
59.0,-97.0,2026-10-02 23:13:35,5.626328125000043,55.19946441650391,23.241207182228564,985.14,0.110625
59.0,-96.5,2026-10-02 23:13:35,5.64132812500003,57.599464416503906,27.345207182228567,989.97,0.150625
59.0,-96.0,2026-10-02 23:13:35,5.751328125000043,56.94946441650391,26.193207182228566,991.42,0.23275
59.0,-95.5,2026-10-02 23:13:35,6.4188281250000045,56.57446441650391,28.767207182228564,1001.61,0.063
59.0,-95.0,2026-10-02 23:13:35,6.893828125000027,54.474464416503906,28.533207182228566,1006.75,0.038125
59.0,-78.5,2026-10-02 23:13:35,5.853535156250018,77.93765563964844,53.64534604007006,995.85,0.42725
59.0,-78.0,2026-10-02 23:13:35,4.433535156250002,86.33765563964845,36.49134604007006,990.41,1.379
59.0,-77.5,2026-10-02 23:13:35,4.168535156250016,87.96265563964845,34.817346040070056,986.86,5.5485
59.0,-77.0,2026-10-02 23:13:35,4.3197851562500205,86.83765563964845,39.33534604007006,983.85,6.977125
59.0,-76.5,2026-10-02 23:13:35,3.766035156250041,89.21265563964845,34.38534604007006,978.21,7.18875
59.0,-76.0,2026-10-02 23:13:35,3.634785156250018,88.56265563964844,34.24134604007006,975.74,6.595625
59.0,-75.5,2026-10-02 23:13:35,3.426035156250009,85.68765563964844,32.38734604007006,974.61,5.334875
59.0,-75.0,2026-10-02 23:13:35,3.8747851562500273,85.48765563964844,34.16934604007006,976.77,4.92475
59.0,-74.5,2026-10-02 23:13:35,3.471035156250025,88.76265563964844,34.90734604007006,971.32,5.72775
59.0,-74.0,2026-10-02 23:13:35,3.2122851562500045,90.36265563964844,36.23934604007006,969.88,7.913625000000001
59.0,-73.5,2026-10-02 23:13:35,3.41228515625005,90.03765563964845,34.29534604007006,970.3,7.5245
59.0,-73.0,2026-10-02 23:13:35,3.439785156250025,89.56265563964844,33.91734604007006,971.29,7.5455000000000005
59.0,-72.5,2026-10-02 23:13:35,3.701035156250043,85.36265563964844,41.67534604007006,964.55,9.265875
59.0,-72.0,2026-10-02 23:13:35,4.488535156250009,84.66265563964845,44.717346040070055,968.6,9.056125
59.0,-71.5,2026-10-02 23:13:35,3.9935351562500045,84.31265563964844,38.74134604007006,963.61,8.964500000000001
59.0,-71.0,2026-10-02 23:13:35,4.708535156250036,82.68765563964844,38.95734604007006,965.63,8.226375
59.0,-70.5,2026-10-02 23:13:35,4.861035156250011,81.61265563964844,38.48934604007006,967.91,4.961
59.0,-70.0,2026-10-02 23:13:35,6.176035156250009,75.08765563964845,38.83134604007006,974.99,2.7065
59.0,-69.5,2026-10-02 23:13:35,6.749785156250027,68.93765563964844,38.97534604007006,985.15,1.295125
59.0,-69.0,2026-10-02 23:13:35,6.687285156250027,70.83765563964845,44.44734604007006,990.16,0.8316250000000001
59.0,-66.0,2026-10-02 23:13:35,6.200117187500041,77.4796226501465,49.68351832008362,991.28,5.4855
59.0,-65.5,2026-10-02 23:13:35,4.751367187500023,85.67962265014648,38.289518320083616,978.55,9.121
59.0,-65.0,2026-10-02 23:13:35,1.0326171875000227,97.82962265014649,35.301518320083616,931.16,31.10125
59.0,-64.5,2026-10-02 23:13:35,-0.7798828124999773,99.37962265014649,31.575518320083617,904.99,23.5805
59.0,-64.0,2026-10-02 23:13:35,0.7476171875000546,92.62962265014649,31.287518320083617,909.14,16.281125
59.0,-63.5,2026-10-02 23:13:35,4.52511718750003,73.1546226501465,47.97351832008362,941.1,2.529125
59.0,-63.0,2026-10-02 23:13:35,6.448867187500014,72.32962265014649,13.827518320083618,988.91,0.0305
59.5,-138.0,2026-10-02 23:13:35,0.9709375000000477,97.78420639038086,2.1534729033708575,933.31,29.220625000000002
59.5,-137.5,2026-10-02 23:13:35,0.3496875000000159,99.93420639038087,4.8354729033708574,914.7,10.253875
59.5,-137.0,2026-10-02 23:13:35,0.8771875000000477,90.63420639038087,2.2074729033708573,903.2,5.174625
59.5,-136.5,2026-10-02 23:13:35,4.972187500000018,85.73420639038086,2.1174729033708575,924.25,2.75425
59.5,-135.0,2026-10-02 23:13:35,-1.5203124999999886,99.25920639038087,17.83147290337086,838.45,1.932125
59.5,-134.5,2026-10-02 23:13:35,-0.12281249999995225,94.10920639038086,12.593472903370857,852.47,0.433
59.5,-134.0,2026-10-02 23:13:35,1.0959375000000477,86.30920639038087,9.821472903370857,859.64,0.0
59.5,-133.5,2026-10-02 23:13:35,-0.6390624999999659,96.78420639038086,14.105472903370858,853.37,0.001875
59.5,-133.0,2026-10-02 23:13:35,-0.2115624999999568,97.20920639038087,16.35547290337086,855.33,0.055375
59.5,-132.5,2026-10-02 23:13:35,-0.8228124999999977,98.83420639038087,24.689472903370856,847.01,0.352875
59.5,-132.0,2026-10-02 23:13:35,3.222187500000018,78.80920639038087,13.439472903370858,911.81,1.417125
59.5,-131.5,2026-10-02 23:13:35,1.0246875000000273,84.80920639038087,10.307472903370858,864.56,1.2875
59.5,-131.0,2026-10-02 23:13:35,1.3146875000000477,80.53420639038086,12.161472903370859,864.34,1.06425
59.5,-130.5,2026-10-02 23:13:35,-0.9140625,90.45920639038087,17.92147290337086,838.73,2.117125
59.5,-130.0,2026-10-02 23:13:35,0.8859375000000114,79.63420639038087,16.103472903370857,855.31,2.265875
59.5,-129.5,2026-10-02 23:13:35,1.3334375000000023,75.10920639038086,12.395472903370859,857.11,0.177375
59.5,-129.0,2026-10-02 23:13:35,4.017187500000034,69.60920639038086,16.553472903370857,892.36,0.122125
59.5,-128.5,2026-10-02 23:13:35,5.607187500000009,60.209206390380864,8.237472903370858,890.81,0.0
59.5,-128.0,2026-10-02 23:13:35,8.154687500000023,57.35920639038086,5.501472903370857,921.72,0.003875
59.5,-127.5,2026-10-02 23:13:35,7.552187500000002,56.40920639038086,4.8354729033708574,917.39,0.23650000000000002
59.5,-127.0,2026-10-02 23:13:35,7.81218750000005,54.88420639038086,6.905472903370858,917.06,0.8316250000000001
59.5,-126.5,2026-10-02 23:13:35,8.180937500000027,61.75920639038086,3.6834729033708573,918.47,0.3395
59.5,-126.0,2026-10-02 23:13:35,6.677187500000002,64.43420639038087,9.011472903370858,908.72,1.077625
59.5,-125.5,2026-10-02 23:13:35,5.390937500000007,66.70920639038086,11.405472903370859,889.67,0.049625
59.5,-125.0,2026-10-02 23:13:35,7.953437500000007,59.38420639038086,9.011472903370858,918.68,0.0
59.5,-124.5,2026-10-02 23:13:35,9.212187500000027,56.40920639038086,9.911472903370859,938.54,0.0
59.5,-124.0,2026-10-02 23:13:35,11.923437500000034,56.25920639038086,0.9114729033708574,978.37,0.0
59.5,-123.5,2026-10-02 23:13:35,9.993437500000027,54.78420639038086,6.167472903370857,963.65,0.0
59.5,-123.0,2026-10-02 23:13:35,9.694687500000043,53.03420639038086,8.687472903370857,957.33,0.007625
59.5,-122.5,2026-10-02 23:13:35,7.800937500000032,57.934206390380865,9.857472903370859,934.15,0.04
59.5,-122.0,2026-10-02 23:13:35,8.689687500000048,52.65920639038086,13.20547290337086,935.12,0.0
59.5,-121.5,2026-10-02 23:13:35,10.475937500000043,46.709206390380864,11.027472903370857,951.4,0.0
59.5,-121.0,2026-10-02 23:13:35,10.850937500000043,44.584206390380864,8.723472903370858,953.78,0.0
59.5,-120.5,2026-10-02 23:13:35,10.193437500000016,49.834206390380864,8.435472903370858,956.17,0.0
59.5,-120.0,2026-10-02 23:13:35,7.006582031250048,61.971580505371094,6.86213021349907,948.17,0.0
59.5,-119.5,2026-10-02 23:13:35,6.742832031250032,59.7715805053711,11.83013021349907,925.75,0.0
59.5,-119.0,2026-10-02 23:13:35,8.395332031250007,59.346580505371094,6.97013021349907,940.63,0.0
59.5,-118.5,2026-10-02 23:13:35,9.114082031250007,58.2465805053711,7.70813021349907,941.63,0.0
59.5,-118.0,2026-10-02 23:13:35,8.732832031250041,61.946580505371095,9.29213021349907,944.56,0.0
59.5,-117.5,2026-10-02 23:13:35,8.897832031250005,64.8215805053711,7.24013021349907,971.17,0.0305
59.5,-117.0,2026-10-02 23:13:35,8.331582031250036,63.4215805053711,7.4921302134990695,970.99,0.0
59.5,-116.5,2026-10-02 23:13:35,8.47408203125002,63.321580505371095,8.96813021349907,964.13,0.0
59.5,-116.0,2026-10-02 23:13:35,8.59908203125002,60.696580505371095,10.94813021349907,945.31,0.0
59.5,-115.5,2026-10-02 23:13:35,7.594082031250025,60.3715805053711,18.29213021349907,915.22,0.0
59.5,-115.0,2026-10-02 23:13:35,8.551582031250007,58.971580505371094,12.33413021349907,919.72,0.0
59.5,-114.5,2026-10-02 23:13:35,7.9115820312500205,61.1465805053711,10.44413021349907,926.41,0.0
59.5,-114.0,2026-10-02 23:13:35,12.444082031250048,50.6465805053711,2.9921302134990695,969.52,0.0
59.5,-113.5,2026-10-02 23:13:35,10.281582031250025,56.8715805053711,2.0561302134990695,974.45,0.0
59.5,-113.0,2026-10-02 23:13:35,10.496582031250057,59.5465805053711,2.9561302134990695,973.63,0.0
59.5,-112.5,2026-10-02 23:13:35,10.179082031250005,64.64658050537109,3.2801302134990693,975.3,0.0
59.5,-112.0,2026-10-02 23:13:35,9.857832031250041,64.64658050537109,3.3521302134990694,980.92,0.02675
59.5,-111.5,2026-10-02 23:13:35,8.332832031250007,70.5965805053711,3.190130213499069,984.61,0.017125
59.5,-111.0,2026-10-02 23:13:35,7.694082031250048,69.4465805053711,4.43213021349907,980.63,0.01525
59.5,-110.5,2026-10-02 23:13:35,8.229082031250016,70.4215805053711,4.396130213499069,973.95,0.0
59.5,-110.0,2026-10-02 23:13:35,7.7625781250000045,75.44946441650391,3.513207182228565,973.37,0.001875
59.5,-109.5,2026-10-02 23:13:35,7.645078125000055,87.44946441650391,11.829207182228567,985.89,0.0
59.5,-109.0,2026-10-02 23:13:35,7.3113281250000455,86.4744644165039,10.353207182228566,985.53,0.0
59.5,-108.5,2026-10-02 23:13:35,7.221328125000014,84.94946441650391,7.239207182228565,978.89,0.0
59.5,-108.0,2026-10-02 23:13:35,6.116328125000052,83.64946441650392,5.637207182228566,975.17,0.0
59.5,-107.5,2026-10-02 23:13:35,5.313828125000043,86.92446441650391,5.943207182228566,959.34,0.0
59.5,-107.0,2026-10-02 23:13:35,4.756328125000039,89.04946441650391,6.141207182228565,959.39,0.0
59.5,-106.5,2026-10-02 23:13:35,6.242578125000023,78.62446441650391,3.5312071822285653,961.34,0.0
59.5,-106.0,2026-10-02 23:13:35,6.291328125000007,77.2244644165039,2.8112071822285656,959.87,0.0
59.5,-105.5,2026-10-02 23:13:35,6.188828125000043,77.12446441650391,3.2072071822285655,958.09,0.021
59.5,-105.0,2026-10-02 23:13:35,4.987578125000027,76.12446441650391,2.037207182228565,964.28,0.0
59.5,-104.5,2026-10-02 23:13:35,5.92257812500003,73.62446441650391,3.5672071822285654,965.79,0.0095
59.5,-104.0,2026-10-02 23:13:35,6.108828125000002,73.3994644165039,3.3512071822285656,966.4,0.003875
59.5,-103.5,2026-10-02 23:13:35,5.921328125000002,72.37446441650391,2.2892071822285653,960.9,0.019125
59.5,-103.0,2026-10-02 23:13:35,5.508828125000036,75.5994644165039,2.3792071822285656,959.89,0.02475
59.5,-102.5,2026-10-02 23:13:35,5.86007812500003,68.99946441650391,1.2272071822285653,962.45,0.021
59.5,-102.0,2026-10-02 23:13:35,5.690078125000014,63.69946441650391,3.9632071822285653,961.44,0.043875000000000004
59.5,-101.5,2026-10-02 23:13:35,5.782578125000043,64.12446441650391,4.665207182228565,964.76,0.019125
59.5,-101.0,2026-10-02 23:13:35,5.6063281250000045,63.69946441650391,8.103207182228566,966.54,0.5245
59.5,-100.5,2026-10-02 23:13:35,6.130078125000011,62.67446441650391,9.525207182228566,973.64,0.515
59.5,-100.0,2026-10-02 23:13:35,5.3250781250000045,70.5244644165039,12.531207182228567,976.81,0.099125
59.5,-99.5,2026-10-02 23:13:35,5.206328125000027,69.67446441650391,14.043207182228565,975.69,0.461625
59.5,-99.0,2026-10-02 23:13:35,5.202578125000002,61.17446441650391,16.923207182228566,973.98,0.141125
59.5,-98.5,2026-10-02 23:13:35,4.978828125000007,58.32446441650391,19.677207182228567,975.36,0.09725
59.5,-98.0,2026-10-02 23:13:35,4.957578125000055,58.54946441650391,20.343207182228564,978.44,0.228875
59.5,-97.5,2026-10-02 23:13:35,4.36007812500003,61.17446441650391,23.061207182228564,974.89,0.57225
59.5,-97.0,2026-10-02 23:13:35,4.803828125000052,61.82446441650391,24.195207182228568,983.65,0.37
59.5,-96.5,2026-10-02 23:13:35,5.568828125000039,58.849464416503906,26.211207182228566,990.7,0.0305
59.5,-96.0,2026-10-02 23:13:35,6.032578125000043,54.27446441650391,27.723207182228567,994.9,0.05725
59.5,-95.5,2026-10-02 23:13:35,5.315078125000014,56.52446441650391,27.237207182228566,1000.47,0.068625
59.5,-95.0,2026-10-02 23:13:35,5.412578125000039,61.92446441650391,29.54120718222857,1005.78,0.06675
59.5,-80.5,2026-10-02 23:13:35,5.2625781250000045,79.29946441650391,55.299207182228564,994.83,0.253625
59.5,-78.0,2026-10-02 23:13:35,6.203535156250041,73.78765563964843,54.22134604007006,993.43,0.440625
59.5,-77.5,2026-10-02 23:13:35,5.892285156250011,77.33765563964845,49.19934604007006,992.55,2.946875
59.5,-77.0,2026-10-02 23:13:35,4.708535156250036,85.66265563964845,37.04934604007006,985.04,8.071875
59.5,-76.5,2026-10-02 23:13:35,4.2747851562500045,85.51265563964844,38.05734604007006,981.61,6.51175
59.5,-76.0,2026-10-02 23:13:35,3.9860351562500114,86.91265563964845,35.53734604007006,977.05,4.558625
59.5,-75.5,2026-10-02 23:13:35,4.19353515625005,87.81265563964844,39.58734604007006,976.97,5.5981250000000005
59.5,-75.0,2026-10-02 23:13:35,3.3122851562500273,90.38765563964844,36.92334604007006,968.44,9.0885
59.5,-74.5,2026-10-02 23:13:35,4.779785156250057,87.48765563964844,48.96534604007006,975.47,6.326625
59.5,-74.0,2026-10-02 23:13:35,4.043535156250016,86.88765563964844,39.67734604007006,972.05,6.30575
59.5,-73.5,2026-10-02 23:13:35,3.627285156250025,87.43765563964844,36.34734604007006,968.1,8.06425
59.5,-73.0,2026-10-02 23:13:35,4.082285156250009,85.03765563964845,39.353346040070065,967.88,9.159125
59.5,-72.5,2026-10-02 23:13:35,3.5310351562500273,87.71265563964845,38.381346040070056,960.83,8.474375
59.5,-72.0,2026-10-02 23:13:35,4.374785156250027,83.41265563964845,38.345346040070055,967.94,7.268875
59.5,-71.5,2026-10-02 23:13:35,4.021035156250036,84.01265563964844,37.71534604007006,963.74,6.507875
59.5,-71.0,2026-10-02 23:13:35,4.064785156250025,83.63765563964844,37.71534604007006,962.54,5.76025
59.5,-70.5,2026-10-02 23:13:35,4.533535156250025,83.08765563964845,38.57934604007006,967.76,3.64875
59.5,-70.0,2026-10-02 23:13:35,5.029785156250057,81.93765563964844,38.45334604007006,975.77,1.8138750000000001
59.5,-65.5,2026-10-02 23:13:35,5.063867187500023,82.82962265014649,53.24751832008362,988.61,5.304375
59.5,-65.0,2026-10-02 23:13:35,0.23386718750003865,99.50462265014649,38.97351832008362,927.21,42.656
59.5,-64.5,2026-10-02 23:13:35,-0.38363281249996817,94.70462265014649,27.20151832008362,907.66,27.790125
59.5,-64.0,2026-10-02 23:13:35,0.8376171875000296,95.4796226501465,40.35951832008362,918.16,7.29375
60.0,-139.0,2026-10-02 23:13:35,-4.475312499999973,98.58420639038087,13.025472903370858,828.08,51.267625
60.0,-138.5,2026-10-02 23:13:35,-3.261562499999968,98.85920639038086,6.869472903370857,858.01,23.632
60.0,-138.0,2026-10-02 23:13:35,-0.7265625,90.28420639038086,7.103472903370857,880.25,24.60475
60.0,-137.5,2026-10-02 23:13:35,-1.3328124999999886,88.28420639038086,11.549472903370857,858.17,12.384375
60.0,-137.0,2026-10-02 23:13:35,-2.617812499999957,92.35920639038086,13.097472903370857,833.59,7.09725
60.0,-136.5,2026-10-02 23:13:35,-2.441562499999975,90.60920639038086,15.923472903370858,831.26,2.082875
60.0,-136.0,2026-10-02 23:13:35,-2.3640624999999886,87.83420639038087,14.249472903370856,827.68,2.9526250000000003
60.0,-135.5,2026-10-02 23:13:35,-2.334062499999959,90.38420639038087,15.347472903370857,819.92,0.166
60.0,-135.0,2026-10-02 23:13:35,1.3146875000000477,91.35920639038086,12.773472903370859,877.48,0.11825000000000001
60.0,-134.5,2026-10-02 23:13:35,-0.15406249999995225,95.38420639038087,8.075472903370857,859.73,0.0
60.0,-134.0,2026-10-02 23:13:35,3.038437500000043,88.50920639038087,7.427472903370857,901.75,0.0
60.0,-133.5,2026-10-02 23:13:35,4.055937500000027,71.85920639038086,4.2054729033708576,902.93,0.0
60.0,-133.0,2026-10-02 23:13:35,5.482187500000009,65.13420639038087,7.211472903370859,903.36,0.0
60.0,-132.5,2026-10-02 23:13:35,2.925937500000032,76.85920639038086,15.167472903370859,897.56,0.022875
60.0,-132.0,2026-10-02 23:13:35,2.5334375000000477,80.48420639038086,17.39947290337086,897.76,0.003875
60.0,-131.5,2026-10-02 23:13:35,0.5871875000000273,88.60920639038086,15.347472903370857,863.92,0.074375
60.0,-131.0,2026-10-02 23:13:35,3.800937500000032,70.10920639038086,12.341472903370859,882.65,0.888875
60.0,-130.5,2026-10-02 23:13:35,-1.209062499999959,88.75920639038087,18.76747290337086,829.48,2.964
60.0,-130.0,2026-10-02 23:13:35,4.329687500000034,63.934206390380865,8.597472903370857,888.87,0.110625
60.0,-129.5,2026-10-02 23:13:35,4.734687500000007,66.00920639038087,7.211472903370859,904.18,0.0115
60.0,-129.0,2026-10-02 23:13:35,7.114687500000002,60.40920639038086,7.103472903370857,920.14,0.053375
60.0,-128.5,2026-10-02 23:13:35,7.21843750000005,61.88420639038086,6.545472903370857,926.01,0.22125
60.0,-128.0,2026-10-02 23:13:35,6.368437500000027,64.30920639038087,6.113472903370858,922.61,0.614125
60.0,-127.5,2026-10-02 23:13:35,6.842187500000023,66.00920639038087,5.501472903370857,931.53,0.598875
60.0,-127.0,2026-10-02 23:13:35,5.273437500000057,70.78420639038086,9.299472903370857,904.58,0.326125
60.0,-126.5,2026-10-02 23:13:35,6.922187500000007,62.834206390380864,9.551472903370858,915.12,0.049625
60.0,-126.0,2026-10-02 23:13:35,4.863437500000032,70.73420639038086,11.495472903370858,892.86,0.1945
60.0,-125.5,2026-10-02 23:13:35,6.419687500000009,63.90920639038086,11.999472903370856,905.64,0.0115
60.0,-125.0,2026-10-02 23:13:35,4.15593750000005,72.55920639038087,15.905472903370859,874.04,0.0
60.0,-124.5,2026-10-02 23:13:35,9.544687500000009,54.684206390380865,5.645472903370857,962.4,0.0
60.0,-124.0,2026-10-02 23:13:35,9.064687500000048,55.88420639038086,8.489472903370858,955.28,0.0
60.0,-123.5,2026-10-02 23:13:35,8.850937500000043,53.73420639038086,10.289472903370859,953.89,0.0
60.0,-123.0,2026-10-02 23:13:35,9.503437500000018,53.38420639038086,9.119472903370857,962.72,0.0
60.0,-122.5,2026-10-02 23:13:35,9.287187500000016,53.73420639038086,9.353472903370857,961.67,0.0
60.0,-122.0,2026-10-02 23:13:35,9.388437500000009,52.63420639038086,8.921472903370857,956.84,0.0
60.0,-121.5,2026-10-02 23:13:35,7.979687500000011,58.75920639038086,6.545472903370857,947.89,0.0
60.0,-121.0,2026-10-02 23:13:35,7.388437500000009,58.209206390380864,10.361472903370858,934.26,0.0
60.0,-120.5,2026-10-02 23:13:35,9.342187500000023,55.13420639038086,9.353472903370857,945.61,0.05725
60.0,-120.0,2026-10-02 23:13:35,8.27658203125003,63.5465805053711,6.52013021349907,955.31,0.007625
60.0,-119.5,2026-10-02 23:13:35,6.797832031250039,65.5965805053711,8.05013021349907,944.69,0.0
60.0,-119.0,2026-10-02 23:13:35,7.08908203125003,66.9965805053711,10.76813021349907,939.36,0.043875000000000004
60.0,-118.5,2026-10-02 23:13:35,6.975332031250048,68.1215805053711,9.92213021349907,942.17,0.001875
60.0,-118.0,2026-10-02 23:13:35,6.934082031250057,63.446580505371095,6.9521302134990695,932.24,0.02675
60.0,-117.5,2026-10-02 23:13:35,7.211582031250032,59.4215805053711,8.95013021349907,925.0,0.007625
60.0,-117.0,2026-10-02 23:13:35,9.366582031250005,65.14658050537109,5.7101302134990695,974.02,0.001875
60.0,-116.5,2026-10-02 23:13:35,8.429082031250005,65.7965805053711,6.86213021349907,974.91,0.0
60.0,-116.0,2026-10-02 23:13:35,7.979082031250016,66.7965805053711,7.24013021349907,976.06,0.0
60.0,-115.5,2026-10-02 23:13:35,8.729082031250016,62.0465805053711,9.11213021349907,975.67,0.0
60.0,-115.0,2026-10-02 23:13:35,8.729082031250016,62.096580505371094,13.16213021349907,973.24,0.0
60.0,-114.5,2026-10-02 23:13:35,9.121582031250057,61.1465805053711,9.58013021349907,975.56,0.0
60.0,-114.0,2026-10-02 23:13:35,9.389082031250041,60.3965805053711,8.91413021349907,974.41,0.0
60.0,-113.5,2026-10-02 23:13:35,9.361582031250009,61.971580505371094,7.420130213499069,976.56,0.0
60.0,-113.0,2026-10-02 23:13:35,9.204082031250039,62.7715805053711,6.68213021349907,980.74,0.0
60.0,-112.5,2026-10-02 23:13:35,8.83908203125003,63.5465805053711,6.53813021349907,980.75,0.047625
60.0,-112.0,2026-10-02 23:13:35,9.409082031250023,61.196580505371095,7.4921302134990695,986.35,0.007625
60.0,-111.5,2026-10-02 23:13:35,8.22408203125002,68.8215805053711,5.764130213499069,983.05,0.007625
60.0,-111.0,2026-10-02 23:13:35,8.176582031250007,70.27158050537109,5.638130213499069,978.13,0.0
60.0,-110.5,2026-10-02 23:13:35,7.471582031250023,73.8715805053711,5.800130213499069,972.8,0.019125
60.0,-110.0,2026-10-02 23:13:35,7.023828125000023,86.2244644165039,7.473207182228565,969.06,0.0
60.0,-109.5,2026-10-02 23:13:35,8.603828125000007,79.3494644165039,10.911207182228566,966.01,0.0
60.0,-109.0,2026-10-02 23:13:35,5.661328125000011,91.29946441650391,7.2032071822285655,960.59,0.007625
60.0,-108.5,2026-10-02 23:13:35,4.768828125000027,89.14946441650392,7.995207182228565,957.83,0.0095
60.0,-108.0,2026-10-02 23:13:35,5.122578125000018,84.99946441650391,7.761207182228565,957.31,0.013375
60.0,-107.5,2026-10-02 23:13:35,6.376328125000043,77.32446441650391,7.257207182228567,955.19,0.007625
60.0,-107.0,2026-10-02 23:13:35,6.018828125000027,81.5994644165039,11.487207182228566,951.84,0.101125
60.0,-106.5,2026-10-02 23:13:35,5.602578125000036,81.87446441650391,9.525207182228566,955.06,0.10675
60.0,-106.0,2026-10-02 23:13:35,4.5888281250000205,86.32446441650391,7.959207182228566,957.23,0.0
60.0,-105.5,2026-10-02 23:13:35,4.408828125000014,82.67446441650391,6.9692071822285655,957.22,0.0
60.0,-105.0,2026-10-02 23:13:35,4.741328125000052,81.32446441650391,5.061207182228565,959.04,0.001875
60.0,-104.5,2026-10-02 23:13:35,5.645078125000055,71.74946441650391,4.323207182228566,965.23,0.003875
60.0,-104.0,2026-10-02 23:13:35,5.020078125000055,78.32446441650391,2.2352071822285655,963.28,0.013375
60.0,-103.5,2026-10-02 23:13:35,5.252578125000014,73.2744644165039,3.3872071822285656,961.4,0.034375
60.0,-103.0,2026-10-02 23:13:35,5.571328125000036,72.3494644165039,3.9632071822285653,966.12,0.003875
60.0,-102.5,2026-10-02 23:13:35,4.992578125000023,74.82446441650391,5.385207182228565,965.12,0.04575
60.0,-102.0,2026-10-02 23:13:35,5.475078125000039,69.82446441650391,7.293207182228565,971.73,0.1545
60.0,-101.5,2026-10-02 23:13:35,4.73507812500003,71.92446441650391,11.055207182228566,963.72,0.9898750000000001
60.0,-101.0,2026-10-02 23:13:35,4.383828125000036,75.07446441650391,7.059207182228565,965.23,0.177375
60.0,-100.5,2026-10-02 23:13:35,4.286328125000011,66.82446441650391,10.803207182228565,973.06,0.410125
60.0,-100.0,2026-10-02 23:13:35,4.341328125000018,65.49946441650391,13.485207182228566,978.69,0.238375
60.0,-99.5,2026-10-02 23:13:35,4.037578125000039,65.69946441650391,16.185207182228567,974.44,0.616125
60.0,-99.0,2026-10-02 23:13:35,3.9563281250000273,66.0244644165039,19.425207182228565,973.0,0.70375
60.0,-98.5,2026-10-02 23:13:35,3.5438281250000045,62.42446441650391,20.955207182228566,972.83,0.97275
60.0,-98.0,2026-10-02 23:13:35,3.9713281250000136,62.69946441650391,25.995207182228565,978.09,0.122125
60.0,-97.5,2026-10-02 23:13:35,4.001328125000043,62.89946441650391,24.249207182228567,978.7,0.08775000000000001
60.0,-97.0,2026-10-02 23:13:35,4.662578125000039,58.32446441650391,27.003207182228568,982.01,0.116375
60.0,-96.5,2026-10-02 23:13:35,4.510078125000007,61.724464416503906,28.587207182228568,988.01,0.185
60.0,-96.0,2026-10-02 23:13:35,4.341328125000018,66.92446441650391,26.355207182228565,991.51,0.120125
60.0,-95.5,2026-10-02 23:13:35,5.2625781250000045,59.62446441650391,29.235207182228564,998.01,0.246
60.0,-95.0,2026-10-02 23:13:35,5.688828125000043,56.62446441650391,32.20520718222857,1004.79,0.07625
60.0,-77.5,2026-10-02 23:13:35,6.277285156250002,79.71265563964845,57.731346040070065,990.8,3.6545
60.0,-77.0,2026-10-02 23:13:35,5.052285156250036,87.08765563964845,39.443346040070054,986.35,3.1815
60.0,-76.5,2026-10-02 23:13:35,4.1635351562500205,92.96265563964845,38.777346040070064,976.49,4.25725
60.0,-76.0,2026-10-02 23:13:35,4.56853515625005,90.56265563964844,39.119346040070056,978.68,3.336
60.0,-75.5,2026-10-02 23:13:35,4.583535156250036,88.48765563964844,43.54734604007006,973.61,3.88525
60.0,-75.0,2026-10-02 23:13:35,3.97478515625005,90.23765563964844,41.15334604007006,967.51,5.77925
60.0,-74.5,2026-10-02 23:13:35,3.572285156250018,92.91265563964845,39.15534604007006,965.49,7.5512500000000005
60.0,-74.0,2026-10-02 23:13:35,3.4372851562500273,94.13765563964844,37.93134604007005,965.11,7.5912500000000005
60.0,-73.5,2026-10-02 23:13:35,3.516035156250041,94.21265563964845,36.833346040070055,965.44,6.61275
60.0,-73.0,2026-10-02 23:13:35,3.1872851562500273,95.01265563964844,36.11334604007006,960.43,8.653625
60.0,-72.5,2026-10-02 23:13:35,3.894785156250009,93.28765563964845,32.909346040070055,967.38,6.8263750000000005
60.0,-72.0,2026-10-02 23:13:35,3.9585351562500364,93.58765563964845,35.42934604007006,967.71,5.489375
60.0,-71.5,2026-10-02 23:13:35,3.3335351562500364,94.76265563964844,36.97734604007006,958.05,5.60375
60.0,-71.0,2026-10-02 23:13:35,4.2435351562500045,91.38765563964844,36.05934604007006,966.74,3.4275
60.0,-70.5,2026-10-02 23:13:35,5.516035156250041,85.21265563964845,43.16934604007006,977.52,1.62125
60.0,-70.0,2026-10-02 23:13:35,5.988535156250009,81.38765563964844,47.02134604007006,988.15,0.6695
60.0,-65.0,2026-10-02 23:13:35,3.918867187500041,90.05462265014648,55.87551832008362,978.77,8.606
60.0,-64.5,2026-10-02 23:13:35,1.700117187500041,99.4046226501465,50.061518320083614,944.94,12.844125
60.0,-64.0,2026-10-02 23:13:35,4.292617187500014,87.1046226501465,47.721518320083625,986.11,1.5965
60.5,-141.0,2026-10-02 23:13:35,-14.660312499999975,75.58420639038086,5.717472903370857,757.47,2.477625
60.5,-140.5,2026-10-02 23:13:35,-11.979062499999998,85.90920639038086,1.2534729033708574,776.01,0.74
60.5,-140.0,2026-10-02 23:13:35,-8.497812499999952,90.03420639038086,4.403472903370857,799.03,8.983625
60.5,-139.5,2026-10-02 23:13:35,-4.756562499999973,96.43420639038087,4.961472903370858,836.06,4.3965000000000005
60.5,-139.0,2026-10-02 23:13:35,-15.529062499999952,81.13420639038087,18.96547290337086,698.15,5.495125
60.5,-138.5,2026-10-02 23:13:35,-11.746562499999982,61.78420639038086,6.6894729033708575,782.9,4.953375
60.5,-138.0,2026-10-02 23:13:35,-3.236562499999991,86.83420639038087,6.491472903370858,839.18,3.305375
60.5,-137.5,2026-10-02 23:13:35,-1.4265624999999886,92.10920639038086,10.109472903370857,862.56,5.844125
60.5,-137.0,2026-10-02 23:13:35,4.93718750000005,74.33420639038086,16.679472903370858,937.95,1.7510000000000001
60.5,-136.5,2026-10-02 23:13:35,-2.21906249999995,86.40920639038086,22.45747290337086,839.75,1.995125
60.5,-136.0,2026-10-02 23:13:35,1.8321875000000318,64.10920639038086,16.445472903370856,864.14,0.15637500000000001
60.5,-135.5,2026-10-02 23:13:35,1.2296875000000114,65.05920639038087,21.28747290337086,849.25,0.051500000000000004
60.5,-135.0,2026-10-02 23:13:35,5.413437500000043,65.03420639038086,11.117472903370858,889.42,0.003875
60.5,-134.5,2026-10-02 23:13:35,6.288437500000043,70.63420639038087,8.777472903370857,920.72,0.0
60.5,-134.0,2026-10-02 23:13:35,0.9471875000000409,89.60920639038086,9.911472903370859,880.68,0.04575
60.5,-133.5,2026-10-02 23:13:35,1.7709375000000023,85.38420639038087,4.8354729033708574,903.18,0.00575
60.5,-133.0,2026-10-02 23:13:35,-2.0390625,98.53420639038086,11.909472903370858,849.42,0.07825
60.5,-132.5,2026-10-02 23:13:35,1.308437500000025,85.48420639038086,8.633472903370858,890.84,0.022875
60.5,-132.0,2026-10-02 23:13:35,-1.7878124999999727,93.95920639038087,18.695472903370856,833.09,0.02675
60.5,-131.5,2026-10-02 23:13:35,-1.931562499999984,96.88420639038087,17.885472903370857,833.9,0.082
60.5,-131.0,2026-10-02 23:13:35,-1.0590624999999818,91.43420639038087,14.447472903370858,839.43,0.047625
60.5,-130.5,2026-10-02 23:13:35,0.21218750000002728,81.30920639038087,14.933472903370857,849.17,0.003875
60.5,-130.0,2026-10-02 23:13:35,1.829687500000034,77.60920639038086,3.809472903370857,910.29,0.0
60.5,-129.5,2026-10-02 23:13:35,4.40593750000005,67.38420639038087,2.6754729033708573,921.45,0.17925
60.5,-129.0,2026-10-02 23:13:35,1.745937500000025,75.85920639038086,8.975472903370857,876.42,0.343375
60.5,-128.5,2026-10-02 23:13:35,3.765937500000007,69.30920639038087,8.867472903370858,888.09,0.362375
60.5,-128.0,2026-10-02 23:13:35,3.697187500000041,71.93420639038087,10.145472903370859,884.4,0.146875
60.5,-127.5,2026-10-02 23:13:35,5.479687500000011,67.78420639038086,4.637472903370857,915.48,1.062375
60.5,-127.0,2026-10-02 23:13:35,3.1359375000000114,73.58420639038086,8.435472903370858,879.34,2.636
60.5,-126.5,2026-10-02 23:13:35,3.745937500000025,70.08420639038086,9.101472903370858,877.58,3.19475
60.5,-126.0,2026-10-02 23:13:35,4.579687500000034,70.05920639038087,2.6214729033708575,916.76,1.546875
60.5,-125.5,2026-10-02 23:13:35,5.947187500000041,62.90920639038086,5.591472903370858,918.76,0.553125
60.5,-125.0,2026-10-02 23:13:35,5.015937500000007,63.60920639038086,1.3434729033708575,912.17,0.23075
60.5,-124.5,2026-10-02 23:13:35,2.359687500000007,67.60920639038086,15.31147290337086,859.61,0.07062500000000001
60.5,-124.0,2026-10-02 23:13:35,8.234687500000007,49.709206390380864,3.0174729033708574,953.48,0.0
60.5,-123.5,2026-10-02 23:13:35,6.1928320312500205,65.52158050537109,3.6221302134990694,982.25,0.0
60.5,-123.0,2026-10-02 23:13:35,5.512832031250014,66.3465805053711,3.0101302134990693,955.91,0.0
60.5,-122.5,2026-10-02 23:13:35,5.576582031250041,63.7465805053711,2.9921302134990695,946.83,0.0
60.5,-122.0,2026-10-02 23:13:35,6.669082031250014,58.0215805053711,5.800130213499069,936.0,0.0
60.5,-121.5,2026-10-02 23:13:35,7.749082031250055,56.9215805053711,11.77613021349907,951.67,0.0
60.5,-121.0,2026-10-02 23:13:35,7.471582031250023,55.6465805053711,7.5641302134990696,949.1,0.0
60.5,-120.5,2026-10-02 23:13:35,6.6340820312500455,65.0965805053711,7.47413021349907,940.06,0.0
60.5,-120.0,2026-10-02 23:13:35,6.950332031250014,61.471580505371094,8.014130213499069,934.39,0.0
60.5,-119.5,2026-10-02 23:13:35,7.5403320312500455,65.7215805053711,5.81813021349907,965.52,0.0
60.5,-119.0,2026-10-02 23:13:35,8.280332031250055,59.446580505371095,6.89813021349907,971.38,0.0
60.5,-118.5,2026-10-02 23:13:35,8.301582031250007,60.7715805053711,7.67213021349907,975.52,0.0
60.5,-118.0,2026-10-02 23:13:35,8.147832031250005,62.346580505371094,12.62213021349907,976.22,0.0
60.5,-117.5,2026-10-02 23:13:35,6.844082031250025,71.2965805053711,17.24813021349907,977.42,0.0
60.5,-117.0,2026-10-02 23:13:35,7.887832031250014,61.721580505371094,10.71413021349907,975.0,0.0
60.5,-116.5,2026-10-02 23:13:35,8.895332031250007,58.5465805053711,9.81413021349907,976.3,0.049625
60.5,-116.0,2026-10-02 23:13:35,9.522832031250005,59.1465805053711,6.86213021349907,980.25,0.0
60.5,-115.5,2026-10-02 23:13:35,8.760332031250016,61.571580505371095,7.76213021349907,978.64,0.0
60.5,-115.0,2026-10-02 23:13:35,8.65158203125003,62.696580505371095,8.51813021349907,978.2,0.0
60.5,-114.5,2026-10-02 23:13:35,8.576582031250041,63.346580505371094,8.82413021349907,977.97,0.0
60.5,-114.0,2026-10-02 23:13:35,9.391582031250039,60.1215805053711,7.870130213499069,983.36,0.0
60.5,-113.5,2026-10-02 23:13:35,9.229082031250016,64.5465805053711,6.61013021349907,987.31,0.0
60.5,-113.0,2026-10-02 23:13:35,8.940332031250023,67.2965805053711,5.332130213499069,989.03,0.0
60.5,-112.5,2026-10-02 23:13:35,7.999082031250055,71.27158050537109,6.82613021349907,989.45,0.10300000000000001
60.5,-112.0,2026-10-02 23:13:35,7.4603320312500045,74.7965805053711,4.378130213499069,986.94,0.0305
60.5,-111.5,2026-10-02 23:13:35,7.184082031250057,76.27158050537109,4.486130213499069,980.91,0.095375
60.5,-111.0,2026-10-02 23:13:35,6.926582031250007,77.5715805053711,6.10613021349907,975.67,0.074375
60.5,-110.5,2026-10-02 23:13:35,7.422832031250039,74.9465805053711,5.0081302134990695,973.45,0.047625
60.5,-110.0,2026-10-02 23:13:35,7.1615820312500205,81.0715805053711,7.52813021349907,967.22,0.038125
60.5,-109.5,2026-10-02 23:13:35,8.264082031250041,82.7965805053711,8.44613021349907,967.64,0.10300000000000001
60.5,-109.0,2026-10-02 23:13:35,5.7103320312500045,92.0215805053711,7.70813021349907,961.7,0.87925
60.5,-108.5,2026-10-02 23:13:35,4.805332031250032,89.3965805053711,8.33813021349907,956.74,4.2935
60.5,-108.0,2026-10-02 23:13:35,4.777832031250057,89.6215805053711,12.47813021349907,952.42,9.708375
60.5,-107.5,2026-10-02 23:13:35,5.49533203125003,86.3715805053711,12.244130213499071,953.1,7.227
60.5,-107.0,2026-10-02 23:13:35,5.749082031250055,85.0965805053711,11.00213021349907,952.02,1.377125
60.5,-106.5,2026-10-02 23:13:35,5.492832031250032,85.1215805053711,8.57213021349907,956.94,0.27275
60.5,-106.0,2026-10-02 23:13:35,5.594082031250025,80.6465805053711,7.90613021349907,958.5,0.00575
60.5,-105.5,2026-10-02 23:13:35,5.5228320312500045,78.4715805053711,7.348130213499069,958.55,0.0
60.5,-105.0,2026-10-02 23:13:35,5.4115820312500205,74.9715805053711,6.44813021349907,956.63,0.003875
60.5,-104.5,2026-10-02 23:13:35,6.037832031250048,71.5715805053711,3.9461302134990697,967.2,0.001875
60.5,-104.0,2026-10-02 23:13:35,5.717832031250055,70.6215805053711,3.7121302134990697,968.39,0.04
60.5,-103.5,2026-10-02 23:13:35,5.169082031250014,69.6715805053711,6.142130213499069,967.33,0.225125
60.5,-103.0,2026-10-02 23:13:35,5.184082031250057,72.5715805053711,6.196130213499069,968.8,0.14875
60.5,-102.5,2026-10-02 23:13:35,5.299082031250009,65.6215805053711,9.34613021349907,971.31,0.089625
60.5,-102.0,2026-10-02 23:13:35,4.676582031250007,69.8215805053711,10.24613021349907,971.53,0.23075
60.5,-101.5,2026-10-02 23:13:35,2.6497851562500045,76.71265563964845,10.427346040070057,963.15,0.07625
60.5,-101.0,2026-10-02 23:13:35,2.78728515625005,73.28765563964843,12.821346040070058,967.32,0.326125
60.5,-100.5,2026-10-02 23:13:35,3.201035156250043,73.56265563964844,14.873346040070059,970.79,0.682875
60.5,-100.0,2026-10-02 23:13:35,2.9547851562500114,76.83765563964845,20.39934604007006,971.66,0.7000000000000001
60.5,-99.5,2026-10-02 23:13:35,3.3372851562500045,73.76265563964844,23.639346040070055,978.1,0.1545
60.5,-99.0,2026-10-02 23:13:35,2.7047851562500114,71.08765563964845,21.569346040070055,972.83,0.22125
60.5,-98.5,2026-10-02 23:13:35,3.1835351562500023,68.53765563964843,22.23534604007006,975.72,0.227
60.5,-98.0,2026-10-02 23:13:35,4.398535156250034,65.98765563964844,25.439346040070056,985.54,0.16025
60.5,-97.5,2026-10-02 23:13:35,4.19353515625005,68.36265563964844,26.86134604007006,990.29,0.137375
60.5,-97.0,2026-10-02 23:13:35,3.2397851562500364,73.11265563964844,26.33934604007006,988.47,0.198375
60.5,-96.5,2026-10-02 23:13:35,4.5872851562500045,66.28765563964843,31.52334604007006,992.61,0.280375
60.5,-96.0,2026-10-02 23:13:35,4.718535156250027,62.23765563964844,31.217346040070055,992.68,0.13925
60.5,-95.5,2026-10-02 23:13:35,4.843535156250027,68.26265563964844,34.54734604007006,998.79,0.2575
60.5,-95.0,2026-10-02 23:13:35,5.297285156250041,62.26265563964844,32.26134604007006,1003.43,0.20975
60.5,-94.5,2026-10-02 23:13:35,4.668535156250016,68.58765563964845,41.44134604007006,1007.52,0.053375
60.5,-77.5,2026-10-02 23:13:35,5.066035156250052,92.56265563964844,36.257346040070054,986.13,1.720375
60.5,-77.0,2026-10-02 23:13:35,4.402285156250002,95.16265563964845,33.77334604007006,976.94,3.0765000000000002
60.5,-76.5,2026-10-02 23:13:35,4.736035156250011,92.68765563964844,37.967346040070055,977.27,3.177625
60.5,-76.0,2026-10-02 23:13:35,4.047285156250041,94.68765563964844,36.34734604007006,968.77,3.225375
60.5,-75.5,2026-10-02 23:13:35,3.804785156250034,95.81265563964844,38.68734604007006,960.61,4.598625
60.5,-75.0,2026-10-02 23:13:35,3.576035156250043,96.51265563964844,38.66934604007006,959.58,3.274875
60.5,-74.5,2026-10-02 23:13:35,3.1497851562500045,96.48765563964844,39.443346040070054,952.63,5.550375
60.5,-74.0,2026-10-02 23:13:35,3.16228515625005,95.63765563964844,38.83134604007006,952.35,6.7558750000000005
60.5,-73.5,2026-10-02 23:13:35,4.242285156250034,92.33765563964845,48.55134604007006,956.77,5.874625
60.5,-73.0,2026-10-02 23:13:35,3.0797851562500114,94.91265563964845,39.96534604007006,947.99,10.747875
60.5,-72.5,2026-10-02 23:13:35,3.137285156250016,94.03765563964845,37.53534604007006,949.07,7.846875
60.5,-72.0,2026-10-02 23:13:35,3.547285156250041,91.06265563964844,36.311346040070056,951.29,7.1926250000000005
60.5,-71.5,2026-10-02 23:13:35,3.8297851562500114,89.81265563964844,37.35534604007005,951.94,6.69675
60.5,-71.0,2026-10-02 23:13:35,4.003535156250052,89.66265563964845,35.735346040070056,953.91,3.9215
60.5,-70.5,2026-10-02 23:13:35,4.847285156250052,87.38765563964844,33.73734604007006,962.1,1.36375
60.5,-70.0,2026-10-02 23:13:35,5.5247851562500045,85.63765563964844,34.90734604007006,968.41,0.7095
60.5,-68.0,2026-10-02 23:13:35,4.586035156250034,91.73765563964844,40.86534604007006,965.97,4.484125
60.5,-65.0,2026-10-02 23:13:35,3.6147851562500364,94.26265563964844,48.06534604007006,985.18,3.353125
60.5,-64.5,2026-10-02 23:13:35,3.6460351562500364,93.66265563964845,53.015346040070064,984.72,7.1125
61.0,-141.0,2026-10-02 23:13:35,-12.167812499999968,90.83420639038087,1.2354729033708574,797.79,1.382875
61.0,-140.5,2026-10-02 23:13:35,-24.662812499999973,57.28420639038086,8.345472903370858,623.53,4.783625
61.0,-140.0,2026-10-02 23:13:35,-19.28156249999998,89.45920639038087,15.095472903370856,656.51,1.9092500000000001
61.0,-139.5,2026-10-02 23:13:35,-16.244062499999984,62.35920639038086,9.929472903370858,731.83,0.017125
61.0,-139.0,2026-10-02 23:13:35,-10.5078125,81.95920639038087,12.287472903370857,768.29,0.007625
61.0,-138.5,2026-10-02 23:13:35,0.46718750000002274,87.50920639038087,5.339472903370857,906.03,0.0
61.0,-138.0,2026-10-02 23:13:35,-1.6315624999999727,88.58420639038087,2.3334729033708577,860.23,0.26325
61.0,-137.5,2026-10-02 23:13:35,-3.482812499999966,86.80920639038087,9.677472903370857,836.18,2.38225
61.0,-137.0,2026-10-02 23:13:35,3.110937500000034,61.934206390380865,9.353472903370857,897.54,0.322375
61.0,-136.5,2026-10-02 23:13:35,5.488437500000032,51.38420639038086,9.479472903370858,913.5,0.146875
61.0,-136.0,2026-10-02 23:13:35,2.203437500000007,62.88420639038086,15.779472903370857,876.34,0.30325
61.0,-135.5,2026-10-02 23:13:35,0.7221875000000182,62.65920639038086,20.243472903370858,853.15,0.1335
61.0,-135.0,2026-10-02 23:13:35,6.860937500000034,52.98420639038086,11.873472903370859,921.51,0.051500000000000004
61.0,-134.5,2026-10-02 23:13:35,5.912187500000016,61.03420639038086,11.405472903370859,902.45,0.055375
61.0,-134.0,2026-10-02 23:13:35,2.832187500000032,77.23420639038086,9.407472903370858,886.93,0.30325
61.0,-133.5,2026-10-02 23:13:35,-0.504062499999975,86.05920639038087,10.163472903370858,848.09,1.041375
61.0,-133.0,2026-10-02 23:13:35,2.9621875000000273,81.30920639038087,11.153472903370858,918.06,0.02475
61.0,-132.5,2026-10-02 23:13:35,-0.34531249999997726,94.05920639038087,7.049472903370858,872.36,0.021
61.0,-132.0,2026-10-02 23:13:35,1.2696875000000318,83.78420639038086,10.523472903370859,893.53,0.02675
61.0,-131.5,2026-10-02 23:13:35,-0.3228124999999977,93.73420639038086,12.971472903370858,871.98,0.763
61.0,-131.0,2026-10-02 23:13:35,0.24343750000002728,88.78420639038086,3.629472903370857,871.36,1.438125
61.0,-130.5,2026-10-02 23:13:35,-2.621562499999982,96.58420639038087,9.191472903370858,841.59,0.71525
61.0,-130.0,2026-10-02 23:13:35,0.7984375000000341,75.95920639038086,8.669472903370858,865.98,0.2995
61.0,-129.5,2026-10-02 23:13:35,1.5296875000000227,78.90920639038086,5.1414729033708575,893.62,0.26325
61.0,-129.0,2026-10-02 23:13:35,1.1671875000000114,81.73420639038086,5.249472903370858,891.36,0.562625
61.0,-128.5,2026-10-02 23:13:35,3.0021875000000477,73.90920639038086,5.627472903370857,907.04,0.6085
61.0,-128.0,2026-10-02 23:13:35,-0.8715624999999818,83.93420639038087,11.243472903370858,827.81,1.195875
61.0,-127.5,2026-10-02 23:13:35,4.662187500000016,68.08420639038086,10.055472903370857,906.59,0.301375
61.0,-127.0,2026-10-02 23:13:35,1.7171875000000227,76.18420639038087,10.739472903370858,864.98,0.1545
61.0,-126.5,2026-10-02 23:13:35,2.3109375000000227,69.35920639038086,16.121472903370858,861.64,0.003875
61.0,-126.0,2026-10-02 23:13:35,6.867187500000057,50.35920639038086,11.063472903370858,906.72,0.0
61.0,-125.5,2026-10-02 23:13:35,6.992187500000057,53.50920639038086,11.333472903370858,904.31,0.0
61.0,-125.0,2026-10-02 23:13:35,8.033437500000048,44.75920639038086,10.145472903370859,908.37,0.001875
61.0,-124.5,2026-10-02 23:13:35,3.328437500000007,52.50920639038086,18.191472903370858,843.51,0.0115
61.0,-124.0,2026-10-02 23:13:35,9.537187500000016,49.559206390380865,1.5414729033708574,924.47,0.0
61.0,-123.5,2026-10-02 23:13:35,7.940332031250023,58.1215805053711,1.4801302134990693,988.0,0.0
61.0,-123.0,2026-10-02 23:13:35,7.7590820312500455,62.0465805053711,4.0001302134990695,987.14,0.0
61.0,-122.5,2026-10-02 23:13:35,9.159082031250023,44.1465805053711,6.89813021349907,960.61,0.0
61.0,-122.0,2026-10-02 23:13:35,8.116582031250005,56.221580505371094,6.23213021349907,955.49,0.0
61.0,-121.5,2026-10-02 23:13:35,8.575332031250014,47.5215805053711,5.4761302134990695,950.19,0.0
61.0,-121.0,2026-10-02 23:13:35,8.272832031250005,49.971580505371094,3.856130213499069,959.7,0.0
61.0,-120.5,2026-10-02 23:13:35,7.9465820312500455,56.1215805053711,3.6581302134990694,972.45,0.0
61.0,-120.0,2026-10-02 23:13:35,7.9290820312500045,59.346580505371094,5.62013021349907,975.08,0.0
61.0,-119.5,2026-10-02 23:13:35,7.697832031250016,62.2715805053711,6.52013021349907,975.78,0.0
61.0,-119.0,2026-10-02 23:13:35,7.561582031250055,65.4965805053711,6.97013021349907,977.39,0.0
61.0,-118.5,2026-10-02 23:13:35,7.322832031250016,68.52158050537109,7.99613021349907,974.05,0.0
61.0,-118.0,2026-10-02 23:13:35,7.715332031250057,70.39658050537109,11.81213021349907,982.81,0.0
61.0,-117.5,2026-10-02 23:13:35,6.572832031250016,75.14658050537109,14.06213021349907,979.63,0.0
61.0,-117.0,2026-10-02 23:13:35,8.394082031250036,65.27158050537109,8.66213021349907,989.5,0.0
61.0,-116.5,2026-10-02 23:13:35,8.874082031250055,65.3465805053711,12.136130213499069,991.03,0.0
61.0,-116.0,2026-10-02 23:13:35,7.582832031250007,75.0465805053711,19.35413021349907,991.41,0.0
61.0,-115.5,2026-10-02 23:13:35,7.617832031250032,79.3215805053711,22.90013021349907,990.88,0.0
61.0,-115.0,2026-10-02 23:13:35,7.825332031250014,82.1215805053711,23.49413021349907,990.77,0.0
61.0,-114.5,2026-10-02 23:13:35,8.030332031250055,84.5215805053711,22.48613021349907,990.67,0.01525
61.0,-114.0,2026-10-02 23:13:35,7.860332031250039,82.3215805053711,16.04213021349907,990.58,0.0095
61.0,-113.5,2026-10-02 23:13:35,9.102832031250045,72.5965805053711,5.53013021349907,989.99,0.0305
61.0,-113.0,2026-10-02 23:13:35,8.162832031250048,74.7215805053711,2.866130213499069,989.64,0.09725
61.0,-112.5,2026-10-02 23:13:35,7.485332031250039,75.64658050537109,1.7681302134990693,989.67,0.728625
61.0,-112.0,2026-10-02 23:13:35,6.291582031250016,79.1465805053711,1.6601302134990692,986.35,1.459125
61.0,-111.5,2026-10-02 23:13:35,3.299082031250009,95.9215805053711,3.8021302134990695,976.53,1.97025
61.0,-111.0,2026-10-02 23:13:35,4.375332031250025,88.7465805053711,4.756130213499069,973.14,1.05475
61.0,-110.5,2026-10-02 23:13:35,5.121582031250057,85.6215805053711,10.10213021349907,969.25,1.65175
61.0,-110.0,2026-10-02 23:13:35,6.502832031250023,81.8965805053711,11.81213021349907,968.61,4.694
61.0,-109.5,2026-10-02 23:13:35,5.610332031250039,91.5215805053711,9.52613021349907,960.42,6.63
61.0,-109.0,2026-10-02 23:13:35,4.90158203125003,91.5965805053711,9.58013021349907,958.19,3.931
61.0,-108.5,2026-10-02 23:13:35,4.235332031250039,92.6715805053711,9.67013021349907,954.8,0.063
61.0,-108.0,2026-10-02 23:13:35,4.715332031250057,91.8215805053711,13.66613021349907,956.14,0.001875
61.0,-107.5,2026-10-02 23:13:35,4.096582031250023,90.2215805053711,11.866130213499071,957.83,0.0
61.0,-107.0,2026-10-02 23:13:35,3.875332031250025,91.3215805053711,9.63413021349907,956.58,0.06675
61.0,-106.5,2026-10-02 23:13:35,4.110332031250039,88.5465805053711,7.61813021349907,959.14,0.032375
61.0,-106.0,2026-10-02 23:13:35,4.74533203125003,84.1965805053711,6.2501302134990695,959.44,0.049625
61.0,-105.5,2026-10-02 23:13:35,4.7590820312500455,84.1965805053711,4.864130213499069,963.78,0.063
61.0,-105.0,2026-10-02 23:13:35,3.801582031250007,80.7215805053711,3.2441302134990693,966.2,0.131625
61.0,-104.5,2026-10-02 23:13:35,4.486582031250009,74.4715805053711,1.8761302134990692,968.39,0.034375
61.0,-104.0,2026-10-02 23:13:35,4.422832031250039,69.8215805053711,2.9921302134990695,967.24,0.021
61.0,-103.5,2026-10-02 23:13:35,4.2553320312500205,70.6965805053711,5.62013021349907,966.52,0.047625
61.0,-103.0,2026-10-02 23:13:35,3.746582031250057,70.0965805053711,9.18413021349907,962.53,0.08775000000000001
61.0,-102.5,2026-10-02 23:13:35,3.617832031250032,66.9465805053711,11.48813021349907,965.95,0.051500000000000004
61.0,-102.0,2026-10-02 23:13:35,3.3815820312500477,66.2215805053711,15.73613021349907,965.64,0.124
61.0,-101.5,2026-10-02 23:13:35,2.6322851562500205,78.68765563964844,15.485346040070057,974.46,0.192625
61.0,-101.0,2026-10-02 23:13:35,2.576035156250043,69.96265563964845,16.907346040070056,969.24,0.16975
61.0,-100.5,2026-10-02 23:13:35,2.5272851562500023,70.68765563964844,18.49134604007006,970.27,0.41775
61.0,-100.0,2026-10-02 23:13:35,2.0622851562500273,78.33765563964845,19.859346040070058,969.68,0.27087500000000003
61.0,-99.5,2026-10-02 23:13:35,3.2885351562500205,67.66265563964843,21.155346040070057,974.6,0.099125
61.0,-99.0,2026-10-02 23:13:35,2.916035156250018,71.71265563964845,23.477346040070056,970.13,0.543625
61.0,-98.5,2026-10-02 23:13:35,2.8647851562500364,71.63765563964844,25.33134604007006,977.6,0.074375
61.0,-98.0,2026-10-02 23:13:35,2.541035156250018,75.96265563964845,22.865346040070058,983.83,0.120125
61.0,-97.5,2026-10-02 23:13:35,3.853535156250018,71.01265563964844,28.859346040070058,983.6,0.637
61.0,-97.0,2026-10-02 23:13:35,4.0872851562500045,60.86265563964844,32.729346040070055,987.96,0.47875
61.0,-96.5,2026-10-02 23:13:35,3.0272851562500023,69.03765563964843,29.39934604007006,987.82,1.1215
61.0,-96.0,2026-10-02 23:13:35,3.63103515625005,70.06265563964844,31.343346040070056,988.35,0.495875
61.0,-95.5,2026-10-02 23:13:35,2.856035156250016,74.51265563964844,29.165346040070062,991.54,0.20600000000000002
61.0,-95.0,2026-10-02 23:13:35,3.783535156250025,70.01265563964844,29.579346040070057,1000.69,0.24225
61.0,-94.5,2026-10-02 23:13:35,3.9372851562500273,65.76265563964844,31.52334604007006,1003.46,0.446375
61.0,-94.0,2026-10-02 23:13:35,4.236035156250011,72.91265563964843,41.81934604007006,1005.86,1.5831250000000001
61.0,-78.0,2026-10-02 23:13:35,5.326035156250043,82.88765563964844,41.531346040070055,987.35,1.0090000000000001
61.0,-77.5,2026-10-02 23:13:35,2.523535156250034,91.36265563964844,29.381346040070056,956.86,5.741125
61.0,-77.0,2026-10-02 23:13:35,3.766035156250041,91.23765563964844,26.015346040070057,970.38,2.859125
61.0,-76.5,2026-10-02 23:13:35,3.2572851562500205,94.58765563964845,28.64334604007006,961.4,4.011125
61.0,-76.0,2026-10-02 23:13:35,3.2260351562500205,93.66265563964845,29.309346040070057,956.99,5.561875
61.0,-75.5,2026-10-02 23:13:35,3.138535156250043,94.73765563964844,30.191346040070055,952.11,6.59375
61.0,-75.0,2026-10-02 23:13:35,2.904785156250057,94.31265563964844,28.877346040070062,946.32,10.95775
61.0,-74.5,2026-10-02 23:13:35,2.578535156250041,93.11265563964844,31.00134604007006,939.4,10.438875
61.0,-74.0,2026-10-02 23:13:35,3.4935351562500045,89.76265563964844,41.58534604007006,939.94,8.46675
61.0,-73.5,2026-10-02 23:13:35,2.783535156250025,90.38765563964844,32.38734604007006,935.21,8.43425
61.0,-73.0,2026-10-02 23:13:35,2.166035156250018,92.53765563964845,32.54934604007006,928.44,7.82775
61.0,-72.5,2026-10-02 23:13:35,3.38103515625005,88.28765563964845,28.64334604007006,940.08,3.3817500000000003
61.0,-72.0,2026-10-02 23:13:35,2.5935351562500273,88.98765563964844,35.24934604007006,928.58,9.336500000000001
61.0,-71.5,2026-10-02 23:13:35,3.637285156250016,85.78765563964845,31.829346040070057,938.11,4.88475
61.0,-71.0,2026-10-02 23:13:35,3.9685351562500273,87.96265563964845,27.689346040070056,948.1,6.76725
61.0,-70.5,2026-10-02 23:13:35,4.771035156250036,86.91265563964845,25.493346040070058,958.3,3.507625
61.0,-70.0,2026-10-02 23:13:35,6.0247851562500045,82.56265563964844,28.733346040070057,979.11,1.37525
61.0,-69.5,2026-10-02 23:13:35,5.801035156250009,87.63765563964844,27.58134604007006,979.04,3.322625
61.5,-141.0,2026-10-02 23:13:35,-16.2578125,65.63420639038087,4.169472903370858,732.17,0.013375
61.5,-140.5,2026-10-02 23:13:35,-2.865312499999959,72.13420639038087,4.619472903370857,838.75,0.0
61.5,-140.0,2026-10-02 23:13:35,-3.271562499999959,78.70920639038087,4.115472903370857,836.15,0.003875
61.5,-139.5,2026-10-02 23:13:35,-2.379062499999975,77.73420639038086,6.779472903370858,864.11,0.04575
61.5,-139.0,2026-10-02 23:13:35,1.6171875000000568,64.55920639038087,7.067472903370858,899.51,0.0
61.5,-138.5,2026-10-02 23:13:35,-1.004062499999975,74.63420639038087,7.211472903370859,869.28,0.0
61.5,-138.0,2026-10-02 23:13:35,-3.4128124999999727,79.75920639038087,7.913472903370858,825.01,0.00575
61.5,-137.5,2026-10-02 23:13:35,0.46718750000002274,64.43420639038087,7.877472903370857,861.93,0.00575
61.5,-137.0,2026-10-02 23:13:35,0.35468750000001137,62.65920639038086,11.099472903370858,866.72,0.032375
61.5,-136.5,2026-10-02 23:13:35,3.0921875000000227,56.809206390380865,12.449472903370857,887.17,0.003875
61.5,-136.0,2026-10-02 23:13:35,5.252187500000048,56.63420639038086,8.435472903370858,904.59,0.059125000000000004
61.5,-135.5,2026-10-02 23:13:35,5.444687500000043,57.23420639038086,9.335472903370858,915.45,0.20025
61.5,-135.0,2026-10-02 23:13:35,4.604687500000011,63.38420639038086,12.683472903370859,903.68,0.49212500000000003
61.5,-134.5,2026-10-02 23:13:35,5.632187500000043,62.459206390380864,11.207472903370858,904.83,0.192625
61.5,-134.0,2026-10-02 23:13:35,2.610937500000034,63.809206390380865,12.341472903370859,867.68,0.043875000000000004
61.5,-133.5,2026-10-02 23:13:35,2.5734375000000114,73.95920639038086,7.535472903370858,890.87,0.291875
61.5,-133.0,2026-10-02 23:13:35,-0.8865624999999682,90.60920639038086,9.965472903370857,853.79,2.1095
61.5,-132.5,2026-10-02 23:13:35,-1.00031249999995,90.83420639038087,9.713472903370858,858.04,1.56975
61.5,-132.0,2026-10-02 23:13:35,-1.9340624999999818,94.70920639038087,13.781472903370858,845.93,0.9383750000000001
61.5,-131.5,2026-10-02 23:13:35,2.765937500000007,69.65920639038086,11.621472903370858,884.73,0.328125
61.5,-131.0,2026-10-02 23:13:35,-0.68781249999995,87.28420639038086,19.001472903370857,848.92,0.32425
61.5,-130.5,2026-10-02 23:13:35,-0.8678124999999568,86.78420639038086,14.861472903370858,851.18,0.2175
61.5,-130.0,2026-10-02 23:13:35,0.3784375000000182,81.78420639038086,6.833472903370858,865.81,0.095375
61.5,-129.5,2026-10-02 23:13:35,0.3684375000000273,90.83420639038087,11.009472903370858,905.43,0.83925
61.5,-129.0,2026-10-02 23:13:35,-3.111562499999991,91.93420639038087,7.877472903370857,833.62,5.077375
61.5,-128.5,2026-10-02 23:13:35,-3.722812499999975,95.53420639038086,6.311472903370857,821.61,3.10325
61.5,-128.0,2026-10-02 23:13:35,1.0859375000000568,74.23420639038086,4.493472903370858,873.98,0.62375
61.5,-127.5,2026-10-02 23:13:35,-1.9965624999999818,84.55920639038087,11.171472903370857,810.14,1.453375
61.5,-127.0,2026-10-02 23:13:35,4.277187500000025,61.809206390380865,5.969472903370858,884.68,0.00575
61.5,-126.5,2026-10-02 23:13:35,3.419687500000009,65.20920639038086,8.147472903370858,876.2,0.001875
61.5,-126.0,2026-10-02 23:13:35,7.558437500000025,45.459206390380864,0.9114729033708574,930.09,0.0
61.5,-125.5,2026-10-02 23:13:35,6.850937500000043,48.38420639038086,2.2614729033708576,931.67,0.0
61.5,-125.0,2026-10-02 23:13:35,3.757187500000043,55.25920639038086,6.023472903370857,884.67,0.0
61.5,-124.5,2026-10-02 23:13:35,3.415937500000041,49.28420639038086,14.573472903370858,851.73,0.0
61.5,-124.0,2026-10-02 23:13:35,9.453437500000007,33.959206390380864,5.573472903370857,913.72,0.0
61.5,-123.5,2026-10-02 23:13:35,6.871582031250057,56.096580505371094,2.4701302134990692,938.02,0.0
61.5,-123.0,2026-10-02 23:13:35,7.875332031250025,54.846580505371094,3.0641302134990696,966.0,0.03625
61.5,-122.5,2026-10-02 23:13:35,7.294082031250014,60.2465805053711,2.3801302134990694,973.6,0.083875
61.5,-122.0,2026-10-02 23:13:35,6.981582031250014,61.2715805053711,1.9661302134990692,982.22,0.034375
61.5,-121.5,2026-10-02 23:13:35,6.350332031250048,66.1715805053711,1.8761302134990692,987.31,0.0
61.5,-121.0,2026-10-02 23:13:35,6.110332031250039,75.77158050537109,3.6761302134990697,987.41,0.0
61.5,-120.5,2026-10-02 23:13:35,6.604082031250016,72.14658050537109,4.342130213499069,991.0,0.0
61.5,-120.0,2026-10-02 23:13:35,5.922832031250039,77.1465805053711,5.9441302134990694,984.42,0.003875
61.5,-119.5,2026-10-02 23:13:35,6.200332031250014,75.3465805053711,5.206130213499069,983.49,0.007625
61.5,-119.0,2026-10-02 23:13:35,5.769082031250036,76.9465805053711,5.044130213499069,984.55,0.001875
61.5,-118.5,2026-10-02 23:13:35,6.24533203125003,74.9965805053711,4.864130213499069,987.44,0.0
61.5,-118.0,2026-10-02 23:13:35,6.0715820312500455,78.2465805053711,5.044130213499069,992.75,0.0095
61.5,-117.5,2026-10-02 23:13:35,7.082832031250007,74.02158050537109,3.190130213499069,991.11,0.0
61.5,-117.0,2026-10-02 23:13:35,6.217832031250055,81.4965805053711,3.7301302134990695,986.52,0.003875
61.5,-116.5,2026-10-02 23:13:35,6.861582031250009,81.5215805053711,5.29613021349907,983.64,0.0115
61.5,-116.0,2026-10-02 23:13:35,7.184082031250057,84.3465805053711,9.49013021349907,985.31,0.028625
61.5,-115.5,2026-10-02 23:13:35,7.402832031250057,85.0465805053711,12.29813021349907,990.45,0.04575
61.5,-115.0,2026-10-02 23:13:35,6.072832031250016,96.6465805053711,15.59213021349907,990.39,0.05725
61.5,-114.5,2026-10-02 23:13:35,6.3840820312500455,97.0215805053711,14.81813021349907,990.33,0.032375
61.5,-114.0,2026-10-02 23:13:35,7.965332031250057,86.5715805053711,13.45013021349907,989.83,0.0305
61.5,-113.5,2026-10-02 23:13:35,8.944082031250048,81.7215805053711,11.23613021349907,989.75,0.021
61.5,-113.0,2026-10-02 23:13:35,6.850332031250048,87.4465805053711,9.29213021349907,990.17,0.013375
61.5,-112.5,2026-10-02 23:13:35,6.954082031250039,82.1465805053711,3.298130213499069,987.83,0.0095
61.5,-112.0,2026-10-02 23:13:35,5.291582031250016,88.4715805053711,5.188130213499069,984.47,0.04575
61.5,-111.5,2026-10-02 23:13:35,3.3978320312500045,92.7215805053711,3.7121302134990697,978.11,0.186875
61.5,-111.0,2026-10-02 23:13:35,2.625332031250025,95.7215805053711,4.108130213499069,969.5,0.0915
61.5,-110.5,2026-10-02 23:13:35,3.715332031250057,97.9215805053711,5.58413021349907,966.17,0.09725
61.5,-110.0,2026-10-02 23:13:35,5.0853320312500045,91.9715805053711,10.10213021349907,966.66,0.08775000000000001
61.5,-109.5,2026-10-02 23:13:35,5.885332031250016,90.6715805053711,17.15813021349907,969.72,0.03625
61.5,-109.0,2026-10-02 23:13:35,5.420332031250041,90.7215805053711,13.54013021349907,962.61,0.003875
61.5,-108.5,2026-10-02 23:13:35,5.166582031250016,88.9215805053711,12.532130213499071,959.92,0.0
61.5,-108.0,2026-10-02 23:13:35,4.981582031250014,87.8465805053711,13.05413021349907,962.88,0.001875
61.5,-107.5,2026-10-02 23:13:35,4.30783203125003,88.7965805053711,11.72213021349907,957.91,0.007625
61.5,-107.0,2026-10-02 23:13:35,4.1340820312500455,86.8215805053711,10.51613021349907,961.1,0.003875
61.5,-106.5,2026-10-02 23:13:35,3.9365820312500546,86.8715805053711,9.54413021349907,958.85,0.0095
61.5,-106.0,2026-10-02 23:13:35,3.121582031250057,82.2465805053711,9.47213021349907,959.24,0.003875
61.5,-105.5,2026-10-02 23:13:35,3.385332031250016,79.3465805053711,8.86013021349907,965.89,0.00575
61.5,-105.0,2026-10-02 23:13:35,3.447832031250016,74.7215805053711,3.5861302134990694,964.47,0.0
61.5,-104.5,2026-10-02 23:13:35,3.582832031250007,68.8465805053711,1.3361302134990694,967.66,0.12775
61.5,-104.0,2026-10-02 23:13:35,3.614082031250007,66.2215805053711,5.06213021349907,967.02,0.055375
61.5,-103.5,2026-10-02 23:13:35,3.9228320312500387,63.3715805053711,7.870130213499069,972.03,0.07062500000000001
61.5,-103.0,2026-10-02 23:13:35,3.680332031250032,61.096580505371094,10.96613021349907,970.99,0.021
61.5,-102.5,2026-10-02 23:13:35,2.8040820312500045,68.6215805053711,15.71813021349907,970.03,0.23275
61.5,-102.0,2026-10-02 23:13:35,3.180332031250032,61.7715805053711,16.70813021349907,968.49,0.04575
61.5,-101.5,2026-10-02 23:13:35,2.606035156250016,72.11265563964844,18.815346040070057,975.66,0.043875000000000004
61.5,-101.0,2026-10-02 23:13:35,2.603535156250018,66.88765563964844,18.725346040070058,970.58,0.05725
61.5,-100.5,2026-10-02 23:13:35,2.6772851562500364,77.21265563964845,21.857346040070055,977.26,0.135375
61.5,-100.0,2026-10-02 23:13:35,2.804785156250034,72.43765563964844,24.521346040070057,974.88,0.14875
61.5,-99.5,2026-10-02 23:13:35,2.4372851562500273,75.68765563964844,23.063346040070055,969.82,0.146875
61.5,-99.0,2026-10-02 23:13:35,2.5035351562500523,79.11265563964844,29.72334604007006,973.32,0.46925
61.5,-98.5,2026-10-02 23:13:35,1.918535156250016,84.43765563964844,24.161346040070057,972.97,1.318
61.5,-98.0,2026-10-02 23:13:35,3.353535156250018,75.88765563964844,26.10534604007006,975.36,0.5035000000000001
61.5,-97.5,2026-10-02 23:13:35,3.981035156250016,73.38765563964844,35.48334604007006,986.43,0.246
61.5,-97.0,2026-10-02 23:13:35,3.2772851562500023,72.81265563964844,36.05934604007006,986.15,0.177375
61.5,-96.5,2026-10-02 23:13:35,2.5485351562500114,79.38765563964844,28.62534604007006,987.1,0.536
61.5,-96.0,2026-10-02 23:13:35,3.051035156250009,78.76265563964844,30.821346040070058,991.58,1.37325
61.5,-95.5,2026-10-02 23:13:35,3.1835351562500023,79.06265563964844,26.483346040070057,994.43,0.7000000000000001
61.5,-95.0,2026-10-02 23:13:35,4.384785156250018,75.56265563964844,38.05734604007006,1000.43,2.853375
61.5,-94.5,2026-10-02 23:13:35,3.061035156250057,74.38765563964844,30.78534604007006,1000.65,0.10300000000000001
61.5,-94.0,2026-10-02 23:13:35,2.461035156250034,77.31265563964844,29.093346040070056,1004.1,0.120125
61.5,-77.5,2026-10-02 23:13:35,4.137285156250016,88.53765563964845,26.57334604007006,983.54,0.925125
61.5,-77.0,2026-10-02 23:13:35,3.4960351562500023,92.88765563964844,27.617346040070057,971.38,6.446875
61.5,-76.5,2026-10-02 23:13:35,2.762285156250016,95.71265563964845,25.907346040070056,959.22,12.577
61.5,-76.0,2026-10-02 23:13:35,1.961035156250034,95.51265563964844,28.49934604007006,943.68,10.34925
61.5,-75.5,2026-10-02 23:13:35,1.6697851562500432,93.33765563964845,27.09534604007006,935.79,5.785
61.5,-75.0,2026-10-02 23:13:35,1.34978515625005,95.48765563964844,29.63334604007006,928.11,7.450125
61.5,-74.5,2026-10-02 23:13:35,1.658535156250025,94.66265563964845,27.67134604007006,931.68,12.025875000000001
61.5,-74.0,2026-10-02 23:13:35,1.457285156250009,94.81265563964844,27.923346040070058,929.44,15.789
61.5,-73.5,2026-10-02 23:13:35,1.1560351562500273,95.91265563964845,27.833346040070058,924.82,15.874875000000001
61.5,-73.0,2026-10-02 23:13:35,0.7772851562500023,96.18765563964844,29.05734604007006,920.07,8.737625
61.5,-72.5,2026-10-02 23:13:35,1.363535156250009,93.28765563964845,27.527346040070057,923.63,2.67225
61.5,-72.0,2026-10-02 23:13:35,4.176035156250009,88.81265563964844,20.54334604007006,960.44,1.602125
61.5,-71.5,2026-10-02 23:13:35,5.137285156250016,86.61265563964844,18.18534604007006,984.65,0.843
61.5,-65.5,2026-10-02 23:13:35,1.1247851562500273,98.23765563964844,18.58134604007006,982.8,9.693125
61.5,-65.0,2026-10-02 23:13:35,1.721035156250025,98.83765563964845,16.727346040070056,963.8,16.058
61.5,-64.5,2026-10-02 23:13:35,2.078535156250041,96.81265563964844,23.351346040070055,981.77,7.6217500000000005
62.0,-141.0,2026-10-02 23:13:35,-2.8765624999999773,75.85920639038086,4.871472903370858,861.87,0.028625
62.0,-140.5,2026-10-02 23:13:35,0.7834375000000477,62.10920639038086,3.4854729033708574,938.76,0.0
62.0,-140.0,2026-10-02 23:13:35,-0.5915624999999523,70.33420639038086,3.1614729033708575,908.14,0.0
62.0,-139.5,2026-10-02 23:13:35,-4.364062499999989,83.50920639038087,6.581472903370857,868.65,0.017125
62.0,-139.0,2026-10-02 23:13:35,-1.8140624999999773,74.20920639038086,2.8554729033708575,911.36,0.007625
62.0,-138.5,2026-10-02 23:13:35,-1.959062499999959,76.93420639038087,8.147472903370858,890.72,0.227
62.0,-138.0,2026-10-02 23:13:35,-3.1953125,83.93420639038087,12.485472903370859,882.47,0.021
62.0,-137.5,2026-10-02 23:13:35,-2.75031249999995,82.75920639038087,18.10147290337086,874.9,0.082
62.0,-137.0,2026-10-02 23:13:35,0.39468750000003183,69.93420639038087,18.821472903370857,893.43,0.0725
62.0,-136.5,2026-10-02 23:13:35,2.113437500000032,62.78420639038086,17.201472903370856,905.61,0.02475
62.0,-136.0,2026-10-02 23:13:35,3.194687500000043,68.10920639038086,7.1574729033708575,914.37,0.003875
62.0,-135.5,2026-10-02 23:13:35,3.828437500000007,73.28420639038086,5.195472903370857,929.86,0.02675
62.0,-135.0,2026-10-02 23:13:35,3.6046875000000114,78.03420639038086,5.4474729033708575,915.97,0.41200000000000003
62.0,-134.5,2026-10-02 23:13:35,1.964687500000025,85.28420639038086,10.631472903370858,887.54,1.613625
62.0,-134.0,2026-10-02 23:13:35,-0.056562499999984084,90.98420639038086,15.203472903370857,860.43,0.640875
62.0,-133.5,2026-10-02 23:13:35,-2.53156249999995,86.45920639038087,14.339472903370858,819.83,0.238375
62.0,-133.0,2026-10-02 23:13:35,0.6484375000000568,76.65920639038086,9.263472903370857,857.51,0.021
62.0,-132.5,2026-10-02 23:13:35,3.472187500000018,76.00920639038087,1.7754729033708574,910.18,0.0305
62.0,-132.0,2026-10-02 23:13:35,3.7434375000000273,77.63420639038087,1.6314729033708573,916.93,0.204125
62.0,-131.5,2026-10-02 23:13:35,1.4484375000000114,81.08420639038087,5.4474729033708575,881.54,0.17925
62.0,-131.0,2026-10-02 23:13:35,1.915937500000041,83.45920639038087,2.531472903370857,902.17,0.295625
62.0,-130.5,2026-10-02 23:13:35,1.3334375000000023,83.03420639038086,9.911472903370859,898.7,0.665625
62.0,-130.0,2026-10-02 23:13:35,-0.9040624999999523,88.90920639038086,11.405472903370859,885.12,3.610625
62.0,-129.5,2026-10-02 23:13:35,-2.590312499999982,95.18420639038087,4.295472903370857,866.28,7.3605
62.0,-129.0,2026-10-02 23:13:35,-4.239062499999989,92.60920639038086,8.903472903370858,803.15,12.447375000000001
62.0,-128.5,2026-10-02 23:13:35,-1.0290624999999523,91.95920639038087,6.167472903370857,859.33,4.0645
62.0,-128.0,2026-10-02 23:13:35,-3.3190624999999727,86.83420639038087,5.537472903370857,812.58,4.82175
62.0,-127.5,2026-10-02 23:13:35,-2.205312499999991,71.60920639038086,6.257472903370858,802.34,0.6275000000000001
62.0,-127.0,2026-10-02 23:13:35,-0.15781249999997726,77.60920639038086,8.057472903370858,837.9,0.0305
62.0,-126.5,2026-10-02 23:13:35,3.90593750000005,66.25920639038087,4.871472903370858,877.39,0.0
62.0,-126.0,2026-10-02 23:13:35,5.06218750000005,63.709206390380864,2.1174729033708575,887.62,0.0
62.0,-125.5,2026-10-02 23:13:35,2.308437500000025,56.85920639038086,9.551472903370858,853.45,0.0095
62.0,-125.0,2026-10-02 23:13:35,2.714687500000025,56.23420639038086,14.249472903370856,865.43,0.0
62.0,-124.5,2026-10-02 23:13:35,7.368437500000027,36.65920639038086,7.733472903370858,892.29,0.0
62.0,-124.0,2026-10-02 23:13:35,7.172187500000007,40.934206390380865,3.9534729033708573,904.5,0.0
62.0,-123.5,2026-10-02 23:13:35,6.194082031250048,69.9215805053711,2.0381302134990693,966.25,0.0
62.0,-123.0,2026-10-02 23:13:35,4.687832031250025,83.4215805053711,2.9561302134990695,976.0,0.0
62.0,-122.5,2026-10-02 23:13:35,5.252832031250023,78.9965805053711,4.162130213499069,966.22,0.001875
62.0,-122.0,2026-10-02 23:13:35,5.867832031250032,77.9215805053711,3.4241302134990694,989.52,0.053375
62.0,-121.5,2026-10-02 23:13:35,4.617832031250032,85.6465805053711,3.0101302134990693,991.13,0.001875
62.0,-121.0,2026-10-02 23:13:35,6.106582031250014,73.77158050537109,4.378130213499069,978.49,0.0
62.0,-120.5,2026-10-02 23:13:35,8.309082031250057,64.5715805053711,6.196130213499069,959.88,0.0
62.0,-120.0,2026-10-02 23:13:35,6.774082031250032,63.7965805053711,10.51613021349907,922.16,0.007625
62.0,-119.5,2026-10-02 23:13:35,6.940332031250023,64.2465805053711,7.114130213499069,921.45,0.021
62.0,-119.0,2026-10-02 23:13:35,7.770332031250007,64.6215805053711,3.154130213499069,930.28,0.12587500000000001
62.0,-118.5,2026-10-02 23:13:35,7.297832031250039,72.02158050537109,3.856130213499069,974.95,0.0
62.0,-118.0,2026-10-02 23:13:35,6.940332031250023,71.0965805053711,2.434130213499069,985.14,0.0
62.0,-117.5,2026-10-02 23:13:35,6.249082031250055,73.64658050537109,1.8221302134990691,987.17,0.001875
62.0,-117.0,2026-10-02 23:13:35,6.579082031250039,74.6715805053711,2.758130213499069,986.44,0.001875
62.0,-116.5,2026-10-02 23:13:35,5.394082031250036,83.1715805053711,3.5861302134990694,984.69,0.0
62.0,-116.0,2026-10-02 23:13:35,6.405332031250055,88.1715805053711,3.9461302134990697,983.7,0.017125
62.0,-115.5,2026-10-02 23:13:35,7.944082031250048,91.9465805053711,2.6141302134990694,983.49,0.034375
62.0,-115.0,2026-10-02 23:13:35,10.700332031250014,76.2965805053711,3.1001302134990696,987.08,0.013375
62.0,-114.5,2026-10-02 23:13:35,8.33908203125003,90.5465805053711,11.632130213499071,990.13,0.042
62.0,-114.0,2026-10-02 23:13:35,7.795332031250041,89.3465805053711,9.90413021349907,990.19,0.055375
62.0,-113.5,2026-10-02 23:13:35,6.71408203125003,92.8465805053711,11.326130213499068,989.81,0.055375
62.0,-113.0,2026-10-02 23:13:35,5.729082031250016,91.0715805053711,7.92413021349907,989.92,0.07062500000000001
62.0,-112.5,2026-10-02 23:13:35,5.482832031250041,91.7215805053711,7.47413021349907,979.45,0.25175000000000003
62.0,-112.0,2026-10-02 23:13:35,4.99533203125003,88.6965805053711,10.39013021349907,989.02,1.47625
62.0,-111.5,2026-10-02 23:13:35,3.4853320312500387,96.7965805053711,9.43613021349907,980.33,0.01525
62.0,-111.0,2026-10-02 23:13:35,2.6378320312500136,98.4965805053711,2.686130213499069,971.35,0.021
62.0,-110.5,2026-10-02 23:13:35,1.7565820312500477,99.4715805053711,2.7761302134990693,970.28,0.00575
62.0,-110.0,2026-10-02 23:13:35,2.371582031250057,97.9215805053711,6.82613021349907,963.88,0.0095
62.0,-109.5,2026-10-02 23:13:35,5.1478320312500045,90.8465805053711,15.39413021349907,970.81,0.017125
62.0,-109.0,2026-10-02 23:13:35,2.0028320312500227,98.4965805053711,9.25613021349907,960.85,0.00575
62.0,-108.5,2026-10-02 23:13:35,3.3978320312500045,93.1215805053711,12.76613021349907,959.36,0.019125
62.0,-108.0,2026-10-02 23:13:35,3.0715820312500455,89.9965805053711,10.138130213499071,959.69,0.05725
62.0,-107.5,2026-10-02 23:13:35,3.3290820312500387,81.3215805053711,13.95413021349907,961.06,0.022875
62.0,-107.0,2026-10-02 23:13:35,3.4290820312500045,75.9215805053711,13.77413021349907,961.95,0.0115
62.0,-106.5,2026-10-02 23:13:35,3.6928320312500205,71.8465805053711,10.876130213499069,965.77,0.013375
62.0,-106.0,2026-10-02 23:13:35,4.207832031250007,63.7465805053711,8.57213021349907,966.56,0.089625
62.0,-105.5,2026-10-02 23:13:35,3.5990820312500205,64.3715805053711,5.06213021349907,965.69,0.12975
62.0,-105.0,2026-10-02 23:13:35,3.5990820312500205,62.1715805053711,2.5421302134990693,965.47,0.1145
62.0,-104.5,2026-10-02 23:13:35,3.3253320312500136,61.596580505371094,4.19813021349907,966.02,0.20025
62.0,-104.0,2026-10-02 23:13:35,2.996582031250057,64.7965805053711,7.90613021349907,966.89,0.019125
62.0,-103.5,2026-10-02 23:13:35,2.982832031250041,63.596580505371094,11.52413021349907,969.2,0.0095
62.0,-103.0,2026-10-02 23:13:35,2.8878320312500136,68.3465805053711,15.44813021349907,976.91,0.022875
62.0,-102.5,2026-10-02 23:13:35,2.9228320312500387,69.1965805053711,18.472130213499067,977.52,0.00575
62.0,-102.0,2026-10-02 23:13:35,2.4440820312500477,67.5465805053711,17.53613021349907,974.94,0.04
62.0,-101.5,2026-10-02 23:13:35,1.797285156250041,71.96265563964845,19.139346040070055,973.41,0.04575
62.0,-101.0,2026-10-02 23:13:35,1.4022851562500023,78.01265563964844,18.58134604007006,974.47,0.047625
62.0,-100.5,2026-10-02 23:13:35,2.009785156250018,76.98765563964844,23.15334604007006,974.58,0.207875
62.0,-100.0,2026-10-02 23:13:35,2.0835351562500364,77.56265563964844,22.865346040070058,974.63,0.459625
62.0,-99.5,2026-10-02 23:13:35,2.0310351562500273,82.71265563964845,23.405346040070057,974.9,2.7923750000000003
62.0,-99.0,2026-10-02 23:13:35,2.877285156250025,78.71265563964845,27.49134604007006,976.68,0.913625
62.0,-98.5,2026-10-02 23:13:35,2.541035156250018,79.28765563964845,24.66534604007006,978.52,0.21175
62.0,-98.0,2026-10-02 23:13:35,1.9272851562500364,81.98765563964844,25.151346040070056,982.21,0.1965
62.0,-97.5,2026-10-02 23:13:35,2.7260351562500205,77.76265563964844,29.97534604007006,987.58,0.371875
62.0,-97.0,2026-10-02 23:13:35,2.6597851562500523,82.46265563964845,27.617346040070057,989.55,0.423375
62.0,-96.5,2026-10-02 23:13:35,3.0247851562500045,82.08765563964845,27.77934604007006,992.08,0.579875
62.0,-96.0,2026-10-02 23:13:35,3.4997851562500273,74.71265563964845,29.39934604007006,997.54,0.820125
62.0,-95.5,2026-10-02 23:13:35,2.543535156250016,80.38765563964844,26.015346040070057,994.71,0.227
62.0,-95.0,2026-10-02 23:13:35,2.0172851562500114,77.53765563964845,30.119346040070056,992.36,0.253625
62.0,-94.5,2026-10-02 23:13:35,2.3160351562500523,75.18765563964844,35.77134604007006,996.22,0.0935
62.0,-94.0,2026-10-02 23:13:35,1.3022851562500364,74.71265563964845,31.217346040070055,998.27,0.082
62.0,-93.5,2026-10-02 23:13:35,1.34978515625005,77.81265563964844,29.48934604007006,1000.93,0.083875
62.0,-93.0,2026-10-02 23:13:35,2.03728515625005,86.38765563964844,41.78334604007006,1003.27,0.04
62.0,-92.5,2026-10-02 23:13:35,2.387285156250016,86.13765563964844,47.201346040070064,1002.46,0.06675
62.0,-80.0,2026-10-02 23:13:35,1.519785156250009,97.43765563964844,23.44134604007006,981.96,0.67525
62.0,-79.5,2026-10-02 23:13:35,1.28728515625005,96.51265563964844,19.49934604007006,980.1,0.56075
62.0,-78.0,2026-10-02 23:13:35,3.016035156250041,95.53765563964845,18.67134604007006,979.02,0.433
62.0,-77.5,2026-10-02 23:13:35,2.634785156250018,95.91265563964845,17.663346040070056,971.58,1.4725
62.0,-77.0,2026-10-02 23:13:35,1.199785156250016,98.43765563964844,17.28534604007006,957.36,3.44275
62.0,-76.5,2026-10-02 23:13:35,0.14228515625001137,99.48765563964844,18.95934604007006,943.41,3.025
62.0,-76.0,2026-10-02 23:13:35,0.3535351562500182,99.53765563964845,22.001346040070057,941.24,2.95825
62.0,-75.5,2026-10-02 23:13:35,1.609785156250041,95.81265563964844,15.107346040070057,953.94,1.880625
62.0,-75.0,2026-10-02 23:13:35,0.002285156250025011,99.48765563964844,23.405346040070057,930.65,4.165625
62.0,-74.5,2026-10-02 23:13:35,1.2260351562500205,93.83765563964845,18.635346040070058,941.47,5.05825
62.0,-74.0,2026-10-02 23:13:35,0.7972851562500409,96.71265563964845,20.201346040070057,934.43,6.6585
62.0,-73.5,2026-10-02 23:13:35,0.6010351562500205,97.38765563964844,22.577346040070058,925.8,4.0836250000000005
62.0,-73.0,2026-10-02 23:13:35,2.561035156250057,90.48765563964844,22.77534604007006,941.08,1.043375
62.0,-72.5,2026-10-02 23:13:35,5.246035156250002,81.66265563964845,13.307346040070058,983.66,5.2795000000000005
62.0,-67.0,2026-10-02 23:13:35,1.211035156250034,98.16265563964845,5.009346040070057,983.36,7.961250000000001
62.0,-66.5,2026-10-02 23:13:35,1.84978515625005,91.31265563964844,16.583346040070058,967.52,7.574125
62.0,-66.0,2026-10-02 23:13:35,1.707285156250009,90.31265563964844,25.33134604007006,981.61,8.361875
62.0,-65.0,2026-10-02 23:13:35,1.6735351562500114,96.93765563964844,28.58934604007006,981.41,15.262625
62.5,-141.0,2026-10-02 23:13:35,-0.9078124999999773,71.40920639038086,6.959472903370857,937.12,0.0115
62.5,-140.5,2026-10-02 23:13:35,-2.142812499999991,77.33420639038087,7.643472903370857,927.2,0.042
62.5,-140.0,2026-10-02 23:13:35,-1.7165624999999523,84.33420639038087,5.249472903370858,940.93,0.01525
62.5,-139.5,2026-10-02 23:13:35,-0.8590624999999932,75.28420639038086,7.499472903370857,947.09,0.001875
62.5,-139.0,2026-10-02 23:13:35,-2.261562499999968,84.30920639038087,10.721472903370858,924.14,0.007625
62.5,-138.5,2026-10-02 23:13:35,-5.449062499999968,94.50920639038087,8.255472903370856,859.08,0.01525
62.5,-138.0,2026-10-02 23:13:35,-2.392812499999991,80.60920639038086,13.493472903370858,859.97,0.0935
62.5,-137.5,2026-10-02 23:13:35,-1.2478124999999523,84.80920639038087,14.051472903370858,880.18,0.0725
62.5,-137.0,2026-10-02 23:13:35,1.0834375000000023,85.28420639038086,8.669472903370858,929.4,0.04
62.5,-136.5,2026-10-02 23:13:35,-0.6815624999999841,86.40920639038086,8.453472903370857,905.97,0.589375
62.5,-136.0,2026-10-02 23:13:35,-0.04281249999996817,87.45920639038087,5.825472903370858,922.83,0.253625
62.5,-135.5,2026-10-02 23:13:35,2.12468750000005,91.20920639038087,4.529472903370857,931.56,0.00575
62.5,-135.0,2026-10-02 23:13:35,0.36343750000003183,85.80920639038087,7.1574729033708575,887.22,0.152625
62.5,-134.5,2026-10-02 23:13:35,-3.490312499999959,95.30920639038087,12.719472903370857,820.18,1.04525
62.5,-134.0,2026-10-02 23:13:35,-2.1315624999999727,98.68420639038087,6.239472903370857,860.03,0.31475000000000003
62.5,-133.5,2026-10-02 23:13:35,-1.0465624999999932,92.20920639038087,11.099472903370858,858.54,0.316625
62.5,-133.0,2026-10-02 23:13:35,-1.580312499999991,86.70920639038087,11.873472903370859,834.7,0.452
62.5,-132.5,2026-10-02 23:13:35,-0.3903124999999932,92.65920639038086,10.253472903370858,877.28,0.198375
62.5,-132.0,2026-10-02 23:13:35,-1.7390624999999886,92.30920639038087,8.579472903370858,849.15,0.274625
62.5,-131.5,2026-10-02 23:13:35,-2.771562499999959,96.40920639038086,6.203472903370858,868.09,0.8965
62.5,-131.0,2026-10-02 23:13:35,-1.4128124999999727,96.50920639038087,3.2154729033708573,898.84,3.24625
62.5,-130.5,2026-10-02 23:13:35,-1.865312499999959,94.48420639038086,7.967472903370858,876.04,2.8515
62.5,-130.0,2026-10-02 23:13:35,-3.2565624999999727,93.68420639038087,6.545472903370857,859.65,2.523375
62.5,-129.5,2026-10-02 23:13:35,-2.0015624999999773,92.13420639038087,4.763472903370857,851.25,1.8005
62.5,-129.0,2026-10-02 23:13:35,-2.430312499999957,95.05920639038087,5.105472903370858,861.37,1.670875
62.5,-128.5,2026-10-02 23:13:35,-3.090312499999982,92.60920639038086,3.2154729033708573,836.53,7.5760000000000005
62.5,-128.0,2026-10-02 23:13:35,-2.021562499999959,95.40920639038086,2.0454729033708574,844.4,5.2013750000000005
62.5,-127.5,2026-10-02 23:13:35,-0.3578124999999659,79.08420639038087,2.0454729033708574,860.39,5.765875
62.5,-127.0,2026-10-02 23:13:35,-4.582812499999989,91.05920639038087,8.489472903370858,786.58,1.7795
62.5,-126.5,2026-10-02 23:13:35,-1.201562499999966,73.58420639038086,4.403472903370857,825.36,0.007625
62.5,-126.0,2026-10-02 23:13:35,1.2109375000000568,60.50920639038086,4.583472903370858,836.4,0.00575
62.5,-125.5,2026-10-02 23:13:35,1.839687500000025,54.50920639038086,4.403472903370857,850.89,0.124
62.5,-125.0,2026-10-02 23:13:35,3.6496875000000273,48.184206390380865,1.8654729033708575,857.62,0.5455
62.5,-124.5,2026-10-02 23:13:35,5.417187500000011,49.559206390380865,6.239472903370857,928.53,2.718
62.5,-124.0,2026-10-02 23:13:35,4.433437500000025,70.35920639038086,3.2874729033708574,918.37,7.42525
62.5,-123.5,2026-10-02 23:13:35,5.3490820312500205,72.5715805053711,2.7761302134990693,971.8,0.341375
62.5,-123.0,2026-10-02 23:13:35,4.201582031250041,77.3715805053711,4.828130213499069,984.31,0.162125
62.5,-122.5,2026-10-02 23:13:35,5.232832031250041,71.4465805053711,7.67213021349907,967.02,0.16025
62.5,-122.0,2026-10-02 23:13:35,6.926582031250007,65.5965805053711,3.2441302134990693,982.24,0.04575
62.5,-121.5,2026-10-02 23:13:35,5.412832031250048,67.4465805053711,3.190130213499069,983.24,0.0
62.5,-121.0,2026-10-02 23:13:35,3.707832031250007,79.5965805053711,3.7121302134990697,978.05,0.0
62.5,-120.5,2026-10-02 23:13:35,3.184082031250057,83.9715805053711,7.150130213499069,969.74,0.0
62.5,-120.0,2026-10-02 23:13:35,4.637832031250014,75.9965805053711,9.49013021349907,969.72,0.0
62.5,-119.5,2026-10-02 23:13:35,4.641582031250039,78.2215805053711,8.89613021349907,968.0,0.0
62.5,-119.0,2026-10-02 23:13:35,4.766582031250039,75.1715805053711,11.57813021349907,977.1,0.0
62.5,-118.5,2026-10-02 23:13:35,4.239082031250007,81.9965805053711,6.53813021349907,982.02,0.0
62.5,-118.0,2026-10-02 23:13:35,4.3528320312500455,80.5965805053711,5.85413021349907,977.5,0.001875
62.5,-117.5,2026-10-02 23:13:35,4.764082031250041,81.9465805053711,5.13413021349907,976.3,0.137375
62.5,-117.0,2026-10-02 23:13:35,5.80783203125003,74.2965805053711,2.668130213499069,976.17,0.0115
62.5,-116.5,2026-10-02 23:13:35,5.559082031250057,87.5965805053711,1.4261302134990692,978.03,0.043875000000000004
62.5,-116.0,2026-10-02 23:13:35,6.860332031250039,90.4215805053711,1.0121302134990693,982.69,0.074375
62.5,-115.5,2026-10-02 23:13:35,5.967832031250055,92.1965805053711,3.3881302134990694,990.52,0.021
62.5,-115.0,2026-10-02 23:13:35,7.8215820312500455,85.2965805053711,2.1821302134990694,989.91,0.10675
62.5,-114.5,2026-10-02 23:13:35,6.7240820312500205,89.8965805053711,3.6761302134990697,984.47,0.166
62.5,-114.0,2026-10-02 23:13:35,6.717832031250055,85.9965805053711,5.638130213499069,985.16,0.286125
62.5,-113.5,2026-10-02 23:13:35,6.350332031250048,85.7965805053711,7.85213021349907,980.95,0.166
62.5,-113.0,2026-10-02 23:13:35,5.780332031250055,89.3465805053711,8.66213021349907,980.16,0.291875
62.5,-112.5,2026-10-02 23:13:35,5.736582031250009,87.7465805053711,9.63413021349907,974.92,0.095375
62.5,-112.0,2026-10-02 23:13:35,4.3665820312500045,93.5715805053711,9.54413021349907,970.86,0.001875
62.5,-111.5,2026-10-02 23:13:35,5.301582031250007,87.2715805053711,9.67013021349907,987.75,0.0
62.5,-111.0,2026-10-02 23:13:35,5.389082031250041,86.1215805053711,9.72413021349907,991.1,0.001875
62.5,-110.5,2026-10-02 23:13:35,5.391582031250039,85.2965805053711,8.37413021349907,985.58,0.0095
62.5,-110.0,2026-10-02 23:13:35,4.732832031250041,86.6715805053711,11.09213021349907,980.52,0.028625
62.5,-109.5,2026-10-02 23:13:35,3.114082031250007,92.0215805053711,12.388130213499071,970.14,0.085875
62.5,-109.0,2026-10-02 23:13:35,2.9565820312500364,89.5965805053711,13.48613021349907,959.99,0.244125
62.5,-108.5,2026-10-02 23:13:35,3.0578320312500296,84.9465805053711,13.00013021349907,968.35,0.124
62.5,-108.0,2026-10-02 23:13:35,2.791582031250016,83.2465805053711,13.576130213499068,963.77,0.061
62.5,-107.5,2026-10-02 23:13:35,3.3115820312500546,75.9215805053711,13.30613021349907,964.86,0.038125
62.5,-107.0,2026-10-02 23:13:35,3.2565820312500477,69.6715805053711,11.95613021349907,963.24,0.389125
62.5,-106.5,2026-10-02 23:13:35,3.8353320312500045,62.596580505371094,10.76813021349907,967.83,0.137375
62.5,-106.0,2026-10-02 23:13:35,3.7140820312500296,61.471580505371094,6.052130213499069,967.89,0.2155
62.5,-105.5,2026-10-02 23:13:35,3.5403320312500455,61.7715805053711,2.668130213499069,968.97,0.001875
62.5,-105.0,2026-10-02 23:13:35,3.4815820312500136,62.8965805053711,4.864130213499069,971.13,0.00575
62.5,-104.5,2026-10-02 23:13:35,3.5578320312500296,63.2465805053711,7.33013021349907,975.31,0.032375
62.5,-104.0,2026-10-02 23:13:35,3.1303320312500205,61.821580505371095,11.20013021349907,971.45,0.0115
62.5,-103.5,2026-10-02 23:13:35,2.916582031250016,65.7465805053711,12.91013021349907,974.83,0.00575
62.5,-103.0,2026-10-02 23:13:35,2.4603320312500045,66.5715805053711,14.72813021349907,975.35,0.00575
62.5,-102.5,2026-10-02 23:13:35,2.239082031250007,70.7965805053711,18.52613021349907,977.27,0.00575
62.5,-102.0,2026-10-02 23:13:35,2.0990820312500205,68.77158050537109,17.33813021349907,977.85,0.03625
62.5,-101.5,2026-10-02 23:13:35,0.7985351562500114,77.43765563964844,19.427346040070056,973.58,0.038125
62.5,-101.0,2026-10-02 23:13:35,1.0135351562500432,82.18765563964844,25.63734604007006,975.9,0.6085
62.5,-100.5,2026-10-02 23:13:35,1.7010351562500432,75.98765563964844,26.62734604007006,976.88,1.4877500000000001
62.5,-100.0,2026-10-02 23:13:35,1.586035156250034,75.86265563964844,25.547346040070057,976.21,0.721
62.5,-99.5,2026-10-02 23:13:35,0.8985351562500341,81.23765563964844,26.71734604007006,971.79,0.23275
62.5,-99.0,2026-10-02 23:13:35,1.644785156250009,80.78765563964845,29.147346040070058,976.47,0.4215
62.5,-98.5,2026-10-02 23:13:35,2.3160351562500523,79.56265563964844,25.259346040070056,985.74,0.17925
62.5,-98.0,2026-10-02 23:13:35,3.1835351562500023,80.06265563964844,34.205346040070054,990.32,0.02475
62.5,-97.5,2026-10-02 23:13:35,3.3822851562500205,78.71265563964845,40.86534604007006,990.35,0.8545
62.5,-97.0,2026-10-02 23:13:35,2.082285156250009,82.73765563964844,32.11734604007005,984.79,1.8711250000000001
62.5,-96.5,2026-10-02 23:13:35,1.6072851562500432,87.76265563964844,27.527346040070057,983.61,0.5397500000000001
62.5,-96.0,2026-10-02 23:13:35,2.304785156250034,80.86265563964844,28.12134604007006,989.51,0.28800000000000003
62.5,-95.5,2026-10-02 23:13:35,1.5585351562500023,76.06265563964844,30.119346040070056,992.22,0.10300000000000001
62.5,-95.0,2026-10-02 23:13:35,1.1285351562500523,74.31265563964844,30.155346040070057,994.82,0.20975
62.5,-94.5,2026-10-02 23:13:35,0.6997851562500159,78.13765563964844,27.38334604007006,997.27,0.124
62.5,-94.0,2026-10-02 23:13:35,0.6247851562500273,81.73765563964844,27.02334604007006,995.3,0.17925
62.5,-93.5,2026-10-02 23:13:35,0.4372851562500273,90.31265563964844,27.02334604007006,999.69,0.225125
62.5,-93.0,2026-10-02 23:13:35,0.8372851562500045,91.48765563964844,31.25334604007006,999.29,0.3815
62.5,-92.5,2026-10-02 23:13:35,2.016035156250041,91.68765563964844,37.71534604007006,1001.63,0.39487500000000003
62.5,-92.0,2026-10-02 23:13:35,2.09978515625005,90.06265563964844,41.171346040070055,1001.21,0.46925
62.5,-84.0,2026-10-02 23:13:35,3.846035156250025,88.81265563964844,29.81334604007006,991.79,7.074375
62.5,-83.5,2026-10-02 23:13:35,2.5247851562500045,95.98765563964844,20.615346040070058,985.26,11.5185
62.5,-83.0,2026-10-02 23:13:35,1.408535156250025,98.11265563964844,20.83134604007006,979.82,8.564
62.5,-82.5,2026-10-02 23:13:35,1.783535156250025,96.36265563964844,20.39934604007006,987.85,3.919625
62.5,-79.5,2026-10-02 23:13:35,2.9960351562500023,92.63765563964844,36.20334604007006,985.65,2.46425
62.5,-78.0,2026-10-02 23:13:35,3.283535156250025,91.31265563964844,20.09334604007006,984.05,5.0945
62.5,-77.5,2026-10-02 23:13:35,0.23478515625004093,99.38765563964844,15.01734604007006,940.94,6.5785
62.5,-77.0,2026-10-02 23:13:35,0.5785351562500409,99.46265563964845,17.28534604007006,933.65,1.5030000000000001
62.5,-76.5,2026-10-02 23:13:35,4.016035156250041,92.91265563964845,27.77934604007006,982.86,2.538625
62.5,-74.0,2026-10-02 23:13:35,4.929785156250034,86.88765563964844,28.949346040070058,982.71,1.556375
62.5,-73.5,2026-10-02 23:13:35,4.927285156250036,87.21265563964845,22.52334604007006,982.8,2.1782500000000002
62.5,-70.5,2026-10-02 23:13:35,2.072285156250018,98.58765563964845,7.439346040070057,983.71,7.513
62.5,-69.5,2026-10-02 23:13:35,1.6385351562500432,93.96265563964845,9.779346040070058,983.79,8.119625000000001
62.5,-69.0,2026-10-02 23:13:35,0.21853515625002728,98.16265563964845,3.677346040070057,959.36,8.802375
62.5,-68.5,2026-10-02 23:13:35,0.6485351562500341,94.46265563964845,3.857346040070057,939.97,11.386875
62.5,-68.0,2026-10-02 23:13:35,0.3885351562500432,92.71265563964845,6.251346040070057,932.35,8.989375
62.5,-67.5,2026-10-02 23:13:35,-0.80646484374995,95.88765563964844,12.353346040070058,917.47,6.631875
62.5,-67.0,2026-10-02 23:13:35,-1.278964843749975,95.11265563964844,18.545346040070058,909.33,9.325000000000001
62.5,-66.5,2026-10-02 23:13:35,1.086035156250034,91.98765563964844,10.481346040070058,967.96,30.384
62.5,-65.0,2026-10-02 23:13:35,1.627285156250025,93.88765563964844,43.52934604007006,981.83,17.10325
62.5,-64.5,2026-10-02 23:13:35,0.47478515625005,99.41265563964845,37.62534604007006,964.63,15.386625
63.0,-141.0,2026-10-02 23:13:35,-0.8240624999999682,75.20920639038086,7.589472903370858,929.36,0.02475
63.0,-140.5,2026-10-02 23:13:35,-2.867812499999957,83.08420639038087,5.9154729033708575,895.72,0.0115
63.0,-140.0,2026-10-02 23:13:35,-2.211562499999957,86.13420639038087,9.047472903370858,917.58,0.003875
63.0,-139.5,2026-10-02 23:13:35,1.857187500000009,72.70920639038086,5.357472903370858,953.58,0.0
63.0,-139.0,2026-10-02 23:13:35,-1.4453125,85.60920639038086,8.453472903370857,897.72,0.322375
63.0,-138.5,2026-10-02 23:13:35,-1.5390625,91.25920639038087,10.019472903370858,905.64,0.5665
63.0,-138.0,2026-10-02 23:13:35,-0.5803124999999909,97.00920639038087,7.643472903370857,923.93,0.0305
63.0,-137.5,2026-10-02 23:13:35,-0.8540624999999977,95.08420639038087,9.551472903370858,917.97,0.017125
63.0,-137.0,2026-10-02 23:13:35,1.7834375000000477,76.38420639038087,5.483472903370857,914.56,0.053375
63.0,-136.5,2026-10-02 23:13:35,1.9396875000000477,85.15920639038086,0.7134729033708572,935.12,0.049625
63.0,-136.0,2026-10-02 23:13:35,1.454687500000034,77.13420639038087,5.393472903370858,887.34,0.083875
63.0,-135.5,2026-10-02 23:13:35,-0.9590624999999591,92.33420639038087,0.49747290337085726,883.22,0.553125
63.0,-135.0,2026-10-02 23:13:35,0.17718750000000227,92.05920639038087,4.259472903370857,905.12,2.384125
63.0,-134.5,2026-10-02 23:13:35,-0.4628124999999841,96.60920639038086,3.2514729033708574,906.61,0.310875
63.0,-134.0,2026-10-02 23:13:35,-0.02906249999995225,97.80920639038087,2.0094729033708574,939.25,0.74575
63.0,-133.5,2026-10-02 23:13:35,-0.566562499999975,96.80920639038087,3.8274729033708574,924.47,1.3275000000000001
63.0,-133.0,2026-10-02 23:13:35,-1.504062499999975,93.20920639038087,5.357472903370858,881.98,0.7305
63.0,-132.5,2026-10-02 23:13:35,-2.2790624999999523,88.75920639038087,4.583472903370858,843.09,1.65175
63.0,-132.0,2026-10-02 23:13:35,-2.701562499999966,95.15920639038086,3.5934729033708575,874.26,1.264625
63.0,-131.5,2026-10-02 23:13:35,-2.212812499999984,92.40920639038086,7.193472903370858,876.5,0.47875
63.0,-131.0,2026-10-02 23:13:35,-2.232812499999966,91.15920639038086,6.491472903370858,871.29,2.367
63.0,-130.5,2026-10-02 23:13:35,-2.78156249999995,96.43420639038087,1.5234729033708574,866.79,5.2700000000000005
63.0,-130.0,2026-10-02 23:13:35,-4.3515625,95.48420639038086,8.309472903370857,832.53,6.353375
63.0,-129.5,2026-10-02 23:13:35,-4.295312499999966,95.08420639038087,5.537472903370857,822.65,9.964
63.0,-129.0,2026-10-02 23:13:35,-2.56281249999995,90.85920639038086,1.9734729033708576,857.53,3.5
63.0,-128.5,2026-10-02 23:13:35,-2.921562499999993,90.50920639038087,1.2894729033708574,844.86,1.823375
63.0,-128.0,2026-10-02 23:13:35,-4.986562499999991,95.33420639038087,8.165472903370857,811.64,3.61825
63.0,-127.5,2026-10-02 23:13:35,-2.674062499999991,84.05920639038087,6.167472903370857,822.15,0.90025
63.0,-127.0,2026-10-02 23:13:35,-3.574062499999968,85.30920639038087,9.065472903370857,805.37,0.08775000000000001
63.0,-126.5,2026-10-02 23:13:35,4.484687500000007,59.98420639038086,7.3914729033708575,919.4,0.00575
63.0,-126.0,2026-10-02 23:13:35,1.5034375000000182,58.98420639038086,6.977472903370858,848.01,0.0
63.0,-125.5,2026-10-02 23:13:35,4.957187500000032,55.15920639038086,3.539472903370857,911.4,0.0
63.0,-125.0,2026-10-02 23:13:35,5.837187500000027,58.13420639038086,2.7834729033708574,950.9,0.042
63.0,-124.5,2026-10-02 23:13:35,3.329687500000034,77.45920639038087,4.637472903370857,943.14,0.099125
63.0,-124.0,2026-10-02 23:13:35,5.677187500000002,65.48420639038086,2.999472903370857,968.58,0.032375
63.0,-123.5,2026-10-02 23:13:35,3.457832031250007,81.3715805053711,6.142130213499069,967.41,0.007625
63.0,-123.0,2026-10-02 23:13:35,2.5378320312500477,86.2465805053711,6.574130213499069,962.03,0.0
63.0,-122.5,2026-10-02 23:13:35,4.361582031250009,81.1215805053711,6.97013021349907,957.86,0.00575
63.0,-122.0,2026-10-02 23:13:35,4.979082031250016,74.9215805053711,8.23013021349907,962.38,0.0
63.0,-121.5,2026-10-02 23:13:35,4.294082031250014,80.1965805053711,9.90413021349907,971.13,0.001875
63.0,-121.0,2026-10-02 23:13:35,5.83908203125003,73.6965805053711,4.05413021349907,978.31,0.001875
63.0,-120.5,2026-10-02 23:13:35,5.145332031250007,78.6465805053711,4.864130213499069,980.52,0.0
63.0,-120.0,2026-10-02 23:13:35,4.704082031250039,82.6465805053711,3.7301302134990695,980.05,0.007625
63.0,-119.5,2026-10-02 23:13:35,4.6965820312500455,83.9215805053711,5.494130213499069,979.69,0.013375
63.0,-119.0,2026-10-02 23:13:35,4.831582031250036,82.8715805053711,6.142130213499069,977.16,0.0
63.0,-118.5,2026-10-02 23:13:35,4.311582031250055,81.5465805053711,6.196130213499069,976.19,0.00575
63.0,-118.0,2026-10-02 23:13:35,3.5090820312500455,85.2965805053711,4.486130213499069,976.1,0.101125
63.0,-117.5,2026-10-02 23:13:35,3.416582031250016,82.0715805053711,2.9561302134990695,973.52,0.131625
63.0,-117.0,2026-10-02 23:13:35,4.512832031250014,87.2715805053711,0.49013021349906927,977.03,0.07825
63.0,-116.5,2026-10-02 23:13:35,5.611582031250009,88.6965805053711,2.1821302134990694,990.1,0.003875
63.0,-116.0,2026-10-02 23:13:35,6.30783203125003,82.5715805053711,2.1821302134990694,989.24,0.001875
63.0,-115.5,2026-10-02 23:13:35,6.1478320312500045,84.5215805053711,1.1561302134990694,985.72,0.013375
63.0,-115.0,2026-10-02 23:13:35,6.674082031250009,78.2465805053711,2.5241302134990695,980.22,0.019125
63.0,-114.5,2026-10-02 23:13:35,5.885332031250016,81.9215805053711,4.900130213499069,975.97,0.028625
63.0,-114.0,2026-10-02 23:13:35,6.5228320312500045,82.2715805053711,6.430130213499069,977.11,0.059125000000000004
63.0,-113.5,2026-10-02 23:13:35,6.127832031250023,84.5215805053711,7.67213021349907,972.85,0.0115
63.0,-113.0,2026-10-02 23:13:35,6.2728320312500045,77.1215805053711,10.06613021349907,971.85,0.003875
63.0,-112.5,2026-10-02 23:13:35,4.012832031250014,90.2465805053711,11.632130213499071,964.89,0.001875
63.0,-112.0,2026-10-02 23:13:35,2.885332031250016,92.3715805053711,12.100130213499071,960.78,0.0
63.0,-111.5,2026-10-02 23:13:35,1.2003320312500136,96.5715805053711,10.10213021349907,960.81,0.001875
63.0,-111.0,2026-10-02 23:13:35,1.2428320312500318,96.3715805053711,10.44413021349907,960.66,0.02475
63.0,-110.5,2026-10-02 23:13:35,2.0378320312500477,92.7465805053711,10.10213021349907,967.06,0.00575
63.0,-110.0,2026-10-02 23:13:35,1.8915820312500387,90.5965805053711,9.58013021349907,968.94,0.028625
63.0,-109.5,2026-10-02 23:13:35,2.607832031250041,84.4965805053711,13.09013021349907,971.69,0.082
63.0,-109.0,2026-10-02 23:13:35,2.051582031250007,87.4465805053711,12.49613021349907,964.94,0.185
63.0,-108.5,2026-10-02 23:13:35,2.2565820312500477,85.6465805053711,13.576130213499068,963.92,0.16025
63.0,-108.0,2026-10-02 23:13:35,2.5265820312500296,80.3715805053711,14.81813021349907,965.24,0.15825
63.0,-107.5,2026-10-02 23:13:35,2.010332031250016,82.8465805053711,11.326130213499068,961.22,0.26887500000000003
63.0,-107.0,2026-10-02 23:13:35,2.1515820312500296,78.4715805053711,11.77613021349907,964.17,0.00575
63.0,-106.5,2026-10-02 23:13:35,2.3390820312500296,72.8215805053711,9.20213021349907,966.02,0.003875
63.0,-106.0,2026-10-02 23:13:35,2.5028320312500227,67.7465805053711,7.00613021349907,968.67,0.019125
63.0,-105.5,2026-10-02 23:13:35,2.4503320312500136,65.5965805053711,6.196130213499069,969.61,0.02475
63.0,-105.0,2026-10-02 23:13:35,4.110332031250039,55.4965805053711,7.61813021349907,982.41,0.0095
63.0,-104.5,2026-10-02 23:13:35,3.0265820312500296,61.6715805053711,9.49013021349907,980.77,0.01525
63.0,-104.0,2026-10-02 23:13:35,2.3353320312500045,59.7715805053711,11.72213021349907,973.81,0.038125
63.0,-103.5,2026-10-02 23:13:35,1.1240820312500546,67.2965805053711,16.20413021349907,963.19,0.064875
63.0,-103.0,2026-10-02 23:13:35,1.8315820312500364,66.02158050537109,14.87213021349907,974.11,0.007625
63.0,-102.5,2026-10-02 23:13:35,1.7903320312500455,70.7965805053711,17.24813021349907,976.38,0.007625
63.0,-102.0,2026-10-02 23:13:35,2.1940820312500477,73.6215805053711,23.44013021349907,983.06,0.019125
63.0,-101.5,2026-10-02 23:13:35,1.1560351562500273,82.71265563964845,27.689346040070056,982.49,0.003875
63.0,-101.0,2026-10-02 23:13:35,1.543535156250016,80.81265563964844,30.047346040070057,982.02,0.049625
63.0,-100.5,2026-10-02 23:13:35,-0.31396484375,83.98765563964844,22.52334604007006,972.27,0.371875
63.0,-100.0,2026-10-02 23:13:35,-0.20271484374995907,83.76265563964844,24.66534604007006,971.3,1.855875
63.0,-99.5,2026-10-02 23:13:35,1.2185351562500273,85.51265563964844,34.54734604007006,974.83,0.4005
63.0,-99.0,2026-10-02 23:13:35,0.3160351562500523,84.23765563964844,28.04934604007006,969.61,0.495875
63.0,-98.5,2026-10-02 23:13:35,1.5835351562500364,81.46265563964845,26.951346040070057,982.69,0.249875
63.0,-98.0,2026-10-02 23:13:35,2.137285156250016,83.78765563964845,36.527346040070064,989.36,0.883125
63.0,-97.5,2026-10-02 23:13:35,2.0660351562500523,84.31265563964844,30.857346040070055,989.88,0.696125
63.0,-97.0,2026-10-02 23:13:35,2.3372851562500045,83.73765563964844,26.39334604007006,992.35,0.62375
63.0,-96.5,2026-10-02 23:13:35,2.519785156250009,78.43765563964844,27.67134604007006,992.26,0.14300000000000002
63.0,-96.0,2026-10-02 23:13:35,1.4760351562500205,75.93765563964844,28.283346040070057,991.11,0.459625
63.0,-95.5,2026-10-02 23:13:35,0.3322851562500091,78.61265563964844,31.28934604007006,991.61,0.083875
63.0,-95.0,2026-10-02 23:13:35,-0.06896484374999545,81.41265563964845,28.859346040070058,985.96,0.3185
63.0,-94.5,2026-10-02 23:13:35,0.314785156250025,79.23765563964844,33.14334604007006,989.82,0.2175
63.0,-94.0,2026-10-02 23:13:35,0.06978515625002046,86.61265563964844,28.571346040070058,990.19,0.49025
63.0,-93.5,2026-10-02 23:13:35,-0.055214843749979536,92.23765563964844,25.52934604007006,991.27,0.913625
63.0,-93.0,2026-10-02 23:13:35,0.20853515625003638,92.81265563964844,24.863346040070056,992.52,1.010875
63.0,-92.5,2026-10-02 23:13:35,0.5297851562500568,89.33765563964845,28.91334604007006,995.63,0.8240000000000001
63.0,-92.0,2026-10-02 23:13:35,0.20853515625003638,91.33765563964845,28.949346040070058,993.65,0.919375
63.0,-91.5,2026-10-02 23:13:35,0.1972851562500182,91.86265563964844,27.257346040070058,982.85,0.7877500000000001
63.0,-91.0,2026-10-02 23:13:35,1.023535156250034,89.53765563964845,23.333346040070058,994.36,0.124
63.0,-90.5,2026-10-02 23:13:35,1.9447851562500205,85.61265563964844,37.91334604007006,998.83,0.274625
63.0,-82.5,2026-10-02 23:13:35,3.5035351562500523,82.73765563964844,36.05934604007006,990.38,13.765375
63.0,-82.0,2026-10-02 23:13:35,3.3785351562500523,83.91265563964845,37.91334604007006,989.71,12.661
63.0,-78.0,2026-10-02 23:13:35,2.554785156250034,93.46265563964845,25.961346040070058,983.72,9.531
63.0,-71.5,2026-10-02 23:13:35,2.103535156250018,98.73765563964844,11.201346040070058,982.24,17.141375
63.0,-71.0,2026-10-02 23:13:35,3.2460351562500023,97.98765563964844,11.759346040070058,972.97,23.7865
63.0,-70.5,2026-10-02 23:13:35,4.092285156250057,90.86265563964844,10.769346040070058,969.99,13.44675
63.0,-70.0,2026-10-02 23:13:35,3.7460351562500023,83.98765563964844,9.869346040070058,955.69,6.483125
63.0,-69.5,2026-10-02 23:13:35,2.853535156250018,83.76265563964844,6.575346040070057,937.33,8.031875
63.0,-69.0,2026-10-02 23:13:35,-0.3314648437499841,95.66265563964845,4.469346040070056,915.11,3.24825
63.0,-68.5,2026-10-02 23:13:35,-1.0977148437499977,95.76265563964844,9.581346040070057,906.77,5.369125
63.0,-68.0,2026-10-02 23:13:35,-1.1702148437499886,96.23765563964844,7.763346040070058,915.46,13.923625
63.0,-67.5,2026-10-02 23:13:35,2.211035156250034,89.18765563964844,3.065346040070057,965.3,12.996625
63.0,-67.0,2026-10-02 23:13:35,2.1560351562500273,88.73765563964844,0.6713460400700569,983.94,4.3335
63.0,-66.5,2026-10-02 23:13:35,2.478535156250018,84.43765563964844,5.963346040070057,983.36,4.9342500000000005
63.0,-66.0,2026-10-02 23:13:35,2.0835351562500364,80.78765563964845,13.757346040070058,964.01,6.990375
63.0,-65.5,2026-10-02 23:13:35,-2.038964843749966,96.56265563964844,38.68734604007006,920.19,29.64975
63.0,-65.0,2026-10-02 23:13:35,-0.46271484374995,96.83765563964845,31.919346040070057,953.94,16.3765
63.5,-141.0,2026-10-02 23:13:35,-1.1215624999999818,75.23420639038086,4.637472903370857,916.12,0.0
63.5,-140.5,2026-10-02 23:13:35,-0.4303124999999568,76.70920639038086,4.475472903370857,922.4,0.0115
63.5,-140.0,2026-10-02 23:13:35,-1.9265624999999886,88.68420639038087,3.575472903370857,924.31,0.227
63.5,-139.5,2026-10-02 23:13:35,-1.3590624999999932,85.43420639038087,6.059472903370858,928.47,0.368125
63.5,-139.0,2026-10-02 23:13:35,-2.417812499999968,88.65920639038086,8.021472903370856,903.59,0.679
63.5,-138.5,2026-10-02 23:13:35,-2.96906249999995,94.30920639038087,9.443472903370857,896.23,0.36625
63.5,-138.0,2026-10-02 23:13:35,-0.2715624999999591,97.28420639038086,5.645472903370857,941.51,0.274625
63.5,-137.5,2026-10-02 23:13:35,-2.232812499999966,90.15920639038086,7.877472903370857,905.53,0.26325
63.5,-137.0,2026-10-02 23:13:35,0.2534375000000182,85.95920639038087,4.331472903370857,949.58,0.074375
63.5,-136.5,2026-10-02 23:13:35,0.005937500000015916,85.23420639038086,3.9714729033708576,896.34,0.089625
63.5,-136.0,2026-10-02 23:13:35,2.8109375000000227,69.48420639038086,0.9294729033708574,950.95,0.0725
63.5,-135.5,2026-10-02 23:13:35,-1.5078125,96.03420639038086,3.2874729033708574,865.36,0.63325
63.5,-135.0,2026-10-02 23:13:35,1.1809375000000273,84.15920639038086,3.665472903370857,931.48,0.16975
63.5,-134.5,2026-10-02 23:13:35,-0.23906249999998863,93.05920639038087,1.9194729033708575,918.42,0.162125
63.5,-134.0,2026-10-02 23:13:35,0.3534375000000409,92.38420639038087,7.787472903370857,928.43,0.959375
63.5,-133.5,2026-10-02 23:13:35,0.8609375000000341,85.88420639038087,1.5774729033708574,922.18,2.80375
63.5,-133.0,2026-10-02 23:13:35,1.402187500000025,83.80920639038087,5.537472903370857,929.47,1.689875
63.5,-132.5,2026-10-02 23:13:35,-0.9128124999999727,88.70920639038087,4.691472903370857,896.48,1.771875
63.5,-132.0,2026-10-02 23:13:35,-0.46656249999995225,90.88420639038087,3.395472903370857,907.78,1.758625
63.5,-131.5,2026-10-02 23:13:35,-3.5103124999999977,96.28420639038086,6.401472903370857,854.25,4.54525
63.5,-131.0,2026-10-02 23:13:35,-3.7390624999999886,94.78420639038086,4.961472903370858,843.79,4.29725
63.5,-130.5,2026-10-02 23:13:35,-3.761562499999968,97.25920639038087,2.0094729033708574,839.81,3.414125
63.5,-130.0,2026-10-02 23:13:35,-3.28156249999995,89.93420639038087,5.015472903370857,841.39,0.39675
63.5,-129.5,2026-10-02 23:13:35,-6.077812499999993,97.13420639038087,7.535472903370858,816.86,1.18825
63.5,-129.0,2026-10-02 23:13:35,-4.65656249999995,94.30920639038087,5.213472903370858,830.92,2.365125
63.5,-128.5,2026-10-02 23:13:35,-0.9753124999999727,83.20920639038087,4.259472903370857,876.37,0.486375
63.5,-128.0,2026-10-02 23:13:35,-0.5640624999999773,80.73420639038086,0.7674729033708573,870.81,0.892625
63.5,-127.5,2026-10-02 23:13:35,-3.4040624999999523,82.78420639038086,7.823472903370858,820.62,1.623125
63.5,-127.0,2026-10-02 23:13:35,1.110937500000034,66.20920639038086,8.075472903370857,862.87,0.177375
63.5,-126.5,2026-10-02 23:13:35,1.8109375000000227,69.20920639038086,9.821472903370857,878.26,0.00575
63.5,-126.0,2026-10-02 23:13:35,4.509687500000041,53.40920639038086,3.1074729033708572,900.51,0.007625
63.5,-125.5,2026-10-02 23:13:35,5.578437500000007,50.684206390380865,7.967472903370858,931.97,0.0
63.5,-125.0,2026-10-02 23:13:35,4.700937500000009,55.684206390380865,5.501472903370857,934.0,0.019125
63.5,-124.5,2026-10-02 23:13:35,4.984687500000007,62.309206390380865,5.213472903370858,966.81,0.017125
63.5,-124.0,2026-10-02 23:13:35,3.1359375000000114,82.08420639038087,5.6814729033708575,954.76,0.047625
63.5,-123.5,2026-10-02 23:13:35,3.3503320312500477,85.5465805053711,3.2801302134990693,986.49,0.0095
63.5,-123.0,2026-10-02 23:13:35,4.596582031250023,73.8465805053711,8.104130213499069,965.08,0.001875
63.5,-122.5,2026-10-02 23:13:35,5.127832031250023,74.8465805053711,8.89613021349907,953.8,0.003875
63.5,-122.0,2026-10-02 23:13:35,4.217832031250055,80.4715805053711,8.23013021349907,968.17,0.0
63.5,-121.5,2026-10-02 23:13:35,7.145332031250007,66.4215805053711,4.43213021349907,970.91,0.0
63.5,-121.0,2026-10-02 23:13:35,5.992832031250032,69.4965805053711,5.728130213499069,975.63,0.001875
63.5,-120.5,2026-10-02 23:13:35,5.700332031250014,74.5465805053711,4.19813021349907,973.35,0.001875
63.5,-120.0,2026-10-02 23:13:35,5.569082031250048,78.6465805053711,6.340130213499069,966.66,0.0
63.5,-119.5,2026-10-02 23:13:35,5.784082031250023,83.8215805053711,3.5141302134990693,970.0,0.017125
63.5,-119.0,2026-10-02 23:13:35,5.489082031250007,80.3465805053711,4.43213021349907,971.86,0.05725
63.5,-118.5,2026-10-02 23:13:35,5.4603320312500045,82.2715805053711,6.16013021349907,976.55,0.007625
63.5,-118.0,2026-10-02 23:13:35,4.249082031250055,90.9715805053711,6.142130213499069,977.83,0.022875
63.5,-117.5,2026-10-02 23:13:35,4.836582031250032,83.0965805053711,2.5781302134990693,973.72,0.028625
63.5,-117.0,2026-10-02 23:13:35,4.621582031250057,86.3465805053711,2.7761302134990693,982.86,0.02675
63.5,-116.5,2026-10-02 23:13:35,5.152832031250057,80.0465805053711,1.5881302134990694,983.58,0.0
63.5,-116.0,2026-10-02 23:13:35,5.534082031250023,81.8465805053711,0.2921302134990692,983.41,0.003875
63.5,-115.5,2026-10-02 23:13:35,5.360332031250039,81.0965805053711,2.6141302134990694,976.95,0.007625
63.5,-115.0,2026-10-02 23:13:35,5.381582031250048,80.0465805053711,3.190130213499069,973.88,0.00575
63.5,-114.5,2026-10-02 23:13:35,5.906582031250025,75.6215805053711,7.29413021349907,968.58,0.0095
63.5,-114.0,2026-10-02 23:13:35,6.27658203125003,74.2215805053711,10.01213021349907,966.36,0.01525
63.5,-113.5,2026-10-02 23:13:35,5.979082031250016,73.0465805053711,11.38013021349907,964.3,0.021
63.5,-113.0,2026-10-02 23:13:35,4.662832031250048,79.7465805053711,11.68613021349907,959.74,0.055375
63.5,-112.5,2026-10-02 23:13:35,3.906582031250025,84.9715805053711,12.85613021349907,958.35,0.007625
63.5,-112.0,2026-10-02 23:13:35,2.6690820312500136,87.6465805053711,10.51613021349907,958.31,0.003875
63.5,-111.5,2026-10-02 23:13:35,2.6515820312500296,87.1965805053711,11.57813021349907,958.85,0.0115
63.5,-111.0,2026-10-02 23:13:35,2.2065820312500364,87.7715805053711,10.82213021349907,958.45,0.085875
63.5,-110.5,2026-10-02 23:13:35,2.114082031250007,83.4965805053711,10.66013021349907,959.81,0.425375
63.5,-110.0,2026-10-02 23:13:35,2.2690820312500364,82.5965805053711,9.40013021349907,960.64,1.073875
63.5,-109.5,2026-10-02 23:13:35,1.8528320312500455,84.2215805053711,10.138130213499071,958.86,0.425375
63.5,-109.0,2026-10-02 23:13:35,1.9428320312500205,83.4215805053711,10.48013021349907,962.1,0.061
63.5,-108.5,2026-10-02 23:13:35,2.0965820312500227,80.7715805053711,10.62413021349907,963.97,0.410125
63.5,-108.0,2026-10-02 23:13:35,1.7078320312500068,83.3215805053711,8.82413021349907,961.53,0.0115
63.5,-107.5,2026-10-02 23:13:35,1.594082031250025,84.8215805053711,5.422130213499069,965.92,0.003875
63.5,-107.0,2026-10-02 23:13:35,1.5653320312500227,83.9465805053711,5.2421302134990695,966.63,0.042
63.5,-106.5,2026-10-02 23:13:35,1.2415820312500045,80.7465805053711,3.0101302134990693,964.81,0.0095
63.5,-106.0,2026-10-02 23:13:35,1.572832031250016,67.7465805053711,2.9921302134990695,967.94,0.043875000000000004
63.5,-105.5,2026-10-02 23:13:35,1.5965820312500227,68.5965805053711,7.92413021349907,971.25,0.007625
63.5,-105.0,2026-10-02 23:13:35,2.4228320312500387,59.9215805053711,9.23813021349907,977.91,0.013375
63.5,-104.5,2026-10-02 23:13:35,2.930332031250032,55.721580505371094,11.11013021349907,987.52,0.001875
63.5,-104.0,2026-10-02 23:13:35,2.2040820312500387,57.846580505371094,13.19813021349907,977.19,0.04
63.5,-103.5,2026-10-02 23:13:35,0.5965820312500227,67.4215805053711,14.440130213499069,965.17,0.20600000000000002
63.5,-103.0,2026-10-02 23:13:35,0.06908203125004775,75.3215805053711,16.85213021349907,965.66,0.249875
63.5,-102.5,2026-10-02 23:13:35,0.49283203125003183,77.0465805053711,18.688130213499072,972.47,0.16975
63.5,-102.0,2026-10-02 23:13:35,1.1140820312500068,74.9715805053711,21.28013021349907,977.44,0.19075
63.5,-101.5,2026-10-02 23:13:35,-0.04521484374998863,80.11265563964844,20.471346040070056,977.22,0.307125
63.5,-101.0,2026-10-02 23:13:35,0.3647851562500364,83.21265563964845,27.239346040070057,980.71,0.62175
63.5,-100.5,2026-10-02 23:13:35,-0.21271484374994998,83.73765563964844,23.09934604007006,977.19,1.15775
63.5,-100.0,2026-10-02 23:13:35,0.43103515625000455,84.41265563964845,29.92134604007006,977.13,0.56075
63.5,-99.5,2026-10-02 23:13:35,0.1697851562500432,87.61265563964844,30.20934604007006,973.19,0.6275000000000001
63.5,-99.0,2026-10-02 23:13:35,1.2260351562500205,85.58765563964845,31.54134604007006,986.07,0.501625
63.5,-98.5,2026-10-02 23:13:35,0.6797851562500341,89.16265563964845,28.013346040070058,975.18,1.91875
63.5,-98.0,2026-10-02 23:13:35,1.6660351562500182,83.01265563964844,28.859346040070058,978.96,0.39675
63.5,-97.5,2026-10-02 23:13:35,2.478535156250018,82.31265563964844,27.167346040070058,991.19,0.413875
63.5,-97.0,2026-10-02 23:13:35,1.9935351562500045,80.91265563964845,27.00534604007006,989.96,0.49212500000000003
63.5,-96.5,2026-10-02 23:13:35,1.06853515625005,77.66265563964845,30.641346040070054,988.29,0.02675
63.5,-96.0,2026-10-02 23:13:35,0.8735351562500568,76.78765563964843,30.71334604007006,990.27,0.33
63.5,-95.5,2026-10-02 23:13:35,-0.1677148437499909,81.36265563964844,28.91334604007006,982.77,0.07062500000000001
63.5,-95.0,2026-10-02 23:13:35,-0.21271484374994998,81.58765563964845,29.05734604007006,984.93,0.4635
63.5,-94.5,2026-10-02 23:13:35,0.408535156250025,84.48765563964844,31.379346040070054,990.07,0.768625
63.5,-94.0,2026-10-02 23:13:35,0.2010351562500432,84.48765563964844,27.86934604007006,989.46,0.8545
63.5,-93.5,2026-10-02 23:13:35,0.4060351562500273,88.23765563964844,25.78134604007006,994.43,1.96075
63.5,-93.0,2026-10-02 23:13:35,0.7185351562500273,88.66265563964845,28.391346040070058,997.55,2.067625
63.5,-92.5,2026-10-02 23:13:35,0.6860351562500568,86.61265563964844,29.381346040070056,997.49,1.688
63.5,-92.0,2026-10-02 23:13:35,0.5610351562500568,87.06265563964844,24.59334604007006,993.77,3.379875
63.5,-91.5,2026-10-02 23:13:35,0.7622851562500159,89.43765563964844,23.99934604007006,993.66,2.5025
63.5,-91.0,2026-10-02 23:13:35,2.418535156250016,82.03765563964845,33.107346040070055,999.08,1.33325
63.5,-90.5,2026-10-02 23:13:35,2.207285156250009,78.11265563964844,33.01734604007006,998.63,1.485875
63.5,-87.0,2026-10-02 23:13:35,2.00603515625005,93.28765563964845,27.257346040070058,995.08,7.074375
63.5,-85.5,2026-10-02 23:13:35,-0.12896484374999773,97.83765563964845,19.96734604007006,981.18,12.3405
63.5,-85.0,2026-10-02 23:13:35,0.3322851562500091,96.38765563964844,19.96734604007006,978.85,10.56475
63.5,-84.5,2026-10-02 23:13:35,2.082285156250009,91.83765563964845,19.769346040070058,991.01,8.56975
63.5,-81.5,2026-10-02 23:13:35,2.391035156250041,86.96265563964845,33.341346040070064,989.07,10.37025
63.5,-81.0,2026-10-02 23:13:35,2.1497851562500045,88.83765563964845,29.903346040070062,984.71,15.251125
63.5,-78.5,2026-10-02 23:13:35,2.106035156250016,92.51265563964844,39.15534604007006,982.83,10.70025
63.5,-78.0,2026-10-02 23:13:35,2.158535156250025,90.68765563964844,27.76134604007006,984.21,12.041125000000001
63.5,-77.0,2026-10-02 23:13:35,1.6385351562500432,97.08765563964845,27.29334604007006,961.88,4.562375
63.5,-76.5,2026-10-02 23:13:35,2.1422851562500114,98.58765563964845,31.631346040070056,982.55,5.62475
63.5,-72.0,2026-10-02 23:13:35,2.916035156250018,97.86265563964844,16.99734604007006,982.33,5.83075
63.5,-71.5,2026-10-02 23:13:35,3.9860351562500114,90.73765563964844,8.141346040070058,982.44,0.3185
63.5,-71.0,2026-10-02 23:13:35,3.9022851562500023,90.83765563964845,12.011346040070057,957.66,0.25175000000000003
63.5,-70.5,2026-10-02 23:13:35,2.6322851562500205,91.66265563964845,10.247346040070058,934.47,1.91875
63.5,-70.0,2026-10-02 23:13:35,1.804785156250034,89.88765563964844,9.113346040070057,928.9,5.380625
63.5,-69.5,2026-10-02 23:13:35,1.1560351562500273,88.03765563964845,8.447346040070057,919.57,3.692625
63.5,-69.0,2026-10-02 23:13:35,-0.1427148437499568,91.11265563964844,7.961346040070056,918.8,8.258875
63.5,-68.5,2026-10-02 23:13:35,2.6185351562500045,85.98765563964844,6.683346040070057,983.99,7.062875
63.5,-68.0,2026-10-02 23:13:35,4.572285156250018,70.58765563964845,8.915346040070057,980.44,6.53075
63.5,-67.5,2026-10-02 23:13:35,4.09978515625005,72.86265563964844,8.951346040070058,979.04,1.804375
63.5,-67.0,2026-10-02 23:13:35,-0.3402148437499477,86.68765563964844,15.089346040070057,924.19,2.237375
63.5,-66.5,2026-10-02 23:13:35,-0.7327148437499886,86.28765563964845,14.117346040070057,922.65,0.8145
63.5,-66.0,2026-10-02 23:13:35,-1.65771484375,91.53765563964845,22.541346040070056,917.47,1.482
63.5,-65.5,2026-10-02 23:13:35,0.21853515625002728,89.28765563964845,13.091346040070057,951.68,1.4305
63.5,-65.0,2026-10-02 23:13:35,0.11478515625003638,91.56265563964844,26.879346040070057,958.41,9.51575
63.5,-64.5,2026-10-02 23:13:35,1.703535156250041,93.96265563964845,38.39934604007006,979.65,20.401
63.5,-64.0,2026-10-02 23:13:35,1.7910351562500182,94.66265563964845,41.35134604007006,981.85,12.998625
64.0,-141.0,2026-10-02 23:13:35,-5.064062499999977,86.98420639038086,6.203472903370858,879.9,0.064875
64.0,-140.5,2026-10-02 23:13:35,-2.8828125,80.40920639038086,6.311472903370857,911.58,0.12587500000000001
64.0,-140.0,2026-10-02 23:13:35,-3.0390625,84.20920639038087,10.433472903370859,903.25,0.131625
64.0,-139.5,2026-10-02 23:13:35,-1.1628124999999727,78.70920639038087,5.627472903370857,938.92,3.177625
64.0,-139.0,2026-10-02 23:13:35,-0.8140624999999773,77.60920639038086,7.067472903370858,940.73,9.592
64.0,-138.5,2026-10-02 23:13:35,-0.43531249999995225,81.10920639038086,5.501472903370857,945.81,5.2166250000000005
64.0,-138.0,2026-10-02 23:13:35,-2.052812499999959,84.50920639038087,3.575472903370857,929.04,1.40575
64.0,-137.5,2026-10-02 23:13:35,-0.21906249999994998,70.18420639038087,5.483472903370857,909.09,1.1215
64.0,-137.0,2026-10-02 23:13:35,-1.900312499999984,70.85920639038086,2.6394729033708573,873.81,1.462875
64.0,-136.5,2026-10-02 23:13:35,-0.11406249999998863,67.40920639038086,4.115472903370857,894.12,1.42675
64.0,-136.0,2026-10-02 23:13:35,-0.8990624999999568,68.68420639038087,8.597472903370857,893.75,2.22775
64.0,-135.5,2026-10-02 23:13:35,0.44843750000001137,74.98420639038086,9.641472903370857,908.61,2.20675
64.0,-135.0,2026-10-02 23:13:35,0.20343750000000682,83.63420639038087,3.575472903370857,918.67,0.46925
64.0,-134.5,2026-10-02 23:13:35,-3.109062499999993,93.85920639038086,6.401472903370857,867.81,5.765875
64.0,-134.0,2026-10-02 23:13:35,1.0659375000000182,77.48420639038086,5.861472903370857,907.86,1.14825
64.0,-133.5,2026-10-02 23:13:35,-0.35531249999996817,86.13420639038087,6.6894729033708575,889.37,2.28125
64.0,-133.0,2026-10-02 23:13:35,1.415937500000041,82.58420639038087,3.4494729033708573,915.36,4.8103750000000005
64.0,-132.5,2026-10-02 23:13:35,-2.9390624999999773,94.03420639038086,4.385472903370858,852.97,9.9335
64.0,-132.0,2026-10-02 23:13:35,-2.421562499999993,88.18420639038087,4.475472903370857,854.17,4.219
64.0,-131.5,2026-10-02 23:13:35,-2.576562499999966,88.08420639038087,3.2514729033708574,856.45,0.6275000000000001
64.0,-131.0,2026-10-02 23:13:35,-3.865312499999959,92.53420639038086,3.4494729033708573,842.56,0.557
64.0,-130.5,2026-10-02 23:13:35,-3.046562499999993,88.20920639038087,2.2434729033708574,849.93,0.286125
64.0,-130.0,2026-10-02 23:13:35,-2.3453124999999773,85.35920639038086,1.0194729033708572,850.75,1.0605
64.0,-129.5,2026-10-02 23:13:35,-0.2715624999999591,79.90920639038086,0.38947290337085727,880.58,0.640875
64.0,-129.0,2026-10-02 23:13:35,-4.986562499999991,91.43420639038087,5.573472903370857,814.26,1.0166250000000001
64.0,-128.5,2026-10-02 23:13:35,-1.1228124999999523,78.93420639038087,2.5494729033708574,855.34,0.055375
64.0,-128.0,2026-10-02 23:13:35,1.232187500000009,70.93420639038087,1.5954729033708575,901.58,1.543
64.0,-127.5,2026-10-02 23:13:35,-3.4478124999999977,87.03420639038086,10.073472903370858,833.37,1.06425
64.0,-127.0,2026-10-02 23:13:35,0.1421875000000341,71.85920639038086,7.967472903370858,862.31,0.0
64.0,-126.5,2026-10-02 23:13:35,0.9309375000000273,66.23420639038086,7.571472903370857,871.78,0.0
64.0,-126.0,2026-10-02 23:13:35,1.880937500000016,79.63420639038087,8.309472903370857,918.37,0.05725
64.0,-125.5,2026-10-02 23:13:35,3.017187500000034,76.70920639038086,7.067472903370858,937.98,0.038125
64.0,-125.0,2026-10-02 23:13:35,5.114687500000002,72.38420639038087,3.0534729033708574,971.4,0.028625
64.0,-124.5,2026-10-02 23:13:35,5.149687500000027,78.30920639038087,2.2614729033708576,992.0,0.00575
64.0,-124.0,2026-10-02 23:13:35,3.669687500000009,86.90920639038086,4.331472903370857,979.9,0.068625
64.0,-123.5,2026-10-02 23:13:35,1.482832031250041,87.4715805053711,4.14413021349907,927.69,0.032375
64.0,-123.0,2026-10-02 23:13:35,3.1928320312500205,86.5965805053711,6.196130213499069,973.47,0.0095
64.0,-122.5,2026-10-02 23:13:35,3.149082031250032,81.0465805053711,3.8021302134990695,958.5,0.0
64.0,-122.0,2026-10-02 23:13:35,4.264082031250041,73.8215805053711,6.142130213499069,975.64,0.0
64.0,-121.5,2026-10-02 23:13:35,4.496582031250057,82.0965805053711,7.63613021349907,982.11,0.0
64.0,-121.0,2026-10-02 23:13:35,4.916582031250016,74.8215805053711,5.0081302134990695,978.49,0.0
64.0,-120.5,2026-10-02 23:13:35,5.444082031250048,70.5965805053711,6.86213021349907,973.92,0.0
64.0,-120.0,2026-10-02 23:13:35,4.9778320312500455,79.5965805053711,11.254130213499069,972.83,0.0
64.0,-119.5,2026-10-02 23:13:35,5.144082031250036,76.7215805053711,10.85813021349907,969.7,0.028625
64.0,-119.0,2026-10-02 23:13:35,4.791582031250016,79.5215805053711,11.632130213499071,970.31,0.007625
64.0,-118.5,2026-10-02 23:13:35,5.311582031250055,72.1965805053711,10.732130213499069,968.88,0.021
64.0,-118.0,2026-10-02 23:13:35,5.6340820312500455,73.4215805053711,11.05613021349907,968.16,0.013375
64.0,-117.5,2026-10-02 23:13:35,6.08908203125003,84.2715805053711,12.47813021349907,983.14,0.04
64.0,-117.0,2026-10-02 23:13:35,5.475332031250048,86.5715805053711,4.61213021349907,981.95,0.164
64.0,-116.5,2026-10-02 23:13:35,4.512832031250014,90.4215805053711,2.9561302134990695,977.91,0.23275
64.0,-116.0,2026-10-02 23:13:35,4.562832031250025,87.6965805053711,1.5701302134990693,977.81,0.146875
64.0,-115.5,2026-10-02 23:13:35,4.819082031250048,87.6465805053711,0.7601302134990693,975.13,0.03625
64.0,-115.0,2026-10-02 23:13:35,4.180332031250032,92.8965805053711,2.902130213499069,971.89,0.14300000000000002
64.0,-114.5,2026-10-02 23:13:35,4.059082031250057,88.3215805053711,3.7121302134990697,964.81,0.761
64.0,-114.0,2026-10-02 23:13:35,3.8115820312500546,88.5215805053711,4.954130213499069,964.72,0.9822500000000001
64.0,-113.5,2026-10-02 23:13:35,3.2940820312500136,92.9465805053711,3.7661302134990695,965.02,0.2785
64.0,-113.0,2026-10-02 23:13:35,2.5190820312500364,91.5465805053711,2.902130213499069,963.3,1.45725
64.0,-112.5,2026-10-02 23:13:35,2.5715820312500455,88.2715805053711,6.7181302134990695,954.83,3.2635
64.0,-112.0,2026-10-02 23:13:35,2.6203320312500296,85.7965805053711,12.424130213499069,955.31,3.0688750000000002
64.0,-111.5,2026-10-02 23:13:35,3.156582031250025,83.6965805053711,18.40013021349907,959.64,0.843
64.0,-111.0,2026-10-02 23:13:35,2.305332031250032,83.4215805053711,15.52013021349907,956.63,0.059125000000000004
64.0,-110.5,2026-10-02 23:13:35,2.2565820312500477,78.1965805053711,13.14413021349907,961.16,0.007625
64.0,-110.0,2026-10-02 23:13:35,1.357832031250041,84.2715805053711,10.28213021349907,960.13,0.12975
64.0,-109.5,2026-10-02 23:13:35,1.4615820312500318,83.9965805053711,9.20213021349907,962.99,0.124
64.0,-109.0,2026-10-02 23:13:35,1.3915820312500387,87.3465805053711,8.104130213499069,961.99,0.059125000000000004
64.0,-108.5,2026-10-02 23:13:35,0.7640820312500409,92.9715805053711,6.664130213499069,965.45,0.019125
64.0,-108.0,2026-10-02 23:13:35,0.7215820312500227,89.1965805053711,7.47413021349907,963.7,0.146875
64.0,-107.5,2026-10-02 23:13:35,0.7628320312500136,87.0965805053711,6.16013021349907,968.14,0.007625
64.0,-107.0,2026-10-02 23:13:35,0.5590820312500568,78.1965805053711,4.19813021349907,964.94,0.001875
64.0,-106.5,2026-10-02 23:13:35,0.5790820312500387,74.5715805053711,4.090130213499069,965.8,0.019125
64.0,-106.0,2026-10-02 23:13:35,0.6765820312500068,69.4715805053711,9.14813021349907,968.33,0.032375
64.0,-105.5,2026-10-02 23:13:35,0.5028320312500227,66.27158050537109,10.85813021349907,967.06,0.0115
64.0,-105.0,2026-10-02 23:13:35,0.8253320312500136,66.5465805053711,12.046130213499069,969.81,0.02675
64.0,-104.5,2026-10-02 23:13:35,0.7453320312500296,68.0715805053711,13.864130213499068,973.69,0.02475
64.0,-104.0,2026-10-02 23:13:35,2.3878320312500136,60.346580505371094,13.16213021349907,988.94,0.064875
64.0,-103.5,2026-10-02 23:13:35,1.545332031250041,66.6965805053711,15.23213021349907,983.89,0.177375
64.0,-103.0,2026-10-02 23:13:35,1.6415820312500387,67.6215805053711,16.76213021349907,990.38,0.059125000000000004
64.0,-102.5,2026-10-02 23:13:35,1.4715820312500227,71.3465805053711,20.290130213499072,990.56,0.629375
64.0,-102.0,2026-10-02 23:13:35,0.6940820312500477,81.0715805053711,20.434130213499067,983.89,4.00925
64.0,-101.5,2026-10-02 23:13:35,-1.788964843749966,91.18765563964844,20.975346040070058,968.46,4.8713750000000005
64.0,-101.0,2026-10-02 23:13:35,-0.2964648437499591,82.76265563964844,22.577346040070058,978.85,1.304625
64.0,-100.5,2026-10-02 23:13:35,0.221035156250025,84.01265563964844,25.097346040070057,981.1,0.82775
64.0,-100.0,2026-10-02 23:13:35,1.3297851562500114,85.71265563964845,31.145346040070056,990.61,0.171625
64.0,-99.5,2026-10-02 23:13:35,2.0935351562500273,83.26265563964844,34.205346040070054,991.35,0.248
64.0,-99.0,2026-10-02 23:13:35,1.4935351562500045,85.08765563964845,26.663346040070056,989.57,0.2175
64.0,-98.5,2026-10-02 23:13:35,2.97478515625005,83.58765563964845,38.25534604007006,990.1,0.150625
64.0,-98.0,2026-10-02 23:13:35,2.561035156250057,86.63765563964844,31.28934604007006,990.85,0.1545
64.0,-97.5,2026-10-02 23:13:35,2.2772851562500023,81.68765563964844,36.38334604007006,987.82,0.09725
64.0,-97.0,2026-10-02 23:13:35,0.007285156250020464,80.11265563964844,29.63334604007006,978.08,0.249875
64.0,-96.5,2026-10-02 23:13:35,1.939785156250025,78.96265563964845,39.353346040070065,997.46,0.049625
64.0,-96.0,2026-10-02 23:13:35,0.09353515625002728,79.78765563964845,27.905346040070057,988.96,0.047625
64.0,-95.5,2026-10-02 23:13:35,0.8947851562500091,78.56265563964844,29.92134604007006,998.38,0.25175000000000003
64.0,-95.0,2026-10-02 23:13:35,0.7535351562500523,77.41265563964845,27.29334604007006,998.57,0.38525
64.0,-94.5,2026-10-02 23:13:35,1.3397851562500023,79.06265563964844,34.90734604007006,1001.13,0.244125
64.0,-94.0,2026-10-02 23:13:35,0.23603515625001137,82.88765563964844,27.617346040070057,996.65,1.634625
64.0,-93.5,2026-10-02 23:13:35,0.45478515625001137,84.93765563964844,29.20134604007006,1001.86,1.525875
64.0,-93.0,2026-10-02 23:13:35,0.283535156250025,83.78765563964845,24.719346040070057,994.57,2.462375
64.0,-92.5,2026-10-02 23:13:35,0.3710351562500023,84.36265563964844,25.40334604007006,993.16,2.962125
64.0,-92.0,2026-10-02 23:13:35,0.2710351562500364,84.71265563964845,22.81134604007006,989.04,2.82475
64.0,-91.5,2026-10-02 23:13:35,0.6835351562500023,85.63765563964844,22.52334604007006,988.79,3.048
64.0,-91.0,2026-10-02 23:13:35,1.047285156250041,82.78765563964845,20.471346040070056,988.47,2.422375
64.0,-90.5,2026-10-02 23:13:35,1.269785156250009,83.96265563964845,21.533346040070057,995.22,2.01225
64.0,-90.0,2026-10-02 23:13:35,1.0610351562500568,82.51265563964844,23.53134604007006,995.26,3.50575
64.0,-89.5,2026-10-02 23:13:35,1.8297851562500114,78.26265563964844,26.051346040070058,997.44,3.965375
64.0,-89.0,2026-10-02 23:13:35,1.7885351562500205,79.93765563964844,21.58734604007006,997.07,4.4975000000000005
64.0,-88.5,2026-10-02 23:13:35,1.44353515625005,79.61265563964844,23.38734604007006,996.72,6.5155
64.0,-87.0,2026-10-02 23:13:35,1.971035156250025,80.48765563964844,34.67334604007006,995.3,10.109
64.0,-86.5,2026-10-02 23:13:35,1.3397851562500023,86.86265563964844,25.18734604007006,994.52,13.2485
64.0,-86.0,2026-10-02 23:13:35,0.2597851562500182,90.68765563964844,19.211346040070058,992.05,11.198
64.0,-85.5,2026-10-02 23:13:35,0.8747851562500273,89.18765563964844,21.047346040070057,990.01,10.6525
64.0,-85.0,2026-10-02 23:13:35,0.5385351562500205,90.38765563964844,20.83134604007006,981.58,12.216625
64.0,-84.5,2026-10-02 23:13:35,1.4410351562500523,89.36265563964844,18.347346040070057,982.69,16.590125
64.0,-84.0,2026-10-02 23:13:35,1.762285156250016,84.61265563964844,18.38334604007006,983.4,15.420875
64.0,-83.5,2026-10-02 23:13:35,2.8372851562500045,80.23765563964844,26.73534604007006,991.91,18.554750000000002
64.0,-83.0,2026-10-02 23:13:35,2.3335351562500364,85.61265563964844,20.309346040070057,989.32,17.91575
64.0,-82.5,2026-10-02 23:13:35,2.2810351562500273,85.91265563964845,22.379346040070057,989.24,12.2585
64.0,-82.0,2026-10-02 23:13:35,2.6010351562500205,85.36265563964844,33.53934604007006,989.97,12.24325
64.0,-81.5,2026-10-02 23:13:35,1.91228515625005,90.53765563964845,32.99934604007006,984.32,19.262375
64.0,-81.0,2026-10-02 23:13:35,1.8435351562500273,90.73765563964844,38.74134604007006,984.26,18.760625
64.0,-80.5,2026-10-02 23:13:35,2.0210351562500364,90.13765563964844,42.485346040070056,988.27,17.42175
64.0,-78.0,2026-10-02 23:13:35,1.9472851562500182,91.03765563964845,31.955346040070054,984.3,2.039
64.0,-77.5,2026-10-02 23:13:35,2.221035156250025,88.51265563964844,24.251346040070057,983.04,1.928375
64.0,-73.0,2026-10-02 23:13:35,3.38103515625005,97.43765563964844,12.281346040070057,982.54,3.11275
64.0,-72.5,2026-10-02 23:13:35,3.992285156250034,94.48765563964844,8.897346040070058,971.43,3.681125
64.0,-72.0,2026-10-02 23:13:35,3.4860351562500114,98.03765563964845,8.285346040070058,968.11,3.6125000000000003
64.0,-71.5,2026-10-02 23:13:35,1.457285156250009,98.31265563964844,8.393346040070057,944.69,5.920375
64.0,-71.0,2026-10-02 23:13:35,0.37353515625005684,99.18765563964844,9.779346040070058,931.01,6.0120000000000005
64.0,-70.5,2026-10-02 23:13:35,-0.09521484375,97.38765563964844,11.831346040070057,921.79,5.044875
64.0,-70.0,2026-10-02 23:13:35,-0.12646484375,93.36265563964844,14.711346040070058,932.52,4.713
64.0,-69.5,2026-10-02 23:13:35,0.1910351562500523,89.88765563964844,12.677346040070057,936.18,7.383375
64.0,-69.0,2026-10-02 23:13:35,1.7172851562500568,86.61265563964844,9.545346040070056,963.41,3.110875
64.0,-68.5,2026-10-02 23:13:35,0.5922851562500568,87.16265563964845,12.713346040070057,942.44,6.296125
64.0,-68.0,2026-10-02 23:13:35,0.21728515625005684,85.08765563964845,15.863346040070056,923.91,3.522875
64.0,-67.5,2026-10-02 23:13:35,-0.8864648437499909,87.11265563964844,17.879346040070057,911.04,4.522375
64.0,-67.0,2026-10-02 23:13:35,-1.487714843749984,88.41265563964845,16.40334604007006,906.66,1.99125
64.0,-66.5,2026-10-02 23:13:35,-1.480214843749991,86.91265563964845,18.617346040070057,908.63,1.9817500000000001
64.0,-66.0,2026-10-02 23:13:35,-0.8927148437499568,87.46265563964845,19.24734604007006,921.79,1.838625
64.0,-65.5,2026-10-02 23:13:35,-2.0977148437499977,94.78765563964845,27.31134604007006,915.77,4.85425
64.0,-65.0,2026-10-02 23:13:35,-0.2677148437499568,90.11265563964844,27.43734604007006,945.99,3.87575
64.0,-64.5,2026-10-02 23:13:35,0.09603515625002501,96.88765563964844,38.345346040070055,962.44,19.153625
64.5,-141.0,2026-10-02 23:13:35,-3.1953125,80.40920639038086,12.161472903370859,919.08,0.9117500000000001
64.5,-140.5,2026-10-02 23:13:35,0.3196875000000432,78.23420639038086,11.387472903370858,972.26,2.97925
64.5,-140.0,2026-10-02 23:13:35,-3.8815624999999727,84.63420639038087,8.237472903370858,894.29,2.346
64.5,-139.5,2026-10-02 23:13:35,-3.334062499999959,80.35920639038086,6.023472903370857,902.59,3.738375
64.5,-139.0,2026-10-02 23:13:35,-4.8828125,84.35920639038086,8.309472903370857,866.87,5.849875
64.5,-138.5,2026-10-02 23:13:35,-7.055312499999957,89.55920639038087,4.349472903370858,823.25,7.432875
64.5,-138.0,2026-10-02 23:13:35,-8.145312499999989,96.25920639038087,5.591472903370858,826.0,7.721
64.5,-137.5,2026-10-02 23:13:35,-6.855312499999968,92.88420639038087,5.771472903370857,846.54,2.950625
64.5,-137.0,2026-10-02 23:13:35,-4.091562499999952,84.85920639038086,6.293472903370858,880.28,2.8076250000000003
64.5,-136.5,2026-10-02 23:13:35,-6.515312499999993,95.55920639038087,5.6814729033708575,841.37,6.08825
64.5,-136.0,2026-10-02 23:13:35,-5.584062499999959,88.48420639038086,7.823472903370858,860.15,3.631625
64.5,-135.5,2026-10-02 23:13:35,-4.420312499999966,86.65920639038086,6.671472903370858,866.64,4.692125
64.5,-135.0,2026-10-02 23:13:35,-5.747812499999952,92.30920639038087,6.905472903370858,841.36,8.932125000000001
64.5,-134.5,2026-10-02 23:13:35,-3.4165624999999977,85.63420639038087,6.581472903370857,869.4,5.1937500000000005
64.5,-134.0,2026-10-02 23:13:35,-4.920312499999966,95.85920639038086,5.735472903370858,848.14,8.117625
64.5,-133.5,2026-10-02 23:13:35,-1.6053124999999682,80.93420639038087,4.817472903370858,888.0,2.901125
64.5,-133.0,2026-10-02 23:13:35,-5.404062499999952,94.10920639038086,3.809472903370857,829.59,7.080125
64.5,-132.5,2026-10-02 23:13:35,-3.742812499999957,87.55920639038087,1.1094729033708572,838.03,7.387125
64.5,-132.0,2026-10-02 23:13:35,-2.492812499999957,80.40920639038086,3.3054729033708576,849.51,3.2215000000000003
64.5,-131.5,2026-10-02 23:13:35,-2.12531249999995,80.40920639038086,4.025472903370858,854.17,1.1692500000000001
64.5,-131.0,2026-10-02 23:13:35,-2.459062499999959,83.23420639038086,2.531472903370857,854.7,0.5035000000000001
64.5,-130.5,2026-10-02 23:13:35,-5.955312499999991,95.58420639038087,2.1534729033708575,812.39,2.697
64.5,-130.0,2026-10-02 23:13:35,-3.4453125,85.23420639038086,4.781472903370857,850.0,0.29375
64.5,-129.5,2026-10-02 23:13:35,-5.740312499999959,92.23420639038086,2.4774729033708573,810.54,1.092875
64.5,-129.0,2026-10-02 23:13:35,-3.355312499999968,88.25920639038087,2.2974729033708576,833.51,0.08775000000000001
64.5,-128.5,2026-10-02 23:13:35,-3.577812499999993,84.98420639038086,4.619472903370857,825.42,0.213625
64.5,-128.0,2026-10-02 23:13:35,-0.7828124999999773,78.33420639038087,4.331472903370857,852.53,0.003875
64.5,-127.5,2026-10-02 23:13:35,1.1671875000000114,66.33420639038086,4.493472903370858,887.62,0.001875
64.5,-127.0,2026-10-02 23:13:35,-1.3990624999999568,81.33420639038087,7.193472903370858,862.79,0.01525
64.5,-126.5,2026-10-02 23:13:35,0.9259375000000318,88.58420639038087,9.785472903370858,947.62,0.032375
64.5,-126.0,2026-10-02 23:13:35,-0.6140624999999886,98.13420639038087,11.477472903370858,924.65,0.15825
64.5,-125.5,2026-10-02 23:13:35,1.9896875000000023,92.65920639038086,9.677472903370857,966.08,0.0
64.5,-125.0,2026-10-02 23:13:35,4.797187500000007,91.83420639038087,5.951472903370857,1001.59,0.001875
64.5,-124.5,2026-10-02 23:13:35,2.68718750000005,96.25920639038087,3.0174729033708574,966.95,0.0
64.5,-124.0,2026-10-02 23:13:35,2.9709375000000477,89.50920639038087,5.969472903370858,957.12,0.0
64.5,-123.5,2026-10-02 23:13:35,2.562832031250025,91.0465805053711,6.574130213499069,964.0,0.013375
64.5,-123.0,2026-10-02 23:13:35,3.7178320312500546,85.5215805053711,5.38613021349907,980.91,0.0095
64.5,-122.5,2026-10-02 23:13:35,3.670332031250041,82.4965805053711,6.142130213499069,983.52,0.0
64.5,-122.0,2026-10-02 23:13:35,4.944082031250048,72.1715805053711,8.37413021349907,986.53,0.001875
64.5,-121.5,2026-10-02 23:13:35,4.9740820312500205,69.27158050537109,8.86013021349907,981.69,0.0
64.5,-121.0,2026-10-02 23:13:35,5.394082031250036,68.3465805053711,8.42813021349907,975.66,0.003875
64.5,-120.5,2026-10-02 23:13:35,4.902832031250057,73.0965805053711,8.14013021349907,967.56,0.0
64.5,-120.0,2026-10-02 23:13:35,5.479082031250016,66.14658050537109,7.00613021349907,965.17,0.0
64.5,-119.5,2026-10-02 23:13:35,5.5853320312500045,66.1215805053711,7.76213021349907,966.52,0.0
64.5,-119.0,2026-10-02 23:13:35,4.982832031250041,72.3215805053711,12.244130213499071,964.5,0.0
64.5,-118.5,2026-10-02 23:13:35,4.669082031250014,75.8465805053711,13.66613021349907,965.2,0.001875
64.5,-118.0,2026-10-02 23:13:35,5.777832031250057,66.64658050537109,12.96413021349907,979.05,0.0115
64.5,-117.5,2026-10-02 23:13:35,6.336582031250032,76.7215805053711,12.06413021349907,985.99,0.0115
64.5,-117.0,2026-10-02 23:13:35,6.5678320312500205,78.2215805053711,6.430130213499069,981.2,0.043875000000000004
64.5,-116.5,2026-10-02 23:13:35,6.465332031250057,70.9965805053711,5.098130213499069,972.52,0.14300000000000002
64.5,-116.0,2026-10-02 23:13:35,5.822832031250016,80.9465805053711,2.2001302134990697,971.49,0.23275
64.5,-115.5,2026-10-02 23:13:35,5.217832031250055,81.9465805053711,1.9661302134990692,964.19,0.2995
64.5,-115.0,2026-10-02 23:13:35,4.519082031250036,86.6965805053711,4.108130213499069,965.61,0.528375
64.5,-114.5,2026-10-02 23:13:35,3.617832031250032,91.4215805053711,1.7321302134990693,961.3,1.30075
64.5,-114.0,2026-10-02 23:13:35,2.9403320312500227,93.0965805053711,2.6141302134990694,959.0,3.088
64.5,-113.5,2026-10-02 23:13:35,1.857832031250041,98.9215805053711,2.8121302134990693,958.91,4.875125
64.5,-113.0,2026-10-02 23:13:35,1.7465820312500568,96.1465805053711,0.20213021349906923,964.78,5.159375
64.5,-112.5,2026-10-02 23:13:35,1.2390820312500068,96.1965805053711,3.3881302134990694,958.81,2.719875
64.5,-112.0,2026-10-02 23:13:35,0.2690820312500364,97.4965805053711,4.522130213499069,955.27,0.373875
64.5,-111.5,2026-10-02 23:13:35,0.23533203125003865,98.3965805053711,6.23213021349907,957.63,0.053375
64.5,-111.0,2026-10-02 23:13:35,0.5678320312500205,91.8215805053711,7.09613021349907,959.38,0.068625
64.5,-110.5,2026-10-02 23:13:35,2.2728320312500045,77.2965805053711,10.15613021349907,961.03,0.049625
64.5,-110.0,2026-10-02 23:13:35,0.20158203125004093,95.3215805053711,9.04013021349907,957.7,0.043875000000000004
64.5,-109.5,2026-10-02 23:13:35,0.3615820312500091,94.2965805053711,8.19413021349907,959.5,0.0095
64.5,-109.0,2026-10-02 23:13:35,0.39783203125000455,93.9465805053711,7.348130213499069,959.95,0.063
64.5,-108.5,2026-10-02 23:13:35,-0.18216796874997954,92.8965805053711,7.96013021349907,967.24,0.042
64.5,-108.0,2026-10-02 23:13:35,-0.06716796874997044,81.9465805053711,6.340130213499069,964.95,0.0
64.5,-107.5,2026-10-02 23:13:35,-0.057167968749979536,75.3465805053711,2.1461302134990694,965.94,0.017125
64.5,-107.0,2026-10-02 23:13:35,-0.23341796874996135,77.1465805053711,5.350130213499069,964.39,0.003875
64.5,-106.5,2026-10-02 23:13:35,-0.20466796874995907,76.8965805053711,10.01213021349907,966.25,0.068625
64.5,-106.0,2026-10-02 23:13:35,0.39158203125003865,72.9715805053711,11.95613021349907,972.36,0.0095
64.5,-105.5,2026-10-02 23:13:35,0.1740820312500091,74.7215805053711,12.47813021349907,969.75,0.059125000000000004
64.5,-105.0,2026-10-02 23:13:35,-0.14591796874998408,80.5965805053711,13.14413021349907,970.53,0.0935
64.5,-104.5,2026-10-02 23:13:35,0.5440820312500136,75.5965805053711,13.30613021349907,980.92,0.06675
64.5,-104.0,2026-10-02 23:13:35,-0.09716796875,80.2465805053711,16.87013021349907,976.67,0.33575
64.5,-103.5,2026-10-02 23:13:35,0.37033203125002956,81.1715805053711,18.23813021349907,979.97,0.4425
64.5,-103.0,2026-10-02 23:13:35,0.3015820312500068,82.1965805053711,21.38813021349907,978.33,1.197875
64.5,-102.5,2026-10-02 23:13:35,0.6828320312500296,84.9465805053711,18.38213021349907,988.35,0.72475
64.5,-102.0,2026-10-02 23:13:35,1.1278320312500227,84.0965805053711,21.06413021349907,992.77,0.42725
64.5,-101.5,2026-10-02 23:13:35,1.0447851562500432,85.81265563964844,18.20334604007006,997.99,0.307125
64.5,-101.0,2026-10-02 23:13:35,0.03728515625005002,90.03765563964845,20.39934604007006,985.54,0.274625
64.5,-100.5,2026-10-02 23:13:35,1.207285156250009,85.76265563964844,24.395346040070056,988.6,0.032375
64.5,-100.0,2026-10-02 23:13:35,1.5922851562500568,82.41265563964845,25.961346040070058,991.93,0.04575
64.5,-99.5,2026-10-02 23:13:35,1.6635351562500205,83.38765563964844,27.76134604007006,988.41,0.099125
64.5,-99.0,2026-10-02 23:13:35,3.033535156250025,85.58765563964845,34.43934604007006,997.16,0.03625
64.5,-98.5,2026-10-02 23:13:35,2.711035156250034,81.93765563964844,30.87534604007006,996.77,0.019125
64.5,-98.0,2026-10-02 23:13:35,1.019785156250009,78.91265563964845,24.28734604007006,986.05,0.07625
64.5,-97.5,2026-10-02 23:13:35,0.4297851562500341,79.61265563964844,34.619346040070056,982.65,0.021
64.5,-97.0,2026-10-02 23:13:35,0.054785156250034106,77.43765563964844,30.155346040070057,983.94,0.164
64.5,-96.5,2026-10-02 23:13:35,0.19978515625001592,77.51265563964844,27.923346040070058,993.05,0.0935
64.5,-96.0,2026-10-02 23:13:35,0.3572851562500432,77.03765563964845,31.667346040070054,993.88,0.055375
64.5,-95.5,2026-10-02 23:13:35,0.28728515625005,77.56265563964844,31.379346040070054,991.58,0.2155
64.5,-95.0,2026-10-02 23:13:35,-0.09396484374997272,79.68765563964844,29.759346040070056,994.38,0.089625
64.5,-94.5,2026-10-02 23:13:35,-0.38146484374999545,83.03765563964845,29.021346040070057,992.32,0.36425
64.5,-94.0,2026-10-02 23:13:35,0.08353515625003638,80.36265563964844,25.097346040070057,994.86,1.371375
64.5,-93.5,2026-10-02 23:13:35,-0.5702148437499659,83.86265563964844,26.73534604007006,986.9,3.120375
64.5,-93.0,2026-10-02 23:13:35,-0.23771484374998408,83.68765563964844,23.783346040070057,987.15,3.410375
64.5,-92.5,2026-10-02 23:13:35,-0.06896484374999545,83.53765563964845,23.99934604007006,985.33,2.847625
64.5,-92.0,2026-10-02 23:13:35,0.2322851562500432,81.18765563964844,23.67534604007006,986.08,3.5496250000000003
64.5,-91.5,2026-10-02 23:13:35,0.10353515625001819,84.53765563964845,21.87534604007006,977.49,4.383125
64.5,-91.0,2026-10-02 23:13:35,0.78728515625005,82.26265563964844,20.72334604007006,983.58,3.292125
64.5,-90.5,2026-10-02 23:13:35,0.9410351562500523,84.88765563964844,18.905346040070057,987.41,3.40075
64.5,-90.0,2026-10-02 23:13:35,-0.023964843749979536,85.36265563964844,20.003346040070056,979.11,4.67875
64.5,-89.5,2026-10-02 23:13:35,0.29853515625001137,78.86265563964844,21.677346040070056,983.07,3.63925
64.5,-89.0,2026-10-02 23:13:35,-0.5452148437499886,83.26265563964844,19.427346040070056,973.57,5.2642500000000005
64.5,-88.5,2026-10-02 23:13:35,-0.30646484374995,85.91265563964845,19.33734604007006,978.82,7.562625000000001
64.5,-88.0,2026-10-02 23:13:35,-0.18771484374997272,84.18765563964844,19.157346040070056,984.94,8.541125000000001
64.5,-87.5,2026-10-02 23:13:35,0.5272851562500023,77.68765563964844,28.769346040070058,996.04,12.620875
64.5,-86.5,2026-10-02 23:13:35,0.9647851562500023,81.38765563964844,34.25934604007006,995.1,15.823375
64.5,-86.0,2026-10-02 23:13:35,-0.435214843749975,88.36265563964844,20.813346040070055,989.46,13.242750000000001
64.5,-85.5,2026-10-02 23:13:35,-0.17521484374998408,86.66265563964845,20.957346040070057,986.33,10.908125
64.5,-85.0,2026-10-02 23:13:35,-0.2402148437499818,87.16265563964845,20.90334604007006,985.47,10.889
64.5,-84.5,2026-10-02 23:13:35,-1.230214843749991,88.46265563964845,18.29334604007006,953.36,6.517375
64.5,-84.0,2026-10-02 23:13:35,-1.2427148437499795,89.83765563964845,20.25534604007006,953.96,8.699375
64.5,-83.5,2026-10-02 23:13:35,-0.50146484375,88.11265563964844,21.335346040070057,960.68,7.141125
64.5,-83.0,2026-10-02 23:13:35,-1.355214843749991,91.86265563964844,25.295346040070058,947.36,8.34275
64.5,-82.5,2026-10-02 23:13:35,-0.9127148437499955,94.36265563964844,28.571346040070058,957.24,16.19725
64.5,-82.0,2026-10-02 23:13:35,-0.5389648437499659,95.06265563964844,36.527346040070064,964.08,30.119
64.5,-78.0,2026-10-02 23:13:35,2.832285156250009,86.93765563964844,29.759346040070056,982.32,3.149
64.5,-77.5,2026-10-02 23:13:35,1.1697851562500432,89.71265563964845,30.767346040070056,953.99,3.603
64.5,-77.0,2026-10-02 23:13:35,0.3260351562500432,94.78765563964845,32.85534604007005,945.15,6.925625
64.5,-76.5,2026-10-02 23:13:35,1.3960351562500364,91.61265563964844,24.917346040070058,961.96,8.596375
64.5,-76.0,2026-10-02 23:13:35,2.53728515625005,88.78765563964845,22.59534604007006,978.49,5.1575
64.5,-75.5,2026-10-02 23:13:35,3.238535156250009,88.01265563964844,26.357346040070055,983.68,2.1858750000000002
64.5,-75.0,2026-10-02 23:13:35,2.7047851562500114,93.73765563964844,20.003346040070056,972.88,2.0732500000000003
64.5,-74.5,2026-10-02 23:13:35,2.8960351562500364,91.18765563964844,18.905346040070057,982.63,1.186375
64.5,-74.0,2026-10-02 23:13:35,2.84978515625005,97.38765563964844,12.713346040070057,977.65,1.552625
64.5,-73.5,2026-10-02 23:13:35,3.054785156250034,93.83765563964845,12.533346040070057,979.74,1.27225
64.5,-73.0,2026-10-02 23:13:35,1.8960351562500364,94.23765563964844,11.759346040070058,966.52,2.96975
64.5,-72.5,2026-10-02 23:13:35,0.439785156250025,98.16265563964845,10.049346040070057,951.91,5.64
64.5,-72.0,2026-10-02 23:13:35,0.9585351562500364,96.33765563964845,7.8713460400700574,966.32,6.025375
64.5,-71.5,2026-10-02 23:13:35,0.3785351562500523,98.18765563964844,11.165346040070057,962.65,6.193125
64.5,-71.0,2026-10-02 23:13:35,0.53728515625005,95.81265563964844,15.01734604007006,963.49,7.91925
64.5,-70.5,2026-10-02 23:13:35,0.7747851562500045,91.48765563964844,15.59334604007006,964.86,7.33
64.5,-70.0,2026-10-02 23:13:35,1.4622851562500045,91.11265563964844,10.823346040070058,966.68,6.7940000000000005
64.5,-69.5,2026-10-02 23:13:35,1.293535156250016,81.46265563964845,11.687346040070057,955.43,3.25775
64.5,-69.0,2026-10-02 23:13:35,0.6247851562500273,85.86265563964844,15.107346040070057,934.04,2.48525
64.5,-68.5,2026-10-02 23:13:35,0.08728515625000455,86.33765563964845,16.097346040070057,925.16,3.1910000000000003
64.5,-68.0,2026-10-02 23:13:35,-0.153964843749975,86.06265563964844,17.39334604007006,919.41,3.24625
64.5,-67.5,2026-10-02 23:13:35,-0.4214648437499591,86.11265563964844,17.069346040070055,916.69,4.1065000000000005
64.5,-67.0,2026-10-02 23:13:35,-0.6914648437499977,87.86265563964844,14.729346040070059,918.01,2.70075
64.5,-66.5,2026-10-02 23:13:35,-1.716464843749975,87.68765563964844,18.347346040070057,903.91,1.2665
64.5,-66.0,2026-10-02 23:13:35,-0.8439648437499727,86.68765563964844,18.329346040070057,922.4,1.0795000000000001
64.5,-65.5,2026-10-02 23:13:35,-1.7289648437499636,92.13765563964844,32.00934604007006,917.96,2.5540000000000003
64.5,-65.0,2026-10-02 23:13:35,0.25603515625005,86.68765563964844,20.83134604007006,948.76,2.6702500000000002
65.0,-141.0,2026-10-02 23:13:35,-1.6578124999999773,72.90920639038086,2.8734729033708577,945.14,4.77025
65.0,-140.5,2026-10-02 23:13:35,-3.25031249999995,79.38420639038087,5.285472903370858,921.34,4.470875
65.0,-140.0,2026-10-02 23:13:35,-5.814062499999977,85.53420639038086,7.877472903370857,890.53,5.9891250000000005
65.0,-139.5,2026-10-02 23:13:35,-6.746562499999982,89.00920639038087,6.6174729033708575,885.81,3.959625
65.0,-139.0,2026-10-02 23:13:35,-6.006562499999973,87.45920639038087,3.1614729033708575,891.04,3.595375
65.0,-138.5,2026-10-02 23:13:35,-5.459062499999959,82.80920639038087,2.6214729033708575,881.56,3.99975
65.0,-138.0,2026-10-02 23:13:35,-6.715312499999982,87.65920639038086,2.7294729033708576,857.28,9.353625000000001
65.0,-137.5,2026-10-02 23:13:35,-5.560312499999952,85.15920639038086,2.7654729033708576,866.62,5.1575
65.0,-137.0,2026-10-02 23:13:35,-4.430312499999957,84.35920639038086,4.547472903370857,878.72,15.913
65.0,-136.5,2026-10-02 23:13:35,-2.324062499999968,75.35920639038086,3.2874729033708574,905.93,7.671375
65.0,-136.0,2026-10-02 23:13:35,-3.6890624999999773,78.88420639038087,2.3334729033708577,887.93,3.652625
65.0,-135.5,2026-10-02 23:13:35,-6.324062499999968,90.00920639038087,4.619472903370857,849.59,3.5
65.0,-135.0,2026-10-02 23:13:35,-4.441562499999975,97.38420639038087,6.9234729033708575,894.26,2.037
65.0,-134.5,2026-10-02 23:13:35,-5.992812499999957,96.15920639038086,4.259472903370857,857.79,1.0185
65.0,-134.0,2026-10-02 23:13:35,-1.150312499999984,86.90920639038086,5.771472903370857,928.2,2.58825
65.0,-133.5,2026-10-02 23:13:35,-6.931562499999984,90.35920639038086,4.817472903370858,831.4,3.974875
65.0,-133.0,2026-10-02 23:13:35,-3.097812499999975,82.08420639038087,4.8354729033708574,872.87,0.322375
65.0,-132.5,2026-10-02 23:13:35,-3.490312499999959,83.43420639038087,5.861472903370857,849.11,0.959375
65.0,-132.0,2026-10-02 23:13:35,-3.347812499999975,83.10920639038086,3.9714729033708576,842.65,1.00325
65.0,-131.5,2026-10-02 23:13:35,-3.805312499999957,84.78420639038086,0.8754729033708574,834.86,3.57625
65.0,-131.0,2026-10-02 23:13:35,-2.56281249999995,86.75920639038087,3.2874729033708574,853.62,0.843
65.0,-130.5,2026-10-02 23:13:35,-2.1578124999999773,79.78420639038086,3.1074729033708572,844.54,0.35475
65.0,-130.0,2026-10-02 23:13:35,-5.035312499999975,97.15920639038086,3.809472903370857,823.45,1.604125
65.0,-129.5,2026-10-02 23:13:35,-4.541562499999998,96.80920639038087,4.115472903370857,832.93,2.180125
65.0,-129.0,2026-10-02 23:13:35,1.6284375000000182,83.43420639038087,2.2434729033708574,914.4,1.190125
65.0,-128.5,2026-10-02 23:13:35,-2.8728124999999523,92.35920639038086,7.445472903370858,860.92,0.72675
65.0,-128.0,2026-10-02 23:13:35,-3.590312499999982,96.48420639038086,5.861472903370857,851.5,0.099125
65.0,-127.5,2026-10-02 23:13:35,-0.9478124999999977,97.45920639038087,10.019472903370858,941.5,0.00575
65.0,-127.0,2026-10-02 23:13:35,0.3921875000000341,95.90920639038086,13.295472903370857,981.53,0.07062500000000001
65.0,-126.5,2026-10-02 23:13:35,1.5559375000000273,93.15920639038086,16.409472903370858,992.04,0.13925
65.0,-126.0,2026-10-02 23:13:35,3.263437500000009,95.93420639038087,9.245472903370858,1000.47,0.007625
65.0,-125.5,2026-10-02 23:13:35,3.443437500000016,95.43420639038087,9.191472903370858,1000.45,0.043875000000000004
65.0,-125.0,2026-10-02 23:13:35,4.652187500000025,90.10920639038086,6.959472903370857,998.78,0.01525
65.0,-124.5,2026-10-02 23:13:35,4.663437500000043,86.85920639038086,8.021472903370856,989.0,0.019125
65.0,-124.0,2026-10-02 23:13:35,4.345937500000048,88.63420639038087,6.3834729033708575,985.83,0.047625
65.0,-123.5,2026-10-02 23:13:35,4.940332031250023,81.1715805053711,7.61813021349907,987.13,0.02675
65.0,-123.0,2026-10-02 23:13:35,4.8978320312500045,79.2215805053711,12.280130213499069,987.67,0.049625
65.0,-122.5,2026-10-02 23:13:35,5.280332031250055,72.89658050537109,15.73613021349907,990.92,0.0115
65.0,-122.0,2026-10-02 23:13:35,5.356582031250014,71.1965805053711,15.196130213499071,993.06,0.0
65.0,-121.5,2026-10-02 23:13:35,5.8665820312500045,63.471580505371094,9.850130213499071,988.3,0.001875
65.0,-121.0,2026-10-02 23:13:35,5.499082031250055,73.4465805053711,16.060130213499068,991.8,0.0
65.0,-120.5,2026-10-02 23:13:35,5.385332031250016,66.6215805053711,12.100130213499071,986.03,0.0
65.0,-120.0,2026-10-02 23:13:35,2.6553320312500546,75.8215805053711,11.23613021349907,950.33,0.001875
65.0,-119.5,2026-10-02 23:13:35,4.672832031250039,64.2465805053711,10.24613021349907,970.69,0.032375
65.0,-119.0,2026-10-02 23:13:35,5.201582031250041,68.9215805053711,8.482130213499069,979.17,0.06675
65.0,-118.5,2026-10-02 23:13:35,4.805332031250032,85.3965805053711,15.89813021349907,989.02,0.00575
65.0,-118.0,2026-10-02 23:13:35,6.121582031250057,65.4965805053711,11.09213021349907,986.25,0.0095
65.0,-117.5,2026-10-02 23:13:35,5.937832031250025,70.1965805053711,7.63613021349907,976.08,0.022875
65.0,-117.0,2026-10-02 23:13:35,5.1165820312500045,77.2215805053711,7.726130213499069,972.58,0.043875000000000004
65.0,-116.5,2026-10-02 23:13:35,4.680332031250032,76.5965805053711,9.04013021349907,968.05,0.080125
65.0,-116.0,2026-10-02 23:13:35,3.6553320312500546,82.5715805053711,10.76813021349907,966.24,0.07825
65.0,-115.5,2026-10-02 23:13:35,4.21408203125003,74.5465805053711,8.82413021349907,965.08,0.22125
65.0,-115.0,2026-10-02 23:13:35,3.5715820312500455,76.39658050537109,10.33613021349907,956.85,0.845
65.0,-114.5,2026-10-02 23:13:35,2.6903320312500227,81.0715805053711,9.95813021349907,956.94,1.89775
65.0,-114.0,2026-10-02 23:13:35,2.6728320312500387,81.9965805053711,8.302130213499069,956.92,3.5935
65.0,-113.5,2026-10-02 23:13:35,2.107832031250041,86.4465805053711,5.422130213499069,955.86,4.907625
65.0,-113.0,2026-10-02 23:13:35,1.6453320312500068,89.5465805053711,6.82613021349907,954.6,3.9958750000000003
65.0,-112.5,2026-10-02 23:13:35,1.6553320312500546,92.2215805053711,3.0461302134990693,958.52,3.334
65.0,-112.0,2026-10-02 23:13:35,1.344082031250025,93.9465805053711,5.53013021349907,957.28,1.922625
65.0,-111.5,2026-10-02 23:13:35,1.6065820312500136,90.8715805053711,10.91213021349907,959.94,1.01275
65.0,-111.0,2026-10-02 23:13:35,0.8678320312500318,91.3965805053711,8.96813021349907,956.22,0.1965
65.0,-110.5,2026-10-02 23:13:35,-0.23716796874998636,94.4715805053711,11.68613021349907,955.7,0.01525
65.0,-110.0,2026-10-02 23:13:35,-0.9584179687499841,95.9965805053711,13.34213021349907,953.77,0.01525
65.0,-109.5,2026-10-02 23:13:35,-1.0259179687499795,94.2715805053711,12.20813021349907,957.35,0.23275
65.0,-109.0,2026-10-02 23:13:35,-0.6359179687499932,87.5715805053711,7.78013021349907,961.33,0.0095
65.0,-108.5,2026-10-02 23:13:35,-0.0759179687499909,80.5965805053711,3.820130213499069,965.24,0.0095
65.0,-108.0,2026-10-02 23:13:35,-0.07716796874996135,77.1965805053711,3.3881302134990694,964.91,0.01525
65.0,-107.5,2026-10-02 23:13:35,0.3615820312500091,74.89658050537109,6.53813021349907,974.55,0.01525
65.0,-107.0,2026-10-02 23:13:35,-0.3021679687499841,82.0215805053711,10.85813021349907,966.19,0.01525
65.0,-106.5,2026-10-02 23:13:35,-0.10841796874996135,82.5465805053711,11.54213021349907,968.49,0.01525
65.0,-106.0,2026-10-02 23:13:35,-0.07966796874995907,81.0715805053711,12.44213021349907,971.24,0.46925
65.0,-105.5,2026-10-02 23:13:35,-0.37841796875,81.5965805053711,13.68413021349907,972.16,0.528375
65.0,-105.0,2026-10-02 23:13:35,-0.13341796874999545,82.2465805053711,15.01613021349907,979.22,0.59125
65.0,-104.5,2026-10-02 23:13:35,0.37033203125002956,81.2715805053711,15.86213021349907,985.33,1.201625
65.0,-104.0,2026-10-02 23:13:35,0.05158203125000682,85.2965805053711,18.40013021349907,976.13,2.59775
65.0,-103.5,2026-10-02 23:13:35,0.03408203125002274,86.5215805053711,21.35213021349907,979.38,2.9602500000000003
65.0,-103.0,2026-10-02 23:13:35,0.7390820312500068,86.0965805053711,23.33213021349907,987.52,1.108125
65.0,-102.5,2026-10-02 23:13:35,-0.05591796874995225,90.6215805053711,23.06213021349907,979.08,0.6905
65.0,-102.0,2026-10-02 23:13:35,-0.004667968749970441,90.0465805053711,24.86213021349907,977.44,0.49212500000000003
65.0,-101.5,2026-10-02 23:13:35,-0.2889648437499659,90.46265563964845,24.341346040070057,976.99,0.4635
65.0,-101.0,2026-10-02 23:13:35,0.0822851562500091,91.28765563964845,24.28734604007006,979.96,0.255625
65.0,-100.5,2026-10-02 23:13:35,0.1172851562500341,92.73765563964844,22.001346040070057,982.1,0.328125
65.0,-100.0,2026-10-02 23:13:35,-0.23396484374995907,94.91265563964845,24.809346040070057,972.69,0.310875
65.0,-99.5,2026-10-02 23:13:35,0.40478515625005684,91.28765563964845,23.72934604007006,980.76,0.185
65.0,-99.0,2026-10-02 23:13:35,0.4497851562500159,89.21265563964845,21.713346040070057,985.51,0.12775
65.0,-98.5,2026-10-02 23:13:35,-0.05271484374998181,87.48765563964844,22.81134604007006,983.27,0.20600000000000002
65.0,-98.0,2026-10-02 23:13:35,-0.09521484375,85.68765563964844,23.333346040070058,985.51,0.10300000000000001
65.0,-97.5,2026-10-02 23:13:35,-0.05271484374998181,84.23765563964844,23.045346040070058,990.58,0.177375
65.0,-97.0,2026-10-02 23:13:35,-0.2302148437499909,81.71265563964845,24.37734604007006,990.3,0.08775000000000001
65.0,-96.5,2026-10-02 23:13:35,-0.5489648437499568,80.78765563964845,27.257346040070058,987.82,0.0935
65.0,-96.0,2026-10-02 23:13:35,-0.8752148437499727,79.36265563964844,28.427346040070056,986.91,0.0935
65.0,-95.5,2026-10-02 23:13:35,-0.8789648437499977,85.13765563964844,30.96534604007006,986.49,0.07825
65.0,-95.0,2026-10-02 23:13:35,-1.0314648437499727,85.51265563964844,24.57534604007006,982.02,0.240375
65.0,-94.5,2026-10-02 23:13:35,-1.4239648437499568,82.51265563964844,28.571346040070058,981.51,1.129125
65.0,-94.0,2026-10-02 23:13:35,-1.948964843749991,86.31265563964844,30.407346040070056,977.32,2.119125
65.0,-93.5,2026-10-02 23:13:35,-1.4439648437499955,83.28765563964845,24.43134604007006,981.07,2.533
65.0,-93.0,2026-10-02 23:13:35,-1.487714843749984,83.38765563964844,24.28734604007006,979.08,3.0460000000000003
65.0,-92.5,2026-10-02 23:13:35,-1.1739648437499568,81.73765563964844,23.09934604007006,977.26,4.371625
65.0,-92.0,2026-10-02 23:13:35,-1.6114648437499568,87.86265563964844,25.673346040070058,971.36,3.538125
65.0,-91.5,2026-10-02 23:13:35,-1.1114648437499568,85.78765563964845,22.577346040070058,971.08,4.73975
65.0,-91.0,2026-10-02 23:13:35,-0.4414648437499977,81.41265563964845,22.81134604007006,976.97,4.4575000000000005
65.0,-90.5,2026-10-02 23:13:35,-0.5777148437499591,85.23765563964844,21.443346040070058,974.38,7.26125
65.0,-90.0,2026-10-02 23:13:35,-1.6564648437499727,90.98765563964844,20.92134604007006,957.74,6.90275
65.0,-89.5,2026-10-02 23:13:35,-1.9964648437499477,87.41265563964845,19.04934604007006,955.49,6.3725000000000005
65.0,-89.0,2026-10-02 23:13:35,-1.800214843749984,87.11265563964844,22.77534604007006,963.58,6.311375
65.0,-88.5,2026-10-02 23:13:35,-2.060214843749975,85.96265563964845,23.927346040070056,965.26,5.847875
65.0,-88.0,2026-10-02 23:13:35,-1.6839648437499477,85.23765563964844,23.927346040070056,972.8,10.995875
65.0,-87.5,2026-10-02 23:13:35,-1.171464843749959,83.23765563964844,22.163346040070056,985.18,14.644625
65.0,-87.0,2026-10-02 23:13:35,-0.560214843749975,80.46265563964845,28.64334604007006,995.83,19.741
65.0,-86.0,2026-10-02 23:13:35,-0.9339648437499477,86.98765563964844,21.443346040070058,986.79,10.217625
65.0,-85.5,2026-10-02 23:13:35,-1.0139648437499886,87.96265563964845,20.975346040070058,984.18,8.36375
65.0,-85.0,2026-10-02 23:13:35,-0.810214843749975,87.13765563964844,21.155346040070057,985.74,8.823375
65.0,-84.5,2026-10-02 23:13:35,-3.257714843749966,93.56265563964844,18.833346040070058,951.19,5.750625
65.0,-84.0,2026-10-02 23:13:35,-3.0239648437499795,92.73765563964844,19.82334604007006,955.69,11.362125
65.0,-83.5,2026-10-02 23:13:35,-3.4377148437499727,95.73765563964844,24.107346040070055,949.4,22.35225
65.0,-83.0,2026-10-02 23:13:35,0.39228515625001137,85.93765563964844,31.07334604007006,992.38,11.737875
65.0,-78.0,2026-10-02 23:13:35,2.148535156250034,90.78765563964845,29.97534604007006,982.43,0.255625
65.0,-77.5,2026-10-02 23:13:35,1.6460351562500364,89.43765563964844,26.195346040070056,971.01,0.7000000000000001
65.0,-77.0,2026-10-02 23:13:35,2.1285351562500523,88.13765563964844,22.23534604007006,974.05,0.8582500000000001
65.0,-76.5,2026-10-02 23:13:35,1.8160351562500523,90.26265563964844,22.23534604007006,968.11,1.7433750000000001
65.0,-76.0,2026-10-02 23:13:35,2.4585351562500364,89.26265563964844,19.211346040070058,977.83,1.6575
65.0,-75.5,2026-10-02 23:13:35,2.5035351562500523,87.01265563964844,18.67134604007006,981.11,2.328875
65.0,-75.0,2026-10-02 23:13:35,2.467285156250057,86.73765563964844,18.617346040070057,981.36,2.69125
65.0,-74.5,2026-10-02 23:13:35,2.669785156250043,86.46265563964845,17.519346040070058,981.27,1.022375
65.0,-74.0,2026-10-02 23:13:35,3.092285156250057,85.98765563964844,14.999346040070058,974.94,0.537875
65.0,-73.5,2026-10-02 23:13:35,2.1835351562500023,85.81265563964844,15.197346040070057,960.54,1.1596250000000001
65.0,-73.0,2026-10-02 23:13:35,2.711035156250034,85.38765563964844,13.685346040070058,968.35,0.888875
65.0,-72.5,2026-10-02 23:13:35,2.106035156250016,88.13765563964844,14.153346040070058,965.79,3.3875
65.0,-72.0,2026-10-02 23:13:35,2.387285156250016,87.98765563964844,15.377346040070057,967.76,2.62075
65.0,-71.5,2026-10-02 23:13:35,3.109785156250041,84.43765563964844,25.259346040070056,971.07,1.133
65.0,-71.0,2026-10-02 23:13:35,3.387285156250016,79.38765563964844,25.69134604007006,971.16,0.16025
65.0,-70.5,2026-10-02 23:13:35,2.199785156250016,86.11265563964844,13.145346040070057,969.93,0.82975
65.0,-70.0,2026-10-02 23:13:35,1.439785156250025,85.38765563964844,12.803346040070057,956.54,3.3512500000000003
65.0,-69.5,2026-10-02 23:13:35,1.1972851562500182,85.16265563964845,12.443346040070058,953.41,2.4090000000000003
65.0,-69.0,2026-10-02 23:13:35,0.5747851562500159,85.71265563964845,14.531346040070057,938.97,2.74275
65.0,-68.5,2026-10-02 23:13:35,-0.058964843749947704,87.06265563964844,16.24134604007006,924.07,2.6397500000000003
65.0,-68.0,2026-10-02 23:13:35,-0.27521484374995,86.58765563964845,17.33934604007006,917.82,3.240625
65.0,-67.5,2026-10-02 23:13:35,-0.35771484374998863,86.68765563964844,16.961346040070058,917.4,3.315
65.0,-67.0,2026-10-02 23:13:35,-0.9727148437499977,87.26265563964844,17.73534604007006,911.93,5.2318750000000005
65.0,-66.5,2026-10-02 23:13:35,-1.5839648437499818,89.26265563964844,15.863346040070056,906.91,1.068125
65.0,-64.0,2026-10-02 23:13:35,0.7910351562500182,96.38765563964844,37.967346040070055,970.8,20.202625
65.0,-63.5,2026-10-02 23:13:35,1.846035156250025,93.91265563964845,41.765346040070064,982.05,14.595
65.5,-141.0,2026-10-02 23:13:35,-2.264062499999966,69.83420639038086,4.493472903370858,941.15,4.762625
65.5,-140.5,2026-10-02 23:13:35,-6.082812499999989,82.88420639038087,5.357472903370858,889.09,5.741125
65.5,-140.0,2026-10-02 23:13:35,-6.902812499999982,91.83420639038087,4.763472903370857,879.4,3.334
65.5,-139.5,2026-10-02 23:13:35,-6.93781249999995,87.08420639038087,4.169472903370858,872.34,3.873875
65.5,-139.0,2026-10-02 23:13:35,-7.066562499999975,87.65920639038086,4.259472903370857,872.17,2.420375
65.5,-138.5,2026-10-02 23:13:35,-3.3953124999999886,76.70920639038086,2.1174729033708575,922.75,5.119375
65.5,-138.0,2026-10-02 23:13:35,-4.202812499999993,79.95920639038087,3.1074729033708572,913.67,5.117375
65.5,-137.5,2026-10-02 23:13:35,-5.40656249999995,83.65920639038086,4.691472903370857,891.01,13.574625000000001
65.5,-137.0,2026-10-02 23:13:35,-1.8328124999999886,72.60920639038086,4.961472903370858,936.37,2.628375
65.5,-136.5,2026-10-02 23:13:35,-3.427812499999959,82.55920639038087,8.147472903370858,918.65,10.847125
65.5,-136.0,2026-10-02 23:13:35,-2.2203124999999773,83.95920639038087,10.361472903370858,931.01,4.90575
65.5,-135.5,2026-10-02 23:13:35,-0.847812499999975,82.28420639038086,10.81147290337086,952.64,5.05825
65.5,-135.0,2026-10-02 23:13:35,0.183437500000025,82.73420639038086,8.543472903370857,969.04,1.907375
65.5,-134.5,2026-10-02 23:13:35,-4.09406249999995,95.10920639038086,12.341472903370859,911.51,1.926375
65.5,-134.0,2026-10-02 23:13:35,-2.184062499999982,81.75920639038087,13.385472903370857,924.7,1.4877500000000001
65.5,-133.5,2026-10-02 23:13:35,1.0196875000000318,72.28420639038086,10.829472903370858,955.62,3.24625
65.5,-133.0,2026-10-02 23:13:35,-4.18781249999995,88.10920639038086,12.485472903370859,883.59,0.856375
65.5,-132.5,2026-10-02 23:13:35,-1.951562499999966,79.08420639038087,12.485472903370859,900.31,0.555
65.5,-132.0,2026-10-02 23:13:35,-1.2565624999999727,82.90920639038086,12.215472903370857,913.92,0.316625
65.5,-131.5,2026-10-02 23:13:35,-0.9928124999999568,81.23420639038086,15.437472903370859,919.56,2.0332500000000002
65.5,-131.0,2026-10-02 23:13:35,0.12718750000004775,84.05920639038087,1.4874729033708574,952.54,0.742
65.5,-130.5,2026-10-02 23:13:35,0.03468750000001819,76.63420639038087,8.597472903370857,949.39,1.634625
65.5,-130.0,2026-10-02 23:13:35,-0.18781249999994998,80.83420639038087,11.783472903370859,945.04,3.89675
65.5,-129.5,2026-10-02 23:13:35,1.912187500000016,78.20920639038087,8.579472903370858,978.45,2.285
65.5,-129.0,2026-10-02 23:13:35,1.1909375000000182,89.15920639038086,8.867472903370858,987.23,0.398625
65.5,-128.5,2026-10-02 23:13:35,0.6234375000000227,94.43420639038087,13.115472903370858,997.87,1.1768750000000001
65.5,-128.0,2026-10-02 23:13:35,-0.13656249999996817,98.40920639038086,15.671472903370857,989.47,0.5035000000000001
65.5,-127.5,2026-10-02 23:13:35,0.47093750000004775,99.25920639038087,13.169472903370858,998.76,0.02475
65.5,-127.0,2026-10-02 23:13:35,0.029687500000022737,97.75920639038087,9.353472903370857,982.47,0.013375
65.5,-126.5,2026-10-02 23:13:35,3.0559375000000273,90.38420639038087,1.2894729033708574,999.03,0.0115
65.5,-126.0,2026-10-02 23:13:35,0.1421875000000341,90.73420639038086,2.2074729033708573,962.42,0.12587500000000001
65.5,-125.5,2026-10-02 23:13:35,3.048437500000034,82.85920639038086,6.491472903370858,978.4,0.021
65.5,-125.0,2026-10-02 23:13:35,1.1909375000000182,84.90920639038086,7.247472903370857,966.43,0.019125
65.5,-124.5,2026-10-02 23:13:35,3.7296875000000114,75.53420639038086,4.547472903370857,986.59,0.03625
65.5,-124.0,2026-10-02 23:13:35,4.922187500000007,69.23420639038086,5.6814729033708575,990.25,0.0095
65.5,-123.5,2026-10-02 23:13:35,4.1653320312500455,70.3715805053711,9.58013021349907,982.7,0.0305
65.5,-123.0,2026-10-02 23:13:35,3.9990820312500546,78.2715805053711,10.10213021349907,981.64,0.289875
65.5,-122.5,2026-10-02 23:13:35,4.7553320312500205,70.4465805053711,14.998130213499069,993.69,0.10300000000000001
65.5,-122.0,2026-10-02 23:13:35,4.697832031250016,71.5465805053711,14.76413021349907,993.58,0.02675
65.5,-121.5,2026-10-02 23:13:35,4.6165820312500045,72.1965805053711,17.24813021349907,993.45,0.049625
65.5,-121.0,2026-10-02 23:13:35,2.3178320312500205,77.1465805053711,12.58613021349907,959.27,0.007625
65.5,-120.5,2026-10-02 23:13:35,2.791582031250016,76.3465805053711,12.802130213499069,966.6,0.1125
65.5,-120.0,2026-10-02 23:13:35,4.434082031250057,73.8215805053711,17.10413021349907,993.19,0.825875
65.5,-119.5,2026-10-02 23:13:35,4.331582031250036,72.7965805053711,12.58613021349907,982.77,0.26325
65.5,-119.0,2026-10-02 23:13:35,3.166582031250016,76.4965805053711,13.34213021349907,968.1,0.017125
65.5,-118.5,2026-10-02 23:13:35,4.4290820312500045,77.6715805053711,10.76813021349907,989.95,0.059125000000000004
65.5,-118.0,2026-10-02 23:13:35,5.124082031250055,70.27158050537109,9.58013021349907,985.47,0.16025
65.5,-117.5,2026-10-02 23:13:35,4.586582031250032,73.5965805053711,9.18413021349907,974.58,0.18125
65.5,-117.0,2026-10-02 23:13:35,4.8040820312500045,70.02158050537109,10.67813021349907,971.77,0.23275
65.5,-116.5,2026-10-02 23:13:35,4.184082031250057,69.6965805053711,11.39813021349907,964.25,1.131
65.5,-116.0,2026-10-02 23:13:35,3.729082031250016,69.3215805053711,10.80413021349907,962.2,0.640875
65.5,-115.5,2026-10-02 23:13:35,3.4740820312500205,72.0715805053711,12.49613021349907,958.58,0.26887500000000003
65.5,-115.0,2026-10-02 23:13:35,2.666582031250016,78.4965805053711,13.68413021349907,955.35,0.09725
65.5,-114.5,2026-10-02 23:13:35,2.9053320312500546,77.7715805053711,11.95613021349907,962.22,0.063
65.5,-114.0,2026-10-02 23:13:35,2.4503320312500136,83.5965805053711,11.66813021349907,963.22,0.04
65.5,-113.5,2026-10-02 23:13:35,1.4440820312500477,81.4715805053711,12.06413021349907,953.02,0.07625
65.5,-113.0,2026-10-02 23:13:35,1.9128320312500477,85.7215805053711,15.71813021349907,960.49,0.02675
65.5,-112.5,2026-10-02 23:13:35,1.791582031250016,79.0465805053711,12.67613021349907,957.24,0.068625
65.5,-112.0,2026-10-02 23:13:35,1.5928320312500546,76.7465805053711,14.350130213499071,955.03,0.152625
65.5,-111.5,2026-10-02 23:13:35,0.3528320312500455,81.5465805053711,16.85213021349907,948.36,0.043875000000000004
65.5,-111.0,2026-10-02 23:13:35,-0.20966796874995453,79.7715805053711,11.95613021349907,953.41,0.063
65.5,-110.5,2026-10-02 23:13:35,0.5678320312500205,81.4715805053711,13.48613021349907,958.03,0.150625
65.5,-110.0,2026-10-02 23:13:35,-0.81591796875,75.1965805053711,6.664130213499069,953.08,0.063
65.5,-109.5,2026-10-02 23:13:35,-0.7334179687499613,76.02158050537109,2.722130213499069,955.49,0.0305
65.5,-109.0,2026-10-02 23:13:35,-0.49466796874997954,79.8715805053711,3.1001302134990696,956.55,0.032375
65.5,-108.5,2026-10-02 23:13:35,-0.5184179687499864,77.6715805053711,5.638130213499069,957.97,0.068625
65.5,-108.0,2026-10-02 23:13:35,-0.03591796874997044,78.1215805053711,7.5641302134990696,964.42,0.053375
65.5,-107.5,2026-10-02 23:13:35,0.187832031250025,80.6715805053711,9.90413021349907,970.55,0.0095
65.5,-107.0,2026-10-02 23:13:35,0.28783203125004775,82.2465805053711,12.94613021349907,978.8,0.063
65.5,-106.5,2026-10-02 23:13:35,-0.47716796874999545,83.9965805053711,14.58413021349907,972.49,1.60025
65.5,-106.0,2026-10-02 23:13:35,-0.43466796874997726,82.8715805053711,15.23213021349907,974.36,1.190125
65.5,-105.5,2026-10-02 23:13:35,-0.4909179687499545,83.1965805053711,16.99613021349907,970.7,2.6626250000000002
65.5,-105.0,2026-10-02 23:13:35,-0.5171679687499591,85.6465805053711,16.96013021349907,973.69,1.34275
65.5,-104.5,2026-10-02 23:13:35,-0.32091796874999545,87.6715805053711,18.86813021349907,974.64,1.701375
65.5,-104.0,2026-10-02 23:13:35,0.21408203125002956,88.9465805053711,17.87813021349907,983.66,1.720375
65.5,-103.5,2026-10-02 23:13:35,0.21033203125000455,90.0465805053711,20.09213021349907,983.52,0.7115
65.5,-103.0,2026-10-02 23:13:35,0.07658203125004093,91.1715805053711,20.81213021349907,979.35,0.404375
65.5,-102.5,2026-10-02 23:13:35,0.28033203125005457,90.3715805053711,19.13813021349907,984.91,0.16025
65.5,-102.0,2026-10-02 23:13:35,-0.04841796874995907,91.6215805053711,19.64213021349907,984.67,0.23650000000000002
65.5,-101.5,2026-10-02 23:13:35,0.013535156250043201,94.38765563964844,21.29934604007006,984.35,0.398625
65.5,-101.0,2026-10-02 23:13:35,0.19978515625001592,93.13765563964844,21.119346040070056,983.8,0.183125
65.5,-100.5,2026-10-02 23:13:35,0.26728515625001137,91.08765563964845,21.119346040070056,984.43,0.09725
65.5,-100.0,2026-10-02 23:13:35,0.49853515625005684,88.53765563964845,22.721346040070056,985.85,0.0935
65.5,-99.5,2026-10-02 23:13:35,-0.06021484374997499,91.21265563964845,23.72934604007006,980.76,0.31475000000000003
65.5,-99.0,2026-10-02 23:13:35,-0.01021484374996362,88.21265563964845,23.99934604007006,984.9,0.09725
65.5,-98.5,2026-10-02 23:13:35,-0.497714843749975,88.96265563964845,22.289346040070058,985.47,0.16025
65.5,-98.0,2026-10-02 23:13:35,-0.5814648437499841,88.33765563964845,26.44734604007006,985.6,0.185
65.5,-97.5,2026-10-02 23:13:35,-1.5002148437499727,89.21265563964845,26.141346040070058,978.71,0.183125
65.5,-97.0,2026-10-02 23:13:35,-1.132714843749966,87.31265563964844,23.927346040070056,986.66,0.063
65.5,-96.5,2026-10-02 23:13:35,-1.8889648437499886,88.28765563964845,27.347346040070057,980.66,0.141125
65.5,-96.0,2026-10-02 23:13:35,-1.7639648437499886,90.61265563964844,25.52934604007006,982.33,0.12587500000000001
65.5,-95.5,2026-10-02 23:13:35,-1.518964843749984,90.88765563964844,24.215346040070056,981.55,0.10675
65.5,-95.0,2026-10-02 23:13:35,-1.6352148437499636,87.68765563964844,22.68534604007006,977.27,0.501625
65.5,-94.5,2026-10-02 23:13:35,-2.580214843749957,90.58765563964845,23.873346040070057,969.05,1.386625
65.5,-94.0,2026-10-02 23:13:35,-1.9102148437499977,84.38765563964844,24.539346040070058,975.21,1.134875
65.5,-93.5,2026-10-02 23:13:35,-1.7714648437499818,84.28765563964845,26.39334604007006,976.18,1.69375
65.5,-93.0,2026-10-02 23:13:35,-3.163964843749966,91.91265563964845,24.251346040070057,960.49,4.547125
65.5,-92.5,2026-10-02 23:13:35,-2.403964843749975,89.33765563964845,23.90934604007006,963.4,2.302125
65.5,-92.0,2026-10-02 23:13:35,-2.202714843749959,87.33765563964845,23.063346040070055,966.99,2.302125
65.5,-91.5,2026-10-02 23:13:35,-3.0664648437499977,88.88765563964844,23.72934604007006,954.24,1.7413750000000001
65.5,-91.0,2026-10-02 23:13:35,-2.8889648437499886,89.06265563964844,22.52334604007006,956.82,1.18825
65.5,-90.5,2026-10-02 23:13:35,-2.5727148437499636,88.38765563964844,23.333346040070058,958.15,2.594
65.5,-90.0,2026-10-02 23:13:35,-3.195214843749966,92.58765563964845,25.06134604007006,944.69,5.292875
65.5,-89.5,2026-10-02 23:13:35,-2.050214843749984,92.68765563964844,20.669346040070057,955.86,13.00625
65.5,-89.0,2026-10-02 23:13:35,0.5760351562500432,79.81265563964844,31.25334604007006,996.35,20.393375
65.5,-88.5,2026-10-02 23:13:35,-0.21271484374994998,77.66265563964845,26.15934604007006,996.71,19.859375
65.5,-88.0,2026-10-02 23:13:35,-1.4752148437499955,82.03765563964845,18.00534604007006,984.9,10.479000000000001
65.5,-87.5,2026-10-02 23:13:35,-2.140214843749959,85.63765563964844,16.583346040070058,979.69,17.973
65.5,-87.0,2026-10-02 23:13:35,-1.0939648437499727,81.38765563964844,22.253346040070056,995.66,14.377625
65.5,-86.0,2026-10-02 23:13:35,-1.0277148437499477,87.31265563964844,22.667346040070058,991.18,13.986625
65.5,-85.5,2026-10-02 23:13:35,-0.8477148437499977,87.33765563964845,22.433346040070056,989.97,18.741625
65.5,-85.0,2026-10-02 23:13:35,-0.4139648437499659,83.11265563964844,28.64334604007006,994.08,8.413375
65.5,-84.5,2026-10-02 23:13:35,-0.9477148437499636,81.53765563964845,23.927346040070056,993.79,14.3165
65.5,-77.5,2026-10-02 23:13:35,1.4097851562500523,94.91265563964845,31.16334604007006,987.24,0.0115
65.5,-77.0,2026-10-02 23:13:35,2.38103515625005,88.76265563964844,24.77334604007006,986.79,0.013375
65.5,-74.5,2026-10-02 23:13:35,3.439785156250025,79.26265563964844,24.629346040070057,985.07,0.032375
65.5,-74.0,2026-10-02 23:13:35,3.478535156250018,77.46265563964845,21.58734604007006,984.61,0.047625
65.5,-73.5,2026-10-02 23:13:35,3.8160351562500523,73.88765563964844,17.951346040070057,984.4,0.063
65.5,-73.0,2026-10-02 23:13:35,3.3822851562500205,76.41265563964843,15.683346040070058,978.01,0.051500000000000004
65.5,-72.5,2026-10-02 23:13:35,2.5385351562500205,77.66265563964845,15.863346040070056,967.74,0.0115
65.5,-72.0,2026-10-02 23:13:35,2.41228515625005,82.56265563964844,15.143346040070059,962.63,0.0095
65.5,-71.5,2026-10-02 23:13:35,1.9197851562500432,84.73765563964844,17.771346040070057,971.21,0.022875
65.5,-71.0,2026-10-02 23:13:35,3.617285156250034,77.78765563964845,25.295346040070058,971.1,0.124
65.5,-70.5,2026-10-02 23:13:35,2.984785156250041,82.51265563964844,19.571346040070058,971.51,0.425375
65.5,-70.0,2026-10-02 23:13:35,1.8110351562500568,83.38765563964844,12.713346040070057,961.46,3.364625
65.5,-69.5,2026-10-02 23:13:35,1.53728515625005,79.98765563964844,12.623346040070059,955.72,2.780875
65.5,-69.0,2026-10-02 23:13:35,0.7347851562500409,85.43765563964844,13.451346040070058,945.11,3.08225
65.5,-68.5,2026-10-02 23:13:35,0.5410351562500182,85.63765563964844,16.295346040070058,929.71,2.628375
65.5,-68.0,2026-10-02 23:13:35,-0.20146484374998863,86.51265563964844,17.429346040070058,919.83,3.408375
65.5,-67.5,2026-10-02 23:13:35,-0.37646484375,87.31265563964844,17.483346040070057,916.85,3.18525
65.5,-67.0,2026-10-02 23:13:35,-0.8864648437499909,87.11265563964844,17.879346040070057,911.04,4.455625
65.5,-65.0,2026-10-02 23:13:35,-1.9414648437499977,94.38765563964844,28.949346040070058,917.74,5.052625
65.5,-64.5,2026-10-02 23:13:35,-0.5664648437499977,89.41265563964845,30.29934604007006,938.3,3.395125
65.5,-64.0,2026-10-02 23:13:35,-0.0902148437499477,96.51265563964844,33.28734604007006,956.47,17.620125
65.5,-63.5,2026-10-02 23:13:35,1.9360351562500568,92.76265563964844,42.53934604007006,982.46,16.321125000000002
65.5,-63.0,2026-10-02 23:13:35,1.7710351562500364,96.03765563964845,40.019346040070054,981.3,14.2555
66.0,-141.0,2026-10-02 23:13:35,-2.6978124999999977,72.75920639038087,4.781472903370857,943.87,3.1185
66.0,-140.5,2026-10-02 23:13:35,-4.291562499999998,74.48420639038086,6.671472903370858,926.4,2.512
66.0,-140.0,2026-10-02 23:13:35,-5.240312499999959,77.30920639038087,8.165472903370857,906.11,1.186375
66.0,-139.5,2026-10-02 23:13:35,-2.680312499999957,66.88420639038087,6.401472903370857,929.98,0.267
66.0,-139.0,2026-10-02 23:13:35,-0.7253124999999727,61.48420639038086,5.537472903370857,957.98,0.57225
66.0,-138.5,2026-10-02 23:13:35,-1.7965624999999932,70.75920639038087,5.861472903370857,940.97,2.819
66.0,-138.0,2026-10-02 23:13:35,-0.6815624999999841,78.35920639038086,3.359472903370857,960.04,7.286125
66.0,-137.5,2026-10-02 23:13:35,-0.9865624999999909,74.78420639038086,7.643472903370857,957.31,6.609
66.0,-137.0,2026-10-02 23:13:35,-1.455312499999991,81.03420639038086,10.577472903370857,952.09,11.787375
66.0,-136.5,2026-10-02 23:13:35,-0.8228124999999977,81.60920639038086,10.775472903370858,958.39,6.2485
66.0,-136.0,2026-10-02 23:13:35,-1.4790624999999977,84.30920639038087,11.549472903370857,945.98,7.5245
66.0,-135.5,2026-10-02 23:13:35,-3.09406249999995,90.18420639038087,13.871472903370858,920.98,3.223375
66.0,-135.0,2026-10-02 23:13:35,1.0696875000000432,76.68420639038087,7.8594729033708575,967.06,1.907375
66.0,-134.5,2026-10-02 23:13:35,0.7634375000000091,87.25920639038087,9.713472903370858,975.29,0.96125
66.0,-134.0,2026-10-02 23:13:35,1.138437500000009,85.08420639038087,11.405472903370859,981.12,2.2945
66.0,-133.5,2026-10-02 23:13:35,0.8196875000000432,85.35920639038086,12.251472903370859,978.01,5.016375
66.0,-133.0,2026-10-02 23:13:35,-0.45781249999998863,91.23420639038086,13.349472903370858,967.34,5.6305000000000005
66.0,-132.5,2026-10-02 23:13:35,0.38593750000001137,83.48420639038086,16.103472903370857,972.65,2.441375
66.0,-132.0,2026-10-02 23:13:35,1.5196875000000318,81.30920639038087,14.483472903370856,988.68,3.646875
66.0,-131.5,2026-10-02 23:13:35,0.9859375000000341,85.25920639038087,16.211472903370858,984.92,1.4725
66.0,-131.0,2026-10-02 23:13:35,1.1284375000000182,84.63420639038087,15.869472903370859,986.0,0.8145
66.0,-130.5,2026-10-02 23:13:35,1.7521875000000477,83.63420639038087,14.213472903370858,996.17,1.28175
66.0,-130.0,2026-10-02 23:13:35,2.165937500000041,81.30920639038087,12.809472903370857,1003.29,0.21937500000000001
66.0,-129.5,2026-10-02 23:13:35,1.0659375000000182,91.78420639038086,12.161472903370859,1006.17,0.12775
66.0,-129.0,2026-10-02 23:13:35,0.9121875000000159,96.05920639038087,12.809472903370857,1005.97,0.049625
66.0,-128.5,2026-10-02 23:13:35,0.31468750000004775,98.55920639038087,11.639472903370859,1001.47,0.0
66.0,-128.0,2026-10-02 23:13:35,0.34593750000004775,95.00920639038087,10.163472903370858,984.97,0.001875
66.0,-127.5,2026-10-02 23:13:35,1.3334375000000023,93.53420639038086,5.861472903370857,989.84,0.0
66.0,-127.0,2026-10-02 23:13:35,0.6934375000000159,88.58420639038087,5.285472903370858,958.0,0.032375
66.0,-126.5,2026-10-02 23:13:35,0.6346875000000409,88.85920639038086,3.575472903370857,969.51,0.038125
66.0,-126.0,2026-10-02 23:13:35,0.7921875000000114,87.60920639038086,2.927472903370857,969.5,0.0095
66.0,-125.5,2026-10-02 23:13:35,0.9759375000000432,83.05920639038087,3.3414729033708577,970.73,0.0095
66.0,-125.0,2026-10-02 23:13:35,3.569687500000043,80.43420639038087,5.483472903370857,991.62,0.0115
66.0,-124.5,2026-10-02 23:13:35,3.992187500000057,76.83420639038087,2.9094729033708573,992.06,0.0095
66.0,-124.0,2026-10-02 23:13:35,4.279687500000023,70.03420639038086,4.691472903370857,989.78,0.038125
66.0,-123.5,2026-10-02 23:13:35,3.899082031250032,69.5965805053711,7.2581302134990695,980.55,0.028625
66.0,-123.0,2026-10-02 23:13:35,4.374082031250055,67.89658050537109,7.24013021349907,991.78,0.017125
66.0,-122.5,2026-10-02 23:13:35,4.2278320312500455,68.4215805053711,8.89613021349907,992.56,0.0095
66.0,-122.0,2026-10-02 23:13:35,3.719082031250025,65.1965805053711,11.614130213499068,979.52,0.007625
66.0,-121.5,2026-10-02 23:13:35,0.4565820312500364,76.0465805053711,12.82013021349907,944.14,0.667625
66.0,-121.0,2026-10-02 23:13:35,3.4853320312500387,71.7215805053711,15.52013021349907,994.03,0.13925
66.0,-120.5,2026-10-02 23:13:35,3.1653320312500455,77.4215805053711,17.91413021349907,993.94,0.145
66.0,-120.0,2026-10-02 23:13:35,3.207832031250007,79.5965805053711,20.434130213499067,993.55,0.064875
66.0,-119.5,2026-10-02 23:13:35,3.277832031250057,75.2465805053711,22.59413021349907,992.86,0.038125
66.0,-119.0,2026-10-02 23:13:35,3.0753320312500136,74.9965805053711,24.14213021349907,992.11,0.01525
66.0,-118.5,2026-10-02 23:13:35,3.2215820312500227,74.7465805053711,23.260130213499068,992.66,0.007625
66.0,-118.0,2026-10-02 23:13:35,2.7628320312500136,73.0965805053711,20.34413021349907,980.52,0.017125
66.0,-117.5,2026-10-02 23:13:35,2.9565820312500364,68.7215805053711,16.85213021349907,978.47,0.145
66.0,-117.0,2026-10-02 23:13:35,2.207832031250007,73.7215805053711,18.688130213499072,973.13,0.074375
66.0,-116.5,2026-10-02 23:13:35,0.9653320312500568,72.9965805053711,18.09413021349907,961.2,0.320375
66.0,-116.0,2026-10-02 23:13:35,0.8528320312500455,71.7215805053711,17.66213021349907,957.74,0.39675
66.0,-115.5,2026-10-02 23:13:35,-0.12466796874997499,79.1215805053711,18.058130213499073,956.7,0.600875
66.0,-115.0,2026-10-02 23:13:35,0.5515820312500068,74.77158050537109,16.438130213499072,959.89,0.2155
66.0,-114.5,2026-10-02 23:13:35,0.9015820312500296,74.0715805053711,13.54013021349907,963.53,0.150625
66.0,-114.0,2026-10-02 23:13:35,0.19783203125001592,74.8465805053711,13.37813021349907,958.49,0.616125
66.0,-113.5,2026-10-02 23:13:35,-0.06216796874997499,73.5715805053711,13.97213021349907,958.17,0.186875
66.0,-113.0,2026-10-02 23:13:35,-0.08716796874995225,74.89658050537109,12.33413021349907,955.08,0.0935
66.0,-112.5,2026-10-02 23:13:35,0.27783203125005684,71.0965805053711,12.15413021349907,955.28,0.110625
66.0,-112.0,2026-10-02 23:13:35,-0.09466796874994543,69.6965805053711,9.25613021349907,950.22,0.095375
66.0,-111.5,2026-10-02 23:13:35,-0.28466796875,74.8715805053711,6.7181302134990695,950.97,0.09725
66.0,-111.0,2026-10-02 23:13:35,-0.9521679687499613,76.3465805053711,4.43213021349907,940.45,0.1335
66.0,-110.5,2026-10-02 23:13:35,-0.8584179687499613,72.5715805053711,2.398130213499069,947.7,0.064875
66.0,-110.0,2026-10-02 23:13:35,-0.9309179687499523,74.27158050537109,4.05413021349907,948.8,0.17925
66.0,-109.5,2026-10-02 23:13:35,-0.6384179687499909,72.0715805053711,6.61013021349907,952.53,0.074375
66.0,-109.0,2026-10-02 23:13:35,-0.16466796874999545,70.14658050537109,8.05013021349907,958.61,0.120125
66.0,-108.5,2026-10-02 23:13:35,0.09908203125002046,76.7965805053711,8.19413021349907,968.08,0.07625
66.0,-108.0,2026-10-02 23:13:35,-1.0634179687499454,84.5715805053711,10.71413021349907,961.35,0.11825000000000001
66.0,-107.5,2026-10-02 23:13:35,-1.0696679687499682,83.0965805053711,13.81013021349907,958.27,1.720375
66.0,-107.0,2026-10-02 23:13:35,-0.04341796874996362,78.1715805053711,15.286130213499069,970.44,0.476875
66.0,-106.5,2026-10-02 23:13:35,0.3615820312500091,79.9215805053711,15.05213021349907,977.88,1.97025
66.0,-106.0,2026-10-02 23:13:35,0.21033203125000455,84.2965805053711,16.99613021349907,974.78,3.116625
66.0,-105.5,2026-10-02 23:13:35,0.7553320312500205,85.0465805053711,19.35413021349907,981.85,1.379
66.0,-105.0,2026-10-02 23:13:35,0.4165820312500159,88.9465805053711,19.53413021349907,975.58,2.731375
66.0,-104.5,2026-10-02 23:13:35,0.38158203125004775,88.9215805053711,21.35213021349907,977.1,1.6632500000000001
66.0,-104.0,2026-10-02 23:13:35,0.28033203125005457,88.1215805053711,20.63213021349907,978.95,0.5055000000000001
66.0,-103.5,2026-10-02 23:13:35,0.23158203125001364,89.7215805053711,20.14613021349907,982.02,0.3185
66.0,-103.0,2026-10-02 23:13:35,0.15158203125002956,93.1465805053711,20.23613021349907,980.6,0.33
66.0,-102.5,2026-10-02 23:13:35,0.28408203125002274,91.3715805053711,20.758130213499072,982.33,0.27087500000000003
66.0,-102.0,2026-10-02 23:13:35,0.21408203125002956,89.7965805053711,22.054130213499068,985.28,0.9117500000000001
66.0,-101.5,2026-10-02 23:13:35,0.1797851562500341,89.78765563964845,21.623346040070057,982.49,0.371875
66.0,-101.0,2026-10-02 23:13:35,0.2772851562500023,89.58765563964845,20.34534604007006,984.07,0.166
66.0,-100.5,2026-10-02 23:13:35,0.2772851562500023,88.48765563964844,23.963346040070057,987.32,0.08775000000000001
66.0,-100.0,2026-10-02 23:13:35,-0.1464648437499818,88.18765563964844,26.71734604007006,985.96,0.265125
66.0,-99.5,2026-10-02 23:13:35,-0.5352148437499977,87.06265563964844,25.18734604007006,984.72,0.16025
66.0,-99.0,2026-10-02 23:13:35,-0.5739648437499909,87.63765563964844,24.449346040070058,986.79,0.204125
66.0,-98.5,2026-10-02 23:13:35,-0.9764648437499659,88.28765563964845,23.26134604007006,988.15,0.166
66.0,-98.0,2026-10-02 23:13:35,-0.8577148437499886,86.68765563964844,21.443346040070058,991.72,0.089625
66.0,-97.5,2026-10-02 23:13:35,-1.0489648437499568,85.98765563964844,24.539346040070058,992.61,0.04
66.0,-97.0,2026-10-02 23:13:35,-1.6839648437499477,87.18765563964844,22.97334604007006,987.57,0.068625
66.0,-96.5,2026-10-02 23:13:35,-1.5102148437499636,87.83765563964845,22.865346040070058,987.49,0.082
66.0,-96.0,2026-10-02 23:13:35,-1.9102148437499977,91.86265563964844,25.673346040070058,978.13,0.120125
66.0,-95.5,2026-10-02 23:13:35,-1.7564648437499955,91.01265563964844,21.353346040070058,980.82,0.59125
66.0,-95.0,2026-10-02 23:13:35,-2.105214843749991,90.63765563964844,24.683346040070056,972.9,0.8335
66.0,-94.5,2026-10-02 23:13:35,-2.6527148437499477,91.33765563964845,23.963346040070057,965.26,1.4115
66.0,-94.0,2026-10-02 23:13:35,-2.8539648437499636,88.78765563964845,25.907346040070056,962.22,2.4318750000000002
66.0,-93.5,2026-10-02 23:13:35,-2.3814648437499955,90.66265563964845,23.62134604007006,965.57,1.50875
66.0,-93.0,2026-10-02 23:13:35,-2.327714843749959,87.88765563964844,26.015346040070057,959.22,1.93025
66.0,-92.5,2026-10-02 23:13:35,-3.216464843749975,88.11265563964844,24.77334604007006,952.72,7.30325
66.0,-92.0,2026-10-02 23:13:35,-2.8264648437499886,87.21265563964845,23.351346040070055,965.69,10.56475
66.0,-91.5,2026-10-02 23:13:35,-2.1289648437499977,87.21265563964845,22.63134604007006,978.97,6.204625
66.0,-91.0,2026-10-02 23:13:35,-1.6177148437499795,87.13765563964844,21.857346040070055,981.51,6.708125
66.0,-90.5,2026-10-02 23:13:35,-1.90771484375,89.28765563964845,21.569346040070055,968.65,9.023625000000001
66.0,-90.0,2026-10-02 23:13:35,-0.3002148437499841,86.46265563964845,13.919346040070058,988.91,8.54875
66.0,-89.5,2026-10-02 23:13:35,-0.8627148437499841,87.76265563964844,16.99734604007006,964.46,4.228625
66.0,-89.0,2026-10-02 23:13:35,-2.6352148437499636,93.56265563964844,16.439346040070056,960.82,13.41825
66.0,-88.5,2026-10-02 23:13:35,-3.261464843749991,92.43765563964844,21.58734604007006,963.16,8.33325
66.0,-88.0,2026-10-02 23:13:35,-3.6664648437499636,89.61265563964844,20.525346040070055,961.35,10.934875
66.0,-87.5,2026-10-02 23:13:35,-3.476464843749966,87.18765563964844,19.53534604007006,968.29,11.837
66.0,-87.0,2026-10-02 23:13:35,-3.1177148437499795,88.56265563964844,20.525346040070055,976.63,14.749500000000001
66.0,-86.5,2026-10-02 23:13:35,-2.636464843749991,87.11265563964844,22.091346040070057,983.88,13.425875
66.0,-86.0,2026-10-02 23:13:35,-1.27521484374995,84.96265563964845,30.407346040070056,994.9,19.5465
66.0,-85.5,2026-10-02 23:13:35,-0.8502148437499955,84.86265563964844,35.14134604007006,994.46,12.79825
66.0,-85.0,2026-10-02 23:13:35,-1.5314648437499727,89.48765563964844,26.62734604007006,984.65,11.3315
66.0,-84.5,2026-10-02 23:13:35,-0.9239648437499568,83.23765563964844,27.09534604007006,993.57,2.6455
66.0,-84.0,2026-10-02 23:13:35,-2.521464843749982,90.68765563964844,20.471346040070056,978.1,4.510875
66.0,-83.5,2026-10-02 23:13:35,-1.1152148437499818,82.31265563964844,26.57334604007006,991.71,1.329375
66.0,-74.5,2026-10-02 23:13:35,3.311035156250057,78.66265563964845,20.54334604007006,985.97,0.0
66.0,-74.0,2026-10-02 23:13:35,4.269785156250009,71.08765563964845,17.213346040070057,985.35,0.0
66.0,-73.5,2026-10-02 23:13:35,3.679785156250034,71.81265563964844,16.763346040070058,983.96,0.0115
66.0,-73.0,2026-10-02 23:13:35,3.2460351562500023,72.68765563964844,16.097346040070057,980.22,0.02675
66.0,-72.5,2026-10-02 23:13:35,2.7985351562500114,76.71265563964845,16.493346040070058,969.99,0.021
66.0,-72.0,2026-10-02 23:13:35,2.023535156250034,82.21265563964845,14.783346040070057,966.43,0.007625
66.0,-71.5,2026-10-02 23:13:35,2.648535156250034,83.11265563964844,15.233346040070057,968.3,0.013375
66.0,-71.0,2026-10-02 23:13:35,3.638535156250043,78.06265563964844,24.809346040070057,971.11,0.08775000000000001
66.0,-70.5,2026-10-02 23:13:35,3.41228515625005,79.18765563964844,22.829346040070057,971.47,0.2575
66.0,-70.0,2026-10-02 23:13:35,2.1285351562500523,83.58765563964845,13.667346040070056,964.97,2.4090000000000003
66.0,-69.5,2026-10-02 23:13:35,1.106035156250016,85.68765563964844,12.245346040070057,954.61,2.77525
66.0,-69.0,2026-10-02 23:13:35,1.2947851562500432,84.13765563964844,12.965346040070058,950.85,2.5997500000000002
66.0,-68.5,2026-10-02 23:13:35,0.6247851562500273,85.86265563964844,15.107346040070057,934.04,2.48525
66.0,-68.0,2026-10-02 23:13:35,0.08728515625000455,86.33765563964845,16.097346040070057,925.16,3.1910000000000003
66.0,-67.5,2026-10-02 23:13:35,-0.153964843749975,86.06265563964844,17.39334604007006,919.41,3.24625
66.0,-67.0,2026-10-02 23:13:35,-0.4214648437499591,86.11265563964844,17.069346040070055,916.69,3.8605
66.0,-66.0,2026-10-02 23:13:35,-1.716464843749975,87.68765563964844,18.347346040070057,903.91,1.125375
66.0,-65.5,2026-10-02 23:13:35,-0.2714648437499818,84.01265563964844,15.30534604007006,929.79,0.986125
66.0,-65.0,2026-10-02 23:13:35,-1.65021484374995,91.38765563964844,25.205346040070058,918.26,1.995125
66.0,-64.5,2026-10-02 23:13:35,0.8222851562500182,84.26265563964844,18.02334604007006,957.55,2.285
66.0,-64.0,2026-10-02 23:13:35,-0.05271484374998181,92.51265563964844,31.919346040070057,956.15,11.446
66.0,-63.5,2026-10-02 23:13:35,1.8260351562500432,92.46265563964845,41.693346040070054,982.24,20.074875
66.0,-63.0,2026-10-02 23:13:35,1.7710351562500364,95.01265563964844,41.15334604007006,981.74,12.998625
66.0,-62.5,2026-10-02 23:13:35,2.5485351562500114,96.26265563964844,35.78934604007006,980.41,11.648125
66.0,-62.0,2026-10-02 23:13:35,3.342285156250057,98.46265563964845,9.185346040070058,979.44,12.580875
66.5,-141.0,2026-10-02 23:13:35,-2.680312499999957,74.40920639038086,5.969472903370858,959.2,5.106
66.5,-140.5,2026-10-02 23:13:35,-2.996562499999982,72.00920639038087,9.101472903370858,941.18,2.029375
66.5,-140.0,2026-10-02 23:13:35,-4.334062499999959,77.93420639038087,11.063472903370858,921.15,1.722375
66.5,-139.5,2026-10-02 23:13:35,-2.3140624999999773,68.15920639038086,11.351472903370858,940.65,1.1635
66.5,-139.0,2026-10-02 23:13:35,-2.636562499999968,69.93420639038087,11.549472903370857,938.0,1.20925
66.5,-138.5,2026-10-02 23:13:35,0.3596875000000068,68.43420639038087,8.975472903370857,979.29,0.677125
66.5,-138.0,2026-10-02 23:13:35,-0.6853124999999523,73.18420639038087,9.677472903370857,967.95,1.028
66.5,-137.5,2026-10-02 23:13:35,-0.7290624999999977,74.63420639038087,7.247472903370857,964.12,4.56425
66.5,-137.0,2026-10-02 23:13:35,-0.2465624999999818,73.15920639038086,9.641472903370857,968.83,5.8575
66.5,-136.5,2026-10-02 23:13:35,-2.379062499999975,84.23420639038086,11.639472903370859,935.7,6.44875
66.5,-136.0,2026-10-02 23:13:35,-4.051562499999989,91.93420639038087,14.771472903370856,913.75,4.59675
66.5,-135.5,2026-10-02 23:13:35,-0.9903124999999591,82.40920639038086,11.153472903370858,944.14,3.105125
66.5,-135.0,2026-10-02 23:13:35,0.5134375000000091,87.55920639038087,7.1574729033708575,976.29,4.0245
66.5,-134.5,2026-10-02 23:13:35,-1.1040624999999977,94.38420639038087,10.073472903370858,958.25,3.192875
66.5,-134.0,2026-10-02 23:13:35,0.3159375000000182,95.38420639038087,10.055472903370857,993.34,4.0035
66.5,-133.5,2026-10-02 23:13:35,0.8596875000000068,95.18420639038087,10.163472903370858,1002.56,1.701375
66.5,-133.0,2026-10-02 23:13:35,0.6321875000000432,95.68420639038087,11.207472903370858,1005.25,3.45425
66.5,-132.5,2026-10-02 23:13:35,0.1421875000000341,95.73420639038086,13.151472903370857,999.95,2.016125
66.5,-132.0,2026-10-02 23:13:35,0.26093750000001137,95.20920639038087,14.213472903370858,999.83,0.8316250000000001
66.5,-131.5,2026-10-02 23:13:35,0.3884375000000091,93.43420639038087,13.403472903370858,1000.56,1.04525
66.5,-131.0,2026-10-02 23:13:35,0.5346875000000182,93.15920639038086,12.485472903370859,1001.7,0.28800000000000003
66.5,-130.5,2026-10-02 23:13:35,0.7246875000000159,93.85920639038086,11.495472903370858,1004.75,0.061
66.5,-130.0,2026-10-02 23:13:35,0.3909375000000068,95.43420639038087,10.001472903370859,999.4,0.001875
66.5,-129.5,2026-10-02 23:13:35,0.7384375000000318,93.55920639038087,8.867472903370858,997.53,0.0
66.5,-129.0,2026-10-02 23:13:35,1.9534375000000068,85.30920639038087,3.395472903370857,1003.17,0.0
66.5,-128.5,2026-10-02 23:13:35,0.7796875000000227,87.58420639038087,5.159472903370857,987.47,0.0
66.5,-128.0,2026-10-02 23:13:35,1.974687500000016,70.88420639038087,6.671472903370858,992.56,0.0
66.5,-127.5,2026-10-02 23:13:35,2.923437500000034,65.78420639038086,6.059472903370858,998.68,0.0
66.5,-127.0,2026-10-02 23:13:35,1.075937500000009,70.50920639038087,6.779472903370858,978.22,0.038125
66.5,-126.5,2026-10-02 23:13:35,2.3234375000000114,67.98420639038086,3.1434729033708573,993.59,0.017125
66.5,-126.0,2026-10-02 23:13:35,1.0971875000000182,78.60920639038086,3.3054729033708576,981.43,0.03625
66.5,-125.5,2026-10-02 23:13:35,0.99968750000005,75.65920639038086,4.583472903370858,976.68,0.007625
66.5,-125.0,2026-10-02 23:13:35,1.8459375000000477,74.25920639038087,3.5214729033708574,977.26,0.01525
66.5,-124.5,2026-10-02 23:13:35,1.902187500000025,82.90920639038086,3.1434729033708573,969.65,0.019125
66.5,-124.0,2026-10-02 23:13:35,3.148437500000057,69.60920639038086,8.345472903370858,976.45,0.022875
66.5,-123.5,2026-10-02 23:13:35,2.0678320312500205,69.64658050537109,7.726130213499069,974.7,0.358625
66.5,-123.0,2026-10-02 23:13:35,3.024082031250032,76.0715805053711,16.906130213499072,993.7,0.101125
66.5,-122.5,2026-10-02 23:13:35,2.465332031250057,78.6715805053711,20.95613021349907,994.61,0.04575
66.5,-122.0,2026-10-02 23:13:35,1.9028320312500568,84.2215805053711,21.53213021349907,994.64,0.017125
66.5,-121.5,2026-10-02 23:13:35,3.1440820312500364,71.1715805053711,15.808130213499071,994.52,0.003875
66.5,-121.0,2026-10-02 23:13:35,2.611582031250009,71.3715805053711,15.71813021349907,994.55,0.0
66.5,-120.5,2026-10-02 23:13:35,2.3803320312500205,70.1215805053711,15.53813021349907,994.44,0.0
66.5,-120.0,2026-10-02 23:13:35,2.4403320312500227,64.02158050537109,11.83013021349907,986.41,0.0
66.5,-119.5,2026-10-02 23:13:35,1.4365820312500546,63.846580505371094,11.81213021349907,972.83,0.0
66.5,-119.0,2026-10-02 23:13:35,0.40283203125005684,67.3465805053711,13.05413021349907,962.7,0.0
66.5,-118.5,2026-10-02 23:13:35,0.9640820312500296,72.02158050537109,14.81813021349907,974.42,0.0
66.5,-118.0,2026-10-02 23:13:35,2.299082031250009,67.8465805053711,19.06613021349907,994.0,0.0
66.5,-117.5,2026-10-02 23:13:35,1.8978320312500045,67.7215805053711,15.196130213499071,988.45,0.0
66.5,-117.0,2026-10-02 23:13:35,0.8890820312500409,66.9965805053711,15.808130213499071,973.55,0.0
66.5,-116.5,2026-10-02 23:13:35,-0.28841796874996817,71.02158050537109,13.37813021349907,959.63,0.0
66.5,-116.0,2026-10-02 23:13:35,-0.21966796874994543,68.77158050537109,12.96413021349907,961.14,0.0
66.5,-115.5,2026-10-02 23:13:35,-1.3821679687499682,71.4215805053711,13.23413021349907,949.66,0.0
66.5,-115.0,2026-10-02 23:13:35,-1.2134179687499795,71.3215805053711,10.76813021349907,950.64,0.032375
66.5,-114.5,2026-10-02 23:13:35,-0.48341796874996135,68.0715805053711,9.49013021349907,962.69,0.051500000000000004
66.5,-114.0,2026-10-02 23:13:35,-1.19091796875,68.27158050537109,9.760130213499071,953.66,0.534
66.5,-113.5,2026-10-02 23:13:35,-0.7996679687499864,72.4465805053711,9.54413021349907,960.31,0.19075
66.5,-113.0,2026-10-02 23:13:35,-0.27841796874997726,70.3465805053711,9.23813021349907,964.72,0.07625
66.5,-112.5,2026-10-02 23:13:35,-1.0871679687499523,71.9715805053711,6.0161302134990695,953.25,0.043875000000000004
66.5,-112.0,2026-10-02 23:13:35,-0.999667968749975,72.1965805053711,3.6761302134990697,947.92,0.164
66.5,-111.5,2026-10-02 23:13:35,-0.7821679687499454,76.27158050537109,3.964130213499069,953.27,0.18125
66.5,-111.0,2026-10-02 23:13:35,-0.7121679687499523,72.3715805053711,7.150130213499069,949.45,0.146875
66.5,-110.5,2026-10-02 23:13:35,0.09658203125002274,71.77158050537109,7.52813021349907,958.86,0.068625
66.5,-110.0,2026-10-02 23:13:35,0.10408203125001592,74.1965805053711,8.71613021349907,958.61,0.032375
66.5,-109.5,2026-10-02 23:13:35,1.1440820312500364,72.14658050537109,9.38213021349907,971.35,0.35475
66.5,-109.0,2026-10-02 23:13:35,0.0065820312500477485,82.9215805053711,10.42613021349907,966.06,0.21937500000000001
66.5,-108.5,2026-10-02 23:13:35,-1.4071679687499454,83.1965805053711,12.56813021349907,948.49,0.24225
66.5,-108.0,2026-10-02 23:13:35,0.8665820312500045,68.8215805053711,14.96213021349907,974.19,1.3485
66.5,-107.5,2026-10-02 23:13:35,2.059082031250057,73.0465805053711,11.43413021349907,1006.7,0.53025
66.5,-107.0,2026-10-02 23:13:35,0.35658203125001364,81.3215805053711,16.546130213499072,976.89,2.80575
66.5,-106.5,2026-10-02 23:13:35,0.5378320312500477,83.7465805053711,18.00413021349907,976.1,4.573875
66.5,-106.0,2026-10-02 23:13:35,0.22158203125002274,87.7215805053711,19.19213021349907,973.88,5.69725
66.5,-105.5,2026-10-02 23:13:35,0.3528320312500455,86.3965805053711,19.87613021349907,974.08,1.4801250000000001
66.5,-105.0,2026-10-02 23:13:35,0.6528320312500568,87.0965805053711,20.290130213499072,979.24,0.41200000000000003
66.5,-104.5,2026-10-02 23:13:35,0.41283203125004775,89.8465805053711,18.83213021349907,981.25,0.423375
66.5,-104.0,2026-10-02 23:13:35,0.18283203125002956,95.1465805053711,19.39013021349907,982.67,0.16975
66.5,-103.5,2026-10-02 23:13:35,0.250332031250025,91.6715805053711,20.05613021349907,980.95,0.30325
66.5,-103.0,2026-10-02 23:13:35,0.08158203125003638,89.9465805053711,21.62213021349907,983.66,0.734375
66.5,-102.5,2026-10-02 23:13:35,-0.03091796874997499,88.8215805053711,25.060130213499068,986.25,0.93275
66.5,-102.0,2026-10-02 23:13:35,-0.17466796874998636,86.7715805053711,25.18613021349907,985.7,0.34525
66.5,-101.5,2026-10-02 23:13:35,-0.11771484374997954,88.98765563964844,22.865346040070058,984.26,0.135375
66.5,-101.0,2026-10-02 23:13:35,-0.560214843749975,88.78765563964845,24.737346040070058,984.57,0.1965
66.5,-100.5,2026-10-02 23:13:35,-1.296464843749959,88.08765563964845,26.591346040070057,982.58,0.21937500000000001
66.5,-100.0,2026-10-02 23:13:35,-1.4277148437499818,88.81265563964844,23.44134604007006,982.52,0.085875
66.5,-99.5,2026-10-02 23:13:35,-1.4414648437499977,87.28765563964845,23.783346040070057,984.77,0.21937500000000001
66.5,-99.0,2026-10-02 23:13:35,-1.640214843749959,86.98765563964844,25.69134604007006,985.86,0.198375
66.5,-98.5,2026-10-02 23:13:35,-1.8402148437499477,87.08765563964845,27.38334604007006,985.8,0.10675
66.5,-98.0,2026-10-02 23:13:35,-1.90021484374995,86.88765563964844,26.68134604007006,986.24,0.07825
66.5,-97.5,2026-10-02 23:13:35,-1.8752148437499727,89.23765563964844,27.905346040070057,987.66,0.18125
66.5,-97.0,2026-10-02 23:13:35,-1.5764648437499886,91.43765563964844,24.539346040070058,988.6,0.171625
66.5,-96.5,2026-10-02 23:13:35,-1.1977148437499636,90.96265563964845,22.019346040070058,991.11,0.173625
66.5,-96.0,2026-10-02 23:13:35,-1.15021484374995,87.93765563964844,20.489346040070057,990.05,0.238375
66.5,-95.5,2026-10-02 23:13:35,-1.37646484375,87.51265563964844,21.28134604007006,986.8,1.57925
66.5,-95.0,2026-10-02 23:13:35,-2.2952148437499886,90.68765563964844,21.76734604007006,974.58,1.70325
66.5,-94.5,2026-10-02 23:13:35,-3.11896484374995,90.78765563964845,24.521346040070057,957.9,1.749
66.5,-94.0,2026-10-02 23:13:35,-1.8364648437499795,87.58765563964845,28.33734604007006,965.18,1.350375
66.5,-93.5,2026-10-02 23:13:35,-2.4377148437499727,87.36265563964844,22.289346040070058,958.9,3.5267500000000003
66.5,-93.0,2026-10-02 23:13:35,-2.8127148437499727,87.76265563964844,26.069346040070055,955.93,2.64925
66.5,-92.5,2026-10-02 23:13:35,-3.2464648437499477,89.51265563964844,24.107346040070055,955.82,5.0335
66.5,-92.0,2026-10-02 23:13:35,-3.40771484375,88.58765563964845,24.88134604007006,960.1,5.540875
66.5,-91.5,2026-10-02 23:13:35,-2.980214843749991,88.48765563964844,26.303346040070057,965.61,6.2065
66.5,-91.0,2026-10-02 23:13:35,-3.3189648437499955,89.86265563964844,23.927346040070056,950.02,9.2335
66.5,-90.5,2026-10-02 23:13:35,-3.8852148437499636,91.38765563964844,26.771346040070057,937.96,12.53125
66.5,-90.0,2026-10-02 23:13:35,-3.4689648437499727,90.21265563964845,24.88134604007006,945.02,5.66675
66.5,-89.5,2026-10-02 23:13:35,-3.2464648437499477,90.83765563964845,21.58734604007006,955.49,6.6185
66.5,-89.0,2026-10-02 23:13:35,-3.570214843749966,89.81265563964844,22.451346040070057,959.99,10.7555
66.5,-88.5,2026-10-02 23:13:35,-4.687714843749973,92.86265563964844,27.00534604007006,948.19,14.59125
66.5,-88.0,2026-10-02 23:13:35,-3.733964843749959,91.63765563964844,25.63734604007006,965.8,8.026125
66.5,-87.5,2026-10-02 23:13:35,-4.038964843749966,91.06265563964844,20.09334604007006,969.85,12.426375
66.5,-87.0,2026-10-02 23:13:35,-3.5277148437499477,85.93765563964844,21.87534604007006,977.21,23.7255
66.5,-86.5,2026-10-02 23:13:35,-2.021464843749982,82.66265563964845,30.35334604007006,995.27,22.396125
66.5,-86.0,2026-10-02 23:13:35,-1.8439648437499727,88.06265563964844,28.24734604007006,994.51,11.777875
66.5,-85.5,2026-10-02 23:13:35,-1.452714843749959,86.63765563964844,28.06734604007006,994.36,2.9831250000000002
66.5,-85.0,2026-10-02 23:13:35,-3.483964843749959,92.68765563964844,21.569346040070055,959.3,2.6035
66.5,-84.5,2026-10-02 23:13:35,-2.8264648437499886,91.88765563964844,21.533346040070057,969.71,4.211375
66.5,-84.0,2026-10-02 23:13:35,-1.497714843749975,86.96265563964845,25.151346040070056,981.1,1.585
66.5,-83.5,2026-10-02 23:13:35,-3.038964843749966,87.13765563964844,18.239346040070057,974.58,0.86975
66.5,-83.0,2026-10-02 23:13:35,-1.3339648437499818,75.91265563964843,20.291346040070056,990.72,0.732375
66.5,-82.5,2026-10-02 23:13:35,-1.3752148437499727,76.46265563964845,20.25534604007006,992.04,0.019125
66.5,-73.5,2026-10-02 23:13:35,3.904785156250057,71.26265563964844,16.925346040070057,984.85,0.00575
66.5,-73.0,2026-10-02 23:13:35,3.3647851562500364,72.16265563964843,16.18734604007006,981.43,0.022875
66.5,-72.5,2026-10-02 23:13:35,3.043535156250016,75.28765563964843,15.971346040070058,975.44,0.032375
66.5,-72.0,2026-10-02 23:13:35,2.426035156250009,78.78765563964845,15.287346040070059,965.86,0.00575
66.5,-71.5,2026-10-02 23:13:35,2.2435351562500045,85.13765563964844,14.675346040070057,963.05,0.0115
66.5,-71.0,2026-10-02 23:13:35,3.638535156250043,78.53765563964845,24.107346040070055,971.15,0.04575
66.5,-70.5,2026-10-02 23:13:35,3.5310351562500273,78.23765563964844,24.66534604007006,971.11,0.173625
66.5,-70.0,2026-10-02 23:13:35,2.3197851562500205,84.33765563964845,12.875346040070058,969.49,1.056625
66.5,-69.5,2026-10-02 23:13:35,1.273535156250034,85.76265563964844,12.389346040070057,955.66,3.12425
66.5,-69.0,2026-10-02 23:13:35,1.211035156250034,84.76265563964844,12.569346040070057,952.63,2.4090000000000003
66.5,-68.5,2026-10-02 23:13:35,0.5560351562500045,86.13765563964844,14.531346040070057,937.85,2.74275
66.5,-68.0,2026-10-02 23:13:35,-0.058964843749947704,87.06265563964844,16.24134604007006,924.07,2.6397500000000003
66.5,-67.5,2026-10-02 23:13:35,-0.27521484374995,86.58765563964845,17.33934604007006,917.82,3.301625
66.5,-67.0,2026-10-02 23:13:35,-0.35771484374998863,86.68765563964844,16.961346040070058,917.4,3.315
66.5,-66.5,2026-10-02 23:13:35,-0.7927148437499909,86.73765563964844,17.33934604007006,913.68,5.2318750000000005
66.5,-66.0,2026-10-02 23:13:35,-1.5839648437499818,89.26265563964844,15.863346040070056,906.91,1.1635
66.5,-65.5,2026-10-02 23:13:35,-1.550214843749984,87.36265563964844,16.727346040070056,909.97,1.459125
66.5,-65.0,2026-10-02 23:13:35,-1.3264648437499886,89.91265563964845,20.39934604007006,917.93,1.7910000000000001
66.5,-64.5,2026-10-02 23:13:35,-1.393964843749984,92.33765563964845,22.433346040070056,924.01,3.683125
66.5,-64.0,2026-10-02 23:13:35,-0.08396484374998181,90.53765563964845,24.19734604007006,949.94,5.24525
66.5,-63.5,2026-10-02 23:13:35,0.3160351562500523,96.98765563964844,38.74134604007006,966.29,19.447375
66.5,-63.0,2026-10-02 23:13:35,1.894785156250009,93.36265563964844,42.19734604007006,982.26,15.180625000000001
66.5,-62.5,2026-10-02 23:13:35,1.988535156250009,96.23765563964844,38.88534604007006,980.93,14.514875
66.5,-62.0,2026-10-02 23:13:35,3.2147851562500023,98.11265563964844,21.965346040070056,979.71,10.582
66.5,-61.5,2026-10-02 23:13:35,3.4060351562500273,98.83765563964845,5.639346040070057,979.32,12.2395
67.0,-141.0,2026-10-02 23:13:35,-3.327812499999993,79.13420639038087,11.693472903370857,959.37,4.1065000000000005
67.0,-140.5,2026-10-02 23:13:35,-2.4753124999999727,79.38420639038087,5.393472903370858,953.92,3.17
67.0,-140.0,2026-10-02 23:13:35,-3.681562499999984,79.40920639038086,7.913472903370858,936.09,0.8240000000000001
67.0,-139.5,2026-10-02 23:13:35,-4.240312499999959,76.53420639038086,11.261472903370858,922.59,1.277875
67.0,-139.0,2026-10-02 23:13:35,-1.302812499999959,66.63420639038087,10.289472903370859,951.22,0.419625
67.0,-138.5,2026-10-02 23:13:35,-2.0515624999999886,71.78420639038086,8.813472903370858,950.78,2.426125
67.0,-138.0,2026-10-02 23:13:35,-0.96906249999995,76.63420639038087,10.451472903370858,960.4,4.07225
67.0,-137.5,2026-10-02 23:13:35,-0.09031249999998181,74.93420639038087,9.641472903370857,976.59,5.394
67.0,-137.0,2026-10-02 23:13:35,-0.50031249999995,81.55920639038087,9.011472903370858,974.08,1.808125
67.0,-136.5,2026-10-02 23:13:35,-3.671562499999993,95.00920639038087,13.259472903370858,928.43,5.493125
67.0,-136.0,2026-10-02 23:13:35,-1.396562499999959,83.98420639038086,12.629472903370859,946.26,4.159875
67.0,-135.5,2026-10-02 23:13:35,-1.1265624999999773,92.43420639038087,3.575472903370857,973.78,5.17275
67.0,-135.0,2026-10-02 23:13:35,-0.5778124999999932,92.23420639038086,6.959472903370857,994.42,2.946875
67.0,-134.5,2026-10-02 23:13:35,-0.6328125,97.10920639038086,11.099472903370858,1009.2,1.489625
67.0,-134.0,2026-10-02 23:13:35,-0.5178124999999909,94.60920639038086,14.249472903370856,1003.14,1.483875
67.0,-133.5,2026-10-02 23:13:35,-0.4128124999999727,96.60920639038086,13.241472903370857,1004.14,1.438125
67.0,-133.0,2026-10-02 23:13:35,-0.566562499999975,97.23420639038086,11.819472903370858,997.39,1.53925
67.0,-132.5,2026-10-02 23:13:35,-0.049062499999990905,96.20920639038087,8.453472903370857,999.18,1.602125
67.0,-132.0,2026-10-02 23:13:35,-0.5740624999999682,94.60920639038086,8.867472903370858,989.48,0.26125
67.0,-131.5,2026-10-02 23:13:35,-0.39531249999998863,94.95920639038087,6.905472903370858,968.51,0.017125
67.0,-131.0,2026-10-02 23:13:35,-0.222812499999975,97.15920639038086,2.063472903370857,972.73,0.0305
67.0,-130.5,2026-10-02 23:13:35,0.7521875000000477,93.28420639038086,1.6674729033708573,998.75,0.0
67.0,-130.0,2026-10-02 23:13:35,2.3021875000000023,83.40920639038086,3.9714729033708576,999.59,0.0
67.0,-129.5,2026-10-02 23:13:35,0.9884375000000318,84.45920639038087,6.977472903370858,982.09,0.0
67.0,-129.0,2026-10-02 23:13:35,1.1284375000000182,79.83420639038087,5.069472903370857,980.25,0.0
67.0,-128.5,2026-10-02 23:13:35,1.7734375000000568,76.05920639038087,2.6394729033708573,991.65,0.0
67.0,-128.0,2026-10-02 23:13:35,2.263437500000009,70.93420639038087,5.573472903370857,988.33,0.0
67.0,-127.5,2026-10-02 23:13:35,1.558437500000025,77.38420639038087,7.823472903370858,980.95,0.0
67.0,-127.0,2026-10-02 23:13:35,1.2259375000000432,75.08420639038086,5.591472903370858,976.7,0.021
67.0,-126.5,2026-10-02 23:13:35,0.6096875000000068,79.28420639038086,4.979472903370857,974.95,0.021
67.0,-126.0,2026-10-02 23:13:35,0.6971875000000409,82.00920639038087,2.963472903370857,974.56,0.003875
67.0,-125.5,2026-10-02 23:13:35,0.22468750000001592,80.48420639038086,4.241472903370858,974.65,0.0
67.0,-125.0,2026-10-02 23:13:35,-0.2015624999999659,80.00920639038087,4.349472903370858,969.79,0.0
67.0,-124.5,2026-10-02 23:13:35,0.08343750000000227,78.88420639038087,4.727472903370858,976.47,0.0
67.0,-124.0,2026-10-02 23:13:35,0.8059375000000273,71.58420639038086,4.619472903370857,972.33,0.0
67.0,-123.5,2026-10-02 23:13:35,-0.655917968749975,78.3215805053711,3.9101302134990696,972.36,0.0
67.0,-123.0,2026-10-02 23:13:35,0.20158203125004093,77.1715805053711,6.30413021349907,969.06,0.0
67.0,-122.5,2026-10-02 23:13:35,-1.6196679687499795,78.6965805053711,8.51813021349907,960.02,0.0
67.0,-122.0,2026-10-02 23:13:35,-0.7271679687499955,76.6215805053711,1.5341302134990693,981.03,0.0
67.0,-121.5,2026-10-02 23:13:35,0.34908203125002046,77.3715805053711,6.52013021349907,987.42,0.001875
67.0,-121.0,2026-10-02 23:13:35,0.7665820312500387,74.9965805053711,9.86813021349907,988.31,0.0095
67.0,-120.5,2026-10-02 23:13:35,0.9265820312500068,78.7465805053711,8.91413021349907,991.08,0.0
67.0,-120.0,2026-10-02 23:13:35,1.014082031250041,78.8965805053711,15.664130213499071,993.64,0.0
67.0,-119.5,2026-10-02 23:13:35,0.8665820312500045,77.7965805053711,16.61813021349907,993.14,0.0
67.0,-119.0,2026-10-02 23:13:35,0.4865820312500091,76.3215805053711,12.58613021349907,986.38,0.00575
67.0,-118.5,2026-10-02 23:13:35,0.43658203125005457,78.5465805053711,11.48813021349907,987.02,0.003875
67.0,-118.0,2026-10-02 23:13:35,0.10408203125001592,71.89658050537109,9.95813021349907,972.63,0.007625
67.0,-117.5,2026-10-02 23:13:35,-2.448417968749993,82.4965805053711,11.23613021349907,948.17,0.080125
67.0,-117.0,2026-10-02 23:13:35,-2.5259179687499795,83.6715805053711,11.29013021349907,948.2,0.061
67.0,-116.5,2026-10-02 23:13:35,-2.2234179687499704,81.0215805053711,10.62413021349907,948.64,0.30325
67.0,-116.0,2026-10-02 23:13:35,-1.9071679687499454,79.6965805053711,8.95013021349907,951.83,0.309
67.0,-115.5,2026-10-02 23:13:35,-1.1946679687499682,84.1215805053711,9.58013021349907,965.56,0.028625
67.0,-115.0,2026-10-02 23:13:35,-1.5284179687499773,67.5715805053711,9.11213021349907,946.35,0.135375
67.0,-114.5,2026-10-02 23:13:35,-1.3171679687499704,71.9715805053711,10.24613021349907,954.78,0.083875
67.0,-114.0,2026-10-02 23:13:35,-1.0084179687499955,71.9465805053711,10.30013021349907,955.05,0.04575
67.0,-113.5,2026-10-02 23:13:35,-0.7571679687499682,73.7965805053711,10.67813021349907,958.8,0.07625
67.0,-113.0,2026-10-02 23:13:35,-0.17091796874996135,75.5965805053711,10.01213021349907,964.1,0.0935
67.0,-112.5,2026-10-02 23:13:35,-0.7671679687499591,78.1465805053711,9.92213021349907,954.75,0.341375
67.0,-112.0,2026-10-02 23:13:35,-1.1059179687499636,75.1715805053711,11.43413021349907,950.77,0.164
67.0,-111.5,2026-10-02 23:13:35,-0.47216796875,71.2965805053711,11.38013021349907,957.39,0.18887500000000002
67.0,-111.0,2026-10-02 23:13:35,0.156582031250025,65.7965805053711,13.14413021349907,963.85,0.12975
67.0,-110.5,2026-10-02 23:13:35,-0.2671679687499591,73.6215805053711,16.00613021349907,961.19,0.377625
67.0,-110.0,2026-10-02 23:13:35,-0.7434179687499523,82.5465805053711,14.926130213499071,959.78,0.74575
67.0,-109.5,2026-10-02 23:13:35,-0.46341796874997954,82.7715805053711,13.54013021349907,962.94,0.28225
67.0,-109.0,2026-10-02 23:13:35,-0.8209179687499955,82.2965805053711,12.47813021349907,966.42,0.6085
67.0,-108.5,2026-10-02 23:13:35,1.6165820312500045,77.5215805053711,15.772130213499068,993.31,0.6485
67.0,-108.0,2026-10-02 23:13:35,3.2315820312500136,73.02158050537109,21.49613021349907,1011.49,0.16975
67.0,-107.5,2026-10-02 23:13:35,3.2690820312500364,74.9215805053711,24.340130213499073,1010.28,3.9882500000000003
67.0,-107.0,2026-10-02 23:13:35,1.6028320312500455,83.6715805053711,22.090130213499073,987.91,5.9891250000000005
67.0,-106.5,2026-10-02 23:13:35,1.2003320312500136,81.9465805053711,19.96613021349907,981.52,1.5602500000000001
67.0,-106.0,2026-10-02 23:13:35,0.5378320312500477,86.8715805053711,16.92413021349907,986.47,0.67525
67.0,-105.5,2026-10-02 23:13:35,0.44033203125002274,91.2215805053711,18.83213021349907,983.56,0.53025
67.0,-105.0,2026-10-02 23:13:35,0.3215820312500455,94.4965805053711,17.68013021349907,984.97,0.46725
67.0,-104.5,2026-10-02 23:13:35,0.6903320312500227,90.3715805053711,17.24813021349907,988.64,0.43675
67.0,-104.0,2026-10-02 23:13:35,0.23283203125004093,88.4715805053711,20.90213021349907,987.53,0.625625
67.0,-103.5,2026-10-02 23:13:35,-0.09091796874997726,88.7465805053711,22.77413021349907,989.24,1.28175
67.0,-103.0,2026-10-02 23:13:35,-0.18216796874997954,87.0965805053711,22.43213021349907,989.63,0.29375
67.0,-102.5,2026-10-02 23:13:35,-0.30966796874997726,85.9465805053711,22.16213021349907,989.02,0.104875
67.0,-102.0,2026-10-02 23:13:35,-0.43091796874995225,83.4715805053711,20.470130213499072,994.49,0.082
67.0,-101.5,2026-10-02 23:13:35,-1.112714843749984,85.93765563964844,22.397346040070058,992.47,0.213625
67.0,-101.0,2026-10-02 23:13:35,-1.1877148437499727,87.61265563964844,22.001346040070057,991.79,0.2995
67.0,-100.5,2026-10-02 23:13:35,-1.2327148437499886,87.33765563964845,21.49734604007006,990.21,0.286125
67.0,-100.0,2026-10-02 23:13:35,-1.2564648437499955,87.86265563964844,22.091346040070057,990.41,0.274625
67.0,-99.5,2026-10-02 23:13:35,-1.2114648437499795,87.71265563964845,23.063346040070055,991.99,0.16975
67.0,-99.0,2026-10-02 23:13:35,-1.31396484375,92.16265563964845,23.405346040070057,991.71,0.089625
67.0,-98.5,2026-10-02 23:13:35,-1.1914648437499977,93.53765563964845,22.05534604007006,992.85,0.183125
67.0,-98.0,2026-10-02 23:13:35,-0.9552148437499568,95.01265563964844,22.001346040070057,991.65,0.347125
67.0,-97.5,2026-10-02 23:13:35,-0.43021484374997954,93.13765563964844,22.577346040070058,991.97,0.234625
67.0,-97.0,2026-10-02 23:13:35,-0.5464648437499591,90.51265563964844,20.489346040070057,993.44,0.0305
67.0,-96.5,2026-10-02 23:13:35,-0.5077148437499659,89.43765563964844,19.64334604007006,997.74,0.064875
67.0,-96.0,2026-10-02 23:13:35,-0.7577148437499659,88.06265563964844,21.119346040070056,998.9,0.13925
67.0,-95.5,2026-10-02 23:13:35,-0.6364648437499909,86.28765563964845,18.347346040070057,999.26,0.39287500000000003
67.0,-95.0,2026-10-02 23:13:35,-1.956464843749984,88.83765563964845,19.96734604007006,976.32,2.777125
67.0,-94.5,2026-10-02 23:13:35,-2.3677148437499795,92.36265563964844,23.297346040070057,965.27,2.59775
67.0,-94.0,2026-10-02 23:13:35,-1.9027148437499477,86.71265563964845,21.911346040070057,968.71,1.2665
67.0,-93.5,2026-10-02 23:13:35,-2.716464843749975,89.26265563964844,23.711346040070058,958.65,4.5051250000000005
67.0,-93.0,2026-10-02 23:13:35,-1.288964843749966,85.28765563964845,21.443346040070058,977.11,6.258
67.0,-92.5,2026-10-02 23:13:35,-1.112714843749984,85.06265563964844,20.11134604007006,979.72,3.543875
67.0,-92.0,2026-10-02 23:13:35,-2.300214843749984,85.31265563964844,21.245346040070057,961.68,4.40025
67.0,-91.5,2026-10-02 23:13:35,-2.706464843749984,85.01265563964844,21.155346040070057,957.77,2.8705000000000003
67.0,-91.0,2026-10-02 23:13:35,-3.823964843749991,84.76265563964844,22.97334604007006,943.32,4.7855
67.0,-90.5,2026-10-02 23:13:35,-3.917714843749991,85.23765563964844,26.357346040070055,943.68,4.001625
67.0,-90.0,2026-10-02 23:13:35,-3.552714843749982,83.43765563964844,21.389346040070055,954.18,3.5820000000000003
67.0,-89.5,2026-10-02 23:13:35,-4.427714843749982,90.93765563964844,26.91534604007006,952.04,3.944375
67.0,-89.0,2026-10-02 23:13:35,-5.041464843749964,91.58765563964845,25.547346040070057,947.79,5.2395000000000005
67.0,-88.5,2026-10-02 23:13:35,-4.081464843749984,92.76265563964844,24.107346040070055,963.9,2.265875
67.0,-88.0,2026-10-02 23:13:35,-3.6214648437499477,90.36265563964844,18.401346040070056,971.57,8.417125
67.0,-87.5,2026-10-02 23:13:35,-2.8439648437499727,88.66265563964845,20.92134604007006,984.55,14.289875
67.0,-87.0,2026-10-02 23:13:35,-2.958964843749982,88.83765563964845,24.01734604007006,987.04,9.758000000000001
67.0,-86.5,2026-10-02 23:13:35,-2.768964843749984,91.06265563964844,24.215346040070056,976.47,2.895375
67.0,-86.0,2026-10-02 23:13:35,-4.038964843749966,92.31265563964844,26.969346040070057,956.54,2.4318750000000002
67.0,-85.5,2026-10-02 23:13:35,-3.9302148437499795,94.23765563964844,25.78134604007006,959.91,4.417375
67.0,-85.0,2026-10-02 23:13:35,-2.2739648437499795,89.53765563964845,22.68534604007006,980.9,2.5997500000000002
67.0,-84.5,2026-10-02 23:13:35,-1.3927148437499568,86.43765563964844,22.667346040070058,984.71,0.055375
67.0,-84.0,2026-10-02 23:13:35,-2.1314648437499955,91.78765563964845,14.927346040070057,969.51,0.074375
67.0,-83.5,2026-10-02 23:13:35,-3.3539648437499636,88.33765563964845,15.773346040070058,962.43,0.267
67.0,-83.0,2026-10-02 23:13:35,-3.798964843749957,88.28765563964845,18.20334604007006,961.44,0.47300000000000003
67.0,-82.5,2026-10-02 23:13:35,-4.208964843749982,86.68765563964844,17.91534604007006,968.77,0.33
67.0,-82.0,2026-10-02 23:13:35,-2.58771484374995,77.48765563964844,18.29334604007006,985.85,0.055375
67.0,-81.5,2026-10-02 23:13:35,-1.827714843749959,77.88765563964844,19.139346040070055,989.61,0.003875
67.0,-73.0,2026-10-02 23:13:35,3.5385351562500205,71.11265563964844,16.52934604007006,982.35,0.019125
67.0,-72.5,2026-10-02 23:13:35,3.09978515625005,75.03765563964843,15.863346040070056,977.82,0.032375
67.0,-72.0,2026-10-02 23:13:35,2.6597851562500523,76.13765563964844,15.683346040070058,968.18,0.007625
67.0,-71.5,2026-10-02 23:13:35,2.3397851562500023,83.26265563964844,15.197346040070057,961.79,0.0095
67.0,-71.0,2026-10-02 23:13:35,3.627285156250025,79.11265563964844,23.297346040070057,971.18,0.02675
67.0,-70.5,2026-10-02 23:13:35,3.603535156250018,77.78765563964845,25.34934604007006,971.1,0.137375
67.0,-70.0,2026-10-02 23:13:35,1.4335351562500023,87.81265563964844,14.819346040070057,971.18,0.522625
67.0,-69.5,2026-10-02 23:13:35,1.7147851562500023,84.56265563964844,12.911346040070057,960.32,3.4885
67.0,-69.0,2026-10-02 23:13:35,1.53728515625005,79.98765563964844,12.623346040070059,955.72,2.698875
67.0,-68.5,2026-10-02 23:13:35,0.7347851562500409,85.43765563964844,13.451346040070058,945.11,3.055625
67.0,-68.0,2026-10-02 23:13:35,0.5410351562500182,85.63765563964844,16.295346040070058,929.71,2.616875
67.0,-67.5,2026-10-02 23:13:35,-0.20146484374998863,86.51265563964844,17.429346040070058,919.83,3.408375
67.0,-67.0,2026-10-02 23:13:35,-0.37646484375,87.31265563964844,17.483346040070057,916.85,3.18525
67.0,-66.5,2026-10-02 23:13:35,-0.8514648437499659,87.53765563964845,17.879346040070057,912.21,4.455625
67.0,-66.0,2026-10-02 23:13:35,-1.206464843749984,89.06265563964844,15.395346040070057,912.02,2.302125
67.0,-65.5,2026-10-02 23:13:35,-1.6602148437499977,87.53765563964845,18.38334604007006,906.19,1.716625
67.0,-65.0,2026-10-02 23:13:35,-1.31396484375,88.16265563964845,20.34534604007006,915.77,1.382875
67.0,-64.5,2026-10-02 23:13:35,-1.7677148437499568,93.28765563964845,31.829346040070057,918.63,4.238125
67.0,-64.0,2026-10-02 23:13:35,-0.6214648437499477,89.08765563964845,29.669346040070057,936.66,2.885875
67.0,-63.5,2026-10-02 23:13:35,-0.3627148437499841,96.21265563964845,35.86134604007006,951.91,16.3765
67.0,-63.0,2026-10-02 23:13:35,1.918535156250016,92.31265563964844,42.57534604007006,982.65,18.425
67.0,-62.5,2026-10-02 23:13:35,1.7485351562500568,95.56265563964844,40.631346040070056,981.52,13.353375
67.0,-62.0,2026-10-02 23:13:35,2.939785156250025,96.91265563964845,31.019346040070058,980.05,10.902375000000001
67.5,-141.0,2026-10-02 23:13:35,-5.2265625,88.80920639038087,9.479472903370858,947.98,5.846
67.5,-140.5,2026-10-02 23:13:35,-2.9665624999999523,78.78420639038086,12.737472903370858,973.81,8.205375
67.5,-140.0,2026-10-02 23:13:35,-2.305312499999957,80.90920639038086,14.825472903370859,984.59,5.447375
67.5,-139.5,2026-10-02 23:13:35,-2.857812499999966,80.63420639038087,14.249472903370856,974.65,3.70975
67.5,-139.0,2026-10-02 23:13:35,-2.149062499999957,80.88420639038087,12.107472903370859,978.33,1.262625
67.5,-138.5,2026-10-02 23:13:35,-2.052812499999959,78.45920639038087,13.547472903370858,966.36,3.450375
67.5,-138.0,2026-10-02 23:13:35,-0.8928124999999909,82.90920639038086,12.863472903370857,976.92,3.39125
67.5,-137.5,2026-10-02 23:13:35,-2.4478124999999977,85.63420639038087,15.581472903370859,945.68,4.27625
67.5,-137.0,2026-10-02 23:13:35,-0.9515624999999659,83.85920639038086,10.253472903370858,963.36,3.30925
67.5,-136.5,2026-10-02 23:13:35,-5.220312499999977,97.60920639038086,8.597472903370857,898.45,4.192375
67.5,-136.0,2026-10-02 23:13:35,-1.674062499999991,91.20920639038087,3.575472903370857,947.08,3.992125
67.5,-135.5,2026-10-02 23:13:35,-1.7965624999999932,91.80920639038087,4.403472903370857,973.62,2.16675
67.5,-135.0,2026-10-02 23:13:35,-0.7678124999999909,95.23420639038086,8.903472903370858,1014.89,0.6085
67.5,-134.5,2026-10-02 23:13:35,-0.9978124999999523,93.40920639038086,15.545472903370857,1011.84,0.03625
67.5,-134.0,2026-10-02 23:13:35,-1.1490624999999568,94.50920639038087,17.54347290337086,1010.2,0.01525
67.5,-133.5,2026-10-02 23:13:35,-0.8190624999999727,95.40920639038086,17.00347290337086,1002.15,0.00575
67.5,-133.0,2026-10-02 23:13:35,-0.2465624999999818,94.25920639038087,12.881472903370858,1002.47,0.001875
67.5,-132.5,2026-10-02 23:13:35,-0.9765625,92.98420639038086,8.075472903370857,983.75,0.0
67.5,-132.0,2026-10-02 23:13:35,-0.6715624999999932,95.05920639038087,4.619472903370857,992.09,0.0
67.5,-131.5,2026-10-02 23:13:35,-0.02781249999998181,93.88420639038087,6.005472903370857,1006.25,0.0
67.5,-131.0,2026-10-02 23:13:35,0.12468750000005002,89.33420639038087,6.761472903370858,1000.42,0.0
67.5,-130.5,2026-10-02 23:13:35,-0.7303124999999682,83.05920639038087,7.067472903370858,984.01,0.0
67.5,-130.0,2026-10-02 23:13:35,-0.8278124999999932,75.73420639038086,5.213472903370858,981.86,0.001875
67.5,-129.5,2026-10-02 23:13:35,0.8009375000000318,75.63420639038087,4.241472903370858,991.76,0.0
67.5,-129.0,2026-10-02 23:13:35,0.6034375000000409,74.95920639038086,7.355472903370857,982.54,0.0
67.5,-128.5,2026-10-02 23:13:35,0.31218750000005,79.05920639038087,6.059472903370858,985.68,0.0
67.5,-128.0,2026-10-02 23:13:35,0.7384375000000318,75.10920639038086,7.247472903370857,990.09,0.0
67.5,-127.5,2026-10-02 23:13:35,-0.07281249999999773,81.28420639038086,8.291472903370858,984.15,0.0
67.5,-127.0,2026-10-02 23:13:35,-0.38656249999996817,82.35920639038086,7.877472903370857,981.14,0.0
67.5,-126.5,2026-10-02 23:13:35,-0.6978124999999977,85.30920639038087,8.669472903370858,982.83,0.0
67.5,-126.0,2026-10-02 23:13:35,-1.802812499999959,90.33420639038087,6.113472903370858,982.08,0.0
67.5,-125.5,2026-10-02 23:13:35,-0.9040624999999523,84.38420639038087,7.733472903370858,984.18,0.0
67.5,-125.0,2026-10-02 23:13:35,-1.6090624999999932,87.98420639038086,7.769472903370858,982.22,0.0
67.5,-124.5,2026-10-02 23:13:35,-0.754062499999975,78.53420639038086,4.025472903370858,980.23,0.0
67.5,-124.0,2026-10-02 23:13:35,-0.30156249999998863,74.15920639038086,5.6814729033708575,973.79,0.0
67.5,-123.5,2026-10-02 23:13:35,-1.575917968749991,80.2965805053711,6.664130213499069,974.61,0.0
67.5,-123.0,2026-10-02 23:13:35,-2.333417968749984,80.6465805053711,7.70813021349907,965.02,0.0
67.5,-122.5,2026-10-02 23:13:35,-2.989667968749984,80.6465805053711,6.23213021349907,969.3,0.0
67.5,-122.0,2026-10-02 23:13:35,-0.9659179687499773,75.77158050537109,3.856130213499069,967.38,0.0
67.5,-121.5,2026-10-02 23:13:35,-1.427167968749984,79.3965805053711,4.396130213499069,959.03,0.007625
67.5,-121.0,2026-10-02 23:13:35,-2.302167968749984,83.8715805053711,4.4681302134990695,958.19,0.001875
67.5,-120.5,2026-10-02 23:13:35,-1.968417968749975,90.5215805053711,5.566130213499069,962.94,0.0
67.5,-120.0,2026-10-02 23:13:35,-1.079667968749959,76.8465805053711,8.482130213499069,969.41,0.0
67.5,-119.5,2026-10-02 23:13:35,-1.6009179687499682,73.7965805053711,10.53413021349907,964.88,0.0
67.5,-119.0,2026-10-02 23:13:35,-1.8796679687499704,71.2215805053711,10.15613021349907,956.66,0.0
67.5,-118.5,2026-10-02 23:13:35,-2.5534179687499545,78.5465805053711,13.19813021349907,959.77,0.001875
67.5,-118.0,2026-10-02 23:13:35,-1.2371679687499864,69.4215805053711,10.19213021349907,965.61,0.0
67.5,-117.5,2026-10-02 23:13:35,-0.7434179687499523,69.7215805053711,10.01213021349907,980.27,0.055375
67.5,-117.0,2026-10-02 23:13:35,-0.7746679687499523,73.3715805053711,9.52613021349907,974.02,0.17925
67.5,-116.5,2026-10-02 23:13:35,-0.8796679687499704,75.8215805053711,10.48013021349907,974.42,0.17925
67.5,-116.0,2026-10-02 23:13:35,-0.6509179687499795,80.0465805053711,11.77613021349907,980.69,0.162125
67.5,-115.5,2026-10-02 23:13:35,-0.94091796875,83.9715805053711,8.86013021349907,985.08,0.07825
67.5,-115.0,2026-10-02 23:13:35,-1.59716796875,90.1715805053711,11.254130213499069,972.17,0.089625
67.5,-114.5,2026-10-02 23:13:35,-0.9859179687499591,86.5465805053711,12.71213021349907,973.35,0.137375
67.5,-114.0,2026-10-02 23:13:35,-0.9484179687499932,88.5715805053711,12.532130213499071,971.94,0.21175
67.5,-113.5,2026-10-02 23:13:35,-1.048417968749959,87.2715805053711,13.63013021349907,969.2,0.598875
67.5,-113.0,2026-10-02 23:13:35,-1.4284179687499545,87.2715805053711,14.18813021349907,964.22,0.8335
67.5,-112.5,2026-10-02 23:13:35,-1.0571679687499795,86.6965805053711,14.260130213499071,966.7,0.732375
67.5,-112.0,2026-10-02 23:13:35,0.7065820312500364,84.1215805053711,10.06613021349907,997.08,0.15825
67.5,-111.5,2026-10-02 23:13:35,0.09658203125002274,82.6715805053711,15.08813021349907,977.61,0.8545
67.5,-111.0,2026-10-02 23:13:35,-0.3259179687499909,89.0215805053711,15.68213021349907,974.47,1.243625
67.5,-110.5,2026-10-02 23:13:35,0.34908203125002046,83.0715805053711,16.29413021349907,978.55,0.841125
67.5,-110.0,2026-10-02 23:13:35,0.31533203125002274,78.5965805053711,14.58413021349907,977.28,1.37325
67.5,-109.5,2026-10-02 23:13:35,0.9015820312500296,77.8965805053711,15.86213021349907,988.91,0.08775000000000001
67.5,-109.0,2026-10-02 23:13:35,1.7490820312500546,78.3715805053711,17.95013021349907,1000.17,1.0891250000000001
67.5,-108.5,2026-10-02 23:13:35,2.3778320312500227,78.4215805053711,25.24013021349907,1005.14,2.391875
67.5,-108.0,2026-10-02 23:13:35,3.236582031250009,71.5715805053711,26.80613021349907,1010.8,2.25825
67.5,-107.5,2026-10-02 23:13:35,1.2628320312500136,83.9465805053711,19.30013021349907,999.22,3.265375
67.5,-107.0,2026-10-02 23:13:35,0.35033203125004775,91.4215805053711,14.76413021349907,987.92,2.407125
67.5,-106.5,2026-10-02 23:13:35,0.9328320312500296,88.5965805053711,13.82813021349907,990.2,1.731875
67.5,-106.0,2026-10-02 23:13:35,0.4778320312500455,90.8965805053711,14.440130213499069,991.94,0.3185
67.5,-105.5,2026-10-02 23:13:35,0.5965820312500227,84.8465805053711,17.96813021349907,993.67,0.558875
67.5,-105.0,2026-10-02 23:13:35,0.5553320312500318,86.8965805053711,17.590130213499073,995.49,0.7515000000000001
67.5,-104.5,2026-10-02 23:13:35,0.13033203125002046,86.2215805053711,18.00413021349907,996.81,1.936
67.5,-104.0,2026-10-02 23:13:35,-0.37841796875,87.3965805053711,20.39813021349907,993.66,0.07825
67.5,-103.5,2026-10-02 23:13:35,-0.0009179687499454303,84.4465805053711,20.308130213499073,997.89,0.07062500000000001
67.5,-103.0,2026-10-02 23:13:35,-0.12466796874997499,83.9215805053711,20.722130213499067,999.91,0.124
67.5,-102.5,2026-10-02 23:13:35,-0.17341796874995907,80.5465805053711,20.90213021349907,999.95,0.034375
67.5,-102.0,2026-10-02 23:13:35,0.27408203125003183,77.6965805053711,21.42413021349907,1004.66,0.10300000000000001
67.5,-101.5,2026-10-02 23:13:35,-0.10396484374996362,81.26265563964844,20.813346040070055,1003.24,0.11825000000000001
67.5,-101.0,2026-10-02 23:13:35,-0.1777148437499818,82.06265563964844,21.677346040070056,999.94,0.10675
67.5,-100.5,2026-10-02 23:13:35,-0.03771484374999545,80.13765563964844,25.02534604007006,1000.27,0.059125000000000004
67.5,-100.0,2026-10-02 23:13:35,-0.0902148437499477,84.21265563964845,23.117346040070057,998.43,0.022875
67.5,-99.5,2026-10-02 23:13:35,0.6735351562500114,84.46265563964845,20.38134604007006,998.3,0.192625
67.5,-99.0,2026-10-02 23:13:35,0.7172851562500568,85.23765563964844,20.813346040070055,999.01,0.249875
67.5,-98.5,2026-10-02 23:13:35,0.9672851562500568,85.28765563964845,21.353346040070058,998.65,0.14875
67.5,-98.0,2026-10-02 23:13:35,0.56853515625005,86.13765563964844,19.301346040070058,998.01,0.1945
67.5,-97.5,2026-10-02 23:13:35,0.2947851562500432,85.63765563964844,18.905346040070057,996.86,0.064875
67.5,-97.0,2026-10-02 23:13:35,0.4097851562500523,84.16265563964845,19.625346040070056,999.3,0.038125
67.5,-96.5,2026-10-02 23:13:35,0.05228515625003638,83.28765563964845,19.157346040070056,1001.46,0.0
67.5,-96.0,2026-10-02 23:13:35,0.20478515625001137,81.28765563964845,27.00534604007006,1001.65,0.007625
67.5,-95.5,2026-10-02 23:13:35,0.36853515625000455,83.18765563964844,28.733346040070057,1001.27,0.049625
67.5,-95.0,2026-10-02 23:13:35,-0.9202148437499886,88.38765563964844,26.069346040070055,980.51,0.26125
67.5,-94.5,2026-10-02 23:13:35,-0.7989648437499568,85.23765563964844,20.237346040070058,981.79,0.310875
67.5,-94.0,2026-10-02 23:13:35,-0.5739648437499909,85.11265563964844,22.30734604007006,986.24,0.43675
67.5,-93.5,2026-10-02 23:13:35,-1.060214843749975,87.71265563964845,21.87534604007006,975.88,0.42725
67.5,-93.0,2026-10-02 23:13:35,-1.538964843749966,88.93765563964844,23.85534604007006,965.41,1.42675
67.5,-92.5,2026-10-02 23:13:35,-2.206464843749984,91.98765563964844,24.43134604007006,953.46,3.45425
67.5,-92.0,2026-10-02 23:13:35,-2.4339648437499477,90.96265563964845,23.819346040070055,956.57,4.14275
67.5,-91.5,2026-10-02 23:13:35,-2.233964843749959,89.11265563964844,17.39334604007006,965.08,4.125625
67.5,-91.0,2026-10-02 23:13:35,-3.2852148437499977,89.33765563964845,20.813346040070055,953.85,4.7245
67.5,-90.5,2026-10-02 23:13:35,-3.667714843749991,89.61265563964844,22.865346040070058,953.57,4.8332500000000005
67.5,-90.0,2026-10-02 23:13:35,-2.653964843749975,83.36265563964844,17.825346040070055,972.32,3.259625
67.5,-89.5,2026-10-02 23:13:35,-3.6802148437499795,86.08765563964845,21.20934604007006,960.32,2.405125
67.5,-89.0,2026-10-02 23:13:35,-4.972714843749998,93.21265563964845,24.48534604007006,951.16,1.541125
67.5,-88.5,2026-10-02 23:13:35,-4.663964843749966,93.16265563964845,26.357346040070055,950.47,1.668875
67.5,-88.0,2026-10-02 23:13:35,-3.143964843749984,89.83765563964845,19.87734604007006,975.54,9.5215
67.5,-87.5,2026-10-02 23:13:35,-1.4202148437499886,84.78765563964845,29.867346040070057,995.3,8.197750000000001
67.5,-86.5,2026-10-02 23:13:35,-0.7964648437499591,80.63765563964844,30.047346040070057,994.26,3.9845
67.5,-86.0,2026-10-02 23:13:35,-3.2327148437499886,89.03765563964845,22.955346040070058,966.76,0.89075
67.5,-85.5,2026-10-02 23:13:35,-4.62646484375,93.28765563964845,25.81734604007006,947.01,1.789125
67.5,-85.0,2026-10-02 23:13:35,-4.21271484374995,91.61265563964844,24.88134604007006,946.32,0.95175
67.5,-84.5,2026-10-02 23:13:35,-3.9614648437499795,93.91265563964845,23.927346040070056,950.01,0.63325
67.5,-84.0,2026-10-02 23:13:35,-3.042714843749991,92.08765563964845,20.63334604007006,958.13,0.33375
67.5,-83.5,2026-10-02 23:13:35,-3.247714843749975,96.11265563964844,18.257346040070058,957.88,0.38725
67.5,-83.0,2026-10-02 23:13:35,-4.103964843749964,89.96265563964845,16.619346040070056,956.38,0.34900000000000003
67.5,-82.5,2026-10-02 23:13:35,-4.015214843749959,86.83765563964845,13.397346040070058,964.11,0.1145
67.5,-82.0,2026-10-02 23:13:35,-4.677714843749982,88.81265563964844,17.44734604007006,958.77,0.137375
67.5,-81.5,2026-10-02 23:13:35,-2.601464843749966,80.71265563964845,19.445346040070056,979.76,0.228875
67.5,-77.0,2026-10-02 23:13:35,1.1860351562500568,81.28765563964845,24.539346040070058,988.44,0.0
67.5,-76.5,2026-10-02 23:13:35,1.2010351562500432,84.33765563964845,24.809346040070057,988.07,0.001875
67.5,-76.0,2026-10-02 23:13:35,1.6210351562500023,91.13765563964844,26.141346040070058,987.61,0.001875
67.5,-75.5,2026-10-02 23:13:35,2.759785156250018,92.81265563964844,21.245346040070057,987.13,0.003875
67.5,-75.0,2026-10-02 23:13:35,2.81853515625005,91.28765563964845,19.53534604007006,986.76,0.0
67.5,-72.5,2026-10-02 23:13:35,3.0660351562500523,74.86265563964844,16.295346040070058,979.3,0.0305
67.5,-72.0,2026-10-02 23:13:35,2.606035156250016,78.08765563964845,16.439346040070056,968.15,0.013375
67.5,-71.5,2026-10-02 23:13:35,2.5485351562500114,80.26265563964844,14.639346040070057,965.91,0.007625
67.5,-71.0,2026-10-02 23:13:35,2.34978515625005,82.78765563964845,17.141346040070058,970.22,0.01525
67.5,-70.5,2026-10-02 23:13:35,3.637285156250016,77.93765563964844,25.007346040070058,971.11,0.099125
67.5,-70.0,2026-10-02 23:13:35,3.3197851562500205,80.13765563964844,21.87534604007006,971.49,0.2575
67.5,-69.5,2026-10-02 23:13:35,1.8710351562500023,84.83765563964845,12.623346040070059,963.44,2.4090000000000003
67.5,-69.0,2026-10-02 23:13:35,1.0172851562500114,86.01265563964844,11.777346040070057,954.94,2.77525
67.5,-68.5,2026-10-02 23:13:35,1.2947851562500432,84.13765563964844,12.965346040070058,950.85,2.5997500000000002
67.5,-68.0,2026-10-02 23:13:35,0.6247851562500273,85.86265563964844,15.107346040070057,934.04,2.48525
67.5,-67.5,2026-10-02 23:13:35,0.08728515625000455,86.33765563964845,16.097346040070057,925.16,3.1910000000000003
67.5,-67.0,2026-10-02 23:13:35,-0.21146484374997954,86.71265563964845,17.10534604007006,919.18,3.24625
67.5,-66.5,2026-10-02 23:13:35,-0.4214648437499591,86.11265563964844,17.069346040070055,916.69,3.8605
67.5,-66.0,2026-10-02 23:13:35,-1.1464648437499818,88.88765563964844,15.863346040070056,911.58,3.24825
67.5,-65.5,2026-10-02 23:13:35,-1.538964843749966,87.16265563964845,17.663346040070056,905.77,1.051
67.5,-65.0,2026-10-02 23:13:35,-0.13146484374999545,83.71265563964845,12.677346040070057,932.18,0.898375
67.5,-64.5,2026-10-02 23:13:35,-1.65771484375,91.53765563964845,22.541346040070056,917.47,1.6307500000000001
67.5,-64.0,2026-10-02 23:13:35,0.8372851562500045,86.38765563964844,14.567346040070058,959.58,1.4305
68.0,-141.0,2026-10-02 23:13:35,-3.275312499999984,93.78420639038086,4.9074729033708575,967.76,8.983625
68.0,-140.5,2026-10-02 23:13:35,-2.761562499999968,83.53420639038086,8.255472903370856,978.62,6.574625
68.0,-140.0,2026-10-02 23:13:35,-2.6003124999999727,77.78420639038086,9.353472903370857,979.79,5.935625
68.0,-139.5,2026-10-02 23:13:35,-2.792812499999968,78.08420639038087,9.677472903370857,980.31,5.374875
68.0,-139.0,2026-10-02 23:13:35,-2.6665624999999977,75.68420639038087,9.479472903370858,979.78,5.21275
68.0,-138.5,2026-10-02 23:13:35,-3.920312499999966,79.30920639038087,9.407472903370858,964.47,3.7803750000000003
68.0,-138.0,2026-10-02 23:13:35,-4.855312499999968,81.70920639038087,8.291472903370858,939.33,3.538125
68.0,-137.5,2026-10-02 23:13:35,-4.792812499999968,92.33420639038087,2.0994729033708572,914.03,2.7676250000000002
68.0,-137.0,2026-10-02 23:13:35,-4.521562499999959,78.50920639038087,5.501472903370857,928.62,2.52725
68.0,-136.5,2026-10-02 23:13:35,-7.107812499999966,89.03420639038086,6.671472903370858,882.08,3.2062500000000003
68.0,-136.0,2026-10-02 23:13:35,-4.600312499999973,78.30920639038087,6.779472903370858,908.4,1.68425
68.0,-135.5,2026-10-02 23:13:35,-3.5078125,80.43420639038087,15.581472903370859,951.61,1.8025
68.0,-135.0,2026-10-02 23:13:35,-0.9590624999999591,80.23420639038086,25.301472903370858,1015.14,0.001875
68.0,-134.5,2026-10-02 23:13:35,-1.3553124999999682,89.93420639038087,29.765472903370856,1014.4,0.0
68.0,-134.0,2026-10-02 23:13:35,-1.201562499999966,91.90920639038086,22.439472903370856,1014.06,0.0
68.0,-133.5,2026-10-02 23:13:35,-1.0078125,95.78420639038086,14.861472903370858,1006.98,0.0
68.0,-133.0,2026-10-02 23:13:35,-1.267812499999991,92.30920639038087,11.099472903370858,989.04,0.0
68.0,-132.5,2026-10-02 23:13:35,-1.5603124999999523,92.40920639038086,3.9714729033708576,984.95,0.0
68.0,-132.0,2026-10-02 23:13:35,-1.5515624999999886,86.93420639038087,2.2074729033708573,986.09,0.0
68.0,-131.5,2026-10-02 23:13:35,0.3684375000000273,80.33420639038087,3.1974729033708575,987.95,0.0
68.0,-131.0,2026-10-02 23:13:35,-1.0278124999999818,80.68420639038087,6.257472903370858,973.36,0.0
68.0,-130.5,2026-10-02 23:13:35,-1.994062499999984,84.35920639038086,7.445472903370858,981.06,0.0
68.0,-130.0,2026-10-02 23:13:35,-2.222812499999975,80.30920639038087,7.967472903370858,988.89,0.0
68.0,-129.5,2026-10-02 23:13:35,-1.4703124999999773,76.15920639038086,6.9234729033708575,995.5,0.0
68.0,-129.0,2026-10-02 23:13:35,-0.96906249999995,70.93420639038087,6.869472903370857,998.0,0.0
68.0,-128.5,2026-10-02 23:13:35,-1.4340624999999818,75.25920639038087,6.095472903370857,989.39,0.0
68.0,-128.0,2026-10-02 23:13:35,-0.8865624999999682,74.25920639038087,7.265472903370857,990.34,0.0
68.0,-127.5,2026-10-02 23:13:35,-0.7915624999999977,72.43420639038087,5.717472903370857,987.62,0.0
68.0,-127.0,2026-10-02 23:13:35,-2.1640625,77.20920639038087,6.545472903370857,977.08,0.0
68.0,-126.5,2026-10-02 23:13:35,-2.244062499999984,79.08420639038087,5.825472903370858,986.09,0.0
68.0,-126.0,2026-10-02 23:13:35,-2.6003124999999727,80.03420639038086,5.879472903370858,989.86,0.0
68.0,-125.5,2026-10-02 23:13:35,-1.119062499999984,72.18420639038087,6.023472903370857,983.59,0.0
68.0,-125.0,2026-10-02 23:13:35,-1.1578124999999773,77.10920639038086,4.961472903370858,982.0,0.0
68.0,-124.5,2026-10-02 23:13:35,-0.7328124999999659,70.55920639038087,6.959472903370857,976.58,0.0
68.0,-124.0,2026-10-02 23:13:35,-1.4653124999999818,73.03420639038086,8.543472903370857,967.25,0.0
68.0,-123.5,2026-10-02 23:13:35,-3.073417968749993,77.5965805053711,7.38413021349907,963.19,0.0
68.0,-123.0,2026-10-02 23:13:35,-3.1259179687499454,79.2965805053711,7.70813021349907,960.02,0.0
68.0,-122.5,2026-10-02 23:13:35,-3.333417968749984,78.5965805053711,6.4841302134990695,960.22,0.0
68.0,-122.0,2026-10-02 23:13:35,-3.5884179687499795,79.9965805053711,6.75413021349907,956.19,0.019125
68.0,-121.5,2026-10-02 23:13:35,-2.5534179687499545,74.89658050537109,4.810130213499069,956.28,0.017125
68.0,-121.0,2026-10-02 23:13:35,-2.5846679687499545,73.9215805053711,3.334130213499069,956.92,0.04
68.0,-120.5,2026-10-02 23:13:35,-3.0771679687499613,73.7965805053711,4.0001302134990695,946.49,0.01525
68.0,-120.0,2026-10-02 23:13:35,-4.282167968749945,80.7715805053711,5.638130213499069,932.7,0.013375
68.0,-119.5,2026-10-02 23:13:35,-3.263417968749991,75.9715805053711,7.61813021349907,944.16,0.02675
68.0,-119.0,2026-10-02 23:13:35,-1.3659179687499545,68.8715805053711,5.7101302134990695,974.77,0.061
68.0,-118.5,2026-10-02 23:13:35,-0.6771679687499841,70.8465805053711,5.67413021349907,989.49,0.053375
68.0,-118.0,2026-10-02 23:13:35,-0.31966796874996817,69.27158050537109,6.340130213499069,992.17,0.10300000000000001
68.0,-117.5,2026-10-02 23:13:35,0.5715820312500455,73.14658050537109,8.14013021349907,1001.24,0.085875
68.0,-117.0,2026-10-02 23:13:35,0.5540820312500045,75.4465805053711,9.20213021349907,998.83,0.07625
68.0,-116.5,2026-10-02 23:13:35,0.022832031250004547,76.5465805053711,11.38013021349907,991.2,0.0935
68.0,-116.0,2026-10-02 23:13:35,-0.5696679687499682,77.1715805053711,12.73013021349907,979.08,0.137375
68.0,-115.5,2026-10-02 23:13:35,-0.08466796874995453,79.7965805053711,13.91813021349907,988.53,0.1125
68.0,-115.0,2026-10-02 23:13:35,1.3740820312500546,79.2215805053711,17.51813021349907,1013.75,0.05725
68.0,-113.5,2026-10-02 23:13:35,2.049082031250009,80.7215805053711,19.87613021349907,1012.7,0.131625
68.0,-113.0,2026-10-02 23:13:35,2.430332031250032,75.7965805053711,19.49813021349907,1012.72,0.1145
68.0,-111.0,2026-10-02 23:13:35,2.3915820312500387,77.9215805053711,20.34413021349907,1011.85,0.4825
68.0,-110.5,2026-10-02 23:13:35,2.4190820312500136,76.4465805053711,20.86613021349907,1011.66,0.635125
68.0,-110.0,2026-10-02 23:13:35,2.3778320312500227,73.6215805053711,23.04413021349907,1010.08,0.253625
68.0,-109.5,2026-10-02 23:13:35,2.4815820312500136,74.4215805053711,23.260130213499068,1011.16,0.46925
68.0,-109.0,2026-10-02 23:13:35,2.180332031250032,78.1715805053711,22.972130213499067,1010.36,1.543
68.0,-108.0,2026-10-02 23:13:35,1.9290820312500045,85.8215805053711,17.33813021349907,1010.52,0.70375
68.0,-107.5,2026-10-02 23:13:35,0.6378320312500136,86.0715805053711,18.25613021349907,993.53,0.2175
68.0,-107.0,2026-10-02 23:13:35,0.7253320312500477,83.4965805053711,22.48613021349907,995.0,0.173625
68.0,-106.5,2026-10-02 23:13:35,0.41283203125004775,83.6465805053711,16.00613021349907,1002.81,0.089625
68.0,-106.0,2026-10-02 23:13:35,0.11783203125003183,83.5965805053711,17.37413021349907,1000.64,0.186875
68.0,-105.5,2026-10-02 23:13:35,-0.05591796874995225,84.8715805053711,16.906130213499072,1002.17,1.81575
68.0,-105.0,2026-10-02 23:13:35,-0.405917968749975,85.3965805053711,17.42813021349907,1000.89,0.10675
68.0,-104.5,2026-10-02 23:13:35,0.12033203125002956,82.2715805053711,17.51813021349907,1007.66,0.07825
68.0,-104.0,2026-10-02 23:13:35,0.06908203125004775,84.5965805053711,21.24413021349907,1007.33,0.1545
68.0,-103.5,2026-10-02 23:13:35,-0.09716796875,78.4965805053711,20.23613021349907,1006.35,0.051500000000000004
68.0,-103.0,2026-10-02 23:13:35,-0.018417968749986358,82.9215805053711,28.48013021349907,1008.24,0.003875
68.0,-99.0,2026-10-02 23:13:35,1.617285156250034,76.66265563964843,34.979346040070055,1003.19,0.001875
68.0,-98.5,2026-10-02 23:13:35,1.359785156250041,78.26265563964844,27.059346040070057,1000.4,0.00575
68.0,-98.0,2026-10-02 23:13:35,1.273535156250034,78.11265563964844,24.971346040070056,1001.13,0.019125
68.0,-97.5,2026-10-02 23:13:35,0.9647851562500023,79.91265563964845,23.38734604007006,998.6,0.0
68.0,-97.0,2026-10-02 23:13:35,0.8085351562500023,78.51265563964844,23.56734604007006,997.15,0.0
68.0,-96.5,2026-10-02 23:13:35,0.5522851562500364,77.91265563964845,23.189346040070056,1000.07,0.0095
68.0,-96.0,2026-10-02 23:13:35,0.6635351562500205,77.46265563964845,29.237346040070058,1000.9,0.0
68.0,-95.5,2026-10-02 23:13:35,0.5297851562500568,77.31265563964844,30.821346040070058,1000.57,0.0
68.0,-95.0,2026-10-02 23:13:35,0.5897851562500023,81.08765563964845,21.335346040070057,997.49,0.0
68.0,-94.5,2026-10-02 23:13:35,0.4922851562500341,81.91265563964845,21.58734604007006,994.27,0.02475
68.0,-94.0,2026-10-02 23:13:35,0.44478515625002046,84.01265563964844,21.641346040070058,990.11,0.301375
68.0,-93.5,2026-10-02 23:13:35,0.5247851562500045,86.18765563964844,21.569346040070055,984.01,0.988
68.0,-93.0,2026-10-02 23:13:35,1.301035156250009,79.98765563964844,21.677346040070056,987.07,0.822125
68.0,-92.5,2026-10-02 23:13:35,-0.2302148437499909,84.68765563964844,23.351346040070055,974.8,1.5658750000000001
68.0,-92.0,2026-10-02 23:13:35,-1.2327148437499886,87.33765563964845,27.49134604007006,970.08,2.346
68.0,-91.5,2026-10-02 23:13:35,-1.2014648437499886,85.28765563964845,21.623346040070057,976.26,1.537375
68.0,-91.0,2026-10-02 23:13:35,-0.9839648437499591,82.11265563964844,19.679346040070058,980.1,1.28175
68.0,-90.5,2026-10-02 23:13:35,-1.601464843749966,85.21265563964845,22.577346040070058,974.24,3.1833750000000003
68.0,-90.0,2026-10-02 23:13:35,-1.21271484374995,84.48765563964844,18.347346040070057,983.4,3.5095
68.0,-89.5,2026-10-02 23:13:35,-1.6252148437499727,83.48765563964844,18.77934604007006,983.46,2.552
68.0,-89.0,2026-10-02 23:13:35,-2.216464843749975,83.56265563964844,23.15334604007006,979.19,2.901125
68.0,-88.5,2026-10-02 23:13:35,-1.3477148437499977,82.21265563964845,24.28734604007006,992.1,3.326375
68.0,-87.0,2026-10-02 23:13:35,-0.7064648437499841,80.58765563964845,31.721346040070056,994.35,3.40275
68.0,-86.5,2026-10-02 23:13:35,-1.2089648437499818,83.06265563964844,22.253346040070056,989.07,3.004125
68.0,-86.0,2026-10-02 23:13:35,-0.7814648437499727,84.06265563964844,21.155346040070057,990.82,0.5035000000000001
68.0,-85.5,2026-10-02 23:13:35,-3.3089648437499477,89.08765563964845,22.901346040070056,956.51,0.391
68.0,-85.0,2026-10-02 23:13:35,-4.30646484374995,90.91265563964845,29.39934604007006,946.16,0.40625
68.0,-84.5,2026-10-02 23:13:35,-3.5589648437499477,90.23765563964844,22.919346040070057,957.26,0.13925
68.0,-84.0,2026-10-02 23:13:35,-3.605214843749991,90.96265563964845,26.33934604007006,954.9,0.0305
68.0,-83.5,2026-10-02 23:13:35,-4.416464843749964,94.13765563964844,19.283346040070057,945.35,0.0115
68.0,-83.0,2026-10-02 23:13:35,-4.49396484374995,90.86265563964844,16.547346040070057,953.27,0.0115
68.0,-82.5,2026-10-02 23:13:35,-4.343964843749973,89.58765563964845,14.927346040070057,955.46,0.042
68.0,-82.0,2026-10-02 23:13:35,-3.06396484375,82.48765563964844,14.333346040070056,974.46,0.253625
68.0,-77.0,2026-10-02 23:13:35,1.1735351562500114,81.18765563964844,23.819346040070055,988.51,0.0
68.0,-76.5,2026-10-02 23:13:35,1.2085351562500364,82.73765563964844,24.95334604007006,988.15,0.0
68.0,-76.0,2026-10-02 23:13:35,1.4647851562500023,90.41265563964845,25.727346040070056,987.71,0.003875
68.0,-75.5,2026-10-02 23:13:35,2.547285156250041,93.16265563964845,23.53134604007006,987.21,0.001875
68.0,-75.0,2026-10-02 23:13:35,2.9097851562500523,90.61265563964844,19.06734604007006,986.85,0.0
68.0,-74.5,2026-10-02 23:13:35,2.72478515625005,91.26265563964844,21.49734604007006,986.51,0.0
68.0,-74.0,2026-10-02 23:13:35,3.3060351562500045,78.96265563964845,20.237346040070058,986.04,0.0
68.0,-73.5,2026-10-02 23:13:35,4.242285156250034,71.08765563964845,17.483346040070057,985.47,0.0
68.0,-73.0,2026-10-02 23:13:35,3.6522851562500023,72.71265563964845,16.70934604007006,984.35,0.0095
68.0,-72.5,2026-10-02 23:13:35,3.2085351562500364,73.33765563964845,15.863346040070056,980.69,0.02475
68.0,-72.0,2026-10-02 23:13:35,3.016035156250041,75.68765563964844,16.115346040070058,974.19,0.02675
68.0,-71.5,2026-10-02 23:13:35,2.388535156250043,80.06265563964844,15.233346040070057,965.69,0.00575
68.0,-71.0,2026-10-02 23:13:35,2.34978515625005,84.88765563964844,14.729346040070059,964.19,0.0115
68.0,-70.5,2026-10-02 23:13:35,3.638535156250043,78.36265563964844,24.341346040070057,971.13,0.064875
68.0,-70.0,2026-10-02 23:13:35,3.512285156250016,78.38765563964844,24.161346040070057,971.29,0.186875
68.0,-69.5,2026-10-02 23:13:35,2.3197851562500205,84.33765563964845,12.875346040070058,969.49,1.331375
68.0,-69.0,2026-10-02 23:13:35,1.273535156250034,85.76265563964844,12.389346040070057,955.66,2.90675
68.0,-68.5,2026-10-02 23:13:35,1.211035156250034,84.76265563964844,12.569346040070057,952.63,2.359375
68.0,-68.0,2026-10-02 23:13:35,0.5560351562500045,86.13765563964844,14.531346040070057,937.85,2.74275
68.0,-67.5,2026-10-02 23:13:35,-0.058964843749947704,87.06265563964844,16.24134604007006,924.07,2.6397500000000003
68.0,-67.0,2026-10-02 23:13:35,-0.27521484374995,86.58765563964845,17.33934604007006,917.82,3.301625
68.0,-66.5,2026-10-02 23:13:35,-0.35771484374998863,86.68765563964844,16.961346040070058,917.4,3.250125
68.0,-66.0,2026-10-02 23:13:35,-0.7927148437499909,86.73765563964844,17.33934604007006,913.68,5.0755
68.0,-65.5,2026-10-02 23:13:35,-1.7114648437499795,90.18765563964844,15.683346040070058,905.83,1.340875
68.0,-65.0,2026-10-02 23:13:35,-1.632714843749966,87.56265563964844,18.401346040070056,907.77,1.459125
68.0,-64.5,2026-10-02 23:13:35,-0.9902148437499818,88.18765563964844,19.769346040070058,920.99,1.91875
68.5,-141.0,2026-10-02 23:13:35,-4.949062499999968,89.05920639038087,8.903472903370858,947.03,5.426375
68.5,-140.5,2026-10-02 23:13:35,-4.984062499999993,86.20920639038087,6.113472903370858,941.37,6.244625
68.5,-140.0,2026-10-02 23:13:35,-4.494062499999984,84.68420639038087,5.4474729033708575,959.08,10.498
68.5,-139.5,2026-10-02 23:13:35,-5.951562499999966,85.03420639038086,9.011472903370858,937.34,7.7305
68.5,-139.0,2026-10-02 23:13:35,-6.40656249999995,87.98420639038086,10.073472903370858,937.73,8.30075
68.5,-138.5,2026-10-02 23:13:35,-7.216562499999952,88.70920639038087,12.215472903370857,929.36,4.4117500000000005
68.5,-138.0,2026-10-02 23:13:35,-5.340312499999982,84.15920639038086,10.109472903370857,963.62,6.622375
68.5,-137.5,2026-10-02 23:13:35,-6.975312499999973,92.28420639038086,10.289472903370859,948.84,3.044125
68.5,-137.0,2026-10-02 23:13:35,-5.6015625,83.18420639038087,10.343472903370857,963.26,1.129125
68.5,-136.5,2026-10-02 23:13:35,-4.386562499999968,84.60920639038086,15.635472903370857,981.26,0.5245
68.5,-136.0,2026-10-02 23:13:35,-4.549062499999991,88.45920639038087,20.11747290337086,979.73,0.122125
68.5,-135.5,2026-10-02 23:13:35,-1.931562499999984,83.55920639038087,24.86947290337086,1015.17,0.00575
68.5,-135.0,2026-10-02 23:13:35,-1.3728124999999523,89.73420639038086,26.885472903370857,1014.14,0.001875
68.5,-134.5,2026-10-02 23:13:35,-0.18531249999995225,95.98420639038086,24.25747290337086,1013.64,0.0
68.5,-134.0,2026-10-02 23:13:35,0.1071875000000091,93.43420639038087,12.395472903370859,1013.43,0.0
68.5,-133.5,2026-10-02 23:13:35,-0.9965624999999818,93.30920639038087,6.527472903370858,1002.87,0.0
68.5,-133.0,2026-10-02 23:13:35,-0.4965624999999818,84.75920639038087,3.7194729033708573,1001.48,0.0
68.5,-132.5,2026-10-02 23:13:35,-0.5590624999999818,81.95920639038087,4.007472903370858,1002.61,0.0
68.5,-132.0,2026-10-02 23:13:35,-0.6040624999999977,83.53420639038086,1.3434729033708575,994.59,0.0
68.5,-131.5,2026-10-02 23:13:35,-1.660312499999975,80.95920639038087,4.061472903370857,983.58,0.0
68.5,-131.0,2026-10-02 23:13:35,-1.920312499999966,80.23420639038086,6.959472903370857,992.33,0.0
68.5,-130.5,2026-10-02 23:13:35,-2.1578124999999773,76.00920639038087,9.731472903370857,995.7,0.0
68.5,-130.0,2026-10-02 23:13:35,-2.327812499999993,79.60920639038086,10.919472903370858,991.15,0.0
68.5,-129.5,2026-10-02 23:13:35,-2.0378124999999727,77.65920639038086,10.217472903370858,993.79,0.0
68.5,-129.0,2026-10-02 23:13:35,-2.399062499999957,75.83420639038086,8.921472903370857,990.73,0.0
68.5,-128.5,2026-10-02 23:13:35,-1.5428124999999682,79.05920639038087,7.355472903370857,996.81,0.0
68.5,-128.0,2026-10-02 23:13:35,-2.847812499999975,84.68420639038087,10.541472903370858,988.29,0.0
68.5,-127.5,2026-10-02 23:13:35,-2.7290624999999977,80.60920639038086,8.381472903370858,995.9,0.001875
68.5,-127.0,2026-10-02 23:13:35,-2.767812499999991,80.10920639038086,8.237472903370858,995.12,0.0
68.5,-126.5,2026-10-02 23:13:35,-1.7428124999999568,74.25920639038087,6.725472903370857,997.23,0.0
68.5,-126.0,2026-10-02 23:13:35,-1.5515624999999886,74.48420639038086,7.355472903370857,993.76,0.0
68.5,-125.5,2026-10-02 23:13:35,-1.6228124999999523,74.08420639038086,7.9314729033708575,985.73,0.0
68.5,-125.0,2026-10-02 23:13:35,-1.7078124999999886,71.18420639038087,7.9314729033708575,980.09,0.0
68.5,-124.5,2026-10-02 23:13:35,-1.847812499999975,71.85920639038086,7.589472903370858,978.42,0.0
68.5,-124.0,2026-10-02 23:13:35,-2.367812499999957,79.53420639038086,6.1494729033708575,969.75,0.0
68.5,-123.5,2026-10-02 23:13:35,-3.7646679687499613,82.9465805053711,8.44613021349907,956.25,0.0
68.5,-123.0,2026-10-02 23:13:35,-5.135917968749993,88.0215805053711,7.85213021349907,946.78,0.003875
68.5,-122.5,2026-10-02 23:13:35,-4.987167968749986,91.1715805053711,2.686130213499069,960.33,0.0305
68.5,-122.0,2026-10-02 23:13:35,-4.590917968749977,85.7215805053711,4.342130213499069,948.27,0.032375
68.5,-121.5,2026-10-02 23:13:35,-5.577167968749961,87.6965805053711,5.29613021349907,932.22,0.145
68.5,-121.0,2026-10-02 23:13:35,-4.44091796875,83.1465805053711,4.2341302134990695,950.8,0.042
68.5,-120.5,2026-10-02 23:13:35,-5.105917968749964,85.0715805053711,5.15213021349907,936.2,0.032375
68.5,-120.0,2026-10-02 23:13:35,-4.364667968749984,79.0465805053711,7.52813021349907,939.31,0.01525
68.5,-119.5,2026-10-02 23:13:35,-3.5884179687499795,78.0965805053711,11.632130213499071,943.75,0.141125
68.5,-119.0,2026-10-02 23:13:35,-2.2196679687499454,74.1965805053711,9.616130213499071,960.92,0.04
68.5,-118.5,2026-10-02 23:13:35,-1.6396679687499613,80.9465805053711,8.19413021349907,974.66,0.059125000000000004
68.5,-118.0,2026-10-02 23:13:35,-0.9896679687499841,73.3465805053711,11.77613021349907,982.99,0.059125000000000004
68.5,-117.5,2026-10-02 23:13:35,-0.9771679687499955,72.2965805053711,13.77413021349907,984.39,0.0915
68.5,-117.0,2026-10-02 23:13:35,-0.8921679687499591,78.3965805053711,16.49213021349907,986.44,0.1545
68.5,-116.5,2026-10-02 23:13:35,-0.40341796874997726,75.8465805053711,14.18813021349907,989.91,0.09725
68.5,-116.0,2026-10-02 23:13:35,0.3265820312500409,80.3215805053711,13.14413021349907,998.94,0.7305
68.5,-115.5,2026-10-02 23:13:35,0.5340820312500227,80.2215805053711,13.90013021349907,1001.99,1.1635
68.5,-115.0,2026-10-02 23:13:35,1.0065820312500477,79.4465805053711,13.52213021349907,1001.64,0.20025
68.5,-114.5,2026-10-02 23:13:35,0.40533203125005457,89.5215805053711,12.49613021349907,1005.35,0.20600000000000002
68.5,-114.0,2026-10-02 23:13:35,1.291582031250016,82.1965805053711,19.62413021349907,1012.94,0.152625
68.5,-113.5,2026-10-02 23:13:35,1.1653320312500455,78.9465805053711,19.85813021349907,1012.77,0.3815
68.5,-113.0,2026-10-02 23:13:35,1.0690820312500477,80.2465805053711,15.30413021349907,1012.2,0.5397500000000001
68.5,-112.5,2026-10-02 23:13:35,0.9865820312500091,81.6465805053711,15.57413021349907,1010.94,0.089625
68.5,-112.0,2026-10-02 23:13:35,1.3153320312500227,81.7965805053711,15.196130213499071,1012.0,0.343375
68.5,-111.5,2026-10-02 23:13:35,1.4928320312500318,81.9715805053711,14.638130213499071,1011.78,0.032375
68.5,-111.0,2026-10-02 23:13:35,1.0403320312500455,84.0715805053711,14.710130213499069,1006.47,0.0
68.5,-110.5,2026-10-02 23:13:35,1.1340820312500455,82.3715805053711,15.772130213499068,1011.41,0.0
68.5,-108.5,2026-10-02 23:13:35,0.6590820312500227,81.0715805053711,17.96813021349907,1010.67,0.001875
68.5,-108.0,2026-10-02 23:13:35,-0.4809179687499636,82.2715805053711,16.24013021349907,1000.63,0.09725
68.5,-107.5,2026-10-02 23:13:35,-0.5359179687499704,81.7465805053711,15.57413021349907,1004.33,0.145
68.5,-107.0,2026-10-02 23:13:35,-0.8684179687499523,83.0465805053711,14.998130213499069,1003.72,0.146875
68.5,-106.5,2026-10-02 23:13:35,-0.5496679687499864,81.5965805053711,17.86013021349907,1009.42,0.082
68.5,-106.0,2026-10-02 23:13:35,-0.8721679687499773,87.5965805053711,19.30013021349907,1009.77,0.0305
68.5,-105.5,2026-10-02 23:13:35,-1.423417968749959,88.1965805053711,17.10413021349907,1003.92,0.047625
68.5,-105.0,2026-10-02 23:13:35,-1.0046679687499704,83.1715805053711,21.49613021349907,1007.86,0.051500000000000004
68.5,-104.5,2026-10-02 23:13:35,-1.47216796875,83.2965805053711,18.29213021349907,1003.55,0.043875000000000004
68.5,-102.0,2026-10-02 23:13:35,-1.263417968749991,83.6715805053711,28.534130213499072,1007.24,0.007625
68.5,-98.5,2026-10-02 23:13:35,0.7422851562500341,79.18765563964844,37.01334604007006,1002.8,0.0
68.5,-98.0,2026-10-02 23:13:35,0.7122851562500045,78.71265563964845,35.735346040070056,1002.02,0.001875
68.5,-97.5,2026-10-02 23:13:35,0.4535351562500409,79.43765563964844,32.20734604007006,1001.77,0.0
68.5,-97.0,2026-10-02 23:13:35,0.13228515625002046,80.11265563964844,31.199346040070058,1001.26,0.0
68.5,-96.5,2026-10-02 23:13:35,-0.34521484375,76.88765563964844,24.37734604007006,996.55,0.001875
68.5,-96.0,2026-10-02 23:13:35,-0.13521484374996362,81.03765563964845,29.72334604007006,1000.36,0.0
68.5,-94.0,2026-10-02 23:13:35,1.346035156250025,76.03765563964843,34.25934604007006,998.38,0.0
68.5,-93.5,2026-10-02 23:13:35,0.9497851562500159,76.11265563964844,23.405346040070057,996.65,0.003875
68.5,-93.0,2026-10-02 23:13:35,0.7460351562500023,78.96265563964845,17.357346040070055,995.11,0.017125
68.5,-92.5,2026-10-02 23:13:35,-1.278964843749975,83.33765563964845,19.193346040070058,979.94,0.05725
68.5,-92.0,2026-10-02 23:13:35,-2.528964843749975,82.43765563964844,17.73534604007006,968.16,0.616125
68.5,-91.5,2026-10-02 23:13:35,-1.90021484374995,73.13765563964844,21.101346040070055,969.94,0.658
68.5,-91.0,2026-10-02 23:13:35,-1.5314648437499727,75.48765563964844,20.05734604007006,983.15,0.625625
68.5,-90.5,2026-10-02 23:13:35,-0.3477148437499977,73.41265563964843,20.489346040070057,995.91,0.761
68.5,-90.0,2026-10-02 23:13:35,-0.5627148437499727,77.58765563964845,23.405346040070057,993.96,0.440625
68.5,-89.5,2026-10-02 23:13:35,-1.27521484374995,74.53765563964843,22.955346040070058,984.27,0.564625
68.5,-89.0,2026-10-02 23:13:35,-1.518964843749984,77.91265563964845,28.49934604007006,982.41,0.291875
68.5,-88.5,2026-10-02 23:13:35,-1.820214843749966,80.53765563964845,26.141346040070058,975.38,1.6403750000000001
68.5,-88.0,2026-10-02 23:13:35,-0.7739648437499795,80.56265563964844,22.901346040070056,989.58,2.1915
68.5,-85.5,2026-10-02 23:13:35,-1.8402148437499477,79.76265563964844,21.821346040070058,969.15,0.0095
68.5,-85.0,2026-10-02 23:13:35,-3.706464843749984,84.21265563964845,22.865346040070058,948.79,0.0
68.5,-84.5,2026-10-02 23:13:35,-3.8164648437499977,83.03765563964845,24.395346040070056,949.66,0.0
68.5,-84.0,2026-10-02 23:13:35,-3.351464843749966,83.83765563964845,21.87534604007006,951.71,0.001875
68.5,-83.5,2026-10-02 23:13:35,-3.403964843749975,90.86265563964844,18.617346040070057,948.88,0.0115
68.5,-83.0,2026-10-02 23:13:35,-4.465214843749948,90.93765563964844,15.73734604007006,953.68,0.0095
68.5,-82.5,2026-10-02 23:13:35,-4.045214843749989,88.98765563964844,14.099346040070056,957.55,0.028625
68.5,-82.0,2026-10-02 23:13:35,-3.2014648437499886,83.73765563964844,13.811346040070056,972.96,0.1125
68.5,-81.5,2026-10-02 23:13:35,-2.480214843749991,79.81265563964844,19.24734604007006,979.66,0.82775
68.5,-79.0,2026-10-02 23:13:35,0.49853515625005684,75.01265563964844,26.86134604007006,989.74,0.04
68.5,-78.5,2026-10-02 23:13:35,0.7885351562500205,74.56265563964844,25.06134604007006,989.44,0.192625
68.5,-75.5,2026-10-02 23:13:35,2.141035156250041,92.73765563964844,26.051346040070058,987.36,0.001875
68.5,-75.0,2026-10-02 23:13:35,2.9410351562500523,90.58765563964845,18.869346040070056,986.94,0.001875
68.5,-74.5,2026-10-02 23:13:35,2.69353515625005,91.86265563964844,21.047346040070057,986.58,0.0
68.5,-74.0,2026-10-02 23:13:35,3.2535351562500523,81.16265563964845,20.471346040070056,986.15,0.0
68.5,-73.5,2026-10-02 23:13:35,3.59978515625005,75.88765563964844,19.733346040070057,985.65,0.0
68.5,-73.0,2026-10-02 23:13:35,3.929785156250034,71.96265563964845,16.925346040070057,984.96,0.003875
68.5,-72.5,2026-10-02 23:13:35,3.4135351562500205,71.38765563964844,16.295346040070058,981.68,0.019125
68.5,-72.0,2026-10-02 23:13:35,3.047285156250041,75.76265563964844,15.827346040070058,977.05,0.032375
68.5,-71.5,2026-10-02 23:13:35,2.471035156250025,79.16265563964845,15.251346040070057,966.99,0.007625
68.5,-71.0,2026-10-02 23:13:35,2.259785156250018,83.66265563964845,15.01734604007006,961.91,0.0115
68.5,-70.5,2026-10-02 23:13:35,3.6322851562500205,78.93765563964844,23.585346040070057,971.16,0.032375
68.5,-70.0,2026-10-02 23:13:35,3.5897851562500023,77.83765563964845,25.34934604007006,971.1,0.14875
68.5,-69.5,2026-10-02 23:13:35,1.9960351562500023,85.68765563964844,15.089346040070057,970.65,0.652375
68.5,-69.0,2026-10-02 23:13:35,1.5297851562500568,85.08765563964845,12.587346040070058,958.96,3.4885
68.5,-68.5,2026-10-02 23:13:35,1.34978515625005,84.73765563964844,12.443346040070058,955.13,2.698875
68.5,-68.0,2026-10-02 23:13:35,0.7347851562500409,85.43765563964844,13.451346040070058,945.11,3.055625
68.5,-67.5,2026-10-02 23:13:35,0.5410351562500182,85.63765563964844,16.295346040070058,929.71,2.616875
68.5,-67.0,2026-10-02 23:13:35,-0.20146484374998863,86.51265563964844,17.429346040070058,919.83,3.408375
68.5,-66.5,2026-10-02 23:13:35,-0.37646484375,87.31265563964844,17.483346040070057,916.85,3.18525
69.0,-141.0,2026-10-02 23:13:35,-8.424062499999991,93.70920639038087,5.429472903370858,895.4,3.8432500000000003
69.0,-140.5,2026-10-02 23:13:35,-4.795312499999966,75.25920639038087,4.259472903370857,958.28,2.07525
69.0,-140.0,2026-10-02 23:13:35,-7.576562499999966,81.20920639038087,2.1894729033708575,903.03,3.645
69.0,-139.5,2026-10-02 23:13:35,-5.742812499999957,73.73420639038086,1.2354729033708574,932.54,1.804375
69.0,-139.0,2026-10-02 23:13:35,-3.5103124999999977,70.00920639038087,6.905472903370858,986.34,4.0683750000000005
69.0,-138.5,2026-10-02 23:13:35,-3.121562499999982,71.43420639038087,14.447472903370858,1008.58,5.746875
69.0,-138.0,2026-10-02 23:13:35,-3.7165624999999523,78.30920639038087,18.78547290337086,1009.86,7.1735
69.0,-137.5,2026-10-02 23:13:35,-2.660312499999975,86.75920639038087,33.29347290337086,1017.84,1.8940000000000001
69.0,-137.0,2026-10-02 23:13:35,-1.861562499999991,88.43420639038087,36.38947290337086,1017.5,0.152625
69.0,-136.5,2026-10-02 23:13:35,-0.9615624999999568,90.25920639038087,38.26147290337086,1016.97,0.042
69.0,-136.0,2026-10-02 23:13:35,-0.2428124999999568,90.90920639038086,37.271472903370864,1015.67,0.0
69.0,-135.5,2026-10-02 23:13:35,-0.4003124999999841,93.03420639038086,27.40747290337086,1014.62,0.0
69.0,-135.0,2026-10-02 23:13:35,-0.6465624999999591,94.10920639038086,9.677472903370857,1014.34,0.0
69.0,-134.5,2026-10-02 23:13:35,-0.8928124999999909,84.03420639038086,6.833472903370858,1010.31,0.0
69.0,-134.0,2026-10-02 23:13:35,-0.2428124999999568,77.63420639038087,4.547472903370857,1004.83,0.0
69.0,-133.5,2026-10-02 23:13:35,-0.36406249999998863,85.83420639038087,0.7854729033708573,1008.72,0.0
69.0,-133.0,2026-10-02 23:13:35,-1.642812499999991,82.78420639038086,3.431472903370857,1014.68,0.0
69.0,-132.5,2026-10-02 23:13:35,-1.8553124999999682,79.63420639038087,5.483472903370857,1012.43,0.0
69.0,-132.0,2026-10-02 23:13:35,-1.6940624999999727,80.83420639038087,6.545472903370857,1011.36,0.0
69.0,-131.5,2026-10-02 23:13:35,-2.309062499999982,80.78420639038086,5.627472903370857,1007.68,0.0
69.0,-131.0,2026-10-02 23:13:35,-1.8715624999999818,81.85920639038086,4.331472903370857,1008.9,0.0
69.0,-130.5,2026-10-02 23:13:35,-1.580312499999991,82.18420639038087,5.249472903370858,1006.61,0.0
69.0,-130.0,2026-10-02 23:13:35,-0.5465624999999932,71.20920639038086,6.779472903370858,1003.03,0.0
69.0,-129.5,2026-10-02 23:13:35,-1.4965624999999818,79.28420639038086,9.155472903370857,996.4,0.0
69.0,-129.0,2026-10-02 23:13:35,-3.399062499999957,84.75920639038087,9.713472903370858,979.56,0.0
69.0,-128.5,2026-10-02 23:13:35,-3.699062499999968,84.80920639038087,1.5774729033708574,995.28,0.0
69.0,-128.0,2026-10-02 23:13:35,-3.4665624999999523,89.75920639038087,8.057472903370858,983.39,0.0
69.0,-127.5,2026-10-02 23:13:35,-3.1328125,83.53420639038086,8.057472903370858,986.73,0.0
69.0,-127.0,2026-10-02 23:13:35,-3.139062499999966,85.95920639038087,6.239472903370857,988.26,0.0
69.0,-126.5,2026-10-02 23:13:35,-4.662812499999973,94.58420639038087,4.763472903370857,984.25,0.0
69.0,-126.0,2026-10-02 23:13:35,-3.8015624999999886,90.98420639038086,2.6394729033708573,992.28,0.0
69.0,-125.5,2026-10-02 23:13:35,-2.8140624999999773,90.35920639038086,1.7214729033708573,996.01,0.0
69.0,-125.0,2026-10-02 23:13:35,-2.492812499999957,85.98420639038086,3.539472903370857,986.81,0.0
69.0,-124.5,2026-10-02 23:13:35,-2.4478124999999977,86.43420639038087,3.0534729033708574,986.18,0.0
69.0,-124.0,2026-10-02 23:13:35,-2.140312499999993,79.78420639038086,2.2434729033708574,982.08,0.00575
69.0,-123.5,2026-10-02 23:13:35,-2.6221679687499773,84.4965805053711,4.05413021349907,978.42,0.019125
69.0,-123.0,2026-10-02 23:13:35,-3.2996679687499864,85.4715805053711,4.91813021349907,961.31,0.051500000000000004
69.0,-122.5,2026-10-02 23:13:35,-3.4284179687499545,85.3965805053711,5.99813021349907,959.74,0.032375
69.0,-122.0,2026-10-02 23:13:35,-4.923417968749959,85.3465805053711,5.2421302134990695,934.72,0.049625
69.0,-121.5,2026-10-02 23:13:35,-5.5571679687499795,87.2465805053711,5.728130213499069,929.42,0.051500000000000004
69.0,-121.0,2026-10-02 23:13:35,-4.830917968749986,80.7215805053711,6.9521302134990695,934.05,0.038125
69.0,-120.5,2026-10-02 23:13:35,-4.305917968749952,78.0465805053711,8.89613021349907,938.36,0.02675
69.0,-120.0,2026-10-02 23:13:35,-3.833417968749984,79.4465805053711,11.48813021349907,945.05,0.089625
69.0,-119.5,2026-10-02 23:13:35,-3.819667968749968,90.5715805053711,13.48613021349907,951.22,0.0935
69.0,-119.0,2026-10-02 23:13:35,-2.100917968749968,83.2465805053711,13.54013021349907,977.99,0.322375
69.0,-118.5,2026-10-02 23:13:35,-0.5171679687499591,77.0965805053711,13.30613021349907,997.55,0.085875
69.0,-118.0,2026-10-02 23:13:35,0.15533203125005457,76.8465805053711,14.386130213499069,1009.6,0.173625
69.0,-117.5,2026-10-02 23:13:35,0.5853320312500045,75.8715805053711,19.62413021349907,1014.25,0.104875
69.0,-117.0,2026-10-02 23:13:35,0.7115820312500318,80.4465805053711,21.046130213499072,1014.0,1.861625
69.0,-116.5,2026-10-02 23:13:35,1.0478320312500387,71.9715805053711,19.42613021349907,1013.8,0.358625
69.0,-116.0,2026-10-02 23:13:35,1.1340820312500455,80.5965805053711,18.83213021349907,1013.53,0.6085
69.0,-115.5,2026-10-02 23:13:35,0.9203320312500409,79.4465805053711,17.770130213499073,1013.45,0.9021250000000001
69.0,-113.5,2026-10-02 23:13:35,0.8365820312500318,79.1465805053711,15.16013021349907,1011.99,0.204125
69.0,-113.0,2026-10-02 23:13:35,0.14533203125000682,82.6715805053711,12.06413021349907,1002.97,0.2785
69.0,-112.5,2026-10-02 23:13:35,-0.20841796874998408,86.5215805053711,11.72213021349907,1001.88,0.0
69.0,-112.0,2026-10-02 23:13:35,0.036582031250020464,85.6965805053711,11.254130213499069,1000.47,0.0
69.0,-111.5,2026-10-02 23:13:35,-0.007167968749968168,83.4965805053711,10.94813021349907,996.92,0.0
69.0,-111.0,2026-10-02 23:13:35,-0.36216796874998636,84.3465805053711,12.06413021349907,994.27,0.0
69.0,-110.5,2026-10-02 23:13:35,-0.3959179687499841,83.4965805053711,13.75613021349907,997.6,0.013375
69.0,-110.0,2026-10-02 23:13:35,-0.8621679687499864,82.8965805053711,14.566130213499068,999.0,0.667625
69.0,-109.5,2026-10-02 23:13:35,-1.3971679687499545,84.6465805053711,13.68413021349907,992.78,1.113875
69.0,-109.0,2026-10-02 23:13:35,-0.8584179687499613,81.9715805053711,13.52213021349907,1000.77,0.047625
69.0,-108.5,2026-10-02 23:13:35,-1.437167968749975,82.7215805053711,14.18813021349907,999.77,0.07062500000000001
69.0,-108.0,2026-10-02 23:13:35,-2.1396679687499613,85.9715805053711,14.76413021349907,993.2,0.095375
69.0,-107.5,2026-10-02 23:13:35,-1.7821679687499454,82.4465805053711,14.58413021349907,1002.1,0.07625
69.0,-106.0,2026-10-02 23:13:35,-1.860917968749959,81.5965805053711,19.048130213499068,1009.7,0.082
69.0,-105.5,2026-10-02 23:13:35,-1.888417968749991,82.4215805053711,19.76813021349907,1009.41,0.11825000000000001
69.0,-105.0,2026-10-02 23:13:35,-2.517167968749959,81.0715805053711,16.906130213499072,1007.38,0.185
69.0,-104.5,2026-10-02 23:13:35,-2.9809179687499636,81.7965805053711,16.49213021349907,1001.13,0.183125
69.0,-104.0,2026-10-02 23:13:35,-2.874667968749975,82.5965805053711,17.28413021349907,1000.6,0.04575
69.0,-103.5,2026-10-02 23:13:35,-2.843417968749975,81.4465805053711,18.38213021349907,999.41,0.013375
69.0,-103.0,2026-10-02 23:13:35,-2.7021679687499613,82.4715805053711,20.77613021349907,1001.55,0.007625
69.0,-102.5,2026-10-02 23:13:35,-1.874667968749975,80.9965805053711,22.054130213499068,1005.22,0.013375
69.0,-102.0,2026-10-02 23:13:35,-1.7234179687499704,81.0715805053711,25.67213021349907,1006.3,0.01525
69.0,-100.5,2026-10-02 23:13:35,-1.393964843749984,82.63765563964844,28.91334604007006,1002.66,0.0
69.0,-100.0,2026-10-02 23:13:35,-0.75146484375,82.23765563964844,28.53534604007006,1003.1,0.001875
69.0,-99.5,2026-10-02 23:13:35,-0.24271484374997954,80.71265563964845,34.16934604007006,1003.68,0.0
69.0,-99.0,2026-10-02 23:13:35,-0.3789648437499977,80.88765563964844,29.831346040070056,1001.61,0.0
69.0,-98.5,2026-10-02 23:13:35,-0.39896484374997954,81.18765563964844,27.257346040070058,999.19,0.0
69.0,-98.0,2026-10-02 23:13:35,-0.6627148437499955,82.78765563964845,26.53734604007006,997.93,0.0
69.0,-97.5,2026-10-02 23:13:35,-0.8752148437499727,81.93765563964844,27.86934604007006,993.66,0.0
69.0,-97.0,2026-10-02 23:13:35,-0.9202148437499886,79.31265563964844,26.82534604007006,994.55,0.0
69.0,-96.5,2026-10-02 23:13:35,-0.8339648437499818,81.23765563964844,26.15934604007006,994.54,0.0
69.0,-96.0,2026-10-02 23:13:35,0.027285156250002274,82.11265563964844,27.527346040070057,998.3,0.0
69.0,-94.5,2026-10-02 23:13:35,0.43603515625005684,77.33765563964845,38.43534604007006,998.35,0.0
69.0,-94.0,2026-10-02 23:13:35,-0.3202148437499659,78.48765563964844,26.879346040070057,996.32,0.0
69.0,-93.5,2026-10-02 23:13:35,-0.4839648437499591,76.16265563964843,19.64334604007006,993.46,0.0
69.0,-93.0,2026-10-02 23:13:35,-0.8227148437499636,71.81265563964844,16.115346040070058,984.74,0.0
69.0,-92.5,2026-10-02 23:13:35,-1.3302148437499568,77.98765563964844,15.287346040070059,982.13,0.0
69.0,-92.0,2026-10-02 23:13:35,-1.43146484374995,67.56265563964844,15.683346040070058,979.32,0.001875
69.0,-91.5,2026-10-02 23:13:35,-1.86896484374995,66.06265563964844,18.239346040070057,968.41,0.00575
69.0,-91.0,2026-10-02 23:13:35,-1.0977148437499977,60.01265563964844,19.82334604007006,973.61,0.00575
69.0,-90.5,2026-10-02 23:13:35,-0.16021484374999773,64.78765563964843,23.819346040070055,995.51,0.007625
69.0,-90.0,2026-10-02 23:13:35,-1.15021484374995,77.66265563964845,27.977346040070056,991.77,0.017125
69.0,-89.5,2026-10-02 23:13:35,-0.9064648437499727,81.28765563964845,25.34934604007006,986.38,0.02675
69.0,-89.0,2026-10-02 23:13:35,-0.8964648437499818,79.11265563964844,27.689346040070056,981.18,0.02475
69.0,-88.5,2026-10-02 23:13:35,-0.5464648437499591,76.68765563964844,26.213346040070057,981.1,0.017125
69.0,-85.0,2026-10-02 23:13:35,-4.0864648437499795,87.58765563964845,23.90934604007006,945.55,0.0
69.0,-84.5,2026-10-02 23:13:35,-3.771464843749982,82.83765563964845,23.67534604007006,950.35,0.0
69.0,-84.0,2026-10-02 23:13:35,-3.140214843749959,81.11265563964844,21.335346040070057,953.57,0.001875
69.0,-83.5,2026-10-02 23:13:35,-3.27521484374995,89.86265563964844,18.347346040070057,950.63,0.007625
69.0,-83.0,2026-10-02 23:13:35,-4.0064648437499955,89.76265563964844,13.199346040070058,958.83,0.007625
69.0,-82.5,2026-10-02 23:13:35,-3.8814648437499955,88.63765563964844,15.16134604007006,958.91,0.02475
69.0,-82.0,2026-10-02 23:13:35,-3.62646484375,85.51265563964844,14.351346040070059,968.9,0.055375
69.0,-81.5,2026-10-02 23:13:35,-2.917714843749991,82.81265563964844,17.771346040070057,975.51,0.886875
69.0,-79.5,2026-10-02 23:13:35,-0.29521484374998863,78.03765563964845,28.859346040070058,990.19,0.055375
69.0,-79.0,2026-10-02 23:13:35,0.41353515625002046,75.21265563964845,27.257346040070058,989.8,0.04
69.0,-78.5,2026-10-02 23:13:35,0.7360351562500114,74.23765563964844,25.33134604007006,989.49,0.0915
69.0,-76.5,2026-10-02 23:13:35,1.2047851562500114,81.23765563964844,25.115346040070058,988.33,0.0
69.0,-76.0,2026-10-02 23:13:35,1.2322851562500432,87.03765563964845,24.971346040070056,987.94,0.001875
69.0,-75.5,2026-10-02 23:13:35,1.9060351562500273,92.11265563964844,26.53734604007006,987.47,0.001875
69.0,-75.0,2026-10-02 23:13:35,2.904785156250057,91.21265563964845,19.193346040070058,987.02,0.003875
69.0,-74.5,2026-10-02 23:13:35,2.748535156250057,91.73765563964844,20.09334604007006,986.69,0.0
69.0,-74.0,2026-10-02 23:13:35,3.044785156250043,85.53765563964845,21.101346040070055,986.29,0.0
69.0,-73.5,2026-10-02 23:13:35,3.3297851562500114,77.73765563964844,20.25534604007006,985.86,0.0
69.0,-73.0,2026-10-02 23:13:35,4.211035156250034,70.11265563964844,17.10534604007006,985.26,0.0
69.0,-72.5,2026-10-02 23:13:35,3.623535156250057,71.26265563964844,16.63734604007006,982.79,0.017125
69.0,-72.0,2026-10-02 23:13:35,3.1247851562500273,74.43765563964844,16.06134604007006,978.91,0.032375
69.0,-71.5,2026-10-02 23:13:35,2.5385351562500205,77.66265563964845,15.863346040070056,967.74,0.0115
69.0,-71.0,2026-10-02 23:13:35,2.377285156250025,81.96265563964845,14.765346040070057,964.27,0.0095
69.0,-70.5,2026-10-02 23:13:35,1.9197851562500432,84.73765563964844,17.771346040070057,971.21,0.019125
69.0,-70.0,2026-10-02 23:13:35,3.6285351562500523,77.86265563964844,25.18734604007006,971.1,0.1125
69.0,-69.5,2026-10-02 23:13:35,3.189785156250025,81.48765563964844,20.68734604007006,971.51,0.2995
69.0,-69.0,2026-10-02 23:13:35,1.8710351562500023,84.83765563964845,12.623346040070059,963.44,2.7923750000000003
69.0,-68.5,2026-10-02 23:13:35,1.0172851562500114,86.01265563964844,11.777346040070057,954.94,2.813375
69.0,-68.0,2026-10-02 23:13:35,1.1872851562500273,84.41265563964845,12.767346040070057,950.49,2.5997500000000002
69.0,-67.5,2026-10-02 23:13:35,0.56853515625005,85.98765563964844,15.197346040070057,932.65,2.48525
69.5,-141.0,2026-10-02 23:13:35,-7.742812499999957,91.10920639038086,4.475472903370857,909.58,3.110875
69.5,-140.5,2026-10-02 23:13:35,-4.402812499999982,74.75920639038087,4.097472903370858,961.25,2.101875
69.5,-140.0,2026-10-02 23:13:35,-6.666562499999998,76.70920639038086,2.531472903370857,915.03,2.96975
69.5,-139.5,2026-10-02 23:13:35,-7.21906249999995,78.13420639038087,1.2354729033708574,914.79,3.60675
69.5,-139.0,2026-10-02 23:13:35,-3.619062499999984,73.43420639038087,12.773472903370859,997.26,1.449625
69.5,-136.0,2026-10-02 23:13:35,0.7571875000000432,86.65920639038086,32.699472903370854,1015.76,0.001875
69.5,-135.5,2026-10-02 23:13:35,0.7384375000000318,82.03420639038086,9.245472903370858,1015.36,0.0
69.5,-135.0,2026-10-02 23:13:35,-0.4340624999999818,86.28420639038086,2.3514729033708575,1015.33,0.0
69.5,-134.5,2026-10-02 23:13:35,-0.847812499999975,85.23420639038086,2.7294729033708576,1014.0,0.0
69.5,-134.0,2026-10-02 23:13:35,-0.6015625,85.25920639038087,5.195472903370857,1012.65,0.0
69.5,-133.5,2026-10-02 23:13:35,-0.6990624999999682,88.23420639038086,10.829472903370858,1015.28,0.0
69.5,-133.0,2026-10-02 23:13:35,-1.2615624999999682,84.10920639038086,11.171472903370857,1015.01,0.0
69.5,-132.5,2026-10-02 23:13:35,-1.4490624999999682,85.28420639038086,11.873472903370859,1013.17,0.0
69.5,-132.0,2026-10-02 23:13:35,-0.9178124999999682,84.48420639038086,14.393472903370856,1014.45,0.0
69.5,-131.5,2026-10-02 23:13:35,-0.8053124999999568,85.08420639038087,15.581472903370859,1015.65,0.0
69.5,-131.0,2026-10-02 23:13:35,-1.1990624999999682,84.45920639038087,14.681472903370858,1014.47,0.0
69.5,-130.5,2026-10-02 23:13:35,-2.017812499999991,84.33420639038087,11.261472903370858,1013.73,0.0
69.5,-130.0,2026-10-02 23:13:35,-1.9840624999999932,84.88420639038087,11.639472903370859,1012.14,0.0
69.5,-129.5,2026-10-02 23:13:35,-2.336562499999957,85.43420639038087,11.729472903370858,1010.2,0.0
69.5,-129.0,2026-10-02 23:13:35,-2.5953124999999773,86.73420639038086,7.9314729033708575,1010.39,0.0
69.5,-128.5,2026-10-02 23:13:35,-1.5115624999999682,83.23420639038086,3.8814729033708573,1014.12,0.001875
69.5,-128.0,2026-10-02 23:13:35,-2.077812499999993,88.48420639038086,6.203472903370858,1003.83,0.02675
69.5,-127.5,2026-10-02 23:13:35,-1.7790624999999523,87.18420639038087,4.9074729033708575,1000.45,0.09725
69.5,-127.0,2026-10-02 23:13:35,-1.1978124999999977,87.48420639038086,3.071472903370857,1001.45,0.013375
69.5,-126.5,2026-10-02 23:13:35,-2.191562499999975,87.13420639038087,5.1414729033708575,983.97,0.07062500000000001
69.5,-126.0,2026-10-02 23:13:35,-0.5278124999999818,81.13420639038087,3.665472903370857,1016.26,0.019125
69.5,-125.5,2026-10-02 23:13:35,-0.47031249999997726,79.68420639038087,3.359472903370857,1016.23,0.01525
69.5,-125.0,2026-10-02 23:13:35,-0.5103124999999977,79.68420639038087,2.927472903370857,1014.54,0.02675
69.5,-124.5,2026-10-02 23:13:35,-1.0203124999999886,78.45920639038087,3.8814729033708573,1013.84,0.01525
69.5,-123.5,2026-10-02 23:13:35,-0.5109179687499932,78.2215805053711,9.25613021349907,1016.02,0.08775000000000001
69.5,-123.0,2026-10-02 23:13:35,-0.9659179687499773,81.0215805053711,5.53013021349907,1007.28,0.310875
69.5,-122.5,2026-10-02 23:13:35,-3.423417968749959,88.4465805053711,7.5821302134990685,966.99,0.265125
69.5,-122.0,2026-10-02 23:13:35,-3.9871679687499864,84.5965805053711,7.726130213499069,956.35,0.085875
69.5,-121.5,2026-10-02 23:13:35,-3.552167968749984,81.7965805053711,8.626130213499069,960.3,0.074375
69.5,-121.0,2026-10-02 23:13:35,-2.392167968749959,77.9965805053711,11.38013021349907,974.52,0.063
69.5,-120.5,2026-10-02 23:13:35,-0.32716796874996135,86.8465805053711,17.06813021349907,1010.36,0.27275
69.5,-116.5,2026-10-02 23:13:35,0.009082031250045475,76.4965805053711,13.14413021349907,1008.14,0.25175000000000003
69.5,-116.0,2026-10-02 23:13:35,-0.5484179687499591,78.6465805053711,12.96413021349907,996.05,0.44825
69.5,-115.5,2026-10-02 23:13:35,-0.5671679687499704,82.6715805053711,11.66813021349907,994.47,0.68475
69.5,-115.0,2026-10-02 23:13:35,-1.4446679687499682,83.4965805053711,13.23413021349907,983.44,0.459625
69.5,-114.5,2026-10-02 23:13:35,-1.0109179687499932,81.6215805053711,13.37813021349907,989.85,0.07062500000000001
69.5,-114.0,2026-10-02 23:13:35,-1.083417968749984,81.1715805053711,12.010130213499071,987.75,0.007625
69.5,-113.5,2026-10-02 23:13:35,-1.0421679687499932,83.4965805053711,12.046130213499069,985.95,0.0
69.5,-113.0,2026-10-02 23:13:35,-1.2784179687499773,86.3965805053711,12.44213021349907,982.1,0.0095
69.5,-112.5,2026-10-02 23:13:35,-1.4346679687499773,88.5715805053711,12.49613021349907,977.42,0.003875
69.5,-112.0,2026-10-02 23:13:35,-0.6259179687499454,85.1965805053711,14.242130213499069,988.72,0.001875
69.5,-111.5,2026-10-02 23:13:35,-0.9284179687499545,84.4965805053711,12.046130213499069,987.97,0.0
69.5,-111.0,2026-10-02 23:13:35,-0.7859179687499704,84.3465805053711,11.92013021349907,990.13,0.003875
69.5,-110.5,2026-10-02 23:13:35,-0.9509179687499909,83.5215805053711,12.58613021349907,989.03,0.047625
69.5,-110.0,2026-10-02 23:13:35,-0.999667968749975,81.2215805053711,13.75613021349907,993.06,0.14875
69.5,-109.5,2026-10-02 23:13:35,-1.4071679687499454,82.9715805053711,15.808130213499071,993.1,0.085875
69.5,-109.0,2026-10-02 23:13:35,-2.03466796875,85.1465805053711,15.52013021349907,992.83,0.080125
69.5,-108.5,2026-10-02 23:13:35,-2.1709179687499613,82.6965805053711,15.89813021349907,996.36,0.15637500000000001
69.5,-108.0,2026-10-02 23:13:35,-2.65966796875,83.5965805053711,14.854130213499069,995.6,0.122125
69.5,-107.5,2026-10-02 23:13:35,-2.850917968749968,83.3465805053711,14.72813021349907,997.86,0.019125
69.5,-107.0,2026-10-02 23:13:35,-2.583417968749984,80.3215805053711,14.96213021349907,1002.02,0.02475
69.5,-106.5,2026-10-02 23:13:35,-2.163417968749968,79.4715805053711,16.15013021349907,1008.3,0.05725
69.5,-106.0,2026-10-02 23:13:35,-2.2509179687499454,79.1965805053711,13.576130213499068,1006.61,0.042
69.5,-105.5,2026-10-02 23:13:35,-2.417167968749993,79.3215805053711,13.05413021349907,1003.38,0.07825
69.5,-105.0,2026-10-02 23:13:35,-2.700917968749991,79.9965805053711,14.098130213499068,1000.95,0.082
69.5,-104.5,2026-10-02 23:13:35,-2.6496679687499523,80.7715805053711,18.14813021349907,1005.55,0.03625
69.5,-104.0,2026-10-02 23:13:35,-2.7784179687499773,82.3465805053711,20.25413021349907,1002.14,0.0115
69.5,-103.5,2026-10-02 23:13:35,-2.163417968749968,81.6465805053711,20.758130213499072,1004.14,0.001875
69.5,-103.0,2026-10-02 23:13:35,-1.2959179687499613,84.5965805053711,28.48013021349907,1007.45,0.003875
69.5,-102.5,2026-10-02 23:13:35,-0.9271679687499841,84.0965805053711,26.66213021349907,1007.2,0.001875
69.5,-102.0,2026-10-02 23:13:35,-0.3659179687499545,83.0215805053711,32.72813021349907,1006.69,0.003875
69.5,-101.5,2026-10-02 23:13:35,-1.855214843749991,85.26265563964844,34.781346040070055,1005.6,0.001875
69.5,-101.0,2026-10-02 23:13:35,-1.5664648437499977,84.28765563964845,31.955346040070054,1004.79,0.0
69.5,-98.5,2026-10-02 23:13:35,-0.8964648437499818,84.48765563964844,36.293346040070055,1001.76,0.0
69.5,-98.0,2026-10-02 23:13:35,-1.528964843749975,84.51265563964844,29.00334604007006,997.47,0.0
69.5,-97.5,2026-10-02 23:13:35,-1.643964843749984,83.78765563964845,30.245346040070057,998.3,0.0
69.5,-97.0,2026-10-02 23:13:35,-1.327714843749959,82.28765563964845,28.62534604007006,997.66,0.0
69.5,-96.5,2026-10-02 23:13:35,-0.8402148437499477,81.61265563964844,32.09934604007006,1000.44,0.0
69.5,-96.0,2026-10-02 23:13:35,-0.5764648437499886,85.13765563964844,40.68534604007006,999.83,0.0
69.5,-95.5,2026-10-02 23:13:35,-1.08771484374995,80.26265563964844,31.217346040070055,995.47,0.0
69.5,-95.0,2026-10-02 23:13:35,-1.0414648437499636,84.46265563964845,38.07534604007006,998.63,0.0
69.5,-94.5,2026-10-02 23:13:35,-1.0527148437499818,80.83765563964845,32.78334604007006,998.1,0.0
69.5,-94.0,2026-10-02 23:13:35,-1.966464843749975,74.71265563964845,22.901346040070056,976.66,0.0
69.5,-93.5,2026-10-02 23:13:35,-0.0739648437499909,74.16265563964843,27.67134604007006,997.08,0.0
69.5,-93.0,2026-10-02 23:13:35,-0.7714648437499818,70.93765563964844,18.869346040070056,992.13,0.0
69.5,-92.5,2026-10-02 23:13:35,-1.4439648437499955,67.13765563964844,12.137346040070057,983.35,0.0
69.5,-92.0,2026-10-02 23:13:35,-1.6314648437499955,69.13765563964844,12.191346040070059,979.16,0.0
69.5,-91.5,2026-10-02 23:13:35,-1.1077148437499886,56.48765563964844,15.827346040070058,971.6,0.0
69.5,-91.0,2026-10-02 23:13:35,-1.0214648437499818,55.76265563964844,20.11134604007006,973.47,0.0
69.5,-90.5,2026-10-02 23:13:35,-0.6439648437499841,70.63765563964844,27.43734604007006,995.47,0.007625
69.5,-90.0,2026-10-02 23:13:35,-0.6702148437499886,76.36265563964844,28.445346040070056,995.21,0.013375
69.5,-85.5,2026-10-02 23:13:35,-0.7602148437499636,78.78765563964845,22.109346040070058,984.21,0.0115
69.5,-85.0,2026-10-02 23:13:35,-3.667714843749991,87.08765563964845,25.439346040070056,948.85,0.001875
69.5,-84.5,2026-10-02 23:13:35,-3.448964843749991,80.68765563964844,23.243346040070058,952.21,0.0
69.5,-84.0,2026-10-02 23:13:35,-2.8714648437499477,79.26265563964844,20.975346040070058,955.97,0.0
69.5,-83.5,2026-10-02 23:13:35,-3.2739648437499795,87.86265563964844,20.003346040070056,949.47,0.00575
69.5,-83.0,2026-10-02 23:13:35,-4.046464843749959,90.38765563964844,13.757346040070058,960.33,0.007625
69.5,-82.5,2026-10-02 23:13:35,-3.9964648437499477,89.18765563964844,15.521346040070057,957.76,0.017125
69.5,-82.0,2026-10-02 23:13:35,-4.257714843749966,88.18765563964844,15.863346040070056,960.68,0.043875000000000004
69.5,-81.5,2026-10-02 23:13:35,-3.1077148437499886,82.63765563964844,16.99734604007006,973.85,0.7915
69.5,-80.5,2026-10-02 23:13:35,-1.393964843749984,79.31265563964844,29.11134604007006,990.96,0.034375
69.5,-80.0,2026-10-02 23:13:35,-1.175214843749984,78.98765563964844,28.859346040070058,990.65,0.080125
69.5,-79.0,2026-10-02 23:13:35,0.314785156250025,75.56265563964844,27.67134604007006,989.88,0.032375
69.5,-78.5,2026-10-02 23:13:35,0.6635351562500205,74.31265563964844,25.87134604007006,989.58,0.03625
69.5,-78.0,2026-10-02 23:13:35,0.9547851562500114,75.88765563964844,24.917346040070058,989.29,0.227
69.5,-77.0,2026-10-02 23:13:35,1.2122851562500045,78.53765563964845,22.433346040070056,988.71,0.001875
69.5,-76.5,2026-10-02 23:13:35,1.1910351562500523,81.26265563964844,24.809346040070057,988.4,0.0
69.5,-76.0,2026-10-02 23:13:35,1.2010351562500432,84.33765563964845,24.809346040070057,988.07,0.001875
69.5,-75.5,2026-10-02 23:13:35,1.6210351562500023,91.13765563964844,26.141346040070058,987.61,0.001875
69.5,-75.0,2026-10-02 23:13:35,2.759785156250018,92.81265563964844,21.245346040070057,987.13,0.003875
69.5,-74.5,2026-10-02 23:13:35,2.853535156250018,91.01265563964844,19.33734604007006,986.79,0.0
69.5,-74.0,2026-10-02 23:13:35,2.884785156250018,88.53765563964845,21.49734604007006,986.38,0.0
69.5,-73.5,2026-10-02 23:13:35,3.3060351562500045,78.31265563964844,20.25534604007006,985.96,0.0
69.5,-73.0,2026-10-02 23:13:35,4.374785156250027,70.03765563964843,17.195346040070056,985.35,0.0
69.5,-72.5,2026-10-02 23:13:35,3.6835351562500023,70.81265563964844,16.78134604007006,983.63,0.013375
69.5,-72.0,2026-10-02 23:13:35,3.2460351562500023,72.68765563964844,16.097346040070057,980.22,0.028625
69.5,-71.5,2026-10-02 23:13:35,2.7985351562500114,76.71265563964845,16.493346040070058,969.99,0.021
69.5,-71.0,2026-10-02 23:13:35,2.023535156250034,82.21265563964845,14.783346040070057,966.43,0.007625
69.5,-70.5,2026-10-02 23:13:35,2.648535156250034,83.11265563964844,15.233346040070057,968.3,0.0115
69.5,-70.0,2026-10-02 23:13:35,3.638535156250043,78.21265563964845,24.57534604007006,971.13,0.074375
69.5,-69.5,2026-10-02 23:13:35,3.47478515625005,78.66265563964845,23.56734604007006,971.46,0.202125
69.5,-69.0,2026-10-02 23:13:35,2.322285156250018,85.66265563964845,13.091346040070057,968.49,1.6536250000000001
69.5,-68.5,2026-10-02 23:13:35,1.3335351562500364,85.21265563964845,12.911346040070057,955.02,2.90675
69.5,-68.0,2026-10-02 23:13:35,1.211035156250034,84.76265563964844,12.569346040070057,952.63,2.359375
69.5,-67.5,2026-10-02 23:13:35,0.5560351562500045,86.13765563964844,14.531346040070057,937.85,2.664625
69.5,-67.0,2026-10-02 23:13:35,-0.058964843749947704,87.06265563964844,16.24134604007006,924.07,2.6397500000000003
70.0,-131.5,2026-10-02 23:13:35,-1.4871679687499864,88.9215805053711,17.770130213499073,1015.99,0.0
70.0,-131.0,2026-10-02 23:13:35,-1.642167968749959,90.5965805053711,18.40013021349907,1015.55,0.0
70.0,-130.5,2026-10-02 23:13:35,-1.5321679687499454,92.1715805053711,17.21213021349907,1015.67,0.0
70.0,-130.0,2026-10-02 23:13:35,-1.2721679687499545,90.5465805053711,14.854130213499069,1015.33,0.0
70.0,-129.5,2026-10-02 23:13:35,-1.0421679687499932,89.0715805053711,13.45013021349907,1016.45,0.0
70.0,-129.0,2026-10-02 23:13:35,-0.6709179687499613,81.2965805053711,11.05613021349907,1016.52,0.0
70.0,-128.5,2026-10-02 23:13:35,-1.0284179687499773,80.7465805053711,9.09413021349907,1016.56,0.003875
70.0,-128.0,2026-10-02 23:13:35,-1.6159179687499545,85.2465805053711,5.728130213499069,1009.31,0.061
70.0,-127.5,2026-10-02 23:13:35,-1.3996679687499523,81.0965805053711,4.57613021349907,1010.63,0.022875
70.0,-127.0,2026-10-02 23:13:35,-1.5046679687499704,81.9715805053711,7.09613021349907,1011.94,0.03625
70.0,-125.0,2026-10-02 23:13:35,-1.329667968749959,76.9965805053711,8.86013021349907,1016.2,0.055375
70.0,-124.5,2026-10-02 23:13:35,-1.4909179687499545,78.0715805053711,7.81613021349907,1013.8,0.028625
70.0,-117.5,2026-10-02 23:13:35,-0.9971679687499773,79.8965805053711,14.62013021349907,1013.95,0.185
70.0,-117.0,2026-10-02 23:13:35,-2.1434179687499864,79.7465805053711,9.72413021349907,990.95,0.425375
70.0,-116.5,2026-10-02 23:13:35,-2.3659179687499545,82.6215805053711,8.44613021349907,981.42,1.068125
70.0,-116.0,2026-10-02 23:13:35,-1.843417968749975,85.6215805053711,10.21013021349907,983.41,1.1635
70.0,-115.5,2026-10-02 23:13:35,-1.6321679687499682,87.7715805053711,9.81413021349907,982.27,0.49212500000000003
70.0,-115.0,2026-10-02 23:13:35,-1.450917968749991,83.0965805053711,10.04813021349907,981.22,0.07825
70.0,-114.5,2026-10-02 23:13:35,-2.2134179687499795,87.0715805053711,10.39013021349907,977.27,0.038125
70.0,-114.0,2026-10-02 23:13:35,-2.600917968749968,88.0965805053711,12.010130213499071,967.91,0.05725
70.0,-113.5,2026-10-02 23:13:35,-1.3721679687499773,86.8965805053711,12.388130213499071,981.81,0.043875000000000004
70.0,-113.0,2026-10-02 23:13:35,-1.1321679687499682,85.8465805053711,12.29813021349907,982.69,0.03625
70.0,-112.5,2026-10-02 23:13:35,-0.9809179687499636,86.1715805053711,12.280130213499069,985.13,0.007625
70.0,-112.0,2026-10-02 23:13:35,-1.0146679687499613,84.5465805053711,10.85813021349907,986.58,0.021
70.0,-111.5,2026-10-02 23:13:35,-0.7334179687499613,83.1465805053711,12.06413021349907,991.86,0.064875
70.0,-111.0,2026-10-02 23:13:35,0.040332031250045475,80.5215805053711,10.51613021349907,1001.13,0.007625
70.0,-110.5,2026-10-02 23:13:35,-0.5734179687499932,80.0715805053711,11.52413021349907,999.61,0.10675
70.0,-110.0,2026-10-02 23:13:35,-1.00341796875,81.4965805053711,12.67613021349907,996.85,0.043875000000000004
70.0,-109.5,2026-10-02 23:13:35,-1.645917968749984,81.9715805053711,14.926130213499071,995.72,0.06675
70.0,-109.0,2026-10-02 23:13:35,-1.5009179687499454,79.0715805053711,13.81013021349907,998.75,0.0115
70.0,-108.5,2026-10-02 23:13:35,-1.9971679687499773,78.5715805053711,15.772130213499068,999.8,0.0
70.0,-108.0,2026-10-02 23:13:35,-2.3834179687499955,79.5465805053711,14.33213021349907,994.47,0.003875
70.0,-107.5,2026-10-02 23:13:35,-2.5184179687499864,79.3965805053711,15.08813021349907,995.78,0.007625
70.0,-107.0,2026-10-02 23:13:35,-2.3034179687499545,78.5965805053711,15.23213021349907,998.81,0.003875
70.0,-106.5,2026-10-02 23:13:35,-2.292167968749993,76.9965805053711,14.998130213499069,997.13,0.00575
70.0,-106.0,2026-10-02 23:13:35,-2.50341796875,79.9215805053711,15.73613021349907,993.77,0.0
70.0,-105.5,2026-10-02 23:13:35,-3.0596679687499773,82.5465805053711,18.058130213499073,988.86,0.032375
70.0,-105.0,2026-10-02 23:13:35,-3.1021679687499955,83.3965805053711,19.24613021349907,990.31,0.0305
70.0,-104.5,2026-10-02 23:13:35,-2.5771679687499613,81.7215805053711,21.82013021349907,998.5,0.019125
70.0,-104.0,2026-10-02 23:13:35,-2.2934179687499636,81.3215805053711,25.18613021349907,1001.05,0.00575
70.0,-103.5,2026-10-02 23:13:35,-1.72216796875,81.6715805053711,23.15213021349907,1003.67,0.0
70.0,-103.0,2026-10-02 23:13:35,-1.7471679687499773,82.4965805053711,26.24813021349907,1000.75,0.0
70.0,-102.5,2026-10-02 23:13:35,-1.218417968749975,80.1215805053711,26.96813021349907,1003.56,0.0
70.0,-102.0,2026-10-02 23:13:35,-1.0046679687499704,81.0965805053711,27.976130213499072,1002.74,0.0
70.0,-101.5,2026-10-02 23:13:35,-1.4202148437499886,80.16265563964845,29.291346040070056,1003.85,0.0
70.0,-101.0,2026-10-02 23:13:35,-1.33771484374995,78.98765563964844,27.833346040070058,1003.83,0.0
70.0,-97.5,2026-10-02 23:13:35,-1.3714648437499477,83.16265563964845,38.39934604007006,1001.52,0.0
70.0,-96.5,2026-10-02 23:13:35,-0.9339648437499477,83.33765563964845,41.62134604007006,1000.32,0.0
70.0,-96.0,2026-10-02 23:13:35,-0.8677148437499795,83.41265563964845,40.451346040070064,999.77,0.0
70.0,-95.5,2026-10-02 23:13:35,-1.2152148437499477,84.36265563964844,38.201346040070064,999.24,0.0
70.0,-95.0,2026-10-02 23:13:35,-1.61896484374995,74.21265563964845,26.663346040070056,997.96,0.0
70.0,-94.5,2026-10-02 23:13:35,-1.167714843749991,80.03765563964845,29.48934604007006,998.18,0.0
70.0,-94.0,2026-10-02 23:13:35,-2.685214843749975,79.26265563964844,23.53134604007006,970.02,0.0
70.0,-93.5,2026-10-02 23:13:35,-0.1114648437499568,74.38765563964844,27.72534604007006,997.11,0.0
70.0,-93.0,2026-10-02 23:13:35,-0.7427148437499795,71.31265563964844,20.05734604007006,991.74,0.0
70.0,-92.5,2026-10-02 23:13:35,-1.3264648437499886,66.78765563964843,12.245346040070057,984.69,0.0
70.0,-92.0,2026-10-02 23:13:35,-1.40771484375,66.01265563964844,11.723346040070059,981.02,0.0
70.0,-87.5,2026-10-02 23:13:35,0.03728515625005002,79.88765563964844,32.20734604007006,993.51,0.02675
70.0,-87.0,2026-10-02 23:13:35,0.11853515625000455,77.88765563964844,34.47534604007006,993.3,0.021
70.0,-86.5,2026-10-02 23:13:35,0.1172851562500341,77.58765563964845,33.485346040070056,993.11,0.03625
70.0,-86.0,2026-10-02 23:13:35,0.16228515625005002,76.28765563964843,29.68734604007006,993.02,0.038125
70.0,-85.5,2026-10-02 23:13:35,-0.2989648437499568,78.23765563964844,22.97334604007006,989.68,0.0095
70.0,-85.0,2026-10-02 23:13:35,-3.3364648437499795,84.91265563964845,22.865346040070058,952.74,0.001875
70.0,-84.5,2026-10-02 23:13:35,-3.08771484374995,79.01265563964844,22.019346040070058,955.35,0.0
70.0,-84.0,2026-10-02 23:13:35,-2.93146484374995,78.83765563964845,21.821346040070058,956.32,0.0
70.0,-83.5,2026-10-02 23:13:35,-3.1039648437499636,85.16265563964845,19.96734604007006,951.43,0.00575
70.0,-83.0,2026-10-02 23:13:35,-4.823964843749991,92.51265563964844,18.14934604007006,951.71,0.007625
70.0,-82.5,2026-10-02 23:13:35,-4.097714843749998,89.51265563964844,15.953346040070057,956.86,0.013375
70.0,-82.0,2026-10-02 23:13:35,-4.416464843749964,89.33765563964845,16.04334604007006,956.68,0.053375
70.0,-81.5,2026-10-02 23:13:35,-3.3227148437499636,84.21265563964845,16.115346040070058,972.24,0.495875
70.0,-81.0,2026-10-02 23:13:35,-1.841464843749975,79.18765563964844,24.43134604007006,988.1,0.41775
70.0,-80.5,2026-10-02 23:13:35,-1.43896484375,79.56265563964844,29.00334604007006,991.02,0.042
70.0,-80.0,2026-10-02 23:13:35,-1.2539648437499977,79.18765563964844,28.877346040070062,990.72,0.063
70.0,-79.5,2026-10-02 23:13:35,-0.6739648437499568,78.63765563964844,29.021346040070057,990.36,0.083875
70.0,-79.0,2026-10-02 23:13:35,0.19978515625001592,76.13765563964844,27.977346040070056,989.94,0.028625
70.0,-78.5,2026-10-02 23:13:35,0.6010351562500205,74.48765563964844,26.28534604007006,989.65,0.021
70.0,-77.5,2026-10-02 23:13:35,1.3022851562500364,79.08765563964845,24.539346040070058,989.04,0.021
70.0,-77.0,2026-10-02 23:13:35,1.2910351562500182,78.26265563964844,22.163346040070056,988.79,0.00575
70.0,-76.5,2026-10-02 23:13:35,1.1735351562500114,81.18765563964844,23.819346040070055,988.51,0.0
70.0,-76.0,2026-10-02 23:13:35,1.2085351562500364,82.73765563964844,24.95334604007006,988.15,0.0
70.0,-75.5,2026-10-02 23:13:35,1.4647851562500023,90.41265563964845,25.727346040070056,987.71,0.003875
70.0,-75.0,2026-10-02 23:13:35,2.547285156250041,93.16265563964845,23.53134604007006,987.21,0.001875
70.0,-74.5,2026-10-02 23:13:35,2.9097851562500523,90.61265563964844,19.06734604007006,986.85,0.0
70.0,-74.0,2026-10-02 23:13:35,2.72478515625005,91.26265563964844,21.49734604007006,986.51,0.0
70.0,-73.5,2026-10-02 23:13:35,3.301035156250009,79.46265563964845,20.25534604007006,986.07,0.0
70.0,-73.0,2026-10-02 23:13:35,4.021035156250036,72.78765563964843,18.29334604007006,985.51,0.0
70.0,-72.5,2026-10-02 23:13:35,3.828535156250041,71.03765563964843,16.87134604007006,984.66,0.007625
70.0,-72.0,2026-10-02 23:13:35,3.38103515625005,71.18765563964844,16.205346040070058,981.11,0.022875
70.0,-71.5,2026-10-02 23:13:35,3.043535156250016,75.28765563964843,15.971346040070058,975.44,0.032375
70.0,-71.0,2026-10-02 23:13:35,2.426035156250009,78.78765563964845,15.287346040070059,965.86,0.00575
70.0,-70.5,2026-10-02 23:13:35,2.2435351562500045,85.13765563964844,14.675346040070057,963.05,0.0115
70.0,-70.0,2026-10-02 23:13:35,3.637285156250016,78.73765563964844,23.85534604007006,971.16,0.038125
70.0,-69.5,2026-10-02 23:13:35,3.574785156250016,77.91265563964845,25.24134604007006,971.1,0.16025
70.0,-69.0,2026-10-02 23:13:35,2.304785156250034,84.56265563964844,14.855346040070058,970.21,0.652375
70.0,-68.5,2026-10-02 23:13:35,1.5297851562500568,85.08765563964845,12.587346040070058,958.96,3.486625
70.0,-68.0,2026-10-02 23:13:35,1.34978515625005,84.73765563964844,12.443346040070058,955.13,2.59775
70.0,-67.5,2026-10-02 23:13:35,0.6072851562500432,85.96265563964845,13.955346040070056,942.41,3.055625
70.5,-128.5,2026-10-02 23:13:35,-0.8271679687499613,80.3465805053711,7.5821302134990685,1016.58,0.0
70.5,-128.0,2026-10-02 23:13:35,-1.1471679687499545,77.8965805053711,6.61013021349907,1014.94,0.0
70.5,-127.5,2026-10-02 23:13:35,-1.1784179687499545,74.8215805053711,6.4841302134990695,1015.45,0.001875
70.5,-117.5,2026-10-02 23:13:35,-0.9184179687499636,78.2965805053711,9.34613021349907,1013.55,0.0
70.5,-117.0,2026-10-02 23:13:35,-1.2884179687499682,77.5215805053711,3.964130213499069,1013.47,0.0
70.5,-116.5,2026-10-02 23:13:35,-0.6471679687499545,78.3465805053711,4.522130213499069,1013.38,0.001875
70.5,-116.0,2026-10-02 23:13:35,-0.312167968749975,75.7465805053711,5.422130213499069,1013.27,0.0
70.5,-115.5,2026-10-02 23:13:35,-0.24716796874997726,78.5965805053711,6.0161302134990695,1013.17,0.0
70.5,-113.0,2026-10-02 23:13:35,0.5478320312500387,80.9215805053711,10.10213021349907,1012.27,0.0
70.5,-112.5,2026-10-02 23:13:35,0.43408203125005684,80.7965805053711,8.66213021349907,1011.95,0.00575
70.5,-112.0,2026-10-02 23:13:35,-0.14341796874998636,81.0965805053711,7.2581302134990695,1004.92,0.022875
70.5,-111.5,2026-10-02 23:13:35,-0.32716796874996135,80.3465805053711,8.57213021349907,1002.33,0.085875
70.5,-111.0,2026-10-02 23:13:35,-0.4271679687499841,79.5965805053711,10.138130213499071,997.78,0.007625
70.5,-110.5,2026-10-02 23:13:35,-1.6296679687499704,80.0465805053711,11.34413021349907,983.64,0.032375
70.5,-110.0,2026-10-02 23:13:35,-2.0909179687499773,81.2215805053711,13.48613021349907,983.27,0.0115
70.5,-109.5,2026-10-02 23:13:35,-1.7959179687499613,78.6215805053711,14.81813021349907,995.06,0.0095
70.5,-109.0,2026-10-02 23:13:35,-2.638417968749991,80.8965805053711,15.664130213499071,988.27,0.007625
70.5,-108.5,2026-10-02 23:13:35,-3.0396679687499955,81.4965805053711,18.058130213499073,991.56,0.001875
70.5,-108.0,2026-10-02 23:13:35,-2.895917968749984,77.7465805053711,16.38413021349907,993.08,0.003875
70.5,-107.5,2026-10-02 23:13:35,-3.0596679687499773,78.9965805053711,19.19213021349907,993.19,0.007625
70.5,-107.0,2026-10-02 23:13:35,-3.312167968749975,82.3215805053711,17.39213021349907,990.81,0.0
70.5,-106.5,2026-10-02 23:13:35,-3.062167968749975,79.9215805053711,19.42613021349907,989.63,0.0
70.5,-106.0,2026-10-02 23:13:35,-2.843417968749975,80.3715805053711,19.71413021349907,990.89,0.0
70.5,-105.5,2026-10-02 23:13:35,-2.7096679687499545,80.9715805053711,23.99813021349907,994.25,0.0
70.5,-105.0,2026-10-02 23:13:35,-2.635917968749993,80.1965805053711,20.81213021349907,994.16,0.0
70.5,-104.5,2026-10-02 23:13:35,-2.552167968749984,80.6965805053711,22.01813021349907,997.83,0.0
70.5,-104.0,2026-10-02 23:13:35,-2.5871679687499523,82.2965805053711,26.482130213499072,998.86,0.0
70.5,-103.5,2026-10-02 23:13:35,-2.2896679687499955,81.8465805053711,25.726130213499072,1000.22,0.0
70.5,-103.0,2026-10-02 23:13:35,-2.007167968749968,82.7965805053711,27.25613021349907,1001.86,0.0
70.5,-102.5,2026-10-02 23:13:35,-1.7821679687499454,83.0215805053711,33.28613021349907,1002.85,0.0
70.5,-100.5,2026-10-02 23:13:35,-1.1939648437499955,83.13765563964844,38.39934604007006,1004.49,0.0
70.5,-100.0,2026-10-02 23:13:35,-1.167714843749991,83.11265563964844,38.29134604007006,1003.99,0.0
70.5,-96.5,2026-10-02 23:13:35,-0.9552148437499568,83.33765563964845,41.531346040070055,1000.4,0.0
70.5,-96.0,2026-10-02 23:13:35,-0.84521484375,83.28765563964845,40.811346040070056,999.83,0.0
70.5,-95.5,2026-10-02 23:13:35,-1.2152148437499477,84.36265563964844,38.201346040070064,999.24,0.0
70.5,-95.0,2026-10-02 23:13:35,-1.6389648437499886,76.43765563964844,29.147346040070058,997.79,0.0
70.5,-94.5,2026-10-02 23:13:35,-1.230214843749991,80.11265563964844,29.291346040070056,998.24,0.0
70.5,-94.0,2026-10-02 23:13:35,-2.685214843749975,79.26265563964844,23.53134604007006,970.02,0.0
70.5,-93.5,2026-10-02 23:13:35,-0.1677148437499909,74.96265563964845,27.617346040070057,997.15,0.0
70.5,-93.0,2026-10-02 23:13:35,-0.7252148437499955,71.56265563964844,20.957346040070057,991.16,0.0
70.5,-92.5,2026-10-02 23:13:35,-0.935214843749975,62.38765563964844,11.957346040070059,985.77,0.0
70.5,-92.0,2026-10-02 23:13:35,-1.341464843749975,64.78765563964843,11.813346040070059,983.01,0.0
70.5,-89.0,2026-10-02 23:13:35,-0.7614648437499909,76.91265563964845,25.92534604007006,982.72,0.02475
70.5,-88.5,2026-10-02 23:13:35,-0.9164648437499636,79.58765563964845,26.68134604007006,979.29,0.019125
70.5,-88.0,2026-10-02 23:13:35,-0.4527148437499591,79.06265563964844,24.827346040070058,983.83,0.019125
70.5,-87.5,2026-10-02 23:13:35,0.05228515625003638,80.03765563964845,31.68534604007006,993.52,0.02675
70.5,-87.0,2026-10-02 23:13:35,0.11478515625003638,78.16265563964845,34.38534604007006,993.33,0.021
70.5,-86.5,2026-10-02 23:13:35,0.11103515625001137,77.53765563964845,33.73734604007006,993.13,0.034375
70.5,-86.0,2026-10-02 23:13:35,0.1760351562500091,76.33765563964845,30.731346040070058,993.04,0.038125
70.5,-85.5,2026-10-02 23:13:35,0.029785156250056843,77.23765563964844,24.827346040070058,993.01,0.013375
70.5,-85.0,2026-10-02 23:13:35,-2.6077148437499886,82.13765563964844,21.911346040070057,961.22,0.003875
70.5,-84.5,2026-10-02 23:13:35,-3.288964843749966,81.26265563964844,21.929346040070058,953.68,0.0
70.5,-84.0,2026-10-02 23:13:35,-3.675214843749984,82.48765563964844,24.251346040070057,952.44,0.0
70.5,-83.5,2026-10-02 23:13:35,-2.9339648437499477,83.68765563964844,19.769346040070058,953.82,0.003875
70.5,-83.0,2026-10-02 23:13:35,-4.6627148437499955,93.78765563964845,20.237346040070058,947.24,0.0095
70.5,-82.5,2026-10-02 23:13:35,-4.388964843749989,90.38765563964844,16.727346040070056,954.27,0.0115
70.5,-82.0,2026-10-02 23:13:35,-4.343964843749973,89.58765563964845,14.927346040070057,955.46,0.049625
70.5,-81.5,2026-10-02 23:13:35,-3.230214843749991,83.48765563964844,15.233346040070057,973.02,0.253625
70.5,-81.0,2026-10-02 23:13:35,-2.0239648437499795,78.86265563964844,21.49734604007006,985.49,0.600875
70.5,-80.5,2026-10-02 23:13:35,-1.4752148437499955,79.38765563964844,28.679346040070058,991.08,0.07062500000000001
70.5,-80.0,2026-10-02 23:13:35,-1.3052148437499795,79.21265563964845,28.967346040070055,990.79,0.04575
70.5,-79.5,2026-10-02 23:13:35,-0.8502148437499955,78.68765563964844,28.949346040070058,990.46,0.0915
70.5,-79.0,2026-10-02 23:13:35,0.058535156250002274,76.73765563964844,28.33734604007006,990.02,0.032375
70.5,-78.5,2026-10-02 23:13:35,0.5347851562500523,74.83765563964845,26.68134604007006,989.71,0.028625
70.5,-78.0,2026-10-02 23:13:35,0.8197851562500205,74.83765563964845,24.95334604007006,989.41,0.249875
70.5,-77.5,2026-10-02 23:13:35,1.179785156250034,77.68765563964844,25.06134604007006,989.13,0.042
70.5,-77.0,2026-10-02 23:13:35,1.3372851562500045,78.46265563964845,22.34334604007006,988.83,0.0095
70.5,-76.5,2026-10-02 23:13:35,1.1860351562500568,80.66265563964845,23.207346040070057,988.57,0.0
70.5,-76.0,2026-10-02 23:13:35,1.2147851562500023,81.81265563964844,25.151346040070056,988.22,0.0
70.5,-75.5,2026-10-02 23:13:35,1.3422851562500568,89.41265563964845,25.34934604007006,987.8,0.003875
70.5,-75.0,2026-10-02 23:13:35,2.141035156250041,92.73765563964844,26.051346040070058,987.36,0.001875
70.5,-74.5,2026-10-02 23:13:35,2.9410351562500523,90.58765563964845,18.869346040070056,986.94,0.001875
70.5,-74.0,2026-10-02 23:13:35,2.701035156250043,91.88765563964844,20.72334604007006,986.61,0.0
70.5,-73.5,2026-10-02 23:13:35,3.203535156250041,82.43765563964844,20.669346040070057,986.19,0.0
70.5,-73.0,2026-10-02 23:13:35,3.3710351562500023,77.46265563964845,20.11134604007006,985.79,0.0
70.5,-72.5,2026-10-02 23:13:35,3.929785156250034,71.96265563964845,16.925346040070057,984.96,0.001875
70.5,-72.0,2026-10-02 23:13:35,3.47478515625005,71.23765563964844,16.40334604007006,981.96,0.019125
70.5,-71.5,2026-10-02 23:13:35,3.09978515625005,75.03765563964843,15.863346040070056,977.82,0.032375
70.5,-71.0,2026-10-02 23:13:35,2.6597851562500523,76.13765563964844,15.683346040070058,968.18,0.007625
70.5,-70.5,2026-10-02 23:13:35,2.41228515625005,82.56265563964844,15.143346040070059,962.63,0.0095
70.5,-70.0,2026-10-02 23:13:35,3.623535156250057,79.31265563964844,22.955346040070058,971.19,0.022875
70.5,-69.5,2026-10-02 23:13:35,3.617285156250034,77.78765563964845,25.295346040070058,971.1,0.124
70.5,-69.0,2026-10-02 23:13:35,2.984785156250041,82.51265563964844,19.571346040070058,971.51,0.35475
70.5,-68.5,2026-10-02 23:13:35,1.797285156250041,84.61265563964844,12.389346040070057,962.4,3.12425
71.0,-123.0,2026-10-02 23:13:35,9.631506347656284,92.18964231014252,46.453958713263276,1008.09734375,1.0536
71.0,-118.5,2026-10-02 23:13:35,9.631506347656284,92.18964231014252,46.453958713263276,1008.09734375,1.0536
71.0,-118.0,2026-10-02 23:13:35,9.631506347656284,92.18964231014252,46.453958713263276,1008.09734375,1.0536
71.0,-117.5,2026-10-02 23:13:35,9.631506347656284,92.18964231014252,46.453958713263276,1008.09734375,1.0536
71.0,-117.0,2026-10-02 23:13:35,9.631506347656284,92.18964231014252,46.453958713263276,1008.09734375,1.0536
71.0,-116.5,2026-10-02 23:13:35,9.631506347656284,92.18964231014252,46.453958713263276,1008.09734375,1.0536
71.0,-116.0,2026-10-02 23:13:35,9.631506347656284,92.18964231014252,46.453958713263276,1008.09734375,1.0536
71.0,-115.5,2026-10-02 23:13:35,9.631506347656284,92.18964231014252,46.453958713263276,1008.09734375,1.0536
71.0,-115.0,2026-10-02 23:13:35,9.631506347656284,92.18964231014252,46.453958713263276,1008.09734375,1.0536
71.0,-114.5,2026-10-02 23:13:35,9.631506347656284,92.18964231014252,46.453958713263276,1008.09734375,1.0536
71.0,-114.0,2026-10-02 23:13:35,9.631506347656284,92.18964231014252,46.453958713263276,1008.09734375,1.0536
71.0,-113.5,2026-10-02 23:13:35,9.631506347656284,92.18964231014252,46.453958713263276,1008.09734375,1.0536
71.0,-113.0,2026-10-02 23:13:35,9.631506347656284,92.18964231014252,46.453958713263276,1008.09734375,1.0536
71.0,-112.5,2026-10-02 23:13:35,9.631506347656284,92.18964231014252,46.453958713263276,1008.09734375,1.0536
71.0,-112.0,2026-10-02 23:13:35,9.631506347656284,92.18964231014252,46.453958713263276,1008.09734375,1.0536
71.0,-111.5,2026-10-02 23:13:35,9.631506347656284,92.18964231014252,46.453958713263276,1008.09734375,1.0536
71.0,-111.0,2026-10-02 23:13:35,9.631506347656284,92.18964231014252,46.453958713263276,1008.09734375,1.0536
71.0,-110.5,2026-10-02 23:13:35,9.631506347656284,92.18964231014252,46.453958713263276,1008.09734375,1.0536
71.0,-110.0,2026-10-02 23:13:35,9.631506347656284,92.18964231014252,46.453958713263276,1008.09734375,1.0536
71.0,-109.5,2026-10-02 23:13:35,9.631506347656284,92.18964231014252,46.453958713263276,1008.09734375,1.0536
71.0,-109.0,2026-10-02 23:13:35,9.631506347656284,92.18964231014252,46.453958713263276,1008.09734375,1.0536
71.0,-108.5,2026-10-02 23:13:35,9.631506347656284,92.18964231014252,46.453958713263276,1008.09734375,1.0536
71.0,-108.0,2026-10-02 23:13:35,9.631506347656284,92.18964231014252,46.453958713263276,1008.09734375,1.0536
71.0,-107.5,2026-10-02 23:13:35,9.631506347656284,92.18964231014252,46.453958713263276,1008.09734375,1.0536
71.0,-107.0,2026-10-02 23:13:35,9.631506347656284,92.18964231014252,46.453958713263276,1008.09734375,1.0536
71.0,-106.5,2026-10-02 23:13:35,9.631506347656284,92.18964231014252,46.453958713263276,1008.09734375,1.0536
71.0,-106.0,2026-10-02 23:13:35,9.631506347656284,92.18964231014252,46.453958713263276,1008.09734375,1.0536
71.0,-105.5,2026-10-02 23:13:35,9.631506347656284,92.18964231014252,46.453958713263276,1008.09734375,1.0536
71.0,-105.0,2026-10-02 23:13:35,9.631506347656284,92.18964231014252,46.453958713263276,1008.09734375,1.0536
71.0,-104.5,2026-10-02 23:13:35,9.631506347656284,92.18964231014252,46.453958713263276,1008.09734375,1.0536
71.0,-104.0,2026-10-02 23:13:35,9.631506347656284,92.18964231014252,46.453958713263276,1008.09734375,1.0536
71.0,-96.5,2026-10-02 23:13:35,9.761376953125023,89.92475271224976,44.82335313711316,1009.3536328125,1.0536
71.0,-96.0,2026-10-02 23:13:35,9.761376953125023,89.92475271224976,44.82335313711316,1009.3536328125,1.0536
71.0,-95.5,2026-10-02 23:13:35,9.761376953125023,89.92475271224976,44.82335313711316,1009.3536328125,1.0536
71.0,-95.0,2026-10-02 23:13:35,9.761376953125023,89.92475271224976,44.82335313711316,1009.3536328125,1.0536
71.0,-94.5,2026-10-02 23:13:35,9.761376953125023,89.92475271224976,44.82335313711316,1009.3536328125,1.0536
71.0,-94.0,2026-10-02 23:13:35,9.761376953125023,89.92475271224976,44.82335313711316,1009.3536328125,1.0536
71.0,-93.5,2026-10-02 23:13:35,9.761376953125023,89.92475271224976,44.82335313711316,1009.3536328125,1.0536
71.0,-93.0,2026-10-02 23:13:35,9.761376953125023,89.92475271224976,44.82335313711316,1009.3536328125,1.0536
71.0,-89.5,2026-10-02 23:13:35,9.761376953125023,89.92475271224976,44.82335313711316,1009.3536328125,1.0536
71.0,-89.0,2026-10-02 23:13:35,9.761376953125023,89.92475271224976,44.82335313711316,1009.3536328125,1.0536
71.0,-88.5,2026-10-02 23:13:35,9.761376953125023,89.92475271224976,44.82335313711316,1009.3536328125,1.0536
71.0,-88.0,2026-10-02 23:13:35,9.761376953125023,89.92475271224976,44.82335313711316,1009.3536328125,1.0536
71.0,-87.5,2026-10-02 23:13:35,9.761376953125023,89.92475271224976,44.82335313711316,1009.3536328125,1.0536
71.0,-87.0,2026-10-02 23:13:35,9.761376953125023,89.92475271224976,44.82335313711316,1009.3536328125,1.0536
71.0,-86.5,2026-10-02 23:13:35,9.761376953125023,89.92475271224976,44.82335313711316,1009.3536328125,1.0536
71.0,-86.0,2026-10-02 23:13:35,9.761376953125023,89.92475271224976,44.82335313711316,1009.3536328125,1.0536
71.0,-85.5,2026-10-02 23:13:35,9.761376953125023,89.92475271224976,44.82335313711316,1009.3536328125,1.0536
71.0,-85.0,2026-10-02 23:13:35,9.761376953125023,89.92475271224976,44.82335313711316,1009.3536328125,1.0536
71.0,-84.5,2026-10-02 23:13:35,9.761376953125023,89.92475271224976,44.82335313711316,1009.3536328125,1.0536
71.0,-84.0,2026-10-02 23:13:35,9.761376953125023,89.92475271224976,44.82335313711316,1009.3536328125,1.0536
71.0,-83.5,2026-10-02 23:13:35,9.761376953125023,89.92475271224976,44.82335313711316,1009.3536328125,1.0536
71.0,-83.0,2026-10-02 23:13:35,9.761376953125023,89.92475271224976,44.82335313711316,1009.3536328125,1.0536
71.0,-82.5,2026-10-02 23:13:35,9.761376953125023,89.92475271224976,44.82335313711316,1009.3536328125,1.0536
71.0,-82.0,2026-10-02 23:13:35,9.761376953125023,89.92475271224976,44.82335313711316,1009.3536328125,1.0536
71.0,-81.5,2026-10-02 23:13:35,9.761376953125023,89.92475271224976,44.82335313711316,1009.3536328125,1.0536
71.0,-81.0,2026-10-02 23:13:35,9.761376953125023,89.92475271224976,44.82335313711316,1009.3536328125,1.0536
71.0,-80.5,2026-10-02 23:13:35,9.761376953125023,89.92475271224976,44.82335313711316,1009.3536328125,1.0536
71.0,-80.0,2026-10-02 23:13:35,9.761376953125023,89.92475271224976,44.82335313711316,1009.3536328125,1.0536
71.0,-79.5,2026-10-02 23:13:35,9.761376953125023,89.92475271224976,44.82335313711316,1009.3536328125,1.0536
71.0,-79.0,2026-10-02 23:13:35,9.761376953125023,89.92475271224976,44.82335313711316,1009.3536328125,1.0536
71.0,-78.5,2026-10-02 23:13:35,9.761376953125023,89.92475271224976,44.82335313711316,1009.3536328125,1.0536
71.0,-78.0,2026-10-02 23:13:35,9.761376953125023,89.92475271224976,44.82335313711316,1009.3536328125,1.0536
71.0,-77.5,2026-10-02 23:13:35,9.761376953125023,89.92475271224976,44.82335313711316,1009.3536328125,1.0536
71.0,-77.0,2026-10-02 23:13:35,9.761376953125023,89.92475271224976,44.82335313711316,1009.3536328125,1.0536
71.0,-76.5,2026-10-02 23:13:35,9.761376953125023,89.92475271224976,44.82335313711316,1009.3536328125,1.0536
71.0,-76.0,2026-10-02 23:13:35,9.761376953125023,89.92475271224976,44.82335313711316,1009.3536328125,1.0536
71.0,-75.5,2026-10-02 23:13:35,9.761376953125023,89.92475271224976,44.82335313711316,1009.3536328125,1.0536
71.0,-75.0,2026-10-02 23:13:35,9.761376953125023,89.92475271224976,44.82335313711316,1009.3536328125,1.0536
71.0,-74.5,2026-10-02 23:13:35,9.761376953125023,89.92475271224976,44.82335313711316,1009.3536328125,1.0536
71.0,-74.0,2026-10-02 23:13:35,9.761376953125023,89.92475271224976,44.82335313711316,1009.3536328125,1.0536
71.0,-73.5,2026-10-02 23:13:35,9.761376953125023,89.92475271224976,44.82335313711316,1009.3536328125,1.0536
71.0,-73.0,2026-10-02 23:13:35,9.761376953125023,89.92475271224976,44.82335313711316,1009.3536328125,1.0536
71.0,-72.5,2026-10-02 23:13:35,9.761376953125023,89.92475271224976,44.82335313711316,1009.3536328125,1.0536
71.0,-72.0,2026-10-02 23:13:35,9.761376953125023,89.92475271224976,44.82335313711316,1009.3536328125,1.0536
71.0,-71.5,2026-10-02 23:13:35,9.761376953125023,89.92475271224976,44.82335313711316,1009.3536328125,1.0536
71.0,-71.0,2026-10-02 23:13:35,9.761376953125023,89.92475271224976,44.82335313711316,1009.3536328125,1.0536
71.0,-70.5,2026-10-02 23:13:35,9.761376953125023,89.92475271224976,44.82335313711316,1009.3536328125,1.0536
71.5,-124.0,2026-10-02 23:13:35,9.181506347656295,94.18964231014252,44.11395871326328,1007.61734375,1.1706
71.5,-123.5,2026-10-02 23:13:35,9.181506347656295,94.18964231014252,44.11395871326328,1007.61734375,1.1706
71.5,-123.0,2026-10-02 23:13:35,9.181506347656295,94.18964231014252,44.11395871326328,1007.61734375,1.1706
71.5,-122.5,2026-10-02 23:13:35,9.181506347656295,94.18964231014252,44.11395871326328,1007.61734375,1.1706
71.5,-122.0,2026-10-02 23:13:35,9.181506347656295,94.18964231014252,44.11395871326328,1007.61734375,1.1706
71.5,-121.5,2026-10-02 23:13:35,9.181506347656295,94.18964231014252,44.11395871326328,1007.61734375,1.1706
71.5,-121.0,2026-10-02 23:13:35,9.181506347656295,94.18964231014252,44.11395871326328,1007.61734375,1.1706
71.5,-120.5,2026-10-02 23:13:35,9.181506347656295,94.18964231014252,44.11395871326328,1007.61734375,1.1706
71.5,-119.0,2026-10-02 23:13:35,9.181506347656295,94.18964231014252,44.11395871326328,1007.61734375,1.1706
71.5,-118.5,2026-10-02 23:13:35,9.181506347656295,94.18964231014252,44.11395871326328,1007.61734375,1.1706
71.5,-118.0,2026-10-02 23:13:35,9.181506347656295,94.18964231014252,44.11395871326328,1007.61734375,1.1706
71.5,-117.5,2026-10-02 23:13:35,9.181506347656295,94.18964231014252,44.11395871326328,1007.61734375,1.1706
71.5,-117.0,2026-10-02 23:13:35,9.181506347656295,94.18964231014252,44.11395871326328,1007.61734375,1.1706
71.5,-116.5,2026-10-02 23:13:35,9.181506347656295,94.18964231014252,44.11395871326328,1007.61734375,1.1706
71.5,-116.0,2026-10-02 23:13:35,9.181506347656295,94.18964231014252,44.11395871326328,1007.61734375,1.1706
71.5,-115.5,2026-10-02 23:13:35,9.181506347656295,94.18964231014252,44.11395871326328,1007.61734375,1.1706
71.5,-115.0,2026-10-02 23:13:35,9.181506347656295,94.18964231014252,44.11395871326328,1007.61734375,1.1706
71.5,-114.5,2026-10-02 23:13:35,9.181506347656295,94.18964231014252,44.11395871326328,1007.61734375,1.1706
71.5,-114.0,2026-10-02 23:13:35,9.181506347656295,94.18964231014252,44.11395871326328,1007.61734375,1.1706
71.5,-113.5,2026-10-02 23:13:35,9.181506347656295,94.18964231014252,44.11395871326328,1007.61734375,1.1706
71.5,-113.0,2026-10-02 23:13:35,9.181506347656295,94.18964231014252,44.11395871326328,1007.61734375,1.1706
71.5,-112.5,2026-10-02 23:13:35,9.181506347656295,94.18964231014252,44.11395871326328,1007.61734375,1.1706
71.5,-112.0,2026-10-02 23:13:35,9.181506347656295,94.18964231014252,44.11395871326328,1007.61734375,1.1706
71.5,-111.5,2026-10-02 23:13:35,9.181506347656295,94.18964231014252,44.11395871326328,1007.61734375,1.1706
71.5,-111.0,2026-10-02 23:13:35,9.181506347656295,94.18964231014252,44.11395871326328,1007.61734375,1.1706
71.5,-110.5,2026-10-02 23:13:35,9.181506347656295,94.18964231014252,44.11395871326328,1007.61734375,1.1706
71.5,-110.0,2026-10-02 23:13:35,9.181506347656295,94.18964231014252,44.11395871326328,1007.61734375,1.1706
71.5,-109.5,2026-10-02 23:13:35,9.181506347656295,94.18964231014252,44.11395871326328,1007.61734375,1.1706
71.5,-109.0,2026-10-02 23:13:35,9.181506347656295,94.18964231014252,44.11395871326328,1007.61734375,1.1706
71.5,-108.5,2026-10-02 23:13:35,9.181506347656295,94.18964231014252,44.11395871326328,1007.61734375,1.1706
71.5,-108.0,2026-10-02 23:13:35,9.181506347656295,94.18964231014252,44.11395871326328,1007.61734375,1.1706
71.5,-107.5,2026-10-02 23:13:35,9.181506347656295,94.18964231014252,44.11395871326328,1007.61734375,1.1706
71.5,-107.0,2026-10-02 23:13:35,9.181506347656295,94.18964231014252,44.11395871326328,1007.61734375,1.1706
71.5,-106.5,2026-10-02 23:13:35,9.181506347656295,94.18964231014252,44.11395871326328,1007.61734375,1.1706
71.5,-106.0,2026-10-02 23:13:35,9.181506347656295,94.18964231014252,44.11395871326328,1007.61734375,1.1706
71.5,-105.5,2026-10-02 23:13:35,9.181506347656295,94.18964231014252,44.11395871326328,1007.61734375,1.1706
71.5,-105.0,2026-10-02 23:13:35,9.181506347656295,94.18964231014252,44.11395871326328,1007.61734375,1.1706
71.5,-104.5,2026-10-02 23:13:35,9.181506347656295,94.18964231014252,44.11395871326328,1007.61734375,1.1706
71.5,-99.5,2026-10-02 23:13:35,9.061376953125034,91.17475271224976,44.64335313711316,1008.9536328125,1.1706
71.5,-99.0,2026-10-02 23:13:35,9.061376953125034,91.17475271224976,44.64335313711316,1008.9536328125,1.1706
71.5,-98.5,2026-10-02 23:13:35,9.061376953125034,91.17475271224976,44.64335313711316,1008.9536328125,1.1706
71.5,-98.0,2026-10-02 23:13:35,9.061376953125034,91.17475271224976,44.64335313711316,1008.9536328125,1.1706
71.5,-96.0,2026-10-02 23:13:35,9.061376953125034,91.17475271224976,44.64335313711316,1008.9536328125,1.1706
71.5,-95.5,2026-10-02 23:13:35,9.061376953125034,91.17475271224976,44.64335313711316,1008.9536328125,1.1706
71.5,-95.0,2026-10-02 23:13:35,9.061376953125034,91.17475271224976,44.64335313711316,1008.9536328125,1.1706
71.5,-94.5,2026-10-02 23:13:35,9.061376953125034,91.17475271224976,44.64335313711316,1008.9536328125,1.1706
71.5,-94.0,2026-10-02 23:13:35,9.061376953125034,91.17475271224976,44.64335313711316,1008.9536328125,1.1706
71.5,-93.5,2026-10-02 23:13:35,9.061376953125034,91.17475271224976,44.64335313711316,1008.9536328125,1.1706
71.5,-93.0,2026-10-02 23:13:35,9.061376953125034,91.17475271224976,44.64335313711316,1008.9536328125,1.1706
71.5,-90.0,2026-10-02 23:13:35,9.061376953125034,91.17475271224976,44.64335313711316,1008.9536328125,1.1706
71.5,-89.5,2026-10-02 23:13:35,9.061376953125034,91.17475271224976,44.64335313711316,1008.9536328125,1.1706
71.5,-89.0,2026-10-02 23:13:35,9.061376953125034,91.17475271224976,44.64335313711316,1008.9536328125,1.1706
71.5,-88.5,2026-10-02 23:13:35,9.061376953125034,91.17475271224976,44.64335313711316,1008.9536328125,1.1706
71.5,-88.0,2026-10-02 23:13:35,9.061376953125034,91.17475271224976,44.64335313711316,1008.9536328125,1.1706
71.5,-87.5,2026-10-02 23:13:35,9.061376953125034,91.17475271224976,44.64335313711316,1008.9536328125,1.1706
71.5,-87.0,2026-10-02 23:13:35,9.061376953125034,91.17475271224976,44.64335313711316,1008.9536328125,1.1706
71.5,-86.5,2026-10-02 23:13:35,9.061376953125034,91.17475271224976,44.64335313711316,1008.9536328125,1.1706
71.5,-86.0,2026-10-02 23:13:35,9.061376953125034,91.17475271224976,44.64335313711316,1008.9536328125,1.1706
71.5,-85.5,2026-10-02 23:13:35,9.061376953125034,91.17475271224976,44.64335313711316,1008.9536328125,1.1706
71.5,-85.0,2026-10-02 23:13:35,9.061376953125034,91.17475271224976,44.64335313711316,1008.9536328125,1.1706
71.5,-84.5,2026-10-02 23:13:35,9.061376953125034,91.17475271224976,44.64335313711316,1008.9536328125,1.1706
71.5,-84.0,2026-10-02 23:13:35,9.061376953125034,91.17475271224976,44.64335313711316,1008.9536328125,1.1706
71.5,-83.5,2026-10-02 23:13:35,9.061376953125034,91.17475271224976,44.64335313711316,1008.9536328125,1.1706
71.5,-83.0,2026-10-02 23:13:35,9.061376953125034,91.17475271224976,44.64335313711316,1008.9536328125,1.1706
71.5,-82.5,2026-10-02 23:13:35,9.061376953125034,91.17475271224976,44.64335313711316,1008.9536328125,1.1706
71.5,-82.0,2026-10-02 23:13:35,9.061376953125034,91.17475271224976,44.64335313711316,1008.9536328125,1.1706
71.5,-81.5,2026-10-02 23:13:35,9.061376953125034,91.17475271224976,44.64335313711316,1008.9536328125,1.1706
71.5,-81.0,2026-10-02 23:13:35,9.061376953125034,91.17475271224976,44.64335313711316,1008.9536328125,1.1706
71.5,-80.5,2026-10-02 23:13:35,9.061376953125034,91.17475271224976,44.64335313711316,1008.9536328125,1.1706
71.5,-80.0,2026-10-02 23:13:35,9.061376953125034,91.17475271224976,44.64335313711316,1008.9536328125,1.1706
71.5,-79.5,2026-10-02 23:13:35,9.061376953125034,91.17475271224976,44.64335313711316,1008.9536328125,1.1706
71.5,-79.0,2026-10-02 23:13:35,9.061376953125034,91.17475271224976,44.64335313711316,1008.9536328125,1.1706
71.5,-78.5,2026-10-02 23:13:35,9.061376953125034,91.17475271224976,44.64335313711316,1008.9536328125,1.1706
71.5,-78.0,2026-10-02 23:13:35,9.061376953125034,91.17475271224976,44.64335313711316,1008.9536328125,1.1706
71.5,-77.5,2026-10-02 23:13:35,9.061376953125034,91.17475271224976,44.64335313711316,1008.9536328125,1.1706
71.5,-77.0,2026-10-02 23:13:35,9.061376953125034,91.17475271224976,44.64335313711316,1008.9536328125,1.1706
71.5,-76.5,2026-10-02 23:13:35,9.061376953125034,91.17475271224976,44.64335313711316,1008.9536328125,1.1706
71.5,-76.0,2026-10-02 23:13:35,9.061376953125034,91.17475271224976,44.64335313711316,1008.9536328125,1.1706
71.5,-75.5,2026-10-02 23:13:35,9.061376953125034,91.17475271224976,44.64335313711316,1008.9536328125,1.1706
71.5,-75.0,2026-10-02 23:13:35,9.061376953125034,91.17475271224976,44.64335313711316,1008.9536328125,1.1706
71.5,-74.5,2026-10-02 23:13:35,9.061376953125034,91.17475271224976,44.64335313711316,1008.9536328125,1.1706
71.5,-74.0,2026-10-02 23:13:35,9.061376953125034,91.17475271224976,44.64335313711316,1008.9536328125,1.1706
71.5,-73.5,2026-10-02 23:13:35,9.061376953125034,91.17475271224976,44.64335313711316,1008.9536328125,1.1706
71.5,-73.0,2026-10-02 23:13:35,9.061376953125034,91.17475271224976,44.64335313711316,1008.9536328125,1.1706
71.5,-72.5,2026-10-02 23:13:35,9.061376953125034,91.17475271224976,44.64335313711316,1008.9536328125,1.1706
71.5,-72.0,2026-10-02 23:13:35,9.061376953125034,91.17475271224976,44.64335313711316,1008.9536328125,1.1706
71.5,-71.5,2026-10-02 23:13:35,9.061376953125034,91.17475271224976,44.64335313711316,1008.9536328125,1.1706
72.0,-126.0,2026-10-02 23:13:35,9.031506347656261,91.68964231014252,45.37395871326328,1007.37734375,1.25665
72.0,-125.5,2026-10-02 23:13:35,9.031506347656261,91.68964231014252,45.37395871326328,1007.37734375,1.25665
72.0,-125.0,2026-10-02 23:13:35,9.031506347656261,91.68964231014252,45.37395871326328,1007.37734375,1.25665
72.0,-124.5,2026-10-02 23:13:35,9.031506347656261,91.68964231014252,45.37395871326328,1007.37734375,1.25665
72.0,-124.0,2026-10-02 23:13:35,9.031506347656261,91.68964231014252,45.37395871326328,1007.37734375,1.25665
72.0,-123.5,2026-10-02 23:13:35,9.031506347656261,91.68964231014252,45.37395871326328,1007.37734375,1.25665
72.0,-123.0,2026-10-02 23:13:35,9.031506347656261,91.68964231014252,45.37395871326328,1007.37734375,1.25665
72.0,-122.5,2026-10-02 23:13:35,9.031506347656261,91.68964231014252,45.37395871326328,1007.37734375,1.25665
72.0,-122.0,2026-10-02 23:13:35,9.031506347656261,91.68964231014252,45.37395871326328,1007.37734375,1.25665
72.0,-121.5,2026-10-02 23:13:35,9.031506347656261,91.68964231014252,45.37395871326328,1007.37734375,1.25665
72.0,-121.0,2026-10-02 23:13:35,9.031506347656261,91.68964231014252,45.37395871326328,1007.37734375,1.25665
72.0,-120.5,2026-10-02 23:13:35,9.031506347656261,91.68964231014252,45.37395871326328,1007.37734375,1.25665
72.0,-119.0,2026-10-02 23:13:35,9.031506347656261,91.68964231014252,45.37395871326328,1007.37734375,1.25665
72.0,-118.5,2026-10-02 23:13:35,9.031506347656261,91.68964231014252,45.37395871326328,1007.37734375,1.25665
72.0,-118.0,2026-10-02 23:13:35,9.031506347656261,91.68964231014252,45.37395871326328,1007.37734375,1.25665
72.0,-117.5,2026-10-02 23:13:35,9.031506347656261,91.68964231014252,45.37395871326328,1007.37734375,1.25665
72.0,-117.0,2026-10-02 23:13:35,9.031506347656261,91.68964231014252,45.37395871326328,1007.37734375,1.25665
72.0,-116.5,2026-10-02 23:13:35,9.031506347656261,91.68964231014252,45.37395871326328,1007.37734375,1.25665
72.0,-116.0,2026-10-02 23:13:35,9.031506347656261,91.68964231014252,45.37395871326328,1007.37734375,1.25665
72.0,-115.5,2026-10-02 23:13:35,9.031506347656261,91.68964231014252,45.37395871326328,1007.37734375,1.25665
72.0,-115.0,2026-10-02 23:13:35,9.031506347656261,91.68964231014252,45.37395871326328,1007.37734375,1.25665
72.0,-114.5,2026-10-02 23:13:35,9.031506347656261,91.68964231014252,45.37395871326328,1007.37734375,1.25665
72.0,-114.0,2026-10-02 23:13:35,9.031506347656261,91.68964231014252,45.37395871326328,1007.37734375,1.25665
72.0,-113.5,2026-10-02 23:13:35,9.031506347656261,91.68964231014252,45.37395871326328,1007.37734375,1.25665
72.0,-113.0,2026-10-02 23:13:35,9.031506347656261,91.68964231014252,45.37395871326328,1007.37734375,1.25665
72.0,-112.5,2026-10-02 23:13:35,9.031506347656261,91.68964231014252,45.37395871326328,1007.37734375,1.25665
72.0,-112.0,2026-10-02 23:13:35,9.031506347656261,91.68964231014252,45.37395871326328,1007.37734375,1.25665
72.0,-111.5,2026-10-02 23:13:35,9.031506347656261,91.68964231014252,45.37395871326328,1007.37734375,1.25665
72.0,-111.0,2026-10-02 23:13:35,9.031506347656261,91.68964231014252,45.37395871326328,1007.37734375,1.25665
72.0,-110.5,2026-10-02 23:13:35,9.031506347656261,91.68964231014252,45.37395871326328,1007.37734375,1.25665
72.0,-110.0,2026-10-02 23:13:35,9.031506347656261,91.68964231014252,45.37395871326328,1007.37734375,1.25665
72.0,-109.5,2026-10-02 23:13:35,9.031506347656261,91.68964231014252,45.37395871326328,1007.37734375,1.25665
72.0,-109.0,2026-10-02 23:13:35,9.031506347656261,91.68964231014252,45.37395871326328,1007.37734375,1.25665
72.0,-108.5,2026-10-02 23:13:35,9.031506347656261,91.68964231014252,45.37395871326328,1007.37734375,1.25665
72.0,-108.0,2026-10-02 23:13:35,9.031506347656261,91.68964231014252,45.37395871326328,1007.37734375,1.25665
72.0,-107.5,2026-10-02 23:13:35,9.031506347656261,91.68964231014252,45.37395871326328,1007.37734375,1.25665
72.0,-107.0,2026-10-02 23:13:35,9.031506347656261,91.68964231014252,45.37395871326328,1007.37734375,1.25665
72.0,-106.5,2026-10-02 23:13:35,9.031506347656261,91.68964231014252,45.37395871326328,1007.37734375,1.25665
72.0,-106.0,2026-10-02 23:13:35,9.031506347656261,91.68964231014252,45.37395871326328,1007.37734375,1.25665
72.0,-105.5,2026-10-02 23:13:35,9.031506347656261,91.68964231014252,45.37395871326328,1007.37734375,1.25665
72.0,-105.0,2026-10-02 23:13:35,9.031506347656261,91.68964231014252,45.37395871326328,1007.37734375,1.25665
72.0,-100.5,2026-10-02 23:13:35,8.511376953125023,90.92475271224976,41.40335313711316,1008.8736328125,1.25665
72.0,-100.0,2026-10-02 23:13:35,8.511376953125023,90.92475271224976,41.40335313711316,1008.8736328125,1.25665
72.0,-99.5,2026-10-02 23:13:35,8.511376953125023,90.92475271224976,41.40335313711316,1008.8736328125,1.25665
72.0,-99.0,2026-10-02 23:13:35,8.511376953125023,90.92475271224976,41.40335313711316,1008.8736328125,1.25665
72.0,-98.5,2026-10-02 23:13:35,8.511376953125023,90.92475271224976,41.40335313711316,1008.8736328125,1.25665
72.0,-98.0,2026-10-02 23:13:35,8.511376953125023,90.92475271224976,41.40335313711316,1008.8736328125,1.25665
72.0,-97.5,2026-10-02 23:13:35,8.511376953125023,90.92475271224976,41.40335313711316,1008.8736328125,1.25665
72.0,-97.0,2026-10-02 23:13:35,8.511376953125023,90.92475271224976,41.40335313711316,1008.8736328125,1.25665
72.0,-96.5,2026-10-02 23:13:35,8.511376953125023,90.92475271224976,41.40335313711316,1008.8736328125,1.25665
72.0,-95.5,2026-10-02 23:13:35,8.511376953125023,90.92475271224976,41.40335313711316,1008.8736328125,1.25665
72.0,-95.0,2026-10-02 23:13:35,8.511376953125023,90.92475271224976,41.40335313711316,1008.8736328125,1.25665
72.0,-94.5,2026-10-02 23:13:35,8.511376953125023,90.92475271224976,41.40335313711316,1008.8736328125,1.25665
72.0,-94.0,2026-10-02 23:13:35,8.511376953125023,90.92475271224976,41.40335313711316,1008.8736328125,1.25665
72.0,-90.0,2026-10-02 23:13:35,8.511376953125023,90.92475271224976,41.40335313711316,1008.8736328125,1.25665
72.0,-89.5,2026-10-02 23:13:35,8.511376953125023,90.92475271224976,41.40335313711316,1008.8736328125,1.25665
72.0,-89.0,2026-10-02 23:13:35,8.511376953125023,90.92475271224976,41.40335313711316,1008.8736328125,1.25665
72.0,-88.5,2026-10-02 23:13:35,8.511376953125023,90.92475271224976,41.40335313711316,1008.8736328125,1.25665
72.0,-88.0,2026-10-02 23:13:35,8.511376953125023,90.92475271224976,41.40335313711316,1008.8736328125,1.25665
72.0,-87.5,2026-10-02 23:13:35,8.511376953125023,90.92475271224976,41.40335313711316,1008.8736328125,1.25665
72.0,-87.0,2026-10-02 23:13:35,8.511376953125023,90.92475271224976,41.40335313711316,1008.8736328125,1.25665
72.0,-86.5,2026-10-02 23:13:35,8.511376953125023,90.92475271224976,41.40335313711316,1008.8736328125,1.25665
72.0,-86.0,2026-10-02 23:13:35,8.511376953125023,90.92475271224976,41.40335313711316,1008.8736328125,1.25665
72.0,-85.5,2026-10-02 23:13:35,8.511376953125023,90.92475271224976,41.40335313711316,1008.8736328125,1.25665
72.0,-85.0,2026-10-02 23:13:35,8.511376953125023,90.92475271224976,41.40335313711316,1008.8736328125,1.25665
72.0,-84.5,2026-10-02 23:13:35,8.511376953125023,90.92475271224976,41.40335313711316,1008.8736328125,1.25665
72.0,-84.0,2026-10-02 23:13:35,8.511376953125023,90.92475271224976,41.40335313711316,1008.8736328125,1.25665
72.0,-83.5,2026-10-02 23:13:35,8.511376953125023,90.92475271224976,41.40335313711316,1008.8736328125,1.25665
72.0,-83.0,2026-10-02 23:13:35,8.511376953125023,90.92475271224976,41.40335313711316,1008.8736328125,1.25665
72.0,-82.5,2026-10-02 23:13:35,8.511376953125023,90.92475271224976,41.40335313711316,1008.8736328125,1.25665
72.0,-82.0,2026-10-02 23:13:35,8.511376953125023,90.92475271224976,41.40335313711316,1008.8736328125,1.25665
72.0,-81.5,2026-10-02 23:13:35,8.511376953125023,90.92475271224976,41.40335313711316,1008.8736328125,1.25665
72.0,-81.0,2026-10-02 23:13:35,8.511376953125023,90.92475271224976,41.40335313711316,1008.8736328125,1.25665
72.0,-80.5,2026-10-02 23:13:35,8.511376953125023,90.92475271224976,41.40335313711316,1008.8736328125,1.25665
72.0,-80.0,2026-10-02 23:13:35,8.511376953125023,90.92475271224976,41.40335313711316,1008.8736328125,1.25665
72.0,-79.5,2026-10-02 23:13:35,8.511376953125023,90.92475271224976,41.40335313711316,1008.8736328125,1.25665
72.0,-79.0,2026-10-02 23:13:35,8.511376953125023,90.92475271224976,41.40335313711316,1008.8736328125,1.25665
72.0,-78.5,2026-10-02 23:13:35,8.511376953125023,90.92475271224976,41.40335313711316,1008.8736328125,1.25665
72.0,-78.0,2026-10-02 23:13:35,8.511376953125023,90.92475271224976,41.40335313711316,1008.8736328125,1.25665
72.0,-77.5,2026-10-02 23:13:35,8.511376953125023,90.92475271224976,41.40335313711316,1008.8736328125,1.25665
72.0,-77.0,2026-10-02 23:13:35,8.511376953125023,90.92475271224976,41.40335313711316,1008.8736328125,1.25665
72.0,-76.5,2026-10-02 23:13:35,8.511376953125023,90.92475271224976,41.40335313711316,1008.8736328125,1.25665
72.0,-76.0,2026-10-02 23:13:35,8.511376953125023,90.92475271224976,41.40335313711316,1008.8736328125,1.25665
72.0,-75.5,2026-10-02 23:13:35,8.511376953125023,90.92475271224976,41.40335313711316,1008.8736328125,1.25665
72.0,-75.0,2026-10-02 23:13:35,8.511376953125023,90.92475271224976,41.40335313711316,1008.8736328125,1.25665
72.0,-74.5,2026-10-02 23:13:35,8.511376953125023,90.92475271224976,41.40335313711316,1008.8736328125,1.25665
72.0,-74.0,2026-10-02 23:13:35,8.511376953125023,90.92475271224976,41.40335313711316,1008.8736328125,1.25665
72.5,-125.5,2026-10-02 23:13:35,8.381506347656284,92.93964231014252,44.29395871326327,1007.21734375,1.4868000000000001
72.5,-125.0,2026-10-02 23:13:35,8.381506347656284,92.93964231014252,44.29395871326327,1007.21734375,1.4868000000000001
72.5,-124.5,2026-10-02 23:13:35,8.381506347656284,92.93964231014252,44.29395871326327,1007.21734375,1.4868000000000001
72.5,-124.0,2026-10-02 23:13:35,8.381506347656284,92.93964231014252,44.29395871326327,1007.21734375,1.4868000000000001
72.5,-123.5,2026-10-02 23:13:35,8.381506347656284,92.93964231014252,44.29395871326327,1007.21734375,1.4868000000000001
72.5,-123.0,2026-10-02 23:13:35,8.381506347656284,92.93964231014252,44.29395871326327,1007.21734375,1.4868000000000001
72.5,-122.5,2026-10-02 23:13:35,8.381506347656284,92.93964231014252,44.29395871326327,1007.21734375,1.4868000000000001
72.5,-122.0,2026-10-02 23:13:35,8.381506347656284,92.93964231014252,44.29395871326327,1007.21734375,1.4868000000000001
72.5,-121.5,2026-10-02 23:13:35,8.381506347656284,92.93964231014252,44.29395871326327,1007.21734375,1.4868000000000001
72.5,-121.0,2026-10-02 23:13:35,8.381506347656284,92.93964231014252,44.29395871326327,1007.21734375,1.4868000000000001
72.5,-120.5,2026-10-02 23:13:35,8.381506347656284,92.93964231014252,44.29395871326327,1007.21734375,1.4868000000000001
72.5,-120.0,2026-10-02 23:13:35,8.381506347656284,92.93964231014252,44.29395871326327,1007.21734375,1.4868000000000001
72.5,-119.5,2026-10-02 23:13:35,8.381506347656284,92.93964231014252,44.29395871326327,1007.21734375,1.4868000000000001
72.5,-119.0,2026-10-02 23:13:35,8.381506347656284,92.93964231014252,44.29395871326327,1007.21734375,1.4868000000000001
72.5,-118.5,2026-10-02 23:13:35,8.381506347656284,92.93964231014252,44.29395871326327,1007.21734375,1.4868000000000001
72.5,-118.0,2026-10-02 23:13:35,8.381506347656284,92.93964231014252,44.29395871326327,1007.21734375,1.4868000000000001
72.5,-117.5,2026-10-02 23:13:35,8.381506347656284,92.93964231014252,44.29395871326327,1007.21734375,1.4868000000000001
72.5,-117.0,2026-10-02 23:13:35,8.381506347656284,92.93964231014252,44.29395871326327,1007.21734375,1.4868000000000001
72.5,-116.5,2026-10-02 23:13:35,8.381506347656284,92.93964231014252,44.29395871326327,1007.21734375,1.4868000000000001
72.5,-116.0,2026-10-02 23:13:35,8.381506347656284,92.93964231014252,44.29395871326327,1007.21734375,1.4868000000000001
72.5,-115.5,2026-10-02 23:13:35,8.381506347656284,92.93964231014252,44.29395871326327,1007.21734375,1.4868000000000001
72.5,-115.0,2026-10-02 23:13:35,8.381506347656284,92.93964231014252,44.29395871326327,1007.21734375,1.4868000000000001
72.5,-114.5,2026-10-02 23:13:35,8.381506347656284,92.93964231014252,44.29395871326327,1007.21734375,1.4868000000000001
72.5,-114.0,2026-10-02 23:13:35,8.381506347656284,92.93964231014252,44.29395871326327,1007.21734375,1.4868000000000001
72.5,-113.5,2026-10-02 23:13:35,8.381506347656284,92.93964231014252,44.29395871326327,1007.21734375,1.4868000000000001
72.5,-113.0,2026-10-02 23:13:35,8.381506347656284,92.93964231014252,44.29395871326327,1007.21734375,1.4868000000000001
72.5,-112.5,2026-10-02 23:13:35,8.381506347656284,92.93964231014252,44.29395871326327,1007.21734375,1.4868000000000001
72.5,-112.0,2026-10-02 23:13:35,8.381506347656284,92.93964231014252,44.29395871326327,1007.21734375,1.4868000000000001
72.5,-111.5,2026-10-02 23:13:35,8.381506347656284,92.93964231014252,44.29395871326327,1007.21734375,1.4868000000000001
72.5,-111.0,2026-10-02 23:13:35,8.381506347656284,92.93964231014252,44.29395871326327,1007.21734375,1.4868000000000001
72.5,-110.5,2026-10-02 23:13:35,8.381506347656284,92.93964231014252,44.29395871326327,1007.21734375,1.4868000000000001
72.5,-110.0,2026-10-02 23:13:35,8.381506347656284,92.93964231014252,44.29395871326327,1007.21734375,1.4868000000000001
72.5,-109.5,2026-10-02 23:13:35,8.381506347656284,92.93964231014252,44.29395871326327,1007.21734375,1.4868000000000001
72.5,-109.0,2026-10-02 23:13:35,8.381506347656284,92.93964231014252,44.29395871326327,1007.21734375,1.4868000000000001
72.5,-108.5,2026-10-02 23:13:35,8.381506347656284,92.93964231014252,44.29395871326327,1007.21734375,1.4868000000000001
72.5,-108.0,2026-10-02 23:13:35,8.381506347656284,92.93964231014252,44.29395871326327,1007.21734375,1.4868000000000001
72.5,-107.5,2026-10-02 23:13:35,8.381506347656284,92.93964231014252,44.29395871326327,1007.21734375,1.4868000000000001
72.5,-107.0,2026-10-02 23:13:35,8.381506347656284,92.93964231014252,44.29395871326327,1007.21734375,1.4868000000000001
72.5,-106.5,2026-10-02 23:13:35,8.381506347656284,92.93964231014252,44.29395871326327,1007.21734375,1.4868000000000001
72.5,-106.0,2026-10-02 23:13:35,8.381506347656284,92.93964231014252,44.29395871326327,1007.21734375,1.4868000000000001
72.5,-105.5,2026-10-02 23:13:35,8.381506347656284,92.93964231014252,44.29395871326327,1007.21734375,1.4868000000000001
72.5,-105.0,2026-10-02 23:13:35,8.381506347656284,92.93964231014252,44.29395871326327,1007.21734375,1.4868000000000001
72.5,-102.5,2026-10-02 23:13:35,8.381506347656284,92.93964231014252,44.29395871326327,1007.21734375,1.4868000000000001
72.5,-102.0,2026-10-02 23:13:35,8.381506347656284,92.93964231014252,44.29395871326327,1007.21734375,1.4868000000000001
72.5,-101.5,2026-10-02 23:13:35,7.8613769531250455,91.42475271224976,37.08335313711316,1008.8736328125,1.4868000000000001
72.5,-101.0,2026-10-02 23:13:35,7.8613769531250455,91.42475271224976,37.08335313711316,1008.8736328125,1.4868000000000001
72.5,-100.5,2026-10-02 23:13:35,7.8613769531250455,91.42475271224976,37.08335313711316,1008.8736328125,1.4868000000000001
72.5,-100.0,2026-10-02 23:13:35,7.8613769531250455,91.42475271224976,37.08335313711316,1008.8736328125,1.4868000000000001
72.5,-99.5,2026-10-02 23:13:35,7.8613769531250455,91.42475271224976,37.08335313711316,1008.8736328125,1.4868000000000001
72.5,-99.0,2026-10-02 23:13:35,7.8613769531250455,91.42475271224976,37.08335313711316,1008.8736328125,1.4868000000000001
72.5,-98.5,2026-10-02 23:13:35,7.8613769531250455,91.42475271224976,37.08335313711316,1008.8736328125,1.4868000000000001
72.5,-98.0,2026-10-02 23:13:35,7.8613769531250455,91.42475271224976,37.08335313711316,1008.8736328125,1.4868000000000001
72.5,-97.5,2026-10-02 23:13:35,7.8613769531250455,91.42475271224976,37.08335313711316,1008.8736328125,1.4868000000000001
72.5,-97.0,2026-10-02 23:13:35,7.8613769531250455,91.42475271224976,37.08335313711316,1008.8736328125,1.4868000000000001
72.5,-96.5,2026-10-02 23:13:35,7.8613769531250455,91.42475271224976,37.08335313711316,1008.8736328125,1.4868000000000001
72.5,-95.5,2026-10-02 23:13:35,7.8613769531250455,91.42475271224976,37.08335313711316,1008.8736328125,1.4868000000000001
72.5,-95.0,2026-10-02 23:13:35,7.8613769531250455,91.42475271224976,37.08335313711316,1008.8736328125,1.4868000000000001
72.5,-94.5,2026-10-02 23:13:35,7.8613769531250455,91.42475271224976,37.08335313711316,1008.8736328125,1.4868000000000001
72.5,-94.0,2026-10-02 23:13:35,7.8613769531250455,91.42475271224976,37.08335313711316,1008.8736328125,1.4868000000000001
72.5,-93.5,2026-10-02 23:13:35,7.8613769531250455,91.42475271224976,37.08335313711316,1008.8736328125,1.4868000000000001
72.5,-90.0,2026-10-02 23:13:35,7.8613769531250455,91.42475271224976,37.08335313711316,1008.8736328125,1.4868000000000001
72.5,-89.5,2026-10-02 23:13:35,7.8613769531250455,91.42475271224976,37.08335313711316,1008.8736328125,1.4868000000000001
72.5,-89.0,2026-10-02 23:13:35,7.8613769531250455,91.42475271224976,37.08335313711316,1008.8736328125,1.4868000000000001
72.5,-88.5,2026-10-02 23:13:35,7.8613769531250455,91.42475271224976,37.08335313711316,1008.8736328125,1.4868000000000001
72.5,-88.0,2026-10-02 23:13:35,7.8613769531250455,91.42475271224976,37.08335313711316,1008.8736328125,1.4868000000000001
72.5,-87.5,2026-10-02 23:13:35,7.8613769531250455,91.42475271224976,37.08335313711316,1008.8736328125,1.4868000000000001
72.5,-87.0,2026-10-02 23:13:35,7.8613769531250455,91.42475271224976,37.08335313711316,1008.8736328125,1.4868000000000001
72.5,-86.5,2026-10-02 23:13:35,7.8613769531250455,91.42475271224976,37.08335313711316,1008.8736328125,1.4868000000000001
72.5,-86.0,2026-10-02 23:13:35,7.8613769531250455,91.42475271224976,37.08335313711316,1008.8736328125,1.4868000000000001
72.5,-85.5,2026-10-02 23:13:35,7.8613769531250455,91.42475271224976,37.08335313711316,1008.8736328125,1.4868000000000001
72.5,-85.0,2026-10-02 23:13:35,7.8613769531250455,91.42475271224976,37.08335313711316,1008.8736328125,1.4868000000000001
72.5,-84.5,2026-10-02 23:13:35,7.8613769531250455,91.42475271224976,37.08335313711316,1008.8736328125,1.4868000000000001
72.5,-84.0,2026-10-02 23:13:35,7.8613769531250455,91.42475271224976,37.08335313711316,1008.8736328125,1.4868000000000001
72.5,-83.5,2026-10-02 23:13:35,7.8613769531250455,91.42475271224976,37.08335313711316,1008.8736328125,1.4868000000000001
72.5,-83.0,2026-10-02 23:13:35,7.8613769531250455,91.42475271224976,37.08335313711316,1008.8736328125,1.4868000000000001
72.5,-82.5,2026-10-02 23:13:35,7.8613769531250455,91.42475271224976,37.08335313711316,1008.8736328125,1.4868000000000001
72.5,-82.0,2026-10-02 23:13:35,7.8613769531250455,91.42475271224976,37.08335313711316,1008.8736328125,1.4868000000000001
72.5,-81.5,2026-10-02 23:13:35,7.8613769531250455,91.42475271224976,37.08335313711316,1008.8736328125,1.4868000000000001
72.5,-81.0,2026-10-02 23:13:35,7.8613769531250455,91.42475271224976,37.08335313711316,1008.8736328125,1.4868000000000001
72.5,-80.5,2026-10-02 23:13:35,7.8613769531250455,91.42475271224976,37.08335313711316,1008.8736328125,1.4868000000000001
72.5,-80.0,2026-10-02 23:13:35,7.8613769531250455,91.42475271224976,37.08335313711316,1008.8736328125,1.4868000000000001
72.5,-79.5,2026-10-02 23:13:35,7.8613769531250455,91.42475271224976,37.08335313711316,1008.8736328125,1.4868000000000001
72.5,-78.5,2026-10-02 23:13:35,7.8613769531250455,91.42475271224976,37.08335313711316,1008.8736328125,1.4868000000000001
72.5,-78.0,2026-10-02 23:13:35,7.8613769531250455,91.42475271224976,37.08335313711316,1008.8736328125,1.4868000000000001
72.5,-77.5,2026-10-02 23:13:35,7.8613769531250455,91.42475271224976,37.08335313711316,1008.8736328125,1.4868000000000001
72.5,-77.0,2026-10-02 23:13:35,7.8613769531250455,91.42475271224976,37.08335313711316,1008.8736328125,1.4868000000000001
72.5,-76.5,2026-10-02 23:13:35,7.8613769531250455,91.42475271224976,37.08335313711316,1008.8736328125,1.4868000000000001
72.5,-76.0,2026-10-02 23:13:35,7.8613769531250455,91.42475271224976,37.08335313711316,1008.8736328125,1.4868000000000001
72.5,-75.5,2026-10-02 23:13:35,7.8613769531250455,91.42475271224976,37.08335313711316,1008.8736328125,1.4868000000000001
72.5,-75.0,2026-10-02 23:13:35,7.8613769531250455,91.42475271224976,37.08335313711316,1008.8736328125,1.4868000000000001
73.0,-125.0,2026-10-02 23:13:35,7.6815063476562955,92.93964231014252,40.69395871326328,1006.97734375,4.56395
73.0,-124.5,2026-10-02 23:13:35,7.6815063476562955,92.93964231014252,40.69395871326328,1006.97734375,4.56395
73.0,-124.0,2026-10-02 23:13:35,7.6815063476562955,92.93964231014252,40.69395871326328,1006.97734375,4.56395
73.0,-123.5,2026-10-02 23:13:35,7.6815063476562955,92.93964231014252,40.69395871326328,1006.97734375,4.56395
73.0,-123.0,2026-10-02 23:13:35,7.6815063476562955,92.93964231014252,40.69395871326328,1006.97734375,4.56395
73.0,-122.5,2026-10-02 23:13:35,7.6815063476562955,92.93964231014252,40.69395871326328,1006.97734375,4.56395
73.0,-122.0,2026-10-02 23:13:35,7.6815063476562955,92.93964231014252,40.69395871326328,1006.97734375,4.56395
73.0,-121.5,2026-10-02 23:13:35,7.6815063476562955,92.93964231014252,40.69395871326328,1006.97734375,4.56395
73.0,-121.0,2026-10-02 23:13:35,7.6815063476562955,92.93964231014252,40.69395871326328,1006.97734375,4.56395
73.0,-120.5,2026-10-02 23:13:35,7.6815063476562955,92.93964231014252,40.69395871326328,1006.97734375,4.56395
73.0,-120.0,2026-10-02 23:13:35,7.6815063476562955,92.93964231014252,40.69395871326328,1006.97734375,4.56395
73.0,-119.5,2026-10-02 23:13:35,7.6815063476562955,92.93964231014252,40.69395871326328,1006.97734375,4.56395
73.0,-119.0,2026-10-02 23:13:35,7.6815063476562955,92.93964231014252,40.69395871326328,1006.97734375,4.56395
73.0,-118.5,2026-10-02 23:13:35,7.6815063476562955,92.93964231014252,40.69395871326328,1006.97734375,4.56395
73.0,-118.0,2026-10-02 23:13:35,7.6815063476562955,92.93964231014252,40.69395871326328,1006.97734375,4.56395
73.0,-117.5,2026-10-02 23:13:35,7.6815063476562955,92.93964231014252,40.69395871326328,1006.97734375,4.56395
73.0,-117.0,2026-10-02 23:13:35,7.6815063476562955,92.93964231014252,40.69395871326328,1006.97734375,4.56395
73.0,-116.5,2026-10-02 23:13:35,7.6815063476562955,92.93964231014252,40.69395871326328,1006.97734375,4.56395
73.0,-116.0,2026-10-02 23:13:35,7.6815063476562955,92.93964231014252,40.69395871326328,1006.97734375,4.56395
73.0,-115.5,2026-10-02 23:13:35,7.6815063476562955,92.93964231014252,40.69395871326328,1006.97734375,4.56395
73.0,-115.0,2026-10-02 23:13:35,7.6815063476562955,92.93964231014252,40.69395871326328,1006.97734375,4.56395
73.0,-114.5,2026-10-02 23:13:35,7.6815063476562955,92.93964231014252,40.69395871326328,1006.97734375,4.56395
73.0,-114.0,2026-10-02 23:13:35,7.6815063476562955,92.93964231014252,40.69395871326328,1006.97734375,4.56395
73.0,-113.5,2026-10-02 23:13:35,7.6815063476562955,92.93964231014252,40.69395871326328,1006.97734375,4.56395
73.0,-113.0,2026-10-02 23:13:35,7.6815063476562955,92.93964231014252,40.69395871326328,1006.97734375,4.56395
73.0,-112.5,2026-10-02 23:13:35,7.6815063476562955,92.93964231014252,40.69395871326328,1006.97734375,4.56395
73.0,-111.0,2026-10-02 23:13:35,7.6815063476562955,92.93964231014252,40.69395871326328,1006.97734375,4.56395
73.0,-110.5,2026-10-02 23:13:35,7.6815063476562955,92.93964231014252,40.69395871326328,1006.97734375,4.56395
73.0,-110.0,2026-10-02 23:13:35,7.6815063476562955,92.93964231014252,40.69395871326328,1006.97734375,4.56395
73.0,-109.5,2026-10-02 23:13:35,7.6815063476562955,92.93964231014252,40.69395871326328,1006.97734375,4.56395
73.0,-108.5,2026-10-02 23:13:35,7.6815063476562955,92.93964231014252,40.69395871326328,1006.97734375,4.56395
73.0,-108.0,2026-10-02 23:13:35,7.6815063476562955,92.93964231014252,40.69395871326328,1006.97734375,4.56395
73.0,-107.5,2026-10-02 23:13:35,7.6815063476562955,92.93964231014252,40.69395871326328,1006.97734375,4.56395
73.0,-107.0,2026-10-02 23:13:35,7.6815063476562955,92.93964231014252,40.69395871326328,1006.97734375,4.56395
73.0,-106.5,2026-10-02 23:13:35,7.6815063476562955,92.93964231014252,40.69395871326328,1006.97734375,4.56395
73.0,-106.0,2026-10-02 23:13:35,7.6815063476562955,92.93964231014252,40.69395871326328,1006.97734375,4.56395
73.0,-105.5,2026-10-02 23:13:35,7.6815063476562955,92.93964231014252,40.69395871326328,1006.97734375,4.56395
73.0,-105.0,2026-10-02 23:13:35,7.6815063476562955,92.93964231014252,40.69395871326328,1006.97734375,4.56395
73.0,-102.5,2026-10-02 23:13:35,7.6815063476562955,92.93964231014252,40.69395871326328,1006.97734375,4.56395
73.0,-102.0,2026-10-02 23:13:35,7.6815063476562955,92.93964231014252,40.69395871326328,1006.97734375,4.56395
73.0,-101.5,2026-10-02 23:13:35,7.311376953125034,92.67475271224976,33.123353137113156,1008.7136328125,4.56395
73.0,-100.5,2026-10-02 23:13:35,7.311376953125034,92.67475271224976,33.123353137113156,1008.7136328125,4.56395
73.0,-100.0,2026-10-02 23:13:35,7.311376953125034,92.67475271224976,33.123353137113156,1008.7136328125,4.56395
73.0,-99.5,2026-10-02 23:13:35,7.311376953125034,92.67475271224976,33.123353137113156,1008.7136328125,4.56395
73.0,-99.0,2026-10-02 23:13:35,7.311376953125034,92.67475271224976,33.123353137113156,1008.7136328125,4.56395
73.0,-98.5,2026-10-02 23:13:35,7.311376953125034,92.67475271224976,33.123353137113156,1008.7136328125,4.56395
73.0,-98.0,2026-10-02 23:13:35,7.311376953125034,92.67475271224976,33.123353137113156,1008.7136328125,4.56395
73.0,-97.5,2026-10-02 23:13:35,7.311376953125034,92.67475271224976,33.123353137113156,1008.7136328125,4.56395
73.0,-97.0,2026-10-02 23:13:35,7.311376953125034,92.67475271224976,33.123353137113156,1008.7136328125,4.56395
73.0,-96.5,2026-10-02 23:13:35,7.311376953125034,92.67475271224976,33.123353137113156,1008.7136328125,4.56395
73.0,-96.0,2026-10-02 23:13:35,7.311376953125034,92.67475271224976,33.123353137113156,1008.7136328125,4.56395
73.0,-95.5,2026-10-02 23:13:35,7.311376953125034,92.67475271224976,33.123353137113156,1008.7136328125,4.56395
73.0,-95.0,2026-10-02 23:13:35,7.311376953125034,92.67475271224976,33.123353137113156,1008.7136328125,4.56395
73.0,-94.5,2026-10-02 23:13:35,7.311376953125034,92.67475271224976,33.123353137113156,1008.7136328125,4.56395
73.0,-94.0,2026-10-02 23:13:35,7.311376953125034,92.67475271224976,33.123353137113156,1008.7136328125,4.56395
73.0,-93.5,2026-10-02 23:13:35,7.311376953125034,92.67475271224976,33.123353137113156,1008.7136328125,4.56395
73.0,-93.0,2026-10-02 23:13:35,7.311376953125034,92.67475271224976,33.123353137113156,1008.7136328125,4.56395
73.0,-92.5,2026-10-02 23:13:35,7.311376953125034,92.67475271224976,33.123353137113156,1008.7136328125,4.56395
73.0,-92.0,2026-10-02 23:13:35,7.311376953125034,92.67475271224976,33.123353137113156,1008.7136328125,4.56395
73.0,-91.5,2026-10-02 23:13:35,7.311376953125034,92.67475271224976,33.123353137113156,1008.7136328125,4.56395
73.0,-89.5,2026-10-02 23:13:35,7.311376953125034,92.67475271224976,33.123353137113156,1008.7136328125,4.56395
73.0,-89.0,2026-10-02 23:13:35,7.311376953125034,92.67475271224976,33.123353137113156,1008.7136328125,4.56395
73.0,-88.5,2026-10-02 23:13:35,7.311376953125034,92.67475271224976,33.123353137113156,1008.7136328125,4.56395
73.0,-88.0,2026-10-02 23:13:35,7.311376953125034,92.67475271224976,33.123353137113156,1008.7136328125,4.56395
73.0,-87.5,2026-10-02 23:13:35,7.311376953125034,92.67475271224976,33.123353137113156,1008.7136328125,4.56395
73.0,-87.0,2026-10-02 23:13:35,7.311376953125034,92.67475271224976,33.123353137113156,1008.7136328125,4.56395
73.0,-86.5,2026-10-02 23:13:35,7.311376953125034,92.67475271224976,33.123353137113156,1008.7136328125,4.56395
73.0,-85.5,2026-10-02 23:13:35,7.311376953125034,92.67475271224976,33.123353137113156,1008.7136328125,4.56395
73.0,-85.0,2026-10-02 23:13:35,7.311376953125034,92.67475271224976,33.123353137113156,1008.7136328125,4.56395
73.0,-84.5,2026-10-02 23:13:35,7.311376953125034,92.67475271224976,33.123353137113156,1008.7136328125,4.56395
73.0,-84.0,2026-10-02 23:13:35,7.311376953125034,92.67475271224976,33.123353137113156,1008.7136328125,4.56395
73.0,-83.5,2026-10-02 23:13:35,7.311376953125034,92.67475271224976,33.123353137113156,1008.7136328125,4.56395
73.0,-83.0,2026-10-02 23:13:35,7.311376953125034,92.67475271224976,33.123353137113156,1008.7136328125,4.56395
73.0,-82.5,2026-10-02 23:13:35,7.311376953125034,92.67475271224976,33.123353137113156,1008.7136328125,4.56395
73.0,-82.0,2026-10-02 23:13:35,7.311376953125034,92.67475271224976,33.123353137113156,1008.7136328125,4.56395
73.0,-81.5,2026-10-02 23:13:35,7.311376953125034,92.67475271224976,33.123353137113156,1008.7136328125,4.56395
73.0,-81.0,2026-10-02 23:13:35,7.311376953125034,92.67475271224976,33.123353137113156,1008.7136328125,4.56395
73.0,-80.5,2026-10-02 23:13:35,7.311376953125034,92.67475271224976,33.123353137113156,1008.7136328125,4.56395
73.0,-80.0,2026-10-02 23:13:35,7.311376953125034,92.67475271224976,33.123353137113156,1008.7136328125,4.56395
73.0,-79.5,2026-10-02 23:13:35,7.311376953125034,92.67475271224976,33.123353137113156,1008.7136328125,4.56395
73.0,-79.0,2026-10-02 23:13:35,7.311376953125034,92.67475271224976,33.123353137113156,1008.7136328125,4.56395
73.0,-78.5,2026-10-02 23:13:35,7.311376953125034,92.67475271224976,33.123353137113156,1008.7136328125,4.56395
73.0,-78.0,2026-10-02 23:13:35,7.311376953125034,92.67475271224976,33.123353137113156,1008.7136328125,4.56395
73.0,-77.5,2026-10-02 23:13:35,7.311376953125034,92.67475271224976,33.123353137113156,1008.7136328125,4.56395
73.0,-77.0,2026-10-02 23:13:35,7.311376953125034,92.67475271224976,33.123353137113156,1008.7136328125,4.56395
73.0,-76.5,2026-10-02 23:13:35,7.311376953125034,92.67475271224976,33.123353137113156,1008.7136328125,4.56395
73.0,-76.0,2026-10-02 23:13:35,7.311376953125034,92.67475271224976,33.123353137113156,1008.7136328125,4.56395
73.5,-124.5,2026-10-02 23:13:35,7.131506347656284,93.43964231014252,35.47395871326328,1006.97734375,5.36585
73.5,-124.0,2026-10-02 23:13:35,7.131506347656284,93.43964231014252,35.47395871326328,1006.97734375,5.36585
73.5,-123.5,2026-10-02 23:13:35,7.131506347656284,93.43964231014252,35.47395871326328,1006.97734375,5.36585
73.5,-123.0,2026-10-02 23:13:35,7.131506347656284,93.43964231014252,35.47395871326328,1006.97734375,5.36585
73.5,-122.5,2026-10-02 23:13:35,7.131506347656284,93.43964231014252,35.47395871326328,1006.97734375,5.36585
73.5,-122.0,2026-10-02 23:13:35,7.131506347656284,93.43964231014252,35.47395871326328,1006.97734375,5.36585
73.5,-121.5,2026-10-02 23:13:35,7.131506347656284,93.43964231014252,35.47395871326328,1006.97734375,5.36585
73.5,-121.0,2026-10-02 23:13:35,7.131506347656284,93.43964231014252,35.47395871326328,1006.97734375,5.36585
73.5,-120.5,2026-10-02 23:13:35,7.131506347656284,93.43964231014252,35.47395871326328,1006.97734375,5.36585
73.5,-120.0,2026-10-02 23:13:35,7.131506347656284,93.43964231014252,35.47395871326328,1006.97734375,5.36585
73.5,-119.5,2026-10-02 23:13:35,7.131506347656284,93.43964231014252,35.47395871326328,1006.97734375,5.36585
73.5,-119.0,2026-10-02 23:13:35,7.131506347656284,93.43964231014252,35.47395871326328,1006.97734375,5.36585
73.5,-118.5,2026-10-02 23:13:35,7.131506347656284,93.43964231014252,35.47395871326328,1006.97734375,5.36585
73.5,-118.0,2026-10-02 23:13:35,7.131506347656284,93.43964231014252,35.47395871326328,1006.97734375,5.36585
73.5,-117.5,2026-10-02 23:13:35,7.131506347656284,93.43964231014252,35.47395871326328,1006.97734375,5.36585
73.5,-117.0,2026-10-02 23:13:35,7.131506347656284,93.43964231014252,35.47395871326328,1006.97734375,5.36585
73.5,-116.5,2026-10-02 23:13:35,7.131506347656284,93.43964231014252,35.47395871326328,1006.97734375,5.36585
73.5,-116.0,2026-10-02 23:13:35,7.131506347656284,93.43964231014252,35.47395871326328,1006.97734375,5.36585
73.5,-115.5,2026-10-02 23:13:35,7.131506347656284,93.43964231014252,35.47395871326328,1006.97734375,5.36585
73.5,-108.0,2026-10-02 23:13:35,7.131506347656284,93.43964231014252,35.47395871326328,1006.97734375,5.36585
73.5,-107.5,2026-10-02 23:13:35,7.131506347656284,93.43964231014252,35.47395871326328,1006.97734375,5.36585
73.5,-107.0,2026-10-02 23:13:35,7.131506347656284,93.43964231014252,35.47395871326328,1006.97734375,5.36585
73.5,-106.5,2026-10-02 23:13:35,7.131506347656284,93.43964231014252,35.47395871326328,1006.97734375,5.36585
73.5,-106.0,2026-10-02 23:13:35,7.131506347656284,93.43964231014252,35.47395871326328,1006.97734375,5.36585
73.5,-105.5,2026-10-02 23:13:35,7.131506347656284,93.43964231014252,35.47395871326328,1006.97734375,5.36585
73.5,-105.0,2026-10-02 23:13:35,7.131506347656284,93.43964231014252,35.47395871326328,1006.97734375,5.36585
73.5,-104.5,2026-10-02 23:13:35,7.131506347656284,93.43964231014252,35.47395871326328,1006.97734375,5.36585
73.5,-101.5,2026-10-02 23:13:35,6.961376953125011,93.42475271224976,29.883353137113158,1008.4736328125,5.36585
73.5,-101.0,2026-10-02 23:13:35,6.961376953125011,93.42475271224976,29.883353137113158,1008.4736328125,5.36585
73.5,-100.5,2026-10-02 23:13:35,6.961376953125011,93.42475271224976,29.883353137113158,1008.4736328125,5.36585
73.5,-100.0,2026-10-02 23:13:35,6.961376953125011,93.42475271224976,29.883353137113158,1008.4736328125,5.36585
73.5,-99.5,2026-10-02 23:13:35,6.961376953125011,93.42475271224976,29.883353137113158,1008.4736328125,5.36585
73.5,-99.0,2026-10-02 23:13:35,6.961376953125011,93.42475271224976,29.883353137113158,1008.4736328125,5.36585
73.5,-98.5,2026-10-02 23:13:35,6.961376953125011,93.42475271224976,29.883353137113158,1008.4736328125,5.36585
73.5,-98.0,2026-10-02 23:13:35,6.961376953125011,93.42475271224976,29.883353137113158,1008.4736328125,5.36585
73.5,-97.5,2026-10-02 23:13:35,6.961376953125011,93.42475271224976,29.883353137113158,1008.4736328125,5.36585
73.5,-97.0,2026-10-02 23:13:35,6.961376953125011,93.42475271224976,29.883353137113158,1008.4736328125,5.36585
73.5,-95.5,2026-10-02 23:13:35,6.961376953125011,93.42475271224976,29.883353137113158,1008.4736328125,5.36585
73.5,-95.0,2026-10-02 23:13:35,6.961376953125011,93.42475271224976,29.883353137113158,1008.4736328125,5.36585
73.5,-94.5,2026-10-02 23:13:35,6.961376953125011,93.42475271224976,29.883353137113158,1008.4736328125,5.36585
73.5,-94.0,2026-10-02 23:13:35,6.961376953125011,93.42475271224976,29.883353137113158,1008.4736328125,5.36585
73.5,-93.5,2026-10-02 23:13:35,6.961376953125011,93.42475271224976,29.883353137113158,1008.4736328125,5.36585
73.5,-93.0,2026-10-02 23:13:35,6.961376953125011,93.42475271224976,29.883353137113158,1008.4736328125,5.36585
73.5,-92.5,2026-10-02 23:13:35,6.961376953125011,93.42475271224976,29.883353137113158,1008.4736328125,5.36585
73.5,-92.0,2026-10-02 23:13:35,6.961376953125011,93.42475271224976,29.883353137113158,1008.4736328125,5.36585
73.5,-91.5,2026-10-02 23:13:35,6.961376953125011,93.42475271224976,29.883353137113158,1008.4736328125,5.36585
73.5,-91.0,2026-10-02 23:13:35,6.961376953125011,93.42475271224976,29.883353137113158,1008.4736328125,5.36585
73.5,-88.5,2026-10-02 23:13:35,6.961376953125011,93.42475271224976,29.883353137113158,1008.4736328125,5.36585
73.5,-88.0,2026-10-02 23:13:35,6.961376953125011,93.42475271224976,29.883353137113158,1008.4736328125,5.36585
73.5,-87.5,2026-10-02 23:13:35,6.961376953125011,93.42475271224976,29.883353137113158,1008.4736328125,5.36585
73.5,-87.0,2026-10-02 23:13:35,6.961376953125011,93.42475271224976,29.883353137113158,1008.4736328125,5.36585
73.5,-86.5,2026-10-02 23:13:35,6.961376953125011,93.42475271224976,29.883353137113158,1008.4736328125,5.36585
73.5,-86.0,2026-10-02 23:13:35,6.961376953125011,93.42475271224976,29.883353137113158,1008.4736328125,5.36585
73.5,-85.5,2026-10-02 23:13:35,6.961376953125011,93.42475271224976,29.883353137113158,1008.4736328125,5.36585
73.5,-84.5,2026-10-02 23:13:35,6.961376953125011,93.42475271224976,29.883353137113158,1008.4736328125,5.36585
73.5,-84.0,2026-10-02 23:13:35,6.961376953125011,93.42475271224976,29.883353137113158,1008.4736328125,5.36585
73.5,-83.5,2026-10-02 23:13:35,6.961376953125011,93.42475271224976,29.883353137113158,1008.4736328125,5.36585
73.5,-83.0,2026-10-02 23:13:35,6.961376953125011,93.42475271224976,29.883353137113158,1008.4736328125,5.36585
73.5,-82.5,2026-10-02 23:13:35,6.961376953125011,93.42475271224976,29.883353137113158,1008.4736328125,5.36585
73.5,-82.0,2026-10-02 23:13:35,6.961376953125011,93.42475271224976,29.883353137113158,1008.4736328125,5.36585
73.5,-81.5,2026-10-02 23:13:35,6.961376953125011,93.42475271224976,29.883353137113158,1008.4736328125,5.36585
73.5,-81.0,2026-10-02 23:13:35,6.961376953125011,93.42475271224976,29.883353137113158,1008.4736328125,5.36585
73.5,-80.5,2026-10-02 23:13:35,6.961376953125011,93.42475271224976,29.883353137113158,1008.4736328125,5.36585
73.5,-80.0,2026-10-02 23:13:35,6.961376953125011,93.42475271224976,29.883353137113158,1008.4736328125,5.36585
73.5,-79.5,2026-10-02 23:13:35,6.961376953125011,93.42475271224976,29.883353137113158,1008.4736328125,5.36585
73.5,-79.0,2026-10-02 23:13:35,6.961376953125011,93.42475271224976,29.883353137113158,1008.4736328125,5.36585
73.5,-78.5,2026-10-02 23:13:35,6.961376953125011,93.42475271224976,29.883353137113158,1008.4736328125,5.36585
73.5,-78.0,2026-10-02 23:13:35,6.961376953125011,93.42475271224976,29.883353137113158,1008.4736328125,5.36585
73.5,-77.5,2026-10-02 23:13:35,6.961376953125011,93.42475271224976,29.883353137113158,1008.4736328125,5.36585
73.5,-77.0,2026-10-02 23:13:35,6.961376953125011,93.42475271224976,29.883353137113158,1008.4736328125,5.36585
74.0,-124.5,2026-10-02 23:13:35,7.081506347656273,92.18964231014252,33.493958713263275,1006.97734375,4.983275
74.0,-124.0,2026-10-02 23:13:35,7.081506347656273,92.18964231014252,33.493958713263275,1006.97734375,4.983275
74.0,-123.5,2026-10-02 23:13:35,7.081506347656273,92.18964231014252,33.493958713263275,1006.97734375,4.983275
74.0,-123.0,2026-10-02 23:13:35,7.081506347656273,92.18964231014252,33.493958713263275,1006.97734375,4.983275
74.0,-122.5,2026-10-02 23:13:35,7.081506347656273,92.18964231014252,33.493958713263275,1006.97734375,4.983275
74.0,-122.0,2026-10-02 23:13:35,7.081506347656273,92.18964231014252,33.493958713263275,1006.97734375,4.983275
74.0,-121.5,2026-10-02 23:13:35,7.081506347656273,92.18964231014252,33.493958713263275,1006.97734375,4.983275
74.0,-121.0,2026-10-02 23:13:35,7.081506347656273,92.18964231014252,33.493958713263275,1006.97734375,4.983275
74.0,-120.5,2026-10-02 23:13:35,7.081506347656273,92.18964231014252,33.493958713263275,1006.97734375,4.983275
74.0,-120.0,2026-10-02 23:13:35,7.081506347656273,92.18964231014252,33.493958713263275,1006.97734375,4.983275
74.0,-119.5,2026-10-02 23:13:35,7.081506347656273,92.18964231014252,33.493958713263275,1006.97734375,4.983275
74.0,-119.0,2026-10-02 23:13:35,7.081506347656273,92.18964231014252,33.493958713263275,1006.97734375,4.983275
74.0,-118.5,2026-10-02 23:13:35,7.081506347656273,92.18964231014252,33.493958713263275,1006.97734375,4.983275
74.0,-118.0,2026-10-02 23:13:35,7.081506347656273,92.18964231014252,33.493958713263275,1006.97734375,4.983275
74.0,-117.5,2026-10-02 23:13:35,7.081506347656273,92.18964231014252,33.493958713263275,1006.97734375,4.983275
74.0,-117.0,2026-10-02 23:13:35,7.081506347656273,92.18964231014252,33.493958713263275,1006.97734375,4.983275
74.0,-116.5,2026-10-02 23:13:35,7.081506347656273,92.18964231014252,33.493958713263275,1006.97734375,4.983275
74.0,-100.0,2026-10-02 23:13:35,7.011376953125023,93.42475271224976,31.323353137113152,1008.2336328125,4.983275
74.0,-99.5,2026-10-02 23:13:35,7.011376953125023,93.42475271224976,31.323353137113152,1008.2336328125,4.983275
74.0,-99.0,2026-10-02 23:13:35,7.011376953125023,93.42475271224976,31.323353137113152,1008.2336328125,4.983275
74.0,-98.5,2026-10-02 23:13:35,7.011376953125023,93.42475271224976,31.323353137113152,1008.2336328125,4.983275
74.0,-98.0,2026-10-02 23:13:35,7.011376953125023,93.42475271224976,31.323353137113152,1008.2336328125,4.983275
74.0,-97.5,2026-10-02 23:13:35,7.011376953125023,93.42475271224976,31.323353137113152,1008.2336328125,4.983275
74.0,-95.5,2026-10-02 23:13:35,7.011376953125023,93.42475271224976,31.323353137113152,1008.2336328125,4.983275
74.0,-95.0,2026-10-02 23:13:35,7.011376953125023,93.42475271224976,31.323353137113152,1008.2336328125,4.983275
74.0,-94.5,2026-10-02 23:13:35,7.011376953125023,93.42475271224976,31.323353137113152,1008.2336328125,4.983275
74.0,-94.0,2026-10-02 23:13:35,7.011376953125023,93.42475271224976,31.323353137113152,1008.2336328125,4.983275
74.0,-93.5,2026-10-02 23:13:35,7.011376953125023,93.42475271224976,31.323353137113152,1008.2336328125,4.983275
74.0,-93.0,2026-10-02 23:13:35,7.011376953125023,93.42475271224976,31.323353137113152,1008.2336328125,4.983275
74.0,-92.5,2026-10-02 23:13:35,7.011376953125023,93.42475271224976,31.323353137113152,1008.2336328125,4.983275
74.0,-92.0,2026-10-02 23:13:35,7.011376953125023,93.42475271224976,31.323353137113152,1008.2336328125,4.983275
74.0,-91.5,2026-10-02 23:13:35,7.011376953125023,93.42475271224976,31.323353137113152,1008.2336328125,4.983275
74.0,-91.0,2026-10-02 23:13:35,7.011376953125023,93.42475271224976,31.323353137113152,1008.2336328125,4.983275
74.0,-90.5,2026-10-02 23:13:35,7.011376953125023,93.42475271224976,31.323353137113152,1008.2336328125,4.983275
74.5,-123.5,2026-10-02 23:13:35,6.081506347656273,94.18964231014252,28.633958713263276,1006.73734375,4.6288
74.5,-123.0,2026-10-02 23:13:35,6.081506347656273,94.18964231014252,28.633958713263276,1006.73734375,4.6288
74.5,-122.5,2026-10-02 23:13:35,6.081506347656273,94.18964231014252,28.633958713263276,1006.73734375,4.6288
74.5,-122.0,2026-10-02 23:13:35,6.081506347656273,94.18964231014252,28.633958713263276,1006.73734375,4.6288
74.5,-121.5,2026-10-02 23:13:35,6.081506347656273,94.18964231014252,28.633958713263276,1006.73734375,4.6288
74.5,-121.0,2026-10-02 23:13:35,6.081506347656273,94.18964231014252,28.633958713263276,1006.73734375,4.6288
74.5,-114.0,2026-10-02 23:13:35,6.081506347656273,94.18964231014252,28.633958713263276,1006.73734375,4.6288
74.5,-113.5,2026-10-02 23:13:35,6.081506347656273,94.18964231014252,28.633958713263276,1006.73734375,4.6288
74.5,-113.0,2026-10-02 23:13:35,6.081506347656273,94.18964231014252,28.633958713263276,1006.73734375,4.6288
74.5,-112.5,2026-10-02 23:13:35,6.081506347656273,94.18964231014252,28.633958713263276,1006.73734375,4.6288
74.5,-112.0,2026-10-02 23:13:35,6.081506347656273,94.18964231014252,28.633958713263276,1006.73734375,4.6288
74.5,-111.5,2026-10-02 23:13:35,6.081506347656273,94.18964231014252,28.633958713263276,1006.73734375,4.6288
74.5,-98.0,2026-10-02 23:13:35,5.961376953125011,93.17475271224976,21.963353137113156,1007.7536328125,4.6288
74.5,-97.5,2026-10-02 23:13:35,5.961376953125011,93.17475271224976,21.963353137113156,1007.7536328125,4.6288
74.5,-96.0,2026-10-02 23:13:35,5.961376953125011,93.17475271224976,21.963353137113156,1007.7536328125,4.6288
74.5,-95.5,2026-10-02 23:13:35,5.961376953125011,93.17475271224976,21.963353137113156,1007.7536328125,4.6288
74.5,-95.0,2026-10-02 23:13:35,5.961376953125011,93.17475271224976,21.963353137113156,1007.7536328125,4.6288
74.5,-90.0,2026-10-02 23:13:35,5.961376953125011,93.17475271224976,21.963353137113156,1007.7536328125,4.6288
74.5,-89.5,2026-10-02 23:13:35,5.961376953125011,93.17475271224976,21.963353137113156,1007.7536328125,4.6288
74.5,-88.5,2026-10-02 23:13:35,5.961376953125011,93.17475271224976,21.963353137113156,1007.7536328125,4.6288
74.5,-88.0,2026-10-02 23:13:35,5.961376953125011,93.17475271224976,21.963353137113156,1007.7536328125,4.6288
74.5,-87.5,2026-10-02 23:13:35,5.961376953125011,93.17475271224976,21.963353137113156,1007.7536328125,4.6288
74.5,-87.0,2026-10-02 23:13:35,5.961376953125011,93.17475271224976,21.963353137113156,1007.7536328125,4.6288
74.5,-86.5,2026-10-02 23:13:35,5.961376953125011,93.17475271224976,21.963353137113156,1007.7536328125,4.6288
74.5,-86.0,2026-10-02 23:13:35,5.961376953125011,93.17475271224976,21.963353137113156,1007.7536328125,4.6288
74.5,-85.5,2026-10-02 23:13:35,5.961376953125011,93.17475271224976,21.963353137113156,1007.7536328125,4.6288
74.5,-85.0,2026-10-02 23:13:35,5.961376953125011,93.17475271224976,21.963353137113156,1007.7536328125,4.6288
74.5,-84.5,2026-10-02 23:13:35,5.961376953125011,93.17475271224976,21.963353137113156,1007.7536328125,4.6288
74.5,-84.0,2026-10-02 23:13:35,5.961376953125011,93.17475271224976,21.963353137113156,1007.7536328125,4.6288
74.5,-83.5,2026-10-02 23:13:35,5.961376953125011,93.17475271224976,21.963353137113156,1007.7536328125,4.6288
74.5,-83.0,2026-10-02 23:13:35,5.961376953125011,93.17475271224976,21.963353137113156,1007.7536328125,4.6288
74.5,-82.5,2026-10-02 23:13:35,5.961376953125011,93.17475271224976,21.963353137113156,1007.7536328125,4.6288
74.5,-82.0,2026-10-02 23:13:35,5.961376953125011,93.17475271224976,21.963353137113156,1007.7536328125,4.6288
74.5,-81.5,2026-10-02 23:13:35,5.961376953125011,93.17475271224976,21.963353137113156,1007.7536328125,4.6288
74.5,-81.0,2026-10-02 23:13:35,5.961376953125011,93.17475271224976,21.963353137113156,1007.7536328125,4.6288
74.5,-80.5,2026-10-02 23:13:35,5.961376953125011,93.17475271224976,21.963353137113156,1007.7536328125,4.6288
75.0,-116.5,2026-10-02 23:13:35,5.731506347656307,94.93964231014252,26.653958713263275,1006.49734375,4.726875000000001
75.0,-116.0,2026-10-02 23:13:35,5.731506347656307,94.93964231014252,26.653958713263275,1006.49734375,4.726875000000001
75.0,-115.5,2026-10-02 23:13:35,5.731506347656307,94.93964231014252,26.653958713263275,1006.49734375,4.726875000000001
75.0,-115.0,2026-10-02 23:13:35,5.731506347656307,94.93964231014252,26.653958713263275,1006.49734375,4.726875000000001
75.0,-114.5,2026-10-02 23:13:35,5.731506347656307,94.93964231014252,26.653958713263275,1006.49734375,4.726875000000001
75.0,-114.0,2026-10-02 23:13:35,5.731506347656307,94.93964231014252,26.653958713263275,1006.49734375,4.726875000000001
75.0,-113.5,2026-10-02 23:13:35,5.731506347656307,94.93964231014252,26.653958713263275,1006.49734375,4.726875000000001
75.0,-113.0,2026-10-02 23:13:35,5.731506347656307,94.93964231014252,26.653958713263275,1006.49734375,4.726875000000001
75.0,-112.5,2026-10-02 23:13:35,5.731506347656307,94.93964231014252,26.653958713263275,1006.49734375,4.726875000000001
75.0,-112.0,2026-10-02 23:13:35,5.731506347656307,94.93964231014252,26.653958713263275,1006.49734375,4.726875000000001
75.0,-111.5,2026-10-02 23:13:35,5.731506347656307,94.93964231014252,26.653958713263275,1006.49734375,4.726875000000001
75.0,-111.0,2026-10-02 23:13:35,5.731506347656307,94.93964231014252,26.653958713263275,1006.49734375,4.726875000000001
75.0,-110.5,2026-10-02 23:13:35,5.731506347656307,94.93964231014252,26.653958713263275,1006.49734375,4.726875000000001
75.0,-110.0,2026-10-02 23:13:35,5.731506347656307,94.93964231014252,26.653958713263275,1006.49734375,4.726875000000001
75.0,-109.5,2026-10-02 23:13:35,5.731506347656307,94.93964231014252,26.653958713263275,1006.49734375,4.726875000000001
75.0,-109.0,2026-10-02 23:13:35,5.731506347656307,94.93964231014252,26.653958713263275,1006.49734375,4.726875000000001
75.0,-108.5,2026-10-02 23:13:35,5.731506347656307,94.93964231014252,26.653958713263275,1006.49734375,4.726875000000001
75.0,-108.0,2026-10-02 23:13:35,5.731506347656307,94.93964231014252,26.653958713263275,1006.49734375,4.726875000000001
75.0,-107.5,2026-10-02 23:13:35,5.731506347656307,94.93964231014252,26.653958713263275,1006.49734375,4.726875000000001
75.0,-107.0,2026-10-02 23:13:35,5.731506347656307,94.93964231014252,26.653958713263275,1006.49734375,4.726875000000001
75.0,-106.5,2026-10-02 23:13:35,5.731506347656307,94.93964231014252,26.653958713263275,1006.49734375,4.726875000000001
75.0,-106.0,2026-10-02 23:13:35,5.731506347656307,94.93964231014252,26.653958713263275,1006.49734375,4.726875000000001
75.0,-104.5,2026-10-02 23:13:35,5.731506347656307,94.93964231014252,26.653958713263275,1006.49734375,4.726875000000001
75.0,-104.0,2026-10-02 23:13:35,5.731506347656307,94.93964231014252,26.653958713263275,1006.49734375,4.726875000000001
75.0,-100.5,2026-10-02 23:13:35,5.6113769531250455,94.42475271224976,25.203353137113155,1007.1936328125,4.726875000000001
75.0,-100.0,2026-10-02 23:13:35,5.6113769531250455,94.42475271224976,25.203353137113155,1007.1936328125,4.726875000000001
75.0,-99.5,2026-10-02 23:13:35,5.6113769531250455,94.42475271224976,25.203353137113155,1007.1936328125,4.726875000000001
75.0,-99.0,2026-10-02 23:13:35,5.6113769531250455,94.42475271224976,25.203353137113155,1007.1936328125,4.726875000000001
75.0,-98.5,2026-10-02 23:13:35,5.6113769531250455,94.42475271224976,25.203353137113155,1007.1936328125,4.726875000000001
75.0,-98.0,2026-10-02 23:13:35,5.6113769531250455,94.42475271224976,25.203353137113155,1007.1936328125,4.726875000000001
75.0,-96.5,2026-10-02 23:13:35,5.6113769531250455,94.42475271224976,25.203353137113155,1007.1936328125,4.726875000000001
75.0,-96.0,2026-10-02 23:13:35,5.6113769531250455,94.42475271224976,25.203353137113155,1007.1936328125,4.726875000000001
75.0,-95.5,2026-10-02 23:13:35,5.6113769531250455,94.42475271224976,25.203353137113155,1007.1936328125,4.726875000000001
75.0,-95.0,2026-10-02 23:13:35,5.6113769531250455,94.42475271224976,25.203353137113155,1007.1936328125,4.726875000000001
75.0,-94.5,2026-10-02 23:13:35,5.6113769531250455,94.42475271224976,25.203353137113155,1007.1936328125,4.726875000000001
75.0,-94.0,2026-10-02 23:13:35,5.6113769531250455,94.42475271224976,25.203353137113155,1007.1936328125,4.726875000000001
75.0,-93.5,2026-10-02 23:13:35,5.6113769531250455,94.42475271224976,25.203353137113155,1007.1936328125,4.726875000000001
75.0,-92.5,2026-10-02 23:13:35,5.6113769531250455,94.42475271224976,25.203353137113155,1007.1936328125,4.726875000000001
75.0,-92.0,2026-10-02 23:13:35,5.6113769531250455,94.42475271224976,25.203353137113155,1007.1936328125,4.726875000000001
75.0,-91.5,2026-10-02 23:13:35,5.6113769531250455,94.42475271224976,25.203353137113155,1007.1936328125,4.726875000000001
75.0,-91.0,2026-10-02 23:13:35,5.6113769531250455,94.42475271224976,25.203353137113155,1007.1936328125,4.726875000000001
75.0,-90.5,2026-10-02 23:13:35,5.6113769531250455,94.42475271224976,25.203353137113155,1007.1936328125,4.726875000000001
75.0,-90.0,2026-10-02 23:13:35,5.6113769531250455,94.42475271224976,25.203353137113155,1007.1936328125,4.726875000000001
75.0,-89.5,2026-10-02 23:13:35,5.6113769531250455,94.42475271224976,25.203353137113155,1007.1936328125,4.726875000000001
75.0,-89.0,2026-10-02 23:13:35,5.6113769531250455,94.42475271224976,25.203353137113155,1007.1936328125,4.726875000000001
75.0,-88.5,2026-10-02 23:13:35,5.6113769531250455,94.42475271224976,25.203353137113155,1007.1936328125,4.726875000000001
75.0,-88.0,2026-10-02 23:13:35,5.6113769531250455,94.42475271224976,25.203353137113155,1007.1936328125,4.726875000000001
75.0,-87.5,2026-10-02 23:13:35,5.6113769531250455,94.42475271224976,25.203353137113155,1007.1936328125,4.726875000000001
75.0,-87.0,2026-10-02 23:13:35,5.6113769531250455,94.42475271224976,25.203353137113155,1007.1936328125,4.726875000000001
75.0,-86.5,2026-10-02 23:13:35,5.6113769531250455,94.42475271224976,25.203353137113155,1007.1936328125,4.726875000000001
75.0,-86.0,2026-10-02 23:13:35,5.6113769531250455,94.42475271224976,25.203353137113155,1007.1936328125,4.726875000000001
75.0,-85.5,2026-10-02 23:13:35,5.6113769531250455,94.42475271224976,25.203353137113155,1007.1936328125,4.726875000000001
75.0,-85.0,2026-10-02 23:13:35,5.6113769531250455,94.42475271224976,25.203353137113155,1007.1936328125,4.726875000000001
75.0,-84.5,2026-10-02 23:13:35,5.6113769531250455,94.42475271224976,25.203353137113155,1007.1936328125,4.726875000000001
75.0,-84.0,2026-10-02 23:13:35,5.6113769531250455,94.42475271224976,25.203353137113155,1007.1936328125,4.726875000000001
75.0,-83.5,2026-10-02 23:13:35,5.6113769531250455,94.42475271224976,25.203353137113155,1007.1936328125,4.726875000000001
75.0,-83.0,2026-10-02 23:13:35,5.6113769531250455,94.42475271224976,25.203353137113155,1007.1936328125,4.726875000000001
75.0,-82.5,2026-10-02 23:13:35,5.6113769531250455,94.42475271224976,25.203353137113155,1007.1936328125,4.726875000000001
75.0,-82.0,2026-10-02 23:13:35,5.6113769531250455,94.42475271224976,25.203353137113155,1007.1936328125,4.726875000000001
75.0,-81.5,2026-10-02 23:13:35,5.6113769531250455,94.42475271224976,25.203353137113155,1007.1936328125,4.726875000000001
75.0,-81.0,2026-10-02 23:13:35,5.6113769531250455,94.42475271224976,25.203353137113155,1007.1936328125,4.726875000000001
75.0,-80.5,2026-10-02 23:13:35,5.6113769531250455,94.42475271224976,25.203353137113155,1007.1936328125,4.726875000000001
75.0,-80.0,2026-10-02 23:13:35,5.6113769531250455,94.42475271224976,25.203353137113155,1007.1936328125,4.726875000000001
75.0,-79.5,2026-10-02 23:13:35,5.6113769531250455,94.42475271224976,25.203353137113155,1007.1936328125,4.726875000000001
75.5,-119.0,2026-10-02 23:13:35,5.4315063476562955,94.43964231014252,28.273958713263273,1006.25734375,4.865
75.5,-118.5,2026-10-02 23:13:35,5.4315063476562955,94.43964231014252,28.273958713263273,1006.25734375,4.865
75.5,-117.5,2026-10-02 23:13:35,5.4315063476562955,94.43964231014252,28.273958713263273,1006.25734375,4.865
75.5,-117.0,2026-10-02 23:13:35,5.4315063476562955,94.43964231014252,28.273958713263273,1006.25734375,4.865
75.5,-116.5,2026-10-02 23:13:35,5.4315063476562955,94.43964231014252,28.273958713263273,1006.25734375,4.865
75.5,-116.0,2026-10-02 23:13:35,5.4315063476562955,94.43964231014252,28.273958713263273,1006.25734375,4.865
75.5,-115.5,2026-10-02 23:13:35,5.4315063476562955,94.43964231014252,28.273958713263273,1006.25734375,4.865
75.5,-115.0,2026-10-02 23:13:35,5.4315063476562955,94.43964231014252,28.273958713263273,1006.25734375,4.865
75.5,-114.5,2026-10-02 23:13:35,5.4315063476562955,94.43964231014252,28.273958713263273,1006.25734375,4.865
75.5,-114.0,2026-10-02 23:13:35,5.4315063476562955,94.43964231014252,28.273958713263273,1006.25734375,4.865
75.5,-113.5,2026-10-02 23:13:35,5.4315063476562955,94.43964231014252,28.273958713263273,1006.25734375,4.865
75.5,-113.0,2026-10-02 23:13:35,5.4315063476562955,94.43964231014252,28.273958713263273,1006.25734375,4.865
75.5,-112.5,2026-10-02 23:13:35,5.4315063476562955,94.43964231014252,28.273958713263273,1006.25734375,4.865
75.5,-112.0,2026-10-02 23:13:35,5.4315063476562955,94.43964231014252,28.273958713263273,1006.25734375,4.865
75.5,-111.5,2026-10-02 23:13:35,5.4315063476562955,94.43964231014252,28.273958713263273,1006.25734375,4.865
75.5,-111.0,2026-10-02 23:13:35,5.4315063476562955,94.43964231014252,28.273958713263273,1006.25734375,4.865
75.5,-110.5,2026-10-02 23:13:35,5.4315063476562955,94.43964231014252,28.273958713263273,1006.25734375,4.865
75.5,-110.0,2026-10-02 23:13:35,5.4315063476562955,94.43964231014252,28.273958713263273,1006.25734375,4.865
75.5,-109.5,2026-10-02 23:13:35,5.4315063476562955,94.43964231014252,28.273958713263273,1006.25734375,4.865
75.5,-109.0,2026-10-02 23:13:35,5.4315063476562955,94.43964231014252,28.273958713263273,1006.25734375,4.865
75.5,-108.5,2026-10-02 23:13:35,5.4315063476562955,94.43964231014252,28.273958713263273,1006.25734375,4.865
75.5,-108.0,2026-10-02 23:13:35,5.4315063476562955,94.43964231014252,28.273958713263273,1006.25734375,4.865
75.5,-107.5,2026-10-02 23:13:35,5.4315063476562955,94.43964231014252,28.273958713263273,1006.25734375,4.865
75.5,-107.0,2026-10-02 23:13:35,5.4315063476562955,94.43964231014252,28.273958713263273,1006.25734375,4.865
75.5,-106.5,2026-10-02 23:13:35,5.4315063476562955,94.43964231014252,28.273958713263273,1006.25734375,4.865
75.5,-106.0,2026-10-02 23:13:35,5.4315063476562955,94.43964231014252,28.273958713263273,1006.25734375,4.865
75.5,-105.5,2026-10-02 23:13:35,5.4315063476562955,94.43964231014252,28.273958713263273,1006.25734375,4.865
75.5,-104.5,2026-10-02 23:13:35,5.4315063476562955,94.43964231014252,28.273958713263273,1006.25734375,4.865
75.5,-104.0,2026-10-02 23:13:35,5.4315063476562955,94.43964231014252,28.273958713263273,1006.25734375,4.865
75.5,-103.0,2026-10-02 23:13:35,5.4315063476562955,94.43964231014252,28.273958713263273,1006.25734375,4.865
75.5,-102.5,2026-10-02 23:13:35,5.4315063476562955,94.43964231014252,28.273958713263273,1006.25734375,4.865
75.5,-102.0,2026-10-02 23:13:35,5.4315063476562955,94.43964231014252,28.273958713263273,1006.25734375,4.865
75.5,-101.5,2026-10-02 23:13:35,5.411376953125057,96.17475271224976,23.403353137113157,1006.6336328125,4.865
75.5,-100.5,2026-10-02 23:13:35,5.411376953125057,96.17475271224976,23.403353137113157,1006.6336328125,4.865
75.5,-100.0,2026-10-02 23:13:35,5.411376953125057,96.17475271224976,23.403353137113157,1006.6336328125,4.865
75.5,-99.5,2026-10-02 23:13:35,5.411376953125057,96.17475271224976,23.403353137113157,1006.6336328125,4.865
75.5,-99.0,2026-10-02 23:13:35,5.411376953125057,96.17475271224976,23.403353137113157,1006.6336328125,4.865
75.5,-98.5,2026-10-02 23:13:35,5.411376953125057,96.17475271224976,23.403353137113157,1006.6336328125,4.865
75.5,-98.0,2026-10-02 23:13:35,5.411376953125057,96.17475271224976,23.403353137113157,1006.6336328125,4.865
75.5,-97.5,2026-10-02 23:13:35,5.411376953125057,96.17475271224976,23.403353137113157,1006.6336328125,4.865
75.5,-97.0,2026-10-02 23:13:35,5.411376953125057,96.17475271224976,23.403353137113157,1006.6336328125,4.865
75.5,-96.5,2026-10-02 23:13:35,5.411376953125057,96.17475271224976,23.403353137113157,1006.6336328125,4.865
75.5,-96.0,2026-10-02 23:13:35,5.411376953125057,96.17475271224976,23.403353137113157,1006.6336328125,4.865
75.5,-95.5,2026-10-02 23:13:35,5.411376953125057,96.17475271224976,23.403353137113157,1006.6336328125,4.865
75.5,-95.0,2026-10-02 23:13:35,5.411376953125057,96.17475271224976,23.403353137113157,1006.6336328125,4.865
75.5,-94.5,2026-10-02 23:13:35,5.411376953125057,96.17475271224976,23.403353137113157,1006.6336328125,4.865
75.5,-94.0,2026-10-02 23:13:35,5.411376953125057,96.17475271224976,23.403353137113157,1006.6336328125,4.865
75.5,-92.5,2026-10-02 23:13:35,5.411376953125057,96.17475271224976,23.403353137113157,1006.6336328125,4.865
75.5,-92.0,2026-10-02 23:13:35,5.411376953125057,96.17475271224976,23.403353137113157,1006.6336328125,4.865
75.5,-91.5,2026-10-02 23:13:35,5.411376953125057,96.17475271224976,23.403353137113157,1006.6336328125,4.865
75.5,-91.0,2026-10-02 23:13:35,5.411376953125057,96.17475271224976,23.403353137113157,1006.6336328125,4.865
75.5,-90.5,2026-10-02 23:13:35,5.411376953125057,96.17475271224976,23.403353137113157,1006.6336328125,4.865
75.5,-90.0,2026-10-02 23:13:35,5.411376953125057,96.17475271224976,23.403353137113157,1006.6336328125,4.865
75.5,-89.5,2026-10-02 23:13:35,5.411376953125057,96.17475271224976,23.403353137113157,1006.6336328125,4.865
75.5,-89.0,2026-10-02 23:13:35,5.411376953125057,96.17475271224976,23.403353137113157,1006.6336328125,4.865
75.5,-88.5,2026-10-02 23:13:35,5.411376953125057,96.17475271224976,23.403353137113157,1006.6336328125,4.865
75.5,-88.0,2026-10-02 23:13:35,5.411376953125057,96.17475271224976,23.403353137113157,1006.6336328125,4.865
75.5,-87.5,2026-10-02 23:13:35,5.411376953125057,96.17475271224976,23.403353137113157,1006.6336328125,4.865
75.5,-87.0,2026-10-02 23:13:35,5.411376953125057,96.17475271224976,23.403353137113157,1006.6336328125,4.865
75.5,-86.5,2026-10-02 23:13:35,5.411376953125057,96.17475271224976,23.403353137113157,1006.6336328125,4.865
75.5,-86.0,2026-10-02 23:13:35,5.411376953125057,96.17475271224976,23.403353137113157,1006.6336328125,4.865
75.5,-85.5,2026-10-02 23:13:35,5.411376953125057,96.17475271224976,23.403353137113157,1006.6336328125,4.865
75.5,-85.0,2026-10-02 23:13:35,5.411376953125057,96.17475271224976,23.403353137113157,1006.6336328125,4.865
75.5,-84.5,2026-10-02 23:13:35,5.411376953125057,96.17475271224976,23.403353137113157,1006.6336328125,4.865
75.5,-84.0,2026-10-02 23:13:35,5.411376953125057,96.17475271224976,23.403353137113157,1006.6336328125,4.865
75.5,-83.5,2026-10-02 23:13:35,5.411376953125057,96.17475271224976,23.403353137113157,1006.6336328125,4.865
75.5,-83.0,2026-10-02 23:13:35,5.411376953125057,96.17475271224976,23.403353137113157,1006.6336328125,4.865
75.5,-82.5,2026-10-02 23:13:35,5.411376953125057,96.17475271224976,23.403353137113157,1006.6336328125,4.865
75.5,-82.0,2026-10-02 23:13:35,5.411376953125057,96.17475271224976,23.403353137113157,1006.6336328125,4.865
75.5,-81.5,2026-10-02 23:13:35,5.411376953125057,96.17475271224976,23.403353137113157,1006.6336328125,4.865
75.5,-81.0,2026-10-02 23:13:35,5.411376953125057,96.17475271224976,23.403353137113157,1006.6336328125,4.865
75.5,-80.5,2026-10-02 23:13:35,5.411376953125057,96.17475271224976,23.403353137113157,1006.6336328125,4.865
75.5,-80.0,2026-10-02 23:13:35,5.411376953125057,96.17475271224976,23.403353137113157,1006.6336328125,4.865
75.5,-79.5,2026-10-02 23:13:35,5.411376953125057,96.17475271224976,23.403353137113157,1006.6336328125,4.865
76.0,-123.0,2026-10-02 23:13:35,5.031506347656261,94.93964231014252,23.773958713263273,1005.45734375,5.382975
76.0,-122.5,2026-10-02 23:13:35,5.031506347656261,94.93964231014252,23.773958713263273,1005.45734375,5.382975
76.0,-122.0,2026-10-02 23:13:35,5.031506347656261,94.93964231014252,23.773958713263273,1005.45734375,5.382975
76.0,-121.5,2026-10-02 23:13:35,5.031506347656261,94.93964231014252,23.773958713263273,1005.45734375,5.382975
76.0,-121.0,2026-10-02 23:13:35,5.031506347656261,94.93964231014252,23.773958713263273,1005.45734375,5.382975
76.0,-120.5,2026-10-02 23:13:35,5.031506347656261,94.93964231014252,23.773958713263273,1005.45734375,5.382975
76.0,-120.0,2026-10-02 23:13:35,5.031506347656261,94.93964231014252,23.773958713263273,1005.45734375,5.382975
76.0,-119.5,2026-10-02 23:13:35,5.031506347656261,94.93964231014252,23.773958713263273,1005.45734375,5.382975
76.0,-118.5,2026-10-02 23:13:35,5.031506347656261,94.93964231014252,23.773958713263273,1005.45734375,5.382975
76.0,-118.0,2026-10-02 23:13:35,5.031506347656261,94.93964231014252,23.773958713263273,1005.45734375,5.382975
76.0,-117.5,2026-10-02 23:13:35,5.031506347656261,94.93964231014252,23.773958713263273,1005.45734375,5.382975
76.0,-117.0,2026-10-02 23:13:35,5.031506347656261,94.93964231014252,23.773958713263273,1005.45734375,5.382975
76.0,-116.5,2026-10-02 23:13:35,5.031506347656261,94.93964231014252,23.773958713263273,1005.45734375,5.382975
76.0,-116.0,2026-10-02 23:13:35,5.031506347656261,94.93964231014252,23.773958713263273,1005.45734375,5.382975
76.0,-115.5,2026-10-02 23:13:35,5.031506347656261,94.93964231014252,23.773958713263273,1005.45734375,5.382975
76.0,-115.0,2026-10-02 23:13:35,5.031506347656261,94.93964231014252,23.773958713263273,1005.45734375,5.382975
76.0,-114.5,2026-10-02 23:13:35,5.031506347656261,94.93964231014252,23.773958713263273,1005.45734375,5.382975
76.0,-114.0,2026-10-02 23:13:35,5.031506347656261,94.93964231014252,23.773958713263273,1005.45734375,5.382975
76.0,-113.5,2026-10-02 23:13:35,5.031506347656261,94.93964231014252,23.773958713263273,1005.45734375,5.382975
76.0,-113.0,2026-10-02 23:13:35,5.031506347656261,94.93964231014252,23.773958713263273,1005.45734375,5.382975
76.0,-112.5,2026-10-02 23:13:35,5.031506347656261,94.93964231014252,23.773958713263273,1005.45734375,5.382975
76.0,-112.0,2026-10-02 23:13:35,5.031506347656261,94.93964231014252,23.773958713263273,1005.45734375,5.382975
76.0,-111.5,2026-10-02 23:13:35,5.031506347656261,94.93964231014252,23.773958713263273,1005.45734375,5.382975
76.0,-110.0,2026-10-02 23:13:35,5.031506347656261,94.93964231014252,23.773958713263273,1005.45734375,5.382975
76.0,-109.5,2026-10-02 23:13:35,5.031506347656261,94.93964231014252,23.773958713263273,1005.45734375,5.382975
76.0,-109.0,2026-10-02 23:13:35,5.031506347656261,94.93964231014252,23.773958713263273,1005.45734375,5.382975
76.0,-108.5,2026-10-02 23:13:35,5.031506347656261,94.93964231014252,23.773958713263273,1005.45734375,5.382975
76.0,-108.0,2026-10-02 23:13:35,5.031506347656261,94.93964231014252,23.773958713263273,1005.45734375,5.382975
76.0,-107.5,2026-10-02 23:13:35,5.031506347656261,94.93964231014252,23.773958713263273,1005.45734375,5.382975
76.0,-107.0,2026-10-02 23:13:35,5.031506347656261,94.93964231014252,23.773958713263273,1005.45734375,5.382975
76.0,-106.5,2026-10-02 23:13:35,5.031506347656261,94.93964231014252,23.773958713263273,1005.45734375,5.382975
76.0,-106.0,2026-10-02 23:13:35,5.031506347656261,94.93964231014252,23.773958713263273,1005.45734375,5.382975
76.0,-105.5,2026-10-02 23:13:35,5.031506347656261,94.93964231014252,23.773958713263273,1005.45734375,5.382975
76.0,-104.5,2026-10-02 23:13:35,5.031506347656261,94.93964231014252,23.773958713263273,1005.45734375,5.382975
76.0,-104.0,2026-10-02 23:13:35,5.031506347656261,94.93964231014252,23.773958713263273,1005.45734375,5.382975
76.0,-103.5,2026-10-02 23:13:35,5.031506347656261,94.93964231014252,23.773958713263273,1005.45734375,5.382975
76.0,-103.0,2026-10-02 23:13:35,5.031506347656261,94.93964231014252,23.773958713263273,1005.45734375,5.382975
76.0,-102.5,2026-10-02 23:13:35,5.031506347656261,94.93964231014252,23.773958713263273,1005.45734375,5.382975
76.0,-102.0,2026-10-02 23:13:35,5.031506347656261,94.93964231014252,23.773958713263273,1005.45734375,5.382975
76.0,-101.5,2026-10-02 23:13:35,5.211376953125011,96.17475271224976,28.263353137113153,1005.7536328125,5.382975
76.0,-101.0,2026-10-02 23:13:35,5.211376953125011,96.17475271224976,28.263353137113153,1005.7536328125,5.382975
76.0,-100.5,2026-10-02 23:13:35,5.211376953125011,96.17475271224976,28.263353137113153,1005.7536328125,5.382975
76.0,-100.0,2026-10-02 23:13:35,5.211376953125011,96.17475271224976,28.263353137113153,1005.7536328125,5.382975
76.0,-99.5,2026-10-02 23:13:35,5.211376953125011,96.17475271224976,28.263353137113153,1005.7536328125,5.382975
76.0,-99.0,2026-10-02 23:13:35,5.211376953125011,96.17475271224976,28.263353137113153,1005.7536328125,5.382975
76.0,-98.5,2026-10-02 23:13:35,5.211376953125011,96.17475271224976,28.263353137113153,1005.7536328125,5.382975
76.0,-98.0,2026-10-02 23:13:35,5.211376953125011,96.17475271224976,28.263353137113153,1005.7536328125,5.382975
76.0,-97.5,2026-10-02 23:13:35,5.211376953125011,96.17475271224976,28.263353137113153,1005.7536328125,5.382975
76.0,-95.0,2026-10-02 23:13:35,5.211376953125011,96.17475271224976,28.263353137113153,1005.7536328125,5.382975
76.0,-94.5,2026-10-02 23:13:35,5.211376953125011,96.17475271224976,28.263353137113153,1005.7536328125,5.382975
76.0,-92.5,2026-10-02 23:13:35,5.211376953125011,96.17475271224976,28.263353137113153,1005.7536328125,5.382975
76.0,-92.0,2026-10-02 23:13:35,5.211376953125011,96.17475271224976,28.263353137113153,1005.7536328125,5.382975
76.0,-91.5,2026-10-02 23:13:35,5.211376953125011,96.17475271224976,28.263353137113153,1005.7536328125,5.382975
76.0,-91.0,2026-10-02 23:13:35,5.211376953125011,96.17475271224976,28.263353137113153,1005.7536328125,5.382975
76.0,-90.5,2026-10-02 23:13:35,5.211376953125011,96.17475271224976,28.263353137113153,1005.7536328125,5.382975
76.0,-90.0,2026-10-02 23:13:35,5.211376953125011,96.17475271224976,28.263353137113153,1005.7536328125,5.382975
76.0,-89.5,2026-10-02 23:13:35,5.211376953125011,96.17475271224976,28.263353137113153,1005.7536328125,5.382975
76.0,-79.5,2026-10-02 23:13:35,5.211376953125011,96.17475271224976,28.263353137113153,1005.7536328125,5.382975
76.0,-79.0,2026-10-02 23:13:35,5.211376953125011,96.17475271224976,28.263353137113153,1005.7536328125,5.382975
76.5,-122.0,2026-10-02 23:13:35,4.881506347656284,94.43964231014252,27.913958713263277,1004.89734375,5.401975
76.5,-121.5,2026-10-02 23:13:35,4.881506347656284,94.43964231014252,27.913958713263277,1004.89734375,5.401975
76.5,-121.0,2026-10-02 23:13:35,4.881506347656284,94.43964231014252,27.913958713263277,1004.89734375,5.401975
76.5,-120.5,2026-10-02 23:13:35,4.881506347656284,94.43964231014252,27.913958713263277,1004.89734375,5.401975
76.5,-120.0,2026-10-02 23:13:35,4.881506347656284,94.43964231014252,27.913958713263277,1004.89734375,5.401975
76.5,-119.5,2026-10-02 23:13:35,4.881506347656284,94.43964231014252,27.913958713263277,1004.89734375,5.401975
76.5,-119.0,2026-10-02 23:13:35,4.881506347656284,94.43964231014252,27.913958713263277,1004.89734375,5.401975
76.5,-118.5,2026-10-02 23:13:35,4.881506347656284,94.43964231014252,27.913958713263277,1004.89734375,5.401975
76.5,-118.0,2026-10-02 23:13:35,4.881506347656284,94.43964231014252,27.913958713263277,1004.89734375,5.401975
76.5,-117.5,2026-10-02 23:13:35,4.881506347656284,94.43964231014252,27.913958713263277,1004.89734375,5.401975
76.5,-117.0,2026-10-02 23:13:35,4.881506347656284,94.43964231014252,27.913958713263277,1004.89734375,5.401975
76.5,-116.5,2026-10-02 23:13:35,4.881506347656284,94.43964231014252,27.913958713263277,1004.89734375,5.401975
76.5,-115.5,2026-10-02 23:13:35,4.881506347656284,94.43964231014252,27.913958713263277,1004.89734375,5.401975
76.5,-115.0,2026-10-02 23:13:35,4.881506347656284,94.43964231014252,27.913958713263277,1004.89734375,5.401975
76.5,-114.5,2026-10-02 23:13:35,4.881506347656284,94.43964231014252,27.913958713263277,1004.89734375,5.401975
76.5,-114.0,2026-10-02 23:13:35,4.881506347656284,94.43964231014252,27.913958713263277,1004.89734375,5.401975
76.5,-110.5,2026-10-02 23:13:35,4.881506347656284,94.43964231014252,27.913958713263277,1004.89734375,5.401975
76.5,-110.0,2026-10-02 23:13:35,4.881506347656284,94.43964231014252,27.913958713263277,1004.89734375,5.401975
76.5,-109.5,2026-10-02 23:13:35,4.881506347656284,94.43964231014252,27.913958713263277,1004.89734375,5.401975
76.5,-109.0,2026-10-02 23:13:35,4.881506347656284,94.43964231014252,27.913958713263277,1004.89734375,5.401975
76.5,-108.5,2026-10-02 23:13:35,4.881506347656284,94.43964231014252,27.913958713263277,1004.89734375,5.401975
76.5,-104.5,2026-10-02 23:13:35,4.881506347656284,94.43964231014252,27.913958713263277,1004.89734375,5.401975
76.5,-104.0,2026-10-02 23:13:35,4.881506347656284,94.43964231014252,27.913958713263277,1004.89734375,5.401975
76.5,-103.5,2026-10-02 23:13:35,4.881506347656284,94.43964231014252,27.913958713263277,1004.89734375,5.401975
76.5,-103.0,2026-10-02 23:13:35,4.881506347656284,94.43964231014252,27.913958713263277,1004.89734375,5.401975
76.5,-102.0,2026-10-02 23:13:35,4.881506347656284,94.43964231014252,27.913958713263277,1004.89734375,5.401975
76.5,-101.5,2026-10-02 23:13:35,5.011376953125023,96.17475271224976,29.883353137113158,1004.9536328125,5.401975
76.5,-101.0,2026-10-02 23:13:35,5.011376953125023,96.17475271224976,29.883353137113158,1004.9536328125,5.401975
76.5,-100.5,2026-10-02 23:13:35,5.011376953125023,96.17475271224976,29.883353137113158,1004.9536328125,5.401975
76.5,-100.0,2026-10-02 23:13:35,5.011376953125023,96.17475271224976,29.883353137113158,1004.9536328125,5.401975
76.5,-99.5,2026-10-02 23:13:35,5.011376953125023,96.17475271224976,29.883353137113158,1004.9536328125,5.401975
76.5,-99.0,2026-10-02 23:13:35,5.011376953125023,96.17475271224976,29.883353137113158,1004.9536328125,5.401975
76.5,-98.5,2026-10-02 23:13:35,5.011376953125023,96.17475271224976,29.883353137113158,1004.9536328125,5.401975
76.5,-98.0,2026-10-02 23:13:35,5.011376953125023,96.17475271224976,29.883353137113158,1004.9536328125,5.401975
76.5,-97.5,2026-10-02 23:13:35,5.011376953125023,96.17475271224976,29.883353137113158,1004.9536328125,5.401975
76.5,-96.0,2026-10-02 23:13:35,5.011376953125023,96.17475271224976,29.883353137113158,1004.9536328125,5.401975
76.5,-95.5,2026-10-02 23:13:35,5.011376953125023,96.17475271224976,29.883353137113158,1004.9536328125,5.401975
76.5,-95.0,2026-10-02 23:13:35,5.011376953125023,96.17475271224976,29.883353137113158,1004.9536328125,5.401975
76.5,-94.5,2026-10-02 23:13:35,5.011376953125023,96.17475271224976,29.883353137113158,1004.9536328125,5.401975
76.5,-94.0,2026-10-02 23:13:35,5.011376953125023,96.17475271224976,29.883353137113158,1004.9536328125,5.401975
76.5,-93.5,2026-10-02 23:13:35,5.011376953125023,96.17475271224976,29.883353137113158,1004.9536328125,5.401975
76.5,-93.0,2026-10-02 23:13:35,5.011376953125023,96.17475271224976,29.883353137113158,1004.9536328125,5.401975
76.5,-92.5,2026-10-02 23:13:35,5.011376953125023,96.17475271224976,29.883353137113158,1004.9536328125,5.401975
76.5,-92.0,2026-10-02 23:13:35,5.011376953125023,96.17475271224976,29.883353137113158,1004.9536328125,5.401975
76.5,-91.5,2026-10-02 23:13:35,5.011376953125023,96.17475271224976,29.883353137113158,1004.9536328125,5.401975
76.5,-91.0,2026-10-02 23:13:35,5.011376953125023,96.17475271224976,29.883353137113158,1004.9536328125,5.401975
76.5,-90.5,2026-10-02 23:13:35,5.011376953125023,96.17475271224976,29.883353137113158,1004.9536328125,5.401975
76.5,-90.0,2026-10-02 23:13:35,5.011376953125023,96.17475271224976,29.883353137113158,1004.9536328125,5.401975
76.5,-89.5,2026-10-02 23:13:35,5.011376953125023,96.17475271224976,29.883353137113158,1004.9536328125,5.401975
76.5,-89.0,2026-10-02 23:13:35,5.011376953125023,96.17475271224976,29.883353137113158,1004.9536328125,5.401975
76.5,-88.5,2026-10-02 23:13:35,5.011376953125023,96.17475271224976,29.883353137113158,1004.9536328125,5.401975
76.5,-88.0,2026-10-02 23:13:35,5.011376953125023,96.17475271224976,29.883353137113158,1004.9536328125,5.401975
76.5,-87.5,2026-10-02 23:13:35,5.011376953125023,96.17475271224976,29.883353137113158,1004.9536328125,5.401975
76.5,-87.0,2026-10-02 23:13:35,5.011376953125023,96.17475271224976,29.883353137113158,1004.9536328125,5.401975
76.5,-86.5,2026-10-02 23:13:35,5.011376953125023,96.17475271224976,29.883353137113158,1004.9536328125,5.401975
76.5,-86.0,2026-10-02 23:13:35,5.011376953125023,96.17475271224976,29.883353137113158,1004.9536328125,5.401975
76.5,-85.5,2026-10-02 23:13:35,5.011376953125023,96.17475271224976,29.883353137113158,1004.9536328125,5.401975
76.5,-85.0,2026-10-02 23:13:35,5.011376953125023,96.17475271224976,29.883353137113158,1004.9536328125,5.401975
76.5,-84.5,2026-10-02 23:13:35,5.011376953125023,96.17475271224976,29.883353137113158,1004.9536328125,5.401975
76.5,-84.0,2026-10-02 23:13:35,5.011376953125023,96.17475271224976,29.883353137113158,1004.9536328125,5.401975
76.5,-83.5,2026-10-02 23:13:35,5.011376953125023,96.17475271224976,29.883353137113158,1004.9536328125,5.401975
76.5,-83.0,2026-10-02 23:13:35,5.011376953125023,96.17475271224976,29.883353137113158,1004.9536328125,5.401975
76.5,-82.5,2026-10-02 23:13:35,5.011376953125023,96.17475271224976,29.883353137113158,1004.9536328125,5.401975
76.5,-82.0,2026-10-02 23:13:35,5.011376953125023,96.17475271224976,29.883353137113158,1004.9536328125,5.401975
76.5,-81.5,2026-10-02 23:13:35,5.011376953125023,96.17475271224976,29.883353137113158,1004.9536328125,5.401975
76.5,-81.0,2026-10-02 23:13:35,5.011376953125023,96.17475271224976,29.883353137113158,1004.9536328125,5.401975
76.5,-80.5,2026-10-02 23:13:35,5.011376953125023,96.17475271224976,29.883353137113158,1004.9536328125,5.401975
76.5,-80.0,2026-10-02 23:13:35,5.011376953125023,96.17475271224976,29.883353137113158,1004.9536328125,5.401975
76.5,-79.5,2026-10-02 23:13:35,5.011376953125023,96.17475271224976,29.883353137113158,1004.9536328125,5.401975
76.5,-79.0,2026-10-02 23:13:35,5.011376953125023,96.17475271224976,29.883353137113158,1004.9536328125,5.401975
76.5,-78.5,2026-10-02 23:13:35,5.011376953125023,96.17475271224976,29.883353137113158,1004.9536328125,5.401975
76.5,-78.0,2026-10-02 23:13:35,5.011376953125023,96.17475271224976,29.883353137113158,1004.9536328125,5.401975
77.0,-120.5,2026-10-02 23:13:35,4.6815063476562955,95.18964231014252,28.633958713263276,1004.09734375,5.1926000000000005
77.0,-120.0,2026-10-02 23:13:35,4.6815063476562955,95.18964231014252,28.633958713263276,1004.09734375,5.1926000000000005
77.0,-119.5,2026-10-02 23:13:35,4.6815063476562955,95.18964231014252,28.633958713263276,1004.09734375,5.1926000000000005
77.0,-119.0,2026-10-02 23:13:35,4.6815063476562955,95.18964231014252,28.633958713263276,1004.09734375,5.1926000000000005
77.0,-118.5,2026-10-02 23:13:35,4.6815063476562955,95.18964231014252,28.633958713263276,1004.09734375,5.1926000000000005
77.0,-118.0,2026-10-02 23:13:35,4.6815063476562955,95.18964231014252,28.633958713263276,1004.09734375,5.1926000000000005
77.0,-117.5,2026-10-02 23:13:35,4.6815063476562955,95.18964231014252,28.633958713263276,1004.09734375,5.1926000000000005
77.0,-117.0,2026-10-02 23:13:35,4.6815063476562955,95.18964231014252,28.633958713263276,1004.09734375,5.1926000000000005
77.0,-116.5,2026-10-02 23:13:35,4.6815063476562955,95.18964231014252,28.633958713263276,1004.09734375,5.1926000000000005
77.0,-116.0,2026-10-02 23:13:35,4.6815063476562955,95.18964231014252,28.633958713263276,1004.09734375,5.1926000000000005
77.0,-115.5,2026-10-02 23:13:35,4.6815063476562955,95.18964231014252,28.633958713263276,1004.09734375,5.1926000000000005
77.0,-97.0,2026-10-02 23:13:35,4.661376953125057,95.92475271224976,30.603353137113157,1004.0736328125,5.1926000000000005
77.0,-96.5,2026-10-02 23:13:35,4.661376953125057,95.92475271224976,30.603353137113157,1004.0736328125,5.1926000000000005
77.0,-96.0,2026-10-02 23:13:35,4.661376953125057,95.92475271224976,30.603353137113157,1004.0736328125,5.1926000000000005
77.0,-95.5,2026-10-02 23:13:35,4.661376953125057,95.92475271224976,30.603353137113157,1004.0736328125,5.1926000000000005
77.0,-95.0,2026-10-02 23:13:35,4.661376953125057,95.92475271224976,30.603353137113157,1004.0736328125,5.1926000000000005
77.0,-94.5,2026-10-02 23:13:35,4.661376953125057,95.92475271224976,30.603353137113157,1004.0736328125,5.1926000000000005
77.0,-94.0,2026-10-02 23:13:35,4.661376953125057,95.92475271224976,30.603353137113157,1004.0736328125,5.1926000000000005
77.0,-89.0,2026-10-02 23:13:35,4.661376953125057,95.92475271224976,30.603353137113157,1004.0736328125,5.1926000000000005
77.0,-88.5,2026-10-02 23:13:35,4.661376953125057,95.92475271224976,30.603353137113157,1004.0736328125,5.1926000000000005
77.0,-88.0,2026-10-02 23:13:35,4.661376953125057,95.92475271224976,30.603353137113157,1004.0736328125,5.1926000000000005
77.0,-87.5,2026-10-02 23:13:35,4.661376953125057,95.92475271224976,30.603353137113157,1004.0736328125,5.1926000000000005
77.0,-87.0,2026-10-02 23:13:35,4.661376953125057,95.92475271224976,30.603353137113157,1004.0736328125,5.1926000000000005
77.0,-86.5,2026-10-02 23:13:35,4.661376953125057,95.92475271224976,30.603353137113157,1004.0736328125,5.1926000000000005
77.0,-86.0,2026-10-02 23:13:35,4.661376953125057,95.92475271224976,30.603353137113157,1004.0736328125,5.1926000000000005
77.0,-85.5,2026-10-02 23:13:35,4.661376953125057,95.92475271224976,30.603353137113157,1004.0736328125,5.1926000000000005
77.0,-85.0,2026-10-02 23:13:35,4.661376953125057,95.92475271224976,30.603353137113157,1004.0736328125,5.1926000000000005
77.0,-84.5,2026-10-02 23:13:35,4.661376953125057,95.92475271224976,30.603353137113157,1004.0736328125,5.1926000000000005
77.0,-84.0,2026-10-02 23:13:35,4.661376953125057,95.92475271224976,30.603353137113157,1004.0736328125,5.1926000000000005
77.0,-83.5,2026-10-02 23:13:35,4.661376953125057,95.92475271224976,30.603353137113157,1004.0736328125,5.1926000000000005
77.0,-83.0,2026-10-02 23:13:35,4.661376953125057,95.92475271224976,30.603353137113157,1004.0736328125,5.1926000000000005
77.0,-82.5,2026-10-02 23:13:35,4.661376953125057,95.92475271224976,30.603353137113157,1004.0736328125,5.1926000000000005
77.0,-82.0,2026-10-02 23:13:35,4.661376953125057,95.92475271224976,30.603353137113157,1004.0736328125,5.1926000000000005
77.0,-81.5,2026-10-02 23:13:35,4.661376953125057,95.92475271224976,30.603353137113157,1004.0736328125,5.1926000000000005
77.0,-81.0,2026-10-02 23:13:35,4.661376953125057,95.92475271224976,30.603353137113157,1004.0736328125,5.1926000000000005
77.0,-80.5,2026-10-02 23:13:35,4.661376953125057,95.92475271224976,30.603353137113157,1004.0736328125,5.1926000000000005
77.0,-80.0,2026-10-02 23:13:35,4.661376953125057,95.92475271224976,30.603353137113157,1004.0736328125,5.1926000000000005
77.0,-79.5,2026-10-02 23:13:35,4.661376953125057,95.92475271224976,30.603353137113157,1004.0736328125,5.1926000000000005
77.0,-79.0,2026-10-02 23:13:35,4.661376953125057,95.92475271224976,30.603353137113157,1004.0736328125,5.1926000000000005
77.0,-78.5,2026-10-02 23:13:35,4.661376953125057,95.92475271224976,30.603353137113157,1004.0736328125,5.1926000000000005
77.0,-78.0,2026-10-02 23:13:35,4.661376953125057,95.92475271224976,30.603353137113157,1004.0736328125,5.1926000000000005
77.5,-117.5,2026-10-02 23:13:35,4.331506347656273,94.93964231014252,34.213958713263274,1002.97734375,3.887125
77.5,-117.0,2026-10-02 23:13:35,4.331506347656273,94.93964231014252,34.213958713263274,1002.97734375,3.887125
77.5,-116.5,2026-10-02 23:13:35,4.331506347656273,94.93964231014252,34.213958713263274,1002.97734375,3.887125
77.5,-116.0,2026-10-02 23:13:35,4.331506347656273,94.93964231014252,34.213958713263274,1002.97734375,3.887125
77.5,-113.5,2026-10-02 23:13:35,4.331506347656273,94.93964231014252,34.213958713263274,1002.97734375,3.887125
77.5,-113.0,2026-10-02 23:13:35,4.331506347656273,94.93964231014252,34.213958713263274,1002.97734375,3.887125
77.5,-112.5,2026-10-02 23:13:35,4.331506347656273,94.93964231014252,34.213958713263274,1002.97734375,3.887125
77.5,-112.0,2026-10-02 23:13:35,4.331506347656273,94.93964231014252,34.213958713263274,1002.97734375,3.887125
77.5,-111.5,2026-10-02 23:13:35,4.331506347656273,94.93964231014252,34.213958713263274,1002.97734375,3.887125
77.5,-111.0,2026-10-02 23:13:35,4.331506347656273,94.93964231014252,34.213958713263274,1002.97734375,3.887125
77.5,-110.5,2026-10-02 23:13:35,4.331506347656273,94.93964231014252,34.213958713263274,1002.97734375,3.887125
77.5,-110.0,2026-10-02 23:13:35,4.331506347656273,94.93964231014252,34.213958713263274,1002.97734375,3.887125
77.5,-106.0,2026-10-02 23:13:35,4.331506347656273,94.93964231014252,34.213958713263274,1002.97734375,3.887125
77.5,-105.5,2026-10-02 23:13:35,4.331506347656273,94.93964231014252,34.213958713263274,1002.97734375,3.887125
77.5,-105.0,2026-10-02 23:13:35,4.331506347656273,94.93964231014252,34.213958713263274,1002.97734375,3.887125
77.5,-96.5,2026-10-02 23:13:35,4.311376953125034,96.92475271224976,30.963353137113156,1002.9536328125,3.887125
77.5,-96.0,2026-10-02 23:13:35,4.311376953125034,96.92475271224976,30.963353137113156,1002.9536328125,3.887125
77.5,-95.5,2026-10-02 23:13:35,4.311376953125034,96.92475271224976,30.963353137113156,1002.9536328125,3.887125
77.5,-95.0,2026-10-02 23:13:35,4.311376953125034,96.92475271224976,30.963353137113156,1002.9536328125,3.887125
77.5,-94.5,2026-10-02 23:13:35,4.311376953125034,96.92475271224976,30.963353137113156,1002.9536328125,3.887125
77.5,-94.0,2026-10-02 23:13:35,4.311376953125034,96.92475271224976,30.963353137113156,1002.9536328125,3.887125
77.5,-93.5,2026-10-02 23:13:35,4.311376953125034,96.92475271224976,30.963353137113156,1002.9536328125,3.887125
77.5,-91.5,2026-10-02 23:13:35,4.311376953125034,96.92475271224976,30.963353137113156,1002.9536328125,3.887125
77.5,-91.0,2026-10-02 23:13:35,4.311376953125034,96.92475271224976,30.963353137113156,1002.9536328125,3.887125
77.5,-90.5,2026-10-02 23:13:35,4.311376953125034,96.92475271224976,30.963353137113156,1002.9536328125,3.887125
77.5,-90.0,2026-10-02 23:13:35,4.311376953125034,96.92475271224976,30.963353137113156,1002.9536328125,3.887125
77.5,-89.5,2026-10-02 23:13:35,4.311376953125034,96.92475271224976,30.963353137113156,1002.9536328125,3.887125
77.5,-88.0,2026-10-02 23:13:35,4.311376953125034,96.92475271224976,30.963353137113156,1002.9536328125,3.887125
77.5,-87.5,2026-10-02 23:13:35,4.311376953125034,96.92475271224976,30.963353137113156,1002.9536328125,3.887125
77.5,-87.0,2026-10-02 23:13:35,4.311376953125034,96.92475271224976,30.963353137113156,1002.9536328125,3.887125
77.5,-86.5,2026-10-02 23:13:35,4.311376953125034,96.92475271224976,30.963353137113156,1002.9536328125,3.887125
77.5,-86.0,2026-10-02 23:13:35,4.311376953125034,96.92475271224976,30.963353137113156,1002.9536328125,3.887125
77.5,-85.5,2026-10-02 23:13:35,4.311376953125034,96.92475271224976,30.963353137113156,1002.9536328125,3.887125
77.5,-85.0,2026-10-02 23:13:35,4.311376953125034,96.92475271224976,30.963353137113156,1002.9536328125,3.887125
77.5,-84.5,2026-10-02 23:13:35,4.311376953125034,96.92475271224976,30.963353137113156,1002.9536328125,3.887125
77.5,-84.0,2026-10-02 23:13:35,4.311376953125034,96.92475271224976,30.963353137113156,1002.9536328125,3.887125
77.5,-83.5,2026-10-02 23:13:35,4.311376953125034,96.92475271224976,30.963353137113156,1002.9536328125,3.887125
77.5,-83.0,2026-10-02 23:13:35,4.311376953125034,96.92475271224976,30.963353137113156,1002.9536328125,3.887125
77.5,-82.5,2026-10-02 23:13:35,4.311376953125034,96.92475271224976,30.963353137113156,1002.9536328125,3.887125
77.5,-82.0,2026-10-02 23:13:35,4.311376953125034,96.92475271224976,30.963353137113156,1002.9536328125,3.887125
77.5,-81.5,2026-10-02 23:13:35,4.311376953125034,96.92475271224976,30.963353137113156,1002.9536328125,3.887125
77.5,-81.0,2026-10-02 23:13:35,4.311376953125034,96.92475271224976,30.963353137113156,1002.9536328125,3.887125
77.5,-80.5,2026-10-02 23:13:35,4.311376953125034,96.92475271224976,30.963353137113156,1002.9536328125,3.887125
77.5,-80.0,2026-10-02 23:13:35,4.311376953125034,96.92475271224976,30.963353137113156,1002.9536328125,3.887125
77.5,-79.5,2026-10-02 23:13:35,4.311376953125034,96.92475271224976,30.963353137113156,1002.9536328125,3.887125
77.5,-79.0,2026-10-02 23:13:35,4.311376953125034,96.92475271224976,30.963353137113156,1002.9536328125,3.887125
77.5,-78.5,2026-10-02 23:13:35,4.311376953125034,96.92475271224976,30.963353137113156,1002.9536328125,3.887125
77.5,-78.0,2026-10-02 23:13:35,4.311376953125034,96.92475271224976,30.963353137113156,1002.9536328125,3.887125
78.0,-115.0,2026-10-02 23:13:35,3.9315063476562955,95.68964231014252,34.393958713263274,1002.01734375,3.4381250000000003
78.0,-114.5,2026-10-02 23:13:35,3.9315063476562955,95.68964231014252,34.393958713263274,1002.01734375,3.4381250000000003
78.0,-114.0,2026-10-02 23:13:35,3.9315063476562955,95.68964231014252,34.393958713263274,1002.01734375,3.4381250000000003
78.0,-113.0,2026-10-02 23:13:35,3.9315063476562955,95.68964231014252,34.393958713263274,1002.01734375,3.4381250000000003
78.0,-112.5,2026-10-02 23:13:35,3.9315063476562955,95.68964231014252,34.393958713263274,1002.01734375,3.4381250000000003
78.0,-112.0,2026-10-02 23:13:35,3.9315063476562955,95.68964231014252,34.393958713263274,1002.01734375,3.4381250000000003
78.0,-111.5,2026-10-02 23:13:35,3.9315063476562955,95.68964231014252,34.393958713263274,1002.01734375,3.4381250000000003
78.0,-111.0,2026-10-02 23:13:35,3.9315063476562955,95.68964231014252,34.393958713263274,1002.01734375,3.4381250000000003
78.0,-110.5,2026-10-02 23:13:35,3.9315063476562955,95.68964231014252,34.393958713263274,1002.01734375,3.4381250000000003
78.0,-110.0,2026-10-02 23:13:35,3.9315063476562955,95.68964231014252,34.393958713263274,1002.01734375,3.4381250000000003
78.0,-109.5,2026-10-02 23:13:35,3.9315063476562955,95.68964231014252,34.393958713263274,1002.01734375,3.4381250000000003
78.0,-101.0,2026-10-02 23:13:35,3.7113769531250114,96.92475271224976,27.183353137113155,1002.2336328125,3.4381250000000003
78.0,-100.5,2026-10-02 23:13:35,3.7113769531250114,96.92475271224976,27.183353137113155,1002.2336328125,3.4381250000000003
78.0,-100.0,2026-10-02 23:13:35,3.7113769531250114,96.92475271224976,27.183353137113155,1002.2336328125,3.4381250000000003
78.0,-99.5,2026-10-02 23:13:35,3.7113769531250114,96.92475271224976,27.183353137113155,1002.2336328125,3.4381250000000003
78.0,-99.0,2026-10-02 23:13:35,3.7113769531250114,96.92475271224976,27.183353137113155,1002.2336328125,3.4381250000000003
78.0,-98.0,2026-10-02 23:13:35,3.7113769531250114,96.92475271224976,27.183353137113155,1002.2336328125,3.4381250000000003
78.0,-97.5,2026-10-02 23:13:35,3.7113769531250114,96.92475271224976,27.183353137113155,1002.2336328125,3.4381250000000003
78.0,-97.0,2026-10-02 23:13:35,3.7113769531250114,96.92475271224976,27.183353137113155,1002.2336328125,3.4381250000000003
78.0,-96.5,2026-10-02 23:13:35,3.7113769531250114,96.92475271224976,27.183353137113155,1002.2336328125,3.4381250000000003
78.0,-96.0,2026-10-02 23:13:35,3.7113769531250114,96.92475271224976,27.183353137113155,1002.2336328125,3.4381250000000003
78.0,-95.5,2026-10-02 23:13:35,3.7113769531250114,96.92475271224976,27.183353137113155,1002.2336328125,3.4381250000000003
78.0,-95.0,2026-10-02 23:13:35,3.7113769531250114,96.92475271224976,27.183353137113155,1002.2336328125,3.4381250000000003
78.0,-86.5,2026-10-02 23:13:35,3.7113769531250114,96.92475271224976,27.183353137113155,1002.2336328125,3.4381250000000003
78.0,-86.0,2026-10-02 23:13:35,3.7113769531250114,96.92475271224976,27.183353137113155,1002.2336328125,3.4381250000000003
78.0,-85.5,2026-10-02 23:13:35,3.7113769531250114,96.92475271224976,27.183353137113155,1002.2336328125,3.4381250000000003
78.0,-85.0,2026-10-02 23:13:35,3.7113769531250114,96.92475271224976,27.183353137113155,1002.2336328125,3.4381250000000003
78.0,-84.5,2026-10-02 23:13:35,3.7113769531250114,96.92475271224976,27.183353137113155,1002.2336328125,3.4381250000000003
78.0,-84.0,2026-10-02 23:13:35,3.7113769531250114,96.92475271224976,27.183353137113155,1002.2336328125,3.4381250000000003
78.0,-83.5,2026-10-02 23:13:35,3.7113769531250114,96.92475271224976,27.183353137113155,1002.2336328125,3.4381250000000003
78.0,-83.0,2026-10-02 23:13:35,3.7113769531250114,96.92475271224976,27.183353137113155,1002.2336328125,3.4381250000000003
78.0,-82.5,2026-10-02 23:13:35,3.7113769531250114,96.92475271224976,27.183353137113155,1002.2336328125,3.4381250000000003
78.0,-82.0,2026-10-02 23:13:35,3.7113769531250114,96.92475271224976,27.183353137113155,1002.2336328125,3.4381250000000003
78.0,-81.5,2026-10-02 23:13:35,3.7113769531250114,96.92475271224976,27.183353137113155,1002.2336328125,3.4381250000000003
78.0,-81.0,2026-10-02 23:13:35,3.7113769531250114,96.92475271224976,27.183353137113155,1002.2336328125,3.4381250000000003
78.0,-80.5,2026-10-02 23:13:35,3.7113769531250114,96.92475271224976,27.183353137113155,1002.2336328125,3.4381250000000003
78.0,-80.0,2026-10-02 23:13:35,3.7113769531250114,96.92475271224976,27.183353137113155,1002.2336328125,3.4381250000000003
78.0,-79.5,2026-10-02 23:13:35,3.7113769531250114,96.92475271224976,27.183353137113155,1002.2336328125,3.4381250000000003
78.0,-79.0,2026-10-02 23:13:35,3.7113769531250114,96.92475271224976,27.183353137113155,1002.2336328125,3.4381250000000003
78.0,-78.5,2026-10-02 23:13:35,3.7113769531250114,96.92475271224976,27.183353137113155,1002.2336328125,3.4381250000000003
78.0,-78.0,2026-10-02 23:13:35,3.7113769531250114,96.92475271224976,27.183353137113155,1002.2336328125,3.4381250000000003
78.0,-77.5,2026-10-02 23:13:35,3.7113769531250114,96.92475271224976,27.183353137113155,1002.2336328125,3.4381250000000003
78.0,-77.0,2026-10-02 23:13:35,3.7113769531250114,96.92475271224976,27.183353137113155,1002.2336328125,3.4381250000000003
78.0,-76.5,2026-10-02 23:13:35,3.7113769531250114,96.92475271224976,27.183353137113155,1002.2336328125,3.4381250000000003
78.0,-76.0,2026-10-02 23:13:35,3.7113769531250114,96.92475271224976,27.183353137113155,1002.2336328125,3.4381250000000003
78.0,-75.5,2026-10-02 23:13:35,3.7113769531250114,96.92475271224976,27.183353137113155,1002.2336328125,3.4381250000000003
78.5,-113.0,2026-10-02 23:13:35,2.231506347656307,97.18964231014252,30.793958713263276,1001.37734375,3.2163
78.5,-112.5,2026-10-02 23:13:35,2.231506347656307,97.18964231014252,30.793958713263276,1001.37734375,3.2163
78.5,-112.0,2026-10-02 23:13:35,2.231506347656307,97.18964231014252,30.793958713263276,1001.37734375,3.2163
78.5,-111.5,2026-10-02 23:13:35,2.231506347656307,97.18964231014252,30.793958713263276,1001.37734375,3.2163
78.5,-111.0,2026-10-02 23:13:35,2.231506347656307,97.18964231014252,30.793958713263276,1001.37734375,3.2163
78.5,-110.5,2026-10-02 23:13:35,2.231506347656307,97.18964231014252,30.793958713263276,1001.37734375,3.2163
78.5,-110.0,2026-10-02 23:13:35,2.231506347656307,97.18964231014252,30.793958713263276,1001.37734375,3.2163
78.5,-109.5,2026-10-02 23:13:35,2.231506347656307,97.18964231014252,30.793958713263276,1001.37734375,3.2163
78.5,-109.0,2026-10-02 23:13:35,2.231506347656307,97.18964231014252,30.793958713263276,1001.37734375,3.2163
78.5,-105.0,2026-10-02 23:13:35,2.231506347656307,97.18964231014252,30.793958713263276,1001.37734375,3.2163
78.5,-104.5,2026-10-02 23:13:35,2.231506347656307,97.18964231014252,30.793958713263276,1001.37734375,3.2163
78.5,-104.0,2026-10-02 23:13:35,2.231506347656307,97.18964231014252,30.793958713263276,1001.37734375,3.2163
78.5,-103.5,2026-10-02 23:13:35,2.231506347656307,97.18964231014252,30.793958713263276,1001.37734375,3.2163
78.5,-103.0,2026-10-02 23:13:35,2.231506347656307,97.18964231014252,30.793958713263276,1001.37734375,3.2163
78.5,-102.5,2026-10-02 23:13:35,2.231506347656307,97.18964231014252,30.793958713263276,1001.37734375,3.2163
78.5,-102.0,2026-10-02 23:13:35,2.231506347656307,97.18964231014252,30.793958713263276,1001.37734375,3.2163
78.5,-101.5,2026-10-02 23:13:35,2.061376953125034,97.17475271224976,30.243353137113157,1001.3536328125,3.2163
78.5,-101.0,2026-10-02 23:13:35,2.061376953125034,97.17475271224976,30.243353137113157,1001.3536328125,3.2163
78.5,-100.5,2026-10-02 23:13:35,2.061376953125034,97.17475271224976,30.243353137113157,1001.3536328125,3.2163
78.5,-100.0,2026-10-02 23:13:35,2.061376953125034,97.17475271224976,30.243353137113157,1001.3536328125,3.2163
78.5,-99.5,2026-10-02 23:13:35,2.061376953125034,97.17475271224976,30.243353137113157,1001.3536328125,3.2163
78.5,-98.5,2026-10-02 23:13:35,2.061376953125034,97.17475271224976,30.243353137113157,1001.3536328125,3.2163
78.5,-98.0,2026-10-02 23:13:35,2.061376953125034,97.17475271224976,30.243353137113157,1001.3536328125,3.2163
78.5,-97.5,2026-10-02 23:13:35,2.061376953125034,97.17475271224976,30.243353137113157,1001.3536328125,3.2163
78.5,-97.0,2026-10-02 23:13:35,2.061376953125034,97.17475271224976,30.243353137113157,1001.3536328125,3.2163
78.5,-96.5,2026-10-02 23:13:35,2.061376953125034,97.17475271224976,30.243353137113157,1001.3536328125,3.2163
78.5,-96.0,2026-10-02 23:13:35,2.061376953125034,97.17475271224976,30.243353137113157,1001.3536328125,3.2163
78.5,-95.5,2026-10-02 23:13:35,2.061376953125034,97.17475271224976,30.243353137113157,1001.3536328125,3.2163
78.5,-95.0,2026-10-02 23:13:35,2.061376953125034,97.17475271224976,30.243353137113157,1001.3536328125,3.2163
78.5,-93.0,2026-10-02 23:13:35,2.061376953125034,97.17475271224976,30.243353137113157,1001.3536328125,3.2163
78.5,-92.5,2026-10-02 23:13:35,2.061376953125034,97.17475271224976,30.243353137113157,1001.3536328125,3.2163
78.5,-92.0,2026-10-02 23:13:35,2.061376953125034,97.17475271224976,30.243353137113157,1001.3536328125,3.2163
78.5,-91.5,2026-10-02 23:13:35,2.061376953125034,97.17475271224976,30.243353137113157,1001.3536328125,3.2163
78.5,-91.0,2026-10-02 23:13:35,2.061376953125034,97.17475271224976,30.243353137113157,1001.3536328125,3.2163
78.5,-90.5,2026-10-02 23:13:35,2.061376953125034,97.17475271224976,30.243353137113157,1001.3536328125,3.2163
78.5,-90.0,2026-10-02 23:13:35,2.061376953125034,97.17475271224976,30.243353137113157,1001.3536328125,3.2163
78.5,-89.5,2026-10-02 23:13:35,2.061376953125034,97.17475271224976,30.243353137113157,1001.3536328125,3.2163
78.5,-89.0,2026-10-02 23:13:35,2.061376953125034,97.17475271224976,30.243353137113157,1001.3536328125,3.2163
78.5,-88.5,2026-10-02 23:13:35,2.061376953125034,97.17475271224976,30.243353137113157,1001.3536328125,3.2163
78.5,-88.0,2026-10-02 23:13:35,2.061376953125034,97.17475271224976,30.243353137113157,1001.3536328125,3.2163
78.5,-87.5,2026-10-02 23:13:35,2.061376953125034,97.17475271224976,30.243353137113157,1001.3536328125,3.2163
78.5,-87.0,2026-10-02 23:13:35,2.061376953125034,97.17475271224976,30.243353137113157,1001.3536328125,3.2163
78.5,-86.5,2026-10-02 23:13:35,2.061376953125034,97.17475271224976,30.243353137113157,1001.3536328125,3.2163
78.5,-86.0,2026-10-02 23:13:35,2.061376953125034,97.17475271224976,30.243353137113157,1001.3536328125,3.2163
78.5,-85.5,2026-10-02 23:13:35,2.061376953125034,97.17475271224976,30.243353137113157,1001.3536328125,3.2163
78.5,-85.0,2026-10-02 23:13:35,2.061376953125034,97.17475271224976,30.243353137113157,1001.3536328125,3.2163
78.5,-84.5,2026-10-02 23:13:35,2.061376953125034,97.17475271224976,30.243353137113157,1001.3536328125,3.2163
78.5,-84.0,2026-10-02 23:13:35,2.061376953125034,97.17475271224976,30.243353137113157,1001.3536328125,3.2163
78.5,-83.5,2026-10-02 23:13:35,2.061376953125034,97.17475271224976,30.243353137113157,1001.3536328125,3.2163
78.5,-83.0,2026-10-02 23:13:35,2.061376953125034,97.17475271224976,30.243353137113157,1001.3536328125,3.2163
78.5,-82.5,2026-10-02 23:13:35,2.061376953125034,97.17475271224976,30.243353137113157,1001.3536328125,3.2163
78.5,-82.0,2026-10-02 23:13:35,2.061376953125034,97.17475271224976,30.243353137113157,1001.3536328125,3.2163
78.5,-81.5,2026-10-02 23:13:35,2.061376953125034,97.17475271224976,30.243353137113157,1001.3536328125,3.2163
78.5,-81.0,2026-10-02 23:13:35,2.061376953125034,97.17475271224976,30.243353137113157,1001.3536328125,3.2163
78.5,-80.5,2026-10-02 23:13:35,2.061376953125034,97.17475271224976,30.243353137113157,1001.3536328125,3.2163
78.5,-80.0,2026-10-02 23:13:35,2.061376953125034,97.17475271224976,30.243353137113157,1001.3536328125,3.2163
78.5,-79.5,2026-10-02 23:13:35,2.061376953125034,97.17475271224976,30.243353137113157,1001.3536328125,3.2163
78.5,-79.0,2026-10-02 23:13:35,2.061376953125034,97.17475271224976,30.243353137113157,1001.3536328125,3.2163
78.5,-78.5,2026-10-02 23:13:35,2.061376953125034,97.17475271224976,30.243353137113157,1001.3536328125,3.2163
78.5,-78.0,2026-10-02 23:13:35,2.061376953125034,97.17475271224976,30.243353137113157,1001.3536328125,3.2163
78.5,-77.5,2026-10-02 23:13:35,2.061376953125034,97.17475271224976,30.243353137113157,1001.3536328125,3.2163
78.5,-77.0,2026-10-02 23:13:35,2.061376953125034,97.17475271224976,30.243353137113157,1001.3536328125,3.2163
78.5,-76.5,2026-10-02 23:13:35,2.061376953125034,97.17475271224976,30.243353137113157,1001.3536328125,3.2163
78.5,-76.0,2026-10-02 23:13:35,2.061376953125034,97.17475271224976,30.243353137113157,1001.3536328125,3.2163
78.5,-75.5,2026-10-02 23:13:35,2.061376953125034,97.17475271224976,30.243353137113157,1001.3536328125,3.2163
78.5,-75.0,2026-10-02 23:13:35,2.061376953125034,97.17475271224976,30.243353137113157,1001.3536328125,3.2163
79.0,-106.0,2026-10-02 23:13:35,0.46137695312501137,98.17475271224976,30.243353137113157,999.8336328125,3.055475
79.0,-105.5,2026-10-02 23:13:35,0.46137695312501137,98.17475271224976,30.243353137113157,999.8336328125,3.055475
79.0,-105.0,2026-10-02 23:13:35,0.46137695312501137,98.17475271224976,30.243353137113157,999.8336328125,3.055475
79.0,-104.5,2026-10-02 23:13:35,0.46137695312501137,98.17475271224976,30.243353137113157,999.8336328125,3.055475
79.0,-104.0,2026-10-02 23:13:35,0.46137695312501137,98.17475271224976,30.243353137113157,999.8336328125,3.055475
79.0,-103.5,2026-10-02 23:13:35,0.46137695312501137,98.17475271224976,30.243353137113157,999.8336328125,3.055475
79.0,-103.0,2026-10-02 23:13:35,0.46137695312501137,98.17475271224976,30.243353137113157,999.8336328125,3.055475
79.0,-102.5,2026-10-02 23:13:35,0.46137695312501137,98.17475271224976,30.243353137113157,999.8336328125,3.055475
79.0,-102.0,2026-10-02 23:13:35,0.46137695312501137,98.17475271224976,30.243353137113157,999.8336328125,3.055475
79.0,-101.5,2026-10-02 23:13:35,0.46137695312501137,98.17475271224976,30.243353137113157,999.8336328125,3.055475
79.0,-101.0,2026-10-02 23:13:35,0.46137695312501137,98.17475271224976,30.243353137113157,999.8336328125,3.055475
79.0,-94.5,2026-10-02 23:13:35,0.46137695312501137,98.17475271224976,30.243353137113157,999.8336328125,3.055475
79.0,-94.0,2026-10-02 23:13:35,0.46137695312501137,98.17475271224976,30.243353137113157,999.8336328125,3.055475
79.0,-93.5,2026-10-02 23:13:35,0.46137695312501137,98.17475271224976,30.243353137113157,999.8336328125,3.055475
79.0,-93.0,2026-10-02 23:13:35,0.46137695312501137,98.17475271224976,30.243353137113157,999.8336328125,3.055475
79.0,-92.5,2026-10-02 23:13:35,0.46137695312501137,98.17475271224976,30.243353137113157,999.8336328125,3.055475
79.0,-92.0,2026-10-02 23:13:35,0.46137695312501137,98.17475271224976,30.243353137113157,999.8336328125,3.055475
79.0,-91.5,2026-10-02 23:13:35,0.46137695312501137,98.17475271224976,30.243353137113157,999.8336328125,3.055475
79.0,-91.0,2026-10-02 23:13:35,0.46137695312501137,98.17475271224976,30.243353137113157,999.8336328125,3.055475
79.0,-90.5,2026-10-02 23:13:35,0.46137695312501137,98.17475271224976,30.243353137113157,999.8336328125,3.055475
79.0,-90.0,2026-10-02 23:13:35,0.46137695312501137,98.17475271224976,30.243353137113157,999.8336328125,3.055475
79.0,-89.5,2026-10-02 23:13:35,0.46137695312501137,98.17475271224976,30.243353137113157,999.8336328125,3.055475
79.0,-89.0,2026-10-02 23:13:35,0.46137695312501137,98.17475271224976,30.243353137113157,999.8336328125,3.055475
79.0,-88.5,2026-10-02 23:13:35,0.46137695312501137,98.17475271224976,30.243353137113157,999.8336328125,3.055475
79.0,-88.0,2026-10-02 23:13:35,0.46137695312501137,98.17475271224976,30.243353137113157,999.8336328125,3.055475
79.0,-87.5,2026-10-02 23:13:35,0.46137695312501137,98.17475271224976,30.243353137113157,999.8336328125,3.055475
79.0,-87.0,2026-10-02 23:13:35,0.46137695312501137,98.17475271224976,30.243353137113157,999.8336328125,3.055475
79.0,-86.5,2026-10-02 23:13:35,0.46137695312501137,98.17475271224976,30.243353137113157,999.8336328125,3.055475
79.0,-85.0,2026-10-02 23:13:35,0.46137695312501137,98.17475271224976,30.243353137113157,999.8336328125,3.055475
79.0,-84.5,2026-10-02 23:13:35,0.46137695312501137,98.17475271224976,30.243353137113157,999.8336328125,3.055475
79.0,-84.0,2026-10-02 23:13:35,0.46137695312501137,98.17475271224976,30.243353137113157,999.8336328125,3.055475
79.0,-83.5,2026-10-02 23:13:35,0.46137695312501137,98.17475271224976,30.243353137113157,999.8336328125,3.055475
79.0,-83.0,2026-10-02 23:13:35,0.46137695312501137,98.17475271224976,30.243353137113157,999.8336328125,3.055475
79.0,-82.5,2026-10-02 23:13:35,0.46137695312501137,98.17475271224976,30.243353137113157,999.8336328125,3.055475
79.0,-82.0,2026-10-02 23:13:35,0.46137695312501137,98.17475271224976,30.243353137113157,999.8336328125,3.055475
79.0,-81.5,2026-10-02 23:13:35,0.46137695312501137,98.17475271224976,30.243353137113157,999.8336328125,3.055475
79.0,-81.0,2026-10-02 23:13:35,0.46137695312501137,98.17475271224976,30.243353137113157,999.8336328125,3.055475
79.0,-80.5,2026-10-02 23:13:35,0.46137695312501137,98.17475271224976,30.243353137113157,999.8336328125,3.055475
79.0,-80.0,2026-10-02 23:13:35,0.46137695312501137,98.17475271224976,30.243353137113157,999.8336328125,3.055475
79.0,-79.5,2026-10-02 23:13:35,0.46137695312501137,98.17475271224976,30.243353137113157,999.8336328125,3.055475
79.0,-79.0,2026-10-02 23:13:35,0.46137695312501137,98.17475271224976,30.243353137113157,999.8336328125,3.055475
79.0,-78.5,2026-10-02 23:13:35,0.46137695312501137,98.17475271224976,30.243353137113157,999.8336328125,3.055475
79.0,-78.0,2026-10-02 23:13:35,0.46137695312501137,98.17475271224976,30.243353137113157,999.8336328125,3.055475
79.0,-77.5,2026-10-02 23:13:35,0.46137695312501137,98.17475271224976,30.243353137113157,999.8336328125,3.055475
79.0,-77.0,2026-10-02 23:13:35,0.46137695312501137,98.17475271224976,30.243353137113157,999.8336328125,3.055475
79.0,-76.5,2026-10-02 23:13:35,0.46137695312501137,98.17475271224976,30.243353137113157,999.8336328125,3.055475
79.0,-76.0,2026-10-02 23:13:35,0.46137695312501137,98.17475271224976,30.243353137113157,999.8336328125,3.055475
79.0,-75.5,2026-10-02 23:13:35,0.46137695312501137,98.17475271224976,30.243353137113157,999.8336328125,3.055475
79.0,-75.0,2026-10-02 23:13:35,0.46137695312501137,98.17475271224976,30.243353137113157,999.8336328125,3.055475
79.0,-74.5,2026-10-02 23:13:35,0.46137695312501137,98.17475271224976,30.243353137113157,999.8336328125,3.055475
79.5,-96.0,2026-10-02 23:13:35,0.6113769531250455,98.17475271224976,28.98335313711316,998.8736328125,3.733725
79.5,-95.5,2026-10-02 23:13:35,0.6113769531250455,98.17475271224976,28.98335313711316,998.8736328125,3.733725
79.5,-95.0,2026-10-02 23:13:35,0.6113769531250455,98.17475271224976,28.98335313711316,998.8736328125,3.733725
79.5,-94.5,2026-10-02 23:13:35,0.6113769531250455,98.17475271224976,28.98335313711316,998.8736328125,3.733725
79.5,-94.0,2026-10-02 23:13:35,0.6113769531250455,98.17475271224976,28.98335313711316,998.8736328125,3.733725
79.5,-93.5,2026-10-02 23:13:35,0.6113769531250455,98.17475271224976,28.98335313711316,998.8736328125,3.733725
79.5,-93.0,2026-10-02 23:13:35,0.6113769531250455,98.17475271224976,28.98335313711316,998.8736328125,3.733725
79.5,-92.5,2026-10-02 23:13:35,0.6113769531250455,98.17475271224976,28.98335313711316,998.8736328125,3.733725
79.5,-92.0,2026-10-02 23:13:35,0.6113769531250455,98.17475271224976,28.98335313711316,998.8736328125,3.733725
79.5,-91.5,2026-10-02 23:13:35,0.6113769531250455,98.17475271224976,28.98335313711316,998.8736328125,3.733725
79.5,-91.0,2026-10-02 23:13:35,0.6113769531250455,98.17475271224976,28.98335313711316,998.8736328125,3.733725
79.5,-90.5,2026-10-02 23:13:35,0.6113769531250455,98.17475271224976,28.98335313711316,998.8736328125,3.733725
79.5,-90.0,2026-10-02 23:13:35,0.6113769531250455,98.17475271224976,28.98335313711316,998.8736328125,3.733725
79.5,-89.5,2026-10-02 23:13:35,0.6113769531250455,98.17475271224976,28.98335313711316,998.8736328125,3.733725
79.5,-89.0,2026-10-02 23:13:35,0.6113769531250455,98.17475271224976,28.98335313711316,998.8736328125,3.733725
79.5,-88.5,2026-10-02 23:13:35,0.6113769531250455,98.17475271224976,28.98335313711316,998.8736328125,3.733725
79.5,-88.0,2026-10-02 23:13:35,0.6113769531250455,98.17475271224976,28.98335313711316,998.8736328125,3.733725
79.5,-87.5,2026-10-02 23:13:35,0.6113769531250455,98.17475271224976,28.98335313711316,998.8736328125,3.733725
79.5,-87.0,2026-10-02 23:13:35,0.6113769531250455,98.17475271224976,28.98335313711316,998.8736328125,3.733725
79.5,-86.5,2026-10-02 23:13:35,0.6113769531250455,98.17475271224976,28.98335313711316,998.8736328125,3.733725
79.5,-86.0,2026-10-02 23:13:35,0.6113769531250455,98.17475271224976,28.98335313711316,998.8736328125,3.733725
79.5,-85.5,2026-10-02 23:13:35,0.6113769531250455,98.17475271224976,28.98335313711316,998.8736328125,3.733725
79.5,-85.0,2026-10-02 23:13:35,0.6113769531250455,98.17475271224976,28.98335313711316,998.8736328125,3.733725
79.5,-84.5,2026-10-02 23:13:35,0.6113769531250455,98.17475271224976,28.98335313711316,998.8736328125,3.733725
79.5,-84.0,2026-10-02 23:13:35,0.6113769531250455,98.17475271224976,28.98335313711316,998.8736328125,3.733725
79.5,-83.5,2026-10-02 23:13:35,0.6113769531250455,98.17475271224976,28.98335313711316,998.8736328125,3.733725
79.5,-83.0,2026-10-02 23:13:35,0.6113769531250455,98.17475271224976,28.98335313711316,998.8736328125,3.733725
79.5,-82.5,2026-10-02 23:13:35,0.6113769531250455,98.17475271224976,28.98335313711316,998.8736328125,3.733725
79.5,-82.0,2026-10-02 23:13:35,0.6113769531250455,98.17475271224976,28.98335313711316,998.8736328125,3.733725
79.5,-81.5,2026-10-02 23:13:35,0.6113769531250455,98.17475271224976,28.98335313711316,998.8736328125,3.733725
79.5,-81.0,2026-10-02 23:13:35,0.6113769531250455,98.17475271224976,28.98335313711316,998.8736328125,3.733725
79.5,-80.5,2026-10-02 23:13:35,0.6113769531250455,98.17475271224976,28.98335313711316,998.8736328125,3.733725
79.5,-80.0,2026-10-02 23:13:35,0.6113769531250455,98.17475271224976,28.98335313711316,998.8736328125,3.733725
79.5,-79.5,2026-10-02 23:13:35,0.6113769531250455,98.17475271224976,28.98335313711316,998.8736328125,3.733725
79.5,-79.0,2026-10-02 23:13:35,0.6113769531250455,98.17475271224976,28.98335313711316,998.8736328125,3.733725
79.5,-78.5,2026-10-02 23:13:35,0.6113769531250455,98.17475271224976,28.98335313711316,998.8736328125,3.733725
79.5,-78.0,2026-10-02 23:13:35,0.6113769531250455,98.17475271224976,28.98335313711316,998.8736328125,3.733725
79.5,-77.5,2026-10-02 23:13:35,0.6113769531250455,98.17475271224976,28.98335313711316,998.8736328125,3.733725
79.5,-77.0,2026-10-02 23:13:35,0.6113769531250455,98.17475271224976,28.98335313711316,998.8736328125,3.733725
79.5,-76.5,2026-10-02 23:13:35,0.6113769531250455,98.17475271224976,28.98335313711316,998.8736328125,3.733725
79.5,-76.0,2026-10-02 23:13:35,0.6113769531250455,98.17475271224976,28.98335313711316,998.8736328125,3.733725
79.5,-75.5,2026-10-02 23:13:35,0.6113769531250455,98.17475271224976,28.98335313711316,998.8736328125,3.733725
79.5,-75.0,2026-10-02 23:13:35,0.6113769531250455,98.17475271224976,28.98335313711316,998.8736328125,3.733725
79.5,-74.5,2026-10-02 23:13:35,0.6113769531250455,98.17475271224976,28.98335313711316,998.8736328125,3.733725
79.5,-74.0,2026-10-02 23:13:35,0.6113769531250455,98.17475271224976,28.98335313711316,998.8736328125,3.733725
79.5,-73.5,2026-10-02 23:13:35,0.6113769531250455,98.17475271224976,28.98335313711316,998.8736328125,3.733725
79.5,-73.0,2026-10-02 23:13:35,0.6113769531250455,98.17475271224976,28.98335313711316,998.8736328125,3.733725
80.0,-100.5,2026-10-02 23:13:35,0.5613769531250341,98.67475271224976,28.083353137113154,997.8336328125,4.600425
80.0,-100.0,2026-10-02 23:13:35,0.5613769531250341,98.67475271224976,28.083353137113154,997.8336328125,4.600425
80.0,-99.5,2026-10-02 23:13:35,0.5613769531250341,98.67475271224976,28.083353137113154,997.8336328125,4.600425
80.0,-99.0,2026-10-02 23:13:35,0.5613769531250341,98.67475271224976,28.083353137113154,997.8336328125,4.600425
80.0,-98.5,2026-10-02 23:13:35,0.5613769531250341,98.67475271224976,28.083353137113154,997.8336328125,4.600425
80.0,-97.0,2026-10-02 23:13:35,0.5613769531250341,98.67475271224976,28.083353137113154,997.8336328125,4.600425
80.0,-96.5,2026-10-02 23:13:35,0.5613769531250341,98.67475271224976,28.083353137113154,997.8336328125,4.600425
80.0,-96.0,2026-10-02 23:13:35,0.5613769531250341,98.67475271224976,28.083353137113154,997.8336328125,4.600425
80.0,-95.5,2026-10-02 23:13:35,0.5613769531250341,98.67475271224976,28.083353137113154,997.8336328125,4.600425
80.0,-95.0,2026-10-02 23:13:35,0.5613769531250341,98.67475271224976,28.083353137113154,997.8336328125,4.600425
80.0,-94.5,2026-10-02 23:13:35,0.5613769531250341,98.67475271224976,28.083353137113154,997.8336328125,4.600425
80.0,-94.0,2026-10-02 23:13:35,0.5613769531250341,98.67475271224976,28.083353137113154,997.8336328125,4.600425
80.0,-93.5,2026-10-02 23:13:35,0.5613769531250341,98.67475271224976,28.083353137113154,997.8336328125,4.600425
80.0,-93.0,2026-10-02 23:13:35,0.5613769531250341,98.67475271224976,28.083353137113154,997.8336328125,4.600425
80.0,-92.5,2026-10-02 23:13:35,0.5613769531250341,98.67475271224976,28.083353137113154,997.8336328125,4.600425
80.0,-92.0,2026-10-02 23:13:35,0.5613769531250341,98.67475271224976,28.083353137113154,997.8336328125,4.600425
80.0,-91.5,2026-10-02 23:13:35,0.5613769531250341,98.67475271224976,28.083353137113154,997.8336328125,4.600425
80.0,-91.0,2026-10-02 23:13:35,0.5613769531250341,98.67475271224976,28.083353137113154,997.8336328125,4.600425
80.0,-90.5,2026-10-02 23:13:35,0.5613769531250341,98.67475271224976,28.083353137113154,997.8336328125,4.600425
80.0,-90.0,2026-10-02 23:13:35,0.5613769531250341,98.67475271224976,28.083353137113154,997.8336328125,4.600425
80.0,-89.5,2026-10-02 23:13:35,0.5613769531250341,98.67475271224976,28.083353137113154,997.8336328125,4.600425
80.0,-89.0,2026-10-02 23:13:35,0.5613769531250341,98.67475271224976,28.083353137113154,997.8336328125,4.600425
80.0,-88.5,2026-10-02 23:13:35,0.5613769531250341,98.67475271224976,28.083353137113154,997.8336328125,4.600425
80.0,-88.0,2026-10-02 23:13:35,0.5613769531250341,98.67475271224976,28.083353137113154,997.8336328125,4.600425
80.0,-87.5,2026-10-02 23:13:35,0.5613769531250341,98.67475271224976,28.083353137113154,997.8336328125,4.600425
80.0,-87.0,2026-10-02 23:13:35,0.5613769531250341,98.67475271224976,28.083353137113154,997.8336328125,4.600425
80.0,-86.5,2026-10-02 23:13:35,0.5613769531250341,98.67475271224976,28.083353137113154,997.8336328125,4.600425
80.0,-86.0,2026-10-02 23:13:35,0.5613769531250341,98.67475271224976,28.083353137113154,997.8336328125,4.600425
80.0,-85.5,2026-10-02 23:13:35,0.5613769531250341,98.67475271224976,28.083353137113154,997.8336328125,4.600425
80.0,-85.0,2026-10-02 23:13:35,0.5613769531250341,98.67475271224976,28.083353137113154,997.8336328125,4.600425
80.0,-84.5,2026-10-02 23:13:35,0.5613769531250341,98.67475271224976,28.083353137113154,997.8336328125,4.600425
80.0,-84.0,2026-10-02 23:13:35,0.5613769531250341,98.67475271224976,28.083353137113154,997.8336328125,4.600425
80.0,-83.5,2026-10-02 23:13:35,0.5613769531250341,98.67475271224976,28.083353137113154,997.8336328125,4.600425
80.0,-83.0,2026-10-02 23:13:35,0.5613769531250341,98.67475271224976,28.083353137113154,997.8336328125,4.600425
80.0,-82.5,2026-10-02 23:13:35,0.5613769531250341,98.67475271224976,28.083353137113154,997.8336328125,4.600425
80.0,-82.0,2026-10-02 23:13:35,0.5613769531250341,98.67475271224976,28.083353137113154,997.8336328125,4.600425
80.0,-81.5,2026-10-02 23:13:35,0.5613769531250341,98.67475271224976,28.083353137113154,997.8336328125,4.600425
80.0,-81.0,2026-10-02 23:13:35,0.5613769531250341,98.67475271224976,28.083353137113154,997.8336328125,4.600425
80.0,-80.5,2026-10-02 23:13:35,0.5613769531250341,98.67475271224976,28.083353137113154,997.8336328125,4.600425
80.0,-80.0,2026-10-02 23:13:35,0.5613769531250341,98.67475271224976,28.083353137113154,997.8336328125,4.600425
80.0,-79.5,2026-10-02 23:13:35,0.5613769531250341,98.67475271224976,28.083353137113154,997.8336328125,4.600425
80.0,-79.0,2026-10-02 23:13:35,0.5613769531250341,98.67475271224976,28.083353137113154,997.8336328125,4.600425
80.0,-78.5,2026-10-02 23:13:35,0.5613769531250341,98.67475271224976,28.083353137113154,997.8336328125,4.600425
80.0,-78.0,2026-10-02 23:13:35,0.5613769531250341,98.67475271224976,28.083353137113154,997.8336328125,4.600425
80.0,-77.5,2026-10-02 23:13:35,0.5613769531250341,98.67475271224976,28.083353137113154,997.8336328125,4.600425
80.0,-77.0,2026-10-02 23:13:35,0.5613769531250341,98.67475271224976,28.083353137113154,997.8336328125,4.600425
80.0,-76.5,2026-10-02 23:13:35,0.5613769531250341,98.67475271224976,28.083353137113154,997.8336328125,4.600425
80.0,-76.0,2026-10-02 23:13:35,0.5613769531250341,98.67475271224976,28.083353137113154,997.8336328125,4.600425
80.0,-75.5,2026-10-02 23:13:35,0.5613769531250341,98.67475271224976,28.083353137113154,997.8336328125,4.600425
80.0,-75.0,2026-10-02 23:13:35,0.5613769531250341,98.67475271224976,28.083353137113154,997.8336328125,4.600425
80.0,-74.5,2026-10-02 23:13:35,0.5613769531250341,98.67475271224976,28.083353137113154,997.8336328125,4.600425
80.0,-74.0,2026-10-02 23:13:35,0.5613769531250341,98.67475271224976,28.083353137113154,997.8336328125,4.600425
80.0,-73.5,2026-10-02 23:13:35,0.5613769531250341,98.67475271224976,28.083353137113154,997.8336328125,4.600425
80.0,-73.0,2026-10-02 23:13:35,0.5613769531250341,98.67475271224976,28.083353137113154,997.8336328125,4.600425
80.0,-72.5,2026-10-02 23:13:35,0.5613769531250341,98.67475271224976,28.083353137113154,997.8336328125,4.600425
80.0,-72.0,2026-10-02 23:13:35,0.5613769531250341,98.67475271224976,28.083353137113154,997.8336328125,4.600425
80.0,-71.5,2026-10-02 23:13:35,0.5613769531250341,98.67475271224976,28.083353137113154,997.8336328125,4.600425
80.0,-71.0,2026-10-02 23:13:35,0.5613769531250341,98.67475271224976,28.083353137113154,997.8336328125,4.600425
80.0,-70.5,2026-10-02 23:13:35,0.5613769531250341,98.67475271224976,28.083353137113154,997.8336328125,4.600425
80.5,-96.5,2026-10-02 23:13:35,0.5613769531250341,98.92475271224976,25.923353137113157,996.6336328125,5.004625
80.5,-96.0,2026-10-02 23:13:35,0.5613769531250341,98.92475271224976,25.923353137113157,996.6336328125,5.004625
80.5,-95.5,2026-10-02 23:13:35,0.5613769531250341,98.92475271224976,25.923353137113157,996.6336328125,5.004625
80.5,-95.0,2026-10-02 23:13:35,0.5613769531250341,98.92475271224976,25.923353137113157,996.6336328125,5.004625
80.5,-94.5,2026-10-02 23:13:35,0.5613769531250341,98.92475271224976,25.923353137113157,996.6336328125,5.004625
80.5,-94.0,2026-10-02 23:13:35,0.5613769531250341,98.92475271224976,25.923353137113157,996.6336328125,5.004625
80.5,-93.5,2026-10-02 23:13:35,0.5613769531250341,98.92475271224976,25.923353137113157,996.6336328125,5.004625
80.5,-93.0,2026-10-02 23:13:35,0.5613769531250341,98.92475271224976,25.923353137113157,996.6336328125,5.004625
80.5,-92.5,2026-10-02 23:13:35,0.5613769531250341,98.92475271224976,25.923353137113157,996.6336328125,5.004625
80.5,-92.0,2026-10-02 23:13:35,0.5613769531250341,98.92475271224976,25.923353137113157,996.6336328125,5.004625
80.5,-91.5,2026-10-02 23:13:35,0.5613769531250341,98.92475271224976,25.923353137113157,996.6336328125,5.004625
80.5,-91.0,2026-10-02 23:13:35,0.5613769531250341,98.92475271224976,25.923353137113157,996.6336328125,5.004625
80.5,-90.5,2026-10-02 23:13:35,0.5613769531250341,98.92475271224976,25.923353137113157,996.6336328125,5.004625
80.5,-90.0,2026-10-02 23:13:35,0.5613769531250341,98.92475271224976,25.923353137113157,996.6336328125,5.004625
80.5,-89.5,2026-10-02 23:13:35,0.5613769531250341,98.92475271224976,25.923353137113157,996.6336328125,5.004625
80.5,-89.0,2026-10-02 23:13:35,0.5613769531250341,98.92475271224976,25.923353137113157,996.6336328125,5.004625
80.5,-88.5,2026-10-02 23:13:35,0.5613769531250341,98.92475271224976,25.923353137113157,996.6336328125,5.004625
80.5,-88.0,2026-10-02 23:13:35,0.5613769531250341,98.92475271224976,25.923353137113157,996.6336328125,5.004625
80.5,-86.5,2026-10-02 23:13:35,0.5613769531250341,98.92475271224976,25.923353137113157,996.6336328125,5.004625
80.5,-86.0,2026-10-02 23:13:35,0.5613769531250341,98.92475271224976,25.923353137113157,996.6336328125,5.004625
80.5,-85.5,2026-10-02 23:13:35,0.5613769531250341,98.92475271224976,25.923353137113157,996.6336328125,5.004625
80.5,-85.0,2026-10-02 23:13:35,0.5613769531250341,98.92475271224976,25.923353137113157,996.6336328125,5.004625
80.5,-84.5,2026-10-02 23:13:35,0.5613769531250341,98.92475271224976,25.923353137113157,996.6336328125,5.004625
80.5,-84.0,2026-10-02 23:13:35,0.5613769531250341,98.92475271224976,25.923353137113157,996.6336328125,5.004625
80.5,-83.5,2026-10-02 23:13:35,0.5613769531250341,98.92475271224976,25.923353137113157,996.6336328125,5.004625
80.5,-83.0,2026-10-02 23:13:35,0.5613769531250341,98.92475271224976,25.923353137113157,996.6336328125,5.004625
80.5,-82.5,2026-10-02 23:13:35,0.5613769531250341,98.92475271224976,25.923353137113157,996.6336328125,5.004625
80.5,-82.0,2026-10-02 23:13:35,0.5613769531250341,98.92475271224976,25.923353137113157,996.6336328125,5.004625
80.5,-81.5,2026-10-02 23:13:35,0.5613769531250341,98.92475271224976,25.923353137113157,996.6336328125,5.004625
80.5,-81.0,2026-10-02 23:13:35,0.5613769531250341,98.92475271224976,25.923353137113157,996.6336328125,5.004625
80.5,-80.5,2026-10-02 23:13:35,0.5613769531250341,98.92475271224976,25.923353137113157,996.6336328125,5.004625
80.5,-80.0,2026-10-02 23:13:35,0.5613769531250341,98.92475271224976,25.923353137113157,996.6336328125,5.004625
80.5,-79.5,2026-10-02 23:13:35,0.5613769531250341,98.92475271224976,25.923353137113157,996.6336328125,5.004625
80.5,-79.0,2026-10-02 23:13:35,0.5613769531250341,98.92475271224976,25.923353137113157,996.6336328125,5.004625
80.5,-78.5,2026-10-02 23:13:35,0.5613769531250341,98.92475271224976,25.923353137113157,996.6336328125,5.004625
80.5,-78.0,2026-10-02 23:13:35,0.5613769531250341,98.92475271224976,25.923353137113157,996.6336328125,5.004625
80.5,-77.5,2026-10-02 23:13:35,0.5613769531250341,98.92475271224976,25.923353137113157,996.6336328125,5.004625
80.5,-77.0,2026-10-02 23:13:35,0.5613769531250341,98.92475271224976,25.923353137113157,996.6336328125,5.004625
80.5,-76.5,2026-10-02 23:13:35,0.5613769531250341,98.92475271224976,25.923353137113157,996.6336328125,5.004625
80.5,-76.0,2026-10-02 23:13:35,0.5613769531250341,98.92475271224976,25.923353137113157,996.6336328125,5.004625
80.5,-75.5,2026-10-02 23:13:35,0.5613769531250341,98.92475271224976,25.923353137113157,996.6336328125,5.004625
80.5,-75.0,2026-10-02 23:13:35,0.5613769531250341,98.92475271224976,25.923353137113157,996.6336328125,5.004625
80.5,-74.5,2026-10-02 23:13:35,0.5613769531250341,98.92475271224976,25.923353137113157,996.6336328125,5.004625
80.5,-74.0,2026-10-02 23:13:35,0.5613769531250341,98.92475271224976,25.923353137113157,996.6336328125,5.004625
80.5,-73.5,2026-10-02 23:13:35,0.5613769531250341,98.92475271224976,25.923353137113157,996.6336328125,5.004625
80.5,-73.0,2026-10-02 23:13:35,0.5613769531250341,98.92475271224976,25.923353137113157,996.6336328125,5.004625
80.5,-72.5,2026-10-02 23:13:35,0.5613769531250341,98.92475271224976,25.923353137113157,996.6336328125,5.004625
80.5,-72.0,2026-10-02 23:13:35,0.5613769531250341,98.92475271224976,25.923353137113157,996.6336328125,5.004625
80.5,-71.5,2026-10-02 23:13:35,0.5613769531250341,98.92475271224976,25.923353137113157,996.6336328125,5.004625
80.5,-71.0,2026-10-02 23:13:35,0.5613769531250341,98.92475271224976,25.923353137113157,996.6336328125,5.004625
80.5,-70.5,2026-10-02 23:13:35,0.5613769531250341,98.92475271224976,25.923353137113157,996.6336328125,5.004625
80.5,-70.0,2026-10-02 23:13:35,0.5613769531250341,98.92475271224976,25.923353137113157,996.6336328125,5.004625
80.5,-69.5,2026-10-02 23:13:35,0.5613769531250341,98.92475271224976,25.923353137113157,996.6336328125,5.004625
80.5,-69.0,2026-10-02 23:13:35,0.5613769531250341,98.92475271224976,25.923353137113157,996.6336328125,5.004625
81.0,-95.5,2026-10-02 23:13:35,0.5113769531250227,99.42475271224976,22.143353137113156,996.0736328125,5.0823
81.0,-95.0,2026-10-02 23:13:35,0.5113769531250227,99.42475271224976,22.143353137113156,996.0736328125,5.0823
81.0,-94.5,2026-10-02 23:13:35,0.5113769531250227,99.42475271224976,22.143353137113156,996.0736328125,5.0823
81.0,-94.0,2026-10-02 23:13:35,0.5113769531250227,99.42475271224976,22.143353137113156,996.0736328125,5.0823
81.0,-93.5,2026-10-02 23:13:35,0.5113769531250227,99.42475271224976,22.143353137113156,996.0736328125,5.0823
81.0,-93.0,2026-10-02 23:13:35,0.5113769531250227,99.42475271224976,22.143353137113156,996.0736328125,5.0823
81.0,-92.5,2026-10-02 23:13:35,0.5113769531250227,99.42475271224976,22.143353137113156,996.0736328125,5.0823
81.0,-92.0,2026-10-02 23:13:35,0.5113769531250227,99.42475271224976,22.143353137113156,996.0736328125,5.0823
81.0,-91.5,2026-10-02 23:13:35,0.5113769531250227,99.42475271224976,22.143353137113156,996.0736328125,5.0823
81.0,-91.0,2026-10-02 23:13:35,0.5113769531250227,99.42475271224976,22.143353137113156,996.0736328125,5.0823
81.0,-90.5,2026-10-02 23:13:35,0.5113769531250227,99.42475271224976,22.143353137113156,996.0736328125,5.0823
81.0,-90.0,2026-10-02 23:13:35,0.5113769531250227,99.42475271224976,22.143353137113156,996.0736328125,5.0823
81.0,-89.5,2026-10-02 23:13:35,0.5113769531250227,99.42475271224976,22.143353137113156,996.0736328125,5.0823
81.0,-89.0,2026-10-02 23:13:35,0.5113769531250227,99.42475271224976,22.143353137113156,996.0736328125,5.0823
81.0,-88.5,2026-10-02 23:13:35,0.5113769531250227,99.42475271224976,22.143353137113156,996.0736328125,5.0823
81.0,-88.0,2026-10-02 23:13:35,0.5113769531250227,99.42475271224976,22.143353137113156,996.0736328125,5.0823
81.0,-87.5,2026-10-02 23:13:35,0.5113769531250227,99.42475271224976,22.143353137113156,996.0736328125,5.0823
81.0,-87.0,2026-10-02 23:13:35,0.5113769531250227,99.42475271224976,22.143353137113156,996.0736328125,5.0823
81.0,-86.5,2026-10-02 23:13:35,0.5113769531250227,99.42475271224976,22.143353137113156,996.0736328125,5.0823
81.0,-86.0,2026-10-02 23:13:35,0.5113769531250227,99.42475271224976,22.143353137113156,996.0736328125,5.0823
81.0,-85.5,2026-10-02 23:13:35,0.5113769531250227,99.42475271224976,22.143353137113156,996.0736328125,5.0823
81.0,-85.0,2026-10-02 23:13:35,0.5113769531250227,99.42475271224976,22.143353137113156,996.0736328125,5.0823
81.0,-84.5,2026-10-02 23:13:35,0.5113769531250227,99.42475271224976,22.143353137113156,996.0736328125,5.0823
81.0,-84.0,2026-10-02 23:13:35,0.5113769531250227,99.42475271224976,22.143353137113156,996.0736328125,5.0823
81.0,-83.5,2026-10-02 23:13:35,0.5113769531250227,99.42475271224976,22.143353137113156,996.0736328125,5.0823
81.0,-83.0,2026-10-02 23:13:35,0.5113769531250227,99.42475271224976,22.143353137113156,996.0736328125,5.0823
81.0,-82.5,2026-10-02 23:13:35,0.5113769531250227,99.42475271224976,22.143353137113156,996.0736328125,5.0823
81.0,-82.0,2026-10-02 23:13:35,0.5113769531250227,99.42475271224976,22.143353137113156,996.0736328125,5.0823
81.0,-81.5,2026-10-02 23:13:35,0.5113769531250227,99.42475271224976,22.143353137113156,996.0736328125,5.0823
81.0,-81.0,2026-10-02 23:13:35,0.5113769531250227,99.42475271224976,22.143353137113156,996.0736328125,5.0823
81.0,-80.5,2026-10-02 23:13:35,0.5113769531250227,99.42475271224976,22.143353137113156,996.0736328125,5.0823
81.0,-80.0,2026-10-02 23:13:35,0.5113769531250227,99.42475271224976,22.143353137113156,996.0736328125,5.0823
81.0,-79.5,2026-10-02 23:13:35,0.5113769531250227,99.42475271224976,22.143353137113156,996.0736328125,5.0823
81.0,-79.0,2026-10-02 23:13:35,0.5113769531250227,99.42475271224976,22.143353137113156,996.0736328125,5.0823
81.0,-78.5,2026-10-02 23:13:35,0.5113769531250227,99.42475271224976,22.143353137113156,996.0736328125,5.0823
81.0,-78.0,2026-10-02 23:13:35,0.5113769531250227,99.42475271224976,22.143353137113156,996.0736328125,5.0823
81.0,-77.5,2026-10-02 23:13:35,0.5113769531250227,99.42475271224976,22.143353137113156,996.0736328125,5.0823
81.0,-77.0,2026-10-02 23:13:35,0.5113769531250227,99.42475271224976,22.143353137113156,996.0736328125,5.0823
81.0,-76.5,2026-10-02 23:13:35,0.5113769531250227,99.42475271224976,22.143353137113156,996.0736328125,5.0823
81.0,-76.0,2026-10-02 23:13:35,0.5113769531250227,99.42475271224976,22.143353137113156,996.0736328125,5.0823
81.0,-75.5,2026-10-02 23:13:35,0.5113769531250227,99.42475271224976,22.143353137113156,996.0736328125,5.0823
81.0,-75.0,2026-10-02 23:13:35,0.5113769531250227,99.42475271224976,22.143353137113156,996.0736328125,5.0823
81.0,-74.5,2026-10-02 23:13:35,0.5113769531250227,99.42475271224976,22.143353137113156,996.0736328125,5.0823
81.0,-74.0,2026-10-02 23:13:35,0.5113769531250227,99.42475271224976,22.143353137113156,996.0736328125,5.0823
81.0,-73.5,2026-10-02 23:13:35,0.5113769531250227,99.42475271224976,22.143353137113156,996.0736328125,5.0823
81.0,-73.0,2026-10-02 23:13:35,0.5113769531250227,99.42475271224976,22.143353137113156,996.0736328125,5.0823
81.0,-72.5,2026-10-02 23:13:35,0.5113769531250227,99.42475271224976,22.143353137113156,996.0736328125,5.0823
81.0,-72.0,2026-10-02 23:13:35,0.5113769531250227,99.42475271224976,22.143353137113156,996.0736328125,5.0823
81.0,-71.5,2026-10-02 23:13:35,0.5113769531250227,99.42475271224976,22.143353137113156,996.0736328125,5.0823
81.0,-71.0,2026-10-02 23:13:35,0.5113769531250227,99.42475271224976,22.143353137113156,996.0736328125,5.0823
81.0,-70.5,2026-10-02 23:13:35,0.5113769531250227,99.42475271224976,22.143353137113156,996.0736328125,5.0823
81.0,-70.0,2026-10-02 23:13:35,0.5113769531250227,99.42475271224976,22.143353137113156,996.0736328125,5.0823
81.0,-69.5,2026-10-02 23:13:35,0.5113769531250227,99.42475271224976,22.143353137113156,996.0736328125,5.0823
81.0,-69.0,2026-10-02 23:13:35,0.5113769531250227,99.42475271224976,22.143353137113156,996.0736328125,5.0823
81.0,-68.5,2026-10-02 23:13:35,0.5113769531250227,99.42475271224976,22.143353137113156,996.0736328125,5.0823
81.0,-68.0,2026-10-02 23:13:35,0.5113769531250227,99.42475271224976,22.143353137113156,996.0736328125,5.0823
81.0,-67.5,2026-10-02 23:13:35,0.5113769531250227,99.42475271224976,22.143353137113156,996.0736328125,5.0823
81.0,-67.0,2026-10-02 23:13:35,0.5113769531250227,99.42475271224976,22.143353137113156,996.0736328125,5.0823
81.0,-66.5,2026-10-02 23:13:35,0.5113769531250227,99.42475271224976,22.143353137113156,996.0736328125,5.0823
81.5,-92.0,2026-10-02 23:13:35,0.5113769531250227,99.67475271224976,17.463353137113156,995.5936328125,6.2026
81.5,-91.5,2026-10-02 23:13:35,0.5113769531250227,99.67475271224976,17.463353137113156,995.5936328125,6.2026
81.5,-91.0,2026-10-02 23:13:35,0.5113769531250227,99.67475271224976,17.463353137113156,995.5936328125,6.2026
81.5,-90.5,2026-10-02 23:13:35,0.5113769531250227,99.67475271224976,17.463353137113156,995.5936328125,6.2026
81.5,-90.0,2026-10-02 23:13:35,0.5113769531250227,99.67475271224976,17.463353137113156,995.5936328125,6.2026
81.5,-89.5,2026-10-02 23:13:35,0.5113769531250227,99.67475271224976,17.463353137113156,995.5936328125,6.2026
81.5,-89.0,2026-10-02 23:13:35,0.5113769531250227,99.67475271224976,17.463353137113156,995.5936328125,6.2026
81.5,-88.5,2026-10-02 23:13:35,0.5113769531250227,99.67475271224976,17.463353137113156,995.5936328125,6.2026
81.5,-88.0,2026-10-02 23:13:35,0.5113769531250227,99.67475271224976,17.463353137113156,995.5936328125,6.2026
81.5,-87.5,2026-10-02 23:13:35,0.5113769531250227,99.67475271224976,17.463353137113156,995.5936328125,6.2026
81.5,-87.0,2026-10-02 23:13:35,0.5113769531250227,99.67475271224976,17.463353137113156,995.5936328125,6.2026
81.5,-86.5,2026-10-02 23:13:35,0.5113769531250227,99.67475271224976,17.463353137113156,995.5936328125,6.2026
81.5,-86.0,2026-10-02 23:13:35,0.5113769531250227,99.67475271224976,17.463353137113156,995.5936328125,6.2026
81.5,-85.5,2026-10-02 23:13:35,0.5113769531250227,99.67475271224976,17.463353137113156,995.5936328125,6.2026
81.5,-85.0,2026-10-02 23:13:35,0.5113769531250227,99.67475271224976,17.463353137113156,995.5936328125,6.2026
81.5,-84.5,2026-10-02 23:13:35,0.5113769531250227,99.67475271224976,17.463353137113156,995.5936328125,6.2026
81.5,-84.0,2026-10-02 23:13:35,0.5113769531250227,99.67475271224976,17.463353137113156,995.5936328125,6.2026
81.5,-83.5,2026-10-02 23:13:35,0.5113769531250227,99.67475271224976,17.463353137113156,995.5936328125,6.2026
81.5,-83.0,2026-10-02 23:13:35,0.5113769531250227,99.67475271224976,17.463353137113156,995.5936328125,6.2026
81.5,-82.5,2026-10-02 23:13:35,0.5113769531250227,99.67475271224976,17.463353137113156,995.5936328125,6.2026
81.5,-82.0,2026-10-02 23:13:35,0.5113769531250227,99.67475271224976,17.463353137113156,995.5936328125,6.2026
81.5,-81.5,2026-10-02 23:13:35,0.5113769531250227,99.67475271224976,17.463353137113156,995.5936328125,6.2026
81.5,-81.0,2026-10-02 23:13:35,0.5113769531250227,99.67475271224976,17.463353137113156,995.5936328125,6.2026
81.5,-80.5,2026-10-02 23:13:35,0.5113769531250227,99.67475271224976,17.463353137113156,995.5936328125,6.2026
81.5,-80.0,2026-10-02 23:13:35,0.5113769531250227,99.67475271224976,17.463353137113156,995.5936328125,6.2026
81.5,-79.5,2026-10-02 23:13:35,0.5113769531250227,99.67475271224976,17.463353137113156,995.5936328125,6.2026
81.5,-79.0,2026-10-02 23:13:35,0.5113769531250227,99.67475271224976,17.463353137113156,995.5936328125,6.2026
81.5,-78.5,2026-10-02 23:13:35,0.5113769531250227,99.67475271224976,17.463353137113156,995.5936328125,6.2026
81.5,-78.0,2026-10-02 23:13:35,0.5113769531250227,99.67475271224976,17.463353137113156,995.5936328125,6.2026
81.5,-77.5,2026-10-02 23:13:35,0.5113769531250227,99.67475271224976,17.463353137113156,995.5936328125,6.2026
81.5,-77.0,2026-10-02 23:13:35,0.5113769531250227,99.67475271224976,17.463353137113156,995.5936328125,6.2026
81.5,-76.5,2026-10-02 23:13:35,0.5113769531250227,99.67475271224976,17.463353137113156,995.5936328125,6.2026
81.5,-76.0,2026-10-02 23:13:35,0.5113769531250227,99.67475271224976,17.463353137113156,995.5936328125,6.2026
81.5,-75.5,2026-10-02 23:13:35,0.5113769531250227,99.67475271224976,17.463353137113156,995.5936328125,6.2026
81.5,-75.0,2026-10-02 23:13:35,0.5113769531250227,99.67475271224976,17.463353137113156,995.5936328125,6.2026
81.5,-74.5,2026-10-02 23:13:35,0.5113769531250227,99.67475271224976,17.463353137113156,995.5936328125,6.2026
81.5,-74.0,2026-10-02 23:13:35,0.5113769531250227,99.67475271224976,17.463353137113156,995.5936328125,6.2026
81.5,-73.5,2026-10-02 23:13:35,0.5113769531250227,99.67475271224976,17.463353137113156,995.5936328125,6.2026
81.5,-73.0,2026-10-02 23:13:35,0.5113769531250227,99.67475271224976,17.463353137113156,995.5936328125,6.2026
81.5,-72.5,2026-10-02 23:13:35,0.5113769531250227,99.67475271224976,17.463353137113156,995.5936328125,6.2026
81.5,-72.0,2026-10-02 23:13:35,0.5113769531250227,99.67475271224976,17.463353137113156,995.5936328125,6.2026
81.5,-71.5,2026-10-02 23:13:35,0.5113769531250227,99.67475271224976,17.463353137113156,995.5936328125,6.2026
81.5,-71.0,2026-10-02 23:13:35,0.5113769531250227,99.67475271224976,17.463353137113156,995.5936328125,6.2026
81.5,-70.5,2026-10-02 23:13:35,0.5113769531250227,99.67475271224976,17.463353137113156,995.5936328125,6.2026
81.5,-70.0,2026-10-02 23:13:35,0.5113769531250227,99.67475271224976,17.463353137113156,995.5936328125,6.2026
81.5,-69.5,2026-10-02 23:13:35,0.5113769531250227,99.67475271224976,17.463353137113156,995.5936328125,6.2026
81.5,-69.0,2026-10-02 23:13:35,0.5113769531250227,99.67475271224976,17.463353137113156,995.5936328125,6.2026
81.5,-68.5,2026-10-02 23:13:35,0.5113769531250227,99.67475271224976,17.463353137113156,995.5936328125,6.2026
81.5,-68.0,2026-10-02 23:13:35,0.5113769531250227,99.67475271224976,17.463353137113156,995.5936328125,6.2026
81.5,-67.5,2026-10-02 23:13:35,0.5113769531250227,99.67475271224976,17.463353137113156,995.5936328125,6.2026
81.5,-67.0,2026-10-02 23:13:35,0.5113769531250227,99.67475271224976,17.463353137113156,995.5936328125,6.2026
81.5,-66.5,2026-10-02 23:13:35,0.5113769531250227,99.67475271224976,17.463353137113156,995.5936328125,6.2026
81.5,-66.0,2026-10-02 23:13:35,0.5113769531250227,99.67475271224976,17.463353137113156,995.5936328125,6.2026
81.5,-65.5,2026-10-02 23:13:35,0.5113769531250227,99.67475271224976,17.463353137113156,995.5936328125,6.2026
81.5,-65.0,2026-10-02 23:13:35,0.5113769531250227,99.67475271224976,17.463353137113156,995.5936328125,6.2026
81.5,-64.5,2026-10-02 23:13:35,0.5113769531250227,99.67475271224976,17.463353137113156,995.5936328125,6.2026
81.5,-64.0,2026-10-02 23:13:35,0.5113769531250227,99.67475271224976,17.463353137113156,995.5936328125,6.2026
82.0,-90.0,2026-10-02 23:13:35,0.7613769531250227,98.92475271224976,23.583353137113154,995.5936328125,8.765
82.0,-89.5,2026-10-02 23:13:35,0.7613769531250227,98.92475271224976,23.583353137113154,995.5936328125,8.765
82.0,-89.0,2026-10-02 23:13:35,0.7613769531250227,98.92475271224976,23.583353137113154,995.5936328125,8.765
82.0,-88.5,2026-10-02 23:13:35,0.7613769531250227,98.92475271224976,23.583353137113154,995.5936328125,8.765
82.0,-88.0,2026-10-02 23:13:35,0.7613769531250227,98.92475271224976,23.583353137113154,995.5936328125,8.765
82.0,-87.5,2026-10-02 23:13:35,0.7613769531250227,98.92475271224976,23.583353137113154,995.5936328125,8.765
82.0,-87.0,2026-10-02 23:13:35,0.7613769531250227,98.92475271224976,23.583353137113154,995.5936328125,8.765
82.0,-86.5,2026-10-02 23:13:35,0.7613769531250227,98.92475271224976,23.583353137113154,995.5936328125,8.765
82.0,-86.0,2026-10-02 23:13:35,0.7613769531250227,98.92475271224976,23.583353137113154,995.5936328125,8.765
82.0,-85.5,2026-10-02 23:13:35,0.7613769531250227,98.92475271224976,23.583353137113154,995.5936328125,8.765
82.0,-85.0,2026-10-02 23:13:35,0.7613769531250227,98.92475271224976,23.583353137113154,995.5936328125,8.765
82.0,-84.5,2026-10-02 23:13:35,0.7613769531250227,98.92475271224976,23.583353137113154,995.5936328125,8.765
82.0,-84.0,2026-10-02 23:13:35,0.7613769531250227,98.92475271224976,23.583353137113154,995.5936328125,8.765
82.0,-83.5,2026-10-02 23:13:35,0.7613769531250227,98.92475271224976,23.583353137113154,995.5936328125,8.765
82.0,-83.0,2026-10-02 23:13:35,0.7613769531250227,98.92475271224976,23.583353137113154,995.5936328125,8.765
82.0,-82.5,2026-10-02 23:13:35,0.7613769531250227,98.92475271224976,23.583353137113154,995.5936328125,8.765
82.0,-82.0,2026-10-02 23:13:35,0.7613769531250227,98.92475271224976,23.583353137113154,995.5936328125,8.765
82.0,-81.5,2026-10-02 23:13:35,0.7613769531250227,98.92475271224976,23.583353137113154,995.5936328125,8.765
82.0,-81.0,2026-10-02 23:13:35,0.7613769531250227,98.92475271224976,23.583353137113154,995.5936328125,8.765
82.0,-80.5,2026-10-02 23:13:35,0.7613769531250227,98.92475271224976,23.583353137113154,995.5936328125,8.765
82.0,-80.0,2026-10-02 23:13:35,0.7613769531250227,98.92475271224976,23.583353137113154,995.5936328125,8.765
82.0,-79.5,2026-10-02 23:13:35,0.7613769531250227,98.92475271224976,23.583353137113154,995.5936328125,8.765
82.0,-79.0,2026-10-02 23:13:35,0.7613769531250227,98.92475271224976,23.583353137113154,995.5936328125,8.765
82.0,-78.5,2026-10-02 23:13:35,0.7613769531250227,98.92475271224976,23.583353137113154,995.5936328125,8.765
82.0,-78.0,2026-10-02 23:13:35,0.7613769531250227,98.92475271224976,23.583353137113154,995.5936328125,8.765
82.0,-77.5,2026-10-02 23:13:35,0.7613769531250227,98.92475271224976,23.583353137113154,995.5936328125,8.765
82.0,-77.0,2026-10-02 23:13:35,0.7613769531250227,98.92475271224976,23.583353137113154,995.5936328125,8.765
82.0,-76.5,2026-10-02 23:13:35,0.7613769531250227,98.92475271224976,23.583353137113154,995.5936328125,8.765
82.0,-76.0,2026-10-02 23:13:35,0.7613769531250227,98.92475271224976,23.583353137113154,995.5936328125,8.765
82.0,-75.5,2026-10-02 23:13:35,0.7613769531250227,98.92475271224976,23.583353137113154,995.5936328125,8.765
82.0,-75.0,2026-10-02 23:13:35,0.7613769531250227,98.92475271224976,23.583353137113154,995.5936328125,8.765
82.0,-74.5,2026-10-02 23:13:35,0.7613769531250227,98.92475271224976,23.583353137113154,995.5936328125,8.765
82.0,-74.0,2026-10-02 23:13:35,0.7613769531250227,98.92475271224976,23.583353137113154,995.5936328125,8.765
82.0,-73.5,2026-10-02 23:13:35,0.7613769531250227,98.92475271224976,23.583353137113154,995.5936328125,8.765
82.0,-73.0,2026-10-02 23:13:35,0.7613769531250227,98.92475271224976,23.583353137113154,995.5936328125,8.765
82.0,-72.5,2026-10-02 23:13:35,0.7613769531250227,98.92475271224976,23.583353137113154,995.5936328125,8.765
82.0,-72.0,2026-10-02 23:13:35,0.7613769531250227,98.92475271224976,23.583353137113154,995.5936328125,8.765
82.0,-71.5,2026-10-02 23:13:35,0.7613769531250227,98.92475271224976,23.583353137113154,995.5936328125,8.765
82.0,-71.0,2026-10-02 23:13:35,0.7613769531250227,98.92475271224976,23.583353137113154,995.5936328125,8.765
82.0,-70.5,2026-10-02 23:13:35,0.7613769531250227,98.92475271224976,23.583353137113154,995.5936328125,8.765
82.0,-70.0,2026-10-02 23:13:35,0.7613769531250227,98.92475271224976,23.583353137113154,995.5936328125,8.765
82.0,-69.5,2026-10-02 23:13:35,0.7613769531250227,98.92475271224976,23.583353137113154,995.5936328125,8.765
82.0,-69.0,2026-10-02 23:13:35,0.7613769531250227,98.92475271224976,23.583353137113154,995.5936328125,8.765
82.0,-68.5,2026-10-02 23:13:35,0.7613769531250227,98.92475271224976,23.583353137113154,995.5936328125,8.765
82.0,-68.0,2026-10-02 23:13:35,0.7613769531250227,98.92475271224976,23.583353137113154,995.5936328125,8.765
82.0,-67.5,2026-10-02 23:13:35,0.7613769531250227,98.92475271224976,23.583353137113154,995.5936328125,8.765
82.0,-67.0,2026-10-02 23:13:35,0.7613769531250227,98.92475271224976,23.583353137113154,995.5936328125,8.765
82.0,-66.5,2026-10-02 23:13:35,0.7613769531250227,98.92475271224976,23.583353137113154,995.5936328125,8.765
82.0,-66.0,2026-10-02 23:13:35,0.7613769531250227,98.92475271224976,23.583353137113154,995.5936328125,8.765
82.0,-65.5,2026-10-02 23:13:35,0.7613769531250227,98.92475271224976,23.583353137113154,995.5936328125,8.765
82.0,-65.0,2026-10-02 23:13:35,0.7613769531250227,98.92475271224976,23.583353137113154,995.5936328125,8.765
82.0,-64.5,2026-10-02 23:13:35,0.7613769531250227,98.92475271224976,23.583353137113154,995.5936328125,8.765
82.0,-64.0,2026-10-02 23:13:35,0.7613769531250227,98.92475271224976,23.583353137113154,995.5936328125,8.765
82.0,-63.5,2026-10-02 23:13:35,0.7613769531250227,98.92475271224976,23.583353137113154,995.5936328125,8.765
82.0,-63.0,2026-10-02 23:13:35,0.7613769531250227,98.92475271224976,23.583353137113154,995.5936328125,8.765
82.0,-62.5,2026-10-02 23:13:35,0.7613769531250227,98.92475271224976,23.583353137113154,995.5936328125,8.765
82.0,-62.0,2026-10-02 23:13:35,0.7613769531250227,98.92475271224976,23.583353137113154,995.5936328125,8.765
82.5,-86.0,2026-10-02 23:13:35,-0.1886230468749659,97.17475271224976,38.343353137113155,996.8736328125,10.431000000000001
82.5,-85.5,2026-10-02 23:13:35,-0.1886230468749659,97.17475271224976,38.343353137113155,996.8736328125,10.431000000000001
82.5,-85.0,2026-10-02 23:13:35,-0.1886230468749659,97.17475271224976,38.343353137113155,996.8736328125,10.431000000000001
82.5,-84.5,2026-10-02 23:13:35,-0.1886230468749659,97.17475271224976,38.343353137113155,996.8736328125,10.431000000000001
82.5,-83.0,2026-10-02 23:13:35,-0.1886230468749659,97.17475271224976,38.343353137113155,996.8736328125,10.431000000000001
82.5,-82.5,2026-10-02 23:13:35,-0.1886230468749659,97.17475271224976,38.343353137113155,996.8736328125,10.431000000000001
82.5,-82.0,2026-10-02 23:13:35,-0.1886230468749659,97.17475271224976,38.343353137113155,996.8736328125,10.431000000000001
82.5,-81.5,2026-10-02 23:13:35,-0.1886230468749659,97.17475271224976,38.343353137113155,996.8736328125,10.431000000000001
82.5,-81.0,2026-10-02 23:13:35,-0.1886230468749659,97.17475271224976,38.343353137113155,996.8736328125,10.431000000000001
82.5,-80.5,2026-10-02 23:13:35,-0.1886230468749659,97.17475271224976,38.343353137113155,996.8736328125,10.431000000000001
82.5,-80.0,2026-10-02 23:13:35,-0.1886230468749659,97.17475271224976,38.343353137113155,996.8736328125,10.431000000000001
82.5,-79.5,2026-10-02 23:13:35,-0.1886230468749659,97.17475271224976,38.343353137113155,996.8736328125,10.431000000000001
82.5,-79.0,2026-10-02 23:13:35,-0.1886230468749659,97.17475271224976,38.343353137113155,996.8736328125,10.431000000000001
82.5,-78.5,2026-10-02 23:13:35,-0.1886230468749659,97.17475271224976,38.343353137113155,996.8736328125,10.431000000000001
82.5,-78.0,2026-10-02 23:13:35,-0.1886230468749659,97.17475271224976,38.343353137113155,996.8736328125,10.431000000000001
82.5,-77.5,2026-10-02 23:13:35,-0.1886230468749659,97.17475271224976,38.343353137113155,996.8736328125,10.431000000000001
82.5,-77.0,2026-10-02 23:13:35,-0.1886230468749659,97.17475271224976,38.343353137113155,996.8736328125,10.431000000000001
82.5,-76.5,2026-10-02 23:13:35,-0.1886230468749659,97.17475271224976,38.343353137113155,996.8736328125,10.431000000000001
82.5,-76.0,2026-10-02 23:13:35,-0.1886230468749659,97.17475271224976,38.343353137113155,996.8736328125,10.431000000000001
82.5,-75.5,2026-10-02 23:13:35,-0.1886230468749659,97.17475271224976,38.343353137113155,996.8736328125,10.431000000000001
82.5,-75.0,2026-10-02 23:13:35,-0.1886230468749659,97.17475271224976,38.343353137113155,996.8736328125,10.431000000000001
82.5,-74.5,2026-10-02 23:13:35,-0.1886230468749659,97.17475271224976,38.343353137113155,996.8736328125,10.431000000000001
82.5,-74.0,2026-10-02 23:13:35,-0.1886230468749659,97.17475271224976,38.343353137113155,996.8736328125,10.431000000000001
82.5,-73.5,2026-10-02 23:13:35,-0.1886230468749659,97.17475271224976,38.343353137113155,996.8736328125,10.431000000000001
82.5,-73.0,2026-10-02 23:13:35,-0.1886230468749659,97.17475271224976,38.343353137113155,996.8736328125,10.431000000000001
82.5,-72.5,2026-10-02 23:13:35,-0.1886230468749659,97.17475271224976,38.343353137113155,996.8736328125,10.431000000000001
82.5,-72.0,2026-10-02 23:13:35,-0.1886230468749659,97.17475271224976,38.343353137113155,996.8736328125,10.431000000000001
82.5,-71.5,2026-10-02 23:13:35,-0.1886230468749659,97.17475271224976,38.343353137113155,996.8736328125,10.431000000000001
82.5,-71.0,2026-10-02 23:13:35,-0.1886230468749659,97.17475271224976,38.343353137113155,996.8736328125,10.431000000000001
82.5,-70.5,2026-10-02 23:13:35,-0.1886230468749659,97.17475271224976,38.343353137113155,996.8736328125,10.431000000000001
82.5,-70.0,2026-10-02 23:13:35,-0.1886230468749659,97.17475271224976,38.343353137113155,996.8736328125,10.431000000000001
82.5,-69.5,2026-10-02 23:13:35,-0.1886230468749659,97.17475271224976,38.343353137113155,996.8736328125,10.431000000000001
82.5,-69.0,2026-10-02 23:13:35,-0.1886230468749659,97.17475271224976,38.343353137113155,996.8736328125,10.431000000000001
82.5,-68.5,2026-10-02 23:13:35,-0.1886230468749659,97.17475271224976,38.343353137113155,996.8736328125,10.431000000000001
82.5,-68.0,2026-10-02 23:13:35,-0.1886230468749659,97.17475271224976,38.343353137113155,996.8736328125,10.431000000000001
82.5,-67.5,2026-10-02 23:13:35,-0.1886230468749659,97.17475271224976,38.343353137113155,996.8736328125,10.431000000000001
82.5,-67.0,2026-10-02 23:13:35,-0.1886230468749659,97.17475271224976,38.343353137113155,996.8736328125,10.431000000000001
82.5,-66.5,2026-10-02 23:13:35,-0.1886230468749659,97.17475271224976,38.343353137113155,996.8736328125,10.431000000000001
82.5,-66.0,2026-10-02 23:13:35,-0.1886230468749659,97.17475271224976,38.343353137113155,996.8736328125,10.431000000000001
82.5,-65.5,2026-10-02 23:13:35,-0.1886230468749659,97.17475271224976,38.343353137113155,996.8736328125,10.431000000000001
82.5,-65.0,2026-10-02 23:13:35,-0.1886230468749659,97.17475271224976,38.343353137113155,996.8736328125,10.431000000000001
82.5,-64.5,2026-10-02 23:13:35,-0.1886230468749659,97.17475271224976,38.343353137113155,996.8736328125,10.431000000000001
82.5,-64.0,2026-10-02 23:13:35,-0.1886230468749659,97.17475271224976,38.343353137113155,996.8736328125,10.431000000000001
82.5,-63.5,2026-10-02 23:13:35,-0.1886230468749659,97.17475271224976,38.343353137113155,996.8736328125,10.431000000000001
82.5,-63.0,2026-10-02 23:13:35,-0.1886230468749659,97.17475271224976,38.343353137113155,996.8736328125,10.431000000000001
82.5,-62.5,2026-10-02 23:13:35,-0.1886230468749659,97.17475271224976,38.343353137113155,996.8736328125,10.431000000000001
82.5,-62.0,2026-10-02 23:13:35,-0.1886230468749659,97.17475271224976,38.343353137113155,996.8736328125,10.431000000000001
82.5,-61.5,2026-10-02 23:13:35,-0.1886230468749659,97.17475271224976,38.343353137113155,996.8736328125,10.431000000000001
82.5,-61.0,2026-10-02 23:13:35,-0.1886230468749659,97.17475271224976,38.343353137113155,996.8736328125,10.431000000000001
