lat,lon,date,temperature,humidity,wind_speed,pressure,precip_24h_mm
42.0,-83.0,2026-09-17 22:24:58,20.987000000000023,84.39779663085938,7.154255240142346,1003.44,8.8655
42.0,-82.5,2026-09-17 22:24:58,22.678000000000054,86.19779663085939,8.342255240142347,1003.07,7.95
42.0,-82.0,2026-09-17 22:24:58,21.259000000000015,83.57279663085939,11.096255240142346,1003.07,2.136
42.5,-82.5,2026-09-17 22:24:58,20.836000000000013,82.42279663085938,6.164255240142345,1002.96,0.0075
42.5,-82.0,2026-09-17 22:24:58,22.26600000000002,83.52279663085938,5.6422552401423465,1000.83,0.5265
42.5,-81.5,2026-09-17 22:24:58,20.515000000000043,94.12279663085938,0.29625524014234544,1002.48,0.763
42.5,-81.0,2026-09-17 22:24:58,20.186000000000035,89.89779663085938,1.6822552401423454,1002.3,0.435
42.5,-80.5,2026-09-17 22:24:58,20.174000000000035,91.37279663085938,4.0222552401423455,1002.09,0.2975
42.5,-80.0,2026-09-17 22:24:58,20.58000000000004,93.62279663085938,6.002255240142346,1001.88,0.28250000000000003
43.0,-82.5,2026-09-17 22:24:58,22.567000000000007,59.29779663085938,6.002255240142346,1000.27,0.5645
43.0,-82.0,2026-09-17 22:24:58,21.336000000000013,72.97279663085938,8.972255240142346,996.85,0.3435
43.0,-81.5,2026-09-17 22:24:58,23.065000000000055,76.84779663085938,5.282255240142346,992.32,0.0
43.0,-81.0,2026-09-17 22:24:58,23.67500000000001,74.04779663085938,5.426255240142346,990.94,0.084
43.0,-80.5,2026-09-17 22:24:58,25.549000000000035,63.32279663085938,2.7802552401423455,991.87,0.0075
43.0,-80.0,2026-09-17 22:24:58,25.05600000000004,69.89779663085938,2.1862552401423456,997.37,0.305
43.0,-79.5,2026-09-17 22:24:58,24.47800000000001,74.72279663085938,2.5282552401423457,1000.56,0.0
43.0,-79.0,2026-09-17 22:24:58,24.649,75.67279663085938,4.436255240142345,1000.73,0.0155
43.5,-82.0,2026-09-17 22:24:58,18.849000000000046,74.59779663085938,18.638255240142346,1002.9,0.0155
43.5,-81.5,2026-09-17 22:24:58,22.033000000000015,72.19779663085937,7.712255240142345,989.69,0.5645
43.5,-81.0,2026-09-17 22:24:58,22.041000000000054,71.99779663085938,8.144255240142346,979.7,0.0
43.5,-80.5,2026-09-17 22:24:58,24.571000000000026,62.247796630859376,5.480255240142346,984.39,0.0
43.5,-80.0,2026-09-17 22:24:58,25.821000000000026,54.94779663085938,4.112255240142346,985.7,0.0155
43.5,-79.5,2026-09-17 22:24:58,19.446000000000026,77.42279663085938,4.346255240142345,1013.66,0.0
43.5,-79.0,2026-09-17 22:24:58,19.610000000000014,85.99779663085938,8.630255240142347,1013.77,0.0
43.5,-65.5,2026-09-17 22:24:58,18.28000000000003,82.44913177490236,10.657754499703646,1024.3,0.0
44.0,-82.0,2026-09-17 22:24:58,18.599000000000046,83.24779663085938,18.33225524014235,1003.3,0.122
44.0,-81.5,2026-09-17 22:24:58,20.535000000000025,57.872796630859376,10.142255240142346,989.55,0.28250000000000003
44.0,-81.0,2026-09-17 22:24:58,20.850000000000023,58.97279663085938,9.044255240142345,981.61,0.0765
44.0,-80.5,2026-09-17 22:24:58,21.714000000000055,59.42279663085938,7.532255240142346,966.54,0.0305
44.0,-80.0,2026-09-17 22:24:58,21.475000000000023,70.17279663085938,7.874255240142347,978.95,0.0535
44.0,-79.5,2026-09-17 22:24:58,21.618000000000052,70.99779663085938,9.044255240142345,987.17,0.0075
44.0,-79.0,2026-09-17 22:24:58,22.942000000000007,62.122796630859376,9.530255240142347,995.1,0.0
44.0,-78.5,2026-09-17 22:24:58,23.101000000000056,70.57279663085937,4.814255240142345,1000.62,0.0
44.0,-78.0,2026-09-17 22:24:58,22.360000000000014,76.04779663085938,6.056255240142346,1004.82,0.0
44.0,-77.5,2026-09-17 22:24:58,23.483000000000004,74.89779663085938,5.1022552401423455,1010.91,0.0
44.0,-77.0,2026-09-17 22:24:58,20.67700000000002,85.42279663085938,4.814255240142345,1010.81,0.0
44.0,-76.5,2026-09-17 22:24:58,19.741000000000042,89.44779663085939,6.254255240142346,1012.9,0.0
44.0,-66.0,2026-09-17 22:24:58,19.858000000000004,76.22413177490235,4.951754499703646,1018.19,0.0915
44.0,-65.5,2026-09-17 22:24:58,23.215000000000032,62.874131774902345,2.989754499703646,1015.81,0.099
44.0,-65.0,2026-09-17 22:24:58,22.05600000000004,69.89913177490234,0.05575449970364571,1013.93,0.1525
44.0,-60.0,2026-09-17 22:24:58,16.712000000000046,88.69913177490236,11.233754499703647,1024.37,0.0
44.5,-82.0,2026-09-17 22:24:58,18.144000000000005,78.49779663085938,15.830255240142346,1003.59,0.0
44.5,-81.5,2026-09-17 22:24:58,18.60600000000005,76.17279663085938,13.292255240142346,1003.45,0.0
44.5,-81.0,2026-09-17 22:24:58,19.597000000000037,64.57279663085937,8.540255240142345,993.0,0.023
44.5,-80.5,2026-09-17 22:24:58,18.82800000000003,69.04779663085938,9.584255240142346,989.4,0.0
44.5,-80.0,2026-09-17 22:24:58,19.376000000000033,77.49779663085938,12.626255240142346,1001.74,0.0535
44.5,-79.5,2026-09-17 22:24:58,20.14500000000004,69.89779663085938,9.854255240142345,990.04,0.0
44.5,-79.0,2026-09-17 22:24:58,20.642000000000053,70.69779663085937,8.432255240142347,991.48,0.0
44.5,-78.5,2026-09-17 22:24:58,20.08200000000005,73.97279663085938,9.260255240142346,992.81,0.0
44.5,-78.0,2026-09-17 22:24:58,21.060000000000002,68.77279663085938,6.110255240142346,992.44,0.0
44.5,-77.5,2026-09-17 22:24:58,20.380000000000052,74.89779663085938,2.2042552401423454,999.8,0.0
44.5,-77.0,2026-09-17 22:24:58,18.994000000000028,79.99779663085938,2.2402552401423454,1002.02,0.0
44.5,-76.5,2026-09-17 22:24:58,19.118000000000052,79.97279663085938,2.5822552401423455,1003.62,0.0
44.5,-76.0,2026-09-17 22:24:58,21.02000000000004,75.72279663085938,2.3302552401423453,1008.82,0.0
44.5,-66.0,2026-09-17 22:24:58,13.049000000000035,99.02413177490234,4.627754499703646,1025.11,0.107
44.5,-65.5,2026-09-17 22:24:58,18.104000000000042,82.77413177490234,2.665754499703646,1005.57,0.0915
44.5,-65.0,2026-09-17 22:24:58,21.406000000000006,67.27413177490234,2.3957544997036457,1004.71,0.0
44.5,-64.5,2026-09-17 22:24:58,21.588000000000022,70.34913177490235,1.4777544997036458,1014.16,0.0
44.5,-64.0,2026-09-17 22:24:58,16.922000000000025,84.49913177490235,5.563754499703646,1024.25,0.0
44.5,-63.5,2026-09-17 22:24:58,16.836000000000013,84.64913177490234,6.805754499703646,1024.7,0.0
45.0,-82.5,2026-09-17 22:24:58,16.713000000000022,80.19779663085939,10.286255240142346,1004.16,0.0
45.0,-82.0,2026-09-17 22:24:58,16.843000000000018,86.54779663085938,9.710255240142345,1003.98,0.0
45.0,-81.5,2026-09-17 22:24:58,17.765000000000043,81.49779663085938,8.684255240142345,1003.72,0.0
45.0,-81.0,2026-09-17 22:24:58,17.813000000000045,78.17279663085938,10.916255240142346,1003.55,0.0
45.0,-80.5,2026-09-17 22:24:58,17.654000000000053,73.62279663085938,12.644255240142346,1003.36,0.0
45.0,-80.0,2026-09-17 22:24:58,17.688000000000045,73.17279663085938,11.618255240142346,1003.03,0.0
45.0,-79.5,2026-09-17 22:24:58,18.28000000000003,75.27279663085938,4.724255240142345,994.33,0.0
45.0,-79.0,2026-09-17 22:24:58,19.017000000000053,68.67279663085938,5.588255240142345,985.37,0.023
45.0,-78.5,2026-09-17 22:24:58,19.706000000000017,66.24779663085938,7.4242552401423465,979.29,0.0
45.0,-78.0,2026-09-17 22:24:58,21.00200000000001,64.14779663085938,4.904255240142346,979.12,0.0
45.0,-77.5,2026-09-17 22:24:58,21.287000000000035,62.04779663085938,5.8042552401423455,977.18,0.0
45.0,-77.0,2026-09-17 22:24:58,21.210000000000036,63.34779663085938,6.110255240142346,984.64,0.0
45.0,-76.5,2026-09-17 22:24:58,20.985000000000014,65.02279663085938,4.346255240142345,999.48,0.0
45.0,-76.0,2026-09-17 22:24:58,20.258000000000038,71.24779663085938,2.4922552401423457,1005.5,0.084
45.0,-75.5,2026-09-17 22:24:58,21.215000000000032,76.64779663085938,1.5202552401423455,1011.48,0.0
45.0,-75.0,2026-09-17 22:24:58,21.66900000000004,73.19779663085937,2.1862552401423456,1012.01,0.0
45.0,-74.5,2026-09-17 22:24:58,22.09400000000005,71.92279663085938,5.390255240142346,1015.57,0.0
45.0,-74.0,2026-09-17 22:24:58,22.620000000000005,66.72279663085938,5.066255240142346,997.73,0.0
45.0,-73.5,2026-09-17 22:24:58,24.293000000000006,66.02279663085938,2.8522552401423455,1013.28,0.0
45.0,-73.0,2026-09-17 22:24:58,25.174000000000035,64.49779663085938,6.398255240142346,1010.86,0.0155
45.0,-72.5,2026-09-17 22:24:58,22.646000000000015,61.772796630859375,5.390255240142346,962.73,0.0
45.0,-72.0,2026-09-17 22:24:58,21.795000000000016,68.19779663085937,8.288255240142346,971.56,0.0
45.0,-71.5,2026-09-17 22:24:58,21.23100000000005,67.09779663085938,6.830255240142345,975.59,0.0
45.0,-67.0,2026-09-17 22:24:58,15.941000000000031,84.59913177490235,5.239754499703645,1023.31,0.0
45.0,-66.5,2026-09-17 22:24:58,13.44500000000005,95.59913177490235,5.473754499703646,1024.99,0.0
45.0,-65.0,2026-09-17 22:24:58,18.91700000000003,74.87413177490235,3.277754499703646,1015.08,0.0
45.0,-64.5,2026-09-17 22:24:58,19.774,65.84913177490235,3.421754499703646,999.96,0.0
45.0,-64.0,2026-09-17 22:24:58,20.113000000000056,69.19913177490234,4.015754499703646,1020.31,0.0
45.0,-63.5,2026-09-17 22:24:58,21.247000000000014,64.82413177490234,4.141754499703646,1020.82,0.0
45.0,-63.0,2026-09-17 22:24:58,20.43900000000002,66.87413177490235,5.329754499703646,1006.7,0.0
45.0,-62.5,2026-09-17 22:24:58,21.597000000000037,64.54913177490235,5.131754499703646,1015.03,0.0
45.0,-62.0,2026-09-17 22:24:58,17.745000000000005,86.67413177490235,5.869754499703646,1022.76,0.0
45.5,-83.0,2026-09-17 22:24:58,15.606000000000051,80.82279663085939,9.548255240142346,1004.47,0.0075
45.5,-82.5,2026-09-17 22:24:58,16.096000000000004,76.82279663085939,11.258255240142347,1004.23,0.0075
45.5,-82.0,2026-09-17 22:24:58,16.547000000000025,75.84779663085938,12.212255240142346,1003.85,0.0
45.5,-81.5,2026-09-17 22:24:58,16.91900000000004,76.27279663085938,4.976255240142346,1003.73,0.0
45.5,-81.0,2026-09-17 22:24:58,17.170000000000016,83.42279663085938,8.072255240142345,1003.5,0.0
45.5,-80.5,2026-09-17 22:24:58,16.31800000000004,87.67279663085938,12.014255240142345,1003.33,0.0
45.5,-80.0,2026-09-17 22:24:58,19.096000000000004,63.59779663085938,3.7162552401423454,993.34,0.0
45.5,-79.5,2026-09-17 22:24:58,18.404000000000053,68.37279663085938,3.0682552401423457,984.46,0.0
45.5,-79.0,2026-09-17 22:24:58,19.15300000000002,58.57279663085938,4.616255240142346,974.66,0.0
45.5,-78.5,2026-09-17 22:24:58,18.87700000000001,62.29779663085938,4.958255240142345,967.77,0.0
45.5,-78.0,2026-09-17 22:24:58,18.845000000000027,64.77279663085938,3.3022552401423457,981.15,0.0
45.5,-77.5,2026-09-17 22:24:58,17.291000000000054,74.19779663085937,2.1142552401423456,986.55,0.0
45.5,-77.0,2026-09-17 22:24:58,18.083000000000027,71.19779663085937,5.210255240142346,1002.8,0.0
45.5,-76.5,2026-09-17 22:24:58,19.700000000000045,67.44779663085937,8.828255240142346,1011.44,0.0
45.5,-76.0,2026-09-17 22:24:58,21.79000000000002,64.47279663085938,7.352255240142346,1012.34,0.0
45.5,-75.5,2026-09-17 22:24:58,20.698000000000036,66.84779663085938,5.282255240142346,1016.67,0.0
45.5,-75.0,2026-09-17 22:24:58,20.295000000000016,63.522796630859375,4.580255240142345,1015.24,0.0
45.5,-74.5,2026-09-17 22:24:58,19.976000000000056,66.17279663085938,3.4282552401423456,1013.83,0.0
45.5,-74.0,2026-09-17 22:24:58,21.716000000000008,57.79779663085938,4.868255240142346,1012.26,0.0
45.5,-73.5,2026-09-17 22:24:58,21.67700000000002,63.22279663085938,5.498255240142346,1020.34,0.0
45.5,-73.0,2026-09-17 22:24:58,19.406000000000006,85.92279663085938,5.732255240142345,1017.84,0.0
45.5,-72.5,2026-09-17 22:24:58,20.824000000000012,81.67279663085938,5.156255240142346,998.42,0.0
45.5,-72.0,2026-09-17 22:24:58,22.142000000000053,71.79779663085938,1.6822552401423454,999.06,0.0
45.5,-71.5,2026-09-17 22:24:58,22.589000000000055,61.92279663085938,6.308255240142345,982.62,0.0
45.5,-71.0,2026-09-17 22:24:58,22.24200000000002,53.147796630859375,7.352255240142346,961.23,0.0
45.5,-67.5,2026-09-17 22:24:58,20.575000000000045,59.499131774902345,3.3317544997036457,1011.52,0.0
45.5,-67.0,2026-09-17 22:24:58,20.105000000000018,62.84913177490235,2.197754499703646,1009.49,0.0
45.5,-66.5,2026-09-17 22:24:58,20.095000000000027,61.19913177490235,2.341754499703646,1010.31,0.0
45.5,-66.0,2026-09-17 22:24:58,20.33200000000005,63.22413177490235,1.8017544997036457,1017.06,0.0
45.5,-65.5,2026-09-17 22:24:58,20.015000000000043,59.524131774902344,3.8177544997036463,988.19,0.0
45.5,-65.0,2026-09-17 22:24:58,13.043000000000006,98.97413177490235,6.7517544997036465,1025.31,0.0075
45.5,-64.5,2026-09-17 22:24:58,19.239000000000033,62.92413177490235,2.4317544997036458,1013.1,0.0
45.5,-64.0,2026-09-17 22:24:58,18.685000000000002,63.524131774902344,2.629754499703646,994.2,0.0
45.5,-63.5,2026-09-17 22:24:58,19.28800000000001,64.02413177490234,3.583754499703646,1001.87,0.0
45.5,-63.0,2026-09-17 22:24:58,19.335000000000036,63.82413177490235,5.275754499703646,999.47,0.0075
45.5,-62.5,2026-09-17 22:24:58,18.839000000000055,70.97413177490235,7.201754499703646,1003.45,0.0
45.5,-62.0,2026-09-17 22:24:58,20.66900000000004,65.39913177490234,7.201754499703646,1013.53,0.0
45.5,-61.5,2026-09-17 22:24:58,19.399,67.44913177490234,10.387754499703645,1008.27,0.0
45.5,-61.0,2026-09-17 22:24:58,17.708000000000027,83.84913177490235,13.303754499703645,1022.63,0.0
46.0,-84.0,2026-09-17 22:24:58,18.08200000000005,70.24779663085938,12.068255240142348,1001.68,0.023
46.0,-83.5,2026-09-17 22:24:58,16.78800000000001,79.82279663085939,7.4242552401423465,1003.61,0.0305
46.0,-83.0,2026-09-17 22:24:58,15.584000000000003,73.42279663085938,10.826255240142347,1004.22,0.023
46.0,-82.5,2026-09-17 22:24:58,16.50200000000001,57.54779663085938,8.666255240142346,1004.0,0.0
46.0,-82.0,2026-09-17 22:24:58,17.07000000000005,55.122796630859376,8.900255240142345,1003.7,0.0
46.0,-81.5,2026-09-17 22:24:58,18.147000000000048,52.647796630859375,7.0462552401423455,995.9,0.0
46.0,-81.0,2026-09-17 22:24:58,19.597000000000037,49.372796630859376,6.920255240142346,1000.45,0.0
46.0,-80.5,2026-09-17 22:24:58,20.402000000000044,62.69779663085938,4.670255240142346,1000.37,0.0
46.0,-80.0,2026-09-17 22:24:58,20.46700000000004,64.14779663085938,5.768255240142346,995.61,0.0
46.0,-79.5,2026-09-17 22:24:58,19.661,57.897796630859375,6.452255240142345,983.5,0.0
46.0,-79.0,2026-09-17 22:24:58,18.637,71.39779663085938,4.724255240142345,978.73,0.0
46.0,-78.5,2026-09-17 22:24:58,17.35600000000005,69.22279663085938,2.7802552401423455,981.61,0.0
46.0,-78.0,2026-09-17 22:24:58,16.601000000000056,69.92279663085938,1.1062552401423456,987.12,0.0
46.0,-77.5,2026-09-17 22:24:58,17.27800000000002,72.82279663085937,1.8082552401423453,1000.21,0.0
46.0,-77.0,2026-09-17 22:24:58,17.92100000000005,69.69779663085937,3.1942552401423456,987.81,0.0155
46.0,-76.5,2026-09-17 22:24:58,19.140000000000043,65.52279663085938,2.4382552401423454,989.3,0.038
46.0,-76.0,2026-09-17 22:24:58,18.738000000000056,64.59779663085938,1.7362552401423454,1002.59,0.0
46.0,-75.5,2026-09-17 22:24:58,19.289000000000044,60.47279663085938,3.3022552401423457,990.88,0.0
46.0,-75.0,2026-09-17 22:24:58,18.80000000000001,61.522796630859375,4.166255240142346,986.41,0.0
46.0,-74.5,2026-09-17 22:24:58,19.798000000000002,56.79779663085938,6.5782552401423455,983.42,0.023
46.0,-74.0,2026-09-17 22:24:58,18.84200000000004,61.772796630859375,0.35025524014234544,980.72,0.252
46.0,-73.5,2026-09-17 22:24:58,20.44100000000003,55.79779663085938,4.3282552401423455,1015.55,0.0
46.0,-73.0,2026-09-17 22:24:58,19.843000000000018,66.27279663085938,5.192255240142345,1019.8,0.0
46.0,-72.5,2026-09-17 22:24:58,19.642000000000053,78.57279663085939,1.5742552401423455,1013.87,0.0
46.0,-72.0,2026-09-17 22:24:58,20.900000000000034,77.44779663085939,3.2482552401423455,1006.49,0.0
46.0,-71.5,2026-09-17 22:24:58,21.05000000000001,68.42279663085938,7.586255240142346,985.52,0.0
46.0,-71.0,2026-09-17 22:24:58,21.517000000000053,61.69779663085938,7.9642552401423465,980.54,0.0155
46.0,-70.5,2026-09-17 22:24:58,21.961000000000013,55.97279663085938,5.1022552401423455,983.61,0.0
46.0,-67.5,2026-09-17 22:24:58,19.438000000000045,53.249131774902345,4.483754499703646,1009.51,0.0
46.0,-67.0,2026-09-17 22:24:58,18.811000000000035,56.499131774902345,4.609754499703646,1009.76,0.0
46.0,-66.5,2026-09-17 22:24:58,18.399,59.59913177490235,4.231754499703646,1010.01,0.0
46.0,-66.0,2026-09-17 22:24:58,17.05400000000003,68.92413177490235,2.953754499703646,1024.83,0.0
46.0,-65.5,2026-09-17 22:24:58,19.222000000000037,58.32413177490235,1.9097544997036457,1015.57,0.0
46.0,-65.0,2026-09-17 22:24:58,19.709000000000003,56.04913177490235,0.9197544997036458,1020.31,0.0
46.0,-64.5,2026-09-17 22:24:58,19.246000000000038,54.999131774902345,3.583754499703646,1018.05,0.0
46.0,-64.0,2026-09-17 22:24:58,18.301000000000045,64.84913177490235,6.337754499703646,1023.06,0.0
46.0,-63.0,2026-09-17 22:24:58,17.305000000000007,76.87413177490235,11.161754499703646,1024.63,0.0
46.0,-62.5,2026-09-17 22:24:58,16.849000000000046,83.74913177490235,8.011754499703647,1023.82,0.0
46.0,-61.5,2026-09-17 22:24:58,17.637,60.72413177490235,9.955754499703646,1016.8,0.0
46.0,-61.0,2026-09-17 22:24:58,19.06800000000004,60.47413177490235,13.015754499703647,1011.56,0.0
46.0,-60.5,2026-09-17 22:24:58,20.43300000000005,64.62413177490235,9.397754499703646,1011.77,0.0
46.0,-60.0,2026-09-17 22:24:58,21.743000000000052,61.04913177490235,5.815754499703646,1019.55,0.0075
46.5,-84.5,2026-09-17 22:24:58,19.281000000000006,65.74779663085938,6.614255240142345,1000.95,0.0
46.5,-84.0,2026-09-17 22:24:58,19.224000000000046,60.59779663085938,7.586255240142346,997.09,0.0075
46.5,-83.5,2026-09-17 22:24:58,18.983000000000004,54.022796630859375,9.206255240142346,986.18,0.0305
46.5,-83.0,2026-09-17 22:24:58,18.72800000000001,47.897796630859375,5.156255240142346,978.87,0.252
46.5,-82.5,2026-09-17 22:24:58,19.437000000000012,45.647796630859375,6.002255240142346,979.55,0.0915
46.5,-82.0,2026-09-17 22:24:58,19.89100000000002,47.97279663085938,7.208255240142346,984.03,0.038
46.5,-81.5,2026-09-17 22:24:58,19.557000000000016,47.372796630859376,5.822255240142345,986.05,0.0
46.5,-81.0,2026-09-17 22:24:58,19.12700000000001,46.82279663085938,6.974255240142345,990.62,0.0
46.5,-80.5,2026-09-17 22:24:58,19.295000000000016,58.872796630859376,4.616255240142346,995.06,0.0075
46.5,-80.0,2026-09-17 22:24:58,17.826000000000022,68.54779663085938,6.398255240142346,993.69,0.0075
46.5,-79.5,2026-09-17 22:24:58,17.397000000000048,70.94779663085937,7.820255240142346,981.83,0.0
46.5,-79.0,2026-09-17 22:24:58,18.323000000000036,60.872796630859376,6.8122552401423455,984.33,0.0
46.5,-78.5,2026-09-17 22:24:58,19.807000000000016,53.022796630859375,7.910255240142345,983.14,0.0
46.5,-78.0,2026-09-17 22:24:58,20.275000000000034,55.47279663085938,5.156255240142346,981.57,0.0
46.5,-77.5,2026-09-17 22:24:58,20.150000000000034,51.872796630859376,4.472255240142346,977.91,0.0
46.5,-77.0,2026-09-17 22:24:58,19.15900000000005,58.997796630859376,3.4282552401423456,987.62,0.0075
46.5,-76.5,2026-09-17 22:24:58,18.616000000000042,57.19779663085938,0.6742552401423454,986.09,0.0155
46.5,-76.0,2026-09-17 22:24:58,17.94500000000005,68.27279663085938,3.0682552401423457,998.55,0.0
46.5,-75.5,2026-09-17 22:24:58,19.43300000000005,60.72279663085938,4.058255240142345,993.41,0.0
46.5,-75.0,2026-09-17 22:24:58,19.336000000000013,58.647796630859375,5.156255240142346,986.29,0.0
46.5,-74.5,2026-09-17 22:24:58,17.90500000000003,55.09779663085938,8.522255240142346,965.16,0.0
46.5,-74.0,2026-09-17 22:24:58,18.17900000000003,58.34779663085938,2.6722552401423454,958.23,0.0
46.5,-73.5,2026-09-17 22:24:58,19.674000000000035,54.397796630859375,1.1602552401423454,973.21,0.0
46.5,-73.0,2026-09-17 22:24:58,20.39300000000003,55.67279663085938,3.6802552401423454,994.19,0.0
46.5,-72.5,2026-09-17 22:24:58,21.51600000000002,58.747796630859376,4.580255240142345,1016.62,0.0
46.5,-72.0,2026-09-17 22:24:58,21.722000000000037,64.04779663085938,4.292255240142345,1012.98,0.0535
46.5,-71.5,2026-09-17 22:24:58,21.211000000000013,67.59779663085938,4.0222552401423455,1005.4,0.0075
46.5,-71.0,2026-09-17 22:24:58,21.694000000000017,59.247796630859376,5.678255240142345,993.98,0.0
46.5,-70.5,2026-09-17 22:24:58,20.62900000000002,59.272796630859375,6.614255240142345,968.34,0.0
46.5,-70.0,2026-09-17 22:24:58,21.036,62.772796630859375,1.9162552401423454,978.05,0.0
46.5,-67.5,2026-09-17 22:24:58,19.411,53.09913177490235,2.8997544997036457,998.63,0.0
46.5,-67.0,2026-09-17 22:24:58,19.029000000000053,50.47413177490235,1.9637544997036458,994.99,0.0
46.5,-66.5,2026-09-17 22:24:58,18.926000000000045,53.57413177490235,3.9617544997036456,1005.7,0.0
46.5,-66.0,2026-09-17 22:24:58,18.608000000000004,51.749131774902345,1.4417544997036458,1011.95,0.0
46.5,-65.5,2026-09-17 22:24:58,18.918000000000006,50.19913177490235,0.8657544997036457,1012.4,0.0
46.5,-65.0,2026-09-17 22:24:58,19.25400000000002,50.22413177490235,2.107754499703646,1019.06,0.0
46.5,-64.0,2026-09-17 22:24:58,18.88100000000003,57.749131774902345,7.669754499703646,1021.47,0.0
46.5,-63.5,2026-09-17 22:24:58,16.511000000000024,71.99913177490235,12.475754499703646,1023.72,0.0
46.5,-63.0,2026-09-17 22:24:58,15.709000000000003,82.87413177490235,11.161754499703646,1024.81,0.0
46.5,-62.5,2026-09-17 22:24:58,15.829000000000008,70.99913177490235,11.287754499703645,1024.71,0.0
46.5,-62.0,2026-09-17 22:24:58,15.438000000000045,74.57413177490234,15.715754499703648,1024.57,0.0
46.5,-61.0,2026-09-17 22:24:58,15.484000000000037,65.89913177490234,8.965754499703646,983.61,0.0
46.5,-60.5,2026-09-17 22:24:58,19.261000000000024,52.624131774902345,6.7517544997036465,987.38,0.0
47.0,-85.0,2026-09-17 22:24:58,15.340000000000032,90.84779663085938,16.298255240142346,1003.8,0.5415
47.0,-84.5,2026-09-17 22:24:58,18.918000000000006,65.37279663085938,8.378255240142346,983.12,0.244
47.0,-84.0,2026-09-17 22:24:58,18.246000000000038,59.272796630859375,8.630255240142347,963.42,0.374
47.0,-83.5,2026-09-17 22:24:58,17.321000000000026,57.772796630859375,10.664255240142346,967.13,0.58
47.0,-83.0,2026-09-17 22:24:58,18.474000000000046,50.32279663085938,7.244255240142346,972.6,0.427
47.0,-82.5,2026-09-17 22:24:58,18.994000000000028,53.69779663085938,6.380255240142345,970.07,0.0765
47.0,-82.0,2026-09-17 22:24:58,18.524,50.22279663085938,5.732255240142345,970.66,0.0155
47.0,-81.5,2026-09-17 22:24:58,17.616000000000042,51.94779663085938,7.244255240142346,974.66,0.0155
47.0,-81.0,2026-09-17 22:24:58,17.98100000000005,43.147796630859375,7.352255240142346,971.48,0.0
47.0,-80.5,2026-09-17 22:24:58,19.10300000000001,46.522796630859375,6.236255240142345,987.7,0.0
47.0,-80.0,2026-09-17 22:24:58,18.462000000000046,47.34779663085938,7.9642552401423465,986.05,0.0
47.0,-79.5,2026-09-17 22:24:58,19.255000000000052,57.29779663085938,9.548255240142346,984.2,0.0
47.0,-79.0,2026-09-17 22:24:58,20.075000000000045,61.19779663085938,7.766255240142345,987.92,0.0
47.0,-78.5,2026-09-17 22:24:58,19.960000000000036,59.897796630859375,7.910255240142345,984.28,0.0
47.0,-78.0,2026-09-17 22:24:58,20.759000000000015,48.397796630859375,7.586255240142346,984.11,0.0
47.0,-77.5,2026-09-17 22:24:58,19.890000000000043,49.57279663085938,5.390255240142346,974.84,0.0
47.0,-77.0,2026-09-17 22:24:58,19.630000000000052,48.82279663085938,4.778255240142346,973.86,0.0075
47.0,-76.5,2026-09-17 22:24:58,19.440000000000055,53.022796630859375,2.0602552401423457,975.81,0.0
47.0,-76.0,2026-09-17 22:24:58,18.551000000000045,58.67279663085938,1.0162552401423455,981.37,0.0
47.0,-75.5,2026-09-17 22:24:58,17.75600000000003,65.74779663085938,0.42225524014234544,990.68,0.0
47.0,-75.0,2026-09-17 22:24:58,15.333000000000027,68.99779663085938,2.8162552401423455,974.23,0.0685
47.0,-74.5,2026-09-17 22:24:58,16.06800000000004,61.67279663085938,6.722255240142346,962.3,0.0
47.0,-74.0,2026-09-17 22:24:58,16.249000000000024,66.04779663085938,1.6282552401423454,967.46,0.023
47.0,-73.5,2026-09-17 22:24:58,17.497000000000014,57.897796630859375,2.8522552401423455,969.28,0.061
47.0,-73.0,2026-09-17 22:24:58,17.65100000000001,61.47279663085938,2.0422552401423455,980.08,0.046
47.0,-72.5,2026-09-17 22:24:58,19.273000000000025,54.22279663085938,1.3402552401423455,982.15,0.0
47.0,-72.0,2026-09-17 22:24:58,18.430000000000007,58.09779663085938,2.7802552401423455,971.92,0.0
47.0,-71.5,2026-09-17 22:24:58,19.385000000000048,54.872796630859376,4.868255240142346,986.6,0.0155
47.0,-71.0,2026-09-17 22:24:58,18.51800000000003,58.42279663085938,10.070255240142346,1014.39,0.0
47.0,-70.5,2026-09-17 22:24:58,15.785000000000025,72.97279663085938,18.260255240142346,1022.53,0.0
47.0,-70.0,2026-09-17 22:24:58,19.906000000000006,50.17279663085938,5.714255240142346,976.98,0.0
47.0,-67.5,2026-09-17 22:24:58,17.448000000000036,56.42413177490235,1.1357544997036457,984.39,0.0075
47.0,-67.0,2026-09-17 22:24:58,16.93100000000004,53.04913177490235,4.915754499703646,970.22,0.0
47.0,-66.5,2026-09-17 22:24:58,17.67100000000005,50.54913177490235,5.041754499703646,982.01,0.0
47.0,-66.0,2026-09-17 22:24:58,18.72800000000001,52.09913177490235,1.8197544997036457,1004.79,0.0
47.0,-65.5,2026-09-17 22:24:58,18.95500000000004,49.22413177490235,1.9097544997036457,1022.02,0.038
47.0,-65.0,2026-09-17 22:24:58,18.388000000000034,48.82413177490235,4.249754499703646,1022.68,0.0
47.0,-64.0,2026-09-17 22:24:58,15.249000000000024,75.17413177490235,14.923754499703644,1024.19,0.0
47.0,-60.5,2026-09-17 22:24:58,14.08200000000005,77.62413177490235,22.663754499703646,1005.39,0.0
47.0,-56.0,2026-09-17 22:24:58,15.003000000000043,93.32413177490236,17.965754499703646,1020.74,0.20600000000000002
47.0,-55.5,2026-09-17 22:24:58,20.206000000000017,66.92413177490235,12.799754499703647,1007.91,2.121
47.0,-55.0,2026-09-17 22:24:58,16.031000000000006,87.39913177490234,17.767754499703646,1020.04,2.228
47.0,-54.0,2026-09-17 22:24:58,18.488000000000056,72.49913177490235,13.969754499703646,996.07,16.823
47.0,-53.5,2026-09-17 22:24:58,18.69300000000004,75.42413177490235,14.419754499703647,1003.84,28.3355
47.0,-53.0,2026-09-17 22:24:58,19.835000000000036,74.07413177490234,21.763754499703648,1007.39,18.7455
47.5,-86.5,2026-09-17 22:24:58,14.230000000000018,90.69779663085939,19.682255240142347,1003.94,1.8005
47.5,-86.0,2026-09-17 22:24:58,14.395000000000039,90.49779663085938,20.348255240142347,1003.72,2.0905
47.5,-85.5,2026-09-17 22:24:58,14.589000000000055,91.19779663085939,17.666255240142345,1003.45,1.7625
47.5,-85.0,2026-09-17 22:24:58,15.325000000000045,90.52279663085938,12.590255240142346,1003.49,0.7475
47.5,-84.5,2026-09-17 22:24:58,17.369000000000028,69.04779663085938,11.240255240142345,976.13,1.0375
47.5,-84.0,2026-09-17 22:24:58,17.593000000000018,64.74779663085938,16.010255240142346,971.89,1.1825
47.5,-83.5,2026-09-17 22:24:58,18.114000000000033,56.247796630859376,9.872255240142346,964.75,0.2745
47.5,-83.0,2026-09-17 22:24:58,18.697000000000003,54.497796630859376,8.108255240142347,970.88,0.1295
47.5,-82.5,2026-09-17 22:24:58,18.92100000000005,53.147796630859375,7.766255240142345,972.16,0.267
47.5,-82.0,2026-09-17 22:24:58,18.428000000000054,53.09779663085938,7.928255240142345,975.16,0.305
47.5,-81.5,2026-09-17 22:24:58,18.295000000000016,51.397796630859375,8.072255240142345,977.03,0.122
47.5,-81.0,2026-09-17 22:24:58,17.910000000000025,49.372796630859376,7.910255240142345,977.95,0.0535
47.5,-80.5,2026-09-17 22:24:58,17.36700000000002,44.122796630859376,8.828255240142346,971.99,0.046
47.5,-80.0,2026-09-17 22:24:58,18.126000000000033,43.34779663085938,7.9642552401423465,986.84,0.084
47.5,-79.5,2026-09-17 22:24:58,18.20700000000005,66.57279663085937,9.854255240142345,1000.09,0.099
47.5,-79.0,2026-09-17 22:24:58,18.387,69.44779663085937,12.428255240142345,989.13,0.084
47.5,-78.5,2026-09-17 22:24:58,19.24200000000002,59.397796630859375,9.206255240142346,984.59,0.0075
47.5,-78.0,2026-09-17 22:24:58,19.230000000000018,56.44779663085938,8.018255240142345,981.8,0.0
47.5,-77.5,2026-09-17 22:24:58,19.137,61.54779663085938,9.206255240142346,982.87,0.0155
47.5,-77.0,2026-09-17 22:24:58,17.569000000000017,68.34779663085938,8.072255240142345,981.36,0.0155
47.5,-76.5,2026-09-17 22:24:58,18.303000000000054,53.59779663085938,8.900255240142345,978.78,0.0155
47.5,-76.0,2026-09-17 22:24:58,18.194000000000017,52.997796630859376,6.434255240142346,973.22,0.023
47.5,-75.5,2026-09-17 22:24:58,16.944000000000017,60.32279663085938,4.904255240142346,975.27,0.0
47.5,-75.0,2026-09-17 22:24:58,17.56600000000003,58.94779663085938,4.436255240142345,974.02,0.0
47.5,-74.5,2026-09-17 22:24:58,15.827000000000055,64.84779663085938,3.7162552401423454,967.3,0.0
47.5,-74.0,2026-09-17 22:24:58,14.733000000000004,66.54779663085938,3.0682552401423457,966.44,0.0
47.5,-73.5,2026-09-17 22:24:58,14.227000000000032,70.67279663085938,1.2322552401423454,972.59,0.0155
47.5,-73.0,2026-09-17 22:24:58,14.771000000000015,71.17279663085938,1.3042552401423455,984.92,0.0075
47.5,-72.5,2026-09-17 22:24:58,16.610000000000014,58.747796630859376,1.0702552401423455,976.02,0.0
47.5,-72.0,2026-09-17 22:24:58,15.713000000000022,57.04779663085938,5.570255240142346,959.91,0.0
47.5,-71.5,2026-09-17 22:24:58,14.801000000000045,59.84779663085938,7.190255240142346,936.68,0.0075
47.5,-71.0,2026-09-17 22:24:58,14.584000000000003,58.17279663085938,8.972255240142346,917.71,0.023
47.5,-70.5,2026-09-17 22:24:58,18.227000000000032,53.72279663085938,5.156255240142346,997.69,0.0
47.5,-70.0,2026-09-17 22:24:58,11.816000000000031,77.52279663085938,17.59425524014235,1023.32,0.0
47.5,-69.5,2026-09-17 22:24:58,18.085000000000036,56.397796630859375,1.7722552401423455,976.67,0.0155
47.5,-69.0,2026-09-17 22:24:58,16.993000000000052,56.67413177490235,1.9637544997036458,987.23,0.038
47.5,-68.5,2026-09-17 22:24:58,17.33000000000004,51.999131774902345,0.41575449970364575,994.93,0.0155
47.5,-68.0,2026-09-17 22:24:58,16.942000000000007,52.57413177490235,3.9617544997036456,983.47,0.0
47.5,-67.5,2026-09-17 22:24:58,16.979000000000042,52.17413177490235,2.575754499703646,995.16,0.061
47.5,-67.0,2026-09-17 22:24:58,17.32000000000005,48.82413177490235,4.429754499703646,990.72,0.16
47.5,-66.5,2026-09-17 22:24:58,16.02600000000001,54.774131774902344,3.7637544997036456,980.59,0.2215
47.5,-66.0,2026-09-17 22:24:58,16.93300000000005,49.82413177490235,6.283754499703646,991.41,0.038
47.5,-65.5,2026-09-17 22:24:58,17.382000000000005,51.999131774902345,4.105754499703646,1007.92,0.0155
47.5,-65.0,2026-09-17 22:24:58,18.188000000000045,51.34913177490235,5.815754499703646,1021.31,0.0535
47.5,-61.5,2026-09-17 22:24:58,14.462000000000046,75.19913177490234,23.041754499703647,1023.81,0.0075
47.5,-59.0,2026-09-17 22:24:58,14.954000000000008,81.54913177490235,28.207754499703647,1021.59,0.0
47.5,-57.0,2026-09-17 22:24:58,14.911000000000001,88.17413177490235,24.715754499703646,1020.16,0.0
47.5,-56.0,2026-09-17 22:24:58,17.994000000000028,71.54913177490235,22.519754499703645,1011.88,0.0305
47.5,-55.5,2026-09-17 22:24:58,18.16700000000003,73.02413177490234,15.571754499703648,1004.82,0.3965
47.5,-55.0,2026-09-17 22:24:58,17.000000000000057,75.09913177490235,24.013754499703648,1011.03,0.3355
47.5,-54.5,2026-09-17 22:24:58,18.51400000000001,65.32413177490234,19.44175449970365,1012.09,1.709
47.5,-54.0,2026-09-17 22:24:58,15.227000000000032,89.27413177490234,24.949754499703644,1019.19,10.17
47.5,-53.5,2026-09-17 22:24:58,20.187000000000012,65.19913177490234,14.815754499703647,1011.12,15.465
47.5,-53.0,2026-09-17 22:24:58,19.698000000000036,66.39913177490234,18.181754499703647,1012.57,16.2275
47.5,-52.5,2026-09-17 22:24:58,17.075000000000045,71.90212936401367,14.244304793536664,1017.34,17.1125
48.0,-91.5,2026-09-17 22:24:58,15.791000000000054,76.12279663085938,5.138255240142346,976.54,0.084
48.0,-90.5,2026-09-17 22:24:58,16.31800000000004,69.27279663085938,8.522255240142346,956.55,0.122
48.0,-90.0,2026-09-17 22:24:58,16.721000000000004,69.27279663085938,7.568255240142345,970.43,0.0
48.0,-89.5,2026-09-17 22:24:58,13.084000000000003,91.17279663085938,16.784255240142347,1003.96,0.0
48.0,-87.5,2026-09-17 22:24:58,13.052000000000021,91.94779663085939,19.052255240142344,1003.72,0.5415
48.0,-87.0,2026-09-17 22:24:58,12.680000000000007,93.09779663085938,20.816255240142347,1003.57,1.1065
48.0,-86.5,2026-09-17 22:24:58,12.740000000000009,94.19779663085939,19.574255240142346,1003.45,0.8925000000000001
48.0,-86.0,2026-09-17 22:24:58,14.263000000000034,91.29779663085938,17.810255240142347,1003.32,0.717
48.0,-85.5,2026-09-17 22:24:58,17.20700000000005,71.59779663085938,10.394255240142346,971.2,0.847
48.0,-85.0,2026-09-17 22:24:58,15.95700000000005,77.49779663085938,13.526255240142346,985.27,0.374
48.0,-84.5,2026-09-17 22:24:58,18.061000000000035,62.022796630859375,16.064255240142344,982.23,0.29
48.0,-84.0,2026-09-17 22:24:58,18.091000000000008,56.82279663085938,11.060255240142347,971.14,0.5495
48.0,-83.5,2026-09-17 22:24:58,18.091000000000008,57.44779663085938,10.808255240142346,967.62,0.1905
48.0,-83.0,2026-09-17 22:24:58,18.565000000000055,58.44779663085938,9.098255240142347,974.4,0.6945
48.0,-82.5,2026-09-17 22:24:58,16.94100000000003,68.42279663085938,12.068255240142348,976.42,0.41200000000000003
48.0,-82.0,2026-09-17 22:24:58,17.860000000000014,59.79779663085938,9.530255240142347,976.37,0.229
48.0,-81.5,2026-09-17 22:24:58,18.234000000000037,57.07279663085938,8.828255240142346,980.62,0.1905
48.0,-81.0,2026-09-17 22:24:58,17.28400000000005,53.997796630859376,8.630255240142347,975.49,0.145
48.0,-80.5,2026-09-17 22:24:58,17.656000000000006,47.17279663085938,8.306255240142345,982.2,0.084
48.0,-80.0,2026-09-17 22:24:58,17.869000000000028,49.94779663085938,8.918255240142345,989.44,0.0
48.0,-79.5,2026-09-17 22:24:58,18.394000000000005,59.147796630859375,8.396255240142347,986.52,0.0
48.0,-79.0,2026-09-17 22:24:58,19.76400000000001,55.94779663085938,10.664255240142346,985.54,0.0
48.0,-78.5,2026-09-17 22:24:58,19.549000000000035,62.747796630859376,9.962255240142346,984.42,0.0
48.0,-78.0,2026-09-17 22:24:58,18.42900000000003,64.84779663085938,9.674255240142347,985.56,0.0
48.0,-77.5,2026-09-17 22:24:58,16.819000000000017,67.84779663085938,4.544255240142346,982.87,0.0
48.0,-77.0,2026-09-17 22:24:58,18.51400000000001,53.897796630859375,7.532255240142346,982.22,0.0
48.0,-76.5,2026-09-17 22:24:58,18.39300000000003,54.19779663085938,4.760255240142346,972.72,0.0
48.0,-76.0,2026-09-17 22:24:58,16.91700000000003,59.82279663085938,5.714255240142346,969.06,0.0
48.0,-75.5,2026-09-17 22:24:58,17.14500000000004,60.42279663085938,4.202255240142345,971.12,0.0
48.0,-75.0,2026-09-17 22:24:58,16.29000000000002,61.04779663085938,6.758255240142345,963.09,0.0
48.0,-74.5,2026-09-17 22:24:58,15.867000000000019,62.94779663085938,3.6802552401423454,964.54,0.0
48.0,-74.0,2026-09-17 22:24:58,13.79600000000005,70.32279663085937,1.8802552401423454,968.76,0.0
48.0,-73.5,2026-09-17 22:24:58,13.809000000000026,66.82279663085937,3.4282552401423456,967.51,0.0155
48.0,-73.0,2026-09-17 22:24:58,14.868000000000052,66.07279663085937,1.6282552401423454,978.55,0.0
48.0,-72.5,2026-09-17 22:24:58,15.786000000000001,62.147796630859375,2.1142552401423456,975.84,0.0
48.0,-72.0,2026-09-17 22:24:58,15.87700000000001,59.522796630859375,2.8162552401423455,967.59,0.0
48.0,-71.5,2026-09-17 22:24:58,15.479000000000042,54.59779663085938,6.722255240142346,946.54,0.0
48.0,-71.0,2026-09-17 22:24:58,15.258000000000038,61.47279663085938,5.876255240142346,945.98,0.0
48.0,-70.5,2026-09-17 22:24:58,15.44500000000005,59.22279663085938,0.15225524014234543,947.9,0.0
48.0,-70.0,2026-09-17 22:24:58,15.525000000000034,58.04779663085938,5.678255240142345,984.69,0.0
48.0,-69.5,2026-09-17 22:24:58,9.084000000000003,85.59779663085938,11.204255240142347,1024.44,0.0
48.0,-69.0,2026-09-17 22:24:58,16.78200000000004,51.999131774902345,2.611754499703646,997.7,0.0075
48.0,-68.5,2026-09-17 22:24:58,16.15700000000004,50.67413177490235,2.179754499703646,986.95,0.0075
48.0,-68.0,2026-09-17 22:24:58,15.973000000000013,50.024131774902344,3.7997544997036456,980.45,0.0
48.0,-67.5,2026-09-17 22:24:58,14.458000000000027,55.999131774902345,5.851754499703646,967.41,0.0
48.0,-67.0,2026-09-17 22:24:58,16.285000000000025,52.79913177490235,4.681754499703646,1000.65,0.0
48.0,-66.5,2026-09-17 22:24:58,16.894000000000005,51.649131774902344,9.379754499703646,1014.34,0.0
48.0,-66.0,2026-09-17 22:24:58,14.724000000000046,60.94913177490235,11.395754499703646,1024.41,0.0
48.0,-65.5,2026-09-17 22:24:58,13.89100000000002,69.22413177490235,18.199754499703644,1024.34,0.0
48.0,-64.5,2026-09-17 22:24:58,15.631000000000029,56.57413177490235,1.4237544997036458,1024.14,0.0
48.0,-59.0,2026-09-17 22:24:58,15.404000000000053,57.749131774902345,13.429754499703646,988.84,0.0
48.0,-58.5,2026-09-17 22:24:58,14.675000000000011,59.82413177490235,21.619754499703646,967.95,0.0
48.0,-58.0,2026-09-17 22:24:58,15.94500000000005,55.17413177490235,22.591754499703647,965.47,0.0
48.0,-57.5,2026-09-17 22:24:58,16.845000000000027,57.47413177490235,20.629754499703647,977.92,0.0
48.0,-57.0,2026-09-17 22:24:58,18.489000000000033,50.874131774902345,17.443754499703644,984.56,0.0
48.0,-56.5,2026-09-17 22:24:58,18.348000000000013,57.57413177490235,19.72975449970365,987.31,0.0
48.0,-56.0,2026-09-17 22:24:58,18.67100000000005,62.42413177490235,17.821754499703648,995.31,0.0
48.0,-55.5,2026-09-17 22:24:58,19.412000000000035,59.72413177490235,18.68575449970365,994.19,0.0
48.0,-55.0,2026-09-17 22:24:58,19.654000000000053,60.024131774902344,17.677754499703646,995.38,0.0075
48.0,-54.5,2026-09-17 22:24:58,19.914000000000044,60.374131774902345,17.47975449970365,992.97,0.29
48.0,-54.0,2026-09-17 22:24:58,20.388000000000034,60.94913177490235,17.335754499703647,1001.3,1.343
48.0,-53.5,2026-09-17 22:24:58,15.91900000000004,85.04913177490235,25.72375449970365,1017.81,7.5225
48.0,-53.0,2026-09-17 22:24:58,20.654000000000053,61.69913177490235,17.335754499703647,1004.94,9.491
48.5,-124.5,2026-09-17 22:24:58,11.77800000000002,90.58740158081055,6.898250153034926,1017.97,0.0
48.5,-124.0,2026-09-17 22:24:58,21.416000000000054,47.81240158081055,4.756250153034926,939.57,0.0
48.5,-123.5,2026-09-17 22:24:58,21.795000000000016,44.41240158081055,3.2082501530349257,1002.43,0.0
48.5,-93.5,2026-09-17 22:24:58,17.047000000000025,63.07279663085938,4.544255240142346,985.94,1.213
48.5,-92.5,2026-09-17 22:24:58,16.01800000000003,67.29779663085938,7.388255240142346,982.37,0.0
48.5,-92.0,2026-09-17 22:24:58,16.285000000000025,65.54779663085938,6.686255240142345,978.91,0.0
48.5,-91.5,2026-09-17 22:24:58,15.561000000000035,68.14779663085938,10.880255240142347,980.46,0.0
48.5,-91.0,2026-09-17 22:24:58,15.289000000000044,68.72279663085938,8.234255240142346,974.01,0.0
48.5,-90.5,2026-09-17 22:24:58,15.902000000000044,66.82279663085937,7.298255240142346,970.15,0.0765
48.5,-90.0,2026-09-17 22:24:58,16.560000000000002,66.09779663085938,8.972255240142346,977.25,0.1145
48.5,-89.5,2026-09-17 22:24:58,17.341000000000008,61.122796630859376,9.116255240142346,976.65,0.0
48.5,-89.0,2026-09-17 22:24:58,18.637,57.82279663085938,7.478255240142345,997.09,0.0
48.5,-88.5,2026-09-17 22:24:58,15.81800000000004,82.72279663085938,5.156255240142346,1000.02,0.0
48.5,-88.0,2026-09-17 22:24:58,14.022000000000048,89.72279663085938,12.644255240142346,1003.55,0.0
48.5,-87.5,2026-09-17 22:24:58,13.740000000000009,89.67279663085938,14.570255240142345,1003.34,0.0155
48.5,-87.0,2026-09-17 22:24:58,13.77600000000001,90.24779663085938,18.872255240142344,1003.04,0.0155
48.5,-86.5,2026-09-17 22:24:58,13.733000000000004,93.14779663085938,16.442255240142348,1002.95,0.0305
48.5,-86.0,2026-09-17 22:24:58,15.219000000000051,80.02279663085938,8.810255240142347,986.28,0.023
48.5,-85.5,2026-09-17 22:24:58,15.926000000000045,75.99779663085938,11.168255240142347,976.37,0.023
48.5,-85.0,2026-09-17 22:24:58,16.771000000000015,70.44779663085937,10.880255240142347,972.28,0.084
48.5,-84.5,2026-09-17 22:24:58,17.886000000000024,66.69779663085937,10.160255240142346,980.48,0.1525
48.5,-84.0,2026-09-17 22:24:58,17.454000000000008,66.44779663085937,8.018255240142345,975.15,0.0305
48.5,-83.5,2026-09-17 22:24:58,15.629000000000019,69.67279663085938,8.108255240142347,981.84,0.0155
48.5,-83.0,2026-09-17 22:24:58,16.214000000000055,65.99779663085938,11.330255240142346,983.02,0.0155
48.5,-82.5,2026-09-17 22:24:58,17.727000000000032,63.997796630859376,11.384255240142345,983.18,0.0075
48.5,-82.0,2026-09-17 22:24:58,18.494000000000028,59.84779663085938,9.548255240142346,985.81,0.0
48.5,-81.5,2026-09-17 22:24:58,18.357000000000028,60.17279663085938,9.818255240142346,987.33,0.0765
48.5,-81.0,2026-09-17 22:24:58,16.39300000000003,64.12279663085938,12.068255240142348,989.35,0.0075
48.5,-80.5,2026-09-17 22:24:58,17.557000000000016,46.82279663085938,9.548255240142346,987.6,0.0
48.5,-80.0,2026-09-17 22:24:58,17.388000000000034,50.04779663085938,9.350255240142346,981.98,0.0
48.5,-79.5,2026-09-17 22:24:58,18.12700000000001,61.34779663085938,7.442255240142346,986.86,0.0
48.5,-79.0,2026-09-17 22:24:58,18.448000000000036,60.497796630859376,9.008255240142347,981.95,0.0
48.5,-78.5,2026-09-17 22:24:58,18.67100000000005,64.99779663085938,7.928255240142345,980.98,0.0
48.5,-78.0,2026-09-17 22:24:58,17.299000000000035,67.72279663085938,8.054255240142346,985.27,0.0
48.5,-77.5,2026-09-17 22:24:58,15.90500000000003,70.42279663085938,6.686255240142345,983.2,0.0
48.5,-77.0,2026-09-17 22:24:58,18.483000000000004,55.34779663085938,6.920255240142346,979.12,0.0
48.5,-76.5,2026-09-17 22:24:58,17.331000000000017,58.22279663085938,6.452255240142345,972.88,0.0155
48.5,-76.0,2026-09-17 22:24:58,17.428000000000054,59.022796630859375,3.0142552401423455,975.52,0.0305
48.5,-75.5,2026-09-17 22:24:58,16.67100000000005,58.97279663085938,3.1582552401423456,974.96,0.0
48.5,-75.0,2026-09-17 22:24:58,14.325000000000045,66.32279663085937,6.002255240142346,974.59,0.0
48.5,-74.5,2026-09-17 22:24:58,15.256000000000029,62.997796630859376,4.148255240142346,972.83,0.0
48.5,-74.0,2026-09-17 22:24:58,13.629000000000019,67.69779663085937,2.8702552401423453,971.72,0.0
48.5,-73.5,2026-09-17 22:24:58,12.253000000000043,69.52279663085938,4.346255240142345,956.12,0.0
48.5,-73.0,2026-09-17 22:24:58,12.301000000000045,66.54779663085938,3.0502552401423455,960.2,0.0
48.5,-72.5,2026-09-17 22:24:58,11.454000000000008,73.84779663085938,4.544255240142346,983.3,0.0
48.5,-72.0,2026-09-17 22:24:58,11.834000000000003,75.32279663085937,7.388255240142346,1012.76,0.0
48.5,-71.5,2026-09-17 22:24:58,15.218000000000018,59.897796630859375,3.9142552401423454,1004.1,0.0075
48.5,-71.0,2026-09-17 22:24:58,15.848000000000013,56.522796630859375,3.4282552401423456,1002.88,0.0155
48.5,-70.5,2026-09-17 22:24:58,14.968000000000018,56.09779663085938,6.254255240142346,968.46,0.0
48.5,-70.0,2026-09-17 22:24:58,16.43100000000004,49.07279663085938,6.164255240142345,974.21,0.0
48.5,-69.5,2026-09-17 22:24:58,15.093000000000018,53.44779663085938,5.8042552401423455,994.54,0.0
48.5,-68.5,2026-09-17 22:24:58,8.164000000000044,90.12279663085938,6.830255240142345,1024.58,0.0
48.5,-68.0,2026-09-17 22:24:58,14.81800000000004,54.897796630859375,7.334255240142345,995.3,0.0
48.5,-67.5,2026-09-17 22:24:58,14.920000000000016,50.17413177490235,5.2037544997036465,997.61,0.0
48.5,-67.0,2026-09-17 22:24:58,13.812000000000012,52.04913177490235,6.805754499703646,978.61,0.0075
48.5,-66.5,2026-09-17 22:24:58,13.178000000000054,54.624131774902345,7.255754499703647,961.69,0.0
48.5,-66.0,2026-09-17 22:24:58,15.003000000000043,51.624131774902345,5.563754499703646,981.99,0.0305
48.5,-65.5,2026-09-17 22:24:58,15.51400000000001,50.54913177490235,4.519754499703645,983.17,0.0
48.5,-65.0,2026-09-17 22:24:58,15.472000000000037,46.19913177490235,2.845754499703646,976.31,0.0
48.5,-64.5,2026-09-17 22:24:58,16.30600000000004,48.149131774902344,2.611754499703646,1003.25,0.023
48.5,-59.0,2026-09-17 22:24:58,14.959000000000003,62.524131774902344,17.821754499703648,1021.57,0.0
48.5,-58.5,2026-09-17 22:24:58,15.41500000000002,59.79913177490235,21.997754499703646,1017.66,0.0
48.5,-58.0,2026-09-17 22:24:58,15.383000000000038,57.84913177490235,16.759754499703647,981.95,0.0
48.5,-57.5,2026-09-17 22:24:58,16.465000000000032,53.499131774902345,17.857754499703645,976.84,0.0075
48.5,-57.0,2026-09-17 22:24:58,17.484000000000037,52.67413177490235,15.103754499703648,983.76,0.0
48.5,-56.5,2026-09-17 22:24:58,17.38100000000003,53.29913177490235,18.397754499703648,980.69,0.0
48.5,-56.0,2026-09-17 22:24:58,18.03800000000001,52.54913177490235,16.72375449970365,986.24,0.0
48.5,-55.5,2026-09-17 22:24:58,19.51400000000001,50.57413177490235,14.779754499703648,1000.19,0.0
48.5,-55.0,2026-09-17 22:24:58,18.987000000000023,52.79913177490235,15.103754499703648,989.03,0.0305
48.5,-54.5,2026-09-17 22:24:58,19.86700000000002,53.59913177490235,15.661754499703646,996.78,0.0305
48.5,-54.0,2026-09-17 22:24:58,20.471000000000004,56.54913177490235,17.533754499703647,1004.41,0.099
48.5,-53.5,2026-09-17 22:24:58,20.227000000000032,57.44913177490235,19.675754499703647,1008.99,0.16
48.5,-53.0,2026-09-17 22:24:58,16.626000000000033,72.17413177490235,18.289754499703648,1017.03,0.7095
49.0,-125.5,2026-09-17 22:24:58,19.765000000000043,69.16240158081055,3.7122501530349257,975.75,0.0
49.0,-125.0,2026-09-17 22:24:58,17.618000000000052,78.86240158081056,4.4682501530349255,1000.47,0.0
49.0,-124.5,2026-09-17 22:24:58,20.515000000000043,38.11240158081055,3.622250153034926,925.16,0.0
49.0,-124.0,2026-09-17 22:24:58,20.18900000000002,52.56240158081055,4.090250153034925,936.92,0.0
49.0,-123.5,2026-09-17 22:24:58,15.162000000000035,82.18740158081056,20.632250153034924,1017.62,0.0
49.0,-123.0,2026-09-17 22:24:58,16.245000000000005,80.13740158081055,15.808250153034926,1017.3,0.0
49.0,-122.5,2026-09-17 22:24:58,24.06600000000003,43.06240158081055,6.826250153034926,1010.18,0.0
49.0,-122.0,2026-09-17 22:24:58,19.108000000000004,46.26240158081055,5.134250153034926,906.79,0.0
49.0,-121.5,2026-09-17 22:24:58,17.524,30.66240158081055,3.2082501530349257,830.19,0.0
49.0,-121.0,2026-09-17 22:24:58,20.132000000000005,28.512401580810547,3.2802501530349257,884.68,0.0
49.0,-120.5,2026-09-17 22:24:58,18.42700000000002,24.562401580810548,5.386250153034926,838.93,0.0305
49.0,-120.0,2026-09-17 22:24:58,14.333000000000027,33.70826950073242,4.053648013472557,796.55,0.0535
49.0,-119.5,2026-09-17 22:24:58,19.225000000000023,49.65826950073242,6.681648013472557,954.39,0.0
49.0,-119.0,2026-09-17 22:24:58,17.692000000000007,36.758269500732425,2.253648013472557,895.03,0.0
49.0,-118.5,2026-09-17 22:24:58,20.966000000000008,30.033269500732423,2.0916480134725575,937.6,0.0
49.0,-118.0,2026-09-17 22:24:58,19.937000000000012,32.95826950073242,3.513648013472557,892.85,0.0
49.0,-117.5,2026-09-17 22:24:58,16.922000000000025,51.733269500732426,3.441648013472557,890.69,0.0
49.0,-117.0,2026-09-17 22:24:58,14.75200000000001,43.53326950073242,2.865648013472557,823.87,0.0
49.0,-116.5,2026-09-17 22:24:58,19.94500000000005,45.53326950073242,5.799648013472557,955.16,0.0075
49.0,-116.0,2026-09-17 22:24:58,16.26600000000002,45.883269500732425,3.189648013472557,846.35,0.0
49.0,-115.5,2026-09-17 22:24:58,15.511000000000024,47.90826950073242,3.135648013472557,837.11,0.0
49.0,-115.0,2026-09-17 22:24:58,15.176000000000045,56.008269500732425,4.665648013472557,844.07,0.0
49.0,-114.5,2026-09-17 22:24:58,15.971000000000004,44.33326950073243,2.775648013472557,850.74,0.0
49.0,-114.0,2026-09-17 22:24:58,15.666000000000054,41.03326950073242,2.235648013472557,805.47,0.061
49.0,-113.5,2026-09-17 22:24:58,17.95300000000003,47.83326950073243,5.385648013472557,859.42,0.0685
49.0,-113.0,2026-09-17 22:24:58,18.751000000000033,39.65826950073242,5.871648013472557,870.13,0.038
49.0,-112.5,2026-09-17 22:24:58,17.78000000000003,59.133269500732425,1.5876480134725572,879.41,0.099
49.0,-112.0,2026-09-17 22:24:58,16.858000000000004,69.78326950073243,11.163648013472558,896.5,0.0685
49.0,-111.5,2026-09-17 22:24:58,18.96900000000005,58.508269500732425,3.7116480134725576,889.31,0.023
49.0,-111.0,2026-09-17 22:24:58,17.248000000000047,68.80826950073242,13.107648013472557,897.01,0.023
49.0,-110.5,2026-09-17 22:24:58,15.978000000000009,77.03326950073243,6.8256480134725575,918.25,0.099
49.0,-110.0,2026-09-17 22:24:58,16.882000000000005,64.37712936401367,9.528304793536664,921.48,0.0305
49.0,-109.5,2026-09-17 22:24:58,18.04600000000005,58.902129364013675,18.67230479353666,920.03,0.0075
49.0,-109.0,2026-09-17 22:24:58,19.02600000000001,52.20212936401367,22.632304793536665,913.76,0.0075
49.0,-108.5,2026-09-17 22:24:58,17.437000000000012,58.627129364013676,24.108304793536664,916.07,0.0075
49.0,-108.0,2026-09-17 22:24:58,17.378000000000043,59.05212936401367,24.072304793536667,925.02,0.0
49.0,-107.5,2026-09-17 22:24:58,17.997000000000014,55.95212936401367,22.866304793536663,927.62,0.0
49.0,-107.0,2026-09-17 22:24:58,17.311000000000035,56.60212936401368,23.298304793536662,927.14,0.183
49.0,-106.5,2026-09-17 22:24:58,16.101000000000056,58.027129364013675,26.28630479353666,915.93,0.244
49.0,-106.0,2026-09-17 22:24:58,16.13900000000001,57.67712936401367,24.576304793536664,922.37,0.038
49.0,-105.5,2026-09-17 22:24:58,16.39100000000002,59.85212936401368,23.676304793536666,931.58,0.038
49.0,-105.0,2026-09-17 22:24:58,15.499000000000024,70.27712936401367,24.288304793536664,939.0,0.252
49.0,-104.5,2026-09-17 22:24:58,17.680000000000007,55.42712936401367,24.162304793536663,942.23,0.107
49.0,-104.0,2026-09-17 22:24:58,18.298000000000002,50.502129364013676,23.820304793536664,946.37,0.0155
49.0,-103.5,2026-09-17 22:24:58,18.712000000000046,50.05212936401367,24.684304793536665,952.99,0.16
49.0,-103.0,2026-09-17 22:24:58,16.983000000000004,55.35212936401368,26.28630479353666,957.77,0.0305
49.0,-102.5,2026-09-17 22:24:58,16.997000000000014,53.10212936401368,24.396304793536665,956.7,0.0075
49.0,-102.0,2026-09-17 22:24:58,16.720000000000027,57.80212936401367,20.724304793536664,962.61,0.0685
49.0,-101.5,2026-09-17 22:24:58,17.168000000000006,60.252129364013676,17.952304793536666,968.72,0.313
49.0,-101.0,2026-09-17 22:24:58,17.710000000000036,61.42712936401367,14.244304793536664,973.68,0.145
49.0,-100.5,2026-09-17 22:24:58,16.850000000000023,45.97712936401368,11.238304793536663,949.37,0.7475
49.0,-100.0,2026-09-17 22:24:58,15.674000000000035,53.17712936401367,13.452304793536664,945.56,1.877
49.0,-99.5,2026-09-17 22:24:58,16.661,59.95212936401367,10.536304793536663,967.77,2.3575
49.0,-99.0,2026-09-17 22:24:58,16.973000000000013,58.57712936401367,8.538304793536664,971.93,2.815
49.0,-98.5,2026-09-17 22:24:58,16.503000000000043,61.57712936401367,6.900304793536663,972.91,1.7395
49.0,-98.0,2026-09-17 22:24:58,16.78800000000001,62.027129364013675,5.190304793536663,991.09,2.136
49.0,-97.5,2026-09-17 22:24:58,17.949000000000012,54.47712936401368,4.3983047935366635,998.51,1.442
49.0,-97.0,2026-09-17 22:24:58,16.94500000000005,65.10212936401368,4.758304793536664,998.0,1.1445
49.0,-96.5,2026-09-17 22:24:58,16.841000000000008,61.402129364013675,4.236304793536664,991.47,0.0685
49.0,-96.0,2026-09-17 22:24:58,17.904000000000053,50.97712936401368,2.994304793536663,989.19,0.244
49.0,-95.5,2026-09-17 22:24:58,16.80000000000001,58.95212936401367,3.570304793536663,988.17,1.1675
49.0,-94.5,2026-09-17 22:24:58,14.812000000000012,65.94779663085937,12.248255240142345,989.62,0.5875
49.0,-94.0,2026-09-17 22:24:58,15.578000000000031,60.72279663085938,7.532255240142346,985.28,1.1520000000000001
49.0,-93.5,2026-09-17 22:24:58,15.170000000000016,64.24779663085938,11.438255240142345,984.16,0.9460000000000001
49.0,-93.0,2026-09-17 22:24:58,15.523000000000025,61.397796630859375,8.018255240142345,977.7,0.847
49.0,-92.5,2026-09-17 22:24:58,15.880000000000052,58.32279663085938,8.378255240142346,980.47,1.381
49.0,-92.0,2026-09-17 22:24:58,14.656000000000006,66.72279663085938,13.760255240142346,974.85,0.679
49.0,-91.5,2026-09-17 22:24:58,15.14100000000002,61.94779663085938,9.908255240142346,971.05,0.122
49.0,-91.0,2026-09-17 22:24:58,15.79600000000005,58.94779663085938,9.044255240142345,970.97,0.1295
49.0,-90.5,2026-09-17 22:24:58,14.864000000000033,66.97279663085938,10.394255240142346,969.52,1.198
49.0,-90.0,2026-09-17 22:24:58,14.291000000000054,67.74779663085938,17.108255240142345,969.43,1.7015
49.0,-89.5,2026-09-17 22:24:58,16.025000000000034,58.022796630859375,11.024255240142347,970.26,1.19
49.0,-89.0,2026-09-17 22:24:58,16.024,59.397796630859375,10.484255240142346,971.95,0.41200000000000003
49.0,-88.5,2026-09-17 22:24:58,16.30400000000003,59.772796630859375,7.7302552401423466,986.2,0.145
49.0,-88.0,2026-09-17 22:24:58,16.176000000000045,60.29779663085938,9.818255240142346,985.44,0.0
49.0,-87.5,2026-09-17 22:24:58,17.146000000000015,56.67279663085938,8.072255240142345,979.0,0.3585
49.0,-87.0,2026-09-17 22:24:58,16.718000000000018,62.497796630859376,7.640255240142345,977.98,0.3585
49.0,-86.5,2026-09-17 22:24:58,17.105000000000018,60.29779663085938,6.974255240142345,988.41,0.267
49.0,-86.0,2026-09-17 22:24:58,16.998000000000047,62.97279663085938,9.476255240142345,985.96,0.0
49.0,-85.5,2026-09-17 22:24:58,15.321000000000026,75.72279663085938,8.000255240142346,979.55,0.0
49.0,-85.0,2026-09-17 22:24:58,14.884000000000015,74.82279663085937,11.348255240142347,979.94,0.0
49.0,-84.5,2026-09-17 22:24:58,15.616000000000042,72.47279663085938,10.574255240142346,983.31,0.0
49.0,-84.0,2026-09-17 22:24:58,16.209000000000003,73.72279663085938,10.070255240142346,980.73,0.0
49.0,-83.5,2026-09-17 22:24:58,16.477000000000032,73.34779663085938,9.440255240142346,988.23,0.0
49.0,-83.0,2026-09-17 22:24:58,14.250000000000057,78.49779663085938,10.358255240142347,990.92,0.0
49.0,-82.5,2026-09-17 22:24:58,15.411000000000001,72.84779663085938,12.050255240142345,989.09,0.0
49.0,-82.0,2026-09-17 22:24:58,15.967000000000041,66.42279663085938,9.404255240142346,989.96,0.0075
49.0,-81.5,2026-09-17 22:24:58,17.911,58.022796630859375,10.484255240142346,990.15,0.0075
49.0,-81.0,2026-09-17 22:24:58,18.400000000000034,52.747796630859376,10.016255240142346,989.66,0.0075
49.0,-80.5,2026-09-17 22:24:58,18.263000000000034,49.09779663085938,10.772255240142346,987.07,0.0075
49.0,-80.0,2026-09-17 22:24:58,17.375000000000057,52.44779663085938,10.016255240142346,984.27,0.0305
49.0,-79.5,2026-09-17 22:24:58,17.227000000000032,61.34779663085938,10.592255240142347,983.52,0.0155
49.0,-79.0,2026-09-17 22:24:58,16.825000000000045,67.77279663085938,12.878255240142346,985.85,0.0
49.0,-78.5,2026-09-17 22:24:58,17.204000000000008,64.37279663085938,9.854255240142345,983.45,0.0
49.0,-78.0,2026-09-17 22:24:58,16.244000000000028,65.84779663085938,6.308255240142345,986.16,0.0
49.0,-77.5,2026-09-17 22:24:58,15.969000000000051,64.92279663085938,6.290255240142346,987.05,0.0075
49.0,-77.0,2026-09-17 22:24:58,16.747000000000014,59.94779663085938,6.308255240142345,987.79,0.038
49.0,-76.5,2026-09-17 22:24:58,15.30800000000005,65.02279663085938,5.156255240142346,976.02,0.0075
49.0,-76.0,2026-09-17 22:24:58,14.646000000000015,66.59779663085938,5.588255240142345,973.95,0.0
49.0,-75.5,2026-09-17 22:24:58,14.144000000000005,67.27279663085938,6.380255240142345,976.43,0.0
49.0,-75.0,2026-09-17 22:24:58,14.518000000000029,61.647796630859375,6.308255240142345,964.73,0.0
49.0,-74.5,2026-09-17 22:24:58,14.496000000000038,61.897796630859375,5.210255240142346,969.33,0.0
49.0,-74.0,2026-09-17 22:24:58,14.625000000000057,60.397796630859375,3.6802552401423454,969.92,0.0
49.0,-73.5,2026-09-17 22:24:58,12.880000000000052,64.14779663085938,5.444255240142345,970.27,0.0
49.0,-73.0,2026-09-17 22:24:58,13.26400000000001,58.147796630859375,3.1042552401423458,988.05,0.0
49.0,-72.5,2026-09-17 22:24:58,13.811000000000035,50.372796630859376,2.726255240142345,1001.4,0.0
49.0,-72.0,2026-09-17 22:24:58,11.557000000000016,57.07279663085938,1.7722552401423455,997.87,0.0075
49.0,-71.5,2026-09-17 22:24:58,10.729000000000042,64.94779663085937,1.7362552401423454,989.77,0.0155
49.0,-71.0,2026-09-17 22:24:58,9.975000000000023,68.82279663085937,1.6822552401423454,974.82,0.046
49.0,-70.5,2026-09-17 22:24:58,9.333000000000027,70.09779663085938,4.814255240142345,954.73,0.1375
49.0,-70.0,2026-09-17 22:24:58,11.081000000000017,60.59779663085938,5.498255240142346,958.2,0.0535
49.0,-69.5,2026-09-17 22:24:58,12.75200000000001,52.022796630859375,4.526255240142346,973.95,0.0305
49.0,-69.0,2026-09-17 22:24:58,14.821000000000026,49.94779663085938,0.7282552401423454,1003.52,0.0
49.0,-68.5,2026-09-17 22:24:58,9.91900000000004,78.94779663085939,10.160255240142346,1024.84,0.0
49.0,-67.0,2026-09-17 22:24:58,10.01600000000002,81.42413177490235,5.437754499703646,1025.34,0.0
49.0,-66.5,2026-09-17 22:24:58,13.29400000000004,52.47413177490235,6.4457544997036464,996.4,0.0
49.0,-66.0,2026-09-17 22:24:58,8.399000000000001,58.47413177490235,11.989754499703647,905.25,0.038
49.0,-65.5,2026-09-17 22:24:58,11.30600000000004,50.34913177490235,8.443754499703648,947.13,0.0
49.0,-65.0,2026-09-17 22:24:58,11.984000000000037,53.72413177490235,8.731754499703646,963.91,0.0
49.0,-64.5,2026-09-17 22:24:58,12.602000000000032,59.649131774902344,11.773754499703646,996.1,0.0685
49.0,-62.0,2026-09-17 22:24:58,12.648000000000025,79.54913177490235,23.149754499703647,1022.66,0.0
49.0,-58.5,2026-09-17 22:24:58,14.050000000000011,67.79913177490235,20.431754499703647,1015.67,0.0
49.0,-58.0,2026-09-17 22:24:58,14.852000000000032,61.399131774902344,20.37775449970365,1006.77,0.0075
49.0,-57.5,2026-09-17 22:24:58,14.02800000000002,57.749131774902345,18.757754499703648,980.7,0.0155
49.0,-57.0,2026-09-17 22:24:58,14.924000000000035,55.04913177490235,24.193754499703644,981.54,0.0155
49.0,-56.5,2026-09-17 22:24:58,16.609000000000037,52.59913177490235,18.091754499703647,987.32,0.0075
49.0,-56.0,2026-09-17 22:24:58,18.970000000000027,44.97413177490235,16.111754499703647,1001.35,0.0
49.0,-55.5,2026-09-17 22:24:58,19.29200000000003,50.22413177490235,17.011754499703645,1011.9,0.0155
49.0,-55.0,2026-09-17 22:24:58,18.716000000000008,51.999131774902345,16.255754499703645,999.32,0.0075
49.0,-54.5,2026-09-17 22:24:58,19.218000000000018,56.774131774902344,15.103754499703648,1004.92,0.0
49.0,-54.0,2026-09-17 22:24:58,20.40500000000003,51.54913177490235,16.543754499703645,1010.37,0.0075
49.0,-53.5,2026-09-17 22:24:58,15.866000000000042,72.69913177490234,19.711754499703645,1016.71,0.0
49.5,-126.5,2026-09-17 22:24:58,19.507000000000005,55.61240158081055,4.162250153034925,991.54,0.0
49.5,-126.0,2026-09-17 22:24:58,21.680000000000007,48.56240158081055,4.144250153034926,957.11,0.0
49.5,-125.5,2026-09-17 22:24:58,18.722000000000037,37.76240158081055,2.2542501530349255,871.56,0.0
49.5,-125.0,2026-09-17 22:24:58,20.26400000000001,43.61240158081055,1.0662501530349255,898.4,0.0
49.5,-124.5,2026-09-17 22:24:58,14.520000000000039,80.71240158081055,13.396250153034927,1018.33,0.0
49.5,-124.0,2026-09-17 22:24:58,14.854000000000042,83.23740158081056,16.582250153034927,1017.75,0.0
49.5,-123.5,2026-09-17 22:24:58,16.838000000000022,81.91240158081055,2.992250153034926,989.75,0.038
49.5,-123.0,2026-09-17 22:24:58,22.451000000000022,42.48740158081055,3.2802501530349257,914.78,0.0
49.5,-122.5,2026-09-17 22:24:58,20.30600000000004,39.48740158081055,3.2982501530349255,942.9,0.0075
49.5,-122.0,2026-09-17 22:24:58,23.456000000000017,23.48740158081055,2.956250153034926,926.71,0.0075
49.5,-121.5,2026-09-17 22:24:58,20.41700000000003,35.61240158081055,2.4702501530349257,915.35,0.0
49.5,-121.0,2026-09-17 22:24:58,17.54400000000004,28.48740158081055,4.612250153034926,852.76,0.0
49.5,-120.5,2026-09-17 22:24:58,21.936000000000035,28.46240158081055,3.0462501530349257,926.55,0.0
49.5,-120.0,2026-09-17 22:24:58,16.396000000000015,27.033269500732423,2.9916480134725574,831.3,0.0
49.5,-119.5,2026-09-17 22:24:58,15.310000000000002,62.33326950073243,4.773648013472557,894.18,0.0
49.5,-119.0,2026-09-17 22:24:58,17.34200000000004,45.68326950073242,3.099648013472557,890.81,0.0
49.5,-118.5,2026-09-17 22:24:58,16.769000000000005,44.08326950073243,3.4236480134725573,877.17,0.0
49.5,-118.0,2026-09-17 22:24:58,13.449000000000012,58.858269500732426,3.9096480134725575,851.71,0.0
49.5,-117.5,2026-09-17 22:24:58,16.819000000000017,46.858269500732426,2.469648013472557,900.54,0.0
49.5,-117.0,2026-09-17 22:24:58,14.249000000000024,51.983269500732426,0.8136480134725571,802.71,0.0
49.5,-116.5,2026-09-17 22:24:58,13.182000000000016,44.233269500732426,1.425648013472557,798.05,0.0
49.5,-116.0,2026-09-17 22:24:58,13.56800000000004,47.03326950073242,4.377648013472557,824.12,0.0
49.5,-115.5,2026-09-17 22:24:58,18.41300000000001,45.95826950073243,4.287648013472557,926.56,0.061
49.5,-115.0,2026-09-17 22:24:58,15.453000000000031,38.358269500732426,2.3796480134725573,854.53,0.0075
49.5,-114.5,2026-09-17 22:24:58,15.719000000000051,39.78326950073242,2.181648013472557,829.76,0.0
49.5,-114.0,2026-09-17 22:24:58,18.825000000000045,41.633269500732425,4.773648013472557,884.63,0.0
49.5,-113.5,2026-09-17 22:24:58,18.64100000000002,38.83326950073243,3.189648013472557,886.1,0.099
49.5,-113.0,2026-09-17 22:24:58,17.588000000000022,57.80826950073242,2.757648013472557,906.48,0.0
49.5,-112.5,2026-09-17 22:24:58,18.265000000000043,50.108269500732426,3.441648013472557,911.18,0.0
49.5,-112.0,2026-09-17 22:24:58,18.68300000000005,59.633269500732425,5.943648013472557,910.96,0.0
49.5,-111.5,2026-09-17 22:24:58,18.460000000000036,66.68326950073242,10.047648013472557,919.13,0.0
49.5,-111.0,2026-09-17 22:24:58,17.390000000000043,70.10826950073242,14.241648013472558,920.75,0.0
49.5,-110.5,2026-09-17 22:24:58,17.233000000000004,61.008269500732425,14.475648013472558,891.9,0.0305
49.5,-110.0,2026-09-17 22:24:58,14.955000000000041,70.37712936401367,15.576304793536664,885.87,0.0
49.5,-109.5,2026-09-17 22:24:58,17.077000000000055,61.92712936401367,18.582304793536665,901.77,0.0
49.5,-109.0,2026-09-17 22:24:58,16.584000000000003,65.27712936401367,20.382304793536665,903.62,0.099
49.5,-108.5,2026-09-17 22:24:58,16.852000000000032,60.45212936401367,26.772304793536666,906.7,0.0535
49.5,-108.0,2026-09-17 22:24:58,16.605000000000018,60.152129364013675,26.880304793536663,913.55,0.252
49.5,-107.5,2026-09-17 22:24:58,17.87900000000002,51.22712936401368,23.208304793536666,924.4,0.1985
49.5,-107.0,2026-09-17 22:24:58,18.44300000000004,44.902129364013675,23.856304793536665,929.3,0.20600000000000002
49.5,-106.5,2026-09-17 22:24:58,18.340000000000032,42.10212936401368,23.262304793536664,931.91,0.74
49.5,-106.0,2026-09-17 22:24:58,17.313000000000045,46.002129364013676,23.928304793536665,932.79,1.8845
49.5,-105.5,2026-09-17 22:24:58,15.241000000000042,61.002129364013676,24.432304793536666,935.07,1.709
49.5,-105.0,2026-09-17 22:24:58,16.551000000000045,51.72712936401368,24.576304793536664,938.37,1.709
49.5,-104.5,2026-09-17 22:24:58,16.53400000000005,52.652129364013675,25.152304793536665,944.88,1.2590000000000001
49.5,-104.0,2026-09-17 22:24:58,16.102000000000032,59.67712936401367,23.478304793536665,954.32,1.442
49.5,-103.5,2026-09-17 22:24:58,17.150000000000034,56.10212936401368,24.720304793536666,956.21,1.129
49.5,-103.0,2026-09-17 22:24:58,16.73100000000005,57.502129364013676,24.342304793536663,955.42,1.137
49.5,-102.5,2026-09-17 22:24:58,16.55200000000002,59.45212936401367,22.452304793536666,955.85,3.044
49.5,-102.0,2026-09-17 22:24:58,16.236000000000047,61.10212936401368,19.590304793536664,955.6,4.837
49.5,-101.5,2026-09-17 22:24:58,16.04000000000002,66.55212936401368,15.162304793536663,962.5,3.975
49.5,-101.0,2026-09-17 22:24:58,17.150000000000034,65.90212936401367,11.112304793536664,974.76,3.8755
49.5,-100.5,2026-09-17 22:24:58,17.940000000000055,58.127129364013676,9.852304793536662,976.03,2.9375
49.5,-100.0,2026-09-17 22:24:58,16.954000000000008,66.90212936401367,9.258304793536663,973.55,3.914
49.5,-99.5,2026-09-17 22:24:58,16.17500000000001,66.87712936401367,7.566304793536664,979.62,2.6705
49.5,-99.0,2026-09-17 22:24:58,16.50600000000003,67.00212936401367,5.820304793536663,978.77,2.083
49.5,-98.5,2026-09-17 22:24:58,15.136000000000024,70.55212936401368,8.052304793536663,974.67,1.877
49.5,-98.0,2026-09-17 22:24:58,16.923000000000002,64.05212936401368,7.008304793536664,996.43,3.9215
49.5,-97.5,2026-09-17 22:24:58,17.30000000000001,63.10212936401368,5.766304793536663,999.84,2.533
49.5,-97.0,2026-09-17 22:24:58,16.25600000000003,71.55212936401368,5.766304793536663,999.8,2.7925
49.5,-96.5,2026-09-17 22:24:58,15.978000000000009,69.70212936401367,6.144304793536664,994.18,1.091
49.5,-96.0,2026-09-17 22:24:58,16.535000000000025,60.95212936401367,5.9463047935366635,989.4,0.8315
49.5,-95.5,2026-09-17 22:24:58,15.40300000000002,67.75212936401367,6.378304793536664,987.66,1.0755000000000001
49.5,-95.0,2026-09-17 22:24:58,12.79000000000002,81.99779663085938,8.144255240142346,989.95,1.602
49.5,-94.5,2026-09-17 22:24:58,13.088000000000022,81.72279663085938,9.782255240142346,989.06,2.0065
49.5,-94.0,2026-09-17 22:24:58,14.148000000000025,74.07279663085937,6.452255240142345,985.56,1.7625
49.5,-93.5,2026-09-17 22:24:58,13.851000000000056,73.37279663085938,7.4242552401423465,982.7,2.35
49.5,-93.0,2026-09-17 22:24:58,13.455000000000041,72.64779663085938,9.296255240142347,982.1,1.8005
49.5,-92.5,2026-09-17 22:24:58,13.394000000000005,70.64779663085938,9.548255240142346,978.59,1.1065
49.5,-92.0,2026-09-17 22:24:58,13.821000000000026,66.67279663085938,10.520255240142346,973.79,0.839
49.5,-91.5,2026-09-17 22:24:58,13.789000000000044,67.32279663085937,13.112255240142344,975.02,0.2595
49.5,-91.0,2026-09-17 22:24:58,13.987000000000023,64.59779663085938,11.258255240142347,972.28,0.107
49.5,-90.5,2026-09-17 22:24:58,14.059000000000026,64.14779663085938,12.050255240142345,970.66,0.17550000000000002
49.5,-90.0,2026-09-17 22:24:58,14.06800000000004,64.77279663085938,16.964255240142347,971.32,0.557
49.5,-89.5,2026-09-17 22:24:58,15.105000000000018,57.34779663085938,13.724255240142346,972.62,0.7705
49.5,-89.0,2026-09-17 22:24:58,16.303000000000054,58.622796630859376,16.820255240142345,991.98,0.6255000000000001
49.5,-88.5,2026-09-17 22:24:58,15.244000000000028,64.22279663085938,16.010255240142346,991.77,0.74
49.5,-88.0,2026-09-17 22:24:58,14.150000000000034,64.47279663085938,13.148255240142346,978.66,1.5565
49.5,-87.5,2026-09-17 22:24:58,14.79200000000003,61.32279663085938,14.678255240142345,973.91,0.931
49.5,-87.0,2026-09-17 22:24:58,15.314000000000021,61.84779663085938,13.490255240142345,975.91,1.053
49.5,-86.5,2026-09-17 22:24:58,16.47800000000001,54.82279663085938,12.734255240142346,979.64,0.931
49.5,-86.0,2026-09-17 22:24:58,17.11700000000002,53.69779663085938,12.680255240142346,982.23,0.6105
49.5,-85.5,2026-09-17 22:24:58,16.712000000000046,60.54779663085938,11.240255240142345,984.62,0.41200000000000003
49.5,-85.0,2026-09-17 22:24:58,16.607000000000028,62.17279663085938,11.492255240142347,985.15,0.084
49.5,-84.5,2026-09-17 22:24:58,16.27000000000004,65.34779663085938,11.672255240142345,987.49,0.0
49.5,-84.0,2026-09-17 22:24:58,16.902000000000044,64.02279663085938,10.394255240142346,989.41,0.0
49.5,-83.5,2026-09-17 22:24:58,16.524,66.72279663085938,9.764255240142345,990.52,0.0
49.5,-83.0,2026-09-17 22:24:58,17.412000000000035,60.897796630859375,10.304255240142346,993.4,0.0
49.5,-82.5,2026-09-17 22:24:58,17.25200000000001,61.04779663085938,9.494255240142346,995.9,0.0
49.5,-82.0,2026-09-17 22:24:58,16.463000000000022,65.52279663085938,10.448255240142347,994.52,0.0
49.5,-81.5,2026-09-17 22:24:58,15.233000000000004,68.59779663085938,11.240255240142345,993.83,0.0
49.5,-81.0,2026-09-17 22:24:58,15.408000000000015,64.89779663085938,12.194255240142345,989.04,0.0
49.5,-80.5,2026-09-17 22:24:58,16.650000000000034,55.372796630859376,12.338255240142345,988.02,0.0
49.5,-80.0,2026-09-17 22:24:58,17.58000000000004,49.42279663085938,12.500255240142346,985.8,0.0
49.5,-79.5,2026-09-17 22:24:58,18.149,60.272796630859375,11.060255240142347,988.81,0.0
49.5,-79.0,2026-09-17 22:24:58,18.027000000000044,59.34779663085938,10.520255240142346,988.03,0.0
49.5,-78.5,2026-09-17 22:24:58,17.807000000000016,58.69779663085938,9.116255240142346,985.87,0.0
49.5,-78.0,2026-09-17 22:24:58,17.310000000000002,60.272796630859375,7.4242552401423465,989.11,0.0
49.5,-77.5,2026-09-17 22:24:58,16.755000000000052,59.397796630859375,7.766255240142345,988.41,0.0
49.5,-77.0,2026-09-17 22:24:58,15.341000000000008,64.19779663085937,7.154255240142346,975.7,0.0
49.5,-76.5,2026-09-17 22:24:58,14.024000000000001,66.82279663085937,6.434255240142346,990.67,0.0
49.5,-76.0,2026-09-17 22:24:58,15.30400000000003,59.872796630859376,5.858255240142346,985.5,0.0
49.5,-75.5,2026-09-17 22:24:58,13.782000000000039,65.52279663085938,4.202255240142345,981.54,0.0
49.5,-75.0,2026-09-17 22:24:58,13.689000000000021,62.147796630859375,4.400255240142346,980.97,0.0075
49.5,-74.5,2026-09-17 22:24:58,11.986000000000047,66.52279663085938,4.976255240142346,978.45,0.0
49.5,-74.0,2026-09-17 22:24:58,11.769000000000005,62.522796630859375,4.166255240142346,974.59,0.0
49.5,-73.5,2026-09-17 22:24:58,10.912000000000035,65.04779663085938,3.9142552401423454,976.73,0.0
49.5,-73.0,2026-09-17 22:24:58,10.551000000000045,62.647796630859375,4.436255240142345,966.77,0.0
49.5,-72.5,2026-09-17 22:24:58,11.393000000000029,58.32279663085938,3.1582552401423456,984.01,0.0
49.5,-72.0,2026-09-17 22:24:58,11.166000000000054,54.522796630859375,2.2402552401423454,986.64,0.0155
49.5,-71.5,2026-09-17 22:24:58,10.283000000000015,56.07279663085938,1.2862552401423455,977.58,0.267
49.5,-71.0,2026-09-17 22:24:58,10.51600000000002,57.19779663085938,2.636255240142346,972.19,0.2595
49.5,-70.5,2026-09-17 22:24:58,9.513000000000034,61.59779663085938,4.544255240142346,968.21,0.145
49.5,-70.0,2026-09-17 22:24:58,9.750000000000057,62.272796630859375,4.346255240142345,966.71,0.061
49.5,-69.5,2026-09-17 22:24:58,10.783000000000015,56.497796630859376,3.9142552401423454,966.7,0.0
49.5,-69.0,2026-09-17 22:24:58,11.715000000000032,51.09779663085938,6.092255240142346,979.17,0.0
49.5,-68.5,2026-09-17 22:24:58,12.039000000000044,48.44779663085938,4.202255240142345,978.65,0.0
49.5,-68.0,2026-09-17 22:24:58,11.773000000000025,47.44779663085938,2.8522552401423455,982.98,0.0
49.5,-67.5,2026-09-17 22:24:58,12.376000000000033,55.774131774902344,2.7557544997036456,993.88,0.0075
49.5,-63.5,2026-09-17 22:24:58,13.517000000000053,52.749131774902345,11.863754499703646,1010.94,0.0075
49.5,-63.0,2026-09-17 22:24:58,13.323000000000036,50.42413177490235,10.063754499703647,1000.06,0.0
49.5,-62.5,2026-09-17 22:24:58,14.027000000000044,48.999131774902345,10.621754499703647,1008.23,0.0
49.5,-58.0,2026-09-17 22:24:58,11.951000000000022,69.34913177490235,18.23575449970365,977.62,0.0
49.5,-57.5,2026-09-17 22:24:58,12.198000000000036,62.024131774902344,18.325754499703645,956.63,0.0075
49.5,-57.0,2026-09-17 22:24:58,16.423000000000002,51.97413177490235,14.725754499703646,999.88,0.0
49.5,-56.5,2026-09-17 22:24:58,16.624000000000024,51.34913177490235,16.813754499703645,994.89,0.0
49.5,-56.0,2026-09-17 22:24:58,16.825000000000045,54.874131774902345,22.231754499703644,1008.34,0.0
49.5,-55.5,2026-09-17 22:24:58,15.747000000000014,65.47413177490235,19.477754499703646,1017.02,0.0
49.5,-55.0,2026-09-17 22:24:58,14.65100000000001,79.17413177490235,16.615754499703648,1017.08,0.0535
49.5,-54.5,2026-09-17 22:24:58,15.222000000000037,74.42413177490235,20.341754499703647,1016.95,0.0075
49.5,-54.0,2026-09-17 22:24:58,14.277000000000044,79.89913177490234,23.77975449970365,1016.91,0.0
50.0,-127.5,2026-09-17 22:24:58,16.079000000000008,77.51240158081055,15.772250153034927,1018.32,0.0
50.0,-127.0,2026-09-17 22:24:58,20.688000000000045,45.41240158081055,5.044250153034926,967.31,0.0
50.0,-126.5,2026-09-17 22:24:58,18.596000000000004,51.33740158081055,3.2082501530349257,914.57,0.0
50.0,-126.0,2026-09-17 22:24:58,19.366000000000042,50.48740158081055,0.5622501530349255,918.96,0.0
50.0,-125.5,2026-09-17 22:24:58,19.34200000000004,51.13740158081055,3.2082501530349257,987.86,0.0
50.0,-125.0,2026-09-17 22:24:58,15.392000000000053,78.11240158081056,12.064250153034926,1018.24,0.0
50.0,-124.5,2026-09-17 22:24:58,18.975000000000023,68.51240158081055,3.802250153034925,991.57,0.0
50.0,-124.0,2026-09-17 22:24:58,19.36500000000001,61.18740158081055,2.992250153034926,978.51,0.0
50.0,-123.5,2026-09-17 22:24:58,17.92900000000003,50.33740158081055,2.2542501530349255,870.89,0.0
50.0,-123.0,2026-09-17 22:24:58,14.55800000000005,59.63740158081055,3.964250153034926,829.52,0.0
50.0,-122.5,2026-09-17 22:24:58,23.548000000000002,33.01240158081055,1.8042501530349255,956.87,0.0
50.0,-122.0,2026-09-17 22:24:58,19.482000000000028,30.11240158081055,4.144250153034926,867.36,0.0075
50.0,-121.5,2026-09-17 22:24:58,24.863000000000056,24.08740158081055,0.7242501530349255,967.71,0.0155
50.0,-121.0,2026-09-17 22:24:58,19.245000000000005,32.46240158081055,1.9482501530349257,902.82,0.061
50.0,-120.5,2026-09-17 22:24:58,18.712000000000046,35.23740158081055,5.008250153034926,895.6,0.023
50.0,-120.0,2026-09-17 22:24:58,17.25200000000001,30.433269500732422,3.333648013472557,860.67,0.0
50.0,-119.5,2026-09-17 22:24:58,17.36700000000002,47.33326950073243,4.197648013472557,934.92,0.0
50.0,-119.0,2026-09-17 22:24:58,15.418000000000006,42.40826950073242,5.3496480134725575,834.87,0.0
50.0,-118.5,2026-09-17 22:24:58,13.92100000000005,44.65826950073242,4.251648013472558,833.1,0.0
50.0,-118.0,2026-09-17 22:24:58,14.615000000000009,61.508269500732425,3.3516480134725573,868.68,0.0
50.0,-117.5,2026-09-17 22:24:58,10.937000000000012,67.58326950073243,3.0636480134725574,792.15,0.0
50.0,-117.0,2026-09-17 22:24:58,13.352000000000032,61.30826950073242,2.901648013472557,833.6,0.0
50.0,-116.5,2026-09-17 22:24:58,10.659000000000049,57.008269500732425,1.5336480134725572,783.48,0.038
50.0,-116.0,2026-09-17 22:24:58,12.618000000000052,57.108269500732426,4.089648013472558,805.85,0.0
50.0,-115.5,2026-09-17 22:24:58,14.986000000000047,45.58326950073243,3.963648013472557,839.54,0.0
50.0,-115.0,2026-09-17 22:24:58,12.537000000000035,61.15826950073242,3.333648013472557,800.96,0.0
50.0,-114.5,2026-09-17 22:24:58,15.91500000000002,31.758269500732425,3.9456480134725576,818.23,0.0
50.0,-114.0,2026-09-17 22:24:58,18.23100000000005,41.53326950073242,3.045648013472557,868.82,0.0
50.0,-113.5,2026-09-17 22:24:58,17.245000000000005,63.45826950073243,2.397648013472557,902.07,0.0765
50.0,-113.0,2026-09-17 22:24:58,16.91500000000002,58.358269500732426,4.863648013472557,903.82,0.0
50.0,-112.5,2026-09-17 22:24:58,17.67900000000003,45.78326950073242,1.2456480134725572,923.44,0.0
50.0,-112.0,2026-09-17 22:24:58,16.057000000000016,59.80826950073242,5.673648013472557,927.14,0.0
50.0,-111.5,2026-09-17 22:24:58,17.936000000000035,65.08326950073243,11.613648013472558,928.82,0.0155
50.0,-111.0,2026-09-17 22:24:58,18.989000000000033,59.08326950073243,16.20364801347256,929.96,0.0
50.0,-110.5,2026-09-17 22:24:58,22.013000000000034,47.20826950073243,10.857648013472557,932.02,0.0
50.0,-110.0,2026-09-17 22:24:58,20.05200000000002,64.57712936401367,5.730304793536663,933.34,0.0
50.0,-109.5,2026-09-17 22:24:58,19.685000000000002,56.652129364013675,17.628304793536664,930.96,0.0
50.0,-109.0,2026-09-17 22:24:58,19.908000000000015,51.70212936401367,23.352304793536664,929.54,0.038
50.0,-108.5,2026-09-17 22:24:58,17.334000000000003,59.502129364013676,33.88230479353666,914.73,0.061
50.0,-108.0,2026-09-17 22:24:58,16.888000000000034,58.127129364013676,28.428304793536665,921.23,0.28250000000000003
50.0,-107.5,2026-09-17 22:24:58,17.771000000000015,49.502129364013676,23.730304793536664,923.15,0.7095
50.0,-107.0,2026-09-17 22:24:58,18.507000000000005,44.20212936401367,20.976304793536663,936.85,1.0225
50.0,-106.5,2026-09-17 22:24:58,17.81600000000003,45.752129364013676,23.820304793536664,941.33,1.2435
50.0,-106.0,2026-09-17 22:24:58,16.888000000000034,48.877129364013676,23.622304793536667,944.38,1.564
50.0,-105.5,2026-09-17 22:24:58,15.886000000000024,48.377129364013676,24.864304793536665,930.12,2.8765
50.0,-105.0,2026-09-17 22:24:58,17.648000000000025,43.877129364013676,25.332304793536665,953.48,3.7385
50.0,-104.5,2026-09-17 22:24:58,16.321000000000026,52.902129364013675,24.972304793536665,956.45,6.3935
50.0,-104.0,2026-09-17 22:24:58,16.102000000000032,57.777129364013675,21.876304793536665,956.26,10.9635
50.0,-103.5,2026-09-17 22:24:58,16.134000000000015,58.30212936401367,21.678304793536665,950.47,17.5475
50.0,-103.0,2026-09-17 22:24:58,16.04400000000004,60.777129364013675,21.49830479353666,947.51,19.783
50.0,-102.5,2026-09-17 22:24:58,15.878000000000043,56.252129364013676,21.732304793536663,943.17,21.3625
50.0,-102.0,2026-09-17 22:24:58,16.17100000000005,61.252129364013676,15.720304793536664,950.3,10.521
50.0,-101.5,2026-09-17 22:24:58,15.827000000000055,68.67712936401368,13.290304793536663,961.09,6.7825
50.0,-101.0,2026-09-17 22:24:58,16.239000000000033,68.25212936401367,11.382304793536663,971.16,7.515000000000001
50.0,-100.5,2026-09-17 22:24:58,16.201000000000022,70.87712936401367,11.022304793536664,974.53,7.2250000000000005
50.0,-100.0,2026-09-17 22:24:58,15.755000000000052,70.45212936401367,12.768304793536663,973.03,7.835500000000001
50.0,-99.5,2026-09-17 22:24:58,15.886000000000024,70.22712936401368,9.996304793536662,981.69,9.8955
50.0,-99.0,2026-09-17 22:24:58,15.65100000000001,69.57712936401367,9.060304793536664,990.84,6.3325000000000005
50.0,-98.5,2026-09-17 22:24:58,15.983000000000004,67.97712936401368,5.730304793536663,997.31,5.539
50.0,-98.0,2026-09-17 22:24:58,17.495000000000005,57.95212936401367,6.486304793536664,998.16,4.7685
50.0,-97.5,2026-09-17 22:24:58,17.334000000000003,53.42712936401367,9.042304793536664,999.05,4.1275
50.0,-97.0,2026-09-17 22:24:58,16.176000000000045,65.60212936401368,9.816304793536665,1000.53,3.6695
50.0,-96.5,2026-09-17 22:24:58,15.648000000000025,70.05212936401368,9.096304793536664,997.86,3.952
50.0,-96.0,2026-09-17 22:24:58,15.083000000000027,68.27712936401367,9.708304793536662,995.22,3.044
50.0,-95.5,2026-09-17 22:24:58,14.071000000000026,69.92712936401368,9.960304793536665,990.32,3.3495
50.0,-95.0,2026-09-17 22:24:58,14.102000000000032,69.67279663085938,7.064255240142345,986.37,2.7465
50.0,-94.5,2026-09-17 22:24:58,14.350000000000023,64.47279663085938,7.190255240142346,987.05,4.0205
50.0,-94.0,2026-09-17 22:24:58,13.142000000000053,69.52279663085938,8.522255240142346,978.77,2.2355
50.0,-93.5,2026-09-17 22:24:58,13.614000000000033,68.29779663085938,7.244255240142346,985.74,0.7325
50.0,-93.0,2026-09-17 22:24:58,12.842000000000041,68.04779663085938,7.820255240142346,980.35,0.618
50.0,-92.5,2026-09-17 22:24:58,12.06800000000004,67.77279663085938,9.098255240142347,978.16,0.427
50.0,-92.0,2026-09-17 22:24:58,12.047000000000025,70.14779663085938,15.866255240142346,982.87,0.183
50.0,-91.5,2026-09-17 22:24:58,12.050000000000011,67.82279663085937,12.050255240142345,977.12,0.28250000000000003
50.0,-91.0,2026-09-17 22:24:58,11.659000000000049,71.52279663085938,11.330255240142346,974.54,0.0915
50.0,-90.5,2026-09-17 22:24:58,11.55600000000004,72.07279663085937,14.102255240142346,974.18,0.0685
50.0,-90.0,2026-09-17 22:24:58,11.475000000000023,71.09779663085938,13.670255240142346,970.87,0.046
50.0,-89.5,2026-09-17 22:24:58,12.899000000000001,66.44779663085937,14.570255240142345,977.27,0.046
50.0,-89.0,2026-09-17 22:24:58,13.772000000000048,65.34779663085938,14.912255240142347,983.25,0.061
50.0,-88.5,2026-09-17 22:24:58,13.676000000000045,71.09779663085938,27.296255240142344,993.59,0.0305
50.0,-88.0,2026-09-17 22:24:58,14.418000000000006,66.22279663085938,15.380255240142347,991.09,0.0535
50.0,-87.5,2026-09-17 22:24:58,13.835000000000036,67.67279663085938,25.064255240142344,983.58,0.023
50.0,-87.0,2026-09-17 22:24:58,15.571000000000026,53.872796630859376,17.57625524014235,982.9,0.0
50.0,-86.5,2026-09-17 22:24:58,15.70700000000005,54.647796630859375,16.244255240142348,985.91,0.0155
50.0,-86.0,2026-09-17 22:24:58,16.378000000000043,52.84779663085938,16.244255240142348,988.72,0.0
50.0,-85.5,2026-09-17 22:24:58,17.347000000000037,51.09779663085938,13.922255240142345,994.48,0.0
50.0,-85.0,2026-09-17 22:24:58,17.373000000000047,55.42279663085938,13.166255240142346,1000.76,0.0
50.0,-84.5,2026-09-17 22:24:58,17.50200000000001,56.82279663085938,11.060255240142347,1005.54,0.0075
50.0,-84.0,2026-09-17 22:24:58,16.93300000000005,59.82279663085938,11.006255240142345,1001.76,0.0
50.0,-83.5,2026-09-17 22:24:58,16.686000000000035,58.94779663085938,12.140255240142345,995.62,0.0
50.0,-83.0,2026-09-17 22:24:58,17.301000000000045,55.47279663085938,11.834255240142346,997.47,0.0075
50.0,-82.5,2026-09-17 22:24:58,17.220000000000027,59.69779663085938,11.006255240142345,998.15,0.0
50.0,-82.0,2026-09-17 22:24:58,17.088000000000022,62.07279663085938,11.294255240142345,997.75,0.0075
50.0,-81.5,2026-09-17 22:24:58,17.49200000000002,59.522796630859375,12.824255240142346,996.56,0.0075
50.0,-81.0,2026-09-17 22:24:58,16.700000000000045,64.37279663085938,13.112255240142344,992.66,0.0075
50.0,-80.5,2026-09-17 22:24:58,16.950000000000045,55.04779663085938,13.544255240142345,987.23,0.0155
50.0,-80.0,2026-09-17 22:24:58,17.160000000000025,56.897796630859375,14.066255240142345,982.74,0.061
50.0,-79.5,2026-09-17 22:24:58,17.950000000000045,56.42279663085938,12.428255240142345,988.48,0.0685
50.0,-79.0,2026-09-17 22:24:58,17.19500000000005,61.04779663085938,10.772255240142346,990.95,0.0
50.0,-78.5,2026-09-17 22:24:58,15.867000000000019,62.84779663085938,9.728255240142346,985.59,0.0075
50.0,-78.0,2026-09-17 22:24:58,15.482000000000028,63.54779663085938,9.908255240142346,989.95,0.0075
50.0,-77.5,2026-09-17 22:24:58,14.43100000000004,65.24779663085938,13.292255240142346,990.21,0.0075
50.0,-77.0,2026-09-17 22:24:58,15.409000000000049,57.57279663085938,9.008255240142347,988.82,0.0
50.0,-76.5,2026-09-17 22:24:58,14.480000000000018,62.747796630859376,7.442255240142346,988.77,0.0
50.0,-76.0,2026-09-17 22:24:58,13.587000000000046,62.22279663085938,5.858255240142346,983.57,0.0
50.0,-75.5,2026-09-17 22:24:58,12.187000000000012,63.84779663085938,7.298255240142346,981.48,0.0
50.0,-75.0,2026-09-17 22:24:58,11.42100000000005,65.57279663085937,6.758255240142345,979.59,0.0
50.0,-74.5,2026-09-17 22:24:58,11.481000000000051,62.147796630859375,8.000255240142346,979.63,0.038
50.0,-74.0,2026-09-17 22:24:58,10.908000000000015,60.44779663085938,7.244255240142346,972.35,0.046
50.0,-73.5,2026-09-17 22:24:58,10.05600000000004,62.272796630859375,6.866255240142346,973.37,0.0075
50.0,-73.0,2026-09-17 22:24:58,9.942000000000007,62.122796630859376,5.732255240142345,970.99,0.0
50.0,-72.5,2026-09-17 22:24:58,9.32000000000005,63.372796630859376,6.758255240142345,960.92,0.0
50.0,-72.0,2026-09-17 22:24:58,10.04600000000005,60.34779663085938,5.012255240142346,971.45,0.0075
50.0,-71.5,2026-09-17 22:24:58,9.346000000000004,56.97279663085938,5.246255240142346,959.59,0.061
50.0,-71.0,2026-09-17 22:24:58,10.397000000000048,58.17279663085938,3.9502552401423454,973.91,0.023
50.0,-70.5,2026-09-17 22:24:58,9.692000000000007,58.04779663085938,5.588255240142345,968.08,0.0
50.0,-70.0,2026-09-17 22:24:58,9.50200000000001,57.94779663085938,5.012255240142346,969.77,0.0
50.0,-69.5,2026-09-17 22:24:58,9.555000000000007,59.17279663085938,3.7162552401423454,965.99,0.0
50.0,-69.0,2026-09-17 22:24:58,10.486000000000047,54.82279663085938,3.9682552401423457,978.7,0.0
50.0,-68.5,2026-09-17 22:24:58,11.449000000000012,42.59779663085938,5.624255240142346,979.37,0.252
50.0,-68.0,2026-09-17 22:24:58,12.507000000000005,46.29779663085938,5.534255240142346,984.73,0.0075
50.0,-67.5,2026-09-17 22:24:58,11.657000000000039,46.47413177490235,3.9977544997036456,964.16,0.0305
50.0,-67.0,2026-09-17 22:24:58,13.924000000000035,44.92413177490235,4.249754499703646,1007.06,0.1985
50.0,-64.0,2026-09-17 22:24:58,10.999000000000024,70.09913177490235,24.427754499703646,1023.49,0.0155
50.0,-57.5,2026-09-17 22:24:58,12.448000000000036,65.17413177490235,16.849754499703646,981.59,0.0
50.0,-57.0,2026-09-17 22:24:58,13.188000000000045,58.32413177490235,18.379754499703647,969.93,0.0
50.0,-56.5,2026-09-17 22:24:58,14.17100000000005,68.77413177490234,16.759754499703647,1017.45,0.0
50.0,-56.0,2026-09-17 22:24:58,14.834000000000003,59.44913177490235,22.249754499703645,999.66,0.046
50.0,-55.5,2026-09-17 22:24:58,13.876000000000033,71.32413177490234,19.819754499703645,1010.63,0.0
50.5,-128.0,2026-09-17 22:24:58,17.114000000000033,68.93740158081054,10.444250153034925,1006.57,0.0
50.5,-127.5,2026-09-17 22:24:58,15.190000000000055,70.68740158081054,5.494250153034926,986.19,0.099
50.5,-127.0,2026-09-17 22:24:58,13.783000000000015,78.31240158081056,9.490250153034927,988.4,0.0
50.5,-126.5,2026-09-17 22:24:58,10.571000000000026,96.78740158081055,7.7262501530349255,1021.01,0.145
50.5,-126.0,2026-09-17 22:24:58,13.821000000000026,80.16240158081055,13.108250153034927,1003.64,0.0075
50.5,-125.5,2026-09-17 22:24:58,14.745000000000005,76.63740158081055,6.106250153034925,976.7,0.2745
50.5,-125.0,2026-09-17 22:24:58,15.909000000000049,80.03740158081055,3.3342501530349256,987.62,0.0
50.5,-124.5,2026-09-17 22:24:58,16.524,67.48740158081056,4.162250153034925,884.24,0.0
50.5,-124.0,2026-09-17 22:24:58,17.555000000000007,42.31240158081055,2.6322501530349256,841.29,0.0
50.5,-123.5,2026-09-17 22:24:58,15.751000000000033,62.11240158081055,2.956250153034926,850.14,0.0
50.5,-123.0,2026-09-17 22:24:58,20.340000000000032,43.98740158081055,0.9042501530349254,962.54,0.0
50.5,-122.5,2026-09-17 22:24:58,17.125000000000057,45.66240158081055,2.4882501530349255,884.81,0.0
50.5,-122.0,2026-09-17 22:24:58,14.143000000000029,49.68740158081055,2.7222501530349255,788.88,0.122
50.5,-121.5,2026-09-17 22:24:58,18.497000000000014,33.412401580810545,5.044250153034926,863.85,0.0535
50.5,-121.0,2026-09-17 22:24:58,18.15700000000004,37.61240158081055,0.9042501530349254,870.5,0.0155
50.5,-120.5,2026-09-17 22:24:58,18.32000000000005,35.58740158081055,5.4762501530349255,867.9,0.0
50.5,-120.0,2026-09-17 22:24:58,15.325000000000045,44.258269500732425,5.061648013472557,851.91,0.0
50.5,-119.5,2026-09-17 22:24:58,15.831000000000017,58.383269500732425,3.6576480134725573,880.6,0.0
50.5,-119.0,2026-09-17 22:24:58,16.366000000000042,55.508269500732425,2.901648013472557,916.32,0.0
50.5,-118.5,2026-09-17 22:24:58,15.120000000000005,53.733269500732426,3.153648013472557,877.78,0.0
50.5,-118.0,2026-09-17 22:24:58,14.398000000000025,64.48326950073242,3.3876480134725573,900.87,0.0
50.5,-117.5,2026-09-17 22:24:58,12.313000000000045,57.55826950073242,2.469648013472557,804.92,0.0
50.5,-117.0,2026-09-17 22:24:58,13.946000000000026,56.133269500732425,3.279648013472557,869.02,0.0
50.5,-116.5,2026-09-17 22:24:58,9.386000000000024,65.75826950073242,0.7776480134725571,775.73,0.0
50.5,-116.0,2026-09-17 22:24:58,15.566000000000031,56.70826950073243,3.9456480134725576,910.12,0.061
50.5,-115.5,2026-09-17 22:24:58,12.191000000000031,57.05826950073242,3.441648013472557,818.96,0.0
50.5,-115.0,2026-09-17 22:24:58,12.547000000000025,52.483269500732426,1.5876480134725572,805.63,0.0535
50.5,-114.5,2026-09-17 22:24:58,16.073000000000036,45.55826950073242,4.1076480134725575,849.78,0.0
50.5,-114.0,2026-09-17 22:24:58,18.166000000000054,49.483269500732426,3.135648013472557,889.2,0.0
50.5,-113.5,2026-09-17 22:24:58,17.312000000000012,61.58326950073243,3.153648013472557,904.85,0.0155
50.5,-113.0,2026-09-17 22:24:58,17.621000000000038,64.88326950073242,3.5316480134725574,909.77,0.0155
50.5,-112.5,2026-09-17 22:24:58,17.34200000000004,50.233269500732426,1.0476480134725572,919.56,0.0075
50.5,-112.0,2026-09-17 22:24:58,15.355000000000018,61.90826950073242,5.637648013472558,927.22,0.0075
50.5,-111.5,2026-09-17 22:24:58,17.074000000000012,63.90826950073242,9.435648013472559,930.68,0.0305
50.5,-111.0,2026-09-17 22:24:58,17.487000000000023,70.43326950073242,12.585648013472557,927.71,0.0
50.5,-110.5,2026-09-17 22:24:58,18.411,66.73326950073242,8.229648013472557,938.6,0.0
50.5,-110.0,2026-09-17 22:24:58,19.489000000000033,54.32712936401367,11.004304793536663,931.79,0.0
50.5,-109.5,2026-09-17 22:24:58,17.40900000000005,73.00212936401367,14.478304793536662,935.69,0.0
50.5,-109.0,2026-09-17 22:24:58,19.922000000000025,52.627129364013676,20.436304793536664,935.19,0.0075
50.5,-108.5,2026-09-17 22:24:58,18.589000000000055,59.07712936401367,25.098304793536663,940.64,0.038
50.5,-108.0,2026-09-17 22:24:58,17.30400000000003,60.777129364013675,25.494304793536664,935.5,0.2595
50.5,-107.5,2026-09-17 22:24:58,16.390000000000043,58.527129364013675,26.214304793536666,932.47,0.6025
50.5,-107.0,2026-09-17 22:24:58,16.619000000000028,53.252129364013676,23.712304793536664,936.76,1.4875
50.5,-106.5,2026-09-17 22:24:58,17.07800000000003,50.97712936401368,25.548304793536662,939.3,1.808
50.5,-106.0,2026-09-17 22:24:58,17.724000000000046,45.877129364013676,24.774304793536665,953.92,1.4725
50.5,-105.5,2026-09-17 22:24:58,18.463000000000022,43.35212936401368,25.098304793536663,954.16,1.4265
50.5,-105.0,2026-09-17 22:24:58,17.486000000000047,46.85212936401368,26.214304793536666,956.92,1.9225
50.5,-104.5,2026-09-17 22:24:58,15.812000000000012,59.72712936401368,25.350304793536665,954.37,4.242
50.5,-104.0,2026-09-17 22:24:58,16.09400000000005,51.45212936401367,23.964304793536666,944.63,3.998
50.5,-103.5,2026-09-17 22:24:58,16.76400000000001,53.45212936401367,21.858304793536664,954.84,4.814
50.5,-103.0,2026-09-17 22:24:58,17.128000000000043,59.60212936401368,18.528304793536666,955.97,3.8755
50.5,-102.5,2026-09-17 22:24:58,17.30400000000003,57.127129364013676,13.614304793536663,959.43,6.5155
50.5,-102.0,2026-09-17 22:24:58,16.55600000000004,61.902129364013675,12.138304793536664,960.55,11.986
50.5,-101.5,2026-09-17 22:24:58,16.293000000000006,67.75212936401367,11.778304793536664,971.81,6.8205
50.5,-101.0,2026-09-17 22:24:58,16.176000000000045,70.75212936401367,12.444304793536665,964.04,6.325
50.5,-100.5,2026-09-17 22:24:58,16.501000000000033,60.92712936401367,11.778304793536664,959.88,6.1875
50.5,-100.0,2026-09-17 22:24:58,14.990000000000009,55.152129364013675,12.048304793536664,954.41,9.3615
50.5,-99.5,2026-09-17 22:24:58,15.267000000000053,59.57712936401367,7.008304793536664,975.91,5.5695
50.5,-99.0,2026-09-17 22:24:58,15.148000000000025,69.72712936401368,6.252304793536663,995.55,10.147
50.5,-98.5,2026-09-17 22:24:58,14.383000000000038,65.27712936401367,11.580304793536664,998.76,11.757
50.5,-98.0,2026-09-17 22:24:58,15.712000000000046,61.55212936401367,10.914304793536663,998.32,5.348
50.5,-97.5,2026-09-17 22:24:58,15.125000000000057,67.95212936401367,9.096304793536664,995.19,4.799
50.5,-97.0,2026-09-17 22:24:58,15.18100000000004,57.502129364013676,10.158304793536663,1000.81,5.4245
50.5,-96.5,2026-09-17 22:24:58,15.495000000000005,57.80212936401367,7.062304793536663,997.63,7.9195
50.5,-96.0,2026-09-17 22:24:58,15.573000000000036,60.902129364013675,4.056304793536664,998.51,10.437
50.5,-95.5,2026-09-17 22:24:58,14.717000000000041,60.10212936401368,6.090304793536664,990.55,4.219
50.5,-95.0,2026-09-17 22:24:58,12.138000000000034,75.57279663085937,6.434255240142346,984.52,2.2965
50.5,-94.5,2026-09-17 22:24:58,13.051000000000045,68.92279663085938,8.684255240142345,982.24,0.763
50.5,-94.0,2026-09-17 22:24:58,12.83200000000005,67.77279663085938,11.258255240142347,980.48,0.23650000000000002
50.5,-93.5,2026-09-17 22:24:58,13.182000000000016,66.39779663085938,12.878255240142346,984.28,0.0915
50.5,-93.0,2026-09-17 22:24:58,12.899000000000001,66.14779663085938,17.162255240142347,983.36,0.0305
50.5,-92.5,2026-09-17 22:24:58,12.783000000000015,61.57279663085938,12.626255240142346,979.83,0.023
50.5,-92.0,2026-09-17 22:24:58,13.387,59.32279663085938,19.538255240142348,982.98,0.023
50.5,-91.5,2026-09-17 22:24:58,13.257000000000005,58.372796630859376,12.500255240142346,976.77,0.038
50.5,-91.0,2026-09-17 22:24:58,13.31800000000004,56.747796630859376,14.588255240142347,978.07,0.0305
50.5,-90.5,2026-09-17 22:24:58,12.724000000000046,57.97279663085938,13.526255240142346,975.77,0.0155
50.5,-90.0,2026-09-17 22:24:58,12.088000000000022,61.247796630859376,14.444255240142347,977.84,0.0155
50.5,-89.5,2026-09-17 22:24:58,12.055000000000007,60.94779663085938,19.214255240142347,982.12,0.0155
50.5,-89.0,2026-09-17 22:24:58,11.465000000000032,66.97279663085938,24.884255240142345,980.61,0.038
50.5,-88.5,2026-09-17 22:24:58,12.567000000000007,63.97279663085938,18.440255240142346,981.15,0.023
50.5,-88.0,2026-09-17 22:24:58,13.885000000000048,58.272796630859375,16.496255240142347,983.24,0.023
50.5,-87.5,2026-09-17 22:24:58,12.870000000000005,65.09779663085938,17.198255240142345,984.79,0.023
50.5,-87.0,2026-09-17 22:24:58,13.91700000000003,64.47279663085938,21.284255240142347,985.46,0.0535
50.5,-86.5,2026-09-17 22:24:58,15.365000000000009,55.44779663085938,17.57625524014235,986.17,0.061
50.5,-86.0,2026-09-17 22:24:58,16.035000000000025,53.522796630859375,15.668255240142347,994.35,0.0305
50.5,-85.5,2026-09-17 22:24:58,16.245000000000005,55.022796630859375,15.434255240142345,999.2,0.0
50.5,-85.0,2026-09-17 22:24:58,16.576000000000022,51.67279663085938,14.822255240142345,1000.9,0.0305
50.5,-84.5,2026-09-17 22:24:58,17.096000000000004,49.772796630859375,12.914255240142346,1009.34,0.0
50.5,-84.0,2026-09-17 22:24:58,16.83000000000004,54.44779663085938,13.256255240142345,1006.72,0.0915
50.5,-83.5,2026-09-17 22:24:58,16.82000000000005,51.22279663085938,14.642255240142346,1001.27,0.45
50.5,-83.0,2026-09-17 22:24:58,16.709000000000003,52.622796630859376,15.524255240142347,998.78,0.29
50.5,-82.5,2026-09-17 22:24:58,17.111000000000047,57.17279663085938,13.256255240142345,1008.87,0.023
50.5,-82.0,2026-09-17 22:24:58,17.43300000000005,57.872796630859376,13.004255240142346,1009.03,0.0
50.5,-81.5,2026-09-17 22:24:58,17.572000000000003,58.07279663085938,12.680255240142346,1012.46,0.0
50.5,-81.0,2026-09-17 22:24:58,17.216000000000008,59.42279663085938,13.580255240142346,1005.66,0.0
50.5,-80.5,2026-09-17 22:24:58,17.063000000000045,56.772796630859375,15.020255240142344,992.75,0.28250000000000003
50.5,-80.0,2026-09-17 22:24:58,16.735000000000014,61.72279663085938,15.146255240142345,989.15,0.16
50.5,-79.5,2026-09-17 22:24:58,17.440000000000055,62.247796630859376,12.572255240142345,997.2,0.038
50.5,-79.0,2026-09-17 22:24:58,14.958000000000027,65.87279663085938,9.728255240142346,1003.63,0.0075
50.5,-78.5,2026-09-17 22:24:58,13.666000000000054,66.49779663085938,12.824255240142346,992.2,0.023
50.5,-78.0,2026-09-17 22:24:58,14.065000000000055,63.622796630859376,13.814255240142346,990.35,0.038
50.5,-77.5,2026-09-17 22:24:58,14.45700000000005,60.97279663085938,13.634255240142345,987.17,0.046
50.5,-77.0,2026-09-17 22:24:58,13.587000000000046,65.02279663085938,11.438255240142345,986.71,0.023
50.5,-76.5,2026-09-17 22:24:58,12.298000000000002,66.89779663085938,14.876255240142344,989.18,0.099
50.5,-76.0,2026-09-17 22:24:58,11.955000000000041,63.09779663085938,8.342255240142347,978.96,0.038
50.5,-75.5,2026-09-17 22:24:58,11.489000000000033,62.897796630859375,8.900255240142345,980.2,0.0075
50.5,-75.0,2026-09-17 22:24:58,9.583000000000027,70.09779663085938,12.248255240142345,977.98,0.0075
50.5,-74.5,2026-09-17 22:24:58,9.670000000000016,65.19779663085937,8.162255240142345,975.41,0.0535
50.5,-74.0,2026-09-17 22:24:58,8.617000000000019,70.64779663085938,11.492255240142347,979.6,0.0765
50.5,-73.5,2026-09-17 22:24:58,9.060000000000002,61.94779663085938,7.928255240142345,968.94,0.0305
50.5,-73.0,2026-09-17 22:24:58,9.31800000000004,59.147796630859375,9.332255240142345,966.88,0.0
50.5,-72.5,2026-09-17 22:24:58,9.001000000000033,59.04779663085938,7.190255240142346,960.41,0.0
50.5,-72.0,2026-09-17 22:24:58,8.260000000000048,59.42279663085938,8.540255240142345,953.45,0.0
50.5,-71.5,2026-09-17 22:24:58,8.719000000000051,57.59779663085938,5.246255240142346,954.24,0.046
50.5,-71.0,2026-09-17 22:24:58,7.55800000000005,59.32279663085938,5.8042552401423455,942.21,0.16
50.5,-70.5,2026-09-17 22:24:58,9.484000000000037,57.92279663085938,4.004255240142346,963.04,0.084
50.5,-70.0,2026-09-17 22:24:58,8.618000000000052,56.522796630859375,6.290255240142346,948.89,0.0765
50.5,-69.5,2026-09-17 22:24:58,9.694000000000017,51.872796630859376,2.9062552401423454,959.84,0.023
50.5,-69.0,2026-09-17 22:24:58,9.425000000000011,49.897796630859375,4.724255240142345,953.96,0.0155
50.5,-68.5,2026-09-17 22:24:58,11.298000000000002,47.54779663085938,3.518255240142346,986.44,0.0
50.5,-68.0,2026-09-17 22:24:58,10.509000000000015,53.147796630859375,5.480255240142346,964.87,0.0
50.5,-67.5,2026-09-17 22:24:58,9.177000000000021,59.29913177490235,6.895754499703647,952.71,0.0
50.5,-67.0,2026-09-17 22:24:58,11.610000000000014,47.54913177490235,7.201754499703646,979.91,0.0
50.5,-66.5,2026-09-17 22:24:58,11.344000000000051,46.999131774902345,7.777754499703646,979.34,0.0155
50.5,-66.0,2026-09-17 22:24:58,10.79600000000005,48.29913177490235,8.677754499703648,973.75,0.0305
50.5,-65.5,2026-09-17 22:24:58,12.12700000000001,43.899131774902344,7.957754499703646,991.0,0.0305
50.5,-65.0,2026-09-17 22:24:58,11.831000000000017,48.47413177490235,7.525754499703646,984.82,0.0305
50.5,-64.5,2026-09-17 22:24:58,13.023000000000025,48.624131774902345,7.183754499703646,997.3,0.023
50.5,-64.0,2026-09-17 22:24:58,13.206000000000017,51.999131774902345,9.955754499703646,996.6,0.17550000000000002
50.5,-63.5,2026-09-17 22:24:58,13.397000000000048,57.59913177490235,9.541754499703647,1003.27,0.5415
50.5,-63.0,2026-09-17 22:24:58,14.598000000000013,47.274131774902344,9.037754499703645,1007.88,0.183
50.5,-62.5,2026-09-17 22:24:58,13.974000000000046,51.34913177490235,11.485754499703646,1006.17,0.1145
50.5,-62.0,2026-09-17 22:24:58,14.388000000000034,49.774131774902344,10.963754499703645,1008.46,0.023
50.5,-61.5,2026-09-17 22:24:58,14.346000000000004,50.499131774902345,11.611754499703647,1004.09,0.0
50.5,-61.0,2026-09-17 22:24:58,13.045000000000016,63.274131774902344,16.471754499703646,1007.09,0.1525
50.5,-60.5,2026-09-17 22:24:58,14.602000000000032,54.999131774902345,11.485754499703646,1007.71,0.046
50.5,-60.0,2026-09-17 22:24:58,14.672000000000025,58.07413177490235,15.157754499703646,1007.47,0.046
50.5,-59.5,2026-09-17 22:24:58,13.520000000000039,68.62413177490235,14.851754499703647,1018.35,0.061
50.5,-57.5,2026-09-17 22:24:58,12.999000000000024,70.99913177490235,30.259754499703643,1018.45,0.0075
50.5,-57.0,2026-09-17 22:24:58,13.729000000000042,55.624131774902345,20.575754499703645,990.64,0.0
50.5,-56.5,2026-09-17 22:24:58,13.520000000000039,57.874131774902345,18.775754499703645,981.81,0.0075
51.0,-128.0,2026-09-17 22:24:58,11.952000000000055,93.96240158081055,15.772250153034927,1021.36,0.0
51.0,-127.5,2026-09-17 22:24:58,11.91900000000004,91.48740158081056,11.542250153034926,1013.39,0.0
51.0,-127.0,2026-09-17 22:24:58,14.217000000000041,74.71240158081055,5.152250153034926,991.19,0.0915
51.0,-126.5,2026-09-17 22:24:58,12.225000000000023,80.31240158081056,4.4682501530349255,957.71,0.168
51.0,-126.0,2026-09-17 22:24:58,18.180000000000007,42.61240158081055,4.684250153034926,893.09,0.0
51.0,-125.5,2026-09-17 22:24:58,15.998000000000047,64.73740158081056,3.064250153034926,963.11,0.0
51.0,-125.0,2026-09-17 22:24:58,16.946000000000026,47.48740158081055,3.4782501530349257,897.55,0.0
51.0,-124.5,2026-09-17 22:24:58,7.682000000000016,64.73740158081056,0.8502501530349255,791.46,0.0
51.0,-124.0,2026-09-17 22:24:58,15.961000000000013,37.86240158081055,3.730250153034926,817.82,0.0
51.0,-123.5,2026-09-17 22:24:58,15.048000000000002,29.262401580810547,6.916250153034926,793.59,0.0
51.0,-123.0,2026-09-17 22:24:58,16.918000000000006,41.86240158081055,2.200250153034925,833.8,0.0
51.0,-122.5,2026-09-17 22:24:58,13.424000000000035,40.63740158081055,6.286250153034926,802.05,0.0155
51.0,-122.0,2026-09-17 22:24:58,18.466000000000008,34.162401580810545,4.054250153034926,890.86,0.0535
51.0,-121.5,2026-09-17 22:24:58,20.021000000000015,32.162401580810545,2.956250153034926,909.75,0.0305
51.0,-121.0,2026-09-17 22:24:58,19.223000000000013,32.68740158081055,3.802250153034925,884.1,0.0075
51.0,-120.5,2026-09-17 22:24:58,15.955000000000041,40.81240158081055,3.4422501530349257,820.33,0.0
51.0,-120.0,2026-09-17 22:24:58,18.150000000000034,33.08326950073242,3.279648013472557,887.23,0.0
51.0,-119.5,2026-09-17 22:24:58,15.194000000000017,46.133269500732425,4.341648013472557,872.01,0.0
51.0,-119.0,2026-09-17 22:24:58,18.037000000000035,48.858269500732426,3.6216480134725573,976.44,0.0
51.0,-118.5,2026-09-17 22:24:58,14.758000000000038,50.983269500732426,3.009648013472557,875.38,0.0
51.0,-118.0,2026-09-17 22:24:58,15.413000000000011,48.108269500732426,1.5336480134725572,894.31,0.0
51.0,-117.5,2026-09-17 22:24:58,12.625000000000057,58.008269500732425,2.9196480134725573,841.25,0.0
51.0,-117.0,2026-09-17 22:24:58,10.017000000000053,65.60826950073242,3.243648013472557,783.02,0.0
51.0,-116.5,2026-09-17 22:24:58,15.355000000000018,52.358269500732426,1.9656480134725571,914.5,0.0
51.0,-116.0,2026-09-17 22:24:58,11.247000000000014,68.25826950073242,3.6756480134725575,828.51,0.0075
51.0,-115.5,2026-09-17 22:24:58,13.396000000000015,44.20826950073243,3.243648013472557,803.71,0.0
51.0,-115.0,2026-09-17 22:24:58,15.038000000000011,39.95826950073243,3.243648013472557,825.9,0.0
51.0,-114.5,2026-09-17 22:24:58,17.747000000000014,44.45826950073243,2.8476480134725572,872.75,0.0
51.0,-114.0,2026-09-17 22:24:58,18.840000000000032,41.33326950073243,1.2276480134725571,900.19,0.0
51.0,-113.5,2026-09-17 22:24:58,18.961000000000013,40.40826950073242,2.469648013472557,904.08,0.0075
51.0,-113.0,2026-09-17 22:24:58,18.809000000000026,38.20826950073242,2.325648013472557,917.14,0.0
51.0,-112.5,2026-09-17 22:24:58,16.483000000000004,60.80826950073242,0.957648013472557,919.0,0.0
51.0,-112.0,2026-09-17 22:24:58,14.960000000000036,71.80826950073242,3.6216480134725573,934.14,0.0
51.0,-111.5,2026-09-17 22:24:58,17.360000000000014,58.633269500732425,7.617648013472556,936.04,0.0155
51.0,-111.0,2026-09-17 22:24:58,17.885000000000048,64.53326950073243,8.481648013472558,936.82,0.0
51.0,-110.5,2026-09-17 22:24:58,18.739000000000033,55.233269500732426,10.353648013472558,930.4,0.0
51.0,-110.0,2026-09-17 22:24:58,17.972000000000037,62.57712936401367,6.918304793536663,945.12,0.0
51.0,-109.5,2026-09-17 22:24:58,18.59200000000004,62.752129364013676,12.210304793536665,942.62,0.023
51.0,-109.0,2026-09-17 22:24:58,18.798000000000002,61.127129364013676,17.718304793536664,941.0,0.0
51.0,-108.5,2026-09-17 22:24:58,18.262,60.82712936401367,22.578304793536667,948.61,0.061
51.0,-108.0,2026-09-17 22:24:58,18.936000000000035,53.127129364013676,25.99830479353666,950.79,0.0915
51.0,-107.5,2026-09-17 22:24:58,17.846000000000004,48.127129364013676,27.024304793536665,937.23,0.29
51.0,-107.0,2026-09-17 22:24:58,17.664000000000044,51.60212936401368,25.476304793536663,952.7,0.0685
51.0,-106.5,2026-09-17 22:24:58,17.394000000000005,51.527129364013675,30.444304793536663,956.79,0.1985
51.0,-106.0,2026-09-17 22:24:58,17.55200000000002,50.82712936401367,25.962304793536664,950.87,0.9615
51.0,-105.5,2026-09-17 22:24:58,17.321000000000026,56.30212936401367,24.918304793536663,959.68,0.8545
51.0,-105.0,2026-09-17 22:24:58,16.66900000000004,61.402129364013675,24.522304793536666,960.47,0.6485
51.0,-104.5,2026-09-17 22:24:58,16.974000000000046,59.002129364013676,23.352304793536664,959.05,1.877
51.0,-104.0,2026-09-17 22:24:58,16.846000000000004,59.72712936401368,20.580304793536662,952.34,2.884
51.0,-103.5,2026-09-17 22:24:58,17.519000000000005,49.17712936401367,17.772304793536662,947.56,2.9985
51.0,-103.0,2026-09-17 22:24:58,16.510000000000048,64.32712936401367,17.142304793536663,956.54,2.4035
51.0,-102.5,2026-09-17 22:24:58,16.529000000000053,64.40212936401367,15.000304793536664,964.95,3.189
51.0,-102.0,2026-09-17 22:24:58,15.676000000000045,69.67712936401368,15.198304793536662,963.01,3.7765
51.0,-101.5,2026-09-17 22:24:58,16.428000000000054,63.95212936401367,11.166304793536664,967.39,3.517
51.0,-101.0,2026-09-17 22:24:58,16.860000000000014,52.752129364013676,10.392304793536663,955.84,2.243
51.0,-100.5,2026-09-17 22:24:58,17.810000000000002,44.502129364013676,7.4223047935366635,968.44,1.938
51.0,-100.0,2026-09-17 22:24:58,17.144000000000005,48.527129364013675,7.620304793536663,974.69,1.915
51.0,-99.5,2026-09-17 22:24:58,16.625000000000057,54.42712936401367,8.520304793536663,993.87,2.22
51.0,-99.0,2026-09-17 22:24:58,14.29200000000003,68.35212936401368,7.638304793536664,997.32,2.9755000000000003
51.0,-98.5,2026-09-17 22:24:58,13.456000000000017,70.72712936401368,2.4363047935366633,998.41,3.7155
51.0,-98.0,2026-09-17 22:24:58,15.613000000000056,60.402129364013675,0.8163047935366631,994.29,3.8985000000000003
51.0,-97.5,2026-09-17 22:24:58,14.848000000000013,63.402129364013675,0.33030479353666303,997.19,3.1510000000000002
51.0,-97.0,2026-09-17 22:24:58,15.299000000000035,66.35212936401368,5.910304793536663,1002.11,2.4185
51.0,-96.5,2026-09-17 22:24:58,13.177000000000021,64.12712936401367,8.862304793536664,1002.76,2.6550000000000002
51.0,-96.0,2026-09-17 22:24:58,14.675000000000011,55.97712936401368,4.830304793536663,996.98,1.938
51.0,-95.5,2026-09-17 22:24:58,14.576000000000022,51.777129364013675,6.684304793536663,990.99,2.5785
51.0,-95.0,2026-09-17 22:24:58,12.976000000000056,64.64779663085938,7.154255240142346,985.59,1.938
51.0,-94.5,2026-09-17 22:24:58,12.362000000000023,61.522796630859375,9.926255240142346,979.84,1.0755000000000001
51.0,-94.0,2026-09-17 22:24:58,12.02600000000001,62.872796630859376,17.432255240142347,982.58,0.618
51.0,-93.5,2026-09-17 22:24:58,12.334000000000003,55.772796630859375,12.968255240142346,982.08,0.9535
51.0,-93.0,2026-09-17 22:24:58,12.100000000000023,54.247796630859376,16.154255240142348,979.27,0.717
51.0,-92.5,2026-09-17 22:24:58,12.154000000000053,53.67279663085938,20.258255240142343,979.08,0.2745
51.0,-92.0,2026-09-17 22:24:58,11.90500000000003,50.272796630859375,15.290255240142345,974.59,0.1295
51.0,-91.5,2026-09-17 22:24:58,12.559000000000026,46.69779663085938,16.874255240142347,978.2,0.0765
51.0,-91.0,2026-09-17 22:24:58,12.461000000000013,49.997796630859376,26.486255240142345,980.98,0.16
51.0,-90.5,2026-09-17 22:24:58,12.460000000000036,48.59779663085938,19.250255240142348,978.59,0.20600000000000002
51.0,-90.0,2026-09-17 22:24:58,12.607000000000028,50.19779663085938,20.870255240142345,977.97,0.168
51.0,-89.5,2026-09-17 22:24:58,12.708000000000027,51.57279663085938,20.690255240142346,980.55,0.038
51.0,-89.0,2026-09-17 22:24:58,12.673000000000002,54.34779663085938,18.152255240142345,981.83,0.0075
51.0,-88.5,2026-09-17 22:24:58,12.38900000000001,57.09779663085938,16.73025524014235,982.35,0.0075
51.0,-88.0,2026-09-17 22:24:58,12.212000000000046,58.67279663085938,17.88225524014235,985.13,0.0
51.0,-87.5,2026-09-17 22:24:58,11.963000000000022,63.79779663085938,21.716255240142345,985.64,0.0075
51.0,-87.0,2026-09-17 22:24:58,12.842000000000041,63.872796630859376,19.916255240142345,988.92,0.0765
51.0,-86.5,2026-09-17 22:24:58,13.580000000000041,61.42279663085938,18.818255240142346,993.97,0.023
51.0,-86.0,2026-09-17 22:24:58,14.855000000000018,57.47279663085938,18.404255240142348,998.76,0.0305
51.0,-85.5,2026-09-17 22:24:58,15.529000000000053,57.67279663085938,17.30625524014235,1000.92,0.046
51.0,-85.0,2026-09-17 22:24:58,16.00200000000001,54.44779663085938,16.046255240142344,1004.05,0.183
51.0,-84.5,2026-09-17 22:24:58,16.396000000000015,52.94779663085938,16.010255240142346,1008.04,0.0535
51.0,-84.0,2026-09-17 22:24:58,16.39300000000003,52.747796630859376,16.190255240142346,1007.82,0.046
51.0,-83.5,2026-09-17 22:24:58,16.295000000000016,53.147796630859375,15.578255240142346,1007.05,0.0155
51.0,-83.0,2026-09-17 22:24:58,16.584000000000003,50.92279663085938,16.244255240142348,1003.74,0.0075
51.0,-82.5,2026-09-17 22:24:58,16.942000000000007,51.022796630859375,14.930255240142346,1006.84,0.0
51.0,-82.0,2026-09-17 22:24:58,16.997000000000014,53.42279663085938,14.246255240142347,1008.74,0.023
51.0,-81.5,2026-09-17 22:24:58,17.259000000000015,60.247796630859376,12.734255240142346,1013.36,0.0
51.0,-81.0,2026-09-17 22:24:58,16.888000000000034,64.19779663085937,12.878255240142346,1016.11,0.0
51.0,-80.5,2026-09-17 22:24:58,17.114000000000033,60.09779663085938,12.572255240142345,1015.09,0.0
51.0,-80.0,2026-09-17 22:24:58,17.60300000000001,59.34779663085938,13.148255240142346,1015.06,0.0
51.0,-79.5,2026-09-17 22:24:58,18.116000000000042,56.772796630859375,11.672255240142345,1016.09,0.0075
51.0,-79.0,2026-09-17 22:24:58,16.723000000000013,59.47279663085938,15.290255240142345,1009.0,0.17550000000000002
51.0,-78.5,2026-09-17 22:24:58,16.247000000000014,63.72279663085938,19.970255240142343,1008.73,0.16
51.0,-78.0,2026-09-17 22:24:58,14.770000000000039,64.67279663085938,17.540255240142347,996.52,0.6945
51.0,-77.5,2026-09-17 22:24:58,13.749000000000024,63.92279663085938,16.118255240142346,988.25,0.8775000000000001
51.0,-77.0,2026-09-17 22:24:58,11.650000000000034,72.72279663085938,21.014255240142344,991.43,0.656
51.0,-76.5,2026-09-17 22:24:58,11.920000000000016,67.09779663085938,14.120255240142345,988.9,0.252
51.0,-76.0,2026-09-17 22:24:58,10.834000000000003,69.39779663085938,15.632255240142348,985.32,0.2595
51.0,-75.5,2026-09-17 22:24:58,10.799000000000035,63.247796630859376,13.022255240142346,984.21,0.20600000000000002
51.0,-75.0,2026-09-17 22:24:58,8.895000000000039,69.37279663085938,14.264255240142345,980.16,0.28250000000000003
51.0,-74.5,2026-09-17 22:24:58,8.812000000000012,63.44779663085938,11.762255240142345,975.9,0.17550000000000002
51.0,-74.0,2026-09-17 22:24:58,8.946000000000026,65.14779663085938,12.338255240142345,978.62,0.099
51.0,-73.5,2026-09-17 22:24:58,8.29000000000002,69.14779663085938,12.302255240142346,979.69,0.0685
51.0,-73.0,2026-09-17 22:24:58,9.180000000000007,59.17279663085938,7.298255240142346,972.47,0.1375
51.0,-72.5,2026-09-17 22:24:58,8.18100000000004,64.32279663085937,7.766255240142345,958.56,0.305
51.0,-72.0,2026-09-17 22:24:58,8.128000000000043,57.94779663085938,7.586255240142346,952.38,0.23650000000000002
51.0,-71.5,2026-09-17 22:24:58,8.486000000000047,58.04779663085938,7.4242552401423465,957.12,0.1905
51.0,-71.0,2026-09-17 22:24:58,8.196000000000026,55.42279663085938,5.210255240142346,955.75,0.7020000000000001
51.0,-70.5,2026-09-17 22:24:58,8.420000000000016,55.82279663085938,4.634255240142346,953.15,0.458
51.0,-70.0,2026-09-17 22:24:58,7.812000000000012,56.84779663085938,3.518255240142346,937.35,0.4425
51.0,-69.5,2026-09-17 22:24:58,8.496000000000038,55.647796630859375,4.544255240142346,946.54,0.305
51.0,-69.0,2026-09-17 22:24:58,8.769000000000005,55.44779663085938,3.8602552401423456,953.36,0.58
51.0,-68.5,2026-09-17 22:24:58,7.388000000000034,59.42279663085938,5.354255240142346,950.04,0.9155
51.0,-68.0,2026-09-17 22:24:58,6.975000000000023,59.69779663085938,7.352255240142346,940.1,0.763
51.0,-67.5,2026-09-17 22:24:58,8.510000000000048,58.09913177490235,8.389754499703647,958.55,0.984
51.0,-67.0,2026-09-17 22:24:58,8.995000000000005,53.149131774902344,7.3817544997036455,958.5,0.618
51.0,-66.5,2026-09-17 22:24:58,8.67100000000005,52.97413177490235,8.155754499703647,955.56,0.29
51.0,-66.0,2026-09-17 22:24:58,9.064000000000021,52.07413177490235,8.479754499703645,959.23,0.0915
51.0,-65.5,2026-09-17 22:24:58,7.256000000000029,55.999131774902345,8.533754499703647,926.81,0.1905
51.0,-65.0,2026-09-17 22:24:58,8.164000000000044,57.57413177490235,7.525754499703646,942.5,0.0535
51.0,-64.5,2026-09-17 22:24:58,9.148000000000025,55.999131774902345,9.001754499703646,949.02,0.023
51.0,-64.0,2026-09-17 22:24:58,10.134000000000015,49.84913177490235,7.903754499703646,946.79,0.061
51.0,-63.5,2026-09-17 22:24:58,10.91900000000004,48.22413177490235,8.911754499703646,957.91,0.107
51.0,-63.0,2026-09-17 22:24:58,10.608000000000004,51.72413177490235,12.097754499703646,959.12,0.122
51.0,-62.5,2026-09-17 22:24:58,12.257000000000005,49.274131774902344,12.349754499703646,979.35,0.1295
51.0,-62.0,2026-09-17 22:24:58,12.510000000000048,50.649131774902344,12.961754499703646,984.92,0.038
51.0,-61.5,2026-09-17 22:24:58,12.529000000000053,51.92413177490235,15.283754499703647,981.71,0.0155
51.0,-61.0,2026-09-17 22:24:58,12.364000000000033,57.44913177490235,14.527754499703647,986.25,0.0
51.0,-60.5,2026-09-17 22:24:58,12.31800000000004,53.04913177490235,15.481754499703646,981.21,0.145
51.0,-60.0,2026-09-17 22:24:58,12.771000000000015,54.399131774902344,16.43575449970365,986.04,0.046
51.0,-59.5,2026-09-17 22:24:58,13.849000000000046,52.09913177490235,15.013754499703646,1000.01,0.0305
51.0,-59.0,2026-09-17 22:24:58,15.024000000000001,49.67413177490235,21.097754499703647,1014.65,0.0
51.0,-57.0,2026-09-17 22:24:58,13.277000000000044,71.34913177490235,31.879754499703647,1017.06,0.0
51.0,-56.5,2026-09-17 22:24:58,13.396000000000015,61.79913177490235,21.277754499703647,994.74,0.0
51.0,-56.0,2026-09-17 22:24:58,14.511000000000024,59.649131774902344,20.48575449970365,1006.26,0.023
51.0,-55.5,2026-09-17 22:24:58,12.68100000000004,73.87413177490235,22.62775449970365,1015.96,0.0
51.5,-128.0,2026-09-17 22:24:58,15.579000000000008,77.63740158081055,9.040250153034927,1012.04,0.0
51.5,-127.5,2026-09-17 22:24:58,13.895000000000039,72.76240158081055,4.252250153034925,972.89,0.2975
51.5,-127.0,2026-09-17 22:24:58,18.041000000000054,41.88740158081055,4.972250153034926,906.08,0.0
51.5,-126.5,2026-09-17 22:24:58,14.626000000000033,37.43740158081055,7.060250153034925,840.74,0.0
51.5,-126.0,2026-09-17 22:24:58,12.79200000000003,32.63740158081055,1.5342501530349255,822.53,0.0
51.5,-125.5,2026-09-17 22:24:58,15.302000000000021,26.637401580810547,4.864250153034926,829.15,0.0
51.5,-125.0,2026-09-17 22:24:58,16.937000000000012,39.71240158081055,3.388250153034926,855.66,0.0
51.5,-124.5,2026-09-17 22:24:58,13.537000000000035,52.63740158081055,3.1542501530349254,847.63,0.0
51.5,-124.0,2026-09-17 22:24:58,13.551000000000045,54.48740158081055,2.992250153034926,821.09,0.0
51.5,-123.5,2026-09-17 22:24:58,15.488000000000056,41.18740158081055,4.486250153034926,828.67,0.0
51.5,-123.0,2026-09-17 22:24:58,16.890000000000043,36.51240158081055,4.666250153034926,856.31,0.0
51.5,-122.5,2026-09-17 22:24:58,16.824000000000012,41.33740158081055,5.638250153034925,901.39,0.0
51.5,-122.0,2026-09-17 22:24:58,17.368000000000052,41.86240158081055,3.424250153034926,877.96,0.0
51.5,-121.5,2026-09-17 22:24:58,18.196000000000026,35.31240158081055,1.6782501530349254,886.62,0.0
51.5,-121.0,2026-09-17 22:24:58,17.30200000000002,45.81240158081055,1.8582501530349256,887.55,0.0
51.5,-120.5,2026-09-17 22:24:58,17.263000000000034,36.13740158081055,3.3342501530349256,866.25,0.0
51.5,-120.0,2026-09-17 22:24:58,12.79000000000002,46.758269500732425,5.043648013472557,817.24,0.0
51.5,-119.5,2026-09-17 22:24:58,18.196000000000026,40.58326950073243,2.865648013472557,931.89,0.0
51.5,-119.0,2026-09-17 22:24:58,14.190000000000055,47.40826950073242,3.567648013472557,846.12,0.0
51.5,-118.5,2026-09-17 22:24:58,15.741000000000042,46.90826950073242,2.0916480134725575,911.46,0.0
51.5,-118.0,2026-09-17 22:24:58,10.959000000000003,53.883269500732425,4.899648013472557,814.86,0.0
51.5,-117.5,2026-09-17 22:24:58,14.168000000000006,45.68326950073242,3.3876480134725573,875.83,0.0
51.5,-117.0,2026-09-17 22:24:58,11.75200000000001,65.63326950073242,4.161648013472558,845.89,0.023
51.5,-116.5,2026-09-17 22:24:58,9.706000000000017,71.88326950073242,4.863648013472557,802.18,0.038
51.5,-116.0,2026-09-17 22:24:58,7.240000000000009,68.23326950073242,6.717648013472558,766.26,0.0075
51.5,-115.5,2026-09-17 22:24:58,9.640000000000043,49.383269500732425,6.105648013472557,778.07,0.0
51.5,-115.0,2026-09-17 22:24:58,15.953000000000031,41.233269500732426,2.5776480134725572,846.94,0.0
51.5,-114.5,2026-09-17 22:24:58,18.111000000000047,39.93326950073242,0.7056480134725571,880.37,0.0
51.5,-114.0,2026-09-17 22:24:58,18.65300000000002,42.58326950073243,4.899648013472557,900.87,0.0
51.5,-113.5,2026-09-17 22:24:58,17.146000000000015,55.40826950073242,5.997648013472558,913.44,0.0
51.5,-113.0,2026-09-17 22:24:58,17.985000000000014,41.45826950073243,1.5156480134725572,924.41,0.0
51.5,-112.5,2026-09-17 22:24:58,15.187000000000012,66.35826950073242,2.721648013472557,921.46,0.0
51.5,-112.0,2026-09-17 22:24:58,16.805000000000007,59.93326950073242,6.573648013472558,912.57,0.0
51.5,-111.5,2026-09-17 22:24:58,15.902000000000044,69.93326950073242,10.677648013472558,928.96,0.0075
51.5,-111.0,2026-09-17 22:24:58,16.537000000000035,71.00826950073242,11.055648013472558,926.96,0.061
51.5,-110.5,2026-09-17 22:24:58,17.547000000000025,66.90826950073243,11.091648013472557,929.96,0.0
51.5,-110.0,2026-09-17 22:24:58,17.295000000000016,66.12712936401367,15.234304793536666,937.0,0.0
51.5,-109.5,2026-09-17 22:24:58,18.747000000000014,54.002129364013676,15.864304793536665,934.55,0.0
51.5,-109.0,2026-09-17 22:24:58,18.170000000000016,59.55212936401367,18.906304793536663,937.57,0.0
51.5,-108.5,2026-09-17 22:24:58,17.186000000000035,63.777129364013675,22.488304793536663,936.94,0.0
51.5,-108.0,2026-09-17 22:24:58,19.102000000000032,50.377129364013676,25.026304793536664,949.27,0.0
51.5,-107.5,2026-09-17 22:24:58,18.87700000000001,52.22712936401368,24.684304793536665,953.56,0.0
51.5,-107.0,2026-09-17 22:24:58,19.142000000000053,46.80212936401367,27.96030479353666,958.7,0.0
51.5,-106.5,2026-09-17 22:24:58,17.623000000000047,56.152129364013675,25.926304793536666,955.96,0.0
51.5,-106.0,2026-09-17 22:24:58,18.34400000000005,45.55212936401367,26.484304793536666,946.21,0.0
51.5,-105.5,2026-09-17 22:24:58,17.059000000000026,60.85212936401368,24.450304793536663,959.84,0.0
51.5,-105.0,2026-09-17 22:24:58,17.484000000000037,59.17712936401367,22.578304793536667,962.19,0.0
51.5,-104.5,2026-09-17 22:24:58,16.620000000000005,61.252129364013676,22.398304793536663,952.17,0.023
51.5,-104.0,2026-09-17 22:24:58,17.05000000000001,56.752129364013676,20.904304793536664,950.09,0.122
51.5,-103.5,2026-09-17 22:24:58,17.00400000000002,61.10212936401368,18.636304793536663,951.64,0.061
51.5,-103.0,2026-09-17 22:24:58,17.661,64.35212936401368,17.196304793536665,962.52,0.046
51.5,-102.5,2026-09-17 22:24:58,16.41500000000002,66.92712936401368,16.818304793536665,968.77,0.3205
51.5,-102.0,2026-09-17 22:24:58,17.144000000000005,60.877129364013676,16.99830479353666,969.3,0.3435
51.5,-101.5,2026-09-17 22:24:58,16.013000000000034,59.377129364013676,12.498304793536665,954.81,1.0985
51.5,-101.0,2026-09-17 22:24:58,16.601000000000056,39.82712936401367,8.898304793536663,949.01,0.908
51.5,-100.5,2026-09-17 22:24:58,16.442000000000007,51.127129364013676,8.142304793536663,980.71,0.0075
51.5,-100.0,2026-09-17 22:24:58,15.867000000000019,60.32712936401367,9.960304793536665,995.43,0.183
51.5,-99.5,2026-09-17 22:24:58,15.782000000000039,58.20212936401367,8.106304793536664,997.51,0.183
51.5,-99.0,2026-09-17 22:24:58,14.959000000000003,61.752129364013676,6.630304793536663,998.11,0.23650000000000002
51.5,-98.5,2026-09-17 22:24:58,13.723000000000013,61.22712936401368,0.9063047935366632,999.09,0.1905
51.5,-98.0,2026-09-17 22:24:58,15.513000000000034,53.67712936401367,1.3023047935366632,995.46,0.084
51.5,-97.5,2026-09-17 22:24:58,15.613000000000056,52.80212936401367,2.1483047935366635,1000.04,0.061
51.5,-97.0,2026-09-17 22:24:58,14.719000000000051,55.252129364013676,3.102304793536663,1001.02,0.061
51.5,-96.5,2026-09-17 22:24:58,15.12700000000001,45.85212936401368,4.056304793536664,1000.75,0.046
51.5,-96.0,2026-09-17 22:24:58,14.552000000000021,41.502129364013676,6.7203047935366635,996.3,0.0155
51.5,-95.5,2026-09-17 22:24:58,13.691000000000031,39.777129364013675,8.916304793536664,990.91,0.0155
51.5,-95.0,2026-09-17 22:24:58,12.221000000000004,47.57279663085938,8.954255240142347,985.28,0.023
51.5,-94.5,2026-09-17 22:24:58,11.317000000000007,49.397796630859375,17.162255240142347,982.17,0.0155
51.5,-94.0,2026-09-17 22:24:58,11.30400000000003,49.772796630859375,11.492255240142347,978.44,0.107
51.5,-93.5,2026-09-17 22:24:58,11.154000000000053,49.147796630859375,19.592255240142347,979.15,0.16
51.5,-93.0,2026-09-17 22:24:58,11.12700000000001,47.372796630859376,14.192255240142346,974.98,0.2135
51.5,-92.5,2026-09-17 22:24:58,11.01600000000002,51.772796630859375,17.144255240142346,975.83,0.16
51.5,-92.0,2026-09-17 22:24:58,11.049000000000035,52.42279663085938,21.770255240142347,977.7,0.0685
51.5,-91.5,2026-09-17 22:24:58,11.295000000000016,48.54779663085938,17.288255240142348,977.1,0.0535
51.5,-91.0,2026-09-17 22:24:58,11.703000000000031,47.022796630859375,18.908255240142346,978.83,0.2745
51.5,-90.5,2026-09-17 22:24:58,11.701000000000022,47.72279663085938,17.720255240142343,979.54,0.5415
51.5,-90.0,2026-09-17 22:24:58,11.963000000000022,48.247796630859376,18.404255240142348,981.3,0.3435
51.5,-89.5,2026-09-17 22:24:58,11.982000000000028,49.29779663085938,19.016255240142346,980.41,0.183
51.5,-89.0,2026-09-17 22:24:58,12.772000000000048,46.772796630859375,18.242255240142345,984.23,0.0765
51.5,-88.5,2026-09-17 22:24:58,12.384000000000015,55.07279663085938,28.916255240142345,988.9,0.1375
51.5,-88.0,2026-09-17 22:24:58,12.33200000000005,58.647796630859375,26.540255240142347,989.38,0.1525
51.5,-87.5,2026-09-17 22:24:58,12.217000000000041,59.397796630859375,19.106255240142346,987.48,0.0535
51.5,-87.0,2026-09-17 22:24:58,10.709000000000003,62.522796630859375,21.482255240142347,991.63,0.0535
51.5,-86.5,2026-09-17 22:24:58,12.735000000000014,64.09779663085938,18.386255240142347,997.31,0.847
51.5,-86.0,2026-09-17 22:24:58,13.202000000000055,63.42279663085938,17.162255240142347,1000.72,0.2595
51.5,-85.5,2026-09-17 22:24:58,13.360000000000014,66.47279663085938,18.440255240142346,1001.4,0.122
51.5,-85.0,2026-09-17 22:24:58,13.593000000000018,66.44779663085937,17.720255240142343,1001.48,0.0305
51.5,-84.5,2026-09-17 22:24:58,15.045000000000016,61.247796630859376,19.286255240142346,1003.52,0.0155
51.5,-84.0,2026-09-17 22:24:58,15.66700000000003,59.04779663085938,17.072255240142347,1007.7,0.023
51.5,-83.5,2026-09-17 22:24:58,15.480000000000018,60.42279663085938,15.398255240142346,1010.34,0.0685
51.5,-83.0,2026-09-17 22:24:58,15.677000000000021,56.09779663085938,14.786255240142346,1009.63,0.1985
51.5,-82.5,2026-09-17 22:24:58,15.774000000000001,56.272796630859375,14.876255240142344,1009.74,0.4805
51.5,-82.0,2026-09-17 22:24:58,15.81800000000004,59.272796630859375,14.624255240142347,1008.74,0.1525
51.5,-81.5,2026-09-17 22:24:58,16.138000000000034,61.57279663085938,13.670255240142346,1010.38,0.046
51.5,-81.0,2026-09-17 22:24:58,15.991000000000042,65.44779663085937,15.632255240142348,1013.48,0.038
51.5,-80.5,2026-09-17 22:24:58,15.797000000000025,68.47279663085938,16.100255240142346,1018.16,0.038
51.5,-79.5,2026-09-17 22:24:58,13.70700000000005,74.89779663085938,20.060255240142347,1018.3,0.313
51.5,-79.0,2026-09-17 22:24:58,15.027000000000044,71.77279663085938,20.348255240142347,1018.48,0.168
51.5,-78.5,2026-09-17 22:24:58,15.345000000000027,67.32279663085937,21.482255240142347,1013.27,1.938
51.5,-78.0,2026-09-17 22:24:58,14.66700000000003,64.92279663085938,21.734255240142346,1005.43,0.3205
51.5,-77.5,2026-09-17 22:24:58,13.498000000000047,67.69779663085937,16.676255240142346,996.91,0.679
51.5,-77.0,2026-09-17 22:24:58,12.137,71.47279663085938,22.580255240142346,994.2,0.664
51.5,-76.5,2026-09-17 22:24:58,11.51400000000001,68.99779663085938,18.242255240142345,993.77,0.328
51.5,-76.0,2026-09-17 22:24:58,9.882000000000005,69.84779663085938,16.190255240142346,988.59,0.366
51.5,-75.5,2026-09-17 22:24:58,8.873000000000047,73.72279663085938,14.624255240142347,987.04,0.3965
51.5,-75.0,2026-09-17 22:24:58,8.77600000000001,71.67279663085938,12.968255240142346,985.34,0.656
51.5,-74.5,2026-09-17 22:24:58,8.781000000000006,71.47279663085938,11.114255240142347,982.27,0.4045
51.5,-74.0,2026-09-17 22:24:58,9.01400000000001,67.42279663085938,11.240255240142345,980.06,0.244
51.5,-73.5,2026-09-17 22:24:58,8.740000000000009,59.92279663085938,8.522255240142346,970.93,0.5720000000000001
51.5,-73.0,2026-09-17 22:24:58,7.025000000000034,62.397796630859375,8.540255240142345,959.41,0.5720000000000001
51.5,-72.5,2026-09-17 22:24:58,7.084000000000003,66.02279663085938,7.532255240142346,963.1,0.0765
51.5,-72.0,2026-09-17 22:24:58,6.925000000000011,62.247796630859376,6.632255240142346,948.63,0.511
51.5,-71.5,2026-09-17 22:24:58,8.060000000000002,58.97279663085938,5.570255240142346,957.45,0.5265
51.5,-71.0,2026-09-17 22:24:58,6.527000000000044,61.92279663085938,5.876255240142346,946.68,1.2510000000000001
51.5,-70.5,2026-09-17 22:24:58,7.199000000000012,57.147796630859375,2.9602552401423456,946.57,0.267
51.5,-70.0,2026-09-17 22:24:58,7.0540000000000305,60.147796630859375,4.112255240142346,955.8,0.374
51.5,-69.5,2026-09-17 22:24:58,7.8250000000000455,55.79779663085938,5.1022552401423455,959.12,0.1375
51.5,-69.0,2026-09-17 22:24:58,8.108000000000004,52.897796630859375,3.1942552401423456,972.6,0.23650000000000002
51.5,-68.5,2026-09-17 22:24:58,8.26600000000002,52.647796630859375,4.760255240142346,967.02,0.244
51.5,-68.0,2026-09-17 22:24:58,4.753000000000043,68.77279663085938,9.260255240142346,920.36,1.1445
51.5,-67.5,2026-09-17 22:24:58,5.9150000000000205,62.999131774902345,9.379754499703646,941.06,0.8085
51.5,-67.0,2026-09-17 22:24:58,7.6510000000000105,53.899131774902344,7.327754499703647,955.3,0.458
51.5,-66.5,2026-09-17 22:24:58,6.680000000000007,56.399131774902344,9.667754499703646,937.63,0.3435
51.5,-66.0,2026-09-17 22:24:58,7.359000000000037,54.94913177490235,9.865754499703645,939.27,0.107
51.5,-65.5,2026-09-17 22:24:58,7.795000000000016,57.82413177490235,12.475754499703646,949.17,0.038
51.5,-65.0,2026-09-17 22:24:58,7.7140000000000555,60.57413177490235,9.775754499703647,946.12,0.061
51.5,-64.5,2026-09-17 22:24:58,7.348000000000013,57.42413177490235,9.865754499703645,928.09,0.099
51.5,-64.0,2026-09-17 22:24:58,9.489000000000033,53.84913177490235,10.801754499703646,953.57,0.0535
51.5,-63.5,2026-09-17 22:24:58,9.624000000000024,52.07413177490235,13.105754499703647,958.42,0.046
51.5,-63.0,2026-09-17 22:24:58,8.291000000000054,58.249131774902345,14.815754499703647,950.82,0.229
51.5,-62.5,2026-09-17 22:24:58,10.557000000000016,50.69913177490235,14.923754499703644,968.44,0.038
51.5,-62.0,2026-09-17 22:24:58,10.925000000000011,50.22413177490235,11.611754499703647,977.27,0.046
51.5,-61.5,2026-09-17 22:24:58,10.708000000000027,52.17413177490235,15.337754499703646,969.63,0.0305
51.5,-61.0,2026-09-17 22:24:58,9.836000000000013,56.92413177490235,17.209754499703646,962.08,0.038
51.5,-60.5,2026-09-17 22:24:58,10.184000000000026,54.79913177490235,19.495754499703647,961.97,0.038
51.5,-60.0,2026-09-17 22:24:58,12.008000000000038,50.44913177490235,18.001754499703647,986.07,0.046
51.5,-59.5,2026-09-17 22:24:58,12.006000000000029,52.749131774902345,16.237754499703644,984.85,0.1375
51.5,-59.0,2026-09-17 22:24:58,11.942000000000007,53.399131774902344,19.333754499703648,986.47,0.328
51.5,-58.5,2026-09-17 22:24:58,13.860000000000014,47.54913177490235,16.669754499703647,1000.41,0.16
51.5,-58.0,2026-09-17 22:24:58,13.455000000000041,51.249131774902345,16.957754499703647,994.48,0.038
51.5,-57.5,2026-09-17 22:24:58,15.185000000000002,46.92413177490235,18.631754499703646,1009.07,0.0685
51.5,-57.0,2026-09-17 22:24:58,13.94300000000004,55.999131774902345,18.397754499703648,1000.22,0.038
51.5,-56.5,2026-09-17 22:24:58,12.376000000000033,68.57413177490234,18.109754499703648,1015.74,0.0075
51.5,-56.0,2026-09-17 22:24:58,14.926000000000045,58.32413177490235,17.353754499703648,1011.8,0.0075
51.5,-55.5,2026-09-17 22:24:58,13.860000000000014,60.124131774902345,23.257754499703648,1012.06,0.0
52.0,-131.0,2026-09-17 22:24:58,15.162000000000035,86.26240158081055,12.766250153034925,1016.93,0.038
52.0,-128.5,2026-09-17 22:24:58,12.442000000000007,89.58740158081055,20.902250153034927,1021.18,0.0
52.0,-128.0,2026-09-17 22:24:58,16.630000000000052,67.38740158081055,4.162250153034925,997.81,0.1145
52.0,-127.5,2026-09-17 22:24:58,16.499000000000024,58.83740158081055,3.352250153034926,941.4,0.0
52.0,-127.0,2026-09-17 22:24:58,16.474000000000046,34.81240158081055,7.582250153034925,863.3,0.0
52.0,-126.5,2026-09-17 22:24:58,17.076000000000022,36.58740158081055,3.6762501530349256,911.18,0.0
52.0,-126.0,2026-09-17 22:24:58,13.011000000000024,23.687401580810548,5.800250153034926,814.16,0.0
52.0,-125.5,2026-09-17 22:24:58,15.600000000000023,23.11240158081055,3.1542501530349254,836.04,0.0
52.0,-125.0,2026-09-17 22:24:58,15.352000000000032,51.31240158081055,1.2462501530349255,912.04,0.0
52.0,-124.5,2026-09-17 22:24:58,15.311000000000035,46.43740158081055,4.108250153034926,894.44,0.0
52.0,-124.0,2026-09-17 22:24:58,16.68300000000005,44.06240158081055,1.7682501530349255,878.75,0.0
52.0,-123.5,2026-09-17 22:24:58,16.53800000000001,43.76240158081055,2.2542501530349255,897.24,0.0
52.0,-123.0,2026-09-17 22:24:58,16.821000000000026,42.86240158081055,5.350250153034926,882.07,0.0
52.0,-122.5,2026-09-17 22:24:58,18.100000000000023,40.23740158081055,4.342250153034926,909.42,0.0
52.0,-122.0,2026-09-17 22:24:58,17.958000000000027,47.18740158081055,2.0022501530349257,910.79,0.0
52.0,-121.5,2026-09-17 22:24:58,18.107000000000028,41.38740158081055,2.920250153034926,896.53,0.0
52.0,-121.0,2026-09-17 22:24:58,16.74000000000001,41.06240158081055,3.3342501530349256,893.93,0.0
52.0,-120.5,2026-09-17 22:24:58,16.741000000000042,43.21240158081055,4.720250153034926,880.47,0.0
52.0,-120.0,2026-09-17 22:24:58,15.38900000000001,54.65826950073242,2.865648013472557,901.21,0.0
52.0,-119.5,2026-09-17 22:24:58,13.051000000000045,49.15826950073242,2.253648013472557,840.96,0.0
52.0,-119.0,2026-09-17 22:24:58,11.073000000000036,50.80826950073242,6.4296480134725575,811.44,0.0
52.0,-118.5,2026-09-17 22:24:58,11.527000000000044,56.03326950073242,3.4236480134725573,836.67,0.0
52.0,-118.0,2026-09-17 22:24:58,11.112000000000023,56.65826950073242,4.521648013472557,822.68,0.0
52.0,-117.5,2026-09-17 22:24:58,9.844000000000051,59.05826950073242,2.9196480134725573,782.7,0.0
52.0,-117.0,2026-09-17 22:24:58,5.746000000000038,58.28326950073242,5.061648013472557,740.1,0.0
52.0,-116.5,2026-09-17 22:24:58,13.971000000000004,38.33326950073242,4.953648013472558,843.62,0.0
52.0,-116.0,2026-09-17 22:24:58,14.38900000000001,34.508269500732425,2.757648013472557,804.0,0.0
52.0,-115.5,2026-09-17 22:24:58,16.048000000000002,43.883269500732425,2.289648013472557,845.6,0.0
52.0,-115.0,2026-09-17 22:24:58,17.69100000000003,38.78326950073242,4.143648013472557,876.52,0.0
52.0,-114.5,2026-09-17 22:24:58,20.222000000000037,31.208269500732424,2.181648013472557,899.07,0.0
52.0,-114.0,2026-09-17 22:24:58,19.79400000000004,31.808269500732422,1.7316480134725571,910.61,0.0
52.0,-113.5,2026-09-17 22:24:58,17.349000000000046,51.93326950073242,3.297648013472557,911.63,0.0
52.0,-113.0,2026-09-17 22:24:58,18.612000000000023,42.53326950073242,1.7316480134725571,914.39,0.0075
52.0,-112.5,2026-09-17 22:24:58,17.496000000000038,47.40826950073242,4.161648013472558,922.66,0.0075
52.0,-112.0,2026-09-17 22:24:58,17.819000000000017,50.633269500732425,5.529648013472557,924.49,0.0
52.0,-111.5,2026-09-17 22:24:58,16.382000000000005,67.78326950073243,9.759648013472557,926.93,0.0
52.0,-111.0,2026-09-17 22:24:58,16.576000000000022,72.80826950073242,12.153648013472557,927.85,0.0
52.0,-110.5,2026-09-17 22:24:58,17.810000000000002,68.60826950073242,13.197648013472557,938.6,0.0
52.0,-110.0,2026-09-17 22:24:58,16.660000000000025,65.50212936401367,17.394304793536666,935.83,0.0
52.0,-109.5,2026-09-17 22:24:58,18.67700000000002,53.92712936401367,17.916304793536664,937.51,0.0
52.0,-109.0,2026-09-17 22:24:58,18.031000000000006,61.67712936401367,18.204304793536664,942.01,0.0
52.0,-108.5,2026-09-17 22:24:58,18.20300000000003,60.10212936401368,20.904304793536664,940.5,0.0
52.0,-108.0,2026-09-17 22:24:58,18.17100000000005,59.527129364013675,23.262304793536664,945.9,0.0
52.0,-107.5,2026-09-17 22:24:58,19.126000000000033,52.377129364013676,23.568304793536665,956.11,0.0
52.0,-107.0,2026-09-17 22:24:58,18.34200000000004,56.97712936401368,24.144304793536666,959.85,0.0
52.0,-106.5,2026-09-17 22:24:58,18.488000000000056,53.42712936401367,25.872304793536667,961.23,0.0
52.0,-106.0,2026-09-17 22:24:58,18.53800000000001,54.70212936401367,24.450304793536663,960.09,0.0
52.0,-105.5,2026-09-17 22:24:58,17.348000000000013,58.652129364013675,24.162304793536663,957.94,0.0
52.0,-105.0,2026-09-17 22:24:58,16.751000000000033,62.72712936401368,23.622304793536667,957.34,0.0
52.0,-104.5,2026-09-17 22:24:58,16.886000000000024,66.42712936401368,20.094304793536665,962.46,0.244
52.0,-104.0,2026-09-17 22:24:58,17.128000000000043,65.70212936401367,17.304304793536662,961.81,0.3355
52.0,-103.5,2026-09-17 22:24:58,17.42700000000002,63.35212936401368,17.952304793536666,957.51,0.305
52.0,-103.0,2026-09-17 22:24:58,16.880000000000052,63.277129364013675,15.576304793536664,953.12,0.313
52.0,-102.5,2026-09-17 22:24:58,15.91500000000002,68.92712936401368,16.71030479353666,962.73,1.816
52.0,-102.0,2026-09-17 22:24:58,15.408000000000015,71.57712936401367,12.858304793536663,966.94,1.7625
52.0,-101.5,2026-09-17 22:24:58,15.512,66.20212936401367,3.336304793536663,980.51,1.0225
52.0,-101.0,2026-09-17 22:24:58,18.326000000000022,35.67712936401367,3.354304793536663,967.59,0.862
52.0,-100.5,2026-09-17 22:24:58,16.345000000000027,55.82712936401367,9.258304793536663,988.86,0.656
52.0,-100.0,2026-09-17 22:24:58,15.29200000000003,64.65212936401367,14.100304793536663,996.05,1.709
52.0,-99.5,2026-09-17 22:24:58,15.515000000000043,60.82712936401367,7.296304793536663,996.75,1.77
52.0,-99.0,2026-09-17 22:24:58,15.234000000000037,57.30212936401367,4.3983047935366635,995.29,0.1525
52.0,-98.5,2026-09-17 22:24:58,15.047000000000025,52.92712936401367,1.824304793536663,998.76,0.0155
52.0,-98.0,2026-09-17 22:24:58,13.271000000000015,45.252129364013676,3.624304793536663,1002.58,0.0305
52.0,-97.5,2026-09-17 22:24:58,13.628000000000043,44.152129364013675,6.918304793536663,1001.44,0.107
52.0,-97.0,2026-09-17 22:24:58,12.262,59.252129364013676,6.342304793536663,1002.66,0.1985
52.0,-96.5,2026-09-17 22:24:58,14.355000000000018,49.72712936401368,5.586304793536663,999.35,0.023
52.0,-96.0,2026-09-17 22:24:58,13.397000000000048,46.92712936401367,8.808304793536664,993.55,0.763
52.0,-95.5,2026-09-17 22:24:58,11.898000000000025,50.57712936401367,15.630304793536663,991.76,0.229
52.0,-95.0,2026-09-17 22:24:58,11.840000000000032,50.59779663085938,9.926255240142346,989.41,1.3885
52.0,-94.5,2026-09-17 22:24:58,11.097000000000037,52.147796630859375,11.816255240142345,985.2,0.122
52.0,-94.0,2026-09-17 22:24:58,11.220000000000027,50.29779663085938,12.770255240142346,985.34,0.0
52.0,-93.5,2026-09-17 22:24:58,10.862000000000023,50.67279663085938,13.544255240142345,979.47,0.0
52.0,-93.0,2026-09-17 22:24:58,10.948000000000036,51.84779663085938,15.596255240142344,981.79,0.0155
52.0,-92.5,2026-09-17 22:24:58,10.454000000000008,48.622796630859376,16.442255240142348,976.26,0.0
52.0,-92.0,2026-09-17 22:24:58,10.246000000000038,50.647796630859375,22.976255240142347,974.62,0.0
52.0,-91.5,2026-09-17 22:24:58,10.482000000000028,45.522796630859375,17.864255240142345,976.58,0.0
52.0,-91.0,2026-09-17 22:24:58,10.602000000000032,47.84779663085938,24.380255240142347,979.56,0.0155
52.0,-90.5,2026-09-17 22:24:58,10.603000000000009,48.022796630859375,24.812255240142346,976.76,0.099
52.0,-90.0,2026-09-17 22:24:58,10.658000000000015,48.997796630859376,20.690255240142346,980.66,0.046
52.0,-89.5,2026-09-17 22:24:58,10.685000000000002,55.522796630859375,31.202255240142346,983.48,0.0155
52.0,-89.0,2026-09-17 22:24:58,11.146000000000015,51.72279663085938,24.074255240142346,985.27,0.17550000000000002
52.0,-88.5,2026-09-17 22:24:58,11.249000000000024,60.247796630859376,33.866255240142344,989.36,0.0765
52.0,-88.0,2026-09-17 22:24:58,11.358000000000004,57.44779663085938,20.29425524014235,986.12,0.1295
52.0,-87.5,2026-09-17 22:24:58,11.490000000000009,64.19779663085937,20.906255240142347,991.83,0.374
52.0,-87.0,2026-09-17 22:24:58,11.608000000000004,61.647796630859375,18.296255240142344,993.54,0.3205
52.0,-86.5,2026-09-17 22:24:58,10.788000000000011,70.59779663085938,26.000255240142348,996.12,0.9005
52.0,-86.0,2026-09-17 22:24:58,11.774000000000001,68.82279663085937,18.692255240142348,998.26,2.0525
52.0,-85.5,2026-09-17 22:24:58,11.959000000000003,69.59779663085938,15.866255240142346,998.8,2.098
52.0,-85.0,2026-09-17 22:24:58,12.274000000000001,68.69779663085937,17.000255240142348,1001.53,1.3045
52.0,-84.5,2026-09-17 22:24:58,12.825000000000045,69.12279663085938,17.684255240142345,1004.41,0.862
52.0,-84.0,2026-09-17 22:24:58,14.055000000000007,65.57279663085937,17.684255240142345,1007.8,0.5035000000000001
52.0,-83.5,2026-09-17 22:24:58,14.710000000000036,64.39779663085938,16.820255240142345,1008.98,0.20600000000000002
52.0,-83.0,2026-09-17 22:24:58,15.120000000000005,59.69779663085938,14.444255240142347,1010.84,0.2135
52.0,-82.5,2026-09-17 22:24:58,15.214000000000055,58.79779663085938,14.120255240142345,1012.63,0.2745
52.0,-82.0,2026-09-17 22:24:58,14.963000000000022,63.247796630859376,14.012255240142345,1014.06,0.5415
52.0,-81.5,2026-09-17 22:24:58,15.467000000000041,62.647796630859375,13.166255240142346,1016.13,0.374
52.0,-81.0,2026-09-17 22:24:58,14.115000000000009,73.47279663085938,12.104255240142345,1017.76,0.0685
52.0,-79.5,2026-09-17 22:24:58,12.650000000000034,84.22279663085938,17.630255240142347,1014.85,0.252
52.0,-79.0,2026-09-17 22:24:58,10.508000000000038,85.37279663085938,20.906255240142347,1019.24,0.084
52.0,-78.5,2026-09-17 22:24:58,9.351000000000056,93.27279663085938,4.958255240142345,1017.19,0.183
52.0,-78.0,2026-09-17 22:24:58,10.048000000000002,82.59779663085938,11.690255240142346,1005.6,1.274
52.0,-77.5,2026-09-17 22:24:58,10.327000000000055,80.87279663085938,17.864255240142345,996.02,1.053
52.0,-77.0,2026-09-17 22:24:58,9.864000000000033,78.99779663085938,18.476255240142347,993.86,1.0070000000000001
52.0,-76.5,2026-09-17 22:24:58,10.555000000000007,72.39779663085938,17.59425524014235,994.02,1.053
52.0,-76.0,2026-09-17 22:24:58,9.121000000000038,73.02279663085938,14.102255240142346,989.38,1.2055
52.0,-75.5,2026-09-17 22:24:58,8.913000000000011,73.84779663085938,14.966255240142345,987.14,0.7020000000000001
52.0,-75.0,2026-09-17 22:24:58,9.149000000000001,68.69779663085937,11.924255240142347,983.27,1.2435
52.0,-74.5,2026-09-17 22:24:58,9.487000000000023,66.22279663085938,10.916255240142346,981.15,1.5565
52.0,-74.0,2026-09-17 22:24:58,8.474000000000046,68.42279663085938,8.486255240142347,981.16,0.328
52.0,-73.5,2026-09-17 22:24:58,7.618000000000052,65.82279663085937,6.434255240142346,980.34,0.58
52.0,-73.0,2026-09-17 22:24:58,7.535000000000025,67.59779663085938,7.7302552401423466,973.17,0.511
52.0,-72.5,2026-09-17 22:24:58,7.980000000000018,59.47279663085938,6.452255240142345,963.3,0.74
52.0,-72.0,2026-09-17 22:24:58,5.751000000000033,69.39779663085938,11.168255240142347,936.05,2.762
52.0,-71.5,2026-09-17 22:24:58,5.380000000000052,71.72279663085938,11.258255240142347,937.79,0.9155
52.0,-71.0,2026-09-17 22:24:58,5.974000000000046,68.04779663085938,8.738255240142346,944.45,0.717
52.0,-70.5,2026-09-17 22:24:58,5.577000000000055,66.92279663085938,6.8122552401423455,939.37,0.366
52.0,-70.0,2026-09-17 22:24:58,5.371000000000038,72.12279663085938,8.018255240142345,933.02,0.427
52.0,-69.5,2026-09-17 22:24:58,7.203000000000031,56.94779663085938,2.8702552401423453,952.07,0.511
52.0,-69.0,2026-09-17 22:24:58,8.069000000000017,54.44779663085938,3.8602552401423456,964.64,0.519
52.0,-68.5,2026-09-17 22:24:58,7.993000000000052,57.022796630859375,8.378255240142346,969.25,0.4045
52.0,-68.0,2026-09-17 22:24:58,6.491000000000042,60.29779663085938,8.954255240142347,946.02,0.5495
52.0,-67.5,2026-09-17 22:24:58,6.678000000000054,56.44913177490235,13.195754499703646,957.34,0.1145
52.0,-67.0,2026-09-17 22:24:58,6.774000000000001,59.72413177490235,12.583754499703646,956.54,0.23650000000000002
52.0,-66.5,2026-09-17 22:24:58,6.910000000000025,57.84913177490235,11.611754499703647,950.27,0.74
52.0,-66.0,2026-09-17 22:24:58,6.746000000000038,58.82413177490235,10.531754499703645,939.29,0.3585
52.0,-65.5,2026-09-17 22:24:58,7.55600000000004,55.29913177490235,10.765754499703647,947.2,0.168
52.0,-65.0,2026-09-17 22:24:58,7.7140000000000555,58.124131774902345,13.915754499703647,950.66,0.3205
52.0,-64.5,2026-09-17 22:24:58,8.293000000000006,55.374131774902345,12.205754499703646,957.07,0.244
52.0,-64.0,2026-09-17 22:24:58,7.930000000000007,58.899131774902344,13.915754499703647,958.86,0.3435
52.0,-63.5,2026-09-17 22:24:58,8.617000000000019,56.84913177490235,16.111754499703647,956.66,0.23650000000000002
52.0,-63.0,2026-09-17 22:24:58,8.614000000000033,59.149131774902344,25.093754499703646,956.3,0.2135
52.0,-62.5,2026-09-17 22:24:58,8.630000000000052,58.874131774902345,22.71775449970365,956.41,0.229
52.0,-62.0,2026-09-17 22:24:58,8.928000000000054,57.09913177490235,15.157754499703646,966.57,0.2135
52.0,-61.5,2026-09-17 22:24:58,6.9430000000000405,67.09913177490235,17.137754499703647,956.48,0.23650000000000002
52.0,-61.0,2026-09-17 22:24:58,9.564000000000021,50.42413177490235,17.911754499703644,959.75,0.1295
52.0,-60.5,2026-09-17 22:24:58,10.393000000000029,50.97413177490235,18.721754499703646,967.9,0.107
52.0,-60.0,2026-09-17 22:24:58,11.124000000000024,48.07413177490235,20.341754499703647,971.28,0.107
52.0,-59.5,2026-09-17 22:24:58,10.92900000000003,46.84913177490235,20.521754499703647,965.3,0.0075
52.0,-59.0,2026-09-17 22:24:58,11.269000000000005,50.649131774902344,20.161754499703644,973.95,0.1525
52.0,-58.5,2026-09-17 22:24:58,11.323000000000036,48.82413177490235,17.623754499703647,973.37,0.122
52.0,-58.0,2026-09-17 22:24:58,10.513000000000034,52.94913177490235,17.389754499703646,970.78,0.107
52.0,-57.5,2026-09-17 22:24:58,10.743000000000052,53.04913177490235,18.721754499703646,971.4,0.0915
52.0,-57.0,2026-09-17 22:24:58,10.27800000000002,57.34913177490235,23.239754499703647,969.24,0.023
52.0,-56.5,2026-09-17 22:24:58,11.342000000000041,55.124131774902345,20.539754499703648,986.81,0.0075
52.0,-56.0,2026-09-17 22:24:58,11.993000000000052,56.57413177490235,21.385754499703648,988.24,0.0915
52.0,-55.5,2026-09-17 22:24:58,10.033000000000015,73.24913177490235,22.429754499703648,1014.87,0.038
52.5,-131.5,2026-09-17 22:24:58,16.062000000000012,78.43740158081056,3.766250153034925,1007.89,0.0
52.5,-129.0,2026-09-17 22:24:58,14.390000000000043,80.76240158081055,20.200250153034926,1018.92,0.0075
52.5,-128.5,2026-09-17 22:24:58,16.77000000000004,72.03740158081055,4.0002501530349255,997.66,0.0155
52.5,-128.0,2026-09-17 22:24:58,16.370000000000005,72.71240158081055,4.612250153034926,1005.81,0.0305
52.5,-127.5,2026-09-17 22:24:58,16.44100000000003,56.48740158081055,3.802250153034925,943.32,0.0155
52.5,-127.0,2026-09-17 22:24:58,16.42100000000005,46.31240158081055,6.340250153034925,878.75,0.0
52.5,-126.5,2026-09-17 22:24:58,16.20300000000003,40.26240158081055,5.188250153034925,863.97,0.046
52.5,-126.0,2026-09-17 22:24:58,14.007000000000005,33.912401580810545,4.432250153034926,824.69,0.0
52.5,-125.5,2026-09-17 22:24:58,15.838000000000022,36.162401580810545,2.848250153034926,883.04,0.0
52.5,-125.0,2026-09-17 22:24:58,15.330000000000041,35.26240158081055,4.4682501530349255,871.35,0.0
52.5,-124.5,2026-09-17 22:24:58,17.30600000000004,31.28740158081055,3.802250153034925,873.11,0.0
52.5,-124.0,2026-09-17 22:24:58,17.023000000000025,36.58740158081055,4.972250153034926,878.05,0.0
52.5,-123.5,2026-09-17 22:24:58,17.65500000000003,37.43740158081055,1.1562501530349254,893.32,0.0
52.5,-123.0,2026-09-17 22:24:58,18.00200000000001,36.36240158081055,3.064250153034926,883.77,0.0
52.5,-122.5,2026-09-17 22:24:58,17.59200000000004,44.08740158081055,2.2362501530349252,937.57,0.0
52.5,-122.0,2026-09-17 22:24:58,18.16300000000001,42.28740158081055,0.6162501530349255,910.8,0.0
52.5,-121.5,2026-09-17 22:24:58,17.63100000000003,39.53740158081055,0.6162501530349255,921.92,0.0
52.5,-121.0,2026-09-17 22:24:58,14.591000000000008,59.76240158081055,3.874250153034925,916.65,0.0
52.5,-120.5,2026-09-17 22:24:58,12.603000000000009,54.81240158081055,7.042250153034926,826.32,0.0
52.5,-120.0,2026-09-17 22:24:58,12.40100000000001,60.233269500732426,4.341648013472557,838.92,0.0
52.5,-119.5,2026-09-17 22:24:58,11.719000000000051,59.43326950073242,3.9096480134725575,838.95,0.0
52.5,-119.0,2026-09-17 22:24:58,10.503000000000043,50.108269500732426,6.375648013472557,801.97,0.0
52.5,-118.5,2026-09-17 22:24:58,9.914000000000044,53.90826950073242,5.709648013472558,790.14,0.0
52.5,-118.0,2026-09-17 22:24:58,10.013000000000034,42.508269500732425,6.519648013472557,780.29,0.0
52.5,-117.5,2026-09-17 22:24:58,9.285000000000025,47.43326950073242,5.871648013472557,786.85,0.0
52.5,-117.0,2026-09-17 22:24:58,10.54400000000004,38.30826950073242,7.815648013472558,765.31,0.0
52.5,-116.5,2026-09-17 22:24:58,14.977000000000032,24.308269500732422,1.4796480134725571,803.3,0.0
52.5,-116.0,2026-09-17 22:24:58,14.839000000000055,36.90826950073242,3.3876480134725573,850.88,0.0
52.5,-115.5,2026-09-17 22:24:58,18.281000000000006,36.258269500732425,2.433648013472557,882.83,0.0
52.5,-115.0,2026-09-17 22:24:58,19.709000000000003,36.233269500732426,2.469648013472557,908.36,0.0
52.5,-114.5,2026-09-17 22:24:58,18.763000000000034,44.93326950073242,3.153648013472557,908.71,0.0
52.5,-114.0,2026-09-17 22:24:58,14.284000000000049,84.45826950073243,0.6336480134725571,914.94,0.0
52.5,-113.5,2026-09-17 22:24:58,18.312000000000012,48.483269500732426,0.7596480134725571,917.33,0.0
52.5,-113.0,2026-09-17 22:24:58,17.386000000000024,63.28326950073242,2.001648013472557,926.36,0.0
52.5,-112.5,2026-09-17 22:24:58,18.123000000000047,46.45826950073243,3.297648013472557,929.6,0.0
52.5,-112.0,2026-09-17 22:24:58,17.313000000000045,52.93326950073242,4.539648013472558,935.16,0.0
52.5,-111.5,2026-09-17 22:24:58,16.60300000000001,69.00826950073242,9.183648013472556,931.83,0.0
52.5,-111.0,2026-09-17 22:24:58,17.362000000000023,66.55826950073242,12.045648013472558,935.72,0.0
52.5,-110.5,2026-09-17 22:24:58,18.447000000000003,60.008269500732425,14.349648013472557,938.59,0.0
52.5,-110.0,2026-09-17 22:24:58,17.722000000000037,57.002129364013676,17.592304793536663,939.68,0.0
52.5,-109.5,2026-09-17 22:24:58,18.202000000000055,55.80212936401367,17.736304793536664,941.8,0.0
52.5,-109.0,2026-09-17 22:24:58,17.222000000000037,61.277129364013675,19.140304793536664,940.81,0.023
52.5,-108.5,2026-09-17 22:24:58,16.810000000000002,64.92712936401368,21.822304793536667,936.52,0.0
52.5,-108.0,2026-09-17 22:24:58,18.576000000000022,55.57712936401367,21.858304793536664,945.1,0.0
52.5,-107.5,2026-09-17 22:24:58,18.50400000000002,53.07712936401367,24.576304793536664,956.41,0.0
52.5,-107.0,2026-09-17 22:24:58,17.634000000000015,62.527129364013675,24.738304793536663,960.49,0.0
52.5,-106.5,2026-09-17 22:24:58,17.670000000000016,60.85212936401368,24.000304793536664,959.66,0.0
52.5,-106.0,2026-09-17 22:24:58,17.571000000000026,64.00212936401367,23.208304793536666,961.64,2.3955
52.5,-105.5,2026-09-17 22:24:58,17.531000000000006,59.152129364013675,27.204304793536664,957.89,5.165
52.5,-105.0,2026-09-17 22:24:58,17.190000000000055,61.127129364013676,27.258304793536666,960.17,3.2960000000000003
52.5,-104.5,2026-09-17 22:24:58,16.77600000000001,64.45212936401367,23.874304793536663,959.77,4.0285
52.5,-104.0,2026-09-17 22:24:58,17.32000000000005,62.57712936401367,18.492304793536665,958.05,0.7095
52.5,-103.5,2026-09-17 22:24:58,16.37700000000001,65.67712936401368,18.780304793536665,957.73,0.023
52.5,-103.0,2026-09-17 22:24:58,17.291000000000054,59.777129364013675,12.048304793536664,963.52,0.7095
52.5,-102.5,2026-09-17 22:24:58,16.095000000000027,62.47712936401368,11.958304793536662,966.53,1.6480000000000001
52.5,-102.0,2026-09-17 22:24:58,14.924000000000035,59.45212936401367,11.580304793536664,948.26,1.4265
52.5,-101.5,2026-09-17 22:24:58,14.376000000000033,53.152129364013675,11.904304793536664,939.19,0.992
52.5,-101.0,2026-09-17 22:24:58,15.536000000000001,63.252129364013676,8.736304793536663,993.8,0.389
52.5,-100.5,2026-09-17 22:24:58,15.459000000000003,66.27712936401367,11.292304793536664,992.63,1.236
52.5,-100.0,2026-09-17 22:24:58,13.623000000000047,65.20212936401367,18.438304793536663,997.07,0.4805
52.5,-99.5,2026-09-17 22:24:58,13.999000000000024,55.80212936401367,11.688304793536664,995.8,0.168
52.5,-99.0,2026-09-17 22:24:58,14.430000000000007,47.95212936401367,4.110304793536663,997.65,0.435
52.5,-98.5,2026-09-17 22:24:58,13.07000000000005,44.67712936401367,4.020304793536663,1001.62,3.6925
52.5,-98.0,2026-09-17 22:24:58,12.967000000000041,44.877129364013676,4.614304793536664,1001.99,5.081
52.5,-97.5,2026-09-17 22:24:58,12.05800000000005,60.30212936401367,6.666304793536663,1002.48,5.707
52.5,-97.0,2026-09-17 22:24:58,13.435000000000002,57.027129364013675,2.994304793536663,1000.74,6.1415
52.5,-96.5,2026-09-17 22:24:58,13.01400000000001,47.60212936401368,7.188304793536663,997.07,7.9345
52.5,-96.0,2026-09-17 22:24:58,12.644000000000005,47.45212936401367,9.186304793536664,993.62,5.844
52.5,-95.5,2026-09-17 22:24:58,12.26600000000002,47.05212936401367,12.102304793536662,990.6,3.1435
52.5,-95.0,2026-09-17 22:24:58,10.781000000000006,54.22279663085938,11.690255240142346,987.95,1.442
52.5,-94.5,2026-09-17 22:24:58,10.338000000000022,59.022796630859375,16.532255240142348,984.66,0.435
52.5,-94.0,2026-09-17 22:24:58,9.814000000000021,60.022796630859375,21.212255240142348,985.91,0.0765
52.5,-93.5,2026-09-17 22:24:58,10.210000000000036,55.44779663085938,16.712255240142348,985.65,0.0
52.5,-93.0,2026-09-17 22:24:58,9.676000000000045,58.272796630859375,25.622255240142344,987.2,0.0
52.5,-92.5,2026-09-17 22:24:58,10.008000000000038,51.97279663085938,16.712255240142348,984.03,0.0
52.5,-92.0,2026-09-17 22:24:58,10.031000000000006,54.372796630859376,18.818255240142346,983.14,0.046
52.5,-91.5,2026-09-17 22:24:58,9.676000000000045,53.647796630859375,32.26425524014235,983.65,0.0765
52.5,-91.0,2026-09-17 22:24:58,10.010000000000048,44.79779663085938,20.636255240142347,981.73,0.17550000000000002
52.5,-90.5,2026-09-17 22:24:58,10.04400000000004,46.147796630859375,20.76225524014235,981.77,0.17550000000000002
52.5,-90.0,2026-09-17 22:24:58,10.350000000000023,47.17279663085938,24.866255240142348,984.78,0.183
52.5,-89.5,2026-09-17 22:24:58,10.277000000000044,50.82279663085938,22.004255240142346,985.09,0.0155
52.5,-89.0,2026-09-17 22:24:58,10.577000000000055,50.747796630859376,24.524255240142345,984.91,0.0
52.5,-88.5,2026-09-17 22:24:58,10.70700000000005,49.82279663085938,22.166255240142345,986.87,0.0
52.5,-88.0,2026-09-17 22:24:58,11.03000000000003,52.397796630859375,26.774255240142345,990.02,0.0
52.5,-87.5,2026-09-17 22:24:58,11.346000000000004,53.022796630859375,34.17225524014235,991.09,0.0075
52.5,-87.0,2026-09-17 22:24:58,12.03000000000003,53.32279663085938,22.454255240142345,993.56,0.0765
52.5,-86.5,2026-09-17 22:24:58,12.590000000000032,58.17279663085938,22.09425524014235,997.34,0.0685
52.5,-86.0,2026-09-17 22:24:58,10.43300000000005,64.14779663085938,20.402255240142345,998.39,0.3815
52.5,-85.5,2026-09-17 22:24:58,11.336000000000013,66.62279663085938,20.29425524014235,998.04,1.0145
52.5,-85.0,2026-09-17 22:24:58,11.307000000000016,70.29779663085938,20.096255240142344,1001.96,2.075
52.5,-84.5,2026-09-17 22:24:58,11.448000000000036,69.67279663085938,16.352255240142345,1001.4,2.5175
52.5,-84.0,2026-09-17 22:24:58,12.119000000000028,71.54779663085938,18.098255240142347,1005.81,2.1135
52.5,-83.5,2026-09-17 22:24:58,13.416000000000054,67.42279663085938,16.100255240142346,1010.25,2.945
52.5,-83.0,2026-09-17 22:24:58,14.060000000000002,66.47279663085938,14.570255240142345,1012.58,2.22
52.5,-82.5,2026-09-17 22:24:58,14.642000000000053,62.897796630859375,12.392255240142346,1015.05,0.7095
52.5,-82.0,2026-09-17 22:24:58,14.078000000000031,67.32279663085937,11.114255240142347,1016.26,0.0915
52.5,-81.5,2026-09-17 22:24:58,11.668000000000006,80.04779663085938,13.382255240142346,1017.82,0.046
52.5,-79.5,2026-09-17 22:24:58,9.355000000000018,91.12279663085938,21.194255240142347,1018.74,0.45
52.5,-78.5,2026-09-17 22:24:58,8.708000000000027,92.87279663085938,12.068255240142348,1017.99,0.1905
52.5,-78.0,2026-09-17 22:24:58,8.586000000000013,87.44779663085939,13.670255240142346,1008.55,1.3735
52.5,-77.5,2026-09-17 22:24:58,8.311000000000035,86.24779663085938,16.478255240142346,999.49,1.1520000000000001
52.5,-77.0,2026-09-17 22:24:58,8.537000000000035,82.74779663085938,19.394255240142346,997.97,0.8085
52.5,-76.5,2026-09-17 22:24:58,8.399000000000001,81.27279663085938,19.880255240142347,993.74,0.6865
52.5,-76.0,2026-09-17 22:24:58,8.560000000000002,74.94779663085937,14.444255240142347,991.07,0.9385
52.5,-75.5,2026-09-17 22:24:58,7.987000000000023,79.84779663085938,15.722255240142346,985.65,1.442
52.5,-75.0,2026-09-17 22:24:58,6.2900000000000205,80.22279663085938,12.158255240142346,978.29,1.0145
52.5,-74.5,2026-09-17 22:24:58,6.802000000000021,76.19779663085937,12.392255240142346,976.83,1.198
52.5,-74.0,2026-09-17 22:24:58,5.472000000000037,78.89779663085938,11.240255240142345,971.83,2.0525
52.5,-73.5,2026-09-17 22:24:58,5.138000000000034,75.99779663085938,9.998255240142345,967.2,1.419
52.5,-73.0,2026-09-17 22:24:58,4.987000000000023,75.24779663085938,10.880255240142347,965.91,1.709
52.5,-72.5,2026-09-17 22:24:58,5.795000000000016,72.69779663085937,10.340255240142346,971.38,0.9385
52.5,-72.0,2026-09-17 22:24:58,6.447000000000003,71.19779663085937,8.162255240142345,966.78,0.6255000000000001
52.5,-71.5,2026-09-17 22:24:58,5.9430000000000405,71.74779663085938,5.876255240142346,963.98,1.045
52.5,-71.0,2026-09-17 22:24:58,5.7520000000000095,70.24779663085938,7.208255240142346,958.7,2.9145
52.5,-70.5,2026-09-17 22:24:58,4.630000000000052,71.04779663085938,8.198255240142347,940.17,1.869
52.5,-70.0,2026-09-17 22:24:58,5.837000000000046,67.59779663085938,8.378255240142346,952.18,1.5795000000000001
52.5,-69.5,2026-09-17 22:24:58,5.307000000000016,68.22279663085938,10.394255240142346,947.73,2.861
52.5,-69.0,2026-09-17 22:24:58,5.053000000000054,68.97279663085938,9.206255240142346,945.08,3.044
52.5,-68.5,2026-09-17 22:24:58,5.41700000000003,65.99779663085938,11.726255240142345,945.31,1.442
52.5,-68.0,2026-09-17 22:24:58,5.074000000000012,65.44779663085937,13.310255240142347,945.27,0.9385
52.5,-67.5,2026-09-17 22:24:58,5.004000000000019,69.17413177490235,13.339754499703647,944.05,0.6945
52.5,-67.0,2026-09-17 22:24:58,6.541000000000054,61.749131774902345,12.997754499703646,955.18,0.519
52.5,-66.5,2026-09-17 22:24:58,7.5190000000000055,58.32413177490235,16.525754499703645,960.02,1.724
52.5,-66.0,2026-09-17 22:24:58,7.483000000000004,61.399131774902344,16.705754499703644,959.76,0.717
52.5,-65.5,2026-09-17 22:24:58,7.255000000000052,59.07413177490235,12.727754499703646,958.38,0.87
52.5,-65.0,2026-09-17 22:24:58,7.670000000000016,58.19913177490235,14.329754499703647,957.9,1.5105
52.5,-64.5,2026-09-17 22:24:58,7.789000000000044,60.09913177490235,15.715754499703648,961.21,1.2815
52.5,-64.0,2026-09-17 22:24:58,8.432000000000016,58.42413177490235,17.47975449970365,960.52,0.8545
52.5,-63.5,2026-09-17 22:24:58,7.145000000000039,62.94913177490235,22.681754499703647,949.74,0.8165
52.5,-63.0,2026-09-17 22:24:58,9.098000000000013,52.72413177490235,21.853754499703648,959.62,0.3355
52.5,-62.5,2026-09-17 22:24:58,8.92100000000005,59.149131774902344,16.849754499703646,966.08,0.2215
52.5,-62.0,2026-09-17 22:24:58,7.038000000000011,65.44913177490234,18.019754499703645,969.27,0.023
52.5,-61.5,2026-09-17 22:24:58,9.66700000000003,51.97413177490235,17.137754499703647,971.2,0.061
52.5,-61.0,2026-09-17 22:24:58,10.501000000000033,50.17413177490235,20.521754499703647,974.25,0.038
52.5,-60.5,2026-09-17 22:24:58,10.763000000000034,44.749131774902345,20.251754499703647,970.5,0.0305
52.5,-60.0,2026-09-17 22:24:58,10.143000000000029,46.94913177490235,28.297754499703647,962.99,0.0
52.5,-59.5,2026-09-17 22:24:58,9.90300000000002,46.84913177490235,21.853754499703648,960.98,0.0
52.5,-59.0,2026-09-17 22:24:58,9.406000000000006,46.84913177490235,19.711754499703645,953.32,0.0075
52.5,-58.5,2026-09-17 22:24:58,10.469000000000051,47.624131774902345,18.613754499703646,972.41,0.0155
52.5,-58.0,2026-09-17 22:24:58,8.91900000000004,55.34913177490235,21.907754499703646,969.24,0.0
52.5,-57.5,2026-09-17 22:24:58,7.538000000000011,63.82413177490235,20.19775449970365,971.85,0.0
52.5,-57.0,2026-09-17 22:24:58,9.147000000000048,62.04913177490235,21.673754499703648,990.12,0.0
52.5,-56.5,2026-09-17 22:24:58,8.830000000000041,64.42413177490235,19.387754499703647,985.66,0.0075
52.5,-56.0,2026-09-17 22:24:58,11.219000000000051,60.69913177490235,26.065754499703647,1008.99,0.023
53.0,-132.5,2026-09-17 22:24:58,13.409000000000049,97.96240158081055,9.004250153034926,1023.71,0.0
53.0,-132.0,2026-09-17 22:24:58,14.458000000000027,79.83740158081055,6.286250153034926,972.79,0.084
53.0,-131.5,2026-09-17 22:24:58,13.802000000000021,91.96240158081055,9.004250153034926,1023.19,0.038
53.0,-129.5,2026-09-17 22:24:58,11.920000000000016,89.68740158081056,14.494250153034926,1021.66,0.0
53.0,-129.0,2026-09-17 22:24:58,16.660000000000025,64.58740158081055,5.4762501530349255,990.22,0.0
53.0,-128.5,2026-09-17 22:24:58,16.321000000000026,68.53740158081055,3.856250153034926,976.18,0.0075
53.0,-128.0,2026-09-17 22:24:58,18.386000000000024,49.08740158081055,4.828250153034926,939.73,0.0155
53.0,-127.5,2026-09-17 22:24:58,16.799000000000035,52.23740158081055,3.7122501530349257,928.82,0.0
53.0,-127.0,2026-09-17 22:24:58,14.473000000000013,53.71240158081055,4.432250153034926,877.51,0.0
53.0,-126.5,2026-09-17 22:24:58,14.348000000000013,50.71240158081055,3.658250153034926,844.79,0.0
53.0,-126.0,2026-09-17 22:24:58,15.732000000000028,50.91240158081055,1.1022501530349256,908.04,0.0
53.0,-125.5,2026-09-17 22:24:58,15.50200000000001,47.53740158081055,3.2802501530349257,889.27,0.0
53.0,-125.0,2026-09-17 22:24:58,16.152000000000044,45.03740158081055,3.1902501530349254,895.14,0.0
53.0,-124.5,2026-09-17 22:24:58,15.567000000000007,41.76240158081055,4.900250153034926,869.96,0.0
53.0,-124.0,2026-09-17 22:24:58,15.860000000000014,39.53740158081055,3.8202501530349258,876.92,0.0
53.0,-123.5,2026-09-17 22:24:58,17.132000000000005,42.61240158081055,1.4262501530349254,905.64,0.0
53.0,-123.0,2026-09-17 22:24:58,17.94100000000003,46.86240158081055,3.2082501530349257,912.84,0.0
53.0,-122.5,2026-09-17 22:24:58,17.487000000000023,49.53740158081055,0.20225015303492547,955.89,0.0
53.0,-122.0,2026-09-17 22:24:58,15.991000000000042,50.83740158081055,4.810250153034925,901.14,0.0
53.0,-121.5,2026-09-17 22:24:58,12.715000000000032,53.26240158081055,5.872250153034926,830.15,0.0
53.0,-121.0,2026-09-17 22:24:58,15.772000000000048,38.38740158081055,3.2802501530349257,871.74,0.0
53.0,-120.5,2026-09-17 22:24:58,5.388000000000034,64.76240158081055,11.236250153034925,756.07,0.0
53.0,-120.0,2026-09-17 22:24:58,10.749000000000024,41.15826950073242,5.097648013472558,776.52,0.0
53.0,-119.5,2026-09-17 22:24:58,14.599000000000046,47.508269500732425,2.8476480134725572,913.59,0.0
53.0,-119.0,2026-09-17 22:24:58,11.923000000000002,41.80826950073242,4.629648013472557,830.91,0.0
53.0,-118.5,2026-09-17 22:24:58,10.770000000000039,43.08326950073243,7.041648013472557,789.44,0.0
53.0,-118.0,2026-09-17 22:24:58,11.476000000000056,47.133269500732425,9.255648013472557,832.36,0.0
53.0,-117.5,2026-09-17 22:24:58,10.66500000000002,46.15826950073242,11.667648013472556,786.5,0.0
53.0,-117.0,2026-09-17 22:24:58,16.21900000000005,34.93326950073242,2.0556480134725574,839.39,0.0
53.0,-116.5,2026-09-17 22:24:58,17.837000000000046,34.358269500732426,2.901648013472557,875.53,0.0
53.0,-116.0,2026-09-17 22:24:58,19.036,30.233269500732423,2.235648013472557,888.61,0.0
53.0,-115.5,2026-09-17 22:24:58,19.491000000000042,31.933269500732422,1.9476480134725571,906.69,0.0
53.0,-115.0,2026-09-17 22:24:58,18.734000000000037,43.08326950073243,3.099648013472557,915.49,0.0
53.0,-114.5,2026-09-17 22:24:58,19.98100000000005,37.33326950073242,4.539648013472558,914.72,0.0
53.0,-114.0,2026-09-17 22:24:58,15.474000000000046,78.73326950073243,1.155648013472557,920.0,0.0
53.0,-113.5,2026-09-17 22:24:58,19.385000000000048,47.008269500732425,3.9456480134725576,927.51,0.0
53.0,-113.0,2026-09-17 22:24:58,17.73100000000005,59.03326950073242,4.521648013472557,931.5,0.0
53.0,-112.5,2026-09-17 22:24:58,19.392000000000053,43.90826950073242,5.565648013472558,934.21,0.0
53.0,-112.0,2026-09-17 22:24:58,18.01400000000001,54.508269500732425,6.573648013472558,936.75,0.0
53.0,-111.5,2026-09-17 22:24:58,17.983000000000004,52.758269500732425,9.399648013472557,936.93,0.0
53.0,-111.0,2026-09-17 22:24:58,16.241000000000042,73.95826950073243,11.235648013472558,937.26,0.0
53.0,-110.5,2026-09-17 22:24:58,16.89500000000004,75.60826950073242,12.243648013472557,943.89,0.0
53.0,-110.0,2026-09-17 22:24:58,16.45700000000005,68.35212936401368,18.240304793536666,944.93,0.0
53.0,-109.5,2026-09-17 22:24:58,17.140000000000043,67.15212936401367,15.900304793536664,948.44,0.0
53.0,-109.0,2026-09-17 22:24:58,17.260000000000048,65.15212936401367,15.774304793536663,952.94,0.023
53.0,-108.5,2026-09-17 22:24:58,16.885000000000048,68.82712936401367,14.298304793536664,955.09,0.0155
53.0,-108.0,2026-09-17 22:24:58,17.079000000000008,61.60212936401368,16.620304793536665,949.54,0.0765
53.0,-107.5,2026-09-17 22:24:58,16.725000000000023,57.20212936401367,19.734304793536666,935.17,0.305
53.0,-107.0,2026-09-17 22:24:58,16.975000000000023,56.70212936401367,22.092304793536663,954.0,0.6105
53.0,-106.5,2026-09-17 22:24:58,17.398000000000025,63.277129364013675,23.118304793536662,960.74,2.434
53.0,-106.0,2026-09-17 22:24:58,17.95700000000005,60.002129364013676,19.24830479353666,963.65,3.4410000000000003
53.0,-105.5,2026-09-17 22:24:58,18.015000000000043,62.42712936401367,22.776304793536664,968.05,4.7835
53.0,-105.0,2026-09-17 22:24:58,19.011000000000024,50.777129364013675,24.198304793536664,968.55,6.6985
53.0,-104.5,2026-09-17 22:24:58,18.511000000000024,58.152129364013675,23.442304793536664,971.13,7.6370000000000005
53.0,-104.0,2026-09-17 22:24:58,18.49000000000001,61.47712936401368,22.488304793536663,976.52,4.8295
53.0,-103.5,2026-09-17 22:24:58,16.599000000000046,59.92712936401367,15.522304793536662,967.37,2.3955
53.0,-103.0,2026-09-17 22:24:58,14.662000000000035,62.05212936401367,10.860304793536663,956.65,1.6555
53.0,-102.5,2026-09-17 22:24:58,14.057000000000016,60.627129364013676,6.144304793536664,970.09,0.8240000000000001
53.0,-102.0,2026-09-17 22:24:58,14.612000000000023,64.90212936401367,2.6703047935366633,986.06,0.35100000000000003
53.0,-101.5,2026-09-17 22:24:58,14.399000000000001,68.72712936401368,12.912304793536663,993.67,0.1525
53.0,-101.0,2026-09-17 22:24:58,14.071000000000026,67.50212936401367,19.194304793536663,995.22,0.28250000000000003
53.0,-100.5,2026-09-17 22:24:58,13.656000000000006,69.62712936401367,22.956304793536663,996.36,0.6105
53.0,-100.0,2026-09-17 22:24:58,13.717000000000041,56.45212936401367,15.144304793536664,994.91,0.41200000000000003
53.0,-99.5,2026-09-17 22:24:58,13.585000000000036,48.92712936401367,12.876304793536665,996.18,0.458
53.0,-99.0,2026-09-17 22:24:58,13.898000000000025,45.42712936401367,6.162304793536664,1000.07,0.6105
53.0,-98.5,2026-09-17 22:24:58,13.434000000000026,55.402129364013675,3.7143047935366633,1000.89,5.3255
53.0,-98.0,2026-09-17 22:24:58,12.330000000000041,52.652129364013675,5.136304793536664,1002.25,14.9305
53.0,-97.5,2026-09-17 22:24:58,11.024000000000001,61.502129364013676,5.622304793536664,1002.39,14.038
53.0,-97.0,2026-09-17 22:24:58,12.555000000000007,49.72712936401368,3.8583047935366634,999.45,13.0615
53.0,-96.5,2026-09-17 22:24:58,12.215000000000032,49.35212936401368,6.378304793536664,996.33,10.7805
53.0,-96.0,2026-09-17 22:24:58,11.816000000000031,49.07712936401367,8.070304793536662,993.55,7.3395
53.0,-95.5,2026-09-17 22:24:58,11.54000000000002,50.30212936401367,10.518304793536663,992.12,5.829
53.0,-95.0,2026-09-17 22:24:58,10.149000000000001,56.522796630859375,13.436255240142346,990.52,3.563
53.0,-94.5,2026-09-17 22:24:58,9.948000000000036,58.247796630859376,12.860255240142346,989.41,0.969
53.0,-94.0,2026-09-17 22:24:58,9.944000000000017,52.747796630859376,12.950255240142345,989.1,0.6255000000000001
53.0,-93.5,2026-09-17 22:24:58,9.719000000000051,54.772796630859375,20.240255240142346,991.39,0.229
53.0,-93.0,2026-09-17 22:24:58,9.274000000000001,64.22279663085938,29.29425524014235,993.3,0.0535
53.0,-92.5,2026-09-17 22:24:58,9.775000000000034,54.09779663085938,18.638255240142346,990.56,0.168
53.0,-92.0,2026-09-17 22:24:58,9.58200000000005,57.82279663085938,27.116255240142348,990.65,0.1985
53.0,-91.5,2026-09-17 22:24:58,9.188000000000045,59.122796630859376,20.384255240142345,988.16,0.046
53.0,-91.0,2026-09-17 22:24:58,8.972000000000037,59.122796630859376,26.57625524014235,987.95,0.0
53.0,-90.5,2026-09-17 22:24:58,8.835000000000036,57.19779663085938,24.020255240142347,984.45,0.0
53.0,-90.0,2026-09-17 22:24:58,9.416000000000054,55.397796630859375,22.814255240142344,990.83,0.0
53.0,-89.5,2026-09-17 22:24:58,9.43300000000005,55.397796630859375,25.586255240142346,991.56,0.0075
53.0,-89.0,2026-09-17 22:24:58,9.723000000000013,57.772796630859375,37.59225524014235,992.09,0.038
53.0,-88.5,2026-09-17 22:24:58,10.340000000000032,52.54779663085938,34.53225524014235,992.42,0.0305
53.0,-88.0,2026-09-17 22:24:58,9.597000000000037,62.54779663085938,44.054255240142346,994.54,0.0
53.0,-87.5,2026-09-17 22:24:58,10.192000000000007,61.07279663085938,42.02025524014235,995.91,0.0
53.0,-87.0,2026-09-17 22:24:58,11.630000000000052,46.247796630859376,26.360255240142347,996.52,0.0305
53.0,-86.5,2026-09-17 22:24:58,12.281000000000006,48.497796630859376,25.496255240142347,998.2,0.0
53.0,-86.0,2026-09-17 22:24:58,12.484000000000037,51.79779663085938,21.536255240142346,1000.15,0.0075
53.0,-85.5,2026-09-17 22:24:58,11.121000000000038,62.397796630859375,16.856255240142346,1003.37,0.0155
53.0,-85.0,2026-09-17 22:24:58,11.834000000000003,68.94779663085937,22.490255240142346,1004.76,0.35100000000000003
53.0,-84.5,2026-09-17 22:24:58,12.092000000000041,65.14779663085938,15.452255240142344,1005.12,0.4655
53.0,-84.0,2026-09-17 22:24:58,10.718000000000018,70.94779663085937,17.918255240142347,1006.34,0.4045
53.0,-83.5,2026-09-17 22:24:58,12.119000000000028,72.37279663085938,19.106255240142346,1009.62,0.4655
53.0,-83.0,2026-09-17 22:24:58,13.647000000000048,67.97279663085938,14.822255240142345,1012.07,0.7935
53.0,-82.5,2026-09-17 22:24:58,13.592000000000041,67.99779663085938,12.158255240142346,1015.48,0.8925000000000001
53.0,-82.0,2026-09-17 22:24:58,12.133000000000038,81.64779663085938,15.020255240142344,1016.87,0.58
53.0,-81.5,2026-09-17 22:24:58,11.43100000000004,81.67279663085938,15.974255240142346,1014.96,0.374
53.0,-81.0,2026-09-17 22:24:58,10.938000000000045,81.79779663085938,19.214255240142347,1016.08,0.427
53.0,-79.0,2026-09-17 22:24:58,8.75200000000001,88.57279663085939,29.06025524014235,1019.1,0.5720000000000001
53.0,-78.5,2026-09-17 22:24:58,8.374000000000024,92.22279663085938,16.046255240142344,1013.64,1.2815
53.0,-78.0,2026-09-17 22:24:58,8.810000000000002,84.29779663085938,18.872255240142344,1003.93,1.1065
53.0,-77.5,2026-09-17 22:24:58,8.69500000000005,81.09779663085938,19.052255240142344,997.31,1.03
53.0,-77.0,2026-09-17 22:24:58,8.753000000000043,77.39779663085938,20.204255240142345,994.98,0.7555000000000001
53.0,-76.5,2026-09-17 22:24:58,8.366000000000042,76.02279663085938,18.350255240142346,996.01,0.6485
53.0,-76.0,2026-09-17 22:24:58,7.754000000000019,76.32279663085937,16.856255240142346,995.63,1.213
53.0,-75.5,2026-09-17 22:24:58,7.267000000000053,77.44779663085939,15.398255240142346,985.38,2.2355
53.0,-75.0,2026-09-17 22:24:58,6.569000000000017,75.92279663085938,15.596255240142344,976.74,2.1285
53.0,-74.5,2026-09-17 22:24:58,7.05800000000005,73.27279663085938,15.812255240142347,980.19,1.9915
53.0,-74.0,2026-09-17 22:24:58,6.6930000000000405,71.59779663085938,13.148255240142346,975.32,2.3955
53.0,-73.5,2026-09-17 22:24:58,6.972000000000037,70.07279663085937,10.952255240142346,977.88,0.8240000000000001
53.0,-73.0,2026-09-17 22:24:58,5.750000000000057,73.72279663085938,7.874255240142347,968.82,1.1445
53.0,-72.5,2026-09-17 22:24:58,5.710000000000036,71.54779663085938,9.116255240142346,963.14,1.2665
53.0,-72.0,2026-09-17 22:24:58,5.01400000000001,73.52279663085938,8.918255240142345,958.38,1.8920000000000001
53.0,-71.5,2026-09-17 22:24:58,4.921000000000049,71.89779663085938,8.486255240142347,958.45,2.1285
53.0,-71.0,2026-09-17 22:24:58,4.986000000000047,73.02279663085938,10.160255240142346,958.87,1.9685000000000001
53.0,-70.5,2026-09-17 22:24:58,4.858000000000004,72.27279663085938,10.430255240142346,956.21,1.4265
53.0,-70.0,2026-09-17 22:24:58,4.518000000000029,70.57279663085937,12.590255240142346,942.13,2.365
53.0,-69.5,2026-09-17 22:24:58,4.63900000000001,70.04779663085938,13.760255240142346,941.8,3.235
53.0,-69.0,2026-09-17 22:24:58,5.232000000000028,68.19779663085937,11.204255240142347,945.41,1.9835
53.0,-68.5,2026-09-17 22:24:58,4.958000000000027,70.04779663085938,12.716255240142345,946.28,1.343
53.0,-68.0,2026-09-17 22:24:58,5.188000000000045,70.12279663085938,13.688255240142345,946.31,1.4040000000000001
53.0,-67.5,2026-09-17 22:24:58,5.121000000000038,72.02413177490234,15.481754499703646,949.74,1.1520000000000001
53.0,-67.0,2026-09-17 22:24:58,5.142000000000053,65.92413177490235,17.137754499703647,937.96,0.763
53.0,-66.5,2026-09-17 22:24:58,6.630000000000052,61.524131774902344,17.94775449970365,954.9,0.786
53.0,-66.0,2026-09-17 22:24:58,7.0260000000000105,60.97413177490235,18.757754499703648,952.31,1.518
53.0,-65.5,2026-09-17 22:24:58,7.466000000000008,62.399131774902344,21.385754499703648,958.41,0.8085
53.0,-65.0,2026-09-17 22:24:58,7.466000000000008,61.54913177490235,18.613754499703646,954.13,1.5945
53.0,-64.5,2026-09-17 22:24:58,7.925000000000011,63.624131774902345,21.853754499703648,962.95,0.3965
53.0,-64.0,2026-09-17 22:24:58,5.622000000000014,71.67413177490235,16.72375449970365,948.51,1.77
53.0,-63.5,2026-09-17 22:24:58,7.599000000000046,58.97413177490235,22.231754499703644,947.52,0.9460000000000001
53.0,-63.0,2026-09-17 22:24:58,8.552000000000021,62.97413177490235,19.495754499703647,966.37,0.305
53.0,-62.5,2026-09-17 22:24:58,7.787000000000035,57.07413177490235,19.207754499703647,964.3,0.4805
53.0,-62.0,2026-09-17 22:24:58,7.970000000000027,64.59913177490235,18.091754499703647,974.45,0.374
53.0,-61.5,2026-09-17 22:24:58,8.987000000000023,54.149131774902344,14.905754499703646,981.4,0.4885
53.0,-61.0,2026-09-17 22:24:58,9.26600000000002,49.92413177490235,19.531754499703645,970.03,0.9995
53.0,-60.5,2026-09-17 22:24:58,9.604000000000042,50.124131774902345,17.335754499703647,973.68,0.534
53.0,-60.0,2026-09-17 22:24:58,10.45700000000005,48.124131774902345,16.489754499703647,981.99,0.4655
53.0,-59.5,2026-09-17 22:24:58,8.26400000000001,52.124131774902345,23.005754499703645,958.41,0.5035000000000001
53.0,-59.0,2026-09-17 22:24:58,9.120000000000005,51.34913177490235,24.805754499703646,969.71,0.1985
53.0,-58.5,2026-09-17 22:24:58,9.399000000000001,50.024131774902344,21.331754499703646,973.59,0.038
53.0,-58.0,2026-09-17 22:24:58,7.3180000000000405,59.84913177490235,22.573754499703647,972.99,0.0
53.0,-57.5,2026-09-17 22:24:58,8.357000000000028,61.17413177490235,20.107754499703645,989.72,0.0
53.0,-57.0,2026-09-17 22:24:58,6.559000000000026,72.62413177490235,20.08975449970365,963.73,0.0
53.0,-56.5,2026-09-17 22:24:58,9.625000000000057,62.899131774902344,17.803754499703647,1000.68,0.0
53.0,-56.0,2026-09-17 22:24:58,9.781000000000006,71.14913177490234,24.247754499703646,1009.28,0.0
53.5,-133.0,2026-09-17 22:24:58,12.985000000000014,98.58740158081055,4.324250153034925,1023.49,0.099
53.5,-132.5,2026-09-17 22:24:58,13.54200000000003,87.38740158081055,4.252250153034925,978.39,0.0765
53.5,-132.0,2026-09-17 22:24:58,17.464000000000055,72.26240158081055,3.730250153034926,1016.58,0.0915
53.5,-130.5,2026-09-17 22:24:58,11.532000000000039,97.08740158081055,17.284250153034925,1022.57,0.183
53.5,-130.0,2026-09-17 22:24:58,13.958000000000027,82.81240158081056,17.338250153034927,1020.1,0.0155
53.5,-129.5,2026-09-17 22:24:58,15.851000000000056,68.36240158081056,6.340250153034925,991.53,0.0765
53.5,-129.0,2026-09-17 22:24:58,14.893000000000029,77.41240158081055,1.2822501530349255,1003.16,0.0
53.5,-128.5,2026-09-17 22:24:58,14.51400000000001,62.01240158081055,2.0382501530349257,892.16,0.0
53.5,-128.0,2026-09-17 22:24:58,15.466000000000008,60.11240158081055,4.018250153034925,924.71,0.0
53.5,-127.5,2026-09-17 22:24:58,14.314000000000021,46.76240158081055,5.206250153034926,858.1,0.0305
53.5,-127.0,2026-09-17 22:24:58,13.174000000000035,63.18740158081055,4.144250153034926,922.09,0.0
53.5,-126.5,2026-09-17 22:24:58,13.888000000000034,54.83740158081055,5.008250153034926,862.25,0.0
53.5,-126.0,2026-09-17 22:24:58,14.456000000000017,54.26240158081055,2.146250153034926,897.49,0.0
53.5,-125.5,2026-09-17 22:24:58,14.529000000000053,55.61240158081055,2.0562501530349255,887.64,0.0
53.5,-125.0,2026-09-17 22:24:58,15.257000000000005,59.88740158081055,6.196250153034925,915.99,0.0
53.5,-124.5,2026-09-17 22:24:58,15.786000000000001,51.36240158081055,6.754250153034926,902.51,0.0
53.5,-124.0,2026-09-17 22:24:58,17.483000000000004,43.38740158081055,5.584250153034926,908.8,0.0
53.5,-123.5,2026-09-17 22:24:58,17.892000000000053,48.86240158081055,0.6702501530349255,926.1,0.0
53.5,-123.0,2026-09-17 22:24:58,17.233000000000004,46.01240158081055,2.2362501530349252,918.44,0.0
53.5,-122.5,2026-09-17 22:24:58,15.869000000000028,55.78740158081055,2.956250153034926,917.21,0.0
53.5,-122.0,2026-09-17 22:24:58,16.654000000000053,51.23740158081055,0.7782501530349255,907.38,0.0
53.5,-121.5,2026-09-17 22:24:58,16.674000000000035,44.06240158081055,1.8762501530349256,897.52,0.0
53.5,-121.0,2026-09-17 22:24:58,12.689000000000021,53.66240158081055,8.806250153034927,832.0,0.0
53.5,-120.5,2026-09-17 22:24:58,18.442000000000007,36.93740158081055,5.296250153034926,931.94,0.0
53.5,-120.0,2026-09-17 22:24:58,11.173000000000002,54.83326950073243,7.419648013472558,816.27,0.0
53.5,-119.5,2026-09-17 22:24:58,9.797000000000025,51.30826950073242,12.063648013472559,785.67,0.0
53.5,-119.0,2026-09-17 22:24:58,10.437000000000012,43.95826950073243,10.659648013472557,786.31,0.0
53.5,-118.5,2026-09-17 22:24:58,12.607000000000028,43.43326950073242,4.971648013472557,805.29,0.0
53.5,-118.0,2026-09-17 22:24:58,16.10600000000005,34.68326950073242,4.197648013472557,859.45,0.0
53.5,-117.5,2026-09-17 22:24:58,15.427000000000021,47.383269500732425,6.537648013472557,888.18,0.0
53.5,-117.0,2026-09-17 22:24:58,17.53800000000001,41.883269500732425,5.043648013472557,894.95,0.0
53.5,-116.5,2026-09-17 22:24:58,17.706000000000017,44.83326950073243,4.017648013472558,909.11,0.0
53.5,-116.0,2026-09-17 22:24:58,17.307000000000016,44.483269500732426,5.637648013472558,907.93,0.0
53.5,-115.5,2026-09-17 22:24:58,18.17100000000005,44.008269500732425,4.953648013472558,916.31,0.0
53.5,-115.0,2026-09-17 22:24:58,20.204000000000008,38.733269500732426,4.629648013472557,926.08,0.0
53.5,-114.5,2026-09-17 22:24:58,19.89300000000003,43.78326950073242,4.5756480134725575,931.86,0.0
53.5,-114.0,2026-09-17 22:24:58,18.52800000000002,54.133269500732425,9.201648013472559,933.86,0.0
53.5,-113.5,2026-09-17 22:24:58,19.972000000000037,41.05826950073242,7.635648013472558,939.96,0.0
53.5,-113.0,2026-09-17 22:24:58,16.951000000000022,65.88326950073242,8.625648013472558,929.97,0.0
53.5,-112.5,2026-09-17 22:24:58,15.770000000000039,72.63326950073242,6.969648013472558,939.49,0.0
53.5,-112.0,2026-09-17 22:24:58,18.322000000000003,55.883269500732425,8.949648013472558,942.21,0.0
53.5,-111.5,2026-09-17 22:24:58,17.114000000000033,65.03326950073243,9.723648013472559,939.28,0.0
53.5,-111.0,2026-09-17 22:24:58,17.128000000000043,63.358269500732426,12.477648013472557,940.4,0.0075
53.5,-110.5,2026-09-17 22:24:58,16.680000000000007,73.70826950073243,14.673648013472556,945.62,0.107
53.5,-110.0,2026-09-17 22:24:58,16.321000000000026,69.45212936401367,15.450304793536663,947.66,0.29
53.5,-109.5,2026-09-17 22:24:58,16.714000000000055,67.90212936401367,17.682304793536666,946.78,2.075
53.5,-109.0,2026-09-17 22:24:58,15.33200000000005,71.17712936401368,18.546304793536667,946.43,4.013
53.5,-108.5,2026-09-17 22:24:58,15.145000000000039,68.35212936401368,21.300304793536665,939.54,5.1955
53.5,-108.0,2026-09-17 22:24:58,16.463000000000022,58.752129364013676,15.432304793536664,935.01,4.6385000000000005
53.5,-107.5,2026-09-17 22:24:58,18.636000000000024,48.777129364013675,18.834304793536667,948.51,0.9385
53.5,-107.0,2026-09-17 22:24:58,18.618000000000052,53.70212936401367,20.310304793536663,958.98,0.4655
53.5,-106.5,2026-09-17 22:24:58,17.372000000000014,57.002129364013676,21.426304793536666,959.51,0.656
53.5,-106.0,2026-09-17 22:24:58,15.800000000000011,64.75212936401367,17.916304793536664,959.66,1.0145
53.5,-105.5,2026-09-17 22:24:58,17.036,59.877129364013676,17.376304793536665,964.59,0.679
53.5,-105.0,2026-09-17 22:24:58,16.39100000000002,61.10212936401368,12.192304793536662,962.89,0.4805
53.5,-104.5,2026-09-17 22:24:58,16.385000000000048,65.82712936401367,14.478304793536662,969.5,0.267
53.5,-104.0,2026-09-17 22:24:58,16.34400000000005,69.40212936401367,14.262304793536664,978.59,0.45
53.5,-103.5,2026-09-17 22:24:58,16.26600000000002,64.20212936401367,17.520304793536663,985.69,0.23650000000000002
53.5,-103.0,2026-09-17 22:24:58,16.348000000000013,61.20212936401367,6.810304793536663,990.07,0.1145
53.5,-102.5,2026-09-17 22:24:58,16.711000000000013,49.82712936401367,8.394304793536664,981.12,0.47300000000000003
53.5,-102.0,2026-09-17 22:24:58,10.958000000000027,68.97712936401368,10.338304793536665,991.72,2.3345000000000002
53.5,-101.5,2026-09-17 22:24:58,12.705000000000041,66.32712936401367,13.578304793536663,990.77,1.976
53.5,-101.0,2026-09-17 22:24:58,14.507000000000005,57.82712936401367,13.578304793536663,993.03,3.525
53.5,-100.5,2026-09-17 22:24:58,12.994000000000028,65.37712936401367,22.452304793536666,996.03,2.594
53.5,-100.0,2026-09-17 22:24:58,12.93300000000005,58.35212936401368,18.240304793536666,996.24,3.09
53.5,-99.5,2026-09-17 22:24:58,13.66900000000004,54.42712936401367,7.710304793536664,993.78,4.364
53.5,-99.0,2026-09-17 22:24:58,11.326000000000022,66.35212936401368,8.628304793536664,1001.94,5.8135
53.5,-98.5,2026-09-17 22:24:58,11.40100000000001,53.80212936401367,1.6623047935366633,1002.09,2.9295
53.5,-98.0,2026-09-17 22:24:58,10.490000000000009,53.42712936401367,1.950304793536663,1002.23,2.205
53.5,-97.5,2026-09-17 22:24:58,11.440000000000055,54.85212936401368,0.7083047935366631,1000.67,3.3415
53.5,-97.0,2026-09-17 22:24:58,11.473000000000013,51.80212936401367,4.326304793536663,998.27,5.615
53.5,-96.5,2026-09-17 22:24:58,11.29200000000003,51.60212936401368,6.774304793536663,996.84,5.1575
53.5,-96.0,2026-09-17 22:24:58,10.748000000000047,53.70212936401367,11.580304793536664,994.53,4.112
53.5,-95.5,2026-09-17 22:24:58,10.80400000000003,44.877129364013676,12.498304793536665,993.77,2.5785
53.5,-95.0,2026-09-17 22:24:58,9.700000000000045,54.84779663085938,11.690255240142346,995.53,0.3435
53.5,-94.5,2026-09-17 22:24:58,9.428000000000054,59.57279663085938,12.770255240142346,996.33,0.168
53.5,-94.0,2026-09-17 22:24:58,8.920000000000016,62.747796630859376,14.192255240142346,995.59,0.0305
53.5,-93.5,2026-09-17 22:24:58,8.333000000000027,66.69779663085937,21.194255240142347,994.17,0.0
53.5,-93.0,2026-09-17 22:24:58,7.621000000000038,63.32279663085938,17.072255240142347,991.62,0.0155
53.5,-92.5,2026-09-17 22:24:58,7.621000000000038,62.82279663085938,19.538255240142348,989.61,0.16
53.5,-92.0,2026-09-17 22:24:58,7.906000000000006,61.54779663085938,21.068255240142346,988.88,0.366
53.5,-91.5,2026-09-17 22:24:58,7.1930000000000405,65.57279663085937,20.636255240142347,991.39,0.1295
53.5,-91.0,2026-09-17 22:24:58,7.500000000000057,63.07279663085938,28.736255240142345,992.51,0.038
53.5,-90.5,2026-09-17 22:24:58,7.105000000000018,61.57279663085938,24.63225524014235,992.61,0.0305
53.5,-90.0,2026-09-17 22:24:58,7.5470000000000255,61.997796630859376,29.690255240142346,991.49,0.0155
53.5,-89.5,2026-09-17 22:24:58,7.853000000000009,60.897796630859375,31.112255240142343,994.01,0.0
53.5,-89.0,2026-09-17 22:24:58,7.66900000000004,63.247796630859376,29.690255240142346,994.48,0.0
53.5,-88.5,2026-09-17 22:24:58,8.221000000000004,58.29779663085938,27.008255240142343,995.95,0.0
53.5,-88.0,2026-09-17 22:24:58,9.274000000000001,61.397796630859375,44.07225524014235,997.66,0.0
53.5,-87.5,2026-09-17 22:24:58,10.14100000000002,51.272796630859375,28.358255240142345,999.25,0.0
53.5,-87.0,2026-09-17 22:24:58,10.81800000000004,48.44779663085938,25.586255240142346,1000.48,0.0
53.5,-86.5,2026-09-17 22:24:58,11.476000000000056,47.147796630859375,24.254255240142346,1001.26,0.0
53.5,-86.0,2026-09-17 22:24:58,11.951000000000022,48.147796630859375,22.958255240142346,1002.27,0.0155
53.5,-85.5,2026-09-17 22:24:58,9.95700000000005,64.27279663085938,21.788255240142348,1003.07,0.0685
53.5,-85.0,2026-09-17 22:24:58,12.04400000000004,66.27279663085938,22.292255240142346,1003.81,0.0
53.5,-84.5,2026-09-17 22:24:58,10.510000000000048,72.39779663085938,14.858255240142345,1005.37,0.099
53.5,-84.0,2026-09-17 22:24:58,10.18100000000004,72.59779663085938,13.292255240142346,1007.05,0.107
53.5,-83.5,2026-09-17 22:24:58,10.895000000000039,76.22279663085938,20.114255240142345,1008.2,0.023
53.5,-83.0,2026-09-17 22:24:58,12.357000000000028,70.82279663085937,15.236255240142347,1009.87,0.0155
53.5,-82.5,2026-09-17 22:24:58,13.130000000000052,68.32279663085937,14.930255240142346,1013.26,0.16
53.5,-79.0,2026-09-17 22:24:58,8.846000000000004,86.42279663085938,23.192255240142348,1018.02,0.4195
53.5,-78.5,2026-09-17 22:24:58,7.900000000000034,88.77279663085938,15.254255240142346,1011.16,1.1825
53.5,-78.0,2026-09-17 22:24:58,8.560000000000002,82.27279663085938,23.264255240142344,1003.73,0.595
53.5,-77.5,2026-09-17 22:24:58,7.689000000000021,82.19779663085939,18.296255240142344,997.62,0.908
53.5,-77.0,2026-09-17 22:24:58,8.103000000000009,73.52279663085938,18.350255240142346,998.7,0.9385
53.5,-76.5,2026-09-17 22:24:58,8.103000000000009,73.62279663085938,19.718255240142348,997.81,1.5795000000000001
53.5,-76.0,2026-09-17 22:24:58,7.652000000000044,74.44779663085937,20.618255240142346,990.72,0.885
53.5,-75.5,2026-09-17 22:24:58,7.557000000000016,74.07279663085937,21.194255240142347,991.17,1.2815
53.5,-75.0,2026-09-17 22:24:58,8.29000000000002,68.57279663085937,15.020255240142344,990.55,1.4040000000000001
53.5,-74.5,2026-09-17 22:24:58,7.398000000000025,72.32279663085937,13.544255240142345,981.77,1.5945
53.5,-74.0,2026-09-17 22:24:58,6.734000000000037,69.57279663085937,11.834255240142346,978.34,2.434
53.5,-73.5,2026-09-17 22:24:58,6.222000000000037,71.34779663085938,9.062255240142346,974.39,2.1665
53.5,-73.0,2026-09-17 22:24:58,5.601000000000056,69.49779663085938,9.152255240142347,970.34,1.5715000000000001
53.5,-72.5,2026-09-17 22:24:58,5.410000000000025,68.64779663085938,9.818255240142346,967.87,2.121
53.5,-72.0,2026-09-17 22:24:58,5.786000000000001,69.37279663085938,10.538255240142346,967.31,2.0065
53.5,-71.5,2026-09-17 22:24:58,5.342000000000041,72.97279663085938,11.726255240142345,959.86,1.343
53.5,-71.0,2026-09-17 22:24:58,5.617000000000019,69.59779663085938,11.996255240142347,963.66,2.266
53.5,-70.5,2026-09-17 22:24:58,5.348000000000013,71.77279663085938,11.618255240142346,958.66,2.5405
53.5,-70.0,2026-09-17 22:24:58,4.105000000000018,78.57279663085939,11.726255240142345,955.34,1.6480000000000001
53.5,-69.5,2026-09-17 22:24:58,4.893000000000029,74.57279663085937,11.384255240142345,952.67,1.999
53.5,-69.0,2026-09-17 22:24:58,5.5400000000000205,70.67279663085938,12.950255240142345,955.16,2.945
53.5,-68.5,2026-09-17 22:24:58,5.453000000000031,70.09779663085938,15.290255240142345,952.98,2.0445
53.5,-68.0,2026-09-17 22:24:58,5.54400000000004,71.64779663085938,16.064255240142344,952.66,1.4955
53.5,-67.5,2026-09-17 22:24:58,4.600000000000023,77.32413177490236,18.181754499703647,944.49,3.8225000000000002
53.5,-67.0,2026-09-17 22:24:58,5.05800000000005,79.12413177490235,18.091754499703647,940.66,4.013
53.5,-66.5,2026-09-17 22:24:58,7.180000000000007,61.97413177490235,19.063754499703645,959.35,0.7555000000000001
53.5,-66.0,2026-09-17 22:24:58,6.910000000000025,56.399131774902344,21.997754499703646,952.39,2.1515
53.5,-65.5,2026-09-17 22:24:58,7.305000000000007,61.774131774902344,24.211754499703645,961.38,0.4195
53.5,-65.0,2026-09-17 22:24:58,7.674000000000035,65.64913177490234,23.617754499703647,962.25,0.862
53.5,-64.5,2026-09-17 22:24:58,6.410000000000025,72.12413177490235,26.803754499703647,967.13,0.9535
53.5,-64.0,2026-09-17 22:24:58,8.64100000000002,61.92413177490235,18.52375449970365,976.57,3.9595000000000002
53.5,-63.5,2026-09-17 22:24:58,8.782000000000039,50.34913177490235,27.97375449970365,966.11,2.5100000000000002
53.5,-63.0,2026-09-17 22:24:58,7.973000000000013,57.97413177490235,26.965754499703646,954.83,4.509
53.5,-62.5,2026-09-17 22:24:58,8.55800000000005,50.69913177490235,29.449754499703644,958.73,4.41
53.5,-62.0,2026-09-17 22:24:58,9.418000000000006,46.749131774902345,22.897754499703648,968.32,1.6935
53.5,-61.5,2026-09-17 22:24:58,7.788000000000011,52.149131774902344,28.297754499703647,967.81,0.3205
53.5,-61.0,2026-09-17 22:24:58,8.900000000000034,54.04913177490235,17.65975449970365,983.55,0.061
53.5,-60.5,2026-09-17 22:24:58,10.675000000000011,47.899131774902344,27.433754499703646,991.02,0.0
53.5,-60.0,2026-09-17 22:24:58,10.871000000000038,57.32413177490235,30.925754499703647,1017.79,0.0
53.5,-59.5,2026-09-17 22:24:58,9.361000000000047,56.17413177490235,21.673754499703648,999.91,0.084
53.5,-59.0,2026-09-17 22:24:58,6.157000000000039,59.97413177490235,30.565754499703647,941.88,0.1985
53.5,-58.5,2026-09-17 22:24:58,6.581000000000017,57.97413177490235,25.057754499703645,956.08,0.168
53.5,-58.0,2026-09-17 22:24:58,6.788000000000011,62.79913177490235,20.233754499703647,977.63,0.099
53.5,-57.5,2026-09-17 22:24:58,8.458000000000027,62.97413177490235,16.867754499703643,1000.52,0.1525
53.5,-57.0,2026-09-17 22:24:58,7.754000000000019,73.04913177490235,17.677754499703646,995.72,0.1145
53.5,-56.5,2026-09-17 22:24:58,8.696000000000026,61.249131774902345,19.531754499703645,1006.68,0.313
53.5,-56.0,2026-09-17 22:24:58,8.585000000000036,65.79913177490235,44.64175449970365,1014.52,1.1065
54.0,-133.0,2026-09-17 22:24:58,13.865000000000009,80.28740158081055,3.1002501530349256,996.96,0.3205
54.0,-132.5,2026-09-17 22:24:58,15.50200000000001,77.26240158081055,4.432250153034926,1005.06,0.0535
54.0,-132.0,2026-09-17 22:24:58,15.897000000000048,74.86240158081056,6.340250153034925,1013.16,0.0
54.0,-130.5,2026-09-17 22:24:58,14.522000000000048,76.58740158081055,6.862250153034926,992.5,0.511
54.0,-130.0,2026-09-17 22:24:58,13.77600000000001,73.48740158081056,5.638250153034925,959.94,0.0685
54.0,-129.5,2026-09-17 22:24:58,14.180000000000007,65.16240158081055,4.108250153034926,935.07,0.0
54.0,-129.0,2026-09-17 22:24:58,14.87700000000001,71.61240158081056,2.920250153034926,932.64,0.0
54.0,-128.5,2026-09-17 22:24:58,13.726000000000056,73.28740158081055,4.378250153034926,929.69,0.0
54.0,-128.0,2026-09-17 22:24:58,11.455000000000041,61.63740158081055,3.532250153034926,840.98,0.084
54.0,-127.5,2026-09-17 22:24:58,14.360000000000014,54.86240158081055,2.992250153034926,897.01,0.0
54.0,-127.0,2026-09-17 22:24:58,13.673000000000002,57.43740158081055,3.5862501530349253,907.74,0.0
54.0,-126.5,2026-09-17 22:24:58,15.084000000000003,57.08740158081055,2.4342501530349256,926.88,0.0
54.0,-126.0,2026-09-17 22:24:58,14.708000000000027,58.41240158081055,3.874250153034925,930.07,0.0
54.0,-125.5,2026-09-17 22:24:58,14.19500000000005,60.63740158081055,3.0462501530349257,931.8,0.0
54.0,-125.0,2026-09-17 22:24:58,14.273000000000025,58.36240158081055,9.184250153034927,927.21,0.0
54.0,-124.5,2026-09-17 22:24:58,17.119000000000028,50.53740158081055,6.142250153034926,934.27,0.0
54.0,-124.0,2026-09-17 22:24:58,17.43300000000005,51.91240158081055,6.088250153034926,940.05,0.0
54.0,-123.5,2026-09-17 22:24:58,16.789000000000044,54.71240158081055,5.062250153034926,937.34,0.0
54.0,-123.0,2026-09-17 22:24:58,17.007000000000005,53.81240158081055,4.720250153034926,932.63,0.0155
54.0,-122.5,2026-09-17 22:24:58,17.093000000000018,50.33740158081055,5.422250153034926,933.22,0.0155
54.0,-122.0,2026-09-17 22:24:58,16.487000000000023,53.98740158081055,1.8042501530349255,933.27,0.0
54.0,-121.5,2026-09-17 22:24:58,12.120000000000005,57.53740158081055,6.826250153034926,862.4,0.0
54.0,-121.0,2026-09-17 22:24:58,17.697000000000003,49.16240158081055,3.352250153034926,920.11,0.0
54.0,-120.5,2026-09-17 22:24:58,11.422000000000025,57.48740158081055,9.400250153034925,836.19,0.0
54.0,-120.0,2026-09-17 22:24:58,11.44500000000005,54.008269500732425,9.255648013472557,824.16,0.0
54.0,-119.5,2026-09-17 22:24:58,12.329000000000008,49.883269500732425,9.867648013472557,823.3,0.0
54.0,-119.0,2026-09-17 22:24:58,14.328000000000031,52.133269500732425,4.1076480134725575,865.8,0.0
54.0,-118.5,2026-09-17 22:24:58,13.611000000000047,46.358269500732426,10.875648013472558,850.03,0.0
54.0,-118.0,2026-09-17 22:24:58,15.956000000000017,47.70826950073243,7.041648013472557,882.64,0.0
54.0,-117.5,2026-09-17 22:24:58,17.121000000000038,40.65826950073242,4.395648013472558,898.54,0.0
54.0,-117.0,2026-09-17 22:24:58,16.426000000000045,47.68326950073242,5.061648013472557,910.1,0.0
54.0,-116.5,2026-09-17 22:24:58,15.394000000000005,46.20826950073243,8.283648013472558,881.18,0.0
54.0,-116.0,2026-09-17 22:24:58,18.80400000000003,36.33326950073242,5.871648013472557,900.54,0.0
54.0,-115.5,2026-09-17 22:24:58,18.075000000000045,48.008269500732425,3.8016480134725574,913.84,0.0
54.0,-115.0,2026-09-17 22:24:58,18.59200000000004,55.15826950073242,4.971648013472557,935.99,0.0
54.0,-114.5,2026-09-17 22:24:58,18.461000000000013,51.858269500732426,7.383648013472557,939.75,0.0
54.0,-114.0,2026-09-17 22:24:58,19.460000000000036,41.608269500732426,9.057648013472559,934.22,0.0
54.0,-113.5,2026-09-17 22:24:58,19.68100000000004,47.80826950073242,10.515648013472557,937.72,0.0
54.0,-113.0,2026-09-17 22:24:58,18.28200000000004,63.733269500732426,9.183648013472556,941.4,0.0
54.0,-112.5,2026-09-17 22:24:58,18.198000000000036,56.03326950073242,8.967648013472557,944.65,0.1375
54.0,-112.0,2026-09-17 22:24:58,17.74000000000001,56.78326950073242,9.093648013472558,940.28,0.046
54.0,-111.5,2026-09-17 22:24:58,17.01400000000001,63.133269500732425,10.803648013472557,942.25,0.0765
54.0,-111.0,2026-09-17 22:24:58,17.70700000000005,53.883269500732425,11.289648013472556,939.17,0.0
54.0,-110.5,2026-09-17 22:24:58,17.604000000000042,58.008269500732425,10.479648013472557,941.46,0.0
54.0,-110.0,2026-09-17 22:24:58,16.339000000000055,59.752129364013676,14.532304793536664,938.59,0.0
54.0,-109.5,2026-09-17 22:24:58,17.003000000000043,60.777129364013675,16.206304793536663,948.31,0.0
54.0,-109.0,2026-09-17 22:24:58,18.130000000000052,53.97712936401368,19.626304793536665,954.83,0.0535
54.0,-108.5,2026-09-17 22:24:58,18.336000000000013,56.777129364013675,12.678304793536663,951.19,0.17550000000000002
54.0,-108.0,2026-09-17 22:24:58,18.577000000000055,56.17712936401367,12.804304793536664,953.66,0.0
54.0,-107.5,2026-09-17 22:24:58,17.90900000000005,57.20212936401367,11.670304793536664,955.92,0.0
54.0,-107.0,2026-09-17 22:24:58,14.768000000000029,65.82712936401367,20.724304793536664,961.26,0.0
54.0,-106.5,2026-09-17 22:24:58,17.221000000000004,55.127129364013676,13.164304793536663,947.56,0.0
54.0,-106.0,2026-09-17 22:24:58,16.442000000000007,56.95212936401367,14.100304793536663,957.52,0.0
54.0,-105.5,2026-09-17 22:24:58,16.166000000000054,58.47712936401368,14.856304793536664,958.53,0.046
54.0,-105.0,2026-09-17 22:24:58,15.594000000000051,58.22712936401368,12.858304793536663,952.13,0.145
54.0,-104.5,2026-09-17 22:24:58,15.676000000000045,59.32712936401367,10.392304793536663,966.33,0.0685
54.0,-104.0,2026-09-17 22:24:58,15.148000000000025,61.92712936401367,12.048304793536664,974.72,0.0535
54.0,-103.5,2026-09-17 22:24:58,14.689000000000021,58.377129364013676,11.166304793536664,982.55,0.046
54.0,-103.0,2026-09-17 22:24:58,14.846000000000004,56.92712936401367,9.096304793536664,990.97,0.633
54.0,-102.5,2026-09-17 22:24:58,11.734000000000037,65.12712936401367,16.782304793536664,992.0,0.7705
54.0,-102.0,2026-09-17 22:24:58,12.098000000000013,57.527129364013675,12.948304793536664,990.81,0.107
54.0,-101.5,2026-09-17 22:24:58,13.289000000000044,56.67712936401367,19.158304793536665,993.48,0.5035000000000001
54.0,-101.0,2026-09-17 22:24:58,13.210000000000036,59.67712936401367,20.022304793536662,994.91,0.435
54.0,-100.5,2026-09-17 22:24:58,13.900000000000034,52.60212936401368,15.540304793536665,995.73,0.0075
54.0,-100.0,2026-09-17 22:24:58,13.005000000000052,63.30212936401367,11.868304793536664,995.41,0.252
54.0,-99.5,2026-09-17 22:24:58,12.876000000000033,55.22712936401368,7.476304793536664,993.72,0.534
54.0,-99.0,2026-09-17 22:24:58,12.539000000000044,53.502129364013676,4.920304793536664,999.43,1.343
54.0,-98.5,2026-09-17 22:24:58,11.569000000000017,53.92712936401367,2.4003047935366633,1000.91,1.2590000000000001
54.0,-98.0,2026-09-17 22:24:58,11.30400000000003,59.127129364013676,3.354304793536663,1001.63,3.5325
54.0,-97.5,2026-09-17 22:24:58,10.623000000000047,54.002129364013676,2.1123047935366634,999.9,5.615
54.0,-97.0,2026-09-17 22:24:58,11.05600000000004,50.22712936401368,4.4703047935366635,999.24,3.9825
54.0,-96.5,2026-09-17 22:24:58,10.340000000000032,45.877129364013676,8.286304793536663,997.55,6.4165
54.0,-96.0,2026-09-17 22:24:58,10.189000000000021,56.252129364013676,11.436304793536664,997.37,6.6375
54.0,-95.5,2026-09-17 22:24:58,10.152000000000044,57.67712936401367,10.392304793536663,996.39,12.306000000000001
54.0,-95.0,2026-09-17 22:24:58,8.15100000000001,70.87279663085938,14.768255240142347,997.52,13.9695
54.0,-94.5,2026-09-17 22:24:58,8.18100000000004,67.19779663085937,18.674255240142347,998.41,11.528
54.0,-94.0,2026-09-17 22:24:58,8.43100000000004,62.07279663085938,15.308255240142344,996.42,6.111
54.0,-93.5,2026-09-17 22:24:58,8.559000000000026,62.92279663085938,23.786255240142346,997.79,3.517
54.0,-93.0,2026-09-17 22:24:58,8.399000000000001,61.897796630859375,18.692255240142348,995.08,2.8765
54.0,-92.5,2026-09-17 22:24:58,8.286000000000001,60.82279663085938,19.952255240142346,995.67,1.3125
54.0,-92.0,2026-09-17 22:24:58,7.085000000000036,66.67279663085938,21.878255240142344,993.28,0.519
54.0,-91.5,2026-09-17 22:24:58,6.940000000000055,65.82279663085937,24.776255240142348,993.33,0.229
54.0,-91.0,2026-09-17 22:24:58,6.750000000000057,66.79779663085938,25.586255240142346,994.25,0.0765
54.0,-90.5,2026-09-17 22:24:58,6.854000000000042,67.97279663085938,34.40625524014235,994.71,0.061
54.0,-90.0,2026-09-17 22:24:58,7.145000000000039,66.62279663085938,34.11825524014235,995.32,0.046
54.0,-89.5,2026-09-17 22:24:58,7.258000000000038,63.04779663085938,28.952255240142346,996.34,0.0155
54.0,-89.0,2026-09-17 22:24:58,7.395000000000039,63.247796630859376,30.122255240142348,998.38,0.023
54.0,-88.5,2026-09-17 22:24:58,7.313000000000045,61.897796630859375,27.008255240142343,1000.59,0.0915
54.0,-88.0,2026-09-17 22:24:58,7.474000000000046,61.47279663085938,26.30625524014235,1002.9,0.023
54.0,-87.5,2026-09-17 22:24:58,7.551000000000045,62.397796630859375,24.668255240142347,1004.32,0.0
54.0,-87.0,2026-09-17 22:24:58,8.629000000000019,57.69779663085938,29.06025524014235,1004.84,0.0155
54.0,-86.5,2026-09-17 22:24:58,9.342000000000041,56.59779663085938,25.676255240142346,1003.07,0.0
54.0,-86.0,2026-09-17 22:24:58,9.946000000000026,56.54779663085938,25.586255240142346,1003.28,0.0
54.0,-85.5,2026-09-17 22:24:58,10.357000000000028,60.772796630859375,34.53225524014235,1003.23,0.0
54.0,-85.0,2026-09-17 22:24:58,11.220000000000027,60.54779663085938,20.312255240142346,1002.96,0.0
54.0,-84.5,2026-09-17 22:24:58,7.854000000000042,91.04779663085938,16.26225524014235,1002.01,0.0
54.0,-84.0,2026-09-17 22:24:58,10.198000000000036,77.67279663085938,17.810255240142347,1002.13,0.0
54.0,-83.5,2026-09-17 22:24:58,9.914000000000044,77.37279663085938,19.682255240142347,1005.52,0.0305
54.0,-83.0,2026-09-17 22:24:58,11.371000000000038,74.12279663085938,17.57625524014235,1010.05,0.107
54.0,-82.5,2026-09-17 22:24:58,12.828000000000031,65.14779663085938,16.26225524014235,1013.65,0.0765
54.0,-80.0,2026-09-17 22:24:58,8.094000000000051,89.34779663085938,29.168255240142347,1017.98,0.3585
54.0,-79.0,2026-09-17 22:24:58,10.149000000000001,79.37279663085938,26.162255240142347,1018.27,0.23650000000000002
54.0,-78.5,2026-09-17 22:24:58,8.407000000000039,83.22279663085938,20.024255240142345,1009.75,1.0225
54.0,-78.0,2026-09-17 22:24:58,8.170000000000016,79.59779663085938,20.58225524014235,1001.1,1.1065
54.0,-77.5,2026-09-17 22:24:58,7.781000000000006,78.29779663085938,20.312255240142346,995.34,0.435
54.0,-77.0,2026-09-17 22:24:58,8.037000000000035,76.34779663085938,18.404255240142348,994.95,0.47300000000000003
54.0,-76.5,2026-09-17 22:24:58,8.890000000000043,70.59779663085938,26.162255240142347,1000.56,0.519
54.0,-76.0,2026-09-17 22:24:58,8.029000000000053,73.44779663085937,16.478255240142346,992.28,0.4425
54.0,-75.5,2026-09-17 22:24:58,8.566000000000031,71.94779663085937,18.206255240142347,997.41,0.374
54.0,-75.0,2026-09-17 22:24:58,7.984000000000037,73.22279663085938,16.406255240142347,993.88,0.717
54.0,-74.5,2026-09-17 22:24:58,7.092000000000041,75.69779663085937,13.166255240142346,985.93,1.381
54.0,-74.0,2026-09-17 22:24:58,7.190000000000055,72.42279663085938,11.492255240142347,984.01,0.5265
54.0,-73.5,2026-09-17 22:24:58,5.912000000000035,76.14779663085938,12.482255240142345,977.47,0.5265
54.0,-73.0,2026-09-17 22:24:58,6.094000000000051,71.17279663085938,9.530255240142347,974.91,0.7475
54.0,-72.5,2026-09-17 22:24:58,5.578000000000031,70.77279663085938,9.728255240142346,967.86,1.6555
54.0,-72.0,2026-09-17 22:24:58,5.523000000000025,68.99779663085938,12.860255240142346,967.76,2.1055
54.0,-71.5,2026-09-17 22:24:58,5.4220000000000255,69.92279663085938,13.094255240142346,964.39,1.419
54.0,-71.0,2026-09-17 22:24:58,5.156000000000006,72.62279663085938,13.580255240142346,959.95,4.9745
54.0,-70.5,2026-09-17 22:24:58,4.737000000000023,75.12279663085938,13.544255240142345,958.07,4.6080000000000005
54.0,-70.0,2026-09-17 22:24:58,5.1860000000000355,71.44779663085937,13.670255240142346,955.08,3.235
54.0,-69.5,2026-09-17 22:24:58,5.496000000000038,68.04779663085938,16.856255240142346,957.02,2.495
54.0,-69.0,2026-09-17 22:24:58,5.198000000000036,70.39779663085938,16.388255240142346,957.72,3.0825
54.0,-68.5,2026-09-17 22:24:58,4.8910000000000196,75.27279663085938,15.434255240142345,951.61,5.6305000000000005
54.0,-68.0,2026-09-17 22:24:58,5.084000000000003,74.97279663085938,18.404255240142348,949.54,3.38
54.0,-67.5,2026-09-17 22:24:58,4.494000000000028,79.07413177490236,19.063754499703645,947.7,3.0365
54.0,-67.0,2026-09-17 22:24:58,5.1410000000000196,72.62413177490235,18.091754499703647,947.59,0.969
54.0,-66.5,2026-09-17 22:24:58,6.738000000000056,62.67413177490235,22.951754499703647,962.73,1.7165000000000001
54.0,-66.0,2026-09-17 22:24:58,7.192000000000007,58.69913177490235,22.861754499703647,958.37,2.8535
54.0,-65.5,2026-09-17 22:24:58,6.801000000000045,56.94913177490235,24.58975449970365,963.48,1.32
54.0,-65.0,2026-09-17 22:24:58,7.346000000000004,68.94913177490234,34.77775449970365,964.87,0.229
54.0,-64.5,2026-09-17 22:24:58,6.5610000000000355,65.44913177490234,29.37775449970365,962.59,2.823
54.0,-64.0,2026-09-17 22:24:58,7.521000000000015,64.87413177490235,36.09175449970365,964.2,5.1955
54.0,-63.5,2026-09-17 22:24:58,7.1270000000000095,61.874131774902345,30.90775449970365,963.7,3.4410000000000003
54.0,-63.0,2026-09-17 22:24:58,7.238000000000056,53.249131774902345,26.94775449970365,961.2,2.5405
54.0,-62.5,2026-09-17 22:24:58,7.213000000000022,59.34913177490235,32.81575449970365,954.55,1.0375
54.0,-62.0,2026-09-17 22:24:58,6.365000000000009,64.19913177490234,23.905754499703644,949.15,0.87
54.0,-61.5,2026-09-17 22:24:58,7.599000000000046,55.524131774902344,27.163754499703646,967.94,0.778
54.0,-61.0,2026-09-17 22:24:58,8.928000000000054,52.999131774902345,18.901754499703646,991.24,0.641
54.0,-60.5,2026-09-17 22:24:58,7.031000000000006,65.97413177490235,29.197754499703645,974.64,2.228
54.0,-60.0,2026-09-17 22:24:58,6.055000000000007,65.69913177490234,24.913754499703646,975.95,1.724
54.0,-59.5,2026-09-17 22:24:58,9.000000000000057,60.524131774902344,23.905754499703644,1016.98,0.969
54.0,-59.0,2026-09-17 22:24:58,9.946000000000026,57.22413177490235,23.383754499703645,1008.63,0.4805
54.0,-58.5,2026-09-17 22:24:58,8.350000000000023,59.124131774902345,25.777754499703647,1003.16,0.168
54.0,-58.0,2026-09-17 22:24:58,6.788000000000011,70.89913177490234,16.669754499703647,1000.76,0.45
54.0,-57.5,2026-09-17 22:24:58,6.90500000000003,77.84913177490235,23.329754499703647,999.6,0.6485
54.5,-131.0,2026-09-17 22:24:58,12.400000000000034,93.23740158081056,7.096250153034926,1019.96,0.267
54.5,-130.5,2026-09-17 22:24:58,11.985000000000014,92.43740158081056,6.952250153034926,1022.62,0.1375
54.5,-130.0,2026-09-17 22:24:58,15.770000000000039,67.73740158081056,3.3342501530349256,976.16,0.0
54.5,-129.5,2026-09-17 22:24:58,14.394000000000005,61.18740158081055,2.8122501530349258,934.74,0.0155
54.5,-129.0,2026-09-17 22:24:58,12.844000000000051,64.91240158081055,2.4882501530349255,895.44,0.0
54.5,-128.5,2026-09-17 22:24:58,15.747000000000014,62.86240158081055,3.2802501530349257,976.79,0.0
54.5,-128.0,2026-09-17 22:24:58,12.988000000000056,67.86240158081056,1.5882501530349253,915.04,0.0
54.5,-127.5,2026-09-17 22:24:58,11.04400000000004,55.83740158081055,3.7122501530349257,832.73,0.0
54.5,-127.0,2026-09-17 22:24:58,12.342000000000041,66.13740158081055,5.008250153034926,889.31,0.0
54.5,-126.5,2026-09-17 22:24:58,15.330000000000041,57.53740158081055,5.494250153034926,931.53,0.0
54.5,-126.0,2026-09-17 22:24:58,12.284000000000049,59.61240158081055,6.142250153034926,875.52,0.0
54.5,-125.5,2026-09-17 22:24:58,13.117000000000019,61.11240158081055,6.610250153034926,905.14,0.0
54.5,-125.0,2026-09-17 22:24:58,12.438000000000045,68.73740158081056,7.852250153034926,896.53,0.0
54.5,-124.5,2026-09-17 22:24:58,14.55600000000004,65.71240158081055,11.434250153034927,940.52,0.0
54.5,-124.0,2026-09-17 22:24:58,16.28800000000001,52.11240158081055,7.096250153034926,930.37,0.0
54.5,-123.5,2026-09-17 22:24:58,16.10300000000001,54.16240158081055,7.708250153034926,924.06,0.0
54.5,-123.0,2026-09-17 22:24:58,15.317000000000007,63.26240158081055,9.004250153034926,922.25,0.0
54.5,-122.5,2026-09-17 22:24:58,15.378000000000043,59.81240158081055,5.674250153034925,916.67,0.0
54.5,-122.0,2026-09-17 22:24:58,15.064000000000021,57.53740158081055,6.520250153034926,901.28,0.0
54.5,-121.5,2026-09-17 22:24:58,14.761000000000024,55.98740158081055,5.530250153034926,890.98,0.0
54.5,-121.0,2026-09-17 22:24:58,11.39100000000002,57.13740158081055,15.304250153034927,834.25,0.0
54.5,-120.5,2026-09-17 22:24:58,12.964000000000055,57.61240158081055,13.198250153034925,859.34,0.0
54.5,-120.0,2026-09-17 22:24:58,14.140000000000043,52.45826950073243,12.49564801347256,861.43,0.0
54.5,-119.5,2026-09-17 22:24:58,14.56800000000004,52.05826950073242,11.487648013472558,867.57,0.0
54.5,-119.0,2026-09-17 22:24:58,19.039000000000044,39.03326950073242,9.093648013472558,909.36,0.0
54.5,-118.5,2026-09-17 22:24:58,17.786,52.83326950073243,3.4236480134725573,912.39,0.0
54.5,-118.0,2026-09-17 22:24:58,17.31800000000004,47.15826950073242,7.707648013472558,913.15,0.0
54.5,-117.5,2026-09-17 22:24:58,18.53800000000001,42.108269500732426,8.283648013472558,918.53,0.0
54.5,-117.0,2026-09-17 22:24:58,19.072000000000003,40.05826950073242,5.997648013472558,926.43,0.0
54.5,-116.5,2026-09-17 22:24:58,17.505000000000052,45.358269500732426,7.473648013472556,918.47,0.0
54.5,-116.0,2026-09-17 22:24:58,16.886000000000024,42.53326950073242,10.857648013472557,898.53,0.0
54.5,-115.5,2026-09-17 22:24:58,17.04400000000004,44.20826950073243,9.849648013472557,896.63,0.0
54.5,-115.0,2026-09-17 22:24:58,18.583000000000027,50.03326950073242,6.771648013472557,923.03,0.0
54.5,-114.5,2026-09-17 22:24:58,19.476000000000056,49.40826950073242,8.373648013472557,941.26,0.0
54.5,-114.0,2026-09-17 22:24:58,18.39500000000004,56.233269500732426,9.723648013472559,941.5,0.0
54.5,-113.5,2026-09-17 22:24:58,18.03800000000001,53.90826950073242,8.481648013472558,938.5,0.0
54.5,-113.0,2026-09-17 22:24:58,19.199000000000012,43.108269500732426,9.237648013472558,938.18,0.0
54.5,-112.5,2026-09-17 22:24:58,19.025000000000034,49.20826950073243,8.571648013472558,938.72,0.0
54.5,-112.0,2026-09-17 22:24:58,19.057000000000016,50.258269500732425,6.285648013472557,945.08,0.061
54.5,-111.5,2026-09-17 22:24:58,18.539000000000044,50.633269500732425,6.951648013472557,946.32,0.0915
54.5,-111.0,2026-09-17 22:24:58,18.022000000000048,51.508269500732425,9.849648013472557,949.29,0.0305
54.5,-110.5,2026-09-17 22:24:58,18.059000000000026,52.258269500732425,11.523648013472558,951.7,0.0
54.5,-110.0,2026-09-17 22:24:58,16.198000000000036,66.55212936401368,15.342304793536663,951.74,0.0
54.5,-109.5,2026-09-17 22:24:58,16.718000000000018,58.10212936401368,9.726304793536665,948.39,0.0
54.5,-109.0,2026-09-17 22:24:58,16.16900000000004,62.17712936401367,9.852304793536662,949.01,0.0
54.5,-108.5,2026-09-17 22:24:58,16.77800000000002,61.30212936401367,12.822304793536663,959.81,0.0
54.5,-108.0,2026-09-17 22:24:58,17.84400000000005,56.55212936401367,10.068304793536663,960.39,0.0
54.5,-107.5,2026-09-17 22:24:58,16.998000000000047,54.377129364013676,12.246304793536662,962.19,0.023
54.5,-107.0,2026-09-17 22:24:58,16.063000000000045,59.002129364013676,14.154304793536664,956.98,0.0
54.5,-106.5,2026-09-17 22:24:58,16.724000000000046,57.527129364013675,12.732304793536665,947.76,0.0
54.5,-106.0,2026-09-17 22:24:58,14.654000000000053,63.877129364013676,22.434304793536665,950.76,0.0
54.5,-105.5,2026-09-17 22:24:58,16.238000000000056,58.152129364013675,17.016304793536662,961.29,0.023
54.5,-105.0,2026-09-17 22:24:58,16.04400000000004,56.82712936401367,15.594304793536663,961.06,0.1295
54.5,-104.5,2026-09-17 22:24:58,16.003000000000043,57.70212936401367,12.426304793536664,962.63,0.168
54.5,-104.0,2026-09-17 22:24:58,14.65100000000001,58.402129364013675,14.100304793536663,975.94,0.046
54.5,-103.5,2026-09-17 22:24:58,13.847000000000037,54.22712936401368,15.000304793536664,981.59,0.023
54.5,-103.0,2026-09-17 22:24:58,12.279000000000053,62.07712936401367,22.776304793536664,985.37,0.099
54.5,-102.5,2026-09-17 22:24:58,11.756000000000029,58.027129364013675,14.244304793536664,987.15,1.2895
54.5,-102.0,2026-09-17 22:24:58,12.089000000000055,55.502129364013676,19.050304793536665,988.12,2.426
54.5,-101.5,2026-09-17 22:24:58,13.221000000000004,54.85212936401368,17.196304793536665,989.76,4.1655
54.5,-101.0,2026-09-17 22:24:58,12.836000000000013,58.252129364013676,12.678304793536663,988.82,3.418
54.5,-100.5,2026-09-17 22:24:58,13.021000000000015,54.55212936401367,10.248304793536665,991.92,2.0445
54.5,-100.0,2026-09-17 22:24:58,12.900000000000034,47.527129364013675,10.482304793536665,993.1,1.419
54.5,-99.5,2026-09-17 22:24:58,12.095000000000027,48.80212936401367,6.576304793536663,995.58,1.236
54.5,-99.0,2026-09-17 22:24:58,11.862000000000023,50.502129364013676,4.290304793536663,998.71,1.808
54.5,-98.5,2026-09-17 22:24:58,11.604000000000042,49.67712936401367,0.7083047935366631,1000.86,3.5780000000000003
54.5,-98.0,2026-09-17 22:24:58,10.404000000000053,45.80212936401367,2.0403047935366634,1001.16,6.3935
54.5,-97.5,2026-09-17 22:24:58,10.625000000000057,45.92712936401367,4.812304793536663,1001.47,4.28
54.5,-97.0,2026-09-17 22:24:58,10.410000000000025,50.32712936401367,5.9463047935366635,1000.44,1.0225
54.5,-96.5,2026-09-17 22:24:58,10.191000000000031,54.85212936401368,8.664304793536663,999.85,3.2045
54.5,-96.0,2026-09-17 22:24:58,10.004000000000019,60.30212936401367,7.260304793536664,1001.51,5.3635
54.5,-95.5,2026-09-17 22:24:58,9.55400000000003,61.82712936401367,9.330304793536664,1003.71,5.562
54.5,-95.0,2026-09-17 22:24:58,8.673000000000002,65.62279663085938,16.910255240142344,1004.38,12.558
54.5,-94.5,2026-09-17 22:24:58,8.605000000000018,66.47279663085938,20.960255240142345,1004.85,13.9465
54.5,-94.0,2026-09-17 22:24:58,8.478000000000009,63.59779663085938,21.014255240142344,1000.77,14.0455
54.5,-93.5,2026-09-17 22:24:58,8.54200000000003,60.79779663085938,18.260255240142346,1001.46,16.182
54.5,-93.0,2026-09-17 22:24:58,7.1720000000000255,65.84779663085938,19.070255240142345,999.3,12.1615
54.5,-92.5,2026-09-17 22:24:58,7.525000000000034,69.77279663085938,34.98225524014235,1001.25,6.4085
54.5,-92.0,2026-09-17 22:24:58,6.966000000000008,67.59779663085938,22.454255240142345,998.98,8.1405
54.5,-91.5,2026-09-17 22:24:58,6.560000000000002,70.87279663085938,25.442255240142348,998.77,6.546
54.5,-91.0,2026-09-17 22:24:58,5.994000000000028,75.34779663085938,27.026255240142348,999.09,1.961
54.5,-90.5,2026-09-17 22:24:58,5.900000000000034,77.72279663085938,27.764255240142347,999.87,1.045
54.5,-90.0,2026-09-17 22:24:58,6.236000000000047,76.44779663085937,27.926255240142346,1002.16,0.168
54.5,-89.5,2026-09-17 22:24:58,6.312000000000012,75.84779663085938,27.206255240142347,1003.45,0.0535
54.5,-89.0,2026-09-17 22:24:58,6.552000000000021,72.22279663085938,26.684255240142345,1002.46,0.0
54.5,-88.5,2026-09-17 22:24:58,6.202000000000055,77.19779663085939,29.34825524014235,999.33,0.0
54.5,-88.0,2026-09-17 22:24:58,6.632000000000005,70.17279663085938,24.578255240142347,999.7,0.0
54.5,-87.5,2026-09-17 22:24:58,7.039000000000044,71.47279663085938,31.490255240142346,1003.72,0.0
54.5,-87.0,2026-09-17 22:24:58,6.473000000000013,71.64779663085938,27.206255240142347,1003.59,0.0075
54.5,-86.5,2026-09-17 22:24:58,6.795000000000016,68.02279663085938,27.836255240142346,1002.41,0.458
54.5,-86.0,2026-09-17 22:24:58,7.841000000000008,62.84779663085938,30.680255240142348,1003.95,0.435
54.5,-85.5,2026-09-17 22:24:58,9.505000000000052,63.69779663085938,28.592255240142347,1004.91,0.0
54.5,-85.0,2026-09-17 22:24:58,8.770000000000039,74.92279663085938,37.64625524014235,1000.84,0.0
54.5,-84.5,2026-09-17 22:24:58,7.0540000000000305,92.67279663085938,26.864255240142345,998.57,0.0
54.5,-84.0,2026-09-17 22:24:58,9.317000000000007,79.72279663085938,16.622255240142344,1003.04,0.0155
54.5,-83.5,2026-09-17 22:24:58,9.05400000000003,88.59779663085938,18.782255240142348,1007.02,0.1145
54.5,-83.0,2026-09-17 22:24:58,9.40500000000003,87.17279663085938,16.352255240142345,1011.09,0.229
54.5,-82.5,2026-09-17 22:24:58,11.049000000000035,73.89779663085938,20.726255240142347,1013.29,0.023
54.5,-79.5,2026-09-17 22:24:58,9.942000000000007,78.42279663085938,31.742255240142345,1017.55,0.5645
54.5,-79.0,2026-09-17 22:24:58,9.555000000000007,76.24779663085938,24.398255240142348,1016.54,0.2215
54.5,-78.5,2026-09-17 22:24:58,8.581000000000017,79.27279663085938,24.308255240142344,1005.43,0.23650000000000002
54.5,-78.0,2026-09-17 22:24:58,8.120000000000005,81.59779663085938,26.666255240142345,997.91,0.4425
54.5,-77.5,2026-09-17 22:24:58,8.882000000000005,75.42279663085938,21.284255240142347,1002.43,0.9005
54.5,-77.0,2026-09-17 22:24:58,8.227000000000032,76.72279663085938,18.764255240142344,1001.1,0.969
54.5,-76.5,2026-09-17 22:24:58,8.451000000000022,75.59779663085938,20.060255240142347,989.96,1.671
54.5,-76.0,2026-09-17 22:24:58,7.626000000000033,78.02279663085938,19.016255240142346,990.08,1.6480000000000001
54.5,-75.5,2026-09-17 22:24:58,7.233000000000004,79.07279663085939,16.640255240142345,984.43,0.992
54.5,-75.0,2026-09-17 22:24:58,7.2830000000000155,78.22279663085938,15.200255240142347,986.73,0.87
54.5,-74.5,2026-09-17 22:24:58,6.66700000000003,76.17279663085938,15.452255240142344,975.96,1.61
54.5,-74.0,2026-09-17 22:24:58,6.888000000000034,72.12279663085938,14.480255240142347,975.77,1.1445
54.5,-73.5,2026-09-17 22:24:58,6.162000000000035,75.64779663085938,15.110255240142346,971.35,1.1825
54.5,-73.0,2026-09-17 22:24:58,5.951000000000022,73.34779663085938,13.958255240142346,969.64,0.7020000000000001
54.5,-72.5,2026-09-17 22:24:58,5.942000000000007,72.54779663085938,13.526255240142346,970.61,0.984
54.5,-72.0,2026-09-17 22:24:58,5.843000000000018,69.69779663085937,13.310255240142347,970.13,1.297
54.5,-71.5,2026-09-17 22:24:58,5.611000000000047,70.87279663085938,13.976255240142345,968.96,2.3955
54.5,-71.0,2026-09-17 22:24:58,4.927000000000021,74.82279663085937,16.010255240142346,960.71,3.5705
54.5,-70.5,2026-09-17 22:24:58,4.55600000000004,82.87279663085938,17.342255240142347,961.48,3.4485
54.5,-70.0,2026-09-17 22:24:58,5.166000000000054,72.84779663085938,16.910255240142344,956.91,5.4015
54.5,-69.5,2026-09-17 22:24:58,5.128000000000043,72.82279663085937,17.59425524014235,954.91,2.7695
54.5,-69.0,2026-09-17 22:24:58,5.880000000000052,67.52279663085938,22.202255240142346,958.9,4.532
54.5,-68.5,2026-09-17 22:24:58,4.585000000000036,77.44779663085939,15.398255240142346,951.32,5.2185
54.5,-68.0,2026-09-17 22:24:58,4.748000000000047,75.22279663085938,18.584255240142344,950.82,6.607
54.5,-67.5,2026-09-17 22:24:58,4.888000000000034,75.74913177490235,17.65975449970365,949.34,7.2250000000000005
54.5,-67.0,2026-09-17 22:24:58,4.852000000000032,78.77413177490234,21.151754499703646,952.44,5.539
54.5,-66.5,2026-09-17 22:24:58,5.718000000000018,64.54913177490235,22.231754499703644,964.52,2.0525
54.5,-66.0,2026-09-17 22:24:58,6.050000000000011,68.49913177490235,16.813754499703645,959.77,0.6255000000000001
54.5,-65.5,2026-09-17 22:24:58,6.882000000000005,61.67413177490235,22.825754499703645,963.58,1.03
54.5,-65.0,2026-09-17 22:24:58,6.91900000000004,56.249131774902345,26.47975449970365,961.3,4.9665
54.5,-64.5,2026-09-17 22:24:58,6.018000000000029,59.82413177490235,26.245754499703647,956.94,0.862
54.5,-64.0,2026-09-17 22:24:58,5.730000000000018,63.92413177490235,27.919754499703647,958.06,0.7705
54.5,-63.5,2026-09-17 22:24:58,7.414000000000044,57.899131774902344,30.29575449970365,960.16,2.617
54.5,-63.0,2026-09-17 22:24:58,7.460000000000036,64.74913177490235,24.247754499703646,977.26,2.4035
54.5,-62.5,2026-09-17 22:24:58,5.580000000000041,78.34913177490235,22.861754499703647,967.59,1.068
54.5,-62.0,2026-09-17 22:24:58,7.148000000000025,66.34913177490235,25.72375449970365,969.63,0.847
54.5,-61.5,2026-09-17 22:24:58,8.54400000000004,62.624131774902345,31.48375449970365,993.7,0.20600000000000002
54.5,-61.0,2026-09-17 22:24:58,7.865000000000009,56.999131774902345,24.715754499703646,987.58,0.6715
54.5,-60.5,2026-09-17 22:24:58,6.398000000000025,61.399131774902344,26.209754499703646,982.91,0.3205
54.5,-60.0,2026-09-17 22:24:58,5.886000000000024,63.69913177490235,27.919754499703647,979.94,0.664
54.5,-59.5,2026-09-17 22:24:58,5.890000000000043,68.47413177490235,22.861754499703647,981.34,2.083
54.5,-59.0,2026-09-17 22:24:58,5.322000000000003,68.77413177490234,26.47975449970365,978.15,4.616
54.5,-58.5,2026-09-17 22:24:58,5.3870000000000005,80.79913177490235,18.091754499703647,990.0,1.4040000000000001
54.5,-58.0,2026-09-17 22:24:58,6.4360000000000355,76.94913177490236,26.623754499703647,998.28,0.969
54.5,-57.5,2026-09-17 22:24:58,7.348000000000013,81.04913177490235,30.385754499703644,1010.59,0.5495
55.0,-130.0,2026-09-17 22:24:58,12.334000000000003,89.98740158081056,2.848250153034926,1010.16,0.038
55.0,-129.5,2026-09-17 22:24:58,10.607000000000028,77.58740158081055,5.566250153034926,909.26,0.1905
55.0,-129.0,2026-09-17 22:24:58,15.736000000000047,60.16240158081055,3.064250153034926,963.81,0.0
55.0,-128.5,2026-09-17 22:24:58,11.847000000000037,72.81240158081054,3.0102501530349257,884.93,0.0075
55.0,-128.0,2026-09-17 22:24:58,10.664000000000044,63.71240158081055,2.992250153034926,870.17,0.0
55.0,-127.5,2026-09-17 22:24:58,11.674000000000035,54.01240158081055,2.4882501530349255,869.44,0.0155
55.0,-127.0,2026-09-17 22:24:58,10.197000000000003,63.18740158081055,5.332250153034925,867.71,0.038
55.0,-126.5,2026-09-17 22:24:58,12.878000000000043,59.23740158081055,3.2802501530349257,905.56,0.0
55.0,-126.0,2026-09-17 22:24:58,13.033000000000015,60.01240158081055,7.006250153034926,915.99,0.0
55.0,-125.5,2026-09-17 22:24:58,12.924000000000035,53.18740158081055,7.258250153034926,881.84,0.0
55.0,-125.0,2026-09-17 22:24:58,15.009000000000015,52.66240158081055,7.870250153034926,919.54,0.0
55.0,-124.5,2026-09-17 22:24:58,12.838000000000022,64.01240158081055,8.302250153034926,889.76,0.0
55.0,-124.0,2026-09-17 22:24:58,12.975000000000023,57.56240158081055,8.446250153034926,874.89,0.0
55.0,-123.5,2026-09-17 22:24:58,12.553000000000054,59.38740158081055,8.572250153034926,872.64,0.0
55.0,-123.0,2026-09-17 22:24:58,16.005000000000052,61.56240158081055,2.4702501530349257,932.31,0.0
55.0,-122.5,2026-09-17 22:24:58,12.023000000000025,66.83740158081055,6.952250153034926,885.64,0.0
55.0,-122.0,2026-09-17 22:24:58,10.322000000000003,67.76240158081055,14.206250153034926,855.77,0.0
55.0,-121.5,2026-09-17 22:24:58,12.039000000000044,61.18740158081055,11.524250153034926,855.99,0.0
55.0,-121.0,2026-09-17 22:24:58,16.64100000000002,50.11240158081055,12.136250153034926,910.35,0.0
55.0,-120.5,2026-09-17 22:24:58,16.48100000000005,49.06240158081055,11.776250153034926,895.54,0.0
55.0,-120.0,2026-09-17 22:24:58,17.124000000000024,50.68326950073242,12.567648013472557,916.27,0.0
55.0,-119.5,2026-09-17 22:24:58,18.70700000000005,50.40826950073242,14.331648013472558,934.0,0.0
55.0,-119.0,2026-09-17 22:24:58,20.098000000000013,44.05826950073242,11.469648013472558,935.25,0.0
55.0,-118.5,2026-09-17 22:24:58,19.024,52.33326950073243,8.013648013472558,944.08,0.0
55.0,-118.0,2026-09-17 22:24:58,18.483000000000004,50.18326950073242,8.589648013472557,941.96,0.0
55.0,-117.5,2026-09-17 22:24:58,18.122000000000014,46.43326950073242,10.533648013472558,932.94,0.0
55.0,-117.0,2026-09-17 22:24:58,18.121000000000038,48.08326950073243,9.003648013472558,935.92,0.0
55.0,-116.5,2026-09-17 22:24:58,16.341000000000008,51.258269500732425,9.723648013472559,914.07,0.0
55.0,-116.0,2026-09-17 22:24:58,17.559000000000026,48.80826950073242,8.535648013472558,927.62,0.0
55.0,-115.5,2026-09-17 22:24:58,18.364000000000033,41.508269500732425,9.093648013472558,919.46,0.0
55.0,-115.0,2026-09-17 22:24:58,16.447000000000003,51.858269500732426,9.867648013472557,902.5,0.0
55.0,-114.5,2026-09-17 22:24:58,20.021000000000015,43.383269500732425,4.251648013472558,939.56,0.023
55.0,-114.0,2026-09-17 22:24:58,18.27600000000001,51.883269500732425,3.999648013472557,940.63,0.0
55.0,-113.5,2026-09-17 22:24:58,18.015000000000043,54.18326950073242,4.863648013472557,941.89,0.038
55.0,-113.0,2026-09-17 22:24:58,17.911,60.008269500732425,4.341648013472557,945.88,0.0685
55.0,-112.5,2026-09-17 22:24:58,16.884000000000015,58.133269500732425,4.017648013472558,950.71,0.038
55.0,-112.0,2026-09-17 22:24:58,16.635000000000048,53.883269500732425,5.763648013472557,949.96,0.084
55.0,-111.5,2026-09-17 22:24:58,16.114000000000033,58.18326950073242,9.957648013472559,943.94,0.023
55.0,-111.0,2026-09-17 22:24:58,16.023000000000025,56.983269500732426,8.283648013472558,941.39,0.0
55.0,-110.5,2026-09-17 22:24:58,16.577000000000055,55.633269500732425,10.947648013472557,933.63,0.0535
55.0,-110.0,2026-09-17 22:24:58,15.640000000000043,61.902129364013675,13.236304793536663,935.69,0.435
55.0,-109.5,2026-09-17 22:24:58,14.427000000000021,71.60212936401368,22.686304793536664,945.3,0.328
55.0,-109.0,2026-09-17 22:24:58,16.162000000000035,61.152129364013675,15.774304793536663,937.39,0.1985
55.0,-108.5,2026-09-17 22:24:58,17.463000000000022,59.527129364013675,11.472304793536663,952.3,0.1525
55.0,-108.0,2026-09-17 22:24:58,16.940000000000055,59.20212936401367,14.010304793536664,963.01,0.023
55.0,-107.5,2026-09-17 22:24:58,16.043000000000006,61.627129364013676,14.046304793536663,960.27,0.0
55.0,-107.0,2026-09-17 22:24:58,16.11700000000002,60.42712936401367,13.902304793536663,956.66,0.0075
55.0,-106.5,2026-09-17 22:24:58,17.388000000000034,56.67712936401367,15.666304793536662,967.82,0.0
55.0,-106.0,2026-09-17 22:24:58,17.496000000000038,55.502129364013676,11.472304793536663,966.8,0.023
55.0,-105.5,2026-09-17 22:24:58,16.959000000000003,56.652129364013675,12.768304793536663,972.43,0.183
55.0,-105.0,2026-09-17 22:24:58,15.552000000000021,64.20212936401367,22.25430479353666,976.79,0.183
55.0,-104.5,2026-09-17 22:24:58,14.998000000000047,55.72712936401368,11.760304793536664,973.01,0.099
55.0,-104.0,2026-09-17 22:24:58,13.310000000000002,54.07712936401367,17.214304793536666,974.8,0.0915
55.0,-103.5,2026-09-17 22:24:58,13.011000000000024,55.42712936401367,16.242304793536665,980.59,0.0915
55.0,-103.0,2026-09-17 22:24:58,12.208000000000027,57.47712936401368,17.430304793536664,984.54,0.5720000000000001
55.0,-102.5,2026-09-17 22:24:58,11.396000000000015,57.027129364013675,14.496304793536664,983.54,1.0835000000000001
55.0,-102.0,2026-09-17 22:24:58,12.400000000000034,60.20212936401367,15.054304793536662,984.8,2.846
55.0,-101.5,2026-09-17 22:24:58,12.436000000000035,54.42712936401367,16.350304793536665,986.41,5.4855
55.0,-101.0,2026-09-17 22:24:58,12.628000000000043,45.82712936401367,15.954304793536663,984.95,2.075
55.0,-100.5,2026-09-17 22:24:58,11.926000000000045,49.277129364013675,9.492304793536663,990.78,6.6755
55.0,-100.0,2026-09-17 22:24:58,11.378000000000043,50.152129364013675,7.764304793536663,989.57,5.203
55.0,-99.5,2026-09-17 22:24:58,11.365000000000009,50.652129364013675,4.290304793536663,993.99,4.616
55.0,-99.0,2026-09-17 22:24:58,11.095000000000027,46.85212936401368,2.526304793536663,998.34,3.0825
55.0,-98.5,2026-09-17 22:24:58,9.772000000000048,41.377129364013676,1.3923047935366633,999.33,1.8615
55.0,-98.0,2026-09-17 22:24:58,10.16900000000004,52.55212936401367,0.996304793536663,1003.99,2.1135
55.0,-97.5,2026-09-17 22:24:58,8.41900000000004,61.027129364013675,5.820304793536663,1003.86,2.815
55.0,-97.0,2026-09-17 22:24:58,9.511000000000024,60.60212936401368,7.7283047935366636,1001.79,3.1585
55.0,-96.5,2026-09-17 22:24:58,9.496000000000038,63.002129364013676,5.568304793536663,1000.05,9.186
55.0,-96.0,2026-09-17 22:24:58,9.51400000000001,58.80212936401367,7.710304793536664,998.7,14.198500000000001
55.0,-95.5,2026-09-17 22:24:58,9.55600000000004,57.002129364013676,10.860304793536663,1001.06,14.1755
55.0,-95.0,2026-09-17 22:24:58,8.650000000000034,63.122796630859376,14.246255240142347,1001.16,5.562
55.0,-94.5,2026-09-17 22:24:58,8.44300000000004,66.74779663085938,22.868255240142346,1003.98,8.049
55.0,-94.0,2026-09-17 22:24:58,8.77600000000001,60.44779663085938,16.964255240142347,1004.23,7.5835
55.0,-93.5,2026-09-17 22:24:58,8.662000000000035,60.897796630859375,23.732255240142347,1003.41,13.138
55.0,-93.0,2026-09-17 22:24:58,8.467000000000041,58.29779663085938,19.718255240142348,1003.66,6.0805
55.0,-92.5,2026-09-17 22:24:58,6.868000000000052,67.29779663085938,21.194255240142347,1004.2,3.0595
55.0,-92.0,2026-09-17 22:24:58,6.3770000000000095,72.24779663085938,22.976255240142347,1006.43,2.0525
55.0,-91.5,2026-09-17 22:24:58,5.6370000000000005,81.14779663085938,25.334255240142344,1008.77,0.28250000000000003
55.0,-91.0,2026-09-17 22:24:58,5.452000000000055,88.27279663085938,26.432255240142347,1005.68,0.618
55.0,-90.5,2026-09-17 22:24:58,5.560000000000002,90.54779663085938,28.250255240142348,1005.87,0.41200000000000003
55.0,-90.0,2026-09-17 22:24:58,5.69500000000005,89.29779663085938,25.910255240142344,1004.79,0.8165
55.0,-89.5,2026-09-17 22:24:58,6.04200000000003,83.52279663085938,22.598255240142347,1006.48,0.0765
55.0,-89.0,2026-09-17 22:24:58,6.0020000000000095,82.74779663085938,25.100255240142346,1006.27,1.175
55.0,-88.5,2026-09-17 22:24:58,6.282000000000039,75.52279663085938,21.788255240142348,1004.8,0.3585
55.0,-88.0,2026-09-17 22:24:58,6.228000000000009,77.17279663085938,21.932255240142347,1004.65,0.16
55.0,-87.5,2026-09-17 22:24:58,5.938000000000045,82.44779663085939,29.546255240142347,1002.46,0.1295
55.0,-87.0,2026-09-17 22:24:58,6.633000000000038,80.92279663085938,37.53825524014235,1001.55,0.061
55.0,-86.5,2026-09-17 22:24:58,6.356000000000051,79.84779663085938,29.96025524014235,1003.3,0.374
55.0,-86.0,2026-09-17 22:24:58,6.913000000000011,76.82279663085939,29.312255240142346,1006.68,0.8315
55.0,-85.5,2026-09-17 22:24:58,8.647000000000048,69.99779663085938,28.736255240142345,1009.03,0.0
55.0,-85.0,2026-09-17 22:24:58,8.015000000000043,76.59779663085938,29.258255240142347,1008.98,0.0
55.0,-84.5,2026-09-17 22:24:58,9.994000000000028,75.47279663085938,29.636255240142344,1009.83,0.084
55.0,-84.0,2026-09-17 22:24:58,8.188000000000045,92.89779663085938,23.264255240142344,1010.44,0.1525
55.0,-83.5,2026-09-17 22:24:58,8.896000000000015,85.82279663085939,16.442255240142348,1011.13,0.061
55.0,-83.0,2026-09-17 22:24:58,8.576000000000022,95.54779663085938,20.816255240142347,1012.27,0.0535
55.0,-82.5,2026-09-17 22:24:58,10.317000000000007,78.89779663085938,22.922255240142345,1013.69,0.0305
55.0,-79.0,2026-09-17 22:24:58,9.42100000000005,77.09779663085938,29.96025524014235,1017.87,0.0685
55.0,-78.5,2026-09-17 22:24:58,10.27800000000002,72.92279663085938,27.350255240142346,1017.33,0.0915
55.0,-78.0,2026-09-17 22:24:58,9.698000000000036,76.99779663085938,24.002255240142347,1005.66,1.4265
55.0,-77.5,2026-09-17 22:24:58,8.843000000000018,76.24779663085938,23.192255240142348,997.15,4.9515
55.0,-77.0,2026-09-17 22:24:58,8.225000000000023,78.54779663085938,19.016255240142346,995.98,3.2805
55.0,-76.5,2026-09-17 22:24:58,7.912000000000035,76.27279663085938,20.978255240142346,992.8,2.4565
55.0,-76.0,2026-09-17 22:24:58,8.083000000000027,75.62279663085938,21.734255240142346,984.55,2.7845
55.0,-75.5,2026-09-17 22:24:58,8.025000000000034,73.44779663085937,19.340255240142344,982.04,1.9075
55.0,-75.0,2026-09-17 22:24:58,7.524000000000001,75.77279663085938,21.194255240142347,986.0,2.1515
55.0,-74.5,2026-09-17 22:24:58,6.882000000000005,76.67279663085938,18.962255240142348,974.39,2.632
55.0,-74.0,2026-09-17 22:24:58,6.434000000000026,76.09779663085938,18.764255240142344,973.05,3.0135
55.0,-73.5,2026-09-17 22:24:58,6.599000000000046,73.47279663085938,17.864255240142345,973.77,2.075
55.0,-73.0,2026-09-17 22:24:58,6.331000000000017,72.99779663085938,19.430255240142348,974.43,1.4495
55.0,-72.5,2026-09-17 22:24:58,6.017000000000053,74.07279663085937,14.498255240142345,973.79,1.3960000000000001
55.0,-72.0,2026-09-17 22:24:58,6.048000000000002,70.17279663085938,15.542255240142346,971.62,2.8000000000000003
55.0,-71.5,2026-09-17 22:24:58,5.363000000000056,72.44779663085937,16.586255240142346,970.69,4.593
55.0,-71.0,2026-09-17 22:24:58,4.7900000000000205,80.59779663085938,12.860255240142346,965.9,4.486
55.0,-70.5,2026-09-17 22:24:58,3.5960000000000036,85.19779663085939,17.630255240142347,958.34,6.9505
55.0,-70.0,2026-09-17 22:24:58,4.867000000000019,77.09779663085938,15.236255240142347,963.59,6.9735000000000005
55.0,-69.5,2026-09-17 22:24:58,5.466000000000008,71.69779663085937,14.930255240142346,963.88,6.111
55.0,-69.0,2026-09-17 22:24:58,4.503000000000043,72.72279663085938,16.928255240142345,954.95,7.0040000000000004
55.0,-68.5,2026-09-17 22:24:58,5.008000000000038,75.02279663085938,18.152255240142345,955.09,5.2415
55.0,-68.0,2026-09-17 22:24:58,3.9710000000000036,82.34779663085938,16.784255240142347,951.77,6.2940000000000005
55.0,-67.5,2026-09-17 22:24:58,3.8520000000000323,77.92413177490235,16.72375449970365,945.79,10.1015
55.0,-67.0,2026-09-17 22:24:58,5.2900000000000205,70.54913177490235,21.007754499703648,965.06,3.273
55.0,-66.5,2026-09-17 22:24:58,5.650000000000034,72.07413177490234,26.65975449970365,964.08,3.09
55.0,-66.0,2026-09-17 22:24:58,4.760000000000048,72.64913177490234,22.249754499703645,959.28,3.998
55.0,-65.5,2026-09-17 22:24:58,4.944000000000017,72.74913177490235,23.725754499703648,963.37,4.616
55.0,-65.0,2026-09-17 22:24:58,6.114000000000033,61.874131774902345,24.391754499703648,958.38,3.456
55.0,-64.5,2026-09-17 22:24:58,6.0190000000000055,58.97413177490235,27.397754499703648,958.7,3.2805
55.0,-64.0,2026-09-17 22:24:58,6.005000000000052,69.47413177490235,27.23575449970365,954.56,4.532
55.0,-63.5,2026-09-17 22:24:58,4.682000000000016,87.29913177490235,29.71975449970365,957.42,3.0825
55.0,-63.0,2026-09-17 22:24:58,5.66900000000004,64.69913177490234,26.94775449970365,961.61,3.1355
55.0,-62.5,2026-09-17 22:24:58,4.425000000000011,66.52413177490234,33.013754499703644,946.05,1.9225
55.0,-62.0,2026-09-17 22:24:58,6.952000000000055,56.67413177490235,24.625754499703646,967.73,0.3815
55.0,-61.5,2026-09-17 22:24:58,5.427000000000021,72.12413177490235,25.831754499703646,965.25,0.5495
55.0,-61.0,2026-09-17 22:24:58,7.76400000000001,60.374131774902345,24.247754499703646,1005.42,1.335
55.0,-60.5,2026-09-17 22:24:58,7.2620000000000005,58.72413177490235,24.769754499703645,997.91,1.8005
55.0,-60.0,2026-09-17 22:24:58,7.350000000000023,58.524131774902344,25.633754499703645,1000.56,11.5435
55.0,-59.5,2026-09-17 22:24:58,7.275000000000034,69.92413177490235,28.27975449970365,1004.65,8.301
55.0,-59.0,2026-09-17 22:24:58,7.608000000000004,74.89913177490234,31.249754499703645,1013.39,10.193
55.0,-58.0,2026-09-17 22:24:58,6.711000000000013,79.44913177490236,39.33175449970365,1014.59,4.341
55.5,-130.0,2026-09-17 22:24:58,13.487000000000023,66.66240158081055,3.424250153034926,949.81,0.046
55.5,-129.5,2026-09-17 22:24:58,15.025000000000034,65.78740158081055,4.2342501530349255,976.33,0.061
55.5,-129.0,2026-09-17 22:24:58,16.357000000000028,61.66240158081055,4.054250153034926,987.42,0.0
55.5,-128.5,2026-09-17 22:24:58,7.729000000000042,76.21240158081055,8.536250153034926,843.32,0.3435
55.5,-128.0,2026-09-17 22:24:58,13.65500000000003,67.38740158081055,4.378250153034926,941.88,0.0
55.5,-127.5,2026-09-17 22:24:58,7.856000000000051,69.58740158081055,9.580250153034926,846.64,0.244
55.5,-127.0,2026-09-17 22:24:58,14.018000000000029,56.03740158081055,5.440250153034926,914.44,0.0
55.5,-126.5,2026-09-17 22:24:58,11.117000000000019,61.91240158081055,5.998250153034926,892.27,0.0
55.5,-126.0,2026-09-17 22:24:58,12.640000000000043,59.63740158081055,1.2822501530349255,935.84,0.0
55.5,-125.5,2026-09-17 22:24:58,12.476000000000056,60.63740158081055,9.436250153034926,894.93,0.0
55.5,-125.0,2026-09-17 22:24:58,11.198000000000036,58.96240158081055,7.438250153034925,861.7,0.0
55.5,-124.5,2026-09-17 22:24:58,10.914000000000044,56.96240158081055,6.898250153034926,850.97,0.0
55.5,-124.0,2026-09-17 22:24:58,11.912000000000035,56.86240158081055,5.872250153034926,879.29,0.0
55.5,-123.5,2026-09-17 22:24:58,14.053000000000054,59.18740158081055,2.5422501530349257,931.37,0.0
55.5,-123.0,2026-09-17 22:24:58,12.357000000000028,62.06240158081055,8.050250153034925,889.41,0.0
55.5,-122.5,2026-09-17 22:24:58,14.456000000000017,55.56240158081055,9.634250153034927,899.7,0.0
55.5,-122.0,2026-09-17 22:24:58,14.787000000000035,54.76240158081055,8.860250153034926,891.71,0.0
55.5,-121.5,2026-09-17 22:24:58,15.119000000000028,54.33740158081055,10.300250153034925,892.95,0.0
55.5,-121.0,2026-09-17 22:24:58,15.981000000000051,47.48740158081055,10.516250153034925,895.79,0.0
55.5,-120.5,2026-09-17 22:24:58,17.76400000000001,45.88740158081055,9.706250153034926,915.44,0.0
55.5,-120.0,2026-09-17 22:24:58,17.64300000000003,49.133269500732425,11.433648013472556,925.57,0.0
55.5,-119.5,2026-09-17 22:24:58,17.497000000000014,50.30826950073242,13.395648013472558,922.22,0.0
55.5,-119.0,2026-09-17 22:24:58,16.781000000000006,52.358269500732426,11.289648013472556,910.03,0.0
55.5,-118.5,2026-09-17 22:24:58,18.076000000000022,52.15826950073242,8.949648013472558,929.73,0.0
55.5,-118.0,2026-09-17 22:24:58,17.473000000000013,60.80826950073242,10.659648013472557,941.85,0.0
55.5,-117.5,2026-09-17 22:24:58,18.277000000000044,50.983269500732426,12.441648013472557,947.77,0.0
55.5,-117.0,2026-09-17 22:24:58,18.519000000000005,46.45826950073243,13.143648013472557,944.64,0.0
55.5,-116.5,2026-09-17 22:24:58,18.057000000000016,53.80826950073242,11.163648013472558,946.44,0.0
55.5,-116.0,2026-09-17 22:24:58,16.835000000000036,56.03326950073242,11.541648013472559,942.54,0.0
55.5,-115.5,2026-09-17 22:24:58,15.754000000000019,60.33326950073243,12.387648013472557,948.03,0.0
55.5,-115.0,2026-09-17 22:24:58,14.534000000000049,65.78326950073243,10.515648013472557,948.37,0.084
55.5,-114.5,2026-09-17 22:24:58,15.612000000000023,53.133269500732425,8.913648013472558,912.03,0.0305
55.5,-114.0,2026-09-17 22:24:58,16.92700000000002,53.233269500732426,8.067648013472557,923.01,0.0
55.5,-113.5,2026-09-17 22:24:58,16.989000000000033,57.95826950073243,7.419648013472558,933.96,0.252
55.5,-113.0,2026-09-17 22:24:58,17.46900000000005,54.90826950073242,6.537648013472557,943.4,0.0685
55.5,-112.5,2026-09-17 22:24:58,16.00600000000003,56.20826950073243,5.043648013472557,937.62,0.0
55.5,-112.0,2026-09-17 22:24:58,15.91900000000004,58.983269500732426,6.447648013472557,930.82,0.0
55.5,-111.5,2026-09-17 22:24:58,15.416000000000054,58.30826950073242,8.337648013472558,936.82,0.0
55.5,-111.0,2026-09-17 22:24:58,16.204000000000008,54.358269500732426,9.381648013472558,938.69,0.0
55.5,-110.5,2026-09-17 22:24:58,15.597000000000037,62.53326950073242,13.863648013472558,945.83,0.0075
55.5,-110.0,2026-09-17 22:24:58,15.968000000000018,60.877129364013676,12.948304793536664,935.18,0.1145
55.5,-109.5,2026-09-17 22:24:58,16.212000000000046,63.60212936401368,13.146304793536663,944.29,0.0765
55.5,-109.0,2026-09-17 22:24:58,16.60600000000005,64.47712936401368,10.068304793536663,957.5,0.046
55.5,-108.5,2026-09-17 22:24:58,16.51600000000002,60.22712936401368,11.256304793536664,963.51,0.046
55.5,-108.0,2026-09-17 22:24:58,15.629000000000019,63.027129364013675,17.430304793536664,966.29,0.0
55.5,-107.5,2026-09-17 22:24:58,16.590000000000032,60.502129364013676,13.200304793536663,964.17,0.023
55.5,-107.0,2026-09-17 22:24:58,15.702000000000055,61.30212936401367,11.112304793536664,962.24,0.0
55.5,-106.5,2026-09-17 22:24:58,15.495000000000005,60.127129364013676,12.966304793536663,972.08,0.0
55.5,-106.0,2026-09-17 22:24:58,14.76400000000001,60.277129364013675,13.578304793536663,970.05,0.023
55.5,-105.5,2026-09-17 22:24:58,14.850000000000023,58.85212936401368,15.810304793536663,968.35,0.084
55.5,-105.0,2026-09-17 22:24:58,13.964000000000055,58.627129364013676,23.766304793536662,967.94,1.3125
55.5,-104.5,2026-09-17 22:24:58,13.560000000000002,60.42712936401367,30.444304793536663,978.87,0.8315
55.5,-104.0,2026-09-17 22:24:58,12.952000000000055,54.30212936401367,20.202304793536666,973.54,1.564
55.5,-103.5,2026-09-17 22:24:58,11.298000000000002,61.502129364013676,17.052304793536663,975.61,1.0835000000000001
55.5,-103.0,2026-09-17 22:24:58,12.321000000000026,55.32712936401367,22.25430479353666,979.59,0.122
55.5,-102.5,2026-09-17 22:24:58,12.446000000000026,53.05212936401367,18.870304793536665,986.0,0.046
55.5,-102.0,2026-09-17 22:24:58,12.073000000000036,49.902129364013675,15.522304793536662,985.48,0.5645
55.5,-101.5,2026-09-17 22:24:58,12.105000000000018,47.402129364013675,14.352304793536662,986.1,0.4805
55.5,-101.0,2026-09-17 22:24:58,11.932000000000016,49.85212936401368,10.194304793536665,987.8,1.343
55.5,-100.5,2026-09-17 22:24:58,11.191000000000031,48.72712936401368,8.862304793536664,988.84,3.4865
55.5,-100.0,2026-09-17 22:24:58,11.113000000000056,46.82712936401367,6.018304793536664,990.73,3.952
55.5,-99.5,2026-09-17 22:24:58,10.713000000000022,44.95212936401367,2.9043047935366633,992.73,5.234
55.5,-99.0,2026-09-17 22:24:58,10.172000000000025,43.252129364013676,1.3923047935366633,994.48,8.1175
55.5,-98.5,2026-09-17 22:24:58,9.174000000000035,55.30212936401367,2.5443047935366634,998.18,8.6745
55.5,-98.0,2026-09-17 22:24:58,9.077000000000055,55.902129364013675,2.094304793536663,1002.9,7.4615
55.5,-97.5,2026-09-17 22:24:58,9.281000000000006,65.55212936401368,4.3983047935366635,1003.07,4.0205
55.5,-97.0,2026-09-17 22:24:58,9.272000000000048,63.20212936401367,4.524304793536663,1002.2,7.2325
55.5,-96.5,2026-09-17 22:24:58,9.587000000000046,59.30212936401367,5.8743047935366635,1003.59,5.89
55.5,-96.0,2026-09-17 22:24:58,9.659000000000049,56.70212936401367,9.114304793536663,1001.9,6.1495
55.5,-95.5,2026-09-17 22:24:58,9.498000000000047,57.60212936401368,10.356304793536664,1003.09,6.2485
55.5,-95.0,2026-09-17 22:24:58,8.827000000000055,59.897796630859375,13.490255240142345,1003.25,7.187
55.5,-94.5,2026-09-17 22:24:58,9.112000000000023,57.747796630859376,15.200255240142347,1008.47,8.1635
55.5,-94.0,2026-09-17 22:24:58,8.705000000000041,59.07279663085938,18.152255240142345,1006.09,9.025500000000001
55.5,-93.5,2026-09-17 22:24:58,8.344000000000051,58.272796630859375,19.682255240142347,1005.45,21.2555
55.5,-93.0,2026-09-17 22:24:58,7.471000000000004,63.647796630859375,22.598255240142347,1005.24,10.9025
55.5,-92.5,2026-09-17 22:24:58,6.059000000000026,75.64779663085938,21.932255240142347,1008.64,10.376
55.5,-92.0,2026-09-17 22:24:58,5.126000000000033,91.24779663085938,22.67025524014235,1010.73,6.6375
55.5,-91.5,2026-09-17 22:24:58,5.083000000000027,94.74779663085938,25.676255240142346,1009.06,3.479
55.5,-91.0,2026-09-17 22:24:58,5.54400000000004,95.54779663085938,23.786255240142346,1006.34,0.984
55.5,-90.5,2026-09-17 22:24:58,5.616000000000042,95.82279663085939,30.824255240142342,1003.55,0.244
55.5,-90.0,2026-09-17 22:24:58,6.369000000000028,92.42279663085938,25.442255240142348,1002.95,0.0155
55.5,-89.5,2026-09-17 22:24:58,6.0190000000000055,89.84779663085938,27.152255240142345,1001.83,0.023
55.5,-89.0,2026-09-17 22:24:58,5.663000000000011,87.19779663085939,26.810255240142347,1000.87,0.122
55.5,-88.5,2026-09-17 22:24:58,6.118000000000052,83.69779663085939,26.864255240142345,1005.79,0.5415
55.5,-88.0,2026-09-17 22:24:58,6.221000000000004,81.59779663085938,26.108255240142345,1005.75,1.6175
55.5,-87.5,2026-09-17 22:24:58,6.411000000000001,81.02279663085938,27.98025524014235,1004.42,2.762
55.5,-87.0,2026-09-17 22:24:58,6.465000000000032,82.24779663085938,26.57625524014235,1005.55,2.411
55.5,-86.5,2026-09-17 22:24:58,6.674000000000035,79.02279663085938,26.540255240142347,1007.66,1.915
55.5,-86.0,2026-09-17 22:24:58,7.160000000000025,77.39779663085938,27.908255240142346,1011.36,0.885
55.5,-85.5,2026-09-17 22:24:58,8.20700000000005,72.52279663085938,32.35425524014234,1014.4,0.0075
55.5,-77.5,2026-09-17 22:24:58,10.29200000000003,72.29779663085938,28.448255240142345,1018.87,1.671
55.5,-77.0,2026-09-17 22:24:58,9.249000000000024,74.14779663085938,22.490255240142346,994.31,12.4895
55.5,-76.5,2026-09-17 22:24:58,8.414000000000044,75.97279663085938,22.148255240142348,988.84,4.753
55.5,-76.0,2026-09-17 22:24:58,7.91900000000004,77.64779663085938,20.924255240142347,985.64,1.6935
55.5,-75.5,2026-09-17 22:24:58,7.595000000000027,79.34779663085938,20.474255240142348,986.17,1.953
55.5,-75.0,2026-09-17 22:24:58,7.812000000000012,78.39779663085938,19.718255240142348,985.23,2.243
55.5,-74.5,2026-09-17 22:24:58,7.444000000000017,74.92279663085938,19.808255240142344,978.36,3.4330000000000003
55.5,-74.0,2026-09-17 22:24:58,7.400000000000034,72.62279663085938,19.430255240142348,980.77,3.2885
55.5,-73.5,2026-09-17 22:24:58,7.255000000000052,72.69779663085937,17.738255240142347,980.95,3.7615000000000003
55.5,-73.0,2026-09-17 22:24:58,6.111000000000047,73.92279663085938,17.972255240142346,967.24,4.242
55.5,-72.5,2026-09-17 22:24:58,5.750000000000057,71.64779663085938,17.30625524014235,965.41,10.620000000000001
55.5,-72.0,2026-09-17 22:24:58,5.474000000000046,71.72279663085938,15.776255240142348,965.72,10.307500000000001
55.5,-71.5,2026-09-17 22:24:58,4.781000000000006,73.72279663085938,15.398255240142346,972.25,11.154
55.5,-71.0,2026-09-17 22:24:58,4.858000000000004,75.99779663085938,16.676255240142346,958.45,19.0275
55.5,-70.5,2026-09-17 22:24:58,4.601000000000056,75.69779663085937,18.728255240142346,964.18,16.6245
55.5,-70.0,2026-09-17 22:24:58,5.1340000000000146,72.44779663085937,17.000255240142348,961.27,12.909
55.5,-69.5,2026-09-17 22:24:58,5.5680000000000405,73.72279663085938,16.622255240142344,969.91,3.83
55.5,-69.0,2026-09-17 22:24:58,5.53000000000003,73.69779663085937,19.214255240142347,964.9,5.821
55.5,-68.5,2026-09-17 22:24:58,5.534000000000049,72.19779663085937,14.786255240142346,977.62,7.965
55.5,-68.0,2026-09-17 22:24:58,6.077000000000055,80.92279663085938,23.76825524014235,978.48,8.3315
55.5,-67.5,2026-09-17 22:24:58,5.4220000000000255,74.69913177490234,17.94775449970365,970.58,4.9745
55.5,-67.0,2026-09-17 22:24:58,4.222000000000037,83.24913177490235,22.861754499703647,956.11,4.4555
55.5,-66.5,2026-09-17 22:24:58,4.645000000000039,75.92413177490235,24.805754499703646,954.52,3.479
55.5,-66.0,2026-09-17 22:24:58,5.138000000000034,76.04913177490235,23.77975449970365,963.66,3.4715000000000003
55.5,-65.5,2026-09-17 22:24:58,4.051000000000045,75.87413177490235,25.543754499703645,954.64,6.0575
55.5,-65.0,2026-09-17 22:24:58,4.774000000000001,74.72413177490235,25.831754499703646,959.34,6.6225000000000005
55.5,-64.5,2026-09-17 22:24:58,4.981000000000051,79.79913177490235,27.955754499703644,965.57,3.586
55.5,-64.0,2026-09-17 22:24:58,4.066000000000031,85.59913177490235,28.333754499703648,957.47,6.3095
55.5,-63.5,2026-09-17 22:24:58,3.9850000000000136,72.42413177490235,27.955754499703644,948.78,6.0120000000000005
55.5,-63.0,2026-09-17 22:24:58,4.718000000000018,64.09913177490235,31.573754499703647,956.21,2.556
55.5,-62.5,2026-09-17 22:24:58,4.204000000000008,72.92413177490235,29.161754499703644,958.22,4.6615
55.5,-62.0,2026-09-17 22:24:58,4.65300000000002,65.84913177490235,29.287754499703645,965.61,5.9355
55.5,-61.5,2026-09-17 22:24:58,4.518000000000029,75.07413177490234,31.015754499703647,963.45,7.4465
55.5,-61.0,2026-09-17 22:24:58,8.495000000000005,59.84913177490235,21.187754499703647,1000.07,5.9435
55.5,-60.5,2026-09-17 22:24:58,8.50200000000001,59.399131774902344,25.021754499703647,1003.3,7.614
56.0,-130.0,2026-09-17 22:24:58,14.128000000000043,61.93740158081055,4.486250153034926,953.63,0.0075
56.0,-129.5,2026-09-17 22:24:58,10.297000000000025,70.81240158081054,2.2542501530349255,882.72,0.0075
56.0,-129.0,2026-09-17 22:24:58,12.991000000000042,69.76240158081055,3.5682501530349255,947.02,0.0
56.0,-128.5,2026-09-17 22:24:58,8.434000000000026,75.38740158081055,9.292250153034926,858.58,0.122
56.0,-128.0,2026-09-17 22:24:58,13.578000000000031,64.26240158081055,4.324250153034925,925.93,0.0075
56.0,-127.5,2026-09-17 22:24:58,10.52600000000001,56.11240158081055,6.4842501530349255,854.08,0.0535
56.0,-127.0,2026-09-17 22:24:58,12.602000000000032,54.28740158081055,4.108250153034926,880.64,0.0
56.0,-126.5,2026-09-17 22:24:58,11.55800000000005,60.51240158081055,6.088250153034926,886.0,0.0
56.0,-126.0,2026-09-17 22:24:58,12.534000000000049,48.31240158081055,6.970250153034926,875.29,0.0
56.0,-125.5,2026-09-17 22:24:58,12.387,48.51240158081055,4.684250153034926,866.19,0.0
56.0,-125.0,2026-09-17 22:24:58,8.893000000000029,59.68740158081055,6.052250153034926,837.7,0.0
56.0,-124.5,2026-09-17 22:24:58,9.583000000000027,67.36240158081056,6.430250153034926,853.26,0.0
56.0,-124.0,2026-09-17 22:24:58,12.963000000000022,64.01240158081055,2.6322501530349256,941.41,0.0
56.0,-123.5,2026-09-17 22:24:58,12.656000000000006,51.38740158081055,9.004250153034926,888.02,0.0
56.0,-123.0,2026-09-17 22:24:58,12.535000000000025,56.43740158081055,9.706250153034926,885.39,0.0
56.0,-122.5,2026-09-17 22:24:58,14.826000000000022,48.73740158081055,9.580250153034926,897.64,0.0
56.0,-122.0,2026-09-17 22:24:58,18.201000000000022,49.81240158081055,7.204250153034925,941.56,0.0
56.0,-121.5,2026-09-17 22:24:58,17.12900000000002,50.41240158081055,9.706250153034926,930.43,0.0
56.0,-121.0,2026-09-17 22:24:58,17.246000000000038,47.06240158081055,10.354250153034926,923.88,0.0
56.0,-120.5,2026-09-17 22:24:58,17.824000000000012,46.46240158081055,12.424250153034926,925.39,0.0
56.0,-120.0,2026-09-17 22:24:58,17.837000000000046,61.233269500732426,15.663648013472558,941.43,0.0
56.0,-119.5,2026-09-17 22:24:58,15.90300000000002,61.93326950073242,14.871648013472559,927.51,0.0
56.0,-119.0,2026-09-17 22:24:58,17.204000000000008,57.68326950073242,12.423648013472558,946.78,0.0
56.0,-118.5,2026-09-17 22:24:58,16.29200000000003,69.68326950073242,9.849648013472557,946.27,0.0
56.0,-118.0,2026-09-17 22:24:58,15.622000000000014,69.05826950073242,14.043648013472557,945.44,0.0
56.0,-117.5,2026-09-17 22:24:58,17.326000000000022,52.608269500732426,10.659648013472557,953.25,0.0
56.0,-117.0,2026-09-17 22:24:58,16.561000000000035,57.28326950073242,11.955648013472556,946.17,0.0
56.0,-116.5,2026-09-17 22:24:58,15.716000000000008,59.53326950073242,9.435648013472559,929.78,0.0
56.0,-116.0,2026-09-17 22:24:58,16.527000000000044,55.78326950073242,8.229648013472557,934.93,0.0
56.0,-115.5,2026-09-17 22:24:58,16.473000000000013,58.78326950073242,6.681648013472557,937.67,0.0
56.0,-115.0,2026-09-17 22:24:58,15.69500000000005,59.78326950073242,8.733648013472557,939.18,0.038
56.0,-114.5,2026-09-17 22:24:58,16.68100000000004,57.05826950073242,6.087648013472557,945.86,0.183
56.0,-114.0,2026-09-17 22:24:58,17.206000000000017,54.93326950073242,5.853648013472558,948.6,0.0075
56.0,-113.5,2026-09-17 22:24:58,16.37700000000001,58.65826950073242,5.529648013472557,944.43,0.0
56.0,-113.0,2026-09-17 22:24:58,16.711000000000013,57.983269500732426,5.763648013472557,946.97,0.0
56.0,-112.5,2026-09-17 22:24:58,16.482000000000028,58.70826950073243,5.8176480134725574,951.13,0.038
56.0,-112.0,2026-09-17 22:24:58,15.562000000000012,60.258269500732425,7.329648013472558,935.12,0.0765
56.0,-111.5,2026-09-17 22:24:58,15.485000000000014,62.78326950073242,7.473648013472556,934.06,0.0
56.0,-111.0,2026-09-17 22:24:58,15.856000000000051,60.133269500732425,7.059648013472557,946.94,0.0075
56.0,-110.5,2026-09-17 22:24:58,16.065000000000055,59.633269500732425,7.005648013472558,962.21,0.038
56.0,-110.0,2026-09-17 22:24:58,15.475000000000023,60.95212936401367,9.240304793536664,952.87,0.084
56.0,-109.5,2026-09-17 22:24:58,15.136000000000024,63.752129364013676,8.484304793536664,945.94,0.0075
56.0,-109.0,2026-09-17 22:24:58,13.895000000000039,69.42712936401368,18.006304793536664,966.16,0.0
56.0,-108.5,2026-09-17 22:24:58,14.52800000000002,64.92712936401368,17.718304793536664,965.59,0.0075
56.0,-108.0,2026-09-17 22:24:58,14.615000000000009,65.27712936401367,13.344304793536663,963.66,0.0535
56.0,-107.5,2026-09-17 22:24:58,14.492000000000019,63.97712936401368,16.494304793536664,967.69,0.0
56.0,-107.0,2026-09-17 22:24:58,14.15100000000001,63.05212936401367,18.906304793536663,964.56,0.0075
56.0,-106.5,2026-09-17 22:24:58,14.583000000000027,60.17712936401367,14.910304793536662,964.66,0.0
56.0,-106.0,2026-09-17 22:24:58,14.55400000000003,59.277129364013675,14.262304793536664,961.61,0.0
56.0,-105.5,2026-09-17 22:24:58,13.922000000000025,57.92712936401367,18.528304793536666,968.84,0.099
56.0,-105.0,2026-09-17 22:24:58,13.56800000000004,55.652129364013675,17.664304793536665,968.71,0.099
56.0,-104.5,2026-09-17 22:24:58,12.56800000000004,57.97712936401368,27.348304793536663,964.42,0.969
56.0,-104.0,2026-09-17 22:24:58,12.335000000000036,59.42712936401367,24.252304793536666,972.66,1.48
56.0,-103.5,2026-09-17 22:24:58,12.295000000000016,52.402129364013675,16.476304793536663,977.26,1.663
56.0,-103.0,2026-09-17 22:24:58,11.798000000000002,54.07712936401367,15.774304793536663,979.05,1.4265
56.0,-102.5,2026-09-17 22:24:58,12.147000000000048,49.47712936401368,14.154304793536664,982.76,1.457
56.0,-102.0,2026-09-17 22:24:58,11.426000000000045,52.42712936401367,16.620304793536665,983.11,1.564
56.0,-101.5,2026-09-17 22:24:58,11.01600000000002,49.32712936401367,12.354304793536665,982.62,1.3735
56.0,-101.0,2026-09-17 22:24:58,10.636000000000024,47.05212936401367,10.734304793536664,984.66,1.7395
56.0,-100.5,2026-09-17 22:24:58,10.203000000000031,53.95212936401367,12.444304793536665,992.19,1.518
56.0,-100.0,2026-09-17 22:24:58,10.038000000000011,49.60212936401368,5.532304793536663,987.86,1.9915
56.0,-99.5,2026-09-17 22:24:58,10.138000000000034,44.42712936401367,2.526304793536663,992.22,2.2125
56.0,-99.0,2026-09-17 22:24:58,9.479000000000042,54.002129364013676,3.336304793536663,995.15,5.684
56.0,-98.5,2026-09-17 22:24:58,8.768000000000029,56.55212936401367,2.2023047935366633,992.91,5.5695
56.0,-98.0,2026-09-17 22:24:58,8.819000000000017,64.12712936401367,3.426304793536663,997.11,5.7905
56.0,-97.5,2026-09-17 22:24:58,9.246000000000038,63.277129364013675,3.768304793536663,1001.14,7.843
56.0,-97.0,2026-09-17 22:24:58,9.563000000000045,59.127129364013676,4.722304793536663,1003.16,11.238
56.0,-96.5,2026-09-17 22:24:58,8.656000000000006,62.95212936401367,9.042304793536664,1004.12,10.765
56.0,-96.0,2026-09-17 22:24:58,9.424000000000035,57.10212936401368,9.708304793536662,1003.59,7.965
56.0,-95.5,2026-09-17 22:24:58,9.507000000000005,53.527129364013675,10.626304793536665,1003.45,7.7745
56.0,-95.0,2026-09-17 22:24:58,8.380000000000052,60.97279663085938,13.976255240142345,1005.57,1.5565
56.0,-94.5,2026-09-17 22:24:58,8.073000000000036,60.372796630859376,19.430255240142348,1004.92,3.0825
56.0,-94.0,2026-09-17 22:24:58,8.29400000000004,57.67279663085938,19.916255240142345,1008.58,7.1485
56.0,-93.5,2026-09-17 22:24:58,8.368000000000052,60.497796630859376,18.782255240142348,1014.12,3.7995
56.0,-93.0,2026-09-17 22:24:58,7.761000000000024,70.19779663085937,18.188255240142347,1012.34,6.729
56.0,-92.5,2026-09-17 22:24:58,5.358000000000004,83.37279663085938,21.212255240142348,1012.7,12.474
56.0,-92.0,2026-09-17 22:24:58,4.864000000000033,91.24779663085938,28.772255240142346,1005.52,6.4695
56.0,-91.5,2026-09-17 22:24:58,4.978000000000009,94.07279663085939,32.408255240142346,1002.77,5.539
56.0,-91.0,2026-09-17 22:24:58,5.227000000000032,95.29779663085938,34.73025524014235,1000.53,4.3105
56.0,-90.5,2026-09-17 22:24:58,5.30600000000004,92.22279663085938,38.67225524014235,999.85,2.8915
56.0,-90.0,2026-09-17 22:24:58,5.397000000000048,93.77279663085938,35.48625524014235,997.48,1.6325
56.0,-89.5,2026-09-17 22:24:58,5.983000000000004,94.59779663085938,31.88625524014235,1000.12,2.8915
56.0,-89.0,2026-09-17 22:24:58,5.7450000000000045,90.57279663085939,26.864255240142345,1001.71,0.7020000000000001
56.0,-88.5,2026-09-17 22:24:58,6.282000000000039,82.99779663085938,23.336255240142346,1007.67,0.1145
56.0,-88.0,2026-09-17 22:24:58,6.819000000000017,78.17279663085938,24.776255240142348,1010.7,0.267
56.0,-87.5,2026-09-17 22:24:58,7.32000000000005,72.79779663085938,26.342255240142347,1013.67,1.1675
56.0,-87.0,2026-09-17 22:24:58,7.234000000000037,74.87279663085938,33.72225524014235,1014.08,4.9975000000000005
56.0,-80.0,2026-09-17 22:24:58,7.052000000000021,91.62279663085938,33.07425524014234,1015.88,0.168
56.0,-79.5,2026-09-17 22:24:58,8.382000000000005,87.92279663085938,39.24825524014235,1015.05,0.305
56.0,-79.0,2026-09-17 22:24:58,8.416000000000054,87.07279663085939,38.16825524014235,1015.66,0.3815
56.0,-76.5,2026-09-17 22:24:58,9.815000000000055,74.39779663085938,22.238255240142347,1006.25,9.3615
56.0,-76.0,2026-09-17 22:24:58,7.986000000000047,78.54779663085938,21.284255240142347,988.63,15.7165
56.0,-75.5,2026-09-17 22:24:58,7.8910000000000196,79.39779663085938,22.256255240142348,984.85,6.8055
56.0,-75.0,2026-09-17 22:24:58,8.464000000000055,73.87279663085938,20.240255240142346,986.42,4.547
56.0,-74.5,2026-09-17 22:24:58,7.7660000000000196,73.74779663085938,20.29425524014235,979.87,5.127
56.0,-74.0,2026-09-17 22:24:58,8.380000000000052,71.97279663085938,21.734255240142346,991.34,5.0200000000000005
56.0,-73.5,2026-09-17 22:24:58,7.156000000000006,73.02279663085938,19.358255240142345,980.29,7.95
56.0,-73.0,2026-09-17 22:24:58,7.093000000000018,70.42279663085938,20.816255240142347,980.38,6.3095
56.0,-72.5,2026-09-17 22:24:58,6.579000000000008,69.22279663085938,18.386255240142347,978.77,13.0615
56.0,-72.0,2026-09-17 22:24:58,5.737000000000023,72.59779663085938,15.956255240142347,977.38,10.8565
56.0,-71.5,2026-09-17 22:24:58,3.5850000000000364,76.09779663085938,17.864255240142345,964.47,18.402
56.0,-71.0,2026-09-17 22:24:58,4.7520000000000095,75.92279663085938,19.196255240142346,974.95,13.321
56.0,-70.5,2026-09-17 22:24:58,5.0540000000000305,72.04779663085938,18.962255240142348,971.62,17.2195
56.0,-70.0,2026-09-17 22:24:58,4.735000000000014,72.87279663085938,23.30025524014235,960.35,17.5475
56.0,-69.5,2026-09-17 22:24:58,5.418000000000006,73.27279663085938,15.866255240142346,967.84,9.178
56.0,-69.0,2026-09-17 22:24:58,4.864000000000033,75.52279663085938,18.440255240142346,975.04,7.5455000000000005
56.0,-68.5,2026-09-17 22:24:58,6.541000000000054,76.22279663085938,20.816255240142347,976.54,7.0875
56.0,-68.0,2026-09-17 22:24:58,5.382000000000005,76.07279663085937,22.526255240142348,972.0,7.9805
56.0,-67.5,2026-09-17 22:24:58,6.330000000000041,77.52413177490234,24.805754499703646,980.13,6.4545
56.0,-67.0,2026-09-17 22:24:58,4.221000000000004,79.04913177490235,21.81775449970365,966.77,6.279
56.0,-66.5,2026-09-17 22:24:58,4.576000000000022,74.74913177490235,21.637754499703647,969.19,8.4765
56.0,-66.0,2026-09-17 22:24:58,4.522000000000048,78.24913177490235,24.949754499703644,969.32,12.9395
56.0,-65.5,2026-09-17 22:24:58,4.78000000000003,74.74913177490235,29.341754499703647,964.99,9.125
56.0,-65.0,2026-09-17 22:24:58,3.569000000000017,83.87413177490235,26.353754499703648,955.67,5.8825
56.0,-64.5,2026-09-17 22:24:58,3.980000000000018,85.32413177490236,28.94575449970365,967.32,4.593
56.0,-64.0,2026-09-17 22:24:58,4.666000000000054,76.64913177490234,26.533754499703647,963.55,5.44
56.0,-63.5,2026-09-17 22:24:58,3.3910000000000196,77.87413177490235,31.19575449970365,951.64,3.7155
56.0,-63.0,2026-09-17 22:24:58,5.140000000000043,66.74913177490235,27.955754499703644,969.72,5.089
56.0,-62.5,2026-09-17 22:24:58,3.3740000000000236,76.07413177490234,27.253754499703646,963.45,6.2635000000000005
56.0,-62.0,2026-09-17 22:24:58,7.941000000000031,58.92413177490235,27.343754499703646,995.98,10.948
56.0,-61.5,2026-09-17 22:24:58,8.980000000000018,60.624131774902345,34.75975449970365,1013.46,8.11
56.0,-61.0,2026-09-17 22:24:58,8.305000000000007,66.27413177490234,35.56975449970365,1014.36,13.962
56.5,-131.5,2026-09-17 22:24:58,3.8070000000000164,86.88740158081055,3.5682501530349255,885.99,1.625
56.5,-131.0,2026-09-17 22:24:58,9.118000000000052,71.46240158081055,5.278250153034926,885.61,0.7555000000000001
56.5,-130.5,2026-09-17 22:24:58,13.406000000000006,64.13740158081055,4.684250153034926,943.25,0.0
56.5,-130.0,2026-09-17 22:24:58,1.0270000000000437,96.83740158081055,5.854250153034926,825.89,0.3585
56.5,-129.5,2026-09-17 22:24:58,13.743000000000052,63.76240158081055,2.7762501530349257,945.74,0.0
56.5,-129.0,2026-09-17 22:24:58,11.559000000000026,54.68740158081055,3.964250153034926,876.56,0.0
56.5,-128.5,2026-09-17 22:24:58,8.763000000000034,75.73740158081056,8.392250153034926,869.09,0.0
56.5,-128.0,2026-09-17 22:24:58,12.286000000000001,57.71240158081055,4.576250153034926,909.44,0.0075
56.5,-127.5,2026-09-17 22:24:58,13.680000000000007,54.76240158081055,2.5422501530349257,914.39,0.0
56.5,-127.0,2026-09-17 22:24:58,8.758000000000038,60.36240158081055,10.048250153034926,845.86,0.0
56.5,-126.5,2026-09-17 22:24:58,10.45700000000005,53.78740158081055,9.040250153034927,854.13,0.0
56.5,-126.0,2026-09-17 22:24:58,8.340000000000032,54.53740158081055,11.866250153034926,819.42,0.0
56.5,-125.5,2026-09-17 22:24:58,11.481000000000051,48.38740158081055,4.810250153034925,855.16,0.0
56.5,-125.0,2026-09-17 22:24:58,13.365000000000009,51.18740158081055,1.4442501530349254,893.7,0.0
56.5,-124.5,2026-09-17 22:24:58,13.852000000000032,56.76240158081055,4.432250153034926,941.12,0.0
56.5,-124.0,2026-09-17 22:24:58,11.569000000000017,48.76240158081055,6.286250153034926,866.15,0.0
56.5,-123.5,2026-09-17 22:24:58,10.131000000000029,56.88740158081055,11.722250153034926,847.92,0.0
56.5,-123.0,2026-09-17 22:24:58,13.65100000000001,49.88740158081055,9.472250153034926,882.07,0.0
56.5,-122.5,2026-09-17 22:24:58,16.323000000000036,47.43740158081055,8.068250153034926,911.64,0.0
56.5,-122.0,2026-09-17 22:24:58,18.14500000000004,48.76240158081055,6.106250153034925,937.02,0.0
56.5,-121.5,2026-09-17 22:24:58,16.369000000000028,54.21240158081055,7.4922501530349255,925.98,0.0
56.5,-121.0,2026-09-17 22:24:58,18.489000000000033,41.96240158081055,10.858250153034927,929.3,0.0
56.5,-120.5,2026-09-17 22:24:58,19.69300000000004,38.43740158081055,8.104250153034926,935.67,0.0
56.5,-120.0,2026-09-17 22:24:58,15.926000000000045,55.83326950073243,10.101648013472559,916.89,0.0
56.5,-119.5,2026-09-17 22:24:58,16.718000000000018,58.20826950073243,5.331648013472558,934.85,0.0
56.5,-119.0,2026-09-17 22:24:58,16.15500000000003,55.508269500732425,9.003648013472558,939.2,0.0
56.5,-118.5,2026-09-17 22:24:58,14.142000000000053,64.10826950073242,7.185648013472557,919.43,0.0
56.5,-118.0,2026-09-17 22:24:58,17.397000000000048,54.15826950073242,3.3876480134725573,936.53,0.0
56.5,-117.5,2026-09-17 22:24:58,16.551000000000045,52.53326950073242,1.7136480134725571,941.42,0.145
56.5,-117.0,2026-09-17 22:24:58,15.134000000000015,60.383269500732425,3.7116480134725576,953.04,0.0075
56.5,-116.5,2026-09-17 22:24:58,15.298000000000002,61.80826950073242,4.611648013472558,944.52,0.023
56.5,-116.0,2026-09-17 22:24:58,14.864000000000033,62.508269500732425,4.665648013472557,945.12,0.3585
56.5,-115.5,2026-09-17 22:24:58,16.15900000000005,57.78326950073242,4.287648013472557,952.56,0.0685
56.5,-115.0,2026-09-17 22:24:58,15.305000000000007,60.758269500732425,4.1076480134725575,941.83,0.0
56.5,-114.5,2026-09-17 22:24:58,15.783000000000015,61.05826950073242,3.477648013472557,931.36,0.0
56.5,-114.0,2026-09-17 22:24:58,16.63100000000003,67.28326950073243,3.4236480134725573,937.28,0.0155
56.5,-113.5,2026-09-17 22:24:58,15.885000000000048,62.55826950073242,2.469648013472557,950.13,0.023
56.5,-113.0,2026-09-17 22:24:58,16.685000000000002,60.258269500732425,2.0916480134725575,949.85,0.0
56.5,-112.5,2026-09-17 22:24:58,15.912000000000035,62.758269500732425,3.0636480134725574,958.08,0.0
56.5,-112.0,2026-09-17 22:24:58,16.02600000000001,60.383269500732425,4.917648013472557,958.87,0.0
56.5,-111.5,2026-09-17 22:24:58,16.394000000000005,59.33326950073243,5.241648013472557,961.99,0.084
56.5,-111.0,2026-09-17 22:24:58,15.948000000000036,61.78326950073242,1.2456480134725572,958.57,0.0
56.5,-110.5,2026-09-17 22:24:58,14.145000000000039,65.33326950073243,8.283648013472558,960.68,0.0
56.5,-110.0,2026-09-17 22:24:58,13.733000000000004,64.37712936401367,8.592304793536663,955.99,0.0155
56.5,-109.5,2026-09-17 22:24:58,13.230000000000018,71.22712936401368,15.810304793536663,962.76,0.0075
56.5,-109.0,2026-09-17 22:24:58,14.287000000000035,67.72712936401368,12.210304793536665,957.76,0.0075
56.5,-108.5,2026-09-17 22:24:58,13.810000000000002,69.07712936401367,27.096304793536664,965.91,0.0305
56.5,-108.0,2026-09-17 22:24:58,13.998000000000047,65.40212936401367,17.916304793536664,961.43,0.0305
56.5,-107.5,2026-09-17 22:24:58,14.479000000000042,59.97712936401368,15.828304793536665,963.4,0.16
56.5,-107.0,2026-09-17 22:24:58,14.157000000000039,61.05212936401367,16.242304793536665,958.09,0.0155
56.5,-106.5,2026-09-17 22:24:58,13.836000000000013,60.47712936401368,15.900304793536664,958.55,0.0
56.5,-106.0,2026-09-17 22:24:58,13.194000000000017,59.527129364013675,19.212304793536664,953.76,0.0305
56.5,-105.5,2026-09-17 22:24:58,12.770000000000039,57.92712936401367,24.684304793536665,957.33,0.305
56.5,-105.0,2026-09-17 22:24:58,12.170000000000016,60.752129364013676,17.682304793536666,957.17,0.099
56.5,-104.5,2026-09-17 22:24:58,12.194000000000017,57.72712936401368,15.144304793536664,969.91,0.0
56.5,-104.0,2026-09-17 22:24:58,11.302000000000021,55.85212936401368,17.340304793536664,968.73,0.0155
56.5,-103.5,2026-09-17 22:24:58,10.887,54.30212936401367,17.574304793536662,972.4,0.17550000000000002
56.5,-103.0,2026-09-17 22:24:58,10.689000000000021,59.402129364013675,25.494304793536664,981.55,1.2510000000000001
56.5,-102.5,2026-09-17 22:24:58,11.220000000000027,51.60212936401368,14.496304793536664,979.89,1.6405
56.5,-102.0,2026-09-17 22:24:58,10.572000000000003,52.627129364013676,15.774304793536663,980.11,1.854
56.5,-101.5,2026-09-17 22:24:58,10.235000000000014,48.777129364013675,12.282304793536664,979.77,4.425
56.5,-101.0,2026-09-17 22:24:58,9.83200000000005,51.30212936401367,10.662304793536663,983.5,5.0965
56.5,-100.5,2026-09-17 22:24:58,9.80800000000005,53.252129364013676,7.476304793536664,989.44,5.783
56.5,-100.0,2026-09-17 22:24:58,9.301000000000045,47.30212936401367,3.8583047935366634,992.59,5.0965
56.5,-99.5,2026-09-17 22:24:58,9.064000000000021,51.45212936401367,1.968304793536663,992.35,11.009
56.5,-99.0,2026-09-17 22:24:58,8.404000000000053,55.252129364013676,3.210304793536663,990.28,4.524
56.5,-98.5,2026-09-17 22:24:58,7.498000000000047,69.90212936401367,1.7343047935366631,988.77,1.854
56.5,-98.0,2026-09-17 22:24:58,6.8180000000000405,73.45212936401367,5.298304793536663,992.25,2.281
56.5,-97.5,2026-09-17 22:24:58,8.647000000000048,61.002129364013676,3.210304793536663,994.51,6.668
56.5,-97.0,2026-09-17 22:24:58,8.506000000000029,60.55212936401367,9.330304793536664,1000.23,8.6745
56.5,-96.5,2026-09-17 22:24:58,8.344000000000051,59.42712936401367,9.384304793536664,1000.8,7.0875
56.5,-96.0,2026-09-17 22:24:58,8.497000000000014,60.85212936401368,11.580304793536664,1002.37,6.0120000000000005
56.5,-95.5,2026-09-17 22:24:58,9.234000000000037,54.30212936401367,10.518304793536663,1007.75,2.8915
56.5,-95.0,2026-09-17 22:24:58,7.846000000000004,61.19779663085938,13.832255240142345,1006.09,2.083
56.5,-94.5,2026-09-17 22:24:58,7.747000000000014,60.872796630859376,16.388255240142346,1008.84,5.4475
56.5,-94.0,2026-09-17 22:24:58,8.03000000000003,57.022796630859375,17.144255240142346,1013.91,2.8075
56.5,-93.5,2026-09-17 22:24:58,7.362000000000023,68.29779663085938,24.956255240142347,1013.2,6.218
56.5,-93.0,2026-09-17 22:24:58,7.604000000000042,72.79779663085938,18.404255240142348,1016.66,4.448
56.5,-92.5,2026-09-17 22:24:58,6.244000000000028,81.92279663085938,31.54425524014235,1012.67,3.586
56.5,-92.0,2026-09-17 22:24:58,5.501000000000033,86.39779663085938,27.782255240142348,1011.06,9.2695
56.5,-91.5,2026-09-17 22:24:58,5.498000000000047,88.64779663085938,32.69625524014235,1009.09,11.406
56.5,-91.0,2026-09-17 22:24:58,5.736000000000047,90.94779663085939,36.81825524014235,1008.14,1.6175
56.5,-90.5,2026-09-17 22:24:58,5.7450000000000045,94.54779663085938,37.19625524014235,1008.17,1.7015
56.5,-90.0,2026-09-17 22:24:58,5.40500000000003,95.04779663085938,39.19425524014235,1007.35,2.0220000000000002
56.5,-89.5,2026-09-17 22:24:58,6.225000000000023,93.64779663085938,38.29425524014235,1008.44,4.2495
56.5,-89.0,2026-09-17 22:24:58,6.826000000000022,90.69779663085939,28.286255240142346,1008.59,5.348
56.5,-88.5,2026-09-17 22:24:58,6.999000000000024,86.64779663085938,25.064255240142344,1011.34,4.2725
56.5,-88.0,2026-09-17 22:24:58,6.536000000000001,87.04779663085938,26.864255240142345,1013.81,2.9145
56.5,-79.5,2026-09-17 22:24:58,7.814000000000021,89.37279663085938,33.920255240142346,1015.76,0.3815
56.5,-79.0,2026-09-17 22:24:58,8.00200000000001,86.44779663085939,32.24625524014235,1016.34,0.618
56.5,-77.5,2026-09-17 22:24:58,7.736000000000047,89.47279663085938,31.166255240142345,1017.94,1.0605
56.5,-76.5,2026-09-17 22:24:58,8.799000000000035,84.79779663085938,25.766255240142346,1002.67,4.242
56.5,-76.0,2026-09-17 22:24:58,9.247000000000014,75.59779663085938,19.970255240142343,996.35,3.456
56.5,-75.5,2026-09-17 22:24:58,9.187000000000012,70.62279663085938,19.538255240142348,992.14,5.005
56.5,-75.0,2026-09-17 22:24:58,8.309000000000026,74.74779663085938,17.810255240142347,985.78,5.165
56.5,-74.5,2026-09-17 22:24:58,8.412000000000035,73.94779663085937,19.052255240142344,989.65,5.356
56.5,-74.0,2026-09-17 22:24:58,7.483000000000004,74.79779663085938,19.430255240142348,987.64,5.684
56.5,-73.5,2026-09-17 22:24:58,8.132000000000005,71.07279663085937,23.534255240142347,989.4,6.4085
56.5,-73.0,2026-09-17 22:24:58,7.192000000000007,70.52279663085938,18.530255240142345,979.63,9.0105
56.5,-72.5,2026-09-17 22:24:58,6.684000000000026,69.57279663085937,18.818255240142346,977.26,6.9275
56.5,-72.0,2026-09-17 22:24:58,6.234000000000037,71.17279663085938,16.298255240142346,976.99,10.521
56.5,-71.5,2026-09-17 22:24:58,4.505000000000052,78.89779663085938,19.484255240142346,969.77,12.062
56.5,-71.0,2026-09-17 22:24:58,4.865000000000009,78.09779663085938,18.494255240142348,980.78,9.1705
56.5,-70.5,2026-09-17 22:24:58,4.703000000000031,78.42279663085938,20.528255240142347,971.87,14.5645
56.5,-70.0,2026-09-17 22:24:58,5.890000000000043,70.12279663085938,19.502255240142347,979.08,10.7805
56.5,-69.5,2026-09-17 22:24:58,4.951000000000022,77.44779663085939,20.76225524014235,972.2,14.702
56.5,-69.0,2026-09-17 22:24:58,3.7940000000000396,79.29779663085938,22.346255240142344,957.46,34.584
56.5,-68.5,2026-09-17 22:24:58,6.126000000000033,74.07279663085937,18.476255240142347,990.2,20.706
56.5,-68.0,2026-09-17 22:24:58,4.489000000000033,81.39779663085938,20.672255240142345,965.81,35.2555
56.5,-67.5,2026-09-17 22:24:58,5.000000000000057,78.14913177490234,22.73575449970365,980.94,16.06
56.5,-67.0,2026-09-17 22:24:58,4.986000000000047,84.74913177490235,21.205754499703644,976.41,16.6245
56.5,-66.5,2026-09-17 22:24:58,5.050000000000011,78.14913177490234,25.543754499703645,977.44,11.8865
56.5,-66.0,2026-09-17 22:24:58,5.1580000000000155,80.24913177490235,22.537754499703645,974.42,8.209
56.5,-65.5,2026-09-17 22:24:58,3.5260000000000105,82.87413177490235,24.193754499703644,963.2,8.2475
56.5,-65.0,2026-09-17 22:24:58,3.455000000000041,80.32413177490236,26.155754499703644,956.7,13.153
56.5,-64.5,2026-09-17 22:24:58,2.6420000000000528,86.62413177490235,30.871754499703645,953.51,16.395500000000002
56.5,-64.0,2026-09-17 22:24:58,4.184000000000026,78.74913177490235,31.68175449970365,961.21,11.3985
56.5,-63.5,2026-09-17 22:24:58,3.525000000000034,77.34913177490235,27.97375449970365,961.56,8.507
56.5,-63.0,2026-09-17 22:24:58,4.705000000000041,74.87413177490235,24.337754499703646,981.9,5.577
56.5,-62.5,2026-09-17 22:24:58,5.836000000000013,71.84913177490235,27.289754499703648,984.44,11.711
56.5,-62.0,2026-09-17 22:24:58,7.741000000000042,64.89913177490234,31.573754499703647,1007.71,7.21
56.5,-61.5,2026-09-17 22:24:58,7.475000000000023,67.39913177490234,30.583754499703645,997.13,9.987
57.0,-132.0,2026-09-17 22:24:58,-0.36599999999998545,83.88740158081055,2.956250153034926,861.57,3.9595000000000002
57.0,-131.5,2026-09-17 22:24:58,14.941000000000031,67.33740158081055,1.1022501530349256,986.71,0.038
57.0,-131.0,2026-09-17 22:24:58,-0.45999999999997954,95.51240158081055,9.292250153034926,832.66,0.4805
57.0,-130.5,2026-09-17 22:24:58,7.05600000000004,70.26240158081055,5.908250153034926,852.54,0.0305
57.0,-130.0,2026-09-17 22:24:58,7.148000000000025,68.83740158081055,11.290250153034927,849.67,0.8165
57.0,-129.5,2026-09-17 22:24:58,10.993000000000052,59.36240158081055,6.7182501530349255,888.65,0.17550000000000002
57.0,-129.0,2026-09-17 22:24:58,11.260000000000048,55.61240158081055,5.638250153034925,875.06,0.0155
57.0,-128.5,2026-09-17 22:24:58,11.277000000000044,53.46240158081055,8.068250153034926,868.64,0.0
57.0,-128.0,2026-09-17 22:24:58,10.470000000000027,61.01240158081055,6.898250153034926,867.54,0.0
57.0,-127.5,2026-09-17 22:24:58,7.712000000000046,63.38740158081055,11.920250153034926,828.12,0.038
57.0,-127.0,2026-09-17 22:24:58,9.341000000000008,57.01240158081055,9.328250153034926,843.56,0.0
57.0,-126.5,2026-09-17 22:24:58,10.312000000000012,54.68740158081055,9.436250153034926,854.5,0.0
57.0,-126.0,2026-09-17 22:24:58,8.898000000000025,54.66240158081055,11.434250153034927,833.06,0.0
57.0,-125.5,2026-09-17 22:24:58,8.343000000000018,59.33740158081055,9.328250153034926,825.47,0.0
57.0,-125.0,2026-09-17 22:24:58,12.450000000000045,53.18740158081055,2.956250153034926,896.58,0.0
57.0,-124.5,2026-09-17 22:24:58,8.581000000000017,59.13740158081055,12.334250153034926,836.95,0.0
57.0,-124.0,2026-09-17 22:24:58,8.761000000000024,57.51240158081055,12.568250153034926,831.43,0.0
57.0,-123.5,2026-09-17 22:24:58,10.625000000000057,48.41240158081055,11.020250153034926,843.89,0.0
57.0,-123.0,2026-09-17 22:24:58,14.630000000000052,44.36240158081055,8.446250153034926,887.73,0.0
57.0,-122.5,2026-09-17 22:24:58,15.30600000000004,43.26240158081055,7.4922501530349255,896.89,0.0
57.0,-122.0,2026-09-17 22:24:58,15.994000000000028,39.88740158081055,8.518250153034927,907.05,0.0
57.0,-121.5,2026-09-17 22:24:58,16.92700000000002,44.58740158081055,8.392250153034926,919.93,0.0
57.0,-121.0,2026-09-17 22:24:58,17.647000000000048,49.96240158081055,8.014250153034926,930.09,0.0
57.0,-120.5,2026-09-17 22:24:58,16.732000000000028,55.16240158081055,7.618250153034927,931.92,0.0
57.0,-120.0,2026-09-17 22:24:58,15.43300000000005,61.45826950073243,6.969648013472558,927.89,0.0
57.0,-119.5,2026-09-17 22:24:58,14.478000000000009,61.53326950073242,7.293648013472557,896.64,0.0
57.0,-119.0,2026-09-17 22:24:58,16.835000000000036,55.43326950073242,0.921648013472557,924.54,0.061
57.0,-118.5,2026-09-17 22:24:58,16.493000000000052,59.483269500732426,2.541648013472557,928.32,0.122
57.0,-118.0,2026-09-17 22:24:58,16.680000000000007,61.43326950073242,2.775648013472557,929.65,0.122
57.0,-117.5,2026-09-17 22:24:58,15.660000000000025,63.858269500732426,3.6756480134725575,960.85,0.107
57.0,-117.0,2026-09-17 22:24:58,15.351000000000056,67.10826950073242,1.3356480134725572,951.92,0.0075
57.0,-116.5,2026-09-17 22:24:58,15.17900000000003,70.93326950073242,1.425648013472557,932.03,0.0
57.0,-116.0,2026-09-17 22:24:58,15.032000000000039,68.75826950073242,4.017648013472558,925.21,0.0
57.0,-115.5,2026-09-17 22:24:58,16.114000000000033,67.00826950073242,3.009648013472557,950.09,0.0
57.0,-115.0,2026-09-17 22:24:58,16.25200000000001,65.88326950073242,2.037648013472557,956.32,0.1525
57.0,-114.5,2026-09-17 22:24:58,15.88900000000001,64.13326950073242,0.18364801347255708,945.42,0.0535
57.0,-114.0,2026-09-17 22:24:58,15.084000000000003,64.25826950073242,1.3356480134725572,948.25,0.0
57.0,-113.5,2026-09-17 22:24:58,15.256000000000029,59.358269500732426,3.243648013472557,946.18,0.0
57.0,-113.0,2026-09-17 22:24:58,15.101000000000056,60.03326950073242,3.513648013472557,952.57,0.0
57.0,-112.5,2026-09-17 22:24:58,15.872000000000014,57.008269500732425,3.567648013472557,957.0,0.0
57.0,-112.0,2026-09-17 22:24:58,15.576000000000022,57.05826950073242,3.8016480134725574,961.28,0.0075
57.0,-111.5,2026-09-17 22:24:58,14.531000000000006,70.55826950073242,4.233648013472558,978.68,0.0
57.0,-111.0,2026-09-17 22:24:58,15.01600000000002,58.58326950073243,6.231648013472557,956.47,0.0
57.0,-110.5,2026-09-17 22:24:58,13.416000000000054,65.88326950073242,8.733648013472557,940.59,0.0
57.0,-110.0,2026-09-17 22:24:58,13.847000000000037,64.30212936401368,12.642304793536663,950.1,0.0
57.0,-109.5,2026-09-17 22:24:58,13.76400000000001,65.95212936401367,14.010304793536664,954.99,0.0
57.0,-109.0,2026-09-17 22:24:58,13.757000000000005,68.07712936401367,15.432304793536664,958.26,0.038
57.0,-108.5,2026-09-17 22:24:58,13.879000000000019,63.30212936401367,12.858304793536663,962.01,0.267
57.0,-108.0,2026-09-17 22:24:58,13.68100000000004,63.17712936401367,18.636304793536663,959.18,0.58
57.0,-107.5,2026-09-17 22:24:58,13.697000000000003,60.60212936401368,18.528304793536666,957.66,0.061
57.0,-107.0,2026-09-17 22:24:58,13.545000000000016,58.377129364013676,19.068304793536665,954.81,0.0075
57.0,-106.5,2026-09-17 22:24:58,12.272000000000048,61.777129364013675,17.952304793536666,951.23,0.3815
57.0,-106.0,2026-09-17 22:24:58,12.344000000000051,57.32712936401367,25.062304793536665,952.42,0.267
57.0,-105.5,2026-09-17 22:24:58,11.89100000000002,58.92712936401367,25.99830479353666,955.96,0.0535
57.0,-105.0,2026-09-17 22:24:58,10.958000000000027,58.35212936401368,17.340304793536664,957.7,0.0305
57.0,-104.5,2026-09-17 22:24:58,10.909000000000049,57.35212936401368,15.594304793536663,966.22,0.023
57.0,-104.0,2026-09-17 22:24:58,10.797000000000025,54.22712936401368,14.586304793536662,970.2,0.046
57.0,-103.5,2026-09-17 22:24:58,10.944000000000017,51.05212936401367,16.440304793536665,976.18,0.084
57.0,-103.0,2026-09-17 22:24:58,10.64100000000002,52.70212936401367,22.344304793536665,980.03,0.5495
57.0,-102.5,2026-09-17 22:24:58,10.175000000000011,54.95212936401367,24.378304793536664,982.32,0.6485
57.0,-102.0,2026-09-17 22:24:58,10.273000000000025,55.17712936401367,20.760304793536662,982.6,0.6105
57.0,-101.5,2026-09-17 22:24:58,9.91900000000004,53.35212936401368,16.062304793536665,979.65,0.3355
57.0,-101.0,2026-09-17 22:24:58,9.15300000000002,55.002129364013676,11.814304793536662,981.42,3.021
57.0,-100.5,2026-09-17 22:24:58,9.367000000000019,52.42712936401367,7.440304793536663,987.27,3.0975
57.0,-100.0,2026-09-17 22:24:58,8.682000000000016,50.95212936401367,5.154304793536663,988.47,2.5025
57.0,-99.5,2026-09-17 22:24:58,7.722000000000037,66.00212936401367,5.208304793536664,991.38,3.2885
57.0,-99.0,2026-09-17 22:24:58,6.935000000000002,76.50212936401367,8.736304793536663,992.51,6.7445
57.0,-98.5,2026-09-17 22:24:58,7.498000000000047,66.27712936401367,6.306304793536664,989.2,5.76
57.0,-98.0,2026-09-17 22:24:58,8.42100000000005,59.42712936401367,3.804304793536663,994.87,5.9205000000000005
57.0,-97.5,2026-09-17 22:24:58,8.172000000000025,60.252129364013676,5.964304793536663,991.54,10.109
57.0,-97.0,2026-09-17 22:24:58,7.924000000000035,62.95212936401367,7.854304793536664,992.1,8.278
57.0,-96.5,2026-09-17 22:24:58,8.352000000000032,57.002129364013676,8.808304793536664,997.09,5.905
57.0,-96.0,2026-09-17 22:24:58,8.451000000000022,56.252129364013676,8.232304793536665,1001.22,6.378
57.0,-95.5,2026-09-17 22:24:58,7.6860000000000355,60.002129364013676,12.858304793536663,1003.06,5.5695
57.0,-95.0,2026-09-17 22:24:58,6.805000000000007,65.37712936401367,19.590304793536664,999.94,5.0125
57.0,-94.5,2026-09-17 22:24:58,6.983000000000004,61.127129364013676,17.916304793536664,998.56,5.211
57.0,-94.0,2026-09-17 22:24:58,7.8910000000000196,55.67712936401367,16.530304793536665,1013.06,7.309
57.0,-93.5,2026-09-17 22:24:58,6.488000000000056,71.92712936401368,21.246304793536666,1016.51,7.4235
57.0,-93.0,2026-09-17 22:24:58,7.492000000000019,72.55212936401368,24.486304793536664,1018.6,5.272
57.0,-92.5,2026-09-17 22:24:58,8.034000000000049,71.95212936401367,33.25230479353666,1023.01,2.9755000000000003
57.0,-92.0,2026-09-17 22:24:58,8.045000000000016,68.55212936401368,31.866304793536663,1021.84,1.045
57.0,-91.5,2026-09-17 22:24:58,7.755000000000052,73.85212936401368,33.14430479353666,1018.21,1.03
57.0,-91.0,2026-09-17 22:24:58,8.114000000000033,77.42712936401368,32.78430479353666,1015.64,3.563
57.0,-90.5,2026-09-17 22:24:58,6.418000000000006,81.45212936401367,34.170304793536665,1016.26,6.172
57.0,-90.0,2026-09-17 22:24:58,6.817000000000007,85.27712936401367,43.44030479353666,1018.37,2.8000000000000003
57.0,-89.5,2026-09-17 22:24:58,6.863000000000056,88.10212936401368,54.67230479353667,1017.49,3.5780000000000003
57.0,-76.5,2026-09-17 22:24:58,8.951000000000022,82.32279663085939,28.070255240142348,1001.48,2.556
57.0,-76.0,2026-09-17 22:24:58,8.815000000000055,73.69779663085937,24.524255240142345,993.8,3.8605
57.0,-75.5,2026-09-17 22:24:58,8.911000000000001,75.27279663085938,23.336255240142346,993.32,4.9285
57.0,-75.0,2026-09-17 22:24:58,8.453000000000031,75.29779663085938,22.436255240142348,986.63,8.423
57.0,-74.5,2026-09-17 22:24:58,7.785000000000025,77.12279663085938,20.438255240142347,986.65,7.416
57.0,-74.0,2026-09-17 22:24:58,6.511000000000024,81.12279663085938,19.574255240142346,978.07,6.6605
57.0,-73.5,2026-09-17 22:24:58,6.117000000000019,80.74779663085938,20.150255240142346,974.73,5.646
57.0,-73.0,2026-09-17 22:24:58,6.720000000000027,76.17279663085938,19.82625524014235,980.81,5.348
57.0,-72.5,2026-09-17 22:24:58,7.045000000000016,72.24779663085938,18.350255240142346,980.69,8.484
57.0,-72.0,2026-09-17 22:24:58,6.114000000000033,72.77279663085938,17.918255240142347,974.86,10.292
57.0,-71.5,2026-09-17 22:24:58,5.27800000000002,74.64779663085938,18.206255240142347,981.4,7.553
57.0,-71.0,2026-09-17 22:24:58,5.691000000000031,71.49779663085938,19.628255240142344,980.65,8.98
57.0,-70.5,2026-09-17 22:24:58,4.478000000000009,76.04779663085938,18.818255240142346,975.59,12.932
57.0,-70.0,2026-09-17 22:24:58,4.635000000000048,77.02279663085938,18.33225524014235,982.35,21.7745
57.0,-69.5,2026-09-17 22:24:58,4.211000000000013,77.44779663085939,19.430255240142348,974.29,23.9485
57.0,-69.0,2026-09-17 22:24:58,5.3940000000000055,79.04779663085938,19.718255240142348,990.1,25.810000000000002
57.0,-68.5,2026-09-17 22:24:58,5.107000000000028,79.12279663085938,18.350255240142346,990.78,24.5285
57.0,-68.0,2026-09-17 22:24:58,5.005000000000052,79.34779663085938,18.692255240142348,986.36,28.618000000000002
57.0,-67.5,2026-09-17 22:24:58,5.7520000000000095,80.69913177490236,22.429754499703648,986.35,27.5575
57.0,-67.0,2026-09-17 22:24:58,5.842000000000041,76.99913177490235,21.52975449970365,991.84,25.955000000000002
57.0,-66.5,2026-09-17 22:24:58,5.129000000000019,84.74913177490235,23.617754499703647,982.49,32.7375
57.0,-66.0,2026-09-17 22:24:58,4.239000000000033,81.47413177490235,21.925754499703647,973.59,43.2205
57.0,-65.5,2026-09-17 22:24:58,4.0260000000000105,85.49913177490235,23.725754499703648,964.27,17.837500000000002
57.0,-65.0,2026-09-17 22:24:58,2.1760000000000446,85.39913177490234,23.383754499703645,951.41,11.421
57.0,-64.5,2026-09-17 22:24:58,2.93100000000004,85.84913177490235,25.381754499703646,959.18,9.796
57.0,-64.0,2026-09-17 22:24:58,1.934000000000026,83.44913177490236,31.735754499703646,940.68,11.9555
57.0,-63.5,2026-09-17 22:24:58,1.9940000000000282,82.27413177490234,29.43175449970365,950.19,9.697000000000001
57.0,-63.0,2026-09-17 22:24:58,3.2380000000000564,77.72413177490235,25.057754499703645,961.96,12.123000000000001
57.0,-62.5,2026-09-17 22:24:58,2.2490000000000236,82.27413177490234,34.86775449970365,942.9,12.039
57.0,-62.0,2026-09-17 22:24:58,8.048000000000002,64.77413177490234,22.681754499703647,1003.5,5.7525
57.0,-61.5,2026-09-17 22:24:58,7.024000000000001,69.07413177490234,24.283754499703647,987.31,9.0485
57.5,-132.5,2026-09-17 22:24:58,0.4870000000000232,97.23740158081056,4.900250153034926,847.92,15.5565
57.5,-132.0,2026-09-17 22:24:58,7.170000000000016,68.36240158081056,7.330250153034926,884.04,0.2745
57.5,-131.5,2026-09-17 22:24:58,5.427000000000021,75.83740158081055,6.340250153034925,855.36,0.267
57.5,-131.0,2026-09-17 22:24:58,12.072000000000003,52.23740158081055,5.908250153034926,898.62,0.0075
57.5,-130.5,2026-09-17 22:24:58,9.364000000000033,79.96240158081055,7.708250153034926,887.84,0.0
57.5,-130.0,2026-09-17 22:24:58,7.063000000000045,54.86240158081055,10.246250153034927,826.53,0.2595
57.5,-129.5,2026-09-17 22:24:58,11.16900000000004,61.41240158081055,5.638250153034925,875.94,0.0
57.5,-129.0,2026-09-17 22:24:58,6.717000000000041,61.08740158081055,10.678250153034925,819.47,0.023
57.5,-128.5,2026-09-17 22:24:58,8.549000000000035,60.08740158081055,4.864250153034926,839.59,0.0
57.5,-128.0,2026-09-17 22:24:58,8.974000000000046,53.98740158081055,6.862250153034926,836.0,0.0
57.5,-127.5,2026-09-17 22:24:58,8.226000000000056,63.23740158081055,7.006250153034926,840.56,0.0
57.5,-127.0,2026-09-17 22:24:58,7.8910000000000196,55.33740158081055,11.902250153034926,831.05,0.0155
57.5,-126.5,2026-09-17 22:24:58,8.439000000000021,57.23740158081055,11.110250153034926,834.65,0.0075
57.5,-126.0,2026-09-17 22:24:58,12.437000000000012,53.78740158081055,5.800250153034926,889.46,0.0
57.5,-125.5,2026-09-17 22:24:58,10.781000000000006,59.91240158081055,6.052250153034926,876.46,0.0
57.5,-125.0,2026-09-17 22:24:58,8.518000000000029,53.41240158081055,9.724250153034927,839.65,0.0
57.5,-124.5,2026-09-17 22:24:58,7.487000000000023,56.16240158081055,14.710250153034927,823.35,0.0
57.5,-124.0,2026-09-17 22:24:58,9.052000000000021,44.08740158081055,13.396250153034927,823.15,0.0155
57.5,-123.5,2026-09-17 22:24:58,10.946000000000026,47.81240158081055,9.634250153034927,842.29,0.0
57.5,-123.0,2026-09-17 22:24:58,16.031000000000006,40.33740158081055,5.800250153034926,904.61,0.0
57.5,-122.5,2026-09-17 22:24:58,15.243000000000052,39.06240158081055,7.816250153034925,899.01,0.0
57.5,-122.0,2026-09-17 22:24:58,15.199000000000012,47.41240158081055,7.9602501530349254,908.29,0.0
57.5,-121.5,2026-09-17 22:24:58,15.848000000000013,46.51240158081055,7.294250153034925,921.86,0.0
57.5,-121.0,2026-09-17 22:24:58,15.148000000000025,52.58740158081055,9.382250153034926,925.64,0.0
57.5,-120.5,2026-09-17 22:24:58,15.031000000000006,57.63740158081055,9.778250153034925,923.54,0.0
57.5,-120.0,2026-09-17 22:24:58,14.378000000000043,61.80826950073242,2.235648013472557,914.1,0.0
57.5,-119.5,2026-09-17 22:24:58,14.458000000000027,61.83326950073243,4.971648013472557,923.1,0.0
57.5,-119.0,2026-09-17 22:24:58,12.779000000000053,72.00826950073242,7.059648013472557,939.44,0.0
57.5,-118.5,2026-09-17 22:24:58,13.781000000000006,62.508269500732425,7.383648013472557,923.29,0.0
57.5,-118.0,2026-09-17 22:24:58,16.42700000000002,51.883269500732425,8.589648013472557,927.99,0.0765
57.5,-117.5,2026-09-17 22:24:58,16.28000000000003,56.233269500732426,4.953648013472558,943.45,0.0
57.5,-117.0,2026-09-17 22:24:58,15.364000000000033,63.80826950073242,1.191648013472557,965.66,0.122
57.5,-116.5,2026-09-17 22:24:58,15.434000000000026,68.45826950073243,1.5336480134725572,957.27,0.122
57.5,-116.0,2026-09-17 22:24:58,16.317000000000007,63.133269500732425,2.685648013472557,940.45,0.0915
57.5,-115.5,2026-09-17 22:24:58,17.589000000000055,62.55826950073242,2.811648013472557,953.78,0.0
57.5,-115.0,2026-09-17 22:24:58,15.994000000000028,62.383269500732425,3.477648013472557,960.03,0.0075
57.5,-114.5,2026-09-17 22:24:58,16.470000000000027,61.45826950073243,4.773648013472557,951.94,0.0155
57.5,-114.0,2026-09-17 22:24:58,16.821000000000026,60.358269500732426,5.241648013472557,940.64,0.0
57.5,-113.5,2026-09-17 22:24:58,17.39500000000004,52.53326950073242,5.961648013472558,935.32,0.0685
57.5,-113.0,2026-09-17 22:24:58,15.838000000000022,59.008269500732425,5.5836480134725575,924.69,0.0
57.5,-112.5,2026-09-17 22:24:58,15.477000000000032,69.00826950073242,2.667648013472557,931.63,0.0
57.5,-112.0,2026-09-17 22:24:58,17.160000000000025,52.883269500732425,4.197648013472557,930.29,0.0155
57.5,-111.5,2026-09-17 22:24:58,15.54000000000002,58.40826950073242,6.609648013472557,979.5,0.0075
57.5,-111.0,2026-09-17 22:24:58,15.998000000000047,55.28326950073242,6.609648013472557,976.23,0.0
57.5,-110.5,2026-09-17 22:24:58,14.970000000000027,61.008269500732425,7.329648013472558,957.28,0.0
57.5,-110.0,2026-09-17 22:24:58,12.865000000000009,64.62712936401367,13.974304793536664,945.97,0.0
57.5,-109.5,2026-09-17 22:24:58,10.88900000000001,72.90212936401367,14.334304793536663,950.44,0.0
57.5,-109.0,2026-09-17 22:24:58,10.734000000000037,72.72712936401368,15.954304793536663,955.95,0.0
57.5,-108.5,2026-09-17 22:24:58,11.819000000000017,67.10212936401368,18.834304793536667,955.75,0.0075
57.5,-108.0,2026-09-17 22:24:58,12.115000000000009,63.72712936401368,19.158304793536665,954.01,0.0155
57.5,-107.5,2026-09-17 22:24:58,12.703000000000031,60.152129364013675,17.592304793536663,954.31,0.0075
57.5,-107.0,2026-09-17 22:24:58,12.823000000000036,60.07712936401367,23.478304793536665,958.28,0.17550000000000002
57.5,-106.5,2026-09-17 22:24:58,11.987000000000023,67.32712936401367,34.63830479353667,959.86,0.0075
57.5,-106.0,2026-09-17 22:24:58,11.631000000000029,58.42712936401367,20.112304793536662,958.04,0.1375
57.5,-105.5,2026-09-17 22:24:58,10.230000000000018,59.627129364013676,17.106304793536665,955.3,0.244
57.5,-105.0,2026-09-17 22:24:58,10.172000000000025,60.002129364013676,16.728304793536665,961.57,0.1905
57.5,-104.5,2026-09-17 22:24:58,10.050000000000011,56.752129364013676,15.720304793536664,965.31,0.41200000000000003
57.5,-104.0,2026-09-17 22:24:58,9.868000000000052,56.57712936401367,16.350304793536665,967.67,0.786
57.5,-103.5,2026-09-17 22:24:58,10.583000000000027,51.377129364013676,17.016304793536662,969.27,0.9765
57.5,-103.0,2026-09-17 22:24:58,10.566000000000031,51.97712936401368,15.540304793536665,979.49,0.1905
57.5,-102.5,2026-09-17 22:24:58,9.744000000000028,60.502129364013676,27.582304793536665,982.69,1.2435
57.5,-102.0,2026-09-17 22:24:58,9.584000000000003,61.55212936401367,17.052304793536663,982.04,2.327
57.5,-101.5,2026-09-17 22:24:58,9.33200000000005,58.627129364013676,10.572304793536663,979.39,2.2505
57.5,-101.0,2026-09-17 22:24:58,8.347000000000037,60.67712936401367,11.400304793536664,980.08,3.174
57.5,-100.5,2026-09-17 22:24:58,8.358000000000004,61.60212936401368,6.378304793536664,982.22,2.7695
57.5,-100.0,2026-09-17 22:24:58,7.7140000000000555,58.777129364013675,6.054304793536663,984.97,4.402
57.5,-99.5,2026-09-17 22:24:58,7.496000000000038,73.07712936401367,2.760304793536663,988.75,0.45
57.5,-99.0,2026-09-17 22:24:58,7.365000000000009,72.87712936401367,2.814304793536663,989.37,0.8315
57.5,-98.5,2026-09-17 22:24:58,6.249000000000024,72.92712936401368,3.8763047935366632,994.86,3.372
57.5,-98.0,2026-09-17 22:24:58,7.747000000000014,62.902129364013675,6.234304793536664,991.13,2.6705
57.5,-97.5,2026-09-17 22:24:58,8.190000000000055,58.252129364013676,5.856304793536664,994.39,1.8005
57.5,-97.0,2026-09-17 22:24:58,7.944000000000017,57.277129364013675,7.188304793536663,993.05,3.7840000000000003
57.5,-96.5,2026-09-17 22:24:58,7.926000000000045,55.877129364013676,7.908304793536663,998.05,6.0425
57.5,-96.0,2026-09-17 22:24:58,7.321000000000026,61.22712936401368,9.582304793536665,1000.47,12.977500000000001
57.5,-95.5,2026-09-17 22:24:58,6.624000000000024,66.87712936401367,12.912304793536663,1000.77,6.447
57.5,-95.0,2026-09-17 22:24:58,6.324000000000012,67.72712936401368,16.242304793536665,1000.97,10.4525
57.5,-94.5,2026-09-17 22:24:58,7.074000000000012,58.30212936401367,15.972304793536662,1006.0,9.5215
57.5,-94.0,2026-09-17 22:24:58,7.1270000000000095,64.85212936401368,21.678304793536665,1014.65,11.833
57.5,-93.5,2026-09-17 22:24:58,6.8390000000000555,71.30212936401368,22.110304793536663,1017.37,11.9475
57.5,-93.0,2026-09-17 22:24:58,7.1370000000000005,69.27712936401367,25.674304793536663,1019.17,3.1355
57.5,-92.5,2026-09-17 22:24:58,7.274000000000001,69.85212936401368,33.73830479353667,1023.41,2.06
57.5,-80.0,2026-09-17 22:24:58,6.704000000000008,91.32712936401367,25.260304793536662,1013.94,0.061
57.5,-76.5,2026-09-17 22:24:58,9.047000000000025,78.04779663085938,27.692255240142348,1000.48,1.6480000000000001
57.5,-76.0,2026-09-17 22:24:58,9.286000000000001,75.39779663085938,27.296255240142344,995.13,2.281
57.5,-75.5,2026-09-17 22:24:58,8.275000000000034,77.04779663085938,25.964255240142347,991.69,2.8685
57.5,-75.0,2026-09-17 22:24:58,8.360000000000014,77.42279663085938,24.956255240142347,987.32,4.219
57.5,-74.5,2026-09-17 22:24:58,7.770000000000039,81.77279663085938,22.400255240142346,988.67,5.409
57.5,-74.0,2026-09-17 22:24:58,7.992000000000019,80.47279663085938,20.006255240142348,990.8,6.1645
57.5,-73.5,2026-09-17 22:24:58,6.835000000000036,82.34779663085938,19.718255240142348,982.13,9.6895
57.5,-73.0,2026-09-17 22:24:58,6.823000000000036,78.42279663085938,20.672255240142345,978.81,9.43
57.5,-72.5,2026-09-17 22:24:58,6.621000000000038,74.47279663085938,19.250255240142348,979.16,7.3165000000000004
57.5,-72.0,2026-09-17 22:24:58,6.355000000000018,73.59779663085938,19.070255240142345,976.2,5.8975
57.5,-71.5,2026-09-17 22:24:58,5.953000000000031,74.59779663085938,20.348255240142347,981.89,3.4025
57.5,-71.0,2026-09-17 22:24:58,5.8770000000000095,74.82279663085937,20.114255240142345,981.09,2.777
57.5,-70.5,2026-09-17 22:24:58,6.916000000000054,71.99779663085938,19.718255240142348,997.3,2.6705
57.5,-70.0,2026-09-17 22:24:58,6.0890000000000555,74.19779663085937,19.430255240142348,1006.73,3.746
57.5,-69.5,2026-09-17 22:24:58,6.504000000000019,73.17279663085938,18.962255240142348,1003.45,4.013
57.5,-69.0,2026-09-17 22:24:58,5.3110000000000355,76.79779663085938,19.646255240142345,995.24,2.411
57.5,-68.5,2026-09-17 22:24:58,4.892000000000053,80.89779663085938,23.786255240142346,986.82,5.417
57.5,-68.0,2026-09-17 22:24:58,5.615000000000009,78.24779663085938,21.05025524014235,992.64,2.846
57.5,-67.5,2026-09-17 22:24:58,5.221000000000004,82.42413177490235,17.677754499703646,992.64,1.877
57.5,-67.0,2026-09-17 22:24:58,5.036000000000001,81.17413177490235,19.009754499703647,990.64,3.113
57.5,-66.5,2026-09-17 22:24:58,4.524000000000001,81.29913177490235,20.917754499703644,982.76,8.423
57.5,-66.0,2026-09-17 22:24:58,5.343000000000018,77.69913177490236,23.20375449970365,984.07,13.1075
57.5,-65.5,2026-09-17 22:24:58,3.847000000000037,81.77413177490234,20.161754499703644,967.88,20.9045
57.5,-65.0,2026-09-17 22:24:58,2.608000000000004,85.04913177490235,20.719754499703647,959.38,34.561
57.5,-64.5,2026-09-17 22:24:58,1.7380000000000564,88.79913177490235,27.091754499703647,946.59,27.3895
57.5,-64.0,2026-09-17 22:24:58,1.441000000000031,85.29913177490235,29.30575449970365,939.93,22.972
57.5,-63.5,2026-09-17 22:24:58,1.031000000000006,85.02413177490234,32.00575449970365,935.55,19.2335
57.5,-63.0,2026-09-17 22:24:58,2.8240000000000123,79.44913177490236,29.971754499703643,948.84,9.697000000000001
57.5,-62.5,2026-09-17 22:24:58,7.30600000000004,68.12413177490235,26.19175449970365,1003.8,3.7005
57.5,-62.0,2026-09-17 22:24:58,7.472000000000037,68.97413177490235,31.591754499703647,1010.77,7.126
57.5,-61.5,2026-09-17 22:24:58,7.746000000000038,71.67413177490235,25.633754499703645,1010.84,8.2015
58.0,-133.0,2026-09-17 22:24:58,1.837000000000046,95.68740158081056,4.864250153034926,870.95,26.634
58.0,-132.5,2026-09-17 22:24:58,-1.2829999999999586,99.31240158081056,16.672250153034927,806.4,5.2185
58.0,-132.0,2026-09-17 22:24:58,1.143000000000029,88.03740158081055,10.822250153034926,821.21,1.1215
58.0,-131.5,2026-09-17 22:24:58,9.762,56.56240158081055,6.952250153034926,889.64,0.046
58.0,-131.0,2026-09-17 22:24:58,14.380000000000052,55.01240158081055,4.756250153034926,965.68,0.0
58.0,-130.5,2026-09-17 22:24:58,7.477000000000032,68.23740158081056,11.290250153034927,861.14,0.0075
58.0,-130.0,2026-09-17 22:24:58,9.881000000000029,65.73740158081056,5.620250153034926,893.62,0.0075
58.0,-129.5,2026-09-17 22:24:58,10.084000000000003,50.06240158081055,10.354250153034926,876.64,0.0155
58.0,-129.0,2026-09-17 22:24:58,8.57000000000005,60.33740158081055,11.992250153034925,861.53,0.168
58.0,-128.5,2026-09-17 22:24:58,11.255000000000052,52.63740158081055,8.014250153034926,895.27,0.0
58.0,-128.0,2026-09-17 22:24:58,9.741000000000042,57.96240158081055,10.660250153034925,879.08,0.0
58.0,-127.5,2026-09-17 22:24:58,8.666000000000054,55.56240158081055,12.712250153034926,857.96,0.0075
58.0,-127.0,2026-09-17 22:24:58,4.809000000000026,64.43740158081054,16.294250153034927,806.62,0.328
58.0,-126.5,2026-09-17 22:24:58,8.70700000000005,51.01240158081055,10.336250153034927,841.95,0.0
58.0,-126.0,2026-09-17 22:24:58,9.316000000000031,56.36240158081055,9.724250153034927,854.06,0.0
58.0,-125.5,2026-09-17 22:24:58,9.368000000000052,53.76240158081055,8.896250153034927,853.35,0.0
58.0,-125.0,2026-09-17 22:24:58,4.642000000000053,62.06240158081055,15.538250153034925,794.0,0.0
58.0,-124.5,2026-09-17 22:24:58,7.237000000000023,56.18740158081055,14.386250153034926,812.49,0.0
58.0,-124.0,2026-09-17 22:24:58,11.553000000000054,45.41240158081055,7.150250153034926,856.55,0.0
58.0,-123.5,2026-09-17 22:24:58,16.05600000000004,44.98740158081055,0.7242501530349255,917.16,0.0
58.0,-123.0,2026-09-17 22:24:58,16.010000000000048,43.36240158081055,1.4802501530349255,921.74,0.0
58.0,-122.5,2026-09-17 22:24:58,14.163000000000011,47.36240158081055,5.350250153034926,903.39,0.0
58.0,-122.0,2026-09-17 22:24:58,15.981000000000051,50.53740158081055,5.206250153034926,935.01,0.0
58.0,-121.5,2026-09-17 22:24:58,16.710000000000036,51.78740158081055,2.0382501530349257,960.23,0.0
58.0,-121.0,2026-09-17 22:24:58,16.500000000000057,49.63740158081055,2.6862501530349254,957.37,0.0
58.0,-120.5,2026-09-17 22:24:58,15.486000000000047,49.91240158081055,6.664250153034926,947.18,0.0
58.0,-120.0,2026-09-17 22:24:58,14.283000000000015,56.05826950073242,8.715648013472558,935.32,0.0
58.0,-119.5,2026-09-17 22:24:58,13.88900000000001,58.43326950073242,5.529648013472557,930.14,0.0
58.0,-119.0,2026-09-17 22:24:58,13.093000000000018,60.40826950073242,5.727648013472557,933.11,0.038
58.0,-118.5,2026-09-17 22:24:58,13.41900000000004,64.73326950073242,5.1876480134725576,953.36,0.145
58.0,-118.0,2026-09-17 22:24:58,15.41900000000004,66.95826950073243,4.611648013472558,963.71,0.168
58.0,-117.5,2026-09-17 22:24:58,16.849000000000046,64.08326950073243,2.721648013472557,971.61,0.2135
58.0,-117.0,2026-09-17 22:24:58,15.95700000000005,61.33326950073243,3.135648013472557,971.02,0.0685
58.0,-116.5,2026-09-17 22:24:58,16.801000000000045,55.93326950073242,6.249648013472557,967.43,0.0
58.0,-116.0,2026-09-17 22:24:58,16.928000000000054,67.35826950073242,5.799648013472557,972.68,0.0
58.0,-115.5,2026-09-17 22:24:58,15.881000000000029,61.133269500732425,3.6756480134725575,977.57,0.0
58.0,-115.0,2026-09-17 22:24:58,15.992000000000019,62.40826950073242,3.567648013472557,975.53,0.0
58.0,-114.5,2026-09-17 22:24:58,16.27600000000001,60.03326950073242,4.827648013472557,975.07,0.0
58.0,-114.0,2026-09-17 22:24:58,16.29200000000003,60.55826950073242,5.673648013472557,976.76,0.0
58.0,-113.5,2026-09-17 22:24:58,16.17900000000003,60.65826950073242,7.563648013472558,961.9,0.0
58.0,-113.0,2026-09-17 22:24:58,16.360000000000014,58.33326950073243,9.039648013472556,938.14,0.0
58.0,-112.5,2026-09-17 22:24:58,16.612000000000023,58.55826950073242,7.959648013472558,931.68,0.0
58.0,-112.0,2026-09-17 22:24:58,17.375000000000057,59.108269500732426,2.001648013472557,970.57,0.0
58.0,-111.5,2026-09-17 22:24:58,15.27600000000001,60.983269500732426,5.961648013472558,983.79,0.0
58.0,-111.0,2026-09-17 22:24:58,14.612000000000023,61.58326950073243,10.137648013472557,978.83,0.0
58.0,-110.5,2026-09-17 22:24:58,14.881000000000029,62.258269500732425,9.435648013472559,973.67,0.0
58.0,-110.0,2026-09-17 22:24:58,13.710000000000036,63.777129364013675,12.210304793536665,965.46,0.0
58.0,-109.5,2026-09-17 22:24:58,11.048000000000002,71.75212936401367,16.476304793536663,952.56,0.0
58.0,-109.0,2026-09-17 22:24:58,11.025000000000034,64.67712936401368,18.690304793536665,953.05,0.0
58.0,-108.5,2026-09-17 22:24:58,11.545000000000016,60.902129364013675,16.99830479353666,954.52,0.0
58.0,-108.0,2026-09-17 22:24:58,11.253000000000043,66.40212936401367,14.352304793536662,954.97,0.0075
58.0,-107.5,2026-09-17 22:24:58,11.634000000000015,63.10212936401368,16.782304793536664,952.8,0.023
58.0,-107.0,2026-09-17 22:24:58,11.867000000000019,62.97712936401368,16.386304793536663,961.12,0.1145
58.0,-106.5,2026-09-17 22:24:58,11.434000000000026,63.80212936401367,18.96030479353666,965.44,0.0535
58.0,-106.0,2026-09-17 22:24:58,11.00200000000001,58.502129364013676,16.674304793536663,966.16,0.0075
58.0,-105.5,2026-09-17 22:24:58,9.742000000000019,57.402129364013675,17.880304793536663,962.77,0.3965
58.0,-105.0,2026-09-17 22:24:58,8.650000000000034,62.57712936401367,20.47230479353666,956.83,1.1675
58.0,-104.5,2026-09-17 22:24:58,8.54400000000004,59.80212936401367,17.772304793536662,963.87,2.6625
58.0,-104.0,2026-09-17 22:24:58,9.295000000000016,58.60212936401368,16.044304793536664,970.35,4.0665000000000004
58.0,-103.5,2026-09-17 22:24:58,9.62700000000001,64.20212936401367,27.024304793536665,973.59,7.0040000000000004
58.0,-103.0,2026-09-17 22:24:58,9.573000000000036,54.527129364013675,14.424304793536663,969.65,8.354000000000001
58.0,-102.5,2026-09-17 22:24:58,9.739000000000033,56.752129364013676,14.478304793536662,973.09,5.9435
58.0,-102.0,2026-09-17 22:24:58,8.801000000000045,64.07712936401367,20.256304793536664,982.19,6.111
58.0,-101.5,2026-09-17 22:24:58,8.358000000000004,63.07712936401367,10.518304793536663,981.7,7.6065000000000005
58.0,-101.0,2026-09-17 22:24:58,7.428000000000054,71.20212936401367,8.538304793536664,977.27,15.6175
58.0,-100.5,2026-09-17 22:24:58,6.569000000000017,70.42712936401368,6.144304793536664,979.0,8.461
58.0,-100.0,2026-09-17 22:24:58,6.428000000000054,70.57712936401367,5.7123047935366635,980.27,5.4625
58.0,-99.5,2026-09-17 22:24:58,4.930000000000007,86.55212936401368,6.756304793536663,986.46,4.112
58.0,-99.0,2026-09-17 22:24:58,5.8320000000000505,78.42712936401368,5.280304793536663,988.94,6.3325000000000005
58.0,-98.5,2026-09-17 22:24:58,7.136000000000024,67.92712936401368,6.684304793536663,992.97,2.815
58.0,-98.0,2026-09-17 22:24:58,6.900000000000034,64.92712936401368,6.432304793536663,987.07,2.8305000000000002
58.0,-97.5,2026-09-17 22:24:58,6.784000000000049,62.32712936401367,8.376304793536665,988.11,3.25
58.0,-97.0,2026-09-17 22:24:58,6.895000000000039,64.15212936401367,7.674304793536663,993.05,4.822
58.0,-96.5,2026-09-17 22:24:58,5.961000000000013,67.90212936401367,10.392304793536663,988.71,2.472
58.0,-96.0,2026-09-17 22:24:58,6.289000000000044,67.95212936401367,10.446304793536664,998.29,2.968
58.0,-95.5,2026-09-17 22:24:58,6.456000000000017,64.55212936401368,11.778304793536664,1002.16,3.563
58.0,-95.0,2026-09-17 22:24:58,6.632000000000005,65.60212936401368,14.496304793536664,1008.27,14.351
58.0,-94.5,2026-09-17 22:24:58,7.0160000000000196,63.07712936401367,18.024304793536665,1015.51,26.1305
58.0,-94.0,2026-09-17 22:24:58,6.787000000000035,65.70212936401367,21.78630479353666,1016.91,40.123
58.0,-93.5,2026-09-17 22:24:58,5.8040000000000305,66.82712936401367,23.154304793536664,1019.65,21.202
58.0,-93.0,2026-09-17 22:24:58,6.015000000000043,69.07712936401367,25.350304793536665,1021.59,12.985
58.0,-77.0,2026-09-17 22:24:58,8.31800000000004,82.47279663085938,22.778255240142347,1008.54,0.1525
58.0,-76.5,2026-09-17 22:24:58,7.601000000000056,83.72279663085938,25.478255240142346,999.51,0.8240000000000001
58.0,-76.0,2026-09-17 22:24:58,7.977000000000032,79.99779663085938,28.862255240142343,993.91,1.03
58.0,-75.5,2026-09-17 22:24:58,7.920000000000016,80.74779663085938,27.494255240142348,989.16,2.1135
58.0,-75.0,2026-09-17 22:24:58,8.286000000000001,79.42279663085938,29.456255240142347,993.4,1.457
58.0,-74.5,2026-09-17 22:24:58,8.607000000000028,79.32279663085939,27.782255240142348,989.16,1.938
58.0,-74.0,2026-09-17 22:24:58,8.036000000000001,78.57279663085939,25.766255240142346,986.71,3.334
58.0,-73.5,2026-09-17 22:24:58,7.8180000000000405,80.34779663085938,24.164255240142346,986.69,4.9665
58.0,-73.0,2026-09-17 22:24:58,7.152000000000044,79.09779663085938,21.932255240142347,987.15,5.9965
58.0,-72.5,2026-09-17 22:24:58,7.271000000000015,75.64779663085938,20.402255240142345,989.79,8.209
58.0,-72.0,2026-09-17 22:24:58,6.256000000000029,76.67279663085938,19.682255240142347,981.64,8.766
58.0,-71.5,2026-09-17 22:24:58,5.935000000000002,78.47279663085938,21.194255240142347,980.23,9.804
58.0,-71.0,2026-09-17 22:24:58,5.358000000000004,78.12279663085938,20.726255240142347,982.22,9.2545
58.0,-70.5,2026-09-17 22:24:58,5.30600000000004,78.24779663085938,22.580255240142346,981.16,8.812
58.0,-70.0,2026-09-17 22:24:58,5.462000000000046,75.49779663085938,18.872255240142344,993.16,7.21
58.0,-69.5,2026-09-17 22:24:58,5.234000000000037,79.72279663085938,25.244255240142348,989.34,7.0115
58.0,-69.0,2026-09-17 22:24:58,5.984000000000037,73.19779663085937,22.958255240142346,996.37,6.7825
58.0,-68.5,2026-09-17 22:24:58,8.247000000000014,69.19779663085937,23.930255240142348,1013.5,4.364
58.0,-68.0,2026-09-17 22:24:58,5.643000000000029,81.02279663085938,22.958255240142346,995.28,6.111
58.0,-67.5,2026-09-17 22:24:58,6.194000000000017,84.09913177490235,18.811754499703646,999.88,6.1035
58.0,-67.0,2026-09-17 22:24:58,6.347000000000037,80.92413177490235,16.489754499703647,1003.63,4.303
58.0,-66.5,2026-09-17 22:24:58,5.563000000000045,80.94913177490236,18.901754499703646,992.4,3.9370000000000003
58.0,-66.0,2026-09-17 22:24:58,4.454000000000008,80.92413177490235,20.917754499703644,980.7,10.681000000000001
58.0,-65.5,2026-09-17 22:24:58,3.7930000000000064,81.49913177490235,18.541754499703647,970.24,8.3465
58.0,-65.0,2026-09-17 22:24:58,2.43100000000004,83.54913177490235,23.77975449970365,959.75,7.164000000000001
58.0,-64.5,2026-09-17 22:24:58,0.4430000000000405,92.39913177490234,28.873754499703644,932.92,9.2085
58.0,-64.0,2026-09-17 22:24:58,0.11300000000005639,89.27413177490234,30.727754499703646,928.88,15.6175
58.0,-63.5,2026-09-17 22:24:58,1.202000000000055,83.97413177490235,28.44175449970365,936.79,20.584
58.0,-63.0,2026-09-17 22:24:58,4.115000000000009,76.52413177490234,27.109754499703648,969.98,26.23
58.0,-62.5,2026-09-17 22:24:58,6.699000000000012,71.37413177490235,24.445754499703646,998.52,35.881
58.0,-62.0,2026-09-17 22:24:58,6.5680000000000405,73.94913177490234,27.397754499703648,1013.13,30.098
58.5,-133.5,2026-09-17 22:24:58,9.50200000000001,66.88740158081055,2.7222501530349255,935.77,1.4875
58.5,-133.0,2026-09-17 22:24:58,8.447000000000003,63.51240158081055,10.426250153034927,907.49,0.47300000000000003
58.5,-132.5,2026-09-17 22:24:58,8.718000000000018,66.66240158081055,11.488250153034926,898.15,0.061
58.5,-132.0,2026-09-17 22:24:58,7.328000000000031,67.98740158081056,9.706250153034926,869.31,0.0
58.5,-131.5,2026-09-17 22:24:58,4.833000000000027,65.63740158081055,14.908250153034926,829.5,0.0305
58.5,-131.0,2026-09-17 22:24:58,9.702000000000055,58.83740158081055,1.8042501530349255,878.87,0.0
58.5,-130.5,2026-09-17 22:24:58,6.1440000000000055,70.41240158081055,11.812250153034926,854.75,0.0685
58.5,-130.0,2026-09-17 22:24:58,10.938000000000045,55.06240158081055,7.474250153034927,912.79,0.0
58.5,-129.5,2026-09-17 22:24:58,6.841000000000008,61.66240158081055,14.620250153034926,850.71,0.023
58.5,-129.0,2026-09-17 22:24:58,8.90100000000001,56.33740158081055,12.820250153034927,868.82,0.0
58.5,-128.5,2026-09-17 22:24:58,6.928000000000054,60.71240158081055,13.918250153034926,852.28,0.1145
58.5,-128.0,2026-09-17 22:24:58,7.682000000000016,54.78740158081055,10.822250153034926,847.61,0.168
58.5,-127.5,2026-09-17 22:24:58,10.225000000000023,52.06240158081055,7.852250153034926,878.68,0.0
58.5,-127.0,2026-09-17 22:24:58,11.43300000000005,52.46240158081055,6.088250153034926,886.25,0.0
58.5,-126.5,2026-09-17 22:24:58,7.44500000000005,62.98740158081055,9.994250153034926,848.78,0.0
58.5,-126.0,2026-09-17 22:24:58,7.126000000000033,56.78740158081055,13.378250153034926,833.18,0.0
58.5,-125.5,2026-09-17 22:24:58,4.869000000000028,61.06240158081055,17.428250153034927,799.79,0.0075
58.5,-125.0,2026-09-17 22:24:58,7.459000000000003,54.51240158081055,14.062250153034926,822.23,0.0
58.5,-124.5,2026-09-17 22:24:58,8.79000000000002,50.78740158081055,12.064250153034926,830.21,0.0
58.5,-124.0,2026-09-17 22:24:58,14.084000000000003,43.06240158081055,5.7102501530349254,893.32,0.0
58.5,-123.5,2026-09-17 22:24:58,16.164000000000044,43.21240158081055,4.4682501530349255,933.17,0.0
58.5,-123.0,2026-09-17 22:24:58,16.935000000000002,46.38740158081055,6.430250153034926,951.48,0.0
58.5,-122.5,2026-09-17 22:24:58,16.80600000000004,44.16240158081055,6.520250153034926,955.39,0.0
58.5,-122.0,2026-09-17 22:24:58,16.940000000000055,48.33740158081055,5.944250153034926,965.07,0.0
58.5,-121.5,2026-09-17 22:24:58,16.380000000000052,50.81240158081055,7.636250153034926,962.86,0.0
58.5,-121.0,2026-09-17 22:24:58,16.335000000000036,52.46240158081055,9.238250153034926,964.82,0.0075
58.5,-120.5,2026-09-17 22:24:58,16.237000000000023,55.66240158081055,7.672250153034925,967.54,0.038
58.5,-120.0,2026-09-17 22:24:58,13.805000000000007,63.633269500732425,6.339648013472558,964.01,0.0
58.5,-119.5,2026-09-17 22:24:58,12.248000000000047,64.75826950073242,6.663648013472557,946.21,0.061
58.5,-119.0,2026-09-17 22:24:58,13.32000000000005,68.53326950073243,6.519648013472557,960.96,0.183
58.5,-118.5,2026-09-17 22:24:58,14.715000000000032,61.758269500732425,6.519648013472557,965.7,0.061
58.5,-118.0,2026-09-17 22:24:58,15.364000000000033,60.03326950073242,8.157648013472558,963.36,0.0075
58.5,-117.5,2026-09-17 22:24:58,16.05800000000005,56.65826950073242,8.445648013472557,968.9,0.0
58.5,-117.0,2026-09-17 22:24:58,14.908000000000015,65.55826950073242,5.439648013472557,974.64,0.0
58.5,-116.5,2026-09-17 22:24:58,13.884000000000015,70.58326950073243,6.105648013472557,976.86,0.0075
58.5,-116.0,2026-09-17 22:24:58,14.142000000000053,67.85826950073242,6.771648013472557,977.97,0.0155
58.5,-115.5,2026-09-17 22:24:58,14.396000000000015,66.63326950073242,7.149648013472557,977.75,0.0155
58.5,-115.0,2026-09-17 22:24:58,14.600000000000023,65.08326950073243,9.237648013472558,979.71,0.0075
58.5,-114.5,2026-09-17 22:24:58,14.712000000000046,65.23326950073242,10.425648013472557,982.86,0.0
58.5,-114.0,2026-09-17 22:24:58,15.131000000000029,62.233269500732426,9.957648013472559,982.14,0.0155
58.5,-113.5,2026-09-17 22:24:58,14.62700000000001,66.23326950073242,10.101648013472559,982.74,0.0155
58.5,-113.0,2026-09-17 22:24:58,14.747000000000014,64.55826950073242,9.111648013472557,983.38,0.0
58.5,-112.5,2026-09-17 22:24:58,15.219000000000051,63.858269500732426,8.103648013472558,986.82,0.0
58.5,-112.0,2026-09-17 22:24:58,12.638000000000034,73.50826950073242,8.913648013472558,988.13,0.0
58.5,-111.5,2026-09-17 22:24:58,15.199000000000012,62.03326950073242,4.665648013472557,987.32,0.038
58.5,-111.0,2026-09-17 22:24:58,14.39100000000002,62.483269500732426,8.715648013472558,987.85,0.038
58.5,-110.5,2026-09-17 22:24:58,14.571000000000026,62.78326950073242,9.291648013472559,983.12,0.023
58.5,-110.0,2026-09-17 22:24:58,13.110000000000014,67.60212936401368,11.544304793536664,979.97,0.0075
58.5,-109.5,2026-09-17 22:24:58,12.085000000000036,68.55212936401368,12.804304793536664,971.71,0.023
58.5,-109.0,2026-09-17 22:24:58,12.590000000000032,61.902129364013675,15.000304793536664,967.82,0.0075
58.5,-108.5,2026-09-17 22:24:58,11.817000000000007,62.72712936401368,16.99830479353666,961.66,1.3885
58.5,-108.0,2026-09-17 22:24:58,10.774000000000001,63.30212936401367,18.636304793536663,959.61,0.5415
58.5,-107.5,2026-09-17 22:24:58,11.209000000000003,62.05212936401367,21.588304793536665,958.66,0.2595
58.5,-107.0,2026-09-17 22:24:58,10.257000000000005,65.32712936401367,20.400304793536662,956.61,0.2595
58.5,-106.5,2026-09-17 22:24:58,9.590000000000032,61.277129364013675,16.116304793536663,964.34,2.3805
58.5,-106.0,2026-09-17 22:24:58,9.90100000000001,58.92712936401367,12.246304793536662,981.63,0.1985
58.5,-105.5,2026-09-17 22:24:58,9.444000000000017,59.42712936401367,18.546304793536667,972.59,0.229
58.5,-105.0,2026-09-17 22:24:58,8.146000000000015,68.67712936401368,21.300304793536665,969.44,0.046
58.5,-104.5,2026-09-17 22:24:58,8.53000000000003,63.277129364013675,19.24830479353666,970.59,0.084
58.5,-104.0,2026-09-17 22:24:58,8.848000000000013,59.42712936401367,15.954304793536663,967.68,0.801
58.5,-103.5,2026-09-17 22:24:58,8.853000000000009,57.97712936401368,19.644304793536666,968.31,3.563
58.5,-103.0,2026-09-17 22:24:58,8.461000000000013,65.67712936401368,26.862304793536662,974.52,2.64
58.5,-102.5,2026-09-17 22:24:58,8.406000000000006,59.17712936401367,13.776304793536664,972.16,3.3035
58.5,-102.0,2026-09-17 22:24:58,8.03000000000003,65.32712936401367,13.344304793536663,975.98,7.2175
58.5,-101.5,2026-09-17 22:24:58,7.277000000000044,70.30212936401368,11.868304793536664,977.69,10.0325
58.5,-101.0,2026-09-17 22:24:58,5.9080000000000155,73.40212936401367,10.050304793536665,977.55,8.522
58.5,-100.5,2026-09-17 22:24:58,5.798000000000002,73.80212936401368,7.260304793536664,977.95,9.514
58.5,-100.0,2026-09-17 22:24:58,6.690000000000055,69.97712936401368,7.116304793536663,987.35,12.352
58.5,-99.5,2026-09-17 22:24:58,5.649000000000001,77.40212936401367,7.638304793536664,986.81,13.466000000000001
58.5,-99.0,2026-09-17 22:24:58,5.742000000000019,77.50212936401368,5.424304793536663,988.4,14.862
58.5,-98.5,2026-09-17 22:24:58,6.469000000000051,72.82712936401367,4.920304793536664,992.94,16.136
58.5,-98.0,2026-09-17 22:24:58,6.199000000000012,68.37712936401367,8.286304793536663,993.21,19.1955
58.5,-97.5,2026-09-17 22:24:58,5.861000000000047,66.07712936401367,8.160304793536664,988.09,13.153
58.5,-97.0,2026-09-17 22:24:58,5.866000000000042,67.07712936401367,9.330304793536664,991.24,15.6175
58.5,-96.5,2026-09-17 22:24:58,6.866000000000042,59.127129364013676,9.474304793536664,1002.74,27.298000000000002
58.5,-96.0,2026-09-17 22:24:58,6.626000000000033,59.877129364013676,10.536304793536663,1007.15,16.6855
58.5,-95.5,2026-09-17 22:24:58,6.3940000000000055,68.70212936401367,14.244304793536664,1012.62,20.8435
58.5,-95.0,2026-09-17 22:24:58,6.973000000000013,63.777129364013675,14.118304793536664,1016.43,26.657
58.5,-94.5,2026-09-17 22:24:58,7.094000000000051,63.57712936401367,16.440304793536665,1021.14,46.0435
58.5,-94.0,2026-09-17 22:24:58,6.617000000000019,62.80212936401367,22.25430479353666,1022.89,33.661
58.5,-93.5,2026-09-17 22:24:58,6.467000000000041,61.20212936401367,27.384304793536664,1021.72,26.085
58.5,-93.0,2026-09-17 22:24:58,6.430000000000007,62.377129364013676,36.006304793536664,1023.77,24.6885
58.5,-78.5,2026-09-17 22:24:58,8.024000000000001,84.44779663085939,30.482255240142347,1014.49,0.16
58.5,-78.0,2026-09-17 22:24:58,8.483000000000004,82.79779663085938,24.542255240142346,1008.49,0.0
58.5,-77.5,2026-09-17 22:24:58,9.747000000000014,78.37279663085938,25.190255240142346,1005.33,0.0685
58.5,-77.0,2026-09-17 22:24:58,9.202000000000055,81.14779663085938,26.108255240142345,1001.52,0.046
58.5,-76.5,2026-09-17 22:24:58,7.5120000000000005,86.02279663085938,22.490255240142346,999.84,0.0
58.5,-76.0,2026-09-17 22:24:58,7.809000000000026,86.12279663085938,25.73025524014235,997.39,0.099
58.5,-75.5,2026-09-17 22:24:58,7.353000000000009,87.59779663085938,28.592255240142347,993.73,0.725
58.5,-75.0,2026-09-17 22:24:58,6.65500000000003,92.69779663085939,27.008255240142343,993.55,1.1825
58.5,-74.5,2026-09-17 22:24:58,6.7760000000000105,94.09779663085938,26.432255240142347,992.5,1.663
58.5,-74.0,2026-09-17 22:24:58,6.847000000000037,90.69779663085939,21.122255240142344,988.68,1.4040000000000001
58.5,-73.5,2026-09-17 22:24:58,6.596000000000004,84.27279663085938,22.742255240142345,984.8,2.075
58.5,-73.0,2026-09-17 22:24:58,6.471000000000004,81.17279663085938,23.156255240142347,986.95,1.8845
58.5,-72.5,2026-09-17 22:24:58,6.432000000000016,81.44779663085939,23.390255240142345,985.27,2.411
58.5,-72.0,2026-09-17 22:24:58,6.786000000000001,79.07279663085939,20.150255240142346,991.82,2.739
58.5,-71.5,2026-09-17 22:24:58,5.406000000000006,80.72279663085938,21.446255240142346,984.98,4.28
58.5,-71.0,2026-09-17 22:24:58,4.719000000000051,83.54779663085938,21.392255240142347,984.7,5.913
58.5,-70.5,2026-09-17 22:24:58,5.288000000000011,79.42279663085938,21.968255240142348,992.38,6.5765
58.5,-70.0,2026-09-17 22:24:58,5.779000000000053,77.14779663085938,20.726255240142347,1004.92,8.545
58.5,-69.5,2026-09-17 22:24:58,5.003000000000043,85.77279663085938,27.026255240142348,994.62,5.348
58.5,-69.0,2026-09-17 22:24:58,6.911000000000001,71.92279663085938,19.862255240142346,1002.7,4.738
58.5,-68.5,2026-09-17 22:24:58,7.446000000000026,73.52279663085938,27.098255240142347,1008.48,6.18
58.5,-68.0,2026-09-17 22:24:58,6.971000000000004,78.77279663085938,20.906255240142347,1014.41,7.202
58.5,-67.5,2026-09-17 22:24:58,6.578000000000031,84.02413177490234,25.615754499703648,1017.09,4.7835
58.5,-67.0,2026-09-17 22:24:58,6.793000000000006,83.24913177490235,28.495754499703647,1017.03,6.111
58.5,-66.5,2026-09-17 22:24:58,6.1340000000000146,83.39913177490234,23.77975449970365,1004.48,6.386
58.5,-66.0,2026-09-17 22:24:58,6.788000000000011,74.94913177490234,23.959754499703646,1008.52,5.0585
58.5,-65.5,2026-09-17 22:24:58,3.886000000000024,79.39913177490234,19.15375449970365,978.6,9.041
58.5,-65.0,2026-09-17 22:24:58,1.1180000000000518,87.44913177490236,20.917754499703644,949.53,14.450000000000001
58.5,-64.5,2026-09-17 22:24:58,0.21500000000003183,91.37413177490235,22.897754499703648,931.6,11.215
58.5,-64.0,2026-09-17 22:24:58,-0.32399999999995543,89.79913177490235,24.139754499703646,929.45,8.3695
58.5,-63.5,2026-09-17 22:24:58,1.0960000000000036,82.79913177490235,24.06775449970365,934.79,7.187
58.5,-63.0,2026-09-17 22:24:58,6.988000000000056,66.14913177490234,25.057754499703645,1013.04,3.4105
58.5,-62.5,2026-09-17 22:24:58,6.0190000000000055,74.29913177490235,19.801754499703648,1012.8,3.4635000000000002
59.0,-137.5,2026-09-17 22:24:58,-6.6089999999999804,77.53740158081055,17.39225015303493,724.66,28.778000000000002
59.0,-137.0,2026-09-17 22:24:58,8.031000000000006,90.03740158081055,0.9942501530349255,985.37,0.969
59.0,-134.5,2026-09-17 22:24:58,0.49200000000001864,99.98740158081056,11.488250153034926,846.0,8.2245
59.0,-134.0,2026-09-17 22:24:58,0.8660000000000423,91.38740158081055,11.488250153034926,841.05,1.6785
59.0,-133.5,2026-09-17 22:24:58,10.176000000000045,62.76240158081055,8.716250153034926,926.37,0.717
59.0,-133.0,2026-09-17 22:24:58,7.487000000000023,75.16240158081055,10.660250153034925,896.03,0.87
59.0,-132.5,2026-09-17 22:24:58,6.560000000000002,68.16240158081055,15.394250153034925,885.31,1.236
59.0,-132.0,2026-09-17 22:24:58,10.288000000000011,60.56240158081055,9.922250153034925,915.27,0.0305
59.0,-131.5,2026-09-17 22:24:58,8.471000000000004,62.03740158081055,9.670250153034926,890.1,0.038
59.0,-131.0,2026-09-17 22:24:58,6.732000000000028,60.83740158081055,19.624250153034925,854.93,0.2595
59.0,-130.5,2026-09-17 22:24:58,7.357000000000028,58.26240158081055,15.862250153034925,866.66,0.0765
59.0,-130.0,2026-09-17 22:24:58,4.932000000000016,69.21240158081055,16.780250153034924,842.48,0.3355
59.0,-129.5,2026-09-17 22:24:58,6.6650000000000205,64.26240158081055,16.096250153034926,854.88,0.29
59.0,-129.0,2026-09-17 22:24:58,6.666000000000054,61.73740158081055,13.972250153034926,850.37,0.122
59.0,-128.5,2026-09-17 22:24:58,6.192000000000007,62.61240158081055,20.920250153034925,839.68,0.0915
59.0,-128.0,2026-09-17 22:24:58,9.650000000000034,51.53740158081055,14.044250153034925,869.31,0.0
59.0,-127.5,2026-09-17 22:24:58,13.339000000000055,45.78740158081055,5.350250153034926,918.35,0.0
59.0,-127.0,2026-09-17 22:24:58,10.261000000000024,53.81240158081055,8.194250153034925,885.61,0.0
59.0,-126.5,2026-09-17 22:24:58,6.9360000000000355,59.48740158081055,16.762250153034927,840.59,0.0
59.0,-126.0,2026-09-17 22:24:58,7.107000000000028,60.81240158081055,18.292250153034928,840.47,0.0
59.0,-125.5,2026-09-17 22:24:58,8.989000000000033,53.93740158081055,16.708250153034925,856.53,0.0
59.0,-125.0,2026-09-17 22:24:58,14.524000000000001,44.61240158081055,9.472250153034926,923.97,0.0
59.0,-124.5,2026-09-17 22:24:58,14.897000000000048,45.16240158081055,9.778250153034925,928.13,0.0075
59.0,-124.0,2026-09-17 22:24:58,15.180000000000007,47.86240158081055,10.660250153034925,938.74,0.0
59.0,-123.5,2026-09-17 22:24:58,15.410000000000025,46.23740158081055,11.776250153034926,941.96,0.0
59.0,-123.0,2026-09-17 22:24:58,15.80600000000004,47.03740158081055,12.532250153034926,954.43,0.0
59.0,-122.5,2026-09-17 22:24:58,17.494000000000028,43.51240158081055,11.866250153034926,972.76,0.0
59.0,-122.0,2026-09-17 22:24:58,15.770000000000039,51.08740158081055,14.098250153034925,957.54,0.0
59.0,-121.5,2026-09-17 22:24:58,14.116000000000042,55.36240158081055,16.52825015303493,938.53,0.0535
59.0,-121.0,2026-09-17 22:24:58,14.409000000000049,53.53740158081055,16.150250153034925,939.71,0.0685
59.0,-120.5,2026-09-17 22:24:58,14.971000000000004,50.43740158081055,14.062250153034926,942.9,0.0535
59.0,-120.0,2026-09-17 22:24:58,15.066000000000031,64.95826950073243,4.683648013472558,966.2,0.0
59.0,-119.5,2026-09-17 22:24:58,14.633000000000038,61.43326950073242,6.249648013472557,965.25,0.0155
59.0,-119.0,2026-09-17 22:24:58,14.251000000000033,65.13326950073242,7.419648013472558,969.71,0.0075
59.0,-118.5,2026-09-17 22:24:58,14.477000000000032,64.03326950073243,9.633648013472557,972.64,0.0075
59.0,-118.0,2026-09-17 22:24:58,14.300000000000011,64.78326950073243,9.435648013472559,972.31,0.0075
59.0,-117.5,2026-09-17 22:24:58,14.202000000000055,66.08326950073243,8.301648013472558,969.95,0.0305
59.0,-117.0,2026-09-17 22:24:58,13.66700000000003,66.28326950073243,7.4376480134725576,961.04,0.038
59.0,-116.5,2026-09-17 22:24:58,12.966000000000008,63.883269500732425,7.491648013472558,938.2,0.0535
59.0,-116.0,2026-09-17 22:24:58,13.547000000000025,60.33326950073243,10.191648013472557,918.18,0.0765
59.0,-115.5,2026-09-17 22:24:58,13.302000000000021,64.48326950073242,18.327648013472558,916.84,0.0535
59.0,-115.0,2026-09-17 22:24:58,12.908000000000015,64.60826950073242,19.479648013472556,906.32,0.084
59.0,-114.5,2026-09-17 22:24:58,14.618000000000052,64.53326950073243,11.685648013472559,935.21,0.0305
59.0,-114.0,2026-09-17 22:24:58,15.867000000000019,55.58326950073243,7.257648013472558,938.96,0.1375
59.0,-113.5,2026-09-17 22:24:58,11.050000000000011,73.73326950073242,5.151648013472557,980.97,0.20600000000000002
59.0,-113.0,2026-09-17 22:24:58,11.140000000000043,72.73326950073242,6.8256480134725575,983.91,0.0685
59.0,-112.5,2026-09-17 22:24:58,13.44300000000004,67.08326950073243,6.969648013472558,982.24,0.023
59.0,-112.0,2026-09-17 22:24:58,14.302000000000021,62.983269500732426,7.7616480134725565,986.0,0.0075
59.0,-111.5,2026-09-17 22:24:58,14.132000000000005,64.48326950073242,7.563648013472558,986.66,0.0075
59.0,-111.0,2026-09-17 22:24:58,13.906000000000006,64.60826950073242,8.103648013472558,983.93,0.0155
59.0,-110.5,2026-09-17 22:24:58,12.664000000000044,72.40826950073243,21.099648013472557,988.22,0.0075
59.0,-110.0,2026-09-17 22:24:58,13.01400000000001,66.52712936401367,18.348304793536663,988.03,0.0075
59.0,-109.5,2026-09-17 22:24:58,11.993000000000052,68.55212936401368,13.578304793536663,982.55,0.0305
59.0,-109.0,2026-09-17 22:24:58,11.784000000000049,65.32712936401367,15.342304793536663,977.2,0.0075
59.0,-108.5,2026-09-17 22:24:58,11.826000000000022,62.05212936401367,19.644304793536666,976.3,0.0305
59.0,-108.0,2026-09-17 22:24:58,11.904000000000053,60.07712936401367,15.972304793536662,971.01,0.252
59.0,-107.5,2026-09-17 22:24:58,11.263000000000034,62.60212936401368,17.484304793536666,971.8,0.0305
59.0,-107.0,2026-09-17 22:24:58,9.099000000000046,65.10212936401368,16.854304793536663,967.13,0.0
59.0,-106.5,2026-09-17 22:24:58,8.185000000000002,62.252129364013676,15.918304793536663,971.99,0.0
59.0,-106.0,2026-09-17 22:24:58,8.92900000000003,61.502129364013676,15.144304793536664,982.55,0.7095
59.0,-105.5,2026-09-17 22:24:58,9.460000000000036,63.22712936401368,13.488304793536663,981.21,0.2975
59.0,-105.0,2026-09-17 22:24:58,8.91700000000003,62.502129364013676,15.810304793536663,979.59,0.519
59.0,-104.5,2026-09-17 22:24:58,9.349000000000046,62.97712936401368,14.496304793536664,978.0,0.5265
59.0,-104.0,2026-09-17 22:24:58,9.052000000000021,60.82712936401367,16.494304793536664,975.9,1.0605
59.0,-103.5,2026-09-17 22:24:58,9.066000000000031,62.127129364013676,17.484304793536666,970.32,0.145
59.0,-103.0,2026-09-17 22:24:58,8.20700000000005,71.02712936401367,17.826304793536664,969.87,0.58
59.0,-102.5,2026-09-17 22:24:58,7.661000000000001,64.80212936401368,20.778304793536666,974.44,3.624
59.0,-102.0,2026-09-17 22:24:58,7.564000000000021,64.47712936401368,15.252304793536664,977.31,5.577
59.0,-101.5,2026-09-17 22:24:58,6.770000000000039,61.502129364013676,12.210304793536665,975.94,6.752
59.0,-101.0,2026-09-17 22:24:58,6.668000000000006,61.752129364013676,9.546304793536663,980.34,7.332
59.0,-100.5,2026-09-17 22:24:58,6.100000000000023,66.72712936401368,12.336304793536662,984.42,9.201
59.0,-100.0,2026-09-17 22:24:58,6.550000000000011,66.47712936401368,10.284304793536663,989.79,8.507
59.0,-99.5,2026-09-17 22:24:58,6.617000000000019,64.65212936401367,9.186304793536664,991.46,6.2940000000000005
59.0,-99.0,2026-09-17 22:24:58,6.1370000000000005,65.65212936401367,8.160304793536664,991.45,5.6305000000000005
59.0,-98.5,2026-09-17 22:24:58,6.232000000000028,64.92712936401368,8.682304793536664,990.0,6.386
59.0,-98.0,2026-09-17 22:24:58,5.802000000000021,64.07712936401367,9.780304793536663,991.29,11.070500000000001
59.0,-97.5,2026-09-17 22:24:58,5.986000000000047,65.25212936401367,9.780304793536663,995.98,16.1895
59.0,-97.0,2026-09-17 22:24:58,6.052000000000021,64.32712936401367,11.058304793536664,997.78,18.7455
59.0,-96.5,2026-09-17 22:24:58,6.1580000000000155,62.32712936401367,13.542304793536664,1002.83,19.0275
59.0,-96.0,2026-09-17 22:24:58,6.4430000000000405,61.20212936401367,14.064304793536662,1004.48,23.3155
59.0,-95.5,2026-09-17 22:24:58,6.619000000000028,62.002129364013676,14.298304793536664,1015.05,30.212500000000002
59.0,-95.0,2026-09-17 22:24:58,7.15300000000002,61.05212936401367,13.002304793536663,1020.48,44.258
59.0,-78.5,2026-09-17 22:24:58,8.39100000000002,87.49779663085938,30.194255240142347,1013.76,0.0915
59.0,-78.0,2026-09-17 22:24:58,7.130000000000052,95.32279663085939,18.962255240142348,1008.83,0.084
59.0,-77.5,2026-09-17 22:24:58,7.624000000000024,93.97279663085938,23.444255240142347,1005.41,0.0915
59.0,-77.0,2026-09-17 22:24:58,7.54200000000003,92.89779663085938,25.55025524014235,1002.76,0.0075
59.0,-76.5,2026-09-17 22:24:58,6.942000000000007,94.17279663085938,23.264255240142344,997.49,0.0
59.0,-76.0,2026-09-17 22:24:58,7.202000000000055,88.59779663085938,29.402255240142345,995.28,0.0
59.0,-75.5,2026-09-17 22:24:58,7.553000000000054,90.24779663085938,29.204255240142345,994.29,0.0
59.0,-75.0,2026-09-17 22:24:58,7.896000000000015,88.37279663085938,27.692255240142348,996.59,0.0685
59.0,-74.5,2026-09-17 22:24:58,6.788000000000011,90.39779663085938,25.496255240142347,991.43,0.328
59.0,-74.0,2026-09-17 22:24:58,7.285000000000025,86.24779663085938,28.214255240142347,990.33,0.5415
59.0,-73.5,2026-09-17 22:24:58,6.8940000000000055,84.42279663085938,24.434255240142345,991.09,1.4495
59.0,-73.0,2026-09-17 22:24:58,6.017000000000053,86.74779663085938,24.164255240142346,992.36,1.335
59.0,-72.5,2026-09-17 22:24:58,6.006000000000029,83.34779663085938,25.83825524014235,986.18,1.0225
59.0,-72.0,2026-09-17 22:24:58,6.827000000000055,78.34779663085938,27.836255240142346,990.58,0.595
59.0,-71.5,2026-09-17 22:24:58,5.65500000000003,79.62279663085938,22.256255240142348,985.94,0.5720000000000001
59.0,-71.0,2026-09-17 22:24:58,5.5820000000000505,81.14779663085938,23.930255240142348,988.37,0.633
59.0,-70.5,2026-09-17 22:24:58,5.330000000000041,80.59779663085938,24.63225524014235,990.97,1.2055
59.0,-70.0,2026-09-17 22:24:58,6.551000000000045,72.64779663085938,26.01825524014235,998.59,1.0070000000000001
59.0,-69.5,2026-09-17 22:24:58,6.593000000000018,70.67279663085938,27.98025524014235,1009.02,1.274
59.0,-69.0,2026-09-17 22:24:58,7.360000000000014,76.17279663085938,34.76625524014235,1013.9,1.4345
59.0,-66.0,2026-09-17 22:24:58,4.9290000000000305,86.72413177490235,26.47975449970365,1016.28,2.739
59.0,-65.5,2026-09-17 22:24:58,5.6270000000000095,75.94913177490234,21.061754499703646,1002.96,4.509
59.0,-65.0,2026-09-17 22:24:58,1.007000000000005,86.59913177490235,22.15975449970365,954.21,12.642
59.0,-64.5,2026-09-17 22:24:58,-0.9139999999999873,94.07413177490236,22.71775449970365,927.19,14.023
59.0,-64.0,2026-09-17 22:24:58,-0.32499999999998863,90.94913177490236,35.04775449970364,930.95,17.624
59.0,-63.5,2026-09-17 22:24:58,3.258000000000038,75.99913177490235,42.64375449970365,964.84,11.0475
59.0,-63.0,2026-09-17 22:24:58,5.380000000000052,73.92413177490235,30.00775449970365,1012.71,5.333
59.5,-138.0,2026-09-17 22:24:58,6.628000000000043,99.26240158081055,2.7762501530349257,939.18,20.6605
59.5,-137.5,2026-09-17 22:24:58,5.727000000000032,99.41240158081055,7.672250153034925,920.61,4.5395
59.5,-137.0,2026-09-17 22:24:58,7.066000000000031,79.43740158081056,1.5882501530349253,909.13,0.5720000000000001
59.5,-136.5,2026-09-17 22:24:58,9.611000000000047,67.28740158081055,5.908250153034926,930.16,0.023
59.5,-135.0,2026-09-17 22:24:58,0.9360000000000355,98.31240158081056,13.054250153034925,845.49,5.8365
59.5,-134.5,2026-09-17 22:24:58,3.351000000000056,89.21240158081055,11.830250153034926,859.5,5.928
59.5,-134.0,2026-09-17 22:24:58,5.603000000000009,70.58740158081055,12.964250153034927,866.69,0.4655
59.5,-133.5,2026-09-17 22:24:58,4.937000000000012,78.43740158081056,15.430250153034924,859.93,0.0915
59.5,-133.0,2026-09-17 22:24:58,6.215000000000032,68.11240158081056,16.006250153034927,861.61,0.061
59.5,-132.5,2026-09-17 22:24:58,6.893000000000029,57.93740158081055,18.688250153034925,853.23,0.1525
59.5,-132.0,2026-09-17 22:24:58,10.868000000000052,58.41240158081055,11.056250153034927,917.0,0.0
59.5,-131.5,2026-09-17 22:24:58,7.3700000000000045,62.03740158081055,15.538250153034925,870.14,0.0075
59.5,-131.0,2026-09-17 22:24:58,8.328000000000031,53.03740158081055,15.952250153034926,869.71,0.0305
59.5,-130.5,2026-09-17 22:24:58,5.754000000000019,62.33740158081055,16.960250153034927,844.36,0.0305
59.5,-130.0,2026-09-17 22:24:58,8.268000000000029,51.36240158081055,16.402250153034927,860.39,0.084
59.5,-129.5,2026-09-17 22:24:58,7.817000000000007,59.91240158081055,14.044250153034925,862.22,0.0
59.5,-129.0,2026-09-17 22:24:58,9.525000000000034,63.06240158081055,14.152250153034926,896.93,0.0
59.5,-128.5,2026-09-17 22:24:58,10.80400000000003,50.73740158081055,11.092250153034925,895.14,0.0
59.5,-128.0,2026-09-17 22:24:58,13.161000000000001,48.36240158081055,9.346250153034926,925.54,0.0
59.5,-127.5,2026-09-17 22:24:58,12.454000000000008,51.18740158081055,10.012250153034927,921.12,0.0
59.5,-127.0,2026-09-17 22:24:58,12.786000000000001,50.43740158081055,10.300250153034925,920.71,0.0
59.5,-126.5,2026-09-17 22:24:58,12.599000000000046,50.71240158081055,11.380250153034925,922.09,0.0
59.5,-126.0,2026-09-17 22:24:58,11.170000000000016,59.51240158081055,15.106250153034924,912.08,0.0
59.5,-125.5,2026-09-17 22:24:58,9.871000000000038,59.18740158081055,17.014250153034926,893.11,0.0
59.5,-125.0,2026-09-17 22:24:58,12.374000000000024,53.28740158081055,15.430250153034924,921.55,0.0
59.5,-124.5,2026-09-17 22:24:58,14.006000000000029,51.16240158081055,15.250250153034925,940.96,0.0
59.5,-124.0,2026-09-17 22:24:58,16.851000000000056,49.06240158081055,15.520250153034926,979.96,0.0
59.5,-123.5,2026-09-17 22:24:58,15.959000000000003,50.71240158081055,14.620250153034926,965.02,0.0
59.5,-123.0,2026-09-17 22:24:58,15.52600000000001,51.93740158081055,14.908250153034926,958.8,0.0
59.5,-122.5,2026-09-17 22:24:58,13.537000000000035,56.56240158081055,14.728250153034926,936.04,0.0
59.5,-122.0,2026-09-17 22:24:58,13.913000000000011,55.71240158081055,16.492250153034927,937.07,0.0
59.5,-121.5,2026-09-17 22:24:58,15.240000000000009,53.51240158081055,13.540250153034927,953.07,0.0075
59.5,-121.0,2026-09-17 22:24:58,15.256000000000029,54.91240158081055,12.820250153034927,955.36,0.0075
59.5,-120.5,2026-09-17 22:24:58,15.383000000000038,54.68740158081055,12.532250153034926,957.55,0.0
59.5,-120.0,2026-09-17 22:24:58,14.071000000000026,60.80826950073242,10.659648013472557,949.39,0.0
59.5,-119.5,2026-09-17 22:24:58,12.39100000000002,64.28326950073243,13.431648013472557,927.52,0.0
59.5,-119.0,2026-09-17 22:24:58,13.488000000000056,62.233269500732426,11.109648013472558,942.22,0.0075
59.5,-118.5,2026-09-17 22:24:58,13.965000000000032,63.108269500732426,9.849648013472557,943.21,0.0155
59.5,-118.0,2026-09-17 22:24:58,13.76600000000002,66.93326950073242,9.255648013472557,946.13,0.0685
59.5,-117.5,2026-09-17 22:24:58,14.345000000000027,68.45826950073243,7.6716480134725575,972.37,0.0535
59.5,-117.0,2026-09-17 22:24:58,13.81800000000004,68.28326950073243,7.4376480134725576,972.23,0.099
59.5,-116.5,2026-09-17 22:24:58,13.887,65.65826950073243,8.733648013472557,965.51,0.1525
59.5,-116.0,2026-09-17 22:24:58,13.336000000000013,66.18326950073242,9.957648013472559,947.03,0.2215
59.5,-115.5,2026-09-17 22:24:58,11.805000000000007,71.35826950073242,16.923648013472558,917.33,0.1905
59.5,-115.0,2026-09-17 22:24:58,13.385000000000048,66.08326950073243,12.945648013472558,921.73,0.0535
59.5,-114.5,2026-09-17 22:24:58,14.150000000000034,64.60826950073242,8.013648013472558,928.3,0.061
59.5,-114.0,2026-09-17 22:24:58,14.011000000000024,67.98326950073242,2.811648013472557,971.25,0.45
59.5,-113.5,2026-09-17 22:24:58,12.842000000000041,68.45826950073243,3.819648013472557,976.0,0.20600000000000002
59.5,-113.0,2026-09-17 22:24:58,12.221000000000004,66.55826950073242,5.385648013472557,975.24,0.099
59.5,-112.5,2026-09-17 22:24:58,12.44300000000004,67.08326950073243,7.095648013472557,976.92,0.038
59.5,-112.0,2026-09-17 22:24:58,11.608000000000004,73.38326950073242,7.203648013472558,982.63,0.0075
59.5,-111.5,2026-09-17 22:24:58,11.409000000000049,72.25826950073242,7.149648013472557,986.28,0.0
59.5,-111.0,2026-09-17 22:24:58,12.997000000000014,65.70826950073243,9.489648013472557,982.6,0.038
59.5,-110.5,2026-09-17 22:24:58,11.220000000000027,76.13326950073242,10.209648013472558,976.32,0.107
59.5,-110.0,2026-09-17 22:24:58,9.982000000000028,75.42712936401368,11.328304793536663,976.26,0.0075
59.5,-109.5,2026-09-17 22:24:58,11.966000000000008,70.57712936401367,23.766304793536662,989.07,0.0
59.5,-109.0,2026-09-17 22:24:58,11.840000000000032,66.07712936401367,25.242304793536665,989.07,0.0
59.5,-108.5,2026-09-17 22:24:58,11.54400000000004,57.72712936401368,17.214304793536666,982.96,0.0
59.5,-108.0,2026-09-17 22:24:58,9.685000000000002,68.22712936401368,12.426304793536664,979.68,0.0
59.5,-107.5,2026-09-17 22:24:58,7.413000000000011,69.25212936401367,13.146304793536663,964.46,0.0
59.5,-107.0,2026-09-17 22:24:58,7.420000000000016,69.10212936401368,19.770304793536663,964.86,0.023
59.5,-106.5,2026-09-17 22:24:58,7.122000000000014,63.55212936401367,13.902304793536663,967.37,0.038
59.5,-106.0,2026-09-17 22:24:58,7.577000000000055,64.12712936401367,14.730304793536662,966.33,0.023
59.5,-105.5,2026-09-17 22:24:58,7.971000000000004,61.877129364013676,14.622304793536662,965.12,0.305
59.5,-105.0,2026-09-17 22:24:58,8.312000000000012,62.72712936401368,13.722304793536663,971.66,1.0145
59.5,-104.5,2026-09-17 22:24:58,8.103000000000009,68.75212936401367,18.438304793536663,973.66,1.541
59.5,-104.0,2026-09-17 22:24:58,8.775000000000034,62.777129364013675,17.970304793536666,974.7,0.7095
59.5,-103.5,2026-09-17 22:24:58,8.049000000000035,69.45212936401367,20.166304793536664,969.67,0.2975
59.5,-103.0,2026-09-17 22:24:58,7.18100000000004,75.67712936401368,18.294304793536664,969.1,1.48
59.5,-102.5,2026-09-17 22:24:58,6.963000000000022,70.07712936401367,15.738304793536663,972.08,0.4195
59.5,-102.0,2026-09-17 22:24:58,6.5610000000000355,63.07712936401367,14.820304793536664,971.47,2.7695
59.5,-101.5,2026-09-17 22:24:58,5.942000000000007,66.02712936401367,13.812304793536663,975.27,0.7475
59.5,-101.0,2026-09-17 22:24:58,5.93300000000005,63.502129364013676,12.822304793536663,977.34,1.213
59.5,-100.5,2026-09-17 22:24:58,6.19500000000005,65.25212936401367,12.102304793536662,984.76,6.172
59.5,-100.0,2026-09-17 22:24:58,5.754000000000019,67.50212936401367,11.688304793536664,988.22,1.381
59.5,-99.5,2026-09-17 22:24:58,5.459000000000003,69.52712936401367,10.446304793536664,987.32,0.038
59.5,-99.0,2026-09-17 22:24:58,5.489000000000033,66.32712936401367,10.212304793536664,985.84,2.4035
59.5,-98.5,2026-09-17 22:24:58,5.652000000000044,62.752129364013676,10.806304793536663,987.41,1.625
59.5,-98.0,2026-09-17 22:24:58,5.660000000000025,62.152129364013675,10.284304793536663,990.76,3.1205000000000003
59.5,-97.5,2026-09-17 22:24:58,5.507000000000005,62.82712936401367,11.670304793536664,987.43,2.8305000000000002
59.5,-97.0,2026-09-17 22:24:58,6.197000000000003,59.027129364013675,12.390304793536663,996.55,5.2185
59.5,-96.5,2026-09-17 22:24:58,6.227000000000032,59.60212936401368,13.614304793536663,1004.04,4.9285
59.5,-96.0,2026-09-17 22:24:58,6.504000000000019,57.95212936401367,15.684304793536665,1008.55,4.4405
59.5,-95.5,2026-09-17 22:24:58,6.525000000000034,61.22712936401368,14.874304793536663,1014.37,4.303
59.5,-95.0,2026-09-17 22:24:58,6.726000000000056,62.92712936401367,14.388304793536664,1019.93,8.545
59.5,-80.5,2026-09-17 22:24:58,7.470000000000027,71.05212936401368,5.244304793536663,1013.22,0.0075
59.5,-78.0,2026-09-17 22:24:58,9.105000000000018,78.57279663085939,19.286255240142346,1013.05,0.1905
59.5,-77.5,2026-09-17 22:24:58,9.617000000000019,80.07279663085939,23.570255240142348,1012.24,0.252
59.5,-77.0,2026-09-17 22:24:58,9.638000000000034,81.37279663085938,21.644255240142346,1004.86,0.1985
59.5,-76.5,2026-09-17 22:24:58,8.381000000000029,91.29779663085938,25.442255240142348,1001.73,0.23650000000000002
59.5,-76.0,2026-09-17 22:24:58,8.049000000000035,87.39779663085938,22.634255240142345,997.27,0.038
59.5,-75.5,2026-09-17 22:24:58,7.648000000000025,87.44779663085939,27.062255240142346,997.66,0.1375
59.5,-75.0,2026-09-17 22:24:58,6.500000000000057,92.82279663085939,25.334255240142344,989.42,0.084
59.5,-74.5,2026-09-17 22:24:58,7.537000000000035,89.79779663085938,34.100255240142346,996.69,0.0
59.5,-74.0,2026-09-17 22:24:58,6.718000000000018,88.57279663085939,26.000255240142348,993.58,0.0155
59.5,-73.5,2026-09-17 22:24:58,6.902000000000044,85.94779663085939,23.408255240142346,989.82,0.2215
59.5,-73.0,2026-09-17 22:24:58,6.462000000000046,82.09779663085938,23.210255240142345,990.1,0.5415
59.5,-72.5,2026-09-17 22:24:58,5.437000000000012,88.67279663085938,27.782255240142348,983.39,0.5495
59.5,-72.0,2026-09-17 22:24:58,7.15300000000002,76.14779663085938,26.810255240142347,990.6,0.557
59.5,-71.5,2026-09-17 22:24:58,6.375000000000057,76.42279663085938,23.732255240142347,986.74,0.5265
59.5,-71.0,2026-09-17 22:24:58,5.954000000000008,74.99779663085938,23.76825524014235,985.91,0.4045
59.5,-70.5,2026-09-17 22:24:58,6.412000000000035,76.27279663085938,24.92025524014235,991.55,0.17550000000000002
59.5,-70.0,2026-09-17 22:24:58,6.920000000000016,69.62279663085938,26.954255240142345,999.93,0.168
59.5,-65.5,2026-09-17 22:24:58,4.071000000000026,86.54913177490235,22.62775449970365,1014.71,0.984
59.5,-65.0,2026-09-17 22:24:58,0.27000000000003865,92.84913177490235,24.211754499703645,951.2,6.958
59.5,-64.5,2026-09-17 22:24:58,-0.6979999999999791,91.79913177490235,24.391754499703648,930.57,8.3315
59.5,-64.0,2026-09-17 22:24:58,0.15900000000004866,91.44913177490236,29.30575449970365,941.3,12.1615
60.0,-139.0,2026-09-17 22:24:58,-0.8719999999999573,98.51240158081055,10.480250153034927,834.84,43.312
60.0,-138.5,2026-09-17 22:24:58,-1.6669999999999732,98.51240158081055,2.6142501530349254,864.5,11.4135
60.0,-138.0,2026-09-17 22:24:58,4.076000000000022,82.96240158081055,5.4762501530349255,886.61,10.9635
60.0,-137.5,2026-09-17 22:24:58,3.6160000000000423,86.18740158081056,11.290250153034927,864.82,4.799
60.0,-137.0,2026-09-17 22:24:58,3.4770000000000323,74.23740158081056,11.290250153034927,840.32,0.47300000000000003
60.0,-136.5,2026-09-17 22:24:58,3.546000000000049,69.76240158081055,12.352250153034927,837.98,0.534
60.0,-136.0,2026-09-17 22:24:58,4.226000000000056,63.43740158081055,11.434250153034927,834.42,0.6025
60.0,-135.5,2026-09-17 22:24:58,4.064000000000021,63.23740158081055,11.920250153034926,826.74,0.4045
60.0,-135.0,2026-09-17 22:24:58,7.176000000000045,72.68740158081054,14.098250153034925,884.08,0.122
60.0,-134.5,2026-09-17 22:24:58,6.390000000000043,66.31240158081054,12.496250153034927,866.36,0.145
60.0,-134.0,2026-09-17 22:24:58,9.727000000000032,59.71240158081055,11.344250153034926,907.91,0.0155
60.0,-133.5,2026-09-17 22:24:58,10.982000000000028,49.61240158081055,9.868250153034927,909.04,0.0
60.0,-133.0,2026-09-17 22:24:58,11.583000000000027,46.13740158081055,12.820250153034927,909.5,0.0
60.0,-132.5,2026-09-17 22:24:58,11.069000000000017,48.53740158081055,3.4782501530349257,903.68,0.0
60.0,-132.0,2026-09-17 22:24:58,10.906000000000006,50.26240158081055,9.904250153034926,903.37,0.0155
60.0,-131.5,2026-09-17 22:24:58,7.612000000000023,61.38740158081055,14.908250153034926,869.83,0.023
60.0,-131.0,2026-09-17 22:24:58,9.620000000000005,53.46240158081055,18.526250153034926,888.33,0.0
60.0,-130.5,2026-09-17 22:24:58,5.580000000000041,62.26240158081055,18.922250153034927,835.45,0.061
60.0,-130.0,2026-09-17 22:24:58,10.656000000000006,51.16240158081055,10.822250153034926,893.77,0.0
60.0,-129.5,2026-09-17 22:24:58,11.772000000000048,50.61240158081055,10.192250153034927,908.55,0.0
60.0,-129.0,2026-09-17 22:24:58,12.831000000000017,52.33740158081055,9.634250153034927,924.09,0.0
60.0,-128.5,2026-09-17 22:24:58,12.763000000000034,52.46240158081055,11.902250153034926,929.67,0.0075
60.0,-128.0,2026-09-17 22:24:58,12.577000000000055,53.63740158081055,12.280250153034926,926.01,0.0
60.0,-127.5,2026-09-17 22:24:58,13.102000000000032,53.73740158081055,11.668250153034926,934.68,0.0
60.0,-127.0,2026-09-17 22:24:58,10.870000000000005,59.01240158081055,13.954250153034925,908.17,0.0305
60.0,-126.5,2026-09-17 22:24:58,11.740000000000009,55.56240158081055,15.106250153034924,918.4,0.0
60.0,-126.0,2026-09-17 22:24:58,9.884000000000015,62.03740158081055,16.81625015303493,896.25,0.0075
60.0,-125.5,2026-09-17 22:24:58,11.133000000000038,57.51240158081055,16.762250153034927,908.71,0.046
60.0,-125.0,2026-09-17 22:24:58,8.348000000000013,69.51240158081055,21.532250153034926,877.35,0.0075
60.0,-124.5,2026-09-17 22:24:58,15.722000000000037,50.48740158081055,10.300250153034925,963.96,0.0075
60.0,-124.0,2026-09-17 22:24:58,15.12700000000001,52.08740158081055,13.162250153034927,956.86,0.0
60.0,-123.5,2026-09-17 22:24:58,14.673000000000002,55.21240158081055,14.044250153034925,955.48,0.0
60.0,-123.0,2026-09-17 22:24:58,15.265000000000043,54.96240158081055,12.100250153034926,964.15,0.0075
60.0,-122.5,2026-09-17 22:24:58,15.123000000000047,55.71240158081055,12.064250153034926,963.08,0.0
60.0,-122.0,2026-09-17 22:24:58,15.217000000000041,55.68740158081055,13.198250153034925,958.26,0.0
60.0,-121.5,2026-09-17 22:24:58,14.640000000000043,58.21240158081055,11.776250153034926,949.33,0.023
60.0,-121.0,2026-09-17 22:24:58,13.813000000000045,61.48740158081055,12.154250153034926,936.02,0.0535
60.0,-120.5,2026-09-17 22:24:58,14.779000000000053,61.26240158081055,11.290250153034927,947.22,0.0155
60.0,-120.0,2026-09-17 22:24:58,15.188000000000045,58.93326950073242,7.869648013472558,956.44,0.0155
60.0,-119.5,2026-09-17 22:24:58,13.573000000000036,66.60826950073242,8.373648013472557,946.06,0.0915
60.0,-119.0,2026-09-17 22:24:58,12.793000000000006,71.43326950073242,10.299648013472558,940.94,0.099
60.0,-118.5,2026-09-17 22:24:58,13.173000000000002,72.78326950073243,6.753648013472557,943.66,0.1375
60.0,-118.0,2026-09-17 22:24:58,12.382000000000005,71.60826950073242,6.087648013472557,934.0,0.267
60.0,-117.5,2026-09-17 22:24:58,12.986000000000047,70.55826950073242,6.231648013472557,927.0,0.4655
60.0,-117.0,2026-09-17 22:24:58,14.137,70.63326950073242,3.5316480134725574,975.6,0.28250000000000003
60.0,-116.5,2026-09-17 22:24:58,14.38900000000001,68.15826950073243,2.631648013472557,976.36,0.244
60.0,-116.0,2026-09-17 22:24:58,13.767000000000053,70.33326950073243,6.105648013472557,977.53,0.168
60.0,-115.5,2026-09-17 22:24:58,13.652000000000044,69.15826950073243,9.201648013472559,977.14,0.29
60.0,-115.0,2026-09-17 22:24:58,13.341000000000008,69.88326950073242,14.619648013472558,974.74,0.1985
60.0,-114.5,2026-09-17 22:24:58,13.66900000000004,68.55826950073242,11.433648013472556,977.0,0.0765
60.0,-114.0,2026-09-17 22:24:58,14.104000000000042,65.70826950073243,10.875648013472558,975.83,0.0915
60.0,-113.5,2026-09-17 22:24:58,14.331000000000017,66.18326950073242,9.255648013472557,977.89,0.2135
60.0,-113.0,2026-09-17 22:24:58,14.565000000000055,59.80826950073242,8.139648013472558,982.03,0.20600000000000002
60.0,-112.5,2026-09-17 22:24:58,13.539000000000044,67.90826950073243,6.483648013472558,982.11,0.0685
60.0,-112.0,2026-09-17 22:24:58,13.289000000000044,67.53326950073243,9.291648013472559,987.86,0.0155
60.0,-111.5,2026-09-17 22:24:58,12.769000000000005,62.483269500732426,10.677648013472558,984.83,0.038
60.0,-111.0,2026-09-17 22:24:58,12.134000000000015,66.45826950073243,12.135648013472558,980.25,0.099
60.0,-110.5,2026-09-17 22:24:58,9.876000000000033,77.70826950073243,13.053648013472557,975.26,0.107
60.0,-110.0,2026-09-17 22:24:58,10.007000000000005,73.82712936401367,13.578304793536663,971.85,0.099
60.0,-109.5,2026-09-17 22:24:58,9.841000000000008,72.55212936401368,19.878304793536664,969.31,0.023
60.0,-109.0,2026-09-17 22:24:58,7.567000000000007,78.00212936401368,13.164304793536663,964.37,0.0305
60.0,-108.5,2026-09-17 22:24:58,6.88900000000001,74.17712936401368,13.812304793536663,961.9,0.0305
60.0,-108.0,2026-09-17 22:24:58,7.7690000000000055,68.67712936401368,16.188304793536663,961.66,0.0
60.0,-107.5,2026-09-17 22:24:58,7.353000000000009,66.05212936401368,16.008304793536666,960.16,0.0155
60.0,-107.0,2026-09-17 22:24:58,6.932000000000016,69.52712936401367,21.336304793536662,957.28,0.084
60.0,-106.5,2026-09-17 22:24:58,6.812000000000012,70.50212936401367,18.582304793536665,960.8,0.0075
60.0,-106.0,2026-09-17 22:24:58,7.484000000000037,67.85212936401368,19.950304793536663,963.31,0.0535
60.0,-105.5,2026-09-17 22:24:58,7.524000000000001,69.65212936401367,19.050304793536665,963.69,0.107
60.0,-105.0,2026-09-17 22:24:58,6.9010000000000105,70.07712936401367,18.870304793536665,965.96,0.023
60.0,-104.5,2026-09-17 22:24:58,8.104000000000042,65.87712936401367,25.296304793536667,972.6,0.1375
60.0,-104.0,2026-09-17 22:24:58,7.636000000000024,68.32712936401367,20.148304793536663,971.1,0.41200000000000003
60.0,-103.5,2026-09-17 22:24:58,7.217000000000041,68.55212936401368,20.00430479353666,969.76,0.046
60.0,-103.0,2026-09-17 22:24:58,7.209000000000003,62.97712936401368,19.24830479353666,975.01,0.267
60.0,-102.5,2026-09-17 22:24:58,6.2070000000000505,67.00212936401367,18.186304793536664,974.44,3.563
60.0,-102.0,2026-09-17 22:24:58,6.543000000000006,63.72712936401368,15.432304793536664,981.51,3.5475
60.0,-101.5,2026-09-17 22:24:58,5.520000000000039,64.85212936401368,15.198304793536662,973.91,4.3260000000000005
60.0,-101.0,2026-09-17 22:24:58,5.428000000000054,65.82712936401367,14.676304793536664,975.76,2.8000000000000003
60.0,-100.5,2026-09-17 22:24:58,5.3180000000000405,66.15212936401367,15.378304793536666,983.97,3.3645
60.0,-100.0,2026-09-17 22:24:58,5.511000000000024,68.52712936401367,13.668304793536663,989.87,3.456
60.0,-99.5,2026-09-17 22:24:58,5.146000000000015,63.05212936401367,11.814304793536662,985.98,0.061
60.0,-99.0,2026-09-17 22:24:58,5.4290000000000305,61.45212936401367,12.102304793536662,984.84,2.426
60.0,-98.5,2026-09-17 22:24:58,5.390000000000043,59.527129364013675,11.778304793536664,984.98,0.839
60.0,-98.0,2026-09-17 22:24:58,5.501000000000033,60.152129364013675,13.488304793536663,990.57,0.061
60.0,-97.5,2026-09-17 22:24:58,5.688000000000045,59.10212936401368,13.290304793536663,991.44,0.0535
60.0,-97.0,2026-09-17 22:24:58,5.858000000000004,56.45212936401367,13.290304793536663,995.31,0.0155
60.0,-96.5,2026-09-17 22:24:58,5.668000000000006,53.22712936401368,16.062304793536665,1001.63,0.1905
60.0,-96.0,2026-09-17 22:24:58,6.197000000000003,50.97712936401368,15.522304793536662,1005.5,0.061
60.0,-95.5,2026-09-17 22:24:58,6.096000000000004,55.85212936401368,15.108304793536664,1012.44,0.0075
60.0,-95.0,2026-09-17 22:24:58,6.518000000000029,58.92712936401367,15.918304793536663,1019.69,0.0155
60.0,-77.5,2026-09-17 22:24:58,8.527000000000044,72.17279663085938,22.454255240142345,1012.77,2.1285
60.0,-77.0,2026-09-17 22:24:58,8.847000000000037,75.44779663085937,19.82625524014235,1008.3,0.969
60.0,-76.5,2026-09-17 22:24:58,8.271000000000015,83.94779663085939,19.430255240142348,998.28,0.427
60.0,-76.0,2026-09-17 22:24:58,7.616000000000042,86.64779663085938,17.918255240142347,1000.48,0.1295
60.0,-75.5,2026-09-17 22:24:58,7.608000000000004,84.89779663085938,23.930255240142348,995.55,0.183
60.0,-75.0,2026-09-17 22:24:58,7.038000000000011,83.52279663085938,25.640255240142345,989.38,0.4045
60.0,-74.5,2026-09-17 22:24:58,6.773000000000025,85.94779663085939,29.87025524014235,987.45,0.4805
60.0,-74.0,2026-09-17 22:24:58,6.760000000000048,85.44779663085939,23.858255240142345,987.42,0.29
60.0,-73.5,2026-09-17 22:24:58,6.498000000000047,83.52279663085938,25.622255240142344,988.09,0.1145
60.0,-73.0,2026-09-17 22:24:58,5.249000000000024,82.59779663085938,24.488255240142347,983.25,0.1525
60.0,-72.5,2026-09-17 22:24:58,6.594000000000051,85.39779663085938,30.788255240142345,990.48,0.061
60.0,-72.0,2026-09-17 22:24:58,6.805000000000007,75.57279663085937,23.534255240142347,991.17,0.122
60.0,-71.5,2026-09-17 22:24:58,6.397000000000048,76.69779663085937,24.686255240142348,981.65,0.427
60.0,-71.0,2026-09-17 22:24:58,6.716000000000008,74.57279663085937,24.686255240142348,990.97,0.3435
60.0,-70.5,2026-09-17 22:24:58,6.597000000000037,71.82279663085937,26.738255240142347,1002.45,0.145
60.0,-70.0,2026-09-17 22:24:58,6.466000000000008,76.24779663085938,30.680255240142348,1013.6,0.0535
60.0,-65.0,2026-09-17 22:24:58,3.3170000000000073,88.14913177490234,32.635754499703644,1005.74,3.54
60.0,-64.5,2026-09-17 22:24:58,1.549000000000035,89.54913177490235,44.04775449970364,970.16,6.424
60.0,-64.0,2026-09-17 22:24:58,3.9150000000000205,79.07413177490236,37.62175449970364,1012.63,3.4330000000000003
60.5,-141.0,2026-09-17 22:24:58,-8.000999999999976,80.01240158081055,3.5862501530349253,765.66,6.1265
60.5,-140.5,2026-09-17 22:24:58,-8.182999999999993,92.33740158081055,0.7782501530349255,783.68,4.4785
60.5,-140.0,2026-09-17 22:24:58,-4.092999999999961,97.91240158081055,2.2542501530349255,806.52,10.811
60.5,-139.5,2026-09-17 22:24:58,-4.854999999999961,89.66240158081055,2.4702501530349257,843.11,6.3475
60.5,-139.0,2026-09-17 22:24:58,-9.989999999999952,79.66240158081055,11.056250153034927,707.17,6.218
60.5,-138.5,2026-09-17 22:24:58,-6.555999999999983,72.96240158081055,1.2282501530349255,790.49,0.618
60.5,-138.0,2026-09-17 22:24:58,3.413000000000011,85.41240158081055,5.206250153034926,846.14,0.0155
60.5,-137.5,2026-09-17 22:24:58,4.098000000000013,83.91240158081055,8.014250153034926,869.27,0.107
60.5,-137.0,2026-09-17 22:24:58,10.259000000000015,59.88740158081055,9.256250153034927,943.88,0.0305
60.5,-136.5,2026-09-17 22:24:58,3.886000000000024,75.61240158081056,13.000250153034925,847.0,0.023
60.5,-136.0,2026-09-17 22:24:58,6.744000000000028,58.86240158081055,9.346250153034926,870.92,0.0
60.5,-135.5,2026-09-17 22:24:58,6.538000000000011,57.81240158081055,12.820250153034927,856.34,0.0305
60.5,-135.0,2026-09-17 22:24:58,10.659000000000049,49.11240158081055,2.6322501530349256,896.13,0.023
60.5,-134.5,2026-09-17 22:24:58,10.955000000000041,53.96240158081055,3.964250153034926,927.11,0.0075
60.5,-134.0,2026-09-17 22:24:58,8.373000000000047,54.26240158081055,9.058250153034926,887.2,0.0
60.5,-133.5,2026-09-17 22:24:58,10.882000000000005,51.01240158081055,6.4842501530349255,909.0,0.0075
60.5,-133.0,2026-09-17 22:24:58,6.223000000000013,59.58740158081055,12.496250153034927,856.22,0.107
60.5,-132.5,2026-09-17 22:24:58,9.142000000000053,61.71240158081055,6.088250153034926,896.82,0.0305
60.5,-132.0,2026-09-17 22:24:58,5.374000000000024,63.53740158081055,16.780250153034924,840.01,0.023
60.5,-131.5,2026-09-17 22:24:58,5.222000000000037,69.51240158081055,17.194250153034925,840.48,0.038
60.5,-131.0,2026-09-17 22:24:58,6.365000000000009,61.61240158081055,15.916250153034927,845.63,0.0765
60.5,-130.5,2026-09-17 22:24:58,8.190000000000055,51.71240158081055,15.484250153034926,854.86,0.0075
60.5,-130.0,2026-09-17 22:24:58,12.896000000000015,46.33740158081055,4.684250153034926,914.32,0.0
60.5,-129.5,2026-09-17 22:24:58,12.26600000000002,53.78740158081055,6.196250153034925,925.38,0.0
60.5,-129.0,2026-09-17 22:24:58,8.301000000000045,61.83740158081055,11.632250153034926,880.99,0.061
60.5,-128.5,2026-09-17 22:24:58,9.583000000000027,61.01240158081055,13.144250153034925,892.29,0.046
60.5,-128.0,2026-09-17 22:24:58,9.953000000000031,58.36240158081055,13.378250153034926,888.5,0.0305
60.5,-127.5,2026-09-17 22:24:58,12.812000000000012,51.41240158081055,8.806250153034927,918.73,0.0155
60.5,-127.0,2026-09-17 22:24:58,9.614000000000033,60.83740158081055,11.434250153034927,883.09,0.0685
60.5,-126.5,2026-09-17 22:24:58,9.469000000000051,63.21240158081055,12.154250153034926,881.15,0.0535
60.5,-126.0,2026-09-17 22:24:58,12.609000000000037,57.26240158081055,10.534250153034927,919.24,0.0075
60.5,-125.5,2026-09-17 22:24:58,12.242000000000019,61.01240158081055,9.922250153034925,921.12,0.046
60.5,-125.0,2026-09-17 22:24:58,11.923000000000002,60.71240158081055,9.580250153034926,914.59,0.0075
60.5,-124.5,2026-09-17 22:24:58,8.227000000000032,70.73740158081056,22.05425015303493,862.87,0.0535
60.5,-124.0,2026-09-17 22:24:58,15.442000000000007,61.21240158081055,1.6242501530349254,954.79,0.0075
60.5,-123.5,2026-09-17 22:24:58,12.324000000000012,74.63326950073242,2.0916480134725575,983.35,0.0685
60.5,-123.0,2026-09-17 22:24:58,12.983000000000004,68.65826950073243,3.3876480134725573,957.3,0.0155
60.5,-122.5,2026-09-17 22:24:58,14.121000000000038,66.33326950073243,7.473648013472556,948.13,0.0075
60.5,-122.0,2026-09-17 22:24:58,13.411000000000001,66.23326950073242,7.815648013472558,937.6,0.0155
60.5,-121.5,2026-09-17 22:24:58,13.710000000000036,70.35826950073242,6.375648013472557,953.07,0.0305
60.5,-121.0,2026-09-17 22:24:58,13.097000000000037,65.65826950073243,7.113648013472557,950.57,0.0155
60.5,-120.5,2026-09-17 22:24:58,12.398000000000025,72.95826950073243,5.853648013472558,941.7,0.023
60.5,-120.0,2026-09-17 22:24:58,12.664000000000044,74.90826950073243,3.099648013472557,936.27,0.023
60.5,-119.5,2026-09-17 22:24:58,13.076000000000022,72.63326950073242,1.2816480134725572,967.04,0.038
60.5,-119.0,2026-09-17 22:24:58,13.374000000000024,72.13326950073242,1.4796480134725571,972.89,0.038
60.5,-118.5,2026-09-17 22:24:58,12.887,72.08326950073243,2.6136480134725573,977.08,0.17550000000000002
60.5,-118.0,2026-09-17 22:24:58,12.611000000000047,73.50826950073242,3.3876480134725573,977.89,0.1525
60.5,-117.5,2026-09-17 22:24:58,10.483000000000004,81.00826950073242,7.4376480134725576,979.26,0.2215
60.5,-117.0,2026-09-17 22:24:58,12.618000000000052,71.73326950073242,7.419648013472558,976.81,0.4425
60.5,-116.5,2026-09-17 22:24:58,13.205000000000041,67.03326950073243,7.905648013472557,978.14,0.252
60.5,-116.0,2026-09-17 22:24:58,13.210000000000036,69.73326950073242,7.923648013472558,982.03,0.267
60.5,-115.5,2026-09-17 22:24:58,13.336000000000013,68.40826950073243,9.993648013472557,980.27,0.3355
60.5,-115.0,2026-09-17 22:24:58,13.245000000000005,72.53326950073243,10.947648013472557,979.71,0.305
60.5,-114.5,2026-09-17 22:24:58,13.271000000000015,72.83326950073243,11.325648013472557,979.35,0.229
60.5,-114.0,2026-09-17 22:24:58,13.946000000000026,70.20826950073243,11.289648013472556,984.56,0.313
60.5,-113.5,2026-09-17 22:24:58,14.479000000000042,68.38326950073242,10.011648013472557,988.35,0.3965
60.5,-113.0,2026-09-17 22:24:58,14.620000000000005,63.858269500732426,8.337648013472558,990.02,0.1525
60.5,-112.5,2026-09-17 22:24:58,12.612000000000023,69.50826950073242,10.767648013472558,990.6,0.084
60.5,-112.0,2026-09-17 22:24:58,12.295000000000016,65.95826950073243,9.867648013472557,988.39,0.084
60.5,-111.5,2026-09-17 22:24:58,11.66700000000003,66.63326950073242,10.569648013472557,982.68,0.099
60.5,-111.0,2026-09-17 22:24:58,10.498000000000047,72.70826950073243,14.583648013472558,977.73,0.1905
60.5,-110.5,2026-09-17 22:24:58,9.592000000000041,77.68326950073242,9.993648013472557,975.82,0.107
60.5,-110.0,2026-09-17 22:24:58,9.161000000000001,79.60826950073243,13.197648013472557,969.78,0.046
60.5,-109.5,2026-09-17 22:24:58,7.65300000000002,82.28326950073243,13.773648013472558,970.56,0.023
60.5,-109.0,2026-09-17 22:24:58,7.355000000000018,74.28326950073243,15.573648013472557,964.52,0.023
60.5,-108.5,2026-09-17 22:24:58,6.614000000000033,74.55826950073242,17.481648013472558,959.69,0.0075
60.5,-108.0,2026-09-17 22:24:58,6.600000000000023,76.43326950073242,22.539648013472558,955.96,0.0075
60.5,-107.5,2026-09-17 22:24:58,6.626000000000033,77.65826950073243,26.44564801347256,957.15,0.0
60.5,-107.0,2026-09-17 22:24:58,6.662000000000035,75.53326950073243,25.185648013472555,956.71,0.0075
60.5,-106.5,2026-09-17 22:24:58,7.279000000000053,71.78326950073243,24.24964801347256,962.0,0.0075
60.5,-106.0,2026-09-17 22:24:58,7.638000000000034,72.30826950073242,22.827648013472558,963.88,0.0
60.5,-105.5,2026-09-17 22:24:58,7.44500000000005,70.20826950073243,24.30364801347256,964.29,0.2135
60.5,-105.0,2026-09-17 22:24:58,7.091000000000008,72.00826950073242,24.951648013472557,962.75,0.2975
60.5,-104.5,2026-09-17 22:24:58,8.122000000000014,66.73326950073242,25.149648013472557,973.76,0.1145
60.5,-104.0,2026-09-17 22:24:58,8.124000000000024,63.858269500732426,22.341648013472557,975.34,0.023
60.5,-103.5,2026-09-17 22:24:58,7.721000000000004,64.65826950073243,20.685648013472555,974.71,3.1205000000000003
60.5,-103.0,2026-09-17 22:24:58,7.104000000000042,67.08326950073243,20.091648013472557,976.69,3.6470000000000002
60.5,-102.5,2026-09-17 22:24:58,6.920000000000016,63.83326950073243,18.489648013472557,979.72,2.7845
60.5,-102.0,2026-09-17 22:24:58,6.404000000000053,62.53326950073242,18.435648013472555,980.39,0.885
60.5,-101.5,2026-09-17 22:24:58,4.291000000000054,72.19779663085937,14.012255240142345,973.7,0.6945
60.5,-101.0,2026-09-17 22:24:58,4.287000000000035,66.87279663085938,11.960255240142345,978.31,0.046
60.5,-100.5,2026-09-17 22:24:58,4.303000000000054,68.22279663085938,11.024255240142347,982.2,0.0
60.5,-100.0,2026-09-17 22:24:58,3.671000000000049,66.39779663085938,14.570255240142345,983.41,0.0155
60.5,-99.5,2026-09-17 22:24:58,4.16900000000004,69.82279663085937,14.480255240142347,990.12,1.1065
60.5,-99.0,2026-09-17 22:24:58,4.184000000000026,62.272796630859375,12.806255240142345,985.14,1.625
60.5,-98.5,2026-09-17 22:24:58,4.650000000000034,58.79779663085938,12.302255240142346,988.32,0.427
60.5,-98.0,2026-09-17 22:24:58,5.246000000000038,61.57279663085938,10.916255240142346,998.62,0.8240000000000001
60.5,-97.5,2026-09-17 22:24:58,5.337000000000046,61.34779663085938,13.148255240142346,1003.89,0.0075
60.5,-97.0,2026-09-17 22:24:58,5.257000000000005,55.647796630859375,14.624255240142347,1002.3,0.0
60.5,-96.5,2026-09-17 22:24:58,5.310000000000002,55.04779663085938,14.264255240142345,1006.98,0.0685
60.5,-96.0,2026-09-17 22:24:58,5.484000000000037,59.92279663085938,13.724255240142346,1007.54,0.0
60.5,-95.5,2026-09-17 22:24:58,4.999000000000024,63.997796630859376,12.428255240142345,1014.19,0.0
60.5,-95.0,2026-09-17 22:24:58,5.2660000000000196,58.022796630859375,14.570255240142345,1019.3,0.0075
60.5,-94.5,2026-09-17 22:24:58,4.555000000000007,59.92279663085938,19.574255240142346,1023.65,0.0
60.5,-77.5,2026-09-17 22:24:58,8.309000000000026,75.69779663085937,22.598255240142347,1009.53,1.114
60.5,-77.0,2026-09-17 22:24:58,8.337000000000046,79.29779663085938,20.834255240142344,1000.19,0.168
60.5,-76.5,2026-09-17 22:24:58,8.510000000000048,77.97279663085938,25.820255240142348,1000.64,0.099
60.5,-76.0,2026-09-17 22:24:58,7.928000000000054,82.27279663085938,20.312255240142346,991.93,0.1295
60.5,-75.5,2026-09-17 22:24:58,7.238000000000056,83.04779663085938,22.202255240142346,983.77,0.23650000000000002
60.5,-75.0,2026-09-17 22:24:58,6.9500000000000455,87.22279663085938,23.58825524014235,982.83,0.328
60.5,-74.5,2026-09-17 22:24:58,4.930000000000007,88.57279663085939,20.150255240142346,975.85,0.3815
60.5,-74.0,2026-09-17 22:24:58,4.565000000000055,95.52279663085938,23.192255240142348,975.72,0.2135
60.5,-73.5,2026-09-17 22:24:58,5.236000000000047,88.72279663085938,33.63225524014235,980.34,0.595
60.5,-73.0,2026-09-17 22:24:58,3.6890000000000214,95.72279663085938,28.196255240142346,971.55,0.641
60.5,-72.5,2026-09-17 22:24:58,4.034000000000049,92.72279663085938,21.860255240142347,972.86,0.4885
60.5,-72.0,2026-09-17 22:24:58,4.456000000000017,85.74779663085938,18.476255240142347,975.45,0.2135
60.5,-71.5,2026-09-17 22:24:58,4.580000000000041,85.47279663085938,20.960255240142345,976.44,0.023
60.5,-71.0,2026-09-17 22:24:58,4.815000000000055,81.04779663085938,21.014255240142344,978.67,0.0685
60.5,-70.5,2026-09-17 22:24:58,5.801000000000045,75.92279663085938,22.580255240142346,987.39,0.038
60.5,-70.0,2026-09-17 22:24:58,6.893000000000029,71.77279663085938,27.926255240142346,994.04,0.023
60.5,-68.0,2026-09-17 22:24:58,6.775000000000034,84.77279663085938,27.98025524014235,992.18,0.9460000000000001
60.5,-65.0,2026-09-17 22:24:58,2.809000000000026,87.87279663085938,31.400255240142343,1012.73,2.434
60.5,-64.5,2026-09-17 22:24:58,2.879000000000019,85.59779663085938,39.59025524014235,1012.15,2.571
61.0,-141.0,2026-09-17 22:24:58,-1.8409999999999513,85.51240158081055,1.2462501530349255,805.52,5.203
61.0,-140.5,2026-09-17 22:24:58,-12.319999999999993,84.21240158081055,11.344250153034926,633.69,8.6595
61.0,-140.0,2026-09-17 22:24:58,-15.256999999999948,85.03740158081055,6.340250153034925,666.15,7.515000000000001
61.0,-139.5,2026-09-17 22:24:58,-10.134999999999991,80.43740158081056,2.3262501530349255,740.4,0.3585
61.0,-139.0,2026-09-17 22:24:58,-3.683999999999969,78.81240158081056,3.6762501530349256,776.55,0.0
61.0,-138.5,2026-09-17 22:24:58,7.856000000000051,49.78740158081055,2.3442501530349253,911.98,0.0
61.0,-138.0,2026-09-17 22:24:58,5.234000000000037,68.31240158081054,5.764250153034926,867.04,0.0
61.0,-137.5,2026-09-17 22:24:58,4.758000000000038,72.06240158081054,7.240250153034927,843.37,0.0
61.0,-137.0,2026-09-17 22:24:58,8.471000000000004,54.93740158081055,5.998250153034926,904.18,0.0
61.0,-136.5,2026-09-17 22:24:58,10.793000000000006,50.16240158081055,6.952250153034926,919.99,0.0
61.0,-136.0,2026-09-17 22:24:58,7.646000000000015,54.86240158081055,7.636250153034926,883.46,0.0
61.0,-135.5,2026-09-17 22:24:58,5.310000000000002,64.21240158081055,8.068250153034926,860.43,0.0
61.0,-135.0,2026-09-17 22:24:58,10.657000000000039,50.08740158081055,7.7262501530349255,928.23,0.0075
61.0,-134.5,2026-09-17 22:24:58,11.010000000000048,43.86240158081055,4.522250153034926,909.27,0.0
61.0,-134.0,2026-09-17 22:24:58,9.232000000000028,46.38740158081055,2.848250153034926,893.53,0.0765
61.0,-133.5,2026-09-17 22:24:58,7.018000000000029,52.03740158081055,10.714250153034927,854.97,0.107
61.0,-133.0,2026-09-17 22:24:58,10.765000000000043,57.33740158081055,3.0102501530349257,923.75,0.1525
61.0,-132.5,2026-09-17 22:24:58,8.051000000000045,58.63740158081055,12.046250153034926,878.63,0.038
61.0,-132.0,2026-09-17 22:24:58,10.605000000000018,52.63740158081055,11.344250153034926,899.14,0.023
61.0,-131.5,2026-09-17 22:24:58,8.597000000000037,54.31240158081055,14.566250153034927,877.92,0.0155
61.0,-131.0,2026-09-17 22:24:58,8.354000000000042,62.76240158081055,12.388250153034926,877.15,0.0685
61.0,-130.5,2026-09-17 22:24:58,5.503000000000043,67.01240158081055,13.774250153034926,847.65,1.0755000000000001
61.0,-130.0,2026-09-17 22:24:58,8.130000000000052,65.18740158081054,11.200250153034926,871.49,0.5645
61.0,-129.5,2026-09-17 22:24:58,10.423000000000002,62.43740158081055,6.4842501530349255,897.95,0.023
61.0,-129.0,2026-09-17 22:24:58,8.94500000000005,69.76240158081055,7.582250153034925,895.68,0.122
61.0,-128.5,2026-09-17 22:24:58,11.75200000000001,61.53740158081055,6.682250153034926,910.39,0.41200000000000003
61.0,-128.0,2026-09-17 22:24:58,5.228000000000009,78.78740158081055,16.402250153034927,832.68,1.8920000000000001
61.0,-127.5,2026-09-17 22:24:58,12.105000000000018,61.18740158081055,12.820250153034927,909.67,0.107
61.0,-127.0,2026-09-17 22:24:58,8.842000000000041,68.33740158081055,15.970250153034925,868.83,0.099
61.0,-126.5,2026-09-17 22:24:58,9.118000000000052,65.96240158081055,21.496250153034925,865.39,0.023
61.0,-126.0,2026-09-17 22:24:58,13.018000000000029,54.01240158081055,14.638250153034926,909.54,0.0
61.0,-125.5,2026-09-17 22:24:58,12.598000000000013,56.36240158081055,14.044250153034925,907.04,0.0
61.0,-125.0,2026-09-17 22:24:58,13.097000000000037,54.98740158081055,12.190250153034926,910.9,0.0
61.0,-124.5,2026-09-17 22:24:58,8.420000000000016,61.93740158081055,21.766250153034928,847.09,0.0075
61.0,-124.0,2026-09-17 22:24:58,14.137,56.98740158081055,4.684250153034926,926.69,0.0
61.0,-123.5,2026-09-17 22:24:58,10.504000000000019,79.98326950073243,2.0916480134725575,989.38,0.0155
61.0,-123.0,2026-09-17 22:24:58,9.822000000000003,81.48326950073243,1.0116480134725572,988.63,0.0
61.0,-122.5,2026-09-17 22:24:58,11.071000000000026,81.05826950073242,2.9556480134725573,962.36,0.0075
61.0,-122.0,2026-09-17 22:24:58,11.675000000000011,78.95826950073243,3.855648013472557,957.34,0.0
61.0,-121.5,2026-09-17 22:24:58,12.77600000000001,74.15826950073243,2.4876480134725574,952.04,0.0075
61.0,-121.0,2026-09-17 22:24:58,12.161000000000001,73.85826950073242,1.9656480134725571,961.5,0.0075
61.0,-120.5,2026-09-17 22:24:58,11.446000000000026,76.35826950073242,1.7676480134725572,974.21,0.0075
61.0,-120.0,2026-09-17 22:24:58,11.373000000000047,75.88326950073242,0.7056480134725571,976.86,0.046
61.0,-119.5,2026-09-17 22:24:58,11.640000000000043,72.50826950073242,0.8136480134725571,977.63,0.0535
61.0,-119.0,2026-09-17 22:24:58,11.172000000000025,75.68326950073242,1.803648013472557,979.34,0.17550000000000002
61.0,-118.5,2026-09-17 22:24:58,11.17100000000005,75.65826950073243,2.8476480134725572,976.08,0.28250000000000003
61.0,-118.0,2026-09-17 22:24:58,11.814000000000021,72.08326950073243,5.475648013472558,984.81,0.435
61.0,-117.5,2026-09-17 22:24:58,11.090000000000032,77.88326950073242,9.633648013472557,981.62,0.28250000000000003
61.0,-117.0,2026-09-17 22:24:58,12.214000000000055,69.43326950073242,6.627648013472557,991.43,0.3585
61.0,-116.5,2026-09-17 22:24:58,12.189000000000021,70.45826950073243,13.611648013472557,992.94,0.3585
61.0,-116.0,2026-09-17 22:24:58,10.875000000000057,80.53326950073243,22.341648013472557,993.17,0.5875
61.0,-115.5,2026-09-17 22:24:58,11.057000000000016,83.50826950073242,26.15764801347256,992.47,0.534
61.0,-115.0,2026-09-17 22:24:58,11.456000000000017,80.43326950073242,26.859648013472558,992.19,0.4425
61.0,-114.5,2026-09-17 22:24:58,11.664000000000044,81.35826950073243,28.87564801347256,991.93,0.5265
61.0,-114.0,2026-09-17 22:24:58,11.708000000000027,86.33326950073243,29.001648013472554,991.62,0.511
61.0,-113.5,2026-09-17 22:24:58,12.757000000000005,74.60826950073242,9.867648013472557,990.9,0.45
61.0,-113.0,2026-09-17 22:24:58,13.085000000000036,71.60826950073242,9.111648013472557,990.46,0.252
61.0,-112.5,2026-09-17 22:24:58,12.285000000000025,67.98326950073242,10.281648013472557,990.57,0.16
61.0,-112.0,2026-09-17 22:24:58,11.333000000000027,68.63326950073242,16.725648013472558,987.39,0.122
61.0,-111.5,2026-09-17 22:24:58,10.918000000000006,62.43326950073242,18.63364801347256,977.78,0.1985
61.0,-111.0,2026-09-17 22:24:58,8.19300000000004,81.28326950073243,15.051648013472558,974.79,0.267
61.0,-110.5,2026-09-17 22:24:58,8.782000000000039,82.60826950073243,24.285648013472557,971.17,0.17550000000000002
61.0,-110.0,2026-09-17 22:24:58,7.307000000000016,88.53326950073243,19.56964801347256,971.09,0.0075
61.0,-109.5,2026-09-17 22:24:58,6.157000000000039,80.85826950073243,13.755648013472557,963.22,0.0
61.0,-109.0,2026-09-17 22:24:58,5.942000000000007,80.45826950073243,14.187648013472558,961.14,0.0
61.0,-108.5,2026-09-17 22:24:58,5.631000000000029,83.10826950073243,22.827648013472558,957.53,0.0
61.0,-108.0,2026-09-17 22:24:58,6.7620000000000005,76.10826950073242,24.591648013472557,959.51,0.0
61.0,-107.5,2026-09-17 22:24:58,6.652000000000044,73.90826950073243,22.539648013472558,961.55,0.0
61.0,-107.0,2026-09-17 22:24:58,6.177000000000021,74.70826950073243,24.42964801347256,960.73,0.252
61.0,-106.5,2026-09-17 22:24:58,7.216000000000008,73.78326950073243,24.24964801347256,963.72,0.0765
61.0,-106.0,2026-09-17 22:24:58,7.503000000000043,71.43326950073242,23.99764801347256,964.43,0.847
61.0,-105.5,2026-09-17 22:24:58,7.645000000000039,70.70826950073243,23.007648013472558,969.16,0.023
61.0,-105.0,2026-09-17 22:24:58,7.650000000000034,71.48326950073242,28.623648013472557,971.9,1.793
61.0,-104.5,2026-09-17 22:24:58,7.633000000000038,69.55826950073242,26.24764801347256,974.53,1.457
61.0,-104.0,2026-09-17 22:24:58,7.097000000000037,66.88326950073242,21.963648013472557,973.85,0.5415
61.0,-103.5,2026-09-17 22:24:58,6.6510000000000105,68.90826950073243,21.297648013472557,973.61,0.252
61.0,-103.0,2026-09-17 22:24:58,6.04200000000003,69.38326950073242,21.33364801347256,970.14,0.0535
61.0,-102.5,2026-09-17 22:24:58,6.2760000000000105,63.983269500732426,20.14564801347256,973.94,0.0075
61.0,-102.0,2026-09-17 22:24:58,5.892000000000053,63.70826950073243,22.017648013472556,974.18,0.061
61.0,-101.5,2026-09-17 22:24:58,3.9600000000000364,74.54779663085938,19.016255240142346,985.12,0.0
61.0,-101.0,2026-09-17 22:24:58,3.900000000000034,67.27279663085938,16.334255240142344,980.14,0.16
61.0,-100.5,2026-09-17 22:24:58,4.090000000000032,67.99779663085938,13.256255240142345,981.66,0.17550000000000002
61.0,-100.0,2026-09-17 22:24:58,4.073000000000036,62.397796630859375,11.294255240142345,981.5,1.686
61.0,-99.5,2026-09-17 22:24:58,4.094000000000051,64.57279663085937,10.106255240142346,986.83,2.823
61.0,-99.0,2026-09-17 22:24:58,4.0610000000000355,54.07279663085938,12.734255240142346,982.73,0.6945
61.0,-98.5,2026-09-17 22:24:58,4.298000000000002,62.82279663085938,13.058255240142346,990.48,1.32
61.0,-98.0,2026-09-17 22:24:58,5.029000000000053,53.872796630859376,11.024255240142347,997.11,0.0305
61.0,-97.5,2026-09-17 22:24:58,4.592000000000041,60.19779663085938,15.542255240142346,997.43,0.0305
61.0,-97.0,2026-09-17 22:24:58,4.949000000000012,59.59779663085938,15.578255240142346,1002.2,0.20600000000000002
61.0,-96.5,2026-09-17 22:24:58,5.087000000000046,56.747796630859376,15.740255240142345,1002.45,0.0075
61.0,-96.0,2026-09-17 22:24:58,4.629000000000019,62.57279663085938,13.616255240142346,1003.59,0.0
61.0,-95.5,2026-09-17 22:24:58,4.962000000000046,55.19779663085938,12.824255240142346,1007.27,0.0685
61.0,-95.0,2026-09-17 22:24:58,4.968000000000018,56.59779663085938,13.436255240142346,1016.95,0.0305
61.0,-94.5,2026-09-17 22:24:58,4.826000000000022,57.04779663085938,16.712255240142348,1020.16,0.107
61.0,-94.0,2026-09-17 22:24:58,4.02800000000002,64.82279663085937,21.968255240142348,1022.91,0.435
61.0,-78.0,2026-09-17 22:24:58,7.322000000000003,77.37279663085938,21.914255240142346,1011.98,0.267
61.0,-77.5,2026-09-17 22:24:58,6.170000000000016,77.62279663085938,20.546255240142344,980.95,0.389
61.0,-77.0,2026-09-17 22:24:58,7.795000000000016,71.04779663085938,16.352255240142345,994.59,0.16
61.0,-76.5,2026-09-17 22:24:58,4.739000000000033,89.17279663085938,12.572255240142345,985.61,2.098
61.0,-76.0,2026-09-17 22:24:58,3.3000000000000114,96.49779663085938,15.668255240142347,981.52,2.983
61.0,-75.5,2026-09-17 22:24:58,4.272000000000048,92.72279663085938,19.862255240142346,976.13,0.389
61.0,-75.0,2026-09-17 22:24:58,4.3840000000000146,90.62279663085938,20.168255240142347,969.96,0.35100000000000003
61.0,-74.5,2026-09-17 22:24:58,3.5470000000000255,91.79779663085938,19.808255240142344,963.07,0.2745
61.0,-74.0,2026-09-17 22:24:58,4.490000000000009,86.82279663085939,32.768255240142345,963.72,0.2215
61.0,-73.5,2026-09-17 22:24:58,2.9290000000000305,94.52279663085938,21.788255240142348,958.88,0.313
61.0,-73.0,2026-09-17 22:24:58,2.7130000000000223,94.17279663085938,22.868255240142346,952.18,0.4885
61.0,-72.5,2026-09-17 22:24:58,4.485000000000014,78.22279663085938,23.786255240142346,964.2,0.1905
61.0,-72.0,2026-09-17 22:24:58,3.622000000000014,81.17279663085938,27.206255240142347,952.75,0.1905
61.0,-71.5,2026-09-17 22:24:58,4.770000000000039,77.87279663085938,30.392255240142347,962.7,0.0765
61.0,-71.0,2026-09-17 22:24:58,5.5680000000000405,73.87279663085938,28.736255240142345,972.85,0.1905
61.0,-70.5,2026-09-17 22:24:58,6.242000000000019,74.37279663085938,26.432255240142347,983.37,0.183
61.0,-70.0,2026-09-17 22:24:58,7.124000000000024,70.17279663085938,26.432255240142347,1004.92,0.023
61.0,-69.5,2026-09-17 22:24:58,7.490000000000009,66.94779663085937,19.448255240142345,1005.28,0.0
61.5,-141.0,2026-09-17 22:24:58,-10.190999999999974,92.08740158081055,4.756250153034926,740.79,2.884
61.5,-140.5,2026-09-17 22:24:58,5.050000000000011,59.78740158081055,5.764250153034926,845.58,0.168
61.5,-140.0,2026-09-17 22:24:58,4.990000000000009,61.81240158081055,5.872250153034926,843.04,0.0
61.5,-139.5,2026-09-17 22:24:58,5.706000000000017,73.13740158081055,5.134250153034926,870.43,0.023
61.5,-139.0,2026-09-17 22:24:58,8.166000000000054,56.93740158081055,6.160250153034926,905.38,0.35100000000000003
61.5,-138.5,2026-09-17 22:24:58,7.159000000000049,58.18740158081055,5.134250153034926,875.62,0.366
61.5,-138.0,2026-09-17 22:24:58,5.685000000000002,47.56240158081055,3.874250153034925,832.32,0.0535
61.5,-137.5,2026-09-17 22:24:58,7.395000000000039,50.66240158081055,2.956250153034926,868.89,0.2745
61.5,-137.0,2026-09-17 22:24:58,7.510000000000048,62.71240158081055,6.196250153034925,873.71,1.2205
61.5,-136.5,2026-09-17 22:24:58,9.907000000000039,55.73740158081055,4.972250153034926,894.0,0.17550000000000002
61.5,-136.0,2026-09-17 22:24:58,10.622000000000014,54.53740158081055,1.3722501530349254,911.5,0.0685
61.5,-135.5,2026-09-17 22:24:58,11.010000000000048,49.23740158081055,2.0382501530349257,922.25,0.0
61.5,-135.0,2026-09-17 22:24:58,9.090000000000032,62.23740158081055,2.992250153034926,910.72,0.0685
61.5,-134.5,2026-09-17 22:24:58,9.512,54.73740158081055,4.522250153034926,912.05,0.0685
61.5,-134.0,2026-09-17 22:24:58,7.111000000000047,61.41240158081055,8.590250153034926,875.1,0.2215
61.5,-133.5,2026-09-17 22:24:58,8.758000000000038,59.73740158081055,7.330250153034926,897.78,0.1295
61.5,-133.0,2026-09-17 22:24:58,7.084000000000003,61.78740158081055,8.680250153034926,860.57,0.47300000000000003
61.5,-132.5,2026-09-17 22:24:58,7.898000000000025,65.33740158081055,6.376250153034926,864.41,0.5720000000000001
61.5,-132.0,2026-09-17 22:24:58,6.6860000000000355,68.61240158081056,7.420250153034925,852.46,0.1145
61.5,-131.5,2026-09-17 22:24:58,8.716000000000008,60.08740158081055,2.3442501530349253,890.9,0.038
61.5,-131.0,2026-09-17 22:24:58,4.004000000000019,87.66240158081055,9.436250153034926,855.67,0.1525
61.5,-130.5,2026-09-17 22:24:58,3.805000000000007,86.26240158081055,12.478250153034926,857.68,0.717
61.5,-130.0,2026-09-17 22:24:58,5.984000000000037,81.76240158081055,12.136250153034926,871.66,2.5865
61.5,-129.5,2026-09-17 22:24:58,6.967000000000041,87.43740158081056,4.252250153034925,910.24,2.037
61.5,-129.0,2026-09-17 22:24:58,2.024000000000001,96.63740158081055,10.822250153034926,839.25,7.2175
61.5,-128.5,2026-09-17 22:24:58,2.32000000000005,91.81240158081056,12.676250153034927,827.07,11.0015
61.5,-128.0,2026-09-17 22:24:58,6.858000000000004,83.51240158081055,7.7262501530349255,878.24,9.453
61.5,-127.5,2026-09-17 22:24:58,2.5160000000000196,88.83740158081055,13.720250153034925,815.16,3.258
61.5,-127.0,2026-09-17 22:24:58,9.236000000000047,72.76240158081055,14.476250153034925,888.37,0.023
61.5,-126.5,2026-09-17 22:24:58,8.90500000000003,78.06240158081056,8.104250153034926,879.82,0.0
61.5,-126.0,2026-09-17 22:24:58,13.190000000000055,58.13740158081055,6.664250153034926,932.5,0.0
61.5,-125.5,2026-09-17 22:24:58,13.759000000000015,55.11240158081055,6.538250153034926,933.71,0.0
61.5,-125.0,2026-09-17 22:24:58,9.754000000000019,66.13740158081055,8.518250153034927,887.57,0.0
61.5,-124.5,2026-09-17 22:24:58,9.150000000000034,61.56240158081055,16.52825015303493,855.09,0.0
61.5,-124.0,2026-09-17 22:24:58,14.258000000000038,63.36240158081055,2.6862501530349254,915.93,0.168
61.5,-123.5,2026-09-17 22:24:58,11.836000000000013,74.35826950073242,2.811648013472557,939.82,0.0
61.5,-123.0,2026-09-17 22:24:58,12.18300000000005,75.83326950073243,3.6576480134725573,967.56,0.0075
61.5,-122.5,2026-09-17 22:24:58,9.738000000000056,79.80826950073242,2.289648013472557,975.35,0.023
61.5,-122.0,2026-09-17 22:24:58,10.862000000000023,75.90826950073243,2.235648013472557,983.79,0.0155
61.5,-121.5,2026-09-17 22:24:58,10.269000000000005,75.53326950073243,1.4436480134725571,988.85,0.038
61.5,-121.0,2026-09-17 22:24:58,10.053000000000054,79.70826950073243,2.0556480134725574,989.01,0.0535
61.5,-120.5,2026-09-17 22:24:58,10.467000000000041,77.05826950073242,2.631648013472557,992.67,0.0305
61.5,-120.0,2026-09-17 22:24:58,10.559000000000026,75.65826950073243,3.8016480134725574,986.27,0.107
61.5,-119.5,2026-09-17 22:24:58,11.696000000000026,73.08326950073243,4.485648013472557,985.36,0.29
61.5,-119.0,2026-09-17 22:24:58,11.17900000000003,74.65826950073243,4.917648013472557,986.46,0.28250000000000003
61.5,-118.5,2026-09-17 22:24:58,11.740000000000009,70.80826950073242,5.007648013472557,989.33,0.313
61.5,-118.0,2026-09-17 22:24:58,11.061000000000035,74.48326950073242,6.303648013472557,994.6,0.3815
61.5,-117.5,2026-09-17 22:24:58,11.375000000000057,73.38326950073242,5.151648013472557,992.99,0.6865
61.5,-117.0,2026-09-17 22:24:58,11.067000000000007,75.00826950073242,7.6716480134725575,988.32,0.664
61.5,-116.5,2026-09-17 22:24:58,11.520000000000039,71.60826950073242,11.019648013472558,985.36,0.656
61.5,-116.0,2026-09-17 22:24:58,11.685000000000002,75.03326950073243,16.85164801347256,986.89,0.5645
61.5,-115.5,2026-09-17 22:24:58,11.204000000000008,79.35826950073243,20.757648013472558,991.85,0.374
61.5,-115.0,2026-09-17 22:24:58,10.908000000000015,83.30826950073242,24.30364801347256,991.52,0.641
61.5,-114.5,2026-09-17 22:24:58,10.994000000000028,83.53326950073243,24.105648013472557,991.19,0.7325
61.5,-114.0,2026-09-17 22:24:58,11.303000000000054,83.13326950073242,22.37764801347256,990.51,0.664
61.5,-113.5,2026-09-17 22:24:58,11.999000000000024,84.60826950073243,25.34764801347256,990.31,0.7935
61.5,-113.0,2026-09-17 22:24:58,10.878000000000043,81.35826950073243,19.047648013472557,990.71,0.5415
61.5,-112.5,2026-09-17 22:24:58,10.691000000000031,73.93326950073242,11.541648013472559,988.57,0.328
61.5,-112.0,2026-09-17 22:24:58,8.867000000000019,82.45826950073243,12.999648013472557,985.24,0.435
61.5,-111.5,2026-09-17 22:24:58,8.203000000000031,81.58326950073243,13.287648013472557,979.09,0.5265
61.5,-111.0,2026-09-17 22:24:58,8.122000000000014,79.80826950073242,14.115648013472557,970.93,0.23650000000000002
61.5,-110.5,2026-09-17 22:24:58,7.643000000000029,86.23326950073243,15.447648013472556,967.89,0.0765
61.5,-110.0,2026-09-17 22:24:58,7.0190000000000055,86.40826950073243,21.567648013472557,968.67,0.0
61.5,-109.5,2026-09-17 22:24:58,7.5470000000000255,81.30826950073242,29.091648013472557,972.19,0.0
61.5,-109.0,2026-09-17 22:24:58,6.461000000000013,80.48326950073243,24.879648013472558,965.38,0.0
61.5,-108.5,2026-09-17 22:24:58,5.492000000000019,86.08326950073243,21.81964801347256,962.87,0.061
61.5,-108.0,2026-09-17 22:24:58,5.680000000000007,83.55826950073242,21.33364801347256,966.04,0.1525
61.5,-107.5,2026-09-17 22:24:58,6.197000000000003,76.13326950073242,23.673648013472558,961.51,0.0915
61.5,-107.0,2026-09-17 22:24:58,5.758000000000038,79.65826950073243,21.76564801347256,964.98,0.023
61.5,-106.5,2026-09-17 22:24:58,6.189000000000021,75.93326950073242,22.37764801347256,963.13,0.633
61.5,-106.0,2026-09-17 22:24:58,6.954000000000008,71.88326950073242,23.529648013472556,963.79,0.6105
61.5,-105.5,2026-09-17 22:24:58,7.6410000000000196,72.43326950073242,29.109648013472558,970.75,0.28250000000000003
61.5,-105.0,2026-09-17 22:24:58,7.110000000000014,69.65826950073243,22.57564801347256,969.8,0.061
61.5,-104.5,2026-09-17 22:24:58,7.1580000000000155,67.43326950073242,23.817648013472557,973.37,0.038
61.5,-104.0,2026-09-17 22:24:58,6.829000000000008,68.95826950073243,21.76564801347256,973.27,0.0305
61.5,-103.5,2026-09-17 22:24:58,6.781000000000006,66.05826950073242,20.469648013472558,978.77,0.9005
61.5,-103.0,2026-09-17 22:24:58,6.645000000000039,64.03326950073243,20.61364801347256,978.23,2.594
61.5,-102.5,2026-09-17 22:24:58,6.329000000000008,69.48326950073242,26.73364801347256,977.76,0.252
61.5,-102.0,2026-09-17 22:24:58,5.856000000000051,64.35826950073242,20.25364801347256,976.84,0.28250000000000003
61.5,-101.5,2026-09-17 22:24:58,4.05600000000004,69.97279663085938,17.450255240142347,986.28,0.1905
61.5,-101.0,2026-09-17 22:24:58,3.7690000000000055,65.22279663085938,14.156255240142345,981.72,0.0915
61.5,-100.5,2026-09-17 22:24:58,3.848000000000013,71.29779663085938,14.354255240142345,988.86,12.985
61.5,-100.0,2026-09-17 22:24:58,3.6130000000000564,63.04779663085938,14.354255240142345,986.91,3.2045
61.5,-99.5,2026-09-17 22:24:58,3.712000000000046,61.69779663085938,13.868255240142346,982.19,1.6785
61.5,-99.0,2026-09-17 22:24:58,3.938000000000045,62.022796630859375,14.480255240142347,986.08,0.435
61.5,-98.5,2026-09-17 22:24:58,4.049000000000035,57.97279663085938,15.524255240142347,986.09,1.8385
61.5,-98.0,2026-09-17 22:24:58,4.192000000000007,61.272796630859375,16.532255240142348,988.97,0.7705
61.5,-97.5,2026-09-17 22:24:58,4.955000000000041,63.622796630859376,19.916255240142345,1000.48,0.0075
61.5,-97.0,2026-09-17 22:24:58,4.65500000000003,60.79779663085938,20.636255240142347,1000.62,0.0
61.5,-96.5,2026-09-17 22:24:58,5.3910000000000196,56.747796630859376,16.73025524014235,1001.94,0.0075
61.5,-96.0,2026-09-17 22:24:58,5.26400000000001,55.54779663085938,15.812255240142347,1007.08,0.107
61.5,-95.5,2026-09-17 22:24:58,4.801000000000045,57.29779663085938,15.344255240142347,1010.55,0.084
61.5,-95.0,2026-09-17 22:24:58,4.491000000000042,60.94779663085938,18.998255240142345,1017.02,0.0535
61.5,-94.5,2026-09-17 22:24:58,4.685000000000002,60.82279663085938,17.108255240142345,1017.41,0.038
61.5,-94.0,2026-09-17 22:24:58,5.119000000000028,56.07279663085938,18.242255240142345,1021.24,0.023
61.5,-77.5,2026-09-17 22:24:58,6.753000000000043,70.77279663085938,19.196255240142346,1009.41,1.77
61.5,-77.0,2026-09-17 22:24:58,5.287000000000035,80.79779663085938,14.930255240142346,996.99,4.0895
61.5,-76.5,2026-09-17 22:24:58,4.468000000000018,82.92279663085938,15.200255240142347,984.62,4.425
61.5,-76.0,2026-09-17 22:24:58,4.358000000000004,90.19779663085939,17.162255240142347,968.55,0.763
61.5,-75.5,2026-09-17 22:24:58,1.5170000000000528,96.82279663085939,11.996255240142347,960.43,0.4805
61.5,-75.0,2026-09-17 22:24:58,1.3320000000000505,95.72279663085938,20.528255240142347,952.52,0.641
61.5,-74.5,2026-09-17 22:24:58,2.3460000000000036,91.99779663085938,16.910255240142344,955.87,0.4655
61.5,-74.0,2026-09-17 22:24:58,1.8310000000000173,92.92279663085938,16.622255240142344,953.57,0.6485
61.5,-73.5,2026-09-17 22:24:58,0.7630000000000337,98.47279663085938,19.538255240142348,949.03,0.5875
61.5,-73.0,2026-09-17 22:24:58,2.2060000000000173,86.29779663085938,25.496255240142347,944.01,0.3435
61.5,-72.5,2026-09-17 22:24:58,3.966000000000008,78.69779663085939,28.862255240142343,947.61,0.122
61.5,-72.0,2026-09-17 22:24:58,7.187000000000012,64.12279663085938,22.112255240142346,985.11,0.0075
61.5,-71.5,2026-09-17 22:24:58,6.105000000000018,75.12279663085938,20.402255240142345,1009.95,0.0915
61.5,-65.5,2026-09-17 22:24:58,1.5580000000000496,90.72279663085938,24.452255240142346,1010.98,0.183
61.5,-65.0,2026-09-17 22:24:58,3.2560000000000286,82.44779663085939,27.062255240142346,991.77,0.4045
61.5,-64.5,2026-09-17 22:24:58,3.001000000000033,81.47279663085938,21.05025524014235,1010.27,1.0835000000000001
62.0,-141.0,2026-09-17 22:24:58,6.988000000000056,63.26240158081055,6.394250153034926,867.95,0.0305
62.0,-140.5,2026-09-17 22:24:58,11.605000000000018,51.46240158081055,4.324250153034925,942.11,0.0
62.0,-140.0,2026-09-17 22:24:58,9.573000000000036,55.86240158081055,3.2442501530349257,912.86,0.0
62.0,-139.5,2026-09-17 22:24:58,6.878000000000043,59.73740158081055,3.1002501530349256,874.5,0.0
62.0,-139.0,2026-09-17 22:24:58,10.185000000000002,58.51240158081055,3.5862501530349253,916.01,0.2595
62.0,-138.5,2026-09-17 22:24:58,7.077000000000055,78.33740158081055,6.376250153034926,896.55,0.6945
62.0,-138.0,2026-09-17 22:24:58,5.691000000000031,76.08740158081055,4.918250153034926,888.68,0.4655
62.0,-137.5,2026-09-17 22:24:58,4.704000000000008,81.41240158081055,7.996250153034926,881.67,0.16
62.0,-137.0,2026-09-17 22:24:58,6.673000000000002,76.38740158081055,7.870250153034926,900.18,0.58
62.0,-136.5,2026-09-17 22:24:58,7.522000000000048,69.86240158081056,8.014250153034926,912.54,0.1145
62.0,-136.0,2026-09-17 22:24:58,7.674000000000035,78.31240158081056,0.3282501530349255,921.33,0.023
62.0,-135.5,2026-09-17 22:24:58,7.9950000000000045,83.11240158081056,0.7602501530349255,936.79,0.1375
62.0,-135.0,2026-09-17 22:24:58,6.380000000000052,89.66240158081055,2.7762501530349257,923.37,1.8465
62.0,-134.5,2026-09-17 22:24:58,4.835000000000036,92.58740158081055,3.6762501530349256,895.16,5.8365
62.0,-134.0,2026-09-17 22:24:58,1.54200000000003,96.86240158081056,7.4922501530349255,868.26,12.4895
62.0,-133.5,2026-09-17 22:24:58,0.6060000000000514,95.18740158081056,11.830250153034926,827.85,11.818
62.0,-133.0,2026-09-17 22:24:58,5.498000000000047,83.21240158081055,9.544250153034925,864.92,8.766
62.0,-132.5,2026-09-17 22:24:58,7.965000000000032,87.53740158081055,7.042250153034926,916.68,9.445
62.0,-132.0,2026-09-17 22:24:58,10.008000000000038,76.63740158081055,7.258250153034926,922.95,7.622
62.0,-131.5,2026-09-17 22:24:58,6.847000000000037,85.51240158081055,10.210250153034925,888.01,5.9510000000000005
62.0,-131.0,2026-09-17 22:24:58,9.281000000000006,81.13740158081055,8.950250153034926,907.81,2.0140000000000002
62.0,-130.5,2026-09-17 22:24:58,7.947000000000003,87.23740158081056,7.150250153034926,904.43,1.3655
62.0,-130.0,2026-09-17 22:24:58,7.671000000000049,80.91240158081055,7.438250153034925,890.32,2.96
62.0,-129.5,2026-09-17 22:24:58,4.718000000000018,95.41240158081055,5.296250153034926,871.53,5.7905
62.0,-129.0,2026-09-17 22:24:58,0.007000000000005002,98.43740158081056,10.732250153034926,809.34,6.2940000000000005
62.0,-128.5,2026-09-17 22:24:58,5.1340000000000146,94.18740158081056,2.2542501530349255,864.42,2.3195
62.0,-128.0,2026-09-17 22:24:58,2.115000000000009,86.58740158081055,10.048250153034926,818.04,4.6385000000000005
62.0,-127.5,2026-09-17 22:24:58,3.007000000000005,77.13740158081055,7.258250153034926,807.58,1.7165000000000001
62.0,-127.0,2026-09-17 22:24:58,3.868000000000052,88.56240158081056,12.478250153034926,842.44,0.328
62.0,-126.5,2026-09-17 22:24:58,8.935000000000002,73.43740158081054,4.864250153034926,881.03,0.0535
62.0,-126.0,2026-09-17 22:24:58,9.461000000000013,67.68740158081054,7.204250153034925,890.96,0.0075
62.0,-125.5,2026-09-17 22:24:58,8.021000000000015,67.58740158081055,9.256250153034927,857.05,0.023
62.0,-125.0,2026-09-17 22:24:58,7.6650000000000205,73.73740158081056,13.234250153034926,868.74,0.0915
62.0,-124.5,2026-09-17 22:24:58,12.129000000000019,52.61240158081055,10.048250153034926,895.11,0.0305
62.0,-124.0,2026-09-17 22:24:58,12.393000000000029,59.46240158081055,5.152250153034926,906.96,0.168
62.0,-123.5,2026-09-17 22:24:58,10.422000000000025,71.75826950073242,1.2456480134725572,967.57,0.023
62.0,-123.0,2026-09-17 22:24:58,10.406000000000006,79.85826950073243,1.4796480134725571,977.08,0.0305
62.0,-122.5,2026-09-17 22:24:58,10.625000000000057,77.43326950073242,0.48964801347255715,967.64,0.0765
62.0,-122.0,2026-09-17 22:24:58,9.948000000000036,79.70826950073243,1.389648013472557,990.82,0.0685
62.0,-121.5,2026-09-17 22:24:58,10.069000000000017,79.05826950073242,1.7676480134725572,992.43,0.046
62.0,-121.0,2026-09-17 22:24:58,10.92900000000003,75.95826950073243,2.667648013472557,980.19,0.1525
62.0,-120.5,2026-09-17 22:24:58,12.158000000000015,72.10826950073242,4.485648013472557,962.09,0.4425
62.0,-120.0,2026-09-17 22:24:58,10.200000000000045,71.23326950073242,11.613648013472558,924.94,0.7935
62.0,-119.5,2026-09-17 22:24:58,10.572000000000003,68.13326950073242,12.531648013472557,924.21,0.969
62.0,-119.0,2026-09-17 22:24:58,10.520000000000039,67.30826950073242,13.053648013472557,932.96,1.1520000000000001
62.0,-118.5,2026-09-17 22:24:58,11.90500000000003,82.43326950073242,2.235648013472557,976.92,0.885
62.0,-118.0,2026-09-17 22:24:58,11.145000000000039,80.98326950073243,1.875648013472557,987.05,1.068
62.0,-117.5,2026-09-17 22:24:58,9.986000000000047,79.63326950073242,8.517648013472558,989.01,1.1520000000000001
62.0,-117.0,2026-09-17 22:24:58,9.41900000000004,81.80826950073242,9.471648013472556,988.22,1.0755000000000001
62.0,-116.5,2026-09-17 22:24:58,9.348000000000013,81.95826950073243,10.803648013472557,986.22,1.068
62.0,-116.0,2026-09-17 22:24:58,9.675000000000011,80.78326950073243,11.253648013472558,985.15,0.9765
62.0,-115.5,2026-09-17 22:24:58,10.249000000000024,79.10826950073243,10.947648013472557,984.8,0.908
62.0,-115.0,2026-09-17 22:24:58,10.840000000000032,81.48326950073243,12.207648013472559,988.33,1.1065
62.0,-114.5,2026-09-17 22:24:58,10.350000000000023,86.38326950073242,25.725648013472558,990.86,1.297
62.0,-114.0,2026-09-17 22:24:58,10.277000000000044,90.73326950073243,21.53164801347256,990.46,1.793
62.0,-113.5,2026-09-17 22:24:58,11.614000000000033,86.00826950073242,14.475648013472558,989.68,2.2585
62.0,-113.0,2026-09-17 22:24:58,10.440000000000055,85.03326950073243,21.441648013472555,989.88,1.32
62.0,-112.5,2026-09-17 22:24:58,9.05800000000005,86.20826950073243,16.707648013472557,979.81,1.999
62.0,-112.0,2026-09-17 22:24:58,9.988000000000056,79.10826950073243,25.185648013472555,989.35,1.129
62.0,-111.5,2026-09-17 22:24:58,7.646000000000015,84.38326950073242,13.341648013472557,981.16,0.534
62.0,-111.0,2026-09-17 22:24:58,7.208000000000027,90.30826950073242,15.663648013472558,972.12,0.0685
62.0,-110.5,2026-09-17 22:24:58,7.510000000000048,87.78326950073243,18.435648013472555,971.23,0.0155
62.0,-110.0,2026-09-17 22:24:58,6.281000000000006,87.05826950073242,19.96564801347256,965.73,0.0
62.0,-109.5,2026-09-17 22:24:58,7.336000000000013,81.83326950073243,29.43364801347256,972.96,0.0155
62.0,-109.0,2026-09-17 22:24:58,4.313000000000045,91.08326950073243,21.783648013472558,963.2,0.1145
62.0,-108.5,2026-09-17 22:24:58,5.263000000000034,87.75826950073242,25.815648013472558,961.93,0.1525
62.0,-108.0,2026-09-17 22:24:58,4.861000000000047,85.35826950073243,20.43364801347256,962.91,0.084
62.0,-107.5,2026-09-17 22:24:58,5.310000000000002,83.23326950073243,20.30764801347256,964.59,0.0075
62.0,-107.0,2026-09-17 22:24:58,5.216000000000008,79.98326950073243,18.83164801347256,965.72,0.023
62.0,-106.5,2026-09-17 22:24:58,6.30600000000004,72.95826950073243,19.497648013472556,969.64,0.0155
62.0,-106.0,2026-09-17 22:24:58,7.052000000000021,69.45826950073243,22.251648013472558,970.68,0.0
62.0,-105.5,2026-09-17 22:24:58,7.177000000000021,63.53326950073242,22.86364801347256,970.08,0.0
62.0,-105.0,2026-09-17 22:24:58,7.0610000000000355,63.883269500732425,22.629648013472558,970.32,0.0
62.0,-104.5,2026-09-17 22:24:58,6.4430000000000405,69.58326950073243,22.431648013472557,971.39,0.0
62.0,-104.0,2026-09-17 22:24:58,6.705000000000041,67.43326950073242,22.39564801347256,972.73,0.023
62.0,-103.5,2026-09-17 22:24:58,6.307000000000016,70.08326950073243,20.811648013472556,975.65,0.1145
62.0,-103.0,2026-09-17 22:24:58,6.838000000000022,68.75826950073242,26.67964801347256,983.85,0.0
62.0,-102.5,2026-09-17 22:24:58,6.524000000000001,65.93326950073242,24.879648013472558,985.08,0.0685
62.0,-102.0,2026-09-17 22:24:58,6.285000000000025,55.43326950073242,20.379648013472558,983.05,0.3355
62.0,-101.5,2026-09-17 22:24:58,4.125000000000057,62.04779663085938,17.666255240142345,983.88,5.821
62.0,-101.0,2026-09-17 22:24:58,4.0820000000000505,59.022796630859375,16.26225524014235,985.52,2.5405
62.0,-100.5,2026-09-17 22:24:58,4.066000000000031,66.52279663085938,16.640255240142345,986.09,0.511
62.0,-100.0,2026-09-17 22:24:58,4.16700000000003,60.997796630859376,15.596255240142344,986.62,0.664
62.0,-99.5,2026-09-17 22:24:58,4.291000000000054,61.17279663085938,16.406255240142347,987.43,0.084
62.0,-99.0,2026-09-17 22:24:58,4.643000000000029,61.59779663085938,16.26225524014235,989.68,0.0075
62.0,-98.5,2026-09-17 22:24:58,4.643000000000029,65.54779663085938,16.352255240142345,991.84,0.0
62.0,-98.0,2026-09-17 22:24:58,4.824000000000012,64.32279663085937,16.55025524014235,995.95,0.0
62.0,-97.5,2026-09-17 22:24:58,5.081000000000017,63.54779663085938,17.522255240142346,1001.79,0.0075
62.0,-97.0,2026-09-17 22:24:58,5.452000000000055,53.97279663085938,17.144255240142346,1004.23,0.0155
62.0,-96.5,2026-09-17 22:24:58,5.555000000000007,57.82279663085938,16.478255240142346,1007.27,0.1145
62.0,-96.0,2026-09-17 22:24:58,4.912000000000035,68.07279663085937,14.642255240142346,1013.41,0.3585
62.0,-95.5,2026-09-17 22:24:58,4.897000000000048,61.42279663085938,16.478255240142346,1010.86,0.267
62.0,-95.0,2026-09-17 22:24:58,4.40500000000003,60.72279663085938,17.954255240142345,1008.8,0.2975
62.0,-94.5,2026-09-17 22:24:58,4.552000000000021,58.57279663085938,21.734255240142346,1013.04,0.061
62.0,-94.0,2026-09-17 22:24:58,4.952000000000055,56.54779663085938,18.836255240142346,1015.37,0.16
62.0,-93.5,2026-09-17 22:24:58,4.758000000000038,52.997796630859376,20.096255240142344,1018.45,0.229
62.0,-93.0,2026-09-17 22:24:58,4.029000000000053,64.44779663085937,23.678255240142345,1021.23,0.35100000000000003
62.0,-92.5,2026-09-17 22:24:58,3.5740000000000123,64.19779663085937,25.784255240142347,1020.97,0.0075
62.0,-80.0,2026-09-17 22:24:58,6.050000000000011,60.84779663085938,18.638255240142346,1007.51,2.6245
62.0,-79.5,2026-09-17 22:24:58,6.393000000000029,60.67279663085938,17.828255240142347,1005.94,2.4795000000000003
62.0,-78.0,2026-09-17 22:24:58,5.896000000000015,74.89779663085938,21.536255240142346,1005.66,0.9385
62.0,-77.5,2026-09-17 22:24:58,5.3700000000000045,78.09779663085938,20.780255240142345,998.14,0.4805
62.0,-77.0,2026-09-17 22:24:58,2.163000000000011,93.64779663085938,12.968255240142346,983.68,1.6175
62.0,-76.5,2026-09-17 22:24:58,2.868000000000052,94.69779663085939,18.116255240142348,969.16,0.5265
62.0,-76.0,2026-09-17 22:24:58,1.7760000000000105,92.07279663085939,11.474255240142346,967.02,0.2215
62.0,-75.5,2026-09-17 22:24:58,3.0890000000000555,88.54779663085938,11.438255240142345,979.87,0.5645
62.0,-75.0,2026-09-17 22:24:58,1.733000000000004,90.67279663085938,14.480255240142347,956.02,1.518
62.0,-74.5,2026-09-17 22:24:58,2.5790000000000077,88.19779663085939,13.238255240142346,966.94,0.839
62.0,-74.0,2026-09-17 22:24:58,1.2590000000000146,94.69779663085939,16.820255240142345,959.55,1.442
62.0,-73.5,2026-09-17 22:24:58,2.4120000000000346,84.27279663085938,22.976255240142347,950.11,1.5715000000000001
62.0,-73.0,2026-09-17 22:24:58,5.123000000000047,71.67279663085938,23.390255240142345,965.7,0.534
62.0,-72.5,2026-09-17 22:24:58,6.090000000000032,73.14779663085938,19.880255240142347,1008.98,0.0535
62.0,-67.0,2026-09-17 22:24:58,1.6050000000000182,90.42279663085938,17.360255240142347,1010.42,0.0
62.0,-66.5,2026-09-17 22:24:58,3.962000000000046,76.89779663085938,21.248255240142345,994.61,0.0
62.0,-66.0,2026-09-17 22:24:58,3.1860000000000355,78.87279663085938,22.436255240142348,1008.33,0.0
62.0,-65.0,2026-09-17 22:24:58,2.090000000000032,85.89779663085938,26.360255240142347,1009.6,0.0
62.5,-141.0,2026-09-17 22:24:58,10.609000000000037,66.88740158081055,2.146250153034926,940.5,3.2960000000000003
62.5,-140.5,2026-09-17 22:24:58,9.970000000000027,67.31240158081054,1.1022501530349256,931.14,1.663
62.5,-140.0,2026-09-17 22:24:58,9.987000000000023,66.43740158081054,1.9122501530349256,944.65,0.496
62.5,-139.5,2026-09-17 22:24:58,9.90100000000001,76.53740158081055,4.612250153034926,950.99,1.526
62.5,-139.0,2026-09-17 22:24:58,8.791000000000054,71.41240158081055,6.2502501530349255,928.71,2.8535
62.5,-138.5,2026-09-17 22:24:58,3.6990000000000123,84.53740158081055,6.808250153034926,865.78,3.2805
62.5,-138.0,2026-09-17 22:24:58,5.247000000000014,71.36240158081056,11.110250153034926,866.95,1.091
62.5,-137.5,2026-09-17 22:24:58,7.666000000000054,60.08740158081055,9.040250153034927,886.88,0.305
62.5,-137.0,2026-09-17 22:24:58,11.275000000000034,56.83740158081055,3.910250153034925,934.84,0.931
62.5,-136.5,2026-09-17 22:24:58,9.638000000000034,64.38740158081055,7.924250153034926,912.38,0.633
62.5,-136.0,2026-09-17 22:24:58,10.190000000000055,62.98740158081055,7.4922501530349255,929.01,0.511
62.5,-135.5,2026-09-17 22:24:58,10.289000000000044,79.73740158081056,8.302250153034926,938.0,0.458
62.5,-135.0,2026-09-17 22:24:58,6.699000000000012,78.98740158081056,10.948250153034925,894.75,0.847
62.5,-134.5,2026-09-17 22:24:58,1.6820000000000164,92.98740158081056,12.064250153034926,828.44,1.3960000000000001
62.5,-134.0,2026-09-17 22:24:58,6.000000000000057,82.68740158081056,9.760250153034926,867.45,3.3035
62.5,-133.5,2026-09-17 22:24:58,6.3320000000000505,78.28740158081055,10.534250153034927,865.83,9.605500000000001
62.5,-133.0,2026-09-17 22:24:58,3.803000000000054,81.33740158081055,13.162250153034927,842.25,11.307
62.5,-132.5,2026-09-17 22:24:58,7.689000000000021,80.86240158081056,13.612250153034926,884.0,7.2405
62.5,-132.0,2026-09-17 22:24:58,5.484000000000037,77.71240158081055,14.260250153034926,856.14,5.7375
62.5,-131.5,2026-09-17 22:24:58,7.246000000000038,71.56240158081054,8.770250153034926,874.37,4.921
62.5,-131.0,2026-09-17 22:24:58,9.257000000000005,81.73740158081056,9.472250153034926,904.21,6.8205
62.5,-130.5,2026-09-17 22:24:58,7.224000000000046,80.38740158081055,12.388250153034926,881.71,7.8735
62.5,-130.0,2026-09-17 22:24:58,6.324000000000012,78.83740158081055,12.334250153034926,865.37,7.8125
62.5,-129.5,2026-09-17 22:24:58,4.258000000000038,90.66240158081055,12.244250153034926,857.03,4.8295
62.5,-129.0,2026-09-17 22:24:58,6.939000000000021,77.78740158081055,5.296250153034926,866.38,2.35
62.5,-128.5,2026-09-17 22:24:58,1.372000000000014,99.38740158081055,3.910250153034925,841.91,2.0675
62.5,-128.0,2026-09-17 22:24:58,4.413000000000011,85.46240158081055,7.816250153034925,849.39,1.4875
62.5,-127.5,2026-09-17 22:24:58,3.3590000000000373,98.73740158081056,4.684250153034926,864.97,0.9385
62.5,-127.0,2026-09-17 22:24:58,0.26900000000000546,92.73740158081056,16.24025015303493,791.72,1.198
62.5,-126.5,2026-09-17 22:24:58,4.162000000000035,85.93740158081056,8.680250153034926,829.78,0.023
62.5,-126.0,2026-09-17 22:24:58,5.733000000000004,76.51240158081055,8.680250153034926,840.55,0.168
62.5,-125.5,2026-09-17 22:24:58,6.303000000000054,81.06240158081056,8.194250153034925,854.68,0.435
62.5,-125.0,2026-09-17 22:24:58,8.116000000000042,75.98740158081056,6.808250153034926,861.15,1.3275000000000001
62.5,-124.5,2026-09-17 22:24:58,12.015000000000043,66.38740158081055,5.800250153034926,930.32,1.4955
62.5,-124.0,2026-09-17 22:24:58,10.579000000000008,71.16240158081055,2.3442501530349253,920.43,1.518
62.5,-123.5,2026-09-17 22:24:58,7.8910000000000196,87.38326950073242,4.017648013472558,972.94,1.114
62.5,-123.0,2026-09-17 22:24:58,7.742000000000019,86.58326950073243,1.2996480134725572,985.39,0.8775000000000001
62.5,-122.5,2026-09-17 22:24:58,9.553000000000054,85.65826950073243,3.009648013472557,968.45,0.7475
62.5,-122.0,2026-09-17 22:24:58,10.585000000000036,78.10826950073243,2.865648013472557,983.61,0.7325
62.5,-121.5,2026-09-17 22:24:58,9.814000000000021,77.95826950073243,2.199648013472557,984.7,0.7935
62.5,-121.0,2026-09-17 22:24:58,10.163000000000011,73.95826950073243,4.017648013472558,979.58,1.0070000000000001
62.5,-120.5,2026-09-17 22:24:58,10.855000000000018,72.30826950073242,5.727648013472557,971.43,1.1675
62.5,-120.0,2026-09-17 22:24:58,11.257000000000005,67.73326950073242,8.301648013472558,971.53,1.4345
62.5,-119.5,2026-09-17 22:24:58,10.04400000000004,77.98326950073243,9.813648013472559,969.96,1.1215
62.5,-119.0,2026-09-17 22:24:58,11.04000000000002,68.60826950073242,15.915648013472559,978.85,3.7155
62.5,-118.5,2026-09-17 22:24:58,9.245000000000005,82.40826950073243,9.435648013472559,983.82,1.2205
62.5,-118.0,2026-09-17 22:24:58,8.067000000000007,85.68326950073242,11.397648013472558,979.45,1.442
62.5,-117.5,2026-09-17 22:24:58,7.742000000000019,86.53326950073243,12.099648013472557,978.18,1.8385
62.5,-117.0,2026-09-17 22:24:58,7.937000000000012,83.38326950073242,11.955648013472556,977.93,1.724
62.5,-116.5,2026-09-17 22:24:58,7.997000000000014,84.23326950073243,11.379648013472558,979.55,1.625
62.5,-116.0,2026-09-17 22:24:58,9.109000000000037,82.95826950073243,15.663648013472558,983.86,1.5565
62.5,-115.5,2026-09-17 22:24:58,8.668000000000006,87.65826950073243,20.577648013472558,991.33,2.182
62.5,-115.0,2026-09-17 22:24:58,9.914000000000044,87.75826950073242,14.637648013472557,990.44,2.2505
62.5,-114.5,2026-09-17 22:24:58,9.086000000000013,95.33326950073243,9.957648013472559,984.59,1.602
62.5,-114.0,2026-09-17 22:24:58,9.185000000000002,97.03326950073243,1.857648013472557,985.1,0.786
62.5,-113.5,2026-09-17 22:24:58,8.302000000000021,95.10826950073243,7.923648013472558,980.91,1.045
62.5,-113.0,2026-09-17 22:24:58,8.186000000000035,88.93326950073242,9.867648013472557,980.24,1.457
62.5,-112.5,2026-09-17 22:24:58,7.081000000000017,92.10826950073243,10.911648013472558,975.31,1.137
62.5,-112.0,2026-09-17 22:24:58,6.6720000000000255,96.23326950073243,11.991648013472558,971.36,0.5035000000000001
62.5,-111.5,2026-09-17 22:24:58,7.991000000000042,88.98326950073243,18.957648013472557,988.28,0.1295
62.5,-111.0,2026-09-17 22:24:58,9.142000000000053,79.88326950073242,19.299648013472556,991.67,0.0075
62.5,-110.5,2026-09-17 22:24:58,7.851000000000056,84.45826950073243,23.061648013472556,986.38,0.0
62.5,-110.0,2026-09-17 22:24:58,7.156000000000006,87.03326950073243,23.853648013472558,981.57,0.1295
62.5,-109.5,2026-09-17 22:24:58,5.133000000000038,90.00826950073242,23.04364801347256,971.65,0.084
62.5,-109.0,2026-09-17 22:24:58,4.352000000000032,92.78326950073243,22.161648013472558,961.89,0.2215
62.5,-108.5,2026-09-17 22:24:58,5.085000000000036,88.25826950073242,22.52164801347256,970.45,0.2595
62.5,-108.0,2026-09-17 22:24:58,4.270000000000039,91.33326950073243,20.90164801347256,966.49,0.0305
62.5,-107.5,2026-09-17 22:24:58,5.057000000000016,81.63326950073242,21.675648013472557,967.96,0.1145
62.5,-107.0,2026-09-17 22:24:58,5.555000000000007,68.15826950073243,22.251648013472558,966.5,0.244
62.5,-106.5,2026-09-17 22:24:58,6.571000000000026,63.233269500732426,22.08964801347256,971.21,0.084
62.5,-106.0,2026-09-17 22:24:58,6.628000000000043,65.40826950073243,21.675648013472557,971.61,0.0
62.5,-105.5,2026-09-17 22:24:58,6.630000000000052,66.65826950073243,21.279648013472556,973.1,0.17550000000000002
62.5,-105.0,2026-09-17 22:24:58,6.322000000000003,73.63326950073242,20.48764801347256,975.71,0.3965
62.5,-104.5,2026-09-17 22:24:58,6.4080000000000155,72.23326950073242,20.001648013472558,980.47,0.839
62.5,-104.0,2026-09-17 22:24:58,6.463000000000022,68.00826950073242,19.641648013472558,977.24,0.046
62.5,-103.5,2026-09-17 22:24:58,6.650000000000034,64.10826950073242,21.099648013472557,981.1,0.3585
62.5,-103.0,2026-09-17 22:24:58,6.328000000000031,65.23326950073242,20.829648013472557,982.14,0.641
62.5,-102.5,2026-09-17 22:24:58,6.057000000000016,66.05826950073242,24.80764801347256,984.69,2.6625
62.5,-102.0,2026-09-17 22:24:58,6.095000000000027,57.133269500732425,21.279648013472556,985.81,2.1745
62.5,-101.5,2026-09-17 22:24:58,4.199000000000012,61.29779663085938,19.286255240142346,983.84,1.2205
62.5,-101.0,2026-09-17 22:24:58,4.6790000000000305,63.59779663085938,20.29425524014235,986.63,0.7935
62.5,-100.5,2026-09-17 22:24:58,4.69500000000005,61.17279663085938,19.862255240142346,988.23,1.03
62.5,-100.0,2026-09-17 22:24:58,4.393000000000029,66.77279663085938,17.360255240142347,988.1,1.442
62.5,-99.5,2026-09-17 22:24:58,4.381000000000029,62.772796630859375,15.542255240142346,984.05,0.229
62.5,-99.0,2026-09-17 22:24:58,4.486000000000047,62.397796630859375,17.954255240142345,989.23,0.0075
62.5,-98.5,2026-09-17 22:24:58,5.356000000000051,68.24779663085938,15.290255240142345,999.04,0.0
62.5,-98.0,2026-09-17 22:24:58,5.16700000000003,64.57279663085937,19.718255240142348,1004.09,0.0
62.5,-97.5,2026-09-17 22:24:58,4.999000000000024,61.622796630859376,20.780255240142345,1004.67,0.0075
62.5,-97.0,2026-09-17 22:24:58,4.755000000000052,62.29779663085938,18.584255240142344,999.54,0.0
62.5,-96.5,2026-09-17 22:24:58,4.673000000000002,61.247796630859376,13.490255240142345,998.9,0.16
62.5,-96.0,2026-09-17 22:24:58,4.656000000000006,60.122796630859376,16.910255240142344,1005.17,0.0535
62.5,-95.5,2026-09-17 22:24:58,5.097000000000037,57.57279663085938,15.956255240142347,1008.24,0.252
62.5,-95.0,2026-09-17 22:24:58,5.0820000000000505,63.09779663085938,18.350255240142346,1011.06,0.969
62.5,-94.5,2026-09-17 22:24:58,5.226000000000056,58.522796630859375,17.198255240142345,1013.87,1.19
62.5,-94.0,2026-09-17 22:24:58,4.5120000000000005,62.72279663085938,15.902255240142345,1012.46,0.992
62.5,-93.5,2026-09-17 22:24:58,4.9010000000000105,58.522796630859375,17.738255240142347,1017.2,0.847
62.5,-93.0,2026-09-17 22:24:58,4.3940000000000055,63.92279663085938,17.522255240142346,1017.32,0.641
62.5,-92.5,2026-09-17 22:24:58,3.729000000000042,65.54779663085938,22.688255240142347,1020.21,0.6025
62.5,-92.0,2026-09-17 22:24:58,3.6270000000000095,65.87279663085938,23.822255240142347,1020.19,0.427
62.5,-84.0,2026-09-17 22:24:58,4.555000000000007,74.12279663085938,24.020255240142347,1014.62,4.715
62.5,-83.5,2026-09-17 22:24:58,4.956000000000017,76.37279663085938,18.836255240142346,1008.01,4.944
62.5,-83.0,2026-09-17 22:24:58,4.220000000000027,75.87279663085938,17.720255240142343,1002.59,4.883
62.5,-82.5,2026-09-17 22:24:58,5.424000000000035,69.82279663085937,17.540255240142347,1011.02,3.1435
62.5,-79.5,2026-09-17 22:24:58,4.7140000000000555,75.94779663085937,23.048255240142346,1012.1,7.194500000000001
62.5,-78.0,2026-09-17 22:24:58,4.727000000000032,75.72279663085938,22.598255240142347,1011.32,4.6005
62.5,-77.5,2026-09-17 22:24:58,2.7240000000000464,90.94779663085939,18.206255240142347,967.2,6.851
62.5,-77.0,2026-09-17 22:24:58,0.9150000000000205,94.32279663085939,11.816255240142345,959.86,4.5775
62.5,-76.5,2026-09-17 22:24:58,4.1650000000000205,85.69779663085939,18.296255240142344,1010.68,0.7555000000000001
62.5,-74.0,2026-09-17 22:24:58,3.865000000000009,82.19779663085939,27.242255240142345,1009.76,0.4425
62.5,-73.5,2026-09-17 22:24:58,3.650000000000034,90.42279663085938,32.552255240142344,1009.48,0.2215
62.5,-70.5,2026-09-17 22:24:58,4.29200000000003,87.12279663085938,19.448255240142345,1008.75,0.0075
62.5,-69.5,2026-09-17 22:24:58,3.108000000000004,90.84779663085938,20.024255240142345,1009.17,0.0
62.5,-69.0,2026-09-17 22:24:58,3.6280000000000427,89.49779663085938,17.666255240142345,984.61,0.0
62.5,-68.5,2026-09-17 22:24:58,3.1340000000000146,81.44779663085939,18.764255240142344,964.85,0.0075
62.5,-68.0,2026-09-17 22:24:58,3.663000000000011,75.14779663085938,21.644255240142346,957.0,0.0
62.5,-67.5,2026-09-17 22:24:58,2.5400000000000205,83.54779663085938,21.734255240142346,941.85,0.0
62.5,-67.0,2026-09-17 22:24:58,1.0480000000000018,86.29779663085938,21.482255240142347,933.55,0.0
62.5,-66.5,2026-09-17 22:24:58,5.772000000000048,65.39779663085938,7.712255240142345,992.52,0.0
62.5,-65.0,2026-09-17 22:24:58,2.1140000000000327,84.54779663085938,23.930255240142348,1008.72,0.0
62.5,-64.5,2026-09-17 22:24:58,1.0150000000000432,88.97279663085938,27.404255240142348,990.98,0.0
63.0,-141.0,2026-09-17 22:24:58,9.205000000000041,73.98740158081056,7.006250153034926,933.46,1.1065
63.0,-140.5,2026-09-17 22:24:58,7.856000000000051,68.91240158081055,6.862250153034926,900.97,1.1595
63.0,-140.0,2026-09-17 22:24:58,8.974000000000046,65.38740158081055,9.526250153034926,922.23,0.786
63.0,-139.5,2026-09-17 22:24:58,12.227000000000032,62.73740158081055,4.054250153034926,957.24,0.47300000000000003
63.0,-139.0,2026-09-17 22:24:58,8.507000000000005,61.18740158081055,10.102250153034927,903.25,0.4655
63.0,-138.5,2026-09-17 22:24:58,9.268000000000029,60.98740158081055,11.434250153034927,911.01,0.969
63.0,-138.0,2026-09-17 22:24:58,10.55400000000003,62.33740158081055,10.012250153034927,928.97,1.213
63.0,-137.5,2026-09-17 22:24:58,10.142000000000053,65.03740158081055,9.292250153034926,923.43,2.4415
63.0,-137.0,2026-09-17 22:24:58,9.684000000000026,67.56240158081054,12.010250153034926,920.62,3.7920000000000003
63.0,-136.5,2026-09-17 22:24:58,11.098000000000013,63.16240158081055,6.196250153034925,940.64,2.0675
63.0,-136.0,2026-09-17 22:24:58,6.856000000000051,74.98740158081056,10.048250153034926,894.31,1.747
63.0,-135.5,2026-09-17 22:24:58,6.80600000000004,76.66240158081055,12.100250153034926,890.12,2.0525
63.0,-135.0,2026-09-17 22:24:58,9.532000000000039,62.66240158081055,12.532250153034926,911.41,1.3885
63.0,-134.5,2026-09-17 22:24:58,9.798000000000002,65.28740158081055,14.872250153034926,912.76,1.8995
63.0,-134.0,2026-09-17 22:24:58,12.43100000000004,65.83740158081055,13.306250153034927,944.25,1.518
63.0,-133.5,2026-09-17 22:24:58,11.388000000000034,65.28740158081055,15.520250153034926,929.75,1.77
63.0,-133.0,2026-09-17 22:24:58,7.670000000000016,78.71240158081055,18.202250153034928,888.43,2.6705
63.0,-132.5,2026-09-17 22:24:58,3.5650000000000546,86.98740158081056,16.63625015303493,850.35,6.0885
63.0,-132.0,2026-09-17 22:24:58,7.654000000000053,72.46240158081055,11.344250153034926,880.14,4.86
63.0,-131.5,2026-09-17 22:24:58,6.849000000000046,83.16240158081055,12.100250153034926,882.23,3.5935
63.0,-131.0,2026-09-17 22:24:58,6.569000000000017,77.26240158081055,11.578250153034928,876.94,4.349
63.0,-130.5,2026-09-17 22:24:58,6.092000000000041,82.63740158081055,11.056250153034927,872.25,4.463
63.0,-130.0,2026-09-17 22:24:58,2.048000000000002,96.06240158081056,15.340250153034926,838.42,4.4175
63.0,-129.5,2026-09-17 22:24:58,1.5540000000000305,93.51240158081055,14.530250153034924,828.41,6.157
63.0,-129.0,2026-09-17 22:24:58,4.876000000000033,84.83740158081055,16.492250153034927,862.47,1.2895
63.0,-128.5,2026-09-17 22:24:58,4.803000000000054,84.76240158081055,16.150250153034925,849.54,1.335
63.0,-128.0,2026-09-17 22:24:58,1.0960000000000036,98.98740158081056,15.142250153034928,816.7,3.044
63.0,-127.5,2026-09-17 22:24:58,3.112000000000023,84.48740158081056,11.542250153034926,826.91,2.0445
63.0,-127.0,2026-09-17 22:24:58,2.6380000000000337,82.86240158081056,19.210250153034927,810.0,0.389
63.0,-126.5,2026-09-17 22:24:58,9.768000000000029,70.88740158081055,10.048250153034926,921.84,0.1145
63.0,-126.0,2026-09-17 22:24:58,5.041000000000054,82.26240158081055,11.020250153034926,851.62,3.212
63.0,-125.5,2026-09-17 22:24:58,10.081000000000017,80.11240158081056,2.2902501530349255,913.79,1.93
63.0,-125.0,2026-09-17 22:24:58,9.858000000000004,86.63740158081055,2.2902501530349255,952.5,2.678
63.0,-124.5,2026-09-17 22:24:58,9.967000000000041,91.01240158081055,3.532250153034926,944.51,2.3040000000000003
63.0,-124.0,2026-09-17 22:24:58,7.451000000000022,93.61240158081056,3.2982501530349255,969.72,1.808
63.0,-123.5,2026-09-17 22:24:58,8.482000000000028,85.35826950073243,5.277648013472557,968.32,1.3885
63.0,-123.0,2026-09-17 22:24:58,7.755000000000052,90.75826950073242,2.9916480134725574,963.34,1.6480000000000001
63.0,-122.5,2026-09-17 22:24:58,11.312000000000012,70.58326950073243,2.667648013472557,959.28,1.6785
63.0,-122.0,2026-09-17 22:24:58,11.800000000000011,70.98326950073242,1.911648013472557,963.81,2.35
63.0,-121.5,2026-09-17 22:24:58,11.191000000000031,71.43326950073242,5.673648013472557,972.6,2.3955
63.0,-121.0,2026-09-17 22:24:58,10.88900000000001,73.60826950073242,7.185648013472557,979.86,2.5175
63.0,-120.5,2026-09-17 22:24:58,10.25200000000001,75.45826950073243,8.013648013472558,982.13,2.5865
63.0,-120.0,2026-09-17 22:24:58,10.236000000000047,75.43326950073242,10.047648013472557,981.69,2.7315
63.0,-119.5,2026-09-17 22:24:58,10.503000000000043,73.83326950073243,12.207648013472559,981.32,3.166
63.0,-119.0,2026-09-17 22:24:58,10.185000000000002,74.85826950073242,14.781648013472557,978.83,3.4025
63.0,-118.5,2026-09-17 22:24:58,9.063000000000045,78.38326950073242,15.807648013472559,977.88,3.54
63.0,-118.0,2026-09-17 22:24:58,8.232000000000028,82.00826950073242,17.193648013472558,977.76,3.6165000000000003
63.0,-117.5,2026-09-17 22:24:58,7.702000000000055,84.58326950073243,14.853648013472556,975.11,3.6545
63.0,-117.0,2026-09-17 22:24:58,8.198000000000036,84.43326950073242,11.541648013472559,978.33,3.0595
63.0,-116.5,2026-09-17 22:24:58,8.908000000000015,83.18326950073242,12.711648013472557,991.1,2.6550000000000002
63.0,-116.0,2026-09-17 22:24:58,8.912000000000035,84.85826950073243,14.043648013472557,990.07,2.762
63.0,-115.5,2026-09-17 22:24:58,8.512,90.00826950073242,9.705648013472556,986.26,1.2895
63.0,-115.0,2026-09-17 22:24:58,7.768000000000029,93.30826950073242,12.729648013472557,980.59,1.4265
63.0,-114.5,2026-09-17 22:24:58,7.351000000000056,95.50826950073242,5.043648013472557,976.12,1.0605
63.0,-114.0,2026-09-17 22:24:58,6.876000000000033,97.95826950073243,6.087648013472557,977.2,1.2665
63.0,-113.5,2026-09-17 22:24:58,6.555000000000007,97.58326950073243,8.337648013472558,972.89,0.641
63.0,-113.0,2026-09-17 22:24:58,6.7900000000000205,92.48326950073243,10.965648013472558,971.98,0.3355
63.0,-112.5,2026-09-17 22:24:58,5.449000000000012,97.30826950073242,10.335648013472557,965.14,0.1985
63.0,-112.0,2026-09-17 22:24:58,5.696000000000026,94.48326950073243,15.375648013472558,961.1,0.046
63.0,-111.5,2026-09-17 22:24:58,5.548000000000002,96.33326950073243,16.545648013472558,961.28,0.0
63.0,-111.0,2026-09-17 22:24:58,5.046000000000049,96.93326950073242,19.713648013472557,961.28,0.0765
63.0,-110.5,2026-09-17 22:24:58,5.518000000000029,95.28326950073243,23.04364801347256,967.81,0.0075
63.0,-110.0,2026-09-17 22:24:58,5.159000000000049,95.48326950073243,22.23364801347256,970.07,0.2135
63.0,-109.5,2026-09-17 22:24:58,5.076000000000022,94.08326950073243,25.725648013472558,973.08,0.084
63.0,-109.0,2026-09-17 22:24:58,3.9500000000000455,95.20826950073243,19.911648013472558,966.65,0.1525
63.0,-108.5,2026-09-17 22:24:58,4.018000000000029,90.90826950073243,23.637648013472557,965.88,0.9615
63.0,-108.0,2026-09-17 22:24:58,4.768000000000029,87.50826950073242,27.16564801347256,967.46,0.4805
63.0,-107.5,2026-09-17 22:24:58,4.66900000000004,76.80826950073242,22.19764801347256,963.86,2.495
63.0,-107.0,2026-09-17 22:24:58,5.611000000000047,72.15826950073243,24.393648013472557,967.0,1.137
63.0,-106.5,2026-09-17 22:24:58,5.768000000000029,70.65826950073243,22.39564801347256,969.07,1.671
63.0,-106.0,2026-09-17 22:24:58,6.991000000000042,59.633269500732425,21.76564801347256,972.0,0.3815
63.0,-105.5,2026-09-17 22:24:58,6.29400000000004,70.15826950073243,23.349648013472557,973.41,0.8925000000000001
63.0,-105.0,2026-09-17 22:24:58,7.420000000000016,65.38326950073242,19.10164801347256,986.72,0.145
63.0,-104.5,2026-09-17 22:24:58,6.453000000000031,68.45826950073243,20.397648013472555,985.56,0.2595
63.0,-104.0,2026-09-17 22:24:58,6.592000000000041,62.70826950073243,20.72164801347256,979.31,1.442
63.0,-103.5,2026-09-17 22:24:58,5.123000000000047,71.73326950073242,24.393648013472557,969.31,1.1215
63.0,-103.0,2026-09-17 22:24:58,5.083000000000027,72.20826950073243,19.947648013472556,980.8,0.6025
63.0,-102.5,2026-09-17 22:24:58,5.491000000000042,64.00826950073242,20.685648013472555,983.64,0.2215
63.0,-102.0,2026-09-17 22:24:58,5.615000000000009,68.88326950073242,24.591648013472557,990.9,0.1295
63.0,-101.5,2026-09-17 22:24:58,4.083000000000027,67.39779663085938,27.692255240142348,992.66,0.0685
63.0,-101.0,2026-09-17 22:24:58,4.463000000000022,61.397796630859375,26.684255240142345,992.77,0.023
63.0,-100.5,2026-09-17 22:24:58,4.268000000000029,57.17279663085938,19.358255240142345,983.38,0.0
63.0,-100.0,2026-09-17 22:24:58,4.465000000000032,59.97279663085938,19.736255240142345,982.91,0.0
63.0,-99.5,2026-09-17 22:24:58,4.696000000000026,69.47279663085938,22.904255240142348,986.95,0.0
63.0,-99.0,2026-09-17 22:24:58,4.197000000000003,64.09779663085938,20.402255240142345,982.25,0.0
63.0,-98.5,2026-09-17 22:24:58,5.708000000000027,55.04779663085938,16.910255240142344,995.79,0.0075
63.0,-98.0,2026-09-17 22:24:58,5.4080000000000155,59.04779663085938,19.952255240142346,1003.03,0.0
63.0,-97.5,2026-09-17 22:24:58,5.376000000000033,57.022796630859375,16.406255240142347,1004.15,0.0
63.0,-97.0,2026-09-17 22:24:58,5.237000000000023,61.397796630859375,15.668255240142347,1007.22,0.0
63.0,-96.5,2026-09-17 22:24:58,4.873000000000047,61.34779663085938,16.532255240142348,1007.59,0.0
63.0,-96.0,2026-09-17 22:24:58,4.746000000000038,59.44779663085938,15.434255240142345,1006.71,0.0
63.0,-95.5,2026-09-17 22:24:58,4.845000000000027,59.97279663085938,17.59425524014235,1007.32,0.0
63.0,-95.0,2026-09-17 22:24:58,4.638000000000034,59.647796630859375,18.008255240142343,1002.05,0.038
63.0,-94.5,2026-09-17 22:24:58,4.440000000000055,61.122796630859376,18.098255240142347,1006.38,0.0765
63.0,-94.0,2026-09-17 22:24:58,4.386000000000024,59.147796630859375,18.296255240142344,1007.3,0.107
63.0,-93.5,2026-09-17 22:24:58,4.277000000000044,58.47279663085938,18.098255240142347,1008.72,0.107
63.0,-93.0,2026-09-17 22:24:58,4.164000000000044,68.34779663085938,15.956255240142347,1010.41,0.0535
63.0,-92.5,2026-09-17 22:24:58,3.826000000000022,68.69779663085937,17.630255240142347,1014.05,0.23650000000000002
63.0,-92.0,2026-09-17 22:24:58,3.5060000000000286,66.57279663085937,19.538255240142348,1012.43,0.168
63.0,-91.5,2026-09-17 22:24:58,2.5500000000000114,62.57279663085938,18.998255240142345,1002.04,0.29
63.0,-91.0,2026-09-17 22:24:58,3.923000000000002,56.997796630859376,18.530255240142345,1014.03,1.2815
63.0,-90.5,2026-09-17 22:24:58,3.4610000000000127,67.42279663085938,24.146255240142345,1018.78,2.3805
63.0,-82.5,2026-09-17 22:24:58,2.9050000000000296,79.54779663085938,19.916255240142345,1013.67,6.4775
63.0,-82.0,2026-09-17 22:24:58,2.9390000000000214,80.74779663085938,19.502255240142347,1013.36,7.0265
63.0,-78.0,2026-09-17 22:24:58,2.761000000000024,91.79779663085938,23.30025524014235,1010.97,4.9285
63.0,-71.5,2026-09-17 22:24:58,3.594000000000051,92.24779663085938,28.916255240142345,1007.02,0.511
63.0,-71.0,2026-09-17 22:24:58,3.9670000000000414,88.44779663085939,24.308255240142344,997.48,0.5415
63.0,-70.5,2026-09-17 22:24:58,3.9260000000000446,91.79779663085938,16.298255240142346,994.49,0.046
63.0,-70.0,2026-09-17 22:24:58,3.251000000000033,90.47279663085938,17.774255240142345,979.97,0.023
63.0,-69.5,2026-09-17 22:24:58,1.4120000000000346,98.99779663085938,17.540255240142347,961.11,0.0155
63.0,-69.0,2026-09-17 22:24:58,0.3990000000000009,96.32279663085939,18.296255240142344,938.3,0.0075
63.0,-68.5,2026-09-17 22:24:58,0.5320000000000391,90.57279663085939,20.240255240142346,929.81,0.0075
63.0,-68.0,2026-09-17 22:24:58,2.296000000000049,75.32279663085937,27.638255240142346,938.27,0.0
63.0,-67.5,2026-09-17 22:24:58,5.383000000000038,68.64779663085938,14.912255240142347,989.05,0.0
63.0,-67.0,2026-09-17 22:24:58,2.173000000000002,89.82279663085939,1.4302552401423454,1008.39,0.0
63.0,-66.5,2026-09-17 22:24:58,2.7550000000000523,83.27279663085938,8.540255240142345,1007.99,0.0
63.0,-66.0,2026-09-17 22:24:58,4.358000000000004,64.94779663085937,18.008255240142343,988.26,0.0
63.0,-65.5,2026-09-17 22:24:58,0.26700000000005275,86.14779663085938,23.58825524014235,943.59,0.0
63.0,-65.0,2026-09-17 22:24:58,3.9220000000000255,64.94779663085937,17.342255240142347,977.96,0.0
63.5,-141.0,2026-09-17 22:24:58,8.705000000000041,69.13740158081055,2.0562501530349255,920.43,3.1355
63.5,-140.5,2026-09-17 22:24:58,8.783000000000015,67.26240158081055,10.246250153034927,926.78,3.09
63.5,-140.0,2026-09-17 22:24:58,9.172000000000025,59.06240158081055,8.860250153034926,928.47,3.1965
63.5,-139.5,2026-09-17 22:24:58,9.406000000000006,62.38740158081055,6.394250153034926,932.77,2.884
63.5,-139.0,2026-09-17 22:24:58,8.232000000000028,64.61240158081056,12.208250153034927,908.69,2.0905
63.5,-138.5,2026-09-17 22:24:58,8.425000000000011,62.01240158081055,11.578250153034928,901.58,1.419
63.5,-138.0,2026-09-17 22:24:58,11.072000000000003,76.21240158081055,7.9602501530349254,945.57,0.74
63.5,-137.5,2026-09-17 22:24:58,8.825000000000045,64.66240158081055,10.012250153034927,910.86,1.938
63.5,-137.0,2026-09-17 22:24:58,11.388000000000034,62.56240158081055,6.088250153034926,953.78,2.289
63.5,-136.5,2026-09-17 22:24:58,6.817000000000007,80.58740158081055,12.298250153034926,902.25,4.814
63.5,-136.0,2026-09-17 22:24:58,11.075000000000045,66.58740158081055,9.634250153034927,955.61,3.685
63.5,-135.5,2026-09-17 22:24:58,5.7450000000000045,69.73740158081056,19.048250153034928,871.89,3.2195
63.5,-135.0,2026-09-17 22:24:58,11.212000000000046,65.21240158081055,12.442250153034927,936.39,1.2435
63.5,-134.5,2026-09-17 22:24:58,9.841000000000008,71.56240158081054,12.766250153034925,923.52,1.8920000000000001
63.5,-134.0,2026-09-17 22:24:58,10.709000000000003,59.33740158081055,16.906250153034925,933.11,3.6695
63.5,-133.5,2026-09-17 22:24:58,10.881000000000029,58.11240158081055,14.476250153034925,926.82,3.0595
63.5,-133.0,2026-09-17 22:24:58,11.036000000000001,66.53740158081055,13.252250153034927,933.82,1.6325
63.5,-132.5,2026-09-17 22:24:58,8.754000000000019,71.33740158081055,11.542250153034926,901.67,1.976
63.5,-132.0,2026-09-17 22:24:58,9.750000000000057,70.58740158081055,12.910250153034925,912.35,2.1665
63.5,-131.5,2026-09-17 22:24:58,4.149000000000001,89.98740158081056,12.478250153034926,859.95,5.295
63.5,-131.0,2026-09-17 22:24:58,3.4710000000000036,89.66240158081055,13.252250153034927,849.41,5.8515
63.5,-130.5,2026-09-17 22:24:58,3.5500000000000114,88.61240158081056,13.756250153034927,845.43,4.6845
63.5,-130.0,2026-09-17 22:24:58,5.353000000000009,76.71240158081055,10.192250153034927,846.32,1.93
63.5,-129.5,2026-09-17 22:24:58,2.1650000000000205,89.33740158081055,13.234250153034926,822.01,5.272
63.5,-129.0,2026-09-17 22:24:58,3.9890000000000327,80.73740158081056,12.820250153034927,835.45,5.768
63.5,-128.5,2026-09-17 22:24:58,7.222000000000037,78.88740158081055,13.144250153034925,879.75,4.486
63.5,-128.0,2026-09-17 22:24:58,7.564000000000021,74.61240158081056,4.720250153034926,874.1,2.0295
63.5,-127.5,2026-09-17 22:24:58,2.3010000000000446,87.86240158081056,16.06025015303493,824.91,4.1045
63.5,-127.0,2026-09-17 22:24:58,6.001000000000033,77.48740158081056,14.350250153034926,866.22,0.519
63.5,-126.5,2026-09-17 22:24:58,6.585000000000036,86.33740158081055,8.896250153034927,881.21,1.2435
63.5,-126.0,2026-09-17 22:24:58,7.786000000000001,80.88740158081055,6.664250153034926,902.94,4.2495
63.5,-125.5,2026-09-17 22:24:58,10.435000000000002,71.36240158081056,11.344250153034926,933.64,3.6695
63.5,-125.0,2026-09-17 22:24:58,11.499000000000024,72.51240158081055,7.9602501530349254,935.43,3.6470000000000002
63.5,-124.5,2026-09-17 22:24:58,11.325000000000045,76.96240158081055,4.612250153034926,967.39,3.044
63.5,-124.0,2026-09-17 22:24:58,8.185000000000002,97.31240158081056,3.5142501530349257,955.84,2.815
63.5,-123.5,2026-09-17 22:24:58,7.182000000000016,95.00826950073242,1.803648013472557,987.09,2.4645
63.5,-123.0,2026-09-17 22:24:58,10.255000000000052,76.95826950073243,2.9556480134725573,966.06,1.0755000000000001
63.5,-122.5,2026-09-17 22:24:58,11.717000000000041,71.88326950073242,1.4796480134725571,955.1,2.6015
63.5,-122.0,2026-09-17 22:24:58,10.760000000000048,72.73326950073242,2.037648013472557,969.35,3.998
63.5,-121.5,2026-09-17 22:24:58,11.738000000000056,75.25826950073242,7.419648013472558,972.23,3.3035
63.5,-121.0,2026-09-17 22:24:58,10.553000000000054,75.05826950073242,7.4376480134725576,976.95,2.9525
63.5,-120.5,2026-09-17 22:24:58,10.089000000000055,76.43326950073242,7.491648013472558,974.82,4.0665000000000004
63.5,-120.0,2026-09-17 22:24:58,9.049000000000035,79.18326950073242,11.487648013472558,968.32,3.311
63.5,-119.5,2026-09-17 22:24:58,8.760000000000048,79.93326950073242,14.42164801347256,971.67,4.486
63.5,-119.0,2026-09-17 22:24:58,8.365000000000009,85.20826950073243,15.519648013472558,973.32,4.7915
63.5,-118.5,2026-09-17 22:24:58,9.18300000000005,77.58326950073243,15.159648013472559,977.85,3.769
63.5,-118.0,2026-09-17 22:24:58,8.604000000000042,83.83326950073243,19.245648013472557,979.07,3.5555
63.5,-117.5,2026-09-17 22:24:58,7.761000000000024,88.08326950073243,10.101648013472559,974.93,2.556
63.5,-117.0,2026-09-17 22:24:58,8.440000000000055,81.58326950073243,10.677648013472558,983.74,3.54
63.5,-116.5,2026-09-17 22:24:58,8.088000000000022,82.43326950073242,11.919648013472559,984.4,2.5100000000000002
63.5,-116.0,2026-09-17 22:24:58,7.869000000000028,87.60826950073243,11.613648013472558,984.08,2.0675
63.5,-115.5,2026-09-17 22:24:58,7.719000000000051,86.85826950073243,12.855648013472557,977.39,1.8995
63.5,-115.0,2026-09-17 22:24:58,7.098000000000013,94.18326950073242,6.771648013472557,974.09,1.3125
63.5,-114.5,2026-09-17 22:24:58,6.146000000000015,95.63326950073242,6.753648013472557,968.78,0.786
63.5,-114.0,2026-09-17 22:24:58,5.968000000000018,95.80826950073242,9.003648013472558,966.56,0.267
63.5,-113.5,2026-09-17 22:24:58,5.942000000000007,94.85826950073243,11.091648013472557,964.43,0.0535
63.5,-113.0,2026-09-17 22:24:58,5.597000000000037,95.40826950073243,13.629648013472558,959.84,0.0
63.5,-112.5,2026-09-17 22:24:58,5.4010000000000105,96.03326950073243,16.347648013472558,958.5,0.0
63.5,-112.0,2026-09-17 22:24:58,5.279000000000053,96.33326950073243,16.923648013472558,958.5,0.0
63.5,-111.5,2026-09-17 22:24:58,5.699000000000012,95.08326950073243,21.63964801347256,959.03,0.0
63.5,-111.0,2026-09-17 22:24:58,4.971000000000004,97.63326950073242,20.811648013472556,958.85,0.3585
63.5,-110.5,2026-09-17 22:24:58,4.802000000000021,97.30826950073242,23.007648013472558,960.37,0.0075
63.5,-110.0,2026-09-17 22:24:58,3.924000000000035,96.75826950073242,20.30764801347256,961.43,0.839
63.5,-109.5,2026-09-17 22:24:58,3.187000000000012,96.03326950073243,19.67764801347256,959.95,0.0075
63.5,-109.0,2026-09-17 22:24:58,3.899000000000001,92.60826950073243,19.587648013472556,963.42,0.038
63.5,-108.5,2026-09-17 22:24:58,4.720000000000027,83.58326950073243,23.007648013472558,965.53,0.2215
63.5,-108.0,2026-09-17 22:24:58,4.619000000000028,79.30826950073242,21.585648013472557,963.32,0.1905
63.5,-107.5,2026-09-17 22:24:58,5.599000000000046,68.00826950073242,21.117648013472557,967.98,0.046
63.5,-107.0,2026-09-17 22:24:58,6.727000000000032,60.83326950073243,21.963648013472557,968.91,0.0155
63.5,-106.5,2026-09-17 22:24:58,6.2620000000000005,64.35826950073242,21.06364801347256,967.42,0.0075
63.5,-106.0,2026-09-17 22:24:58,6.861000000000047,60.508269500732425,20.523648013472556,970.92,0.0
63.5,-105.5,2026-09-17 22:24:58,6.54400000000004,66.23326950073242,19.767648013472556,974.71,0.0
63.5,-105.0,2026-09-17 22:24:58,6.6650000000000205,67.20826950073243,16.617648013472557,981.9,0.0075
63.5,-104.5,2026-09-17 22:24:58,7.104000000000042,59.983269500732426,21.63964801347256,991.96,0.0075
63.5,-104.0,2026-09-17 22:24:58,6.110000000000014,67.30826950073242,20.289648013472558,982.35,0.0
63.5,-103.5,2026-09-17 22:24:58,5.346000000000004,63.108269500732426,21.53164801347256,970.99,0.0075
63.5,-103.0,2026-09-17 22:24:58,5.103000000000009,60.15826950073242,23.763648013472558,972.07,0.0
63.5,-102.5,2026-09-17 22:24:58,4.763000000000034,68.78326950073243,21.71164801347256,979.53,0.0
63.5,-102.0,2026-09-17 22:24:58,5.742000000000019,62.633269500732425,21.567648013472557,985.15,0.0
63.5,-101.5,2026-09-17 22:24:58,4.204000000000008,58.372796630859376,17.972255240142346,987.28,0.0
63.5,-101.0,2026-09-17 22:24:58,4.54200000000003,61.97279663085938,23.498255240142345,991.16,0.0155
63.5,-100.5,2026-09-17 22:24:58,4.9150000000000205,56.997796630859376,22.09425524014235,988.02,0.0
63.5,-100.0,2026-09-17 22:24:58,5.101000000000056,54.22279663085938,24.63225524014235,988.45,0.0
63.5,-99.5,2026-09-17 22:24:58,5.071000000000026,54.34779663085938,23.76825524014235,984.99,0.0305
63.5,-99.0,2026-09-17 22:24:58,5.996000000000038,54.19779663085938,20.726255240142347,998.42,0.0685
63.5,-98.5,2026-09-17 22:24:58,4.965000000000032,60.42279663085938,18.440255240142346,988.18,0.2135
63.5,-98.0,2026-09-17 22:24:58,5.221000000000004,59.59779663085938,17.144255240142346,992.52,0.023
63.5,-97.5,2026-09-17 22:24:58,5.397000000000048,59.69779663085938,17.88225524014235,1005.45,0.0305
63.5,-97.0,2026-09-17 22:24:58,5.453000000000031,55.247796630859376,19.016255240142346,1004.55,0.0305
63.5,-96.5,2026-09-17 22:24:58,5.0260000000000105,61.272796630859375,18.062255240142346,1003.02,0.046
63.5,-96.0,2026-09-17 22:24:58,4.890000000000043,65.04779663085938,18.296255240142344,1005.43,0.038
63.5,-95.5,2026-09-17 22:24:58,4.072000000000003,71.74779663085938,18.692255240142348,998.26,0.16
63.5,-95.0,2026-09-17 22:24:58,4.650000000000034,65.87279663085938,18.33225524014235,1000.87,0.084
63.5,-94.5,2026-09-17 22:24:58,4.397000000000048,66.64779663085938,19.628255240142344,1006.53,0.0685
63.5,-94.0,2026-09-17 22:24:58,4.642000000000053,60.47279663085938,17.59425524014235,1006.34,0.061
63.5,-93.5,2026-09-17 22:24:58,4.699000000000012,55.397796630859375,19.718255240142348,1011.68,0.0155
63.5,-93.0,2026-09-17 22:24:58,4.543000000000006,64.57279663085937,17.01825524014235,1015.27,0.0915
63.5,-92.5,2026-09-17 22:24:58,4.0190000000000055,64.72279663085938,16.532255240142348,1015.65,0.107
63.5,-92.0,2026-09-17 22:24:58,3.5740000000000123,61.54779663085938,16.352255240142345,1012.4,0.16
63.5,-91.5,2026-09-17 22:24:58,3.6610000000000014,54.997796630859376,18.674255240142347,1012.66,0.3815
63.5,-91.0,2026-09-17 22:24:58,2.5050000000000523,74.47279663085938,23.822255240142347,1018.71,0.1985
63.5,-90.5,2026-09-17 22:24:58,3.178000000000054,69.19779663085937,22.83225524014235,1018.43,0.023
63.5,-87.0,2026-09-17 22:24:58,4.611000000000047,70.99779663085938,20.348255240142347,1015.89,1.6480000000000001
63.5,-85.5,2026-09-17 22:24:58,4.212000000000046,70.89779663085938,13.256255240142345,1002.55,2.678
63.5,-85.0,2026-09-17 22:24:58,4.572000000000003,59.54779663085938,16.478255240142346,1000.37,2.037
63.5,-84.5,2026-09-17 22:24:58,4.560000000000002,72.22279663085938,15.434255240142345,1012.91,0.847
63.5,-81.5,2026-09-17 22:24:58,3.0580000000000496,78.44779663085939,20.780255240142345,1012.81,0.908
63.5,-81.0,2026-09-17 22:24:58,3.0640000000000214,78.79779663085938,17.738255240142347,1008.91,1.0145
63.5,-78.5,2026-09-17 22:24:58,2.240000000000009,89.54779663085938,23.48025524014235,1009.16,2.1895000000000002
63.5,-78.0,2026-09-17 22:24:58,1.9980000000000473,90.84779663085938,21.932255240142347,1010.7,2.6095
63.5,-77.0,2026-09-17 22:24:58,2.858000000000004,85.84779663085938,22.742255240142345,988.63,1.625
63.5,-76.5,2026-09-17 22:24:58,2.9630000000000223,87.19779663085939,26.01825524014235,1009.43,0.366
63.5,-72.0,2026-09-17 22:24:58,2.4190000000000396,96.69779663085939,26.666255240142345,1006.62,0.5875
63.5,-71.5,2026-09-17 22:24:58,3.5100000000000477,95.37279663085938,27.296255240142344,1006.48,0.2135
63.5,-71.0,2026-09-17 22:24:58,3.0270000000000437,94.37279663085938,21.878255240142344,980.91,0.458
63.5,-70.5,2026-09-17 22:24:58,1.6800000000000068,92.59779663085938,21.680255240142348,957.21,0.2215
63.5,-70.0,2026-09-17 22:24:58,0.90300000000002,98.42279663085938,22.490255240142346,951.49,0.0765
63.5,-69.5,2026-09-17 22:24:58,0.7820000000000391,94.97279663085938,23.498255240142345,941.71,0.0305
63.5,-69.0,2026-09-17 22:24:58,1.7600000000000477,84.77279663085938,25.622255240142344,940.73,0.038
63.5,-68.5,2026-09-17 22:24:58,2.927000000000021,83.02279663085938,10.448255240142347,1007.42,0.0075
63.5,-68.0,2026-09-17 22:24:58,3.362000000000023,73.17279663085938,11.384255240142345,1004.12,0.0
63.5,-67.5,2026-09-17 22:24:58,3.862000000000023,78.62279663085938,3.5722552401423457,1002.91,0.0
63.5,-67.0,2026-09-17 22:24:58,3.15300000000002,60.147796630859375,14.642255240142346,946.79,0.0
63.5,-66.5,2026-09-17 22:24:58,2.91700000000003,65.12279663085938,17.720255240142343,944.62,0.0
63.5,-66.0,2026-09-17 22:24:58,1.774000000000001,69.52279663085938,16.046255240142344,939.88,0.0
63.5,-65.5,2026-09-17 22:24:58,4.340000000000032,69.99779663085938,12.734255240142346,974.34,0.0
63.5,-65.0,2026-09-17 22:24:58,4.584000000000003,61.022796630859375,14.570255240142345,982.22,0.0
63.5,-64.5,2026-09-17 22:24:58,4.974000000000046,69.12279663085938,20.978255240142346,1004.24,0.0
63.5,-64.0,2026-09-17 22:24:58,2.44500000000005,82.62279663085938,21.62625524014235,1007.9,0.0
64.0,-141.0,2026-09-17 22:24:58,5.598000000000013,70.58740158081055,10.426250153034927,884.74,1.2285
64.0,-140.5,2026-09-17 22:24:58,8.471000000000004,61.93740158081055,6.898250153034926,915.45,1.8920000000000001
64.0,-140.0,2026-09-17 22:24:58,7.001000000000033,72.98740158081056,7.9602501530349254,907.87,4.9135
64.0,-139.5,2026-09-17 22:24:58,8.611000000000047,71.68740158081054,6.898250153034926,942.59,9.2545
64.0,-139.0,2026-09-17 22:24:58,9.43100000000004,74.66240158081055,5.296250153034926,944.47,8.835
64.0,-138.5,2026-09-17 22:24:58,9.225000000000023,69.98740158081056,5.728250153034926,949.68,6.6530000000000005
64.0,-138.0,2026-09-17 22:24:58,8.214000000000055,74.91240158081055,9.958250153034927,933.37,5.2795000000000005
64.0,-137.5,2026-09-17 22:24:58,7.726000000000056,66.96240158081055,12.568250153034926,914.23,4.5015
64.0,-137.0,2026-09-17 22:24:58,5.772000000000048,66.06240158081054,17.194250153034925,879.46,4.0285
64.0,-136.5,2026-09-17 22:24:58,7.751000000000033,61.11240158081055,15.142250153034928,899.11,3.8225000000000002
64.0,-136.0,2026-09-17 22:24:58,8.052000000000021,60.88740158081055,12.496250153034927,898.61,4.8675
64.0,-135.5,2026-09-17 22:24:58,8.985000000000014,58.66240158081055,13.864250153034925,913.22,5.0585
64.0,-135.0,2026-09-17 22:24:58,9.610000000000014,55.48740158081055,12.100250153034926,922.79,5.432
64.0,-134.5,2026-09-17 22:24:58,6.069000000000017,67.43740158081054,10.102250153034927,872.95,5.699
64.0,-134.0,2026-09-17 22:24:58,9.386000000000024,63.31240158081055,10.354250153034926,912.22,2.594
64.0,-133.5,2026-09-17 22:24:58,7.702000000000055,71.06240158081054,11.020250153034926,894.21,2.617
64.0,-133.0,2026-09-17 22:24:58,9.777000000000044,69.08740158081055,11.542250153034926,919.6,2.548
64.0,-132.5,2026-09-17 22:24:58,4.7450000000000045,79.41240158081055,11.326250153034925,858.25,5.5695
64.0,-132.0,2026-09-17 22:24:58,3.6480000000000246,88.51240158081055,10.660250153034925,859.46,9.056000000000001
64.0,-131.5,2026-09-17 22:24:58,4.238000000000056,83.56240158081056,11.776250153034926,861.4,7.3015
64.0,-131.0,2026-09-17 22:24:58,2.44500000000005,88.38740158081055,8.248250153034926,847.32,6.8740000000000006
64.0,-130.5,2026-09-17 22:24:58,3.9700000000000273,82.21240158081055,10.066250153034925,854.36,3.38
64.0,-130.0,2026-09-17 22:24:58,5.140000000000043,80.58740158081055,11.164250153034926,854.91,4.1275
64.0,-129.5,2026-09-17 22:24:58,7.9570000000000505,80.21240158081055,4.162250153034925,883.82,2.884
64.0,-129.0,2026-09-17 22:24:58,0.7290000000000418,91.51240158081055,12.712250153034926,818.96,7.3165000000000004
64.0,-128.5,2026-09-17 22:24:58,5.234000000000037,82.41240158081055,12.874250153034927,858.98,1.938
64.0,-128.0,2026-09-17 22:24:58,5.69500000000005,86.11240158081056,1.5882501530349253,904.23,3.6695
64.0,-127.5,2026-09-17 22:24:58,1.3420000000000414,96.33740158081055,13.378250153034926,837.14,5.9585
64.0,-127.0,2026-09-17 22:24:58,4.859000000000037,88.73740158081056,9.724250153034927,865.39,0.41200000000000003
64.0,-126.5,2026-09-17 22:24:58,2.904000000000053,92.18740158081056,13.054250153034925,874.53,1.442
64.0,-126.0,2026-09-17 22:24:58,5.456000000000017,93.33740158081055,2.146250153034926,920.11,5.4855
64.0,-125.5,2026-09-17 22:24:58,8.454000000000008,79.13740158081055,6.952250153034926,939.09,2.2125
64.0,-125.0,2026-09-17 22:24:58,9.397000000000048,82.08740158081055,0.8142501530349255,971.75,2.7465
64.0,-124.5,2026-09-17 22:24:58,9.492000000000019,87.73740158081056,4.324250153034925,992.05,2.9375
64.0,-124.0,2026-09-17 22:24:58,8.327000000000055,89.03740158081055,1.8582501530349256,980.44,4.158
64.0,-123.5,2026-09-17 22:24:58,7.656000000000006,87.63326950073242,4.953648013472558,929.18,3.456
64.0,-123.0,2026-09-17 22:24:58,10.066000000000031,78.73326950073243,8.067648013472557,973.82,4.73
64.0,-122.5,2026-09-17 22:24:58,10.131000000000029,80.73326950073243,8.067648013472557,959.29,3.4025
64.0,-122.0,2026-09-17 22:24:58,11.440000000000055,79.95826950073243,6.519648013472557,976.07,4.73
64.0,-121.5,2026-09-17 22:24:58,8.072000000000003,89.05826950073242,11.487648013472558,982.75,3.891
64.0,-121.0,2026-09-17 22:24:58,10.232000000000028,78.58326950073243,9.111648013472557,979.29,3.54
64.0,-120.5,2026-09-17 22:24:58,9.162000000000035,82.53326950073243,7.635648013472558,974.96,3.723
64.0,-120.0,2026-09-17 22:24:58,7.2000000000000455,91.93326950073242,13.953648013472558,974.0,2.64
64.0,-119.5,2026-09-17 22:24:58,7.703000000000031,86.53326950073243,13.971648013472556,970.81,5.699
64.0,-119.0,2026-09-17 22:24:58,7.872000000000014,86.08326950073243,19.623648013472557,971.24,6.18
64.0,-118.5,2026-09-17 22:24:58,7.314000000000021,87.48326950073243,16.11364801347256,969.78,4.402
64.0,-118.0,2026-09-17 22:24:58,7.277000000000044,85.20826950073243,16.527648013472557,969.05,2.4645
64.0,-117.5,2026-09-17 22:24:58,8.408000000000015,83.95826950073243,16.347648013472558,983.82,3.113
64.0,-117.0,2026-09-17 22:24:58,8.307000000000016,81.05826950073242,9.633648013472557,982.46,2.037
64.0,-116.5,2026-09-17 22:24:58,6.992000000000019,88.53326950073243,10.515648013472557,978.49,2.472
64.0,-116.0,2026-09-17 22:24:58,6.886000000000024,89.20826950073243,11.145648013472558,978.31,1.7015
64.0,-115.5,2026-09-17 22:24:58,6.841000000000008,89.23326950073243,9.381648013472558,975.44,1.358
64.0,-115.0,2026-09-17 22:24:58,6.463000000000022,91.90826950073243,8.067648013472557,971.96,0.839
64.0,-114.5,2026-09-17 22:24:58,5.585000000000036,96.58326950073243,8.283648013472558,964.96,0.1905
64.0,-114.0,2026-09-17 22:24:58,5.862000000000023,95.18326950073242,11.631648013472558,964.89,0.046
64.0,-113.5,2026-09-17 22:24:58,5.5160000000000196,93.63326950073242,9.723648013472559,965.14,0.0
64.0,-113.0,2026-09-17 22:24:58,5.378000000000043,94.28326950073243,11.631648013472558,963.44,0.0
64.0,-112.5,2026-09-17 22:24:58,4.668000000000006,97.53326950073243,13.089648013472557,955.01,0.0
64.0,-112.0,2026-09-17 22:24:58,4.652000000000044,97.40826950073243,16.329648013472557,955.8,0.0
64.0,-111.5,2026-09-17 22:24:58,4.8840000000000146,96.30826950073242,19.767648013472556,960.37,0.0
64.0,-111.0,2026-09-17 22:24:58,3.7970000000000255,96.83326950073243,19.587648013472556,957.41,0.0305
64.0,-110.5,2026-09-17 22:24:58,3.907000000000039,95.90826950073243,20.109648013472558,961.96,0.244
64.0,-110.0,2026-09-17 22:24:58,3.2310000000000514,93.83326950073243,18.54364801347256,961.07,0.0
64.0,-109.5,2026-09-17 22:24:58,3.882000000000005,89.88326950073242,20.811648013472556,964.01,0.0
64.0,-109.0,2026-09-17 22:24:58,4.087000000000046,79.95826950073243,19.875648013472556,963.15,0.0155
64.0,-108.5,2026-09-17 22:24:58,4.768000000000029,75.90826950073243,20.14564801347256,966.64,0.0155
64.0,-108.0,2026-09-17 22:24:58,5.349000000000046,64.03326950073243,21.62164801347256,965.1,0.0
64.0,-107.5,2026-09-17 22:24:58,5.475000000000023,72.85826950073242,19.713648013472557,969.72,0.0
64.0,-107.0,2026-09-17 22:24:58,6.912000000000035,60.05826950073242,22.719648013472558,966.83,0.0075
64.0,-106.5,2026-09-17 22:24:58,7.480000000000018,54.258269500732425,21.297648013472557,968.0,0.0075
64.0,-106.0,2026-09-17 22:24:58,6.596000000000004,64.65826950073243,20.397648013472555,970.93,0.0155
64.0,-105.5,2026-09-17 22:24:58,6.813000000000045,59.358269500732426,21.53164801347256,970.27,0.0075
64.0,-105.0,2026-09-17 22:24:58,6.382000000000005,64.23326950073242,21.783648013472558,973.54,0.0075
64.0,-104.5,2026-09-17 22:24:58,5.619000000000028,63.90826950073242,22.629648013472558,977.97,0.0075
64.0,-104.0,2026-09-17 22:24:58,7.230000000000018,53.18326950073242,21.099648013472557,993.63,0.0
64.0,-103.5,2026-09-17 22:24:58,7.091000000000008,50.83326950073243,22.23364801347256,989.17,0.0
64.0,-103.0,2026-09-17 22:24:58,7.229000000000042,49.95826950073243,21.423648013472558,996.18,0.0
64.0,-102.5,2026-09-17 22:24:58,7.473000000000013,49.608269500732426,21.567648013472557,997.07,0.0
64.0,-102.0,2026-09-17 22:24:58,6.5400000000000205,51.508269500732425,22.05364801347256,991.15,0.0
64.0,-101.5,2026-09-17 22:24:58,4.265000000000043,52.122796630859376,18.350255240142346,978.19,0.0075
64.0,-101.0,2026-09-17 22:24:58,5.239000000000033,48.372796630859376,17.774255240142345,989.06,0.0
64.0,-100.5,2026-09-17 22:24:58,5.486000000000047,49.22279663085938,18.548255240142346,991.83,0.0
64.0,-100.0,2026-09-17 22:24:58,5.713000000000022,56.622796630859376,21.104255240142347,1001.87,0.0155
64.0,-99.5,2026-09-17 22:24:58,5.439000000000021,60.07279663085938,23.930255240142348,1003.15,0.0305
64.0,-99.0,2026-09-17 22:24:58,5.720000000000027,55.372796630859376,19.808255240142344,1001.87,0.0
64.0,-98.5,2026-09-17 22:24:58,5.2520000000000095,67.32279663085937,23.76825524014235,1003.05,0.0075
64.0,-98.0,2026-09-17 22:24:58,5.256000000000029,65.82279663085937,24.164255240142346,1004.23,0.0305
64.0,-97.5,2026-09-17 22:24:58,4.8770000000000095,66.54779663085938,27.728255240142346,1001.57,0.2215
64.0,-97.0,2026-09-17 22:24:58,4.529000000000053,64.12279663085938,22.148255240142348,992.0,0.038
64.0,-96.5,2026-09-17 22:24:58,5.8180000000000405,66.37279663085938,24.074255240142346,1011.77,0.374
64.0,-96.0,2026-09-17 22:24:58,4.823000000000036,67.42279663085938,19.304255240142346,1003.66,0.366
64.0,-95.5,2026-09-17 22:24:58,5.566000000000031,62.747796630859376,18.206255240142347,1013.54,0.1525
64.0,-95.0,2026-09-17 22:24:58,5.552000000000021,64.24779663085938,17.684255240142345,1014.2,0.168
64.0,-94.5,2026-09-17 22:24:58,5.136000000000024,63.19779663085938,22.54425524014235,1017.2,0.17550000000000002
64.0,-94.0,2026-09-17 22:24:58,4.856000000000051,63.497796630859376,21.446255240142346,1013.09,0.16
64.0,-93.5,2026-09-17 22:24:58,2.4750000000000227,80.39779663085938,15.236255240142347,1018.73,0.0305
64.0,-93.0,2026-09-17 22:24:58,4.102000000000032,64.57279663085937,13.814255240142346,1012.08,0.0
64.0,-92.5,2026-09-17 22:24:58,3.7140000000000555,63.372796630859376,11.582255240142345,1011.15,0.0
64.0,-92.0,2026-09-17 22:24:58,3.1310000000000286,60.17279663085938,13.760255240142346,1007.53,0.0
64.0,-91.5,2026-09-17 22:24:58,3.205000000000041,59.29779663085938,15.956255240142347,1007.67,0.0
64.0,-91.0,2026-09-17 22:24:58,2.6970000000000027,63.772796630859375,17.252255240142347,1007.77,0.0
64.0,-90.5,2026-09-17 22:24:58,3.0990000000000464,61.29779663085938,19.502255240142347,1014.85,0.0075
64.0,-90.0,2026-09-17 22:24:58,3.358000000000004,63.022796630859375,19.772255240142346,1015.01,0.0305
64.0,-89.5,2026-09-17 22:24:58,2.6300000000000523,71.94779663085937,24.200255240142347,1017.5,0.0535
64.0,-89.0,2026-09-17 22:24:58,3.295000000000016,71.87279663085938,22.202255240142346,1017.06,0.061
64.0,-88.5,2026-09-17 22:24:58,3.555000000000007,71.07279663085937,18.530255240142345,1016.67,0.046
64.0,-87.0,2026-09-17 22:24:58,4.105000000000018,72.42279663085938,13.544255240142345,1015.75,0.3815
64.0,-86.5,2026-09-17 22:24:58,3.0370000000000346,76.69779663085937,3.0502552401423455,1015.31,0.183
64.0,-86.0,2026-09-17 22:24:58,3.303000000000054,66.17279663085938,6.956255240142346,1013.02,0.29
64.0,-85.5,2026-09-17 22:24:58,3.952000000000055,72.27279663085938,11.492255240142347,1011.18,0.2215
64.0,-85.0,2026-09-17 22:24:58,3.295000000000016,74.39779663085938,16.064255240142344,1002.88,0.511
64.0,-84.5,2026-09-17 22:24:58,3.295000000000016,75.27279663085938,18.242255240142345,1004.22,0.458
64.0,-84.0,2026-09-17 22:24:58,3.7450000000000045,75.74779663085938,15.488255240142347,1004.96,0.5645
64.0,-83.5,2026-09-17 22:24:58,3.438000000000045,68.27279663085938,11.726255240142345,1013.87,0.8315
64.0,-83.0,2026-09-17 22:24:58,3.3430000000000177,73.87279663085938,11.096255240142346,1011.59,1.4040000000000001
64.0,-82.5,2026-09-17 22:24:58,3.3290000000000077,71.92279663085938,10.484255240142346,1011.73,1.6325
64.0,-82.0,2026-09-17 22:24:58,2.452000000000055,73.72279663085938,15.686255240142346,1012.95,1.7015
64.0,-81.5,2026-09-17 22:24:58,1.7420000000000186,77.79779663085938,19.160255240142344,1007.6,2.4795000000000003
64.0,-81.0,2026-09-17 22:24:58,1.7430000000000518,76.97279663085938,27.764255240142347,1007.7,2.3345000000000002
64.0,-80.5,2026-09-17 22:24:58,2.1350000000000477,76.72279663085938,29.402255240142345,1012.27,2.632
64.0,-78.0,2026-09-17 22:24:58,1.747000000000014,93.34779663085938,22.976255240142347,1009.73,3.4715000000000003
64.0,-77.5,2026-09-17 22:24:58,1.7140000000000555,92.12279663085938,25.352255240142345,1008.4,3.998
64.0,-73.0,2026-09-17 22:24:58,3.424000000000035,86.12279663085938,31.14825524014235,1006.45,0.1905
64.0,-72.5,2026-09-17 22:24:58,2.3240000000000123,94.42279663085938,22.436255240142348,994.5,0.313
64.0,-72.0,2026-09-17 22:24:58,2.4190000000000396,97.37279663085938,19.970255240142343,990.68,0.5875
64.0,-71.5,2026-09-17 22:24:58,0.6060000000000514,99.59779663085938,18.242255240142345,966.37,0.5035000000000001
64.0,-71.0,2026-09-17 22:24:58,0.05400000000003047,99.22279663085938,22.112255240142346,952.18,0.1295
64.0,-70.5,2026-09-17 22:24:58,0.7150000000000318,93.62279663085938,28.160255240142344,942.67,0.2135
64.0,-70.0,2026-09-17 22:24:58,2.3940000000000055,84.29779663085938,24.740255240142346,953.79,0.061
64.0,-69.5,2026-09-17 22:24:58,3.032000000000039,81.54779663085938,23.858255240142345,957.48,0.046
64.0,-69.0,2026-09-17 22:24:58,4.059000000000026,78.92279663085938,13.760255240142346,985.51,0.038
64.0,-68.5,2026-09-17 22:24:58,2.3240000000000123,79.07279663085939,12.878255240142346,964.46,0.0535
64.0,-68.0,2026-09-17 22:24:58,1.313000000000045,81.97279663085938,13.670255240142346,945.55,0.0305
64.0,-67.5,2026-09-17 22:24:58,1.650000000000034,71.72279663085938,17.01825524014235,932.54,0.0
64.0,-67.0,2026-09-17 22:24:58,0.9510000000000218,74.89779663085938,16.55025524014235,928.34,0.0075
64.0,-66.5,2026-09-17 22:24:58,2.007000000000005,68.34779663085938,18.998255240142345,930.38,0.0
64.0,-66.0,2026-09-17 22:24:58,2.899000000000001,67.52279663085938,17.88225524014235,944.04,0.0
64.0,-65.5,2026-09-17 22:24:58,0.7690000000000055,81.74779663085938,18.782255240142348,938.02,0.0
64.0,-65.0,2026-09-17 22:24:58,2.88900000000001,75.42279663085938,14.966255240142345,969.23,0.0
64.0,-64.5,2026-09-17 22:24:58,2.890000000000043,74.17279663085938,18.620255240142345,986.52,0.0
64.5,-141.0,2026-09-17 22:24:58,5.9360000000000355,81.76240158081055,14.386250153034926,922.04,7.736
64.5,-140.5,2026-09-17 22:24:58,8.879000000000019,84.36240158081056,3.352250153034926,974.2,11.49
64.5,-140.0,2026-09-17 22:24:58,3.7000000000000455,87.03740158081055,8.230250153034927,898.86,14.5265
64.5,-139.5,2026-09-17 22:24:58,5.629000000000019,78.03740158081055,8.590250153034926,907.11,10.75
64.5,-139.0,2026-09-17 22:24:58,2.7620000000000005,84.78740158081055,8.572250153034926,872.16,13.1835
64.5,-138.5,2026-09-17 22:24:58,-0.2999999999999545,90.88740158081055,12.568250153034926,829.16,11.734
64.5,-138.0,2026-09-17 22:24:58,0.13500000000004775,92.56240158081056,14.908250153034926,831.68,8.522
64.5,-137.5,2026-09-17 22:24:58,2.9080000000000155,80.26240158081055,10.732250153034926,851.53,4.8675
64.5,-137.0,2026-09-17 22:24:58,6.263000000000034,71.98740158081056,5.7102501530349254,884.38,4.219
64.5,-136.5,2026-09-17 22:24:58,1.9840000000000373,87.91240158081055,9.922250153034925,846.57,6.9505
64.5,-136.0,2026-09-17 22:24:58,2.2670000000000528,96.31240158081056,9.472250153034926,864.78,7.248
64.5,-135.5,2026-09-17 22:24:58,4.934000000000026,82.96240158081055,4.954250153034925,871.08,7.2935
64.5,-135.0,2026-09-17 22:24:58,1.8670000000000186,93.81240158081056,8.194250153034925,846.46,10.2845
64.5,-134.5,2026-09-17 22:24:58,4.483000000000004,84.43740158081056,3.0462501530349257,873.72,7.469
64.5,-134.0,2026-09-17 22:24:58,2.0740000000000123,90.51240158081055,5.494250153034926,853.08,9.3385
64.5,-133.5,2026-09-17 22:24:58,7.150000000000034,79.11240158081056,0.5262501530349255,891.57,4.112
64.5,-133.0,2026-09-17 22:24:58,0.9460000000000264,93.73740158081056,6.952250153034926,834.7,7.08
64.5,-132.5,2026-09-17 22:24:58,1.76400000000001,89.48740158081056,9.094250153034926,842.96,8.2395
64.5,-132.0,2026-09-17 22:24:58,1.705000000000041,92.86240158081056,8.428250153034925,854.25,6.668
64.5,-131.5,2026-09-17 22:24:58,3.0500000000000114,86.91240158081055,9.868250153034927,858.61,4.7915
64.5,-131.0,2026-09-17 22:24:58,4.799000000000035,75.33740158081055,3.0462501530349257,858.6,1.1520000000000001
64.5,-130.5,2026-09-17 22:24:58,0.7410000000000423,87.61240158081056,10.210250153034925,817.03,2.1665
64.5,-130.0,2026-09-17 22:24:58,4.432000000000016,84.81240158081056,8.158250153034926,853.43,1.7015
64.5,-129.5,2026-09-17 22:24:58,0.7590000000000146,92.43740158081056,6.826250153034926,814.88,2.7465
64.5,-129.0,2026-09-17 22:24:58,1.57000000000005,95.11240158081056,5.098250153034925,837.4,3.0365
64.5,-128.5,2026-09-17 22:24:58,1.2620000000000005,93.56240158081056,7.204250153034925,829.32,7.5075
64.5,-128.0,2026-09-17 22:24:58,2.4780000000000086,93.51240158081055,8.068250153034926,856.03,0.923
64.5,-127.5,2026-09-17 22:24:58,4.784000000000049,93.93740158081056,2.4342501530349256,890.41,2.22
64.5,-127.0,2026-09-17 22:24:58,1.52800000000002,97.36240158081056,5.908250153034926,865.86,3.2425
64.5,-126.5,2026-09-17 22:24:58,6.388000000000034,97.43740158081056,8.680250153034926,948.86,1.8005
64.5,-126.0,2026-09-17 22:24:58,5.256000000000029,98.93740158081056,16.150250153034925,926.53,2.884
64.5,-125.5,2026-09-17 22:24:58,8.351000000000056,88.41240158081055,14.710250153034927,966.98,2.8915
64.5,-125.0,2026-09-17 22:24:58,8.226000000000056,90.31240158081056,1.2282501530349255,1001.91,3.0745
64.5,-124.5,2026-09-17 22:24:58,7.989000000000033,88.91240158081055,7.384250153034927,967.54,2.8000000000000003
64.5,-124.0,2026-09-17 22:24:58,11.930000000000007,57.01240158081055,9.994250153034926,957.51,2.495
64.5,-123.5,2026-09-17 22:24:58,12.654000000000053,63.233269500732426,6.195648013472558,963.73,2.35
64.5,-123.0,2026-09-17 22:24:58,13.255000000000052,67.35826950073242,5.961648013472558,980.2,2.495
64.5,-122.5,2026-09-17 22:24:58,11.87700000000001,76.85826950073243,8.481648013472558,982.95,2.861
64.5,-122.0,2026-09-17 22:24:58,11.479000000000042,74.08326950073243,7.869648013472558,986.1,3.1510000000000002
64.5,-121.5,2026-09-17 22:24:58,10.309000000000026,79.05826950073242,7.617648013472556,981.57,2.983
64.5,-121.0,2026-09-17 22:24:58,8.946000000000026,83.45826950073243,9.921648013472558,975.85,3.0365
64.5,-120.5,2026-09-17 22:24:58,8.122000000000014,86.60826950073243,11.811648013472556,967.97,3.212
64.5,-120.0,2026-09-17 22:24:58,7.814000000000021,88.78326950073243,13.575648013472557,965.68,3.2195
64.5,-119.5,2026-09-17 22:24:58,7.611000000000047,88.43326950073242,15.339648013472559,967.03,4.776
64.5,-119.0,2026-09-17 22:24:58,7.2140000000000555,89.15826950073243,13.719648013472558,964.96,3.4330000000000003
64.5,-118.5,2026-09-17 22:24:58,7.238000000000056,87.45826950073243,12.819648013472557,965.51,1.709
64.5,-118.0,2026-09-17 22:24:58,8.802000000000021,78.80826950073242,12.567648013472557,979.1,2.548
64.5,-117.5,2026-09-17 22:24:58,8.386000000000024,78.68326950073242,13.251648013472558,986.24,1.9835
64.5,-117.0,2026-09-17 22:24:58,7.703000000000031,81.03326950073243,9.813648013472559,981.63,1.1595
64.5,-116.5,2026-09-17 22:24:58,6.184000000000026,90.28326950073243,10.065648013472558,973.05,1.4115
64.5,-116.0,2026-09-17 22:24:58,5.770000000000039,93.23326950073243,8.013648013472558,971.93,1.4115
64.5,-115.5,2026-09-17 22:24:58,4.932000000000016,95.68326950073242,7.473648013472556,964.63,1.129
64.5,-115.0,2026-09-17 22:24:58,4.8840000000000146,95.18326950073242,6.609648013472557,965.93,0.862
64.5,-114.5,2026-09-17 22:24:58,4.834000000000003,96.25826950073242,7.905648013472557,961.49,0.122
64.5,-114.0,2026-09-17 22:24:58,4.875000000000057,96.35826950073243,9.435648013472559,959.21,0.0
64.5,-113.5,2026-09-17 22:24:58,4.657000000000039,96.55826950073242,12.567648013472557,959.24,0.0
64.5,-113.0,2026-09-17 22:24:58,5.354000000000042,93.95826950073243,14.349648013472557,964.95,0.0
64.5,-112.5,2026-09-17 22:24:58,4.5090000000000146,95.83326950073243,14.925648013472557,959.14,0.0
64.5,-112.0,2026-09-17 22:24:58,4.447000000000003,96.35826950073243,16.725648013472558,955.65,0.0
64.5,-111.5,2026-09-17 22:24:58,4.439000000000021,96.63326950073242,18.399648013472557,958.04,0.0
64.5,-111.0,2026-09-17 22:24:58,3.8170000000000073,95.33326950073243,19.67764801347256,959.78,0.0
64.5,-110.5,2026-09-17 22:24:58,5.005000000000052,92.40826950073243,28.065648013472558,961.41,0.2745
64.5,-110.0,2026-09-17 22:24:58,3.63900000000001,86.28326950073243,20.577648013472558,958.39,0.0
64.5,-109.5,2026-09-17 22:24:58,3.9980000000000473,81.15826950073243,21.00964801347256,960.44,0.0
64.5,-109.0,2026-09-17 22:24:58,5.248000000000047,69.25826950073242,24.24964801347256,960.87,0.0
64.5,-108.5,2026-09-17 22:24:58,6.625000000000057,62.383269500732425,22.431648013472557,967.89,0.0075
64.5,-108.0,2026-09-17 22:24:58,5.947000000000003,66.25826950073242,21.99964801347256,965.79,0.0
64.5,-107.5,2026-09-17 22:24:58,5.809000000000026,68.25826950073242,22.773648013472556,967.08,0.0
64.5,-107.0,2026-09-17 22:24:58,5.816000000000031,68.83326950073243,21.76564801347256,965.89,0.0
64.5,-106.5,2026-09-17 22:24:58,6.592000000000041,62.28326950073242,22.017648013472556,968.18,0.0075
64.5,-106.0,2026-09-17 22:24:58,7.176000000000045,58.45826950073243,19.587648013472556,974.73,0.0
64.5,-105.5,2026-09-17 22:24:58,6.479000000000042,59.53326950073242,20.86564801347256,972.68,0.038
64.5,-105.0,2026-09-17 22:24:58,6.90300000000002,53.80826950073242,21.117648013472557,974.0,0.0155
64.5,-104.5,2026-09-17 22:24:58,7.395000000000039,51.53326950073242,21.387648013472557,984.82,0.0
64.5,-104.0,2026-09-17 22:24:58,6.2970000000000255,53.508269500732425,20.48764801347256,981.22,0.0
64.5,-103.5,2026-09-17 22:24:58,6.104000000000042,51.508269500732425,21.24364801347256,985.3,0.0
64.5,-103.0,2026-09-17 22:24:58,6.461000000000013,48.58326950073243,21.873648013472557,984.33,0.0
64.5,-102.5,2026-09-17 22:24:58,7.118000000000052,46.233269500732426,20.343648013472556,994.87,0.0
64.5,-102.0,2026-09-17 22:24:58,7.423000000000002,44.58326950073243,20.685648013472555,999.84,0.0
64.5,-101.5,2026-09-17 22:24:58,3.229000000000042,67.64779663085938,17.828255240142347,1007.9,0.0155
64.5,-101.0,2026-09-17 22:24:58,3.636000000000024,56.79779663085938,18.260255240142346,995.77,0.0075
64.5,-100.5,2026-09-17 22:24:58,4.4150000000000205,54.67279663085938,18.530255240142345,999.39,0.0
64.5,-100.0,2026-09-17 22:24:58,4.518000000000029,57.747796630859376,16.586255240142346,1003.31,0.0
64.5,-99.5,2026-09-17 22:24:58,3.980000000000018,62.022796630859375,18.386255240142347,1000.23,0.0075
64.5,-99.0,2026-09-17 22:24:58,4.44500000000005,65.89779663085938,22.904255240142348,1009.55,0.1525
64.5,-98.5,2026-09-17 22:24:58,4.289000000000044,68.17279663085938,25.478255240142346,1009.43,0.23650000000000002
64.5,-98.0,2026-09-17 22:24:58,4.02800000000002,68.59779663085938,20.312255240142346,998.96,0.1375
64.5,-97.5,2026-09-17 22:24:58,4.584000000000003,67.82279663085937,22.490255240142346,995.75,0.0075
64.5,-97.0,2026-09-17 22:24:58,4.402000000000044,73.22279663085938,18.350255240142346,997.57,0.3965
64.5,-96.5,2026-09-17 22:24:58,5.2000000000000455,69.29779663085938,16.73025524014235,1006.97,0.3205
64.5,-96.0,2026-09-17 22:24:58,4.696000000000026,71.99779663085938,18.008255240142343,1008.29,0.122
64.5,-95.5,2026-09-17 22:24:58,4.29400000000004,70.42279663085938,20.114255240142345,1006.38,0.6025
64.5,-95.0,2026-09-17 22:24:58,4.485000000000014,69.97279663085938,19.358255240142345,1009.62,0.2215
64.5,-94.5,2026-09-17 22:24:58,3.716000000000008,71.87279663085938,19.862255240142346,1007.92,0.0155
64.5,-94.0,2026-09-17 22:24:58,4.149000000000001,67.99779663085938,17.450255240142347,1010.91,0.1905
64.5,-93.5,2026-09-17 22:24:58,3.295000000000016,68.74779663085938,16.334255240142344,1003.43,0.0155
64.5,-93.0,2026-09-17 22:24:58,2.597000000000037,73.79779663085938,12.680255240142346,1004.29,0.0305
64.5,-92.5,2026-09-17 22:24:58,2.883000000000038,72.57279663085937,13.580255240142346,1002.94,0.41200000000000003
64.5,-92.0,2026-09-17 22:24:58,2.580000000000041,68.39779663085938,12.914255240142346,1004.22,0.41200000000000003
64.5,-91.5,2026-09-17 22:24:58,1.781000000000006,72.84779663085938,13.112255240142344,995.98,0.084
64.5,-91.0,2026-09-17 22:24:58,1.9870000000000232,68.54779663085938,14.210255240142345,1002.56,0.0075
64.5,-90.5,2026-09-17 22:24:58,2.170000000000016,68.44779663085937,15.056255240142347,1006.73,0.0
64.5,-90.0,2026-09-17 22:24:58,1.399000000000001,70.99779663085938,18.206255240142347,998.41,0.0075
64.5,-89.5,2026-09-17 22:24:58,1.6890000000000214,66.34779663085938,19.286255240142346,1002.55,0.0075
64.5,-89.0,2026-09-17 22:24:58,2.201000000000022,67.02279663085938,16.496255240142347,992.96,0.0
64.5,-88.5,2026-09-17 22:24:58,2.993000000000052,66.59779663085938,14.300255240142345,998.29,0.0
64.5,-88.0,2026-09-17 22:24:58,3.629000000000019,70.34779663085938,14.354255240142345,1004.48,0.0
64.5,-87.5,2026-09-17 22:24:58,3.57000000000005,71.37279663085938,13.778255240142345,1015.74,0.0
64.5,-86.5,2026-09-17 22:24:58,3.524000000000001,77.37279663085938,15.956255240142347,1015.35,0.0
64.5,-86.0,2026-09-17 22:24:58,2.66700000000003,76.54779663085938,6.110255240142346,1009.84,0.0
64.5,-85.5,2026-09-17 22:24:58,4.203000000000031,64.82279663085937,10.880255240142347,1006.84,0.0075
64.5,-85.0,2026-09-17 22:24:58,3.396000000000015,70.77279663085938,12.500255240142346,1006.34,0.0
64.5,-84.5,2026-09-17 22:24:58,1.0330000000000155,76.47279663085938,17.360255240142347,974.16,0.084
64.5,-84.0,2026-09-17 22:24:58,1.9640000000000555,66.57279663085937,18.926255240142346,974.64,0.41200000000000003
64.5,-83.5,2026-09-17 22:24:58,2.326000000000022,67.22279663085938,19.016255240142346,981.62,0.17550000000000002
64.5,-83.0,2026-09-17 22:24:58,1.1890000000000214,69.37279663085938,20.168255240142347,968.41,0.122
64.5,-82.5,2026-09-17 22:24:58,1.3070000000000164,65.32279663085937,23.354255240142347,978.77,0.061
64.5,-82.0,2026-09-17 22:24:58,0.33300000000002683,76.52279663085938,30.014255240142344,985.8,0.023
64.5,-78.0,2026-09-17 22:24:58,2.619000000000028,85.59779663085938,22.634255240142345,1006.72,3.067
64.5,-77.5,2026-09-17 22:24:58,1.3360000000000127,81.54779663085938,19.736255240142345,977.73,4.1885
64.5,-77.0,2026-09-17 22:24:58,0.9930000000000518,76.64779663085938,20.834255240142344,968.6,3.174
64.5,-76.5,2026-09-17 22:24:58,2.147000000000048,78.32279663085939,22.38225524014235,985.47,2.0065
64.5,-76.0,2026-09-17 22:24:58,4.434000000000026,73.94779663085937,23.408255240142346,1002.26,2.2125
64.5,-75.5,2026-09-17 22:24:58,4.191000000000031,75.02279663085938,25.820255240142348,1007.6,2.701
64.5,-75.0,2026-09-17 22:24:58,3.452000000000055,82.27279663085938,17.720255240142343,996.59,2.3195
64.5,-74.5,2026-09-17 22:24:58,3.3070000000000164,85.07279663085939,23.822255240142347,1006.42,0.9155
64.5,-74.0,2026-09-17 22:24:58,2.4400000000000546,94.79779663085938,24.200255240142347,1001.15,1.0835000000000001
64.5,-73.5,2026-09-17 22:24:58,3.1000000000000227,92.17279663085938,24.740255240142346,1002.87,0.9535
64.5,-73.0,2026-09-17 22:24:58,1.65300000000002,94.54779663085938,24.524255240142345,988.97,0.801
64.5,-72.5,2026-09-17 22:24:58,0.6130000000000564,95.82279663085939,19.772255240142346,973.3,0.20600000000000002
64.5,-72.0,2026-09-17 22:24:58,2.6270000000000095,93.92279663085938,19.502255240142347,987.43,0.023
64.5,-71.5,2026-09-17 22:24:58,2.515000000000043,92.57279663085939,21.212255240142348,983.43,0.183
64.5,-71.0,2026-09-17 22:24:58,2.3450000000000273,93.34779663085938,18.782255240142348,984.19,0.2215
64.5,-70.5,2026-09-17 22:24:58,3.3530000000000086,91.14779663085938,18.494255240142348,985.41,0.084
64.5,-70.0,2026-09-17 22:24:58,3.54200000000003,89.64779663085938,12.104255240142345,987.38,0.1905
64.5,-69.5,2026-09-17 22:24:58,1.441000000000031,90.07279663085939,14.732255240142347,976.35,0.122
64.5,-69.0,2026-09-17 22:24:58,0.9550000000000409,90.17279663085938,17.396255240142345,955.09,0.0765
64.5,-68.5,2026-09-17 22:24:58,0.5850000000000364,89.87279663085938,15.812255240142347,946.45,0.023
64.5,-68.0,2026-09-17 22:24:58,0.6250000000000568,89.19779663085939,13.976255240142345,940.8,0.038
64.5,-67.5,2026-09-17 22:24:58,1.6760000000000446,75.04779663085938,16.100255240142346,938.23,0.0075
64.5,-67.0,2026-09-17 22:24:58,1.8430000000000177,74.89779663085938,15.812255240142347,939.7,0.0
64.5,-66.5,2026-09-17 22:24:58,1.9570000000000505,61.44779663085938,18.350255240142346,925.62,0.0
64.5,-66.0,2026-09-17 22:24:58,3.6340000000000146,57.82279663085938,16.766255240142346,944.61,0.0
64.5,-65.5,2026-09-17 22:24:58,1.0680000000000405,79.92279663085938,16.73025524014235,940.52,0.0
64.5,-65.0,2026-09-17 22:24:58,4.029000000000053,70.97279663085938,11.528255240142345,971.96,0.0
65.0,-141.0,2026-09-17 22:24:58,7.171000000000049,82.11240158081056,4.954250153034925,946.48,9.178
65.0,-140.5,2026-09-17 22:24:58,5.662000000000035,84.33740158081055,8.716250153034926,923.53,9.2925
65.0,-140.0,2026-09-17 22:24:58,3.3420000000000414,91.56240158081056,12.586250153034927,893.88,8.896
65.0,-139.5,2026-09-17 22:24:58,4.2830000000000155,84.31240158081056,18.832250153034927,888.86,7.4995
65.0,-139.0,2026-09-17 22:24:58,6.0160000000000196,75.06240158081054,14.260250153034926,893.8,1.19
65.0,-138.5,2026-09-17 22:24:58,4.824000000000012,81.06240158081056,12.532250153034926,884.93,2.0065
65.0,-138.0,2026-09-17 22:24:58,2.0360000000000014,91.21240158081055,13.378250153034926,861.43,5.15
65.0,-137.5,2026-09-17 22:24:58,3.8590000000000373,82.96240158081055,12.712250153034926,870.36,3.7005
65.0,-137.0,2026-09-17 22:24:58,4.182000000000016,87.06240158081056,6.2502501530349255,882.25,5.394
65.0,-136.5,2026-09-17 22:24:58,6.164000000000044,78.08740158081055,11.902250153034926,908.62,4.196
65.0,-136.0,2026-09-17 22:24:58,5.451000000000022,76.58740158081055,10.876250153034926,890.93,5.577
65.0,-135.5,2026-09-17 22:24:58,2.2110000000000127,87.78740158081055,14.008250153034925,853.46,7.2175
65.0,-135.0,2026-09-17 22:24:58,5.916000000000054,79.71240158081055,4.864250153034926,896.63,1.3655
65.0,-134.5,2026-09-17 22:24:58,1.8320000000000505,97.56240158081056,8.716250153034926,861.46,9.7655
65.0,-134.0,2026-09-17 22:24:58,8.06800000000004,79.93740158081056,2.2362501530349252,929.59,5.394
65.0,-133.5,2026-09-17 22:24:58,0.47100000000000364,96.53740158081055,8.194250153034925,835.82,16.1055
65.0,-133.0,2026-09-17 22:24:58,2.716000000000008,95.03740158081055,4.756250153034926,876.32,4.6995000000000005
65.0,-132.5,2026-09-17 22:24:58,1.5090000000000146,96.56240158081056,7.7262501530349255,853.28,4.631
65.0,-132.0,2026-09-17 22:24:58,1.68100000000004,91.66240158081055,10.588250153034926,846.75,3.8145000000000002
65.0,-131.5,2026-09-17 22:24:58,1.1280000000000427,93.18740158081056,10.714250153034927,838.96,3.319
65.0,-131.0,2026-09-17 22:24:58,1.774000000000001,96.46240158081055,3.8202501530349258,857.43,2.6550000000000002
65.0,-130.5,2026-09-17 22:24:58,1.9950000000000045,90.01240158081055,7.996250153034926,848.37,3.6545
65.0,-130.0,2026-09-17 22:24:58,0.5310000000000059,96.41240158081055,8.194250153034925,827.43,3.4945
65.0,-129.5,2026-09-17 22:24:58,1.5990000000000464,94.76240158081055,3.910250153034925,836.59,6.1495
65.0,-129.0,2026-09-17 22:24:58,5.0190000000000055,98.66240158081055,1.3002501530349255,916.64,6.729
65.0,-128.5,2026-09-17 22:24:58,1.9950000000000045,96.63740158081055,6.952250153034926,863.97,5.905
65.0,-128.0,2026-09-17 22:24:58,0.271000000000015,99.28740158081055,5.188250153034925,854.71,5.0355
65.0,-127.5,2026-09-17 22:24:58,6.1860000000000355,91.11240158081056,8.446250153034926,942.51,0.7020000000000001
65.0,-127.0,2026-09-17 22:24:58,7.947000000000003,92.18740158081056,10.660250153034925,981.36,0.8315
65.0,-126.5,2026-09-17 22:24:58,7.91700000000003,95.23740158081056,10.444250153034925,991.71,1.053
65.0,-126.0,2026-09-17 22:24:58,8.251000000000033,97.31240158081056,18.328250153034926,1000.34,1.0835000000000001
65.0,-125.5,2026-09-17 22:24:58,9.779000000000053,87.21240158081055,18.526250153034926,999.96,0.9005
65.0,-125.0,2026-09-17 22:24:58,9.247000000000014,85.86240158081056,9.400250153034925,998.64,0.6485
65.0,-124.5,2026-09-17 22:24:58,8.340000000000032,85.31240158081056,16.52825015303493,988.91,0.595
65.0,-124.0,2026-09-17 22:24:58,9.449000000000012,78.26240158081055,18.238250153034926,985.25,0.5495
65.0,-123.5,2026-09-17 22:24:58,10.426000000000045,82.90826950073243,10.299648013472558,985.99,0.435
65.0,-123.0,2026-09-17 22:24:58,10.376000000000033,81.23326950073243,10.857648013472557,986.47,0.458
65.0,-122.5,2026-09-17 22:24:58,9.904000000000053,81.08326950073243,12.387648013472557,989.68,0.7935
65.0,-122.0,2026-09-17 22:24:58,8.356000000000051,88.58326950073243,12.207648013472559,991.91,1.3505
65.0,-121.5,2026-09-17 22:24:58,9.084000000000003,82.73326950073243,9.723648013472559,987.44,1.6935
65.0,-121.0,2026-09-17 22:24:58,8.422000000000025,88.25826950073242,17.87764801347256,990.89,1.816
65.0,-120.5,2026-09-17 22:24:58,8.219000000000051,87.95826950073243,16.00564801347256,985.17,1.793
65.0,-120.0,2026-09-17 22:24:58,5.7520000000000095,97.70826950073243,16.185648013472555,950.07,3.0135
65.0,-119.5,2026-09-17 22:24:58,8.323000000000036,87.10826950073243,14.097648013472558,969.96,2.411
65.0,-119.0,2026-09-17 22:24:58,9.299000000000035,82.10826950073243,15.141648013472556,978.28,5.3405000000000005
65.0,-118.5,2026-09-17 22:24:58,9.261000000000024,81.83326950073243,15.915648013472559,988.14,3.2655
65.0,-118.0,2026-09-17 22:24:58,8.505000000000052,81.88326950073242,11.901648013472558,985.79,1.709
65.0,-117.5,2026-09-17 22:24:58,7.074000000000012,88.20826950073243,10.767648013472558,975.94,0.9385
65.0,-117.0,2026-09-17 22:24:58,5.654000000000053,96.50826950073242,8.517648013472558,972.58,0.9385
65.0,-116.5,2026-09-17 22:24:58,4.424000000000035,97.98326950073243,6.951648013472557,968.11,1.114
65.0,-116.0,2026-09-17 22:24:58,4.583000000000027,96.58326950073243,9.291648013472559,966.21,0.984
65.0,-115.5,2026-09-17 22:24:58,4.224000000000046,94.70826950073243,7.113648013472557,965.11,0.3815
65.0,-115.0,2026-09-17 22:24:58,3.7660000000000196,96.05826950073242,7.815648013472558,956.88,0.4045
65.0,-114.5,2026-09-17 22:24:58,3.8640000000000327,96.85826950073243,8.733648013472557,956.94,0.122
65.0,-114.0,2026-09-17 22:24:58,3.9850000000000136,96.50826950073242,9.759648013472557,956.94,0.0
65.0,-113.5,2026-09-17 22:24:58,3.826000000000022,97.58326950073243,11.325648013472557,955.89,0.0
65.0,-113.0,2026-09-17 22:24:58,3.9360000000000355,96.10826950073243,15.195648013472558,954.78,0.0
65.0,-112.5,2026-09-17 22:24:58,3.9080000000000155,96.90826950073243,13.611648013472557,958.73,0.0
65.0,-112.0,2026-09-17 22:24:58,4.330000000000041,96.35826950073243,17.913648013472557,957.54,0.0
65.0,-111.5,2026-09-17 22:24:58,4.597000000000037,92.80826950073242,21.423648013472558,960.23,0.0
65.0,-111.0,2026-09-17 22:24:58,3.587000000000046,93.95826950073243,18.90364801347256,956.64,0.023
65.0,-110.5,2026-09-17 22:24:58,3.9010000000000105,89.40826950073243,19.425648013472557,955.99,0.0075
65.0,-110.0,2026-09-17 22:24:58,3.646000000000015,77.50826950073242,20.343648013472556,954.2,0.0075
65.0,-109.5,2026-09-17 22:24:58,5.154000000000053,66.60826950073242,20.235648013472556,957.66,0.0075
65.0,-109.0,2026-09-17 22:24:58,6.421000000000049,55.28326950073242,20.163648013472557,961.53,0.0
65.0,-108.5,2026-09-17 22:24:58,7.1340000000000146,51.40826950073242,19.767648013472556,965.47,0.0
65.0,-108.0,2026-09-17 22:24:58,6.438000000000045,53.383269500732425,19.443648013472558,965.46,0.0
65.0,-107.5,2026-09-17 22:24:58,7.510000000000048,51.05826950073242,18.957648013472557,975.17,0.0
65.0,-107.0,2026-09-17 22:24:58,6.324000000000012,59.80826950073242,20.091648013472557,967.46,0.0075
65.0,-106.5,2026-09-17 22:24:58,6.282000000000039,58.70826950073243,19.353648013472558,970.25,0.0075
65.0,-106.0,2026-09-17 22:24:58,6.7000000000000455,54.03326950073242,19.911648013472558,973.57,0.0075
65.0,-105.5,2026-09-17 22:24:58,6.374000000000024,52.20826950073243,20.01964801347256,974.99,0.0
65.0,-105.0,2026-09-17 22:24:58,6.982000000000028,47.08326950073243,20.469648013472558,982.43,0.0
65.0,-104.5,2026-09-17 22:24:58,7.57000000000005,44.30826950073242,20.469648013472558,988.98,0.0
65.0,-104.0,2026-09-17 22:24:58,6.9080000000000155,45.28326950073242,22.73764801347256,980.5,0.0
65.0,-103.5,2026-09-17 22:24:58,6.8700000000000045,45.133269500732425,22.08964801347256,984.47,0.0
65.0,-103.0,2026-09-17 22:24:58,7.2660000000000196,49.20826950073243,23.61964801347256,993.07,0.0155
65.0,-102.5,2026-09-17 22:24:58,5.489000000000033,61.05826950073242,22.161648013472558,985.5,0.0075
65.0,-102.0,2026-09-17 22:24:58,5.307000000000016,62.858269500732426,21.207648013472557,984.71,0.0
65.0,-101.5,2026-09-17 22:24:58,1.969000000000051,76.42279663085938,16.010255240142346,986.77,0.0155
65.0,-101.0,2026-09-17 22:24:58,2.271000000000015,75.99779663085938,17.288255240142348,990.27,0.0075
65.0,-100.5,2026-09-17 22:24:58,2.1660000000000537,75.34779663085938,16.388255240142346,992.97,0.0075
65.0,-100.0,2026-09-17 22:24:58,2.0300000000000296,76.29779663085938,17.198255240142345,983.92,0.122
65.0,-99.5,2026-09-17 22:24:58,2.923000000000002,73.84779663085938,16.064255240142344,992.37,0.107
65.0,-99.0,2026-09-17 22:24:58,3.3560000000000514,73.04779663085938,15.110255240142346,997.56,0.1295
65.0,-98.5,2026-09-17 22:24:58,2.979000000000042,73.44779663085937,15.740255240142345,995.56,0.0
65.0,-98.0,2026-09-17 22:24:58,3.191000000000031,70.42279663085938,16.820255240142345,998.15,0.0305
65.0,-97.5,2026-09-17 22:24:58,4.098000000000013,62.622796630859376,16.55025524014235,1003.51,0.145
65.0,-97.0,2026-09-17 22:24:58,3.730000000000018,69.02279663085938,15.434255240142345,1003.59,0.099
65.0,-96.5,2026-09-17 22:24:58,3.500000000000057,70.49779663085938,18.260255240142346,1001.39,0.122
65.0,-96.0,2026-09-17 22:24:58,3.539000000000044,70.07279663085937,18.584255240142344,1000.87,0.1375
65.0,-95.5,2026-09-17 22:24:58,3.538000000000011,73.77279663085938,23.444255240142347,1000.83,0.099
65.0,-95.0,2026-09-17 22:24:58,3.421000000000049,70.27279663085938,18.998255240142345,996.73,0.557
65.0,-94.5,2026-09-17 22:24:58,2.6310000000000286,73.04779663085938,18.206255240142347,996.61,0.29
65.0,-94.0,2026-09-17 22:24:58,2.4470000000000027,75.84779663085938,17.684255240142345,992.88,0.2135
65.0,-93.5,2026-09-17 22:24:58,1.8830000000000382,78.04779663085938,14.444255240142347,997.15,0.664
65.0,-93.0,2026-09-17 22:24:58,2.244000000000028,76.17279663085938,15.524255240142347,995.56,0.5415
65.0,-92.5,2026-09-17 22:24:58,2.0780000000000314,76.12279663085938,13.148255240142346,994.24,0.023
65.0,-92.0,2026-09-17 22:24:58,0.9360000000000355,76.49779663085938,15.596255240142344,988.8,0.038
65.0,-91.5,2026-09-17 22:24:58,1.2930000000000064,72.12279663085938,13.112255240142344,988.98,0.0155
65.0,-91.0,2026-09-17 22:24:58,1.4470000000000027,71.57279663085937,13.868255240142346,995.28,0.0155
65.0,-90.5,2026-09-17 22:24:58,1.5720000000000027,67.94779663085937,14.624255240142347,992.98,0.0155
65.0,-90.0,2026-09-17 22:24:58,0.35400000000004184,66.92279663085938,16.766255240142346,976.33,0.061
65.0,-89.5,2026-09-17 22:24:58,0.15500000000002956,68.22279663085938,17.342255240142347,974.12,0.0305
65.0,-89.0,2026-09-17 22:24:58,0.9390000000000214,66.07279663085937,16.874255240142347,982.45,0.0
65.0,-88.5,2026-09-17 22:24:58,1.0900000000000318,70.47279663085938,15.596255240142344,984.27,0.0075
65.0,-88.0,2026-09-17 22:24:58,1.5000000000000568,72.29779663085938,17.684255240142345,992.01,0.0
65.0,-87.5,2026-09-17 22:24:58,2.805000000000007,72.99779663085938,18.962255240142348,1004.53,0.0075
65.0,-87.0,2026-09-17 22:24:58,3.007000000000005,71.22279663085938,19.250255240142348,1015.29,0.023
65.0,-86.0,2026-09-17 22:24:58,3.3450000000000273,76.82279663085939,17.540255240142347,1006.58,0.0
65.0,-85.5,2026-09-17 22:24:58,3.569000000000017,69.94779663085937,12.338255240142345,1004.05,0.0
65.0,-85.0,2026-09-17 22:24:58,3.508000000000038,65.72279663085938,11.780255240142347,1005.92,0.0
65.0,-84.5,2026-09-17 22:24:58,0.4350000000000023,72.89779663085938,16.532255240142348,971.28,0.0305
65.0,-84.0,2026-09-17 22:24:58,0.7560000000000286,69.87279663085938,19.736255240142345,975.87,0.0075
65.0,-83.5,2026-09-17 22:24:58,-0.4949999999999477,74.42279663085938,24.452255240142346,969.7,0.0
65.0,-83.0,2026-09-17 22:24:58,1.664000000000044,79.07279663085939,27.584255240142344,1013.52,0.0
65.0,-78.0,2026-09-17 22:24:58,1.3840000000000146,88.69779663085939,19.250255240142348,1005.49,0.3435
65.0,-77.5,2026-09-17 22:24:58,1.1800000000000068,81.79779663085938,19.106255240142346,993.8,0.6105
65.0,-77.0,2026-09-17 22:24:58,1.2500000000000568,80.42279663085938,19.574255240142346,996.94,0.664
65.0,-76.5,2026-09-17 22:24:58,1.4220000000000255,77.92279663085938,21.536255240142346,990.78,0.8775000000000001
65.0,-76.0,2026-09-17 22:24:58,2.9260000000000446,72.87279663085938,23.390255240142345,1000.57,1.961
65.0,-75.5,2026-09-17 22:24:58,3.132000000000005,76.59779663085938,22.09425524014235,1003.95,4.753
65.0,-75.0,2026-09-17 22:24:58,3.105000000000018,78.19779663085939,23.102255240142345,1004.18,4.692
65.0,-74.5,2026-09-17 22:24:58,3.1650000000000205,84.87279663085938,20.474255240142348,1003.96,3.8145000000000002
65.0,-74.0,2026-09-17 22:24:58,2.3780000000000427,93.99779663085938,17.396255240142345,997.33,1.3045
65.0,-73.5,2026-09-17 22:24:58,0.37000000000000455,99.29779663085938,15.974255240142346,982.33,0.2135
65.0,-73.0,2026-09-17 22:24:58,0.6450000000000387,98.02279663085938,17.000255240142348,989.88,0.084
65.0,-72.5,2026-09-17 22:24:58,0.37000000000000455,99.27279663085938,16.406255240142347,986.71,0.038
65.0,-72.0,2026-09-17 22:24:58,0.313000000000045,99.39779663085938,7.7302552401423466,988.24,0.038
65.0,-71.5,2026-09-17 22:24:58,0.9630000000000223,99.97279663085938,11.294255240142345,991.23,0.061
65.0,-71.0,2026-09-17 22:24:58,3.29200000000003,93.17279663085938,19.682255240142347,990.61,0.1295
65.0,-70.5,2026-09-17 22:24:58,2.9750000000000227,96.27279663085938,22.580255240142346,989.45,0.458
65.0,-70.0,2026-09-17 22:24:58,0.41600000000005366,98.99779663085938,19.052255240142344,976.76,0.641
65.0,-69.5,2026-09-17 22:24:58,0.7030000000000314,93.29779663085938,15.236255240142347,974.18,0.1525
65.0,-69.0,2026-09-17 22:24:58,0.8240000000000123,91.69779663085939,15.866255240142346,959.98,0.168
65.0,-68.5,2026-09-17 22:24:58,0.6070000000000277,89.42279663085938,16.910255240142344,945.21,0.0305
65.0,-68.0,2026-09-17 22:24:58,0.3990000000000009,89.37279663085938,14.390255240142347,939.05,0.046
65.0,-67.5,2026-09-17 22:24:58,1.0570000000000164,83.92279663085938,14.966255240142345,938.87,0.0075
65.0,-67.0,2026-09-17 22:24:58,1.9400000000000546,69.44779663085937,16.784255240142347,933.55,0.0
65.0,-66.5,2026-09-17 22:24:58,0.7760000000000105,77.77279663085938,16.784255240142347,928.62,0.0
65.0,-64.0,2026-09-17 22:24:58,4.150000000000034,69.64779663085938,20.240255240142346,995.05,0.0
65.0,-63.5,2026-09-17 22:24:58,2.529000000000053,82.77279663085938,21.734255240142346,1007.86,0.0
65.5,-141.0,2026-09-17 22:24:58,5.638000000000034,84.91240158081055,8.680250153034926,941.83,10.582
65.5,-140.5,2026-09-17 22:24:58,1.94500000000005,95.13740158081055,9.058250153034926,891.61,17.006
65.5,-140.0,2026-09-17 22:24:58,1.462000000000046,96.11240158081056,14.296250153034926,882.11,8.3465
65.5,-139.5,2026-09-17 22:24:58,1.2340000000000373,99.31240158081056,12.874250153034927,875.24,7.2250000000000005
65.5,-139.0,2026-09-17 22:24:58,1.7870000000000346,94.91240158081055,17.338250153034927,874.81,3.0745
65.5,-138.5,2026-09-17 22:24:58,6.538000000000011,79.43740158081056,20.434250153034927,923.57,0.3585
65.5,-138.0,2026-09-17 22:24:58,5.6440000000000055,80.08740158081055,16.402250153034927,914.86,4.074
65.5,-137.5,2026-09-17 22:24:58,4.30600000000004,84.03740158081055,17.626250153034928,892.93,3.601
65.5,-137.0,2026-09-17 22:24:58,7.863000000000056,72.98740158081056,12.010250153034926,936.63,2.1285
65.5,-136.5,2026-09-17 22:24:58,6.031000000000006,76.26240158081055,17.158250153034928,919.67,3.319
65.5,-136.0,2026-09-17 22:24:58,6.613000000000056,81.76240158081055,16.52825015303493,931.5,1.5945
65.5,-135.5,2026-09-17 22:24:58,8.120000000000005,80.83740158081055,13.684250153034927,952.34,4.5775
65.5,-135.0,2026-09-17 22:24:58,8.191000000000031,87.23740158081056,7.924250153034926,968.31,5.5695
65.5,-134.5,2026-09-17 22:24:58,4.753000000000043,91.41240158081055,14.206250153034926,912.89,10.2235
65.5,-134.0,2026-09-17 22:24:58,5.844000000000051,85.73740158081056,12.874250153034927,925.67,3.3035
65.5,-133.5,2026-09-17 22:24:58,9.301000000000045,75.36240158081056,11.866250153034926,955.67,1.8005
65.5,-133.0,2026-09-17 22:24:58,2.854000000000042,92.56240158081056,12.334250153034926,885.95,9.979000000000001
65.5,-132.5,2026-09-17 22:24:58,5.2900000000000205,80.96240158081055,13.252250153034927,902.18,3.8145000000000002
65.5,-132.0,2026-09-17 22:24:58,6.240000000000009,83.41240158081055,11.326250153034925,915.29,5.1805
65.5,-131.5,2026-09-17 22:24:58,7.879000000000019,79.58740158081055,16.402250153034927,920.71,2.861
65.5,-131.0,2026-09-17 22:24:58,10.025000000000034,76.71240158081055,12.334250153034926,952.68,2.6095
65.5,-130.5,2026-09-17 22:24:58,9.590000000000032,76.48740158081056,18.814250153034926,949.57,1.9225
65.5,-130.0,2026-09-17 22:24:58,8.976000000000056,82.61240158081056,19.210250153034927,945.33,2.083
65.5,-129.5,2026-09-17 22:24:58,10.735000000000014,84.38740158081055,11.668250153034926,977.67,1.3045
65.5,-129.0,2026-09-17 22:24:58,10.402000000000044,82.56240158081056,13.450250153034926,986.14,1.4345
65.5,-128.5,2026-09-17 22:24:58,10.658000000000015,79.68740158081056,15.736250153034927,996.31,1.3885
65.5,-128.0,2026-09-17 22:24:58,10.54000000000002,83.78740158081055,14.854250153034927,988.28,1.602
65.5,-127.5,2026-09-17 22:24:58,10.730000000000018,88.13740158081055,9.634250153034927,997.36,1.3125
65.5,-127.0,2026-09-17 22:24:58,8.52800000000002,93.76240158081055,11.290250153034927,981.84,1.129
65.5,-126.5,2026-09-17 22:24:58,9.138000000000034,91.31240158081056,14.782250153034926,997.84,0.7555000000000001
65.5,-126.0,2026-09-17 22:24:58,7.234000000000037,93.78740158081055,19.768250153034923,962.08,0.5035000000000001
65.5,-125.5,2026-09-17 22:24:58,8.65300000000002,87.93740158081056,20.578250153034926,977.67,0.328
65.5,-125.0,2026-09-17 22:24:58,8.363000000000056,90.71240158081055,23.188250153034925,965.81,0.1375
65.5,-124.5,2026-09-17 22:24:58,10.825000000000045,74.76240158081055,20.164250153034928,985.02,0.168
65.5,-124.0,2026-09-17 22:24:58,11.135000000000048,71.06240158081054,21.496250153034925,988.64,0.0
65.5,-123.5,2026-09-17 22:24:58,10.745000000000005,77.68326950073242,14.349648013472557,980.79,0.061
65.5,-123.0,2026-09-17 22:24:58,10.484000000000037,77.43326950073242,17.73364801347256,979.47,0.28250000000000003
65.5,-122.5,2026-09-17 22:24:58,8.374000000000024,89.50826950073242,10.443648013472558,991.43,0.267
65.5,-122.0,2026-09-17 22:24:58,7.768000000000029,91.05826950073242,13.917648013472558,991.43,0.1295
65.5,-121.5,2026-09-17 22:24:58,7.163000000000011,94.18326950073242,17.571648013472558,991.45,0.168
65.5,-121.0,2026-09-17 22:24:58,6.347000000000037,96.40826950073243,14.349648013472557,957.99,0.5645
65.5,-120.5,2026-09-17 22:24:58,8.846000000000004,87.53326950073243,16.67164801347256,964.71,1.5335
65.5,-120.0,2026-09-17 22:24:58,7.876000000000033,94.20826950073243,10.821648013472558,991.15,1.9225
65.5,-119.5,2026-09-17 22:24:58,7.9010000000000105,90.00826950073242,11.865648013472557,981.29,2.2125
65.5,-119.0,2026-09-17 22:24:58,6.907000000000039,91.45826950073243,14.007648013472558,966.86,1.3505
65.5,-118.5,2026-09-17 22:24:58,8.819000000000017,85.60826950073243,10.155648013472558,988.34,0.74
65.5,-118.0,2026-09-17 22:24:58,7.601000000000056,88.30826950073242,9.669648013472559,984.27,1.053
65.5,-117.5,2026-09-17 22:24:58,5.988000000000056,90.85826950073243,7.779648013472558,973.75,0.7020000000000001
65.5,-117.0,2026-09-17 22:24:58,5.367000000000019,97.30826950073242,11.523648013472558,971.12,0.5035000000000001
65.5,-116.5,2026-09-17 22:24:58,4.085000000000036,98.20826950073243,8.571648013472558,963.59,0.4655
65.5,-116.0,2026-09-17 22:24:58,3.63900000000001,96.13326950073242,9.921648013472558,961.54,0.305
65.5,-115.5,2026-09-17 22:24:58,2.8500000000000227,97.83326950073243,8.247648013472558,957.96,0.1985
65.5,-115.0,2026-09-17 22:24:58,2.997000000000014,96.90826950073243,9.867648013472557,954.75,0.099
65.5,-114.5,2026-09-17 22:24:58,3.8110000000000355,92.78326950073243,9.291648013472559,961.46,0.0155
65.5,-114.0,2026-09-17 22:24:58,3.584000000000003,95.28326950073243,10.209648013472558,962.4,0.0
65.5,-113.5,2026-09-17 22:24:58,2.785000000000025,98.55826950073242,10.335648013472557,952.39,0.0
65.5,-113.0,2026-09-17 22:24:58,3.9560000000000173,94.78326950073243,16.239648013472557,959.9,0.0
65.5,-112.5,2026-09-17 22:24:58,3.459000000000003,95.75826950073242,15.393648013472557,956.75,0.0
65.5,-112.0,2026-09-17 22:24:58,3.2860000000000014,97.13326950073242,16.00564801347256,954.62,0.0
65.5,-111.5,2026-09-17 22:24:58,2.834000000000003,95.45826950073243,19.245648013472557,948.03,0.1985
65.5,-111.0,2026-09-17 22:24:58,3.548000000000002,88.35826950073243,20.289648013472558,952.9,0.0765
65.5,-110.5,2026-09-17 22:24:58,4.94500000000005,82.38326950073242,27.579648013472557,957.53,0.0075
65.5,-110.0,2026-09-17 22:24:58,3.6030000000000086,79.13326950073242,19.497648013472556,952.77,0.0075
65.5,-109.5,2026-09-17 22:24:58,4.16700000000003,76.28326950073243,18.00364801347256,955.24,0.0
65.5,-109.0,2026-09-17 22:24:58,4.581000000000017,70.63326950073242,17.625648013472556,956.56,0.0
65.5,-108.5,2026-09-17 22:24:58,5.202000000000055,58.58326950073243,19.533648013472558,958.25,0.0075
65.5,-108.0,2026-09-17 22:24:58,5.446000000000026,59.20826950073243,18.381648013472557,964.87,0.0
65.5,-107.5,2026-09-17 22:24:58,6.048000000000002,53.70826950073243,19.20964801347256,971.34,0.0
65.5,-107.0,2026-09-17 22:24:58,6.380000000000052,55.53326950073242,19.299648013472556,979.86,0.0075
65.5,-106.5,2026-09-17 22:24:58,6.241000000000042,51.45826950073243,21.00964801347256,974.16,0.0075
65.5,-106.0,2026-09-17 22:24:58,6.606000000000051,46.03326950073242,20.90164801347256,976.5,0.0
65.5,-105.5,2026-09-17 22:24:58,6.409000000000049,48.30826950073242,21.63964801347256,973.41,0.0
65.5,-105.0,2026-09-17 22:24:58,6.404000000000053,47.383269500732425,21.441648013472555,976.98,0.0
65.5,-104.5,2026-09-17 22:24:58,6.614000000000033,44.70826950073243,22.251648013472558,978.43,0.0
65.5,-104.0,2026-09-17 22:24:58,7.267000000000053,42.65826950073242,20.919648013472557,987.91,0.0075
65.5,-103.5,2026-09-17 22:24:58,7.114000000000033,43.65826950073242,21.24364801347256,988.51,0.0
65.5,-103.0,2026-09-17 22:24:58,5.615000000000009,62.18326950073242,20.289648013472558,985.04,0.0075
65.5,-102.5,2026-09-17 22:24:58,5.751000000000033,64.85826950073242,20.163648013472557,991.21,0.0155
65.5,-102.0,2026-09-17 22:24:58,5.501000000000033,67.83326950073243,20.667648013472558,991.54,0.046
65.5,-101.5,2026-09-17 22:24:58,3.059000000000026,76.77279663085938,15.920255240142344,993.81,0.023
65.5,-101.0,2026-09-17 22:24:58,3.0880000000000223,76.52279663085938,16.208255240142346,993.8,0.0
65.5,-100.5,2026-09-17 22:24:58,3.1280000000000427,76.52279663085938,16.100255240142346,994.91,0.0075
65.5,-100.0,2026-09-17 22:24:58,3.2060000000000173,75.04779663085938,18.530255240142345,996.77,0.0075
65.5,-99.5,2026-09-17 22:24:58,2.951000000000022,76.67279663085938,17.864255240142345,992.01,0.046
65.5,-99.0,2026-09-17 22:24:58,3.216000000000008,76.37279663085938,18.116255240142348,996.48,0.1145
65.5,-98.5,2026-09-17 22:24:58,3.251000000000033,76.44779663085937,17.30625524014235,997.4,0.244
65.5,-98.0,2026-09-17 22:24:58,3.4160000000000537,74.82279663085937,19.916255240142345,997.81,0.1985
65.5,-97.5,2026-09-17 22:24:58,3.0340000000000487,74.12279663085938,18.692255240142348,991.23,0.046
65.5,-97.0,2026-09-17 22:24:58,3.69500000000005,71.44779663085937,18.33225524014235,999.45,0.1145
65.5,-96.5,2026-09-17 22:24:58,3.011000000000024,73.82279663085937,19.682255240142347,993.88,0.145
65.5,-96.0,2026-09-17 22:24:58,2.862000000000023,79.72279663085938,17.57625524014235,995.91,0.4195
65.5,-95.5,2026-09-17 22:24:58,2.3080000000000496,81.64779663085938,17.288255240142348,995.57,0.145
65.5,-95.0,2026-09-17 22:24:58,1.2350000000000136,86.34779663085938,14.858255240142345,991.7,0.2135
65.5,-94.5,2026-09-17 22:24:58,0.44700000000000273,87.22279663085938,15.524255240142347,983.86,0.725
65.5,-94.0,2026-09-17 22:24:58,0.9840000000000373,84.14779663085938,14.768255240142347,990.35,0.511
65.5,-93.5,2026-09-17 22:24:58,0.9660000000000082,83.39779663085938,15.578255240142346,991.72,0.038
65.5,-93.0,2026-09-17 22:24:58,0.07500000000004547,86.19779663085939,14.930255240142346,976.45,0.0535
65.5,-92.5,2026-09-17 22:24:58,0.8530000000000086,80.32279663085939,15.290255240142345,979.84,0.0535
65.5,-92.0,2026-09-17 22:24:58,1.2320000000000277,78.02279663085938,14.354255240142345,983.8,0.0075
65.5,-91.5,2026-09-17 22:24:58,0.1260000000000332,80.42279663085938,15.056255240142347,971.4,0.061
65.5,-91.0,2026-09-17 22:24:58,0.43600000000003547,76.69779663085937,15.344255240142347,974.3,0.0685
65.5,-90.5,2026-09-17 22:24:58,0.5050000000000523,75.64779663085938,15.200255240142347,976.0,0.061
65.5,-90.0,2026-09-17 22:24:58,-0.45899999999994634,77.32279663085939,16.910255240142344,962.69,0.16
65.5,-89.5,2026-09-17 22:24:58,0.6290000000000191,68.64779663085938,16.676255240142346,974.09,0.0
65.5,-89.0,2026-09-17 22:24:58,2.080000000000041,66.57279663085937,20.024255240142345,1015.3,0.0
65.5,-88.5,2026-09-17 22:24:58,1.830000000000041,68.84779663085938,25.118255240142346,1015.74,0.0075
65.5,-88.0,2026-09-17 22:24:58,2.1680000000000064,71.67279663085938,21.104255240142347,1003.79,0.0155
65.5,-87.5,2026-09-17 22:24:58,2.3920000000000528,67.24779663085938,18.152255240142345,998.5,0.1375
65.5,-87.0,2026-09-17 22:24:58,2.7940000000000396,65.94779663085937,20.204255240142345,1014.67,0.0
65.5,-86.0,2026-09-17 22:24:58,2.9640000000000555,70.99779663085938,17.522255240142346,1010.67,0.0075
65.5,-85.5,2026-09-17 22:24:58,2.5740000000000123,73.69779663085937,14.786255240142346,1009.56,0.0155
65.5,-85.0,2026-09-17 22:24:58,2.625000000000057,77.09779663085938,13.238255240142346,1013.86,0.0
65.5,-84.5,2026-09-17 22:24:58,2.2170000000000414,76.77279663085938,14.300255240142345,1013.73,0.0
65.5,-77.5,2026-09-17 22:24:58,1.1100000000000136,88.32279663085939,25.820255240142348,1009.09,0.0
65.5,-77.0,2026-09-17 22:24:58,1.5740000000000123,89.79779663085938,25.586255240142346,1008.7,0.0
65.5,-74.5,2026-09-17 22:24:58,3.0920000000000414,76.49779663085938,22.778255240142347,1006.68,0.9005
65.5,-74.0,2026-09-17 22:24:58,3.580000000000041,81.14779663085938,24.074255240142346,1005.98,2.3575
65.5,-73.5,2026-09-17 22:24:58,2.333000000000027,91.37279663085938,8.396255240142347,1005.71,3.113
65.5,-73.0,2026-09-17 22:24:58,0.5720000000000027,97.12279663085938,6.686255240142345,999.05,0.885
65.5,-72.5,2026-09-17 22:24:58,0.38100000000002865,99.07279663085939,8.810255240142347,988.33,0.1525
65.5,-72.0,2026-09-17 22:24:58,2.282000000000039,92.64779663085938,4.3282552401423455,982.86,0.2135
65.5,-71.5,2026-09-17 22:24:58,2.837000000000046,90.54779663085938,15.380255240142347,991.48,0.2215
65.5,-71.0,2026-09-17 22:24:58,1.934000000000026,97.27279663085938,10.196255240142346,990.7,0.1295
65.5,-70.5,2026-09-17 22:24:58,3.5790000000000077,92.47279663085938,28.736255240142345,990.9,0.374
65.5,-70.0,2026-09-17 22:24:58,1.1100000000000136,99.47279663085938,20.150255240142346,981.42,0.679
65.5,-69.5,2026-09-17 22:24:58,0.3450000000000273,98.27279663085938,15.290255240142345,976.44,0.23650000000000002
65.5,-69.0,2026-09-17 22:24:58,1.2240000000000464,89.97279663085938,16.910255240142344,966.08,0.145
65.5,-68.5,2026-09-17 22:24:58,0.8580000000000041,89.62279663085938,17.450255240142347,950.84,0.038
65.5,-68.0,2026-09-17 22:24:58,0.4350000000000023,89.74779663085938,15.542255240142346,941.07,0.038
65.5,-67.5,2026-09-17 22:24:58,0.6750000000000114,87.67279663085938,14.246255240142347,938.23,0.023
65.5,-67.0,2026-09-17 22:24:58,1.650000000000034,71.72279663085938,17.01825524014235,932.54,0.0075
65.5,-65.0,2026-09-17 22:24:58,0.9000000000000341,80.79779663085938,18.062255240142346,940.07,0.0
65.5,-64.5,2026-09-17 22:24:58,1.8830000000000382,78.67279663085938,14.714255240142345,961.39,0.0
65.5,-64.0,2026-09-17 22:24:58,4.0820000000000505,64.07279663085937,17.972255240142346,980.52,0.0
65.5,-63.5,2026-09-17 22:24:58,2.663000000000011,83.42279663085938,22.292255240142346,1007.8,0.0
65.5,-63.0,2026-09-17 22:24:58,2.209000000000003,83.59779663085938,21.932255240142347,1007.97,0.0
66.0,-141.0,2026-09-17 22:24:58,4.630000000000052,93.61240158081056,12.766250153034925,943.51,14.351
66.0,-140.5,2026-09-17 22:24:58,3.7830000000000155,95.21240158081055,14.908250153034926,926.75,12.192
66.0,-140.0,2026-09-17 22:24:58,2.715000000000032,97.36240158081056,16.960250153034927,907.11,7.324
66.0,-139.5,2026-09-17 22:24:58,4.617000000000019,93.43740158081056,15.898250153034928,929.98,2.701
66.0,-139.0,2026-09-17 22:24:58,7.972000000000037,78.53740158081055,15.898250153034928,957.04,0.595
66.0,-138.5,2026-09-17 22:24:58,7.2970000000000255,80.71240158081055,22.720250153034925,940.39,0.8085
66.0,-138.0,2026-09-17 22:24:58,6.505000000000052,87.46240158081055,10.156250153034927,958.89,1.976
66.0,-137.5,2026-09-17 22:24:58,6.648000000000025,86.01240158081055,13.054250153034925,956.34,1.8235000000000001
66.0,-137.0,2026-09-17 22:24:58,5.666000000000054,89.08740158081055,12.568250153034926,951.39,1.137
66.0,-136.5,2026-09-17 22:24:58,5.944000000000017,92.21240158081055,11.830250153034926,957.61,1.4955
66.0,-136.0,2026-09-17 22:24:58,5.0260000000000105,94.56240158081056,7.060250153034925,945.87,3.067
66.0,-135.5,2026-09-17 22:24:58,3.722000000000037,95.98740158081056,15.430250153034924,921.64,1.3125
66.0,-135.0,2026-09-17 22:24:58,7.702000000000055,85.06240158081056,10.570250153034927,966.53,0.8165
66.0,-134.5,2026-09-17 22:24:58,7.330000000000041,91.23740158081056,14.422250153034927,974.39,2.205
66.0,-134.0,2026-09-17 22:24:58,7.791000000000054,85.41240158081055,15.736250153034927,979.93,1.93
66.0,-133.5,2026-09-17 22:24:58,7.606000000000051,86.36240158081056,14.728250153034926,976.92,3.723
66.0,-133.0,2026-09-17 22:24:58,7.2450000000000045,88.08740158081055,15.538250153034925,966.65,4.7075000000000005
66.0,-132.5,2026-09-17 22:24:58,7.640000000000043,86.91240158081055,16.52825015303493,971.85,1.4725
66.0,-132.0,2026-09-17 22:24:58,9.067000000000007,84.28740158081055,15.052250153034926,987.39,0.923
66.0,-131.5,2026-09-17 22:24:58,9.559000000000026,84.83740158081055,18.634250153034927,983.73,2.739
66.0,-131.0,2026-09-17 22:24:58,10.273000000000025,80.61240158081056,20.758250153034925,984.76,1.0985
66.0,-130.5,2026-09-17 22:24:58,11.090000000000032,76.46240158081055,19.966250153034927,994.56,1.0225
66.0,-130.0,2026-09-17 22:24:58,11.512,75.06240158081054,19.822250153034926,1001.43,0.931
66.0,-129.5,2026-09-17 22:24:58,11.699000000000012,76.93740158081056,20.614250153034927,1004.1,0.885
66.0,-129.0,2026-09-17 22:24:58,11.748000000000047,77.76240158081055,20.254250153034928,1003.9,0.9995
66.0,-128.5,2026-09-17 22:24:58,11.751000000000033,80.13740158081055,18.382250153034924,999.53,1.297
66.0,-128.0,2026-09-17 22:24:58,9.994000000000028,84.83740158081055,20.200250153034926,983.62,1.4345
66.0,-127.5,2026-09-17 22:24:58,11.145000000000039,72.93740158081054,19.156250153034925,988.24,1.236
66.0,-127.0,2026-09-17 22:24:58,7.632000000000005,89.71240158081055,19.300250153034927,957.33,1.877
66.0,-126.5,2026-09-17 22:24:58,9.515000000000043,76.21240158081055,23.764250153034926,967.96,0.8165
66.0,-126.0,2026-09-17 22:24:58,9.788000000000011,75.71240158081055,24.286250153034928,967.82,0.1525
66.0,-125.5,2026-09-17 22:24:58,9.757000000000005,74.03740158081055,26.194250153034925,968.85,0.0535
66.0,-125.0,2026-09-17 22:24:58,10.741000000000042,73.86240158081056,27.868250153034925,988.94,0.023
66.0,-124.5,2026-09-17 22:24:58,11.310000000000002,70.73740158081056,25.258250153034925,989.28,0.0075
66.0,-124.0,2026-09-17 22:24:58,11.870000000000005,70.51240158081055,22.144250153034925,986.97,0.0075
66.0,-123.5,2026-09-17 22:24:58,11.269000000000005,72.10826950073242,17.625648013472556,977.61,0.0155
66.0,-123.0,2026-09-17 22:24:58,11.517000000000053,74.70826950073243,14.349648013472557,988.47,0.046
66.0,-122.5,2026-09-17 22:24:58,10.031000000000006,83.55826950073242,14.259648013472557,989.32,0.046
66.0,-122.0,2026-09-17 22:24:58,7.986000000000047,87.63326950073242,11.901648013472558,976.73,0.046
66.0,-121.5,2026-09-17 22:24:58,6.411000000000001,93.25826950073242,18.435648013472555,941.93,0.046
66.0,-121.0,2026-09-17 22:24:58,6.732000000000028,93.53326950073243,20.01964801347256,990.53,0.0075
66.0,-120.5,2026-09-17 22:24:58,6.855000000000018,93.10826950073243,22.19764801347256,990.61,0.099
66.0,-120.0,2026-09-17 22:24:58,6.798000000000002,93.88326950073242,22.19764801347256,990.43,0.3205
66.0,-119.5,2026-09-17 22:24:58,6.953000000000031,93.88326950073242,22.017648013472556,989.9,0.2975
66.0,-119.0,2026-09-17 22:24:58,7.152000000000044,92.68326950073242,19.85764801347256,989.31,0.3205
66.0,-118.5,2026-09-17 22:24:58,7.0540000000000305,93.28326950073243,18.81364801347256,989.98,0.2975
66.0,-118.0,2026-09-17 22:24:58,6.428000000000054,94.05826950073242,19.065648013472558,978.28,0.45
66.0,-117.5,2026-09-17 22:24:58,6.503000000000043,88.03326950073243,12.009648013472557,976.38,0.5720000000000001
66.0,-117.0,2026-09-17 22:24:58,5.347000000000037,95.33326950073243,14.259648013472557,971.18,0.23650000000000002
66.0,-116.5,2026-09-17 22:24:58,3.9980000000000473,98.75826950073242,12.999648013472557,959.46,0.244
66.0,-116.0,2026-09-17 22:24:58,3.2310000000000514,97.00826950073242,11.631648013472558,956.03,0.061
66.0,-115.5,2026-09-17 22:24:58,3.3040000000000305,96.63326950073242,15.393648013472557,954.9,0.023
66.0,-115.0,2026-09-17 22:24:58,3.375000000000057,93.13326950073242,12.297648013472557,958.13,0.0
66.0,-114.5,2026-09-17 22:24:58,3.0890000000000555,95.10826950073243,10.533648013472558,961.69,0.0
66.0,-114.0,2026-09-17 22:24:58,2.515000000000043,96.93326950073242,12.531648013472557,956.89,0.0
66.0,-113.5,2026-09-17 22:24:58,2.400000000000034,97.53326950073243,12.531648013472557,956.78,0.0
66.0,-113.0,2026-09-17 22:24:58,2.3420000000000414,95.93326950073242,14.349648013472557,953.69,0.0
66.0,-112.5,2026-09-17 22:24:58,2.6720000000000255,95.45826950073243,16.725648013472558,953.89,0.0155
66.0,-112.0,2026-09-17 22:24:58,2.247000000000014,96.25826950073242,17.30164801347256,948.96,0.145
66.0,-111.5,2026-09-17 22:24:58,2.6200000000000045,93.03326950073243,19.767648013472556,949.78,0.0915
66.0,-111.0,2026-09-17 22:24:58,2.664000000000044,90.60826950073243,23.87164801347256,939.57,0.0
66.0,-110.5,2026-09-17 22:24:58,3.1480000000000246,86.05826950073242,21.423648013472558,946.73,0.0075
66.0,-110.0,2026-09-17 22:24:58,3.643000000000029,82.68326950073242,24.19564801347256,947.95,0.0
66.0,-109.5,2026-09-17 22:24:58,3.5470000000000255,79.78326950073243,19.587648013472556,952.04,0.0
66.0,-109.0,2026-09-17 22:24:58,4.458000000000027,68.10826950073242,19.155648013472558,958.28,0.0
66.0,-108.5,2026-09-17 22:24:58,4.874000000000024,71.63326950073242,17.913648013472557,967.88,0.0
66.0,-108.0,2026-09-17 22:24:58,4.446000000000026,70.75826950073242,19.047648013472557,961.62,0.0
66.0,-107.5,2026-09-17 22:24:58,3.819000000000017,68.15826950073243,22.80964801347256,959.08,0.0
66.0,-107.0,2026-09-17 22:24:58,4.9080000000000155,62.90826950073242,24.06964801347256,971.46,0.046
66.0,-106.5,2026-09-17 22:24:58,6.104000000000042,51.65826950073242,21.279648013472556,979.34,0.0
66.0,-106.0,2026-09-17 22:24:58,5.591000000000008,56.70826950073243,21.873648013472557,976.78,0.0
66.0,-105.5,2026-09-17 22:24:58,5.982000000000028,55.383269500732425,20.829648013472557,984.37,0.0
66.0,-105.0,2026-09-17 22:24:58,5.813000000000045,54.858269500732426,22.539648013472558,978.64,0.0
66.0,-104.5,2026-09-17 22:24:58,6.03000000000003,53.45826950073243,22.19764801347256,980.82,0.0075
66.0,-104.0,2026-09-17 22:24:58,6.163000000000011,54.18326950073242,22.485648013472556,983.21,0.0075
66.0,-103.5,2026-09-17 22:24:58,5.988000000000056,58.383269500732425,21.099648013472557,986.88,0.099
66.0,-103.0,2026-09-17 22:24:58,5.322000000000003,65.83326950073243,20.43364801347256,986.15,0.0075
66.0,-102.5,2026-09-17 22:24:58,5.257000000000005,64.20826950073243,20.48764801347256,988.56,0.0075
66.0,-102.0,2026-09-17 22:24:58,4.997000000000014,69.80826950073242,19.875648013472556,992.04,0.0075
66.0,-101.5,2026-09-17 22:24:58,2.274000000000001,77.57279663085939,18.548255240142346,991.75,0.0305
66.0,-101.0,2026-09-17 22:24:58,2.723000000000013,75.62279663085938,18.098255240142347,993.75,0.038
66.0,-100.5,2026-09-17 22:24:58,3.216000000000008,75.69779663085937,21.356255240142346,997.49,0.061
66.0,-100.0,2026-09-17 22:24:58,3.4110000000000014,76.97279663085938,22.238255240142347,996.45,0.0155
66.0,-99.5,2026-09-17 22:24:58,3.6890000000000214,75.04779663085938,20.76225524014235,995.54,0.0155
66.0,-99.0,2026-09-17 22:24:58,4.222000000000037,73.57279663085937,21.122255240142344,997.91,0.023
66.0,-98.5,2026-09-17 22:24:58,4.285000000000025,77.22279663085938,20.474255240142348,999.59,0.0765
66.0,-98.0,2026-09-17 22:24:58,4.4640000000000555,79.07279663085939,19.160255240142344,1003.37,0.0765
66.0,-97.5,2026-09-17 22:24:58,4.288000000000011,79.62279663085938,20.834255240142344,1004.62,0.2135
66.0,-97.0,2026-09-17 22:24:58,3.41700000000003,82.12279663085938,18.872255240142344,999.95,0.20600000000000002
66.0,-96.5,2026-09-17 22:24:58,3.2060000000000173,82.64779663085938,17.000255240142348,1000.26,0.229
66.0,-96.0,2026-09-17 22:24:58,2.3640000000000327,85.94779663085939,19.574255240142346,991.31,0.29
66.0,-95.5,2026-09-17 22:24:58,2.5050000000000523,85.59779663085938,15.344255240142347,994.34,1.2510000000000001
66.0,-95.0,2026-09-17 22:24:58,1.007000000000005,89.52279663085938,17.810255240142347,986.72,0.725
66.0,-94.5,2026-09-17 22:24:58,0.28400000000004866,90.29779663085938,15.812255240142347,979.55,0.374
66.0,-94.0,2026-09-17 22:24:58,-0.01999999999998181,89.94779663085939,14.444255240142347,976.97,0.168
66.0,-93.5,2026-09-17 22:24:58,0.19100000000003092,87.92279663085938,14.912255240142347,980.73,0.1145
66.0,-93.0,2026-09-17 22:24:58,0.03000000000002956,87.12279663085938,17.954255240142345,974.79,0.0685
66.0,-92.5,2026-09-17 22:24:58,0.28700000000003456,85.02279663085938,16.442255240142348,968.52,0.3355
66.0,-92.0,2026-09-17 22:24:58,1.007000000000005,79.64779663085938,16.208255240142346,981.79,0.038
66.0,-91.5,2026-09-17 22:24:58,1.5960000000000036,77.89779663085938,14.930255240142346,995.52,0.1375
66.0,-91.0,2026-09-17 22:24:58,1.2480000000000473,78.67279663085938,12.860255240142346,998.59,0.1525
66.0,-90.5,2026-09-17 22:24:58,0.5460000000000491,81.19779663085939,15.380255240142347,986.09,0.0685
66.0,-90.0,2026-09-17 22:24:58,2.2460000000000377,76.32279663085937,16.298255240142346,1007.0,0.122
66.0,-89.5,2026-09-17 22:24:58,1.07000000000005,77.89779663085938,18.530255240142345,982.51,0.389
66.0,-89.0,2026-09-17 22:24:58,0.8040000000000305,75.82279663085937,18.008255240142343,978.71,0.305
66.0,-88.5,2026-09-17 22:24:58,0.8230000000000359,71.69779663085937,19.682255240142347,981.3,0.9155
66.0,-88.0,2026-09-17 22:24:58,0.5840000000000032,72.19779663085937,19.592255240142347,979.62,0.3355
66.0,-87.5,2026-09-17 22:24:58,1.1100000000000136,69.54779663085938,17.774255240142345,986.79,0.0765
66.0,-87.0,2026-09-17 22:24:58,1.757000000000005,69.19779663085937,18.728255240142346,995.25,0.0535
66.0,-86.5,2026-09-17 22:24:58,2.2910000000000537,67.32279663085937,16.352255240142345,1002.63,0.0
66.0,-86.0,2026-09-17 22:24:58,2.2060000000000173,73.84779663085938,16.586255240142346,1013.86,0.0305
66.0,-85.5,2026-09-17 22:24:58,1.636000000000024,81.77279663085938,19.862255240142346,1013.8,0.0915
66.0,-85.0,2026-09-17 22:24:58,1.5760000000000218,80.82279663085939,18.062255240142346,1004.11,0.633
66.0,-84.5,2026-09-17 22:24:58,0.7140000000000555,90.07279663085939,20.024255240142345,1013.41,0.58
66.0,-84.0,2026-09-17 22:24:58,1.7340000000000373,77.04779663085938,19.772255240142346,997.7,0.168
66.0,-83.5,2026-09-17 22:24:58,2.32000000000005,69.64779663085938,22.634255240142345,1011.61,0.038
66.0,-74.5,2026-09-17 22:24:58,2.90300000000002,78.82279663085939,21.356255240142346,1006.48,0.0
66.0,-74.0,2026-09-17 22:24:58,3.272000000000048,74.49779663085938,17.01825524014235,1005.91,0.0
66.0,-73.5,2026-09-17 22:24:58,3.879000000000019,78.17279663085938,14.354255240142345,1004.55,0.6255000000000001
66.0,-73.0,2026-09-17 22:24:58,1.3740000000000236,92.74779663085938,8.198255240142347,1001.01,1.419
66.0,-72.5,2026-09-17 22:24:58,0.27300000000002456,99.07279663085939,8.522255240142346,990.68,0.20600000000000002
66.0,-72.0,2026-09-17 22:24:58,1.3340000000000032,97.87279663085938,9.908255240142346,986.86,0.145
66.0,-71.5,2026-09-17 22:24:58,2.3460000000000036,91.22279663085938,11.402255240142347,988.55,0.244
66.0,-71.0,2026-09-17 22:24:58,2.1100000000000136,98.02279663085938,7.010255240142346,990.89,0.107
66.0,-70.5,2026-09-17 22:24:58,3.4290000000000305,92.89779663085938,24.956255240142347,990.81,0.2215
66.0,-70.0,2026-09-17 22:24:58,2.0090000000000146,99.42279663085938,20.870255240142345,984.7,0.6485
66.0,-69.5,2026-09-17 22:24:58,0.2580000000000382,99.09779663085938,16.820255240142345,975.09,0.3965
66.0,-69.0,2026-09-17 22:24:58,0.8940000000000055,91.69779663085939,14.966255240142345,971.7,0.145
66.0,-68.5,2026-09-17 22:24:58,0.9550000000000409,90.17279663085938,17.396255240142345,955.09,0.0765
66.0,-68.0,2026-09-17 22:24:58,0.5850000000000364,89.87279663085938,15.812255240142347,946.45,0.023
66.0,-67.5,2026-09-17 22:24:58,0.6250000000000568,89.19779663085939,13.976255240142345,940.8,0.038
66.0,-67.0,2026-09-17 22:24:58,1.6760000000000446,75.04779663085938,16.100255240142346,938.23,0.0075
66.0,-66.0,2026-09-17 22:24:58,1.9570000000000505,61.44779663085938,18.350255240142346,925.62,0.0
66.0,-65.5,2026-09-17 22:24:58,3.9880000000000564,61.84779663085938,15.776255240142348,952.02,0.0
66.0,-65.0,2026-09-17 22:24:58,1.2870000000000346,80.99779663085938,14.642255240142346,940.77,0.0
66.0,-64.5,2026-09-17 22:24:58,4.145000000000039,68.17279663085938,9.782255240142346,980.7,0.0
66.0,-64.0,2026-09-17 22:24:58,3.333000000000027,69.82279663085937,14.210255240142345,980.07,0.0
66.0,-63.5,2026-09-17 22:24:58,3.68100000000004,78.72279663085938,20.618255240142346,1006.99,0.0
66.0,-63.0,2026-09-17 22:24:58,2.407000000000039,82.64779663085938,21.644255240142346,1007.91,0.0
66.0,-62.5,2026-09-17 22:24:58,2.1930000000000405,83.14779663085938,21.770255240142347,1008.06,0.0
66.0,-62.0,2026-09-17 22:24:58,2.816000000000031,78.52279663085938,21.716255240142345,1008.25,0.0075
66.5,-141.0,2026-09-17 22:24:58,5.231000000000051,97.26240158081055,14.386250153034926,957.21,6.8285
66.5,-140.5,2026-09-17 22:24:58,4.670000000000016,95.51240158081055,16.114250153034927,939.8,7.0265
66.5,-140.0,2026-09-17 22:24:58,4.328000000000031,93.06240158081056,21.244250153034926,920.29,4.9515
66.5,-139.5,2026-09-17 22:24:58,6.274000000000001,83.11240158081056,18.184250153034927,939.32,0.16
66.5,-139.0,2026-09-17 22:24:58,6.015000000000043,83.68740158081056,16.52825015303493,936.84,0.328
66.5,-138.5,2026-09-17 22:24:58,8.311000000000035,84.06240158081056,11.614250153034925,976.69,0.0685
66.5,-138.0,2026-09-17 22:24:58,7.234000000000037,86.68740158081056,14.044250153034925,965.85,0.1375
66.5,-137.5,2026-09-17 22:24:58,6.982000000000028,85.71240158081055,12.730250153034927,962.26,0.305
66.5,-137.0,2026-09-17 22:24:58,6.704000000000008,88.91240158081055,14.350250153034926,966.88,0.3965
66.5,-136.5,2026-09-17 22:24:58,4.602000000000032,94.61240158081056,16.996250153034925,935.05,0.5415
66.5,-136.0,2026-09-17 22:24:58,3.4150000000000205,96.53740158081055,25.294250153034927,913.65,0.8925000000000001
66.5,-135.5,2026-09-17 22:24:58,6.333000000000027,87.01240158081055,13.864250153034925,943.42,0.0155
66.5,-135.0,2026-09-17 22:24:58,9.787000000000035,78.43740158081056,16.708250153034925,974.46,0.5645
66.5,-134.5,2026-09-17 22:24:58,8.786000000000001,81.16240158081055,17.482250153034926,957.08,0.6715
66.5,-134.0,2026-09-17 22:24:58,10.916000000000054,78.46240158081055,11.578250153034928,990.97,0.4885
66.5,-133.5,2026-09-17 22:24:58,11.250000000000057,79.01240158081055,12.730250153034927,1000.03,0.5495
66.5,-133.0,2026-09-17 22:24:58,11.053000000000054,82.53740158081055,11.470250153034925,1002.78,0.7555000000000001
66.5,-132.5,2026-09-17 22:24:58,10.50200000000001,81.31240158081056,13.630250153034925,997.88,0.6945
66.5,-132.0,2026-09-17 22:24:58,10.14100000000002,82.08740158081055,14.566250153034927,997.89,0.908
66.5,-131.5,2026-09-17 22:24:58,9.390000000000043,84.13740158081055,14.044250153034925,998.75,1.0605
66.5,-131.0,2026-09-17 22:24:58,8.435000000000002,89.88740158081055,11.758250153034925,999.92,1.114
66.5,-130.5,2026-09-17 22:24:58,8.83200000000005,86.93740158081056,14.566250153034927,1002.85,1.0755000000000001
66.5,-130.0,2026-09-17 22:24:58,8.088000000000022,90.46240158081055,14.926250153034927,997.63,0.8240000000000001
66.5,-129.5,2026-09-17 22:24:58,8.42100000000005,87.41240158081055,16.204250153034927,995.74,0.8165
66.5,-129.0,2026-09-17 22:24:58,10.074000000000012,78.81240158081056,19.282250153034926,1001.04,1.129
66.5,-128.5,2026-09-17 22:24:58,9.05600000000004,82.98740158081056,20.020250153034926,985.57,0.7475
66.5,-128.0,2026-09-17 22:24:58,9.354000000000042,80.06240158081056,17.536250153034928,990.34,0.557
66.5,-127.5,2026-09-17 22:24:58,9.32000000000005,82.71240158081055,16.06025015303493,996.16,0.4885
66.5,-127.0,2026-09-17 22:24:58,7.898000000000025,87.11240158081056,20.09225015303493,976.08,0.4045
66.5,-126.5,2026-09-17 22:24:58,8.690000000000055,82.51240158081055,16.708250153034925,990.85,0.244
66.5,-126.0,2026-09-17 22:24:58,8.035000000000025,85.73740158081056,21.010250153034928,978.77,0.1145
66.5,-125.5,2026-09-17 22:24:58,7.912000000000035,87.01240158081055,21.766250153034928,973.91,0.046
66.5,-125.0,2026-09-17 22:24:58,9.436000000000035,73.76240158081055,22.954250153034927,974.21,0.0155
66.5,-124.5,2026-09-17 22:24:58,9.230000000000018,79.48740158081056,21.964250153034925,966.49,0.0155
66.5,-124.0,2026-09-17 22:24:58,10.274000000000001,73.48740158081056,19.966250153034927,973.03,0.0
66.5,-123.5,2026-09-17 22:24:58,9.626000000000033,78.53326950073243,16.779648013472556,970.82,0.0155
66.5,-123.0,2026-09-17 22:24:58,9.545000000000016,85.25826950073242,15.015648013472559,989.22,0.023
66.5,-122.5,2026-09-17 22:24:58,7.828000000000031,93.83326950073243,22.161648013472558,990.07,0.0075
66.5,-122.0,2026-09-17 22:24:58,7.324000000000012,94.18326950073242,23.40364801347256,989.96,0.0075
66.5,-121.5,2026-09-17 22:24:58,7.023000000000025,94.20826950073243,24.30364801347256,989.89,0.0075
66.5,-121.0,2026-09-17 22:24:58,7.096000000000004,94.98326950073243,23.295648013472558,989.85,0.0075
66.5,-120.5,2026-09-17 22:24:58,7.448000000000036,95.03326950073243,21.297648013472557,989.96,0.0155
66.5,-120.0,2026-09-17 22:24:58,8.152000000000044,89.25826950073242,17.73364801347256,982.28,0.023
66.5,-119.5,2026-09-17 22:24:58,7.396000000000015,90.13326950073242,13.773648013472558,969.14,0.107
66.5,-119.0,2026-09-17 22:24:58,6.157000000000039,94.60826950073243,12.873648013472557,959.25,0.2745
66.5,-118.5,2026-09-17 22:24:58,6.819000000000017,91.93326950073242,13.629648013472558,970.71,0.23650000000000002
66.5,-118.0,2026-09-17 22:24:58,7.379000000000019,89.98326950073243,16.239648013472557,989.91,0.0765
66.5,-117.5,2026-09-17 22:24:58,6.800000000000011,87.38326950073242,13.683648013472556,984.74,0.1145
66.5,-117.0,2026-09-17 22:24:58,5.483000000000004,92.30826950073242,13.377648013472557,970.23,0.084
66.5,-116.5,2026-09-17 22:24:58,4.1790000000000305,99.05826950073242,14.673648013472556,956.53,0.046
66.5,-116.0,2026-09-17 22:24:58,3.646000000000015,98.23326950073243,13.863648013472558,958.17,0.0075
66.5,-115.5,2026-09-17 22:24:58,2.529000000000053,98.15826950073243,14.583648013472558,946.96,0.0
66.5,-115.0,2026-09-17 22:24:58,2.972000000000037,94.85826950073243,15.051648013472558,947.86,0.0
66.5,-114.5,2026-09-17 22:24:58,2.2110000000000127,96.13326950073242,9.723648013472559,959.87,0.0
66.5,-114.0,2026-09-17 22:24:58,1.1550000000000296,98.68326950073242,14.56564801347256,951.12,0.0
66.5,-113.5,2026-09-17 22:24:58,2.173000000000002,95.23326950073243,17.96764801347256,957.75,0.0
66.5,-113.0,2026-09-17 22:24:58,3.716000000000008,90.80826950073242,22.97164801347256,962.18,0.0
66.5,-112.5,2026-09-17 22:24:58,2.073000000000036,97.75826950073242,18.867648013472557,951.09,0.0
66.5,-112.0,2026-09-17 22:24:58,1.6000000000000227,94.88326950073242,17.067648013472557,946.1,0.0
66.5,-111.5,2026-09-17 22:24:58,1.9580000000000268,92.43326950073242,17.21164801347256,951.46,0.0
66.5,-111.0,2026-09-17 22:24:58,2.0060000000000286,90.93326950073242,19.299648013472556,947.98,0.0
66.5,-110.5,2026-09-17 22:24:58,3.612000000000023,84.65826950073243,16.58164801347256,957.48,0.0
66.5,-110.0,2026-09-17 22:24:58,3.840000000000032,84.68326950073242,18.02164801347256,957.53,0.0
66.5,-109.5,2026-09-17 22:24:58,5.3040000000000305,76.15826950073243,18.867648013472557,970.29,0.0
66.5,-109.0,2026-09-17 22:24:58,4.633000000000038,77.08326950073243,18.92164801347256,965.41,0.0
66.5,-108.5,2026-09-17 22:24:58,2.893000000000029,74.78326950073243,25.491648013472556,948.31,0.0
66.5,-108.0,2026-09-17 22:24:58,4.603000000000009,71.35826950073242,23.49364801347256,973.84,0.0
66.5,-107.5,2026-09-17 22:24:58,7.305000000000007,67.10826950073242,17.625648013472556,1006.58,0.0
66.5,-107.0,2026-09-17 22:24:58,4.869000000000028,68.53326950073243,21.71164801347256,977.76,0.0305
66.5,-106.5,2026-09-17 22:24:58,4.162000000000035,72.40826950073243,20.973648013472555,977.52,0.0155
66.5,-106.0,2026-09-17 22:24:58,4.300000000000011,67.33326950073243,22.917648013472558,975.78,0.0155
66.5,-105.5,2026-09-17 22:24:58,4.577000000000055,67.18326950073242,22.73764801347256,976.57,0.0305
66.5,-105.0,2026-09-17 22:24:58,4.966000000000008,68.63326950073242,22.37764801347256,982.17,0.061
66.5,-104.5,2026-09-17 22:24:58,5.1510000000000105,68.18326950073242,23.11564801347256,984.64,0.061
66.5,-104.0,2026-09-17 22:24:58,5.286000000000001,68.43326950073242,23.241648013472556,986.6,0.0075
66.5,-103.5,2026-09-17 22:24:58,5.26400000000001,67.38326950073242,23.349648013472557,985.46,0.023
66.5,-103.0,2026-09-17 22:24:58,5.418000000000006,67.45826950073243,22.485648013472556,988.64,0.046
66.5,-102.5,2026-09-17 22:24:58,5.388000000000034,67.40826950073243,22.86364801347256,991.83,0.168
66.5,-102.0,2026-09-17 22:24:58,5.166000000000054,68.25826950073242,22.827648013472558,991.85,0.046
66.5,-101.5,2026-09-17 22:24:58,2.7350000000000136,74.24779663085938,17.684255240142345,992.88,0.061
66.5,-101.0,2026-09-17 22:24:58,2.848000000000013,75.67279663085938,18.152255240142345,993.66,0.0
66.5,-100.5,2026-09-17 22:24:58,2.927000000000021,74.59779663085938,17.774255240142345,992.12,0.0765
66.5,-100.0,2026-09-17 22:24:58,2.7900000000000205,76.22279663085938,17.864255240142345,992.48,0.061
66.5,-99.5,2026-09-17 22:24:58,2.8780000000000427,76.89779663085938,17.450255240142347,995.09,0.0305
66.5,-99.0,2026-09-17 22:24:58,3.1060000000000514,76.77279663085938,17.57625524014235,996.57,0.4655
66.5,-98.5,2026-09-17 22:24:58,3.0300000000000296,78.69779663085939,18.404255240142348,996.84,1.03
66.5,-98.0,2026-09-17 22:24:58,3.1000000000000227,79.72279663085938,18.188255240142347,997.66,0.3815
66.5,-97.5,2026-09-17 22:24:58,3.178000000000054,80.52279663085938,19.970255240142343,999.46,0.084
66.5,-97.0,2026-09-17 22:24:58,3.1620000000000346,82.14779663085938,18.548255240142346,1000.76,0.1295
66.5,-96.5,2026-09-17 22:24:58,3.0360000000000014,83.92279663085938,15.866255240142346,1003.61,1.2590000000000001
66.5,-96.0,2026-09-17 22:24:58,2.6550000000000296,85.92279663085938,16.010255240142346,1002.83,0.557
66.5,-95.5,2026-09-17 22:24:58,2.3290000000000077,88.07279663085939,16.100255240142346,999.91,0.5415
66.5,-95.0,2026-09-17 22:24:58,1.1410000000000196,90.97279663085938,13.454255240142347,988.1,1.068
66.5,-94.5,2026-09-17 22:24:58,-0.2319999999999709,92.79779663085938,15.776255240142348,971.85,1.068
66.5,-94.0,2026-09-17 22:24:58,0.35400000000004184,89.37279663085938,20.384255240142345,979.55,0.305
66.5,-93.5,2026-09-17 22:24:58,-0.17399999999997817,89.14779663085938,16.874255240142347,973.59,0.17550000000000002
66.5,-93.0,2026-09-17 22:24:58,-0.09499999999997044,88.07279663085939,20.240255240142346,970.91,0.8085
66.5,-92.5,2026-09-17 22:24:58,0.4460000000000264,85.07279663085939,17.540255240142347,971.08,0.313
66.5,-92.0,2026-09-17 22:24:58,0.771000000000015,80.89779663085938,16.064255240142344,975.59,0.618
66.5,-91.5,2026-09-17 22:24:58,0.5050000000000523,82.49779663085938,14.930255240142346,981.65,1.32
66.5,-91.0,2026-09-17 22:24:58,-0.8499999999999659,87.24779663085938,14.966255240142345,966.52,3.395
66.5,-90.5,2026-09-17 22:24:58,-1.94399999999996,89.77279663085938,18.062255240142346,954.68,2.0445
66.5,-90.0,2026-09-17 22:24:58,-1.4839999999999804,86.09779663085938,19.82625524014235,962.09,0.8165
66.5,-89.5,2026-09-17 22:24:58,-0.4609999999999559,81.19779663085939,22.004255240142346,972.64,0.458
66.5,-89.0,2026-09-17 22:24:58,0.18900000000002137,80.42279663085938,21.932255240142347,977.2,1.045
66.5,-88.5,2026-09-17 22:24:58,-0.3949999999999818,81.07279663085939,20.76225524014235,965.71,0.7095
66.5,-88.0,2026-09-17 22:24:58,1.2390000000000327,71.94779663085937,19.358255240142345,983.54,0.168
66.5,-87.5,2026-09-17 22:24:58,1.4540000000000077,71.47279663085938,16.820255240142345,987.78,0.0685
66.5,-87.0,2026-09-17 22:24:58,1.54200000000003,70.02279663085938,16.73025524014235,995.41,0.084
66.5,-86.5,2026-09-17 22:24:58,1.8040000000000305,69.57279663085937,19.430255240142348,1013.73,0.023
66.5,-86.0,2026-09-17 22:24:58,1.7720000000000482,74.89779663085938,18.998255240142345,1013.2,0.046
66.5,-85.5,2026-09-17 22:24:58,1.5810000000000173,76.99779663085938,19.502255240142347,1013.34,0.1145
66.5,-85.0,2026-09-17 22:24:58,-0.16499999999996362,75.64779663085938,18.548255240142346,978.3,0.2975
66.5,-84.5,2026-09-17 22:24:58,0.69500000000005,76.19779663085937,18.908255240142346,988.89,0.1525
66.5,-84.0,2026-09-17 22:24:58,1.7270000000000323,76.49779663085938,23.444255240142347,1000.38,1.0755000000000001
66.5,-83.5,2026-09-17 22:24:58,1.6190000000000282,69.42279663085938,20.726255240142347,993.94,0.084
66.5,-83.0,2026-09-17 22:24:58,2.156000000000006,67.72279663085938,21.482255240142347,1010.41,0.0075
66.5,-82.5,2026-09-17 22:24:58,1.4840000000000373,72.29779663085938,24.254255240142346,1011.77,0.038
66.5,-73.5,2026-09-17 22:24:58,3.5120000000000005,78.47279663085938,16.55025524014235,1005.45,0.3965
66.5,-73.0,2026-09-17 22:24:58,2.2450000000000045,89.89779663085938,7.496255240142345,1002.18,1.2815
66.5,-72.5,2026-09-17 22:24:58,0.26200000000000045,97.87279663085938,7.586255240142346,996.26,0.41200000000000003
66.5,-72.0,2026-09-17 22:24:58,0.39800000000002456,98.69779663085939,10.016255240142346,986.39,0.0915
66.5,-71.5,2026-09-17 22:24:58,2.1270000000000095,91.57279663085939,9.962255240142346,983.23,0.2745
66.5,-71.0,2026-09-17 22:24:58,2.5580000000000496,94.54779663085938,14.048255240142346,991.14,0.1295
66.5,-70.5,2026-09-17 22:24:58,3.4180000000000064,93.32279663085939,22.238255240142347,990.44,0.1295
66.5,-70.0,2026-09-17 22:24:58,3.039000000000044,96.67279663085938,21.716255240142345,989.06,0.5035000000000001
66.5,-69.5,2026-09-17 22:24:58,0.410000000000025,98.77279663085938,18.638255240142346,975.95,0.618
66.5,-69.0,2026-09-17 22:24:58,0.7170000000000414,92.77279663085938,15.056255240142347,973.42,0.1525
66.5,-68.5,2026-09-17 22:24:58,0.8710000000000377,91.34779663085938,16.046255240142344,958.87,0.168
66.5,-68.0,2026-09-17 22:24:58,0.6070000000000277,89.42279663085938,16.910255240142344,945.21,0.0305
66.5,-67.5,2026-09-17 22:24:58,0.3990000000000009,89.37279663085938,14.390255240142347,939.05,0.046
66.5,-67.0,2026-09-17 22:24:58,1.0570000000000164,83.92279663085938,14.966255240142345,938.87,0.0075
66.5,-66.5,2026-09-17 22:24:58,1.9850000000000136,69.37279663085938,16.856255240142346,935.29,0.0
66.5,-66.0,2026-09-17 22:24:58,0.7760000000000105,77.77279663085938,16.784255240142347,928.62,0.0
66.5,-65.5,2026-09-17 22:24:58,2.0300000000000296,68.17279663085938,19.484255240142346,931.66,0.0
66.5,-65.0,2026-09-17 22:24:58,2.7040000000000077,61.997796630859376,18.098255240142347,940.25,0.0
66.5,-64.5,2026-09-17 22:24:58,1.1790000000000305,81.17279663085938,17.540255240142347,946.17,0.0
66.5,-64.0,2026-09-17 22:24:58,3.900000000000034,70.07279663085937,14.732255240142347,973.31,0.0
66.5,-63.5,2026-09-17 22:24:58,3.104000000000042,74.47279663085938,19.250255240142348,990.43,0.0
66.5,-63.0,2026-09-17 22:24:58,2.6100000000000136,82.99779663085938,21.968255240142348,1007.83,0.0
66.5,-62.5,2026-09-17 22:24:58,2.0850000000000364,84.04779663085938,22.09425524014235,1008.01,0.0
66.5,-62.0,2026-09-17 22:24:58,2.649000000000001,79.87279663085938,22.022255240142346,1008.18,0.0
66.5,-61.5,2026-09-17 22:24:58,3.0360000000000014,76.49779663085938,22.634255240142345,1008.32,0.038
67.0,-141.0,2026-09-17 22:24:58,5.810000000000002,94.11240158081056,22.144250153034925,956.19,3.5020000000000002
67.0,-140.5,2026-09-17 22:24:58,6.703000000000031,89.68740158081056,14.998250153034927,951.07,1.0605
67.0,-140.0,2026-09-17 22:24:58,4.423000000000002,97.36240158081056,16.402250153034927,934.19,0.992
67.0,-139.5,2026-09-17 22:24:58,4.123000000000047,94.31240158081056,18.094250153034924,921.14,0.87
67.0,-139.0,2026-09-17 22:24:58,6.103000000000009,87.01240158081055,16.708250153034925,948.9,0.1905
67.0,-138.5,2026-09-17 22:24:58,6.238000000000056,88.26240158081055,18.004250153034928,948.56,0.046
67.0,-138.0,2026-09-17 22:24:58,6.77800000000002,89.78740158081055,14.728250153034926,957.9,0.122
67.0,-137.5,2026-09-17 22:24:58,7.100000000000023,88.78740158081055,13.288250153034925,973.64,0.038
67.0,-137.0,2026-09-17 22:24:58,7.275000000000034,89.96240158081055,13.342250153034925,971.39,0.061
67.0,-136.5,2026-09-17 22:24:58,3.924000000000035,99.21240158081055,19.048250153034928,927.29,0.183
67.0,-136.0,2026-09-17 22:24:58,5.552000000000021,93.03740158081055,16.960250153034927,944.61,0.168
67.0,-135.5,2026-09-17 22:24:58,7.862000000000023,84.91240158081055,12.568250153034926,971.36,0.0
67.0,-135.0,2026-09-17 22:24:58,9.801000000000045,86.66240158081055,4.288250153034926,991.15,0.107
67.0,-134.5,2026-09-17 22:24:58,8.222000000000037,84.36240158081056,2.848250153034926,1005.74,0.229
67.0,-134.0,2026-09-17 22:24:58,7.170000000000016,83.51240158081055,2.2362501530349252,1000.27,0.2975
67.0,-133.5,2026-09-17 22:24:58,8.104000000000042,82.21240158081055,3.856250153034926,1001.58,0.374
67.0,-133.0,2026-09-17 22:24:58,8.40300000000002,84.16240158081055,5.4762501530349255,995.27,0.885
67.0,-132.5,2026-09-17 22:24:58,8.736000000000047,83.58740158081055,5.386250153034926,997.19,1.2510000000000001
67.0,-132.0,2026-09-17 22:24:58,8.305000000000007,83.16240158081055,8.626250153034926,987.91,1.3125
67.0,-131.5,2026-09-17 22:24:58,6.678000000000054,89.41240158081055,11.092250153034925,967.67,1.4040000000000001
67.0,-131.0,2026-09-17 22:24:58,7.535000000000025,85.26240158081055,13.972250153034926,971.62,1.1520000000000001
67.0,-130.5,2026-09-17 22:24:58,9.618000000000052,79.61240158081056,10.444250153034925,996.74,0.923
67.0,-130.0,2026-09-17 22:24:58,8.700000000000045,83.53740158081055,10.156250153034927,997.68,0.7475
67.0,-129.5,2026-09-17 22:24:58,7.8770000000000095,81.11240158081056,17.338250153034927,980.23,0.7020000000000001
67.0,-129.0,2026-09-17 22:24:58,8.286000000000001,82.73740158081056,16.906250153034925,978.14,0.7020000000000001
67.0,-128.5,2026-09-17 22:24:58,9.853000000000009,75.16240158081055,16.996250153034925,988.88,0.2745
67.0,-128.0,2026-09-17 22:24:58,9.632000000000005,74.68740158081054,15.970250153034925,985.5,0.122
67.0,-127.5,2026-09-17 22:24:58,8.471000000000004,83.31240158081056,14.008250153034925,978.1,0.099
67.0,-127.0,2026-09-17 22:24:58,8.024000000000001,82.21240158081055,15.484250153034926,973.84,0.1145
67.0,-126.5,2026-09-17 22:24:58,7.149000000000001,88.41240158081055,15.520250153034926,971.94,0.0915
67.0,-126.0,2026-09-17 22:24:58,7.281000000000006,86.11240158081056,15.772250153034927,971.41,0.0305
67.0,-125.5,2026-09-17 22:24:58,7.227000000000032,87.93740158081056,16.726250153034925,971.21,0.0765
67.0,-125.0,2026-09-17 22:24:58,7.024000000000001,89.16240158081055,17.734250153034928,966.31,0.038
67.0,-124.5,2026-09-17 22:24:58,7.857000000000028,86.48740158081056,17.374250153034925,972.58,0.0155
67.0,-124.0,2026-09-17 22:24:58,8.15100000000001,82.28740158081055,19.06625015303493,968.39,0.0155
67.0,-123.5,2026-09-17 22:24:58,7.660000000000025,88.15826950073243,19.947648013472556,967.82,0.0075
67.0,-123.0,2026-09-17 22:24:58,7.65300000000002,88.30826950073242,17.15764801347256,964.53,0.0075
67.0,-122.5,2026-09-17 22:24:58,6.8940000000000055,90.30826950073242,20.469648013472558,955.55,0.0
67.0,-122.0,2026-09-17 22:24:58,7.961000000000013,88.63326950073242,18.23764801347256,975.49,0.0
67.0,-121.5,2026-09-17 22:24:58,8.575000000000045,88.58326950073243,13.809648013472557,981.7,0.0155
67.0,-121.0,2026-09-17 22:24:58,8.348000000000013,88.30826950073242,9.147648013472558,982.68,0.0
67.0,-120.5,2026-09-17 22:24:58,7.505000000000052,87.85826950073243,9.111648013472557,985.5,0.0
67.0,-120.0,2026-09-17 22:24:58,6.753000000000043,89.05826950073242,13.251648013472558,988.18,0.0075
67.0,-119.5,2026-09-17 22:24:58,6.626000000000033,90.03326950073243,12.909648013472557,987.75,0.0075
67.0,-119.0,2026-09-17 22:24:58,6.767000000000053,88.23326950073243,12.729648013472557,981.2,0.023
67.0,-118.5,2026-09-17 22:24:58,7.2070000000000505,88.00826950073242,14.907648013472558,981.8,0.0155
67.0,-118.0,2026-09-17 22:24:58,6.360000000000014,88.13326950073242,13.017648013472558,968.0,0.0305
67.0,-117.5,2026-09-17 22:24:58,4.7520000000000095,92.18326950073242,15.375648013472558,944.26,0.0915
67.0,-117.0,2026-09-17 22:24:58,4.4290000000000305,90.68326950073242,13.287648013472557,944.32,0.0685
67.0,-116.5,2026-09-17 22:24:58,4.073000000000036,95.03326950073243,15.051648013472558,944.8,0.061
67.0,-116.0,2026-09-17 22:24:58,4.515000000000043,93.63326950073242,18.05764801347256,947.84,0.145
67.0,-115.5,2026-09-17 22:24:58,3.913000000000011,94.98326950073243,12.855648013472557,961.41,0.046
67.0,-115.0,2026-09-17 22:24:58,2.420000000000016,97.28326950073243,17.571648013472558,942.91,0.0075
67.0,-114.5,2026-09-17 22:24:58,3.001000000000033,93.38326950073242,21.783648013472558,951.22,0.0
67.0,-114.0,2026-09-17 22:24:58,2.340000000000032,93.73326950073243,20.43364801347256,951.62,0.0
67.0,-113.5,2026-09-17 22:24:58,2.986000000000047,90.60826950073243,20.25364801347256,955.38,0.0
67.0,-113.0,2026-09-17 22:24:58,3.69500000000005,89.60826950073243,23.007648013472558,960.71,0.0
67.0,-112.5,2026-09-17 22:24:58,1.9350000000000023,94.43326950073242,20.77564801347256,951.86,0.0
67.0,-112.0,2026-09-17 22:24:58,2.3110000000000355,95.43326950073242,27.435648013472555,948.14,0.0
67.0,-111.5,2026-09-17 22:24:58,2.2110000000000127,92.43326950073242,22.23364801347256,954.88,0.0
67.0,-111.0,2026-09-17 22:24:58,2.2480000000000473,93.18326950073242,18.34564801347256,961.67,0.023
67.0,-110.5,2026-09-17 22:24:58,2.4570000000000505,89.93326950073242,26.193648013472558,959.24,0.0535
67.0,-110.0,2026-09-17 22:24:58,2.097000000000037,91.85826950073243,23.241648013472556,958.14,0.0685
67.0,-109.5,2026-09-17 22:24:58,2.9360000000000355,87.23326950073243,22.37764801347256,961.7,0.023
67.0,-109.0,2026-09-17 22:24:58,3.862000000000023,79.90826950073243,25.023648013472556,965.13,0.0
67.0,-108.5,2026-09-17 22:24:58,5.866000000000042,73.78326950073243,18.92164801347256,991.69,0.0
67.0,-108.0,2026-09-17 22:24:58,7.3870000000000005,67.13326950073242,22.05364801347256,1010.46,0.0
67.0,-107.5,2026-09-17 22:24:58,6.8110000000000355,72.00826950073242,27.90364801347256,1009.84,0.0
67.0,-107.0,2026-09-17 22:24:58,5.011000000000024,67.75826950073242,24.969648013472558,988.49,0.023
67.0,-106.5,2026-09-17 22:24:58,4.077000000000055,71.88326950073242,21.423648013472558,982.71,0.0075
67.0,-106.0,2026-09-17 22:24:58,4.662000000000035,70.65826950073243,22.539648013472558,987.99,0.046
67.0,-105.5,2026-09-17 22:24:58,4.7620000000000005,70.95826950073243,23.763648013472558,985.51,0.0155
67.0,-105.0,2026-09-17 22:24:58,4.897000000000048,72.45826950073243,22.593648013472556,987.37,0.0155
67.0,-104.5,2026-09-17 22:24:58,5.039000000000044,72.70826950073243,22.80964801347256,991.46,0.0075
67.0,-104.0,2026-09-17 22:24:58,4.7970000000000255,74.58326950073243,23.99764801347256,990.79,0.145
67.0,-103.5,2026-09-17 22:24:58,4.975000000000023,71.20826950073243,24.44764801347256,993.0,0.038
67.0,-103.0,2026-09-17 22:24:58,4.955000000000041,72.75826950073242,23.70964801347256,993.89,0.023
67.0,-102.5,2026-09-17 22:24:58,5.090000000000032,72.28326950073243,22.97164801347256,993.89,0.0075
67.0,-102.0,2026-09-17 22:24:58,5.5540000000000305,73.28326950073243,21.62164801347256,999.77,0.0075
67.0,-101.5,2026-09-17 22:24:58,3.4640000000000555,78.97279663085938,17.522255240142346,1000.24,0.084
67.0,-101.0,2026-09-17 22:24:58,3.295000000000016,78.67279663085938,17.828255240142347,1000.07,0.038
67.0,-100.5,2026-09-17 22:24:58,3.1580000000000155,79.94779663085939,17.486255240142345,998.99,0.0915
67.0,-100.0,2026-09-17 22:24:58,3.146000000000015,79.54779663085938,16.712255240142348,999.73,0.9995
67.0,-99.5,2026-09-17 22:24:58,3.1520000000000437,80.19779663085939,15.866255240142346,1001.84,1.3885
67.0,-99.0,2026-09-17 22:24:58,3.0740000000000123,80.59779663085938,16.100255240142346,1002.02,0.3435
67.0,-98.5,2026-09-17 22:24:58,3.07000000000005,81.62279663085938,15.812255240142347,1003.62,0.2745
67.0,-98.0,2026-09-17 22:24:58,2.8140000000000214,83.14779663085938,15.578255240142346,1002.95,0.1525
67.0,-97.5,2026-09-17 22:24:58,2.7240000000000464,84.62279663085938,15.776255240142348,1003.68,1.3885
67.0,-97.0,2026-09-17 22:24:58,2.531000000000006,86.29779663085938,15.632255240142348,1005.48,1.045
67.0,-96.5,2026-09-17 22:24:58,2.7390000000000327,84.64779663085938,15.866255240142346,1010.07,0.374
67.0,-96.0,2026-09-17 22:24:58,2.8600000000000136,85.52279663085938,17.108255240142345,1011.45,0.145
67.0,-95.5,2026-09-17 22:24:58,3.053000000000054,85.87279663085938,14.102255240142346,1012.09,0.145
67.0,-95.0,2026-09-17 22:24:58,0.8040000000000305,93.64779663085938,14.732255240142347,989.55,1.4345
67.0,-94.5,2026-09-17 22:24:58,0.3900000000000432,90.34779663085938,15.866255240142346,978.95,3.4330000000000003
67.0,-94.0,2026-09-17 22:24:58,0.5060000000000286,86.97279663085938,16.064255240142344,982.73,3.2805
67.0,-93.5,2026-09-17 22:24:58,-0.1279999999999859,88.29779663085938,19.448255240142345,972.84,2.7845
67.0,-93.0,2026-09-17 22:24:58,1.3210000000000264,82.02279663085938,15.632255240142348,991.77,1.877
67.0,-92.5,2026-09-17 22:24:58,1.5220000000000482,84.29779663085938,13.544255240142345,994.74,1.7015
67.0,-92.0,2026-09-17 22:24:58,-0.27399999999994407,88.92279663085938,15.776255240142348,977.12,2.2585
67.0,-91.5,2026-09-17 22:24:58,-0.7679999999999723,87.99779663085938,16.73025524014235,973.42,1.7855
67.0,-91.0,2026-09-17 22:24:58,-1.835999999999956,87.22279663085938,18.836255240142346,959.27,2.815
67.0,-90.5,2026-09-17 22:24:58,-1.9909999999999854,89.84779663085938,21.356255240142346,959.84,1.32
67.0,-90.0,2026-09-17 22:24:58,-1.1669999999999732,85.84779663085938,19.682255240142347,970.55,0.168
67.0,-89.5,2026-09-17 22:24:58,-1.4259999999999877,88.64779663085938,22.310255240142347,968.61,0.4655
67.0,-89.0,2026-09-17 22:24:58,-1.3579999999999472,86.84779663085938,19.430255240142348,964.66,0.717
67.0,-88.5,2026-09-17 22:24:58,0.2230000000000132,81.39779663085938,20.384255240142345,981.0,0.328
67.0,-88.0,2026-09-17 22:24:58,1.157000000000039,76.54779663085938,17.342255240142347,988.86,0.229
67.0,-87.5,2026-09-17 22:24:58,2.049000000000035,72.39779663085938,16.676255240142346,1002.11,0.5720000000000001
67.0,-87.0,2026-09-17 22:24:58,1.7420000000000186,71.94779663085937,16.118255240142346,1004.87,0.862
67.0,-86.5,2026-09-17 22:24:58,0.8520000000000323,74.19779663085937,15.686255240142346,994.77,1.2205
67.0,-86.0,2026-09-17 22:24:58,-0.7099999999999795,76.44779663085937,18.260255240142346,974.95,0.58
67.0,-85.5,2026-09-17 22:24:58,-0.7459999999999809,77.04779663085938,16.442255240142348,978.62,0.435
67.0,-85.0,2026-09-17 22:24:58,0.8030000000000541,73.84779663085938,16.622255240142344,999.9,0.2595
67.0,-84.5,2026-09-17 22:24:58,1.0970000000000368,78.04779663085938,21.788255240142348,1003.87,0.2215
67.0,-84.0,2026-09-17 22:24:58,0.6970000000000027,75.94779663085937,20.150255240142346,988.48,0.0535
67.0,-83.5,2026-09-17 22:24:58,0.26600000000001955,71.44779663085937,20.474255240142348,981.42,0.0685
67.0,-83.0,2026-09-17 22:24:58,0.09800000000001319,74.04779663085938,22.54425524014235,980.47,0.084
67.0,-82.5,2026-09-17 22:24:58,0.9950000000000045,69.37279663085938,21.500255240142348,987.92,0.046
67.0,-82.0,2026-09-17 22:24:58,2.3880000000000337,64.09779663085938,18.674255240142347,1005.12,0.168
67.0,-81.5,2026-09-17 22:24:58,1.469000000000051,69.72279663085938,18.206255240142347,1009.07,0.099
67.0,-73.0,2026-09-17 22:24:58,3.3390000000000555,86.37279663085938,7.334255240142345,1003.02,1.5335
67.0,-72.5,2026-09-17 22:24:58,0.3390000000000555,97.62279663085938,6.956255240142346,998.63,0.9995
67.0,-72.0,2026-09-17 22:24:58,0.44700000000000273,98.84779663085938,9.152255240142347,988.78,0.107
67.0,-71.5,2026-09-17 22:24:58,2.2380000000000564,91.87279663085938,5.912255240142346,981.97,0.23650000000000002
67.0,-71.0,2026-09-17 22:24:58,2.688000000000045,92.44779663085939,15.830255240142346,991.37,0.20600000000000002
67.0,-70.5,2026-09-17 22:24:58,2.4190000000000396,96.07279663085939,13.436255240142346,990.62,0.1295
67.0,-70.0,2026-09-17 22:24:58,3.5780000000000314,93.19779663085939,29.528255240142347,990.6,0.4045
67.0,-69.5,2026-09-17 22:24:58,0.9230000000000018,99.34779663085938,20.438255240142347,980.36,0.679
67.0,-69.0,2026-09-17 22:24:58,0.3450000000000273,98.27279663085938,15.290255240142345,976.44,0.20600000000000002
67.0,-68.5,2026-09-17 22:24:58,1.2240000000000464,89.97279663085938,16.910255240142344,966.08,0.16
67.0,-68.0,2026-09-17 22:24:58,0.8580000000000041,89.62279663085938,17.450255240142347,950.84,0.0305
67.0,-67.5,2026-09-17 22:24:58,0.4350000000000023,89.74779663085938,15.542255240142346,941.07,0.038
67.0,-67.0,2026-09-17 22:24:58,0.6750000000000114,87.67279663085938,14.246255240142347,938.23,0.023
67.0,-66.5,2026-09-17 22:24:58,1.2090000000000032,79.44779663085939,16.622255240142344,933.74,0.0075
67.0,-66.0,2026-09-17 22:24:58,1.8660000000000423,65.34779663085938,16.298255240142346,933.8,0.0075
67.0,-65.5,2026-09-17 22:24:58,2.265000000000043,60.272796630859375,19.106255240142346,927.88,0.0
67.0,-65.0,2026-09-17 22:24:58,2.7870000000000346,62.32279663085938,18.638255240142346,937.87,0.0
67.0,-64.5,2026-09-17 22:24:58,1.038000000000011,80.02279663085938,17.30625524014235,941.14,0.0
67.0,-64.0,2026-09-17 22:24:58,1.914000000000044,79.02279663085938,13.922255240142345,959.77,0.0
67.0,-63.5,2026-09-17 22:24:58,2.705000000000041,72.22279663085938,15.920255240142344,975.92,0.0
67.0,-63.0,2026-09-17 22:24:58,2.771000000000015,83.89779663085938,22.112255240142346,1007.76,0.0
67.0,-62.5,2026-09-17 22:24:58,2.3100000000000023,83.04779663085938,21.734255240142346,1007.94,0.0
67.0,-62.0,2026-09-17 22:24:58,2.4490000000000123,81.99779663085938,21.482255240142347,1008.11,0.0
67.5,-141.0,2026-09-17 22:24:58,4.902000000000044,99.58740158081055,20.668250153034926,944.39,0.9615
67.5,-140.5,2026-09-17 22:24:58,6.629000000000019,95.16240158081055,19.80425015303493,969.25,0.656
67.5,-140.0,2026-09-17 22:24:58,7.052000000000021,94.13740158081055,20.812250153034924,979.68,0.366
67.5,-139.5,2026-09-17 22:24:58,6.8320000000000505,94.08740158081055,21.352250153034927,970.25,0.801
67.5,-139.0,2026-09-17 22:24:58,6.980000000000018,90.63740158081055,13.630250153034925,973.89,0.87
67.5,-138.5,2026-09-17 22:24:58,7.359000000000037,86.18740158081056,10.192250153034927,962.67,2.1665
67.5,-138.0,2026-09-17 22:24:58,6.753000000000043,92.93740158081056,6.088250153034926,973.17,2.1665
67.5,-137.5,2026-09-17 22:24:58,5.18300000000005,96.33740158081055,10.426250153034927,943.55,4.5015
67.5,-137.0,2026-09-17 22:24:58,5.76400000000001,96.51240158081055,12.280250153034926,960.88,2.4415
67.5,-136.5,2026-09-17 22:24:58,2.1850000000000023,99.71240158081055,17.518250153034923,897.91,4.532
67.5,-136.0,2026-09-17 22:24:58,6.550000000000011,84.48740158081056,10.804250153034925,944.92,0.984
67.5,-135.5,2026-09-17 22:24:58,7.426000000000045,85.91240158081055,6.430250153034926,970.5,0.2135
67.5,-135.0,2026-09-17 22:24:58,7.390000000000043,84.78740158081055,7.186250153034926,1010.79,0.145
67.5,-134.5,2026-09-17 22:24:58,6.996000000000038,85.01240158081055,3.730250153034926,1008.18,0.267
67.5,-134.0,2026-09-17 22:24:58,7.035000000000025,81.91240158081055,2.0562501530349255,1006.92,0.801
67.5,-133.5,2026-09-17 22:24:58,6.782000000000039,83.18740158081056,4.378250153034926,999.48,2.037
67.5,-133.0,2026-09-17 22:24:58,7.108000000000004,83.13740158081055,6.4842501530349255,1000.07,2.7235
67.5,-132.5,2026-09-17 22:24:58,6.412000000000035,86.31240158081056,9.904250153034926,981.98,3.0060000000000002
67.5,-132.0,2026-09-17 22:24:58,6.912000000000035,83.28740158081055,7.258250153034926,990.12,2.0140000000000002
67.5,-131.5,2026-09-17 22:24:58,6.944000000000017,84.41240158081055,8.824250153034926,1004.02,1.6785
67.5,-131.0,2026-09-17 22:24:58,7.142000000000053,81.63740158081055,11.776250153034926,998.19,1.5715000000000001
67.5,-130.5,2026-09-17 22:24:58,6.01400000000001,85.33740158081055,11.830250153034926,982.07,0.87
67.5,-130.0,2026-09-17 22:24:58,6.4220000000000255,78.83740158081055,15.088250153034926,979.54,0.801
67.5,-129.5,2026-09-17 22:24:58,6.41700000000003,84.08740158081055,10.516250153034925,989.25,0.6715
67.5,-129.0,2026-09-17 22:24:58,6.1200000000000045,79.61240158081056,14.710250153034927,979.96,0.458
67.5,-128.5,2026-09-17 22:24:58,6.398000000000025,80.66240158081055,14.044250153034925,982.71,0.145
67.5,-128.0,2026-09-17 22:24:58,7.063000000000045,74.68740158081054,15.052250153034926,986.86,0.107
67.5,-127.5,2026-09-17 22:24:58,7.222000000000037,73.56240158081054,17.806250153034924,980.73,0.107
67.5,-127.0,2026-09-17 22:24:58,7.365000000000009,75.36240158081056,19.732250153034926,977.46,0.107
67.5,-126.5,2026-09-17 22:24:58,6.910000000000025,82.51240158081055,22.594250153034924,978.9,0.0685
67.5,-126.0,2026-09-17 22:24:58,7.202000000000055,83.96240158081055,17.878250153034926,977.81,0.107
67.5,-125.5,2026-09-17 22:24:58,6.611000000000047,88.71240158081055,16.924250153034926,979.8,0.0765
67.5,-125.0,2026-09-17 22:24:58,7.098000000000013,88.43740158081056,22.234250153034928,977.55,0.2215
67.5,-124.5,2026-09-17 22:24:58,6.793000000000006,90.66240158081055,17.626250153034928,975.43,0.28250000000000003
67.5,-124.0,2026-09-17 22:24:58,6.918000000000006,87.61240158081056,17.068250153034924,969.04,0.2215
67.5,-123.5,2026-09-17 22:24:58,7.90500000000003,84.68326950073242,19.245648013472557,968.95,0.0305
67.5,-123.0,2026-09-17 22:24:58,6.715000000000032,93.63326950073242,20.091648013472557,959.5,0.0075
67.5,-122.5,2026-09-17 22:24:58,6.927000000000021,93.18326950073242,23.925648013472557,963.47,0.0
67.5,-122.0,2026-09-17 22:24:58,6.585000000000036,93.55826950073242,18.147648013472555,961.72,0.0075
67.5,-121.5,2026-09-17 22:24:58,5.340000000000032,98.70826950073243,15.483648013472559,953.53,0.0075
67.5,-121.0,2026-09-17 22:24:58,5.350000000000023,96.95826950073243,12.297648013472557,952.47,0.0075
67.5,-120.5,2026-09-17 22:24:58,6.015000000000043,94.98326950073243,14.241648013472558,957.22,0.0
67.5,-120.0,2026-09-17 22:24:58,5.7900000000000205,92.35826950073243,13.449648013472558,963.59,0.0
67.5,-119.5,2026-09-17 22:24:58,5.159000000000049,91.90826950073243,15.087648013472558,959.28,0.0
67.5,-119.0,2026-09-17 22:24:58,5.447000000000003,91.13326950073242,14.637648013472557,951.35,0.0075
67.5,-118.5,2026-09-17 22:24:58,5.190000000000055,91.75826950073242,19.011648013472556,954.34,0.0
67.5,-118.0,2026-09-17 22:24:58,6.230000000000018,87.43326950073242,16.923648013472558,960.0,0.0
67.5,-117.5,2026-09-17 22:24:58,6.5090000000000146,89.50826950073242,21.279648013472556,974.17,0.0
67.5,-117.0,2026-09-17 22:24:58,6.013000000000034,89.33326950073243,15.573648013472557,968.42,0.0
67.5,-116.5,2026-09-17 22:24:58,6.739000000000033,84.15826950073243,22.629648013472558,968.57,0.0305
67.5,-116.0,2026-09-17 22:24:58,6.696000000000026,86.38326950073242,21.117648013472557,974.67,0.0155
67.5,-115.5,2026-09-17 22:24:58,5.461000000000013,89.85826950073243,18.90364801347256,979.14,0.061
67.5,-115.0,2026-09-17 22:24:58,5.18100000000004,90.25826950073242,23.40364801347256,966.75,0.046
67.5,-114.5,2026-09-17 22:24:58,5.073000000000036,88.65826950073243,25.20364801347256,968.07,0.023
67.5,-114.0,2026-09-17 22:24:58,4.787000000000035,88.80826950073242,21.567648013472557,967.06,0.0075
67.5,-113.5,2026-09-17 22:24:58,4.256000000000029,88.80826950073242,21.117648013472557,964.63,0.0
67.5,-113.0,2026-09-17 22:24:58,3.504000000000019,89.93326950073242,22.95364801347256,960.04,0.0
67.5,-112.5,2026-09-17 22:24:58,3.4960000000000377,88.25826950073242,25.437648013472558,962.7,0.0
67.5,-112.0,2026-09-17 22:24:58,4.583000000000027,88.08326950073243,21.53164801347256,992.66,0.0
67.5,-111.5,2026-09-17 22:24:58,3.524000000000001,90.90826950073243,23.241648013472556,974.0,0.0765
67.5,-111.0,2026-09-17 22:24:58,3.0920000000000414,92.55826950073242,21.99964801347256,971.28,0.0685
67.5,-110.5,2026-09-17 22:24:58,3.4110000000000014,89.83326950073243,26.823648013472557,975.67,0.046
67.5,-110.0,2026-09-17 22:24:58,2.9220000000000255,90.58326950073243,24.735648013472556,974.75,0.0155
67.5,-109.5,2026-09-17 22:24:58,3.6210000000000377,87.30826950073242,28.587648013472556,986.07,0.0075
67.5,-109.0,2026-09-17 22:24:58,4.645000000000039,82.43326950073242,15.195648013472558,998.04,0.1905
67.5,-108.5,2026-09-17 22:24:58,6.348000000000013,73.00826950073242,25.58164801347256,1003.32,0.1905
67.5,-108.0,2026-09-17 22:24:58,6.350000000000023,73.40826950073243,27.975648013472558,1009.6,0.4425
67.5,-107.5,2026-09-17 22:24:58,4.704000000000008,81.00826950073242,22.539648013472558,998.78,0.5035000000000001
67.5,-107.0,2026-09-17 22:24:58,4.159000000000049,74.25826950073242,23.61964801347256,988.08,0.7935
67.5,-106.5,2026-09-17 22:24:58,4.904000000000053,67.48326950073242,23.637648013472557,990.77,0.6715
67.5,-106.0,2026-09-17 22:24:58,4.748000000000047,75.13326950073242,22.629648013472558,992.78,0.2595
67.5,-105.5,2026-09-17 22:24:58,5.317000000000007,67.23326950073242,23.99764801347256,994.82,0.23650000000000002
67.5,-105.0,2026-09-17 22:24:58,5.010000000000048,74.60826950073242,22.86364801347256,997.05,0.1375
67.5,-104.5,2026-09-17 22:24:58,5.163000000000011,74.93326950073242,22.86364801347256,998.77,0.038
67.5,-104.0,2026-09-17 22:24:58,4.910000000000025,76.18326950073242,22.593648013472556,996.11,0.061
67.5,-103.5,2026-09-17 22:24:58,5.15500000000003,75.40826950073243,22.05364801347256,1000.88,0.145
67.5,-103.0,2026-09-17 22:24:58,5.29400000000004,73.45826950073243,21.855648013472557,1003.32,0.229
67.5,-102.5,2026-09-17 22:24:58,5.202000000000055,72.58326950073243,22.08964801347256,1003.94,0.458
67.5,-102.0,2026-09-17 22:24:58,5.466000000000008,72.35826950073242,20.469648013472558,1009.2,0.1905
67.5,-101.5,2026-09-17 22:24:58,3.51400000000001,76.29779663085938,16.766255240142346,1010.29,0.4805
67.5,-101.0,2026-09-17 22:24:58,3.2180000000000177,78.19779663085939,16.26225524014235,1007.66,0.4805
67.5,-100.5,2026-09-17 22:24:58,3.2340000000000373,77.54779663085938,17.522255240142346,1008.56,0.725
67.5,-100.0,2026-09-17 22:24:58,3.1550000000000296,79.54779663085938,15.542255240142346,1007.34,0.3205
67.5,-99.5,2026-09-17 22:24:58,3.18100000000004,81.14779663085938,15.956255240142347,1007.85,0.20600000000000002
67.5,-99.0,2026-09-17 22:24:58,3.212000000000046,83.12279663085938,15.236255240142347,1009.05,0.107
67.5,-98.5,2026-09-17 22:24:58,3.0670000000000073,84.67279663085938,14.714255240142345,1009.3,1.137
67.5,-98.0,2026-09-17 22:24:58,2.8630000000000564,86.62279663085938,15.308255240142344,1009.07,0.3205
67.5,-97.5,2026-09-17 22:24:58,2.816000000000031,86.17279663085938,15.722255240142346,1008.31,0.2595
67.5,-97.0,2026-09-17 22:24:58,3.0470000000000255,85.12279663085938,14.822255240142345,1011.13,0.2595
67.5,-96.5,2026-09-17 22:24:58,3.0880000000000223,85.27279663085938,14.966255240142345,1013.54,0.58
67.5,-96.0,2026-09-17 22:24:58,2.754000000000019,86.34779663085938,19.592255240142347,1014.06,1.6175
67.5,-95.5,2026-09-17 22:24:58,2.9080000000000155,87.22279663085938,20.690255240142346,1014.1,0.7555000000000001
67.5,-95.0,2026-09-17 22:24:58,1.330000000000041,92.67279663085938,19.574255240142346,993.66,2.289
67.5,-94.5,2026-09-17 22:24:58,0.7680000000000291,94.74779663085938,12.590255240142346,995.33,1.5795000000000001
67.5,-94.0,2026-09-17 22:24:58,1.2760000000000105,92.37279663085938,14.354255240142345,1000.15,1.8235000000000001
67.5,-93.5,2026-09-17 22:24:58,0.8350000000000364,90.87279663085938,14.786255240142346,990.15,2.838
67.5,-93.0,2026-09-17 22:24:58,-0.16699999999997317,95.59779663085938,17.144255240142346,980.0,1.32
67.5,-92.5,2026-09-17 22:24:58,-0.8919999999999959,95.72279663085938,18.296255240142344,968.3,1.709
67.5,-92.0,2026-09-17 22:24:58,-0.4109999999999445,90.44779663085939,19.052255240142344,971.8,1.7775
67.5,-91.5,2026-09-17 22:24:58,-0.10199999999997544,89.04779663085938,17.918255240142347,980.39,0.847
67.5,-91.0,2026-09-17 22:24:58,-0.9559999999999604,93.07279663085939,19.448255240142345,969.35,1.8995
67.5,-90.5,2026-09-17 22:24:58,-0.9589999999999463,93.02279663085938,19.160255240142344,969.33,1.686
67.5,-90.0,2026-09-17 22:24:58,0.38700000000000045,86.94779663085939,16.964255240142347,988.43,0.641
67.5,-89.5,2026-09-17 22:24:58,-0.3529999999999518,88.82279663085939,17.57625524014235,976.52,0.8085
67.5,-89.0,2026-09-17 22:24:58,-1.1119999999999663,90.64779663085938,18.494255240142348,967.51,0.74
67.5,-88.5,2026-09-17 22:24:58,-1.030999999999949,89.02279663085938,18.872255240142344,967.33,0.374
67.5,-88.0,2026-09-17 22:24:58,1.1480000000000246,78.94779663085939,17.684255240142345,992.62,0.9005
67.5,-87.5,2026-09-17 22:24:58,1.9810000000000514,75.07279663085937,16.586255240142346,1012.72,1.457
67.5,-86.5,2026-09-17 22:24:58,1.1310000000000286,72.52279663085938,14.534255240142345,1012.52,1.915
67.5,-86.0,2026-09-17 22:24:58,-0.4179999999999495,79.59779663085938,17.360255240142347,985.08,1.1520000000000001
67.5,-85.5,2026-09-17 22:24:58,-1.9189999999999827,79.79779663085938,19.538255240142348,965.35,0.9005
67.5,-85.0,2026-09-17 22:24:58,-1.6719999999999686,75.77279663085938,18.008255240142343,964.92,0.435
67.5,-84.5,2026-09-17 22:24:58,-1.2649999999999864,73.14779663085938,20.312255240142346,968.69,0.5415
67.5,-84.0,2026-09-17 22:24:58,-0.40299999999996317,74.19779663085937,22.454255240142345,976.87,0.2745
67.5,-83.5,2026-09-17 22:24:58,-0.6259999999999764,72.79779663085938,21.860255240142347,976.71,0.839
67.5,-83.0,2026-09-17 22:24:58,-0.214999999999975,72.54779663085938,21.590255240142344,975.2,0.5495
67.5,-82.5,2026-09-17 22:24:58,0.8580000000000041,70.44779663085937,20.924255240142347,982.83,0.244
67.5,-82.0,2026-09-17 22:24:58,0.3660000000000423,70.04779663085938,20.438255240142347,977.46,0.1905
67.5,-81.5,2026-09-17 22:24:58,1.275000000000034,69.69779663085937,21.194255240142347,998.66,0.1375
67.5,-77.0,2026-09-17 22:24:58,1.629000000000019,84.12279663085938,30.680255240142348,1007.88,0.0
67.5,-76.5,2026-09-17 22:24:58,1.6420000000000528,87.54779663085938,30.44625524014235,1007.59,0.0
67.5,-76.0,2026-09-17 22:24:58,1.7310000000000514,88.22279663085938,26.88225524014235,1007.37,0.0
67.5,-75.5,2026-09-17 22:24:58,2.3420000000000414,80.92279663085938,24.812255240142346,1007.21,0.0
67.5,-75.0,2026-09-17 22:24:58,2.6100000000000136,80.62279663085938,21.914255240142346,1006.95,0.0
67.5,-72.5,2026-09-17 22:24:58,1.0260000000000105,93.89779663085938,7.622255240142345,1000.1,1.6325
67.5,-72.0,2026-09-17 22:24:58,0.2750000000000341,99.19779663085939,8.432255240142347,988.78,0.17550000000000002
67.5,-71.5,2026-09-17 22:24:58,2.3390000000000555,92.44779663085939,5.6422552401423465,986.23,0.168
67.5,-71.0,2026-09-17 22:24:58,2.650000000000034,90.39779663085938,13.616255240142346,990.51,0.23650000000000002
67.5,-70.5,2026-09-17 22:24:58,1.7600000000000477,99.14779663085938,5.570255240142346,990.84,0.1145
67.5,-70.0,2026-09-17 22:24:58,3.5810000000000173,92.74779663085938,25.928255240142345,990.81,0.2215
67.5,-69.5,2026-09-17 22:24:58,1.674000000000035,99.67279663085938,20.780255240142345,983.24,0.6485
67.5,-69.0,2026-09-17 22:24:58,0.2470000000000141,99.17279663085938,16.352255240142345,975.49,0.3965
67.5,-68.5,2026-09-17 22:24:58,0.8940000000000055,91.69779663085939,14.966255240142345,971.7,0.145
67.5,-68.0,2026-09-17 22:24:58,0.9550000000000409,90.17279663085938,17.396255240142345,955.09,0.0765
67.5,-67.5,2026-09-17 22:24:58,0.5850000000000364,89.87279663085938,15.812255240142347,946.45,0.023
67.5,-67.0,2026-09-17 22:24:58,0.5290000000000532,90.37279663085938,13.958255240142346,940.53,0.038
67.5,-66.5,2026-09-17 22:24:58,1.6760000000000446,75.04779663085938,16.100255240142346,938.23,0.0075
67.5,-66.0,2026-09-17 22:24:58,1.6860000000000355,69.37279663085938,16.442255240142348,933.13,0.0
67.5,-65.5,2026-09-17 22:24:58,1.8770000000000095,63.54779663085938,17.864255240142345,927.51,0.0
67.5,-65.0,2026-09-17 22:24:58,4.749000000000024,52.09779663085938,16.118255240142346,954.3,0.0
67.5,-64.5,2026-09-17 22:24:58,1.774000000000001,69.52279663085938,16.046255240142344,939.88,0.0
67.5,-64.0,2026-09-17 22:24:58,4.7520000000000095,66.84779663085938,10.394255240142346,982.54,0.0
68.0,-141.0,2026-09-17 22:24:58,6.907000000000039,79.16240158081055,10.822250153034926,962.8,0.0075
68.0,-140.5,2026-09-17 22:24:58,6.579000000000008,79.63740158081055,1.4262501530349254,973.35,0.0155
68.0,-140.0,2026-09-17 22:24:58,7.254000000000019,78.78740158081055,2.3982501530349256,974.5,0.023
68.0,-139.5,2026-09-17 22:24:58,7.190000000000055,85.71240158081055,5.872250153034926,975.06,0.046
68.0,-139.0,2026-09-17 22:24:58,7.718000000000018,84.06240158081056,9.292250153034926,974.68,0.0535
68.0,-138.5,2026-09-17 22:24:58,5.715000000000032,92.58740158081055,12.712250153034926,960.34,0.1375
68.0,-138.0,2026-09-17 22:24:58,4.466000000000008,94.98740158081056,13.018250153034927,936.43,0.839
68.0,-137.5,2026-09-17 22:24:58,2.664000000000044,99.36240158081056,15.628250153034926,912.32,2.4185
68.0,-137.0,2026-09-17 22:24:58,4.404000000000053,90.61240158081056,7.672250153034925,926.2,1.2665
68.0,-136.5,2026-09-17 22:24:58,1.4680000000000177,93.18740158081056,12.640250153034927,881.36,1.564
68.0,-136.0,2026-09-17 22:24:58,3.4710000000000036,85.86240158081056,12.442250153034927,906.88,0.35100000000000003
68.0,-135.5,2026-09-17 22:24:58,2.9110000000000014,99.11240158081056,7.618250153034927,948.82,0.519
68.0,-135.0,2026-09-17 22:24:58,4.7070000000000505,85.16240158081055,4.4682501530349255,1011.1,0.5265
68.0,-134.5,2026-09-17 22:24:58,4.398000000000025,85.76240158081055,0.41825015303492546,1010.76,0.679
68.0,-134.0,2026-09-17 22:24:58,4.281000000000006,88.63740158081055,2.8122501530349258,1010.73,0.9155
68.0,-133.5,2026-09-17 22:24:58,4.460000000000036,92.01240158081055,4.396250153034925,1004.02,1.4040000000000001
68.0,-133.0,2026-09-17 22:24:58,3.7900000000000205,90.23740158081056,8.950250153034926,986.68,2.0140000000000002
68.0,-132.5,2026-09-17 22:24:58,3.861000000000047,88.58740158081055,12.100250153034926,982.69,2.0445
68.0,-132.0,2026-09-17 22:24:58,3.7530000000000427,91.08740158081055,12.208250153034927,983.75,1.7165000000000001
68.0,-131.5,2026-09-17 22:24:58,4.080000000000041,88.33740158081055,10.948250153034925,985.64,1.2435
68.0,-131.0,2026-09-17 22:24:58,3.3100000000000023,91.48740158081056,14.332250153034925,971.09,1.3960000000000001
68.0,-130.5,2026-09-17 22:24:58,3.8740000000000236,91.16240158081055,14.584250153034926,978.38,0.87
68.0,-130.0,2026-09-17 22:24:58,4.54200000000003,89.43740158081056,14.008250153034925,985.75,0.908
68.0,-129.5,2026-09-17 22:24:58,5.338000000000022,86.91240158081055,13.900250153034927,992.03,0.6105
68.0,-129.0,2026-09-17 22:24:58,6.206000000000017,78.03740158081055,15.430250153034924,994.18,0.29
68.0,-128.5,2026-09-17 22:24:58,5.383000000000038,83.91240158081055,15.304250153034927,985.61,0.244
68.0,-128.0,2026-09-17 22:24:58,5.500000000000057,81.43740158081056,15.862250153034925,986.31,0.23650000000000002
68.0,-127.5,2026-09-17 22:24:58,5.41900000000004,81.03740158081055,15.916250153034927,983.47,0.2215
68.0,-127.0,2026-09-17 22:24:58,5.083000000000027,81.93740158081056,19.210250153034927,972.86,0.183
68.0,-126.5,2026-09-17 22:24:58,5.307000000000016,86.38740158081055,17.878250153034926,981.34,0.1295
68.0,-126.0,2026-09-17 22:24:58,5.291000000000054,86.76240158081055,19.33625015303493,984.82,0.1295
68.0,-125.5,2026-09-17 22:24:58,4.663000000000011,90.13740158081055,15.862250153034925,978.6,0.1905
68.0,-125.0,2026-09-17 22:24:58,4.671000000000049,89.51240158081055,16.096250153034926,976.82,0.122
68.0,-124.5,2026-09-17 22:24:58,4.121000000000038,92.21240158081055,13.630250153034925,971.43,0.1525
68.0,-124.0,2026-09-17 22:24:58,3.848000000000013,90.61240158081056,16.582250153034927,962.11,0.099
68.0,-123.5,2026-09-17 22:24:58,4.635000000000048,97.55826950073242,16.725648013472558,957.1,0.038
68.0,-123.0,2026-09-17 22:24:58,4.623000000000047,99.65826950073243,16.09564801347256,953.93,0.046
68.0,-122.5,2026-09-17 22:24:58,5.673000000000002,96.43326950073242,17.913648013472557,953.83,0.046
68.0,-122.0,2026-09-17 22:24:58,5.3870000000000005,96.00826950073242,16.545648013472558,949.96,0.061
68.0,-121.5,2026-09-17 22:24:58,5.44500000000005,95.63326950073242,15.339648013472559,950.1,0.0305
68.0,-121.0,2026-09-17 22:24:58,5.864000000000033,91.38326950073242,16.815648013472558,950.6,0.0155
68.0,-120.5,2026-09-17 22:24:58,4.878000000000043,93.60826950073243,16.995648013472557,940.67,0.023
68.0,-120.0,2026-09-17 22:24:58,4.05800000000005,91.73326950073243,20.055648013472556,927.31,0.046
68.0,-119.5,2026-09-17 22:24:58,4.909000000000049,87.13326950073242,19.623648013472557,938.28,0.0
68.0,-119.0,2026-09-17 22:24:58,7.277000000000044,84.08326950073243,15.915648013472559,967.75,0.0
68.0,-118.5,2026-09-17 22:24:58,7.497000000000014,84.63326950073242,18.435648013472555,981.97,0.0
68.0,-118.0,2026-09-17 22:24:58,7.563000000000045,82.45826950073243,20.01964801347256,984.62,0.023
68.0,-117.5,2026-09-17 22:24:58,8.53000000000003,79.30826950073242,18.47164801347256,993.42,0.0685
68.0,-117.0,2026-09-17 22:24:58,8.475000000000023,80.20826950073243,17.96764801347256,991.27,0.107
68.0,-116.5,2026-09-17 22:24:58,7.910000000000025,83.73326950073243,17.049648013472556,984.05,0.046
68.0,-116.0,2026-09-17 22:24:58,6.9290000000000305,86.18326950073242,18.291648013472557,972.49,0.038
68.0,-115.5,2026-09-17 22:24:58,7.3870000000000005,82.88326950073242,19.335648013472557,981.74,0.084
68.0,-115.0,2026-09-17 22:24:58,7.40500000000003,86.80826950073242,24.82564801347256,1006.14,0.099
68.0,-113.5,2026-09-17 22:24:58,6.586000000000013,85.55826950073242,27.83164801347256,1006.25,0.0
68.0,-113.0,2026-09-17 22:24:58,6.5090000000000146,84.55826950073242,28.713648013472557,1006.64,0.038
68.0,-111.0,2026-09-17 22:24:58,5.982000000000028,83.33326950073243,31.737648013472562,1007.38,0.0155
68.0,-110.5,2026-09-17 22:24:58,6.045000000000016,85.13326950073242,29.541648013472557,1007.58,0.107
68.0,-110.0,2026-09-17 22:24:58,5.623000000000047,84.30826950073242,28.49764801347256,1006.37,0.1905
68.0,-109.5,2026-09-17 22:24:58,5.626000000000033,82.60826950073243,25.11364801347256,1008.07,0.35100000000000003
68.0,-109.0,2026-09-17 22:24:58,5.614000000000033,77.85826950073243,26.913648013472557,1007.7,0.122
68.0,-108.0,2026-09-17 22:24:58,5.852000000000032,75.50826950073242,33.357648013472556,1008.77,0.2975
68.0,-107.5,2026-09-17 22:24:58,4.549000000000035,78.90826950073243,38.001648013472554,992.35,0.389
68.0,-107.0,2026-09-17 22:24:58,4.68300000000005,77.05826950073242,38.14564801347256,994.3,0.2135
68.0,-106.5,2026-09-17 22:24:58,5.505000000000052,77.35826950073243,25.527648013472557,1002.28,0.183
68.0,-106.0,2026-09-17 22:24:58,5.222000000000037,79.15826950073243,22.37764801347256,1000.6,0.3435
68.0,-105.5,2026-09-17 22:24:58,5.232000000000028,76.65826950073243,21.53164801347256,1002.52,0.427
68.0,-105.0,2026-09-17 22:24:58,4.856000000000051,77.53326950073243,21.47764801347256,1001.71,0.2975
68.0,-104.5,2026-09-17 22:24:58,5.035000000000025,76.58326950073243,21.62164801347256,1008.76,0.1905
68.0,-104.0,2026-09-17 22:24:58,5.124000000000024,74.75826950073242,23.241648013472556,1009.0,0.1375
68.0,-103.5,2026-09-17 22:24:58,5.166000000000054,75.65826950073243,20.379648013472558,1008.5,0.595
68.0,-103.0,2026-09-17 22:24:58,4.7000000000000455,75.58326950073243,24.51964801347256,1010.96,0.23650000000000002
68.0,-99.0,2026-09-17 22:24:58,3.896000000000015,86.89779663085938,26.57625524014235,1012.78,1.5795000000000001
68.0,-98.5,2026-09-17 22:24:58,4.093000000000018,88.29779663085938,21.014255240142344,1010.45,1.4040000000000001
68.0,-98.0,2026-09-17 22:24:58,4.251000000000033,88.02279663085938,19.430255240142348,1011.75,1.4265
68.0,-97.5,2026-09-17 22:24:58,4.197000000000003,85.64779663085938,20.402255240142345,1009.59,0.557
68.0,-97.0,2026-09-17 22:24:58,4.3180000000000405,84.74779663085938,20.060255240142347,1008.59,0.8085
68.0,-96.5,2026-09-17 22:24:58,4.5400000000000205,83.92279663085938,17.828255240142347,1011.76,0.6715
68.0,-96.0,2026-09-17 22:24:58,4.090000000000032,84.67279663085938,20.690255240142346,1013.02,0.595
68.0,-95.5,2026-09-17 22:24:58,3.6830000000000496,86.09779663085938,23.30025524014235,1013.09,0.435
68.0,-95.0,2026-09-17 22:24:58,3.54200000000003,87.79779663085938,17.054255240142346,1010.44,0.9005
68.0,-94.5,2026-09-17 22:24:58,3.237000000000023,86.79779663085938,17.108255240142345,1007.61,1.2510000000000001
68.0,-94.0,2026-09-17 22:24:58,2.3210000000000264,88.27279663085938,17.666255240142345,1003.87,0.8545
68.0,-93.5,2026-09-17 22:24:58,1.9220000000000255,87.79779663085938,18.260255240142346,998.16,0.847
68.0,-93.0,2026-09-17 22:24:58,1.3850000000000477,89.79779663085938,17.01825524014235,1001.59,0.6105
68.0,-92.5,2026-09-17 22:24:58,0.6720000000000255,90.62279663085938,18.908255240142346,989.45,0.8545
68.0,-92.0,2026-09-17 22:24:58,0.42200000000002547,90.89779663085938,19.286255240142346,985.23,1.0605
68.0,-91.5,2026-09-17 22:24:58,0.7430000000000518,90.64779663085938,17.216255240142345,991.61,2.3725
68.0,-91.0,2026-09-17 22:24:58,1.0620000000000118,88.64779663085938,17.072255240142347,995.66,0.366
68.0,-90.5,2026-09-17 22:24:58,0.5380000000000109,88.17279663085938,18.638255240142346,990.01,0.5875
68.0,-90.0,2026-09-17 22:24:58,1.1420000000000528,86.87279663085938,16.73025524014235,999.36,0.17550000000000002
68.0,-89.5,2026-09-17 22:24:58,1.0580000000000496,87.62279663085938,16.820255240142345,999.59,0.4425
68.0,-89.0,2026-09-17 22:24:58,0.7930000000000064,87.02279663085938,18.260255240142346,995.68,0.3435
68.0,-88.5,2026-09-17 22:24:58,2.0930000000000177,82.82279663085939,19.160255240142344,1008.87,0.786
68.0,-87.0,2026-09-17 22:24:58,1.0620000000000118,81.49779663085938,20.096255240142344,1012.16,1.7625
68.0,-86.5,2026-09-17 22:24:58,1.01400000000001,80.44779663085939,15.740255240142345,1007.11,1.358
68.0,-86.0,2026-09-17 22:24:58,1.0930000000000177,76.37279663085938,15.290255240142345,1009.2,1.625
68.0,-85.5,2026-09-17 22:24:58,-1.5429999999999495,82.74779663085938,18.350255240142346,974.82,1.3505
68.0,-85.0,2026-09-17 22:24:58,-2.2969999999999686,81.92279663085938,23.156255240142347,964.54,2.1055
68.0,-84.5,2026-09-17 22:24:58,-0.8809999999999718,72.82279663085937,21.914255240142346,975.59,0.969
68.0,-84.0,2026-09-17 22:24:58,-1.1119999999999663,75.37279663085938,24.34425524014235,973.38,0.7705
68.0,-83.5,2026-09-17 22:24:58,-1.4319999999999595,74.09779663085938,22.148255240142348,963.91,0.1295
68.0,-83.0,2026-09-17 22:24:58,-0.18699999999995498,67.32279663085937,20.690255240142346,971.91,0.168
68.0,-82.5,2026-09-17 22:24:58,0.43200000000001637,65.02279663085938,20.096255240142344,974.05,0.0685
68.0,-82.0,2026-09-17 22:24:58,1.8630000000000564,64.02279663085938,17.288255240142348,993.09,0.046
68.0,-77.0,2026-09-17 22:24:58,1.5580000000000496,84.14779663085938,30.44625524014235,1007.93,0.0
68.0,-76.5,2026-09-17 22:24:58,1.6830000000000496,86.39779663085938,30.680255240142348,1007.67,0.0
68.0,-76.0,2026-09-17 22:24:58,1.6610000000000014,89.02279663085938,27.764255240142347,1007.37,0.0
68.0,-75.5,2026-09-17 22:24:58,2.223000000000013,82.02279663085938,25.190255240142346,1007.26,0.0
68.0,-75.0,2026-09-17 22:24:58,2.5880000000000223,81.62279663085938,22.778255240142347,1007.02,0.0
68.0,-74.5,2026-09-17 22:24:58,2.5640000000000214,83.07279663085939,21.194255240142347,1006.82,0.0
68.0,-74.0,2026-09-17 22:24:58,2.8710000000000377,79.84779663085938,21.356255240142346,1006.49,0.0
68.0,-73.5,2026-09-17 22:24:58,3.487000000000023,73.72279663085938,17.540255240142347,1006.04,0.0
68.0,-73.0,2026-09-17 22:24:58,3.733000000000004,78.57279663085939,15.380255240142347,1004.93,0.656
68.0,-72.5,2026-09-17 22:24:58,1.573000000000036,92.19779663085939,8.018255240142345,1001.48,1.2815
68.0,-72.0,2026-09-17 22:24:58,0.18500000000000227,98.24779663085938,7.388255240142346,994.98,0.23650000000000002
68.0,-71.5,2026-09-17 22:24:58,0.76400000000001,98.54779663085938,9.962255240142346,986.14,0.107
68.0,-71.0,2026-09-17 22:24:58,2.1830000000000496,91.24779663085938,10.574255240142346,984.39,0.267
68.0,-70.5,2026-09-17 22:24:58,2.4890000000000327,95.57279663085939,12.212255240142346,991.05,0.107
68.0,-70.0,2026-09-17 22:24:58,3.38900000000001,93.64779663085938,23.354255240142347,990.62,0.1375
68.0,-69.5,2026-09-17 22:24:58,3.039000000000044,96.67279663085938,21.716255240142345,989.06,0.5495
68.0,-69.0,2026-09-17 22:24:58,0.410000000000025,98.77279663085938,18.638255240142346,975.95,0.58
68.0,-68.5,2026-09-17 22:24:58,0.7170000000000414,92.77279663085938,15.056255240142347,973.42,0.145
68.0,-68.0,2026-09-17 22:24:58,0.8710000000000377,91.34779663085938,16.046255240142344,958.87,0.168
68.0,-67.5,2026-09-17 22:24:58,0.6070000000000277,89.42279663085938,16.910255240142344,945.21,0.0305
68.0,-67.0,2026-09-17 22:24:58,0.3990000000000009,89.37279663085938,14.390255240142347,939.05,0.046
68.0,-66.5,2026-09-17 22:24:58,1.0570000000000164,83.92279663085938,14.966255240142345,938.87,0.0075
68.0,-66.0,2026-09-17 22:24:58,1.9850000000000136,69.37279663085938,16.856255240142346,935.29,0.0
68.0,-65.5,2026-09-17 22:24:58,0.9990000000000236,69.09779663085938,16.910255240142344,927.49,0.0075
68.0,-65.0,2026-09-17 22:24:58,1.934000000000026,68.17279663085938,19.682255240142347,929.5,0.0
68.0,-64.5,2026-09-17 22:24:58,3.205000000000041,60.497796630859376,18.026255240142348,943.31,0.0
68.5,-141.0,2026-09-17 22:24:58,3.2450000000000045,87.18740158081056,9.400250153034925,942.64,0.0535
68.5,-140.5,2026-09-17 22:24:58,3.0270000000000437,86.66240158081055,10.246250153034927,937.11,0.3435
68.5,-140.0,2026-09-17 22:24:58,3.994000000000028,85.68740158081056,11.146250153034927,954.04,0.9765
68.5,-139.5,2026-09-17 22:24:58,2.76400000000001,92.26240158081055,15.718250153034925,933.28,4.0285
68.5,-139.0,2026-09-17 22:24:58,3.05600000000004,93.48740158081056,15.232250153034926,933.65,1.938
68.5,-138.5,2026-09-17 22:24:58,2.79200000000003,96.43740158081056,18.004250153034928,925.7,3.685
68.5,-138.0,2026-09-17 22:24:58,6.110000000000014,82.06240158081056,11.614250153034925,958.16,0.641
68.5,-137.5,2026-09-17 22:24:58,4.378000000000043,94.86240158081056,11.902250153034926,944.35,4.6465000000000005
68.5,-137.0,2026-09-17 22:24:58,4.5610000000000355,93.36240158081056,4.810250153034925,958.23,1.5565
68.5,-136.5,2026-09-17 22:24:58,2.8840000000000146,95.81240158081056,4.4682501530349255,976.14,1.3960000000000001
68.5,-136.0,2026-09-17 22:24:58,2.678000000000054,92.56240158081056,4.018250153034925,975.17,0.4425
68.5,-135.5,2026-09-17 22:24:58,4.412000000000035,80.83740158081055,0.7062501530349256,1010.34,0.1375
68.5,-135.0,2026-09-17 22:24:58,4.82000000000005,78.83740158081055,3.2082501530349257,1009.98,0.244
68.5,-134.5,2026-09-17 22:24:58,4.487000000000023,85.58740158081055,6.916250153034926,1010.01,0.3965
68.5,-134.0,2026-09-17 22:24:58,4.124000000000024,86.01240158081055,6.808250153034926,1010.11,0.4045
68.5,-133.5,2026-09-17 22:24:58,3.3180000000000405,87.98740158081056,8.194250153034925,999.86,0.41200000000000003
68.5,-133.0,2026-09-17 22:24:58,3.177000000000021,90.43740158081056,7.996250153034926,998.56,0.7020000000000001
68.5,-132.5,2026-09-17 22:24:58,3.4020000000000437,87.23740158081056,10.012250153034927,999.68,1.1065
68.5,-132.0,2026-09-17 22:24:58,3.319000000000017,88.23740158081056,11.578250153034928,991.66,0.8165
68.5,-131.5,2026-09-17 22:24:58,2.82000000000005,87.61240158081056,16.474250153034927,980.66,0.923
68.5,-131.0,2026-09-17 22:24:58,3.4160000000000537,83.48740158081056,14.908250153034926,989.0,0.5415
68.5,-130.5,2026-09-17 22:24:58,3.9330000000000496,82.96240158081055,15.718250153034925,992.0,0.5495
68.5,-130.0,2026-09-17 22:24:58,3.289000000000044,92.76240158081055,17.014250153034926,987.32,0.9385
68.5,-129.5,2026-09-17 22:24:58,3.972000000000037,85.98740158081056,18.094250153034924,989.67,0.6715
68.5,-129.0,2026-09-17 22:24:58,4.129000000000019,84.21240158081055,18.004250153034928,986.32,0.511
68.5,-128.5,2026-09-17 22:24:58,4.222000000000037,88.46240158081055,15.106250153034924,992.04,0.2975
68.5,-128.0,2026-09-17 22:24:58,4.011000000000024,89.66240158081055,18.346250153034926,983.43,0.3205
68.5,-127.5,2026-09-17 22:24:58,4.536000000000001,89.21240158081055,17.338250153034927,990.5,0.305
68.5,-127.0,2026-09-17 22:24:58,4.678000000000054,88.78740158081055,18.238250153034926,989.47,0.3205
68.5,-126.5,2026-09-17 22:24:58,4.798000000000002,88.36240158081056,17.878250153034926,991.36,0.2595
68.5,-126.0,2026-09-17 22:24:58,4.590000000000032,90.41240158081055,17.662250153034925,987.83,0.267
68.5,-125.5,2026-09-17 22:24:58,3.890000000000043,93.11240158081056,17.140250153034927,979.86,0.305
68.5,-125.0,2026-09-17 22:24:58,3.3590000000000373,94.76240158081055,16.24025015303493,974.21,0.305
68.5,-124.5,2026-09-17 22:24:58,3.5570000000000164,93.83740158081055,15.736250153034927,972.39,0.23650000000000002
68.5,-124.0,2026-09-17 22:24:58,2.94500000000005,94.96240158081055,16.438250153034925,963.65,0.313
68.5,-123.5,2026-09-17 22:24:58,2.0360000000000014,95.75826950073242,12.801648013472558,949.85,0.9535
68.5,-123.0,2026-09-17 22:24:58,1.649000000000001,97.90826950073243,16.85164801347256,940.43,0.8315
68.5,-122.5,2026-09-17 22:24:58,2.8430000000000177,95.95826950073243,14.619648013472558,953.13,0.2975
68.5,-122.0,2026-09-17 22:24:58,2.399000000000001,99.55826950073242,15.141648013472556,941.68,0.801
68.5,-121.5,2026-09-17 22:24:58,2.337000000000046,99.23326950073243,18.723648013472555,926.12,0.992
68.5,-121.0,2026-09-17 22:24:58,3.657000000000039,95.60826950073243,16.239648013472557,943.83,0.2215
68.5,-120.5,2026-09-17 22:24:58,3.258000000000038,95.33326950073243,20.757648013472558,929.73,0.0685
68.5,-120.0,2026-09-17 22:24:58,4.148000000000025,87.95826950073243,24.71764801347256,932.6,0.0155
68.5,-119.5,2026-09-17 22:24:58,4.395000000000039,86.83326950073243,28.87564801347256,937.2,0.0685
68.5,-119.0,2026-09-17 22:24:58,5.959000000000003,80.43326950073242,22.66564801347256,953.73,0.023
68.5,-118.5,2026-09-17 22:24:58,6.0330000000000155,80.83326950073243,14.907648013472558,966.98,0.0305
68.5,-118.0,2026-09-17 22:24:58,6.662000000000035,79.48326950073243,14.781648013472557,975.2,0.0
68.5,-117.5,2026-09-17 22:24:58,7.591000000000008,80.38326950073242,18.147648013472555,976.55,0.0
68.5,-117.0,2026-09-17 22:24:58,6.5820000000000505,82.13326950073242,18.777648013472557,978.68,0.0
68.5,-116.5,2026-09-17 22:24:58,7.777000000000044,76.43326950073242,18.81364801347256,982.17,0.0
68.5,-116.0,2026-09-17 22:24:58,8.166000000000054,77.25826950073242,17.13964801347256,991.01,0.0
68.5,-115.5,2026-09-17 22:24:58,7.674000000000035,80.50826950073242,16.239648013472557,994.17,0.0
68.5,-115.0,2026-09-17 22:24:58,7.481000000000051,80.18326950073242,17.21164801347256,994.12,0.0
68.5,-114.5,2026-09-17 22:24:58,7.305000000000007,85.28326950073243,16.38364801347256,997.81,0.0
68.5,-114.0,2026-09-17 22:24:58,5.93100000000004,89.30826950073242,18.34564801347256,1005.42,0.0
68.5,-113.5,2026-09-17 22:24:58,5.425000000000011,90.65826950073243,25.34764801347256,1005.57,0.0
68.5,-113.0,2026-09-17 22:24:58,5.757000000000005,89.25826950073242,26.58964801347256,1005.35,0.0
68.5,-112.5,2026-09-17 22:24:58,5.102000000000032,90.23326950073243,24.71764801347256,1004.64,0.0
68.5,-112.0,2026-09-17 22:24:58,4.972000000000037,88.95826950073243,24.19564801347256,1006.13,0.0075
68.5,-111.5,2026-09-17 22:24:58,5.546000000000049,86.98326950073243,26.283648013472558,1006.28,0.023
68.5,-111.0,2026-09-17 22:24:58,5.609000000000037,85.90826950073243,26.193648013472558,1001.54,0.0075
68.5,-110.5,2026-09-17 22:24:58,5.4570000000000505,85.80826950073242,28.20964801347256,1006.72,0.0
68.5,-108.5,2026-09-17 22:24:58,5.368000000000052,80.80826950073242,30.045648013472558,1007.66,0.374
68.5,-108.0,2026-09-17 22:24:58,4.833000000000027,83.05826950073242,23.72764801347256,998.26,0.2595
68.5,-107.5,2026-09-17 22:24:58,4.814000000000021,81.98326950073243,26.571648013472558,1002.28,0.061
68.5,-107.0,2026-09-17 22:24:58,4.821000000000026,81.23326950073243,24.82564801347256,1002.1,0.0075
68.5,-106.5,2026-09-17 22:24:58,5.038000000000011,77.93326950073242,30.441648013472555,1008.03,0.0075
68.5,-106.0,2026-09-17 22:24:58,5.476000000000056,76.13326950073242,32.29564801347256,1008.75,0.0075
68.5,-105.5,2026-09-17 22:24:58,5.479000000000042,79.58326950073243,23.25964801347256,1003.5,0.0155
68.5,-105.0,2026-09-17 22:24:58,4.52800000000002,80.35826950073243,25.995648013472557,1007.85,0.023
68.5,-104.5,2026-09-17 22:24:58,4.184000000000026,80.48326950073243,22.719648013472558,1004.1,0.0685
68.5,-102.0,2026-09-17 22:24:58,3.261000000000024,82.40826950073243,24.71764801347256,1010.69,0.023
68.5,-98.5,2026-09-17 22:24:58,4.110000000000014,90.69779663085939,27.638255240142346,1012.24,0.0685
68.5,-98.0,2026-09-17 22:24:58,3.980000000000018,84.52279663085938,25.352255240142345,1011.98,0.046
68.5,-97.5,2026-09-17 22:24:58,4.067000000000007,81.22279663085938,22.346255240142344,1012.16,0.1905
68.5,-97.0,2026-09-17 22:24:58,3.677000000000021,83.32279663085939,20.402255240142345,1012.19,0.1905
68.5,-96.5,2026-09-17 22:24:58,3.868000000000052,84.12279663085938,19.394255240142346,1008.03,0.4045
68.5,-96.0,2026-09-17 22:24:58,3.3810000000000286,81.89779663085938,25.190255240142346,1012.18,0.374
68.5,-94.0,2026-09-17 22:24:58,4.1440000000000055,73.54779663085938,28.196255240142346,1012.02,0.656
68.5,-93.5,2026-09-17 22:24:58,3.5860000000000127,79.82279663085939,18.908255240142346,1010.58,0.45
68.5,-93.0,2026-09-17 22:24:58,2.9990000000000236,85.69779663085939,13.022255240142346,1009.36,1.2665
68.5,-92.5,2026-09-17 22:24:58,1.2110000000000127,93.39779663085938,13.832255240142345,994.39,1.358
68.5,-92.0,2026-09-17 22:24:58,0.2340000000000373,97.44779663085939,17.216255240142345,982.72,0.3355
68.5,-91.5,2026-09-17 22:24:58,0.8940000000000055,87.67279663085938,17.810255240142347,984.96,0.1295
68.5,-91.0,2026-09-17 22:24:58,1.90300000000002,85.64779663085938,16.010255240142346,998.43,0.511
68.5,-90.5,2026-09-17 22:24:58,2.865000000000009,82.72279663085938,20.672255240142345,1011.45,0.2215
68.5,-90.0,2026-09-17 22:24:58,3.04200000000003,82.09779663085938,25.388255240142346,1009.56,1.2510000000000001
68.5,-89.5,2026-09-17 22:24:58,1.7590000000000146,80.97279663085938,19.682255240142347,1000.12,1.625
68.5,-89.0,2026-09-17 22:24:58,0.8680000000000518,88.49779663085938,20.492255240142345,998.63,1.4495
68.5,-88.5,2026-09-17 22:24:58,1.1240000000000236,86.92279663085938,21.104255240142347,991.91,2.0220000000000002
68.5,-88.0,2026-09-17 22:24:58,1.9650000000000318,83.64779663085938,19.538255240142348,1006.45,1.663
68.5,-85.5,2026-09-17 22:24:58,-0.7689999999999486,79.34779663085938,17.666255240142345,987.62,1.8995
68.5,-85.0,2026-09-17 22:24:58,-1.676999999999964,75.39779663085938,20.924255240142347,967.04,0.8775000000000001
68.5,-84.5,2026-09-17 22:24:58,-1.6739999999999782,75.92279663085938,22.580255240142346,968.08,0.633
68.5,-84.0,2026-09-17 22:24:58,-1.089999999999975,72.64779663085938,21.878255240142344,970.2,0.3355
68.5,-83.5,2026-09-17 22:24:58,-1.1389999999999532,73.04779663085938,20.834255240142344,967.44,0.122
68.5,-83.0,2026-09-17 22:24:58,-0.2179999999999609,67.77279663085938,20.474255240142348,972.3,0.1375
68.5,-82.5,2026-09-17 22:24:58,0.4430000000000405,66.27279663085938,19.682255240142347,976.18,0.0765
68.5,-82.0,2026-09-17 22:24:58,1.6920000000000073,66.47279663085938,17.432255240142347,991.59,0.046
68.5,-81.5,2026-09-17 22:24:58,1.636000000000024,65.72279663085938,19.862255240142346,998.45,0.0915
68.5,-79.0,2026-09-17 22:24:58,1.1590000000000487,74.32279663085937,29.690255240142346,1009.27,0.0
68.5,-78.5,2026-09-17 22:24:58,1.202000000000055,75.12279663085938,29.312255240142346,1008.98,0.0
68.5,-75.5,2026-09-17 22:24:58,2.001000000000033,84.92279663085938,25.622255240142344,1007.33,0.0
68.5,-75.0,2026-09-17 22:24:58,2.522000000000048,82.02279663085938,23.498255240142345,1007.09,0.0
68.5,-74.5,2026-09-17 22:24:58,2.5670000000000073,82.24779663085938,21.158255240142346,1006.86,0.0
68.5,-74.0,2026-09-17 22:24:58,2.758000000000038,81.87279663085938,21.860255240142347,1006.6,0.0
68.5,-73.5,2026-09-17 22:24:58,3.3450000000000273,74.02279663085938,20.204255240142345,1006.17,0.0
68.5,-73.0,2026-09-17 22:24:58,3.3870000000000005,78.34779663085938,16.784255240142347,1005.55,0.2135
68.5,-72.5,2026-09-17 22:24:58,2.708000000000027,88.29779663085938,7.388255240142346,1002.4,1.518
68.5,-72.0,2026-09-17 22:24:58,0.2880000000000109,97.84779663085938,7.334255240142345,997.87,0.5720000000000001
68.5,-71.5,2026-09-17 22:24:58,0.3630000000000564,99.02279663085938,9.638255240142346,987.55,0.0915
68.5,-71.0,2026-09-17 22:24:58,2.1510000000000105,91.59779663085938,7.622255240142345,982.09,0.2745
68.5,-70.5,2026-09-17 22:24:58,2.6140000000000327,93.34779663085938,15.740255240142345,991.3,0.17550000000000002
68.5,-70.0,2026-09-17 22:24:58,2.8180000000000405,94.74779663085938,16.334255240142344,990.55,0.1375
68.5,-69.5,2026-09-17 22:24:58,3.4250000000000114,94.24779663085938,28.214255240142347,990.11,0.427
68.5,-69.0,2026-09-17 22:24:58,0.6520000000000437,99.14779663085938,20.150255240142346,979.06,0.679
68.5,-68.5,2026-09-17 22:24:58,0.5000000000000568,96.49779663085938,15.308255240142344,975.88,0.20600000000000002
68.5,-68.0,2026-09-17 22:24:58,1.2240000000000464,89.97279663085938,16.910255240142344,966.08,0.16
68.5,-67.5,2026-09-17 22:24:58,0.8580000000000041,89.62279663085938,17.450255240142347,950.84,0.0305
68.5,-67.0,2026-09-17 22:24:58,0.4350000000000023,89.74779663085938,15.542255240142346,941.07,0.038
68.5,-66.5,2026-09-17 22:24:58,0.6750000000000114,87.67279663085938,14.246255240142347,938.23,0.023
69.0,-141.0,2026-09-17 22:24:58,1.1020000000000323,96.01240158081055,7.438250153034925,892.45,0.023
69.0,-140.5,2026-09-17 22:24:58,4.128000000000043,89.38740158081055,6.142250153034926,952.93,0.0075
69.0,-140.0,2026-09-17 22:24:58,1.5160000000000196,96.48740158081056,11.488250153034926,899.57,0.0535
69.0,-139.5,2026-09-17 22:24:58,3.6300000000000523,90.48740158081056,7.708250153034926,927.93,0.0075
69.0,-139.0,2026-09-17 22:24:58,4.3870000000000005,87.51240158081055,8.374250153034927,979.68,0.061
69.0,-138.5,2026-09-17 22:24:58,3.3390000000000555,85.41240158081055,7.870250153034926,1001.41,0.0915
69.0,-138.0,2026-09-17 22:24:58,3.6350000000000477,80.86240158081056,8.734250153034926,1002.88,0.244
69.0,-137.5,2026-09-17 22:24:58,2.5100000000000477,85.36240158081056,7.330250153034926,1011.19,0.0915
69.0,-137.0,2026-09-17 22:24:58,2.632000000000005,84.83740158081055,3.910250153034925,1011.32,0.23650000000000002
69.0,-136.5,2026-09-17 22:24:58,2.924000000000035,84.26240158081055,3.856250153034926,1011.43,0.1985
69.0,-136.0,2026-09-17 22:24:58,3.452000000000055,85.33740158081055,7.528250153034925,1010.71,0.145
69.0,-135.5,2026-09-17 22:24:58,3.5610000000000355,85.01240158081055,7.5642501530349255,1010.26,0.1295
69.0,-135.0,2026-09-17 22:24:58,3.7870000000000346,79.61240158081056,7.618250153034927,1010.43,0.107
69.0,-134.5,2026-09-17 22:24:58,3.816000000000031,73.41240158081055,8.572250153034926,1006.55,0.168
69.0,-134.0,2026-09-17 22:24:58,2.7140000000000555,84.21240158081055,9.814250153034926,1001.39,0.3585
69.0,-133.5,2026-09-17 22:24:58,2.5300000000000296,88.68740158081056,9.724250153034927,1005.28,0.3205
69.0,-133.0,2026-09-17 22:24:58,3.032000000000039,86.48740158081056,12.442250153034927,1011.09,0.3585
69.0,-132.5,2026-09-17 22:24:58,2.6720000000000255,86.38740158081055,11.542250153034926,1008.82,0.4045
69.0,-132.0,2026-09-17 22:24:58,2.4430000000000405,87.46240158081055,11.830250153034926,1007.68,0.3815
69.0,-131.5,2026-09-17 22:24:58,2.180000000000007,90.11240158081056,12.352250153034927,1003.76,0.252
69.0,-131.0,2026-09-17 22:24:58,2.1510000000000105,89.23740158081056,12.190250153034926,1004.83,0.1525
69.0,-130.5,2026-09-17 22:24:58,2.184000000000026,90.83740158081055,13.720250153034925,1002.39,0.1145
69.0,-130.0,2026-09-17 22:24:58,2.5680000000000405,86.16240158081055,15.016250153034926,998.7,0.0535
69.0,-129.5,2026-09-17 22:24:58,2.05600000000004,92.46240158081055,15.862250153034925,991.84,0.0535
69.0,-129.0,2026-09-17 22:24:58,1.6130000000000564,92.78740158081055,18.094250153034924,974.8,0.1295
69.0,-128.5,2026-09-17 22:24:58,2.841000000000008,90.26240158081055,14.386250153034926,989.73,0.1145
69.0,-128.0,2026-09-17 22:24:58,2.27800000000002,92.46240158081055,16.996250153034925,977.97,0.267
69.0,-127.5,2026-09-17 22:24:58,2.4080000000000155,91.13740158081055,18.634250153034927,980.82,0.229
69.0,-127.0,2026-09-17 22:24:58,2.441000000000031,93.53740158081055,18.526250153034926,982.04,0.2975
69.0,-126.5,2026-09-17 22:24:58,2.3350000000000364,93.63740158081055,19.210250153034927,977.83,0.5035000000000001
69.0,-126.0,2026-09-17 22:24:58,3.400000000000034,90.26240158081055,18.328250153034926,985.45,0.328
69.0,-125.5,2026-09-17 22:24:58,3.8740000000000236,88.53740158081055,17.446250153034928,988.93,0.2745
69.0,-125.0,2026-09-17 22:24:58,3.4960000000000377,89.68740158081056,18.058250153034926,979.87,0.3355
69.0,-124.5,2026-09-17 22:24:58,3.504000000000019,90.91240158081055,18.832250153034927,979.14,0.1985
69.0,-124.0,2026-09-17 22:24:58,3.0100000000000477,91.56240158081056,15.304250153034927,975.05,0.267
69.0,-123.5,2026-09-17 22:24:58,2.504000000000019,96.43326950073242,14.007648013472558,970.71,0.313
69.0,-123.0,2026-09-17 22:24:58,1.4040000000000532,99.08326950073243,16.29364801347256,954.03,0.557
69.0,-122.5,2026-09-17 22:24:58,1.3330000000000268,97.95826950073243,13.161648013472558,952.46,0.9385
69.0,-122.0,2026-09-17 22:24:58,0.8350000000000364,98.25826950073242,18.90364801347256,927.94,1.4875
69.0,-121.5,2026-09-17 22:24:58,1.4510000000000218,94.38326950073242,22.73764801347256,922.55,0.519
69.0,-121.0,2026-09-17 22:24:58,1.7180000000000177,89.78326950073243,23.90764801347256,926.84,0.2595
69.0,-120.5,2026-09-17 22:24:58,2.7210000000000036,83.48326950073243,24.591648013472557,931.15,0.3585
69.0,-120.0,2026-09-17 22:24:58,2.9250000000000114,84.15826950073243,26.571648013472558,937.52,0.0305
69.0,-119.5,2026-09-17 22:24:58,3.5580000000000496,85.18326950073242,22.95364801347256,943.74,0.0765
69.0,-119.0,2026-09-17 22:24:58,6.4360000000000355,78.05826950073242,24.213648013472557,969.38,0.0765
69.0,-118.5,2026-09-17 22:24:58,8.162000000000035,74.83326950073243,17.517648013472556,988.4,1.045
69.0,-118.0,2026-09-17 22:24:58,8.138000000000034,74.10826950073242,17.103648013472558,1000.12,0.435
69.0,-117.5,2026-09-17 22:24:58,5.886000000000024,80.05826950073242,14.493648013472557,1004.82,0.0915
69.0,-117.0,2026-09-17 22:24:58,5.455000000000041,83.40826950073243,14.061648013472556,1004.87,0.0685
69.0,-116.5,2026-09-17 22:24:58,5.460000000000036,84.85826950073243,18.52564801347256,1004.84,0.0
69.0,-116.0,2026-09-17 22:24:58,5.515000000000043,85.70826950073243,19.67764801347256,1004.76,0.0
69.0,-115.5,2026-09-17 22:24:58,5.910000000000025,85.68326950073242,18.81364801347256,1004.72,0.0
69.0,-113.5,2026-09-17 22:24:58,5.691000000000031,88.38326950073242,17.15764801347256,1004.25,0.0
69.0,-113.0,2026-09-17 22:24:58,5.928000000000054,86.10826950073243,17.355648013472557,995.78,0.038
69.0,-112.5,2026-09-17 22:24:58,5.577000000000055,85.50826950073242,19.67764801347256,994.98,0.1145
69.0,-112.0,2026-09-17 22:24:58,5.784000000000049,84.43326950073242,20.86564801347256,993.95,0.122
69.0,-111.5,2026-09-17 22:24:58,5.822000000000003,84.48326950073243,22.66564801347256,990.82,0.0765
69.0,-111.0,2026-09-17 22:24:58,5.786000000000001,83.20826950073243,24.06964801347256,988.6,0.023
69.0,-110.5,2026-09-17 22:24:58,5.54200000000003,83.18326950073242,25.20364801347256,992.25,0.0155
69.0,-110.0,2026-09-17 22:24:58,5.143000000000029,85.13326950073242,25.95964801347256,993.94,0.0075
69.0,-109.5,2026-09-17 22:24:58,4.428000000000054,84.23326950073243,21.963648013472557,988.31,0.0075
69.0,-109.0,2026-09-17 22:24:58,5.239000000000033,80.68326950073242,19.947648013472556,996.59,0.0155
69.0,-108.5,2026-09-17 22:24:58,4.8180000000000405,86.60826950073243,20.235648013472556,996.21,0.0155
69.0,-108.0,2026-09-17 22:24:58,3.9840000000000373,87.45826950073243,25.09564801347256,990.21,0.023
69.0,-107.5,2026-09-17 22:24:58,4.3770000000000095,85.53326950073243,27.83164801347256,999.13,0.0075
69.0,-106.0,2026-09-17 22:24:58,4.93300000000005,81.55826950073242,23.061648013472556,1007.89,0.0915
69.0,-105.5,2026-09-17 22:24:58,4.733000000000004,80.23326950073243,23.637648013472557,1008.2,0.1295
69.0,-105.0,2026-09-17 22:24:58,4.205000000000041,83.15826950073243,25.023648013472556,1006.71,0.145
69.0,-104.5,2026-09-17 22:24:58,3.448000000000036,84.00826950073242,20.829648013472557,1001.24,0.107
69.0,-104.0,2026-09-17 22:24:58,3.469000000000051,82.25826950073242,21.76564801347256,1001.35,0.023
69.0,-103.5,2026-09-17 22:24:58,3.619000000000028,81.20826950073243,22.449648013472558,1000.6,0.0075
69.0,-103.0,2026-09-17 22:24:58,3.712000000000046,81.05826950073242,21.92764801347256,1003.32,0.0
69.0,-102.5,2026-09-17 22:24:58,4.067000000000007,80.53326950073243,21.423648013472558,1007.57,0.0
69.0,-102.0,2026-09-17 22:24:58,3.0750000000000455,86.18326950073242,25.725648013472558,1009.32,0.0
69.0,-100.5,2026-09-17 22:24:58,3.715000000000032,91.19779663085939,21.392255240142347,1008.98,0.038
69.0,-100.0,2026-09-17 22:24:58,4.125000000000057,93.34779663085938,19.394255240142346,1010.06,0.0535
69.0,-99.5,2026-09-17 22:24:58,3.390000000000043,93.44779663085939,20.096255240142344,1011.3,0.023
69.0,-99.0,2026-09-17 22:24:58,4.265000000000043,89.82279663085939,18.962255240142348,1009.84,0.0535
69.0,-98.5,2026-09-17 22:24:58,4.2690000000000055,85.87279663085938,17.774255240142345,1007.95,0.0685
69.0,-98.0,2026-09-17 22:24:58,4.270000000000039,82.72279663085938,17.486255240142345,1007.19,0.0765
69.0,-97.5,2026-09-17 22:24:58,3.5820000000000505,84.24779663085938,19.052255240142344,1003.42,0.0765
69.0,-97.0,2026-09-17 22:24:58,3.744000000000028,83.37279663085938,18.33225524014235,1004.86,0.0685
69.0,-96.5,2026-09-17 22:24:58,3.6720000000000255,82.74779663085938,20.006255240142348,1005.31,0.1295
69.0,-96.0,2026-09-17 22:24:58,3.9770000000000323,80.39779663085938,20.114255240142345,1009.62,0.1905
69.0,-94.5,2026-09-17 22:24:58,3.529000000000053,78.92279663085938,24.812255240142346,1011.26,0.252
69.0,-94.0,2026-09-17 22:24:58,3.927000000000021,78.82279663085939,19.142255240142347,1009.63,0.5035000000000001
69.0,-93.5,2026-09-17 22:24:58,3.7970000000000255,79.54779663085938,18.494255240142348,1007.05,1.0605
69.0,-93.0,2026-09-17 22:24:58,2.8870000000000005,84.24779663085938,16.208255240142346,998.59,0.5645
69.0,-92.5,2026-09-17 22:24:58,1.6330000000000382,88.72279663085938,16.190255240142346,996.21,0.168
69.0,-92.0,2026-09-17 22:24:58,1.4280000000000541,89.19779663085939,17.972255240142346,993.59,0.1905
69.0,-91.5,2026-09-17 22:24:58,0.8320000000000505,89.67279663085938,19.160255240142344,982.9,0.7935
69.0,-91.0,2026-09-17 22:24:58,1.150000000000034,84.29779663085938,17.216255240142345,988.46,1.602
69.0,-90.5,2026-09-17 22:24:58,2.1520000000000437,83.89779663085938,13.814255240142346,1010.66,0.0915
69.0,-90.0,2026-09-17 22:24:58,1.4540000000000077,87.62279663085938,17.216255240142345,1007.15,0.2135
69.0,-89.5,2026-09-17 22:24:58,1.9510000000000218,79.47279663085938,19.052255240142344,1002.11,0.267
69.0,-89.0,2026-09-17 22:24:58,1.3150000000000546,85.17279663085938,21.122255240142344,997.22,0.45
69.0,-88.5,2026-09-17 22:24:58,1.5340000000000487,84.72279663085938,22.09425524014235,997.55,0.656
69.0,-85.0,2026-09-17 22:24:58,-2.1649999999999636,79.74779663085938,21.500255240142348,963.74,1.068
69.0,-84.5,2026-09-17 22:24:58,-1.7789999999999964,77.79779663085938,21.932255240142347,968.73,0.7020000000000001
69.0,-84.0,2026-09-17 22:24:58,-1.0229999999999677,71.79779663085938,21.392255240142347,972.04,0.328
69.0,-83.5,2026-09-17 22:24:58,-1.0199999999999818,72.22279663085938,20.492255240142345,969.19,0.1295
69.0,-83.0,2026-09-17 22:24:58,-0.1029999999999518,70.82279663085937,19.016255240142346,977.52,0.099
69.0,-82.5,2026-09-17 22:24:58,0.39200000000005275,67.34779663085938,20.58225524014235,977.58,0.084
69.0,-82.0,2026-09-17 22:24:58,1.5000000000000568,65.22279663085938,18.062255240142346,987.53,0.0535
69.0,-81.5,2026-09-17 22:24:58,1.5410000000000537,64.72279663085938,18.782255240142348,994.23,0.0765
69.0,-79.5,2026-09-17 22:24:58,0.8780000000000427,77.12279663085938,29.96025524014235,1009.62,0.0075
69.0,-79.0,2026-09-17 22:24:58,1.1310000000000286,74.59779663085938,29.762255240142345,1009.34,0.0
69.0,-78.5,2026-09-17 22:24:58,1.2110000000000127,74.69779663085937,29.312255240142346,1009.05,0.0
69.0,-76.5,2026-09-17 22:24:58,1.6990000000000123,84.32279663085939,30.878255240142344,1007.81,0.0
69.0,-76.0,2026-09-17 22:24:58,1.6020000000000323,88.97279663085938,29.834255240142348,1007.47,0.0
69.0,-75.5,2026-09-17 22:24:58,1.8730000000000473,86.49779663085938,26.000255240142348,1007.35,0.0
69.0,-75.0,2026-09-17 22:24:58,2.4710000000000036,80.92279663085938,24.020255240142347,1007.13,0.0
69.0,-74.5,2026-09-17 22:24:58,2.5960000000000036,80.59779663085938,21.500255240142348,1006.92,0.0
69.0,-74.0,2026-09-17 22:24:58,2.664000000000044,82.34779663085938,21.770255240142347,1006.7,0.0
69.0,-73.5,2026-09-17 22:24:58,3.0160000000000196,77.12279663085938,20.690255240142346,1006.36,0.0
69.0,-73.0,2026-09-17 22:24:58,3.191000000000031,78.42279663085938,16.388255240142346,1005.85,0.0075
69.0,-72.5,2026-09-17 22:24:58,3.8390000000000555,82.72279663085938,8.144255240142346,1003.42,1.1215
69.0,-72.0,2026-09-17 22:24:58,0.813000000000045,94.77279663085938,7.100255240142346,999.72,1.274
69.0,-71.5,2026-09-17 22:24:58,0.38100000000002865,99.07279663085939,8.810255240142347,988.33,0.1525
69.0,-71.0,2026-09-17 22:24:58,2.4110000000000014,92.19779663085939,4.112255240142346,984.54,0.2135
69.0,-70.5,2026-09-17 22:24:58,2.837000000000046,90.54779663085938,15.380255240142347,991.48,0.229
69.0,-70.0,2026-09-17 22:24:58,1.66700000000003,97.87279663085938,7.064255240142345,990.77,0.122
69.0,-69.5,2026-09-17 22:24:58,3.6520000000000437,91.97279663085938,27.386255240142347,990.84,0.2745
69.0,-69.0,2026-09-17 22:24:58,1.674000000000035,99.67279663085938,20.780255240142345,983.24,0.664
69.0,-68.5,2026-09-17 22:24:58,0.2470000000000141,99.17279663085938,16.352255240142345,975.49,0.328
69.0,-68.0,2026-09-17 22:24:58,1.063000000000045,90.77279663085938,15.200255240142347,971.38,0.145
69.0,-67.5,2026-09-17 22:24:58,0.938000000000045,89.89779663085938,17.59425524014235,953.7,0.0765
69.5,-141.0,2026-09-17 22:24:58,1.6020000000000323,96.01240158081055,6.430250153034926,906.04,0.0155
69.5,-140.5,2026-09-17 22:24:58,4.418000000000006,88.41240158081055,6.2502501530349255,955.79,0.0075
69.5,-140.0,2026-09-17 22:24:58,2.583000000000027,93.53740158081055,9.616250153034926,911.11,0.0305
69.5,-139.5,2026-09-17 22:24:58,2.2200000000000273,96.68740158081056,8.806250153034927,910.85,0.023
69.5,-139.0,2026-09-17 22:24:58,3.223000000000013,87.88740158081055,9.004250153034926,990.33,0.0075
69.5,-136.0,2026-09-17 22:24:58,1.2310000000000514,82.56240158081056,6.826250153034926,1011.37,0.374
69.5,-135.5,2026-09-17 22:24:58,1.6120000000000232,82.38740158081055,8.140250153034927,1011.32,0.374
69.5,-135.0,2026-09-17 22:24:58,1.7870000000000346,82.33740158081055,8.680250153034926,1011.31,0.1525
69.5,-134.5,2026-09-17 22:24:58,1.608000000000004,81.86240158081056,9.490250153034927,1010.07,0.2135
69.5,-134.0,2026-09-17 22:24:58,1.5750000000000455,80.61240158081056,9.724250153034927,1008.8,0.6255000000000001
69.5,-133.5,2026-09-17 22:24:58,1.6380000000000337,83.36240158081056,13.090250153034926,1011.35,0.931
69.5,-133.0,2026-09-17 22:24:58,1.3590000000000373,85.71240158081055,14.008250153034925,1010.99,0.9385
69.5,-132.5,2026-09-17 22:24:58,1.1830000000000496,84.01240158081055,14.494250153034926,1009.0,0.862
69.5,-132.0,2026-09-17 22:24:58,1.2290000000000418,83.36240158081056,16.582250153034927,1010.07,0.6105
69.5,-131.5,2026-09-17 22:24:58,1.3880000000000337,83.86240158081056,18.400250153034925,1011.08,0.28250000000000003
69.5,-131.0,2026-09-17 22:24:58,1.5910000000000082,86.51240158081055,19.768250153034923,1009.71,0.122
69.5,-130.5,2026-09-17 22:24:58,1.254000000000019,87.38740158081055,16.546250153034926,1008.75,0.061
69.5,-130.0,2026-09-17 22:24:58,1.3310000000000173,88.76240158081055,18.472250153034928,1006.87,0.0535
69.5,-129.5,2026-09-17 22:24:58,1.5540000000000305,89.48740158081056,18.832250153034927,1004.64,0.0685
69.5,-129.0,2026-09-17 22:24:58,1.4850000000000136,91.51240158081055,16.150250153034925,1004.43,0.107
69.5,-128.5,2026-09-17 22:24:58,1.9720000000000368,89.21240158081055,17.194250153034925,1007.75,0.046
69.5,-128.0,2026-09-17 22:24:58,1.5910000000000082,89.43740158081056,16.81625015303493,997.37,0.0915
69.5,-127.5,2026-09-17 22:24:58,1.9630000000000223,88.83740158081055,17.680250153034926,993.81,0.1905
69.5,-127.0,2026-09-17 22:24:58,2.1160000000000423,90.28740158081055,20.056250153034924,994.43,0.061
69.5,-126.5,2026-09-17 22:24:58,1.3030000000000541,94.06240158081056,22.864250153034927,977.04,0.0765
69.5,-126.0,2026-09-17 22:24:58,3.5990000000000464,86.13740158081055,27.868250153034925,1008.43,0.0
69.5,-125.5,2026-09-17 22:24:58,3.629000000000019,87.11240158081056,29.236250153034923,1008.29,0.5875
69.5,-125.0,2026-09-17 22:24:58,3.4850000000000136,90.08740158081055,23.908250153034928,1006.46,0.6945
69.5,-124.5,2026-09-17 22:24:58,3.8390000000000555,89.86240158081056,23.908250153034928,1005.46,0.2975
69.5,-123.5,2026-09-17 22:24:58,3.9080000000000155,94.93326950073242,24.62764801347256,1006.5,0.2135
69.5,-123.0,2026-09-17 22:24:58,3.3710000000000377,98.63326950073242,20.25364801347256,998.01,0.0535
69.5,-122.5,2026-09-17 22:24:58,1.0760000000000218,99.63326950073242,21.99964801347256,958.71,0.28250000000000003
69.5,-122.0,2026-09-17 22:24:58,0.5480000000000018,99.53326950073243,24.06964801347256,948.12,0.4805
69.5,-121.5,2026-09-17 22:24:58,1.4860000000000468,95.70826950073243,27.975648013472558,951.59,0.2135
69.5,-121.0,2026-09-17 22:24:58,3.0950000000000273,89.18326950073242,27.02164801347256,965.2,0.29
69.5,-120.5,2026-09-17 22:24:58,5.114000000000033,82.65826950073243,24.861648013472557,999.97,0.122
69.5,-116.5,2026-09-17 22:24:58,6.4010000000000105,80.03326950073243,15.807648013472559,998.89,0.0155
69.5,-116.0,2026-09-17 22:24:58,6.323000000000036,82.25826950073242,14.871648013472559,987.25,0.0
69.5,-115.5,2026-09-17 22:24:58,5.208000000000027,86.28326950073243,11.163648013472558,985.93,0.0
69.5,-115.0,2026-09-17 22:24:58,4.001000000000033,92.20826950073243,12.009648013472557,975.39,0.0
69.5,-114.5,2026-09-17 22:24:58,5.2660000000000196,86.95826950073243,14.151648013472558,981.73,0.0
69.5,-114.0,2026-09-17 22:24:58,4.548000000000002,90.05826950073242,12.063648013472559,979.92,0.0
69.5,-113.5,2026-09-17 22:24:58,3.9630000000000223,92.80826950073242,12.801648013472558,978.43,0.0
69.5,-113.0,2026-09-17 22:24:58,3.4470000000000027,92.73326950073243,15.231648013472558,974.99,0.0
69.5,-112.5,2026-09-17 22:24:58,3.1480000000000246,93.35826950073243,18.83164801347256,970.69,0.0
69.5,-112.0,2026-09-17 22:24:58,4.521000000000015,88.25826950073242,24.879648013472558,981.79,0.0
69.5,-111.5,2026-09-17 22:24:58,4.904000000000053,86.48326950073243,21.76564801347256,981.32,0.0
69.5,-111.0,2026-09-17 22:24:58,5.2590000000000146,86.15826950073243,20.055648013472556,983.75,0.0
69.5,-110.5,2026-09-17 22:24:58,4.598000000000013,86.00826950073242,23.49364801347256,983.01,0.0075
69.5,-110.0,2026-09-17 22:24:58,4.224000000000046,84.73326950073243,22.719648013472558,987.34,0.0075
69.5,-109.5,2026-09-17 22:24:58,4.1790000000000305,86.60826950073243,23.49364801347256,987.78,0.0305
69.5,-109.0,2026-09-17 22:24:58,4.1270000000000095,85.70826950073243,22.341648013472557,987.87,0.084
69.5,-108.5,2026-09-17 22:24:58,4.676000000000045,84.33326950073243,23.241648013472556,991.65,0.0765
69.5,-108.0,2026-09-17 22:24:58,4.6200000000000045,86.15826950073243,22.10764801347256,991.37,0.084
69.5,-107.5,2026-09-17 22:24:58,4.986000000000047,82.68326950073242,20.685648013472555,994.1,0.0535
69.5,-107.0,2026-09-17 22:24:58,5.256000000000029,83.10826950073243,19.67764801347256,998.72,0.038
69.5,-106.5,2026-09-17 22:24:58,4.369000000000028,83.55826950073242,26.049648013472556,1005.59,0.038
69.5,-106.0,2026-09-17 22:24:58,4.569000000000017,81.80826950073242,22.28764801347256,1004.48,0.061
69.5,-105.5,2026-09-17 22:24:58,4.657000000000039,81.03326950073243,21.62164801347256,1001.85,0.0915
69.5,-105.0,2026-09-17 22:24:58,4.260000000000048,81.73326950073243,22.19764801347256,999.89,0.122
69.5,-104.5,2026-09-17 22:24:58,4.829000000000008,80.90826950073243,28.353648013472558,1004.77,0.0765
69.5,-104.0,2026-09-17 22:24:58,4.824000000000012,78.65826950073243,25.635648013472558,1001.88,0.0685
69.5,-103.5,2026-09-17 22:24:58,5.077000000000055,78.93326950073242,21.729648013472556,1004.43,0.038
69.5,-103.0,2026-09-17 22:24:58,5.366000000000042,76.45826950073243,26.193648013472558,1008.29,0.0155
69.5,-102.5,2026-09-17 22:24:58,4.986000000000047,79.30826950073242,25.83364801347256,1008.68,0.0075
69.5,-102.0,2026-09-17 22:24:58,5.242000000000019,80.28326950073243,21.92764801347256,1008.82,0.1295
69.5,-101.5,2026-09-17 22:24:58,3.1750000000000114,93.04779663085938,20.672255240142345,1009.99,0.2135
69.5,-101.0,2026-09-17 22:24:58,3.3910000000000196,90.89779663085938,18.818255240142346,1009.84,0.107
69.5,-98.5,2026-09-17 22:24:58,2.5710000000000264,84.99779663085938,21.446255240142346,1009.73,0.1525
69.5,-98.0,2026-09-17 22:24:58,3.049000000000035,85.39779663085938,18.530255240142345,1006.02,0.1985
69.5,-97.5,2026-09-17 22:24:58,2.1240000000000236,87.92279663085938,18.350255240142346,1007.17,0.183
69.5,-97.0,2026-09-17 22:24:58,3.0300000000000296,86.57279663085939,17.918255240142347,1007.02,0.1295
69.5,-96.5,2026-09-17 22:24:58,3.240000000000009,85.97279663085938,17.88225524014235,1010.47,0.0535
69.5,-96.0,2026-09-17 22:24:58,2.798000000000002,86.74779663085938,20.672255240142345,1010.44,0.084
69.5,-95.5,2026-09-17 22:24:58,2.847000000000037,85.89779663085938,18.620255240142345,1006.73,0.1525
69.5,-95.0,2026-09-17 22:24:58,2.7110000000000127,85.47279663085938,23.210255240142345,1010.43,0.1145
69.5,-94.5,2026-09-17 22:24:58,2.883000000000038,83.84779663085938,23.390255240142345,1010.43,0.374
69.5,-94.0,2026-09-17 22:24:58,1.660000000000025,85.24779663085938,20.618255240142346,989.53,0.3815
69.5,-93.5,2026-09-17 22:24:58,3.6580000000000155,77.34779663085938,23.156255240142347,1010.3,0.0915
69.5,-93.0,2026-09-17 22:24:58,3.1510000000000105,78.49779663085938,21.932255240142347,1005.71,0.183
69.5,-92.5,2026-09-17 22:24:58,1.7390000000000327,86.44779663085939,17.522255240142346,997.05,0.427
69.5,-92.0,2026-09-17 22:24:58,1.3570000000000277,89.54779663085938,16.406255240142347,993.09,0.20600000000000002
69.5,-91.5,2026-09-17 22:24:58,1.063000000000045,88.34779663085938,16.442255240142348,985.77,0.328
69.5,-91.0,2026-09-17 22:24:58,1.3260000000000218,83.57279663085939,14.336255240142346,988.02,0.2215
69.5,-90.5,2026-09-17 22:24:58,1.7760000000000105,88.72279663085938,9.008255240142347,1010.54,0.084
69.5,-90.0,2026-09-17 22:24:58,1.5920000000000414,87.97279663085938,15.344255240142347,1010.62,0.183
69.5,-85.5,2026-09-17 22:24:58,-0.03699999999997772,79.02279663085938,16.478255240142346,1002.82,2.228
69.5,-85.0,2026-09-17 22:24:58,-1.9599999999999795,80.37279663085938,22.310255240142347,967.07,1.1215
69.5,-84.5,2026-09-17 22:24:58,-1.4159999999999968,73.84779663085938,21.824255240142346,970.57,0.74
69.5,-84.0,2026-09-17 22:24:58,-1.0779999999999745,72.77279663085938,20.546255240142344,974.48,0.305
69.5,-83.5,2026-09-17 22:24:58,-1.1299999999999955,71.92279663085938,20.978255240142346,968.01,0.1525
69.5,-83.0,2026-09-17 22:24:58,-0.17099999999999227,70.74779663085938,18.782255240142348,979.08,0.099
69.5,-82.5,2026-09-17 22:24:58,0.29100000000005366,67.17279663085938,20.006255240142348,976.44,0.122
69.5,-82.0,2026-09-17 22:24:58,0.9690000000000509,65.14779663085938,19.574255240142346,979.28,0.061
69.5,-81.5,2026-09-17 22:24:58,1.5580000000000496,64.64779663085938,18.33225524014235,992.53,0.0765
69.5,-80.5,2026-09-17 22:24:58,1.0200000000000387,75.69779663085937,31.83225524014235,1010.12,0.023
69.5,-80.0,2026-09-17 22:24:58,0.7320000000000277,77.02279663085938,31.058255240142348,1009.91,0.0075
69.5,-79.0,2026-09-17 22:24:58,1.1000000000000227,74.89779663085938,29.816255240142347,1009.39,0.0
69.5,-78.5,2026-09-17 22:24:58,1.2090000000000032,74.12279663085938,29.438255240142343,1009.13,0.0
69.5,-78.0,2026-09-17 22:24:58,1.2230000000000132,76.84779663085938,29.780255240142345,1008.83,0.0
69.5,-77.0,2026-09-17 22:24:58,1.438000000000045,82.77279663085938,30.86025524014235,1008.13,0.0
69.5,-76.5,2026-09-17 22:24:58,1.656000000000006,84.12279663085938,30.770255240142347,1007.86,0.0
69.5,-76.0,2026-09-17 22:24:58,1.6420000000000528,87.54779663085938,30.44625524014235,1007.59,0.0
69.5,-75.5,2026-09-17 22:24:58,1.7310000000000514,88.22279663085938,26.88225524014235,1007.37,0.0
69.5,-75.0,2026-09-17 22:24:58,2.3420000000000414,80.92279663085938,24.812255240142346,1007.21,0.0
69.5,-74.5,2026-09-17 22:24:58,2.6130000000000564,80.72279663085938,22.166255240142345,1006.98,0.0
69.5,-74.0,2026-09-17 22:24:58,2.6160000000000423,83.17279663085938,21.482255240142347,1006.75,0.0
69.5,-73.5,2026-09-17 22:24:58,2.9360000000000355,78.54779663085938,21.014255240142344,1006.42,0.0
69.5,-73.0,2026-09-17 22:24:58,3.271000000000015,75.12279663085938,17.01825524014235,1005.93,0.0
69.5,-72.5,2026-09-17 22:24:58,4.0020000000000095,78.12279663085938,13.004255240142346,1004.22,0.641
69.5,-72.0,2026-09-17 22:24:58,1.3740000000000236,92.74779663085938,8.198255240142347,1001.01,1.5795000000000001
69.5,-71.5,2026-09-17 22:24:58,0.27300000000002456,99.07279663085939,8.522255240142346,990.68,0.20600000000000002
69.5,-71.0,2026-09-17 22:24:58,1.3340000000000032,97.87279663085938,9.908255240142346,986.86,0.145
69.5,-70.5,2026-09-17 22:24:58,2.3460000000000036,91.22279663085938,11.402255240142347,988.55,0.2595
69.5,-70.0,2026-09-17 22:24:58,2.3670000000000186,96.49779663085938,9.728255240142346,990.97,0.107
69.5,-69.5,2026-09-17 22:24:58,3.4080000000000155,92.92279663085938,24.200255240142347,990.8,0.145
69.5,-69.0,2026-09-17 22:24:58,2.910000000000025,97.17279663085938,21.500255240142348,988.11,0.5875
69.5,-68.5,2026-09-17 22:24:58,0.3720000000000141,98.79779663085938,18.098255240142347,975.37,0.58
69.5,-68.0,2026-09-17 22:24:58,0.7170000000000414,92.77279663085938,15.056255240142347,973.42,0.145
69.5,-67.5,2026-09-17 22:24:58,0.8710000000000377,91.34779663085938,16.046255240142344,958.87,0.1525
69.5,-67.0,2026-09-17 22:24:58,0.6070000000000277,89.42279663085938,16.910255240142344,945.21,0.0305
70.0,-131.5,2026-09-17 22:24:58,0.03900000000004411,84.23326950073243,22.08964801347256,1010.18,0.7095
70.0,-131.0,2026-09-17 22:24:58,-0.06899999999995998,83.83326950073243,22.593648013472556,1009.35,0.6945
70.0,-130.5,2026-09-17 22:24:58,0.025000000000034106,83.73326950073243,22.449648013472558,1008.94,0.725
70.0,-130.0,2026-09-17 22:24:58,0.27000000000003865,85.15826950073243,22.485648013472556,1008.29,0.47300000000000003
70.0,-129.5,2026-09-17 22:24:58,0.7490000000000236,87.48326950073243,24.681648013472557,1009.03,0.3205
70.0,-129.0,2026-09-17 22:24:58,1.143000000000029,87.85826950073243,25.05964801347256,1008.82,0.5415
70.0,-128.5,2026-09-17 22:24:58,1.8170000000000073,85.10826950073243,24.77164801347256,1008.55,0.3355
70.0,-128.0,2026-09-17 22:24:58,1.63900000000001,86.28326950073243,18.99364801347256,1001.16,0.3965
70.0,-127.5,2026-09-17 22:24:58,1.3760000000000332,87.35826950073243,19.85764801347256,1002.14,0.1525
70.0,-127.0,2026-09-17 22:24:58,1.934000000000026,87.38326950073242,23.40364801347256,1003.05,0.0305
70.0,-125.0,2026-09-17 22:24:58,2.673000000000002,89.95826950073243,32.15164801347255,1006.38,0.0
70.0,-124.5,2026-09-17 22:24:58,2.834000000000003,90.90826950073243,31.52164801347256,1003.69,0.0155
70.0,-117.5,2026-09-17 22:24:58,3.9700000000000273,90.08326950073243,27.75964801347256,1003.46,0.0
70.0,-117.0,2026-09-17 22:24:58,3.625000000000057,87.58326950073243,22.68364801347256,981.47,0.0075
70.0,-116.5,2026-09-17 22:24:58,4.4220000000000255,79.33326950073243,24.30364801347256,972.14,0.0075
70.0,-116.0,2026-09-17 22:24:58,4.616000000000042,82.10826950073243,22.66564801347256,974.17,0.0
70.0,-115.5,2026-09-17 22:24:58,4.382000000000005,88.95826950073243,20.001648013472558,973.25,0.0
70.0,-115.0,2026-09-17 22:24:58,3.8040000000000305,93.10826950073243,16.635648013472558,972.35,0.0
70.0,-114.5,2026-09-17 22:24:58,3.590000000000032,91.00826950073242,16.527648013472557,968.64,0.023
70.0,-114.0,2026-09-17 22:24:58,3.851000000000056,87.35826950073243,22.19764801347256,959.64,0.0305
70.0,-113.5,2026-09-17 22:24:58,4.55800000000005,85.73326950073243,18.54364801347256,973.41,0.0
70.0,-113.0,2026-09-17 22:24:58,5.185000000000002,81.45826950073243,19.587648013472556,974.5,0.0
70.0,-112.5,2026-09-17 22:24:58,4.541000000000054,85.78326950073243,24.375648013472556,977.18,0.0
70.0,-112.0,2026-09-17 22:24:58,4.948000000000036,82.33326950073243,23.529648013472556,978.8,0.0
70.0,-111.5,2026-09-17 22:24:58,4.7660000000000196,82.83326950073243,18.687648013472558,984.32,0.0
70.0,-111.0,2026-09-17 22:24:58,4.696000000000026,81.48326950073243,15.735648013472556,993.72,0.0
70.0,-110.5,2026-09-17 22:24:58,4.069000000000017,80.40826950073243,17.391648013472558,992.68,0.0
70.0,-110.0,2026-09-17 22:24:58,4.0020000000000095,83.58326950073243,18.777648013472557,990.3,0.0155
70.0,-109.5,2026-09-17 22:24:58,3.879000000000019,85.33326950073243,19.641648013472558,989.66,0.046
70.0,-109.0,2026-09-17 22:24:58,3.8980000000000246,87.20826950073243,16.635648013472558,993.06,0.084
70.0,-108.5,2026-09-17 22:24:58,4.507000000000005,83.83326950073243,24.30364801347256,994.48,0.0765
70.0,-108.0,2026-09-17 22:24:58,4.111000000000047,83.70826950073243,21.53164801347256,989.65,0.0535
70.0,-107.5,2026-09-17 22:24:58,4.635000000000048,82.80826950073242,23.349648013472557,991.25,0.0155
70.0,-107.0,2026-09-17 22:24:58,5.107000000000028,80.88326950073242,24.15964801347256,994.67,0.0
70.0,-106.5,2026-09-17 22:24:58,5.037000000000035,79.25826950073242,21.855648013472557,993.64,0.0155
70.0,-106.0,2026-09-17 22:24:58,4.237000000000023,82.65826950073243,23.241648013472556,991.05,0.0155
70.0,-105.5,2026-09-17 22:24:58,3.758000000000038,81.93326950073242,24.393648013472557,986.72,0.023
70.0,-105.0,2026-09-17 22:24:58,3.8220000000000027,83.00826950073242,23.241648013472556,988.68,0.0155
70.0,-104.5,2026-09-17 22:24:58,4.256000000000029,80.50826950073242,23.349648013472557,997.03,0.0075
70.0,-104.0,2026-09-17 22:24:58,3.826000000000022,80.30826950073242,23.187648013472558,1000.14,0.0
70.0,-103.5,2026-09-17 22:24:58,5.104000000000042,79.70826950073243,21.00964801347256,1003.36,0.0
70.0,-103.0,2026-09-17 22:24:58,4.565000000000055,82.50826950073242,21.783648013472558,1001.15,0.0075
70.0,-102.5,2026-09-17 22:24:58,4.966000000000008,80.13326950073242,20.379648013472558,1004.53,0.0075
70.0,-102.0,2026-09-17 22:24:58,4.7830000000000155,82.60826950073243,20.469648013472558,1004.42,0.0075
70.0,-101.5,2026-09-17 22:24:58,3.5430000000000064,87.27279663085938,15.902255240142345,1007.49,0.0075
70.0,-101.0,2026-09-17 22:24:58,3.8710000000000377,85.32279663085939,14.966255240142345,1008.08,0.0075
70.0,-97.5,2026-09-17 22:24:58,2.1760000000000446,86.92279663085938,21.446255240142346,1009.93,0.061
70.0,-96.5,2026-09-17 22:24:58,2.3430000000000177,86.97279663085938,23.246255240142347,1010.06,0.0305
70.0,-96.0,2026-09-17 22:24:58,2.351000000000056,86.52279663085938,23.786255240142346,1010.14,0.107
70.0,-95.5,2026-09-17 22:24:58,2.4250000000000114,86.27279663085938,23.966255240142345,1010.2,0.1375
70.0,-95.0,2026-09-17 22:24:58,2.9250000000000114,84.09779663085938,19.214255240142347,1009.6,0.35100000000000003
70.0,-94.5,2026-09-17 22:24:58,2.775000000000034,84.07279663085939,21.770255240142347,1010.34,0.313
70.0,-94.0,2026-09-17 22:24:58,1.13900000000001,87.09779663085938,21.536255240142346,982.69,0.47300000000000003
70.0,-93.5,2026-09-17 22:24:58,3.6380000000000337,77.82279663085939,23.30025524014235,1010.29,0.0765
70.0,-93.0,2026-09-17 22:24:58,3.1310000000000286,79.29779663085938,21.572255240142347,1005.3,0.20600000000000002
70.0,-92.5,2026-09-17 22:24:58,1.976000000000056,84.14779663085938,18.152255240142345,998.37,0.4045
70.0,-92.0,2026-09-17 22:24:58,1.3170000000000073,90.27279663085938,15.668255240142347,994.92,0.2135
70.0,-87.5,2026-09-17 22:24:58,1.646000000000015,84.37279663085938,23.390255240142345,1010.57,0.9535
70.0,-87.0,2026-09-17 22:24:58,1.129000000000019,84.02279663085938,25.73025524014235,1010.87,1.0225
70.0,-86.5,2026-09-17 22:24:58,0.6500000000000341,83.22279663085938,24.002255240142347,1011.2,1.1675
70.0,-86.0,2026-09-17 22:24:58,0.5670000000000073,79.67279663085938,21.104255240142347,1011.48,1.442
70.0,-85.5,2026-09-17 22:24:58,0.19000000000005457,78.99779663085938,16.622255240142344,1008.35,2.06
70.0,-85.0,2026-09-17 22:24:58,-1.6319999999999482,78.19779663085939,19.916255240142345,971.0,1.236
70.0,-84.5,2026-09-17 22:24:58,-0.9659999999999513,71.84779663085938,21.05025524014235,973.71,0.6945
70.0,-84.0,2026-09-17 22:24:58,-1.2559999999999718,72.92279663085938,20.348255240142347,974.85,0.328
70.0,-83.5,2026-09-17 22:24:58,-1.1789999999999736,71.87279663085938,20.816255240142347,969.94,0.17550000000000002
70.0,-83.0,2026-09-17 22:24:58,-1.2589999999999577,77.17279663085938,22.580255240142346,970.42,0.1145
70.0,-82.5,2026-09-17 22:24:58,0.19900000000001228,66.92279663085938,20.150255240142346,975.56,0.16
70.0,-82.0,2026-09-17 22:24:58,0.5270000000000437,67.19779663085937,20.204255240142345,975.27,0.0685
70.0,-81.5,2026-09-17 22:24:58,1.5030000000000427,65.99779663085938,17.972255240142346,990.88,0.061
70.0,-81.0,2026-09-17 22:24:58,1.5780000000000314,69.17279663085938,25.154255240142348,1007.05,0.0685
70.0,-80.5,2026-09-17 22:24:58,1.0880000000000223,75.14779663085938,31.490255240142346,1010.16,0.023
70.0,-80.0,2026-09-17 22:24:58,0.7690000000000055,76.82279663085939,31.346255240142348,1009.96,0.0075
70.0,-79.5,2026-09-17 22:24:58,0.7840000000000487,77.42279663085938,30.212255240142344,1009.73,0.0075
70.0,-79.0,2026-09-17 22:24:58,1.0620000000000118,75.29779663085938,29.87025524014235,1009.44,0.0
70.0,-78.5,2026-09-17 22:24:58,1.19500000000005,73.97279663085938,29.546255240142347,1009.2,0.0
70.0,-77.5,2026-09-17 22:24:58,1.3680000000000518,79.07279663085939,30.878255240142344,1008.55,0.0
70.0,-77.0,2026-09-17 22:24:58,1.4300000000000068,82.09779663085938,31.14825524014235,1008.23,0.0
70.0,-76.5,2026-09-17 22:24:58,1.5580000000000496,84.14779663085938,30.44625524014235,1007.93,0.0
70.0,-76.0,2026-09-17 22:24:58,1.6830000000000496,86.39779663085938,30.680255240142348,1007.67,0.0
70.0,-75.5,2026-09-17 22:24:58,1.6610000000000014,89.02279663085938,27.764255240142347,1007.37,0.0
70.0,-75.0,2026-09-17 22:24:58,2.223000000000013,82.02279663085938,25.190255240142346,1007.26,0.0
70.0,-74.5,2026-09-17 22:24:58,2.5880000000000223,81.62279663085938,22.778255240142347,1007.02,0.0
70.0,-74.0,2026-09-17 22:24:58,2.5640000000000214,83.07279663085939,21.194255240142347,1006.82,0.0
70.0,-73.5,2026-09-17 22:24:58,2.8350000000000364,80.67279663085938,21.572255240142347,1006.53,0.0
70.0,-73.0,2026-09-17 22:24:58,3.6170000000000186,72.89779663085938,18.674255240142347,1006.06,0.0
70.0,-72.5,2026-09-17 22:24:58,3.6410000000000196,77.44779663085939,16.118255240142346,1005.27,0.58
70.0,-72.0,2026-09-17 22:24:58,1.8850000000000477,91.14779663085938,7.766255240142345,1001.88,1.2815
70.0,-71.5,2026-09-17 22:24:58,0.26200000000000045,97.87279663085938,7.586255240142346,996.26,0.41200000000000003
70.0,-71.0,2026-09-17 22:24:58,0.39800000000002456,98.69779663085939,10.016255240142346,986.39,0.0915
70.0,-70.5,2026-09-17 22:24:58,2.1270000000000095,91.57279663085939,9.962255240142346,983.23,0.2745
70.0,-70.0,2026-09-17 22:24:58,2.5950000000000273,93.72279663085938,15.200255240142347,991.23,0.1525
70.0,-69.5,2026-09-17 22:24:58,3.0640000000000214,94.27279663085938,18.818255240142346,990.49,0.1295
70.0,-69.0,2026-09-17 22:24:58,3.296000000000049,95.34779663085938,25.55025524014235,989.7,0.427
70.0,-68.5,2026-09-17 22:24:58,0.6520000000000437,99.14779663085938,20.150255240142346,979.06,0.664
70.0,-68.0,2026-09-17 22:24:58,0.5000000000000568,96.49779663085938,15.308255240142344,975.88,0.183
70.0,-67.5,2026-09-17 22:24:58,1.0840000000000032,90.24779663085938,16.928255240142345,963.41,0.16
70.5,-128.5,2026-09-17 22:24:58,1.1280000000000427,85.08326950073243,24.573648013472557,1008.42,0.244
70.5,-128.0,2026-09-17 22:24:58,1.0680000000000405,85.70826950073243,24.951648013472557,1006.5,0.0915
70.5,-127.5,2026-09-17 22:24:58,1.4890000000000327,84.00826950073242,23.187648013472558,1006.6,0.023
70.5,-117.5,2026-09-17 22:24:58,4.048000000000002,93.08326950073243,29.01964801347256,1002.03,0.0
70.5,-117.0,2026-09-17 22:24:58,4.1370000000000005,91.88326950073242,26.96764801347256,1002.13,0.0
70.5,-116.5,2026-09-17 22:24:58,4.227000000000032,91.23326950073243,26.859648013472558,1002.25,0.0
70.5,-116.0,2026-09-17 22:24:58,4.3180000000000405,91.33326950073243,27.47164801347256,1002.29,0.0
70.5,-115.5,2026-09-17 22:24:58,4.399000000000001,93.53326950073243,26.42764801347256,1002.32,0.0
70.5,-113.0,2026-09-17 22:24:58,4.78000000000003,86.23326950073243,17.76964801347256,1002.5,0.0
70.5,-112.5,2026-09-17 22:24:58,4.664000000000044,86.28326950073243,17.15764801347256,1002.5,0.0
70.5,-112.0,2026-09-17 22:24:58,4.081000000000017,87.73326950073243,13.053648013472557,996.04,0.0
70.5,-111.5,2026-09-17 22:24:58,2.9770000000000323,87.98326950073243,11.829648013472559,993.92,0.0
70.5,-111.0,2026-09-17 22:24:58,2.636000000000024,87.45826950073243,15.717648013472557,989.8,0.0
70.5,-110.5,2026-09-17 22:24:58,1.9590000000000032,88.40826950073243,18.381648013472557,976.38,0.0
70.5,-110.0,2026-09-17 22:24:58,2.2380000000000564,87.28326950073243,21.24364801347256,976.27,0.0
70.5,-109.5,2026-09-17 22:24:58,3.708000000000027,82.48326950073243,22.95364801347256,988.05,0.0
70.5,-109.0,2026-09-17 22:24:58,3.397000000000048,84.75826950073242,24.285648013472557,981.85,0.0
70.5,-108.5,2026-09-17 22:24:58,2.9290000000000305,85.35826950073243,25.149648013472557,985.46,0.0
70.5,-108.0,2026-09-17 22:24:58,4.508000000000038,79.03326950073243,22.86364801347256,987.24,0.0
70.5,-107.5,2026-09-17 22:24:58,3.94500000000005,80.10826950073243,21.045648013472558,987.9,0.0
70.5,-107.0,2026-09-17 22:24:58,3.2800000000000296,88.53326950073243,18.399648013472557,986.17,0.0
70.5,-106.5,2026-09-17 22:24:58,3.552000000000021,84.95826950073243,22.08964801347256,985.62,0.0
70.5,-106.0,2026-09-17 22:24:58,3.3240000000000123,85.88326950073242,22.57564801347256,987.28,0.0
70.5,-105.5,2026-09-17 22:24:58,2.16700000000003,89.25826950073242,21.24364801347256,991.18,0.0
70.5,-105.0,2026-09-17 22:24:58,3.823000000000036,84.53326950073243,21.963648013472557,991.61,0.0
70.5,-104.5,2026-09-17 22:24:58,4.192000000000007,83.65826950073243,21.045648013472558,995.81,0.0
70.5,-104.0,2026-09-17 22:24:58,3.7390000000000327,86.10826950073243,22.57564801347256,997.4,0.0
70.5,-103.5,2026-09-17 22:24:58,4.491000000000042,84.33326950073243,21.387648013472557,999.34,0.0
70.5,-103.0,2026-09-17 22:24:58,4.773000000000025,84.48326950073243,20.667648013472558,1001.57,0.0
70.5,-102.5,2026-09-17 22:24:58,3.41700000000003,87.85826950073243,20.577648013472558,1003.21,0.0
70.5,-100.5,2026-09-17 22:24:58,1.3280000000000314,88.22279663085938,15.020255240142344,1009.17,0.0075
70.5,-100.0,2026-09-17 22:24:58,1.4370000000000118,88.07279663085939,17.720255240142343,1009.35,0.0
70.5,-96.5,2026-09-17 22:24:58,2.3420000000000414,86.89779663085938,23.156255240142347,1010.05,0.0305
70.5,-96.0,2026-09-17 22:24:58,2.3600000000000136,86.67279663085938,23.76825524014235,1010.13,0.107
70.5,-95.5,2026-09-17 22:24:58,2.4250000000000114,86.27279663085938,23.966255240142345,1010.2,0.1295
70.5,-95.0,2026-09-17 22:24:58,2.858000000000004,83.89779663085938,20.402255240142345,1009.38,0.3205
70.5,-94.5,2026-09-17 22:24:58,2.795000000000016,83.82279663085939,21.878255240142344,1010.3,0.3435
70.5,-94.0,2026-09-17 22:24:58,1.13900000000001,87.09779663085938,21.536255240142346,982.69,0.519
70.5,-93.5,2026-09-17 22:24:58,3.6230000000000473,78.27279663085938,23.12025524014235,1010.28,0.0685
70.5,-93.0,2026-09-17 22:24:58,3.0400000000000205,80.29779663085938,20.834255240142344,1004.69,0.229
70.5,-92.5,2026-09-17 22:24:58,2.688000000000045,75.99779663085938,19.502255240142347,999.44,0.374
70.5,-92.0,2026-09-17 22:24:58,1.7240000000000464,87.87279663085938,16.298255240142346,996.88,0.23650000000000002
70.5,-89.0,2026-09-17 22:24:58,1.6780000000000541,80.22279663085938,20.024255240142345,998.65,0.313
70.5,-88.5,2026-09-17 22:24:58,1.5860000000000127,81.59779663085938,21.734255240142346,995.52,0.557
70.5,-88.0,2026-09-17 22:24:58,1.8000000000000114,83.97279663085938,22.148255240142348,1000.42,0.778
70.5,-87.5,2026-09-17 22:24:58,1.7520000000000095,83.87279663085938,23.264255240142344,1010.53,0.9155
70.5,-87.0,2026-09-17 22:24:58,1.188000000000045,84.02279663085938,25.784255240142347,1010.84,1.0070000000000001
70.5,-86.5,2026-09-17 22:24:58,0.6910000000000309,83.37279663085938,24.290255240142347,1011.16,1.1595
70.5,-86.0,2026-09-17 22:24:58,0.5690000000000168,80.37279663085938,21.878255240142344,1011.42,1.381
70.5,-85.5,2026-09-17 22:24:58,0.4630000000000223,78.19779663085939,17.864255240142345,1011.69,1.9685000000000001
70.5,-85.0,2026-09-17 22:24:58,-1.0569999999999595,78.34779663085938,18.962255240142348,979.57,1.3505
70.5,-84.5,2026-09-17 22:24:58,-1.2749999999999773,73.37279663085938,20.474255240142348,972.01,0.679
70.5,-84.0,2026-09-17 22:24:58,-1.45799999999997,75.97279663085938,22.67025524014235,970.91,0.435
70.5,-83.5,2026-09-17 22:24:58,-0.8739999999999668,71.74779663085938,20.672255240142345,972.35,0.229
70.5,-83.0,2026-09-17 22:24:58,-1.523999999999944,77.27279663085938,23.534255240142347,965.87,0.1295
70.5,-82.5,2026-09-17 22:24:58,-0.055999999999983174,66.74779663085938,20.58225524014235,972.94,0.168
70.5,-82.0,2026-09-17 22:24:58,0.43200000000001637,65.02279663085938,20.096255240142344,974.05,0.0685
70.5,-81.5,2026-09-17 22:24:58,1.6270000000000095,65.52279663085938,17.630255240142347,991.64,0.046
70.5,-81.0,2026-09-17 22:24:58,1.8420000000000414,66.64779663085938,22.148255240142348,1004.37,0.0915
70.5,-80.5,2026-09-17 22:24:58,1.1590000000000487,74.39779663085938,30.824255240142342,1010.2,0.0305
70.5,-80.0,2026-09-17 22:24:58,0.82000000000005,76.67279663085938,31.59825524014235,1010.0,0.0075
70.5,-79.5,2026-09-17 22:24:58,0.7470000000000141,77.22279663085938,30.410255240142348,1009.78,0.0075
70.5,-79.0,2026-09-17 22:24:58,1.0120000000000005,76.09779663085938,29.906255240142347,1009.5,0.0
70.5,-78.5,2026-09-17 22:24:58,1.1720000000000255,74.12279663085938,29.636255240142344,1009.25,0.0
70.5,-78.0,2026-09-17 22:24:58,1.1990000000000123,75.42279663085938,29.34825524014235,1008.95,0.0
70.5,-77.5,2026-09-17 22:24:58,1.3120000000000118,78.22279663085938,30.536255240142342,1008.66,0.0
70.5,-77.0,2026-09-17 22:24:58,1.424000000000035,81.49779663085938,31.14825524014235,1008.31,0.0
70.5,-76.5,2026-09-17 22:24:58,1.4980000000000473,84.04779663085938,30.302255240142344,1007.98,0.0
70.5,-76.0,2026-09-17 22:24:58,1.712000000000046,85.32279663085939,30.86025524014235,1007.73,0.0
70.5,-75.5,2026-09-17 22:24:58,1.6170000000000186,89.39779663085938,28.682255240142347,1007.4,0.0
70.5,-75.0,2026-09-17 22:24:58,2.001000000000033,84.92279663085938,25.622255240142344,1007.33,0.0
70.5,-74.5,2026-09-17 22:24:58,2.522000000000048,82.02279663085938,23.498255240142345,1007.09,0.0
70.5,-74.0,2026-09-17 22:24:58,2.5720000000000027,81.77279663085938,21.248255240142345,1006.88,0.0
70.5,-73.5,2026-09-17 22:24:58,2.7200000000000273,81.89779663085938,21.932255240142347,1006.64,0.0
70.5,-73.0,2026-09-17 22:24:58,3.1270000000000095,75.57279663085937,20.492255240142345,1006.3,0.0
70.5,-72.5,2026-09-17 22:24:58,3.3870000000000005,78.34779663085938,16.784255240142347,1005.55,0.099
70.5,-72.0,2026-09-17 22:24:58,3.1130000000000564,84.19779663085939,7.298255240142346,1002.66,1.5335
70.5,-71.5,2026-09-17 22:24:58,0.3390000000000555,97.62279663085938,6.956255240142346,998.63,0.9995
70.5,-71.0,2026-09-17 22:24:58,0.44700000000000273,98.84779663085938,9.152255240142347,988.78,0.107
70.5,-70.5,2026-09-17 22:24:58,2.282000000000039,92.64779663085938,4.3282552401423455,982.86,0.23650000000000002
70.5,-70.0,2026-09-17 22:24:58,2.7660000000000196,91.37279663085938,15.632255240142348,991.43,0.2215
70.5,-69.5,2026-09-17 22:24:58,1.934000000000026,97.27279663085938,10.196255240142346,990.7,0.1295
70.5,-69.0,2026-09-17 22:24:58,3.5790000000000077,92.47279663085938,28.736255240142345,990.9,0.328
70.5,-68.5,2026-09-17 22:24:58,1.393000000000029,99.54779663085938,20.492255240142345,982.26,0.679
71.0,-123.0,2026-09-17 22:24:58,7.0756103515625455,69.60381555557251,23.235309440195564,1000.1595703125,0.035225
71.0,-118.5,2026-09-17 22:24:58,7.0756103515625455,69.60381555557251,23.235309440195564,1000.1595703125,0.035225
71.0,-118.0,2026-09-17 22:24:58,7.0756103515625455,69.60381555557251,23.235309440195564,1000.1595703125,0.035225
71.0,-117.5,2026-09-17 22:24:58,7.0756103515625455,69.60381555557251,23.235309440195564,1000.1595703125,0.035225
71.0,-117.0,2026-09-17 22:24:58,7.0756103515625455,69.60381555557251,23.235309440195564,1000.1595703125,0.035225
71.0,-116.5,2026-09-17 22:24:58,7.0756103515625455,69.60381555557251,23.235309440195564,1000.1595703125,0.035225
71.0,-116.0,2026-09-17 22:24:58,7.0756103515625455,69.60381555557251,23.235309440195564,1000.1595703125,0.035225
71.0,-115.5,2026-09-17 22:24:58,7.0756103515625455,69.60381555557251,23.235309440195564,1000.1595703125,0.035225
71.0,-115.0,2026-09-17 22:24:58,7.0756103515625455,69.60381555557251,23.235309440195564,1000.1595703125,0.035225
71.0,-114.5,2026-09-17 22:24:58,7.0756103515625455,69.60381555557251,23.235309440195564,1000.1595703125,0.035225
71.0,-114.0,2026-09-17 22:24:58,7.0756103515625455,69.60381555557251,23.235309440195564,1000.1595703125,0.035225
71.0,-113.5,2026-09-17 22:24:58,7.0756103515625455,69.60381555557251,23.235309440195564,1000.1595703125,0.035225
71.0,-113.0,2026-09-17 22:24:58,7.0756103515625455,69.60381555557251,23.235309440195564,1000.1595703125,0.035225
71.0,-112.5,2026-09-17 22:24:58,7.0756103515625455,69.60381555557251,23.235309440195564,1000.1595703125,0.035225
71.0,-112.0,2026-09-17 22:24:58,7.0756103515625455,69.60381555557251,23.235309440195564,1000.1595703125,0.035225
71.0,-111.5,2026-09-17 22:24:58,7.0756103515625455,69.60381555557251,23.235309440195564,1000.1595703125,0.035225
71.0,-111.0,2026-09-17 22:24:58,7.0756103515625455,69.60381555557251,23.235309440195564,1000.1595703125,0.035225
71.0,-110.5,2026-09-17 22:24:58,7.0756103515625455,69.60381555557251,23.235309440195564,1000.1595703125,0.035225
71.0,-110.0,2026-09-17 22:24:58,7.0756103515625455,69.60381555557251,23.235309440195564,1000.1595703125,0.035225
71.0,-109.5,2026-09-17 22:24:58,7.0756103515625455,69.60381555557251,23.235309440195564,1000.1595703125,0.035225
71.0,-109.0,2026-09-17 22:24:58,7.0756103515625455,69.60381555557251,23.235309440195564,1000.1595703125,0.035225
71.0,-108.5,2026-09-17 22:24:58,7.0756103515625455,69.60381555557251,23.235309440195564,1000.1595703125,0.035225
71.0,-108.0,2026-09-17 22:24:58,7.0756103515625455,69.60381555557251,23.235309440195564,1000.1595703125,0.035225
71.0,-107.5,2026-09-17 22:24:58,7.0756103515625455,69.60381555557251,23.235309440195564,1000.1595703125,0.035225
71.0,-107.0,2026-09-17 22:24:58,7.0756103515625455,69.60381555557251,23.235309440195564,1000.1595703125,0.035225
71.0,-106.5,2026-09-17 22:24:58,7.0756103515625455,69.60381555557251,23.235309440195564,1000.1595703125,0.035225
71.0,-106.0,2026-09-17 22:24:58,7.0756103515625455,69.60381555557251,23.235309440195564,1000.1595703125,0.035225
71.0,-105.5,2026-09-17 22:24:58,7.0756103515625455,69.60381555557251,23.235309440195564,1000.1595703125,0.035225
71.0,-105.0,2026-09-17 22:24:58,7.0756103515625455,69.60381555557251,23.235309440195564,1000.1595703125,0.035225
71.0,-104.5,2026-09-17 22:24:58,7.0756103515625455,69.60381555557251,23.235309440195564,1000.1595703125,0.035225
71.0,-104.0,2026-09-17 22:24:58,7.0756103515625455,69.60381555557251,23.235309440195564,1000.1595703125,0.035225
71.0,-96.5,2026-09-17 22:24:58,6.7970458984375455,70.3804235458374,21.96750019334257,1000.210546875,0.035225
71.0,-96.0,2026-09-17 22:24:58,6.7970458984375455,70.3804235458374,21.96750019334257,1000.210546875,0.035225
71.0,-95.5,2026-09-17 22:24:58,6.7970458984375455,70.3804235458374,21.96750019334257,1000.210546875,0.035225
71.0,-95.0,2026-09-17 22:24:58,6.7970458984375455,70.3804235458374,21.96750019334257,1000.210546875,0.035225
71.0,-94.5,2026-09-17 22:24:58,6.7970458984375455,70.3804235458374,21.96750019334257,1000.210546875,0.035225
71.0,-94.0,2026-09-17 22:24:58,6.7970458984375455,70.3804235458374,21.96750019334257,1000.210546875,0.035225
71.0,-93.5,2026-09-17 22:24:58,6.7970458984375455,70.3804235458374,21.96750019334257,1000.210546875,0.035225
71.0,-93.0,2026-09-17 22:24:58,6.7970458984375455,70.3804235458374,21.96750019334257,1000.210546875,0.035225
71.0,-89.5,2026-09-17 22:24:58,6.7970458984375455,70.3804235458374,21.96750019334257,1000.210546875,0.035225
71.0,-89.0,2026-09-17 22:24:58,6.7970458984375455,70.3804235458374,21.96750019334257,1000.210546875,0.035225
71.0,-88.5,2026-09-17 22:24:58,6.7970458984375455,70.3804235458374,21.96750019334257,1000.210546875,0.035225
71.0,-88.0,2026-09-17 22:24:58,6.7970458984375455,70.3804235458374,21.96750019334257,1000.210546875,0.035225
71.0,-87.5,2026-09-17 22:24:58,6.7970458984375455,70.3804235458374,21.96750019334257,1000.210546875,0.035225
71.0,-87.0,2026-09-17 22:24:58,6.7970458984375455,70.3804235458374,21.96750019334257,1000.210546875,0.035225
71.0,-86.5,2026-09-17 22:24:58,6.7970458984375455,70.3804235458374,21.96750019334257,1000.210546875,0.035225
71.0,-86.0,2026-09-17 22:24:58,6.7970458984375455,70.3804235458374,21.96750019334257,1000.210546875,0.035225
71.0,-85.5,2026-09-17 22:24:58,6.7970458984375455,70.3804235458374,21.96750019334257,1000.210546875,0.035225
71.0,-85.0,2026-09-17 22:24:58,6.7970458984375455,70.3804235458374,21.96750019334257,1000.210546875,0.035225
71.0,-84.5,2026-09-17 22:24:58,6.7970458984375455,70.3804235458374,21.96750019334257,1000.210546875,0.035225
71.0,-84.0,2026-09-17 22:24:58,6.7970458984375455,70.3804235458374,21.96750019334257,1000.210546875,0.035225
71.0,-83.5,2026-09-17 22:24:58,6.7970458984375455,70.3804235458374,21.96750019334257,1000.210546875,0.035225
71.0,-83.0,2026-09-17 22:24:58,6.7970458984375455,70.3804235458374,21.96750019334257,1000.210546875,0.035225
71.0,-82.5,2026-09-17 22:24:58,6.7970458984375455,70.3804235458374,21.96750019334257,1000.210546875,0.035225
71.0,-82.0,2026-09-17 22:24:58,6.7970458984375455,70.3804235458374,21.96750019334257,1000.210546875,0.035225
71.0,-81.5,2026-09-17 22:24:58,6.7970458984375455,70.3804235458374,21.96750019334257,1000.210546875,0.035225
71.0,-81.0,2026-09-17 22:24:58,6.7970458984375455,70.3804235458374,21.96750019334257,1000.210546875,0.035225
71.0,-80.5,2026-09-17 22:24:58,6.7970458984375455,70.3804235458374,21.96750019334257,1000.210546875,0.035225
71.0,-80.0,2026-09-17 22:24:58,6.7970458984375455,70.3804235458374,21.96750019334257,1000.210546875,0.035225
71.0,-79.5,2026-09-17 22:24:58,6.7970458984375455,70.3804235458374,21.96750019334257,1000.210546875,0.035225
71.0,-79.0,2026-09-17 22:24:58,6.7970458984375455,70.3804235458374,21.96750019334257,1000.210546875,0.035225
71.0,-78.5,2026-09-17 22:24:58,6.7970458984375455,70.3804235458374,21.96750019334257,1000.210546875,0.035225
71.0,-78.0,2026-09-17 22:24:58,6.7970458984375455,70.3804235458374,21.96750019334257,1000.210546875,0.035225
71.0,-77.5,2026-09-17 22:24:58,6.7970458984375455,70.3804235458374,21.96750019334257,1000.210546875,0.035225
71.0,-77.0,2026-09-17 22:24:58,6.7970458984375455,70.3804235458374,21.96750019334257,1000.210546875,0.035225
71.0,-76.5,2026-09-17 22:24:58,6.7970458984375455,70.3804235458374,21.96750019334257,1000.210546875,0.035225
71.0,-76.0,2026-09-17 22:24:58,6.7970458984375455,70.3804235458374,21.96750019334257,1000.210546875,0.035225
71.0,-75.5,2026-09-17 22:24:58,6.7970458984375455,70.3804235458374,21.96750019334257,1000.210546875,0.035225
71.0,-75.0,2026-09-17 22:24:58,6.7970458984375455,70.3804235458374,21.96750019334257,1000.210546875,0.035225
71.0,-74.5,2026-09-17 22:24:58,6.7970458984375455,70.3804235458374,21.96750019334257,1000.210546875,0.035225
71.0,-74.0,2026-09-17 22:24:58,6.7970458984375455,70.3804235458374,21.96750019334257,1000.210546875,0.035225
71.0,-73.5,2026-09-17 22:24:58,6.7970458984375455,70.3804235458374,21.96750019334257,1000.210546875,0.035225
71.0,-73.0,2026-09-17 22:24:58,6.7970458984375455,70.3804235458374,21.96750019334257,1000.210546875,0.035225
71.0,-72.5,2026-09-17 22:24:58,6.7970458984375455,70.3804235458374,21.96750019334257,1000.210546875,0.035225
71.0,-72.0,2026-09-17 22:24:58,6.7970458984375455,70.3804235458374,21.96750019334257,1000.210546875,0.035225
71.0,-71.5,2026-09-17 22:24:58,6.7970458984375455,70.3804235458374,21.96750019334257,1000.210546875,0.035225
71.0,-71.0,2026-09-17 22:24:58,6.7970458984375455,70.3804235458374,21.96750019334257,1000.210546875,0.035225
71.0,-70.5,2026-09-17 22:24:58,6.7970458984375455,70.3804235458374,21.96750019334257,1000.210546875,0.035225
71.5,-124.0,2026-09-17 22:24:58,6.275610351562534,70.35381555557251,20.355309440195562,1000.8795703125,0.003775
71.5,-123.5,2026-09-17 22:24:58,6.275610351562534,70.35381555557251,20.355309440195562,1000.8795703125,0.003775
71.5,-123.0,2026-09-17 22:24:58,6.275610351562534,70.35381555557251,20.355309440195562,1000.8795703125,0.003775
71.5,-122.5,2026-09-17 22:24:58,6.275610351562534,70.35381555557251,20.355309440195562,1000.8795703125,0.003775
71.5,-122.0,2026-09-17 22:24:58,6.275610351562534,70.35381555557251,20.355309440195562,1000.8795703125,0.003775
71.5,-121.5,2026-09-17 22:24:58,6.275610351562534,70.35381555557251,20.355309440195562,1000.8795703125,0.003775
71.5,-121.0,2026-09-17 22:24:58,6.275610351562534,70.35381555557251,20.355309440195562,1000.8795703125,0.003775
71.5,-120.5,2026-09-17 22:24:58,6.275610351562534,70.35381555557251,20.355309440195562,1000.8795703125,0.003775
71.5,-119.0,2026-09-17 22:24:58,6.275610351562534,70.35381555557251,20.355309440195562,1000.8795703125,0.003775
71.5,-118.5,2026-09-17 22:24:58,6.275610351562534,70.35381555557251,20.355309440195562,1000.8795703125,0.003775
71.5,-118.0,2026-09-17 22:24:58,6.275610351562534,70.35381555557251,20.355309440195562,1000.8795703125,0.003775
71.5,-117.5,2026-09-17 22:24:58,6.275610351562534,70.35381555557251,20.355309440195562,1000.8795703125,0.003775
71.5,-117.0,2026-09-17 22:24:58,6.275610351562534,70.35381555557251,20.355309440195562,1000.8795703125,0.003775
71.5,-116.5,2026-09-17 22:24:58,6.275610351562534,70.35381555557251,20.355309440195562,1000.8795703125,0.003775
71.5,-116.0,2026-09-17 22:24:58,6.275610351562534,70.35381555557251,20.355309440195562,1000.8795703125,0.003775
71.5,-115.5,2026-09-17 22:24:58,6.275610351562534,70.35381555557251,20.355309440195562,1000.8795703125,0.003775
71.5,-115.0,2026-09-17 22:24:58,6.275610351562534,70.35381555557251,20.355309440195562,1000.8795703125,0.003775
71.5,-114.5,2026-09-17 22:24:58,6.275610351562534,70.35381555557251,20.355309440195562,1000.8795703125,0.003775
71.5,-114.0,2026-09-17 22:24:58,6.275610351562534,70.35381555557251,20.355309440195562,1000.8795703125,0.003775
71.5,-113.5,2026-09-17 22:24:58,6.275610351562534,70.35381555557251,20.355309440195562,1000.8795703125,0.003775
71.5,-113.0,2026-09-17 22:24:58,6.275610351562534,70.35381555557251,20.355309440195562,1000.8795703125,0.003775
71.5,-112.5,2026-09-17 22:24:58,6.275610351562534,70.35381555557251,20.355309440195562,1000.8795703125,0.003775
71.5,-112.0,2026-09-17 22:24:58,6.275610351562534,70.35381555557251,20.355309440195562,1000.8795703125,0.003775
71.5,-111.5,2026-09-17 22:24:58,6.275610351562534,70.35381555557251,20.355309440195562,1000.8795703125,0.003775
71.5,-111.0,2026-09-17 22:24:58,6.275610351562534,70.35381555557251,20.355309440195562,1000.8795703125,0.003775
71.5,-110.5,2026-09-17 22:24:58,6.275610351562534,70.35381555557251,20.355309440195562,1000.8795703125,0.003775
71.5,-110.0,2026-09-17 22:24:58,6.275610351562534,70.35381555557251,20.355309440195562,1000.8795703125,0.003775
71.5,-109.5,2026-09-17 22:24:58,6.275610351562534,70.35381555557251,20.355309440195562,1000.8795703125,0.003775
71.5,-109.0,2026-09-17 22:24:58,6.275610351562534,70.35381555557251,20.355309440195562,1000.8795703125,0.003775
71.5,-108.5,2026-09-17 22:24:58,6.275610351562534,70.35381555557251,20.355309440195562,1000.8795703125,0.003775
71.5,-108.0,2026-09-17 22:24:58,6.275610351562534,70.35381555557251,20.355309440195562,1000.8795703125,0.003775
71.5,-107.5,2026-09-17 22:24:58,6.275610351562534,70.35381555557251,20.355309440195562,1000.8795703125,0.003775
71.5,-107.0,2026-09-17 22:24:58,6.275610351562534,70.35381555557251,20.355309440195562,1000.8795703125,0.003775
71.5,-106.5,2026-09-17 22:24:58,6.275610351562534,70.35381555557251,20.355309440195562,1000.8795703125,0.003775
71.5,-106.0,2026-09-17 22:24:58,6.275610351562534,70.35381555557251,20.355309440195562,1000.8795703125,0.003775
71.5,-105.5,2026-09-17 22:24:58,6.275610351562534,70.35381555557251,20.355309440195562,1000.8795703125,0.003775
71.5,-105.0,2026-09-17 22:24:58,6.275610351562534,70.35381555557251,20.355309440195562,1000.8795703125,0.003775
71.5,-104.5,2026-09-17 22:24:58,6.275610351562534,70.35381555557251,20.355309440195562,1000.8795703125,0.003775
71.5,-99.5,2026-09-17 22:24:58,6.097045898437557,69.6304235458374,18.00750019334257,1000.850546875,0.003775
71.5,-99.0,2026-09-17 22:24:58,6.097045898437557,69.6304235458374,18.00750019334257,1000.850546875,0.003775
71.5,-98.5,2026-09-17 22:24:58,6.097045898437557,69.6304235458374,18.00750019334257,1000.850546875,0.003775
71.5,-98.0,2026-09-17 22:24:58,6.097045898437557,69.6304235458374,18.00750019334257,1000.850546875,0.003775
71.5,-96.0,2026-09-17 22:24:58,6.097045898437557,69.6304235458374,18.00750019334257,1000.850546875,0.003775
71.5,-95.5,2026-09-17 22:24:58,6.097045898437557,69.6304235458374,18.00750019334257,1000.850546875,0.003775
71.5,-95.0,2026-09-17 22:24:58,6.097045898437557,69.6304235458374,18.00750019334257,1000.850546875,0.003775
71.5,-94.5,2026-09-17 22:24:58,6.097045898437557,69.6304235458374,18.00750019334257,1000.850546875,0.003775
71.5,-94.0,2026-09-17 22:24:58,6.097045898437557,69.6304235458374,18.00750019334257,1000.850546875,0.003775
71.5,-93.5,2026-09-17 22:24:58,6.097045898437557,69.6304235458374,18.00750019334257,1000.850546875,0.003775
71.5,-93.0,2026-09-17 22:24:58,6.097045898437557,69.6304235458374,18.00750019334257,1000.850546875,0.003775
71.5,-90.0,2026-09-17 22:24:58,6.097045898437557,69.6304235458374,18.00750019334257,1000.850546875,0.003775
71.5,-89.5,2026-09-17 22:24:58,6.097045898437557,69.6304235458374,18.00750019334257,1000.850546875,0.003775
71.5,-89.0,2026-09-17 22:24:58,6.097045898437557,69.6304235458374,18.00750019334257,1000.850546875,0.003775
71.5,-88.5,2026-09-17 22:24:58,6.097045898437557,69.6304235458374,18.00750019334257,1000.850546875,0.003775
71.5,-88.0,2026-09-17 22:24:58,6.097045898437557,69.6304235458374,18.00750019334257,1000.850546875,0.003775
71.5,-87.5,2026-09-17 22:24:58,6.097045898437557,69.6304235458374,18.00750019334257,1000.850546875,0.003775
71.5,-87.0,2026-09-17 22:24:58,6.097045898437557,69.6304235458374,18.00750019334257,1000.850546875,0.003775
71.5,-86.5,2026-09-17 22:24:58,6.097045898437557,69.6304235458374,18.00750019334257,1000.850546875,0.003775
71.5,-86.0,2026-09-17 22:24:58,6.097045898437557,69.6304235458374,18.00750019334257,1000.850546875,0.003775
71.5,-85.5,2026-09-17 22:24:58,6.097045898437557,69.6304235458374,18.00750019334257,1000.850546875,0.003775
71.5,-85.0,2026-09-17 22:24:58,6.097045898437557,69.6304235458374,18.00750019334257,1000.850546875,0.003775
71.5,-84.5,2026-09-17 22:24:58,6.097045898437557,69.6304235458374,18.00750019334257,1000.850546875,0.003775
71.5,-84.0,2026-09-17 22:24:58,6.097045898437557,69.6304235458374,18.00750019334257,1000.850546875,0.003775
71.5,-83.5,2026-09-17 22:24:58,6.097045898437557,69.6304235458374,18.00750019334257,1000.850546875,0.003775
71.5,-83.0,2026-09-17 22:24:58,6.097045898437557,69.6304235458374,18.00750019334257,1000.850546875,0.003775
71.5,-82.5,2026-09-17 22:24:58,6.097045898437557,69.6304235458374,18.00750019334257,1000.850546875,0.003775
71.5,-82.0,2026-09-17 22:24:58,6.097045898437557,69.6304235458374,18.00750019334257,1000.850546875,0.003775
71.5,-81.5,2026-09-17 22:24:58,6.097045898437557,69.6304235458374,18.00750019334257,1000.850546875,0.003775
71.5,-81.0,2026-09-17 22:24:58,6.097045898437557,69.6304235458374,18.00750019334257,1000.850546875,0.003775
71.5,-80.5,2026-09-17 22:24:58,6.097045898437557,69.6304235458374,18.00750019334257,1000.850546875,0.003775
71.5,-80.0,2026-09-17 22:24:58,6.097045898437557,69.6304235458374,18.00750019334257,1000.850546875,0.003775
71.5,-79.5,2026-09-17 22:24:58,6.097045898437557,69.6304235458374,18.00750019334257,1000.850546875,0.003775
71.5,-79.0,2026-09-17 22:24:58,6.097045898437557,69.6304235458374,18.00750019334257,1000.850546875,0.003775
71.5,-78.5,2026-09-17 22:24:58,6.097045898437557,69.6304235458374,18.00750019334257,1000.850546875,0.003775
71.5,-78.0,2026-09-17 22:24:58,6.097045898437557,69.6304235458374,18.00750019334257,1000.850546875,0.003775
71.5,-77.5,2026-09-17 22:24:58,6.097045898437557,69.6304235458374,18.00750019334257,1000.850546875,0.003775
71.5,-77.0,2026-09-17 22:24:58,6.097045898437557,69.6304235458374,18.00750019334257,1000.850546875,0.003775
71.5,-76.5,2026-09-17 22:24:58,6.097045898437557,69.6304235458374,18.00750019334257,1000.850546875,0.003775
71.5,-76.0,2026-09-17 22:24:58,6.097045898437557,69.6304235458374,18.00750019334257,1000.850546875,0.003775
71.5,-75.5,2026-09-17 22:24:58,6.097045898437557,69.6304235458374,18.00750019334257,1000.850546875,0.003775
71.5,-75.0,2026-09-17 22:24:58,6.097045898437557,69.6304235458374,18.00750019334257,1000.850546875,0.003775
71.5,-74.5,2026-09-17 22:24:58,6.097045898437557,69.6304235458374,18.00750019334257,1000.850546875,0.003775
71.5,-74.0,2026-09-17 22:24:58,6.097045898437557,69.6304235458374,18.00750019334257,1000.850546875,0.003775
71.5,-73.5,2026-09-17 22:24:58,6.097045898437557,69.6304235458374,18.00750019334257,1000.850546875,0.003775
71.5,-73.0,2026-09-17 22:24:58,6.097045898437557,69.6304235458374,18.00750019334257,1000.850546875,0.003775
71.5,-72.5,2026-09-17 22:24:58,6.097045898437557,69.6304235458374,18.00750019334257,1000.850546875,0.003775
71.5,-72.0,2026-09-17 22:24:58,6.097045898437557,69.6304235458374,18.00750019334257,1000.850546875,0.003775
71.5,-71.5,2026-09-17 22:24:58,6.097045898437557,69.6304235458374,18.00750019334257,1000.850546875,0.003775
72.0,-126.0,2026-09-17 22:24:58,5.8256103515625455,69.60381555557251,14.055309440195561,1001.2795703125,0.0
72.0,-125.5,2026-09-17 22:24:58,5.8256103515625455,69.60381555557251,14.055309440195561,1001.2795703125,0.0
72.0,-125.0,2026-09-17 22:24:58,5.8256103515625455,69.60381555557251,14.055309440195561,1001.2795703125,0.0
72.0,-124.5,2026-09-17 22:24:58,5.8256103515625455,69.60381555557251,14.055309440195561,1001.2795703125,0.0
72.0,-124.0,2026-09-17 22:24:58,5.8256103515625455,69.60381555557251,14.055309440195561,1001.2795703125,0.0
72.0,-123.5,2026-09-17 22:24:58,5.8256103515625455,69.60381555557251,14.055309440195561,1001.2795703125,0.0
72.0,-123.0,2026-09-17 22:24:58,5.8256103515625455,69.60381555557251,14.055309440195561,1001.2795703125,0.0
72.0,-122.5,2026-09-17 22:24:58,5.8256103515625455,69.60381555557251,14.055309440195561,1001.2795703125,0.0
72.0,-122.0,2026-09-17 22:24:58,5.8256103515625455,69.60381555557251,14.055309440195561,1001.2795703125,0.0
72.0,-121.5,2026-09-17 22:24:58,5.8256103515625455,69.60381555557251,14.055309440195561,1001.2795703125,0.0
72.0,-121.0,2026-09-17 22:24:58,5.8256103515625455,69.60381555557251,14.055309440195561,1001.2795703125,0.0
72.0,-120.5,2026-09-17 22:24:58,5.8256103515625455,69.60381555557251,14.055309440195561,1001.2795703125,0.0
72.0,-119.0,2026-09-17 22:24:58,5.8256103515625455,69.60381555557251,14.055309440195561,1001.2795703125,0.0
72.0,-118.5,2026-09-17 22:24:58,5.8256103515625455,69.60381555557251,14.055309440195561,1001.2795703125,0.0
72.0,-118.0,2026-09-17 22:24:58,5.8256103515625455,69.60381555557251,14.055309440195561,1001.2795703125,0.0
72.0,-117.5,2026-09-17 22:24:58,5.8256103515625455,69.60381555557251,14.055309440195561,1001.2795703125,0.0
72.0,-117.0,2026-09-17 22:24:58,5.8256103515625455,69.60381555557251,14.055309440195561,1001.2795703125,0.0
72.0,-116.5,2026-09-17 22:24:58,5.8256103515625455,69.60381555557251,14.055309440195561,1001.2795703125,0.0
72.0,-116.0,2026-09-17 22:24:58,5.8256103515625455,69.60381555557251,14.055309440195561,1001.2795703125,0.0
72.0,-115.5,2026-09-17 22:24:58,5.8256103515625455,69.60381555557251,14.055309440195561,1001.2795703125,0.0
72.0,-115.0,2026-09-17 22:24:58,5.8256103515625455,69.60381555557251,14.055309440195561,1001.2795703125,0.0
72.0,-114.5,2026-09-17 22:24:58,5.8256103515625455,69.60381555557251,14.055309440195561,1001.2795703125,0.0
72.0,-114.0,2026-09-17 22:24:58,5.8256103515625455,69.60381555557251,14.055309440195561,1001.2795703125,0.0
72.0,-113.5,2026-09-17 22:24:58,5.8256103515625455,69.60381555557251,14.055309440195561,1001.2795703125,0.0
72.0,-113.0,2026-09-17 22:24:58,5.8256103515625455,69.60381555557251,14.055309440195561,1001.2795703125,0.0
72.0,-112.5,2026-09-17 22:24:58,5.8256103515625455,69.60381555557251,14.055309440195561,1001.2795703125,0.0
72.0,-112.0,2026-09-17 22:24:58,5.8256103515625455,69.60381555557251,14.055309440195561,1001.2795703125,0.0
72.0,-111.5,2026-09-17 22:24:58,5.8256103515625455,69.60381555557251,14.055309440195561,1001.2795703125,0.0
72.0,-111.0,2026-09-17 22:24:58,5.8256103515625455,69.60381555557251,14.055309440195561,1001.2795703125,0.0
72.0,-110.5,2026-09-17 22:24:58,5.8256103515625455,69.60381555557251,14.055309440195561,1001.2795703125,0.0
72.0,-110.0,2026-09-17 22:24:58,5.8256103515625455,69.60381555557251,14.055309440195561,1001.2795703125,0.0
72.0,-109.5,2026-09-17 22:24:58,5.8256103515625455,69.60381555557251,14.055309440195561,1001.2795703125,0.0
72.0,-109.0,2026-09-17 22:24:58,5.8256103515625455,69.60381555557251,14.055309440195561,1001.2795703125,0.0
72.0,-108.5,2026-09-17 22:24:58,5.8256103515625455,69.60381555557251,14.055309440195561,1001.2795703125,0.0
72.0,-108.0,2026-09-17 22:24:58,5.8256103515625455,69.60381555557251,14.055309440195561,1001.2795703125,0.0
72.0,-107.5,2026-09-17 22:24:58,5.8256103515625455,69.60381555557251,14.055309440195561,1001.2795703125,0.0
72.0,-107.0,2026-09-17 22:24:58,5.8256103515625455,69.60381555557251,14.055309440195561,1001.2795703125,0.0
72.0,-106.5,2026-09-17 22:24:58,5.8256103515625455,69.60381555557251,14.055309440195561,1001.2795703125,0.0
72.0,-106.0,2026-09-17 22:24:58,5.8256103515625455,69.60381555557251,14.055309440195561,1001.2795703125,0.0
72.0,-105.5,2026-09-17 22:24:58,5.8256103515625455,69.60381555557251,14.055309440195561,1001.2795703125,0.0
72.0,-105.0,2026-09-17 22:24:58,5.8256103515625455,69.60381555557251,14.055309440195561,1001.2795703125,0.0
72.0,-100.5,2026-09-17 22:24:58,5.597045898437557,68.8804235458374,13.147500193342568,1001.250546875,0.0
72.0,-100.0,2026-09-17 22:24:58,5.597045898437557,68.8804235458374,13.147500193342568,1001.250546875,0.0
72.0,-99.5,2026-09-17 22:24:58,5.597045898437557,68.8804235458374,13.147500193342568,1001.250546875,0.0
72.0,-99.0,2026-09-17 22:24:58,5.597045898437557,68.8804235458374,13.147500193342568,1001.250546875,0.0
72.0,-98.5,2026-09-17 22:24:58,5.597045898437557,68.8804235458374,13.147500193342568,1001.250546875,0.0
72.0,-98.0,2026-09-17 22:24:58,5.597045898437557,68.8804235458374,13.147500193342568,1001.250546875,0.0
72.0,-97.5,2026-09-17 22:24:58,5.597045898437557,68.8804235458374,13.147500193342568,1001.250546875,0.0
72.0,-97.0,2026-09-17 22:24:58,5.597045898437557,68.8804235458374,13.147500193342568,1001.250546875,0.0
72.0,-96.5,2026-09-17 22:24:58,5.597045898437557,68.8804235458374,13.147500193342568,1001.250546875,0.0
72.0,-95.5,2026-09-17 22:24:58,5.597045898437557,68.8804235458374,13.147500193342568,1001.250546875,0.0
72.0,-95.0,2026-09-17 22:24:58,5.597045898437557,68.8804235458374,13.147500193342568,1001.250546875,0.0
72.0,-94.5,2026-09-17 22:24:58,5.597045898437557,68.8804235458374,13.147500193342568,1001.250546875,0.0
72.0,-94.0,2026-09-17 22:24:58,5.597045898437557,68.8804235458374,13.147500193342568,1001.250546875,0.0
72.0,-90.0,2026-09-17 22:24:58,5.597045898437557,68.8804235458374,13.147500193342568,1001.250546875,0.0
72.0,-89.5,2026-09-17 22:24:58,5.597045898437557,68.8804235458374,13.147500193342568,1001.250546875,0.0
72.0,-89.0,2026-09-17 22:24:58,5.597045898437557,68.8804235458374,13.147500193342568,1001.250546875,0.0
72.0,-88.5,2026-09-17 22:24:58,5.597045898437557,68.8804235458374,13.147500193342568,1001.250546875,0.0
72.0,-88.0,2026-09-17 22:24:58,5.597045898437557,68.8804235458374,13.147500193342568,1001.250546875,0.0
72.0,-87.5,2026-09-17 22:24:58,5.597045898437557,68.8804235458374,13.147500193342568,1001.250546875,0.0
72.0,-87.0,2026-09-17 22:24:58,5.597045898437557,68.8804235458374,13.147500193342568,1001.250546875,0.0
72.0,-86.5,2026-09-17 22:24:58,5.597045898437557,68.8804235458374,13.147500193342568,1001.250546875,0.0
72.0,-86.0,2026-09-17 22:24:58,5.597045898437557,68.8804235458374,13.147500193342568,1001.250546875,0.0
72.0,-85.5,2026-09-17 22:24:58,5.597045898437557,68.8804235458374,13.147500193342568,1001.250546875,0.0
72.0,-85.0,2026-09-17 22:24:58,5.597045898437557,68.8804235458374,13.147500193342568,1001.250546875,0.0
72.0,-84.5,2026-09-17 22:24:58,5.597045898437557,68.8804235458374,13.147500193342568,1001.250546875,0.0
72.0,-84.0,2026-09-17 22:24:58,5.597045898437557,68.8804235458374,13.147500193342568,1001.250546875,0.0
72.0,-83.5,2026-09-17 22:24:58,5.597045898437557,68.8804235458374,13.147500193342568,1001.250546875,0.0
72.0,-83.0,2026-09-17 22:24:58,5.597045898437557,68.8804235458374,13.147500193342568,1001.250546875,0.0
72.0,-82.5,2026-09-17 22:24:58,5.597045898437557,68.8804235458374,13.147500193342568,1001.250546875,0.0
72.0,-82.0,2026-09-17 22:24:58,5.597045898437557,68.8804235458374,13.147500193342568,1001.250546875,0.0
72.0,-81.5,2026-09-17 22:24:58,5.597045898437557,68.8804235458374,13.147500193342568,1001.250546875,0.0
72.0,-81.0,2026-09-17 22:24:58,5.597045898437557,68.8804235458374,13.147500193342568,1001.250546875,0.0
72.0,-80.5,2026-09-17 22:24:58,5.597045898437557,68.8804235458374,13.147500193342568,1001.250546875,0.0
72.0,-80.0,2026-09-17 22:24:58,5.597045898437557,68.8804235458374,13.147500193342568,1001.250546875,0.0
72.0,-79.5,2026-09-17 22:24:58,5.597045898437557,68.8804235458374,13.147500193342568,1001.250546875,0.0
72.0,-79.0,2026-09-17 22:24:58,5.597045898437557,68.8804235458374,13.147500193342568,1001.250546875,0.0
72.0,-78.5,2026-09-17 22:24:58,5.597045898437557,68.8804235458374,13.147500193342568,1001.250546875,0.0
72.0,-78.0,2026-09-17 22:24:58,5.597045898437557,68.8804235458374,13.147500193342568,1001.250546875,0.0
72.0,-77.5,2026-09-17 22:24:58,5.597045898437557,68.8804235458374,13.147500193342568,1001.250546875,0.0
72.0,-77.0,2026-09-17 22:24:58,5.597045898437557,68.8804235458374,13.147500193342568,1001.250546875,0.0
72.0,-76.5,2026-09-17 22:24:58,5.597045898437557,68.8804235458374,13.147500193342568,1001.250546875,0.0
72.0,-76.0,2026-09-17 22:24:58,5.597045898437557,68.8804235458374,13.147500193342568,1001.250546875,0.0
72.0,-75.5,2026-09-17 22:24:58,5.597045898437557,68.8804235458374,13.147500193342568,1001.250546875,0.0
72.0,-75.0,2026-09-17 22:24:58,5.597045898437557,68.8804235458374,13.147500193342568,1001.250546875,0.0
72.0,-74.5,2026-09-17 22:24:58,5.597045898437557,68.8804235458374,13.147500193342568,1001.250546875,0.0
72.0,-74.0,2026-09-17 22:24:58,5.597045898437557,68.8804235458374,13.147500193342568,1001.250546875,0.0
72.5,-125.5,2026-09-17 22:24:58,5.475610351562523,66.10381555557251,8.29530944019556,1001.5195703125,0.00245
72.5,-125.0,2026-09-17 22:24:58,5.475610351562523,66.10381555557251,8.29530944019556,1001.5195703125,0.00245
72.5,-124.5,2026-09-17 22:24:58,5.475610351562523,66.10381555557251,8.29530944019556,1001.5195703125,0.00245
72.5,-124.0,2026-09-17 22:24:58,5.475610351562523,66.10381555557251,8.29530944019556,1001.5195703125,0.00245
72.5,-123.5,2026-09-17 22:24:58,5.475610351562523,66.10381555557251,8.29530944019556,1001.5195703125,0.00245
72.5,-123.0,2026-09-17 22:24:58,5.475610351562523,66.10381555557251,8.29530944019556,1001.5195703125,0.00245
72.5,-122.5,2026-09-17 22:24:58,5.475610351562523,66.10381555557251,8.29530944019556,1001.5195703125,0.00245
72.5,-122.0,2026-09-17 22:24:58,5.475610351562523,66.10381555557251,8.29530944019556,1001.5195703125,0.00245
72.5,-121.5,2026-09-17 22:24:58,5.475610351562523,66.10381555557251,8.29530944019556,1001.5195703125,0.00245
72.5,-121.0,2026-09-17 22:24:58,5.475610351562523,66.10381555557251,8.29530944019556,1001.5195703125,0.00245
72.5,-120.5,2026-09-17 22:24:58,5.475610351562523,66.10381555557251,8.29530944019556,1001.5195703125,0.00245
72.5,-120.0,2026-09-17 22:24:58,5.475610351562523,66.10381555557251,8.29530944019556,1001.5195703125,0.00245
72.5,-119.5,2026-09-17 22:24:58,5.475610351562523,66.10381555557251,8.29530944019556,1001.5195703125,0.00245
72.5,-119.0,2026-09-17 22:24:58,5.475610351562523,66.10381555557251,8.29530944019556,1001.5195703125,0.00245
72.5,-118.5,2026-09-17 22:24:58,5.475610351562523,66.10381555557251,8.29530944019556,1001.5195703125,0.00245
72.5,-118.0,2026-09-17 22:24:58,5.475610351562523,66.10381555557251,8.29530944019556,1001.5195703125,0.00245
72.5,-117.5,2026-09-17 22:24:58,5.475610351562523,66.10381555557251,8.29530944019556,1001.5195703125,0.00245
72.5,-117.0,2026-09-17 22:24:58,5.475610351562523,66.10381555557251,8.29530944019556,1001.5195703125,0.00245
72.5,-116.5,2026-09-17 22:24:58,5.475610351562523,66.10381555557251,8.29530944019556,1001.5195703125,0.00245
72.5,-116.0,2026-09-17 22:24:58,5.475610351562523,66.10381555557251,8.29530944019556,1001.5195703125,0.00245
72.5,-115.5,2026-09-17 22:24:58,5.475610351562523,66.10381555557251,8.29530944019556,1001.5195703125,0.00245
72.5,-115.0,2026-09-17 22:24:58,5.475610351562523,66.10381555557251,8.29530944019556,1001.5195703125,0.00245
72.5,-114.5,2026-09-17 22:24:58,5.475610351562523,66.10381555557251,8.29530944019556,1001.5195703125,0.00245
72.5,-114.0,2026-09-17 22:24:58,5.475610351562523,66.10381555557251,8.29530944019556,1001.5195703125,0.00245
72.5,-113.5,2026-09-17 22:24:58,5.475610351562523,66.10381555557251,8.29530944019556,1001.5195703125,0.00245
72.5,-113.0,2026-09-17 22:24:58,5.475610351562523,66.10381555557251,8.29530944019556,1001.5195703125,0.00245
72.5,-112.5,2026-09-17 22:24:58,5.475610351562523,66.10381555557251,8.29530944019556,1001.5195703125,0.00245
72.5,-112.0,2026-09-17 22:24:58,5.475610351562523,66.10381555557251,8.29530944019556,1001.5195703125,0.00245
72.5,-111.5,2026-09-17 22:24:58,5.475610351562523,66.10381555557251,8.29530944019556,1001.5195703125,0.00245
72.5,-111.0,2026-09-17 22:24:58,5.475610351562523,66.10381555557251,8.29530944019556,1001.5195703125,0.00245
72.5,-110.5,2026-09-17 22:24:58,5.475610351562523,66.10381555557251,8.29530944019556,1001.5195703125,0.00245
72.5,-110.0,2026-09-17 22:24:58,5.475610351562523,66.10381555557251,8.29530944019556,1001.5195703125,0.00245
72.5,-109.5,2026-09-17 22:24:58,5.475610351562523,66.10381555557251,8.29530944019556,1001.5195703125,0.00245
72.5,-109.0,2026-09-17 22:24:58,5.475610351562523,66.10381555557251,8.29530944019556,1001.5195703125,0.00245
72.5,-108.5,2026-09-17 22:24:58,5.475610351562523,66.10381555557251,8.29530944019556,1001.5195703125,0.00245
72.5,-108.0,2026-09-17 22:24:58,5.475610351562523,66.10381555557251,8.29530944019556,1001.5195703125,0.00245
72.5,-107.5,2026-09-17 22:24:58,5.475610351562523,66.10381555557251,8.29530944019556,1001.5195703125,0.00245
72.5,-107.0,2026-09-17 22:24:58,5.475610351562523,66.10381555557251,8.29530944019556,1001.5195703125,0.00245
72.5,-106.5,2026-09-17 22:24:58,5.475610351562523,66.10381555557251,8.29530944019556,1001.5195703125,0.00245
72.5,-106.0,2026-09-17 22:24:58,5.475610351562523,66.10381555557251,8.29530944019556,1001.5195703125,0.00245
72.5,-105.5,2026-09-17 22:24:58,5.475610351562523,66.10381555557251,8.29530944019556,1001.5195703125,0.00245
72.5,-105.0,2026-09-17 22:24:58,5.475610351562523,66.10381555557251,8.29530944019556,1001.5195703125,0.00245
72.5,-102.5,2026-09-17 22:24:58,5.475610351562523,66.10381555557251,8.29530944019556,1001.5195703125,0.00245
72.5,-102.0,2026-09-17 22:24:58,5.475610351562523,66.10381555557251,8.29530944019556,1001.5195703125,0.00245
72.5,-101.5,2026-09-17 22:24:58,5.247045898437534,66.6304235458374,7.567500193342568,1001.490546875,0.00245
72.5,-101.0,2026-09-17 22:24:58,5.247045898437534,66.6304235458374,7.567500193342568,1001.490546875,0.00245
72.5,-100.5,2026-09-17 22:24:58,5.247045898437534,66.6304235458374,7.567500193342568,1001.490546875,0.00245
72.5,-100.0,2026-09-17 22:24:58,5.247045898437534,66.6304235458374,7.567500193342568,1001.490546875,0.00245
72.5,-99.5,2026-09-17 22:24:58,5.247045898437534,66.6304235458374,7.567500193342568,1001.490546875,0.00245
72.5,-99.0,2026-09-17 22:24:58,5.247045898437534,66.6304235458374,7.567500193342568,1001.490546875,0.00245
72.5,-98.5,2026-09-17 22:24:58,5.247045898437534,66.6304235458374,7.567500193342568,1001.490546875,0.00245
72.5,-98.0,2026-09-17 22:24:58,5.247045898437534,66.6304235458374,7.567500193342568,1001.490546875,0.00245
72.5,-97.5,2026-09-17 22:24:58,5.247045898437534,66.6304235458374,7.567500193342568,1001.490546875,0.00245
72.5,-97.0,2026-09-17 22:24:58,5.247045898437534,66.6304235458374,7.567500193342568,1001.490546875,0.00245
72.5,-96.5,2026-09-17 22:24:58,5.247045898437534,66.6304235458374,7.567500193342568,1001.490546875,0.00245
72.5,-95.5,2026-09-17 22:24:58,5.247045898437534,66.6304235458374,7.567500193342568,1001.490546875,0.00245
72.5,-95.0,2026-09-17 22:24:58,5.247045898437534,66.6304235458374,7.567500193342568,1001.490546875,0.00245
72.5,-94.5,2026-09-17 22:24:58,5.247045898437534,66.6304235458374,7.567500193342568,1001.490546875,0.00245
72.5,-94.0,2026-09-17 22:24:58,5.247045898437534,66.6304235458374,7.567500193342568,1001.490546875,0.00245
72.5,-93.5,2026-09-17 22:24:58,5.247045898437534,66.6304235458374,7.567500193342568,1001.490546875,0.00245
72.5,-90.0,2026-09-17 22:24:58,5.247045898437534,66.6304235458374,7.567500193342568,1001.490546875,0.00245
72.5,-89.5,2026-09-17 22:24:58,5.247045898437534,66.6304235458374,7.567500193342568,1001.490546875,0.00245
72.5,-89.0,2026-09-17 22:24:58,5.247045898437534,66.6304235458374,7.567500193342568,1001.490546875,0.00245
72.5,-88.5,2026-09-17 22:24:58,5.247045898437534,66.6304235458374,7.567500193342568,1001.490546875,0.00245
72.5,-88.0,2026-09-17 22:24:58,5.247045898437534,66.6304235458374,7.567500193342568,1001.490546875,0.00245
72.5,-87.5,2026-09-17 22:24:58,5.247045898437534,66.6304235458374,7.567500193342568,1001.490546875,0.00245
72.5,-87.0,2026-09-17 22:24:58,5.247045898437534,66.6304235458374,7.567500193342568,1001.490546875,0.00245
72.5,-86.5,2026-09-17 22:24:58,5.247045898437534,66.6304235458374,7.567500193342568,1001.490546875,0.00245
72.5,-86.0,2026-09-17 22:24:58,5.247045898437534,66.6304235458374,7.567500193342568,1001.490546875,0.00245
72.5,-85.5,2026-09-17 22:24:58,5.247045898437534,66.6304235458374,7.567500193342568,1001.490546875,0.00245
72.5,-85.0,2026-09-17 22:24:58,5.247045898437534,66.6304235458374,7.567500193342568,1001.490546875,0.00245
72.5,-84.5,2026-09-17 22:24:58,5.247045898437534,66.6304235458374,7.567500193342568,1001.490546875,0.00245
72.5,-84.0,2026-09-17 22:24:58,5.247045898437534,66.6304235458374,7.567500193342568,1001.490546875,0.00245
72.5,-83.5,2026-09-17 22:24:58,5.247045898437534,66.6304235458374,7.567500193342568,1001.490546875,0.00245
72.5,-83.0,2026-09-17 22:24:58,5.247045898437534,66.6304235458374,7.567500193342568,1001.490546875,0.00245
72.5,-82.5,2026-09-17 22:24:58,5.247045898437534,66.6304235458374,7.567500193342568,1001.490546875,0.00245
72.5,-82.0,2026-09-17 22:24:58,5.247045898437534,66.6304235458374,7.567500193342568,1001.490546875,0.00245
72.5,-81.5,2026-09-17 22:24:58,5.247045898437534,66.6304235458374,7.567500193342568,1001.490546875,0.00245
72.5,-81.0,2026-09-17 22:24:58,5.247045898437534,66.6304235458374,7.567500193342568,1001.490546875,0.00245
72.5,-80.5,2026-09-17 22:24:58,5.247045898437534,66.6304235458374,7.567500193342568,1001.490546875,0.00245
72.5,-80.0,2026-09-17 22:24:58,5.247045898437534,66.6304235458374,7.567500193342568,1001.490546875,0.00245
72.5,-79.5,2026-09-17 22:24:58,5.247045898437534,66.6304235458374,7.567500193342568,1001.490546875,0.00245
72.5,-78.5,2026-09-17 22:24:58,5.247045898437534,66.6304235458374,7.567500193342568,1001.490546875,0.00245
72.5,-78.0,2026-09-17 22:24:58,5.247045898437534,66.6304235458374,7.567500193342568,1001.490546875,0.00245
72.5,-77.5,2026-09-17 22:24:58,5.247045898437534,66.6304235458374,7.567500193342568,1001.490546875,0.00245
72.5,-77.0,2026-09-17 22:24:58,5.247045898437534,66.6304235458374,7.567500193342568,1001.490546875,0.00245
72.5,-76.5,2026-09-17 22:24:58,5.247045898437534,66.6304235458374,7.567500193342568,1001.490546875,0.00245
72.5,-76.0,2026-09-17 22:24:58,5.247045898437534,66.6304235458374,7.567500193342568,1001.490546875,0.00245
72.5,-75.5,2026-09-17 22:24:58,5.247045898437534,66.6304235458374,7.567500193342568,1001.490546875,0.00245
72.5,-75.0,2026-09-17 22:24:58,5.247045898437534,66.6304235458374,7.567500193342568,1001.490546875,0.00245
73.0,-125.0,2026-09-17 22:24:58,5.175610351562511,64.60381555557251,2.715309440195561,1001.6795703125,0.0
73.0,-124.5,2026-09-17 22:24:58,5.175610351562511,64.60381555557251,2.715309440195561,1001.6795703125,0.0
73.0,-124.0,2026-09-17 22:24:58,5.175610351562511,64.60381555557251,2.715309440195561,1001.6795703125,0.0
73.0,-123.5,2026-09-17 22:24:58,5.175610351562511,64.60381555557251,2.715309440195561,1001.6795703125,0.0
73.0,-123.0,2026-09-17 22:24:58,5.175610351562511,64.60381555557251,2.715309440195561,1001.6795703125,0.0
73.0,-122.5,2026-09-17 22:24:58,5.175610351562511,64.60381555557251,2.715309440195561,1001.6795703125,0.0
73.0,-122.0,2026-09-17 22:24:58,5.175610351562511,64.60381555557251,2.715309440195561,1001.6795703125,0.0
73.0,-121.5,2026-09-17 22:24:58,5.175610351562511,64.60381555557251,2.715309440195561,1001.6795703125,0.0
73.0,-121.0,2026-09-17 22:24:58,5.175610351562511,64.60381555557251,2.715309440195561,1001.6795703125,0.0
73.0,-120.5,2026-09-17 22:24:58,5.175610351562511,64.60381555557251,2.715309440195561,1001.6795703125,0.0
73.0,-120.0,2026-09-17 22:24:58,5.175610351562511,64.60381555557251,2.715309440195561,1001.6795703125,0.0
73.0,-119.5,2026-09-17 22:24:58,5.175610351562511,64.60381555557251,2.715309440195561,1001.6795703125,0.0
73.0,-119.0,2026-09-17 22:24:58,5.175610351562511,64.60381555557251,2.715309440195561,1001.6795703125,0.0
73.0,-118.5,2026-09-17 22:24:58,5.175610351562511,64.60381555557251,2.715309440195561,1001.6795703125,0.0
73.0,-118.0,2026-09-17 22:24:58,5.175610351562511,64.60381555557251,2.715309440195561,1001.6795703125,0.0
73.0,-117.5,2026-09-17 22:24:58,5.175610351562511,64.60381555557251,2.715309440195561,1001.6795703125,0.0
73.0,-117.0,2026-09-17 22:24:58,5.175610351562511,64.60381555557251,2.715309440195561,1001.6795703125,0.0
73.0,-116.5,2026-09-17 22:24:58,5.175610351562511,64.60381555557251,2.715309440195561,1001.6795703125,0.0
73.0,-116.0,2026-09-17 22:24:58,5.175610351562511,64.60381555557251,2.715309440195561,1001.6795703125,0.0
73.0,-115.5,2026-09-17 22:24:58,5.175610351562511,64.60381555557251,2.715309440195561,1001.6795703125,0.0
73.0,-115.0,2026-09-17 22:24:58,5.175610351562511,64.60381555557251,2.715309440195561,1001.6795703125,0.0
73.0,-114.5,2026-09-17 22:24:58,5.175610351562511,64.60381555557251,2.715309440195561,1001.6795703125,0.0
73.0,-114.0,2026-09-17 22:24:58,5.175610351562511,64.60381555557251,2.715309440195561,1001.6795703125,0.0
73.0,-113.5,2026-09-17 22:24:58,5.175610351562511,64.60381555557251,2.715309440195561,1001.6795703125,0.0
73.0,-113.0,2026-09-17 22:24:58,5.175610351562511,64.60381555557251,2.715309440195561,1001.6795703125,0.0
73.0,-112.5,2026-09-17 22:24:58,5.175610351562511,64.60381555557251,2.715309440195561,1001.6795703125,0.0
73.0,-111.0,2026-09-17 22:24:58,5.175610351562511,64.60381555557251,2.715309440195561,1001.6795703125,0.0
73.0,-110.5,2026-09-17 22:24:58,5.175610351562511,64.60381555557251,2.715309440195561,1001.6795703125,0.0
73.0,-110.0,2026-09-17 22:24:58,5.175610351562511,64.60381555557251,2.715309440195561,1001.6795703125,0.0
73.0,-109.5,2026-09-17 22:24:58,5.175610351562511,64.60381555557251,2.715309440195561,1001.6795703125,0.0
73.0,-108.5,2026-09-17 22:24:58,5.175610351562511,64.60381555557251,2.715309440195561,1001.6795703125,0.0
73.0,-108.0,2026-09-17 22:24:58,5.175610351562511,64.60381555557251,2.715309440195561,1001.6795703125,0.0
73.0,-107.5,2026-09-17 22:24:58,5.175610351562511,64.60381555557251,2.715309440195561,1001.6795703125,0.0
73.0,-107.0,2026-09-17 22:24:58,5.175610351562511,64.60381555557251,2.715309440195561,1001.6795703125,0.0
73.0,-106.5,2026-09-17 22:24:58,5.175610351562511,64.60381555557251,2.715309440195561,1001.6795703125,0.0
73.0,-106.0,2026-09-17 22:24:58,5.175610351562511,64.60381555557251,2.715309440195561,1001.6795703125,0.0
73.0,-105.5,2026-09-17 22:24:58,5.175610351562511,64.60381555557251,2.715309440195561,1001.6795703125,0.0
73.0,-105.0,2026-09-17 22:24:58,5.175610351562511,64.60381555557251,2.715309440195561,1001.6795703125,0.0
73.0,-102.5,2026-09-17 22:24:58,5.175610351562511,64.60381555557251,2.715309440195561,1001.6795703125,0.0
73.0,-102.0,2026-09-17 22:24:58,5.175610351562511,64.60381555557251,2.715309440195561,1001.6795703125,0.0
73.0,-101.5,2026-09-17 22:24:58,5.097045898437557,64.8804235458374,2.5275001933425667,1001.570546875,0.0
73.0,-100.5,2026-09-17 22:24:58,5.097045898437557,64.8804235458374,2.5275001933425667,1001.570546875,0.0
73.0,-100.0,2026-09-17 22:24:58,5.097045898437557,64.8804235458374,2.5275001933425667,1001.570546875,0.0
73.0,-99.5,2026-09-17 22:24:58,5.097045898437557,64.8804235458374,2.5275001933425667,1001.570546875,0.0
73.0,-99.0,2026-09-17 22:24:58,5.097045898437557,64.8804235458374,2.5275001933425667,1001.570546875,0.0
73.0,-98.5,2026-09-17 22:24:58,5.097045898437557,64.8804235458374,2.5275001933425667,1001.570546875,0.0
73.0,-98.0,2026-09-17 22:24:58,5.097045898437557,64.8804235458374,2.5275001933425667,1001.570546875,0.0
73.0,-97.5,2026-09-17 22:24:58,5.097045898437557,64.8804235458374,2.5275001933425667,1001.570546875,0.0
73.0,-97.0,2026-09-17 22:24:58,5.097045898437557,64.8804235458374,2.5275001933425667,1001.570546875,0.0
73.0,-96.5,2026-09-17 22:24:58,5.097045898437557,64.8804235458374,2.5275001933425667,1001.570546875,0.0
73.0,-96.0,2026-09-17 22:24:58,5.097045898437557,64.8804235458374,2.5275001933425667,1001.570546875,0.0
73.0,-95.5,2026-09-17 22:24:58,5.097045898437557,64.8804235458374,2.5275001933425667,1001.570546875,0.0
73.0,-95.0,2026-09-17 22:24:58,5.097045898437557,64.8804235458374,2.5275001933425667,1001.570546875,0.0
73.0,-94.5,2026-09-17 22:24:58,5.097045898437557,64.8804235458374,2.5275001933425667,1001.570546875,0.0
73.0,-94.0,2026-09-17 22:24:58,5.097045898437557,64.8804235458374,2.5275001933425667,1001.570546875,0.0
73.0,-93.5,2026-09-17 22:24:58,5.097045898437557,64.8804235458374,2.5275001933425667,1001.570546875,0.0
73.0,-93.0,2026-09-17 22:24:58,5.097045898437557,64.8804235458374,2.5275001933425667,1001.570546875,0.0
73.0,-92.5,2026-09-17 22:24:58,5.097045898437557,64.8804235458374,2.5275001933425667,1001.570546875,0.0
73.0,-92.0,2026-09-17 22:24:58,5.097045898437557,64.8804235458374,2.5275001933425667,1001.570546875,0.0
73.0,-91.5,2026-09-17 22:24:58,5.097045898437557,64.8804235458374,2.5275001933425667,1001.570546875,0.0
73.0,-89.5,2026-09-17 22:24:58,5.097045898437557,64.8804235458374,2.5275001933425667,1001.570546875,0.0
73.0,-89.0,2026-09-17 22:24:58,5.097045898437557,64.8804235458374,2.5275001933425667,1001.570546875,0.0
73.0,-88.5,2026-09-17 22:24:58,5.097045898437557,64.8804235458374,2.5275001933425667,1001.570546875,0.0
73.0,-88.0,2026-09-17 22:24:58,5.097045898437557,64.8804235458374,2.5275001933425667,1001.570546875,0.0
73.0,-87.5,2026-09-17 22:24:58,5.097045898437557,64.8804235458374,2.5275001933425667,1001.570546875,0.0
73.0,-87.0,2026-09-17 22:24:58,5.097045898437557,64.8804235458374,2.5275001933425667,1001.570546875,0.0
73.0,-86.5,2026-09-17 22:24:58,5.097045898437557,64.8804235458374,2.5275001933425667,1001.570546875,0.0
73.0,-85.5,2026-09-17 22:24:58,5.097045898437557,64.8804235458374,2.5275001933425667,1001.570546875,0.0
73.0,-85.0,2026-09-17 22:24:58,5.097045898437557,64.8804235458374,2.5275001933425667,1001.570546875,0.0
73.0,-84.5,2026-09-17 22:24:58,5.097045898437557,64.8804235458374,2.5275001933425667,1001.570546875,0.0
73.0,-84.0,2026-09-17 22:24:58,5.097045898437557,64.8804235458374,2.5275001933425667,1001.570546875,0.0
73.0,-83.5,2026-09-17 22:24:58,5.097045898437557,64.8804235458374,2.5275001933425667,1001.570546875,0.0
73.0,-83.0,2026-09-17 22:24:58,5.097045898437557,64.8804235458374,2.5275001933425667,1001.570546875,0.0
73.0,-82.5,2026-09-17 22:24:58,5.097045898437557,64.8804235458374,2.5275001933425667,1001.570546875,0.0
73.0,-82.0,2026-09-17 22:24:58,5.097045898437557,64.8804235458374,2.5275001933425667,1001.570546875,0.0
73.0,-81.5,2026-09-17 22:24:58,5.097045898437557,64.8804235458374,2.5275001933425667,1001.570546875,0.0
73.0,-81.0,2026-09-17 22:24:58,5.097045898437557,64.8804235458374,2.5275001933425667,1001.570546875,0.0
73.0,-80.5,2026-09-17 22:24:58,5.097045898437557,64.8804235458374,2.5275001933425667,1001.570546875,0.0
73.0,-80.0,2026-09-17 22:24:58,5.097045898437557,64.8804235458374,2.5275001933425667,1001.570546875,0.0
73.0,-79.5,2026-09-17 22:24:58,5.097045898437557,64.8804235458374,2.5275001933425667,1001.570546875,0.0
73.0,-79.0,2026-09-17 22:24:58,5.097045898437557,64.8804235458374,2.5275001933425667,1001.570546875,0.0
73.0,-78.5,2026-09-17 22:24:58,5.097045898437557,64.8804235458374,2.5275001933425667,1001.570546875,0.0
73.0,-78.0,2026-09-17 22:24:58,5.097045898437557,64.8804235458374,2.5275001933425667,1001.570546875,0.0
73.0,-77.5,2026-09-17 22:24:58,5.097045898437557,64.8804235458374,2.5275001933425667,1001.570546875,0.0
73.0,-77.0,2026-09-17 22:24:58,5.097045898437557,64.8804235458374,2.5275001933425667,1001.570546875,0.0
73.0,-76.5,2026-09-17 22:24:58,5.097045898437557,64.8804235458374,2.5275001933425667,1001.570546875,0.0
73.0,-76.0,2026-09-17 22:24:58,5.097045898437557,64.8804235458374,2.5275001933425667,1001.570546875,0.0
73.5,-124.5,2026-09-17 22:24:58,5.225610351562523,66.10381555557251,5.595309440195561,1001.6795703125,0.0
73.5,-124.0,2026-09-17 22:24:58,5.225610351562523,66.10381555557251,5.595309440195561,1001.6795703125,0.0
73.5,-123.5,2026-09-17 22:24:58,5.225610351562523,66.10381555557251,5.595309440195561,1001.6795703125,0.0
73.5,-123.0,2026-09-17 22:24:58,5.225610351562523,66.10381555557251,5.595309440195561,1001.6795703125,0.0
73.5,-122.5,2026-09-17 22:24:58,5.225610351562523,66.10381555557251,5.595309440195561,1001.6795703125,0.0
73.5,-122.0,2026-09-17 22:24:58,5.225610351562523,66.10381555557251,5.595309440195561,1001.6795703125,0.0
73.5,-121.5,2026-09-17 22:24:58,5.225610351562523,66.10381555557251,5.595309440195561,1001.6795703125,0.0
73.5,-121.0,2026-09-17 22:24:58,5.225610351562523,66.10381555557251,5.595309440195561,1001.6795703125,0.0
73.5,-120.5,2026-09-17 22:24:58,5.225610351562523,66.10381555557251,5.595309440195561,1001.6795703125,0.0
73.5,-120.0,2026-09-17 22:24:58,5.225610351562523,66.10381555557251,5.595309440195561,1001.6795703125,0.0
73.5,-119.5,2026-09-17 22:24:58,5.225610351562523,66.10381555557251,5.595309440195561,1001.6795703125,0.0
73.5,-119.0,2026-09-17 22:24:58,5.225610351562523,66.10381555557251,5.595309440195561,1001.6795703125,0.0
73.5,-118.5,2026-09-17 22:24:58,5.225610351562523,66.10381555557251,5.595309440195561,1001.6795703125,0.0
73.5,-118.0,2026-09-17 22:24:58,5.225610351562523,66.10381555557251,5.595309440195561,1001.6795703125,0.0
73.5,-117.5,2026-09-17 22:24:58,5.225610351562523,66.10381555557251,5.595309440195561,1001.6795703125,0.0
73.5,-117.0,2026-09-17 22:24:58,5.225610351562523,66.10381555557251,5.595309440195561,1001.6795703125,0.0
73.5,-116.5,2026-09-17 22:24:58,5.225610351562523,66.10381555557251,5.595309440195561,1001.6795703125,0.0
73.5,-116.0,2026-09-17 22:24:58,5.225610351562523,66.10381555557251,5.595309440195561,1001.6795703125,0.0
73.5,-115.5,2026-09-17 22:24:58,5.225610351562523,66.10381555557251,5.595309440195561,1001.6795703125,0.0
73.5,-108.0,2026-09-17 22:24:58,5.225610351562523,66.10381555557251,5.595309440195561,1001.6795703125,0.0
73.5,-107.5,2026-09-17 22:24:58,5.225610351562523,66.10381555557251,5.595309440195561,1001.6795703125,0.0
73.5,-107.0,2026-09-17 22:24:58,5.225610351562523,66.10381555557251,5.595309440195561,1001.6795703125,0.0
73.5,-106.5,2026-09-17 22:24:58,5.225610351562523,66.10381555557251,5.595309440195561,1001.6795703125,0.0
73.5,-106.0,2026-09-17 22:24:58,5.225610351562523,66.10381555557251,5.595309440195561,1001.6795703125,0.0
73.5,-105.5,2026-09-17 22:24:58,5.225610351562523,66.10381555557251,5.595309440195561,1001.6795703125,0.0
73.5,-105.0,2026-09-17 22:24:58,5.225610351562523,66.10381555557251,5.595309440195561,1001.6795703125,0.0
73.5,-104.5,2026-09-17 22:24:58,5.225610351562523,66.10381555557251,5.595309440195561,1001.6795703125,0.0
73.5,-101.5,2026-09-17 22:24:58,5.247045898437534,65.8804235458374,6.667500193342566,1001.490546875,0.0
73.5,-101.0,2026-09-17 22:24:58,5.247045898437534,65.8804235458374,6.667500193342566,1001.490546875,0.0
73.5,-100.5,2026-09-17 22:24:58,5.247045898437534,65.8804235458374,6.667500193342566,1001.490546875,0.0
73.5,-100.0,2026-09-17 22:24:58,5.247045898437534,65.8804235458374,6.667500193342566,1001.490546875,0.0
73.5,-99.5,2026-09-17 22:24:58,5.247045898437534,65.8804235458374,6.667500193342566,1001.490546875,0.0
73.5,-99.0,2026-09-17 22:24:58,5.247045898437534,65.8804235458374,6.667500193342566,1001.490546875,0.0
73.5,-98.5,2026-09-17 22:24:58,5.247045898437534,65.8804235458374,6.667500193342566,1001.490546875,0.0
73.5,-98.0,2026-09-17 22:24:58,5.247045898437534,65.8804235458374,6.667500193342566,1001.490546875,0.0
73.5,-97.5,2026-09-17 22:24:58,5.247045898437534,65.8804235458374,6.667500193342566,1001.490546875,0.0
73.5,-97.0,2026-09-17 22:24:58,5.247045898437534,65.8804235458374,6.667500193342566,1001.490546875,0.0
73.5,-95.5,2026-09-17 22:24:58,5.247045898437534,65.8804235458374,6.667500193342566,1001.490546875,0.0
73.5,-95.0,2026-09-17 22:24:58,5.247045898437534,65.8804235458374,6.667500193342566,1001.490546875,0.0
73.5,-94.5,2026-09-17 22:24:58,5.247045898437534,65.8804235458374,6.667500193342566,1001.490546875,0.0
73.5,-94.0,2026-09-17 22:24:58,5.247045898437534,65.8804235458374,6.667500193342566,1001.490546875,0.0
73.5,-93.5,2026-09-17 22:24:58,5.247045898437534,65.8804235458374,6.667500193342566,1001.490546875,0.0
73.5,-93.0,2026-09-17 22:24:58,5.247045898437534,65.8804235458374,6.667500193342566,1001.490546875,0.0
73.5,-92.5,2026-09-17 22:24:58,5.247045898437534,65.8804235458374,6.667500193342566,1001.490546875,0.0
73.5,-92.0,2026-09-17 22:24:58,5.247045898437534,65.8804235458374,6.667500193342566,1001.490546875,0.0
73.5,-91.5,2026-09-17 22:24:58,5.247045898437534,65.8804235458374,6.667500193342566,1001.490546875,0.0
73.5,-91.0,2026-09-17 22:24:58,5.247045898437534,65.8804235458374,6.667500193342566,1001.490546875,0.0
73.5,-88.5,2026-09-17 22:24:58,5.247045898437534,65.8804235458374,6.667500193342566,1001.490546875,0.0
73.5,-88.0,2026-09-17 22:24:58,5.247045898437534,65.8804235458374,6.667500193342566,1001.490546875,0.0
73.5,-87.5,2026-09-17 22:24:58,5.247045898437534,65.8804235458374,6.667500193342566,1001.490546875,0.0
73.5,-87.0,2026-09-17 22:24:58,5.247045898437534,65.8804235458374,6.667500193342566,1001.490546875,0.0
73.5,-86.5,2026-09-17 22:24:58,5.247045898437534,65.8804235458374,6.667500193342566,1001.490546875,0.0
73.5,-86.0,2026-09-17 22:24:58,5.247045898437534,65.8804235458374,6.667500193342566,1001.490546875,0.0
73.5,-85.5,2026-09-17 22:24:58,5.247045898437534,65.8804235458374,6.667500193342566,1001.490546875,0.0
73.5,-84.5,2026-09-17 22:24:58,5.247045898437534,65.8804235458374,6.667500193342566,1001.490546875,0.0
73.5,-84.0,2026-09-17 22:24:58,5.247045898437534,65.8804235458374,6.667500193342566,1001.490546875,0.0
73.5,-83.5,2026-09-17 22:24:58,5.247045898437534,65.8804235458374,6.667500193342566,1001.490546875,0.0
73.5,-83.0,2026-09-17 22:24:58,5.247045898437534,65.8804235458374,6.667500193342566,1001.490546875,0.0
73.5,-82.5,2026-09-17 22:24:58,5.247045898437534,65.8804235458374,6.667500193342566,1001.490546875,0.0
73.5,-82.0,2026-09-17 22:24:58,5.247045898437534,65.8804235458374,6.667500193342566,1001.490546875,0.0
73.5,-81.5,2026-09-17 22:24:58,5.247045898437534,65.8804235458374,6.667500193342566,1001.490546875,0.0
73.5,-81.0,2026-09-17 22:24:58,5.247045898437534,65.8804235458374,6.667500193342566,1001.490546875,0.0
73.5,-80.5,2026-09-17 22:24:58,5.247045898437534,65.8804235458374,6.667500193342566,1001.490546875,0.0
73.5,-80.0,2026-09-17 22:24:58,5.247045898437534,65.8804235458374,6.667500193342566,1001.490546875,0.0
73.5,-79.5,2026-09-17 22:24:58,5.247045898437534,65.8804235458374,6.667500193342566,1001.490546875,0.0
73.5,-79.0,2026-09-17 22:24:58,5.247045898437534,65.8804235458374,6.667500193342566,1001.490546875,0.0
73.5,-78.5,2026-09-17 22:24:58,5.247045898437534,65.8804235458374,6.667500193342566,1001.490546875,0.0
73.5,-78.0,2026-09-17 22:24:58,5.247045898437534,65.8804235458374,6.667500193342566,1001.490546875,0.0
73.5,-77.5,2026-09-17 22:24:58,5.247045898437534,65.8804235458374,6.667500193342566,1001.490546875,0.0
73.5,-77.0,2026-09-17 22:24:58,5.247045898437534,65.8804235458374,6.667500193342566,1001.490546875,0.0
74.0,-124.5,2026-09-17 22:24:58,5.125610351562557,66.60381555557251,5.955309440195561,1001.5195703125,0.0
74.0,-124.0,2026-09-17 22:24:58,5.125610351562557,66.60381555557251,5.955309440195561,1001.5195703125,0.0
74.0,-123.5,2026-09-17 22:24:58,5.125610351562557,66.60381555557251,5.955309440195561,1001.5195703125,0.0
74.0,-123.0,2026-09-17 22:24:58,5.125610351562557,66.60381555557251,5.955309440195561,1001.5195703125,0.0
74.0,-122.5,2026-09-17 22:24:58,5.125610351562557,66.60381555557251,5.955309440195561,1001.5195703125,0.0
74.0,-122.0,2026-09-17 22:24:58,5.125610351562557,66.60381555557251,5.955309440195561,1001.5195703125,0.0
74.0,-121.5,2026-09-17 22:24:58,5.125610351562557,66.60381555557251,5.955309440195561,1001.5195703125,0.0
74.0,-121.0,2026-09-17 22:24:58,5.125610351562557,66.60381555557251,5.955309440195561,1001.5195703125,0.0
74.0,-120.5,2026-09-17 22:24:58,5.125610351562557,66.60381555557251,5.955309440195561,1001.5195703125,0.0
74.0,-120.0,2026-09-17 22:24:58,5.125610351562557,66.60381555557251,5.955309440195561,1001.5195703125,0.0
74.0,-119.5,2026-09-17 22:24:58,5.125610351562557,66.60381555557251,5.955309440195561,1001.5195703125,0.0
74.0,-119.0,2026-09-17 22:24:58,5.125610351562557,66.60381555557251,5.955309440195561,1001.5195703125,0.0
74.0,-118.5,2026-09-17 22:24:58,5.125610351562557,66.60381555557251,5.955309440195561,1001.5195703125,0.0
74.0,-118.0,2026-09-17 22:24:58,5.125610351562557,66.60381555557251,5.955309440195561,1001.5195703125,0.0
74.0,-117.5,2026-09-17 22:24:58,5.125610351562557,66.60381555557251,5.955309440195561,1001.5195703125,0.0
74.0,-117.0,2026-09-17 22:24:58,5.125610351562557,66.60381555557251,5.955309440195561,1001.5195703125,0.0
74.0,-116.5,2026-09-17 22:24:58,5.125610351562557,66.60381555557251,5.955309440195561,1001.5195703125,0.0
74.0,-100.0,2026-09-17 22:24:58,5.147045898437511,67.8804235458374,8.107500193342567,1001.330546875,0.0
74.0,-99.5,2026-09-17 22:24:58,5.147045898437511,67.8804235458374,8.107500193342567,1001.330546875,0.0
74.0,-99.0,2026-09-17 22:24:58,5.147045898437511,67.8804235458374,8.107500193342567,1001.330546875,0.0
74.0,-98.5,2026-09-17 22:24:58,5.147045898437511,67.8804235458374,8.107500193342567,1001.330546875,0.0
74.0,-98.0,2026-09-17 22:24:58,5.147045898437511,67.8804235458374,8.107500193342567,1001.330546875,0.0
74.0,-97.5,2026-09-17 22:24:58,5.147045898437511,67.8804235458374,8.107500193342567,1001.330546875,0.0
74.0,-95.5,2026-09-17 22:24:58,5.147045898437511,67.8804235458374,8.107500193342567,1001.330546875,0.0
74.0,-95.0,2026-09-17 22:24:58,5.147045898437511,67.8804235458374,8.107500193342567,1001.330546875,0.0
74.0,-94.5,2026-09-17 22:24:58,5.147045898437511,67.8804235458374,8.107500193342567,1001.330546875,0.0
74.0,-94.0,2026-09-17 22:24:58,5.147045898437511,67.8804235458374,8.107500193342567,1001.330546875,0.0
74.0,-93.5,2026-09-17 22:24:58,5.147045898437511,67.8804235458374,8.107500193342567,1001.330546875,0.0
74.0,-93.0,2026-09-17 22:24:58,5.147045898437511,67.8804235458374,8.107500193342567,1001.330546875,0.0
74.0,-92.5,2026-09-17 22:24:58,5.147045898437511,67.8804235458374,8.107500193342567,1001.330546875,0.0
74.0,-92.0,2026-09-17 22:24:58,5.147045898437511,67.8804235458374,8.107500193342567,1001.330546875,0.0
74.0,-91.5,2026-09-17 22:24:58,5.147045898437511,67.8804235458374,8.107500193342567,1001.330546875,0.0
74.0,-91.0,2026-09-17 22:24:58,5.147045898437511,67.8804235458374,8.107500193342567,1001.330546875,0.0
74.0,-90.5,2026-09-17 22:24:58,5.147045898437511,67.8804235458374,8.107500193342567,1001.330546875,0.0
74.5,-123.5,2026-09-17 22:24:58,4.5756103515625455,70.85381555557251,9.195309440195562,1001.5195703125,0.0
74.5,-123.0,2026-09-17 22:24:58,4.5756103515625455,70.85381555557251,9.195309440195562,1001.5195703125,0.0
74.5,-122.5,2026-09-17 22:24:58,4.5756103515625455,70.85381555557251,9.195309440195562,1001.5195703125,0.0
74.5,-122.0,2026-09-17 22:24:58,4.5756103515625455,70.85381555557251,9.195309440195562,1001.5195703125,0.0
74.5,-121.5,2026-09-17 22:24:58,4.5756103515625455,70.85381555557251,9.195309440195562,1001.5195703125,0.0
74.5,-121.0,2026-09-17 22:24:58,4.5756103515625455,70.85381555557251,9.195309440195562,1001.5195703125,0.0
74.5,-114.0,2026-09-17 22:24:58,4.5756103515625455,70.85381555557251,9.195309440195562,1001.5195703125,0.0
74.5,-113.5,2026-09-17 22:24:58,4.5756103515625455,70.85381555557251,9.195309440195562,1001.5195703125,0.0
74.5,-113.0,2026-09-17 22:24:58,4.5756103515625455,70.85381555557251,9.195309440195562,1001.5195703125,0.0
74.5,-112.5,2026-09-17 22:24:58,4.5756103515625455,70.85381555557251,9.195309440195562,1001.5195703125,0.0
74.5,-112.0,2026-09-17 22:24:58,4.5756103515625455,70.85381555557251,9.195309440195562,1001.5195703125,0.0
74.5,-111.5,2026-09-17 22:24:58,4.5756103515625455,70.85381555557251,9.195309440195562,1001.5195703125,0.0
74.5,-98.0,2026-09-17 22:24:58,4.647045898437511,71.6304235458374,11.167500193342567,1001.250546875,0.0
74.5,-97.5,2026-09-17 22:24:58,4.647045898437511,71.6304235458374,11.167500193342567,1001.250546875,0.0
74.5,-96.0,2026-09-17 22:24:58,4.647045898437511,71.6304235458374,11.167500193342567,1001.250546875,0.0
74.5,-95.5,2026-09-17 22:24:58,4.647045898437511,71.6304235458374,11.167500193342567,1001.250546875,0.0
74.5,-95.0,2026-09-17 22:24:58,4.647045898437511,71.6304235458374,11.167500193342567,1001.250546875,0.0
74.5,-90.0,2026-09-17 22:24:58,4.647045898437511,71.6304235458374,11.167500193342567,1001.250546875,0.0
74.5,-89.5,2026-09-17 22:24:58,4.647045898437511,71.6304235458374,11.167500193342567,1001.250546875,0.0
74.5,-88.5,2026-09-17 22:24:58,4.647045898437511,71.6304235458374,11.167500193342567,1001.250546875,0.0
74.5,-88.0,2026-09-17 22:24:58,4.647045898437511,71.6304235458374,11.167500193342567,1001.250546875,0.0
74.5,-87.5,2026-09-17 22:24:58,4.647045898437511,71.6304235458374,11.167500193342567,1001.250546875,0.0
74.5,-87.0,2026-09-17 22:24:58,4.647045898437511,71.6304235458374,11.167500193342567,1001.250546875,0.0
74.5,-86.5,2026-09-17 22:24:58,4.647045898437511,71.6304235458374,11.167500193342567,1001.250546875,0.0
74.5,-86.0,2026-09-17 22:24:58,4.647045898437511,71.6304235458374,11.167500193342567,1001.250546875,0.0
74.5,-85.5,2026-09-17 22:24:58,4.647045898437511,71.6304235458374,11.167500193342567,1001.250546875,0.0
74.5,-85.0,2026-09-17 22:24:58,4.647045898437511,71.6304235458374,11.167500193342567,1001.250546875,0.0
74.5,-84.5,2026-09-17 22:24:58,4.647045898437511,71.6304235458374,11.167500193342567,1001.250546875,0.0
74.5,-84.0,2026-09-17 22:24:58,4.647045898437511,71.6304235458374,11.167500193342567,1001.250546875,0.0
74.5,-83.5,2026-09-17 22:24:58,4.647045898437511,71.6304235458374,11.167500193342567,1001.250546875,0.0
74.5,-83.0,2026-09-17 22:24:58,4.647045898437511,71.6304235458374,11.167500193342567,1001.250546875,0.0
74.5,-82.5,2026-09-17 22:24:58,4.647045898437511,71.6304235458374,11.167500193342567,1001.250546875,0.0
74.5,-82.0,2026-09-17 22:24:58,4.647045898437511,71.6304235458374,11.167500193342567,1001.250546875,0.0
74.5,-81.5,2026-09-17 22:24:58,4.647045898437511,71.6304235458374,11.167500193342567,1001.250546875,0.0
74.5,-81.0,2026-09-17 22:24:58,4.647045898437511,71.6304235458374,11.167500193342567,1001.250546875,0.0
74.5,-80.5,2026-09-17 22:24:58,4.647045898437511,71.6304235458374,11.167500193342567,1001.250546875,0.0
75.0,-116.5,2026-09-17 22:24:58,4.475610351562523,71.60381555557251,10.095309440195562,1001.2795703125,0.014425
75.0,-116.0,2026-09-17 22:24:58,4.475610351562523,71.60381555557251,10.095309440195562,1001.2795703125,0.014425
75.0,-115.5,2026-09-17 22:24:58,4.475610351562523,71.60381555557251,10.095309440195562,1001.2795703125,0.014425
75.0,-115.0,2026-09-17 22:24:58,4.475610351562523,71.60381555557251,10.095309440195562,1001.2795703125,0.014425
75.0,-114.5,2026-09-17 22:24:58,4.475610351562523,71.60381555557251,10.095309440195562,1001.2795703125,0.014425
75.0,-114.0,2026-09-17 22:24:58,4.475610351562523,71.60381555557251,10.095309440195562,1001.2795703125,0.014425
75.0,-113.5,2026-09-17 22:24:58,4.475610351562523,71.60381555557251,10.095309440195562,1001.2795703125,0.014425
75.0,-113.0,2026-09-17 22:24:58,4.475610351562523,71.60381555557251,10.095309440195562,1001.2795703125,0.014425
75.0,-112.5,2026-09-17 22:24:58,4.475610351562523,71.60381555557251,10.095309440195562,1001.2795703125,0.014425
75.0,-112.0,2026-09-17 22:24:58,4.475610351562523,71.60381555557251,10.095309440195562,1001.2795703125,0.014425
75.0,-111.5,2026-09-17 22:24:58,4.475610351562523,71.60381555557251,10.095309440195562,1001.2795703125,0.014425
75.0,-111.0,2026-09-17 22:24:58,4.475610351562523,71.60381555557251,10.095309440195562,1001.2795703125,0.014425
75.0,-110.5,2026-09-17 22:24:58,4.475610351562523,71.60381555557251,10.095309440195562,1001.2795703125,0.014425
75.0,-110.0,2026-09-17 22:24:58,4.475610351562523,71.60381555557251,10.095309440195562,1001.2795703125,0.014425
75.0,-109.5,2026-09-17 22:24:58,4.475610351562523,71.60381555557251,10.095309440195562,1001.2795703125,0.014425
75.0,-109.0,2026-09-17 22:24:58,4.475610351562523,71.60381555557251,10.095309440195562,1001.2795703125,0.014425
75.0,-108.5,2026-09-17 22:24:58,4.475610351562523,71.60381555557251,10.095309440195562,1001.2795703125,0.014425
75.0,-108.0,2026-09-17 22:24:58,4.475610351562523,71.60381555557251,10.095309440195562,1001.2795703125,0.014425
75.0,-107.5,2026-09-17 22:24:58,4.475610351562523,71.60381555557251,10.095309440195562,1001.2795703125,0.014425
75.0,-107.0,2026-09-17 22:24:58,4.475610351562523,71.60381555557251,10.095309440195562,1001.2795703125,0.014425
75.0,-106.5,2026-09-17 22:24:58,4.475610351562523,71.60381555557251,10.095309440195562,1001.2795703125,0.014425
75.0,-106.0,2026-09-17 22:24:58,4.475610351562523,71.60381555557251,10.095309440195562,1001.2795703125,0.014425
75.0,-104.5,2026-09-17 22:24:58,4.475610351562523,71.60381555557251,10.095309440195562,1001.2795703125,0.014425
75.0,-104.0,2026-09-17 22:24:58,4.475610351562523,71.60381555557251,10.095309440195562,1001.2795703125,0.014425
75.0,-100.5,2026-09-17 22:24:58,4.5470458984375455,69.6304235458374,9.727500193342568,1000.930546875,0.014425
75.0,-100.0,2026-09-17 22:24:58,4.5470458984375455,69.6304235458374,9.727500193342568,1000.930546875,0.014425
75.0,-99.5,2026-09-17 22:24:58,4.5470458984375455,69.6304235458374,9.727500193342568,1000.930546875,0.014425
75.0,-99.0,2026-09-17 22:24:58,4.5470458984375455,69.6304235458374,9.727500193342568,1000.930546875,0.014425
75.0,-98.5,2026-09-17 22:24:58,4.5470458984375455,69.6304235458374,9.727500193342568,1000.930546875,0.014425
75.0,-98.0,2026-09-17 22:24:58,4.5470458984375455,69.6304235458374,9.727500193342568,1000.930546875,0.014425
75.0,-96.5,2026-09-17 22:24:58,4.5470458984375455,69.6304235458374,9.727500193342568,1000.930546875,0.014425
75.0,-96.0,2026-09-17 22:24:58,4.5470458984375455,69.6304235458374,9.727500193342568,1000.930546875,0.014425
75.0,-95.5,2026-09-17 22:24:58,4.5470458984375455,69.6304235458374,9.727500193342568,1000.930546875,0.014425
75.0,-95.0,2026-09-17 22:24:58,4.5470458984375455,69.6304235458374,9.727500193342568,1000.930546875,0.014425
75.0,-94.5,2026-09-17 22:24:58,4.5470458984375455,69.6304235458374,9.727500193342568,1000.930546875,0.014425
75.0,-94.0,2026-09-17 22:24:58,4.5470458984375455,69.6304235458374,9.727500193342568,1000.930546875,0.014425
75.0,-93.5,2026-09-17 22:24:58,4.5470458984375455,69.6304235458374,9.727500193342568,1000.930546875,0.014425
75.0,-92.5,2026-09-17 22:24:58,4.5470458984375455,69.6304235458374,9.727500193342568,1000.930546875,0.014425
75.0,-92.0,2026-09-17 22:24:58,4.5470458984375455,69.6304235458374,9.727500193342568,1000.930546875,0.014425
75.0,-91.5,2026-09-17 22:24:58,4.5470458984375455,69.6304235458374,9.727500193342568,1000.930546875,0.014425
75.0,-91.0,2026-09-17 22:24:58,4.5470458984375455,69.6304235458374,9.727500193342568,1000.930546875,0.014425
75.0,-90.5,2026-09-17 22:24:58,4.5470458984375455,69.6304235458374,9.727500193342568,1000.930546875,0.014425
75.0,-90.0,2026-09-17 22:24:58,4.5470458984375455,69.6304235458374,9.727500193342568,1000.930546875,0.014425
75.0,-89.5,2026-09-17 22:24:58,4.5470458984375455,69.6304235458374,9.727500193342568,1000.930546875,0.014425
75.0,-89.0,2026-09-17 22:24:58,4.5470458984375455,69.6304235458374,9.727500193342568,1000.930546875,0.014425
75.0,-88.5,2026-09-17 22:24:58,4.5470458984375455,69.6304235458374,9.727500193342568,1000.930546875,0.014425
75.0,-88.0,2026-09-17 22:24:58,4.5470458984375455,69.6304235458374,9.727500193342568,1000.930546875,0.014425
75.0,-87.5,2026-09-17 22:24:58,4.5470458984375455,69.6304235458374,9.727500193342568,1000.930546875,0.014425
75.0,-87.0,2026-09-17 22:24:58,4.5470458984375455,69.6304235458374,9.727500193342568,1000.930546875,0.014425
75.0,-86.5,2026-09-17 22:24:58,4.5470458984375455,69.6304235458374,9.727500193342568,1000.930546875,0.014425
75.0,-86.0,2026-09-17 22:24:58,4.5470458984375455,69.6304235458374,9.727500193342568,1000.930546875,0.014425
75.0,-85.5,2026-09-17 22:24:58,4.5470458984375455,69.6304235458374,9.727500193342568,1000.930546875,0.014425
75.0,-85.0,2026-09-17 22:24:58,4.5470458984375455,69.6304235458374,9.727500193342568,1000.930546875,0.014425
75.0,-84.5,2026-09-17 22:24:58,4.5470458984375455,69.6304235458374,9.727500193342568,1000.930546875,0.014425
75.0,-84.0,2026-09-17 22:24:58,4.5470458984375455,69.6304235458374,9.727500193342568,1000.930546875,0.014425
75.0,-83.5,2026-09-17 22:24:58,4.5470458984375455,69.6304235458374,9.727500193342568,1000.930546875,0.014425
75.0,-83.0,2026-09-17 22:24:58,4.5470458984375455,69.6304235458374,9.727500193342568,1000.930546875,0.014425
75.0,-82.5,2026-09-17 22:24:58,4.5470458984375455,69.6304235458374,9.727500193342568,1000.930546875,0.014425
75.0,-82.0,2026-09-17 22:24:58,4.5470458984375455,69.6304235458374,9.727500193342568,1000.930546875,0.014425
75.0,-81.5,2026-09-17 22:24:58,4.5470458984375455,69.6304235458374,9.727500193342568,1000.930546875,0.014425
75.0,-81.0,2026-09-17 22:24:58,4.5470458984375455,69.6304235458374,9.727500193342568,1000.930546875,0.014425
75.0,-80.5,2026-09-17 22:24:58,4.5470458984375455,69.6304235458374,9.727500193342568,1000.930546875,0.014425
75.0,-80.0,2026-09-17 22:24:58,4.5470458984375455,69.6304235458374,9.727500193342568,1000.930546875,0.014425
75.0,-79.5,2026-09-17 22:24:58,4.5470458984375455,69.6304235458374,9.727500193342568,1000.930546875,0.014425
75.5,-119.0,2026-09-17 22:24:58,3.6756103515625114,72.10381555557251,2.3553094401955605,1001.0395703125,0.0
75.5,-118.5,2026-09-17 22:24:58,3.6756103515625114,72.10381555557251,2.3553094401955605,1001.0395703125,0.0
75.5,-117.5,2026-09-17 22:24:58,3.6756103515625114,72.10381555557251,2.3553094401955605,1001.0395703125,0.0
75.5,-117.0,2026-09-17 22:24:58,3.6756103515625114,72.10381555557251,2.3553094401955605,1001.0395703125,0.0
75.5,-116.5,2026-09-17 22:24:58,3.6756103515625114,72.10381555557251,2.3553094401955605,1001.0395703125,0.0
75.5,-116.0,2026-09-17 22:24:58,3.6756103515625114,72.10381555557251,2.3553094401955605,1001.0395703125,0.0
75.5,-115.5,2026-09-17 22:24:58,3.6756103515625114,72.10381555557251,2.3553094401955605,1001.0395703125,0.0
75.5,-115.0,2026-09-17 22:24:58,3.6756103515625114,72.10381555557251,2.3553094401955605,1001.0395703125,0.0
75.5,-114.5,2026-09-17 22:24:58,3.6756103515625114,72.10381555557251,2.3553094401955605,1001.0395703125,0.0
75.5,-114.0,2026-09-17 22:24:58,3.6756103515625114,72.10381555557251,2.3553094401955605,1001.0395703125,0.0
75.5,-113.5,2026-09-17 22:24:58,3.6756103515625114,72.10381555557251,2.3553094401955605,1001.0395703125,0.0
75.5,-113.0,2026-09-17 22:24:58,3.6756103515625114,72.10381555557251,2.3553094401955605,1001.0395703125,0.0
75.5,-112.5,2026-09-17 22:24:58,3.6756103515625114,72.10381555557251,2.3553094401955605,1001.0395703125,0.0
75.5,-112.0,2026-09-17 22:24:58,3.6756103515625114,72.10381555557251,2.3553094401955605,1001.0395703125,0.0
75.5,-111.5,2026-09-17 22:24:58,3.6756103515625114,72.10381555557251,2.3553094401955605,1001.0395703125,0.0
75.5,-111.0,2026-09-17 22:24:58,3.6756103515625114,72.10381555557251,2.3553094401955605,1001.0395703125,0.0
75.5,-110.5,2026-09-17 22:24:58,3.6756103515625114,72.10381555557251,2.3553094401955605,1001.0395703125,0.0
75.5,-110.0,2026-09-17 22:24:58,3.6756103515625114,72.10381555557251,2.3553094401955605,1001.0395703125,0.0
75.5,-109.5,2026-09-17 22:24:58,3.6756103515625114,72.10381555557251,2.3553094401955605,1001.0395703125,0.0
75.5,-109.0,2026-09-17 22:24:58,3.6756103515625114,72.10381555557251,2.3553094401955605,1001.0395703125,0.0
75.5,-108.5,2026-09-17 22:24:58,3.6756103515625114,72.10381555557251,2.3553094401955605,1001.0395703125,0.0
75.5,-108.0,2026-09-17 22:24:58,3.6756103515625114,72.10381555557251,2.3553094401955605,1001.0395703125,0.0
75.5,-107.5,2026-09-17 22:24:58,3.6756103515625114,72.10381555557251,2.3553094401955605,1001.0395703125,0.0
75.5,-107.0,2026-09-17 22:24:58,3.6756103515625114,72.10381555557251,2.3553094401955605,1001.0395703125,0.0
75.5,-106.5,2026-09-17 22:24:58,3.6756103515625114,72.10381555557251,2.3553094401955605,1001.0395703125,0.0
75.5,-106.0,2026-09-17 22:24:58,3.6756103515625114,72.10381555557251,2.3553094401955605,1001.0395703125,0.0
75.5,-105.5,2026-09-17 22:24:58,3.6756103515625114,72.10381555557251,2.3553094401955605,1001.0395703125,0.0
75.5,-104.5,2026-09-17 22:24:58,3.6756103515625114,72.10381555557251,2.3553094401955605,1001.0395703125,0.0
75.5,-104.0,2026-09-17 22:24:58,3.6756103515625114,72.10381555557251,2.3553094401955605,1001.0395703125,0.0
75.5,-103.0,2026-09-17 22:24:58,3.6756103515625114,72.10381555557251,2.3553094401955605,1001.0395703125,0.0
75.5,-102.5,2026-09-17 22:24:58,3.6756103515625114,72.10381555557251,2.3553094401955605,1001.0395703125,0.0
75.5,-102.0,2026-09-17 22:24:58,3.6756103515625114,72.10381555557251,2.3553094401955605,1001.0395703125,0.0
75.5,-101.5,2026-09-17 22:24:58,3.3970458984375114,72.1304235458374,2.707500193342567,1000.850546875,0.0
75.5,-100.5,2026-09-17 22:24:58,3.3970458984375114,72.1304235458374,2.707500193342567,1000.850546875,0.0
75.5,-100.0,2026-09-17 22:24:58,3.3970458984375114,72.1304235458374,2.707500193342567,1000.850546875,0.0
75.5,-99.5,2026-09-17 22:24:58,3.3970458984375114,72.1304235458374,2.707500193342567,1000.850546875,0.0
75.5,-99.0,2026-09-17 22:24:58,3.3970458984375114,72.1304235458374,2.707500193342567,1000.850546875,0.0
75.5,-98.5,2026-09-17 22:24:58,3.3970458984375114,72.1304235458374,2.707500193342567,1000.850546875,0.0
75.5,-98.0,2026-09-17 22:24:58,3.3970458984375114,72.1304235458374,2.707500193342567,1000.850546875,0.0
75.5,-97.5,2026-09-17 22:24:58,3.3970458984375114,72.1304235458374,2.707500193342567,1000.850546875,0.0
75.5,-97.0,2026-09-17 22:24:58,3.3970458984375114,72.1304235458374,2.707500193342567,1000.850546875,0.0
75.5,-96.5,2026-09-17 22:24:58,3.3970458984375114,72.1304235458374,2.707500193342567,1000.850546875,0.0
75.5,-96.0,2026-09-17 22:24:58,3.3970458984375114,72.1304235458374,2.707500193342567,1000.850546875,0.0
75.5,-95.5,2026-09-17 22:24:58,3.3970458984375114,72.1304235458374,2.707500193342567,1000.850546875,0.0
75.5,-95.0,2026-09-17 22:24:58,3.3970458984375114,72.1304235458374,2.707500193342567,1000.850546875,0.0
75.5,-94.5,2026-09-17 22:24:58,3.3970458984375114,72.1304235458374,2.707500193342567,1000.850546875,0.0
75.5,-94.0,2026-09-17 22:24:58,3.3970458984375114,72.1304235458374,2.707500193342567,1000.850546875,0.0
75.5,-92.5,2026-09-17 22:24:58,3.3970458984375114,72.1304235458374,2.707500193342567,1000.850546875,0.0
75.5,-92.0,2026-09-17 22:24:58,3.3970458984375114,72.1304235458374,2.707500193342567,1000.850546875,0.0
75.5,-91.5,2026-09-17 22:24:58,3.3970458984375114,72.1304235458374,2.707500193342567,1000.850546875,0.0
75.5,-91.0,2026-09-17 22:24:58,3.3970458984375114,72.1304235458374,2.707500193342567,1000.850546875,0.0
75.5,-90.5,2026-09-17 22:24:58,3.3970458984375114,72.1304235458374,2.707500193342567,1000.850546875,0.0
75.5,-90.0,2026-09-17 22:24:58,3.3970458984375114,72.1304235458374,2.707500193342567,1000.850546875,0.0
75.5,-89.5,2026-09-17 22:24:58,3.3970458984375114,72.1304235458374,2.707500193342567,1000.850546875,0.0
75.5,-89.0,2026-09-17 22:24:58,3.3970458984375114,72.1304235458374,2.707500193342567,1000.850546875,0.0
75.5,-88.5,2026-09-17 22:24:58,3.3970458984375114,72.1304235458374,2.707500193342567,1000.850546875,0.0
75.5,-88.0,2026-09-17 22:24:58,3.3970458984375114,72.1304235458374,2.707500193342567,1000.850546875,0.0
75.5,-87.5,2026-09-17 22:24:58,3.3970458984375114,72.1304235458374,2.707500193342567,1000.850546875,0.0
75.5,-87.0,2026-09-17 22:24:58,3.3970458984375114,72.1304235458374,2.707500193342567,1000.850546875,0.0
75.5,-86.5,2026-09-17 22:24:58,3.3970458984375114,72.1304235458374,2.707500193342567,1000.850546875,0.0
75.5,-86.0,2026-09-17 22:24:58,3.3970458984375114,72.1304235458374,2.707500193342567,1000.850546875,0.0
75.5,-85.5,2026-09-17 22:24:58,3.3970458984375114,72.1304235458374,2.707500193342567,1000.850546875,0.0
75.5,-85.0,2026-09-17 22:24:58,3.3970458984375114,72.1304235458374,2.707500193342567,1000.850546875,0.0
75.5,-84.5,2026-09-17 22:24:58,3.3970458984375114,72.1304235458374,2.707500193342567,1000.850546875,0.0
75.5,-84.0,2026-09-17 22:24:58,3.3970458984375114,72.1304235458374,2.707500193342567,1000.850546875,0.0
75.5,-83.5,2026-09-17 22:24:58,3.3970458984375114,72.1304235458374,2.707500193342567,1000.850546875,0.0
75.5,-83.0,2026-09-17 22:24:58,3.3970458984375114,72.1304235458374,2.707500193342567,1000.850546875,0.0
75.5,-82.5,2026-09-17 22:24:58,3.3970458984375114,72.1304235458374,2.707500193342567,1000.850546875,0.0
75.5,-82.0,2026-09-17 22:24:58,3.3970458984375114,72.1304235458374,2.707500193342567,1000.850546875,0.0
75.5,-81.5,2026-09-17 22:24:58,3.3970458984375114,72.1304235458374,2.707500193342567,1000.850546875,0.0
75.5,-81.0,2026-09-17 22:24:58,3.3970458984375114,72.1304235458374,2.707500193342567,1000.850546875,0.0
75.5,-80.5,2026-09-17 22:24:58,3.3970458984375114,72.1304235458374,2.707500193342567,1000.850546875,0.0
75.5,-80.0,2026-09-17 22:24:58,3.3970458984375114,72.1304235458374,2.707500193342567,1000.850546875,0.0
75.5,-79.5,2026-09-17 22:24:58,3.3970458984375114,72.1304235458374,2.707500193342567,1000.850546875,0.0
76.0,-123.0,2026-09-17 22:24:58,2.3256103515625455,79.10381555557251,1.0953094401955605,1001.1195703125,0.161075
76.0,-122.5,2026-09-17 22:24:58,2.3256103515625455,79.10381555557251,1.0953094401955605,1001.1195703125,0.161075
76.0,-122.0,2026-09-17 22:24:58,2.3256103515625455,79.10381555557251,1.0953094401955605,1001.1195703125,0.161075
76.0,-121.5,2026-09-17 22:24:58,2.3256103515625455,79.10381555557251,1.0953094401955605,1001.1195703125,0.161075
76.0,-121.0,2026-09-17 22:24:58,2.3256103515625455,79.10381555557251,1.0953094401955605,1001.1195703125,0.161075
76.0,-120.5,2026-09-17 22:24:58,2.3256103515625455,79.10381555557251,1.0953094401955605,1001.1195703125,0.161075
76.0,-120.0,2026-09-17 22:24:58,2.3256103515625455,79.10381555557251,1.0953094401955605,1001.1195703125,0.161075
76.0,-119.5,2026-09-17 22:24:58,2.3256103515625455,79.10381555557251,1.0953094401955605,1001.1195703125,0.161075
76.0,-118.5,2026-09-17 22:24:58,2.3256103515625455,79.10381555557251,1.0953094401955605,1001.1195703125,0.161075
76.0,-118.0,2026-09-17 22:24:58,2.3256103515625455,79.10381555557251,1.0953094401955605,1001.1195703125,0.161075
76.0,-117.5,2026-09-17 22:24:58,2.3256103515625455,79.10381555557251,1.0953094401955605,1001.1195703125,0.161075
76.0,-117.0,2026-09-17 22:24:58,2.3256103515625455,79.10381555557251,1.0953094401955605,1001.1195703125,0.161075
76.0,-116.5,2026-09-17 22:24:58,2.3256103515625455,79.10381555557251,1.0953094401955605,1001.1195703125,0.161075
76.0,-116.0,2026-09-17 22:24:58,2.3256103515625455,79.10381555557251,1.0953094401955605,1001.1195703125,0.161075
76.0,-115.5,2026-09-17 22:24:58,2.3256103515625455,79.10381555557251,1.0953094401955605,1001.1195703125,0.161075
76.0,-115.0,2026-09-17 22:24:58,2.3256103515625455,79.10381555557251,1.0953094401955605,1001.1195703125,0.161075
76.0,-114.5,2026-09-17 22:24:58,2.3256103515625455,79.10381555557251,1.0953094401955605,1001.1195703125,0.161075
76.0,-114.0,2026-09-17 22:24:58,2.3256103515625455,79.10381555557251,1.0953094401955605,1001.1195703125,0.161075
76.0,-113.5,2026-09-17 22:24:58,2.3256103515625455,79.10381555557251,1.0953094401955605,1001.1195703125,0.161075
76.0,-113.0,2026-09-17 22:24:58,2.3256103515625455,79.10381555557251,1.0953094401955605,1001.1195703125,0.161075
76.0,-112.5,2026-09-17 22:24:58,2.3256103515625455,79.10381555557251,1.0953094401955605,1001.1195703125,0.161075
76.0,-112.0,2026-09-17 22:24:58,2.3256103515625455,79.10381555557251,1.0953094401955605,1001.1195703125,0.161075
76.0,-111.5,2026-09-17 22:24:58,2.3256103515625455,79.10381555557251,1.0953094401955605,1001.1195703125,0.161075
76.0,-110.0,2026-09-17 22:24:58,2.3256103515625455,79.10381555557251,1.0953094401955605,1001.1195703125,0.161075
76.0,-109.5,2026-09-17 22:24:58,2.3256103515625455,79.10381555557251,1.0953094401955605,1001.1195703125,0.161075
76.0,-109.0,2026-09-17 22:24:58,2.3256103515625455,79.10381555557251,1.0953094401955605,1001.1195703125,0.161075
76.0,-108.5,2026-09-17 22:24:58,2.3256103515625455,79.10381555557251,1.0953094401955605,1001.1195703125,0.161075
76.0,-108.0,2026-09-17 22:24:58,2.3256103515625455,79.10381555557251,1.0953094401955605,1001.1195703125,0.161075
76.0,-107.5,2026-09-17 22:24:58,2.3256103515625455,79.10381555557251,1.0953094401955605,1001.1195703125,0.161075
76.0,-107.0,2026-09-17 22:24:58,2.3256103515625455,79.10381555557251,1.0953094401955605,1001.1195703125,0.161075
76.0,-106.5,2026-09-17 22:24:58,2.3256103515625455,79.10381555557251,1.0953094401955605,1001.1195703125,0.161075
76.0,-106.0,2026-09-17 22:24:58,2.3256103515625455,79.10381555557251,1.0953094401955605,1001.1195703125,0.161075
76.0,-105.5,2026-09-17 22:24:58,2.3256103515625455,79.10381555557251,1.0953094401955605,1001.1195703125,0.161075
76.0,-104.5,2026-09-17 22:24:58,2.3256103515625455,79.10381555557251,1.0953094401955605,1001.1195703125,0.161075
76.0,-104.0,2026-09-17 22:24:58,2.3256103515625455,79.10381555557251,1.0953094401955605,1001.1195703125,0.161075
76.0,-103.5,2026-09-17 22:24:58,2.3256103515625455,79.10381555557251,1.0953094401955605,1001.1195703125,0.161075
76.0,-103.0,2026-09-17 22:24:58,2.3256103515625455,79.10381555557251,1.0953094401955605,1001.1195703125,0.161075
76.0,-102.5,2026-09-17 22:24:58,2.3256103515625455,79.10381555557251,1.0953094401955605,1001.1195703125,0.161075
76.0,-102.0,2026-09-17 22:24:58,2.3256103515625455,79.10381555557251,1.0953094401955605,1001.1195703125,0.161075
76.0,-101.5,2026-09-17 22:24:58,2.1470458984375114,81.3804235458374,3.9675001933425667,1000.930546875,0.161075
76.0,-101.0,2026-09-17 22:24:58,2.1470458984375114,81.3804235458374,3.9675001933425667,1000.930546875,0.161075
76.0,-100.5,2026-09-17 22:24:58,2.1470458984375114,81.3804235458374,3.9675001933425667,1000.930546875,0.161075
76.0,-100.0,2026-09-17 22:24:58,2.1470458984375114,81.3804235458374,3.9675001933425667,1000.930546875,0.161075
76.0,-99.5,2026-09-17 22:24:58,2.1470458984375114,81.3804235458374,3.9675001933425667,1000.930546875,0.161075
76.0,-99.0,2026-09-17 22:24:58,2.1470458984375114,81.3804235458374,3.9675001933425667,1000.930546875,0.161075
76.0,-98.5,2026-09-17 22:24:58,2.1470458984375114,81.3804235458374,3.9675001933425667,1000.930546875,0.161075
76.0,-98.0,2026-09-17 22:24:58,2.1470458984375114,81.3804235458374,3.9675001933425667,1000.930546875,0.161075
76.0,-97.5,2026-09-17 22:24:58,2.1470458984375114,81.3804235458374,3.9675001933425667,1000.930546875,0.161075
76.0,-95.0,2026-09-17 22:24:58,2.1470458984375114,81.3804235458374,3.9675001933425667,1000.930546875,0.161075
76.0,-94.5,2026-09-17 22:24:58,2.1470458984375114,81.3804235458374,3.9675001933425667,1000.930546875,0.161075
76.0,-92.5,2026-09-17 22:24:58,2.1470458984375114,81.3804235458374,3.9675001933425667,1000.930546875,0.161075
76.0,-92.0,2026-09-17 22:24:58,2.1470458984375114,81.3804235458374,3.9675001933425667,1000.930546875,0.161075
76.0,-91.5,2026-09-17 22:24:58,2.1470458984375114,81.3804235458374,3.9675001933425667,1000.930546875,0.161075
76.0,-91.0,2026-09-17 22:24:58,2.1470458984375114,81.3804235458374,3.9675001933425667,1000.930546875,0.161075
76.0,-90.5,2026-09-17 22:24:58,2.1470458984375114,81.3804235458374,3.9675001933425667,1000.930546875,0.161075
76.0,-90.0,2026-09-17 22:24:58,2.1470458984375114,81.3804235458374,3.9675001933425667,1000.930546875,0.161075
76.0,-89.5,2026-09-17 22:24:58,2.1470458984375114,81.3804235458374,3.9675001933425667,1000.930546875,0.161075
76.0,-79.5,2026-09-17 22:24:58,2.1470458984375114,81.3804235458374,3.9675001933425667,1000.930546875,0.161075
76.0,-79.0,2026-09-17 22:24:58,2.1470458984375114,81.3804235458374,3.9675001933425667,1000.930546875,0.161075
76.5,-122.0,2026-09-17 22:24:58,2.525610351562534,86.85381555557251,5.415309440195561,1001.0395703125,0.051225
76.5,-121.5,2026-09-17 22:24:58,2.525610351562534,86.85381555557251,5.415309440195561,1001.0395703125,0.051225
76.5,-121.0,2026-09-17 22:24:58,2.525610351562534,86.85381555557251,5.415309440195561,1001.0395703125,0.051225
76.5,-120.5,2026-09-17 22:24:58,2.525610351562534,86.85381555557251,5.415309440195561,1001.0395703125,0.051225
76.5,-120.0,2026-09-17 22:24:58,2.525610351562534,86.85381555557251,5.415309440195561,1001.0395703125,0.051225
76.5,-119.5,2026-09-17 22:24:58,2.525610351562534,86.85381555557251,5.415309440195561,1001.0395703125,0.051225
76.5,-119.0,2026-09-17 22:24:58,2.525610351562534,86.85381555557251,5.415309440195561,1001.0395703125,0.051225
76.5,-118.5,2026-09-17 22:24:58,2.525610351562534,86.85381555557251,5.415309440195561,1001.0395703125,0.051225
76.5,-118.0,2026-09-17 22:24:58,2.525610351562534,86.85381555557251,5.415309440195561,1001.0395703125,0.051225
76.5,-117.5,2026-09-17 22:24:58,2.525610351562534,86.85381555557251,5.415309440195561,1001.0395703125,0.051225
76.5,-117.0,2026-09-17 22:24:58,2.525610351562534,86.85381555557251,5.415309440195561,1001.0395703125,0.051225
76.5,-116.5,2026-09-17 22:24:58,2.525610351562534,86.85381555557251,5.415309440195561,1001.0395703125,0.051225
76.5,-115.5,2026-09-17 22:24:58,2.525610351562534,86.85381555557251,5.415309440195561,1001.0395703125,0.051225
76.5,-115.0,2026-09-17 22:24:58,2.525610351562534,86.85381555557251,5.415309440195561,1001.0395703125,0.051225
76.5,-114.5,2026-09-17 22:24:58,2.525610351562534,86.85381555557251,5.415309440195561,1001.0395703125,0.051225
76.5,-114.0,2026-09-17 22:24:58,2.525610351562534,86.85381555557251,5.415309440195561,1001.0395703125,0.051225
76.5,-110.5,2026-09-17 22:24:58,2.525610351562534,86.85381555557251,5.415309440195561,1001.0395703125,0.051225
76.5,-110.0,2026-09-17 22:24:58,2.525610351562534,86.85381555557251,5.415309440195561,1001.0395703125,0.051225
76.5,-109.5,2026-09-17 22:24:58,2.525610351562534,86.85381555557251,5.415309440195561,1001.0395703125,0.051225
76.5,-109.0,2026-09-17 22:24:58,2.525610351562534,86.85381555557251,5.415309440195561,1001.0395703125,0.051225
76.5,-108.5,2026-09-17 22:24:58,2.525610351562534,86.85381555557251,5.415309440195561,1001.0395703125,0.051225
76.5,-104.5,2026-09-17 22:24:58,2.525610351562534,86.85381555557251,5.415309440195561,1001.0395703125,0.051225
76.5,-104.0,2026-09-17 22:24:58,2.525610351562534,86.85381555557251,5.415309440195561,1001.0395703125,0.051225
76.5,-103.5,2026-09-17 22:24:58,2.525610351562534,86.85381555557251,5.415309440195561,1001.0395703125,0.051225
76.5,-103.0,2026-09-17 22:24:58,2.525610351562534,86.85381555557251,5.415309440195561,1001.0395703125,0.051225
76.5,-102.0,2026-09-17 22:24:58,2.525610351562534,86.85381555557251,5.415309440195561,1001.0395703125,0.051225
76.5,-101.5,2026-09-17 22:24:58,2.347045898437557,88.1304235458374,9.727500193342568,1000.690546875,0.051225
76.5,-101.0,2026-09-17 22:24:58,2.347045898437557,88.1304235458374,9.727500193342568,1000.690546875,0.051225
76.5,-100.5,2026-09-17 22:24:58,2.347045898437557,88.1304235458374,9.727500193342568,1000.690546875,0.051225
76.5,-100.0,2026-09-17 22:24:58,2.347045898437557,88.1304235458374,9.727500193342568,1000.690546875,0.051225
76.5,-99.5,2026-09-17 22:24:58,2.347045898437557,88.1304235458374,9.727500193342568,1000.690546875,0.051225
76.5,-99.0,2026-09-17 22:24:58,2.347045898437557,88.1304235458374,9.727500193342568,1000.690546875,0.051225
76.5,-98.5,2026-09-17 22:24:58,2.347045898437557,88.1304235458374,9.727500193342568,1000.690546875,0.051225
76.5,-98.0,2026-09-17 22:24:58,2.347045898437557,88.1304235458374,9.727500193342568,1000.690546875,0.051225
76.5,-97.5,2026-09-17 22:24:58,2.347045898437557,88.1304235458374,9.727500193342568,1000.690546875,0.051225
76.5,-96.0,2026-09-17 22:24:58,2.347045898437557,88.1304235458374,9.727500193342568,1000.690546875,0.051225
76.5,-95.5,2026-09-17 22:24:58,2.347045898437557,88.1304235458374,9.727500193342568,1000.690546875,0.051225
76.5,-95.0,2026-09-17 22:24:58,2.347045898437557,88.1304235458374,9.727500193342568,1000.690546875,0.051225
76.5,-94.5,2026-09-17 22:24:58,2.347045898437557,88.1304235458374,9.727500193342568,1000.690546875,0.051225
76.5,-94.0,2026-09-17 22:24:58,2.347045898437557,88.1304235458374,9.727500193342568,1000.690546875,0.051225
76.5,-93.5,2026-09-17 22:24:58,2.347045898437557,88.1304235458374,9.727500193342568,1000.690546875,0.051225
76.5,-93.0,2026-09-17 22:24:58,2.347045898437557,88.1304235458374,9.727500193342568,1000.690546875,0.051225
76.5,-92.5,2026-09-17 22:24:58,2.347045898437557,88.1304235458374,9.727500193342568,1000.690546875,0.051225
76.5,-92.0,2026-09-17 22:24:58,2.347045898437557,88.1304235458374,9.727500193342568,1000.690546875,0.051225
76.5,-91.5,2026-09-17 22:24:58,2.347045898437557,88.1304235458374,9.727500193342568,1000.690546875,0.051225
76.5,-91.0,2026-09-17 22:24:58,2.347045898437557,88.1304235458374,9.727500193342568,1000.690546875,0.051225
76.5,-90.5,2026-09-17 22:24:58,2.347045898437557,88.1304235458374,9.727500193342568,1000.690546875,0.051225
76.5,-90.0,2026-09-17 22:24:58,2.347045898437557,88.1304235458374,9.727500193342568,1000.690546875,0.051225
76.5,-89.5,2026-09-17 22:24:58,2.347045898437557,88.1304235458374,9.727500193342568,1000.690546875,0.051225
76.5,-89.0,2026-09-17 22:24:58,2.347045898437557,88.1304235458374,9.727500193342568,1000.690546875,0.051225
76.5,-88.5,2026-09-17 22:24:58,2.347045898437557,88.1304235458374,9.727500193342568,1000.690546875,0.051225
76.5,-88.0,2026-09-17 22:24:58,2.347045898437557,88.1304235458374,9.727500193342568,1000.690546875,0.051225
76.5,-87.5,2026-09-17 22:24:58,2.347045898437557,88.1304235458374,9.727500193342568,1000.690546875,0.051225
76.5,-87.0,2026-09-17 22:24:58,2.347045898437557,88.1304235458374,9.727500193342568,1000.690546875,0.051225
76.5,-86.5,2026-09-17 22:24:58,2.347045898437557,88.1304235458374,9.727500193342568,1000.690546875,0.051225
76.5,-86.0,2026-09-17 22:24:58,2.347045898437557,88.1304235458374,9.727500193342568,1000.690546875,0.051225
76.5,-85.5,2026-09-17 22:24:58,2.347045898437557,88.1304235458374,9.727500193342568,1000.690546875,0.051225
76.5,-85.0,2026-09-17 22:24:58,2.347045898437557,88.1304235458374,9.727500193342568,1000.690546875,0.051225
76.5,-84.5,2026-09-17 22:24:58,2.347045898437557,88.1304235458374,9.727500193342568,1000.690546875,0.051225
76.5,-84.0,2026-09-17 22:24:58,2.347045898437557,88.1304235458374,9.727500193342568,1000.690546875,0.051225
76.5,-83.5,2026-09-17 22:24:58,2.347045898437557,88.1304235458374,9.727500193342568,1000.690546875,0.051225
76.5,-83.0,2026-09-17 22:24:58,2.347045898437557,88.1304235458374,9.727500193342568,1000.690546875,0.051225
76.5,-82.5,2026-09-17 22:24:58,2.347045898437557,88.1304235458374,9.727500193342568,1000.690546875,0.051225
76.5,-82.0,2026-09-17 22:24:58,2.347045898437557,88.1304235458374,9.727500193342568,1000.690546875,0.051225
76.5,-81.5,2026-09-17 22:24:58,2.347045898437557,88.1304235458374,9.727500193342568,1000.690546875,0.051225
76.5,-81.0,2026-09-17 22:24:58,2.347045898437557,88.1304235458374,9.727500193342568,1000.690546875,0.051225
76.5,-80.5,2026-09-17 22:24:58,2.347045898437557,88.1304235458374,9.727500193342568,1000.690546875,0.051225
76.5,-80.0,2026-09-17 22:24:58,2.347045898437557,88.1304235458374,9.727500193342568,1000.690546875,0.051225
76.5,-79.5,2026-09-17 22:24:58,2.347045898437557,88.1304235458374,9.727500193342568,1000.690546875,0.051225
76.5,-79.0,2026-09-17 22:24:58,2.347045898437557,88.1304235458374,9.727500193342568,1000.690546875,0.051225
76.5,-78.5,2026-09-17 22:24:58,2.347045898437557,88.1304235458374,9.727500193342568,1000.690546875,0.051225
76.5,-78.0,2026-09-17 22:24:58,2.347045898437557,88.1304235458374,9.727500193342568,1000.690546875,0.051225
77.0,-120.5,2026-09-17 22:24:58,2.7256103515625227,83.35381555557251,8.475309440195561,1000.8795703125,0.30485
77.0,-120.0,2026-09-17 22:24:58,2.7256103515625227,83.35381555557251,8.475309440195561,1000.8795703125,0.30485
77.0,-119.5,2026-09-17 22:24:58,2.7256103515625227,83.35381555557251,8.475309440195561,1000.8795703125,0.30485
77.0,-119.0,2026-09-17 22:24:58,2.7256103515625227,83.35381555557251,8.475309440195561,1000.8795703125,0.30485
77.0,-118.5,2026-09-17 22:24:58,2.7256103515625227,83.35381555557251,8.475309440195561,1000.8795703125,0.30485
77.0,-118.0,2026-09-17 22:24:58,2.7256103515625227,83.35381555557251,8.475309440195561,1000.8795703125,0.30485
77.0,-117.5,2026-09-17 22:24:58,2.7256103515625227,83.35381555557251,8.475309440195561,1000.8795703125,0.30485
77.0,-117.0,2026-09-17 22:24:58,2.7256103515625227,83.35381555557251,8.475309440195561,1000.8795703125,0.30485
77.0,-116.5,2026-09-17 22:24:58,2.7256103515625227,83.35381555557251,8.475309440195561,1000.8795703125,0.30485
77.0,-116.0,2026-09-17 22:24:58,2.7256103515625227,83.35381555557251,8.475309440195561,1000.8795703125,0.30485
77.0,-115.5,2026-09-17 22:24:58,2.7256103515625227,83.35381555557251,8.475309440195561,1000.8795703125,0.30485
77.0,-97.0,2026-09-17 22:24:58,2.5470458984375455,88.3804235458374,12.247500193342567,1000.690546875,0.30485
77.0,-96.5,2026-09-17 22:24:58,2.5470458984375455,88.3804235458374,12.247500193342567,1000.690546875,0.30485
77.0,-96.0,2026-09-17 22:24:58,2.5470458984375455,88.3804235458374,12.247500193342567,1000.690546875,0.30485
77.0,-95.5,2026-09-17 22:24:58,2.5470458984375455,88.3804235458374,12.247500193342567,1000.690546875,0.30485
77.0,-95.0,2026-09-17 22:24:58,2.5470458984375455,88.3804235458374,12.247500193342567,1000.690546875,0.30485
77.0,-94.5,2026-09-17 22:24:58,2.5470458984375455,88.3804235458374,12.247500193342567,1000.690546875,0.30485
77.0,-94.0,2026-09-17 22:24:58,2.5470458984375455,88.3804235458374,12.247500193342567,1000.690546875,0.30485
77.0,-89.0,2026-09-17 22:24:58,2.5470458984375455,88.3804235458374,12.247500193342567,1000.690546875,0.30485
77.0,-88.5,2026-09-17 22:24:58,2.5470458984375455,88.3804235458374,12.247500193342567,1000.690546875,0.30485
77.0,-88.0,2026-09-17 22:24:58,2.5470458984375455,88.3804235458374,12.247500193342567,1000.690546875,0.30485
77.0,-87.5,2026-09-17 22:24:58,2.5470458984375455,88.3804235458374,12.247500193342567,1000.690546875,0.30485
77.0,-87.0,2026-09-17 22:24:58,2.5470458984375455,88.3804235458374,12.247500193342567,1000.690546875,0.30485
77.0,-86.5,2026-09-17 22:24:58,2.5470458984375455,88.3804235458374,12.247500193342567,1000.690546875,0.30485
77.0,-86.0,2026-09-17 22:24:58,2.5470458984375455,88.3804235458374,12.247500193342567,1000.690546875,0.30485
77.0,-85.5,2026-09-17 22:24:58,2.5470458984375455,88.3804235458374,12.247500193342567,1000.690546875,0.30485
77.0,-85.0,2026-09-17 22:24:58,2.5470458984375455,88.3804235458374,12.247500193342567,1000.690546875,0.30485
77.0,-84.5,2026-09-17 22:24:58,2.5470458984375455,88.3804235458374,12.247500193342567,1000.690546875,0.30485
77.0,-84.0,2026-09-17 22:24:58,2.5470458984375455,88.3804235458374,12.247500193342567,1000.690546875,0.30485
77.0,-83.5,2026-09-17 22:24:58,2.5470458984375455,88.3804235458374,12.247500193342567,1000.690546875,0.30485
77.0,-83.0,2026-09-17 22:24:58,2.5470458984375455,88.3804235458374,12.247500193342567,1000.690546875,0.30485
77.0,-82.5,2026-09-17 22:24:58,2.5470458984375455,88.3804235458374,12.247500193342567,1000.690546875,0.30485
77.0,-82.0,2026-09-17 22:24:58,2.5470458984375455,88.3804235458374,12.247500193342567,1000.690546875,0.30485
77.0,-81.5,2026-09-17 22:24:58,2.5470458984375455,88.3804235458374,12.247500193342567,1000.690546875,0.30485
77.0,-81.0,2026-09-17 22:24:58,2.5470458984375455,88.3804235458374,12.247500193342567,1000.690546875,0.30485
77.0,-80.5,2026-09-17 22:24:58,2.5470458984375455,88.3804235458374,12.247500193342567,1000.690546875,0.30485
77.0,-80.0,2026-09-17 22:24:58,2.5470458984375455,88.3804235458374,12.247500193342567,1000.690546875,0.30485
77.0,-79.5,2026-09-17 22:24:58,2.5470458984375455,88.3804235458374,12.247500193342567,1000.690546875,0.30485
77.0,-79.0,2026-09-17 22:24:58,2.5470458984375455,88.3804235458374,12.247500193342567,1000.690546875,0.30485
77.0,-78.5,2026-09-17 22:24:58,2.5470458984375455,88.3804235458374,12.247500193342567,1000.690546875,0.30485
77.0,-78.0,2026-09-17 22:24:58,2.5470458984375455,88.3804235458374,12.247500193342567,1000.690546875,0.30485
77.5,-117.5,2026-09-17 22:24:58,2.125610351562557,86.85381555557251,11.175309440195562,1000.8795703125,0.3537
77.5,-117.0,2026-09-17 22:24:58,2.125610351562557,86.85381555557251,11.175309440195562,1000.8795703125,0.3537
77.5,-116.5,2026-09-17 22:24:58,2.125610351562557,86.85381555557251,11.175309440195562,1000.8795703125,0.3537
77.5,-116.0,2026-09-17 22:24:58,2.125610351562557,86.85381555557251,11.175309440195562,1000.8795703125,0.3537
77.5,-113.5,2026-09-17 22:24:58,2.125610351562557,86.85381555557251,11.175309440195562,1000.8795703125,0.3537
77.5,-113.0,2026-09-17 22:24:58,2.125610351562557,86.85381555557251,11.175309440195562,1000.8795703125,0.3537
77.5,-112.5,2026-09-17 22:24:58,2.125610351562557,86.85381555557251,11.175309440195562,1000.8795703125,0.3537
77.5,-112.0,2026-09-17 22:24:58,2.125610351562557,86.85381555557251,11.175309440195562,1000.8795703125,0.3537
77.5,-111.5,2026-09-17 22:24:58,2.125610351562557,86.85381555557251,11.175309440195562,1000.8795703125,0.3537
77.5,-111.0,2026-09-17 22:24:58,2.125610351562557,86.85381555557251,11.175309440195562,1000.8795703125,0.3537
77.5,-110.5,2026-09-17 22:24:58,2.125610351562557,86.85381555557251,11.175309440195562,1000.8795703125,0.3537
77.5,-110.0,2026-09-17 22:24:58,2.125610351562557,86.85381555557251,11.175309440195562,1000.8795703125,0.3537
77.5,-106.0,2026-09-17 22:24:58,2.125610351562557,86.85381555557251,11.175309440195562,1000.8795703125,0.3537
77.5,-105.5,2026-09-17 22:24:58,2.125610351562557,86.85381555557251,11.175309440195562,1000.8795703125,0.3537
77.5,-105.0,2026-09-17 22:24:58,2.125610351562557,86.85381555557251,11.175309440195562,1000.8795703125,0.3537
77.5,-96.5,2026-09-17 22:24:58,2.4470458984375227,88.3804235458374,11.527500193342568,1000.610546875,0.3537
77.5,-96.0,2026-09-17 22:24:58,2.4470458984375227,88.3804235458374,11.527500193342568,1000.610546875,0.3537
77.5,-95.5,2026-09-17 22:24:58,2.4470458984375227,88.3804235458374,11.527500193342568,1000.610546875,0.3537
77.5,-95.0,2026-09-17 22:24:58,2.4470458984375227,88.3804235458374,11.527500193342568,1000.610546875,0.3537
77.5,-94.5,2026-09-17 22:24:58,2.4470458984375227,88.3804235458374,11.527500193342568,1000.610546875,0.3537
77.5,-94.0,2026-09-17 22:24:58,2.4470458984375227,88.3804235458374,11.527500193342568,1000.610546875,0.3537
77.5,-93.5,2026-09-17 22:24:58,2.4470458984375227,88.3804235458374,11.527500193342568,1000.610546875,0.3537
77.5,-91.5,2026-09-17 22:24:58,2.4470458984375227,88.3804235458374,11.527500193342568,1000.610546875,0.3537
77.5,-91.0,2026-09-17 22:24:58,2.4470458984375227,88.3804235458374,11.527500193342568,1000.610546875,0.3537
77.5,-90.5,2026-09-17 22:24:58,2.4470458984375227,88.3804235458374,11.527500193342568,1000.610546875,0.3537
77.5,-90.0,2026-09-17 22:24:58,2.4470458984375227,88.3804235458374,11.527500193342568,1000.610546875,0.3537
77.5,-89.5,2026-09-17 22:24:58,2.4470458984375227,88.3804235458374,11.527500193342568,1000.610546875,0.3537
77.5,-88.0,2026-09-17 22:24:58,2.4470458984375227,88.3804235458374,11.527500193342568,1000.610546875,0.3537
77.5,-87.5,2026-09-17 22:24:58,2.4470458984375227,88.3804235458374,11.527500193342568,1000.610546875,0.3537
77.5,-87.0,2026-09-17 22:24:58,2.4470458984375227,88.3804235458374,11.527500193342568,1000.610546875,0.3537
77.5,-86.5,2026-09-17 22:24:58,2.4470458984375227,88.3804235458374,11.527500193342568,1000.610546875,0.3537
77.5,-86.0,2026-09-17 22:24:58,2.4470458984375227,88.3804235458374,11.527500193342568,1000.610546875,0.3537
77.5,-85.5,2026-09-17 22:24:58,2.4470458984375227,88.3804235458374,11.527500193342568,1000.610546875,0.3537
77.5,-85.0,2026-09-17 22:24:58,2.4470458984375227,88.3804235458374,11.527500193342568,1000.610546875,0.3537
77.5,-84.5,2026-09-17 22:24:58,2.4470458984375227,88.3804235458374,11.527500193342568,1000.610546875,0.3537
77.5,-84.0,2026-09-17 22:24:58,2.4470458984375227,88.3804235458374,11.527500193342568,1000.610546875,0.3537
77.5,-83.5,2026-09-17 22:24:58,2.4470458984375227,88.3804235458374,11.527500193342568,1000.610546875,0.3537
77.5,-83.0,2026-09-17 22:24:58,2.4470458984375227,88.3804235458374,11.527500193342568,1000.610546875,0.3537
77.5,-82.5,2026-09-17 22:24:58,2.4470458984375227,88.3804235458374,11.527500193342568,1000.610546875,0.3537
77.5,-82.0,2026-09-17 22:24:58,2.4470458984375227,88.3804235458374,11.527500193342568,1000.610546875,0.3537
77.5,-81.5,2026-09-17 22:24:58,2.4470458984375227,88.3804235458374,11.527500193342568,1000.610546875,0.3537
77.5,-81.0,2026-09-17 22:24:58,2.4470458984375227,88.3804235458374,11.527500193342568,1000.610546875,0.3537
77.5,-80.5,2026-09-17 22:24:58,2.4470458984375227,88.3804235458374,11.527500193342568,1000.610546875,0.3537
77.5,-80.0,2026-09-17 22:24:58,2.4470458984375227,88.3804235458374,11.527500193342568,1000.610546875,0.3537
77.5,-79.5,2026-09-17 22:24:58,2.4470458984375227,88.3804235458374,11.527500193342568,1000.610546875,0.3537
77.5,-79.0,2026-09-17 22:24:58,2.4470458984375227,88.3804235458374,11.527500193342568,1000.610546875,0.3537
77.5,-78.5,2026-09-17 22:24:58,2.4470458984375227,88.3804235458374,11.527500193342568,1000.610546875,0.3537
77.5,-78.0,2026-09-17 22:24:58,2.4470458984375227,88.3804235458374,11.527500193342568,1000.610546875,0.3537
78.0,-115.0,2026-09-17 22:24:58,2.3256103515625455,84.85381555557251,5.05530944019556,1000.7995703125,0.07925
78.0,-114.5,2026-09-17 22:24:58,2.3256103515625455,84.85381555557251,5.05530944019556,1000.7995703125,0.07925
78.0,-114.0,2026-09-17 22:24:58,2.3256103515625455,84.85381555557251,5.05530944019556,1000.7995703125,0.07925
78.0,-113.0,2026-09-17 22:24:58,2.3256103515625455,84.85381555557251,5.05530944019556,1000.7995703125,0.07925
78.0,-112.5,2026-09-17 22:24:58,2.3256103515625455,84.85381555557251,5.05530944019556,1000.7995703125,0.07925
78.0,-112.0,2026-09-17 22:24:58,2.3256103515625455,84.85381555557251,5.05530944019556,1000.7995703125,0.07925
78.0,-111.5,2026-09-17 22:24:58,2.3256103515625455,84.85381555557251,5.05530944019556,1000.7995703125,0.07925
78.0,-111.0,2026-09-17 22:24:58,2.3256103515625455,84.85381555557251,5.05530944019556,1000.7995703125,0.07925
78.0,-110.5,2026-09-17 22:24:58,2.3256103515625455,84.85381555557251,5.05530944019556,1000.7995703125,0.07925
78.0,-110.0,2026-09-17 22:24:58,2.3256103515625455,84.85381555557251,5.05530944019556,1000.7995703125,0.07925
78.0,-109.5,2026-09-17 22:24:58,2.3256103515625455,84.85381555557251,5.05530944019556,1000.7995703125,0.07925
78.0,-101.0,2026-09-17 22:24:58,2.497045898437534,88.3804235458374,4.867500193342567,1000.450546875,0.07925
78.0,-100.5,2026-09-17 22:24:58,2.497045898437534,88.3804235458374,4.867500193342567,1000.450546875,0.07925
78.0,-100.0,2026-09-17 22:24:58,2.497045898437534,88.3804235458374,4.867500193342567,1000.450546875,0.07925
78.0,-99.5,2026-09-17 22:24:58,2.497045898437534,88.3804235458374,4.867500193342567,1000.450546875,0.07925
78.0,-99.0,2026-09-17 22:24:58,2.497045898437534,88.3804235458374,4.867500193342567,1000.450546875,0.07925
78.0,-98.0,2026-09-17 22:24:58,2.497045898437534,88.3804235458374,4.867500193342567,1000.450546875,0.07925
78.0,-97.5,2026-09-17 22:24:58,2.497045898437534,88.3804235458374,4.867500193342567,1000.450546875,0.07925
78.0,-97.0,2026-09-17 22:24:58,2.497045898437534,88.3804235458374,4.867500193342567,1000.450546875,0.07925
78.0,-96.5,2026-09-17 22:24:58,2.497045898437534,88.3804235458374,4.867500193342567,1000.450546875,0.07925
78.0,-96.0,2026-09-17 22:24:58,2.497045898437534,88.3804235458374,4.867500193342567,1000.450546875,0.07925
78.0,-95.5,2026-09-17 22:24:58,2.497045898437534,88.3804235458374,4.867500193342567,1000.450546875,0.07925
78.0,-95.0,2026-09-17 22:24:58,2.497045898437534,88.3804235458374,4.867500193342567,1000.450546875,0.07925
78.0,-86.5,2026-09-17 22:24:58,2.497045898437534,88.3804235458374,4.867500193342567,1000.450546875,0.07925
78.0,-86.0,2026-09-17 22:24:58,2.497045898437534,88.3804235458374,4.867500193342567,1000.450546875,0.07925
78.0,-85.5,2026-09-17 22:24:58,2.497045898437534,88.3804235458374,4.867500193342567,1000.450546875,0.07925
78.0,-85.0,2026-09-17 22:24:58,2.497045898437534,88.3804235458374,4.867500193342567,1000.450546875,0.07925
78.0,-84.5,2026-09-17 22:24:58,2.497045898437534,88.3804235458374,4.867500193342567,1000.450546875,0.07925
78.0,-84.0,2026-09-17 22:24:58,2.497045898437534,88.3804235458374,4.867500193342567,1000.450546875,0.07925
78.0,-83.5,2026-09-17 22:24:58,2.497045898437534,88.3804235458374,4.867500193342567,1000.450546875,0.07925
78.0,-83.0,2026-09-17 22:24:58,2.497045898437534,88.3804235458374,4.867500193342567,1000.450546875,0.07925
78.0,-82.5,2026-09-17 22:24:58,2.497045898437534,88.3804235458374,4.867500193342567,1000.450546875,0.07925
78.0,-82.0,2026-09-17 22:24:58,2.497045898437534,88.3804235458374,4.867500193342567,1000.450546875,0.07925
78.0,-81.5,2026-09-17 22:24:58,2.497045898437534,88.3804235458374,4.867500193342567,1000.450546875,0.07925
78.0,-81.0,2026-09-17 22:24:58,2.497045898437534,88.3804235458374,4.867500193342567,1000.450546875,0.07925
78.0,-80.5,2026-09-17 22:24:58,2.497045898437534,88.3804235458374,4.867500193342567,1000.450546875,0.07925
78.0,-80.0,2026-09-17 22:24:58,2.497045898437534,88.3804235458374,4.867500193342567,1000.450546875,0.07925
78.0,-79.5,2026-09-17 22:24:58,2.497045898437534,88.3804235458374,4.867500193342567,1000.450546875,0.07925
78.0,-79.0,2026-09-17 22:24:58,2.497045898437534,88.3804235458374,4.867500193342567,1000.450546875,0.07925
78.0,-78.5,2026-09-17 22:24:58,2.497045898437534,88.3804235458374,4.867500193342567,1000.450546875,0.07925
78.0,-78.0,2026-09-17 22:24:58,2.497045898437534,88.3804235458374,4.867500193342567,1000.450546875,0.07925
78.0,-77.5,2026-09-17 22:24:58,2.497045898437534,88.3804235458374,4.867500193342567,1000.450546875,0.07925
78.0,-77.0,2026-09-17 22:24:58,2.497045898437534,88.3804235458374,4.867500193342567,1000.450546875,0.07925
78.0,-76.5,2026-09-17 22:24:58,2.497045898437534,88.3804235458374,4.867500193342567,1000.450546875,0.07925
78.0,-76.0,2026-09-17 22:24:58,2.497045898437534,88.3804235458374,4.867500193342567,1000.450546875,0.07925
78.0,-75.5,2026-09-17 22:24:58,2.497045898437534,88.3804235458374,4.867500193342567,1000.450546875,0.07925
78.5,-113.0,2026-09-17 22:24:58,1.1756103515625114,83.60381555557251,4.695309440195561,1000.8795703125,0.298825
78.5,-112.5,2026-09-17 22:24:58,1.1756103515625114,83.60381555557251,4.695309440195561,1000.8795703125,0.298825
78.5,-112.0,2026-09-17 22:24:58,1.1756103515625114,83.60381555557251,4.695309440195561,1000.8795703125,0.298825
78.5,-111.5,2026-09-17 22:24:58,1.1756103515625114,83.60381555557251,4.695309440195561,1000.8795703125,0.298825
78.5,-111.0,2026-09-17 22:24:58,1.1756103515625114,83.60381555557251,4.695309440195561,1000.8795703125,0.298825
78.5,-110.5,2026-09-17 22:24:58,1.1756103515625114,83.60381555557251,4.695309440195561,1000.8795703125,0.298825
78.5,-110.0,2026-09-17 22:24:58,1.1756103515625114,83.60381555557251,4.695309440195561,1000.8795703125,0.298825
78.5,-109.5,2026-09-17 22:24:58,1.1756103515625114,83.60381555557251,4.695309440195561,1000.8795703125,0.298825
78.5,-109.0,2026-09-17 22:24:58,1.1756103515625114,83.60381555557251,4.695309440195561,1000.8795703125,0.298825
78.5,-105.0,2026-09-17 22:24:58,1.1756103515625114,83.60381555557251,4.695309440195561,1000.8795703125,0.298825
78.5,-104.5,2026-09-17 22:24:58,1.1756103515625114,83.60381555557251,4.695309440195561,1000.8795703125,0.298825
78.5,-104.0,2026-09-17 22:24:58,1.1756103515625114,83.60381555557251,4.695309440195561,1000.8795703125,0.298825
78.5,-103.5,2026-09-17 22:24:58,1.1756103515625114,83.60381555557251,4.695309440195561,1000.8795703125,0.298825
78.5,-103.0,2026-09-17 22:24:58,1.1756103515625114,83.60381555557251,4.695309440195561,1000.8795703125,0.298825
78.5,-102.5,2026-09-17 22:24:58,1.1756103515625114,83.60381555557251,4.695309440195561,1000.8795703125,0.298825
78.5,-102.0,2026-09-17 22:24:58,1.1756103515625114,83.60381555557251,4.695309440195561,1000.8795703125,0.298825
78.5,-101.5,2026-09-17 22:24:58,0.9970458984375341,84.6304235458374,9.547500193342566,1000.610546875,0.298825
78.5,-101.0,2026-09-17 22:24:58,0.9970458984375341,84.6304235458374,9.547500193342566,1000.610546875,0.298825
78.5,-100.5,2026-09-17 22:24:58,0.9970458984375341,84.6304235458374,9.547500193342566,1000.610546875,0.298825
78.5,-100.0,2026-09-17 22:24:58,0.9970458984375341,84.6304235458374,9.547500193342566,1000.610546875,0.298825
78.5,-99.5,2026-09-17 22:24:58,0.9970458984375341,84.6304235458374,9.547500193342566,1000.610546875,0.298825
78.5,-98.5,2026-09-17 22:24:58,0.9970458984375341,84.6304235458374,9.547500193342566,1000.610546875,0.298825
78.5,-98.0,2026-09-17 22:24:58,0.9970458984375341,84.6304235458374,9.547500193342566,1000.610546875,0.298825
78.5,-97.5,2026-09-17 22:24:58,0.9970458984375341,84.6304235458374,9.547500193342566,1000.610546875,0.298825
78.5,-97.0,2026-09-17 22:24:58,0.9970458984375341,84.6304235458374,9.547500193342566,1000.610546875,0.298825
78.5,-96.5,2026-09-17 22:24:58,0.9970458984375341,84.6304235458374,9.547500193342566,1000.610546875,0.298825
78.5,-96.0,2026-09-17 22:24:58,0.9970458984375341,84.6304235458374,9.547500193342566,1000.610546875,0.298825
78.5,-95.5,2026-09-17 22:24:58,0.9970458984375341,84.6304235458374,9.547500193342566,1000.610546875,0.298825
78.5,-95.0,2026-09-17 22:24:58,0.9970458984375341,84.6304235458374,9.547500193342566,1000.610546875,0.298825
78.5,-93.0,2026-09-17 22:24:58,0.9970458984375341,84.6304235458374,9.547500193342566,1000.610546875,0.298825
78.5,-92.5,2026-09-17 22:24:58,0.9970458984375341,84.6304235458374,9.547500193342566,1000.610546875,0.298825
78.5,-92.0,2026-09-17 22:24:58,0.9970458984375341,84.6304235458374,9.547500193342566,1000.610546875,0.298825
78.5,-91.5,2026-09-17 22:24:58,0.9970458984375341,84.6304235458374,9.547500193342566,1000.610546875,0.298825
78.5,-91.0,2026-09-17 22:24:58,0.9970458984375341,84.6304235458374,9.547500193342566,1000.610546875,0.298825
78.5,-90.5,2026-09-17 22:24:58,0.9970458984375341,84.6304235458374,9.547500193342566,1000.610546875,0.298825
78.5,-90.0,2026-09-17 22:24:58,0.9970458984375341,84.6304235458374,9.547500193342566,1000.610546875,0.298825
78.5,-89.5,2026-09-17 22:24:58,0.9970458984375341,84.6304235458374,9.547500193342566,1000.610546875,0.298825
78.5,-89.0,2026-09-17 22:24:58,0.9970458984375341,84.6304235458374,9.547500193342566,1000.610546875,0.298825
78.5,-88.5,2026-09-17 22:24:58,0.9970458984375341,84.6304235458374,9.547500193342566,1000.610546875,0.298825
78.5,-88.0,2026-09-17 22:24:58,0.9970458984375341,84.6304235458374,9.547500193342566,1000.610546875,0.298825
78.5,-87.5,2026-09-17 22:24:58,0.9970458984375341,84.6304235458374,9.547500193342566,1000.610546875,0.298825
78.5,-87.0,2026-09-17 22:24:58,0.9970458984375341,84.6304235458374,9.547500193342566,1000.610546875,0.298825
78.5,-86.5,2026-09-17 22:24:58,0.9970458984375341,84.6304235458374,9.547500193342566,1000.610546875,0.298825
78.5,-86.0,2026-09-17 22:24:58,0.9970458984375341,84.6304235458374,9.547500193342566,1000.610546875,0.298825
78.5,-85.5,2026-09-17 22:24:58,0.9970458984375341,84.6304235458374,9.547500193342566,1000.610546875,0.298825
78.5,-85.0,2026-09-17 22:24:58,0.9970458984375341,84.6304235458374,9.547500193342566,1000.610546875,0.298825
78.5,-84.5,2026-09-17 22:24:58,0.9970458984375341,84.6304235458374,9.547500193342566,1000.610546875,0.298825
78.5,-84.0,2026-09-17 22:24:58,0.9970458984375341,84.6304235458374,9.547500193342566,1000.610546875,0.298825
78.5,-83.5,2026-09-17 22:24:58,0.9970458984375341,84.6304235458374,9.547500193342566,1000.610546875,0.298825
78.5,-83.0,2026-09-17 22:24:58,0.9970458984375341,84.6304235458374,9.547500193342566,1000.610546875,0.298825
78.5,-82.5,2026-09-17 22:24:58,0.9970458984375341,84.6304235458374,9.547500193342566,1000.610546875,0.298825
78.5,-82.0,2026-09-17 22:24:58,0.9970458984375341,84.6304235458374,9.547500193342566,1000.610546875,0.298825
78.5,-81.5,2026-09-17 22:24:58,0.9970458984375341,84.6304235458374,9.547500193342566,1000.610546875,0.298825
78.5,-81.0,2026-09-17 22:24:58,0.9970458984375341,84.6304235458374,9.547500193342566,1000.610546875,0.298825
78.5,-80.5,2026-09-17 22:24:58,0.9970458984375341,84.6304235458374,9.547500193342566,1000.610546875,0.298825
78.5,-80.0,2026-09-17 22:24:58,0.9970458984375341,84.6304235458374,9.547500193342566,1000.610546875,0.298825
78.5,-79.5,2026-09-17 22:24:58,0.9970458984375341,84.6304235458374,9.547500193342566,1000.610546875,0.298825
78.5,-79.0,2026-09-17 22:24:58,0.9970458984375341,84.6304235458374,9.547500193342566,1000.610546875,0.298825
78.5,-78.5,2026-09-17 22:24:58,0.9970458984375341,84.6304235458374,9.547500193342566,1000.610546875,0.298825
78.5,-78.0,2026-09-17 22:24:58,0.9970458984375341,84.6304235458374,9.547500193342566,1000.610546875,0.298825
78.5,-77.5,2026-09-17 22:24:58,0.9970458984375341,84.6304235458374,9.547500193342566,1000.610546875,0.298825
78.5,-77.0,2026-09-17 22:24:58,0.9970458984375341,84.6304235458374,9.547500193342566,1000.610546875,0.298825
78.5,-76.5,2026-09-17 22:24:58,0.9970458984375341,84.6304235458374,9.547500193342566,1000.610546875,0.298825
78.5,-76.0,2026-09-17 22:24:58,0.9970458984375341,84.6304235458374,9.547500193342566,1000.610546875,0.298825
78.5,-75.5,2026-09-17 22:24:58,0.9970458984375341,84.6304235458374,9.547500193342566,1000.610546875,0.298825
78.5,-75.0,2026-09-17 22:24:58,0.9970458984375341,84.6304235458374,9.547500193342566,1000.610546875,0.298825
79.0,-106.0,2026-09-17 22:24:58,-4.902954101562443,89.8804235458374,9.547500193342566,1000.850546875,0.1718
79.0,-105.5,2026-09-17 22:24:58,-4.902954101562443,89.8804235458374,9.547500193342566,1000.850546875,0.1718
79.0,-105.0,2026-09-17 22:24:58,-4.902954101562443,89.8804235458374,9.547500193342566,1000.850546875,0.1718
79.0,-104.5,2026-09-17 22:24:58,-4.902954101562443,89.8804235458374,9.547500193342566,1000.850546875,0.1718
79.0,-104.0,2026-09-17 22:24:58,-4.902954101562443,89.8804235458374,9.547500193342566,1000.850546875,0.1718
79.0,-103.5,2026-09-17 22:24:58,-4.902954101562443,89.8804235458374,9.547500193342566,1000.850546875,0.1718
79.0,-103.0,2026-09-17 22:24:58,-4.902954101562443,89.8804235458374,9.547500193342566,1000.850546875,0.1718
79.0,-102.5,2026-09-17 22:24:58,-4.902954101562443,89.8804235458374,9.547500193342566,1000.850546875,0.1718
79.0,-102.0,2026-09-17 22:24:58,-4.902954101562443,89.8804235458374,9.547500193342566,1000.850546875,0.1718
79.0,-101.5,2026-09-17 22:24:58,-4.902954101562443,89.8804235458374,9.547500193342566,1000.850546875,0.1718
79.0,-101.0,2026-09-17 22:24:58,-4.902954101562443,89.8804235458374,9.547500193342566,1000.850546875,0.1718
79.0,-94.5,2026-09-17 22:24:58,-4.902954101562443,89.8804235458374,9.547500193342566,1000.850546875,0.1718
79.0,-94.0,2026-09-17 22:24:58,-4.902954101562443,89.8804235458374,9.547500193342566,1000.850546875,0.1718
79.0,-93.5,2026-09-17 22:24:58,-4.902954101562443,89.8804235458374,9.547500193342566,1000.850546875,0.1718
79.0,-93.0,2026-09-17 22:24:58,-4.902954101562443,89.8804235458374,9.547500193342566,1000.850546875,0.1718
79.0,-92.5,2026-09-17 22:24:58,-4.902954101562443,89.8804235458374,9.547500193342566,1000.850546875,0.1718
79.0,-92.0,2026-09-17 22:24:58,-4.902954101562443,89.8804235458374,9.547500193342566,1000.850546875,0.1718
79.0,-91.5,2026-09-17 22:24:58,-4.902954101562443,89.8804235458374,9.547500193342566,1000.850546875,0.1718
79.0,-91.0,2026-09-17 22:24:58,-4.902954101562443,89.8804235458374,9.547500193342566,1000.850546875,0.1718
79.0,-90.5,2026-09-17 22:24:58,-4.902954101562443,89.8804235458374,9.547500193342566,1000.850546875,0.1718
79.0,-90.0,2026-09-17 22:24:58,-4.902954101562443,89.8804235458374,9.547500193342566,1000.850546875,0.1718
79.0,-89.5,2026-09-17 22:24:58,-4.902954101562443,89.8804235458374,9.547500193342566,1000.850546875,0.1718
79.0,-89.0,2026-09-17 22:24:58,-4.902954101562443,89.8804235458374,9.547500193342566,1000.850546875,0.1718
79.0,-88.5,2026-09-17 22:24:58,-4.902954101562443,89.8804235458374,9.547500193342566,1000.850546875,0.1718
79.0,-88.0,2026-09-17 22:24:58,-4.902954101562443,89.8804235458374,9.547500193342566,1000.850546875,0.1718
79.0,-87.5,2026-09-17 22:24:58,-4.902954101562443,89.8804235458374,9.547500193342566,1000.850546875,0.1718
79.0,-87.0,2026-09-17 22:24:58,-4.902954101562443,89.8804235458374,9.547500193342566,1000.850546875,0.1718
79.0,-86.5,2026-09-17 22:24:58,-4.902954101562443,89.8804235458374,9.547500193342566,1000.850546875,0.1718
79.0,-85.0,2026-09-17 22:24:58,-4.902954101562443,89.8804235458374,9.547500193342566,1000.850546875,0.1718
79.0,-84.5,2026-09-17 22:24:58,-4.902954101562443,89.8804235458374,9.547500193342566,1000.850546875,0.1718
79.0,-84.0,2026-09-17 22:24:58,-4.902954101562443,89.8804235458374,9.547500193342566,1000.850546875,0.1718
79.0,-83.5,2026-09-17 22:24:58,-4.902954101562443,89.8804235458374,9.547500193342566,1000.850546875,0.1718
79.0,-83.0,2026-09-17 22:24:58,-4.902954101562443,89.8804235458374,9.547500193342566,1000.850546875,0.1718
79.0,-82.5,2026-09-17 22:24:58,-4.902954101562443,89.8804235458374,9.547500193342566,1000.850546875,0.1718
79.0,-82.0,2026-09-17 22:24:58,-4.902954101562443,89.8804235458374,9.547500193342566,1000.850546875,0.1718
79.0,-81.5,2026-09-17 22:24:58,-4.902954101562443,89.8804235458374,9.547500193342566,1000.850546875,0.1718
79.0,-81.0,2026-09-17 22:24:58,-4.902954101562443,89.8804235458374,9.547500193342566,1000.850546875,0.1718
79.0,-80.5,2026-09-17 22:24:58,-4.902954101562443,89.8804235458374,9.547500193342566,1000.850546875,0.1718
79.0,-80.0,2026-09-17 22:24:58,-4.902954101562443,89.8804235458374,9.547500193342566,1000.850546875,0.1718
79.0,-79.5,2026-09-17 22:24:58,-4.902954101562443,89.8804235458374,9.547500193342566,1000.850546875,0.1718
79.0,-79.0,2026-09-17 22:24:58,-4.902954101562443,89.8804235458374,9.547500193342566,1000.850546875,0.1718
79.0,-78.5,2026-09-17 22:24:58,-4.902954101562443,89.8804235458374,9.547500193342566,1000.850546875,0.1718
79.0,-78.0,2026-09-17 22:24:58,-4.902954101562443,89.8804235458374,9.547500193342566,1000.850546875,0.1718
79.0,-77.5,2026-09-17 22:24:58,-4.902954101562443,89.8804235458374,9.547500193342566,1000.850546875,0.1718
79.0,-77.0,2026-09-17 22:24:58,-4.902954101562443,89.8804235458374,9.547500193342566,1000.850546875,0.1718
79.0,-76.5,2026-09-17 22:24:58,-4.902954101562443,89.8804235458374,9.547500193342566,1000.850546875,0.1718
79.0,-76.0,2026-09-17 22:24:58,-4.902954101562443,89.8804235458374,9.547500193342566,1000.850546875,0.1718
79.0,-75.5,2026-09-17 22:24:58,-4.902954101562443,89.8804235458374,9.547500193342566,1000.850546875,0.1718
79.0,-75.0,2026-09-17 22:24:58,-4.902954101562443,89.8804235458374,9.547500193342566,1000.850546875,0.1718
79.0,-74.5,2026-09-17 22:24:58,-4.902954101562443,89.8804235458374,9.547500193342566,1000.850546875,0.1718
79.5,-96.0,2026-09-17 22:24:58,-7.7029541015624545,90.6304235458374,8.827500193342567,1000.850546875,0.340325
79.5,-95.5,2026-09-17 22:24:58,-7.7029541015624545,90.6304235458374,8.827500193342567,1000.850546875,0.340325
79.5,-95.0,2026-09-17 22:24:58,-7.7029541015624545,90.6304235458374,8.827500193342567,1000.850546875,0.340325
79.5,-94.5,2026-09-17 22:24:58,-7.7029541015624545,90.6304235458374,8.827500193342567,1000.850546875,0.340325
79.5,-94.0,2026-09-17 22:24:58,-7.7029541015624545,90.6304235458374,8.827500193342567,1000.850546875,0.340325
79.5,-93.5,2026-09-17 22:24:58,-7.7029541015624545,90.6304235458374,8.827500193342567,1000.850546875,0.340325
79.5,-93.0,2026-09-17 22:24:58,-7.7029541015624545,90.6304235458374,8.827500193342567,1000.850546875,0.340325
79.5,-92.5,2026-09-17 22:24:58,-7.7029541015624545,90.6304235458374,8.827500193342567,1000.850546875,0.340325
79.5,-92.0,2026-09-17 22:24:58,-7.7029541015624545,90.6304235458374,8.827500193342567,1000.850546875,0.340325
79.5,-91.5,2026-09-17 22:24:58,-7.7029541015624545,90.6304235458374,8.827500193342567,1000.850546875,0.340325
79.5,-91.0,2026-09-17 22:24:58,-7.7029541015624545,90.6304235458374,8.827500193342567,1000.850546875,0.340325
79.5,-90.5,2026-09-17 22:24:58,-7.7029541015624545,90.6304235458374,8.827500193342567,1000.850546875,0.340325
79.5,-90.0,2026-09-17 22:24:58,-7.7029541015624545,90.6304235458374,8.827500193342567,1000.850546875,0.340325
79.5,-89.5,2026-09-17 22:24:58,-7.7029541015624545,90.6304235458374,8.827500193342567,1000.850546875,0.340325
79.5,-89.0,2026-09-17 22:24:58,-7.7029541015624545,90.6304235458374,8.827500193342567,1000.850546875,0.340325
79.5,-88.5,2026-09-17 22:24:58,-7.7029541015624545,90.6304235458374,8.827500193342567,1000.850546875,0.340325
79.5,-88.0,2026-09-17 22:24:58,-7.7029541015624545,90.6304235458374,8.827500193342567,1000.850546875,0.340325
79.5,-87.5,2026-09-17 22:24:58,-7.7029541015624545,90.6304235458374,8.827500193342567,1000.850546875,0.340325
79.5,-87.0,2026-09-17 22:24:58,-7.7029541015624545,90.6304235458374,8.827500193342567,1000.850546875,0.340325
79.5,-86.5,2026-09-17 22:24:58,-7.7029541015624545,90.6304235458374,8.827500193342567,1000.850546875,0.340325
79.5,-86.0,2026-09-17 22:24:58,-7.7029541015624545,90.6304235458374,8.827500193342567,1000.850546875,0.340325
79.5,-85.5,2026-09-17 22:24:58,-7.7029541015624545,90.6304235458374,8.827500193342567,1000.850546875,0.340325
79.5,-85.0,2026-09-17 22:24:58,-7.7029541015624545,90.6304235458374,8.827500193342567,1000.850546875,0.340325
79.5,-84.5,2026-09-17 22:24:58,-7.7029541015624545,90.6304235458374,8.827500193342567,1000.850546875,0.340325
79.5,-84.0,2026-09-17 22:24:58,-7.7029541015624545,90.6304235458374,8.827500193342567,1000.850546875,0.340325
79.5,-83.5,2026-09-17 22:24:58,-7.7029541015624545,90.6304235458374,8.827500193342567,1000.850546875,0.340325
79.5,-83.0,2026-09-17 22:24:58,-7.7029541015624545,90.6304235458374,8.827500193342567,1000.850546875,0.340325
79.5,-82.5,2026-09-17 22:24:58,-7.7029541015624545,90.6304235458374,8.827500193342567,1000.850546875,0.340325
79.5,-82.0,2026-09-17 22:24:58,-7.7029541015624545,90.6304235458374,8.827500193342567,1000.850546875,0.340325
79.5,-81.5,2026-09-17 22:24:58,-7.7029541015624545,90.6304235458374,8.827500193342567,1000.850546875,0.340325
79.5,-81.0,2026-09-17 22:24:58,-7.7029541015624545,90.6304235458374,8.827500193342567,1000.850546875,0.340325
79.5,-80.5,2026-09-17 22:24:58,-7.7029541015624545,90.6304235458374,8.827500193342567,1000.850546875,0.340325
79.5,-80.0,2026-09-17 22:24:58,-7.7029541015624545,90.6304235458374,8.827500193342567,1000.850546875,0.340325
79.5,-79.5,2026-09-17 22:24:58,-7.7029541015624545,90.6304235458374,8.827500193342567,1000.850546875,0.340325
79.5,-79.0,2026-09-17 22:24:58,-7.7029541015624545,90.6304235458374,8.827500193342567,1000.850546875,0.340325
79.5,-78.5,2026-09-17 22:24:58,-7.7029541015624545,90.6304235458374,8.827500193342567,1000.850546875,0.340325
79.5,-78.0,2026-09-17 22:24:58,-7.7029541015624545,90.6304235458374,8.827500193342567,1000.850546875,0.340325
79.5,-77.5,2026-09-17 22:24:58,-7.7029541015624545,90.6304235458374,8.827500193342567,1000.850546875,0.340325
79.5,-77.0,2026-09-17 22:24:58,-7.7029541015624545,90.6304235458374,8.827500193342567,1000.850546875,0.340325
79.5,-76.5,2026-09-17 22:24:58,-7.7029541015624545,90.6304235458374,8.827500193342567,1000.850546875,0.340325
79.5,-76.0,2026-09-17 22:24:58,-7.7029541015624545,90.6304235458374,8.827500193342567,1000.850546875,0.340325
79.5,-75.5,2026-09-17 22:24:58,-7.7029541015624545,90.6304235458374,8.827500193342567,1000.850546875,0.340325
79.5,-75.0,2026-09-17 22:24:58,-7.7029541015624545,90.6304235458374,8.827500193342567,1000.850546875,0.340325
79.5,-74.5,2026-09-17 22:24:58,-7.7029541015624545,90.6304235458374,8.827500193342567,1000.850546875,0.340325
79.5,-74.0,2026-09-17 22:24:58,-7.7029541015624545,90.6304235458374,8.827500193342567,1000.850546875,0.340325
79.5,-73.5,2026-09-17 22:24:58,-7.7029541015624545,90.6304235458374,8.827500193342567,1000.850546875,0.340325
79.5,-73.0,2026-09-17 22:24:58,-7.7029541015624545,90.6304235458374,8.827500193342567,1000.850546875,0.340325
80.0,-100.5,2026-09-17 22:24:58,-6.552954101562477,89.8804235458374,9.727500193342568,1000.610546875,0.29502500000000004
80.0,-100.0,2026-09-17 22:24:58,-6.552954101562477,89.8804235458374,9.727500193342568,1000.610546875,0.29502500000000004
80.0,-99.5,2026-09-17 22:24:58,-6.552954101562477,89.8804235458374,9.727500193342568,1000.610546875,0.29502500000000004
80.0,-99.0,2026-09-17 22:24:58,-6.552954101562477,89.8804235458374,9.727500193342568,1000.610546875,0.29502500000000004
80.0,-98.5,2026-09-17 22:24:58,-6.552954101562477,89.8804235458374,9.727500193342568,1000.610546875,0.29502500000000004
80.0,-97.0,2026-09-17 22:24:58,-6.552954101562477,89.8804235458374,9.727500193342568,1000.610546875,0.29502500000000004
80.0,-96.5,2026-09-17 22:24:58,-6.552954101562477,89.8804235458374,9.727500193342568,1000.610546875,0.29502500000000004
80.0,-96.0,2026-09-17 22:24:58,-6.552954101562477,89.8804235458374,9.727500193342568,1000.610546875,0.29502500000000004
80.0,-95.5,2026-09-17 22:24:58,-6.552954101562477,89.8804235458374,9.727500193342568,1000.610546875,0.29502500000000004
80.0,-95.0,2026-09-17 22:24:58,-6.552954101562477,89.8804235458374,9.727500193342568,1000.610546875,0.29502500000000004
80.0,-94.5,2026-09-17 22:24:58,-6.552954101562477,89.8804235458374,9.727500193342568,1000.610546875,0.29502500000000004
80.0,-94.0,2026-09-17 22:24:58,-6.552954101562477,89.8804235458374,9.727500193342568,1000.610546875,0.29502500000000004
80.0,-93.5,2026-09-17 22:24:58,-6.552954101562477,89.8804235458374,9.727500193342568,1000.610546875,0.29502500000000004
80.0,-93.0,2026-09-17 22:24:58,-6.552954101562477,89.8804235458374,9.727500193342568,1000.610546875,0.29502500000000004
80.0,-92.5,2026-09-17 22:24:58,-6.552954101562477,89.8804235458374,9.727500193342568,1000.610546875,0.29502500000000004
80.0,-92.0,2026-09-17 22:24:58,-6.552954101562477,89.8804235458374,9.727500193342568,1000.610546875,0.29502500000000004
80.0,-91.5,2026-09-17 22:24:58,-6.552954101562477,89.8804235458374,9.727500193342568,1000.610546875,0.29502500000000004
80.0,-91.0,2026-09-17 22:24:58,-6.552954101562477,89.8804235458374,9.727500193342568,1000.610546875,0.29502500000000004
80.0,-90.5,2026-09-17 22:24:58,-6.552954101562477,89.8804235458374,9.727500193342568,1000.610546875,0.29502500000000004
80.0,-90.0,2026-09-17 22:24:58,-6.552954101562477,89.8804235458374,9.727500193342568,1000.610546875,0.29502500000000004
80.0,-89.5,2026-09-17 22:24:58,-6.552954101562477,89.8804235458374,9.727500193342568,1000.610546875,0.29502500000000004
80.0,-89.0,2026-09-17 22:24:58,-6.552954101562477,89.8804235458374,9.727500193342568,1000.610546875,0.29502500000000004
80.0,-88.5,2026-09-17 22:24:58,-6.552954101562477,89.8804235458374,9.727500193342568,1000.610546875,0.29502500000000004
80.0,-88.0,2026-09-17 22:24:58,-6.552954101562477,89.8804235458374,9.727500193342568,1000.610546875,0.29502500000000004
80.0,-87.5,2026-09-17 22:24:58,-6.552954101562477,89.8804235458374,9.727500193342568,1000.610546875,0.29502500000000004
80.0,-87.0,2026-09-17 22:24:58,-6.552954101562477,89.8804235458374,9.727500193342568,1000.610546875,0.29502500000000004
80.0,-86.5,2026-09-17 22:24:58,-6.552954101562477,89.8804235458374,9.727500193342568,1000.610546875,0.29502500000000004
80.0,-86.0,2026-09-17 22:24:58,-6.552954101562477,89.8804235458374,9.727500193342568,1000.610546875,0.29502500000000004
80.0,-85.5,2026-09-17 22:24:58,-6.552954101562477,89.8804235458374,9.727500193342568,1000.610546875,0.29502500000000004
80.0,-85.0,2026-09-17 22:24:58,-6.552954101562477,89.8804235458374,9.727500193342568,1000.610546875,0.29502500000000004
80.0,-84.5,2026-09-17 22:24:58,-6.552954101562477,89.8804235458374,9.727500193342568,1000.610546875,0.29502500000000004
80.0,-84.0,2026-09-17 22:24:58,-6.552954101562477,89.8804235458374,9.727500193342568,1000.610546875,0.29502500000000004
80.0,-83.5,2026-09-17 22:24:58,-6.552954101562477,89.8804235458374,9.727500193342568,1000.610546875,0.29502500000000004
80.0,-83.0,2026-09-17 22:24:58,-6.552954101562477,89.8804235458374,9.727500193342568,1000.610546875,0.29502500000000004
80.0,-82.5,2026-09-17 22:24:58,-6.552954101562477,89.8804235458374,9.727500193342568,1000.610546875,0.29502500000000004
80.0,-82.0,2026-09-17 22:24:58,-6.552954101562477,89.8804235458374,9.727500193342568,1000.610546875,0.29502500000000004
80.0,-81.5,2026-09-17 22:24:58,-6.552954101562477,89.8804235458374,9.727500193342568,1000.610546875,0.29502500000000004
80.0,-81.0,2026-09-17 22:24:58,-6.552954101562477,89.8804235458374,9.727500193342568,1000.610546875,0.29502500000000004
80.0,-80.5,2026-09-17 22:24:58,-6.552954101562477,89.8804235458374,9.727500193342568,1000.610546875,0.29502500000000004
80.0,-80.0,2026-09-17 22:24:58,-6.552954101562477,89.8804235458374,9.727500193342568,1000.610546875,0.29502500000000004
80.0,-79.5,2026-09-17 22:24:58,-6.552954101562477,89.8804235458374,9.727500193342568,1000.610546875,0.29502500000000004
80.0,-79.0,2026-09-17 22:24:58,-6.552954101562477,89.8804235458374,9.727500193342568,1000.610546875,0.29502500000000004
80.0,-78.5,2026-09-17 22:24:58,-6.552954101562477,89.8804235458374,9.727500193342568,1000.610546875,0.29502500000000004
80.0,-78.0,2026-09-17 22:24:58,-6.552954101562477,89.8804235458374,9.727500193342568,1000.610546875,0.29502500000000004
80.0,-77.5,2026-09-17 22:24:58,-6.552954101562477,89.8804235458374,9.727500193342568,1000.610546875,0.29502500000000004
80.0,-77.0,2026-09-17 22:24:58,-6.552954101562477,89.8804235458374,9.727500193342568,1000.610546875,0.29502500000000004
80.0,-76.5,2026-09-17 22:24:58,-6.552954101562477,89.8804235458374,9.727500193342568,1000.610546875,0.29502500000000004
80.0,-76.0,2026-09-17 22:24:58,-6.552954101562477,89.8804235458374,9.727500193342568,1000.610546875,0.29502500000000004
80.0,-75.5,2026-09-17 22:24:58,-6.552954101562477,89.8804235458374,9.727500193342568,1000.610546875,0.29502500000000004
80.0,-75.0,2026-09-17 22:24:58,-6.552954101562477,89.8804235458374,9.727500193342568,1000.610546875,0.29502500000000004
80.0,-74.5,2026-09-17 22:24:58,-6.552954101562477,89.8804235458374,9.727500193342568,1000.610546875,0.29502500000000004
80.0,-74.0,2026-09-17 22:24:58,-6.552954101562477,89.8804235458374,9.727500193342568,1000.610546875,0.29502500000000004
80.0,-73.5,2026-09-17 22:24:58,-6.552954101562477,89.8804235458374,9.727500193342568,1000.610546875,0.29502500000000004
80.0,-73.0,2026-09-17 22:24:58,-6.552954101562477,89.8804235458374,9.727500193342568,1000.610546875,0.29502500000000004
80.0,-72.5,2026-09-17 22:24:58,-6.552954101562477,89.8804235458374,9.727500193342568,1000.610546875,0.29502500000000004
80.0,-72.0,2026-09-17 22:24:58,-6.552954101562477,89.8804235458374,9.727500193342568,1000.610546875,0.29502500000000004
80.0,-71.5,2026-09-17 22:24:58,-6.552954101562477,89.8804235458374,9.727500193342568,1000.610546875,0.29502500000000004
80.0,-71.0,2026-09-17 22:24:58,-6.552954101562477,89.8804235458374,9.727500193342568,1000.610546875,0.29502500000000004
80.0,-70.5,2026-09-17 22:24:58,-6.552954101562477,89.8804235458374,9.727500193342568,1000.610546875,0.29502500000000004
80.5,-96.5,2026-09-17 22:24:58,-7.352954101562489,85.8804235458374,12.067500193342568,1000.210546875,0.353675
80.5,-96.0,2026-09-17 22:24:58,-7.352954101562489,85.8804235458374,12.067500193342568,1000.210546875,0.353675
80.5,-95.5,2026-09-17 22:24:58,-7.352954101562489,85.8804235458374,12.067500193342568,1000.210546875,0.353675
80.5,-95.0,2026-09-17 22:24:58,-7.352954101562489,85.8804235458374,12.067500193342568,1000.210546875,0.353675
80.5,-94.5,2026-09-17 22:24:58,-7.352954101562489,85.8804235458374,12.067500193342568,1000.210546875,0.353675
80.5,-94.0,2026-09-17 22:24:58,-7.352954101562489,85.8804235458374,12.067500193342568,1000.210546875,0.353675
80.5,-93.5,2026-09-17 22:24:58,-7.352954101562489,85.8804235458374,12.067500193342568,1000.210546875,0.353675
80.5,-93.0,2026-09-17 22:24:58,-7.352954101562489,85.8804235458374,12.067500193342568,1000.210546875,0.353675
80.5,-92.5,2026-09-17 22:24:58,-7.352954101562489,85.8804235458374,12.067500193342568,1000.210546875,0.353675
80.5,-92.0,2026-09-17 22:24:58,-7.352954101562489,85.8804235458374,12.067500193342568,1000.210546875,0.353675
80.5,-91.5,2026-09-17 22:24:58,-7.352954101562489,85.8804235458374,12.067500193342568,1000.210546875,0.353675
80.5,-91.0,2026-09-17 22:24:58,-7.352954101562489,85.8804235458374,12.067500193342568,1000.210546875,0.353675
80.5,-90.5,2026-09-17 22:24:58,-7.352954101562489,85.8804235458374,12.067500193342568,1000.210546875,0.353675
80.5,-90.0,2026-09-17 22:24:58,-7.352954101562489,85.8804235458374,12.067500193342568,1000.210546875,0.353675
80.5,-89.5,2026-09-17 22:24:58,-7.352954101562489,85.8804235458374,12.067500193342568,1000.210546875,0.353675
80.5,-89.0,2026-09-17 22:24:58,-7.352954101562489,85.8804235458374,12.067500193342568,1000.210546875,0.353675
80.5,-88.5,2026-09-17 22:24:58,-7.352954101562489,85.8804235458374,12.067500193342568,1000.210546875,0.353675
80.5,-88.0,2026-09-17 22:24:58,-7.352954101562489,85.8804235458374,12.067500193342568,1000.210546875,0.353675
80.5,-86.5,2026-09-17 22:24:58,-7.352954101562489,85.8804235458374,12.067500193342568,1000.210546875,0.353675
80.5,-86.0,2026-09-17 22:24:58,-7.352954101562489,85.8804235458374,12.067500193342568,1000.210546875,0.353675
80.5,-85.5,2026-09-17 22:24:58,-7.352954101562489,85.8804235458374,12.067500193342568,1000.210546875,0.353675
80.5,-85.0,2026-09-17 22:24:58,-7.352954101562489,85.8804235458374,12.067500193342568,1000.210546875,0.353675
80.5,-84.5,2026-09-17 22:24:58,-7.352954101562489,85.8804235458374,12.067500193342568,1000.210546875,0.353675
80.5,-84.0,2026-09-17 22:24:58,-7.352954101562489,85.8804235458374,12.067500193342568,1000.210546875,0.353675
80.5,-83.5,2026-09-17 22:24:58,-7.352954101562489,85.8804235458374,12.067500193342568,1000.210546875,0.353675
80.5,-83.0,2026-09-17 22:24:58,-7.352954101562489,85.8804235458374,12.067500193342568,1000.210546875,0.353675
80.5,-82.5,2026-09-17 22:24:58,-7.352954101562489,85.8804235458374,12.067500193342568,1000.210546875,0.353675
80.5,-82.0,2026-09-17 22:24:58,-7.352954101562489,85.8804235458374,12.067500193342568,1000.210546875,0.353675
80.5,-81.5,2026-09-17 22:24:58,-7.352954101562489,85.8804235458374,12.067500193342568,1000.210546875,0.353675
80.5,-81.0,2026-09-17 22:24:58,-7.352954101562489,85.8804235458374,12.067500193342568,1000.210546875,0.353675
80.5,-80.5,2026-09-17 22:24:58,-7.352954101562489,85.8804235458374,12.067500193342568,1000.210546875,0.353675
80.5,-80.0,2026-09-17 22:24:58,-7.352954101562489,85.8804235458374,12.067500193342568,1000.210546875,0.353675
80.5,-79.5,2026-09-17 22:24:58,-7.352954101562489,85.8804235458374,12.067500193342568,1000.210546875,0.353675
80.5,-79.0,2026-09-17 22:24:58,-7.352954101562489,85.8804235458374,12.067500193342568,1000.210546875,0.353675
80.5,-78.5,2026-09-17 22:24:58,-7.352954101562489,85.8804235458374,12.067500193342568,1000.210546875,0.353675
80.5,-78.0,2026-09-17 22:24:58,-7.352954101562489,85.8804235458374,12.067500193342568,1000.210546875,0.353675
80.5,-77.5,2026-09-17 22:24:58,-7.352954101562489,85.8804235458374,12.067500193342568,1000.210546875,0.353675
80.5,-77.0,2026-09-17 22:24:58,-7.352954101562489,85.8804235458374,12.067500193342568,1000.210546875,0.353675
80.5,-76.5,2026-09-17 22:24:58,-7.352954101562489,85.8804235458374,12.067500193342568,1000.210546875,0.353675
80.5,-76.0,2026-09-17 22:24:58,-7.352954101562489,85.8804235458374,12.067500193342568,1000.210546875,0.353675
80.5,-75.5,2026-09-17 22:24:58,-7.352954101562489,85.8804235458374,12.067500193342568,1000.210546875,0.353675
80.5,-75.0,2026-09-17 22:24:58,-7.352954101562489,85.8804235458374,12.067500193342568,1000.210546875,0.353675
80.5,-74.5,2026-09-17 22:24:58,-7.352954101562489,85.8804235458374,12.067500193342568,1000.210546875,0.353675
80.5,-74.0,2026-09-17 22:24:58,-7.352954101562489,85.8804235458374,12.067500193342568,1000.210546875,0.353675
80.5,-73.5,2026-09-17 22:24:58,-7.352954101562489,85.8804235458374,12.067500193342568,1000.210546875,0.353675
80.5,-73.0,2026-09-17 22:24:58,-7.352954101562489,85.8804235458374,12.067500193342568,1000.210546875,0.353675
80.5,-72.5,2026-09-17 22:24:58,-7.352954101562489,85.8804235458374,12.067500193342568,1000.210546875,0.353675
80.5,-72.0,2026-09-17 22:24:58,-7.352954101562489,85.8804235458374,12.067500193342568,1000.210546875,0.353675
80.5,-71.5,2026-09-17 22:24:58,-7.352954101562489,85.8804235458374,12.067500193342568,1000.210546875,0.353675
80.5,-71.0,2026-09-17 22:24:58,-7.352954101562489,85.8804235458374,12.067500193342568,1000.210546875,0.353675
80.5,-70.5,2026-09-17 22:24:58,-7.352954101562489,85.8804235458374,12.067500193342568,1000.210546875,0.353675
80.5,-70.0,2026-09-17 22:24:58,-7.352954101562489,85.8804235458374,12.067500193342568,1000.210546875,0.353675
80.5,-69.5,2026-09-17 22:24:58,-7.352954101562489,85.8804235458374,12.067500193342568,1000.210546875,0.353675
80.5,-69.0,2026-09-17 22:24:58,-7.352954101562489,85.8804235458374,12.067500193342568,1000.210546875,0.353675
81.0,-95.5,2026-09-17 22:24:58,-6.652954101562443,85.1304235458374,10.807500193342568,999.810546875,0.250875
81.0,-95.0,2026-09-17 22:24:58,-6.652954101562443,85.1304235458374,10.807500193342568,999.810546875,0.250875
81.0,-94.5,2026-09-17 22:24:58,-6.652954101562443,85.1304235458374,10.807500193342568,999.810546875,0.250875
81.0,-94.0,2026-09-17 22:24:58,-6.652954101562443,85.1304235458374,10.807500193342568,999.810546875,0.250875
81.0,-93.5,2026-09-17 22:24:58,-6.652954101562443,85.1304235458374,10.807500193342568,999.810546875,0.250875
81.0,-93.0,2026-09-17 22:24:58,-6.652954101562443,85.1304235458374,10.807500193342568,999.810546875,0.250875
81.0,-92.5,2026-09-17 22:24:58,-6.652954101562443,85.1304235458374,10.807500193342568,999.810546875,0.250875
81.0,-92.0,2026-09-17 22:24:58,-6.652954101562443,85.1304235458374,10.807500193342568,999.810546875,0.250875
81.0,-91.5,2026-09-17 22:24:58,-6.652954101562443,85.1304235458374,10.807500193342568,999.810546875,0.250875
81.0,-91.0,2026-09-17 22:24:58,-6.652954101562443,85.1304235458374,10.807500193342568,999.810546875,0.250875
81.0,-90.5,2026-09-17 22:24:58,-6.652954101562443,85.1304235458374,10.807500193342568,999.810546875,0.250875
81.0,-90.0,2026-09-17 22:24:58,-6.652954101562443,85.1304235458374,10.807500193342568,999.810546875,0.250875
81.0,-89.5,2026-09-17 22:24:58,-6.652954101562443,85.1304235458374,10.807500193342568,999.810546875,0.250875
81.0,-89.0,2026-09-17 22:24:58,-6.652954101562443,85.1304235458374,10.807500193342568,999.810546875,0.250875
81.0,-88.5,2026-09-17 22:24:58,-6.652954101562443,85.1304235458374,10.807500193342568,999.810546875,0.250875
81.0,-88.0,2026-09-17 22:24:58,-6.652954101562443,85.1304235458374,10.807500193342568,999.810546875,0.250875
81.0,-87.5,2026-09-17 22:24:58,-6.652954101562443,85.1304235458374,10.807500193342568,999.810546875,0.250875
81.0,-87.0,2026-09-17 22:24:58,-6.652954101562443,85.1304235458374,10.807500193342568,999.810546875,0.250875
81.0,-86.5,2026-09-17 22:24:58,-6.652954101562443,85.1304235458374,10.807500193342568,999.810546875,0.250875
81.0,-86.0,2026-09-17 22:24:58,-6.652954101562443,85.1304235458374,10.807500193342568,999.810546875,0.250875
81.0,-85.5,2026-09-17 22:24:58,-6.652954101562443,85.1304235458374,10.807500193342568,999.810546875,0.250875
81.0,-85.0,2026-09-17 22:24:58,-6.652954101562443,85.1304235458374,10.807500193342568,999.810546875,0.250875
81.0,-84.5,2026-09-17 22:24:58,-6.652954101562443,85.1304235458374,10.807500193342568,999.810546875,0.250875
81.0,-84.0,2026-09-17 22:24:58,-6.652954101562443,85.1304235458374,10.807500193342568,999.810546875,0.250875
81.0,-83.5,2026-09-17 22:24:58,-6.652954101562443,85.1304235458374,10.807500193342568,999.810546875,0.250875
81.0,-83.0,2026-09-17 22:24:58,-6.652954101562443,85.1304235458374,10.807500193342568,999.810546875,0.250875
81.0,-82.5,2026-09-17 22:24:58,-6.652954101562443,85.1304235458374,10.807500193342568,999.810546875,0.250875
81.0,-82.0,2026-09-17 22:24:58,-6.652954101562443,85.1304235458374,10.807500193342568,999.810546875,0.250875
81.0,-81.5,2026-09-17 22:24:58,-6.652954101562443,85.1304235458374,10.807500193342568,999.810546875,0.250875
81.0,-81.0,2026-09-17 22:24:58,-6.652954101562443,85.1304235458374,10.807500193342568,999.810546875,0.250875
81.0,-80.5,2026-09-17 22:24:58,-6.652954101562443,85.1304235458374,10.807500193342568,999.810546875,0.250875
81.0,-80.0,2026-09-17 22:24:58,-6.652954101562443,85.1304235458374,10.807500193342568,999.810546875,0.250875
81.0,-79.5,2026-09-17 22:24:58,-6.652954101562443,85.1304235458374,10.807500193342568,999.810546875,0.250875
81.0,-79.0,2026-09-17 22:24:58,-6.652954101562443,85.1304235458374,10.807500193342568,999.810546875,0.250875
81.0,-78.5,2026-09-17 22:24:58,-6.652954101562443,85.1304235458374,10.807500193342568,999.810546875,0.250875
81.0,-78.0,2026-09-17 22:24:58,-6.652954101562443,85.1304235458374,10.807500193342568,999.810546875,0.250875
81.0,-77.5,2026-09-17 22:24:58,-6.652954101562443,85.1304235458374,10.807500193342568,999.810546875,0.250875
81.0,-77.0,2026-09-17 22:24:58,-6.652954101562443,85.1304235458374,10.807500193342568,999.810546875,0.250875
81.0,-76.5,2026-09-17 22:24:58,-6.652954101562443,85.1304235458374,10.807500193342568,999.810546875,0.250875
81.0,-76.0,2026-09-17 22:24:58,-6.652954101562443,85.1304235458374,10.807500193342568,999.810546875,0.250875
81.0,-75.5,2026-09-17 22:24:58,-6.652954101562443,85.1304235458374,10.807500193342568,999.810546875,0.250875
81.0,-75.0,2026-09-17 22:24:58,-6.652954101562443,85.1304235458374,10.807500193342568,999.810546875,0.250875
81.0,-74.5,2026-09-17 22:24:58,-6.652954101562443,85.1304235458374,10.807500193342568,999.810546875,0.250875
81.0,-74.0,2026-09-17 22:24:58,-6.652954101562443,85.1304235458374,10.807500193342568,999.810546875,0.250875
81.0,-73.5,2026-09-17 22:24:58,-6.652954101562443,85.1304235458374,10.807500193342568,999.810546875,0.250875
81.0,-73.0,2026-09-17 22:24:58,-6.652954101562443,85.1304235458374,10.807500193342568,999.810546875,0.250875
81.0,-72.5,2026-09-17 22:24:58,-6.652954101562443,85.1304235458374,10.807500193342568,999.810546875,0.250875
81.0,-72.0,2026-09-17 22:24:58,-6.652954101562443,85.1304235458374,10.807500193342568,999.810546875,0.250875
81.0,-71.5,2026-09-17 22:24:58,-6.652954101562443,85.1304235458374,10.807500193342568,999.810546875,0.250875
81.0,-71.0,2026-09-17 22:24:58,-6.652954101562443,85.1304235458374,10.807500193342568,999.810546875,0.250875
81.0,-70.5,2026-09-17 22:24:58,-6.652954101562443,85.1304235458374,10.807500193342568,999.810546875,0.250875
81.0,-70.0,2026-09-17 22:24:58,-6.652954101562443,85.1304235458374,10.807500193342568,999.810546875,0.250875
81.0,-69.5,2026-09-17 22:24:58,-6.652954101562443,85.1304235458374,10.807500193342568,999.810546875,0.250875
81.0,-69.0,2026-09-17 22:24:58,-6.652954101562443,85.1304235458374,10.807500193342568,999.810546875,0.250875
81.0,-68.5,2026-09-17 22:24:58,-6.652954101562443,85.1304235458374,10.807500193342568,999.810546875,0.250875
81.0,-68.0,2026-09-17 22:24:58,-6.652954101562443,85.1304235458374,10.807500193342568,999.810546875,0.250875
81.0,-67.5,2026-09-17 22:24:58,-6.652954101562443,85.1304235458374,10.807500193342568,999.810546875,0.250875
81.0,-67.0,2026-09-17 22:24:58,-6.652954101562443,85.1304235458374,10.807500193342568,999.810546875,0.250875
81.0,-66.5,2026-09-17 22:24:58,-6.652954101562443,85.1304235458374,10.807500193342568,999.810546875,0.250875
81.5,-92.0,2026-09-17 22:24:58,-4.302954101562477,85.8804235458374,8.287500193342566,999.330546875,0.41000000000000003
81.5,-91.5,2026-09-17 22:24:58,-4.302954101562477,85.8804235458374,8.287500193342566,999.330546875,0.41000000000000003
81.5,-91.0,2026-09-17 22:24:58,-4.302954101562477,85.8804235458374,8.287500193342566,999.330546875,0.41000000000000003
81.5,-90.5,2026-09-17 22:24:58,-4.302954101562477,85.8804235458374,8.287500193342566,999.330546875,0.41000000000000003
81.5,-90.0,2026-09-17 22:24:58,-4.302954101562477,85.8804235458374,8.287500193342566,999.330546875,0.41000000000000003
81.5,-89.5,2026-09-17 22:24:58,-4.302954101562477,85.8804235458374,8.287500193342566,999.330546875,0.41000000000000003
81.5,-89.0,2026-09-17 22:24:58,-4.302954101562477,85.8804235458374,8.287500193342566,999.330546875,0.41000000000000003
81.5,-88.5,2026-09-17 22:24:58,-4.302954101562477,85.8804235458374,8.287500193342566,999.330546875,0.41000000000000003
81.5,-88.0,2026-09-17 22:24:58,-4.302954101562477,85.8804235458374,8.287500193342566,999.330546875,0.41000000000000003
81.5,-87.5,2026-09-17 22:24:58,-4.302954101562477,85.8804235458374,8.287500193342566,999.330546875,0.41000000000000003
81.5,-87.0,2026-09-17 22:24:58,-4.302954101562477,85.8804235458374,8.287500193342566,999.330546875,0.41000000000000003
81.5,-86.5,2026-09-17 22:24:58,-4.302954101562477,85.8804235458374,8.287500193342566,999.330546875,0.41000000000000003
81.5,-86.0,2026-09-17 22:24:58,-4.302954101562477,85.8804235458374,8.287500193342566,999.330546875,0.41000000000000003
81.5,-85.5,2026-09-17 22:24:58,-4.302954101562477,85.8804235458374,8.287500193342566,999.330546875,0.41000000000000003
81.5,-85.0,2026-09-17 22:24:58,-4.302954101562477,85.8804235458374,8.287500193342566,999.330546875,0.41000000000000003
81.5,-84.5,2026-09-17 22:24:58,-4.302954101562477,85.8804235458374,8.287500193342566,999.330546875,0.41000000000000003
81.5,-84.0,2026-09-17 22:24:58,-4.302954101562477,85.8804235458374,8.287500193342566,999.330546875,0.41000000000000003
81.5,-83.5,2026-09-17 22:24:58,-4.302954101562477,85.8804235458374,8.287500193342566,999.330546875,0.41000000000000003
81.5,-83.0,2026-09-17 22:24:58,-4.302954101562477,85.8804235458374,8.287500193342566,999.330546875,0.41000000000000003
81.5,-82.5,2026-09-17 22:24:58,-4.302954101562477,85.8804235458374,8.287500193342566,999.330546875,0.41000000000000003
81.5,-82.0,2026-09-17 22:24:58,-4.302954101562477,85.8804235458374,8.287500193342566,999.330546875,0.41000000000000003
81.5,-81.5,2026-09-17 22:24:58,-4.302954101562477,85.8804235458374,8.287500193342566,999.330546875,0.41000000000000003
81.5,-81.0,2026-09-17 22:24:58,-4.302954101562477,85.8804235458374,8.287500193342566,999.330546875,0.41000000000000003
81.5,-80.5,2026-09-17 22:24:58,-4.302954101562477,85.8804235458374,8.287500193342566,999.330546875,0.41000000000000003
81.5,-80.0,2026-09-17 22:24:58,-4.302954101562477,85.8804235458374,8.287500193342566,999.330546875,0.41000000000000003
81.5,-79.5,2026-09-17 22:24:58,-4.302954101562477,85.8804235458374,8.287500193342566,999.330546875,0.41000000000000003
81.5,-79.0,2026-09-17 22:24:58,-4.302954101562477,85.8804235458374,8.287500193342566,999.330546875,0.41000000000000003
81.5,-78.5,2026-09-17 22:24:58,-4.302954101562477,85.8804235458374,8.287500193342566,999.330546875,0.41000000000000003
81.5,-78.0,2026-09-17 22:24:58,-4.302954101562477,85.8804235458374,8.287500193342566,999.330546875,0.41000000000000003
81.5,-77.5,2026-09-17 22:24:58,-4.302954101562477,85.8804235458374,8.287500193342566,999.330546875,0.41000000000000003
81.5,-77.0,2026-09-17 22:24:58,-4.302954101562477,85.8804235458374,8.287500193342566,999.330546875,0.41000000000000003
81.5,-76.5,2026-09-17 22:24:58,-4.302954101562477,85.8804235458374,8.287500193342566,999.330546875,0.41000000000000003
81.5,-76.0,2026-09-17 22:24:58,-4.302954101562477,85.8804235458374,8.287500193342566,999.330546875,0.41000000000000003
81.5,-75.5,2026-09-17 22:24:58,-4.302954101562477,85.8804235458374,8.287500193342566,999.330546875,0.41000000000000003
81.5,-75.0,2026-09-17 22:24:58,-4.302954101562477,85.8804235458374,8.287500193342566,999.330546875,0.41000000000000003
81.5,-74.5,2026-09-17 22:24:58,-4.302954101562477,85.8804235458374,8.287500193342566,999.330546875,0.41000000000000003
81.5,-74.0,2026-09-17 22:24:58,-4.302954101562477,85.8804235458374,8.287500193342566,999.330546875,0.41000000000000003
81.5,-73.5,2026-09-17 22:24:58,-4.302954101562477,85.8804235458374,8.287500193342566,999.330546875,0.41000000000000003
81.5,-73.0,2026-09-17 22:24:58,-4.302954101562477,85.8804235458374,8.287500193342566,999.330546875,0.41000000000000003
81.5,-72.5,2026-09-17 22:24:58,-4.302954101562477,85.8804235458374,8.287500193342566,999.330546875,0.41000000000000003
81.5,-72.0,2026-09-17 22:24:58,-4.302954101562477,85.8804235458374,8.287500193342566,999.330546875,0.41000000000000003
81.5,-71.5,2026-09-17 22:24:58,-4.302954101562477,85.8804235458374,8.287500193342566,999.330546875,0.41000000000000003
81.5,-71.0,2026-09-17 22:24:58,-4.302954101562477,85.8804235458374,8.287500193342566,999.330546875,0.41000000000000003
81.5,-70.5,2026-09-17 22:24:58,-4.302954101562477,85.8804235458374,8.287500193342566,999.330546875,0.41000000000000003
81.5,-70.0,2026-09-17 22:24:58,-4.302954101562477,85.8804235458374,8.287500193342566,999.330546875,0.41000000000000003
81.5,-69.5,2026-09-17 22:24:58,-4.302954101562477,85.8804235458374,8.287500193342566,999.330546875,0.41000000000000003
81.5,-69.0,2026-09-17 22:24:58,-4.302954101562477,85.8804235458374,8.287500193342566,999.330546875,0.41000000000000003
81.5,-68.5,2026-09-17 22:24:58,-4.302954101562477,85.8804235458374,8.287500193342566,999.330546875,0.41000000000000003
81.5,-68.0,2026-09-17 22:24:58,-4.302954101562477,85.8804235458374,8.287500193342566,999.330546875,0.41000000000000003
81.5,-67.5,2026-09-17 22:24:58,-4.302954101562477,85.8804235458374,8.287500193342566,999.330546875,0.41000000000000003
81.5,-67.0,2026-09-17 22:24:58,-4.302954101562477,85.8804235458374,8.287500193342566,999.330546875,0.41000000000000003
81.5,-66.5,2026-09-17 22:24:58,-4.302954101562477,85.8804235458374,8.287500193342566,999.330546875,0.41000000000000003
81.5,-66.0,2026-09-17 22:24:58,-4.302954101562477,85.8804235458374,8.287500193342566,999.330546875,0.41000000000000003
81.5,-65.5,2026-09-17 22:24:58,-4.302954101562477,85.8804235458374,8.287500193342566,999.330546875,0.41000000000000003
81.5,-65.0,2026-09-17 22:24:58,-4.302954101562477,85.8804235458374,8.287500193342566,999.330546875,0.41000000000000003
81.5,-64.5,2026-09-17 22:24:58,-4.302954101562477,85.8804235458374,8.287500193342566,999.330546875,0.41000000000000003
81.5,-64.0,2026-09-17 22:24:58,-4.302954101562477,85.8804235458374,8.287500193342566,999.330546875,0.41000000000000003
82.0,-90.0,2026-09-17 22:24:58,-3.1029541015624886,96.1304235458374,5.587500193342566,999.250546875,0.7115250000000001
82.0,-89.5,2026-09-17 22:24:58,-3.1029541015624886,96.1304235458374,5.587500193342566,999.250546875,0.7115250000000001
82.0,-89.0,2026-09-17 22:24:58,-3.1029541015624886,96.1304235458374,5.587500193342566,999.250546875,0.7115250000000001
82.0,-88.5,2026-09-17 22:24:58,-3.1029541015624886,96.1304235458374,5.587500193342566,999.250546875,0.7115250000000001
82.0,-88.0,2026-09-17 22:24:58,-3.1029541015624886,96.1304235458374,5.587500193342566,999.250546875,0.7115250000000001
82.0,-87.5,2026-09-17 22:24:58,-3.1029541015624886,96.1304235458374,5.587500193342566,999.250546875,0.7115250000000001
82.0,-87.0,2026-09-17 22:24:58,-3.1029541015624886,96.1304235458374,5.587500193342566,999.250546875,0.7115250000000001
82.0,-86.5,2026-09-17 22:24:58,-3.1029541015624886,96.1304235458374,5.587500193342566,999.250546875,0.7115250000000001
82.0,-86.0,2026-09-17 22:24:58,-3.1029541015624886,96.1304235458374,5.587500193342566,999.250546875,0.7115250000000001
82.0,-85.5,2026-09-17 22:24:58,-3.1029541015624886,96.1304235458374,5.587500193342566,999.250546875,0.7115250000000001
82.0,-85.0,2026-09-17 22:24:58,-3.1029541015624886,96.1304235458374,5.587500193342566,999.250546875,0.7115250000000001
82.0,-84.5,2026-09-17 22:24:58,-3.1029541015624886,96.1304235458374,5.587500193342566,999.250546875,0.7115250000000001
82.0,-84.0,2026-09-17 22:24:58,-3.1029541015624886,96.1304235458374,5.587500193342566,999.250546875,0.7115250000000001
82.0,-83.5,2026-09-17 22:24:58,-3.1029541015624886,96.1304235458374,5.587500193342566,999.250546875,0.7115250000000001
82.0,-83.0,2026-09-17 22:24:58,-3.1029541015624886,96.1304235458374,5.587500193342566,999.250546875,0.7115250000000001
82.0,-82.5,2026-09-17 22:24:58,-3.1029541015624886,96.1304235458374,5.587500193342566,999.250546875,0.7115250000000001
82.0,-82.0,2026-09-17 22:24:58,-3.1029541015624886,96.1304235458374,5.587500193342566,999.250546875,0.7115250000000001
82.0,-81.5,2026-09-17 22:24:58,-3.1029541015624886,96.1304235458374,5.587500193342566,999.250546875,0.7115250000000001
82.0,-81.0,2026-09-17 22:24:58,-3.1029541015624886,96.1304235458374,5.587500193342566,999.250546875,0.7115250000000001
82.0,-80.5,2026-09-17 22:24:58,-3.1029541015624886,96.1304235458374,5.587500193342566,999.250546875,0.7115250000000001
82.0,-80.0,2026-09-17 22:24:58,-3.1029541015624886,96.1304235458374,5.587500193342566,999.250546875,0.7115250000000001
82.0,-79.5,2026-09-17 22:24:58,-3.1029541015624886,96.1304235458374,5.587500193342566,999.250546875,0.7115250000000001
82.0,-79.0,2026-09-17 22:24:58,-3.1029541015624886,96.1304235458374,5.587500193342566,999.250546875,0.7115250000000001
82.0,-78.5,2026-09-17 22:24:58,-3.1029541015624886,96.1304235458374,5.587500193342566,999.250546875,0.7115250000000001
82.0,-78.0,2026-09-17 22:24:58,-3.1029541015624886,96.1304235458374,5.587500193342566,999.250546875,0.7115250000000001
82.0,-77.5,2026-09-17 22:24:58,-3.1029541015624886,96.1304235458374,5.587500193342566,999.250546875,0.7115250000000001
82.0,-77.0,2026-09-17 22:24:58,-3.1029541015624886,96.1304235458374,5.587500193342566,999.250546875,0.7115250000000001
82.0,-76.5,2026-09-17 22:24:58,-3.1029541015624886,96.1304235458374,5.587500193342566,999.250546875,0.7115250000000001
82.0,-76.0,2026-09-17 22:24:58,-3.1029541015624886,96.1304235458374,5.587500193342566,999.250546875,0.7115250000000001
82.0,-75.5,2026-09-17 22:24:58,-3.1029541015624886,96.1304235458374,5.587500193342566,999.250546875,0.7115250000000001
82.0,-75.0,2026-09-17 22:24:58,-3.1029541015624886,96.1304235458374,5.587500193342566,999.250546875,0.7115250000000001
82.0,-74.5,2026-09-17 22:24:58,-3.1029541015624886,96.1304235458374,5.587500193342566,999.250546875,0.7115250000000001
82.0,-74.0,2026-09-17 22:24:58,-3.1029541015624886,96.1304235458374,5.587500193342566,999.250546875,0.7115250000000001
82.0,-73.5,2026-09-17 22:24:58,-3.1029541015624886,96.1304235458374,5.587500193342566,999.250546875,0.7115250000000001
82.0,-73.0,2026-09-17 22:24:58,-3.1029541015624886,96.1304235458374,5.587500193342566,999.250546875,0.7115250000000001
82.0,-72.5,2026-09-17 22:24:58,-3.1029541015624886,96.1304235458374,5.587500193342566,999.250546875,0.7115250000000001
82.0,-72.0,2026-09-17 22:24:58,-3.1029541015624886,96.1304235458374,5.587500193342566,999.250546875,0.7115250000000001
82.0,-71.5,2026-09-17 22:24:58,-3.1029541015624886,96.1304235458374,5.587500193342566,999.250546875,0.7115250000000001
82.0,-71.0,2026-09-17 22:24:58,-3.1029541015624886,96.1304235458374,5.587500193342566,999.250546875,0.7115250000000001
82.0,-70.5,2026-09-17 22:24:58,-3.1029541015624886,96.1304235458374,5.587500193342566,999.250546875,0.7115250000000001
82.0,-70.0,2026-09-17 22:24:58,-3.1029541015624886,96.1304235458374,5.587500193342566,999.250546875,0.7115250000000001
82.0,-69.5,2026-09-17 22:24:58,-3.1029541015624886,96.1304235458374,5.587500193342566,999.250546875,0.7115250000000001
82.0,-69.0,2026-09-17 22:24:58,-3.1029541015624886,96.1304235458374,5.587500193342566,999.250546875,0.7115250000000001
82.0,-68.5,2026-09-17 22:24:58,-3.1029541015624886,96.1304235458374,5.587500193342566,999.250546875,0.7115250000000001
82.0,-68.0,2026-09-17 22:24:58,-3.1029541015624886,96.1304235458374,5.587500193342566,999.250546875,0.7115250000000001
82.0,-67.5,2026-09-17 22:24:58,-3.1029541015624886,96.1304235458374,5.587500193342566,999.250546875,0.7115250000000001
82.0,-67.0,2026-09-17 22:24:58,-3.1029541015624886,96.1304235458374,5.587500193342566,999.250546875,0.7115250000000001
82.0,-66.5,2026-09-17 22:24:58,-3.1029541015624886,96.1304235458374,5.587500193342566,999.250546875,0.7115250000000001
82.0,-66.0,2026-09-17 22:24:58,-3.1029541015624886,96.1304235458374,5.587500193342566,999.250546875,0.7115250000000001
82.0,-65.5,2026-09-17 22:24:58,-3.1029541015624886,96.1304235458374,5.587500193342566,999.250546875,0.7115250000000001
82.0,-65.0,2026-09-17 22:24:58,-3.1029541015624886,96.1304235458374,5.587500193342566,999.250546875,0.7115250000000001
82.0,-64.5,2026-09-17 22:24:58,-3.1029541015624886,96.1304235458374,5.587500193342566,999.250546875,0.7115250000000001
82.0,-64.0,2026-09-17 22:24:58,-3.1029541015624886,96.1304235458374,5.587500193342566,999.250546875,0.7115250000000001
82.0,-63.5,2026-09-17 22:24:58,-3.1029541015624886,96.1304235458374,5.587500193342566,999.250546875,0.7115250000000001
82.0,-63.0,2026-09-17 22:24:58,-3.1029541015624886,96.1304235458374,5.587500193342566,999.250546875,0.7115250000000001
82.0,-62.5,2026-09-17 22:24:58,-3.1029541015624886,96.1304235458374,5.587500193342566,999.250546875,0.7115250000000001
82.0,-62.0,2026-09-17 22:24:58,-3.1029541015624886,96.1304235458374,5.587500193342566,999.250546875,0.7115250000000001
82.5,-86.0,2026-09-17 22:24:58,-3.502954101562466,95.6304235458374,4.147500193342567,999.250546875,0.620125
82.5,-85.5,2026-09-17 22:24:58,-3.502954101562466,95.6304235458374,4.147500193342567,999.250546875,0.620125
82.5,-85.0,2026-09-17 22:24:58,-3.502954101562466,95.6304235458374,4.147500193342567,999.250546875,0.620125
82.5,-84.5,2026-09-17 22:24:58,-3.502954101562466,95.6304235458374,4.147500193342567,999.250546875,0.620125
82.5,-83.0,2026-09-17 22:24:58,-3.502954101562466,95.6304235458374,4.147500193342567,999.250546875,0.620125
82.5,-82.5,2026-09-17 22:24:58,-3.502954101562466,95.6304235458374,4.147500193342567,999.250546875,0.620125
82.5,-82.0,2026-09-17 22:24:58,-3.502954101562466,95.6304235458374,4.147500193342567,999.250546875,0.620125
82.5,-81.5,2026-09-17 22:24:58,-3.502954101562466,95.6304235458374,4.147500193342567,999.250546875,0.620125
82.5,-81.0,2026-09-17 22:24:58,-3.502954101562466,95.6304235458374,4.147500193342567,999.250546875,0.620125
82.5,-80.5,2026-09-17 22:24:58,-3.502954101562466,95.6304235458374,4.147500193342567,999.250546875,0.620125
82.5,-80.0,2026-09-17 22:24:58,-3.502954101562466,95.6304235458374,4.147500193342567,999.250546875,0.620125
82.5,-79.5,2026-09-17 22:24:58,-3.502954101562466,95.6304235458374,4.147500193342567,999.250546875,0.620125
82.5,-79.0,2026-09-17 22:24:58,-3.502954101562466,95.6304235458374,4.147500193342567,999.250546875,0.620125
82.5,-78.5,2026-09-17 22:24:58,-3.502954101562466,95.6304235458374,4.147500193342567,999.250546875,0.620125
82.5,-78.0,2026-09-17 22:24:58,-3.502954101562466,95.6304235458374,4.147500193342567,999.250546875,0.620125
82.5,-77.5,2026-09-17 22:24:58,-3.502954101562466,95.6304235458374,4.147500193342567,999.250546875,0.620125
82.5,-77.0,2026-09-17 22:24:58,-3.502954101562466,95.6304235458374,4.147500193342567,999.250546875,0.620125
82.5,-76.5,2026-09-17 22:24:58,-3.502954101562466,95.6304235458374,4.147500193342567,999.250546875,0.620125
82.5,-76.0,2026-09-17 22:24:58,-3.502954101562466,95.6304235458374,4.147500193342567,999.250546875,0.620125
82.5,-75.5,2026-09-17 22:24:58,-3.502954101562466,95.6304235458374,4.147500193342567,999.250546875,0.620125
82.5,-75.0,2026-09-17 22:24:58,-3.502954101562466,95.6304235458374,4.147500193342567,999.250546875,0.620125
82.5,-74.5,2026-09-17 22:24:58,-3.502954101562466,95.6304235458374,4.147500193342567,999.250546875,0.620125
82.5,-74.0,2026-09-17 22:24:58,-3.502954101562466,95.6304235458374,4.147500193342567,999.250546875,0.620125
82.5,-73.5,2026-09-17 22:24:58,-3.502954101562466,95.6304235458374,4.147500193342567,999.250546875,0.620125
82.5,-73.0,2026-09-17 22:24:58,-3.502954101562466,95.6304235458374,4.147500193342567,999.250546875,0.620125
82.5,-72.5,2026-09-17 22:24:58,-3.502954101562466,95.6304235458374,4.147500193342567,999.250546875,0.620125
82.5,-72.0,2026-09-17 22:24:58,-3.502954101562466,95.6304235458374,4.147500193342567,999.250546875,0.620125
82.5,-71.5,2026-09-17 22:24:58,-3.502954101562466,95.6304235458374,4.147500193342567,999.250546875,0.620125
82.5,-71.0,2026-09-17 22:24:58,-3.502954101562466,95.6304235458374,4.147500193342567,999.250546875,0.620125
82.5,-70.5,2026-09-17 22:24:58,-3.502954101562466,95.6304235458374,4.147500193342567,999.250546875,0.620125
82.5,-70.0,2026-09-17 22:24:58,-3.502954101562466,95.6304235458374,4.147500193342567,999.250546875,0.620125
82.5,-69.5,2026-09-17 22:24:58,-3.502954101562466,95.6304235458374,4.147500193342567,999.250546875,0.620125
82.5,-69.0,2026-09-17 22:24:58,-3.502954101562466,95.6304235458374,4.147500193342567,999.250546875,0.620125
82.5,-68.5,2026-09-17 22:24:58,-3.502954101562466,95.6304235458374,4.147500193342567,999.250546875,0.620125
82.5,-68.0,2026-09-17 22:24:58,-3.502954101562466,95.6304235458374,4.147500193342567,999.250546875,0.620125
82.5,-67.5,2026-09-17 22:24:58,-3.502954101562466,95.6304235458374,4.147500193342567,999.250546875,0.620125
82.5,-67.0,2026-09-17 22:24:58,-3.502954101562466,95.6304235458374,4.147500193342567,999.250546875,0.620125
82.5,-66.5,2026-09-17 22:24:58,-3.502954101562466,95.6304235458374,4.147500193342567,999.250546875,0.620125
82.5,-66.0,2026-09-17 22:24:58,-3.502954101562466,95.6304235458374,4.147500193342567,999.250546875,0.620125
82.5,-65.5,2026-09-17 22:24:58,-3.502954101562466,95.6304235458374,4.147500193342567,999.250546875,0.620125
82.5,-65.0,2026-09-17 22:24:58,-3.502954101562466,95.6304235458374,4.147500193342567,999.250546875,0.620125
82.5,-64.5,2026-09-17 22:24:58,-3.502954101562466,95.6304235458374,4.147500193342567,999.250546875,0.620125
82.5,-64.0,2026-09-17 22:24:58,-3.502954101562466,95.6304235458374,4.147500193342567,999.250546875,0.620125
82.5,-63.5,2026-09-17 22:24:58,-3.502954101562466,95.6304235458374,4.147500193342567,999.250546875,0.620125
82.5,-63.0,2026-09-17 22:24:58,-3.502954101562466,95.6304235458374,4.147500193342567,999.250546875,0.620125
82.5,-62.5,2026-09-17 22:24:58,-3.502954101562466,95.6304235458374,4.147500193342567,999.250546875,0.620125
82.5,-62.0,2026-09-17 22:24:58,-3.502954101562466,95.6304235458374,4.147500193342567,999.250546875,0.620125
82.5,-61.5,2026-09-17 22:24:58,-3.502954101562466,95.6304235458374,4.147500193342567,999.250546875,0.620125
82.5,-61.0,2026-09-17 22:24:58,-3.502954101562466,95.6304235458374,4.147500193342567,999.250546875,0.620125
