lat,lon,date,temperature,humidity,wind_speed,pressure,precip_24h_mm
42.0,-83.0,2026-09-22 22:24:05,16.733000000000004,81.55808410644532,35.212162833184,1004.06,0.0155
42.0,-82.5,2026-09-22 22:24:05,16.949000000000012,85.63308410644532,43.150162833184005,1003.83,0.038
42.0,-82.0,2026-09-22 22:24:05,18.386000000000024,78.58308410644531,45.54416283318401,1003.69,0.0305
42.5,-82.5,2026-09-22 22:24:05,16.633000000000038,70.55808410644532,28.300162833184004,1005.16,0.0
42.5,-82.0,2026-09-22 22:24:05,17.126000000000033,68.88308410644531,22.450162833184006,1003.31,0.0
42.5,-81.5,2026-09-22 22:24:05,17.019000000000005,76.23308410644532,36.83216283318401,1005.16,0.0
42.5,-81.0,2026-09-22 22:24:05,17.29200000000003,74.95808410644531,40.072162833184,1005.13,0.0
42.5,-80.5,2026-09-22 22:24:05,17.11700000000002,74.05808410644532,45.45416283318401,1005.24,0.0
42.5,-80.0,2026-09-22 22:24:05,17.19300000000004,73.13308410644531,42.646162833184,1005.27,0.0
43.0,-82.5,2026-09-22 22:24:05,15.81800000000004,63.88308410644532,16.384162833184007,1003.94,0.0
43.0,-82.0,2026-09-22 22:24:05,16.662000000000035,64.55808410644532,14.386162833184004,1000.16,0.0
43.0,-81.5,2026-09-22 22:24:05,17.138000000000034,60.45808410644531,15.430162833184003,995.78,0.0
43.0,-81.0,2026-09-22 22:24:05,17.126000000000033,60.23308410644532,17.824162833184005,994.67,0.0
43.0,-80.5,2026-09-22 22:24:05,16.69500000000005,63.658084106445315,20.578162833184006,996.33,0.0
43.0,-80.0,2026-09-22 22:24:05,17.323000000000036,64.83308410644531,19.282162833184003,1002.06,0.0075
43.0,-79.5,2026-09-22 22:24:05,17.682000000000016,63.38308410644532,15.574162833184003,1005.39,0.0
43.0,-79.0,2026-09-22 22:24:05,17.948000000000036,59.85808410644532,20.110162833184006,1005.78,0.0
43.5,-82.0,2026-09-22 22:24:05,15.467000000000041,62.13308410644532,26.248162833184004,1006.88,0.0075
43.5,-81.5,2026-09-22 22:24:05,15.435000000000002,61.75808410644532,20.380162833184002,993.78,0.0075
43.5,-81.0,2026-09-22 22:24:05,15.041000000000054,63.283084106445315,20.758162833184006,983.91,0.0
43.5,-80.5,2026-09-22 22:24:05,15.987000000000023,57.158084106445315,16.780162833184004,989.5,0.0
43.5,-80.0,2026-09-22 22:24:05,15.706000000000017,55.283084106445315,15.898162833184003,991.42,0.0075
43.5,-79.5,2026-09-22 22:24:05,14.774000000000001,76.08308410644531,37.498162833184004,1020.24,0.0
43.5,-79.0,2026-09-22 22:24:05,15.031000000000006,77.45808410644531,40.918162833184006,1020.11,0.0
43.5,-65.5,2026-09-22 22:24:05,15.40300000000002,58.09861755371094,11.376000000000001,1026.43,0.0
44.0,-82.0,2026-09-22 22:24:05,14.442000000000007,66.45808410644531,28.246162833184005,1007.83,0.0075
44.0,-81.5,2026-09-22 22:24:05,16.638000000000034,46.10808410644532,13.576162833184005,993.8,0.0075
44.0,-81.0,2026-09-22 22:24:05,15.54600000000005,49.73308410644532,13.342162833184005,986.22,0.0
44.0,-80.5,2026-09-22 22:24:05,14.02600000000001,55.73308410644532,14.710162833184002,971.31,0.0
44.0,-80.0,2026-09-22 22:24:05,14.28000000000003,58.70808410644531,11.812162833184004,984.52,0.0
44.0,-79.5,2026-09-22 22:24:05,14.802000000000021,56.25808410644532,11.992162833184004,993.13,0.0
44.0,-79.0,2026-09-22 22:24:05,15.812000000000012,49.35808410644532,11.542162833184005,1001.63,0.0
44.0,-78.5,2026-09-22 22:24:05,15.500000000000057,53.683084106445314,13.144162833184005,1007.7,0.0
44.0,-78.0,2026-09-22 22:24:05,15.620000000000005,53.08308410644531,13.864162833184006,1012.02,0.0
44.0,-77.5,2026-09-22 22:24:05,15.968000000000018,50.808084106445314,19.282162833184003,1018.63,0.0
44.0,-77.0,2026-09-22 22:24:05,15.052000000000021,56.783084106445315,28.300162833184004,1018.74,0.0
44.0,-76.5,2026-09-22 22:24:05,14.487000000000023,68.63308410644531,34.438162833184,1020.81,0.0
44.0,-66.0,2026-09-22 22:24:05,16.17100000000005,57.49861755371094,10.656,1020.84,0.0155
44.0,-65.5,2026-09-22 22:24:05,16.15500000000003,54.37361755371094,7.632000000000001,1018.56,0.0765
44.0,-65.0,2026-09-22 22:24:05,15.187000000000012,60.97361755371094,8.280000000000001,1016.42,0.5265
44.0,-60.0,2026-09-22 22:24:05,13.967000000000041,68.19861755371095,31.356000000000005,1024.49,30.7085
44.5,-82.0,2026-09-22 22:24:05,14.517000000000053,64.63308410644531,33.484162833184,1008.74,0.0
44.5,-81.5,2026-09-22 22:24:05,14.958000000000027,58.683084106445314,29.146162833184004,1008.53,0.0
44.5,-81.0,2026-09-22 22:24:05,15.43300000000005,48.058084106445314,14.710162833184002,998.16,0.0
44.5,-80.5,2026-09-22 22:24:05,13.831000000000017,63.25808410644532,12.946162833184003,995.05,0.0
44.5,-80.0,2026-09-22 22:24:05,16.200000000000045,48.83308410644531,11.956162833184004,1007.8,0.0
44.5,-79.5,2026-09-22 22:24:05,14.512,55.75808410644532,11.524162833184004,996.53,0.0
44.5,-79.0,2026-09-22 22:24:05,14.670000000000016,54.783084106445315,11.902162833184006,997.99,0.0
44.5,-78.5,2026-09-22 22:24:05,14.726000000000056,55.95808410644531,18.526162833184006,999.49,0.0
44.5,-78.0,2026-09-22 22:24:05,15.201000000000022,50.033084106445315,10.714162833184005,999.22,0.0
44.5,-77.5,2026-09-22 22:24:05,15.585000000000036,46.63308410644532,12.190162833184004,1007.3,0.0
44.5,-77.0,2026-09-22 22:24:05,15.209000000000003,48.20808410644531,12.712162833184005,1009.89,0.0
44.5,-76.5,2026-09-22 22:24:05,14.525000000000034,52.308084106445314,13.018162833184004,1012.02,0.0
44.5,-76.0,2026-09-22 22:24:05,14.763000000000034,55.75808410644532,12.496162833184004,1017.59,0.0
44.5,-66.0,2026-09-22 22:24:05,12.310000000000002,74.22361755371094,18.972,1028.62,0.0305
44.5,-65.5,2026-09-22 22:24:05,14.04200000000003,62.24861755371094,13.716000000000001,1008.51,0.17550000000000002
44.5,-65.0,2026-09-22 22:24:05,14.871000000000038,60.57361755371094,9.936000000000002,1007.51,0.557
44.5,-64.5,2026-09-22 22:24:05,15.67100000000005,58.22361755371094,10.620000000000001,1016.85,2.3040000000000003
44.5,-64.0,2026-09-22 22:24:05,14.587000000000046,64.44861755371095,19.116000000000003,1026.6,0.20600000000000002
44.5,-63.5,2026-09-22 22:24:05,14.77600000000001,66.49861755371094,16.848,1026.67,0.046
45.0,-82.5,2026-09-22 22:24:05,13.552000000000021,65.05808410644532,33.538162833184,1009.91,0.0
45.0,-82.0,2026-09-22 22:24:05,13.696000000000026,63.08308410644531,31.43216283318401,1009.78,0.0
45.0,-81.5,2026-09-22 22:24:05,14.191000000000031,59.45808410644531,27.256162833184003,1009.64,0.0
45.0,-81.0,2026-09-22 22:24:05,13.284000000000049,69.45808410644531,26.734162833184005,1009.99,0.0
45.0,-80.5,2026-09-22 22:24:05,13.284000000000049,71.23308410644532,21.928162833184007,1010.0,0.0
45.0,-80.0,2026-09-22 22:24:05,14.44300000000004,61.533084106445315,17.680162833184003,1009.75,0.0
45.0,-79.5,2026-09-22 22:24:05,14.743000000000052,55.033084106445315,10.426162833184005,1001.13,0.0
45.0,-79.0,2026-09-22 22:24:05,14.331000000000017,54.00808410644532,9.490162833184003,992.22,0.0
45.0,-78.5,2026-09-22 22:24:05,13.638000000000034,52.558084106445314,10.210162833184004,986.08,0.0
45.0,-78.0,2026-09-22 22:24:05,13.253000000000043,55.63308410644532,10.156162833184004,986.36,0.0
45.0,-77.5,2026-09-22 22:24:05,13.069000000000017,52.23308410644532,10.534162833184004,984.53,0.0
45.0,-77.0,2026-09-22 22:24:05,13.690000000000055,50.808084106445314,9.922162833184004,992.41,0.0
45.0,-76.5,2026-09-22 22:24:05,14.539000000000044,50.10808410644532,10.048162833184005,1008.0,0.0
45.0,-76.0,2026-09-22 22:24:05,14.726000000000056,52.808084106445314,9.904162833184005,1014.47,0.084
45.0,-75.5,2026-09-22 22:24:05,15.095000000000027,55.63308410644532,10.210162833184004,1020.99,0.0
45.0,-75.0,2026-09-22 22:24:05,15.254000000000019,57.13308410644532,10.282162833184005,1021.49,0.0
45.0,-74.5,2026-09-22 22:24:05,15.234000000000037,60.808084106445314,11.020162833184004,1025.14,0.0
45.0,-74.0,2026-09-22 22:24:05,14.576000000000022,55.908084106445315,7.726162833184005,1006.83,0.0
45.0,-73.5,2026-09-22 22:24:05,15.543000000000006,56.933084106445314,6.160162833184004,1023.06,0.0
45.0,-73.0,2026-09-22 22:24:05,16.402000000000044,56.95808410644531,6.196162833184005,1020.0,0.0
45.0,-72.5,2026-09-22 22:24:05,13.140000000000043,52.75808410644532,5.944162833184004,969.94,0.0155
45.0,-72.0,2026-09-22 22:24:05,14.54000000000002,51.658084106445315,6.088162833184004,978.44,0.0765
45.0,-71.5,2026-09-22 22:24:05,15.144000000000005,46.98308410644532,2.182162833184004,982.31,0.0
45.0,-67.0,2026-09-22 22:24:05,13.913000000000011,61.89861755371094,8.136000000000001,1027.42,0.0
45.0,-66.5,2026-09-22 22:24:05,13.452000000000055,61.14861755371094,2.628,1028.87,0.0
45.0,-65.0,2026-09-22 22:24:05,14.596000000000004,57.14861755371094,8.856,1018.27,0.0155
45.0,-64.5,2026-09-22 22:24:05,14.162000000000035,60.34861755371094,10.224,1002.56,1.625
45.0,-64.0,2026-09-22 22:24:05,15.590000000000032,61.94861755371094,10.584,1022.98,1.5565
45.0,-63.5,2026-09-22 22:24:05,15.848000000000013,60.97361755371094,11.232000000000001,1023.29,1.4725
45.0,-63.0,2026-09-22 22:24:05,15.174000000000035,66.52361755371093,11.952000000000002,1008.45,0.7705
45.0,-62.5,2026-09-22 22:24:05,15.690000000000055,56.49861755371094,14.22,1016.87,0.725
45.0,-62.0,2026-09-22 22:24:05,15.497000000000014,57.69861755371094,22.5,1024.34,0.45
45.5,-83.0,2026-09-22 22:24:05,12.688000000000045,67.43308410644532,27.112162833184005,1010.78,0.0
45.5,-82.5,2026-09-22 22:24:05,12.805000000000007,65.80808410644532,28.354162833184006,1010.7,0.0
45.5,-82.0,2026-09-22 22:24:05,12.918000000000006,62.85808410644532,30.532162833184007,1010.67,0.0
45.5,-81.5,2026-09-22 22:24:05,12.55800000000005,62.783084106445315,31.054162833184005,1010.8,0.0
45.5,-81.0,2026-09-22 22:24:05,12.827000000000055,62.73308410644532,25.672162833184007,1010.7,0.0
45.5,-80.5,2026-09-22 22:24:05,13.557000000000016,60.70808410644531,18.238162833184006,1010.45,0.0
45.5,-80.0,2026-09-22 22:24:05,15.000000000000057,46.933084106445314,9.202162833184003,1000.5,0.0
45.5,-79.5,2026-09-22 22:24:05,14.203000000000031,51.10808410644532,8.590162833184003,991.67,0.0
45.5,-79.0,2026-09-22 22:24:05,13.959000000000003,44.558084106445314,9.094162833184004,981.78,0.0
45.5,-78.5,2026-09-22 22:24:05,12.990000000000009,46.83308410644531,9.400162833184003,974.91,0.0
45.5,-78.0,2026-09-22 22:24:05,13.41700000000003,47.10808410644532,8.896162833184004,988.92,0.0
45.5,-77.5,2026-09-22 22:24:05,12.94300000000004,52.50808410644532,8.662162833184004,994.53,0.0
45.5,-77.0,2026-09-22 22:24:05,14.275000000000034,51.533084106445315,7.2941628331840045,1011.27,0.0
45.5,-76.5,2026-09-22 22:24:05,14.148000000000025,53.00808410644532,9.814162833184005,1020.41,0.0
45.5,-76.0,2026-09-22 22:24:05,15.574000000000012,49.183084106445314,6.160162833184004,1021.38,0.0
45.5,-75.5,2026-09-22 22:24:05,15.120000000000005,48.73308410644532,11.578162833184004,1025.99,0.0
45.5,-75.0,2026-09-22 22:24:05,16.192000000000007,49.63308410644532,7.726162833184005,1024.64,0.0
45.5,-74.5,2026-09-22 22:24:05,15.361000000000047,54.58308410644531,8.860162833184004,1023.34,0.0
45.5,-74.0,2026-09-22 22:24:05,15.473000000000013,50.85808410644532,9.778162833184004,1021.95,0.0
45.5,-73.5,2026-09-22 22:24:05,16.62700000000001,46.058084106445314,11.992162833184004,1030.28,0.0
45.5,-73.0,2026-09-22 22:24:05,15.442000000000007,57.183084106445314,12.064162833184005,1027.44,0.0075
45.5,-72.5,2026-09-22 22:24:05,15.119000000000028,51.00808410644532,6.520162833184004,1007.14,0.0
45.5,-72.0,2026-09-22 22:24:05,15.672000000000025,47.308084106445314,5.584162833184004,1007.81,0.0
45.5,-71.5,2026-09-22 22:24:05,15.243000000000052,49.60808410644532,6.250162833184004,990.39,0.046
45.5,-71.0,2026-09-22 22:24:05,13.249000000000024,47.783084106445315,6.1421628331840035,968.2,0.0535
45.5,-67.5,2026-09-22 22:24:05,15.219000000000051,56.57361755371094,8.604000000000001,1016.15,0.0
45.5,-67.0,2026-09-22 22:24:05,15.771000000000015,49.97361755371094,7.920000000000001,1013.7,0.0
45.5,-66.5,2026-09-22 22:24:05,15.063000000000045,54.22361755371094,7.344,1014.38,0.0
45.5,-66.0,2026-09-22 22:24:05,15.221000000000004,58.19861755371094,10.116,1021.06,0.0
45.5,-65.5,2026-09-22 22:24:05,14.282000000000039,55.12361755371094,9.324,991.27,0.0
45.5,-65.0,2026-09-22 22:24:05,13.92100000000005,64.34861755371094,7.2,1028.2,0.0155
45.5,-64.5,2026-09-22 22:24:05,14.371000000000038,63.92361755371094,10.116,1016.15,0.3815
45.5,-64.0,2026-09-22 22:24:05,14.055000000000007,64.47361755371094,12.168,996.35,1.129
45.5,-63.5,2026-09-22 22:24:05,14.440000000000055,58.67361755371094,13.212,1004.01,1.358
45.5,-63.0,2026-09-22 22:24:05,14.104000000000042,59.44861755371094,13.176,1001.43,2.739
45.5,-62.5,2026-09-22 22:24:05,14.160000000000025,65.69861755371095,14.292000000000002,1005.17,1.1520000000000001
45.5,-62.0,2026-09-22 22:24:05,15.168000000000006,55.74861755371094,14.544,1015.34,0.023
45.5,-61.5,2026-09-22 22:24:05,14.29200000000003,60.37361755371094,17.64,1009.4,0.023
45.5,-61.0,2026-09-22 22:24:05,15.050000000000011,60.77361755371094,27.072000000000003,1023.62,0.046
46.0,-84.0,2026-09-22 22:24:05,13.147000000000048,61.08308410644531,22.972162833184004,1008.67,0.0
46.0,-83.5,2026-09-22 22:24:05,12.098000000000013,68.98308410644532,27.436162833184003,1010.83,0.0
46.0,-83.0,2026-09-22 22:24:05,12.562000000000012,64.70808410644531,28.786162833184004,1011.41,0.0
46.0,-82.5,2026-09-22 22:24:05,12.827000000000055,64.83308410644531,27.022162833184005,1011.39,0.0
46.0,-82.0,2026-09-22 22:24:05,13.45700000000005,55.50808410644532,23.530162833184004,1011.38,0.0
46.0,-81.5,2026-09-22 22:24:05,14.182000000000016,45.558084106445314,16.546162833184006,1003.53,0.0
46.0,-81.0,2026-09-22 22:24:05,13.503000000000043,55.933084106445314,14.584162833184006,1008.58,0.0
46.0,-80.5,2026-09-22 22:24:05,13.949000000000012,47.033084106445315,14.008162833184006,1008.7,0.0
46.0,-80.0,2026-09-22 22:24:05,13.545000000000016,47.783084106445315,11.632162833184005,1003.97,0.0
46.0,-79.5,2026-09-22 22:24:05,13.110000000000014,48.83308410644531,9.814162833184005,991.42,0.0
46.0,-79.0,2026-09-22 22:24:05,11.731000000000051,56.33308410644531,15.808162833184005,986.88,0.0
46.0,-78.5,2026-09-22 22:24:05,12.744000000000028,48.50808410644532,11.470162833184006,989.75,0.0
46.0,-78.0,2026-09-22 22:24:05,12.834000000000003,53.058084106445314,7.474162833184003,995.42,0.0
46.0,-77.5,2026-09-22 22:24:05,13.883000000000038,52.60808410644532,5.710162833184004,1008.86,0.0075
46.0,-77.0,2026-09-22 22:24:05,13.268000000000029,52.283084106445315,8.158162833184004,996.2,0.0155
46.0,-76.5,2026-09-22 22:24:05,13.14100000000002,52.60808410644532,7.348162833184005,997.83,0.023
46.0,-76.0,2026-09-22 22:24:05,14.781000000000006,46.25808410644532,7.708162833184005,1011.41,0.0
46.0,-75.5,2026-09-22 22:24:05,14.640000000000043,43.808084106445314,6.628162833184004,999.39,0.0
46.0,-75.0,2026-09-22 22:24:05,14.006000000000029,52.908084106445315,5.188162833184005,994.77,0.0
46.0,-74.5,2026-09-22 22:24:05,14.341000000000008,51.33308410644531,5.854162833184004,991.83,0.0
46.0,-74.0,2026-09-22 22:24:05,14.28000000000003,47.73308410644532,6.610162833184004,989.28,0.0
46.0,-73.5,2026-09-22 22:24:05,16.664000000000044,40.63308410644532,8.284162833184004,1025.3,0.0
46.0,-73.0,2026-09-22 22:24:05,15.772000000000048,48.783084106445315,10.768162833184004,1029.91,0.0
46.0,-72.5,2026-09-22 22:24:05,15.713000000000022,48.63308410644532,6.250162833184004,1023.58,0.0
46.0,-72.0,2026-09-22 22:24:05,15.835000000000036,47.33308410644531,7.780162833184005,1015.55,0.0
46.0,-71.5,2026-09-22 22:24:05,14.979000000000042,50.808084106445314,4.396162833184004,993.89,0.0
46.0,-71.0,2026-09-22 22:24:05,14.223000000000013,49.908084106445315,5.728162833184004,988.55,0.0
46.0,-70.5,2026-09-22 22:24:05,15.255000000000052,48.658084106445315,5.944162833184004,991.44,0.046
46.0,-67.5,2026-09-22 22:24:05,15.097000000000037,54.47361755371094,9.0,1014.31,0.0
46.0,-67.0,2026-09-22 22:24:05,15.815000000000055,52.54861755371094,6.192,1013.98,0.0
46.0,-66.5,2026-09-22 22:24:05,15.517000000000053,52.17361755371094,6.912,1014.01,0.0
46.0,-66.0,2026-09-22 22:24:05,14.232000000000028,62.07361755371094,13.860000000000001,1028.99,0.0
46.0,-65.5,2026-09-22 22:24:05,15.382000000000005,54.79861755371094,8.316,1019.37,0.0
46.0,-65.0,2026-09-22 22:24:05,15.608000000000004,55.19861755371094,8.1,1023.96,0.0
46.0,-64.5,2026-09-22 22:24:05,14.772000000000048,59.42361755371094,12.492,1021.38,0.0155
46.0,-64.0,2026-09-22 22:24:05,14.944000000000017,58.54861755371094,20.448,1026.06,0.0
46.0,-63.0,2026-09-22 22:24:05,13.912000000000035,68.92361755371094,27.648,1027.12,2.342
46.0,-62.5,2026-09-22 22:24:05,14.617000000000019,63.67361755371094,23.364,1025.76,0.1375
46.0,-61.5,2026-09-22 22:24:05,14.232000000000028,62.69861755371094,17.964000000000002,1018.17,0.20600000000000002
46.0,-61.0,2026-09-22 22:24:05,14.640000000000043,59.62361755371094,22.608,1012.67,0.267
46.0,-60.5,2026-09-22 22:24:05,16.024,53.62361755371094,14.4,1012.46,0.0
46.0,-60.0,2026-09-22 22:24:05,15.434000000000026,58.52361755371094,13.5,1020.57,0.0
46.5,-84.5,2026-09-22 22:24:05,15.42100000000005,40.98308410644532,11.470162833184006,1008.17,0.0
46.5,-84.0,2026-09-22 22:24:05,16.062000000000012,35.908084106445315,9.580162833184005,1004.27,0.0
46.5,-83.5,2026-09-22 22:24:05,15.437000000000012,38.33308410644531,10.948162833184005,993.41,0.0
46.5,-83.0,2026-09-22 22:24:05,14.603000000000009,39.908084106445315,8.104162833184004,986.22,0.0
46.5,-82.5,2026-09-22 22:24:05,14.588000000000022,39.433084106445314,10.102162833184003,987.16,0.0
46.5,-82.0,2026-09-22 22:24:05,13.977000000000032,44.658084106445315,8.914162833184005,992.16,0.0
46.5,-81.5,2026-09-22 22:24:05,13.178000000000054,49.63308410644532,10.804162833184005,994.53,0.0
46.5,-81.0,2026-09-22 22:24:05,13.760000000000048,48.033084106445315,12.568162833184005,999.36,0.0
46.5,-80.5,2026-09-22 22:24:05,13.869000000000028,50.183084106445314,8.914162833184005,1004.08,0.0
46.5,-80.0,2026-09-22 22:24:05,13.773000000000025,50.13308410644532,8.770162833184004,1002.52,0.0
46.5,-79.5,2026-09-22 22:24:05,12.813000000000045,49.63308410644532,9.436162833184005,990.36,0.0
46.5,-79.0,2026-09-22 22:24:05,12.995000000000005,52.183084106445314,7.636162833184005,993.11,0.0
46.5,-78.5,2026-09-22 22:24:05,13.353000000000009,47.533084106445315,7.762162833184004,991.97,0.0
46.5,-78.0,2026-09-22 22:24:05,13.187000000000012,49.10808410644532,6.916162833184004,990.49,0.0
46.5,-77.5,2026-09-22 22:24:05,13.383000000000038,43.83308410644531,7.0601628331840045,986.64,0.0
46.5,-77.0,2026-09-22 22:24:05,13.635000000000048,48.158084106445315,8.518162833184004,996.42,0.0075
46.5,-76.5,2026-09-22 22:24:05,12.959000000000003,50.85808410644532,7.780162833184005,995.05,0.0155
46.5,-76.0,2026-09-22 22:24:05,13.998000000000047,53.23308410644532,7.564162833184005,1007.64,0.0075
46.5,-75.5,2026-09-22 22:24:05,14.229000000000042,49.20808410644531,6.898162833184004,1002.31,0.0
46.5,-75.0,2026-09-22 22:24:05,14.532000000000039,45.58308410644531,6.286162833184004,994.89,0.0
46.5,-74.5,2026-09-22 22:24:05,12.960000000000036,48.283084106445315,7.852162833184003,973.14,0.0
46.5,-74.0,2026-09-22 22:24:05,12.537000000000035,50.73308410644532,7.9241628331840035,966.33,0.0
46.5,-73.5,2026-09-22 22:24:05,13.527000000000044,47.20808410644531,7.114162833184004,981.81,0.0
46.5,-73.0,2026-09-22 22:24:05,14.545000000000016,49.38308410644532,6.682162833184004,1003.47,0.0
46.5,-72.5,2026-09-22 22:24:05,15.486000000000047,50.10808410644532,3.622162833184004,1026.67,0.0
46.5,-72.0,2026-09-22 22:24:05,15.071000000000026,54.88308410644532,4.720162833184004,1022.89,0.2135
46.5,-71.5,2026-09-22 22:24:05,15.362000000000023,50.50808410644532,5.350162833184004,1014.64,0.0
46.5,-71.0,2026-09-22 22:24:05,14.762,53.10808410644532,8.338162833184004,1002.64,0.0
46.5,-70.5,2026-09-22 22:24:05,14.710000000000036,43.85808410644532,6.376162833184004,975.55,0.0
46.5,-70.0,2026-09-22 22:24:05,15.203000000000031,45.25808410644532,8.284162833184004,985.75,0.0
46.5,-67.5,2026-09-22 22:24:05,14.54000000000002,54.99861755371094,8.352,1003.48,0.0
46.5,-67.0,2026-09-22 22:24:05,15.075000000000045,53.14861755371094,6.9479999999999995,999.27,0.0
46.5,-66.5,2026-09-22 22:24:05,15.44500000000005,52.77361755371094,5.184,1009.98,0.0
46.5,-66.0,2026-09-22 22:24:05,14.848000000000013,57.14861755371094,6.732,1016.24,0.0
46.5,-65.5,2026-09-22 22:24:05,14.721000000000004,57.32361755371094,8.028,1016.45,0.0
46.5,-65.0,2026-09-22 22:24:05,15.224000000000046,56.39861755371094,9.108,1023.04,0.0
46.5,-64.0,2026-09-22 22:24:05,14.343000000000018,63.02361755371094,16.596,1024.79,0.0
46.5,-63.5,2026-09-22 22:24:05,13.017000000000053,73.44861755371095,27.468,1026.7,0.0
46.5,-63.0,2026-09-22 22:24:05,12.745000000000005,75.52361755371093,30.636,1027.37,0.45
46.5,-62.5,2026-09-22 22:24:05,12.91500000000002,72.92361755371094,30.096,1026.87,0.107
46.5,-62.0,2026-09-22 22:24:05,12.860000000000014,76.09861755371094,31.607999999999997,1026.34,1.6325
46.5,-61.0,2026-09-22 22:24:05,11.021000000000015,73.04861755371094,14.832,984.26,1.5030000000000001
46.5,-60.5,2026-09-22 22:24:05,13.217000000000041,58.07361755371094,15.624,987.77,0.6865
47.0,-85.0,2026-09-22 22:24:05,12.455000000000041,60.283084106445315,9.148162833184005,1011.59,0.0
47.0,-84.5,2026-09-22 22:24:05,15.709000000000003,39.98308410644532,6.196162833184005,990.53,0.0
47.0,-84.0,2026-09-22 22:24:05,13.610000000000014,44.033084106445315,8.194162833184004,970.75,0.0
47.0,-83.5,2026-09-22 22:24:05,13.823000000000036,43.558084106445314,11.524162833184004,974.66,0.0
47.0,-83.0,2026-09-22 22:24:05,14.592000000000041,40.45808410644531,7.852162833184003,980.49,0.0
47.0,-82.5,2026-09-22 22:24:05,14.049000000000035,44.058084106445314,7.6181628331840034,978.27,0.0075
47.0,-82.0,2026-09-22 22:24:05,14.084000000000003,42.75808410644532,7.582162833184005,979.0,0.0
47.0,-81.5,2026-09-22 22:24:05,13.182000000000016,48.35808410644532,10.390162833184004,983.28,0.0
47.0,-81.0,2026-09-22 22:24:05,12.689000000000021,49.38308410644532,8.284162833184004,980.39,0.0
47.0,-80.5,2026-09-22 22:24:05,13.343000000000018,51.08308410644531,7.762162833184004,997.36,0.0
47.0,-80.0,2026-09-22 22:24:05,13.057000000000016,47.183084106445314,8.860162833184004,995.74,0.0
47.0,-79.5,2026-09-22 22:24:05,13.335000000000036,43.933084106445314,7.6181628331840034,994.06,0.0
47.0,-79.0,2026-09-22 22:24:05,13.299000000000035,50.183084106445314,6.8261628331840045,998.02,0.0155
47.0,-78.5,2026-09-22 22:24:05,12.801000000000045,51.70808410644531,6.898162833184004,994.06,0.0
47.0,-78.0,2026-09-22 22:24:05,13.652000000000044,44.35808410644532,7.726162833184005,993.75,0.0
47.0,-77.5,2026-09-22 22:24:05,13.023000000000025,44.533084106445315,7.780162833184005,984.19,0.0
47.0,-77.0,2026-09-22 22:24:05,12.726000000000056,44.058084106445314,7.906162833184004,983.11,0.0
47.0,-76.5,2026-09-22 22:24:05,12.354000000000042,49.783084106445315,6.8261628331840045,985.05,0.0
47.0,-76.0,2026-09-22 22:24:05,13.104000000000042,48.033084106445315,5.962162833184004,990.47,0.0
47.0,-75.5,2026-09-22 22:24:05,14.113000000000056,47.85808410644532,6.016162833184004,999.64,0.0
47.0,-75.0,2026-09-22 22:24:05,13.01600000000002,50.50808410644532,7.906162833184004,982.53,0.0
47.0,-74.5,2026-09-22 22:24:05,12.32000000000005,50.50808410644532,7.582162833184005,970.45,0.0
47.0,-74.0,2026-09-22 22:24:05,12.326000000000022,52.23308410644532,7.852162833184003,975.89,0.0075
47.0,-73.5,2026-09-22 22:24:05,12.475000000000023,52.35808410644532,7.636162833184005,977.81,0.0155
47.0,-73.0,2026-09-22 22:24:05,13.126000000000033,49.13308410644532,7.906162833184004,988.92,0.2215
47.0,-72.5,2026-09-22 22:24:05,13.79200000000003,50.63308410644532,8.050162833184004,990.7,0.0
47.0,-72.0,2026-09-22 22:24:05,13.880000000000052,48.00808410644532,3.190162833184004,979.8,0.0
47.0,-71.5,2026-09-22 22:24:05,15.523000000000025,39.60808410644532,1.912162833184004,994.8,0.0
47.0,-71.0,2026-09-22 22:24:05,14.724000000000046,57.73308410644532,8.572162833184004,1023.3,0.0
47.0,-70.5,2026-09-22 22:24:05,13.492000000000019,62.933084106445314,13.108162833184005,1031.58,0.0
47.0,-70.0,2026-09-22 22:24:05,13.615000000000009,52.88308410644532,9.958162833184005,984.69,0.0
47.0,-67.5,2026-09-22 22:24:05,13.762,54.39861755371094,7.02,989.12,0.0
47.0,-67.0,2026-09-22 22:24:05,12.386000000000024,58.82361755371094,8.712,974.49,0.0305
47.0,-66.5,2026-09-22 22:24:05,13.800000000000011,52.17361755371094,7.2,986.23,0.0
47.0,-66.0,2026-09-22 22:24:05,14.632000000000005,55.04861755371094,7.920000000000001,1009.38,0.0075
47.0,-65.5,2026-09-22 22:24:05,15.423000000000002,53.09861755371094,9.54,1026.59,0.0
47.0,-65.0,2026-09-22 22:24:05,14.605000000000018,57.72361755371094,11.412,1026.98,0.0
47.0,-64.0,2026-09-22 22:24:05,12.205000000000041,75.89861755371093,28.548000000000002,1027.76,0.0
47.0,-60.5,2026-09-22 22:24:05,11.908000000000015,77.52361755371095,30.024,1006.21,0.6865
47.0,-56.0,2026-09-22 22:24:05,12.386000000000024,77.79861755371094,30.816000000000003,1018.74,1.1520000000000001
47.0,-55.5,2026-09-22 22:24:05,13.749000000000024,66.87361755371094,17.496000000000002,1005.23,11.5965
47.0,-55.0,2026-09-22 22:24:05,13.799000000000035,72.34861755371094,26.64,1016.99,40.2605
47.0,-54.0,2026-09-22 22:24:05,13.024000000000001,74.42361755371094,17.352,991.43,6.0045
47.0,-53.5,2026-09-22 22:24:05,13.823000000000036,73.29861755371094,17.676000000000002,998.77,5.539
47.0,-53.0,2026-09-22 22:24:05,14.741000000000042,75.07361755371095,28.872,1001.9,14.16
47.5,-86.5,2026-09-22 22:24:05,12.578000000000031,70.28308410644532,18.490162833184005,1011.8,0.0
47.5,-86.0,2026-09-22 22:24:05,12.33200000000005,72.55808410644532,16.870162833184004,1011.91,0.0
47.5,-85.5,2026-09-22 22:24:05,12.453000000000031,62.558084106445314,11.902162833184006,1011.97,0.0
47.5,-85.0,2026-09-22 22:24:05,13.025000000000034,59.10808410644532,6.808162833184004,1011.8,0.0
47.5,-84.5,2026-09-22 22:24:05,14.68100000000004,45.283084106445315,6.340162833184005,984.08,0.0
47.5,-84.0,2026-09-22 22:24:05,13.612000000000023,50.98308410644532,9.436162833184005,980.19,0.0
47.5,-83.5,2026-09-22 22:24:05,13.633000000000038,49.033084106445315,6.430162833184004,973.11,0.0
47.5,-83.0,2026-09-22 22:24:05,14.096000000000004,47.933084106445314,5.728162833184004,979.61,0.0
47.5,-82.5,2026-09-22 22:24:05,14.33200000000005,43.408084106445315,5.944162833184004,981.13,0.0
47.5,-82.0,2026-09-22 22:24:05,14.106000000000051,48.08308410644531,5.764162833184004,984.25,0.0
47.5,-81.5,2026-09-22 22:24:05,14.191000000000031,47.98308410644532,5.998162833184003,986.27,0.0
47.5,-81.0,2026-09-22 22:24:05,14.309000000000026,47.183084106445314,5.872162833184004,987.41,0.0
47.5,-80.5,2026-09-22 22:24:05,12.90100000000001,49.433084106445314,6.808162833184004,981.75,0.0
47.5,-80.0,2026-09-22 22:24:05,13.129000000000019,52.25808410644532,5.908162833184004,997.36,0.0155
47.5,-79.5,2026-09-22 22:24:05,12.845000000000027,57.283084106445315,4.432162833184004,1011.25,0.0915
47.5,-79.0,2026-09-22 22:24:05,12.851000000000056,50.08308410644531,8.896162833184004,1000.02,0.1525
47.5,-78.5,2026-09-22 22:24:05,12.704000000000008,48.408084106445315,6.916162833184004,995.45,0.0155
47.5,-78.0,2026-09-22 22:24:05,12.760000000000048,47.783084106445315,6.160162833184004,992.33,0.0
47.5,-77.5,2026-09-22 22:24:05,11.982000000000028,49.08308410644531,7.870162833184005,993.39,0.0
47.5,-77.0,2026-09-22 22:24:05,11.125000000000057,56.683084106445314,7.258162833184005,991.55,0.0
47.5,-76.5,2026-09-22 22:24:05,12.715000000000032,48.38308410644532,7.240162833184003,988.55,0.0
47.5,-76.0,2026-09-22 22:24:05,12.649000000000001,45.908084106445315,6.394162833184004,982.67,0.0
47.5,-75.5,2026-09-22 22:24:05,12.918000000000006,46.808084106445314,5.764162833184004,984.41,0.0
47.5,-75.0,2026-09-22 22:24:05,13.384000000000015,44.408084106445315,5.728162833184004,983.08,0.0
47.5,-74.5,2026-09-22 22:24:05,12.944000000000017,45.308084106445314,5.584162833184004,975.95,0.0
47.5,-74.0,2026-09-22 22:24:05,12.362000000000023,52.23308410644532,6.916162833184004,974.89,0.0
47.5,-73.5,2026-09-22 22:24:05,12.129000000000019,54.38308410644532,6.484162833184004,981.36,0.0
47.5,-73.0,2026-09-22 22:24:05,12.987000000000023,54.35808410644532,6.196162833184005,993.95,0.0
47.5,-72.5,2026-09-22 22:24:05,12.718000000000018,52.73308410644532,7.438162833184005,984.52,0.0
47.5,-72.0,2026-09-22 22:24:05,11.620000000000005,56.88308410644532,7.762162833184004,967.72,0.0075
47.5,-71.5,2026-09-22 22:24:05,11.541000000000054,51.08308410644531,5.098162833184004,943.61,0.0
47.5,-71.0,2026-09-22 22:24:05,9.944000000000017,56.38308410644532,5.296162833184004,924.2,0.046
47.5,-70.5,2026-09-22 22:24:05,14.895000000000039,56.85808410644532,4.954162833184005,1005.83,0.0
47.5,-70.0,2026-09-22 22:24:05,10.537000000000035,76.73308410644532,8.860162833184004,1031.99,0.0
47.5,-69.5,2026-09-22 22:24:05,12.073000000000036,59.70808410644531,8.806162833184004,984.44,0.023
47.5,-69.0,2026-09-22 22:24:05,12.991000000000042,58.72361755371094,7.848000000000001,993.63,0.038
47.5,-68.5,2026-09-22 22:24:05,13.658000000000015,57.89861755371094,8.352,1001.04,0.038
47.5,-68.0,2026-09-22 22:24:05,13.603000000000009,56.12361755371094,7.092,988.84,0.0075
47.5,-67.5,2026-09-22 22:24:05,13.686000000000035,57.67361755371094,6.732,1000.46,0.0
47.5,-67.0,2026-09-22 22:24:05,13.27600000000001,56.47361755371094,7.02,995.82,0.0
47.5,-66.5,2026-09-22 22:24:05,12.121000000000038,62.27361755371094,6.804,985.32,0.16
47.5,-66.0,2026-09-22 22:24:05,13.190000000000055,53.87361755371094,8.928,996.06,0.0
47.5,-65.5,2026-09-22 22:24:05,13.214000000000055,54.84861755371094,10.368,1012.67,0.1525
47.5,-65.0,2026-09-22 22:24:05,15.08200000000005,47.44861755371094,10.620000000000001,1025.79,0.0
47.5,-61.5,2026-09-22 22:24:05,11.848000000000013,79.29861755371094,28.872,1025.65,2.7315
47.5,-59.0,2026-09-22 22:24:05,13.146000000000015,66.94861755371095,32.436,1021.93,3.7765
47.5,-57.0,2026-09-22 22:24:05,13.189000000000021,67.29861755371094,22.176000000000002,1019.21,0.023
47.5,-56.0,2026-09-22 22:24:05,14.37700000000001,57.77361755371094,24.336,1010.23,1.175
47.5,-55.5,2026-09-22 22:24:05,14.331000000000017,57.59861755371094,15.660000000000002,1002.4,4.9895000000000005
47.5,-55.0,2026-09-22 22:24:05,13.743000000000052,68.02361755371093,25.416000000000004,1008.45,8.072000000000001
47.5,-54.5,2026-09-22 22:24:05,14.393000000000029,67.27361755371093,21.060000000000002,1009.12,5.8745
47.5,-54.0,2026-09-22 22:24:05,13.648000000000025,74.34861755371094,22.104000000000003,1015.65,7.721
47.5,-53.5,2026-09-22 22:24:05,12.87700000000001,79.42361755371094,15.3,1007.34,7.187
47.5,-53.0,2026-09-22 22:24:05,13.352000000000032,79.42361755371094,22.896,1008.27,5.928
47.5,-52.5,2026-09-22 22:24:05,11.365000000000009,89.22314376831055,39.061616145193575,1014.77,10.1395
48.0,-91.5,2026-09-22 22:24:05,14.367000000000019,54.183084106445314,11.902162833184006,980.58,0.0
48.0,-90.5,2026-09-22 22:24:05,13.563000000000045,54.88308410644532,11.398162833184005,961.61,0.0
48.0,-90.0,2026-09-22 22:24:05,13.908000000000015,55.98308410644532,9.346162833184003,976.44,0.0
48.0,-89.5,2026-09-22 22:24:05,11.898000000000025,81.60808410644532,9.238162833184004,1011.08,0.0
48.0,-87.5,2026-09-22 22:24:05,12.019000000000005,85.48308410644532,14.188162833184004,1011.77,0.0
48.0,-87.0,2026-09-22 22:24:05,11.850000000000023,85.88308410644532,12.712162833184005,1011.88,0.0
48.0,-86.5,2026-09-22 22:24:05,12.168000000000006,82.90808410644532,12.010162833184005,1011.97,0.0
48.0,-86.0,2026-09-22 22:24:05,13.168000000000006,69.25808410644531,15.538162833184005,1012.0,0.0
48.0,-85.5,2026-09-22 22:24:05,13.567000000000007,48.70808410644531,5.764162833184004,979.77,0.0
48.0,-85.0,2026-09-22 22:24:05,15.427000000000021,39.98308410644532,2.4881628331840036,993.88,0.0
48.0,-84.5,2026-09-22 22:24:05,15.036000000000001,42.45808410644531,5.188162833184005,991.33,0.0
48.0,-84.0,2026-09-22 22:24:05,14.66700000000003,44.33308410644531,4.144162833184004,980.3,0.0
48.0,-83.5,2026-09-22 22:24:05,14.310000000000002,47.73308410644532,4.288162833184004,976.95,0.0
48.0,-83.0,2026-09-22 22:24:05,14.211000000000013,49.10808410644532,4.252162833184004,984.05,0.0
48.0,-82.5,2026-09-22 22:24:05,13.012,55.808084106445314,3.154162833184004,986.17,0.0
48.0,-82.0,2026-09-22 22:24:05,14.467000000000041,47.23308410644532,3.298162833184004,986.13,0.0
48.0,-81.5,2026-09-22 22:24:05,14.360000000000014,45.08308410644531,3.2441628331840042,990.7,0.0
48.0,-81.0,2026-09-22 22:24:05,13.834000000000003,52.58308410644531,3.190162833184004,985.53,0.023
48.0,-80.5,2026-09-22 22:24:05,13.476000000000056,53.783084106445315,3.3521628331840043,992.75,0.023
48.0,-80.0,2026-09-22 22:24:05,13.485000000000014,54.283084106445315,1.1021628331840039,1000.47,0.0765
48.0,-79.5,2026-09-22 22:24:05,13.892000000000053,49.308084106445314,3.010162833184004,997.64,0.046
48.0,-79.0,2026-09-22 22:24:05,14.083000000000027,42.933084106445314,3.820162833184004,996.94,0.038
48.0,-78.5,2026-09-22 22:24:05,13.675000000000011,45.408084106445315,4.396162833184004,995.78,0.0155
48.0,-78.0,2026-09-22 22:24:05,12.172000000000025,51.95808410644531,6.574162833184004,996.91,0.0
48.0,-77.5,2026-09-22 22:24:05,12.907000000000039,43.35808410644532,5.566162833184004,993.75,0.0
48.0,-77.0,2026-09-22 22:24:05,12.841000000000008,43.98308410644532,5.764162833184004,992.94,0.0
48.0,-76.5,2026-09-22 22:24:05,12.311000000000035,45.558084106445314,4.756162833184004,982.99,0.0
48.0,-76.0,2026-09-22 22:24:05,11.779000000000053,49.058084106445314,5.062162833184003,979.02,0.0
48.0,-75.5,2026-09-22 22:24:05,11.978000000000009,49.683084106445314,5.188162833184005,980.99,0.0
48.0,-75.0,2026-09-22 22:24:05,11.336000000000013,52.63308410644532,5.1341628331840035,972.61,0.046
48.0,-74.5,2026-09-22 22:24:05,11.271000000000015,52.58308410644531,4.972162833184004,973.97,0.0765
48.0,-74.0,2026-09-22 22:24:05,12.110000000000014,49.283084106445315,4.342162833184004,977.8,0.0
48.0,-73.5,2026-09-22 22:24:05,12.439000000000021,48.98308410644532,4.630162833184004,976.31,0.0
48.0,-73.0,2026-09-22 22:24:05,12.795000000000016,53.283084106445315,5.188162833184005,987.42,0.0
48.0,-72.5,2026-09-22 22:24:05,12.126000000000033,57.48308410644532,6.664162833184004,984.66,0.038
48.0,-72.0,2026-09-22 22:24:05,10.601000000000056,61.933084106445314,7.438162833184005,976.24,0.0305
48.0,-71.5,2026-09-22 22:24:05,9.224000000000046,63.558084106445314,6.718162833184004,954.5,0.3815
48.0,-71.0,2026-09-22 22:24:05,9.898000000000025,63.48308410644532,7.528162833184004,953.78,0.0
48.0,-70.5,2026-09-22 22:24:05,10.327000000000055,62.95808410644531,8.068162833184005,955.67,0.0
48.0,-70.0,2026-09-22 22:24:05,13.550000000000011,52.50808410644532,5.908162833184004,992.3,0.0
48.0,-69.5,2026-09-22 22:24:05,10.057000000000016,83.00808410644532,1.7141628331840038,1032.58,0.0
48.0,-69.0,2026-09-22 22:24:05,12.407000000000039,63.17361755371094,7.74,1004.79,0.0685
48.0,-68.5,2026-09-22 22:24:05,12.512,59.92361755371094,7.920000000000001,993.34,0.0535
48.0,-68.0,2026-09-22 22:24:05,12.771000000000015,56.99861755371094,8.172,986.31,0.0535
48.0,-67.5,2026-09-22 22:24:05,11.633000000000038,59.09861755371094,8.676,972.63,0.0075
48.0,-67.0,2026-09-22 22:24:05,13.117000000000019,60.67361755371094,8.64,1006.15,0.0155
48.0,-66.5,2026-09-22 22:24:05,14.078000000000031,61.49861755371094,6.012,1019.81,0.0
48.0,-66.0,2026-09-22 22:24:05,11.908000000000015,72.32361755371095,17.892,1029.67,0.0
48.0,-65.5,2026-09-22 22:24:05,11.672000000000025,74.52361755371093,22.788,1029.2,0.2745
48.0,-64.5,2026-09-22 22:24:05,12.684000000000026,66.04861755371094,14.616000000000001,1028.6,0.656
48.0,-59.0,2026-09-22 22:24:05,11.115000000000009,69.24861755371094,20.772000000000002,988.87,2.8915
48.0,-58.5,2026-09-22 22:24:05,8.841000000000008,75.84861755371094,28.907999999999998,967.42,1.9915
48.0,-58.0,2026-09-22 22:24:05,10.17100000000005,66.62361755371094,36.324,964.26,0.9765
48.0,-57.5,2026-09-22 22:24:05,10.824000000000012,67.44861755371095,29.664,976.79,0.7095
48.0,-57.0,2026-09-22 22:24:05,11.68100000000004,61.07361755371094,20.7,983.51,0.099
48.0,-56.5,2026-09-22 22:24:05,12.043000000000006,62.09861755371094,24.192,986.23,0.41200000000000003
48.0,-56.0,2026-09-22 22:24:05,11.970000000000027,64.62361755371094,28.26,994.34,0.641
48.0,-55.5,2026-09-22 22:24:05,12.615000000000009,62.24861755371094,21.024,992.68,1.0070000000000001
48.0,-55.0,2026-09-22 22:24:05,12.532000000000039,67.69861755371095,20.160000000000004,993.52,5.745
48.0,-54.5,2026-09-22 22:24:05,12.668000000000006,70.32361755371095,16.272000000000002,990.63,4.112
48.0,-54.0,2026-09-22 22:24:05,13.140000000000043,73.12361755371094,18.648,998.87,6.8205
48.0,-53.5,2026-09-22 22:24:05,12.831000000000017,83.24861755371094,26.244,1015.17,9.239
48.0,-53.0,2026-09-22 22:24:05,10.797000000000025,93.57361755371095,19.512,1001.74,11.352500000000001
48.5,-124.5,2026-09-22 22:24:05,12.474000000000046,90.51890411376954,9.576,1018.18,0.023
48.5,-124.0,2026-09-22 22:24:05,14.965000000000032,48.568904113769534,9.324,938.43,0.0
48.5,-123.5,2026-09-22 22:24:05,19.77600000000001,38.46890411376953,7.38,1001.54,0.0
48.5,-93.5,2026-09-22 22:24:05,14.769000000000005,54.63308410644532,7.582162833184005,988.27,0.0
48.5,-92.5,2026-09-22 22:24:05,13.311000000000035,60.10808410644532,9.760162833184005,985.74,0.0
48.5,-92.0,2026-09-22 22:24:05,13.795000000000016,56.73308410644532,9.184162833184004,982.84,0.0
48.5,-91.5,2026-09-22 22:24:05,13.317000000000007,64.93308410644532,12.820162833184005,984.94,0.0
48.5,-91.0,2026-09-22 22:24:05,14.763000000000034,55.60808410644532,8.302162833184003,978.8,0.0
48.5,-90.5,2026-09-22 22:24:05,14.362000000000023,54.73308410644532,8.230162833184005,975.38,0.0
48.5,-90.0,2026-09-22 22:24:05,15.339000000000055,43.25808410644532,7.636162833184005,983.17,0.0
48.5,-89.5,2026-09-22 22:24:05,14.551000000000045,49.183084106445314,8.680162833184005,983.5,0.0
48.5,-89.0,2026-09-22 22:24:05,13.744000000000028,60.58308410644531,4.612162833184004,1005.13,0.0
48.5,-88.5,2026-09-22 22:24:05,12.341000000000008,82.20808410644531,11.200162833184004,1008.14,0.0
48.5,-88.0,2026-09-22 22:24:05,12.680000000000007,81.40808410644532,12.946162833184003,1011.77,0.0
48.5,-87.5,2026-09-22 22:24:05,12.310000000000002,85.13308410644532,12.352162833184005,1011.89,0.0
48.5,-87.0,2026-09-22 22:24:05,12.29200000000003,85.45808410644531,10.390162833184004,1012.02,0.0
48.5,-86.5,2026-09-22 22:24:05,12.657000000000039,80.05808410644532,7.636162833184005,1012.05,0.0
48.5,-86.0,2026-09-22 22:24:05,16.363000000000056,46.85808410644532,1.192162833184004,994.81,0.0
48.5,-85.5,2026-09-22 22:24:05,15.855000000000018,49.50808410644532,2.0561628331840036,985.27,0.0
48.5,-85.0,2026-09-22 22:24:05,14.82000000000005,50.808084106445314,2.380162833184004,981.81,0.0
48.5,-84.5,2026-09-22 22:24:05,15.305000000000007,49.158084106445315,2.146162833184004,990.44,0.0
48.5,-84.0,2026-09-22 22:24:05,15.15500000000003,46.75808410644532,2.578162833184004,984.99,0.023
48.5,-83.5,2026-09-22 22:24:05,15.177000000000021,47.783084106445315,2.182162833184004,991.75,0.0075
48.5,-83.0,2026-09-22 22:24:05,15.51600000000002,43.058084106445314,3.568162833184004,993.14,0.0
48.5,-82.5,2026-09-22 22:24:05,15.096000000000004,46.933084106445314,2.722162833184004,993.67,0.0
48.5,-82.0,2026-09-22 22:24:05,15.478000000000009,42.683084106445314,3.100162833184004,996.56,0.0
48.5,-81.5,2026-09-22 22:24:05,15.606000000000051,42.73308410644532,2.5241628331840036,998.17,0.0
48.5,-81.0,2026-09-22 22:24:05,11.209000000000003,66.43308410644532,4.900162833184004,1000.64,0.038
48.5,-80.5,2026-09-22 22:24:05,14.462000000000046,50.83308410644531,2.0921628331840036,998.59,0.038
48.5,-80.0,2026-09-22 22:24:05,14.175000000000011,49.85808410644532,1.966162833184004,993.08,0.0075
48.5,-79.5,2026-09-22 22:24:05,14.253000000000043,51.08308410644531,1.0481628331840038,998.38,0.0
48.5,-79.0,2026-09-22 22:24:05,13.351000000000056,53.933084106445314,2.470162833184004,993.58,0.0
48.5,-78.5,2026-09-22 22:24:05,13.449000000000012,51.10808410644532,0.8681628331840039,992.59,0.0
48.5,-78.0,2026-09-22 22:24:05,13.337000000000046,50.058084106445314,1.0121628331840038,996.64,0.0
48.5,-77.5,2026-09-22 22:24:05,12.495000000000005,49.63308410644532,1.4801628331840038,994.33,0.0
48.5,-77.0,2026-09-22 22:24:05,12.944000000000017,44.558084106445314,2.5241628331840036,990.13,0.0
48.5,-76.5,2026-09-22 22:24:05,12.270000000000039,44.908084106445315,3.190162833184004,983.67,0.0155
48.5,-76.0,2026-09-22 22:24:05,11.172000000000025,46.058084106445314,4.8101628331840045,986.39,0.0155
48.5,-75.5,2026-09-22 22:24:05,11.588000000000022,50.658084106445315,1.624162833184004,985.28,0.0
48.5,-75.0,2026-09-22 22:24:05,10.109000000000037,52.35808410644532,5.098162833184004,984.7,0.038
48.5,-74.5,2026-09-22 22:24:05,9.920000000000016,61.13308410644532,5.476162833184005,982.8,0.023
48.5,-74.0,2026-09-22 22:24:05,11.379000000000019,51.908084106445315,2.920162833184004,981.14,0.0155
48.5,-73.5,2026-09-22 22:24:05,10.735000000000014,55.10808410644532,3.586162833184004,964.86,0.122
48.5,-73.0,2026-09-22 22:24:05,10.767000000000053,55.58308410644531,4.144162833184004,968.95,0.107
48.5,-72.5,2026-09-22 22:24:05,11.430000000000007,58.88308410644532,5.296162833184004,992.28,0.0535
48.5,-72.0,2026-09-22 22:24:05,9.93300000000005,73.25808410644531,7.492162833184005,1022.25,0.0
48.5,-71.5,2026-09-22 22:24:05,12.728000000000009,61.45808410644531,7.708162833184005,1013.22,0.0
48.5,-71.0,2026-09-22 22:24:05,13.460000000000036,62.308084106445314,8.140162833184004,1011.44,0.0305
48.5,-70.5,2026-09-22 22:24:05,12.291000000000054,63.783084106445315,7.636162833184005,975.97,0.084
48.5,-70.0,2026-09-22 22:24:05,13.970000000000027,44.98308410644532,6.088162833184004,981.83,0.023
48.5,-69.5,2026-09-22 22:24:05,14.254000000000019,52.533084106445315,3.334162833184004,1001.78,0.0
48.5,-68.5,2026-09-22 22:24:05,7.703000000000031,88.93308410644532,6.430162833184004,1031.99,0.2595
48.5,-68.0,2026-09-22 22:24:05,12.715000000000032,59.23308410644532,7.996162833184004,1002.11,0.046
48.5,-67.5,2026-09-22 22:24:05,13.246000000000038,54.72361755371094,9.54,1003.54,0.0075
48.5,-67.0,2026-09-22 22:24:05,11.370000000000005,61.94861755371094,8.712,983.95,0.0765
48.5,-66.5,2026-09-22 22:24:05,10.54200000000003,57.29861755371094,12.636000000000001,966.59,0.183
48.5,-66.0,2026-09-22 22:24:05,12.242000000000019,51.02361755371094,10.44,986.85,0.0765
48.5,-65.5,2026-09-22 22:24:05,11.983000000000004,47.32361755371094,10.188,988.18,0.183
48.5,-65.0,2026-09-22 22:24:05,11.244000000000028,50.32361755371094,11.736,980.98,0.1905
48.5,-64.5,2026-09-22 22:24:05,12.881000000000029,51.39861755371094,10.764000000000001,1007.92,1.3045
48.5,-59.0,2026-09-22 22:24:05,11.786000000000001,72.69861755371095,28.944000000000003,1022.29,8.774000000000001
48.5,-58.5,2026-09-22 22:24:05,11.971000000000004,71.02361755371093,25.596,1018.07,11.017
48.5,-58.0,2026-09-22 22:24:05,10.504000000000019,68.54861755371094,17.46,981.52,8.377
48.5,-57.5,2026-09-22 22:24:05,9.940000000000055,68.89861755371093,20.808,976.26,1.137
48.5,-57.0,2026-09-22 22:24:05,10.411000000000001,68.24861755371094,17.604,983.26,0.099
48.5,-56.5,2026-09-22 22:24:05,10.06800000000004,70.12361755371094,20.016000000000002,980.01,0.038
48.5,-56.0,2026-09-22 22:24:05,9.941000000000031,70.92361755371094,15.516000000000002,985.71,0.717
48.5,-55.5,2026-09-22 22:24:05,11.602000000000032,65.87361755371094,13.428,999.65,0.107
48.5,-55.0,2026-09-22 22:24:05,11.740000000000009,69.14861755371093,12.816,987.99,3.1815
48.5,-54.5,2026-09-22 22:24:05,11.740000000000009,73.77361755371093,12.780000000000001,995.59,6.5615000000000006
48.5,-54.0,2026-09-22 22:24:05,10.829000000000008,87.17361755371094,12.564000000000002,1003.35,6.531
48.5,-53.5,2026-09-22 22:24:05,10.875000000000057,87.57361755371095,18.396,1007.62,5.1115
48.5,-53.0,2026-09-22 22:24:05,10.402000000000044,91.34861755371094,24.192,1015.48,20.5915
49.0,-125.5,2026-09-22 22:24:05,14.797000000000025,61.61890411376953,6.372,975.31,0.046
49.0,-125.0,2026-09-22 22:24:05,14.469000000000051,74.96890411376954,10.98,1000.76,0.0075
49.0,-124.5,2026-09-22 22:24:05,12.390000000000043,68.24390411376953,6.48,923.7,0.0
49.0,-124.0,2026-09-22 22:24:05,16.15300000000002,34.46890411376953,1.332,934.93,0.0
49.0,-123.5,2026-09-22 22:24:05,15.368000000000052,79.81890411376953,10.368,1016.88,0.0
49.0,-123.0,2026-09-22 22:24:05,13.69500000000005,91.31890411376953,8.964,1017.18,0.0075
49.0,-122.5,2026-09-22 22:24:05,19.985000000000014,55.74390411376953,8.208000000000002,1010.31,0.0
49.0,-122.0,2026-09-22 22:24:05,12.686000000000035,76.06890411376953,8.136000000000001,905.21,0.0
49.0,-121.5,2026-09-22 22:24:05,11.454000000000008,47.61890411376953,8.892000000000001,826.62,0.0
49.0,-121.0,2026-09-22 22:24:05,15.922000000000025,44.26890411376954,3.9240000000000004,881.74,0.0
49.0,-120.5,2026-09-22 22:24:05,14.51600000000002,31.36890411376953,7.092,835.04,0.0
49.0,-120.0,2026-09-22 22:24:05,13.80800000000005,23.799673461914065,4.788,791.75,0.0
49.0,-119.5,2026-09-22 22:24:05,20.834000000000003,36.27467346191406,7.02,948.97,0.0
49.0,-119.0,2026-09-22 22:24:05,18.149,32.249673461914064,1.6560000000000001,890.15,0.0
49.0,-118.5,2026-09-22 22:24:05,22.980000000000018,29.024673461914062,3.7800000000000002,932.16,0.0
49.0,-118.0,2026-09-22 22:24:05,21.557000000000016,37.749673461914064,5.796,887.99,0.0
49.0,-117.5,2026-09-22 22:24:05,19.456000000000017,48.69967346191407,4.392,885.85,0.0
49.0,-117.0,2026-09-22 22:24:05,15.816000000000031,56.07467346191407,6.732,819.88,0.0
49.0,-116.5,2026-09-22 22:24:05,23.973000000000013,46.099673461914065,10.656,948.55,0.0
49.0,-116.0,2026-09-22 22:24:05,18.692000000000007,46.44967346191407,6.5520000000000005,841.93,0.0
49.0,-115.5,2026-09-22 22:24:05,17.57000000000005,44.974673461914065,8.532,832.96,0.0
49.0,-115.0,2026-09-22 22:24:05,18.75400000000002,41.249673461914064,5.292,839.83,0.0
49.0,-114.5,2026-09-22 22:24:05,18.076000000000022,62.67467346191407,1.728,846.35,0.0
49.0,-114.0,2026-09-22 22:24:05,16.15900000000005,47.82467346191407,9.72,801.52,0.0
49.0,-113.5,2026-09-22 22:24:05,20.46700000000004,42.57467346191407,7.488,854.47,0.0
49.0,-113.0,2026-09-22 22:24:05,23.04600000000005,28.549673461914065,11.700000000000001,864.86,0.0
49.0,-112.5,2026-09-22 22:24:05,22.868000000000052,36.44967346191407,10.620000000000001,873.91,0.0155
49.0,-112.0,2026-09-22 22:24:05,23.757000000000005,41.749673461914064,7.308000000000001,890.38,0.458
49.0,-111.5,2026-09-22 22:24:05,23.212000000000046,35.17467346191406,10.692,883.65,0.0
49.0,-111.0,2026-09-22 22:24:05,21.277000000000044,61.224673461914065,7.632000000000001,891.13,0.0535
49.0,-110.5,2026-09-22 22:24:05,18.396000000000015,78.62467346191407,8.64,911.94,0.0155
49.0,-110.0,2026-09-22 22:24:05,18.315000000000055,63.94814376831055,4.681616145193577,915.26,0.0
49.0,-109.5,2026-09-22 22:24:05,17.27000000000004,72.19814376831054,3.007616145193577,913.99,0.0
49.0,-109.0,2026-09-22 22:24:05,19.757000000000005,59.59814376831055,7.093616145193577,907.49,0.0155
49.0,-108.5,2026-09-22 22:24:05,19.307000000000016,64.14814376831055,14.149616145193578,909.3,0.099
49.0,-108.0,2026-09-22 22:24:05,19.28800000000001,64.14814376831055,18.577616145193577,917.98,0.0075
49.0,-107.5,2026-09-22 22:24:05,18.359000000000037,69.42314376831055,20.30561614519358,920.65,0.0
49.0,-107.0,2026-09-22 22:24:05,17.48100000000005,71.22314376831055,21.583616145193577,920.21,0.0075
49.0,-106.5,2026-09-22 22:24:05,17.366000000000042,76.64814376831055,21.619616145193575,909.07,0.0
49.0,-106.0,2026-09-22 22:24:05,17.073000000000036,74.02314376831055,24.103616145193577,915.34,0.0
49.0,-105.5,2026-09-22 22:24:05,17.261000000000024,70.67314376831055,25.29161614519358,924.49,0.0
49.0,-105.0,2026-09-22 22:24:05,16.595000000000027,77.74814376831056,24.42761614519358,931.94,0.084
49.0,-104.5,2026-09-22 22:24:05,18.388000000000034,67.27314376831055,26.569616145193578,935.32,0.0
49.0,-104.0,2026-09-22 22:24:05,18.86700000000002,61.39814376831055,28.441616145193578,939.69,0.0155
49.0,-103.5,2026-09-22 22:24:05,19.797000000000025,55.24814376831055,29.899616145193576,946.49,0.0
49.0,-103.0,2026-09-22 22:24:05,18.680000000000007,59.54814376831055,29.089616145193578,951.34,0.0
49.0,-102.5,2026-09-22 22:24:05,18.849000000000046,53.12314376831055,29.827616145193577,950.66,0.0
49.0,-102.0,2026-09-22 22:24:05,18.41300000000001,60.19814376831055,28.29761614519358,956.94,0.0
49.0,-101.5,2026-09-22 22:24:05,18.182000000000016,62.22314376831055,27.289616145193577,963.54,0.0
49.0,-101.0,2026-09-22 22:24:05,17.726000000000056,68.04814376831055,27.775616145193577,968.94,0.0
49.0,-100.5,2026-09-22 22:24:05,16.01400000000001,65.19814376831054,21.70961614519358,945.02,0.0
49.0,-100.0,2026-09-22 22:24:05,15.878000000000043,53.29814376831055,26.713616145193576,941.35,0.0
49.0,-99.5,2026-09-22 22:24:05,17.56400000000002,48.72314376831055,27.865616145193577,963.87,0.0
49.0,-99.0,2026-09-22 22:24:05,17.628000000000043,52.27314376831055,27.307616145193577,968.49,0.0
49.0,-98.5,2026-09-22 22:24:05,15.439000000000021,68.52314376831055,28.00961614519358,970.24,0.0
49.0,-98.0,2026-09-22 22:24:05,16.137,71.59814376831055,24.211616145193577,988.77,0.0
49.0,-97.5,2026-09-22 22:24:05,18.537000000000035,55.52314376831055,22.59161614519358,996.74,0.0
49.0,-97.0,2026-09-22 22:24:05,18.475000000000023,53.42314376831055,20.05361614519358,996.73,0.0
49.0,-96.5,2026-09-22 22:24:05,17.30600000000004,58.67314376831055,15.301616145193577,990.85,0.0
49.0,-96.0,2026-09-22 22:24:05,17.34200000000004,56.64814376831055,12.385616145193577,989.29,0.0
49.0,-95.5,2026-09-22 22:24:05,17.029000000000053,57.19814376831055,10.657616145193577,988.66,0.0
49.0,-94.5,2026-09-22 22:24:05,11.992000000000019,72.40808410644532,17.374162833184005,990.94,0.0155
49.0,-94.0,2026-09-22 22:24:05,13.245000000000005,60.23308410644532,8.140162833184004,987.08,0.0
49.0,-93.5,2026-09-22 22:24:05,12.725000000000023,63.33308410644531,15.088162833184004,986.59,0.0
49.0,-93.0,2026-09-22 22:24:05,12.40100000000001,60.48308410644532,8.590162833184003,980.67,0.0
49.0,-92.5,2026-09-22 22:24:05,13.66900000000004,56.408084106445315,8.590162833184003,983.95,0.0
49.0,-92.0,2026-09-22 22:24:05,12.850000000000023,59.50808410644532,15.664162833184005,978.8,0.0
49.0,-91.5,2026-09-22 22:24:05,13.098000000000013,59.73308410644532,8.518162833184004,975.58,0.046
49.0,-91.0,2026-09-22 22:24:05,14.29600000000005,53.98308410644532,7.096162833184004,975.91,0.0
49.0,-90.5,2026-09-22 22:24:05,13.480000000000018,52.45808410644531,7.996162833184004,975.09,0.0
49.0,-90.0,2026-09-22 22:24:05,13.600000000000023,46.20808410644531,9.436162833184005,975.42,0.0
49.0,-89.5,2026-09-22 22:24:05,14.499000000000024,46.35808410644532,5.386162833184004,976.86,0.0
49.0,-89.0,2026-09-22 22:24:05,16.000000000000057,35.50808410644532,6.7541628331840045,978.91,0.0
49.0,-88.5,2026-09-22 22:24:05,15.413000000000011,49.058084106445314,5.944162833184004,993.8,0.0
49.0,-88.0,2026-09-22 22:24:05,14.963000000000022,62.683084106445314,7.474162833184003,993.49,0.0
49.0,-87.5,2026-09-22 22:24:05,15.619000000000028,52.808084106445314,6.106162833184004,987.58,0.0
49.0,-87.0,2026-09-22 22:24:05,15.188000000000045,56.98308410644532,6.538162833184004,986.89,0.0
49.0,-86.5,2026-09-22 22:24:05,15.16900000000004,60.98308410644532,2.0021628331840042,997.74,0.0155
49.0,-86.0,2026-09-22 22:24:05,15.925000000000011,50.33308410644531,2.992162833184004,995.45,0.0155
49.0,-85.5,2026-09-22 22:24:05,15.862000000000023,51.33308410644531,2.542162833184004,989.0,0.0075
49.0,-85.0,2026-09-22 22:24:05,16.89100000000002,42.60808410644532,2.956162833184004,989.38,0.0
49.0,-84.5,2026-09-22 22:24:05,16.949000000000012,45.58308410644531,3.568162833184004,993.02,0.0
49.0,-84.0,2026-09-22 22:24:05,15.896000000000015,51.533084106445315,4.666162833184004,990.74,0.0
49.0,-83.5,2026-09-22 22:24:05,17.011000000000024,46.908084106445315,5.278162833184004,998.33,0.0
49.0,-83.0,2026-09-22 22:24:05,16.692000000000007,45.308084106445314,4.522162833184004,1000.95,0.0
49.0,-82.5,2026-09-22 22:24:05,16.968000000000018,41.33308410644531,4.540162833184004,999.42,0.0
49.0,-82.0,2026-09-22 22:24:05,16.465000000000032,42.783084106445315,4.864162833184004,1001.0,0.0
49.0,-81.5,2026-09-22 22:24:05,16.587000000000046,41.25808410644532,5.278162833184004,1001.27,0.0075
49.0,-81.0,2026-09-22 22:24:05,15.95700000000005,43.058084106445314,5.494162833184004,1001.02,0.061
49.0,-80.5,2026-09-22 22:24:05,15.630000000000052,43.783084106445315,5.566162833184004,998.5,0.0155
49.0,-80.0,2026-09-22 22:24:05,14.547000000000025,53.45808410644531,6.484162833184004,995.84,0.0
49.0,-79.5,2026-09-22 22:24:05,14.947000000000003,47.933084106445314,6.304162833184004,995.14,0.0
49.0,-79.0,2026-09-22 22:24:05,14.192000000000007,53.558084106445314,6.4481628331840035,997.53,0.0
49.0,-78.5,2026-09-22 22:24:05,14.244000000000028,48.033084106445315,4.432162833184004,995.08,0.0
49.0,-78.0,2026-09-22 22:24:05,14.15500000000003,47.13308410644532,3.298162833184004,997.64,0.0
49.0,-77.5,2026-09-22 22:24:05,13.689000000000021,47.58308410644531,2.722162833184004,998.38,0.0155
49.0,-77.0,2026-09-22 22:24:05,13.090000000000032,49.33308410644531,1.3361628331840039,999.08,0.0
49.0,-76.5,2026-09-22 22:24:05,11.79200000000003,51.533084106445315,1.948162833184004,986.8,0.061
49.0,-76.0,2026-09-22 22:24:05,11.409000000000049,50.33308410644531,1.138162833184004,984.52,0.0
49.0,-75.5,2026-09-22 22:24:05,11.081000000000017,46.38308410644532,2.956162833184004,986.84,0.0155
49.0,-75.0,2026-09-22 22:24:05,11.209000000000003,45.08308410644531,2.920162833184004,974.55,0.038
49.0,-74.5,2026-09-22 22:24:05,10.847000000000037,49.33308410644531,3.046162833184004,979.24,0.038
49.0,-74.0,2026-09-22 22:24:05,10.45700000000005,55.45808410644531,3.208162833184004,979.72,0.1145
49.0,-73.5,2026-09-22 22:24:05,10.063000000000045,55.00808410644532,5.2061628331840035,979.69,0.0685
49.0,-73.0,2026-09-22 22:24:05,11.738000000000056,55.08308410644531,3.622162833184004,997.25,0.107
49.0,-72.5,2026-09-22 22:24:05,12.881000000000029,50.433084106445314,3.910162833184004,1010.39,0.0155
49.0,-72.0,2026-09-22 22:24:05,12.988000000000056,49.88308410644532,5.278162833184004,1006.34,0.0155
49.0,-71.5,2026-09-22 22:24:05,12.451000000000022,54.783084106445315,5.152162833184004,997.81,0.0765
49.0,-71.0,2026-09-22 22:24:05,10.708000000000027,66.00808410644531,4.522162833184004,982.69,0.28250000000000003
49.0,-70.5,2026-09-22 22:24:05,9.037000000000035,66.40808410644532,8.140162833184004,962.3,0.1905
49.0,-70.0,2026-09-22 22:24:05,10.16500000000002,65.18308410644532,7.2941628331840045,965.56,0.17550000000000002
49.0,-69.5,2026-09-22 22:24:05,12.182000000000016,54.558084106445314,7.492162833184005,981.09,0.145
49.0,-69.0,2026-09-22 22:24:05,14.920000000000016,49.13308410644532,6.916162833184004,1010.63,0.038
49.0,-68.5,2026-09-22 22:24:05,8.825000000000045,82.88308410644532,19.768162833184004,1031.81,0.313
49.0,-67.0,2026-09-22 22:24:05,9.119000000000028,84.79861755371094,3.708,1031.63,0.046
49.0,-66.5,2026-09-22 22:24:05,11.19300000000004,52.57361755371094,8.64,1002.26,0.0685
49.0,-66.0,2026-09-22 22:24:05,4.664000000000044,64.37361755371094,17.568,909.35,1.0145
49.0,-65.5,2026-09-22 22:24:05,7.578000000000031,52.97361755371094,16.02,951.68,0.1145
49.0,-65.0,2026-09-22 22:24:05,8.288000000000011,59.04861755371094,14.688,968.42,0.557
49.0,-64.5,2026-09-22 22:24:05,9.500000000000057,64.22361755371094,16.2,1000.79,0.366
49.0,-62.0,2026-09-22 22:24:05,11.29600000000005,70.47361755371094,23.220000000000002,1026.04,0.6025
49.0,-58.5,2026-09-22 22:24:05,10.507000000000005,85.17361755371094,30.024,1016.01,6.4695
49.0,-58.0,2026-09-22 22:24:05,9.569000000000017,91.69861755371095,22.356,1006.82,3.2885
49.0,-57.5,2026-09-22 22:24:05,8.26400000000001,88.92361755371094,16.308,980.12,3.7765
49.0,-57.0,2026-09-22 22:24:05,8.920000000000016,84.42361755371094,23.832,980.65,1.3125
49.0,-56.5,2026-09-22 22:24:05,10.011000000000024,74.52361755371093,13.752,987.06,0.6945
49.0,-56.0,2026-09-22 22:24:05,11.336000000000013,68.07361755371095,12.744,1001.65,0.244
49.0,-55.5,2026-09-22 22:24:05,12.537000000000035,64.64861755371093,13.212,1012.26,0.6025
49.0,-55.0,2026-09-22 22:24:05,10.684000000000026,77.84861755371094,13.824,999.46,3.5780000000000003
49.0,-54.5,2026-09-22 22:24:05,10.642000000000053,92.67361755371094,9.756,1004.95,10.063
49.0,-54.0,2026-09-22 22:24:05,11.087000000000046,85.22361755371094,9.288,1010.32,16.9525
49.0,-53.5,2026-09-22 22:24:05,9.734000000000037,92.02361755371095,20.772000000000002,1016.73,2.9905
49.5,-126.5,2026-09-22 22:24:05,13.274000000000001,77.51890411376954,9.9,990.78,0.885
49.5,-126.0,2026-09-22 22:24:05,13.231000000000051,62.24390411376953,7.164,956.06,0.0305
49.5,-125.5,2026-09-22 22:24:05,8.928000000000054,59.34390411376953,9.0,867.99,0.0305
49.5,-125.0,2026-09-22 22:24:05,10.45700000000005,57.168904113769536,10.224,895.53,0.0
49.5,-124.5,2026-09-22 22:24:05,15.452000000000055,67.91890411376953,9.936000000000002,1016.67,0.0
49.5,-124.0,2026-09-22 22:24:05,15.119000000000028,75.71890411376954,4.716,1016.88,0.0
49.5,-123.5,2026-09-22 22:24:05,14.509000000000015,80.14390411376954,10.26,989.26,0.0
49.5,-123.0,2026-09-22 22:24:05,15.650000000000034,40.59390411376953,6.444,912.85,0.0
49.5,-122.5,2026-09-22 22:24:05,15.197000000000003,63.74390411376953,6.732,941.67,0.0155
49.5,-122.0,2026-09-22 22:24:05,17.126000000000033,38.818904113769534,7.236000000000001,924.67,0.0
49.5,-121.5,2026-09-22 22:24:05,15.156000000000006,56.21890411376953,7.704000000000001,912.76,0.0
49.5,-121.0,2026-09-22 22:24:05,11.836000000000013,56.068904113769534,12.744,848.7,0.0535
49.5,-120.5,2026-09-22 22:24:05,21.42500000000001,30.018904113769533,2.8800000000000003,921.81,0.0
49.5,-120.0,2026-09-22 22:24:05,13.425000000000011,35.474673461914065,7.524,826.86,0.0
49.5,-119.5,2026-09-22 22:24:05,17.959000000000003,33.82467346191407,4.464,889.18,0.0
49.5,-119.0,2026-09-22 22:24:05,17.638000000000034,40.92467346191407,2.16,885.86,0.0
49.5,-118.5,2026-09-22 22:24:05,17.452000000000055,51.07467346191407,3.9240000000000004,872.1,0.0
49.5,-118.0,2026-09-22 22:24:05,17.321000000000026,48.77467346191406,4.212,846.75,0.0
49.5,-117.5,2026-09-22 22:24:05,19.241000000000042,47.19967346191407,1.872,895.0,0.0
49.5,-117.0,2026-09-22 22:24:05,14.15100000000001,55.04967346191407,7.956,798.75,0.0
49.5,-116.5,2026-09-22 22:24:05,14.743000000000052,52.224673461914065,8.532,793.8,0.0
49.5,-116.0,2026-09-22 22:24:05,19.069000000000017,35.04967346191406,4.932,819.1,0.0
49.5,-115.5,2026-09-22 22:24:05,23.216000000000008,34.724673461914065,6.372,919.71,0.0
49.5,-115.0,2026-09-22 22:24:05,18.43300000000005,42.474673461914065,3.9240000000000004,849.69,0.0
49.5,-114.5,2026-09-22 22:24:05,17.035000000000025,46.07467346191407,8.928,825.32,0.0
49.5,-114.0,2026-09-22 22:24:05,22.423000000000002,37.42467346191406,11.664000000000001,879.15,0.0
49.5,-113.5,2026-09-22 22:24:05,23.14300000000003,35.224673461914065,12.492,880.43,0.0
49.5,-113.0,2026-09-22 22:24:05,21.942000000000007,52.44967346191407,11.304,900.24,0.0
49.5,-112.5,2026-09-22 22:24:05,24.126000000000033,37.124673461914064,13.788,904.68,0.0155
49.5,-112.0,2026-09-22 22:24:05,25.248000000000047,32.349673461914065,14.112,904.33,0.023
49.5,-111.5,2026-09-22 22:24:05,24.765000000000043,39.974673461914065,9.108,912.25,0.0
49.5,-111.0,2026-09-22 22:24:05,21.017000000000053,60.39967346191406,13.14,914.11,0.0
49.5,-110.5,2026-09-22 22:24:05,20.50400000000002,55.19967346191407,11.052000000000001,885.88,0.0
49.5,-110.0,2026-09-22 22:24:05,17.197000000000003,64.27314376831055,8.515616145193578,879.68,0.0075
49.5,-109.5,2026-09-22 22:24:05,17.133000000000038,68.09814376831055,9.253616145193577,895.41,0.0
49.5,-109.0,2026-09-22 22:24:05,18.503000000000043,63.87314376831055,11.863616145193577,896.96,0.0
49.5,-108.5,2026-09-22 22:24:05,18.486000000000047,64.72314376831055,20.39561614519358,899.77,0.145
49.5,-108.0,2026-09-22 22:24:05,17.346000000000004,71.52314376831055,27.469616145193577,906.29,0.16
49.5,-107.5,2026-09-22 22:24:05,18.111000000000047,69.57314376831054,25.435616145193578,916.9,0.0075
49.5,-107.0,2026-09-22 22:24:05,18.601000000000056,67.17314376831055,24.51761614519358,921.84,0.0
49.5,-106.5,2026-09-22 22:24:05,20.329000000000008,60.49814376831055,21.277616145193576,924.32,0.0
49.5,-106.0,2026-09-22 22:24:05,18.786,65.09814376831055,25.777616145193576,925.15,0.0
49.5,-105.5,2026-09-22 22:24:05,16.590000000000032,78.27314376831055,26.33561614519358,927.6,0.0
49.5,-105.0,2026-09-22 22:24:05,16.472000000000037,76.32314376831054,27.487616145193577,931.13,0.0
49.5,-104.5,2026-09-22 22:24:05,18.584000000000003,64.77314376831055,27.72161614519358,937.57,0.0
49.5,-104.0,2026-09-22 22:24:05,20.022000000000048,57.54814376831055,28.63961614519358,946.85,0.084
49.5,-103.5,2026-09-22 22:24:05,18.49000000000001,66.44814376831054,28.963616145193576,949.24,0.0
49.5,-103.0,2026-09-22 22:24:05,17.55600000000004,68.12314376831056,29.161616145193577,948.91,0.107
49.5,-102.5,2026-09-22 22:24:05,17.59400000000005,66.04814376831055,28.24361614519358,949.73,0.023
49.5,-102.0,2026-09-22 22:24:05,16.90700000000004,67.94814376831054,26.29961614519358,949.82,0.0
49.5,-101.5,2026-09-22 22:24:05,17.875000000000057,61.74814376831055,25.723616145193578,956.91,0.0
49.5,-101.0,2026-09-22 22:24:05,17.779000000000053,67.24814376831056,25.00361614519358,969.54,0.0
49.5,-100.5,2026-09-22 22:24:05,18.888000000000034,57.54814376831055,22.771616145193576,971.08,0.0
49.5,-100.0,2026-09-22 22:24:05,17.098000000000013,63.09814376831055,22.681616145193576,968.99,0.0
49.5,-99.5,2026-09-22 22:24:05,16.977000000000032,64.67314376831055,23.77961614519358,975.3,0.0
49.5,-99.0,2026-09-22 22:24:05,17.186000000000035,53.04814376831055,20.91761614519358,975.01,0.0
49.5,-98.5,2026-09-22 22:24:05,16.440000000000055,62.09814376831055,23.473616145193578,971.34,0.0
49.5,-98.0,2026-09-22 22:24:05,17.737000000000023,59.99814376831055,25.543616145193578,993.68,0.1525
49.5,-97.5,2026-09-22 22:24:05,18.24000000000001,56.74814376831055,25.255616145193578,997.73,0.0
49.5,-97.0,2026-09-22 22:24:05,18.025000000000034,58.04814376831055,21.781616145193578,998.19,0.0
49.5,-96.5,2026-09-22 22:24:05,17.118000000000052,60.09814376831055,16.489616145193576,993.24,0.0
49.5,-96.0,2026-09-22 22:24:05,17.66900000000004,51.67314376831055,10.531616145193578,989.13,0.0
49.5,-95.5,2026-09-22 22:24:05,16.569000000000017,53.69814376831055,11.665616145193578,987.96,0.0155
49.5,-95.0,2026-09-22 22:24:05,12.857000000000028,76.15808410644532,22.288162833184003,990.42,0.0915
49.5,-94.5,2026-09-22 22:24:05,12.854000000000042,71.18308410644532,18.634162833184007,990.05,0.0305
49.5,-94.0,2026-09-22 22:24:05,13.54400000000004,65.88308410644531,9.256162833184003,987.3,0.0
49.5,-93.5,2026-09-22 22:24:05,13.16900000000004,57.23308410644532,9.256162833184003,984.97,0.0
49.5,-93.0,2026-09-22 22:24:05,13.41500000000002,56.783084106445315,9.400162833184003,984.81,0.0
49.5,-92.5,2026-09-22 22:24:05,13.476000000000056,57.058084106445314,9.472162833184004,981.8,0.0
49.5,-92.0,2026-09-22 22:24:05,13.926000000000045,51.95808410644531,9.634162833184003,977.64,0.0
49.5,-91.5,2026-09-22 22:24:05,13.271000000000015,55.058084106445314,8.950162833184004,979.5,0.0
49.5,-91.0,2026-09-22 22:24:05,13.262,53.283084106445315,5.872162833184004,977.34,0.0
49.5,-90.5,2026-09-22 22:24:05,14.15300000000002,43.73308410644532,6.106162833184004,976.22,0.0
49.5,-90.0,2026-09-22 22:24:05,14.451000000000022,39.683084106445314,7.114162833184004,977.42,0.0
49.5,-89.5,2026-09-22 22:24:05,15.815000000000055,34.10808410644531,5.278162833184004,979.24,0.0
49.5,-89.0,2026-09-22 22:24:05,14.936000000000035,43.558084106445314,6.286162833184004,999.5,0.0
49.5,-88.5,2026-09-22 22:24:05,14.95700000000005,55.783084106445315,4.396162833184004,999.45,0.0
49.5,-88.0,2026-09-22 22:24:05,15.43300000000005,53.60808410644532,4.108162833184004,986.38,0.0
49.5,-87.5,2026-09-22 22:24:05,15.769000000000005,43.35808410644532,3.730162833184004,982.2,0.0
49.5,-87.0,2026-09-22 22:24:05,15.939000000000021,51.35808410644532,4.432162833184004,984.77,0.0
49.5,-86.5,2026-09-22 22:24:05,16.161,53.35808410644532,4.540162833184004,988.91,0.0
49.5,-86.0,2026-09-22 22:24:05,16.187000000000012,53.808084106445314,4.720162833184004,991.91,0.0
49.5,-85.5,2026-09-22 22:24:05,16.324000000000012,56.63308410644532,4.324162833184004,994.58,0.0
49.5,-85.0,2026-09-22 22:24:05,17.789000000000044,44.08308410644531,5.872162833184004,995.09,0.0075
49.5,-84.5,2026-09-22 22:24:05,17.999000000000024,44.98308410644532,4.630162833184004,997.56,0.0
49.5,-84.0,2026-09-22 22:24:05,17.037000000000035,53.00808410644532,3.802162833184004,999.74,0.0
49.5,-83.5,2026-09-22 22:24:05,16.977000000000032,53.58308410644531,4.324162833184004,1000.89,0.0
49.5,-83.0,2026-09-22 22:24:05,17.359000000000037,47.20808410644531,5.530162833184004,1004.05,0.0
49.5,-82.5,2026-09-22 22:24:05,17.20300000000003,51.058084106445314,6.232162833184004,1006.7,0.0
49.5,-82.0,2026-09-22 22:24:05,17.047000000000025,49.45808410644531,7.9241628331840035,1005.47,0.0
49.5,-81.5,2026-09-22 22:24:05,16.535000000000025,48.63308410644532,8.284162833184004,1004.86,0.0
49.5,-81.0,2026-09-22 22:24:05,16.692000000000007,42.35808410644532,9.040162833184004,1000.25,0.0
49.5,-80.5,2026-09-22 22:24:05,15.677000000000021,47.25808410644532,8.626162833184004,999.52,0.0
49.5,-80.0,2026-09-22 22:24:05,15.980000000000018,43.73308410644532,8.230162833184005,997.53,0.0
49.5,-79.5,2026-09-22 22:24:05,15.346000000000004,49.70808410644531,7.708162833184005,1000.92,0.0
49.5,-79.0,2026-09-22 22:24:05,15.039000000000044,49.683084106445314,7.474162833184003,1000.08,0.0
49.5,-78.5,2026-09-22 22:24:05,14.950000000000045,49.08308410644531,6.808162833184004,997.75,0.0
49.5,-78.0,2026-09-22 22:24:05,14.652000000000044,50.683084106445314,6.196162833184005,1000.92,0.0
49.5,-77.5,2026-09-22 22:24:05,13.805000000000007,52.45808410644531,6.250162833184004,999.89,0.0
49.5,-77.0,2026-09-22 22:24:05,12.323000000000036,55.83308410644531,5.764162833184004,986.61,0.0075
49.5,-76.5,2026-09-22 22:24:05,11.12700000000001,58.058084106445314,4.540162833184004,1001.77,0.0
49.5,-76.0,2026-09-22 22:24:05,12.598000000000013,48.20808410644531,3.2801628331840043,996.24,0.0
49.5,-75.5,2026-09-22 22:24:05,11.326000000000022,55.38308410644532,2.290162833184004,991.99,0.0155
49.5,-75.0,2026-09-22 22:24:05,11.580000000000041,47.683084106445314,1.3001628331840038,991.13,0.0305
49.5,-74.5,2026-09-22 22:24:05,10.997000000000014,51.10808410644532,2.758162833184004,988.24,0.16
49.5,-74.0,2026-09-22 22:24:05,11.05400000000003,52.48308410644532,2.146162833184004,984.05,0.17550000000000002
49.5,-73.5,2026-09-22 22:24:05,10.69500000000005,56.808084106445314,1.948162833184004,986.03,0.145
49.5,-73.0,2026-09-22 22:24:05,10.048000000000002,58.058084106445314,3.298162833184004,975.75,0.046
49.5,-72.5,2026-09-22 22:24:05,11.409000000000049,54.88308410644532,4.828162833184004,992.74,0.0155
49.5,-72.0,2026-09-22 22:24:05,11.870000000000005,52.933084106445314,4.000162833184004,995.02,0.0075
49.5,-71.5,2026-09-22 22:24:05,11.550000000000011,52.783084106445315,4.432162833184004,985.55,0.061
49.5,-71.0,2026-09-22 22:24:05,10.89100000000002,55.933084106445314,3.856162833184004,979.81,0.046
49.5,-70.5,2026-09-22 22:24:05,9.467000000000041,69.58308410644531,6.664162833184004,975.83,0.16
49.5,-70.0,2026-09-22 22:24:05,10.199000000000012,61.158084106445315,8.968162833184003,974.05,0.2215
49.5,-69.5,2026-09-22 22:24:05,10.489000000000033,65.63308410644531,8.158162833184004,973.84,0.557
49.5,-69.0,2026-09-22 22:24:05,12.092000000000041,53.308084106445314,9.148162833184005,986.05,1.129
49.5,-68.5,2026-09-22 22:24:05,12.145000000000039,52.433084106445314,7.708162833184005,985.41,0.5645
49.5,-68.0,2026-09-22 22:24:05,12.637,53.85808410644532,7.708162833184005,989.52,0.1525
49.5,-67.5,2026-09-22 22:24:05,13.147000000000048,52.74861755371094,4.392,999.79,0.046
49.5,-63.5,2026-09-22 22:24:05,12.384000000000015,56.67361755371094,12.636000000000001,1015.01,0.1525
49.5,-63.0,2026-09-22 22:24:05,11.166000000000054,62.72361755371094,15.3,1004.04,0.45
49.5,-62.5,2026-09-22 22:24:05,11.176000000000045,64.09861755371094,15.840000000000002,1012.21,0.618
49.5,-58.0,2026-09-22 22:24:05,7.161000000000001,99.97361755371094,22.14,977.59,8.11
49.5,-57.5,2026-09-22 22:24:05,7.428000000000054,88.82361755371095,15.516000000000002,956.56,8.362
49.5,-57.0,2026-09-22 22:24:05,10.268000000000029,82.27361755371095,6.588,1000.4,2.6855
49.5,-56.5,2026-09-22 22:24:05,9.802000000000021,82.32361755371095,8.1,995.67,3.525
49.5,-56.0,2026-09-22 22:24:05,12.501000000000033,64.52361755371093,10.728,1009.2,0.4195
49.5,-55.5,2026-09-22 22:24:05,11.069000000000017,80.12361755371094,20.52,1018.35,0.618
49.5,-55.0,2026-09-22 22:24:05,11.08200000000005,86.32361755371095,24.588,1017.9,0.061
49.5,-54.5,2026-09-22 22:24:05,9.985000000000014,90.52361755371095,10.620000000000001,1017.74,4.6615
49.5,-54.0,2026-09-22 22:24:05,9.16500000000002,94.54861755371094,16.668,1017.7,38.1165
50.0,-127.5,2026-09-22 22:24:05,14.745000000000005,84.36890411376953,36.792,1015.53,1.808
50.0,-127.0,2026-09-22 22:24:05,11.055000000000007,81.56890411376953,9.684,964.59,3.128
50.0,-126.5,2026-09-22 22:24:05,8.29200000000003,78.01890411376954,8.856,911.13,2.1285
50.0,-126.0,2026-09-22 22:24:05,9.43100000000004,73.11890411376953,9.972,916.04,0.244
50.0,-125.5,2026-09-22 22:24:05,15.301000000000045,60.693904113769534,6.156,985.54,0.038
50.0,-125.0,2026-09-22 22:24:05,13.41900000000004,76.41890411376953,5.256,1016.59,0.458
50.0,-124.5,2026-09-22 22:24:05,16.11500000000001,64.14390411376954,10.476,990.45,0.0
50.0,-124.0,2026-09-22 22:24:05,16.190000000000055,52.168904113769536,11.592,977.54,0.0155
50.0,-123.5,2026-09-22 22:24:05,11.038000000000011,45.49390411376953,4.644,867.43,0.0535
50.0,-123.0,2026-09-22 22:24:05,8.249000000000024,46.943904113769534,10.080000000000002,825.09,0.0305
50.0,-122.5,2026-09-22 22:24:05,19.958000000000027,39.84390411376953,5.22,953.87,0.0
50.0,-122.0,2026-09-22 22:24:05,13.885000000000048,33.793904113769536,5.832000000000001,863.31,0.0
50.0,-121.5,2026-09-22 22:24:05,22.373000000000047,36.193904113769534,6.588,963.73,0.0
50.0,-121.0,2026-09-22 22:24:05,17.509000000000015,32.543904113769536,10.26,897.92,0.0
50.0,-120.5,2026-09-22 22:24:05,18.397000000000048,31.36890411376953,10.548,890.29,0.0
50.0,-120.0,2026-09-22 22:24:05,15.27800000000002,38.79967346191407,6.444,855.82,0.0
50.0,-119.5,2026-09-22 22:24:05,18.622000000000014,42.64967346191406,6.66,929.3,0.0
50.0,-119.0,2026-09-22 22:24:05,13.460000000000036,42.02467346191406,5.148,830.32,0.0
50.0,-118.5,2026-09-22 22:24:05,13.604000000000042,45.57467346191407,3.3480000000000003,828.18,0.0
50.0,-118.0,2026-09-22 22:24:05,15.907000000000039,43.124673461914064,3.7800000000000002,863.44,0.0
50.0,-117.5,2026-09-22 22:24:05,12.55800000000005,70.69967346191406,3.06,787.35,0.0
50.0,-117.0,2026-09-22 22:24:05,15.101000000000056,56.599673461914065,3.564,828.55,0.0
50.0,-116.5,2026-09-22 22:24:05,13.465000000000032,55.79967346191407,8.64,778.96,0.0
50.0,-116.0,2026-09-22 22:24:05,16.17900000000003,42.724673461914065,6.5520000000000005,800.93,0.0
50.0,-115.5,2026-09-22 22:24:05,18.17900000000003,42.974673461914065,4.140000000000001,834.22,0.0
50.0,-115.0,2026-09-22 22:24:05,15.691000000000031,44.69967346191407,3.9240000000000004,796.43,0.0
50.0,-114.5,2026-09-22 22:24:05,17.557000000000016,40.474673461914065,6.12,813.65,0.0
50.0,-114.0,2026-09-22 22:24:05,21.305000000000007,39.499673461914064,6.732,863.29,0.0
50.0,-113.5,2026-09-22 22:24:05,23.937000000000012,35.124673461914064,6.192,895.55,0.0
50.0,-113.0,2026-09-22 22:24:05,24.009000000000015,30.049673461914065,10.872,897.21,0.0
50.0,-112.5,2026-09-22 22:24:05,25.345000000000027,28.999673461914064,11.304,916.16,0.0
50.0,-112.0,2026-09-22 22:24:05,24.475000000000023,35.82467346191407,11.304,919.71,0.0
50.0,-111.5,2026-09-22 22:24:05,24.760000000000048,35.374673461914064,11.520000000000001,921.44,0.0
50.0,-111.0,2026-09-22 22:24:05,22.995000000000005,44.92467346191407,16.560000000000002,922.71,0.0
50.0,-110.5,2026-09-22 22:24:05,25.424000000000035,34.82467346191407,17.892,924.83,0.0
50.0,-110.0,2026-09-22 22:24:05,23.932000000000016,55.52314376831055,6.373616145193576,925.87,0.0
50.0,-109.5,2026-09-22 22:24:05,22.94300000000004,46.69814376831055,15.913616145193577,923.43,0.0
50.0,-109.0,2026-09-22 22:24:05,23.95500000000004,45.94814376831055,15.427616145193577,921.85,0.0
50.0,-108.5,2026-09-22 22:24:05,19.838000000000022,56.77314376831055,24.589616145193578,907.46,0.0075
50.0,-108.0,2026-09-22 22:24:05,18.852000000000032,68.32314376831054,22.10561614519358,913.55,0.0765
50.0,-107.5,2026-09-22 22:24:05,19.39300000000003,61.52314376831055,23.95961614519358,915.32,0.1375
50.0,-107.0,2026-09-22 22:24:05,20.575000000000045,56.97314376831055,24.66161614519358,928.71,0.0075
50.0,-106.5,2026-09-22 22:24:05,21.279000000000053,55.69814376831055,23.67161614519358,933.08,0.0
50.0,-106.0,2026-09-22 22:24:05,19.772000000000048,63.02314376831055,26.281616145193578,936.13,0.0
50.0,-105.5,2026-09-22 22:24:05,18.248000000000047,66.87314376831056,29.539616145193577,922.23,0.0
50.0,-105.0,2026-09-22 22:24:05,19.80000000000001,60.97314376831055,28.56761614519358,945.41,0.0
50.0,-104.5,2026-09-22 22:24:05,20.10600000000005,58.22314376831055,28.63961614519358,948.3,0.0
50.0,-104.0,2026-09-22 22:24:05,19.04400000000004,62.02314376831055,29.755616145193578,948.46,0.0075
50.0,-103.5,2026-09-22 22:24:05,18.394000000000005,61.39814376831055,31.573616145193576,943.13,0.046
50.0,-103.0,2026-09-22 22:24:05,17.17500000000001,65.67314376831055,32.545616145193584,940.58,0.061
50.0,-102.5,2026-09-22 22:24:05,17.083000000000027,62.37314376831055,30.20561614519358,936.55,0.0
50.0,-102.0,2026-09-22 22:24:05,17.371000000000038,62.04814376831055,26.281616145193578,944.01,0.0
50.0,-101.5,2026-09-22 22:24:05,16.846000000000004,70.57314376831054,23.851616145193578,955.13,0.0
50.0,-101.0,2026-09-22 22:24:05,17.238000000000056,71.84814376831055,22.771616145193576,965.58,0.0
50.0,-100.5,2026-09-22 22:24:05,17.721000000000004,70.67314376831055,21.925616145193576,969.27,0.0
50.0,-100.0,2026-09-22 22:24:05,17.857000000000028,63.42314376831055,21.763616145193577,968.07,0.0
50.0,-99.5,2026-09-22 22:24:05,17.876000000000033,56.97314376831055,22.663616145193576,977.05,0.023
50.0,-99.0,2026-09-22 22:24:05,17.898000000000025,60.39814376831055,21.15161614519358,986.44,0.0
50.0,-98.5,2026-09-22 22:24:05,17.138000000000034,63.64814376831055,21.52961614519358,993.48,0.0
50.0,-98.0,2026-09-22 22:24:05,16.567000000000007,68.74814376831056,23.995616145193576,995.32,0.0
50.0,-97.5,2026-09-22 22:24:05,17.28800000000001,62.57314376831055,24.04961614519358,996.85,0.0
50.0,-97.0,2026-09-22 22:24:05,16.80600000000004,68.12314376831056,21.961616145193577,998.88,0.0
50.0,-96.5,2026-09-22 22:24:05,17.01400000000001,65.49814376831056,17.76761614519358,996.77,0.0
50.0,-96.0,2026-09-22 22:24:05,16.783000000000015,60.59814376831055,14.905616145193578,994.69,0.0
50.0,-95.5,2026-09-22 22:24:05,16.258000000000038,55.77314376831055,18.37961614519358,990.29,0.0075
50.0,-95.0,2026-09-22 22:24:05,14.131000000000029,63.533084106445315,12.676162833184005,986.63,0.0075
50.0,-94.5,2026-09-22 22:24:05,13.737000000000023,65.18308410644532,11.146162833184004,987.97,0.0
50.0,-94.0,2026-09-22 22:24:05,13.736000000000047,61.48308410644532,12.478162833184005,980.02,0.0
50.0,-93.5,2026-09-22 22:24:05,13.879000000000019,56.48308410644532,11.146162833184004,987.61,0.0
50.0,-93.0,2026-09-22 22:24:05,13.563000000000045,54.033084106445315,9.922162833184004,982.84,0.0
50.0,-92.5,2026-09-22 22:24:05,14.099000000000046,49.558084106445314,9.256162833184003,981.22,0.0
50.0,-92.0,2026-09-22 22:24:05,14.313000000000045,47.38308410644532,11.542162833184005,986.45,0.0
50.0,-91.5,2026-09-22 22:24:05,14.073000000000036,39.683084106445314,8.482162833184004,981.42,0.0
50.0,-91.0,2026-09-22 22:24:05,13.374000000000024,42.48308410644532,6.898162833184004,979.52,0.0
50.0,-90.5,2026-09-22 22:24:05,14.130000000000052,43.38308410644532,6.232162833184004,979.59,0.0
50.0,-90.0,2026-09-22 22:24:05,14.930000000000007,38.783084106445315,5.566162833184004,976.8,0.0
50.0,-89.5,2026-09-22 22:24:05,14.613000000000056,49.88308410644532,5.008162833184004,983.95,0.0
50.0,-89.0,2026-09-22 22:24:05,14.430000000000007,51.25808410644532,4.8101628331840045,990.63,0.0
50.0,-88.5,2026-09-22 22:24:05,12.418000000000006,64.43308410644532,13.828162833184004,1001.66,0.0
50.0,-88.0,2026-09-22 22:24:05,14.843000000000018,59.533084106445315,8.572162833184004,999.45,0.0
50.0,-87.5,2026-09-22 22:24:05,14.092000000000041,63.23308410644532,8.158162833184004,992.33,0.0
50.0,-87.0,2026-09-22 22:24:05,16.868000000000052,54.98308410644532,5.908162833184004,991.99,0.0
50.0,-86.5,2026-09-22 22:24:05,16.773000000000025,58.38308410644532,5.1341628331840035,995.39,0.0
50.0,-86.0,2026-09-22 22:24:05,16.787000000000035,59.73308410644532,5.638162833184004,998.55,0.0
50.0,-85.5,2026-09-22 22:24:05,18.839000000000055,45.33308410644531,6.376162833184004,1004.52,0.0
50.0,-85.0,2026-09-22 22:24:05,18.803000000000054,45.13308410644532,6.160162833184004,1011.05,0.0
50.0,-84.5,2026-09-22 22:24:05,18.226000000000056,47.13308410644532,4.900162833184004,1015.99,0.0
50.0,-84.0,2026-09-22 22:24:05,16.34200000000004,57.283084106445315,4.774162833184004,1012.36,0.0
50.0,-83.5,2026-09-22 22:24:05,17.438000000000045,47.808084106445314,6.718162833184004,1006.16,0.0
50.0,-83.0,2026-09-22 22:24:05,16.887,49.283084106445315,6.970162833184004,1008.27,0.0
50.0,-82.5,2026-09-22 22:24:05,17.56600000000003,45.23308410644532,7.096162833184004,1009.08,0.0
50.0,-82.0,2026-09-22 22:24:05,17.190000000000055,46.98308410644532,8.302162833184003,1008.81,0.0
50.0,-81.5,2026-09-22 22:24:05,17.162000000000035,48.433084106445314,9.814162833184005,1007.83,0.0
50.0,-81.0,2026-09-22 22:24:05,17.12900000000002,46.683084106445314,10.534162833184004,1004.03,0.0
50.0,-80.5,2026-09-22 22:24:05,16.872000000000014,45.73308410644532,11.254162833184004,998.77,0.0
50.0,-80.0,2026-09-22 22:24:05,16.621000000000038,44.33308410644531,11.902162833184006,994.42,0.0
50.0,-79.5,2026-09-22 22:24:05,16.710000000000036,44.808084106445314,11.398162833184005,1000.36,0.0
50.0,-79.0,2026-09-22 22:24:05,16.10300000000001,46.658084106445315,10.714162833184005,1002.88,0.0
50.0,-78.5,2026-09-22 22:24:05,14.807000000000016,50.75808410644532,9.580162833184005,997.25,0.0
50.0,-78.0,2026-09-22 22:24:05,14.140000000000043,56.683084106445314,9.094162833184004,1001.53,0.099
50.0,-77.5,2026-09-22 22:24:05,13.416000000000054,59.183084106445314,12.496162833184004,1001.42,0.0
50.0,-77.0,2026-09-22 22:24:05,13.518000000000029,53.23308410644532,8.482162833184004,999.88,0.0
50.0,-76.5,2026-09-22 22:24:05,12.50200000000001,55.308084106445314,8.536162833184004,999.59,0.0
50.0,-76.0,2026-09-22 22:24:05,12.407000000000039,54.98308410644532,6.016162833184004,993.94,0.0305
50.0,-75.5,2026-09-22 22:24:05,11.615000000000009,55.38308410644532,6.7541628331840045,991.49,0.099
50.0,-75.0,2026-09-22 22:24:05,11.51600000000002,54.25808410644532,3.3881628331840044,989.28,0.2135
50.0,-74.5,2026-09-22 22:24:05,11.122000000000014,49.88308410644532,1.2461628331840038,989.24,0.122
50.0,-74.0,2026-09-22 22:24:05,10.934000000000026,45.98308410644532,2.812162833184004,981.55,0.5875
50.0,-73.5,2026-09-22 22:24:05,10.600000000000023,53.25808410644532,2.254162833184004,982.47,0.0765
50.0,-73.0,2026-09-22 22:24:05,10.100000000000023,56.058084106445314,2.380162833184004,980.05,0.099
50.0,-72.5,2026-09-22 22:24:05,8.218000000000018,66.28308410644532,6.1421628331840035,969.8,0.3435
50.0,-72.0,2026-09-22 22:24:05,9.911000000000001,56.58308410644531,6.538162833184004,979.99,0.0765
50.0,-71.5,2026-09-22 22:24:05,10.120000000000005,52.35808410644532,4.828162833184004,967.66,0.1295
50.0,-71.0,2026-09-22 22:24:05,10.589000000000055,55.533084106445315,4.090162833184005,981.55,0.046
50.0,-70.5,2026-09-22 22:24:05,10.049000000000035,60.85808410644532,6.538162833184004,975.53,0.0535
50.0,-70.0,2026-09-22 22:24:05,10.736000000000047,55.63308410644532,7.186162833184004,977.02,0.0915
50.0,-69.5,2026-09-22 22:24:05,10.01400000000001,63.058084106445314,3.874162833184004,973.11,0.1905
50.0,-69.0,2026-09-22 22:24:05,10.763000000000034,62.308084106445314,11.020162833184004,985.69,0.3355
50.0,-68.5,2026-09-22 22:24:05,11.62700000000001,53.58308410644531,7.852162833184003,986.25,1.0070000000000001
50.0,-68.0,2026-09-22 22:24:05,11.619000000000028,55.183084106445314,7.330162833184003,991.67,0.252
50.0,-67.5,2026-09-22 22:24:05,10.740000000000009,50.49861755371094,9.036000000000001,970.26,0.061
50.0,-67.0,2026-09-22 22:24:05,13.325000000000045,40.82361755371094,8.46,1013.27,0.122
50.0,-64.0,2026-09-22 22:24:05,9.355000000000018,73.27361755371093,23.796000000000003,1028.27,0.45
50.0,-57.5,2026-09-22 22:24:05,9.032000000000039,87.69861755371095,12.816,982.04,8.316
50.0,-57.0,2026-09-22 22:24:05,9.628000000000043,74.44861755371095,9.072000000000001,970.74,3.258
50.0,-56.5,2026-09-22 22:24:05,10.537000000000035,73.72361755371094,1.9080000000000001,1018.95,0.7705
50.0,-56.0,2026-09-22 22:24:05,10.468000000000018,78.37361755371094,14.76,1001.04,2.4565
50.0,-55.5,2026-09-22 22:24:05,9.67900000000003,94.67361755371094,20.016000000000002,1012.07,2.8685
50.5,-128.0,2026-09-22 22:24:05,12.535000000000025,84.56890411376953,16.488,999.67,5.9205000000000005
50.5,-127.5,2026-09-22 22:24:05,11.529000000000053,89.19390411376953,6.444,979.81,4.7225
50.5,-127.0,2026-09-22 22:24:05,12.550000000000011,77.61890411376953,10.944,982.98,0.4045
50.5,-126.5,2026-09-22 22:24:05,12.815000000000055,78.94390411376953,10.476,1015.85,0.45
50.5,-126.0,2026-09-22 22:24:05,14.619000000000028,74.31890411376953,5.0040000000000004,999.99,1.4495
50.5,-125.5,2026-09-22 22:24:05,14.057000000000016,69.89390411376954,5.292,973.98,2.0065
50.5,-125.0,2026-09-22 22:24:05,14.121000000000038,76.16890411376953,12.276000000000002,985.63,0.23650000000000002
50.5,-124.5,2026-09-22 22:24:05,10.42100000000005,61.418904113769536,7.596,880.82,0.20600000000000002
50.5,-124.0,2026-09-22 22:24:05,9.18300000000005,41.543904113769536,8.856,836.93,0.847
50.5,-123.5,2026-09-22 22:24:05,9.336000000000013,49.59390411376953,11.556000000000001,845.6,0.458
50.5,-123.0,2026-09-22 22:24:05,17.863000000000056,48.49390411376953,1.584,958.88,0.122
50.5,-122.5,2026-09-22 22:24:05,13.800000000000011,40.39390411376954,5.976000000000001,880.12,0.0
50.5,-122.0,2026-09-22 22:24:05,7.747000000000014,44.86890411376953,9.288,782.79,0.0535
50.5,-121.5,2026-09-22 22:24:05,15.539000000000044,30.24390411376953,8.208000000000002,858.04,0.0305
50.5,-121.0,2026-09-22 22:24:05,15.704000000000008,34.76890411376953,11.304,864.88,0.0
50.5,-120.5,2026-09-22 22:24:05,17.051000000000045,27.318904113769534,9.251999999999999,861.9,0.0
50.5,-120.0,2026-09-22 22:24:05,14.408000000000015,42.999673461914064,5.5440000000000005,846.54,0.0
50.5,-119.5,2026-09-22 22:24:05,15.670000000000016,43.77467346191406,2.8440000000000003,875.33,0.0
50.5,-119.0,2026-09-22 22:24:05,16.373000000000047,54.599673461914065,3.204,910.96,0.0
50.5,-118.5,2026-09-22 22:24:05,14.643000000000029,53.27467346191406,4.356,872.77,0.0
50.5,-118.0,2026-09-22 22:24:05,16.19100000000003,49.14967346191406,3.636,894.82,0.0
50.5,-117.5,2026-09-22 22:24:05,12.977000000000032,56.52467346191406,6.912,800.05,0.0
50.5,-117.0,2026-09-22 22:24:05,17.44100000000003,57.67467346191407,5.508,862.83,0.0
50.5,-116.5,2026-09-22 22:24:05,13.583000000000027,42.44967346191407,8.784,770.93,0.0
50.5,-116.0,2026-09-22 22:24:05,20.54200000000003,45.67467346191407,3.636,902.58,0.0
50.5,-115.5,2026-09-22 22:24:05,15.87700000000001,47.02467346191406,4.248,813.82,0.0
50.5,-115.0,2026-09-22 22:24:05,15.270000000000039,52.14967346191406,5.508,801.05,0.0
50.5,-114.5,2026-09-22 22:24:05,18.872000000000014,48.224673461914065,3.204,844.55,0.0
50.5,-114.0,2026-09-22 22:24:05,21.783000000000015,46.724673461914065,5.976000000000001,883.15,0.0
50.5,-113.5,2026-09-22 22:24:05,22.65500000000003,46.52467346191406,8.568,898.38,0.0
50.5,-113.0,2026-09-22 22:24:05,24.775000000000034,33.92467346191406,11.736,903.0,0.0
50.5,-112.5,2026-09-22 22:24:05,24.733000000000004,30.724673461914065,8.352,912.44,0.0
50.5,-112.0,2026-09-22 22:24:05,21.682000000000016,43.44967346191407,6.084,919.91,0.0
50.5,-111.5,2026-09-22 22:24:05,21.642000000000053,41.349673461914065,10.368,923.22,0.0
50.5,-111.0,2026-09-22 22:24:05,22.063000000000045,41.54967346191407,15.408000000000001,920.15,0.0
50.5,-110.5,2026-09-22 22:24:05,23.174000000000035,42.974673461914065,16.092,930.63,0.0
50.5,-110.0,2026-09-22 22:24:05,23.140000000000043,41.12314376831055,18.397616145193577,923.96,0.0
50.5,-109.5,2026-09-22 22:24:05,23.090000000000032,41.84814376831055,13.015616145193578,927.62,0.0
50.5,-109.0,2026-09-22 22:24:05,22.135000000000048,53.57314376831055,14.041616145193577,927.19,0.0
50.5,-108.5,2026-09-22 22:24:05,22.26600000000002,54.32314376831055,19.495616145193576,932.23,0.0
50.5,-108.0,2026-09-22 22:24:05,20.890000000000043,59.94814376831055,22.681616145193576,927.08,0.0075
50.5,-107.5,2026-09-22 22:24:05,19.406000000000006,66.24814376831056,23.473616145193578,924.07,0.0
50.5,-107.0,2026-09-22 22:24:05,20.093000000000018,60.24814376831055,24.80561614519358,928.13,0.0
50.5,-106.5,2026-09-22 22:24:05,20.140000000000043,58.94814376831055,27.81161614519358,930.54,0.0
50.5,-106.0,2026-09-22 22:24:05,21.322000000000003,54.04814376831055,26.101616145193578,944.96,0.0
50.5,-105.5,2026-09-22 22:24:05,20.789000000000044,57.87314376831055,25.687616145193577,945.44,0.0
50.5,-105.0,2026-09-22 22:24:05,20.326000000000022,59.47314376831055,28.441616145193578,948.23,0.0
50.5,-104.5,2026-09-22 22:24:05,18.559000000000026,65.72314376831055,30.43961614519358,945.91,0.0
50.5,-104.0,2026-09-22 22:24:05,18.666000000000054,60.74814376831055,32.81561614519358,936.52,0.0
50.5,-103.5,2026-09-22 22:24:05,19.408000000000015,56.79814376831055,29.539616145193577,946.98,0.0
50.5,-103.0,2026-09-22 22:24:05,17.975000000000023,64.59814376831055,28.85561614519358,948.71,0.023
50.5,-102.5,2026-09-22 22:24:05,18.998000000000047,56.04814376831055,21.475616145193577,952.37,0.0
50.5,-102.0,2026-09-22 22:24:05,17.638000000000034,64.02314376831055,19.76561614519358,953.93,0.0
50.5,-101.5,2026-09-22 22:24:05,17.17500000000001,68.62314376831056,20.62961614519358,965.65,0.0075
50.5,-101.0,2026-09-22 22:24:05,16.250000000000057,74.67314376831055,23.14961614519358,958.48,0.0075
50.5,-100.5,2026-09-22 22:24:05,16.92700000000002,65.44814376831054,23.383616145193578,954.8,0.0
50.5,-100.0,2026-09-22 22:24:05,15.835000000000036,65.64814376831055,27.05561614519358,949.57,0.0
50.5,-99.5,2026-09-22 22:24:05,16.99200000000002,61.49814376831055,17.80361614519358,971.01,0.0
50.5,-99.0,2026-09-22 22:24:05,16.610000000000014,72.04814376831055,20.755616145193578,990.91,0.0
50.5,-98.5,2026-09-22 22:24:05,14.714000000000055,73.94814376831054,33.94961614519357,994.88,0.0075
50.5,-98.0,2026-09-22 22:24:05,15.965000000000032,67.89814376831055,27.54161614519358,995.27,0.0685
50.5,-97.5,2026-09-22 22:24:05,16.049000000000035,71.37314376831056,23.869616145193575,992.66,0.0
50.5,-97.0,2026-09-22 22:24:05,16.749000000000024,68.64814376831055,21.961616145193577,998.62,0.0
50.5,-96.5,2026-09-22 22:24:05,16.887,63.29814376831055,14.923616145193579,996.12,0.0
50.5,-96.0,2026-09-22 22:24:05,16.688000000000045,59.57314376831055,11.575616145193578,997.69,0.0
50.5,-95.5,2026-09-22 22:24:05,16.434000000000026,51.79814376831055,12.421616145193578,990.26,0.0
50.5,-95.0,2026-09-22 22:24:05,13.942000000000007,61.308084106445314,13.288162833184005,984.36,0.0
50.5,-94.5,2026-09-22 22:24:05,13.511000000000024,62.783084106445315,12.622162833184005,982.92,0.0
50.5,-94.0,2026-09-22 22:24:05,13.309000000000026,60.908084106445315,12.802162833184004,981.81,0.0
50.5,-93.5,2026-09-22 22:24:05,13.538000000000011,57.308084106445314,13.954162833184004,986.25,0.0
50.5,-93.0,2026-09-22 22:24:05,13.909000000000049,47.75808410644532,15.142162833184003,985.99,0.0
50.5,-92.5,2026-09-22 22:24:05,14.190000000000055,41.75808410644532,10.354162833184004,983.22,0.0
50.5,-92.0,2026-09-22 22:24:05,13.29200000000003,52.25808410644532,15.808162833184005,987.19,0.0
50.5,-91.5,2026-09-22 22:24:05,14.70700000000005,39.35808410644532,8.014162833184004,981.49,0.0
50.5,-91.0,2026-09-22 22:24:05,15.104000000000042,43.408084106445315,8.392162833184004,983.27,0.0
50.5,-90.5,2026-09-22 22:24:05,14.838000000000022,53.033084106445315,7.042162833184004,981.45,0.0
50.5,-90.0,2026-09-22 22:24:05,15.215000000000032,52.408084106445315,5.728162833184004,983.92,0.0
50.5,-89.5,2026-09-22 22:24:05,16.440000000000055,50.08308410644531,6.430162833184004,988.53,0.0
50.5,-89.0,2026-09-22 22:24:05,15.234000000000037,58.50808410644532,7.636162833184005,987.55,0.0
50.5,-88.5,2026-09-22 22:24:05,15.263000000000034,55.33308410644531,6.8261628331840045,988.89,0.0
50.5,-88.0,2026-09-22 22:24:05,17.355000000000018,47.558084106445314,6.808162833184004,991.5,0.0
50.5,-87.5,2026-09-22 22:24:05,17.337000000000046,52.58308410644531,5.728162833184004,993.36,0.0
50.5,-87.0,2026-09-22 22:24:05,16.687000000000012,57.933084106445314,5.332162833184005,994.59,0.0
50.5,-86.5,2026-09-22 22:24:05,18.351000000000056,45.158084106445315,6.106162833184004,995.78,0.0
50.5,-86.0,2026-09-22 22:24:05,18.938000000000045,42.20808410644531,5.800162833184004,1004.31,0.0
50.5,-85.5,2026-09-22 22:24:05,18.721000000000004,45.00808410644532,5.854162833184004,1009.44,0.0
50.5,-85.0,2026-09-22 22:24:05,18.88100000000003,44.60808410644532,7.2941628331840045,1011.28,0.0
50.5,-84.5,2026-09-22 22:24:05,18.839000000000055,46.533084106445315,6.250162833184004,1019.83,0.0
50.5,-84.0,2026-09-22 22:24:05,16.99200000000002,49.308084106445314,7.726162833184005,1017.5,0.0
50.5,-83.5,2026-09-22 22:24:05,17.351000000000056,46.10808410644532,9.382162833184005,1012.08,0.0
50.5,-83.0,2026-09-22 22:24:05,17.930000000000007,43.20808410644531,10.102162833184003,1009.63,0.0
50.5,-82.5,2026-09-22 22:24:05,17.733000000000004,47.33308410644531,9.094162833184004,1019.97,0.0
50.5,-82.0,2026-09-22 22:24:05,18.053000000000054,42.98308410644532,10.102162833184003,1020.3,0.0
50.5,-81.5,2026-09-22 22:24:05,17.43300000000005,47.308084106445314,10.390162833184004,1023.84,0.0
50.5,-81.0,2026-09-22 22:24:05,17.303000000000054,45.908084106445315,11.146162833184004,1017.13,0.0
50.5,-80.5,2026-09-22 22:24:05,17.305000000000007,44.23308410644532,12.352162833184005,1004.24,0.0
50.5,-80.0,2026-09-22 22:24:05,16.89100000000002,46.683084106445314,14.386162833184004,1000.7,0.0
50.5,-79.5,2026-09-22 22:24:05,18.23100000000005,43.908084106445315,13.090162833184003,1008.91,0.0
50.5,-79.0,2026-09-22 22:24:05,18.061000000000035,42.98308410644532,11.020162833184004,1015.25,0.0
50.5,-78.5,2026-09-22 22:24:05,16.786,42.35808410644532,11.812162833184004,1003.5,0.0
50.5,-78.0,2026-09-22 22:24:05,15.672000000000025,49.23308410644532,11.524162833184004,1001.56,0.0075
50.5,-77.5,2026-09-22 22:24:05,14.731000000000051,54.00808410644532,9.958162833184005,998.05,0.0
50.5,-77.0,2026-09-22 22:24:05,13.607000000000028,57.83308410644531,9.868162833184003,997.38,0.0
50.5,-76.5,2026-09-22 22:24:05,12.327000000000055,58.95808410644531,14.998162833184002,999.72,0.0685
50.5,-76.0,2026-09-22 22:24:05,12.168000000000006,55.20808410644531,8.302162833184003,989.08,0.099
50.5,-75.5,2026-09-22 22:24:05,12.382000000000005,51.908084106445315,7.906162833184004,989.91,0.16
50.5,-75.0,2026-09-22 22:24:05,10.605000000000018,59.85808410644532,9.112162833184003,987.34,0.046
50.5,-74.5,2026-09-22 22:24:05,11.081000000000017,54.283084106445315,4.432162833184004,984.61,0.267
50.5,-74.0,2026-09-22 22:24:05,7.317000000000007,64.28308410644532,2.434162833184004,988.97,0.084
50.5,-73.5,2026-09-22 22:24:05,10.228000000000009,51.683084106445314,2.614162833184004,977.94,0.145
50.5,-73.0,2026-09-22 22:24:05,9.79600000000005,54.75808410644532,2.614162833184004,975.77,0.20600000000000002
50.5,-72.5,2026-09-22 22:24:05,8.843000000000018,57.25808410644532,2.758162833184004,969.16,0.229
50.5,-72.0,2026-09-22 22:24:05,8.30600000000004,59.33308410644531,5.908162833184004,961.91,0.3355
50.5,-71.5,2026-09-22 22:24:05,8.555000000000007,58.658084106445315,6.772162833184004,962.38,0.099
50.5,-71.0,2026-09-22 22:24:05,8.086000000000013,59.60808410644532,5.242162833184004,950.0,0.8775000000000001
50.5,-70.5,2026-09-22 22:24:05,7.648000000000025,68.45808410644531,5.062162833184003,970.94,0.3435
50.5,-70.0,2026-09-22 22:24:05,8.444000000000017,66.55808410644532,9.004162833184004,956.06,1.0225
50.5,-69.5,2026-09-22 22:24:05,9.329000000000008,58.683084106445314,5.494162833184004,967.14,0.038
50.5,-69.0,2026-09-22 22:24:05,8.825000000000045,62.73308410644532,7.3841628331840035,961.03,0.267
50.5,-68.5,2026-09-22 22:24:05,11.478000000000009,56.23308410644532,7.528162833184004,993.66,1.2205
50.5,-68.0,2026-09-22 22:24:05,8.963000000000022,59.558084106445314,7.3841628331840035,971.67,0.7555000000000001
50.5,-67.5,2026-09-22 22:24:05,8.775000000000034,57.34861755371094,11.556000000000001,958.59,0.3205
50.5,-67.0,2026-09-22 22:24:05,10.87700000000001,51.39861755371094,11.304,985.74,1.419
50.5,-66.5,2026-09-22 22:24:05,10.408000000000015,52.17361755371094,11.196,985.13,1.19
50.5,-66.0,2026-09-22 22:24:05,9.509000000000015,56.64861755371094,11.916,979.24,1.9075
50.5,-65.5,2026-09-22 22:24:05,11.176000000000045,46.34861755371094,11.484,996.45,1.2895
50.5,-65.0,2026-09-22 22:24:05,10.204000000000008,48.64861755371094,12.420000000000002,989.9,0.29
50.5,-64.5,2026-09-22 22:24:05,10.825000000000045,56.47361755371094,11.232000000000001,1002.37,0.1985
50.5,-64.0,2026-09-22 22:24:05,11.858000000000004,52.07361755371094,11.736,1001.45,0.534
50.5,-63.5,2026-09-22 22:24:05,11.494000000000028,58.14861755371094,15.947999999999999,1008.35,0.664
50.5,-63.0,2026-09-22 22:24:05,12.781000000000006,52.82361755371094,15.264000000000001,1012.63,0.3435
50.5,-62.5,2026-09-22 22:24:05,12.863000000000056,55.12361755371094,14.616000000000001,1010.67,0.35100000000000003
50.5,-62.0,2026-09-22 22:24:05,12.979000000000042,57.29861755371094,13.968,1013.07,0.656
50.5,-61.5,2026-09-22 22:24:05,12.039000000000044,60.37361755371094,16.272000000000002,1008.84,2.8075
50.5,-61.0,2026-09-22 22:24:05,11.135000000000048,67.82361755371095,25.776,1011.76,5.0280000000000005
50.5,-60.5,2026-09-22 22:24:05,12.473000000000013,61.89861755371094,14.940000000000001,1012.23,6.775
50.5,-60.0,2026-09-22 22:24:05,12.143000000000029,63.67361755371094,20.268,1011.9,9.5365
50.5,-59.5,2026-09-22 22:24:05,11.149000000000001,71.09861755371094,28.152,1023.02,6.958
50.5,-57.5,2026-09-22 22:24:05,9.739000000000033,85.59861755371094,44.892,1021.42,2.3575
50.5,-57.0,2026-09-22 22:24:05,8.909000000000049,80.07361755371095,14.58,992.84,8.5295
50.5,-56.5,2026-09-22 22:24:05,8.523000000000025,82.57361755371095,16.776,984.21,5.3405000000000005
51.0,-128.0,2026-09-22 22:24:05,12.209000000000003,89.14390411376954,31.895999999999997,1013.82,4.2345
51.0,-127.5,2026-09-22 22:24:05,12.035000000000025,89.61890411376953,22.32,1007.38,4.921
51.0,-127.0,2026-09-22 22:24:05,12.154000000000053,80.91890411376954,8.856,986.48,1.213
51.0,-126.5,2026-09-22 22:24:05,11.954000000000008,71.41890411376953,7.452,954.15,10.9175
51.0,-126.0,2026-09-22 22:24:05,8.698000000000036,67.21890411376954,8.64,889.34,7.065
51.0,-125.5,2026-09-22 22:24:05,13.16500000000002,74.04390411376953,5.4,959.92,0.7095
51.0,-125.0,2026-09-22 22:24:05,10.935000000000002,65.74390411376953,9.072000000000001,893.32,2.182
51.0,-124.5,2026-09-22 22:24:05,-0.19399999999995998,64.66890411376953,9.936000000000002,784.92,5.417
51.0,-124.0,2026-09-22 22:24:05,7.965000000000032,42.34390411376953,14.796000000000001,811.74,0.107
51.0,-123.5,2026-09-22 22:24:05,7.18100000000004,32.99390411376953,16.632,786.96,0.1525
51.0,-123.0,2026-09-22 22:24:05,10.946000000000026,26.693904113769534,10.188,827.87,0.084
51.0,-122.5,2026-09-22 22:24:05,8.593000000000018,46.068904113769534,11.952000000000002,795.23,0.0305
51.0,-122.0,2026-09-22 22:24:05,17.04000000000002,23.043904113769532,7.488,884.54,0.0305
51.0,-121.5,2026-09-22 22:24:05,18.132000000000005,36.568904113769534,7.164,903.53,0.0155
51.0,-121.0,2026-09-22 22:24:05,17.015000000000043,28.018904113769533,8.604000000000001,878.07,0.0
51.0,-120.5,2026-09-22 22:24:05,12.299000000000035,30.418904113769532,9.828,814.31,0.0
51.0,-120.0,2026-09-22 22:24:05,17.253000000000043,37.54967346191406,6.12,881.49,0.023
51.0,-119.5,2026-09-22 22:24:05,14.369000000000028,46.724673461914065,6.768000000000001,866.65,0.0075
51.0,-119.0,2026-09-22 22:24:05,19.02000000000004,51.749673461914064,4.140000000000001,970.27,0.0
51.0,-118.5,2026-09-22 22:24:05,14.343000000000018,46.27467346191406,1.836,870.19,0.0155
51.0,-118.0,2026-09-22 22:24:05,16.416000000000054,42.974673461914065,3.7800000000000002,888.3,0.0155
51.0,-117.5,2026-09-22 22:24:05,14.092000000000041,47.92467346191407,5.688000000000001,835.96,0.0
51.0,-117.0,2026-09-22 22:24:05,12.310000000000002,51.04967346191407,8.784,777.88,0.0
51.0,-116.5,2026-09-22 22:24:05,20.424000000000035,40.624673461914064,2.0160000000000005,906.63,0.0
51.0,-116.0,2026-09-22 22:24:05,15.299000000000035,55.099673461914065,4.392,822.79,0.0
51.0,-115.5,2026-09-22 22:24:05,16.12900000000002,40.07467346191407,5.58,798.61,0.0
51.0,-115.0,2026-09-22 22:24:05,19.185000000000002,33.849673461914065,3.636,820.6,0.0
51.0,-114.5,2026-09-22 22:24:05,19.339000000000055,47.624673461914064,11.628,867.15,0.0
51.0,-114.0,2026-09-22 22:24:05,20.434000000000026,39.349673461914065,17.028000000000002,894.63,0.0
51.0,-113.5,2026-09-22 22:24:05,20.53000000000003,35.52467346191406,20.232,898.41,0.0
51.0,-113.0,2026-09-22 22:24:05,21.75600000000003,33.249673461914064,19.656,910.9,0.0
51.0,-112.5,2026-09-22 22:24:05,21.08000000000004,37.92467346191406,17.172,912.38,0.0
51.0,-112.0,2026-09-22 22:24:05,19.750000000000057,55.099673461914065,4.824000000000001,926.82,0.0
51.0,-111.5,2026-09-22 22:24:05,20.29200000000003,43.974673461914065,8.244,928.74,0.0
51.0,-111.0,2026-09-22 22:24:05,21.008000000000038,41.02467346191406,12.420000000000002,929.29,0.0
51.0,-110.5,2026-09-22 22:24:05,22.073000000000036,40.874673461914064,12.312,922.55,0.0
51.0,-110.0,2026-09-22 22:24:05,21.432000000000016,44.79814376831055,14.347616145193578,936.58,0.0
51.0,-109.5,2026-09-22 22:24:05,21.858000000000004,48.12314376831055,13.573616145193578,934.15,0.0
51.0,-109.0,2026-09-22 22:24:05,22.253000000000043,49.24814376831055,13.663616145193577,932.43,0.0
51.0,-108.5,2026-09-22 22:24:05,22.626000000000033,51.34814376831055,17.065616145193577,939.57,0.0
51.0,-108.0,2026-09-22 22:24:05,22.384000000000015,53.74814376831055,21.43961614519358,941.63,0.0
51.0,-107.5,2026-09-22 22:24:05,21.036,55.19814376831055,24.13961614519358,928.16,0.0
51.0,-107.0,2026-09-22 22:24:05,21.059000000000026,57.47314376831055,23.851616145193578,943.37,0.0
51.0,-106.5,2026-09-22 22:24:05,19.285000000000025,66.97314376831055,26.38961614519358,947.51,0.0
51.0,-106.0,2026-09-22 22:24:05,20.837000000000046,54.82314376831055,27.001616145193577,941.76,0.0
51.0,-105.5,2026-09-22 22:24:05,20.726000000000056,56.54814376831055,26.281616145193578,950.54,0.0
51.0,-105.0,2026-09-22 22:24:05,19.090000000000032,63.62314376831055,28.495616145193576,951.51,0.0
51.0,-104.5,2026-09-22 22:24:05,19.734000000000037,58.92314376831055,28.423616145193577,950.35,0.0
51.0,-104.0,2026-09-22 22:24:05,19.513000000000034,56.14814376831055,30.115616145193577,943.99,0.0
51.0,-103.5,2026-09-22 22:24:05,19.41900000000004,52.09814376831055,28.045616145193577,939.63,0.0
51.0,-103.0,2026-09-22 22:24:05,19.44500000000005,54.72314376831055,28.351616145193578,948.85,0.0
51.0,-102.5,2026-09-22 22:24:05,18.783000000000015,57.32314376831055,26.76761614519358,957.55,0.0
51.0,-102.0,2026-09-22 22:24:05,17.408000000000015,61.34814376831055,25.543616145193578,956.19,0.0
51.0,-101.5,2026-09-22 22:24:05,17.56600000000003,60.52314376831055,21.72761614519358,961.12,0.0075
51.0,-101.0,2026-09-22 22:24:05,16.87700000000001,64.02314376831055,21.331616145193575,950.04,0.0
51.0,-100.5,2026-09-22 22:24:05,19.126000000000033,53.59814376831055,15.427616145193577,962.74,0.0
51.0,-100.0,2026-09-22 22:24:05,19.625000000000057,50.27314376831055,11.287616145193578,969.07,0.0
51.0,-99.5,2026-09-22 22:24:05,17.30600000000004,61.72314376831055,21.295616145193577,988.48,0.0
51.0,-99.0,2026-09-22 22:24:05,16.348000000000013,64.94814376831054,24.37361614519358,992.43,0.0
51.0,-98.5,2026-09-22 22:24:05,14.868000000000052,69.37314376831056,31.717616145193578,994.23,0.0
51.0,-98.0,2026-09-22 22:24:05,17.29200000000003,57.44814376831055,19.675616145193576,990.57,0.0
51.0,-97.5,2026-09-22 22:24:05,17.390000000000043,54.74814376831055,23.815616145193577,993.91,0.0
51.0,-97.0,2026-09-22 22:24:05,16.471000000000004,61.54814376831055,24.913616145193576,999.6,0.0
51.0,-96.5,2026-09-22 22:24:05,14.987000000000023,69.07314376831054,27.19961614519358,1000.71,0.0
51.0,-96.0,2026-09-22 22:24:05,17.35300000000001,54.07314376831055,11.827616145193577,995.46,0.0
51.0,-95.5,2026-09-22 22:24:05,17.348000000000013,42.39814376831055,13.339616145193578,990.24,0.0
51.0,-95.0,2026-09-22 22:24:05,14.42900000000003,53.33308410644531,13.162162833184004,985.22,0.0
51.0,-94.5,2026-09-22 22:24:05,13.988000000000056,50.45808410644531,12.874162833184004,980.13,0.0
51.0,-94.0,2026-09-22 22:24:05,13.966000000000008,50.808084106445314,19.066162833184006,983.5,0.0
51.0,-93.5,2026-09-22 22:24:05,13.924000000000035,47.933084106445314,12.568162833184005,983.75,0.0
51.0,-93.0,2026-09-22 22:24:05,14.18100000000004,47.33308410644531,13.378162833184003,981.58,0.0
51.0,-92.5,2026-09-22 22:24:05,14.357000000000028,47.908084106445315,14.584162833184006,982.09,0.0
51.0,-92.0,2026-09-22 22:24:05,14.861000000000047,41.45808410644531,10.570162833184005,978.22,0.0
51.0,-91.5,2026-09-22 22:24:05,15.622000000000014,44.23308410644532,9.958162833184005,982.55,0.0
51.0,-91.0,2026-09-22 22:24:05,14.255000000000052,56.308084106445314,11.758162833184006,986.13,0.0
51.0,-90.5,2026-09-22 22:24:05,15.40500000000003,53.408084106445315,7.6181628331840034,984.31,0.0
51.0,-90.0,2026-09-22 22:24:05,15.649000000000001,52.283084106445315,7.780162833184005,984.41,0.0
51.0,-89.5,2026-09-22 22:24:05,16.787000000000035,50.13308410644532,8.230162833184005,987.42,0.0
51.0,-89.0,2026-09-22 22:24:05,17.715000000000032,42.83308410644531,7.9241628331840035,989.16,0.0
51.0,-88.5,2026-09-22 22:24:05,16.90700000000004,48.08308410644531,6.898162833184004,990.13,0.0
51.0,-88.0,2026-09-22 22:24:05,18.077000000000055,41.558084106445314,7.816162833184004,993.17,0.0
51.0,-87.5,2026-09-22 22:24:05,18.146000000000015,42.308084106445314,7.258162833184005,994.06,0.0
51.0,-87.0,2026-09-22 22:24:05,18.509000000000015,39.98308410644532,7.780162833184005,998.06,0.0
51.0,-86.5,2026-09-22 22:24:05,18.86500000000001,40.158084106445315,7.9241628331840035,1003.5,0.0
51.0,-86.0,2026-09-22 22:24:05,19.08200000000005,43.158084106445315,8.104162833184004,1008.74,0.0
51.0,-85.5,2026-09-22 22:24:05,18.387,50.48308410644532,8.284162833184004,1011.3,0.0
51.0,-85.0,2026-09-22 22:24:05,18.435000000000002,48.88308410644532,8.536162833184004,1014.64,0.0
51.0,-84.5,2026-09-22 22:24:05,18.54200000000003,47.85808410644532,9.094162833184004,1018.77,0.0
51.0,-84.0,2026-09-22 22:24:05,18.660000000000025,43.533084106445315,10.102162833184003,1018.64,0.0
51.0,-83.5,2026-09-22 22:24:05,17.866000000000042,43.558084106445314,10.822162833184004,1018.0,0.0
51.0,-83.0,2026-09-22 22:24:05,18.324000000000012,40.73308410644532,11.380162833184006,1014.74,0.0
51.0,-82.5,2026-09-22 22:24:05,18.997000000000014,40.08308410644531,10.516162833184005,1017.89,0.0
51.0,-82.0,2026-09-22 22:24:05,19.089000000000055,41.60808410644532,10.570162833184005,1019.89,0.0
51.0,-81.5,2026-09-22 22:24:05,17.420000000000016,47.83308410644531,12.244162833184005,1024.83,0.0
51.0,-81.0,2026-09-22 22:24:05,17.091000000000008,47.658084106445315,14.062162833184004,1027.59,0.0
51.0,-80.5,2026-09-22 22:24:05,18.15900000000005,43.08308410644531,13.450162833184004,1026.55,0.0
51.0,-80.0,2026-09-22 22:24:05,18.529000000000053,43.933084106445314,14.620162833184004,1026.59,0.0
51.0,-79.5,2026-09-22 22:24:05,19.601000000000056,41.558084106445314,11.776162833184005,1027.81,0.0
51.0,-79.0,2026-09-22 22:24:05,18.186000000000035,46.08308410644531,12.136162833184004,1020.5,0.0
51.0,-78.5,2026-09-22 22:24:05,17.190000000000055,50.48308410644532,14.782162833184005,1020.25,0.0
51.0,-78.0,2026-09-22 22:24:05,16.604000000000042,48.70808410644531,13.090162833184003,1007.67,0.0
51.0,-77.5,2026-09-22 22:24:05,15.291000000000054,51.283084106445315,11.830162833184005,999.06,0.0
51.0,-77.0,2026-09-22 22:24:05,13.40100000000001,62.08308410644531,14.566162833184006,1001.84,0.0
51.0,-76.5,2026-09-22 22:24:05,13.709000000000003,56.73308410644532,11.056162833184004,999.09,0.229
51.0,-76.0,2026-09-22 22:24:05,12.510000000000048,60.683084106445314,13.576162833184005,995.34,0.084
51.0,-75.5,2026-09-22 22:24:05,12.835000000000036,52.20808410644531,10.678162833184004,993.83,0.1905
51.0,-75.0,2026-09-22 22:24:05,11.65500000000003,55.60808410644532,10.876162833184004,989.45,0.0
51.0,-74.5,2026-09-22 22:24:05,11.216000000000008,54.50808410644532,6.628162833184004,984.95,0.107
51.0,-74.0,2026-09-22 22:24:05,11.212000000000046,50.033084106445315,5.476162833184005,987.58,0.046
51.0,-73.5,2026-09-22 22:24:05,7.3320000000000505,61.75808410644532,7.006162833184004,988.91,0.0075
51.0,-73.0,2026-09-22 22:24:05,9.996000000000038,49.033084106445315,5.188162833184005,981.38,0.183
51.0,-72.5,2026-09-22 22:24:05,8.473000000000013,60.183084106445314,5.332162833184005,967.17,0.427
51.0,-72.0,2026-09-22 22:24:05,8.380000000000052,54.95808410644531,5.872162833184004,961.0,0.847
51.0,-71.5,2026-09-22 22:24:05,9.242000000000019,51.658084106445315,7.420162833184005,965.31,0.6105
51.0,-71.0,2026-09-22 22:24:05,8.147000000000048,61.35808410644532,4.630162833184004,963.69,0.6865
51.0,-70.5,2026-09-22 22:24:05,7.3390000000000555,66.45808410644531,6.8261628331840045,961.02,0.5415
51.0,-70.0,2026-09-22 22:24:05,6.491000000000042,67.75808410644531,6.196162833184005,944.75,0.1145
51.0,-69.5,2026-09-22 22:24:05,8.00200000000001,63.45808410644531,8.806162833184004,953.64,0.7475
51.0,-69.0,2026-09-22 22:24:05,8.039000000000044,65.20808410644531,7.348162833184005,960.36,1.0835000000000001
51.0,-68.5,2026-09-22 22:24:05,6.395000000000039,79.58308410644531,7.636162833184005,956.92,2.1895000000000002
51.0,-68.0,2026-09-22 22:24:05,7.572000000000003,62.933084106445314,12.046162833184004,946.63,1.1595
51.0,-67.5,2026-09-22 22:24:05,8.602000000000032,63.07361755371094,10.692,964.42,0.74
51.0,-67.0,2026-09-22 22:24:05,7.932000000000016,63.32361755371094,11.88,964.34,0.1375
51.0,-66.5,2026-09-22 22:24:05,7.90500000000003,58.34861755371094,13.284,961.23,1.8920000000000001
51.0,-66.0,2026-09-22 22:24:05,7.935000000000002,56.74861755371094,12.312,964.67,7.1485
51.0,-65.5,2026-09-22 22:24:05,5.29400000000004,61.87361755371094,14.436,931.87,4.0360000000000005
51.0,-65.0,2026-09-22 22:24:05,6.198000000000036,59.52361755371094,13.464,947.56,3.83
51.0,-64.5,2026-09-22 22:24:05,7.148000000000025,58.57361755371094,13.788,953.77,0.9535
51.0,-64.0,2026-09-22 22:24:05,6.997000000000014,61.32361755371094,12.888,951.65,0.0765
51.0,-63.5,2026-09-22 22:24:05,8.05600000000004,60.02361755371094,15.048,962.84,0.2975
51.0,-63.0,2026-09-22 22:24:05,7.421000000000049,65.72361755371094,15.876000000000001,964.07,0.47300000000000003
51.0,-62.5,2026-09-22 22:24:05,10.269000000000005,56.54861755371094,14.940000000000001,984.49,0.656
51.0,-62.0,2026-09-22 22:24:05,9.385000000000048,65.64861755371093,14.976,990.4,0.633
51.0,-61.5,2026-09-22 22:24:05,8.362000000000023,72.07361755371095,14.940000000000001,987.27,1.0070000000000001
51.0,-61.0,2026-09-22 22:24:05,9.225000000000023,68.44861755371095,14.544,991.7,1.335
51.0,-60.5,2026-09-22 22:24:05,9.023000000000025,69.37361755371094,14.940000000000001,986.51,5.3255
51.0,-60.0,2026-09-22 22:24:05,9.642000000000053,68.59861755371094,15.984000000000002,991.31,8.339
51.0,-59.5,2026-09-22 22:24:05,10.078000000000031,68.02361755371093,16.092,1005.4,14.572000000000001
51.0,-59.0,2026-09-22 22:24:05,11.500000000000057,65.09861755371094,20.52,1020.18,16.243000000000002
51.0,-57.0,2026-09-22 22:24:05,8.136000000000024,85.29861755371094,39.312,1022.04,5.3405000000000005
51.0,-56.5,2026-09-22 22:24:05,5.336000000000013,99.52361755371095,19.368,999.45,7.1715
51.0,-56.0,2026-09-22 22:24:05,6.958000000000027,97.57361755371095,20.448,1010.85,6.7445
51.0,-55.5,2026-09-22 22:24:05,7.668000000000006,96.77361755371095,36.036,1020.46,4.73
51.5,-128.0,2026-09-22 22:24:05,11.184000000000026,92.49390411376953,15.840000000000002,1005.04,8.4915
51.5,-127.5,2026-09-22 22:24:05,11.330000000000041,78.34390411376954,10.872,966.76,9.3155
51.5,-127.0,2026-09-22 22:24:05,7.454000000000008,74.51890411376954,9.072000000000001,900.9,10.8415
51.5,-126.5,2026-09-22 22:24:05,4.563000000000045,62.61890411376953,18.828000000000003,834.28,2.983
51.5,-126.0,2026-09-22 22:24:05,3.198000000000036,70.44390411376953,14.472000000000001,815.96,6.073
51.5,-125.5,2026-09-22 22:24:05,8.406000000000006,32.418904113769536,3.9240000000000004,821.9,5.905
51.5,-125.0,2026-09-22 22:24:05,9.168000000000006,40.693904113769534,12.96,849.84,0.4885
51.5,-124.5,2026-09-22 22:24:05,9.342000000000041,41.943904113769534,8.172,840.73,1.2205
51.5,-124.0,2026-09-22 22:24:05,7.560000000000002,42.318904113769534,11.520000000000001,813.62,0.0535
51.5,-123.5,2026-09-22 22:24:05,10.234000000000037,33.443904113769534,9.288,821.54,0.0
51.5,-123.0,2026-09-22 22:24:05,14.329000000000008,24.49390411376953,3.2760000000000002,849.09,0.0
51.5,-122.5,2026-09-22 22:24:05,15.275000000000034,43.793904113769536,6.804,894.54,0.0075
51.5,-122.0,2026-09-22 22:24:05,14.114000000000033,39.568904113769534,6.408,871.57,0.0
51.5,-121.5,2026-09-22 22:24:05,15.05600000000004,40.918904113769536,5.832000000000001,880.42,0.0
51.5,-121.0,2026-09-22 22:24:05,15.423000000000002,42.21890411376953,5.112,881.43,0.0
51.5,-120.5,2026-09-22 22:24:05,14.490000000000009,43.693904113769534,3.3480000000000003,860.15,0.0
51.5,-120.0,2026-09-22 22:24:05,9.960000000000036,65.47467346191407,5.868,811.32,0.0075
51.5,-119.5,2026-09-22 22:24:05,18.449000000000012,39.39967346191406,3.3120000000000003,925.8,0.0
51.5,-119.0,2026-09-22 22:24:05,12.375000000000057,51.77467346191406,5.868,840.72,0.0
51.5,-118.5,2026-09-22 22:24:05,17.180000000000007,42.849673461914065,3.636,905.04,0.0
51.5,-118.0,2026-09-22 22:24:05,11.557000000000016,48.64967346191406,6.156,809.24,0.0
51.5,-117.5,2026-09-22 22:24:05,17.942000000000007,30.499673461914064,3.9960000000000004,869.07,0.0
51.5,-117.0,2026-09-22 22:24:05,15.255000000000052,47.69967346191407,3.636,839.71,0.0
51.5,-116.5,2026-09-22 22:24:05,13.000000000000057,53.82467346191407,7.164,796.77,0.0
51.5,-116.0,2026-09-22 22:24:05,11.54000000000002,53.724673461914065,11.556000000000001,761.24,0.0
51.5,-115.5,2026-09-22 22:24:05,13.727000000000032,42.29967346191407,11.16,773.19,0.0
51.5,-115.0,2026-09-22 22:24:05,14.872000000000014,53.77467346191406,8.784,842.02,0.0
51.5,-114.5,2026-09-22 22:24:05,16.66700000000003,47.04967346191407,15.228000000000002,875.61,0.0
51.5,-114.0,2026-09-22 22:24:05,18.19100000000003,44.02467346191406,16.560000000000002,895.94,0.0
51.5,-113.5,2026-09-22 22:24:05,18.880000000000052,45.19967346191407,19.512,908.11,0.0
51.5,-113.0,2026-09-22 22:24:05,20.801000000000045,41.77467346191406,17.856,918.47,0.0
51.5,-112.5,2026-09-22 22:24:05,20.05000000000001,45.07467346191407,19.26,915.05,0.0
51.5,-112.0,2026-09-22 22:24:05,20.043000000000006,41.624673461914064,20.196,906.07,0.0
51.5,-111.5,2026-09-22 22:24:05,20.80000000000001,43.69967346191407,14.148000000000001,921.65,0.0
51.5,-111.0,2026-09-22 22:24:05,19.91300000000001,42.599673461914065,11.124,919.52,0.0
51.5,-110.5,2026-09-22 22:24:05,20.972000000000037,44.099673461914065,12.888,922.16,0.0
51.5,-110.0,2026-09-22 22:24:05,20.840000000000032,45.57314376831055,13.897616145193577,928.26,0.0
51.5,-109.5,2026-09-22 22:24:05,20.777000000000044,47.69814376831055,16.057616145193577,925.8,0.0
51.5,-109.0,2026-09-22 22:24:05,21.545000000000016,48.22314376831055,18.09161614519358,928.68,0.0
51.5,-108.5,2026-09-22 22:24:05,20.97800000000001,54.49814376831055,19.351616145193578,927.88,0.0075
51.5,-108.0,2026-09-22 22:24:05,21.858000000000004,52.47314376831055,20.77361614519358,939.87,0.0
51.5,-107.5,2026-09-22 22:24:05,21.935000000000002,53.54814376831055,21.331616145193575,944.07,0.0
51.5,-107.0,2026-09-22 22:24:05,20.711000000000013,59.92314376831055,25.723616145193578,949.13,0.0
51.5,-106.5,2026-09-22 22:24:05,20.599000000000046,57.37314376831055,28.47761614519358,946.43,0.0
51.5,-106.0,2026-09-22 22:24:05,20.414000000000044,53.92314376831055,29.34161614519358,936.99,0.0
51.5,-105.5,2026-09-22 22:24:05,19.702000000000055,58.72314376831055,28.909616145193574,950.52,0.0
51.5,-105.0,2026-09-22 22:24:05,20.310000000000002,54.79814376831055,28.92761614519358,953.05,0.0
51.5,-104.5,2026-09-22 22:24:05,19.02000000000004,60.94814376831055,31.735616145193575,943.32,0.0
51.5,-104.0,2026-09-22 22:24:05,19.327000000000055,54.22314376831055,31.573616145193576,941.57,0.0
51.5,-103.5,2026-09-22 22:24:05,18.555000000000007,58.87314376831055,30.475616145193577,943.41,0.0
51.5,-103.0,2026-09-22 22:24:05,19.215000000000032,54.27314376831055,27.469616145193577,954.73,0.0
51.5,-102.5,2026-09-22 22:24:05,18.354000000000042,56.29814376831055,26.20961614519358,961.3,0.0
51.5,-102.0,2026-09-22 22:24:05,17.963000000000022,56.12314376831055,25.435616145193578,962.37,0.0075
51.5,-101.5,2026-09-22 22:24:05,16.638000000000034,59.02314376831055,20.431616145193576,948.62,0.0
51.5,-101.0,2026-09-22 22:24:05,17.164000000000044,51.67314376831055,15.301616145193577,943.26,0.0075
51.5,-100.5,2026-09-22 22:24:05,18.66500000000002,47.49814376831055,13.375616145193577,974.52,0.0
51.5,-100.0,2026-09-22 22:24:05,16.989000000000033,57.54814376831055,18.631616145193576,989.41,0.0
51.5,-99.5,2026-09-22 22:24:05,17.36500000000001,60.79814376831055,21.187616145193577,991.66,0.0
51.5,-99.0,2026-09-22 22:24:05,15.412000000000035,66.84814376831055,34.09361614519358,992.98,0.0
51.5,-98.5,2026-09-22 22:24:05,16.14100000000002,65.62314376831056,23.815616145193577,994.1,0.0
51.5,-98.0,2026-09-22 22:24:05,17.845000000000027,49.84814376831055,18.61361614519358,991.19,0.0
51.5,-97.5,2026-09-22 22:24:05,18.650000000000034,46.87314376831055,14.293616145193578,996.26,0.0
51.5,-97.0,2026-09-22 22:24:05,16.851000000000056,56.77314376831055,26.587616145193575,998.04,0.0
51.5,-96.5,2026-09-22 22:24:05,16.579000000000008,55.49814376831055,17.29961614519358,998.46,0.0
51.5,-96.0,2026-09-22 22:24:05,17.97800000000001,46.87314376831055,14.113616145193578,994.32,0.0
51.5,-95.5,2026-09-22 22:24:05,17.380000000000052,41.32314376831055,13.753616145193577,989.58,0.0
51.5,-95.0,2026-09-22 22:24:05,15.661000000000001,47.933084106445314,12.802162833184004,984.45,0.0
51.5,-94.5,2026-09-22 22:24:05,14.868000000000052,45.20808410644531,19.480162833184004,981.95,0.0
51.5,-94.0,2026-09-22 22:24:05,14.435000000000002,42.70808410644531,13.810162833184004,979.14,0.0
51.5,-93.5,2026-09-22 22:24:05,14.355000000000018,44.58308410644531,18.904162833184003,980.59,0.0
51.5,-93.0,2026-09-22 22:24:05,14.581000000000017,39.533084106445315,12.712162833184005,977.17,0.0
51.5,-92.5,2026-09-22 22:24:05,14.29200000000003,47.70808410644531,14.242162833184004,978.83,0.0
51.5,-92.0,2026-09-22 22:24:05,14.698000000000036,50.85808410644532,15.574162833184003,981.3,0.0
51.5,-91.5,2026-09-22 22:24:05,15.160000000000025,52.35808410644532,11.056162833184004,981.36,0.0
51.5,-91.0,2026-09-22 22:24:05,15.534000000000049,52.85808410644532,10.678162833184004,983.78,0.0
51.5,-90.5,2026-09-22 22:24:05,16.515000000000043,49.558084106445314,9.490162833184003,985.03,0.0
51.5,-90.0,2026-09-22 22:24:05,17.13100000000003,42.48308410644532,10.480162833184005,987.33,0.0
51.5,-89.5,2026-09-22 22:24:05,17.16700000000003,40.33308410644531,9.904162833184005,987.17,0.0
51.5,-89.0,2026-09-22 22:24:05,17.446000000000026,42.658084106445315,8.374162833184004,991.64,0.0
51.5,-88.5,2026-09-22 22:24:05,16.135000000000048,56.10808410644532,9.400162833184003,996.81,0.0
51.5,-88.0,2026-09-22 22:24:05,16.799000000000035,51.83308410644531,9.724162833184003,997.86,0.0
51.5,-87.5,2026-09-22 22:24:05,17.382000000000005,45.70808410644531,8.248162833184004,996.38,0.0
51.5,-87.0,2026-09-22 22:24:05,17.746000000000038,46.63308410644532,8.914162833184005,1000.55,0.0
51.5,-86.5,2026-09-22 22:24:05,18.52600000000001,48.058084106445314,9.436162833184005,1007.02,0.0
51.5,-86.0,2026-09-22 22:24:05,18.684000000000026,48.808084106445314,9.670162833184005,1010.74,0.0
51.5,-85.5,2026-09-22 22:24:05,17.523000000000025,56.70808410644531,10.570162833184005,1011.69,0.107
51.5,-85.0,2026-09-22 22:24:05,17.636000000000024,55.13308410644532,9.904162833184005,1011.92,0.0
51.5,-84.5,2026-09-22 22:24:05,18.097000000000037,51.783084106445315,10.768162833184004,1014.2,0.0
51.5,-84.0,2026-09-22 22:24:05,18.311000000000035,49.70808410644531,10.534162833184004,1018.53,0.0075
51.5,-83.5,2026-09-22 22:24:05,17.918000000000006,49.48308410644532,10.534162833184004,1021.28,0.0
51.5,-83.0,2026-09-22 22:24:05,17.999000000000024,46.158084106445315,11.542162833184005,1020.64,0.0
51.5,-82.5,2026-09-22 22:24:05,18.418000000000006,43.308084106445314,12.208162833184005,1020.75,0.0
51.5,-82.0,2026-09-22 22:24:05,18.30600000000004,45.50808410644532,12.100162833184005,1019.8,0.0
51.5,-81.5,2026-09-22 22:24:05,18.371000000000038,45.98308410644532,12.568162833184005,1021.52,0.0
51.5,-81.0,2026-09-22 22:24:05,17.89300000000003,47.13308410644532,17.140162833184007,1024.64,0.0
51.5,-80.5,2026-09-22 22:24:05,16.735000000000014,52.88308410644532,18.328162833184006,1029.38,0.0
51.5,-79.5,2026-09-22 22:24:05,15.621000000000038,54.283084106445315,19.732162833184006,1029.84,0.0
51.5,-79.0,2026-09-22 22:24:05,15.12700000000001,67.28308410644532,15.052162833184004,1029.92,0.0
51.5,-78.5,2026-09-22 22:24:05,17.124000000000024,52.058084106445314,15.376162833184004,1024.78,0.0
51.5,-78.0,2026-09-22 22:24:05,16.673000000000002,51.433084106445314,16.204162833184004,1016.58,0.0
51.5,-77.5,2026-09-22 22:24:05,16.009000000000015,51.283084106445315,13.396162833184004,1007.59,0.0
51.5,-77.0,2026-09-22 22:24:05,14.830000000000041,55.10808410644532,16.060162833184005,1004.49,0.496
51.5,-76.5,2026-09-22 22:24:05,14.123000000000047,55.73308410644532,15.520162833184004,1003.72,0.0
51.5,-76.0,2026-09-22 22:24:05,13.213000000000022,55.283084106445315,13.396162833184004,998.03,0.0075
51.5,-75.5,2026-09-22 22:24:05,12.702000000000055,54.70808410644531,11.668162833184004,996.16,0.0
51.5,-75.0,2026-09-22 22:24:05,12.19500000000005,52.58308410644531,11.020162833184004,994.31,0.038
51.5,-74.5,2026-09-22 22:24:05,11.551000000000045,55.283084106445315,9.706162833184004,991.19,0.038
51.5,-74.0,2026-09-22 22:24:05,10.862000000000023,55.35808410644532,8.824162833184003,988.97,0.374
51.5,-73.5,2026-09-22 22:24:05,9.907000000000039,52.45808410644531,5.584162833184004,979.75,0.435
51.5,-73.0,2026-09-22 22:24:05,8.587000000000046,59.00808410644532,5.008162833184004,968.05,1.457
51.5,-72.5,2026-09-22 22:24:05,8.815000000000055,61.63308410644532,5.008162833184004,971.61,0.5875
51.5,-72.0,2026-09-22 22:24:05,7.868000000000052,58.933084106445314,5.800162833184004,956.91,1.587
51.5,-71.5,2026-09-22 22:24:05,8.382000000000005,57.20808410644531,5.728162833184004,965.52,0.1375
51.5,-71.0,2026-09-22 22:24:05,7.092000000000041,62.533084106445315,7.870162833184005,954.41,1.5715000000000001
51.5,-70.5,2026-09-22 22:24:05,7.724000000000046,59.08308410644531,7.582162833184005,954.2,0.313
51.5,-70.0,2026-09-22 22:24:05,7.633000000000038,63.00808410644532,10.048162833184005,963.0,1.4495
51.5,-69.5,2026-09-22 22:24:05,8.565000000000055,67.68308410644532,9.292162833184005,965.94,1.0605
51.5,-69.0,2026-09-22 22:24:05,9.66700000000003,64.70808410644531,4.522162833184004,979.41,1.114
51.5,-68.5,2026-09-22 22:24:05,8.17100000000005,68.48308410644532,8.770162833184004,973.91,0.633
51.5,-68.0,2026-09-22 22:24:05,5.775000000000034,65.43308410644532,14.350162833184005,926.91,4.6845
51.5,-67.5,2026-09-22 22:24:05,6.749000000000024,66.27361755371093,14.58,947.12,0.7935
51.5,-67.0,2026-09-22 22:24:05,8.095000000000027,56.72361755371094,9.684,961.21,1.2285
51.5,-66.5,2026-09-22 22:24:05,5.999000000000024,57.64861755371094,12.816,943.59,0.23650000000000002
51.5,-66.0,2026-09-22 22:24:05,5.967000000000041,59.79861755371094,12.348,945.07,1.8005
51.5,-65.5,2026-09-22 22:24:05,5.7000000000000455,62.74861755371094,16.02,955.07,1.442
51.5,-65.0,2026-09-22 22:24:05,6.182000000000016,58.69861755371094,13.680000000000001,951.74,3.2655
51.5,-64.5,2026-09-22 22:24:05,4.942000000000007,60.07361755371094,13.5,933.45,0.435
51.5,-64.0,2026-09-22 22:24:05,5.976000000000056,63.57361755371094,13.680000000000001,959.35,0.305
51.5,-63.5,2026-09-22 22:24:05,6.872000000000014,62.47361755371094,14.04,964.01,0.0915
51.5,-63.0,2026-09-22 22:24:05,5.6340000000000146,74.07361755371095,13.536000000000001,956.56,0.244
51.5,-62.5,2026-09-22 22:24:05,7.425000000000011,66.89861755371093,14.22,974.29,0.1375
51.5,-62.0,2026-09-22 22:24:05,7.601000000000056,69.37361755371094,13.104000000000001,983.35,0.2135
51.5,-61.5,2026-09-22 22:24:05,6.411000000000001,80.67361755371094,13.680000000000001,975.57,0.389
51.5,-61.0,2026-09-22 22:24:05,6.562000000000012,75.27361755371093,15.3,967.93,0.8240000000000001
51.5,-60.5,2026-09-22 22:24:05,6.323000000000036,76.52361755371093,16.740000000000002,967.92,1.236
51.5,-60.0,2026-09-22 22:24:05,8.150000000000034,72.12361755371094,15.156,992.26,4.0285
51.5,-59.5,2026-09-22 22:24:05,8.346000000000004,72.14861755371093,12.564000000000002,991.1,10.788
51.5,-59.0,2026-09-22 22:24:05,8.577000000000055,70.24861755371094,15.012,992.63,34.347500000000004
51.5,-58.5,2026-09-22 22:24:05,8.90100000000001,72.52361755371093,15.228000000000002,1006.99,11.1845
51.5,-58.0,2026-09-22 22:24:05,7.860000000000014,75.87361755371094,16.776,1000.88,10.025
51.5,-57.5,2026-09-22 22:24:05,9.01600000000002,73.44861755371095,20.412,1015.74,12.4205
51.5,-57.0,2026-09-22 22:24:05,7.027000000000044,81.44861755371095,22.68,1006.65,18.4325
51.5,-56.5,2026-09-22 22:24:05,7.102000000000032,84.37361755371094,36.288000000000004,1022.65,13.1835
51.5,-56.0,2026-09-22 22:24:05,5.250000000000057,95.89861755371095,26.604000000000003,1018.63,26.146
51.5,-55.5,2026-09-22 22:24:05,6.072000000000003,97.24861755371094,35.352000000000004,1018.62,8.499
52.0,-131.0,2026-09-22 22:24:05,13.365000000000009,72.11890411376953,22.5,1004.17,1.3505
52.0,-128.5,2026-09-22 22:24:05,12.199000000000012,86.96890411376954,53.28,1012.76,1.526
52.0,-128.0,2026-09-22 22:24:05,11.977000000000032,83.79390411376954,14.544,990.4,10.048
52.0,-127.5,2026-09-22 22:24:05,8.789000000000044,85.31890411376953,5.868,934.71,9.7505
52.0,-127.0,2026-09-22 22:24:05,4.904000000000053,73.69390411376953,11.448,856.18,18.6005
52.0,-126.5,2026-09-22 22:24:05,10.592000000000041,61.793904113769536,3.204,904.76,8.049
52.0,-126.0,2026-09-22 22:24:05,5.091000000000008,51.11890411376953,12.996,805.65,3.9445
52.0,-125.5,2026-09-22 22:24:05,7.194000000000017,53.39390411376954,11.484,828.2,0.1145
52.0,-125.0,2026-09-22 22:24:05,11.648000000000025,57.168904113769536,2.16,904.81,0.0155
52.0,-124.5,2026-09-22 22:24:05,11.998000000000047,41.168904113769536,3.204,887.23,0.0
52.0,-124.0,2026-09-22 22:24:05,12.113000000000056,36.09390411376953,5.5440000000000005,871.57,0.0305
52.0,-123.5,2026-09-22 22:24:05,14.42900000000003,42.26890411376954,2.196,889.9,0.0
52.0,-123.0,2026-09-22 22:24:05,13.770000000000039,34.418904113769536,6.336,875.09,0.0
52.0,-122.5,2026-09-22 22:24:05,15.437000000000012,37.89390411376953,8.208000000000002,902.9,0.0
52.0,-122.0,2026-09-22 22:24:05,16.55000000000001,38.443904113769534,4.392,904.23,0.0075
52.0,-121.5,2026-09-22 22:24:05,15.62700000000001,35.34390411376953,6.336,890.42,0.0
52.0,-121.0,2026-09-22 22:24:05,14.717000000000041,40.86890411376953,3.672,887.99,0.0
52.0,-120.5,2026-09-22 22:24:05,14.234000000000037,40.61890411376953,3.096,874.6,0.0
52.0,-120.0,2026-09-22 22:24:05,14.05600000000004,55.39967346191406,3.204,895.5,0.0
52.0,-119.5,2026-09-22 22:24:05,11.356000000000051,56.69967346191407,2.8080000000000003,835.16,0.0
52.0,-119.0,2026-09-22 22:24:05,9.495000000000005,55.79967346191407,8.496,805.82,0.0
52.0,-118.5,2026-09-22 22:24:05,12.208000000000027,49.44967346191407,6.912,830.86,0.0
52.0,-118.0,2026-09-22 22:24:05,12.908000000000015,37.67467346191406,6.588,817.02,0.0
52.0,-117.5,2026-09-22 22:24:05,11.299000000000035,35.07467346191407,8.604000000000001,777.11,0.0
52.0,-117.0,2026-09-22 22:24:05,7.217000000000041,41.849673461914065,12.024,734.91,0.0
52.0,-116.5,2026-09-22 22:24:05,16.567000000000007,38.499673461914064,6.12,837.3,0.0
52.0,-116.0,2026-09-22 22:24:05,14.565000000000055,45.724673461914065,1.9440000000000002,798.68,0.0
52.0,-115.5,2026-09-22 22:24:05,13.882000000000005,55.874673461914064,9.684,840.83,0.0
52.0,-115.0,2026-09-22 22:24:05,14.05600000000004,59.32467346191407,8.82,872.07,0.0
52.0,-114.5,2026-09-22 22:24:05,16.265000000000043,51.14967346191406,13.212,894.55,0.0
52.0,-114.0,2026-09-22 22:24:05,18.118000000000052,42.349673461914065,15.048,905.6,0.0
52.0,-113.5,2026-09-22 22:24:05,17.424000000000035,50.89967346191406,19.152,906.18,0.0
52.0,-113.0,2026-09-22 22:24:05,18.339000000000055,45.79967346191407,21.204,908.82,0.0
52.0,-112.5,2026-09-22 22:24:05,19.118000000000052,42.57467346191407,23.076,916.71,0.0
52.0,-112.0,2026-09-22 22:24:05,19.47800000000001,44.64967346191406,23.220000000000002,918.16,0.0
52.0,-111.5,2026-09-22 22:24:05,19.422000000000025,50.02467346191406,20.88,919.99,0.0
52.0,-111.0,2026-09-22 22:24:05,20.08000000000004,46.17467346191407,17.1,920.38,0.0
52.0,-110.5,2026-09-22 22:24:05,21.09400000000005,41.249673461914064,10.512,930.55,0.0
52.0,-110.0,2026-09-22 22:24:05,19.968000000000018,46.44814376831055,14.473616145193578,927.16,0.0
52.0,-109.5,2026-09-22 22:24:05,21.281000000000006,43.52314376831055,16.47161614519358,928.4,0.0
52.0,-109.0,2026-09-22 22:24:05,21.30600000000004,48.94814376831055,18.37961614519358,932.74,0.0
52.0,-108.5,2026-09-22 22:24:05,21.533000000000015,51.22314376831055,19.999616145193578,931.16,0.0
52.0,-108.0,2026-09-22 22:24:05,21.402000000000044,53.12314376831055,19.801616145193577,936.41,0.0
52.0,-107.5,2026-09-22 22:24:05,21.233000000000004,56.49814376831055,21.583616145193577,946.44,0.0
52.0,-107.0,2026-09-22 22:24:05,20.786,57.69814376831055,26.065616145193577,950.23,0.0
52.0,-106.5,2026-09-22 22:24:05,21.269000000000005,53.52314376831055,27.09161614519358,951.68,0.0
52.0,-106.0,2026-09-22 22:24:05,20.701000000000022,56.17314376831055,26.587616145193575,950.69,0.0
52.0,-105.5,2026-09-22 22:24:05,19.968000000000018,54.74814376831055,29.95361614519358,948.66,0.0
52.0,-105.0,2026-09-22 22:24:05,19.565000000000055,56.19814376831055,29.14361614519358,948.26,0.0
52.0,-104.5,2026-09-22 22:24:05,19.436000000000035,60.02314376831055,27.487616145193577,953.58,0.0
52.0,-104.0,2026-09-22 22:24:05,18.661,63.64814376831055,28.56761614519358,953.29,0.0
52.0,-103.5,2026-09-22 22:24:05,19.611000000000047,53.84814376831055,29.197616145193575,949.35,0.0
52.0,-103.0,2026-09-22 22:24:05,17.745000000000005,56.79814376831055,24.013616145193577,945.44,0.0
52.0,-102.5,2026-09-22 22:24:05,17.447000000000003,58.52314376831055,25.327616145193577,955.32,0.0
52.0,-102.0,2026-09-22 22:24:05,17.168000000000006,58.17314376831055,21.42161614519358,959.94,0.0685
52.0,-101.5,2026-09-22 22:24:05,20.142000000000053,42.69814376831055,18.95561614519358,973.57,0.0
52.0,-101.0,2026-09-22 22:24:05,19.737000000000023,37.27314376831055,12.799616145193577,961.18,0.0
52.0,-100.5,2026-09-22 22:24:05,18.839000000000055,42.67314376831055,13.537616145193578,982.08,0.0
52.0,-100.0,2026-09-22 22:24:05,17.02600000000001,53.82314376831055,25.47161614519358,989.57,0.0
52.0,-99.5,2026-09-22 22:24:05,17.753000000000043,53.29814376831055,17.137616145193576,990.55,0.0
52.0,-99.0,2026-09-22 22:24:05,17.598000000000013,51.74814376831055,17.38961614519358,989.57,0.0
52.0,-98.5,2026-09-22 22:24:05,17.668000000000006,51.34814376831055,17.011616145193578,993.37,0.0
52.0,-98.0,2026-09-22 22:24:05,15.951000000000022,61.37314376831055,25.435616145193578,997.48,0.0
52.0,-97.5,2026-09-22 22:24:05,16.527000000000044,56.77314376831055,24.625616145193575,997.04,0.0
52.0,-97.0,2026-09-22 22:24:05,15.789000000000044,65.14814376831055,34.75961614519358,998.94,0.0
52.0,-96.5,2026-09-22 22:24:05,17.673000000000002,50.22314376831055,16.057616145193577,996.41,0.0
52.0,-96.0,2026-09-22 22:24:05,17.66700000000003,47.64814376831055,15.103616145193579,991.18,0.0
52.0,-95.5,2026-09-22 22:24:05,16.424000000000035,49.29814376831055,25.381616145193576,989.99,0.0
52.0,-95.0,2026-09-22 22:24:05,16.201000000000022,48.50808410644532,13.720162833184006,988.16,0.0
52.0,-94.5,2026-09-22 22:24:05,15.57000000000005,51.908084106445315,13.522162833184003,984.67,0.0
52.0,-94.0,2026-09-22 22:24:05,15.803000000000054,50.88308410644532,12.496162833184004,985.49,0.0
52.0,-93.5,2026-09-22 22:24:05,15.779000000000053,47.23308410644532,12.532162833184005,980.47,0.0
52.0,-93.0,2026-09-22 22:24:05,15.77800000000002,48.683084106445314,12.532162833184005,983.52,0.0
52.0,-92.5,2026-09-22 22:24:05,15.211000000000013,49.25808410644532,11.866162833184005,978.83,0.0
52.0,-92.0,2026-09-22 22:24:05,15.326000000000022,52.783084106445315,14.818162833184005,977.95,0.0
52.0,-91.5,2026-09-22 22:24:05,15.364000000000033,53.183084106445314,11.722162833184004,980.63,0.0
52.0,-91.0,2026-09-22 22:24:05,15.136000000000024,57.658084106445315,13.540162833184004,984.28,0.0
52.0,-90.5,2026-09-22 22:24:05,14.784000000000049,56.95808410644531,14.260162833184005,982.28,0.0
52.0,-90.0,2026-09-22 22:24:05,16.529000000000053,46.158084106445315,11.200162833184004,986.67,0.0
52.0,-89.5,2026-09-22 22:24:05,14.543000000000006,61.60808410644532,11.920162833184005,990.14,0.0
52.0,-89.0,2026-09-22 22:24:05,16.745000000000005,44.533084106445315,10.768162833184004,992.53,0.0
52.0,-88.5,2026-09-22 22:24:05,14.613000000000056,67.80808410644532,10.624162833184004,997.31,0.0
52.0,-88.0,2026-09-22 22:24:05,16.62900000000002,54.908084106445315,8.662162833184004,994.77,0.0
52.0,-87.5,2026-09-22 22:24:05,16.872000000000014,55.60808410644532,9.490162833184003,1000.89,0.0
52.0,-87.0,2026-09-22 22:24:05,17.493000000000052,54.183084106445314,9.148162833184005,1002.81,0.0
52.0,-86.5,2026-09-22 22:24:05,17.922000000000025,54.75808410644532,10.102162833184003,1005.22,0.17550000000000002
52.0,-86.0,2026-09-22 22:24:05,18.206000000000017,54.83308410644531,10.534162833184004,1008.16,0.122
52.0,-85.5,2026-09-22 22:24:05,17.697000000000003,58.88308410644532,10.336162833184005,1009.05,0.0
52.0,-85.0,2026-09-22 22:24:05,17.840000000000032,57.45808410644531,10.714162833184005,1011.75,0.0
52.0,-84.5,2026-09-22 22:24:05,18.04200000000003,54.408084106445315,10.516162833184005,1014.81,0.2975
52.0,-84.0,2026-09-22 22:24:05,18.060000000000002,53.408084106445315,10.390162833184004,1018.49,0.0
52.0,-83.5,2026-09-22 22:24:05,17.726000000000056,55.658084106445315,11.110162833184004,1019.92,0.0
52.0,-83.0,2026-09-22 22:24:05,18.111000000000047,50.283084106445315,11.866162833184005,1021.78,0.0
52.0,-82.5,2026-09-22 22:24:05,17.912000000000035,48.408084106445315,13.144162833184005,1023.5,0.0
52.0,-82.0,2026-09-22 22:24:05,18.01600000000002,48.408084106445315,13.288162833184005,1024.84,0.0
52.0,-81.5,2026-09-22 22:24:05,18.404000000000053,46.433084106445314,13.378162833184003,1026.92,0.0
52.0,-81.0,2026-09-22 22:24:05,16.463000000000022,56.158084106445315,16.384162833184007,1028.52,0.0
52.0,-79.5,2026-09-22 22:24:05,14.54600000000005,57.58308410644531,22.432162833184005,1025.86,0.0
52.0,-79.0,2026-09-22 22:24:05,11.184000000000026,78.88308410644532,26.734162833184005,1030.0,0.0
52.0,-78.5,2026-09-22 22:24:05,16.088000000000022,56.533084106445315,19.678162833184007,1027.3,0.0
52.0,-78.0,2026-09-22 22:24:05,15.704000000000008,57.45808410644531,14.476162833184004,1016.14,0.0
52.0,-77.5,2026-09-22 22:24:05,14.643000000000029,58.85808410644532,16.762162833184004,1006.16,0.374
52.0,-77.0,2026-09-22 22:24:05,14.237000000000023,57.33308410644531,17.428162833184007,1003.58,0.0
52.0,-76.5,2026-09-22 22:24:05,14.717000000000041,53.933084106445314,15.088162833184004,1003.42,0.0305
52.0,-76.0,2026-09-22 22:24:05,13.53000000000003,56.50808410644532,12.424162833184004,998.56,0.0
52.0,-75.5,2026-09-22 22:24:05,12.258000000000038,61.033084106445315,10.678162833184004,996.16,0.1145
52.0,-75.0,2026-09-22 22:24:05,11.225000000000023,56.433084106445314,9.760162833184005,992.24,0.0915
52.0,-74.5,2026-09-22 22:24:05,11.394000000000005,55.83308410644531,10.768162833184004,990.0,0.313
52.0,-74.0,2026-09-22 22:24:05,10.539000000000044,60.558084106445314,9.760162833184005,989.84,0.41200000000000003
52.0,-73.5,2026-09-22 22:24:05,10.196000000000026,60.25808410644532,8.572162833184004,988.99,0.29
52.0,-73.0,2026-09-22 22:24:05,9.005000000000052,59.85808410644532,8.158162833184004,981.95,0.725
52.0,-72.5,2026-09-22 22:24:05,8.50200000000001,56.48308410644532,5.296162833184004,972.14,1.732
52.0,-72.0,2026-09-22 22:24:05,5.998000000000047,70.73308410644532,7.204162833184005,944.39,4.822
52.0,-71.5,2026-09-22 22:24:05,6.326000000000022,68.20808410644531,8.374162833184004,945.7,3.029
52.0,-71.0,2026-09-22 22:24:05,6.821000000000026,61.25808410644532,8.824162833184003,952.25,1.6480000000000001
52.0,-70.5,2026-09-22 22:24:05,6.447000000000003,59.60808410644532,9.400162833184003,946.78,0.496
52.0,-70.0,2026-09-22 22:24:05,6.066000000000031,66.93308410644532,9.328162833184004,940.17,1.297
52.0,-69.5,2026-09-22 22:24:05,6.949000000000012,63.933084106445314,8.194162833184004,959.36,0.8085
52.0,-69.0,2026-09-22 22:24:05,9.26400000000001,62.908084106445315,6.682162833184004,971.67,0.3355
52.0,-68.5,2026-09-22 22:24:05,7.41700000000003,74.28308410644532,10.948162833184005,976.45,1.335
52.0,-68.0,2026-09-22 22:24:05,6.976000000000056,64.85808410644532,10.354162833184004,952.78,1.77
52.0,-67.5,2026-09-22 22:24:05,7.9500000000000455,60.52361755371094,12.312,963.6,0.9460000000000001
52.0,-67.0,2026-09-22 22:24:05,7.305000000000007,60.22361755371094,12.564000000000002,962.79,2.815
52.0,-66.5,2026-09-22 22:24:05,6.605000000000018,57.37361755371094,12.096,956.4,0.656
52.0,-66.0,2026-09-22 22:24:05,4.383000000000038,65.37361755371094,11.16,945.46,2.9375
52.0,-65.5,2026-09-22 22:24:05,5.685000000000002,59.69861755371094,12.06,953.42,2.8000000000000003
52.0,-65.0,2026-09-22 22:24:05,6.253000000000043,57.92361755371094,14.904,956.71,0.4655
52.0,-64.5,2026-09-22 22:24:05,6.796000000000049,55.79861755371094,13.032,963.2,0.1295
52.0,-64.0,2026-09-22 22:24:05,6.904000000000053,56.84861755371094,14.328,964.95,0.4805
52.0,-63.5,2026-09-22 22:24:05,6.122000000000014,62.37361755371094,11.736,962.82,0.656
52.0,-63.0,2026-09-22 22:24:05,6.092000000000041,68.87361755371094,20.124,962.54,2.365
52.0,-62.5,2026-09-22 22:24:05,5.751000000000033,72.12361755371094,18.108,962.84,0.0765
52.0,-62.0,2026-09-22 22:24:05,6.6580000000000155,73.17361755371094,11.916,972.99,0.1525
52.0,-61.5,2026-09-22 22:24:05,4.5120000000000005,87.34861755371094,12.636000000000001,962.52,0.5035000000000001
52.0,-61.0,2026-09-22 22:24:05,5.815000000000055,76.44861755371095,13.680000000000001,966.24,0.145
52.0,-60.5,2026-09-22 22:24:05,6.466000000000008,73.94861755371095,15.084000000000001,974.68,0.038
52.0,-60.0,2026-09-22 22:24:05,6.2660000000000196,73.79861755371094,15.012,978.23,0.084
52.0,-59.5,2026-09-22 22:24:05,6.7830000000000155,72.99861755371094,13.860000000000001,971.98,0.8775000000000001
52.0,-59.0,2026-09-22 22:24:05,7.406000000000006,72.62361755371094,14.4,980.77,10.391
52.0,-58.5,2026-09-22 22:24:05,7.050000000000011,72.29861755371094,14.544,980.2,17.502
52.0,-58.0,2026-09-22 22:24:05,6.40300000000002,73.52361755371093,12.348,977.48,12.1765
52.0,-57.5,2026-09-22 22:24:05,5.476000000000056,71.87361755371094,13.932,978.15,7.347
52.0,-57.0,2026-09-22 22:24:05,5.374000000000024,73.62361755371094,16.848,975.88,9.613
52.0,-56.5,2026-09-22 22:24:05,5.4080000000000155,73.72361755371094,15.984000000000002,993.95,6.607
52.0,-56.0,2026-09-22 22:24:05,3.9710000000000036,84.44861755371095,18.216,995.76,17.441
52.0,-55.5,2026-09-22 22:24:05,5.4080000000000155,84.74861755371094,38.916000000000004,1022.95,12.024000000000001
52.5,-131.5,2026-09-22 22:24:05,13.642000000000053,65.61890411376953,17.064,993.93,7.1335
52.5,-129.0,2026-09-22 22:24:05,12.092000000000041,91.91890411376954,43.776,1009.6,7.759
52.5,-128.5,2026-09-22 22:24:05,10.81800000000004,95.41890411376954,16.128000000000004,989.68,14.946
52.5,-128.0,2026-09-22 22:24:05,12.30800000000005,88.76890411376954,5.076,998.6,22.583000000000002
52.5,-127.5,2026-09-22 22:24:05,9.846000000000004,72.34390411376954,7.776000000000001,936.76,26.9395
52.5,-127.0,2026-09-22 22:24:05,5.426000000000045,79.49390411376953,9.684,871.53,14.435
52.5,-126.5,2026-09-22 22:24:05,6.619000000000028,66.46890411376954,9.0,856.43,11.513
52.5,-126.0,2026-09-22 22:24:05,5.400000000000034,58.11890411376953,7.38,816.17,3.5780000000000003
52.5,-125.5,2026-09-22 22:24:05,8.896000000000015,54.318904113769534,3.9960000000000004,875.59,0.183
52.5,-125.0,2026-09-22 22:24:05,9.958000000000027,44.793904113769536,5.256,863.82,0.0
52.5,-124.5,2026-09-22 22:24:05,10.66500000000002,49.01890411376954,8.748000000000001,865.96,0.0305
52.5,-124.0,2026-09-22 22:24:05,11.003000000000043,46.543904113769536,9.180000000000001,871.06,1.4115
52.5,-123.5,2026-09-22 22:24:05,13.529000000000053,39.21890411376953,9.612,886.4,0.061
52.5,-123.0,2026-09-22 22:24:05,13.803000000000054,36.89390411376953,7.308000000000001,876.96,0.046
52.5,-122.5,2026-09-22 22:24:05,16.715000000000032,37.918904113769536,6.588,930.82,0.0
52.5,-122.0,2026-09-22 22:24:05,15.976000000000056,37.168904113769536,5.508,904.38,0.0
52.5,-121.5,2026-09-22 22:24:05,15.723000000000013,38.09390411376953,4.716,915.79,0.0
52.5,-121.0,2026-09-22 22:24:05,13.483000000000004,46.24390411376953,5.94,910.6,0.0
52.5,-120.5,2026-09-22 22:24:05,9.129000000000019,60.14390411376954,5.508,820.12,0.0
52.5,-120.0,2026-09-22 22:24:05,10.496000000000038,53.749673461914064,5.5440000000000005,833.29,0.0
52.5,-119.5,2026-09-22 22:24:05,10.848000000000013,69.82467346191406,3.096,833.08,0.0
52.5,-119.0,2026-09-22 22:24:05,8.745000000000005,55.07467346191407,9.432,796.16,0.0
52.5,-118.5,2026-09-22 22:24:05,8.858000000000004,52.39967346191406,9.108,784.44,0.0155
52.5,-118.0,2026-09-22 22:24:05,9.41900000000004,45.599673461914065,11.16,774.57,0.023
52.5,-117.5,2026-09-22 22:24:05,10.493000000000052,43.42467346191407,9.072000000000001,781.07,0.0075
52.5,-117.0,2026-09-22 22:24:05,10.63900000000001,32.92467346191406,9.54,759.91,0.0
52.5,-116.5,2026-09-22 22:24:05,11.329000000000008,56.54967346191407,10.692,798.15,0.0
52.5,-116.0,2026-09-22 22:24:05,13.283000000000015,55.27467346191406,9.036000000000001,846.08,0.0
52.5,-115.5,2026-09-22 22:24:05,15.12700000000001,51.29967346191407,8.46,878.5,0.0
52.5,-115.0,2026-09-22 22:24:05,16.319000000000017,50.374673461914064,7.596,904.05,0.0
52.5,-114.5,2026-09-22 22:24:05,16.27800000000002,50.54967346191407,10.728,904.15,0.0
52.5,-114.0,2026-09-22 22:24:05,14.567000000000007,66.64967346191406,16.632,909.96,0.0
52.5,-113.5,2026-09-22 22:24:05,16.576000000000022,54.27467346191406,15.264000000000001,912.21,0.0
52.5,-113.0,2026-09-22 22:24:05,17.180000000000007,50.79967346191407,19.548,920.99,0.0
52.5,-112.5,2026-09-22 22:24:05,18.476000000000056,42.974673461914065,21.708000000000002,923.93,0.0
52.5,-112.0,2026-09-22 22:24:05,19.250000000000057,45.02467346191406,22.068,928.93,0.0
52.5,-111.5,2026-09-22 22:24:05,19.071000000000026,52.39967346191406,23.184,925.08,0.0
52.5,-111.0,2026-09-22 22:24:05,19.883000000000038,51.874673461914064,20.556,928.33,0.0
52.5,-110.5,2026-09-22 22:24:05,19.885000000000048,45.599673461914065,15.984000000000002,930.83,0.0
52.5,-110.0,2026-09-22 22:24:05,20.187000000000012,37.89814376831055,13.897616145193577,930.98,0.0
52.5,-109.5,2026-09-22 22:24:05,21.92900000000003,39.47314376831055,15.337616145193577,932.69,0.0
52.5,-109.0,2026-09-22 22:24:05,20.950000000000045,48.64814376831055,19.76561614519358,931.35,0.0
52.5,-108.5,2026-09-22 22:24:05,20.40900000000005,53.72314376831055,24.157616145193575,927.1,0.0
52.5,-108.0,2026-09-22 22:24:05,21.160000000000025,54.39814376831055,20.61161614519358,935.58,0.0
52.5,-107.5,2026-09-22 22:24:05,20.604000000000042,56.77314376831055,22.951616145193576,946.85,0.0
52.5,-107.0,2026-09-22 22:24:05,20.51800000000003,58.79814376831055,25.345616145193578,950.85,0.0
52.5,-106.5,2026-09-22 22:24:05,20.590000000000032,56.82314376831055,26.76761614519358,950.15,0.0
52.5,-106.0,2026-09-22 22:24:05,19.637,63.22314376831055,27.90161614519358,952.24,0.0
52.5,-105.5,2026-09-22 22:24:05,19.144000000000005,60.14814376831055,32.18561614519358,948.74,0.0
52.5,-105.0,2026-09-22 22:24:05,19.14100000000002,58.22314376831055,33.15761614519358,951.15,0.0
52.5,-104.5,2026-09-22 22:24:05,19.773000000000025,55.54814376831055,31.15961614519358,950.91,0.0
52.5,-104.0,2026-09-22 22:24:05,19.305000000000007,55.09814376831055,25.47161614519358,949.51,0.0
52.5,-103.5,2026-09-22 22:24:05,17.56600000000003,62.39814376831055,29.05361614519358,949.41,0.0
52.5,-103.0,2026-09-22 22:24:05,18.765000000000043,52.47314376831055,17.353616145193577,955.62,0.0
52.5,-102.5,2026-09-22 22:24:05,17.78200000000004,56.27314376831055,17.425616145193576,958.9,0.0
52.5,-102.0,2026-09-22 22:24:05,16.747000000000014,55.14814376831055,18.72161614519358,941.24,0.0
52.5,-101.5,2026-09-22 22:24:05,16.048000000000002,52.79814376831055,17.479616145193578,932.6,0.0
52.5,-101.0,2026-09-22 22:24:05,18.962000000000046,47.99814376831055,11.899616145193578,986.35,0.0
52.5,-100.5,2026-09-22 22:24:05,19.156000000000006,43.29814376831055,13.825616145193578,985.32,0.0
52.5,-100.0,2026-09-22 22:24:05,15.908000000000015,58.79814376831055,31.39361614519358,990.18,0.0
52.5,-99.5,2026-09-22 22:24:05,16.833000000000027,52.89814376831055,21.187616145193577,989.18,0.0
52.5,-99.0,2026-09-22 22:24:05,18.892000000000053,44.04814376831055,18.919616145193576,991.16,0.0
52.5,-98.5,2026-09-22 22:24:05,17.089000000000055,57.64814376831055,25.345616145193578,995.37,0.0
52.5,-98.0,2026-09-22 22:24:05,15.859000000000037,59.17314376831055,33.859616145193584,996.55,0.0
52.5,-97.5,2026-09-22 22:24:05,15.118000000000052,64.17314376831055,37.87361614519357,997.84,0.0
52.5,-97.0,2026-09-22 22:24:05,17.510000000000048,50.99814376831055,18.109616145193577,996.77,0.0
52.5,-96.5,2026-09-22 22:24:05,18.444000000000017,44.29814376831055,16.633616145193578,993.49,0.0
52.5,-96.0,2026-09-22 22:24:05,18.41900000000004,41.99814376831055,16.201616145193576,990.71,0.0
52.5,-95.5,2026-09-22 22:24:05,17.930000000000007,43.97314376831055,18.66761614519358,988.4,0.0
52.5,-95.0,2026-09-22 22:24:05,15.611000000000047,57.45808410644531,15.520162833184004,986.47,0.0
52.5,-94.5,2026-09-22 22:24:05,15.344000000000051,59.20808410644531,20.776162833184006,983.92,0.0
52.5,-94.0,2026-09-22 22:24:05,15.250000000000057,62.058084106445314,19.678162833184007,985.74,0.0
52.5,-93.5,2026-09-22 22:24:05,15.364000000000033,59.48308410644532,13.864162833184006,986.28,0.0
52.5,-93.0,2026-09-22 22:24:05,14.833000000000027,64.15808410644532,17.014162833184006,988.52,0.0
52.5,-92.5,2026-09-22 22:24:05,15.839000000000055,52.658084106445315,12.676162833184005,986.22,0.0
52.5,-92.0,2026-09-22 22:24:05,15.580000000000041,56.158084106445315,12.298162833184005,986.13,0.0
52.5,-91.5,2026-09-22 22:24:05,14.220000000000027,65.58308410644531,15.862162833184003,987.31,0.0
52.5,-91.0,2026-09-22 22:24:05,16.31400000000002,47.933084106445314,11.686162833184005,986.25,0.0
52.5,-90.5,2026-09-22 22:24:05,16.245000000000005,47.75808410644532,11.830162833184005,987.06,0.0
52.5,-90.0,2026-09-22 22:24:05,16.274,48.60808410644532,11.578162833184004,990.81,0.0
52.5,-89.5,2026-09-22 22:24:05,16.140000000000043,53.33308410644531,11.380162833184006,991.8,0.0
52.5,-89.0,2026-09-22 22:24:05,16.956000000000017,49.20808410644531,12.802162833184004,992.24,0.0
52.5,-88.5,2026-09-22 22:24:05,16.873000000000047,51.558084106445314,10.660162833184005,994.77,0.0
52.5,-88.0,2026-09-22 22:24:05,16.662000000000035,57.658084106445315,11.236162833184006,998.39,0.0
52.5,-87.5,2026-09-22 22:24:05,15.65500000000003,64.48308410644532,12.100162833184005,1000.11,0.0
52.5,-87.0,2026-09-22 22:24:05,18.326000000000022,48.433084106445314,10.876162833184004,1003.09,0.1525
52.5,-86.5,2026-09-22 22:24:05,18.62700000000001,50.25808410644532,11.164162833184005,1007.22,0.2215
52.5,-86.0,2026-09-22 22:24:05,18.90900000000005,47.808084106445314,11.200162833184004,1008.28,0.0765
52.5,-85.5,2026-09-22 22:24:05,18.524,50.308084106445314,11.236162833184006,1008.13,0.28250000000000003
52.5,-85.0,2026-09-22 22:24:05,18.313000000000045,53.908084106445315,11.200162833184004,1012.02,0.252
52.5,-84.5,2026-09-22 22:24:05,18.635000000000048,48.908084106445315,11.758162833184006,1011.72,0.0
52.5,-84.0,2026-09-22 22:24:05,18.612000000000023,53.783084106445315,11.524162833184004,1016.22,0.0
52.5,-83.5,2026-09-22 22:24:05,18.428000000000054,55.48308410644532,11.110162833184004,1021.05,0.0
52.5,-83.0,2026-09-22 22:24:05,17.81400000000002,57.60808410644532,11.866162833184005,1023.36,0.0
52.5,-82.5,2026-09-22 22:24:05,17.666000000000054,57.20808410644531,11.992162833184004,1025.75,0.0
52.5,-82.0,2026-09-22 22:24:05,17.485000000000014,56.933084106445314,12.388162833184005,1026.7,0.0
52.5,-81.5,2026-09-22 22:24:05,13.462000000000046,73.60808410644532,15.628162833184005,1028.03,0.0
52.5,-79.5,2026-09-22 22:24:05,9.874000000000024,83.83308410644531,25.924162833184003,1029.0,0.0
52.5,-78.5,2026-09-22 22:24:05,13.048000000000002,66.45808410644531,23.188162833184006,1027.8,0.0
52.5,-78.0,2026-09-22 22:24:05,15.494000000000028,57.183084106445314,16.906162833184005,1017.97,0.366
52.5,-77.5,2026-09-22 22:24:05,15.250000000000057,55.933084106445314,19.480162833184004,1008.47,0.0
52.5,-77.0,2026-09-22 22:24:05,13.413000000000011,60.00808410644532,19.210162833184008,1007.13,0.0
52.5,-76.5,2026-09-22 22:24:05,13.561000000000035,60.783084106445315,20.290162833184006,1002.52,0.0
52.5,-76.0,2026-09-22 22:24:05,13.865000000000009,56.558084106445314,13.144162833184005,999.63,0.0
52.5,-75.5,2026-09-22 22:24:05,12.987000000000023,55.658084106445315,14.908162833184004,994.14,0.023
52.5,-75.0,2026-09-22 22:24:05,11.213000000000022,58.283084106445315,12.352162833184005,986.72,0.496
52.5,-74.5,2026-09-22 22:24:05,10.747000000000014,56.683084106445314,12.532162833184005,985.25,0.511
52.5,-74.0,2026-09-22 22:24:05,10.270000000000039,62.033084106445315,14.422162833184005,980.14,0.557
52.5,-73.5,2026-09-22 22:24:05,9.642000000000053,61.85808410644532,12.244162833184005,975.45,1.4875
52.5,-73.0,2026-09-22 22:24:05,8.312000000000012,65.98308410644532,13.630162833184006,974.09,0.725
52.5,-72.5,2026-09-22 22:24:05,8.860000000000014,60.35808410644532,10.804162833184005,979.64,0.87
52.5,-72.0,2026-09-22 22:24:05,8.395000000000039,58.98308410644532,7.582162833184005,974.97,0.786
52.5,-71.5,2026-09-22 22:24:05,7.754000000000019,61.033084106445315,8.446162833184003,972.05,0.8545
52.5,-71.0,2026-09-22 22:24:05,7.123000000000047,64.28308410644532,8.968162833184003,966.55,0.9535
52.5,-70.5,2026-09-22 22:24:05,5.0120000000000005,70.63308410644531,11.542162833184005,947.84,4.1275
52.5,-70.0,2026-09-22 22:24:05,7.203000000000031,63.38308410644532,11.722162833184004,959.47,2.1135
52.5,-69.5,2026-09-22 22:24:05,5.55600000000004,72.38308410644531,15.484162833184005,955.0,1.3045
52.5,-69.0,2026-09-22 22:24:05,6.513000000000034,73.33308410644531,13.252162833184006,952.0,0.45
52.5,-68.5,2026-09-22 22:24:05,6.049000000000035,79.50808410644532,14.116162833184005,952.16,1.129
52.5,-68.0,2026-09-22 22:24:05,6.248000000000047,71.23308410644532,13.288162833184005,951.91,1.3735
52.5,-67.5,2026-09-22 22:24:05,5.702000000000055,69.52361755371093,13.752,950.31,2.037
52.5,-67.0,2026-09-22 22:24:05,6.768000000000029,63.87361755371094,13.32,961.59,0.5645
52.5,-66.5,2026-09-22 22:24:05,6.0680000000000405,65.77361755371093,14.688,966.68,5.0735
52.5,-66.0,2026-09-22 22:24:05,5.626000000000033,66.42361755371094,15.803999999999998,966.45,0.9535
52.5,-65.5,2026-09-22 22:24:05,5.7590000000000146,60.24861755371094,11.484,964.96,4.1045
52.5,-65.0,2026-09-22 22:24:05,5.861000000000047,59.22361755371094,13.356,964.65,3.4865
52.5,-64.5,2026-09-22 22:24:05,5.368000000000052,63.99861755371094,15.624,968.04,1.7855
52.5,-64.0,2026-09-22 22:24:05,6.749000000000024,57.07361755371094,15.732000000000001,967.15,2.472
52.5,-63.5,2026-09-22 22:24:05,5.791000000000054,61.32361755371094,15.984000000000002,956.27,3.227
52.5,-63.0,2026-09-22 22:24:05,5.5330000000000155,68.04861755371094,17.1,966.52,0.7705
52.5,-62.5,2026-09-22 22:24:05,5.6340000000000146,70.17361755371094,17.136,972.99,0.267
52.5,-62.0,2026-09-22 22:24:05,5.9640000000000555,72.92361755371094,12.852000000000002,975.88,5.127
52.5,-61.5,2026-09-22 22:24:05,6.220000000000027,77.57361755371095,10.008000000000001,978.35,0.4655
52.5,-61.0,2026-09-22 22:24:05,7.142000000000053,66.77361755371093,11.376000000000001,981.67,0.4045
52.5,-60.5,2026-09-22 22:24:05,7.018000000000029,64.94861755371095,12.204,977.93,0.038
52.5,-60.0,2026-09-22 22:24:05,6.251000000000033,66.49861755371094,17.208000000000002,970.38,0.0
52.5,-59.5,2026-09-22 22:24:05,5.966000000000008,70.94861755371095,13.464,968.31,0.0
52.5,-59.0,2026-09-22 22:24:05,5.787000000000035,72.77361755371093,11.988000000000001,960.38,0.0305
52.5,-58.5,2026-09-22 22:24:05,8.90300000000002,57.07361755371094,11.484,979.43,1.2895
52.5,-58.0,2026-09-22 22:24:05,7.993000000000052,59.17361755371094,14.688,976.02,2.0905
52.5,-57.5,2026-09-22 22:24:05,7.784000000000049,67.32361755371095,12.852000000000002,978.56,1.7855
52.5,-57.0,2026-09-22 22:24:05,7.54400000000004,71.17361755371094,6.336,997.52,1.1675
52.5,-56.5,2026-09-22 22:24:05,6.872000000000014,73.82361755371095,8.892000000000001,993.35,1.8920000000000001
52.5,-56.0,2026-09-22 22:24:05,7.29200000000003,71.99861755371094,18.468,1017.59,2.64
53.0,-132.5,2026-09-22 22:24:05,13.408000000000015,70.46890411376954,28.404000000000003,1008.07,7.2325
53.0,-132.0,2026-09-22 22:24:05,10.865000000000009,74.89390411376954,10.368,957.7,8.102500000000001
53.0,-131.5,2026-09-22 22:24:05,12.959000000000003,73.74390411376953,19.728,1008.43,2.2965
53.0,-129.5,2026-09-22 22:24:05,11.69500000000005,91.24390411376953,47.16,1010.9,16.9525
53.0,-129.0,2026-09-22 22:24:05,10.190000000000055,94.01890411376954,9.612,981.06,12.4205
53.0,-128.5,2026-09-22 22:24:05,8.81800000000004,93.26890411376954,9.036000000000001,968.12,21.698
53.0,-128.0,2026-09-22 22:24:05,7.303000000000054,99.16890411376954,12.312,932.87,28.984
53.0,-127.5,2026-09-22 22:24:05,10.388000000000034,68.46890411376954,7.812,921.13,25.5735
53.0,-127.0,2026-09-22 22:24:05,6.7590000000000146,70.36890411376953,6.264,869.51,11.215
53.0,-126.5,2026-09-22 22:24:05,4.0540000000000305,74.91890411376953,10.548,836.46,7.309
53.0,-126.0,2026-09-22 22:24:05,10.112000000000023,57.793904113769536,3.168,900.4,3.914
53.0,-125.5,2026-09-22 22:24:05,9.06800000000004,56.418904113769536,4.356,881.65,0.557
53.0,-125.0,2026-09-22 22:24:05,11.219000000000051,52.918904113769536,3.9240000000000004,887.46,0.9535
53.0,-124.5,2026-09-22 22:24:05,10.862000000000023,44.39390411376954,8.208000000000002,862.13,0.23650000000000002
53.0,-124.0,2026-09-22 22:24:05,11.452000000000055,44.443904113769534,8.388,869.35,0.244
53.0,-123.5,2026-09-22 22:24:05,13.525000000000034,40.943904113769534,8.964,898.53,1.0985
53.0,-123.0,2026-09-22 22:24:05,14.260000000000048,45.49390411376953,4.932,906.07,0.107
53.0,-122.5,2026-09-22 22:24:05,16.209000000000003,46.76890411376954,5.472,949.2,0.0
53.0,-122.0,2026-09-22 22:24:05,13.487000000000023,46.34390411376953,4.644,894.79,0.0535
53.0,-121.5,2026-09-22 22:24:05,8.623000000000047,46.14390411376954,7.704000000000001,823.73,0.0305
53.0,-121.0,2026-09-22 22:24:05,12.93300000000005,41.14390411376954,1.872,865.53,0.0
53.0,-120.5,2026-09-22 22:24:05,2.215000000000032,57.64390411376954,13.968,749.42,0.0155
53.0,-120.0,2026-09-22 22:24:05,6.631000000000029,39.099673461914065,8.928,770.38,0.0
53.0,-119.5,2026-09-22 22:24:05,14.163000000000011,56.67467346191407,3.132,907.69,0.0
53.0,-119.0,2026-09-22 22:24:05,10.756000000000029,52.724673461914065,4.212,825.04,0.0
53.0,-118.5,2026-09-22 22:24:05,7.904000000000053,53.89967346191406,9.108,783.91,0.0305
53.0,-118.0,2026-09-22 22:24:05,12.05400000000003,50.79967346191407,6.3,826.65,0.1905
53.0,-117.5,2026-09-22 22:24:05,10.560000000000002,44.474673461914065,8.496,781.22,0.046
53.0,-117.0,2026-09-22 22:24:05,12.092000000000041,57.474673461914065,7.848000000000001,834.61,0.0075
53.0,-116.5,2026-09-22 22:24:05,13.896000000000015,52.474673461914065,6.48,871.27,0.0
53.0,-116.0,2026-09-22 22:24:05,15.18300000000005,48.07467346191407,5.472,884.44,0.0
53.0,-115.5,2026-09-22 22:24:05,15.882000000000005,48.64967346191406,6.12,902.61,0.0
53.0,-115.0,2026-09-22 22:24:05,16.584000000000003,46.77467346191406,7.956,911.27,0.0
53.0,-114.5,2026-09-22 22:24:05,16.600000000000023,45.29967346191407,9.648000000000001,910.43,0.0
53.0,-114.0,2026-09-22 22:24:05,14.963000000000022,58.82467346191407,20.916000000000004,915.49,0.0
53.0,-113.5,2026-09-22 22:24:05,16.99200000000002,49.224673461914065,17.784000000000002,922.68,0.0
53.0,-113.0,2026-09-22 22:24:05,16.935000000000002,51.474673461914065,22.896,926.19,0.0
53.0,-112.5,2026-09-22 22:24:05,18.394000000000005,44.849673461914065,22.896,928.52,0.0
53.0,-112.0,2026-09-22 22:24:05,18.369000000000028,48.249673461914064,23.94,930.58,0.0
53.0,-111.5,2026-09-22 22:24:05,18.999000000000024,49.67467346191407,24.156,930.16,0.0
53.0,-111.0,2026-09-22 22:24:05,18.19500000000005,62.14967346191406,21.384,929.93,0.0
53.0,-110.5,2026-09-22 22:24:05,18.535000000000025,58.77467346191406,16.884,936.02,0.0
53.0,-110.0,2026-09-22 22:24:05,18.32800000000003,51.69814376831055,12.565616145193578,936.27,0.0
53.0,-109.5,2026-09-22 22:24:05,19.192000000000007,55.74814376831055,13.339616145193578,939.46,0.0
53.0,-109.0,2026-09-22 22:24:05,20.826000000000022,50.12314376831055,15.301616145193577,943.48,0.0
53.0,-108.5,2026-09-22 22:24:05,20.817000000000007,56.19814376831055,18.43361614519358,945.37,0.0
53.0,-108.0,2026-09-22 22:24:05,19.11700000000002,65.62314376831056,20.61161614519358,940.05,0.0
53.0,-107.5,2026-09-22 22:24:05,18.605000000000018,61.72314376831055,21.475616145193577,926.13,0.0
53.0,-107.0,2026-09-22 22:24:05,18.94500000000005,65.69814376831054,21.72761614519358,944.71,0.0
53.0,-106.5,2026-09-22 22:24:05,20.609000000000037,55.92314376831055,25.18361614519358,951.46,0.0
53.0,-106.0,2026-09-22 22:24:05,20.043000000000006,58.72314376831055,21.70961614519358,954.51,0.0
53.0,-105.5,2026-09-22 22:24:05,20.37700000000001,56.99814376831055,25.831616145193575,959.08,0.0
53.0,-105.0,2026-09-22 22:24:05,20.709000000000003,52.64814376831055,27.23561614519358,959.76,0.0
53.0,-104.5,2026-09-22 22:24:05,20.831000000000017,53.34814376831055,26.587616145193575,962.48,0.0
53.0,-104.0,2026-09-22 22:24:05,21.12900000000002,49.62314376831055,28.76561614519358,967.98,0.0
53.0,-103.5,2026-09-22 22:24:05,20.588000000000022,47.74814376831055,22.195616145193576,958.88,0.0
53.0,-103.0,2026-09-22 22:24:05,18.382000000000005,51.97314376831055,19.063616145193578,948.66,0.0
53.0,-102.5,2026-09-22 22:24:05,18.896000000000015,49.72314376831055,13.537616145193578,962.15,0.0
53.0,-102.0,2026-09-22 22:24:05,19.89300000000003,49.09814376831055,13.429616145193577,977.87,0.0
53.0,-101.5,2026-09-22 22:24:05,18.33000000000004,59.82314376831055,10.009616145193577,985.62,0.0
53.0,-101.0,2026-09-22 22:24:05,17.545000000000016,55.39814376831055,21.583616145193577,987.3,0.0
53.0,-100.5,2026-09-22 22:24:05,16.593000000000018,62.19814376831055,25.489616145193576,988.63,0.0
53.0,-100.0,2026-09-22 22:24:05,16.489000000000033,53.92314376831055,26.29961614519358,987.55,0.0
53.0,-99.5,2026-09-22 22:24:05,17.00400000000002,52.34814376831055,26.587616145193575,988.98,0.0
53.0,-99.0,2026-09-22 22:24:05,18.807000000000016,45.09814376831055,21.99761614519358,993.02,0.0
53.0,-98.5,2026-09-22 22:24:05,16.647000000000048,59.17314376831055,27.109616145193577,994.57,0.0
53.0,-98.0,2026-09-22 22:24:05,15.535000000000025,66.24814376831056,38.16161614519358,996.54,0.0
53.0,-97.5,2026-09-22 22:24:05,14.629000000000019,67.14814376831055,37.40561614519358,997.3,0.0155
53.0,-97.0,2026-09-22 22:24:05,18.55200000000002,36.84814376831055,15.859616145193577,994.84,0.0155
53.0,-96.5,2026-09-22 22:24:05,17.91700000000003,46.02314376831055,17.245616145193576,992.3,0.0075
53.0,-96.0,2026-09-22 22:24:05,18.541000000000054,39.04814376831055,16.255616145193578,990.02,0.0
53.0,-95.5,2026-09-22 22:24:05,18.440000000000055,39.77314376831055,17.04761614519358,989.26,0.0
53.0,-95.0,2026-09-22 22:24:05,15.961000000000013,56.95808410644531,18.670162833184005,988.53,0.0
53.0,-94.5,2026-09-22 22:24:05,15.827000000000055,56.95808410644531,15.574162833184003,988.2,0.0
53.0,-94.0,2026-09-22 22:24:05,16.010000000000048,54.88308410644532,13.810162833184004,988.67,0.0
53.0,-93.5,2026-09-22 22:24:05,15.453000000000031,59.60808410644532,16.996162833184005,991.52,0.0
53.0,-93.0,2026-09-22 22:24:05,13.984000000000037,70.20808410644531,16.384162833184007,994.27,0.0
53.0,-92.5,2026-09-22 22:24:05,16.360000000000014,52.35808410644532,11.956162833184004,992.28,0.0
53.0,-92.0,2026-09-22 22:24:05,14.503000000000043,63.00808410644532,16.060162833184005,993.3,0.0
53.0,-91.5,2026-09-22 22:24:05,15.360000000000014,56.23308410644532,12.280162833184004,991.56,0.0
53.0,-91.0,2026-09-22 22:24:05,15.946000000000026,48.88308410644532,15.250162833184005,992.14,0.0
53.0,-90.5,2026-09-22 22:24:05,15.934000000000026,46.158084106445315,14.350162833184005,989.53,0.0
53.0,-90.0,2026-09-22 22:24:05,16.711000000000013,46.10808410644532,11.866162833184005,996.5,0.0
53.0,-89.5,2026-09-22 22:24:05,16.601000000000056,47.658084106445315,12.712162833184005,998.02,0.0
53.0,-89.0,2026-09-22 22:24:05,15.119000000000028,58.908084106445315,17.968162833184003,999.34,0.0
53.0,-88.5,2026-09-22 22:24:05,16.447000000000003,54.08308410644531,15.808162833184005,1000.2,0.0
53.0,-88.0,2026-09-22 22:24:05,13.51600000000002,71.98308410644532,16.636162833184002,1002.88,0.0155
53.0,-87.5,2026-09-22 22:24:05,14.580000000000041,67.00808410644531,16.672162833184007,1004.78,0.229
53.0,-87.0,2026-09-22 22:24:05,17.750000000000057,49.25808410644532,14.098162833184004,1005.97,0.0915
53.0,-86.5,2026-09-22 22:24:05,17.65300000000002,55.908084106445315,13.576162833184005,1008.19,0.2745
53.0,-86.0,2026-09-22 22:24:05,18.382000000000005,54.08308410644531,12.478162833184005,1010.38,0.328
53.0,-85.5,2026-09-22 22:24:05,18.845000000000027,51.308084106445314,11.524162833184004,1013.75,0.16
53.0,-85.0,2026-09-22 22:24:05,18.366000000000042,55.13308410644532,11.920162833184005,1015.19,0.0
53.0,-84.5,2026-09-22 22:24:05,18.158000000000015,56.73308410644532,11.686162833184005,1015.69,0.0
53.0,-84.0,2026-09-22 22:24:05,18.238000000000056,55.25808410644532,11.866162833184005,1016.59,0.0
53.0,-83.5,2026-09-22 22:24:05,18.54600000000005,53.25808410644532,11.902162833184006,1020.22,0.0
53.0,-83.0,2026-09-22 22:24:05,17.87900000000002,58.10808410644532,11.578162833184004,1022.88,0.0
53.0,-82.5,2026-09-22 22:24:05,17.834000000000003,58.908084106445315,12.334162833184005,1025.99,0.0
53.0,-82.0,2026-09-22 22:24:05,15.967000000000041,70.08308410644531,17.428162833184007,1026.95,0.0075
53.0,-81.5,2026-09-22 22:24:05,15.42900000000003,70.68308410644532,17.374162833184005,1024.83,0.0
53.0,-81.0,2026-09-22 22:24:05,15.910000000000025,65.08308410644531,19.192162833184003,1025.77,0.0
53.0,-79.0,2026-09-22 22:24:05,9.873000000000047,85.63308410644532,26.212162833184003,1028.77,0.0
53.0,-78.5,2026-09-22 22:24:05,14.380000000000052,63.08308410644531,22.342162833184002,1022.59,0.023
53.0,-78.0,2026-09-22 22:24:05,14.578000000000031,60.85808410644532,23.638162833184005,1012.63,0.0
53.0,-77.5,2026-09-22 22:24:05,14.566000000000031,58.808084106445314,24.448162833184004,1005.78,0.0
53.0,-77.0,2026-09-22 22:24:05,14.578000000000031,54.63308410644532,23.116162833184006,1003.27,0.0
53.0,-76.5,2026-09-22 22:24:05,13.30800000000005,57.933084106445314,20.434162833184004,1004.06,0.0915
53.0,-76.0,2026-09-22 22:24:05,12.755000000000052,57.408084106445315,19.768162833184004,1003.55,0.0765
53.0,-75.5,2026-09-22 22:24:05,11.992000000000019,61.20808410644531,15.574162833184003,993.49,0.0075
53.0,-75.0,2026-09-22 22:24:05,10.697000000000003,66.18308410644532,15.574162833184003,984.91,0.519
53.0,-74.5,2026-09-22 22:24:05,10.849000000000046,63.13308410644532,16.384162833184007,988.33,0.7475
53.0,-74.0,2026-09-22 22:24:05,10.093000000000018,64.48308410644532,15.736162833184004,983.56,1.938
53.0,-73.5,2026-09-22 22:24:05,10.480000000000018,58.558084106445314,16.150162833184005,986.03,0.023
53.0,-73.0,2026-09-22 22:24:05,9.708000000000027,59.00808410644532,14.674162833184004,976.86,0.923
53.0,-72.5,2026-09-22 22:24:05,8.763000000000034,60.95808410644531,13.090162833184003,971.16,2.487
53.0,-72.0,2026-09-22 22:24:05,7.456000000000017,67.88308410644531,11.200162833184004,966.38,0.618
53.0,-71.5,2026-09-22 22:24:05,7.55800000000005,59.00808410644532,9.724162833184003,966.33,1.869
53.0,-71.0,2026-09-22 22:24:05,7.0610000000000355,65.05808410644532,11.200162833184004,966.53,1.671
53.0,-70.5,2026-09-22 22:24:05,6.725000000000023,66.95808410644531,12.766162833184005,963.66,0.679
53.0,-70.0,2026-09-22 22:24:05,6.105000000000018,73.40808410644532,9.238162833184004,949.38,0.244
53.0,-69.5,2026-09-22 22:24:05,5.726000000000056,70.33308410644531,14.476162833184004,948.94,0.1905
53.0,-69.0,2026-09-22 22:24:05,5.32000000000005,75.25808410644531,12.190162833184004,952.55,2.098
53.0,-68.5,2026-09-22 22:24:05,5.426000000000045,76.60808410644532,15.520162833184004,953.31,2.0140000000000002
53.0,-68.0,2026-09-22 22:24:05,5.8700000000000045,74.38308410644531,15.088162833184004,953.11,8.705
53.0,-67.5,2026-09-22 22:24:05,5.713000000000022,71.49861755371094,13.284,956.29,4.4175
53.0,-67.0,2026-09-22 22:24:05,4.959000000000003,69.17361755371094,15.372000000000002,944.49,1.3655
53.0,-66.5,2026-09-22 22:24:05,5.673000000000002,66.67361755371094,14.508000000000001,961.65,2.0140000000000002
53.0,-66.0,2026-09-22 22:24:05,5.0750000000000455,65.54861755371094,14.256,959.2,3.0595
53.0,-65.5,2026-09-22 22:24:05,5.108000000000004,66.59861755371094,17.064,965.63,0.9535
53.0,-65.0,2026-09-22 22:24:05,4.810000000000002,66.67361755371094,15.48,961.35,3.7005
53.0,-64.5,2026-09-22 22:24:05,4.602000000000032,67.17361755371094,17.928,970.27,2.823
53.0,-64.0,2026-09-22 22:24:05,4.517000000000053,64.97361755371094,15.156,955.46,4.814
53.0,-63.5,2026-09-22 22:24:05,4.66700000000003,67.69861755371095,17.46,954.52,1.7855
53.0,-63.0,2026-09-22 22:24:05,5.496000000000038,69.72361755371094,17.748,973.84,3.189
53.0,-62.5,2026-09-22 22:24:05,5.866000000000042,65.27361755371093,12.96,971.51,2.945
53.0,-62.0,2026-09-22 22:24:05,7.606000000000051,64.69861755371095,10.116,981.52,0.435
53.0,-61.5,2026-09-22 22:24:05,7.163000000000011,69.97361755371094,9.828,988.96,2.2735
53.0,-61.0,2026-09-22 22:24:05,7.0160000000000196,70.49861755371094,8.82,977.42,0.908
53.0,-60.5,2026-09-22 22:24:05,7.990000000000009,63.69861755371094,8.784,981.29,0.9615
53.0,-60.0,2026-09-22 22:24:05,8.691000000000031,58.87361755371094,9.828,989.82,0.252
53.0,-59.5,2026-09-22 22:24:05,7.524000000000001,59.67361755371094,13.572000000000001,965.98,0.0
53.0,-59.0,2026-09-22 22:24:05,9.204000000000008,53.84861755371094,14.904,977.09,0.0305
53.0,-58.5,2026-09-22 22:24:05,9.584000000000003,50.37361755371094,8.028,981.01,0.5495
53.0,-58.0,2026-09-22 22:24:05,8.487000000000023,56.37361755371094,10.512,980.45,0.1375
53.0,-57.5,2026-09-22 22:24:05,8.93300000000005,54.24861755371094,11.052000000000001,997.63,0.992
53.0,-57.0,2026-09-22 22:24:05,7.152000000000044,58.02361755371094,12.96,971.67,2.1515
53.0,-56.5,2026-09-22 22:24:05,9.116000000000042,57.12361755371094,12.204,1009.21,1.587
53.0,-56.0,2026-09-22 22:24:05,8.023000000000025,64.49861755371094,19.44,1018.34,0.679
53.5,-133.0,2026-09-22 22:24:05,13.423000000000002,71.99390411376953,32.112,1006.4,13.0615
53.5,-132.5,2026-09-22 22:24:05,11.118000000000052,72.14390411376954,12.996,962.01,5.684
53.5,-132.0,2026-09-22 22:24:05,13.87700000000001,68.91890411376953,8.028,1000.79,8.148
53.5,-130.5,2026-09-22 22:24:05,11.140000000000043,92.34390411376954,41.04,1009.1,4.097
53.5,-130.0,2026-09-22 22:24:05,11.94300000000004,86.79390411376954,40.608,1007.84,1.869
53.5,-129.5,2026-09-22 22:24:05,9.774000000000001,92.09390411376954,15.264000000000001,981.1,21.919
53.5,-129.0,2026-09-22 22:24:05,11.585000000000036,82.29390411376954,11.700000000000001,993.42,16.51
53.5,-128.5,2026-09-22 22:24:05,4.081000000000017,93.76890411376954,9.468,883.09,14.8925
53.5,-128.0,2026-09-22 22:24:05,7.786000000000001,89.29390411376954,1.9440000000000002,916.1,12.4665
53.5,-127.5,2026-09-22 22:24:05,2.861000000000047,86.39390411376954,8.604000000000001,849.28,13.771
53.5,-127.0,2026-09-22 22:24:05,8.662000000000035,75.64390411376954,0.468,914.09,9.331
53.5,-126.5,2026-09-22 22:24:05,5.911000000000001,68.84390411376954,10.116,853.98,3.1355
53.5,-126.0,2026-09-22 22:24:05,9.595000000000027,58.49390411376953,6.3,889.56,0.252
53.5,-125.5,2026-09-22 22:24:05,8.148000000000025,64.21890411376954,8.172,880.01,1.1445
53.5,-125.0,2026-09-22 22:24:05,10.841000000000008,51.24390411376953,3.4200000000000004,908.49,4.158
53.5,-124.5,2026-09-22 22:24:05,11.66900000000004,48.11890411376953,6.516,894.81,0.862
53.5,-124.0,2026-09-22 22:24:05,12.383000000000038,46.64390411376954,6.732,901.57,2.243
53.5,-123.5,2026-09-22 22:24:05,13.750000000000057,54.09390411376953,5.364,919.31,1.9915
53.5,-123.0,2026-09-22 22:24:05,12.977000000000032,51.11890411376953,6.3,911.85,1.3655
53.5,-122.5,2026-09-22 22:24:05,13.089000000000055,52.568904113769534,5.760000000000001,910.84,0.8925000000000001
53.5,-122.0,2026-09-22 22:24:05,12.721000000000004,53.46890411376953,4.0680000000000005,901.34,0.5265
53.5,-121.5,2026-09-22 22:24:05,13.08200000000005,46.11890411376953,3.9600000000000004,891.57,0.8085
53.5,-121.0,2026-09-22 22:24:05,8.600000000000023,41.693904113769534,7.632000000000001,825.81,0.267
53.5,-120.5,2026-09-22 22:24:05,16.218000000000018,37.49390411376953,1.584,926.13,0.0685
53.5,-120.0,2026-09-22 22:24:05,7.366000000000042,45.974673461914065,6.12,810.47,0.1145
53.5,-119.5,2026-09-22 22:24:05,6.2590000000000146,44.04967346191407,8.064000000000002,779.9,0.0685
53.5,-119.0,2026-09-22 22:24:05,6.977000000000032,42.07467346191407,8.532,780.75,0.0155
53.5,-118.5,2026-09-22 22:24:05,9.114000000000033,51.724673461914065,3.9960000000000004,800.11,0.0
53.5,-118.0,2026-09-22 22:24:05,12.418000000000006,53.94967346191407,2.7720000000000002,854.88,0.145
53.5,-117.5,2026-09-22 22:24:05,13.019000000000005,66.09967346191407,2.5200000000000005,883.79,0.023
53.5,-117.0,2026-09-22 22:24:05,14.200000000000045,56.67467346191407,3.9600000000000004,890.77,0.0
53.5,-116.5,2026-09-22 22:24:05,15.722000000000037,52.849673461914065,3.9960000000000004,904.9,0.0
53.5,-116.0,2026-09-22 22:24:05,15.006000000000029,57.474673461914065,4.032000000000001,903.83,0.0
53.5,-115.5,2026-09-22 22:24:05,15.573000000000036,55.624673461914064,5.0040000000000004,912.29,0.0
53.5,-115.0,2026-09-22 22:24:05,16.624000000000024,49.39967346191406,7.236000000000001,922.15,0.0
53.5,-114.5,2026-09-22 22:24:05,16.315000000000055,50.374673461914064,11.016,927.85,0.0
53.5,-114.0,2026-09-22 22:24:05,16.647000000000048,50.82467346191407,13.392000000000001,929.5,0.0
53.5,-113.5,2026-09-22 22:24:05,17.724000000000046,44.124673461914064,15.732000000000001,935.35,0.0
53.5,-113.0,2026-09-22 22:24:05,14.968000000000018,68.07467346191406,22.104000000000003,924.83,0.0
53.5,-112.5,2026-09-22 22:24:05,15.616000000000042,64.19967346191406,25.524,933.9,0.0
53.5,-112.0,2026-09-22 22:24:05,18.074000000000012,50.27467346191406,23.868,936.19,0.0
53.5,-111.5,2026-09-22 22:24:05,18.364000000000033,52.67467346191407,23.256,932.69,0.0
53.5,-111.0,2026-09-22 22:24:05,18.999000000000024,52.57467346191407,21.888,933.24,0.0
53.5,-110.5,2026-09-22 22:24:05,18.837000000000046,51.474673461914065,16.668,937.93,0.0
53.5,-110.0,2026-09-22 22:24:05,18.474000000000046,52.84814376831055,13.105616145193578,939.04,0.0
53.5,-109.5,2026-09-22 22:24:05,18.90100000000001,57.82314376831055,14.761616145193578,937.9,0.0
53.5,-109.0,2026-09-22 22:24:05,18.763000000000034,61.02314376831055,19.153616145193578,937.37,0.0
53.5,-108.5,2026-09-22 22:24:05,17.55000000000001,67.67314376831055,23.14961614519358,930.32,0.0
53.5,-108.0,2026-09-22 22:24:05,18.772000000000048,59.49814376831055,16.777616145193576,925.88,0.0
53.5,-107.5,2026-09-22 22:24:05,20.55000000000001,54.29814376831055,21.331616145193575,939.24,0.0
53.5,-107.0,2026-09-22 22:24:05,19.355000000000018,62.09814376831055,24.06761614519358,950.02,0.0
53.5,-106.5,2026-09-22 22:24:05,19.522000000000048,60.89814376831055,22.627616145193578,950.54,0.0
53.5,-106.0,2026-09-22 22:24:05,19.222000000000037,61.32314376831055,22.519616145193577,950.69,0.0
53.5,-105.5,2026-09-22 22:24:05,20.138000000000034,56.32314376831055,24.571616145193577,955.69,0.0
53.5,-105.0,2026-09-22 22:24:05,19.799000000000035,56.39814376831055,18.09161614519358,954.12,0.0
53.5,-104.5,2026-09-22 22:24:05,20.410000000000025,55.27314376831055,23.995616145193576,960.74,0.0
53.5,-104.0,2026-09-22 22:24:05,20.349000000000046,54.44814376831055,24.481616145193577,969.87,0.0
53.5,-103.5,2026-09-22 22:24:05,19.436000000000035,60.32314376831055,25.057616145193577,976.91,0.0
53.5,-103.0,2026-09-22 22:24:05,20.962000000000046,49.39814376831055,15.445616145193577,981.32,0.0
53.5,-102.5,2026-09-22 22:24:05,21.75400000000002,40.79814376831055,15.715616145193577,972.63,0.0
53.5,-102.0,2026-09-22 22:24:05,19.743000000000052,46.39814376831055,17.33561614519358,982.66,0.0
53.5,-101.5,2026-09-22 22:24:05,19.938000000000045,48.17314376831055,15.913616145193577,982.4,0.0
53.5,-101.0,2026-09-22 22:24:05,19.567000000000007,47.32314376831055,17.33561614519358,984.71,0.0
53.5,-100.5,2026-09-22 22:24:05,15.298000000000002,70.59814376831055,30.90761614519358,987.98,0.0
53.5,-100.0,2026-09-22 22:24:05,15.981000000000051,65.29814376831055,29.52161614519358,988.6,0.0
53.5,-99.5,2026-09-22 22:24:05,18.559000000000026,47.24814376831055,16.92161614519358,986.44,0.0
53.5,-99.0,2026-09-22 22:24:05,16.27000000000004,63.69814376831055,29.755616145193578,994.57,0.0
53.5,-98.5,2026-09-22 22:24:05,15.664000000000044,66.99814376831056,36.34361614519358,995.27,0.0
53.5,-98.0,2026-09-22 22:24:05,15.51600000000002,68.09814376831055,38.30561614519358,996.02,0.0075
53.5,-97.5,2026-09-22 22:24:05,17.76800000000003,46.14814376831055,19.045616145193577,995.05,0.046
53.5,-97.0,2026-09-22 22:24:05,19.289000000000044,36.07314376831055,16.525616145193577,992.9,0.1295
53.5,-96.5,2026-09-22 22:24:05,18.243000000000052,39.37314376831055,18.43361614519358,992.04,0.1145
53.5,-96.0,2026-09-22 22:24:05,18.187000000000012,40.12314376831055,23.49161614519358,990.4,0.023
53.5,-95.5,2026-09-22 22:24:05,18.71700000000004,34.298143768310545,19.18961614519358,990.18,0.0075
53.5,-95.0,2026-09-22 22:24:05,15.997000000000014,52.58308410644531,17.068162833184005,992.89,0.0
53.5,-94.5,2026-09-22 22:24:05,16.827000000000055,48.70808410644531,16.852162833184007,994.16,0.0
53.5,-94.0,2026-09-22 22:24:05,16.762,50.433084106445314,15.016162833184007,994.16,0.0
53.5,-93.5,2026-09-22 22:24:05,15.690000000000055,58.908084106445315,19.282162833184003,993.58,0.0
53.5,-93.0,2026-09-22 22:24:05,15.951000000000022,54.70808410644531,14.638162833184005,991.88,0.0
53.5,-92.5,2026-09-22 22:24:05,16.454000000000008,49.48308410644532,15.052162833184004,990.72,0.0
53.5,-92.0,2026-09-22 22:24:05,15.997000000000014,49.658084106445315,14.872162833184007,990.99,0.0
53.5,-91.5,2026-09-22 22:24:05,15.599000000000046,49.50808410644532,14.350162833184005,994.31,0.0
53.5,-91.0,2026-09-22 22:24:05,15.648000000000025,52.13308410644532,16.258162833184006,996.25,0.0
53.5,-90.5,2026-09-22 22:24:05,16.77000000000004,41.88308410644532,14.908162833184004,997.02,0.0
53.5,-90.0,2026-09-22 22:24:05,16.545000000000016,45.38308410644532,16.042162833184005,996.72,0.0
53.5,-89.5,2026-09-22 22:24:05,17.176000000000045,44.308084106445314,15.664162833184005,999.97,0.0
53.5,-89.0,2026-09-22 22:24:05,17.599000000000046,42.23308410644532,16.060162833184005,1001.17,0.0
53.5,-88.5,2026-09-22 22:24:05,18.18300000000005,43.783084106445315,14.782162833184005,1003.22,0.0
53.5,-88.0,2026-09-22 22:24:05,16.41500000000002,59.38308410644532,17.914162833184005,1005.55,0.0
53.5,-87.5,2026-09-22 22:24:05,18.16500000000002,50.658084106445315,14.386162833184004,1007.78,0.0
53.5,-87.0,2026-09-22 22:24:05,18.62700000000001,49.10808410644532,14.116162833184005,1009.52,0.35100000000000003
53.5,-86.5,2026-09-22 22:24:05,18.91500000000002,50.60808410644532,14.098162833184004,1010.8,0.6865
53.5,-86.0,2026-09-22 22:24:05,19.357000000000028,48.98308410644532,14.062162833184004,1012.24,0.023
53.5,-85.5,2026-09-22 22:24:05,18.406000000000006,56.10808410644532,16.492162833184004,1013.28,0.0
53.5,-85.0,2026-09-22 22:24:05,18.06600000000003,56.73308410644532,13.774162833184004,1014.38,0.0
53.5,-84.5,2026-09-22 22:24:05,17.958000000000027,58.23308410644532,13.144162833184005,1016.02,0.0
53.5,-84.0,2026-09-22 22:24:05,17.97800000000001,59.408084106445315,12.802162833184004,1017.5,0.0075
53.5,-83.5,2026-09-22 22:24:05,18.15300000000002,57.23308410644532,12.496162833184004,1018.59,0.0
53.5,-83.0,2026-09-22 22:24:05,18.369000000000028,56.35808410644532,12.280162833184004,1020.56,0.0
53.5,-82.5,2026-09-22 22:24:05,18.243000000000052,58.75808410644532,13.612162833184003,1023.67,0.038
53.5,-79.0,2026-09-22 22:24:05,11.347000000000037,75.60808410644532,30.11816283318401,1026.81,0.0
53.5,-78.5,2026-09-22 22:24:05,15.25200000000001,59.75808410644532,21.622162833184007,1019.33,0.1525
53.5,-78.0,2026-09-22 22:24:05,13.184000000000026,73.58308410644531,26.392162833184003,1011.64,0.0075
53.5,-77.5,2026-09-22 22:24:05,14.509000000000015,57.158084106445315,23.584162833184006,1005.34,0.0155
53.5,-77.0,2026-09-22 22:24:05,14.947000000000003,53.38308410644532,22.306162833184004,1006.08,0.038
53.5,-76.5,2026-09-22 22:24:05,13.177000000000021,55.08308410644531,24.016162833184005,1005.13,0.1375
53.5,-76.0,2026-09-22 22:24:05,11.875000000000057,69.85808410644532,24.016162833184005,998.03,0.35100000000000003
53.5,-75.5,2026-09-22 22:24:05,10.15500000000003,72.50808410644531,23.908162833184004,998.59,0.1985
53.5,-75.0,2026-09-22 22:24:05,10.242000000000019,71.63308410644531,17.014162833184006,998.38,0.366
53.5,-74.5,2026-09-22 22:24:05,9.990000000000009,66.00808410644531,15.484162833184005,989.81,1.724
53.5,-74.0,2026-09-22 22:24:05,10.474000000000046,63.48308410644532,16.546162833184006,986.19,0.145
53.5,-73.5,2026-09-22 22:24:05,10.392000000000053,53.73308410644532,14.332162833184004,982.19,1.1215
53.5,-73.0,2026-09-22 22:24:05,9.329000000000008,64.75808410644531,15.520162833184004,978.13,2.243
53.5,-72.5,2026-09-22 22:24:05,8.767000000000053,65.83308410644531,14.440162833184006,975.69,0.5265
53.5,-72.0,2026-09-22 22:24:05,7.847000000000037,69.03308410644532,13.540162833184004,975.25,0.6945
53.5,-71.5,2026-09-22 22:24:05,7.362000000000023,64.53308410644532,12.010162833184005,967.7,1.3505
53.5,-71.0,2026-09-22 22:24:05,7.3040000000000305,64.88308410644531,14.242162833184004,971.38,1.2435
53.5,-70.5,2026-09-22 22:24:05,7.124000000000024,65.20808410644531,12.874162833184004,966.22,0.45
53.5,-70.0,2026-09-22 22:24:05,6.048000000000002,73.43308410644532,9.850162833184005,962.67,0.168
53.5,-69.5,2026-09-22 22:24:05,6.000000000000057,75.95808410644531,13.162162833184004,960.05,0.7475
53.5,-69.0,2026-09-22 22:24:05,6.750000000000057,72.68308410644532,12.388162833184005,962.28,1.198
53.5,-68.5,2026-09-22 22:24:05,5.754000000000019,76.53308410644532,13.612162833184003,960.03,4.8295
53.5,-68.0,2026-09-22 22:24:05,6.291000000000054,70.10808410644532,13.018162833184004,959.61,0.8315
53.5,-67.5,2026-09-22 22:24:05,4.973000000000013,73.89861755371093,14.868,951.27,1.2510000000000001
53.5,-67.0,2026-09-22 22:24:05,4.529000000000053,70.87361755371094,15.372000000000002,947.62,0.47300000000000003
53.5,-66.5,2026-09-22 22:24:05,6.032000000000039,62.22361755371094,14.436,966.65,1.877
53.5,-66.0,2026-09-22 22:24:05,4.704000000000008,65.62361755371094,15.372000000000002,959.81,0.267
53.5,-65.5,2026-09-22 22:24:05,5.458000000000027,64.02361755371093,15.264000000000001,968.98,2.4415
53.5,-65.0,2026-09-22 22:24:05,5.039000000000044,67.99861755371094,15.947999999999999,970.09,1.0375
53.5,-64.5,2026-09-22 22:24:05,5.590000000000032,58.44861755371094,18.684,974.77,0.3205
53.5,-64.0,2026-09-22 22:24:05,6.164000000000044,63.47361755371094,15.012,984.63,2.5635
53.5,-63.5,2026-09-22 22:24:05,4.8320000000000505,68.89861755371093,19.368,973.85,8.301
53.5,-63.0,2026-09-22 22:24:05,5.349000000000046,62.69861755371094,20.988,962.43,4.9665
53.5,-62.5,2026-09-22 22:24:05,6.2070000000000505,58.99861755371094,20.268,966.38,1.1215
53.5,-62.0,2026-09-22 22:24:05,7.356000000000051,59.42361755371094,18.144000000000002,976.06,4.0205
53.5,-61.5,2026-09-22 22:24:05,7.711000000000013,56.87361755371094,15.876000000000001,975.13,4.219
53.5,-61.0,2026-09-22 22:24:05,8.352000000000032,64.42361755371094,10.224,991.31,0.5875
53.5,-60.5,2026-09-22 22:24:05,9.30400000000003,64.77361755371093,12.276000000000002,999.07,0.5645
53.5,-60.0,2026-09-22 22:24:05,8.572000000000003,68.44861755371095,5.6160000000000005,1026.24,0.0305
53.5,-59.5,2026-09-22 22:24:05,8.30400000000003,55.37361755371094,5.6160000000000005,1008.13,0.0075
53.5,-59.0,2026-09-22 22:24:05,5.843000000000018,58.67361755371094,15.552000000000001,949.71,0.0765
53.5,-58.5,2026-09-22 22:24:05,8.362000000000023,45.89861755371094,12.276000000000002,963.7,0.0765
53.5,-58.0,2026-09-22 22:24:05,8.633000000000038,49.29861755371094,10.8,985.77,0.3585
53.5,-57.5,2026-09-22 22:24:05,9.939000000000021,48.34861755371094,7.812,1008.98,0.267
53.5,-57.0,2026-09-22 22:24:05,7.6650000000000205,56.17361755371094,11.088000000000001,1004.77,0.366
53.5,-56.5,2026-09-22 22:24:05,8.213000000000022,55.52361755371094,13.788,1016.15,0.7475
53.5,-56.0,2026-09-22 22:24:05,6.324000000000012,70.67361755371094,25.992,1024.45,0.2975
54.0,-133.0,2026-09-22 22:24:05,10.90500000000003,72.79390411376953,11.736,979.43,5.4705
54.0,-132.5,2026-09-22 22:24:05,12.368000000000052,74.29390411376953,7.452,988.1,3.5780000000000003
54.0,-132.0,2026-09-22 22:24:05,12.074000000000012,81.04390411376954,8.928,996.82,2.0295
54.0,-130.5,2026-09-22 22:24:05,8.991000000000042,96.74390411376953,19.98,978.53,13.336
54.0,-130.0,2026-09-22 22:24:05,7.813000000000045,94.86890411376953,9.036000000000001,947.34,4.5855
54.0,-129.5,2026-09-22 22:24:05,8.202000000000055,78.81890411376953,8.064000000000002,923.4,14.961
54.0,-129.0,2026-09-22 22:24:05,6.371000000000038,93.39390411376954,6.264,922.93,20.897000000000002
54.0,-128.5,2026-09-22 22:24:05,8.688000000000045,78.26890411376954,5.508,919.73,19.0965
54.0,-128.0,2026-09-22 22:24:05,1.2620000000000005,93.24390411376953,11.304,831.01,14.0
54.0,-127.5,2026-09-22 22:24:05,7.503000000000043,67.94390411376953,4.6080000000000005,888.23,1.175
54.0,-127.0,2026-09-22 22:24:05,8.553000000000054,66.61890411376953,12.636000000000001,899.34,0.885
54.0,-126.5,2026-09-22 22:24:05,10.380000000000052,59.74390411376953,6.084,918.95,2.8000000000000003
54.0,-126.0,2026-09-22 22:24:05,11.756000000000029,54.01890411376954,1.116,921.98,2.548
54.0,-125.5,2026-09-22 22:24:05,11.813000000000045,57.418904113769536,6.156,923.79,1.999
54.0,-125.0,2026-09-22 22:24:05,11.68300000000005,65.79390411376953,1.728,919.31,1.19
54.0,-124.5,2026-09-22 22:24:05,12.465000000000032,58.793904113769536,1.728,927.06,8.445500000000001
54.0,-124.0,2026-09-22 22:24:05,12.994000000000028,59.318904113769534,4.392,933.17,12.2375
54.0,-123.5,2026-09-22 22:24:05,13.850000000000023,50.36890411376953,3.8520000000000003,930.54,3.4945
54.0,-123.0,2026-09-22 22:24:05,13.005000000000052,54.01890411376954,5.4,926.38,2.739
54.0,-122.5,2026-09-22 22:24:05,12.894000000000005,53.46890411376953,3.636,927.34,4.158
54.0,-122.0,2026-09-22 22:24:05,12.965000000000032,63.293904113769536,2.3400000000000003,927.45,2.2355
54.0,-121.5,2026-09-22 22:24:05,8.527000000000044,54.74390411376953,4.0680000000000005,856.26,1.7395
54.0,-121.0,2026-09-22 22:24:05,13.879000000000019,46.61890411376953,1.9800000000000002,914.88,0.679
54.0,-120.5,2026-09-22 22:24:05,7.545000000000016,55.043904113769536,6.6240000000000006,830.6,1.8615
54.0,-120.0,2026-09-22 22:24:05,7.128000000000043,53.374673461914064,7.524,818.91,0.16
54.0,-119.5,2026-09-22 22:24:05,8.360000000000014,44.749673461914064,7.308000000000001,818.3,0.0
54.0,-119.0,2026-09-22 22:24:05,11.015000000000043,50.57467346191407,5.0040000000000004,861.21,0.0
54.0,-118.5,2026-09-22 22:24:05,10.56800000000004,42.249673461914064,8.172,845.49,0.099
54.0,-118.0,2026-09-22 22:24:05,13.135000000000048,47.77467346191406,3.708,878.46,0.061
54.0,-117.5,2026-09-22 22:24:05,13.710000000000036,52.14967346191406,2.3760000000000003,894.55,0.0155
54.0,-117.0,2026-09-22 22:24:05,15.073000000000036,50.224673461914065,4.356,905.93,0.0155
54.0,-116.5,2026-09-22 22:24:05,12.547000000000025,59.92467346191407,8.388,876.97,0.023
54.0,-116.0,2026-09-22 22:24:05,14.160000000000025,56.17467346191407,8.784,896.66,0.0
54.0,-115.5,2026-09-22 22:24:05,15.043000000000006,53.19967346191407,10.404,909.83,0.0
54.0,-115.0,2026-09-22 22:24:05,17.06400000000002,47.42467346191407,8.46,931.91,0.0
54.0,-114.5,2026-09-22 22:24:05,17.05400000000003,49.27467346191406,9.395999999999999,935.54,0.0
54.0,-114.0,2026-09-22 22:24:05,16.798000000000002,48.32467346191407,12.168,929.96,0.0
54.0,-113.5,2026-09-22 22:24:05,16.450000000000045,53.39967346191406,17.532,933.35,0.0
54.0,-113.0,2026-09-22 22:24:05,15.999000000000024,65.87467346191407,17.964000000000002,936.61,0.0
54.0,-112.5,2026-09-22 22:24:05,16.44300000000004,65.04967346191407,19.26,939.33,0.0
54.0,-112.0,2026-09-22 22:24:05,17.926000000000045,50.349673461914065,20.340000000000003,934.35,0.0
54.0,-111.5,2026-09-22 22:24:05,17.688000000000045,53.874673461914064,22.572000000000003,935.94,0.0
54.0,-111.0,2026-09-22 22:24:05,18.634000000000015,52.54967346191407,19.08,932.36,0.0
54.0,-110.5,2026-09-22 22:24:05,18.64500000000004,51.974673461914065,11.844000000000001,934.18,0.0
54.0,-110.0,2026-09-22 22:24:05,17.563000000000045,57.04814376831055,8.821616145193577,930.55,0.0
54.0,-109.5,2026-09-22 22:24:05,18.811000000000035,59.19814376831055,10.513616145193577,939.93,0.0
54.0,-109.0,2026-09-22 22:24:05,19.973000000000013,54.82314376831055,14.995616145193576,946.27,0.0
54.0,-108.5,2026-09-22 22:24:05,20.21700000000004,54.07314376831055,10.621616145193578,942.49,0.0
54.0,-108.0,2026-09-22 22:24:05,20.311000000000035,56.37314376831055,11.899616145193578,944.77,0.0
54.0,-107.5,2026-09-22 22:24:05,20.075000000000045,59.27314376831055,12.385616145193577,946.8,0.0
54.0,-107.0,2026-09-22 22:24:05,16.625000000000057,75.22314376831055,25.903616145193578,952.05,0.0
54.0,-106.5,2026-09-22 22:24:05,18.496000000000038,63.37314376831055,14.149616145193578,938.82,0.0
54.0,-106.0,2026-09-22 22:24:05,18.760000000000048,61.04814376831055,15.913616145193577,948.74,0.0
54.0,-105.5,2026-09-22 22:24:05,18.494000000000028,63.99814376831055,17.875616145193575,949.79,0.0
54.0,-105.0,2026-09-22 22:24:05,18.62900000000002,59.09814376831055,16.84961614519358,943.58,0.0
54.0,-104.5,2026-09-22 22:24:05,19.536,57.12314376831055,15.157616145193577,957.6,0.0
54.0,-104.0,2026-09-22 22:24:05,19.769000000000005,54.59814376831055,17.51561614519358,965.88,0.0
54.0,-103.5,2026-09-22 22:24:05,20.69100000000003,50.34814376831055,16.957616145193576,973.52,0.0
54.0,-103.0,2026-09-22 22:24:05,21.248000000000047,48.39814376831055,14.869616145193577,981.63,0.0
54.0,-102.5,2026-09-22 22:24:05,21.142000000000053,47.67314376831055,18.397616145193577,982.55,0.0
54.0,-102.0,2026-09-22 22:24:05,19.843000000000018,47.04814376831055,14.995616145193576,981.46,0.0
54.0,-101.5,2026-09-22 22:24:05,19.559000000000026,50.54814376831055,23.869616145193575,984.54,0.0
54.0,-101.0,2026-09-22 22:24:05,17.854000000000042,62.77314376831055,22.28561614519358,985.94,0.0
54.0,-100.5,2026-09-22 22:24:05,18.866000000000042,51.84814376831055,25.201616145193576,987.05,0.0
54.0,-100.0,2026-09-22 22:24:05,18.50600000000003,53.37314376831055,25.147616145193577,987.04,0.0
54.0,-99.5,2026-09-22 22:24:05,20.686000000000035,43.04814376831055,18.09161614519358,985.54,0.0
54.0,-99.0,2026-09-22 22:24:05,19.722000000000037,50.37314376831055,16.615616145193577,991.49,0.0
54.0,-98.5,2026-09-22 22:24:05,17.450000000000045,58.54814376831055,20.197616145193578,993.65,0.0
54.0,-98.0,2026-09-22 22:24:05,16.769000000000005,62.49814376831055,25.39961614519358,995.02,0.0
54.0,-97.5,2026-09-22 22:24:05,19.250000000000057,46.79814376831055,18.81161614519358,993.41,0.107
54.0,-97.0,2026-09-22 22:24:05,19.733000000000004,41.82314376831055,15.733616145193578,993.18,0.4885
54.0,-96.5,2026-09-22 22:24:05,19.248000000000047,39.52314376831055,16.00361614519358,991.94,0.3205
54.0,-96.0,2026-09-22 22:24:05,17.85600000000005,43.47314376831055,24.877616145193578,992.69,0.046
54.0,-95.5,2026-09-22 22:24:05,18.44100000000003,39.14814376831055,16.903616145193578,992.13,0.0075
54.0,-95.0,2026-09-22 22:24:05,15.734000000000037,54.08308410644531,20.110162833184006,994.05,0.0075
54.0,-94.5,2026-09-22 22:24:05,15.334000000000003,54.183084106445314,23.296162833184006,995.67,0.0
54.0,-94.0,2026-09-22 22:24:05,15.468000000000018,53.533084106445315,17.806162833184004,994.55,0.0
54.0,-93.5,2026-09-22 22:24:05,16.111000000000047,51.23308410644532,22.090162833184007,996.52,0.0
54.0,-93.0,2026-09-22 22:24:05,15.930000000000007,51.183084106445314,17.860162833184006,994.92,0.0
54.0,-92.5,2026-09-22 22:24:05,16.53000000000003,47.183084106445314,16.708162833184005,996.33,0.0
54.0,-92.0,2026-09-22 22:24:05,16.13100000000003,48.658084106445315,16.258162833184006,994.8,0.0
54.0,-91.5,2026-09-22 22:24:05,16.93900000000002,42.783084106445315,17.068162833184005,995.72,0.0
54.0,-91.0,2026-09-22 22:24:05,16.78800000000001,43.783084106445315,17.014162833184006,997.59,0.0
54.0,-90.5,2026-09-22 22:24:05,16.473000000000013,47.08308410644531,19.822162833184006,999.09,0.0
54.0,-90.0,2026-09-22 22:24:05,16.850000000000023,45.60808410644532,19.588162833184004,1000.56,0.0
54.0,-89.5,2026-09-22 22:24:05,17.55600000000004,42.08308410644531,18.238162833184006,1002.42,0.0
54.0,-89.0,2026-09-22 22:24:05,16.977000000000032,50.308084106445314,17.824162833184005,1005.13,0.0
54.0,-88.5,2026-09-22 22:24:05,18.524,44.73308410644532,16.096162833184007,1007.77,0.0
54.0,-88.0,2026-09-22 22:24:05,19.119000000000028,43.058084106445314,15.826162833184005,1010.41,0.0
54.0,-87.5,2026-09-22 22:24:05,18.34400000000005,50.308084106445314,15.142162833184003,1012.11,0.145
54.0,-87.0,2026-09-22 22:24:05,18.68100000000004,49.10808410644532,17.590162833184007,1013.13,0.1905
54.0,-86.5,2026-09-22 22:24:05,18.29200000000003,52.60808410644532,16.492162833184004,1011.91,0.0
54.0,-86.0,2026-09-22 22:24:05,18.15300000000002,53.058084106445314,16.672162833184007,1012.55,0.0075
54.0,-85.5,2026-09-22 22:24:05,15.899000000000001,63.83308410644531,18.526162833184006,1013.0,0.0
54.0,-85.0,2026-09-22 22:24:05,18.524,51.25808410644532,14.152162833184006,1013.19,0.0
54.0,-84.5,2026-09-22 22:24:05,17.696000000000026,56.35808410644532,14.152162833184006,1012.33,0.0
54.0,-84.0,2026-09-22 22:24:05,17.03800000000001,61.20808410644531,15.394162833184005,1012.39,0.0
54.0,-83.5,2026-09-22 22:24:05,17.93300000000005,55.658084106445315,15.448162833184004,1015.61,0.0155
54.0,-83.0,2026-09-22 22:24:05,18.084000000000003,56.75808410644532,12.568162833184005,1020.3,0.023
54.0,-82.5,2026-09-22 22:24:05,18.14100000000002,58.308084106445314,13.450162833184004,1023.99,0.0075
54.0,-80.0,2026-09-22 22:24:05,9.447000000000003,87.28308410644532,23.188162833184006,1026.36,0.0
54.0,-79.0,2026-09-22 22:24:05,11.458000000000027,76.20808410644531,26.392162833184003,1026.49,0.0
54.0,-78.5,2026-09-22 22:24:05,14.79000000000002,62.88308410644532,23.530162833184004,1017.33,0.023
54.0,-78.0,2026-09-22 22:24:05,14.968000000000018,61.933084106445314,23.062162833184004,1008.49,0.0075
54.0,-77.5,2026-09-22 22:24:05,13.226000000000056,65.95808410644531,22.000162833184003,1002.59,0.0075
54.0,-77.0,2026-09-22 22:24:05,13.934000000000026,56.558084106445314,21.064162833184007,1002.09,0.0155
54.0,-76.5,2026-09-22 22:24:05,12.254000000000019,66.70808410644531,28.966162833184008,1007.49,0.099
54.0,-76.0,2026-09-22 22:24:05,12.224000000000046,67.18308410644532,17.446162833184005,999.31,0.35100000000000003
54.0,-75.5,2026-09-22 22:24:05,9.773000000000025,74.00808410644531,20.542162833184005,1004.69,0.2135
54.0,-75.0,2026-09-22 22:24:05,10.073000000000036,70.13308410644531,19.876162833184004,1001.38,0.16
54.0,-74.5,2026-09-22 22:24:05,10.884000000000015,65.40808410644532,17.248162833184004,993.55,0.328
54.0,-74.0,2026-09-22 22:24:05,10.492000000000019,63.058084106445314,15.970162833184006,991.69,0.1295
54.0,-73.5,2026-09-22 22:24:05,9.322000000000003,62.933084106445314,20.290162833184006,985.09,0.3585
54.0,-73.0,2026-09-22 22:24:05,9.897000000000048,56.433084106445314,17.392162833184003,982.66,1.358
54.0,-72.5,2026-09-22 22:24:05,8.400000000000034,71.43308410644532,15.772162833184005,975.63,2.0140000000000002
54.0,-72.0,2026-09-22 22:24:05,7.8110000000000355,68.13308410644531,16.186162833184003,975.58,2.0295
54.0,-71.5,2026-09-22 22:24:05,7.4290000000000305,68.43308410644532,14.494162833184005,972.14,1.381
54.0,-71.0,2026-09-22 22:24:05,6.967000000000041,72.25808410644531,14.116162833184005,967.58,0.328
54.0,-70.5,2026-09-22 22:24:05,6.613000000000056,70.63308410644531,10.732162833184004,965.67,0.6485
54.0,-70.0,2026-09-22 22:24:05,5.660000000000025,73.45808410644531,14.638162833184005,962.72,0.16
54.0,-69.5,2026-09-22 22:24:05,6.331000000000017,72.68308410644532,18.994162833184003,964.44,0.8925000000000001
54.0,-69.0,2026-09-22 22:24:05,5.738000000000056,82.95808410644531,13.306162833184004,965.09,0.717
54.0,-68.5,2026-09-22 22:24:05,6.0190000000000055,74.38308410644531,16.114162833184004,958.67,0.679
54.0,-68.0,2026-09-22 22:24:05,6.0400000000000205,70.98308410644532,12.100162833184005,956.67,1.3505
54.0,-67.5,2026-09-22 22:24:05,5.425000000000011,68.07361755371095,13.895999999999999,954.87,0.4885
54.0,-67.0,2026-09-22 22:24:05,4.616000000000042,70.99861755371094,14.688,954.92,0.8165
54.0,-66.5,2026-09-22 22:24:05,5.532000000000039,64.54861755371094,15.264000000000001,970.23,0.7325
54.0,-66.0,2026-09-22 22:24:05,5.396000000000015,61.39861755371094,15.552000000000001,966.06,1.9455
54.0,-65.5,2026-09-22 22:24:05,5.962000000000046,56.17361755371094,16.632,971.37,6.0120000000000005
54.0,-65.0,2026-09-22 22:24:05,4.965000000000032,69.64861755371093,21.168,973.01,3.212
54.0,-64.5,2026-09-22 22:24:05,4.69500000000005,68.62361755371094,18.252000000000002,970.77,2.6095
54.0,-64.0,2026-09-22 22:24:05,4.406000000000006,74.07361755371095,24.588,972.43,1.8920000000000001
54.0,-63.5,2026-09-22 22:24:05,4.344000000000051,72.14861755371093,21.636,971.88,3.311
54.0,-63.0,2026-09-22 22:24:05,4.726000000000056,67.99861755371094,20.052000000000003,969.23,2.3345000000000002
54.0,-62.5,2026-09-22 22:24:05,3.93100000000004,74.42361755371094,21.060000000000002,962.62,3.4330000000000003
54.0,-62.0,2026-09-22 22:24:05,4.238000000000056,73.79861755371094,18.18,957.09,5.4475
54.0,-61.5,2026-09-22 22:24:05,6.324000000000012,64.14861755371093,19.008000000000003,975.99,22.4685
54.0,-61.0,2026-09-22 22:24:05,8.932000000000016,56.72361755371094,11.916,999.35,0.496
54.0,-60.5,2026-09-22 22:24:05,7.337000000000046,70.22361755371094,16.164,982.68,0.1145
54.0,-60.0,2026-09-22 22:24:05,7.801000000000045,63.14861755371094,13.932,983.99,0.0535
54.0,-59.5,2026-09-22 22:24:05,9.105000000000018,70.29861755371094,11.304,1025.17,0.0155
54.0,-59.0,2026-09-22 22:24:05,8.394000000000005,62.39861755371094,16.452,1017.27,0.023
54.0,-58.5,2026-09-22 22:24:05,9.232000000000028,52.02361755371094,12.492,1011.95,0.244
54.0,-58.0,2026-09-22 22:24:05,9.483000000000004,47.82361755371094,7.956,1009.54,0.47300000000000003
54.0,-57.5,2026-09-22 22:24:05,9.073000000000036,51.57361755371094,10.116,1008.71,0.122
54.5,-131.0,2026-09-22 22:24:05,10.718000000000018,95.06890411376953,27.504,1004.99,8.2245
54.5,-130.5,2026-09-22 22:24:05,12.135000000000048,81.11890411376953,18.828000000000003,1008.01,11.986
54.5,-130.0,2026-09-22 22:24:05,10.211000000000013,86.81890411376953,5.724,962.85,13.557500000000001
54.5,-129.5,2026-09-22 22:24:05,7.109000000000037,91.76890411376954,6.228,923.21,16.5635
54.5,-129.0,2026-09-22 22:24:05,4.902000000000044,88.66890411376954,7.488,884.7,16.7845
54.5,-128.5,2026-09-22 22:24:05,10.799000000000035,87.96890411376954,2.0520000000000005,966.49,2.9985
54.5,-128.0,2026-09-22 22:24:05,8.440000000000055,77.24390411376953,2.2680000000000002,905.13,3.7155
54.5,-127.5,2026-09-22 22:24:05,2.3350000000000364,83.66890411376954,12.708000000000002,823.09,3.2045
54.5,-127.0,2026-09-22 22:24:05,7.8910000000000196,64.11890411376953,9.324,880.24,1.6325
54.5,-126.5,2026-09-22 22:24:05,10.652000000000044,71.01890411376954,1.764,923.32,1.541
54.5,-126.0,2026-09-22 22:24:05,7.349000000000046,67.79390411376953,8.532,867.32,1.9685000000000001
54.5,-125.5,2026-09-22 22:24:05,10.13900000000001,61.21890411376953,4.86,897.26,1.793
54.5,-125.0,2026-09-22 22:24:05,9.920000000000016,57.293904113769536,6.5520000000000005,888.76,0.7475
54.5,-124.5,2026-09-22 22:24:05,10.55400000000003,75.46890411376954,10.620000000000001,933.57,1.808
54.5,-124.0,2026-09-22 22:24:05,12.42100000000005,54.64390411376954,4.104000000000001,923.74,6.218
54.5,-123.5,2026-09-22 22:24:05,11.935000000000002,58.943904113769534,4.824000000000001,917.9,14.259500000000001
54.5,-123.0,2026-09-22 22:24:05,11.454000000000008,60.64390411376954,8.208000000000002,916.46,1.5945
54.5,-122.5,2026-09-22 22:24:05,11.26600000000002,58.418904113769536,5.364,911.12,6.7825
54.5,-122.0,2026-09-22 22:24:05,10.395000000000039,57.96890411376953,4.896000000000001,896.01,3.4715000000000003
54.5,-121.5,2026-09-22 22:24:05,10.215000000000032,55.918904113769536,3.8520000000000003,885.81,3.624
54.5,-121.0,2026-09-22 22:24:05,6.65300000000002,56.76890411376954,12.636000000000001,828.73,6.256
54.5,-120.5,2026-09-22 22:24:05,9.494000000000028,50.49390411376953,9.792000000000002,854.31,1.0145
54.5,-120.0,2026-09-22 22:24:05,10.461000000000013,46.27467346191406,7.920000000000001,856.85,0.183
54.5,-119.5,2026-09-22 22:24:05,10.730000000000018,47.17467346191407,9.648000000000001,863.21,0.038
54.5,-119.0,2026-09-22 22:24:05,14.76400000000001,38.77467346191406,4.86,905.61,0.0
54.5,-118.5,2026-09-22 22:24:05,14.453000000000031,40.749673461914064,4.752000000000001,908.82,0.0075
54.5,-118.0,2026-09-22 22:24:05,14.04200000000003,41.724673461914065,6.5520000000000005,909.6,0.0535
54.5,-117.5,2026-09-22 22:24:05,14.569000000000017,42.349673461914065,7.416,915.11,0.038
54.5,-117.0,2026-09-22 22:24:05,15.625000000000057,45.17467346191407,7.128,922.99,0.458
54.5,-116.5,2026-09-22 22:24:05,14.768000000000029,47.624673461914064,8.172,914.91,0.061
54.5,-116.0,2026-09-22 22:24:05,13.329000000000008,47.974673461914065,12.276000000000002,894.79,0.0
54.5,-115.5,2026-09-22 22:24:05,13.450000000000045,46.39967346191406,12.744,892.88,0.0
54.5,-115.0,2026-09-22 22:24:05,16.13100000000003,42.67467346191407,9.0,919.3,0.0
54.5,-114.5,2026-09-22 22:24:05,16.948000000000036,46.69967346191407,8.568,937.65,0.0
54.5,-114.0,2026-09-22 22:24:05,16.033000000000015,56.749673461914064,14.292000000000002,937.66,0.0
54.5,-113.5,2026-09-22 22:24:05,15.961000000000013,55.04967346191407,13.032,934.4,0.0
54.5,-113.0,2026-09-22 22:24:05,16.511000000000024,51.29967346191407,15.588000000000001,933.9,0.0
54.5,-112.5,2026-09-22 22:24:05,16.93300000000005,53.67467346191407,16.740000000000002,933.96,0.0
54.5,-112.0,2026-09-22 22:24:05,17.423000000000002,52.124673461914064,15.624,939.77,0.0
54.5,-111.5,2026-09-22 22:24:05,17.79400000000004,51.19967346191407,21.492,940.43,0.0
54.5,-111.0,2026-09-22 22:24:05,18.787000000000035,55.099673461914065,19.62,942.6,0.0
54.5,-110.5,2026-09-22 22:24:05,19.876000000000033,52.64967346191406,11.664000000000001,944.44,0.0
54.5,-110.0,2026-09-22 22:24:05,15.643000000000029,77.42314376831055,10.711616145193577,944.08,0.0
54.5,-109.5,2026-09-22 22:24:05,18.54000000000002,59.44814376831055,7.813616145193577,940.13,0.0
54.5,-109.0,2026-09-22 22:24:05,18.98100000000005,58.74814376831055,9.487616145193577,940.55,0.0
54.5,-108.5,2026-09-22 22:24:05,19.14300000000003,63.62314376831055,11.233616145193578,950.96,0.0
54.5,-108.0,2026-09-22 22:24:05,19.963000000000022,59.22314376831055,10.855616145193578,951.44,0.0
54.5,-107.5,2026-09-22 22:24:05,19.303000000000054,60.44814376831055,13.897616145193577,953.19,0.0
54.5,-107.0,2026-09-22 22:24:05,18.388000000000034,65.09814376831055,16.29161614519358,948.07,0.0
54.5,-106.5,2026-09-22 22:24:05,18.60300000000001,62.74814376831055,15.481616145193577,939.07,0.0
54.5,-106.0,2026-09-22 22:24:05,16.180000000000007,73.24814376831056,23.005616145193578,942.15,0.0
54.5,-105.5,2026-09-22 22:24:05,19.00200000000001,60.82314376831055,18.775616145193577,952.51,0.0
54.5,-105.0,2026-09-22 22:24:05,19.725000000000023,55.54814376831055,18.631616145193576,952.32,0.0
54.5,-104.5,2026-09-22 22:24:05,19.883000000000038,55.14814376831055,17.04761614519358,953.88,0.0
54.5,-104.0,2026-09-22 22:24:05,20.224000000000046,51.64814376831055,17.569616145193578,966.77,0.0
54.5,-103.5,2026-09-22 22:24:05,20.54200000000003,50.64814376831055,17.38961614519358,972.18,0.0
54.5,-103.0,2026-09-22 22:24:05,17.824000000000012,64.72314376831055,20.827616145193577,975.73,0.0
54.5,-102.5,2026-09-22 22:24:05,20.59400000000005,50.97314376831055,15.715616145193577,977.37,0.0
54.5,-102.0,2026-09-22 22:24:05,19.428000000000054,54.52314376831055,20.089616145193578,978.41,0.0
54.5,-101.5,2026-09-22 22:24:05,18.988000000000056,51.74814376831055,20.755616145193578,980.29,0.0
54.5,-101.0,2026-09-22 22:24:05,19.04600000000005,51.67314376831055,17.62361614519358,979.51,0.0
54.5,-100.5,2026-09-22 22:24:05,19.561000000000035,50.82314376831055,17.857616145193578,982.77,0.0
54.5,-100.0,2026-09-22 22:24:05,19.529000000000053,48.64814376831055,24.51761614519358,984.27,0.0
54.5,-99.5,2026-09-22 22:24:05,20.75400000000002,45.32314376831055,18.757616145193577,986.73,0.0
54.5,-99.0,2026-09-22 22:24:05,20.713000000000022,47.04814376831055,17.101616145193578,990.08,0.0
54.5,-98.5,2026-09-22 22:24:05,20.136000000000024,48.62314376831055,16.57961614519358,992.66,0.0
54.5,-98.0,2026-09-22 22:24:05,17.946000000000026,56.97314376831055,27.34361614519358,993.55,0.0
54.5,-97.5,2026-09-22 22:24:05,19.312000000000012,51.64814376831055,17.821616145193577,994.16,0.023
54.5,-97.0,2026-09-22 22:24:05,19.452000000000055,50.04814376831055,15.913616145193577,993.66,0.023
54.5,-96.5,2026-09-22 22:24:05,18.866000000000042,48.49814376831055,18.61361614519358,993.68,0.0075
54.5,-96.0,2026-09-22 22:24:05,19.399,45.14814376831055,14.671616145193578,995.69,0.0
54.5,-95.5,2026-09-22 22:24:05,18.750000000000057,43.67314376831055,18.577616145193577,998.34,0.0
54.5,-95.0,2026-09-22 22:24:05,15.837000000000046,56.558084106445314,23.098162833184002,1000.05,0.0
54.5,-94.5,2026-09-22 22:24:05,15.437000000000012,58.35808410644532,25.924162833184003,1001.22,0.0
54.5,-94.0,2026-09-22 22:24:05,15.409000000000049,53.058084106445314,23.494162833184003,998.13,0.0
54.5,-93.5,2026-09-22 22:24:05,16.114000000000033,48.783084106445315,19.048162833184005,999.66,0.0
54.5,-93.0,2026-09-22 22:24:05,16.436000000000035,44.48308410644532,18.634162833184007,998.34,0.0
54.5,-92.5,2026-09-22 22:24:05,14.54400000000004,58.38308410644532,24.394162833184005,1001.05,0.0
54.5,-92.0,2026-09-22 22:24:05,17.27800000000002,40.38308410644532,17.662162833184006,999.75,0.0
54.5,-91.5,2026-09-22 22:24:05,17.212000000000046,41.75808410644532,18.382162833184005,1000.55,0.0
54.5,-91.0,2026-09-22 22:24:05,17.513000000000034,42.88308410644532,18.688162833184006,1001.8,0.0
54.5,-90.5,2026-09-22 22:24:05,18.023000000000025,40.808084106445314,18.688162833184006,1003.59,0.0
54.5,-90.0,2026-09-22 22:24:05,18.241000000000042,43.20808410644531,17.590162833184007,1007.03,0.0
54.5,-89.5,2026-09-22 22:24:05,17.732000000000028,47.73308410644532,17.968162833184003,1009.3,0.0
54.5,-89.0,2026-09-22 22:24:05,18.65900000000005,42.533084106445315,18.346162833184007,1009.09,0.0
54.5,-88.5,2026-09-22 22:24:05,17.511000000000024,50.75808410644532,20.308162833184007,1006.69,0.0
54.5,-88.0,2026-09-22 22:24:05,18.557000000000016,46.808084106445314,17.950162833184006,1007.47,0.1375
54.5,-87.5,2026-09-22 22:24:05,17.57000000000005,56.35808410644532,22.144162833184005,1011.66,0.0075
54.5,-87.0,2026-09-22 22:24:05,17.847000000000037,56.70808410644531,21.442162833184003,1011.7,0.0
54.5,-86.5,2026-09-22 22:24:05,17.21900000000005,61.283084106445315,21.100162833184005,1010.72,0.0
54.5,-86.0,2026-09-22 22:24:05,17.916000000000054,58.058084106445314,20.758162833184006,1012.41,0.0
54.5,-85.5,2026-09-22 22:24:05,18.36700000000002,54.48308410644532,18.778162833184005,1013.99,0.0
54.5,-85.0,2026-09-22 22:24:05,15.88900000000001,65.65808410644532,22.378162833184007,1010.52,0.0
54.5,-84.5,2026-09-22 22:24:05,17.013000000000034,59.308084106445314,23.638162833184005,1008.52,0.061
54.5,-84.0,2026-09-22 22:24:05,17.58000000000004,58.83308410644531,21.820162833184003,1013.27,0.2745
54.5,-83.5,2026-09-22 22:24:05,17.761000000000024,60.308084106445314,20.308162833184007,1016.95,0.0535
54.5,-83.0,2026-09-22 22:24:05,18.652000000000044,54.58308410644531,13.198162833184005,1020.75,0.0
54.5,-82.5,2026-09-22 22:24:05,18.436000000000035,58.13308410644532,16.402162833184004,1023.14,0.0
54.5,-79.5,2026-09-22 22:24:05,11.746000000000038,77.25808410644532,23.494162833184003,1025.36,0.0
54.5,-79.0,2026-09-22 22:24:05,15.242000000000019,59.38308410644532,23.908162833184004,1023.95,0.0765
54.5,-78.5,2026-09-22 22:24:05,15.585000000000036,55.658084106445315,26.140162833184007,1012.42,0.0915
54.5,-78.0,2026-09-22 22:24:05,14.805000000000007,61.70808410644531,26.500162833184003,1004.88,0.0305
54.5,-77.5,2026-09-22 22:24:05,14.099000000000046,65.60808410644532,21.820162833184003,1009.14,0.023
54.5,-77.0,2026-09-22 22:24:05,13.956000000000017,61.73308410644532,19.138162833184005,1007.89,0.0305
54.5,-76.5,2026-09-22 22:24:05,12.399000000000001,68.73308410644532,19.390162833184007,997.0,0.20600000000000002
54.5,-76.0,2026-09-22 22:24:05,10.29000000000002,72.45808410644531,20.380162833184002,997.2,0.183
54.5,-75.5,2026-09-22 22:24:05,9.54600000000005,75.93308410644532,19.678162833184007,991.59,0.267
54.5,-75.0,2026-09-22 22:24:05,9.928000000000054,75.03308410644532,22.576162833184004,993.94,0.7325
54.5,-74.5,2026-09-22 22:24:05,9.799000000000035,73.65808410644532,21.766162833184005,983.42,0.41200000000000003
54.5,-74.0,2026-09-22 22:24:05,10.326000000000022,65.90808410644532,20.632162833184005,983.27,1.9835
54.5,-73.5,2026-09-22 22:24:05,9.811000000000035,64.05808410644532,20.578162833184006,978.86,0.5875
54.5,-73.0,2026-09-22 22:24:05,9.289000000000044,68.25808410644531,20.092162833184002,977.17,2.0065
54.5,-72.5,2026-09-22 22:24:05,8.685000000000002,70.35808410644532,18.148162833184003,978.27,1.1520000000000001
54.5,-72.0,2026-09-22 22:24:05,8.396000000000015,67.43308410644532,15.970162833184006,977.78,0.5875
54.5,-71.5,2026-09-22 22:24:05,7.743000000000052,68.00808410644531,15.448162833184004,976.58,0.4805
54.5,-71.0,2026-09-22 22:24:05,6.747000000000014,70.90808410644532,16.186162833184003,968.36,0.16
54.5,-70.5,2026-09-22 22:24:05,6.810000000000002,66.95808410644531,14.440162833184006,969.08,0.1985
54.5,-70.0,2026-09-22 22:24:05,6.0260000000000105,71.75808410644531,17.140162833184007,964.52,0.20600000000000002
54.5,-69.5,2026-09-22 22:24:05,5.372000000000014,79.15808410644532,16.474162833184003,962.44,0.3355
54.5,-69.0,2026-09-22 22:24:05,6.083000000000027,66.93308410644532,18.094162833184004,966.45,0.1985
54.5,-68.5,2026-09-22 22:24:05,4.897000000000048,77.48308410644532,14.242162833184004,958.78,0.305
54.5,-68.0,2026-09-22 22:24:05,6.250000000000057,70.58308410644531,12.100162833184005,958.09,1.808
54.5,-67.5,2026-09-22 22:24:05,4.975000000000023,66.84861755371094,12.744,956.68,1.0835000000000001
54.5,-67.0,2026-09-22 22:24:05,5.027000000000044,66.57361755371095,14.364,959.95,0.8775000000000001
54.5,-66.5,2026-09-22 22:24:05,5.920000000000016,62.19861755371094,13.860000000000001,972.09,2.5025
54.5,-66.0,2026-09-22 22:24:05,5.295000000000016,61.57361755371094,13.716000000000001,967.57,1.602
54.5,-65.5,2026-09-22 22:24:05,5.702000000000055,60.49861755371094,16.992,971.38,0.046
54.5,-65.0,2026-09-22 22:24:05,6.0330000000000155,57.62361755371094,17.172,969.23,7.141
54.5,-64.5,2026-09-22 22:24:05,5.018000000000029,61.64861755371094,16.92,965.01,0.8315
54.5,-64.0,2026-09-22 22:24:05,3.469000000000051,71.27361755371093,19.116000000000003,966.4,1.4725
54.5,-63.5,2026-09-22 22:24:05,4.1720000000000255,67.69861755371095,21.240000000000002,968.76,1.137
54.5,-63.0,2026-09-22 22:24:05,5.079000000000008,71.42361755371094,17.604,986.06,1.335
54.5,-62.5,2026-09-22 22:24:05,3.5740000000000123,76.62361755371094,18.108,976.15,0.8085
54.5,-62.0,2026-09-22 22:24:05,4.733000000000004,72.54861755371094,18.18,978.27,3.8225000000000002
54.5,-61.5,2026-09-22 22:24:05,6.953000000000031,65.17361755371094,17.064,1002.67,0.6485
54.5,-61.0,2026-09-22 22:24:05,6.888000000000034,64.62361755371094,13.824,996.4,0.3205
54.5,-60.5,2026-09-22 22:24:05,6.786000000000001,60.59861755371094,17.064,991.56,1.541
54.5,-60.0,2026-09-22 22:24:05,6.973000000000013,55.84861755371094,18.0,988.56,3.8985000000000003
54.5,-59.5,2026-09-22 22:24:05,6.515000000000043,63.34861755371094,15.444,990.2,3.2960000000000003
54.5,-59.0,2026-09-22 22:24:05,7.7900000000000205,57.87361755371094,17.676000000000002,986.9,0.4885
54.5,-58.5,2026-09-22 22:24:05,8.658000000000015,58.32361755371094,13.392000000000001,998.88,0.1295
54.5,-58.0,2026-09-22 22:24:05,9.28000000000003,49.99861755371094,17.784000000000002,1007.6,0.0305
54.5,-57.5,2026-09-22 22:24:05,8.912000000000035,59.64861755371094,18.576,1020.4,0.0
55.0,-130.0,2026-09-22 22:24:05,11.384000000000015,86.84390411376954,2.664,996.18,15.518
55.0,-129.5,2026-09-22 22:24:05,6.771000000000015,77.11890411376953,7.704000000000001,896.57,5.249
55.0,-129.0,2026-09-22 22:24:05,10.115000000000009,73.74390411376953,5.868,952.78,3.0745
55.0,-128.5,2026-09-22 22:24:05,5.460000000000036,78.74390411376953,8.676,874.87,4.5165
55.0,-128.0,2026-09-22 22:24:05,5.2690000000000055,70.81890411376953,8.136000000000001,860.17,2.6475
55.0,-127.5,2026-09-22 22:24:05,5.161000000000001,77.91890411376954,5.4,860.18,2.1745
55.0,-127.0,2026-09-22 22:24:05,6.444000000000017,63.34390411376953,8.136000000000001,858.45,3.7385
55.0,-126.5,2026-09-22 22:24:05,9.541000000000054,60.49390411376953,8.496,896.85,1.4345
55.0,-126.0,2026-09-22 22:24:05,10.388000000000034,61.793904113769536,10.836,907.73,1.709
55.0,-125.5,2026-09-22 22:24:05,9.043000000000006,59.043904113769536,5.22,874.13,5.989
55.0,-125.0,2026-09-22 22:24:05,10.743000000000052,64.36890411376953,6.228,912.57,2.7695
55.0,-124.5,2026-09-22 22:24:05,9.013000000000034,62.74390411376953,5.796,882.96,1.343
55.0,-124.0,2026-09-22 22:24:05,8.078000000000031,66.26890411376954,7.452,868.46,0.061
55.0,-123.5,2026-09-22 22:24:05,7.893000000000029,66.74390411376953,8.028,866.51,0.9535
55.0,-123.0,2026-09-22 22:24:05,11.642000000000053,66.34390411376954,7.920000000000001,927.12,9.8265
55.0,-122.5,2026-09-22 22:24:05,7.485000000000014,74.11890411376953,7.5600000000000005,880.17,3.9445
55.0,-122.0,2026-09-22 22:24:05,5.673000000000002,73.76890411376954,12.276000000000002,850.34,4.9590000000000005
55.0,-121.5,2026-09-22 22:24:05,6.980000000000018,63.693904113769534,9.684,851.13,9.407
55.0,-121.0,2026-09-22 22:24:05,12.122000000000014,52.543904113769536,10.548,906.31,1.9075
55.0,-120.5,2026-09-22 22:24:05,11.953000000000031,51.543904113769536,9.756,891.35,4.6845
55.0,-120.0,2026-09-22 22:24:05,12.95700000000005,49.52467346191406,9.576,912.66,1.0835000000000001
55.0,-119.5,2026-09-22 22:24:05,14.222000000000037,52.19967346191407,9.9,930.69,0.511
55.0,-119.0,2026-09-22 22:24:05,14.789000000000044,45.874673461914064,9.54,932.24,0.2595
55.0,-118.5,2026-09-22 22:24:05,14.92100000000005,49.69967346191407,7.920000000000001,941.15,0.656
55.0,-118.0,2026-09-22 22:24:05,14.983000000000004,46.849673461914065,8.424,938.97,0.0765
55.0,-117.5,2026-09-22 22:24:05,14.721000000000004,43.42467346191407,10.836,929.94,0.023
55.0,-117.0,2026-09-22 22:24:05,15.150000000000034,42.67467346191407,10.764000000000001,932.9,0.0155
55.0,-116.5,2026-09-22 22:24:05,13.678000000000054,48.07467346191407,10.476,910.9,0.20600000000000002
55.0,-116.0,2026-09-22 22:24:05,15.160000000000025,44.624673461914064,9.684,924.52,0.0
55.0,-115.5,2026-09-22 22:24:05,14.91900000000004,45.32467346191407,11.736,916.22,0.0
55.0,-115.0,2026-09-22 22:24:05,12.682000000000016,54.52467346191406,16.236,898.8,0.0
55.0,-114.5,2026-09-22 22:24:05,16.338000000000022,45.42467346191407,11.124,936.36,0.0
55.0,-114.0,2026-09-22 22:24:05,15.807000000000016,51.02467346191406,12.888,937.3,0.0
55.0,-113.5,2026-09-22 22:24:05,15.569000000000017,58.724673461914065,13.788,938.19,0.0
55.0,-113.0,2026-09-22 22:24:05,16.583000000000027,54.07467346191407,12.816,941.8,0.0
55.0,-112.5,2026-09-22 22:24:05,17.649,50.89967346191406,14.256,945.96,0.0
55.0,-112.0,2026-09-22 22:24:05,17.444000000000017,51.724673461914065,15.012,944.63,0.0
55.0,-111.5,2026-09-22 22:24:05,16.777000000000044,57.224673461914065,16.596,938.3,0.0
55.0,-111.0,2026-09-22 22:24:05,17.997000000000014,58.849673461914065,14.832,935.05,0.0
55.0,-110.5,2026-09-22 22:24:05,18.291000000000054,60.249673461914064,13.176,927.0,0.0
55.0,-110.0,2026-09-22 22:24:05,17.494000000000028,66.62314376831056,8.227616145193577,928.3,0.0
55.0,-109.5,2026-09-22 22:24:05,14.618000000000052,82.24814376831056,16.093616145193575,937.57,0.0
55.0,-109.0,2026-09-22 22:24:05,17.771000000000015,66.04814376831055,12.277616145193578,929.74,0.0
55.0,-108.5,2026-09-22 22:24:05,19.902000000000044,56.19814376831055,9.469616145193578,944.16,0.0
55.0,-108.0,2026-09-22 22:24:05,20.180000000000007,56.79814376831055,12.151616145193577,954.35,0.0
55.0,-107.5,2026-09-22 22:24:05,18.701000000000022,61.44814376831055,14.905616145193578,951.57,0.0
55.0,-107.0,2026-09-22 22:24:05,18.734000000000037,63.92314376831055,14.995616145193576,947.9,0.0
55.0,-106.5,2026-09-22 22:24:05,19.999000000000024,59.02314376831055,16.18361614519358,958.85,0.0
55.0,-106.0,2026-09-22 22:24:05,20.11700000000002,57.82314376831055,13.915616145193578,957.91,0.0
55.0,-105.5,2026-09-22 22:24:05,20.197000000000003,56.52314376831055,15.913616145193577,963.41,0.0
55.0,-105.0,2026-09-22 22:24:05,18.09200000000004,68.82314376831054,21.673616145193577,967.58,0.0
55.0,-104.5,2026-09-22 22:24:05,21.007000000000005,50.94814376831055,14.617616145193578,963.71,0.0
55.0,-104.0,2026-09-22 22:24:05,19.95500000000004,52.42314376831055,16.057616145193577,965.21,0.0
55.0,-103.5,2026-09-22 22:24:05,19.30000000000001,54.32314376831055,16.345616145193578,970.74,0.0
55.0,-103.0,2026-09-22 22:24:05,19.180000000000007,56.92314376831055,17.713616145193576,974.52,0.0
55.0,-102.5,2026-09-22 22:24:05,19.996000000000038,53.24814376831055,15.247616145193579,973.43,0.0
55.0,-102.0,2026-09-22 22:24:05,19.998000000000047,53.32314376831055,17.479616145193578,974.66,0.0
55.0,-101.5,2026-09-22 22:24:05,19.358000000000004,54.84814376831055,21.277616145193576,976.41,0.0
55.0,-101.0,2026-09-22 22:24:05,21.501000000000033,41.77314376831055,24.877616145193578,975.02,0.0
55.0,-100.5,2026-09-22 22:24:05,20.26400000000001,47.17314376831055,17.137616145193576,980.93,0.0
55.0,-100.0,2026-09-22 22:24:05,19.934000000000026,49.47314376831055,17.875616145193575,980.05,0.0
55.0,-99.5,2026-09-22 22:24:05,20.729000000000042,46.09814376831055,16.255616145193578,984.57,0.0
55.0,-99.0,2026-09-22 22:24:05,20.388000000000034,50.24814376831055,15.049616145193577,989.1,0.0
55.0,-98.5,2026-09-22 22:24:05,19.45500000000004,52.94814376831055,21.06161614519358,990.27,0.0
55.0,-98.0,2026-09-22 22:24:05,20.095000000000027,51.57314376831055,20.48561614519358,995.23,0.0
55.0,-97.5,2026-09-22 22:24:05,18.121000000000038,59.57314376831055,23.059616145193576,995.44,0.0
55.0,-97.0,2026-09-22 22:24:05,19.107000000000028,53.39814376831055,22.717616145193578,994.15,0.0
55.0,-96.5,2026-09-22 22:24:05,19.450000000000045,50.27314376831055,16.633616145193578,993.02,0.0
55.0,-96.0,2026-09-22 22:24:05,20.120000000000005,43.37314376831055,16.435616145193578,992.18,0.0
55.0,-95.5,2026-09-22 22:24:05,19.03000000000003,46.72314376831055,16.70561614519358,995.1,0.0
55.0,-95.0,2026-09-22 22:24:05,16.272000000000048,57.408084106445315,19.300162833184004,996.36,0.0
55.0,-94.5,2026-09-22 22:24:05,14.974000000000046,64.83308410644531,24.718162833184003,999.83,0.0
55.0,-94.0,2026-09-22 22:24:05,15.69500000000005,55.13308410644532,20.758162833184006,1001.0,0.0
55.0,-93.5,2026-09-22 22:24:05,16.25600000000003,53.35808410644532,23.260162833184005,1000.94,0.0
55.0,-93.0,2026-09-22 22:24:05,16.831000000000017,51.033084106445315,19.192162833184003,1001.92,0.0
55.0,-92.5,2026-09-22 22:24:05,17.55400000000003,48.13308410644532,19.282162833184003,1003.19,0.0
55.0,-92.0,2026-09-22 22:24:05,17.67900000000003,47.45808410644531,19.210162833184008,1006.24,0.0
55.0,-91.5,2026-09-22 22:24:05,17.692000000000007,50.558084106445314,18.724162833184003,1009.52,0.0
55.0,-91.0,2026-09-22 22:24:05,18.149,47.88308410644532,18.436162833184003,1007.83,0.0
55.0,-90.5,2026-09-22 22:24:05,17.797000000000025,52.88308410644532,18.400162833184005,1009.36,0.0
55.0,-90.0,2026-09-22 22:24:05,18.188000000000045,49.75808410644532,18.580162833184005,1009.63,0.0
55.0,-89.5,2026-09-22 22:24:05,18.472000000000037,49.158084106445315,17.014162833184006,1012.25,0.0
55.0,-89.0,2026-09-22 22:24:05,17.964000000000055,53.73308410644532,19.948162833184004,1012.75,0.0
55.0,-88.5,2026-09-22 22:24:05,17.75600000000003,53.908084106445315,17.950162833184006,1011.92,0.0
55.0,-88.0,2026-09-22 22:24:05,18.086000000000013,52.45808410644531,18.994162833184003,1012.16,0.0
55.0,-87.5,2026-09-22 22:24:05,16.730000000000018,64.58308410644531,24.142162833184003,1010.33,0.0
55.0,-87.0,2026-09-22 22:24:05,14.574000000000012,70.93308410644532,25.204162833184007,1009.69,0.0
55.0,-86.5,2026-09-22 22:24:05,16.940000000000055,63.95808410644531,24.952162833184005,1011.58,0.0
55.0,-86.0,2026-09-22 22:24:05,17.279000000000053,65.35808410644532,23.764162833184006,1014.97,0.0155
55.0,-85.5,2026-09-22 22:24:05,17.696000000000026,62.98308410644532,23.764162833184006,1017.67,0.0
55.0,-85.0,2026-09-22 22:24:05,17.581000000000017,62.98308410644532,24.052162833184006,1017.89,0.0305
55.0,-84.5,2026-09-22 22:24:05,17.880000000000052,61.35808410644532,22.972162833184004,1019.3,0.1905
55.0,-84.0,2026-09-22 22:24:05,17.960000000000036,59.38308410644532,21.496162833184005,1020.0,0.0915
55.0,-83.5,2026-09-22 22:24:05,17.986000000000047,60.20808410644531,19.300162833184004,1020.8,0.0
55.0,-83.0,2026-09-22 22:24:05,17.983000000000004,61.20808410644531,18.292162833184005,1021.67,0.0
55.0,-82.5,2026-09-22 22:24:05,18.28000000000003,61.73308410644532,17.860162833184006,1023.14,0.0
55.0,-79.0,2026-09-22 22:24:05,11.41700000000003,77.35808410644532,26.392162833184003,1024.89,0.0
55.0,-78.5,2026-09-22 22:24:05,13.371000000000038,69.65808410644532,24.862162833184005,1023.92,0.0075
55.0,-78.0,2026-09-22 22:24:05,14.493000000000052,70.08308410644531,24.430162833184003,1012.22,0.061
55.0,-77.5,2026-09-22 22:24:05,13.830000000000041,69.45808410644531,23.476162833184006,1003.75,0.74
55.0,-77.0,2026-09-22 22:24:05,13.225000000000023,70.45808410644531,21.964162833184005,1002.52,0.16
55.0,-76.5,2026-09-22 22:24:05,12.209000000000003,70.43308410644532,21.532162833184003,999.38,0.2745
55.0,-76.0,2026-09-22 22:24:05,10.192000000000007,76.08308410644531,21.964162833184005,991.28,0.1985
55.0,-75.5,2026-09-22 22:24:05,9.670000000000016,74.73308410644532,22.954162833184007,988.97,0.1375
55.0,-75.0,2026-09-22 22:24:05,9.885000000000048,73.95808410644531,23.116162833184006,992.89,0.7325
55.0,-74.5,2026-09-22 22:24:05,10.715000000000032,68.68308410644532,23.782162833184003,981.42,0.4885
55.0,-74.0,2026-09-22 22:24:05,9.946000000000026,72.68308410644532,23.152162833184004,980.25,0.2135
55.0,-73.5,2026-09-22 22:24:05,10.057000000000016,64.15808410644532,22.108162833184004,981.08,0.2975
55.0,-73.0,2026-09-22 22:24:05,9.074000000000012,68.20808410644531,23.584162833184006,981.81,2.96
55.0,-72.5,2026-09-22 22:24:05,8.842000000000041,67.25808410644531,17.806162833184004,981.34,0.496
55.0,-72.0,2026-09-22 22:24:05,8.41700000000003,65.85808410644532,18.760162833184005,979.17,0.595
55.0,-71.5,2026-09-22 22:24:05,7.864000000000033,67.48308410644532,17.212162833184003,978.28,0.023
55.0,-71.0,2026-09-22 22:24:05,7.0890000000000555,70.83308410644531,16.762162833184004,973.45,0.107
55.0,-70.5,2026-09-22 22:24:05,6.6370000000000005,70.48308410644532,16.060162833184005,965.7,0.168
55.0,-70.0,2026-09-22 22:24:05,5.993000000000052,72.28308410644532,15.376162833184004,971.22,0.3965
55.0,-69.5,2026-09-22 22:24:05,5.719000000000051,70.85808410644532,13.810162833184004,971.52,0.2595
55.0,-69.0,2026-09-22 22:24:05,5.18300000000005,73.30808410644532,15.736162833184004,962.41,0.45
55.0,-68.5,2026-09-22 22:24:05,5.731000000000051,73.13308410644531,16.150162833184005,962.59,0.5720000000000001
55.0,-68.0,2026-09-22 22:24:05,5.9220000000000255,70.03308410644532,13.198162833184005,959.09,0.6715
55.0,-67.5,2026-09-22 22:24:05,4.581000000000017,74.42361755371094,11.556000000000001,953.24,0.5720000000000001
55.0,-67.0,2026-09-22 22:24:05,5.6790000000000305,66.02361755371093,15.192,972.68,0.763
55.0,-66.5,2026-09-22 22:24:05,5.572000000000003,63.39861755371094,18.612000000000002,971.9,2.3805
55.0,-66.0,2026-09-22 22:24:05,5.649000000000001,61.12361755371094,16.812,966.92,0.107
55.0,-65.5,2026-09-22 22:24:05,5.329000000000008,62.34861755371094,16.236,971.21,0.9615
55.0,-65.0,2026-09-22 22:24:05,4.94500000000005,57.47361755371094,17.928,966.48,1.053
55.0,-64.5,2026-09-22 22:24:05,4.006000000000029,62.37361755371094,17.136,967.02,3.235
55.0,-64.0,2026-09-22 22:24:05,3.4430000000000405,67.79861755371094,19.584000000000003,962.96,6.546
55.0,-63.5,2026-09-22 22:24:05,2.8880000000000337,75.47361755371094,23.436,965.88,6.6145000000000005
55.0,-63.0,2026-09-22 22:24:05,4.15300000000002,64.54861755371094,20.088,970.06,5.7145
55.0,-62.5,2026-09-22 22:24:05,2.52800000000002,71.17361755371094,21.204,954.32,1.4115
55.0,-62.0,2026-09-22 22:24:05,5.206000000000017,58.67361755371094,14.652000000000001,976.57,0.641
55.0,-61.5,2026-09-22 22:24:05,3.001000000000033,77.37361755371094,17.712,974.35,0.1525
55.0,-61.0,2026-09-22 22:24:05,6.864000000000033,58.52361755371094,16.884,1015.04,0.0
55.0,-60.5,2026-09-22 22:24:05,6.862000000000023,54.39861755371094,15.588000000000001,1007.48,0.0
55.0,-60.0,2026-09-22 22:24:05,6.680000000000007,52.04861755371094,18.396,1010.48,0.0
55.0,-59.5,2026-09-22 22:24:05,5.2830000000000155,71.87361755371094,22.032,1014.81,0.0
55.0,-59.0,2026-09-22 22:24:05,5.843000000000018,74.07361755371095,26.784000000000002,1023.63,0.0
55.0,-58.0,2026-09-22 22:24:05,5.149000000000001,86.09861755371094,31.392000000000003,1025.01,0.0
55.5,-130.0,2026-09-22 22:24:05,9.140000000000043,78.31890411376953,2.4480000000000004,937.04,16.174500000000002
55.5,-129.5,2026-09-22 22:24:05,11.495000000000005,67.41890411376953,5.256,964.28,8.7965
55.5,-129.0,2026-09-22 22:24:05,11.350000000000023,76.89390411376954,1.296,976.56,0.725
55.5,-128.5,2026-09-22 22:24:05,2.5960000000000036,85.76890411376954,13.248000000000001,832.59,2.136
55.5,-128.0,2026-09-22 22:24:05,9.635000000000048,80.66890411376954,6.264,931.79,0.107
55.5,-127.5,2026-09-22 22:24:05,4.157000000000039,75.26890411376954,9.108,837.01,5.417
55.5,-127.0,2026-09-22 22:24:05,9.459000000000003,70.89390411376954,6.804,905.51,4.41
55.5,-126.5,2026-09-22 22:24:05,7.94500000000005,69.29390411376953,7.056,883.85,9.7885
55.5,-126.0,2026-09-22 22:24:05,10.673000000000002,71.24390411376953,5.976000000000001,927.98,7.7285
55.5,-125.5,2026-09-22 22:24:05,8.27600000000001,70.09390411376954,5.94,887.68,2.6705
55.5,-125.0,2026-09-22 22:24:05,6.852000000000032,65.79390411376953,7.056,854.57,0.9615
55.5,-124.5,2026-09-22 22:24:05,6.228000000000009,67.64390411376954,8.028,844.13,7.988
55.5,-124.0,2026-09-22 22:24:05,8.538000000000011,63.418904113769536,7.992000000000001,872.74,0.2595
55.5,-123.5,2026-09-22 22:24:05,10.51600000000002,73.04390411376953,13.895999999999999,925.65,0.0
55.5,-123.0,2026-09-22 22:24:05,8.848000000000013,62.568904113769534,7.452,883.76,0.58
55.5,-122.5,2026-09-22 22:24:05,9.726000000000056,61.943904113769534,8.568,894.74,1.6480000000000001
55.5,-122.0,2026-09-22 22:24:05,9.700000000000045,58.64390411376954,10.188,887.03,0.8240000000000001
55.5,-121.5,2026-09-22 22:24:05,9.660000000000025,62.61890411376953,13.5,888.48,2.6550000000000002
55.5,-121.0,2026-09-22 22:24:05,10.647000000000048,56.793904113769536,11.952000000000002,891.57,6.2485
55.5,-120.5,2026-09-22 22:24:05,13.310000000000002,48.61890411376953,9.792000000000002,911.38,2.9525
55.5,-120.0,2026-09-22 22:24:05,13.060000000000002,50.82467346191407,10.44,922.1,8.041500000000001
55.5,-119.5,2026-09-22 22:24:05,12.491000000000042,56.04967346191407,13.032,918.86,2.1590000000000003
55.5,-119.0,2026-09-22 22:24:05,11.33200000000005,59.77467346191406,12.924,906.68,0.6485
55.5,-118.5,2026-09-22 22:24:05,13.094000000000051,54.599673461914065,12.384,926.72,1.419
55.5,-118.0,2026-09-22 22:24:05,14.504000000000019,51.19967346191407,18.108,938.96,2.083
55.5,-117.5,2026-09-22 22:24:05,15.216000000000008,48.77467346191406,17.892,944.93,0.046
55.5,-117.0,2026-09-22 22:24:05,15.220000000000027,45.374673461914064,19.62,941.82,0.0075
55.5,-116.5,2026-09-22 22:24:05,15.635000000000048,44.44967346191407,18.0,943.63,0.0
55.5,-116.0,2026-09-22 22:24:05,14.93100000000004,49.54967346191407,17.316000000000003,939.55,0.0
55.5,-115.5,2026-09-22 22:24:05,14.948000000000036,51.974673461914065,21.708000000000002,944.91,0.0
55.5,-115.0,2026-09-22 22:24:05,13.861000000000047,64.52467346191406,22.932000000000002,945.15,0.0
55.5,-114.5,2026-09-22 22:24:05,12.958000000000027,58.349673461914065,13.068,908.55,0.0
55.5,-114.0,2026-09-22 22:24:05,14.618000000000052,53.124673461914064,11.628,919.5,0.0
55.5,-113.5,2026-09-22 22:24:05,15.30400000000003,55.82467346191407,12.06,930.33,0.0
55.5,-113.0,2026-09-22 22:24:05,16.283000000000015,51.44967346191407,12.672,939.61,0.0
55.5,-112.5,2026-09-22 22:24:05,15.736000000000047,54.39967346191406,16.2,933.24,0.0
55.5,-112.0,2026-09-22 22:24:05,15.745000000000005,54.749673461914064,18.324,925.94,0.0
55.5,-111.5,2026-09-22 22:24:05,16.985000000000014,52.17467346191407,16.092,931.35,0.0
55.5,-111.0,2026-09-22 22:24:05,17.970000000000027,50.44967346191407,15.912,932.75,0.0
55.5,-110.5,2026-09-22 22:24:05,17.569000000000017,67.52467346191406,18.828000000000003,939.21,0.0
55.5,-110.0,2026-09-22 22:24:05,17.995000000000005,62.34814376831055,10.657616145193577,928.07,0.0
55.5,-109.5,2026-09-22 22:24:05,18.76800000000003,63.69814376831055,9.487616145193577,936.76,0.0
55.5,-109.0,2026-09-22 22:24:05,19.30400000000003,62.79814376831055,9.343616145193577,949.74,0.0
55.5,-108.5,2026-09-22 22:24:05,20.174000000000035,58.72314376831055,8.659616145193578,955.21,0.0
55.5,-108.0,2026-09-22 22:24:05,19.173000000000002,63.62314376831055,14.419616145193576,957.65,0.0
55.5,-107.5,2026-09-22 22:24:05,19.70300000000003,61.87314376831055,12.961616145193577,955.52,0.0
55.5,-107.0,2026-09-22 22:24:05,20.465000000000032,56.17314376831055,12.817616145193577,953.34,0.0
55.5,-106.5,2026-09-22 22:24:05,20.848000000000013,55.09814376831055,14.581616145193577,962.74,0.0
55.5,-106.0,2026-09-22 22:24:05,20.160000000000025,56.52314376831055,13.825616145193578,960.71,0.0
55.5,-105.5,2026-09-22 22:24:05,19.289000000000044,59.54814376831055,14.869616145193577,959.12,0.0
55.5,-105.0,2026-09-22 22:24:05,18.77000000000004,61.14814376831055,21.81761614519358,958.74,0.0
55.5,-104.5,2026-09-22 22:24:05,18.510000000000048,66.99814376831056,19.963616145193576,969.19,0.0
55.5,-104.0,2026-09-22 22:24:05,19.382000000000005,56.69814376831055,15.229616145193578,963.71,0.0
55.5,-103.5,2026-09-22 22:24:05,19.125000000000057,58.09814376831055,15.337616145193577,965.34,0.0
55.5,-103.0,2026-09-22 22:24:05,18.813000000000045,60.49814376831055,22.59161614519358,969.19,0.0
55.5,-102.5,2026-09-22 22:24:05,19.829000000000008,55.54814376831055,19.135616145193577,975.34,0.0
55.5,-102.0,2026-09-22 22:24:05,19.368000000000052,57.34814376831055,18.343616145193575,974.93,0.0
55.5,-101.5,2026-09-22 22:24:05,20.00200000000001,54.02314376831055,18.54161614519358,975.51,0.0
55.5,-101.0,2026-09-22 22:24:05,20.673000000000002,50.74814376831055,15.913616145193577,977.26,0.0
55.5,-100.5,2026-09-22 22:24:05,20.354000000000042,50.59814376831055,16.993616145193577,978.41,0.0
55.5,-100.0,2026-09-22 22:24:05,20.783000000000015,48.12314376831055,15.949616145193579,980.49,0.0
55.5,-99.5,2026-09-22 22:24:05,20.79400000000004,47.72314376831055,15.82361614519358,982.73,0.0
55.5,-99.0,2026-09-22 22:24:05,20.904000000000053,46.14814376831055,15.391616145193579,984.65,0.0
55.5,-98.5,2026-09-22 22:24:05,20.397000000000048,48.44814376831055,19.675616145193576,988.44,0.0
55.5,-98.0,2026-09-22 22:24:05,19.880000000000052,50.29814376831055,21.007616145193577,993.43,0.0
55.5,-97.5,2026-09-22 22:24:05,20.711000000000013,49.24814376831055,16.327616145193577,994.07,0.0
55.5,-97.0,2026-09-22 22:24:05,20.30600000000004,51.37314376831055,16.57961614519358,993.69,0.0
55.5,-96.5,2026-09-22 22:24:05,19.726000000000056,51.14814376831055,19.18961614519358,995.63,0.0
55.5,-96.0,2026-09-22 22:24:05,20.41300000000001,46.34814376831055,18.52361614519358,994.48,0.0
55.5,-95.5,2026-09-22 22:24:05,20.581000000000017,45.57314376831055,17.76761614519358,996.16,0.0
55.5,-95.0,2026-09-22 22:24:05,17.706000000000017,54.283084106445315,19.480162833184004,997.63,0.0
55.5,-94.5,2026-09-22 22:24:05,18.17700000000002,52.308084106445314,19.066162833184006,1003.33,0.0
55.5,-94.0,2026-09-22 22:24:05,17.41500000000002,53.533084106445315,20.632162833184005,1001.81,0.0
55.5,-93.5,2026-09-22 22:24:05,17.352000000000032,53.783084106445315,20.758162833184006,1002.0,0.0
55.5,-93.0,2026-09-22 22:24:05,17.126000000000033,55.50808410644532,20.812162833184004,1002.55,0.0
55.5,-92.5,2026-09-22 22:24:05,17.85600000000005,51.83308410644531,20.002162833184006,1006.53,0.0
55.5,-92.0,2026-09-22 22:24:05,18.297000000000025,49.83308410644531,19.066162833184006,1009.63,0.0
55.5,-91.5,2026-09-22 22:24:05,17.962000000000046,53.98308410644532,19.156162833184005,1009.33,0.0
55.5,-91.0,2026-09-22 22:24:05,17.66700000000003,55.70808410644531,19.480162833184004,1008.16,0.0
55.5,-90.5,2026-09-22 22:24:05,17.704000000000008,55.558084106445314,21.064162833184007,1006.75,0.0
55.5,-90.0,2026-09-22 22:24:05,17.741000000000042,56.23308410644532,22.234162833184005,1007.64,0.0
55.5,-89.5,2026-09-22 22:24:05,16.801000000000045,65.75808410644531,24.682162833184005,1007.41,0.0
55.5,-89.0,2026-09-22 22:24:05,16.16300000000001,71.33308410644531,25.690162833184004,1007.2,0.0
55.5,-88.5,2026-09-22 22:24:05,16.213000000000022,73.78308410644532,24.160162833184007,1012.61,0.0
55.5,-88.0,2026-09-22 22:24:05,16.019000000000005,74.55808410644532,25.096162833184007,1013.06,0.0
55.5,-87.5,2026-09-22 22:24:05,16.451000000000022,69.65808410644532,26.590162833184007,1012.11,0.0
55.5,-87.0,2026-09-22 22:24:05,16.390000000000043,71.03308410644532,25.780162833184004,1013.42,0.0
55.5,-86.5,2026-09-22 22:24:05,17.019000000000005,66.75808410644531,26.482162833184006,1015.59,0.0
55.5,-86.0,2026-09-22 22:24:05,16.62700000000001,70.60808410644532,25.474162833184003,1019.38,0.0075
55.5,-85.5,2026-09-22 22:24:05,12.837000000000046,76.43308410644532,24.682162833184005,1022.63,0.0
55.5,-77.5,2026-09-22 22:24:05,12.825000000000045,75.80808410644532,21.784162833184006,1025.06,0.2745
55.5,-77.0,2026-09-22 22:24:05,12.811000000000035,71.33308410644531,20.686162833184003,1000.88,0.145
55.5,-76.5,2026-09-22 22:24:05,11.101000000000056,78.40808410644532,21.874162833184005,995.47,0.0915
55.5,-76.0,2026-09-22 22:24:05,10.724000000000046,76.28308410644532,21.046162833184006,992.28,0.3815
55.5,-75.5,2026-09-22 22:24:05,9.805000000000007,79.60808410644532,21.712162833184003,992.91,0.1295
55.5,-75.0,2026-09-22 22:24:05,10.295000000000016,76.73308410644532,23.242162833184004,992.05,0.084
55.5,-74.5,2026-09-22 22:24:05,10.387,76.15808410644532,23.638162833184005,985.28,0.3355
55.5,-74.0,2026-09-22 22:24:05,10.518000000000029,72.98308410644532,22.954162833184007,987.78,1.8615
55.5,-73.5,2026-09-22 22:24:05,10.435000000000002,71.30808410644532,20.290162833184006,988.09,0.6865
55.5,-73.0,2026-09-22 22:24:05,8.768000000000029,74.95808410644531,20.308162833184007,974.61,0.58
55.5,-72.5,2026-09-22 22:24:05,8.548000000000002,63.658084106445315,20.722162833184004,972.86,0.061
55.5,-72.0,2026-09-22 22:24:05,7.981000000000051,67.05808410644532,20.236162833184004,973.14,0.374
55.5,-71.5,2026-09-22 22:24:05,8.345000000000027,64.05808410644532,18.688162833184006,979.53,0.0915
55.5,-71.0,2026-09-22 22:24:05,6.916000000000054,70.73308410644532,18.580162833184005,965.92,0.267
55.5,-70.5,2026-09-22 22:24:05,6.969000000000051,72.15808410644532,18.094162833184004,971.69,0.244
55.5,-70.0,2026-09-22 22:24:05,6.628000000000043,73.60808410644532,18.112162833184005,968.88,0.3585
55.5,-69.5,2026-09-22 22:24:05,7.4010000000000105,73.88308410644531,13.396162833184004,977.55,0.267
55.5,-69.0,2026-09-22 22:24:05,5.550000000000011,75.85808410644532,16.492162833184004,972.84,0.5265
55.5,-68.5,2026-09-22 22:24:05,6.513000000000034,69.63308410644531,21.712162833184003,985.44,0.2215
55.5,-68.0,2026-09-22 22:24:05,8.30600000000004,56.85808410644532,13.900162833184003,986.27,0.1375
55.5,-67.5,2026-09-22 22:24:05,6.500000000000057,62.32361755371094,13.5,978.31,0.5265
55.5,-67.0,2026-09-22 22:24:05,5.28000000000003,65.57361755371095,16.164,963.79,0.3815
55.5,-66.5,2026-09-22 22:24:05,4.94500000000005,65.32361755371095,16.560000000000002,962.21,0.3205
55.5,-66.0,2026-09-22 22:24:05,5.430000000000007,61.04861755371094,17.208000000000002,971.62,0.046
55.5,-65.5,2026-09-22 22:24:05,4.4080000000000155,65.22361755371094,18.396,962.51,0.122
55.5,-65.0,2026-09-22 22:24:05,4.3390000000000555,64.42361755371094,17.64,967.48,0.4195
55.5,-64.5,2026-09-22 22:24:05,4.113000000000056,66.02361755371093,20.628000000000004,973.95,0.20600000000000002
55.5,-64.0,2026-09-22 22:24:05,3.8100000000000023,63.79861755371094,20.088,965.84,0.145
55.5,-63.5,2026-09-22 22:24:05,3.087000000000046,66.39861755371093,21.6,957.15,1.3125
55.5,-63.0,2026-09-22 22:24:05,3.184000000000026,63.69861755371094,22.536,964.88,2.8000000000000003
55.5,-62.5,2026-09-22 22:24:05,1.9500000000000455,74.32361755371095,21.636,967.12,0.1905
55.5,-62.0,2026-09-22 22:24:05,3.4420000000000073,63.22361755371094,21.78,974.74,0.0305
55.5,-61.5,2026-09-22 22:24:05,3.2110000000000127,68.19861755371095,20.988,972.68,0.023
55.5,-61.0,2026-09-22 22:24:05,6.642000000000053,54.99861755371094,13.752,1010.17,0.0
55.5,-60.5,2026-09-22 22:24:05,6.490000000000009,54.02361755371094,19.98,1013.7,0.0
56.0,-130.0,2026-09-22 22:24:05,10.462000000000046,71.79390411376953,2.664,940.88,7.0115
56.0,-129.5,2026-09-22 22:24:05,2.9700000000000273,97.69390411376953,8.892000000000001,872.17,6.9505
56.0,-129.0,2026-09-22 22:24:05,9.92100000000005,81.76890411376954,4.104000000000001,936.13,6.958
56.0,-128.5,2026-09-22 22:24:05,3.444000000000017,81.24390411376953,10.8,848.42,6.317
56.0,-128.0,2026-09-22 22:24:05,9.382000000000005,69.14390411376954,4.572,916.54,1.2205
56.0,-127.5,2026-09-22 22:24:05,5.011000000000024,72.01890411376954,9.72,844.85,2.281
56.0,-127.0,2026-09-22 22:24:05,5.959000000000003,73.66890411376953,10.872,872.68,0.6945
56.0,-126.5,2026-09-22 22:24:05,7.123000000000047,72.01890411376954,7.452,878.17,4.6845
56.0,-126.0,2026-09-22 22:24:05,7.296000000000049,60.068904113769534,6.768000000000001,867.81,10.025
56.0,-125.5,2026-09-22 22:24:05,7.41900000000004,58.918904113769536,7.236000000000001,859.09,5.8595
56.0,-125.0,2026-09-22 22:24:05,5.048000000000002,61.418904113769536,8.208000000000002,830.46,4.402
56.0,-124.5,2026-09-22 22:24:05,5.970000000000027,64.04390411376953,8.964,846.4,0.931
56.0,-124.0,2026-09-22 22:24:05,10.730000000000018,69.66890411376953,13.032,935.35,0.3205
56.0,-123.5,2026-09-22 22:24:05,9.892000000000053,49.64390411376954,6.336,881.88,0.5720000000000001
56.0,-123.0,2026-09-22 22:24:05,9.978000000000009,51.193904113769534,8.64,879.7,0.0
56.0,-122.5,2026-09-22 22:24:05,11.262,49.24390411376953,8.280000000000001,892.49,0.0
56.0,-122.0,2026-09-22 22:24:05,14.612000000000023,46.818904113769534,9.216000000000001,936.95,0.0075
56.0,-121.5,2026-09-22 22:24:05,13.386000000000024,51.793904113769536,11.34,925.92,0.0915
56.0,-121.0,2026-09-22 22:24:05,13.485000000000014,47.943904113769534,11.016,919.48,0.5265
56.0,-120.5,2026-09-22 22:24:05,13.138000000000034,50.293904113769536,13.104000000000001,921.37,4.4175
56.0,-120.0,2026-09-22 22:24:05,13.100000000000023,56.64967346191406,20.592,938.08,7.9955
56.0,-119.5,2026-09-22 22:24:05,11.961000000000013,60.14967346191406,17.82,923.93,4.12
56.0,-119.0,2026-09-22 22:24:05,13.801000000000045,54.724673461914065,15.696000000000002,943.6,3.563
56.0,-118.5,2026-09-22 22:24:05,13.68100000000004,57.92467346191407,19.548,943.11,2.472
56.0,-118.0,2026-09-22 22:24:05,12.993000000000052,67.47467346191407,19.44,942.44,3.4410000000000003
56.0,-117.5,2026-09-22 22:24:05,15.043000000000006,51.999673461914064,14.688,950.47,2.6705
56.0,-117.0,2026-09-22 22:24:05,14.229000000000042,54.27467346191406,19.404,943.29,0.0535
56.0,-116.5,2026-09-22 22:24:05,12.884000000000015,57.14967346191406,13.932,926.88,0.0075
56.0,-116.0,2026-09-22 22:24:05,13.79200000000003,50.89967346191406,12.996,932.1,0.0
56.0,-115.5,2026-09-22 22:24:05,14.163000000000011,54.32467346191407,13.212,934.65,0.0
56.0,-115.0,2026-09-22 22:24:05,14.474000000000046,58.39967346191406,14.184,935.97,0.0
56.0,-114.5,2026-09-22 22:24:05,15.257000000000005,55.599673461914065,12.276000000000002,942.55,0.0
56.0,-114.0,2026-09-22 22:24:05,15.684000000000026,54.94967346191407,13.176,945.16,0.0
56.0,-113.5,2026-09-22 22:24:05,15.027000000000044,59.224673461914065,13.284,940.83,0.0
56.0,-113.0,2026-09-22 22:24:05,15.93100000000004,54.29967346191407,14.976,943.1,0.0
56.0,-112.5,2026-09-22 22:24:05,17.387,49.57467346191407,13.032,946.75,0.0
56.0,-112.0,2026-09-22 22:24:05,16.204000000000008,53.874673461914064,15.803999999999998,930.35,0.0
56.0,-111.5,2026-09-22 22:24:05,16.069000000000017,57.499673461914064,16.956,928.77,0.0
56.0,-111.0,2026-09-22 22:24:05,18.267000000000053,52.124673461914064,13.824,940.83,0.0
56.0,-110.5,2026-09-22 22:24:05,20.114000000000033,63.19967346191407,7.056,955.07,0.0
56.0,-110.0,2026-09-22 22:24:05,18.442000000000007,61.89814376831055,8.587616145193577,945.21,0.0
56.0,-109.5,2026-09-22 22:24:05,18.488000000000056,65.12314376831056,7.417616145193577,938.3,0.0
56.0,-109.0,2026-09-22 22:24:05,16.489000000000033,80.07314376831056,11.197616145193578,957.94,0.0
56.0,-108.5,2026-09-22 22:24:05,18.604000000000042,65.14814376831055,13.969616145193578,957.37,0.0
56.0,-108.0,2026-09-22 22:24:05,19.33000000000004,63.67314376831055,11.251616145193577,955.12,0.0
56.0,-107.5,2026-09-22 22:24:05,19.47800000000001,63.62314376831055,12.817616145193577,958.84,0.0
56.0,-107.0,2026-09-22 22:24:05,18.70700000000005,65.92314376831055,14.113616145193578,955.58,0.0
56.0,-106.5,2026-09-22 22:24:05,19.622000000000014,60.44814376831055,12.763616145193577,955.54,0.0
56.0,-106.0,2026-09-22 22:24:05,19.95300000000003,56.67314376831055,12.421616145193578,952.41,0.0
56.0,-105.5,2026-09-22 22:24:05,19.176000000000045,60.69814376831055,14.725616145193577,959.27,0.0
56.0,-105.0,2026-09-22 22:24:05,19.487000000000023,58.12314376831055,14.383616145193578,959.04,0.0
56.0,-104.5,2026-09-22 22:24:05,18.200000000000045,62.47314376831055,19.85561614519358,954.69,0.0
56.0,-104.0,2026-09-22 22:24:05,18.13100000000003,61.72314376831055,19.243616145193577,962.4,0.0
56.0,-103.5,2026-09-22 22:24:05,20.281000000000006,52.22314376831055,14.527616145193578,966.62,0.0
56.0,-103.0,2026-09-22 22:24:05,19.452000000000055,57.42314376831055,16.957616145193576,968.27,0.0
56.0,-102.5,2026-09-22 22:24:05,20.25200000000001,53.27314376831055,16.39961614519358,971.73,0.0
56.0,-102.0,2026-09-22 22:24:05,19.46700000000004,57.54814376831055,20.62961614519358,972.08,0.0
56.0,-101.5,2026-09-22 22:24:05,19.857000000000028,57.09814376831055,17.659616145193578,971.62,0.0
56.0,-101.0,2026-09-22 22:24:05,19.965000000000032,56.47314376831055,16.84961614519358,973.63,0.0
56.0,-100.5,2026-09-22 22:24:05,19.819000000000017,57.17314376831055,21.99761614519358,980.91,0.0
56.0,-100.0,2026-09-22 22:24:05,20.741000000000042,51.24814376831055,18.757616145193577,977.04,0.0
56.0,-99.5,2026-09-22 22:24:05,21.099000000000046,49.54814376831055,15.337616145193577,981.44,0.0
56.0,-99.0,2026-09-22 22:24:05,20.82000000000005,49.29814376831055,18.001616145193577,984.58,0.0
56.0,-98.5,2026-09-22 22:24:05,20.56600000000003,49.49814376831055,15.247616145193579,982.8,0.0
56.0,-98.0,2026-09-22 22:24:05,20.39100000000002,50.82314376831055,16.525616145193577,987.18,0.0
56.0,-97.5,2026-09-22 22:24:05,20.400000000000034,49.32314376831055,17.245616145193576,991.52,0.0
56.0,-97.0,2026-09-22 22:24:05,20.970000000000027,48.64814376831055,17.51561614519358,993.87,0.0
56.0,-96.5,2026-09-22 22:24:05,17.898000000000025,60.22314376831055,22.969616145193577,995.18,0.0
56.0,-96.0,2026-09-22 22:24:05,20.997000000000014,47.82314376831055,19.801616145193577,995.15,0.0
56.0,-95.5,2026-09-22 22:24:05,20.968000000000018,48.72314376831055,17.281616145193578,995.58,0.0
56.0,-95.0,2026-09-22 22:24:05,17.94100000000003,61.683084106445314,20.398162833184003,998.86,0.0
56.0,-94.5,2026-09-22 22:24:05,17.80800000000005,61.23308410644532,22.090162833184007,998.81,0.0
56.0,-94.0,2026-09-22 22:24:05,17.95500000000004,60.73308410644532,21.334162833184006,1003.02,0.0
56.0,-93.5,2026-09-22 22:24:05,18.420000000000016,57.683084106445314,20.614162833184004,1009.06,0.0
56.0,-93.0,2026-09-22 22:24:05,18.54400000000004,55.683084106445314,20.920162833184005,1008.11,0.0
56.0,-92.5,2026-09-22 22:24:05,18.48100000000005,55.033084106445315,20.614162833184004,1009.36,0.0
56.0,-92.0,2026-09-22 22:24:05,18.04200000000003,58.08308410644531,23.764162833184006,1003.69,0.0
56.0,-91.5,2026-09-22 22:24:05,17.613000000000056,60.058084106445314,25.186162833184003,1002.47,0.0
56.0,-91.0,2026-09-22 22:24:05,17.45300000000003,61.683084106445314,24.916162833184007,1001.55,0.0
56.0,-90.5,2026-09-22 22:24:05,16.932000000000016,63.98308410644532,27.868162833184005,1002.16,0.0
56.0,-90.0,2026-09-22 22:24:05,17.180000000000007,63.783084106445315,28.426162833184005,1001.16,0.0
56.0,-89.5,2026-09-22 22:24:05,17.081000000000017,66.15808410644532,26.716162833184008,1005.06,0.0
56.0,-89.0,2026-09-22 22:24:05,16.21700000000004,74.40808410644532,27.832162833184004,1007.39,0.0
56.0,-88.5,2026-09-22 22:24:05,16.221000000000004,77.20808410644531,26.680162833184003,1013.92,0.0
56.0,-88.0,2026-09-22 22:24:05,16.616000000000042,72.55808410644532,27.400162833184005,1017.34,0.0
56.0,-87.5,2026-09-22 22:24:05,17.04000000000002,67.45808410644531,29.956162833184006,1020.53,0.0
56.0,-87.0,2026-09-22 22:24:05,11.851000000000056,80.33308410644531,29.686162833184003,1021.27,0.0
56.0,-80.0,2026-09-22 22:24:05,7.0680000000000405,92.70808410644531,23.674162833184003,1023.14,0.0
56.0,-79.5,2026-09-22 22:24:05,9.216000000000008,87.98308410644532,25.240162833184005,1021.97,0.0
56.0,-79.0,2026-09-22 22:24:05,8.700000000000045,89.20808410644531,29.200162833184006,1022.3,0.0
56.0,-76.5,2026-09-22 22:24:05,12.573000000000036,71.98308410644532,18.400162833184005,1012.7,0.0155
56.0,-76.0,2026-09-22 22:24:05,9.988000000000056,80.58308410644531,19.678162833184007,995.25,0.862
56.0,-75.5,2026-09-22 22:24:05,10.249000000000024,80.98308410644532,22.234162833184005,991.55,0.0305
56.0,-75.0,2026-09-22 22:24:05,10.702000000000055,78.10808410644532,21.442162833184003,993.19,3.4485
56.0,-74.5,2026-09-22 22:24:05,10.103000000000009,79.25808410644532,22.450162833184006,986.66,1.213
56.0,-74.0,2026-09-22 22:24:05,10.876000000000033,70.85808410644532,23.710162833184008,998.24,0.778
56.0,-73.5,2026-09-22 22:24:05,10.234000000000037,72.13308410644531,20.398162833184003,987.41,1.8995
56.0,-73.0,2026-09-22 22:24:05,9.217000000000041,71.18308410644532,21.730162833184004,987.75,0.3205
56.0,-72.5,2026-09-22 22:24:05,9.04600000000005,64.90808410644532,21.118162833184005,986.11,0.023
56.0,-72.0,2026-09-22 22:24:05,8.858000000000004,65.78308410644532,19.300162833184004,984.67,0.1145
56.0,-71.5,2026-09-22 22:24:05,7.229000000000042,71.90808410644532,19.876162833184004,971.64,0.3205
56.0,-71.0,2026-09-22 22:24:05,7.861000000000047,69.20808410644531,17.626162833184004,982.24,0.17550000000000002
56.0,-70.5,2026-09-22 22:24:05,7.234000000000037,71.18308410644532,17.446162833184005,979.05,0.183
56.0,-70.0,2026-09-22 22:24:05,5.3840000000000146,74.23308410644532,19.138162833184005,968.24,0.16
56.0,-69.5,2026-09-22 22:24:05,6.30600000000004,71.10808410644532,18.580162833184005,975.72,0.5265
56.0,-69.0,2026-09-22 22:24:05,6.456000000000017,72.38308410644531,17.590162833184007,982.7,0.725
56.0,-68.5,2026-09-22 22:24:05,7.527000000000044,66.53308410644532,13.162162833184004,984.3,0.366
56.0,-68.0,2026-09-22 22:24:05,7.2970000000000255,65.60808410644532,15.898162833184003,979.7,0.267
56.0,-67.5,2026-09-22 22:24:05,6.462000000000046,67.57361755371095,16.776,988.15,0.656
56.0,-67.0,2026-09-22 22:24:05,5.518000000000029,71.07361755371095,15.372000000000002,974.68,0.023
56.0,-66.5,2026-09-22 22:24:05,6.0820000000000505,62.34861755371094,16.776,977.04,0.046
56.0,-66.0,2026-09-22 22:24:05,5.406000000000006,64.17361755371094,18.648,977.34,0.038
56.0,-65.5,2026-09-22 22:24:05,4.736000000000047,62.94861755371094,18.791999999999998,973.17,0.038
56.0,-65.0,2026-09-22 22:24:05,3.7900000000000205,67.52361755371093,19.692,964.02,0.061
56.0,-64.5,2026-09-22 22:24:05,3.6510000000000105,66.02361755371093,18.864,975.9,0.0155
56.0,-64.0,2026-09-22 22:24:05,3.295000000000016,67.62361755371094,20.340000000000003,972.52,0.0765
56.0,-63.5,2026-09-22 22:24:05,1.7530000000000427,76.09861755371094,23.076,960.42,0.305
56.0,-63.0,2026-09-22 22:24:05,3.0850000000000364,66.52361755371093,22.212,978.88,0.0305
56.0,-62.5,2026-09-22 22:24:05,3.393000000000029,68.07361755371095,22.176000000000002,972.45,0.0
56.0,-62.0,2026-09-22 22:24:05,6.6440000000000055,54.72361755371094,18.864,1005.77,0.0075
56.0,-61.5,2026-09-22 22:24:05,6.856000000000051,55.02361755371094,19.224,1024.01,0.0155
56.0,-61.0,2026-09-22 22:24:05,5.098000000000013,64.37361755371094,20.448,1025.38,0.0
56.5,-131.5,2026-09-22 22:24:05,2.511000000000024,91.79390411376954,14.4,871.82,17.1205
56.5,-131.0,2026-09-22 22:24:05,4.869000000000028,73.14390411376954,10.224,871.98,11.7495
56.5,-130.5,2026-09-22 22:24:05,9.812000000000012,69.66890411376953,3.564,930.29,4.944
56.5,-130.0,2026-09-22 22:24:05,-0.8379999999999654,97.86890411376953,14.832,814.42,7.431
56.5,-129.5,2026-09-22 22:24:05,8.711000000000013,79.86890411376953,5.832000000000001,935.46,1.8995
56.5,-129.0,2026-09-22 22:24:05,4.013000000000034,84.19390411376953,9.180000000000001,866.79,6.1415
56.5,-128.5,2026-09-22 22:24:05,5.098000000000013,76.59390411376954,6.192,859.28,6.4925
56.5,-128.0,2026-09-22 22:24:05,8.142000000000053,66.06890411376953,6.588,900.28,2.472
56.5,-127.5,2026-09-22 22:24:05,9.597000000000037,51.99390411376953,5.184,905.74,0.8925000000000001
56.5,-127.0,2026-09-22 22:24:05,4.855000000000018,63.168904113769536,9.828,837.24,2.6475
56.5,-126.5,2026-09-22 22:24:05,5.948000000000036,57.76890411376954,10.188,846.03,1.1215
56.5,-126.0,2026-09-22 22:24:05,3.1650000000000205,62.96890411376953,11.520000000000001,811.54,3.9215
56.5,-125.5,2026-09-22 22:24:05,6.691000000000031,58.293904113769536,6.228,847.9,5.211
56.5,-125.0,2026-09-22 22:24:05,9.288000000000011,50.74390411376953,6.876,887.01,5.5235
56.5,-124.5,2026-09-22 22:24:05,11.381000000000029,63.568904113769534,9.972,934.76,3.395
56.5,-124.0,2026-09-22 22:24:05,7.849000000000046,57.21890411376953,7.344,859.7,3.563
56.5,-123.5,2026-09-22 22:24:05,6.596000000000004,51.36890411376953,10.080000000000002,841.78,0.8085
56.5,-123.0,2026-09-22 22:24:05,10.076000000000022,48.293904113769536,7.416,876.4,0.244
56.5,-122.5,2026-09-22 22:24:05,13.102000000000032,42.793904113769536,7.344,906.43,0.0
56.5,-122.0,2026-09-22 22:24:05,14.779000000000053,41.64390411376954,7.920000000000001,932.21,0.1905
56.5,-121.5,2026-09-22 22:24:05,13.845000000000027,46.26890411376954,9.612,921.15,0.0
56.5,-121.0,2026-09-22 22:24:05,14.373000000000047,44.86890411376953,12.276000000000002,924.9,0.0075
56.5,-120.5,2026-09-22 22:24:05,14.960000000000036,39.89390411376954,12.24,931.67,0.458
56.5,-120.0,2026-09-22 22:24:05,11.77800000000002,58.099673461914065,12.708000000000002,912.97,1.419
56.5,-119.5,2026-09-22 22:24:05,13.015000000000043,56.749673461914064,11.592,931.22,2.777
56.5,-119.0,2026-09-22 22:24:05,12.934000000000026,62.19967346191407,19.26,935.6,6.0120000000000005
56.5,-118.5,2026-09-22 22:24:05,10.993000000000052,66.44967346191406,14.508000000000001,915.69,7.4005
56.5,-118.0,2026-09-22 22:24:05,12.847000000000037,59.724673461914065,13.932,933.15,4.242
56.5,-117.5,2026-09-22 22:24:05,13.40500000000003,58.724673461914065,12.708000000000002,938.07,4.921
56.5,-117.0,2026-09-22 22:24:05,14.129000000000019,60.27467346191406,12.492,949.57,2.2735
56.5,-116.5,2026-09-22 22:24:05,13.327000000000055,64.62467346191407,12.708000000000002,941.11,0.1375
56.5,-116.0,2026-09-22 22:24:05,13.461000000000013,60.02467346191406,13.932,941.71,0.0
56.5,-115.5,2026-09-22 22:24:05,14.748000000000047,56.02467346191406,13.14,949.15,0.0
56.5,-115.0,2026-09-22 22:24:05,14.439000000000021,58.974673461914065,11.916,938.32,0.0
56.5,-114.5,2026-09-22 22:24:05,13.69300000000004,63.32467346191407,13.14,927.79,0.0
56.5,-114.0,2026-09-22 22:24:05,14.453000000000031,60.224673461914065,12.168,933.55,0.0
56.5,-113.5,2026-09-22 22:24:05,15.879000000000019,56.17467346191407,11.592,946.16,0.0
56.5,-113.0,2026-09-22 22:24:05,17.000000000000057,53.02467346191406,11.16,945.6,0.0
56.5,-112.5,2026-09-22 22:24:05,17.827000000000055,49.89967346191406,11.592,953.32,0.0
56.5,-112.0,2026-09-22 22:24:05,18.188000000000045,51.89967346191406,11.628,953.68,0.0
56.5,-111.5,2026-09-22 22:24:05,18.402000000000044,55.69967346191407,11.916,956.27,0.0
56.5,-111.0,2026-09-22 22:24:05,18.53000000000003,59.07467346191407,14.832,952.3,0.0
56.5,-110.5,2026-09-22 22:24:05,16.42100000000005,76.34967346191407,17.676000000000002,953.65,0.0
56.5,-110.0,2026-09-22 22:24:05,18.243000000000052,65.04814376831055,3.565616145193577,948.15,0.0
56.5,-109.5,2026-09-22 22:24:05,15.245000000000005,83.09814376831055,4.681616145193577,954.55,0.0
56.5,-109.0,2026-09-22 22:24:05,18.852000000000032,64.87314376831056,7.921616145193577,949.62,0.0
56.5,-108.5,2026-09-22 22:24:05,17.567000000000007,71.84814376831055,15.949616145193579,957.66,0.0
56.5,-108.0,2026-09-22 22:24:05,18.31400000000002,69.07314376831054,13.303616145193578,953.1,0.0
56.5,-107.5,2026-09-22 22:24:05,19.598000000000013,60.44814376831055,12.421616145193578,954.58,0.0
56.5,-107.0,2026-09-22 22:24:05,19.418000000000006,60.47314376831055,12.709616145193579,949.32,0.0
56.5,-106.5,2026-09-22 22:24:05,19.680000000000007,59.47314376831055,12.295616145193577,949.48,0.0
56.5,-106.0,2026-09-22 22:24:05,19.99200000000002,56.74814376831055,13.627616145193578,944.63,0.0
56.5,-105.5,2026-09-22 22:24:05,18.926000000000045,59.97314376831055,16.57961614519358,947.77,0.0
56.5,-105.0,2026-09-22 22:24:05,19.422000000000025,59.57314376831055,14.257616145193577,947.27,0.0
56.5,-104.5,2026-09-22 22:24:05,19.71900000000005,57.62314376831055,14.491616145193579,959.34,0.0
56.5,-104.0,2026-09-22 22:24:05,19.956000000000017,54.92314376831055,15.085616145193578,957.96,0.0
56.5,-103.5,2026-09-22 22:24:05,20.05600000000004,52.29814376831055,17.533616145193577,961.26,0.0
56.5,-103.0,2026-09-22 22:24:05,17.386000000000024,67.27314376831055,24.66161614519358,970.02,0.0
56.5,-102.5,2026-09-22 22:24:05,20.423000000000002,52.57314376831055,16.669616145193576,968.32,0.0
56.5,-102.0,2026-09-22 22:24:05,19.56400000000002,56.57314376831055,19.801616145193577,968.54,0.0
56.5,-101.5,2026-09-22 22:24:05,19.775000000000034,56.19814376831055,17.33561614519358,968.29,0.0
56.5,-101.0,2026-09-22 22:24:05,20.720000000000027,50.92314376831055,16.633616145193578,971.91,0.0
56.5,-100.5,2026-09-22 22:24:05,20.20300000000003,55.04814376831055,15.139616145193576,977.74,0.0
56.5,-100.0,2026-09-22 22:24:05,20.14100000000002,55.49814376831055,18.43361614519358,980.88,0.0
56.5,-99.5,2026-09-22 22:24:05,20.501000000000033,53.64814376831055,14.815616145193578,980.79,0.0
56.5,-99.0,2026-09-22 22:24:05,20.218000000000018,54.82314376831055,15.859616145193577,979.1,0.0
56.5,-98.5,2026-09-22 22:24:05,20.263000000000034,52.37314376831055,18.05561614519358,977.91,0.0
56.5,-98.0,2026-09-22 22:24:05,17.545000000000016,61.17314376831055,22.86161614519358,981.63,0.0
56.5,-97.5,2026-09-22 22:24:05,20.12700000000001,52.47314376831055,18.37961614519358,984.35,0.0
56.5,-97.0,2026-09-22 22:24:05,17.458000000000027,59.29814376831055,20.62961614519358,990.19,0.0
56.5,-96.5,2026-09-22 22:24:05,17.536,59.54814376831055,22.771616145193576,991.04,0.0
56.5,-96.0,2026-09-22 22:24:05,20.140000000000043,52.02314376831055,25.723616145193578,993.02,0.0
56.5,-95.5,2026-09-22 22:24:05,22.152000000000044,44.97314376831055,18.37961614519358,998.62,0.0
56.5,-95.0,2026-09-22 22:24:05,18.244000000000028,62.533084106445315,21.478162833184005,998.27,0.0
56.5,-94.5,2026-09-22 22:24:05,19.411,55.70808410644531,21.730162833184004,1001.3,0.0
56.5,-94.0,2026-09-22 22:24:05,19.81800000000004,53.683084106445314,21.280162833184004,1006.83,0.0
56.5,-93.5,2026-09-22 22:24:05,18.105000000000018,63.70808410644531,25.780162833184004,1006.89,0.0
56.5,-93.0,2026-09-22 22:24:05,19.213000000000022,56.10808410644532,20.200162833184006,1011.14,0.0
56.5,-92.5,2026-09-22 22:24:05,16.701000000000022,66.50808410644531,28.768162833184004,1008.06,0.0
56.5,-92.0,2026-09-22 22:24:05,18.529000000000053,60.08308410644531,27.778162833184005,1007.7,0.0
56.5,-91.5,2026-09-22 22:24:05,18.28400000000005,62.283084106445315,30.064162833184007,1007.05,0.0
56.5,-91.0,2026-09-22 22:24:05,18.15500000000003,62.658084106445315,29.434162833184004,1007.36,0.0
56.5,-90.5,2026-09-22 22:24:05,17.821000000000026,64.40808410644532,29.776162833184006,1008.78,0.0
56.5,-90.0,2026-09-22 22:24:05,18.012,63.783084106445315,29.524162833184004,1009.24,0.0
56.5,-89.5,2026-09-22 22:24:05,18.31600000000003,62.433084106445314,28.444162833184006,1011.97,0.0
56.5,-89.0,2026-09-22 22:24:05,17.746000000000038,66.53308410644532,28.192162833184003,1013.56,0.0
56.5,-88.5,2026-09-22 22:24:05,17.63100000000003,69.25808410644531,27.760162833184005,1016.88,0.0
56.5,-88.0,2026-09-22 22:24:05,12.439000000000021,80.33308410644531,26.716162833184008,1019.64,0.0
56.5,-79.5,2026-09-22 22:24:05,8.035000000000025,89.68308410644532,25.006162833184003,1022.53,0.0075
56.5,-79.0,2026-09-22 22:24:05,8.746000000000038,86.43308410644532,25.096162833184007,1022.77,0.0155
56.5,-77.5,2026-09-22 22:24:05,8.140000000000043,87.75808410644532,29.722162833184004,1024.34,0.0
56.5,-76.5,2026-09-22 22:24:05,10.636000000000024,77.40808410644532,20.578162833184006,1009.28,1.381
56.5,-76.0,2026-09-22 22:24:05,10.841000000000008,77.03308410644532,18.760162833184005,1003.06,0.2975
56.5,-75.5,2026-09-22 22:24:05,10.923000000000002,79.23308410644532,18.634162833184007,998.86,0.17550000000000002
56.5,-75.0,2026-09-22 22:24:05,9.852000000000032,82.25808410644532,18.994162833184003,992.64,0.41200000000000003
56.5,-74.5,2026-09-22 22:24:05,10.203000000000031,77.20808410644531,21.046162833184006,996.61,0.2745
56.5,-74.0,2026-09-22 22:24:05,10.243000000000052,76.88308410644532,20.686162833184003,994.67,0.3435
56.5,-73.5,2026-09-22 22:24:05,9.827000000000055,73.30808410644532,22.972162833184004,996.59,0.0
56.5,-73.0,2026-09-22 22:24:05,9.599000000000046,68.85808410644532,19.066162833184006,986.95,0.023
56.5,-72.5,2026-09-22 22:24:05,9.210000000000036,64.33308410644531,20.380162833184002,984.72,0.0535
56.5,-72.0,2026-09-22 22:24:05,8.511000000000024,68.18308410644532,19.804162833184,984.39,0.1145
56.5,-71.5,2026-09-22 22:24:05,7.032000000000039,76.53308410644532,19.066162833184006,977.16,0.0765
56.5,-71.0,2026-09-22 22:24:05,7.345000000000027,71.68308410644532,16.852162833184007,988.47,0.0765
56.5,-70.5,2026-09-22 22:24:05,5.835000000000036,77.75808410644532,18.814162833184007,979.74,0.099
56.5,-70.0,2026-09-22 22:24:05,6.218000000000018,76.38308410644531,21.568162833184005,987.13,0.107
56.5,-69.5,2026-09-22 22:24:05,5.848000000000013,80.05808410644532,18.904162833184003,980.19,0.0765
56.5,-69.0,2026-09-22 22:24:05,4.697000000000003,79.65808410644532,21.622162833184007,965.36,0.183
56.5,-68.5,2026-09-22 22:24:05,8.810000000000002,63.658084106445315,14.206162833184004,997.92,0.183
56.5,-68.0,2026-09-22 22:24:05,6.551000000000045,66.43308410644532,18.526162833184006,973.7,0.20600000000000002
56.5,-67.5,2026-09-22 22:24:05,7.467000000000041,61.84861755371094,16.128000000000004,988.82,0.0535
56.5,-67.0,2026-09-22 22:24:05,6.69500000000005,68.22361755371094,14.652000000000001,984.6,0.0
56.5,-66.5,2026-09-22 22:24:05,6.174000000000035,66.84861755371094,15.732000000000001,985.71,0.0075
56.5,-66.0,2026-09-22 22:24:05,5.4570000000000505,64.67361755371094,16.632,982.95,0.1375
56.5,-65.5,2026-09-22 22:24:05,4.076000000000022,67.52361755371093,17.46,971.6,0.1145
56.5,-65.0,2026-09-22 22:24:05,3.271000000000015,72.49861755371094,18.252000000000002,965.26,0.0915
56.5,-64.5,2026-09-22 22:24:05,2.1900000000000546,77.37361755371094,21.168,962.27,0.3585
56.5,-64.0,2026-09-22 22:24:05,2.657000000000039,76.29861755371094,25.452,970.34,0.923
56.5,-63.5,2026-09-22 22:24:05,2.8080000000000496,68.14861755371093,22.392,970.56,1.8385
56.5,-63.0,2026-09-22 22:24:05,4.951000000000022,61.19861755371094,19.62,991.2,0.9155
56.5,-62.5,2026-09-22 22:24:05,5.756000000000029,59.62361755371094,20.232,994.02,0.229
56.5,-62.0,2026-09-22 22:24:05,6.63900000000001,57.12361755371094,16.488,1018.04,0.122
56.5,-61.5,2026-09-22 22:24:05,5.326000000000022,57.27361755371094,12.6,1007.79,0.0305
57.0,-132.0,2026-09-22 22:24:05,0.4500000000000455,93.16890411376954,0.9720000000000001,848.53,14.3815
57.0,-131.5,2026-09-22 22:24:05,12.240000000000009,61.293904113769536,9.251999999999999,972.48,3.2960000000000003
57.0,-131.0,2026-09-22 22:24:05,-0.5559999999999832,95.59390411376954,14.616000000000001,820.7,10.4905
57.0,-130.5,2026-09-22 22:24:05,1.5850000000000364,91.56890411376953,13.032,840.95,10.8335
57.0,-130.0,2026-09-22 22:24:05,1.6400000000000432,86.29390411376954,14.904,838.87,9.1475
57.0,-129.5,2026-09-22 22:24:05,6.521000000000015,65.44390411376953,8.964,878.32,3.6315
57.0,-129.0,2026-09-22 22:24:05,4.069000000000017,79.39390411376954,9.828,865.71,3.7535000000000003
57.0,-128.5,2026-09-22 22:24:05,4.6410000000000196,71.04390411376953,11.052000000000001,859.53,5.0200000000000005
57.0,-128.0,2026-09-22 22:24:05,5.467000000000041,66.99390411376953,8.388,858.53,1.7165000000000001
57.0,-127.5,2026-09-22 22:24:05,3.2870000000000346,67.06890411376953,10.404,819.09,1.213
57.0,-127.0,2026-09-22 22:24:05,4.472000000000037,65.59390411376954,9.828,835.23,0.4425
57.0,-126.5,2026-09-22 22:24:05,5.962000000000046,59.11890411376953,10.368,846.49,0.3815
57.0,-126.0,2026-09-22 22:24:05,4.432000000000016,63.96890411376953,7.488,825.35,0.084
57.0,-125.5,2026-09-22 22:24:05,4.05800000000005,64.41890411376953,8.064000000000002,817.9,1.663
57.0,-125.0,2026-09-22 22:24:05,9.083000000000027,57.36890411376953,6.768000000000001,889.63,3.891
57.0,-124.5,2026-09-22 22:24:05,4.481000000000051,65.49390411376953,6.6240000000000006,830.01,16.7005
57.0,-124.0,2026-09-22 22:24:05,3.670000000000016,66.99390411376953,10.188,824.9,11.162
57.0,-123.5,2026-09-22 22:24:05,5.9080000000000155,59.21890411376953,9.828,837.76,5.6765
57.0,-123.0,2026-09-22 22:24:05,10.340000000000032,49.89390411376954,8.676,882.09,1.5715000000000001
57.0,-122.5,2026-09-22 22:24:05,11.866000000000042,49.36890411376953,8.712,891.29,0.0
57.0,-122.0,2026-09-22 22:24:05,12.557000000000016,50.01890411376954,8.712,901.65,0.0
57.0,-121.5,2026-09-22 22:24:05,13.229000000000042,49.09390411376953,9.684,914.9,0.0
57.0,-121.0,2026-09-22 22:24:05,14.226000000000056,45.26890411376954,10.044,925.35,0.0
57.0,-120.5,2026-09-22 22:24:05,14.07000000000005,47.51890411376954,10.728,927.4,0.0
57.0,-120.0,2026-09-22 22:24:05,12.644000000000005,56.89967346191406,12.816,923.63,0.1145
57.0,-119.5,2026-09-22 22:24:05,9.992000000000019,65.02467346191406,15.264000000000001,892.15,0.0535
57.0,-119.0,2026-09-22 22:24:05,12.456000000000017,57.599673461914065,14.256,920.43,0.885
57.0,-118.5,2026-09-22 22:24:05,12.79200000000003,57.82467346191407,14.256,923.99,3.021
57.0,-118.0,2026-09-22 22:24:05,12.876000000000033,59.39967346191406,13.284,925.22,4.2955
57.0,-117.5,2026-09-22 22:24:05,14.91700000000003,57.17467346191407,16.164,956.49,5.4705
57.0,-117.0,2026-09-22 22:24:05,14.036000000000001,60.499673461914064,12.384,947.63,6.79
57.0,-116.5,2026-09-22 22:24:05,12.492000000000019,67.97467346191407,13.932,927.79,1.2285
57.0,-116.0,2026-09-22 22:24:05,12.222000000000037,67.64967346191406,14.112,921.07,0.0305
57.0,-115.5,2026-09-22 22:24:05,14.623000000000047,61.29967346191407,11.016,946.02,0.0
57.0,-115.0,2026-09-22 22:24:05,15.198000000000036,63.29967346191407,12.132000000000001,952.21,0.0
57.0,-114.5,2026-09-22 22:24:05,14.39100000000002,66.44967346191406,11.268,941.35,0.0
57.0,-114.0,2026-09-22 22:24:05,14.732000000000028,67.82467346191406,9.9,943.99,0.0
57.0,-113.5,2026-09-22 22:24:05,14.630000000000052,64.72467346191407,10.368,941.83,0.0
57.0,-113.0,2026-09-22 22:24:05,16.649,56.92467346191407,13.356,947.9,0.0
57.0,-112.5,2026-09-22 22:24:05,18.354000000000042,47.374673461914064,8.676,951.9,0.0
57.0,-112.0,2026-09-22 22:24:05,18.744000000000028,47.42467346191407,9.432,955.69,0.0
57.0,-111.5,2026-09-22 22:24:05,18.935000000000002,66.22467346191407,14.04,972.19,0.0
57.0,-111.0,2026-09-22 22:24:05,18.460000000000036,56.92467346191407,13.895999999999999,950.11,0.0
57.0,-110.5,2026-09-22 22:24:05,19.837000000000046,57.92467346191407,12.6,933.72,0.0
57.0,-110.0,2026-09-22 22:24:05,18.579000000000008,64.12314376831056,2.683616145193577,942.77,0.0
57.0,-109.5,2026-09-22 22:24:05,19.505000000000052,57.64814376831055,2.143616145193577,947.19,0.0
57.0,-109.0,2026-09-22 22:24:05,18.30600000000004,68.59814376831055,4.8076161451935775,950.37,0.0
57.0,-108.5,2026-09-22 22:24:05,18.825000000000045,66.34814376831055,8.821616145193577,953.82,0.0
57.0,-108.0,2026-09-22 22:24:05,18.436000000000035,66.19814376831054,11.629616145193577,950.94,0.0
57.0,-107.5,2026-09-22 22:24:05,18.875000000000057,62.92314376831055,11.755616145193578,949.21,0.0
57.0,-107.0,2026-09-22 22:24:05,19.589000000000055,58.42314376831055,13.303616145193578,945.98,0.0
57.0,-106.5,2026-09-22 22:24:05,19.262,61.27314376831055,11.809616145193578,942.16,0.0
57.0,-106.0,2026-09-22 22:24:05,20.37700000000001,52.94814376831055,18.577616145193577,942.9,0.0
57.0,-105.5,2026-09-22 22:24:05,20.709000000000003,50.74814376831055,19.675616145193576,946.01,0.0
57.0,-105.0,2026-09-22 22:24:05,20.489000000000033,54.42314376831055,13.861616145193578,947.3,0.0
57.0,-104.5,2026-09-22 22:24:05,20.108000000000004,58.09814376831055,12.529616145193577,955.15,0.0
57.0,-104.0,2026-09-22 22:24:05,20.111000000000047,57.74814376831055,13.573616145193578,958.71,0.0
57.0,-103.5,2026-09-22 22:24:05,20.52600000000001,55.37314376831055,14.149616145193578,964.26,0.0
57.0,-103.0,2026-09-22 22:24:05,18.406000000000006,63.09814376831055,22.141616145193577,967.98,0.0
57.0,-102.5,2026-09-22 22:24:05,18.34400000000005,61.87314376831055,26.731616145193577,970.08,0.0
57.0,-102.0,2026-09-22 22:24:05,18.55600000000004,62.92314376831055,21.475616145193577,970.43,0.0
57.0,-101.5,2026-09-22 22:24:05,19.60600000000005,55.62314376831055,20.39561614519358,967.58,0.0
57.0,-101.0,2026-09-22 22:24:05,20.258000000000038,51.64814376831055,19.999616145193578,969.32,0.0
57.0,-100.5,2026-09-22 22:24:05,21.173000000000002,49.09814376831055,16.84961614519358,974.96,0.0
57.0,-100.0,2026-09-22 22:24:05,20.275000000000034,54.27314376831055,15.733616145193578,976.3,0.0
57.0,-99.5,2026-09-22 22:24:05,20.34200000000004,54.87314376831055,21.673616145193577,979.18,0.0
57.0,-99.0,2026-09-22 22:24:05,19.497000000000014,56.84814376831055,23.995616145193576,980.48,0.0
57.0,-98.5,2026-09-22 22:24:05,20.372000000000014,54.09814376831055,18.631616145193576,977.55,0.0
57.0,-98.0,2026-09-22 22:24:05,19.961000000000013,57.62314376831055,18.487616145193577,983.41,0.0
57.0,-97.5,2026-09-22 22:24:05,20.166000000000054,54.64814376831055,23.851616145193578,980.66,0.0
57.0,-97.0,2026-09-22 22:24:05,20.03400000000005,56.29814376831055,24.211616145193577,981.48,0.0
57.0,-96.5,2026-09-22 22:24:05,20.30600000000004,54.12314376831055,19.909616145193578,986.63,0.0
57.0,-96.0,2026-09-22 22:24:05,20.839000000000055,53.04814376831055,18.52361614519358,990.96,0.0
57.0,-95.5,2026-09-22 22:24:05,20.352000000000032,53.19814376831055,23.67161614519358,993.04,0.0
57.0,-95.0,2026-09-22 22:24:05,18.89500000000004,57.27314376831055,27.09161614519358,990.49,0.0
57.0,-94.5,2026-09-22 22:24:05,20.993000000000052,50.77314376831055,22.10561614519358,989.63,0.0
57.0,-94.0,2026-09-22 22:24:05,21.758000000000038,49.77314376831055,18.66761614519358,1003.82,0.0
57.0,-93.5,2026-09-22 22:24:05,22.192000000000007,50.14814376831055,22.01561614519358,1007.49,0.0
57.0,-93.0,2026-09-22 22:24:05,21.859000000000037,52.07314376831055,24.19361614519358,1010.27,0.0
57.0,-92.5,2026-09-22 22:24:05,19.533000000000015,59.32314376831055,25.92161614519358,1015.3,0.0
57.0,-92.0,2026-09-22 22:24:05,21.26400000000001,55.42314376831055,25.021616145193576,1015.23,0.0
57.0,-91.5,2026-09-22 22:24:05,21.140000000000043,56.02314376831055,25.29161614519358,1012.82,0.0
57.0,-91.0,2026-09-22 22:24:05,21.315000000000055,55.14814376831055,26.20961614519358,1011.6,0.0
57.0,-90.5,2026-09-22 22:24:05,21.11500000000001,57.29814376831055,25.435616145193578,1013.27,0.0
57.0,-90.0,2026-09-22 22:24:05,19.855000000000018,63.04814376831055,24.769616145193577,1016.68,0.0
57.0,-89.5,2026-09-22 22:24:05,14.709000000000003,73.72314376831055,23.40161614519358,1017.32,0.0
57.0,-76.5,2026-09-22 22:24:05,9.754000000000019,77.45808410644531,25.636162833184002,1008.13,0.023
57.0,-76.0,2026-09-22 22:24:05,10.503000000000043,79.15808410644532,20.002162833184006,1000.53,0.046
57.0,-75.5,2026-09-22 22:24:05,10.69500000000005,77.45808410644531,20.200162833184006,1000.06,0.1985
57.0,-75.0,2026-09-22 22:24:05,10.437000000000012,75.25808410644531,21.712162833184003,993.47,0.20600000000000002
57.0,-74.5,2026-09-22 22:24:05,10.360000000000014,76.25808410644531,21.244162833184003,993.61,0.244
57.0,-74.0,2026-09-22 22:24:05,9.545000000000016,77.40808410644532,22.018162833184004,985.17,0.145
57.0,-73.5,2026-09-22 22:24:05,8.935000000000002,74.78308410644532,20.974162833184003,982.02,0.1375
57.0,-73.0,2026-09-22 22:24:05,9.349000000000046,65.38308410644531,20.110162833184006,988.31,0.061
57.0,-72.5,2026-09-22 22:24:05,9.090000000000032,67.48308410644532,19.804162833184,988.28,0.046
57.0,-72.0,2026-09-22 22:24:05,8.372000000000014,69.68308410644532,19.768162833184004,982.41,0.038
57.0,-71.5,2026-09-22 22:24:05,8.049000000000035,71.33308410644531,18.544162833184004,989.03,0.0305
57.0,-71.0,2026-09-22 22:24:05,6.710000000000036,74.43308410644532,18.472162833184004,988.55,0.023
57.0,-70.5,2026-09-22 22:24:05,6.273000000000025,74.58308410644531,21.352162833184007,983.45,0.084
57.0,-70.0,2026-09-22 22:24:05,6.967000000000041,71.68308410644532,20.020162833184006,990.2,0.061
57.0,-69.5,2026-09-22 22:24:05,6.837000000000046,71.03308410644532,21.352162833184007,982.03,0.023
57.0,-69.0,2026-09-22 22:24:05,8.372000000000014,62.98308410644532,20.920162833184005,997.77,0.0155
57.0,-68.5,2026-09-22 22:24:05,8.842000000000041,66.45808410644531,18.544162833184004,998.44,0.046
57.0,-68.0,2026-09-22 22:24:05,7.9220000000000255,58.683084106445314,19.714162833184005,994.28,0.0
57.0,-67.5,2026-09-22 22:24:05,8.057000000000016,62.12361755371094,16.488,994.56,0.038
57.0,-67.0,2026-09-22 22:24:05,7.848000000000013,63.22361755371094,15.408000000000001,1000.23,0.0075
57.0,-66.5,2026-09-22 22:24:05,6.612000000000023,62.52361755371094,14.544,991.13,0.0075
57.0,-66.0,2026-09-22 22:24:05,5.606000000000051,67.62361755371094,15.912,982.26,0.0
57.0,-65.5,2026-09-22 22:24:05,3.876000000000033,72.99861755371094,16.776,973.07,0.0075
57.0,-65.0,2026-09-22 22:24:05,2.604000000000042,76.99861755371094,18.684,960.18,0.0535
57.0,-64.5,2026-09-22 22:24:05,2.626000000000033,73.47361755371094,17.676000000000002,968.18,0.1905
57.0,-64.0,2026-09-22 22:24:05,1.573000000000036,77.22361755371094,24.3,949.68,0.633
57.0,-63.5,2026-09-22 22:24:05,2.625000000000057,69.99861755371094,22.968,959.27,0.17550000000000002
57.0,-63.0,2026-09-22 22:24:05,4.147000000000048,65.12361755371094,21.348,971.12,0.023
57.0,-62.5,2026-09-22 22:24:05,2.972000000000037,67.72361755371094,22.788,952.38,0.252
57.0,-62.0,2026-09-22 22:24:05,7.248000000000047,50.82361755371094,10.224,1014.02,0.0
57.0,-61.5,2026-09-22 22:24:05,5.709000000000003,54.59861755371094,11.16,998.23,0.0
57.5,-132.5,2026-09-22 22:24:05,0.37800000000004275,89.11890411376953,13.5,833.78,2.7845
57.5,-132.0,2026-09-22 22:24:05,4.1440000000000055,81.36890411376953,5.94,871.32,3.0365
57.5,-131.5,2026-09-22 22:24:05,2.302000000000021,77.44390411376953,7.632000000000001,842.78,2.472
57.5,-131.0,2026-09-22 22:24:05,6.744000000000028,68.49390411376953,7.02,887.24,0.5720000000000001
57.5,-130.5,2026-09-22 22:24:05,6.178000000000054,68.64390411376954,9.395999999999999,876.74,0.4885
57.5,-130.0,2026-09-22 22:24:05,1.5270000000000437,69.81890411376953,15.408000000000001,815.56,1.8235000000000001
57.5,-129.5,2026-09-22 22:24:05,6.4220000000000255,67.64390411376954,12.6,865.82,0.595
57.5,-129.0,2026-09-22 22:24:05,1.5410000000000537,75.21890411376954,16.02,809.38,0.633
57.5,-128.5,2026-09-22 22:24:05,3.215000000000032,69.64390411376954,14.976,830.04,0.9005
57.5,-128.0,2026-09-22 22:24:05,3.504000000000019,62.318904113769534,13.212,826.74,0.5035000000000001
57.5,-127.5,2026-09-22 22:24:05,4.173000000000002,67.11890411376953,12.312,831.63,0.35100000000000003
57.5,-127.0,2026-09-22 22:24:05,3.4110000000000014,67.59390411376954,12.636000000000001,822.51,2.0445
57.5,-126.5,2026-09-22 22:24:05,4.26400000000001,66.66890411376953,12.096,826.56,2.4415
57.5,-126.0,2026-09-22 22:24:05,8.878000000000043,61.76890411376954,4.392,881.88,1.1675
57.5,-125.5,2026-09-22 22:24:05,7.349000000000046,67.79390411376953,4.788,868.95,0.664
57.5,-125.0,2026-09-22 22:24:05,4.463000000000022,69.96890411376954,6.876,832.45,1.8615
57.5,-124.5,2026-09-22 22:24:05,2.5740000000000123,71.04390411376953,7.632000000000001,816.49,1.8235000000000001
57.5,-124.0,2026-09-22 22:24:05,3.6070000000000277,62.84390411376953,10.872,816.79,1.091
57.5,-123.5,2026-09-22 22:24:05,7.04200000000003,53.86890411376953,11.16,835.99,0.252
57.5,-123.0,2026-09-22 22:24:05,12.495000000000005,47.84390411376953,6.48,898.71,0.0765
57.5,-122.5,2026-09-22 22:24:05,12.188000000000045,45.318904113769534,7.956,893.04,0.023
57.5,-122.0,2026-09-22 22:24:05,12.592000000000041,50.36890411376953,8.1,902.38,0.0
57.5,-121.5,2026-09-22 22:24:05,13.981000000000051,42.193904113769534,7.344,915.99,0.0
57.5,-121.0,2026-09-22 22:24:05,14.132000000000005,47.418904113769536,7.848000000000001,919.84,0.0
57.5,-120.5,2026-09-22 22:24:05,13.755000000000052,48.76890411376954,7.956,918.07,0.0
57.5,-120.0,2026-09-22 22:24:05,12.29200000000003,53.77467346191406,10.296,909.13,0.0
57.5,-119.5,2026-09-22 22:24:05,12.01600000000002,60.54967346191407,12.780000000000001,917.96,0.0
57.5,-119.0,2026-09-22 22:24:05,13.031000000000006,59.749673461914064,13.428,934.43,0.0155
57.5,-118.5,2026-09-22 22:24:05,12.18300000000005,62.124673461914064,14.436,917.77,0.046
57.5,-118.0,2026-09-22 22:24:05,13.006000000000029,61.52467346191406,10.656,922.63,0.244
57.5,-117.5,2026-09-22 22:24:05,14.43100000000004,57.29967346191407,9.395999999999999,937.96,0.9005
57.5,-117.0,2026-09-22 22:24:05,15.089000000000055,63.89967346191406,9.576,960.35,1.709
57.5,-116.5,2026-09-22 22:24:05,14.202000000000055,65.62467346191407,9.504000000000001,952.33,2.6550000000000002
57.5,-116.0,2026-09-22 22:24:05,13.248000000000047,67.84967346191407,12.996,935.66,0.679
57.5,-115.5,2026-09-22 22:24:05,14.646000000000015,64.62467346191407,10.296,949.05,0.023
57.5,-115.0,2026-09-22 22:24:05,15.154000000000053,68.19967346191406,11.34,955.16,0.0
57.5,-114.5,2026-09-22 22:24:05,14.827000000000055,68.67467346191407,13.14,947.19,0.0
57.5,-114.0,2026-09-22 22:24:05,14.145000000000039,69.59967346191407,10.188,936.04,0.0
57.5,-113.5,2026-09-22 22:24:05,13.996000000000038,70.22467346191407,6.228,930.86,0.0
57.5,-113.0,2026-09-22 22:24:05,12.545000000000016,70.47467346191407,7.38,920.25,0.0
57.5,-112.5,2026-09-22 22:24:05,13.607000000000028,65.52467346191406,9.684,926.83,0.0
57.5,-112.0,2026-09-22 22:24:05,15.759000000000015,52.64967346191406,13.14,925.19,0.0
57.5,-111.5,2026-09-22 22:24:05,20.32000000000005,48.57467346191407,11.196,973.46,0.0
57.5,-111.0,2026-09-22 22:24:05,18.424000000000035,56.724673461914065,12.276000000000002,970.32,0.0
57.5,-110.5,2026-09-22 22:24:05,16.37900000000002,58.19967346191407,14.868,951.16,0.0
57.5,-110.0,2026-09-22 22:24:05,19.906000000000006,49.32314376831055,7.255616145193577,939.29,0.0
57.5,-109.5,2026-09-22 22:24:05,18.607000000000028,63.44814376831055,2.485616145193577,943.24,0.0
57.5,-109.0,2026-09-22 22:24:05,18.172000000000025,65.82314376831054,2.521616145193577,948.4,0.0
57.5,-108.5,2026-09-22 22:24:05,17.585000000000036,69.29814376831055,4.609616145193577,948.02,0.0
57.5,-108.0,2026-09-22 22:24:05,18.861000000000047,63.97314376831055,7.669616145193577,945.94,0.0
57.5,-107.5,2026-09-22 22:24:05,18.66900000000004,62.12314376831055,9.037616145193578,945.8,0.0
57.5,-107.0,2026-09-22 22:24:05,18.95700000000005,58.07314376831055,12.763616145193577,949.29,0.0
57.5,-106.5,2026-09-22 22:24:05,16.093000000000018,76.29814376831055,10.711616145193577,950.55,0.0
57.5,-106.0,2026-09-22 22:24:05,20.172000000000025,55.67314376831055,10.513616145193577,948.3,0.0
57.5,-105.5,2026-09-22 22:24:05,20.233000000000004,54.94814376831055,11.863616145193577,944.94,0.0
57.5,-105.0,2026-09-22 22:24:05,20.465000000000032,55.67314376831055,12.817616145193577,950.6,0.0
57.5,-104.5,2026-09-22 22:24:05,20.398000000000025,56.89814376831055,11.377616145193578,953.82,0.0
57.5,-104.0,2026-09-22 22:24:05,19.91700000000003,60.69814376831055,12.673616145193577,955.84,0.0
57.5,-103.5,2026-09-22 22:24:05,20.420000000000016,55.79814376831055,14.095616145193578,957.21,0.0
57.5,-103.0,2026-09-22 22:24:05,20.470000000000027,57.52314376831055,13.015616145193578,966.82,0.0
57.5,-102.5,2026-09-22 22:24:05,17.40900000000005,69.07314376831054,25.813616145193578,969.93,0.0
57.5,-102.0,2026-09-22 22:24:05,18.80400000000003,60.34814376831055,24.877616145193578,969.38,0.0
57.5,-101.5,2026-09-22 22:24:05,20.426000000000045,55.54814376831055,14.329616145193576,966.74,0.0
57.5,-101.0,2026-09-22 22:24:05,19.90300000000002,55.07314376831055,18.54161614519358,967.34,0.0
57.5,-100.5,2026-09-22 22:24:05,20.912000000000035,52.62314376831055,16.381616145193576,969.46,0.0
57.5,-100.0,2026-09-22 22:24:05,20.783000000000015,52.19814376831055,20.05361614519358,972.18,0.0
57.5,-99.5,2026-09-22 22:24:05,21.301000000000045,51.39814376831055,20.431616145193576,975.84,0.0
57.5,-99.0,2026-09-22 22:24:05,20.549000000000035,56.57314376831055,21.007616145193577,976.63,0.0
57.5,-98.5,2026-09-22 22:24:05,16.524,69.07314376831054,23.059616145193576,982.19,0.0
57.5,-98.0,2026-09-22 22:24:05,19.77600000000001,57.54814376831055,24.157616145193575,979.18,0.0
57.5,-97.5,2026-09-22 22:24:05,20.293000000000006,58.69814376831055,17.569616145193578,982.51,0.0
57.5,-97.0,2026-09-22 22:24:05,20.095000000000027,58.72314376831055,19.423616145193577,981.6,0.0
57.5,-96.5,2026-09-22 22:24:05,20.535000000000025,57.39814376831055,16.957616145193576,986.51,0.0
57.5,-96.0,2026-09-22 22:24:05,20.863000000000056,55.09814376831055,20.197616145193578,989.05,0.0
57.5,-95.5,2026-09-22 22:24:05,21.021000000000015,55.14814376831055,24.733616145193576,989.62,0.0
57.5,-95.0,2026-09-22 22:24:05,21.03200000000004,54.29814376831055,25.86761614519358,990.04,0.0
57.5,-94.5,2026-09-22 22:24:05,21.26600000000002,53.99814376831055,20.48561614519358,995.26,0.0
57.5,-94.0,2026-09-22 22:24:05,22.022000000000048,53.72314376831055,23.059616145193576,1003.93,0.0
57.5,-93.5,2026-09-22 22:24:05,21.823000000000036,55.42314376831055,23.059616145193576,1007.27,0.0
57.5,-93.0,2026-09-22 22:24:05,21.729000000000042,55.32314376831055,24.301616145193577,1009.68,0.0
57.5,-92.5,2026-09-22 22:24:05,19.135000000000048,63.57314376831055,25.147616145193577,1014.55,0.0
57.5,-80.0,2026-09-22 22:24:05,7.274000000000001,89.29814376831055,24.859616145193577,1021.05,0.0
57.5,-76.5,2026-09-22 22:24:05,9.397000000000048,83.48308410644532,23.764162833184006,1007.31,0.0305
57.5,-76.0,2026-09-22 22:24:05,10.628000000000043,80.20808410644531,20.380162833184002,1001.97,0.0
57.5,-75.5,2026-09-22 22:24:05,10.272000000000048,78.85808410644532,20.668162833184002,998.63,0.16
57.5,-75.0,2026-09-22 22:24:05,9.800000000000011,80.00808410644532,20.722162833184004,994.49,0.038
57.5,-74.5,2026-09-22 22:24:05,10.080000000000041,73.40808410644532,20.092162833184002,995.97,0.046
57.5,-74.0,2026-09-22 22:24:05,10.049000000000035,73.28308410644532,18.202162833184005,998.13,0.061
57.5,-73.5,2026-09-22 22:24:05,9.479000000000042,68.95808410644531,20.056162833184004,989.61,0.038
57.5,-73.0,2026-09-22 22:24:05,9.173000000000002,67.95808410644531,21.856162833184005,986.45,0.061
57.5,-72.5,2026-09-22 22:24:05,9.032000000000039,68.93308410644532,20.902162833184004,986.89,0.0535
57.5,-72.0,2026-09-22 22:24:05,8.092000000000041,68.65808410644532,20.812162833184004,984.02,0.0535
57.5,-71.5,2026-09-22 22:24:05,7.132000000000005,75.75808410644531,19.642162833184003,989.83,0.0305
57.5,-71.0,2026-09-22 22:24:05,6.555000000000007,74.38308410644531,20.380162833184002,989.14,0.0
57.5,-70.5,2026-09-22 22:24:05,7.485000000000014,73.53308410644532,21.424162833184003,1005.38,0.0
57.5,-70.0,2026-09-22 22:24:05,9.256000000000029,59.45808410644531,20.344162833184004,1014.56,0.0
57.5,-69.5,2026-09-22 22:24:05,9.452000000000055,60.70808410644531,20.200162833184006,1011.33,0.0
57.5,-69.0,2026-09-22 22:24:05,8.143000000000029,68.73308410644532,20.344162833184004,1002.97,0.0
57.5,-68.5,2026-09-22 22:24:05,7.815000000000055,72.55808410644532,17.968162833184003,994.69,0.107
57.5,-68.0,2026-09-22 22:24:05,7.946000000000026,67.43308410644532,18.472162833184004,1000.75,0.1145
57.5,-67.5,2026-09-22 22:24:05,8.010000000000048,66.32361755371095,15.696000000000002,1001.07,0.038
57.5,-67.0,2026-09-22 22:24:05,7.661000000000001,65.42361755371094,13.428,999.18,0.1145
57.5,-66.5,2026-09-22 22:24:05,6.480000000000018,63.99861755371094,16.308,991.57,0.0535
57.5,-66.0,2026-09-22 22:24:05,6.323000000000036,61.97361755371094,17.46,993.07,0.0
57.5,-65.5,2026-09-22 22:24:05,4.220000000000027,71.87361755371094,17.496000000000002,976.82,0.046
57.5,-65.0,2026-09-22 22:24:05,3.532000000000039,72.44861755371095,17.208000000000002,968.21,0.2595
57.5,-64.5,2026-09-22 22:24:05,2.546000000000049,74.62361755371094,22.032,955.59,0.107
57.5,-64.0,2026-09-22 22:24:05,2.298000000000002,72.69861755371095,24.228,949.06,0.099
57.5,-63.5,2026-09-22 22:24:05,2.0370000000000346,72.94861755371095,26.46,944.6,0.038
57.5,-63.0,2026-09-22 22:24:05,3.6480000000000246,68.37361755371094,21.132,958.45,0.0
57.5,-62.5,2026-09-22 22:24:05,7.882000000000005,55.57361755371094,17.1,1013.99,0.0
57.5,-62.0,2026-09-22 22:24:05,6.227000000000032,60.34861755371094,9.108,1021.77,0.0
57.5,-61.5,2026-09-22 22:24:05,5.777000000000044,59.42361755371094,8.388,1022.4,0.0
58.0,-133.0,2026-09-22 22:24:05,1.1000000000000227,98.49390411376953,5.58,856.85,7.6445
58.0,-132.5,2026-09-22 22:24:05,-3.0529999999999973,99.51890411376954,17.028000000000002,793.73,1.2590000000000001
58.0,-132.0,2026-09-22 22:24:05,-1.3549999999999613,96.86890411376953,16.452,808.73,0.3815
58.0,-131.5,2026-09-22 22:24:05,6.135000000000048,67.46890411376954,1.9800000000000002,877.57,0.3205
58.0,-131.0,2026-09-22 22:24:05,10.17100000000005,72.06890411376953,0.28800000000000003,954.13,0.0535
58.0,-130.5,2026-09-22 22:24:05,4.275000000000034,73.94390411376953,12.924,849.85,0.23650000000000002
58.0,-130.0,2026-09-22 22:24:05,7.989000000000033,61.043904113769536,5.292,882.21,0.496
58.0,-129.5,2026-09-22 22:24:05,7.039000000000044,60.34390411376953,6.984,866.01,0.6025
58.0,-129.0,2026-09-22 22:24:05,5.274000000000001,75.56890411376953,6.264,851.63,0.641
58.0,-128.5,2026-09-22 22:24:05,8.518000000000029,66.24390411376953,3.06,885.4,1.3275000000000001
58.0,-128.0,2026-09-22 22:24:05,8.343000000000018,52.39390411376954,6.66,869.32,0.427
58.0,-127.5,2026-09-22 22:24:05,6.3700000000000045,57.64390411376954,8.748000000000001,848.76,0.0305
58.0,-127.0,2026-09-22 22:24:05,1.052000000000021,74.16890411376953,9.468,798.07,0.0535
58.0,-126.5,2026-09-22 22:24:05,4.288000000000011,65.86890411376953,7.308000000000001,833.92,0.20600000000000002
58.0,-126.0,2026-09-22 22:24:05,5.0190000000000055,68.06890411376953,7.524,846.43,0.061
58.0,-125.5,2026-09-22 22:24:05,4.459000000000003,71.49390411376953,4.824000000000001,846.13,0.3815
58.0,-125.0,2026-09-22 22:24:05,-0.94399999999996,87.64390411376954,10.296,787.04,2.823
58.0,-124.5,2026-09-22 22:24:05,2.077000000000055,65.39390411376954,10.188,806.01,0.7325
58.0,-124.0,2026-09-22 22:24:05,7.865000000000009,54.71890411376953,8.856,850.17,0.0
58.0,-123.5,2026-09-22 22:24:05,12.801000000000045,51.693904113769534,7.776000000000001,911.01,0.2135
58.0,-123.0,2026-09-22 22:24:05,13.095000000000027,50.01890411376954,7.524,915.53,0.3205
58.0,-122.5,2026-09-22 22:24:05,11.624000000000024,50.793904113769536,7.524,897.04,0.0535
58.0,-122.0,2026-09-22 22:24:05,14.550000000000011,45.568904113769534,5.6160000000000005,928.65,0.0
58.0,-121.5,2026-09-22 22:24:05,16.271000000000015,44.51890411376954,2.9520000000000004,953.78,0.0
58.0,-121.0,2026-09-22 22:24:05,15.258000000000038,47.99390411376953,1.872,951.17,0.0
58.0,-120.5,2026-09-22 22:24:05,14.201000000000022,51.71890411376953,4.968000000000001,941.12,0.0
58.0,-120.0,2026-09-22 22:24:05,12.33200000000005,59.874673461914064,9.144,929.36,0.0
58.0,-119.5,2026-09-22 22:24:05,12.527000000000044,58.19967346191407,10.404,924.08,0.0
58.0,-119.0,2026-09-22 22:24:05,13.134000000000015,58.249673461914064,7.308000000000001,927.11,0.229
58.0,-118.5,2026-09-22 22:24:05,15.140000000000043,56.499673461914064,3.7800000000000002,947.46,0.4425
58.0,-118.0,2026-09-22 22:24:05,14.842000000000041,61.69967346191407,5.760000000000001,957.91,0.0
58.0,-117.5,2026-09-22 22:24:05,15.462000000000046,61.874673461914064,6.516,966.04,0.038
58.0,-117.0,2026-09-22 22:24:05,15.65100000000001,63.79967346191407,6.588,965.43,0.0535
58.0,-116.5,2026-09-22 22:24:05,15.65500000000003,59.29967346191407,10.872,961.88,0.28250000000000003
58.0,-116.0,2026-09-22 22:24:05,16.31400000000002,58.52467346191406,8.964,967.22,0.6485
58.0,-115.5,2026-09-22 22:24:05,17.160000000000025,59.79967346191407,6.48,972.05,0.084
58.0,-115.0,2026-09-22 22:24:05,16.146000000000015,68.77467346191406,7.74,970.25,0.0
58.0,-114.5,2026-09-22 22:24:05,15.999000000000024,68.57467346191406,9.54,969.96,0.0
58.0,-114.0,2026-09-22 22:24:05,16.062000000000012,68.62467346191407,6.588,971.74,0.0
58.0,-113.5,2026-09-22 22:24:05,14.865000000000009,70.47467346191407,5.256,957.11,0.0
58.0,-113.0,2026-09-22 22:24:05,12.102000000000032,79.47467346191407,3.204,933.69,0.0
58.0,-112.5,2026-09-22 22:24:05,12.147000000000048,68.47467346191407,4.752000000000001,927.05,0.0
58.0,-112.0,2026-09-22 22:24:05,17.24200000000002,51.52467346191406,7.02,965.85,0.0
58.0,-111.5,2026-09-22 22:24:05,17.09200000000004,56.64967346191406,13.644,978.58,0.0
58.0,-111.0,2026-09-22 22:24:05,15.952000000000055,70.27467346191406,17.28,973.4,0.0
58.0,-110.5,2026-09-22 22:24:05,17.269000000000005,58.849673461914065,12.168,967.75,0.0
58.0,-110.0,2026-09-22 22:24:05,15.791000000000054,67.09814376831055,7.867616145193577,959.32,0.0
58.0,-109.5,2026-09-22 22:24:05,16.357000000000028,62.02314376831055,9.523616145193577,946.07,0.0
58.0,-109.0,2026-09-22 22:24:05,18.52600000000001,61.02314376831055,5.2036161451935765,945.94,0.0
58.0,-108.5,2026-09-22 22:24:05,18.65100000000001,63.17314376831055,1.873616145193577,946.99,0.0
58.0,-108.0,2026-09-22 22:24:05,18.285000000000025,66.82314376831054,1.0996161451935769,946.98,0.0
58.0,-107.5,2026-09-22 22:24:05,18.713000000000022,62.79814376831055,2.089616145193577,944.51,0.0
58.0,-107.0,2026-09-22 22:24:05,18.862000000000023,63.89814376831055,2.8996161451935767,952.01,0.0
58.0,-106.5,2026-09-22 22:24:05,18.76400000000001,64.77314376831055,6.967616145193577,955.79,0.0
58.0,-106.0,2026-09-22 22:24:05,19.200000000000045,62.67314376831055,7.777616145193577,956.16,0.0
58.0,-105.5,2026-09-22 22:24:05,19.668000000000006,61.77314376831055,6.895616145193577,952.32,0.0
58.0,-105.0,2026-09-22 22:24:05,19.637,58.12314376831055,10.945616145193577,945.99,0.0
58.0,-104.5,2026-09-22 22:24:05,20.110000000000014,57.22314376831055,11.611616145193578,952.16,0.0
58.0,-104.0,2026-09-22 22:24:05,20.17900000000003,58.64814376831055,10.513616145193577,958.04,0.0
58.0,-103.5,2026-09-22 22:24:05,17.166000000000054,71.14814376831055,16.237616145193577,961.07,0.0
58.0,-103.0,2026-09-22 22:24:05,20.64500000000004,56.84814376831055,11.683616145193577,957.07,0.0
58.0,-102.5,2026-09-22 22:24:05,19.80000000000001,62.42314376831055,13.249616145193578,960.38,0.0
58.0,-102.0,2026-09-22 22:24:05,17.098000000000013,71.34814376831055,26.04761614519358,969.23,0.0
58.0,-101.5,2026-09-22 22:24:05,19.221000000000004,60.17314376831055,17.20961614519358,968.58,0.0
58.0,-101.0,2026-09-22 22:24:05,19.722000000000037,63.32314376831055,15.229616145193578,964.15,0.0
58.0,-100.5,2026-09-22 22:24:05,19.547000000000025,61.79814376831055,16.327616145193577,965.69,0.0
58.0,-100.0,2026-09-22 22:24:05,19.692000000000007,63.37314376831055,16.92161614519358,967.01,0.0
58.0,-99.5,2026-09-22 22:24:05,20.398000000000025,55.89814376831055,21.781616145193578,972.85,0.0
58.0,-99.0,2026-09-22 22:24:05,20.614000000000033,57.17314376831055,21.34961614519358,975.38,0.0
58.0,-98.5,2026-09-22 22:24:05,21.03000000000003,53.52314376831055,23.32961614519358,979.52,0.0
58.0,-98.0,2026-09-22 22:24:05,19.974000000000046,58.72314376831055,21.763616145193577,974.3,0.0
58.0,-97.5,2026-09-22 22:24:05,20.374000000000024,53.34814376831055,25.723616145193578,975.63,0.0
58.0,-97.0,2026-09-22 22:24:05,21.027000000000044,53.57314376831055,22.59161614519358,980.49,0.0
58.0,-96.5,2026-09-22 22:24:05,20.464000000000055,54.62314376831055,26.137616145193576,976.65,0.0
58.0,-96.0,2026-09-22 22:24:05,20.994000000000028,55.37314376831055,23.67161614519358,985.88,0.0
58.0,-95.5,2026-09-22 22:24:05,20.868000000000052,55.44814376831055,22.825616145193578,989.79,0.0
58.0,-95.0,2026-09-22 22:24:05,21.349000000000046,54.59814376831055,25.255616145193578,995.71,0.0
58.0,-94.5,2026-09-22 22:24:05,21.78200000000004,55.29814376831055,22.39361614519358,1003.1,0.0
58.0,-94.0,2026-09-22 22:24:05,21.522000000000048,57.69814376831055,23.11361614519358,1005.1,0.0
58.0,-93.5,2026-09-22 22:24:05,21.40500000000003,59.57314376831055,23.61761614519358,1008.18,0.0
58.0,-93.0,2026-09-22 22:24:05,21.137,60.64814376831055,24.24761614519358,1010.68,0.0
58.0,-77.0,2026-09-22 22:24:05,9.75200000000001,81.65808410644532,28.876162833184004,1015.42,0.0
58.0,-76.5,2026-09-22 22:24:05,10.226000000000056,79.78308410644532,24.718162833184003,1006.31,0.3965
58.0,-76.0,2026-09-22 22:24:05,9.969000000000051,81.43308410644532,23.584162833184006,1000.92,0.099
58.0,-75.5,2026-09-22 22:24:05,9.949000000000012,80.45808410644531,22.540162833184006,996.24,0.061
58.0,-75.0,2026-09-22 22:24:05,10.301000000000045,76.08308410644531,22.288162833184003,1000.72,0.046
58.0,-74.5,2026-09-22 22:24:05,9.895000000000039,73.05808410644532,21.640162833184007,996.86,0.023
58.0,-74.0,2026-09-22 22:24:05,9.613000000000056,68.75808410644531,22.162162833184006,994.44,0.0535
58.0,-73.5,2026-09-22 22:24:05,9.560000000000002,66.90808410644532,21.334162833184006,994.44,0.038
58.0,-73.0,2026-09-22 22:24:05,9.325000000000045,66.50808410644531,19.678162833184007,995.09,0.0075
58.0,-72.5,2026-09-22 22:24:05,9.649000000000001,63.95808410644531,20.020162833184006,997.74,0.038
58.0,-72.0,2026-09-22 22:24:05,8.638000000000034,64.28308410644532,21.388162833184005,989.56,0.061
58.0,-71.5,2026-09-22 22:24:05,7.7450000000000045,68.40808410644532,22.252162833184006,988.25,0.038
58.0,-71.0,2026-09-22 22:24:05,7.41700000000003,68.20808410644531,22.450162833184006,990.33,0.0
58.0,-70.5,2026-09-22 22:24:05,7.088000000000022,69.35808410644532,23.764162833184006,989.25,0.0075
58.0,-70.0,2026-09-22 22:24:05,8.267000000000053,63.83308410644531,21.388162833184005,1001.11,0.046
58.0,-69.5,2026-09-22 22:24:05,8.300000000000011,63.533084106445315,22.450162833184006,997.34,0.107
58.0,-69.0,2026-09-22 22:24:05,7.979000000000042,69.78308410644532,20.380162833184002,1004.49,0.1985
58.0,-68.5,2026-09-22 22:24:05,9.164000000000044,68.00808410644531,23.728162833184005,1022.03,0.366
58.0,-68.0,2026-09-22 22:24:05,8.533000000000015,66.28308410644532,19.966162833184008,1003.64,0.3205
58.0,-67.5,2026-09-22 22:24:05,8.498000000000047,64.74861755371094,15.660000000000002,1008.82,0.023
58.0,-67.0,2026-09-22 22:24:05,8.357000000000028,62.54861755371094,14.544,1012.68,0.0155
58.0,-66.5,2026-09-22 22:24:05,7.091000000000008,63.39861755371094,15.876000000000001,1001.48,0.0155
58.0,-66.0,2026-09-22 22:24:05,6.198000000000036,63.37361755371094,17.28,989.74,0.2595
58.0,-65.5,2026-09-22 22:24:05,4.660000000000025,69.52361755371093,17.028000000000002,979.32,0.305
58.0,-65.0,2026-09-22 22:24:05,3.4080000000000155,75.19861755371095,20.160000000000004,968.79,0.374
58.0,-64.5,2026-09-22 22:24:05,1.1160000000000423,79.29861755371094,23.832,942.06,0.168
58.0,-64.0,2026-09-22 22:24:05,0.9510000000000218,77.27361755371095,26.856,938.04,0.107
58.0,-63.5,2026-09-22 22:24:05,2.594000000000051,72.79861755371094,23.004,946.18,0.0075
58.0,-63.0,2026-09-22 22:24:05,5.296000000000049,64.02361755371093,19.26,979.82,0.0
58.0,-62.5,2026-09-22 22:24:05,7.258000000000038,59.22361755371094,13.716000000000001,1009.07,0.0
58.0,-62.0,2026-09-22 22:24:05,5.109000000000037,75.62361755371094,5.328,1024.43,0.0075
58.5,-133.5,2026-09-22 22:24:05,8.471000000000004,69.86890411376953,4.5360000000000005,920.92,4.73
58.5,-133.0,2026-09-22 22:24:05,6.622000000000014,78.86890411376953,3.4200000000000004,893.63,2.8765
58.5,-132.5,2026-09-22 22:24:05,6.156000000000006,77.26890411376954,5.6160000000000005,884.95,0.4805
58.5,-132.0,2026-09-22 22:24:05,3.362000000000023,85.49390411376953,12.24,856.98,0.0075
58.5,-131.5,2026-09-22 22:24:05,0.9740000000000464,82.34390411376954,17.604,817.73,0.5035000000000001
58.5,-131.0,2026-09-22 22:24:05,4.713000000000022,76.69390411376953,15.732000000000001,867.84,0.7020000000000001
58.5,-130.5,2026-09-22 22:24:05,3.702000000000055,74.64390411376954,13.968,843.7,1.5795000000000001
58.5,-130.0,2026-09-22 22:24:05,8.699000000000012,70.21890411376954,2.8800000000000003,901.7,0.1295
58.5,-129.5,2026-09-22 22:24:05,4.859000000000037,60.86890411376953,11.88,840.26,0.763
58.5,-129.0,2026-09-22 22:24:05,6.216000000000008,57.318904113769534,13.788,858.81,0.28250000000000003
58.5,-128.5,2026-09-22 22:24:05,4.539000000000044,60.49390411376953,11.376000000000001,842.68,0.0
58.5,-128.0,2026-09-22 22:24:05,4.8700000000000045,61.49390411376953,8.208000000000002,838.56,0.0
58.5,-127.5,2026-09-22 22:24:05,7.466000000000008,60.51890411376954,7.704000000000001,870.15,0.0075
58.5,-127.0,2026-09-22 22:24:05,8.80400000000003,59.84390411376953,5.508,878.09,0.0685
58.5,-126.5,2026-09-22 22:24:05,4.273000000000025,77.34390411376954,7.524,840.87,0.1375
58.5,-126.0,2026-09-22 22:24:05,2.948000000000036,71.11890411376953,10.332,825.71,0.2215
58.5,-125.5,2026-09-22 22:24:05,0.7060000000000173,73.54390411376953,12.168,792.57,0.0
58.5,-125.0,2026-09-22 22:24:05,4.244000000000028,61.96890411376953,12.780000000000001,815.29,0.0
58.5,-124.5,2026-09-22 22:24:05,6.424000000000035,52.168904113769536,8.964,823.57,0.0
58.5,-124.0,2026-09-22 22:24:05,11.646000000000015,53.86890411376953,5.5440000000000005,886.67,0.0
58.5,-123.5,2026-09-22 22:24:05,14.160000000000025,40.71890411376953,3.24,926.65,0.046
58.5,-123.0,2026-09-22 22:24:05,14.94300000000004,47.543904113769536,4.680000000000001,944.98,0.0535
58.5,-122.5,2026-09-22 22:24:05,15.76400000000001,42.09390411376953,1.044,948.87,0.1905
58.5,-122.0,2026-09-22 22:24:05,15.797000000000025,50.24390411376953,1.728,958.68,0.183
58.5,-121.5,2026-09-22 22:24:05,15.599000000000046,52.36890411376953,2.0160000000000005,956.62,0.0765
58.5,-121.0,2026-09-22 22:24:05,15.07000000000005,54.99390411376953,3.3840000000000003,958.88,0.0
58.5,-120.5,2026-09-22 22:24:05,14.563000000000045,55.89390411376954,3.7800000000000002,961.76,0.0
58.5,-120.0,2026-09-22 22:24:05,13.142000000000053,59.64967346191406,2.592,958.02,0.0
58.5,-119.5,2026-09-22 22:24:05,12.26400000000001,62.19967346191407,3.8880000000000003,940.1,0.0
58.5,-119.0,2026-09-22 22:24:05,13.594000000000051,60.54967346191407,3.636,954.99,0.0
58.5,-118.5,2026-09-22 22:24:05,13.518000000000029,63.69967346191407,3.9240000000000004,960.1,0.0
58.5,-118.0,2026-09-22 22:24:05,12.603000000000009,68.74967346191407,5.58,957.83,0.8775000000000001
58.5,-117.5,2026-09-22 22:24:05,13.219000000000051,61.124673461914064,5.688000000000001,963.46,0.641
58.5,-117.0,2026-09-22 22:24:05,14.593000000000018,59.04967346191407,7.74,969.18,0.099
58.5,-116.5,2026-09-22 22:24:05,15.505000000000052,63.64967346191406,10.26,971.3,0.168
58.5,-116.0,2026-09-22 22:24:05,15.658000000000015,68.97467346191407,7.812,972.58,0.0
58.5,-115.5,2026-09-22 22:24:05,15.149000000000001,72.79967346191407,4.968000000000001,972.63,0.3205
58.5,-115.0,2026-09-22 22:24:05,15.362000000000023,74.24967346191407,4.6080000000000005,974.85,0.0155
58.5,-114.5,2026-09-22 22:24:05,15.54000000000002,75.04967346191407,5.364,978.11,0.046
58.5,-114.0,2026-09-22 22:24:05,15.492000000000019,75.04967346191407,6.696000000000001,977.47,0.0
58.5,-113.5,2026-09-22 22:24:05,14.269000000000005,80.99967346191407,6.66,978.24,0.0
58.5,-113.0,2026-09-22 22:24:05,13.490000000000009,79.39967346191406,4.212,978.97,0.0
58.5,-112.5,2026-09-22 22:24:05,11.732000000000028,92.19967346191407,3.7800000000000002,982.33,0.0
58.5,-112.0,2026-09-22 22:24:05,12.500000000000057,83.77467346191406,14.652000000000001,983.44,0.0
58.5,-111.5,2026-09-22 22:24:05,15.04200000000003,67.82467346191406,11.16,982.54,0.0155
58.5,-111.0,2026-09-22 22:24:05,15.143000000000029,74.09967346191407,15.192,982.82,0.0
58.5,-110.5,2026-09-22 22:24:05,17.024,63.17467346191407,10.296,977.54,0.0
58.5,-110.0,2026-09-22 22:24:05,17.063000000000045,64.17314376831055,5.239616145193577,973.91,0.0
58.5,-109.5,2026-09-22 22:24:05,16.387,65.04814376831055,3.2956161451935766,965.35,0.0
58.5,-109.0,2026-09-22 22:24:05,15.615000000000009,68.47314376831055,3.817616145193577,961.15,0.0
58.5,-108.5,2026-09-22 22:24:05,15.703000000000031,69.82314376831054,4.339616145193577,954.49,0.0
58.5,-108.0,2026-09-22 22:24:05,17.09400000000005,67.12314376831056,4.375616145193577,951.96,0.0
58.5,-107.5,2026-09-22 22:24:05,16.950000000000045,69.34814376831055,1.9096161451935767,950.52,0.0
58.5,-107.0,2026-09-22 22:24:05,17.811000000000035,67.37314376831056,0.5236161451935768,947.99,0.0
58.5,-106.5,2026-09-22 22:24:05,18.890000000000043,66.37314376831056,2.251616145193577,954.73,0.0
58.5,-106.0,2026-09-22 22:24:05,18.90500000000003,63.02314376831055,3.961616145193577,970.87,0.0
58.5,-105.5,2026-09-22 22:24:05,18.87900000000002,64.39814376831055,4.969616145193577,961.77,0.0
58.5,-105.0,2026-09-22 22:24:05,20.33000000000004,54.74814376831055,8.587616145193577,958.05,0.0
58.5,-104.5,2026-09-22 22:24:05,19.45700000000005,62.27314376831055,7.435616145193577,958.71,0.0
58.5,-104.0,2026-09-22 22:24:05,20.221000000000004,54.52314376831055,7.327616145193577,955.55,0.0
58.5,-103.5,2026-09-22 22:24:05,18.656000000000006,61.79814376831055,11.143616145193578,955.94,0.0
58.5,-103.0,2026-09-22 22:24:05,15.713000000000022,75.77314376831055,17.479616145193578,961.71,0.0
58.5,-102.5,2026-09-22 22:24:05,19.970000000000027,61.27314376831055,11.917616145193577,958.99,0.0
58.5,-102.0,2026-09-22 22:24:05,19.706000000000017,64.62314376831056,13.483616145193578,962.43,0.0
58.5,-101.5,2026-09-22 22:24:05,18.483000000000004,69.49814376831056,17.587616145193575,963.99,0.0
58.5,-101.0,2026-09-22 22:24:05,19.50400000000002,61.99814376831055,21.34961614519358,963.73,0.0
58.5,-100.5,2026-09-22 22:24:05,20.12700000000001,61.69814376831055,16.00361614519358,963.9,0.0
58.5,-100.0,2026-09-22 22:24:05,20.585000000000036,61.47314376831055,15.373616145193578,972.82,0.0
58.5,-99.5,2026-09-22 22:24:05,21.00200000000001,55.89814376831055,17.659616145193578,972.3,0.0
58.5,-99.0,2026-09-22 22:24:05,21.147000000000048,54.82314376831055,18.487616145193577,974.02,0.0
58.5,-98.5,2026-09-22 22:24:05,21.354000000000042,53.67314376831055,20.77361614519358,978.46,0.0
58.5,-98.0,2026-09-22 22:24:05,21.048000000000002,55.22314376831055,22.39361614519358,978.99,0.0
58.5,-97.5,2026-09-22 22:24:05,20.972000000000037,55.12314376831055,21.007616145193577,974.54,0.0
58.5,-97.0,2026-09-22 22:24:05,20.991000000000042,54.67314376831055,22.969616145193577,977.69,0.0
58.5,-96.5,2026-09-22 22:24:05,21.248000000000047,56.44814376831055,15.895616145193577,988.68,0.0
58.5,-96.0,2026-09-22 22:24:05,21.973000000000013,52.29814376831055,17.04761614519358,993.01,0.0
58.5,-95.5,2026-09-22 22:24:05,22.051000000000045,53.97314376831055,23.293616145193578,998.43,0.0
58.5,-95.0,2026-09-22 22:24:05,21.819000000000017,56.67314376831055,22.771616145193576,1002.41,0.0
58.5,-94.5,2026-09-22 22:24:05,21.774,57.64814376831055,22.771616145193576,1007.34,0.0
58.5,-94.0,2026-09-22 22:24:05,21.40700000000004,60.24814376831055,23.923616145193577,1009.4,0.0
58.5,-93.5,2026-09-22 22:24:05,18.233000000000004,69.57314376831054,25.489616145193576,1008.99,0.0
58.5,-93.0,2026-09-22 22:24:05,15.024000000000001,74.89814376831055,24.571616145193577,1011.71,0.0
58.5,-78.5,2026-09-22 22:24:05,7.657000000000039,92.25808410644532,32.440162833184004,1021.08,0.0
58.5,-78.0,2026-09-22 22:24:05,9.38900000000001,87.30808410644532,29.344162833184008,1015.22,0.0
58.5,-77.5,2026-09-22 22:24:05,9.942000000000007,82.13308410644532,30.046162833184002,1012.24,0.0
58.5,-77.0,2026-09-22 22:24:05,9.441000000000031,85.10808410644532,30.010162833184005,1008.5,0.0
58.5,-76.5,2026-09-22 22:24:05,9.50200000000001,85.13308410644532,25.492162833184004,1006.92,0.023
58.5,-76.0,2026-09-22 22:24:05,9.932000000000016,82.05808410644532,23.764162833184006,1004.64,0.0075
58.5,-75.5,2026-09-22 22:24:05,10.038000000000011,77.70808410644531,23.584162833184006,1001.11,0.0155
58.5,-75.0,2026-09-22 22:24:05,9.748000000000047,76.95808410644531,22.666162833184007,1001.05,0.0075
58.5,-74.5,2026-09-22 22:24:05,10.018000000000029,74.70808410644531,21.622162833184007,1000.09,0.3815
58.5,-74.0,2026-09-22 22:24:05,9.894000000000005,69.28308410644532,21.622162833184007,996.74,0.0685
58.5,-73.5,2026-09-22 22:24:05,9.210000000000036,68.25808410644531,21.532162833184003,992.8,0.099
58.5,-73.0,2026-09-22 22:24:05,9.027000000000044,67.25808410644531,20.812162833184004,995.09,0.061
58.5,-72.5,2026-09-22 22:24:05,8.012,71.18308410644532,21.712162833184003,993.47,0.0685
58.5,-72.0,2026-09-22 22:24:05,8.370000000000005,64.73308410644532,20.200162833184006,1000.09,0.0685
58.5,-71.5,2026-09-22 22:24:05,7.4570000000000505,68.30808410644532,21.388162833184005,993.17,0.046
58.5,-71.0,2026-09-22 22:24:05,6.947000000000003,70.60808410644532,21.496162833184005,992.94,0.0155
58.5,-70.5,2026-09-22 22:24:05,7.1200000000000045,72.83308410644531,22.054162833184005,1000.64,0.0075
58.5,-70.0,2026-09-22 22:24:05,8.687000000000012,62.48308410644532,22.774162833184004,1013.08,0.1525
58.5,-69.5,2026-09-22 22:24:05,7.732000000000028,70.70808410644531,22.234162833184005,1002.78,0.366
58.5,-69.0,2026-09-22 22:24:05,9.013000000000034,61.20808410644531,22.954162833184007,1011.28,0.229
58.5,-68.5,2026-09-22 22:24:05,9.117000000000019,64.63308410644531,23.584162833184006,1017.02,0.16
58.5,-68.0,2026-09-22 22:24:05,9.821000000000026,58.73308410644532,18.616162833184006,1023.06,0.046
58.5,-67.5,2026-09-22 22:24:05,6.160000000000025,83.17361755371094,20.592,1026.34,0.0155
58.5,-67.0,2026-09-22 22:24:05,6.170000000000016,76.02361755371093,23.328000000000003,1026.46,0.122
58.5,-66.5,2026-09-22 22:24:05,7.677000000000021,60.94861755371094,18.252000000000002,1013.79,0.41200000000000003
58.5,-66.0,2026-09-22 22:24:05,7.263000000000034,67.17361755371094,17.964000000000002,1017.96,0.183
58.5,-65.5,2026-09-22 22:24:05,4.136000000000024,76.74861755371094,16.560000000000002,987.88,0.2215
58.5,-65.0,2026-09-22 22:24:05,1.9940000000000282,81.17361755371094,17.892,958.6,0.35100000000000003
58.5,-64.5,2026-09-22 22:24:05,0.9440000000000168,81.89861755371095,20.628000000000004,940.7,0.145
58.5,-64.0,2026-09-22 22:24:05,0.9200000000000159,77.89861755371095,21.492,938.56,0.0915
58.5,-63.5,2026-09-22 22:24:05,2.765000000000043,73.09861755371094,17.28,944.59,0.0
58.5,-63.0,2026-09-22 22:24:05,6.974000000000046,67.14861755371093,12.06,1023.57,0.0
58.5,-62.5,2026-09-22 22:24:05,5.230000000000018,78.57361755371095,5.22,1023.76,0.0
59.0,-137.5,2026-09-22 22:24:05,-9.41799999999995,98.49390411376953,17.388,710.92,12.436
59.0,-137.0,2026-09-22 22:24:05,6.355000000000018,76.06890411376953,5.112,969.9,14.755
59.0,-134.5,2026-09-22 22:24:05,-0.5009999999999764,82.06890411376953,8.352,832.42,5.249
59.0,-134.0,2026-09-22 22:24:05,-0.7469999999999573,89.29390411376954,6.48,828.45,0.87
59.0,-133.5,2026-09-22 22:24:05,5.961000000000013,83.06890411376953,2.4480000000000004,913.82,0.1295
59.0,-133.0,2026-09-22 22:24:05,5.8320000000000505,78.91890411376954,1.512,883.13,1.0070000000000001
59.0,-132.5,2026-09-22 22:24:05,4.944000000000017,83.89390411376954,5.328,873.01,1.6175
59.0,-132.0,2026-09-22 22:24:05,7.579000000000008,70.89390411376954,5.436,903.4,0.0
59.0,-131.5,2026-09-22 22:24:05,6.888000000000034,61.99390411376953,9.072000000000001,878.26,0.099
59.0,-131.0,2026-09-22 22:24:05,4.038000000000011,67.71890411376954,16.416000000000004,844.1,0.3205
59.0,-130.5,2026-09-22 22:24:05,4.616000000000042,65.51890411376954,11.700000000000001,856.01,2.075
59.0,-130.0,2026-09-22 22:24:05,1.580000000000041,79.71890411376954,9.864,832.45,0.145
59.0,-129.5,2026-09-22 22:24:05,3.323000000000036,70.76890411376954,8.64,845.17,0.038
59.0,-129.0,2026-09-22 22:24:05,2.8450000000000273,66.76890411376954,7.164,840.98,0.0075
59.0,-128.5,2026-09-22 22:24:05,3.76400000000001,59.76890411376954,11.916,830.76,0.0
59.0,-128.0,2026-09-22 22:24:05,7.219000000000051,56.11890411376953,10.872,860.73,0.0075
59.0,-127.5,2026-09-22 22:24:05,10.684000000000026,64.69390411376953,4.680000000000001,909.81,0.0
59.0,-127.0,2026-09-22 22:24:05,8.897000000000048,56.61890411376953,7.164,877.15,0.0
59.0,-126.5,2026-09-22 22:24:05,4.79400000000004,62.86890411376953,14.544,832.71,0.0075
59.0,-126.0,2026-09-22 22:24:05,5.204000000000008,59.26890411376954,14.22,833.03,0.0
59.0,-125.5,2026-09-22 22:24:05,8.157000000000039,54.11890411376953,12.24,849.29,0.0
59.0,-125.0,2026-09-22 22:24:05,12.847000000000037,49.26890411376954,5.112,916.95,0.0
59.0,-124.5,2026-09-22 22:24:05,13.382000000000005,47.068904113769534,4.0680000000000005,921.23,0.0
59.0,-124.0,2026-09-22 22:24:05,14.380000000000052,42.543904113769536,3.492,932.03,0.099
59.0,-123.5,2026-09-22 22:24:05,15.190000000000055,37.818904113769534,1.296,935.45,0.1525
59.0,-123.0,2026-09-22 22:24:05,15.54600000000005,37.59390411376953,3.24,948.01,0.0155
59.0,-122.5,2026-09-22 22:24:05,16.156000000000006,42.59390411376953,2.556,966.63,0.0
59.0,-122.0,2026-09-22 22:24:05,14.978000000000009,40.043904113769536,3.3480000000000003,951.7,0.046
59.0,-121.5,2026-09-22 22:24:05,13.761000000000024,43.693904113769534,6.588,932.98,0.023
59.0,-121.0,2026-09-22 22:24:05,14.204000000000008,44.34390411376953,5.5440000000000005,934.23,0.0155
59.0,-120.5,2026-09-22 22:24:05,14.309000000000026,54.918904113769536,4.428,937.65,0.0
59.0,-120.0,2026-09-22 22:24:05,10.126000000000033,78.24967346191407,1.368,960.94,0.0
59.0,-119.5,2026-09-22 22:24:05,12.350000000000023,67.14967346191406,1.2600000000000002,959.91,0.0
59.0,-119.0,2026-09-22 22:24:05,11.50200000000001,77.19967346191407,0.864,964.57,0.0
59.0,-118.5,2026-09-22 22:24:05,12.25200000000001,80.69967346191407,4.5360000000000005,967.61,0.0
59.0,-118.0,2026-09-22 22:24:05,10.961000000000013,82.54967346191407,3.492,967.1,0.0
59.0,-117.5,2026-09-22 22:24:05,9.39100000000002,84.24967346191407,2.3400000000000003,964.88,1.297
59.0,-117.0,2026-09-22 22:24:05,10.175000000000011,77.29967346191407,3.708,956.25,6.737
59.0,-116.5,2026-09-22 22:24:05,10.106000000000051,83.94967346191407,8.208000000000002,933.38,4.448
59.0,-116.0,2026-09-22 22:24:05,9.25200000000001,87.39967346191406,5.760000000000001,913.71,6.9505
59.0,-115.5,2026-09-22 22:24:05,10.049000000000035,78.82467346191407,8.856,912.49,1.808
59.0,-115.0,2026-09-22 22:24:05,9.717000000000041,80.07467346191407,9.432,902.15,3.769
59.0,-114.5,2026-09-22 22:24:05,12.68300000000005,79.29967346191407,5.904000000000001,931.07,2.2125
59.0,-114.0,2026-09-22 22:24:05,13.960000000000036,74.37467346191407,7.704000000000001,934.96,0.0305
59.0,-113.5,2026-09-22 22:24:05,14.767000000000053,73.59967346191407,8.712,976.55,0.0
59.0,-113.0,2026-09-22 22:24:05,13.548000000000002,78.79967346191407,6.840000000000001,979.47,0.0
59.0,-112.5,2026-09-22 22:24:05,11.647000000000048,82.97467346191407,4.968000000000001,978.16,0.0
59.0,-112.0,2026-09-22 22:24:05,11.968000000000018,84.12467346191407,1.764,981.94,0.0075
59.0,-111.5,2026-09-22 22:24:05,12.200000000000045,78.42467346191407,5.0040000000000004,982.44,0.0075
59.0,-111.0,2026-09-22 22:24:05,15.342000000000041,68.67467346191407,10.872,979.47,0.0
59.0,-110.5,2026-09-22 22:24:05,14.461000000000013,81.94967346191407,8.532,982.77,0.0
59.0,-110.0,2026-09-22 22:24:05,13.910000000000025,81.22314376831055,5.005616145193577,982.34,0.0
59.0,-109.5,2026-09-22 22:24:05,16.075000000000045,67.97314376831055,5.905616145193577,976.32,0.0
59.0,-109.0,2026-09-22 22:24:05,15.607000000000028,71.84814376831055,5.095616145193577,970.58,0.0075
59.0,-108.5,2026-09-22 22:24:05,15.01600000000002,77.24814376831056,4.753616145193577,969.18,0.0
59.0,-108.0,2026-09-22 22:24:05,15.975000000000023,73.39814376831055,3.349616145193577,963.44,0.0
59.0,-107.5,2026-09-22 22:24:05,17.192000000000007,70.17314376831055,3.619616145193577,963.52,0.0
59.0,-107.0,2026-09-22 22:24:05,17.329000000000008,67.62314376831056,2.485616145193577,958.35,0.0
59.0,-106.5,2026-09-22 22:24:05,18.59200000000004,60.69814376831055,5.329616145193578,962.32,0.0
59.0,-106.0,2026-09-22 22:24:05,18.711000000000013,61.34814376831055,2.3956161451935767,971.74,0.0
59.0,-105.5,2026-09-22 22:24:05,17.823000000000036,69.64814376831055,2.575616145193577,969.98,0.0
59.0,-105.0,2026-09-22 22:24:05,18.06400000000002,69.07314376831054,4.1056161451935775,967.84,0.0
59.0,-104.5,2026-09-22 22:24:05,19.146000000000015,63.04814376831055,4.915616145193576,965.85,0.0
59.0,-104.0,2026-09-22 22:24:05,18.743000000000052,65.09814376831055,6.337616145193577,963.49,0.0
59.0,-103.5,2026-09-22 22:24:05,19.235000000000014,61.99814376831055,8.101616145193576,957.88,0.0
59.0,-103.0,2026-09-22 22:24:05,19.16300000000001,64.57314376831054,8.821616145193577,957.12,0.0
59.0,-102.5,2026-09-22 22:24:05,17.120000000000005,69.44814376831054,13.159616145193578,961.12,0.0
59.0,-102.0,2026-09-22 22:24:05,20.448000000000036,54.89814376831055,14.257616145193577,963.46,0.0
59.0,-101.5,2026-09-22 22:24:05,18.624000000000024,68.04814376831055,14.581616145193577,961.98,0.0
59.0,-101.0,2026-09-22 22:24:05,19.75600000000003,62.14814376831055,14.329616145193576,965.82,0.0
59.0,-100.5,2026-09-22 22:24:05,20.031000000000006,59.42314376831055,21.81761614519358,969.54,0.0
59.0,-100.0,2026-09-22 22:24:05,20.636000000000024,57.12314376831055,19.999616145193578,974.57,0.0
59.0,-99.5,2026-09-22 22:24:05,21.690000000000055,52.94814376831055,18.19961614519358,976.19,0.0
59.0,-99.0,2026-09-22 22:24:05,20.573000000000036,58.77314376831055,17.101616145193578,976.35,0.0
59.0,-98.5,2026-09-22 22:24:05,20.323000000000036,60.42314376831055,17.20961614519358,975.19,0.0
59.0,-98.0,2026-09-22 22:24:05,20.685000000000002,57.94814376831055,22.57361614519358,976.51,0.0
59.0,-97.5,2026-09-22 22:24:05,21.496000000000038,52.29814376831055,23.005616145193578,981.08,0.0
59.0,-97.0,2026-09-22 22:24:05,21.638000000000034,52.32314376831055,22.627616145193578,982.93,0.0
59.0,-96.5,2026-09-22 22:24:05,20.822000000000003,56.02314376831055,22.231616145193577,987.9,0.0
59.0,-96.0,2026-09-22 22:24:05,20.78000000000003,61.29814376831055,21.637616145193576,989.8,0.0
59.0,-95.5,2026-09-22 22:24:05,20.977000000000032,58.87314376831055,22.249616145193578,999.94,0.0
59.0,-95.0,2026-09-22 22:24:05,22.212000000000046,55.04814376831055,22.627616145193578,1005.35,0.0
59.0,-78.5,2026-09-22 22:24:05,8.63900000000001,89.88308410644532,38.398162833184,1020.06,0.0
59.0,-78.0,2026-09-22 22:24:05,10.861000000000047,82.10808410644532,29.452162833184005,1015.14,0.0
59.0,-77.5,2026-09-22 22:24:05,10.253000000000043,84.05808410644532,28.642162833184003,1012.17,0.0
59.0,-77.0,2026-09-22 22:24:05,9.589000000000055,85.75808410644532,30.388162833184005,1009.8,0.0
59.0,-76.5,2026-09-22 22:24:05,9.595000000000027,84.70808410644531,26.824162833184005,1004.78,0.023
59.0,-76.0,2026-09-22 22:24:05,9.614000000000033,83.05808410644532,25.636162833184002,1002.78,0.0
59.0,-75.5,2026-09-22 22:24:05,9.800000000000011,78.98308410644532,24.592162833184002,1002.17,0.0
59.0,-75.0,2026-09-22 22:24:05,10.087000000000046,76.90808410644532,23.332162833184004,1004.69,0.0075
59.0,-74.5,2026-09-22 22:24:05,9.850000000000023,74.15808410644532,23.116162833184006,999.59,0.0
59.0,-74.0,2026-09-22 22:24:05,9.811000000000035,70.80808410644532,23.494162833184003,998.49,0.0155
59.0,-73.5,2026-09-22 22:24:05,9.32000000000005,71.65808410644532,20.902162833184004,999.33,0.0075
59.0,-73.0,2026-09-22 22:24:05,9.05400000000003,67.90808410644532,21.586162833184005,1000.72,0.0
59.0,-72.5,2026-09-22 22:24:05,7.953000000000031,69.33308410644531,23.332162833184004,994.49,0.0535
59.0,-72.0,2026-09-22 22:24:05,7.562000000000012,70.03308410644532,24.916162833184007,998.99,0.061
59.0,-71.5,2026-09-22 22:24:05,7.238000000000056,66.45808410644531,22.342162833184002,994.39,0.0535
59.0,-71.0,2026-09-22 22:24:05,6.705000000000041,70.98308410644532,23.620162833184004,996.84,0.046
59.0,-70.5,2026-09-22 22:24:05,7.569000000000017,63.10808410644532,25.762162833184004,999.45,0.023
59.0,-70.0,2026-09-22 22:24:05,8.16500000000002,63.88308410644532,24.862162833184005,1007.06,0.145
59.0,-69.5,2026-09-22 22:24:05,9.253000000000043,59.73308410644532,25.726162833184006,1017.49,0.0535
59.0,-69.0,2026-09-22 22:24:05,7.288000000000011,71.95808410644531,25.384162833184007,1022.92,0.1525
59.0,-66.0,2026-09-22 22:24:05,5.041000000000054,83.52361755371095,21.924,1025.98,0.0535
59.0,-65.5,2026-09-22 22:24:05,5.9150000000000205,70.29861755371094,19.044,1012.59,0.168
59.0,-65.0,2026-09-22 22:24:05,2.147000000000048,81.14861755371095,21.816000000000003,963.34,0.5495
59.0,-64.5,2026-09-22 22:24:05,0.69500000000005,82.07361755371095,22.68,936.13,0.1525
59.0,-64.0,2026-09-22 22:24:05,1.0120000000000005,83.17361755371094,30.852,940.38,0.061
59.0,-63.5,2026-09-22 22:24:05,4.543000000000006,65.99861755371094,28.764000000000003,975.09,0.0
59.0,-63.0,2026-09-22 22:24:05,5.456000000000017,74.94861755371095,7.632000000000001,1023.35,0.0
59.5,-138.0,2026-09-22 22:24:05,5.8770000000000095,82.96890411376954,14.796000000000001,923.54,11.612
59.5,-137.5,2026-09-22 22:24:05,6.211000000000013,77.46890411376954,10.512,905.96,2.9375
59.5,-137.0,2026-09-22 22:24:05,5.117000000000019,82.44390411376953,7.272,895.4,1.6785
59.5,-136.5,2026-09-22 22:24:05,5.199000000000012,86.26890411376954,5.112,917.24,6.996
59.5,-135.0,2026-09-22 22:24:05,-0.24099999999998545,91.01890411376954,5.4,832.99,1.854
59.5,-134.5,2026-09-22 22:24:05,2.0820000000000505,83.39390411376954,0.792,847.15,0.6715
59.5,-134.0,2026-09-22 22:24:05,2.8000000000000114,85.96890411376954,6.9479999999999995,854.65,0.122
59.5,-133.5,2026-09-22 22:24:05,2.2140000000000555,85.44390411376953,6.804,848.04,0.0075
59.5,-133.0,2026-09-22 22:24:05,2.612000000000023,80.91890411376954,4.356,850.17,0.1295
59.5,-132.5,2026-09-22 22:24:05,2.8630000000000564,77.99390411376953,5.6160000000000005,842.24,0.5415
59.5,-132.0,2026-09-22 22:24:05,7.607000000000028,68.61890411376953,5.6160000000000005,906.01,0.0155
59.5,-131.5,2026-09-22 22:24:05,5.726000000000056,64.24390411376953,9.072000000000001,859.28,0.0535
59.5,-131.0,2026-09-22 22:24:05,4.856000000000051,68.59390411376954,16.236,859.42,0.20600000000000002
59.5,-130.5,2026-09-22 22:24:05,2.993000000000052,68.64390411376954,14.04,834.31,0.046
59.5,-130.0,2026-09-22 22:24:05,3.233000000000004,67.54390411376953,10.224,851.09,0.023
59.5,-129.5,2026-09-22 22:24:05,4.316000000000031,67.44390411376953,10.872,853.04,0.0
59.5,-129.0,2026-09-22 22:24:05,7.05800000000005,66.01890411376954,13.5,887.81,0.0305
59.5,-128.5,2026-09-22 22:24:05,8.250000000000057,58.193904113769534,7.02,886.51,0.0155
59.5,-128.0,2026-09-22 22:24:05,11.307000000000016,51.543904113769536,3.8160000000000003,917.01,0.0
59.5,-127.5,2026-09-22 22:24:05,10.369000000000028,53.34390411376953,2.736,912.87,0.0
59.5,-127.0,2026-09-22 22:24:05,10.864000000000033,50.09390411376953,5.148,912.71,0.0
59.5,-126.5,2026-09-22 22:24:05,10.805000000000007,60.193904113769534,4.680000000000001,914.18,0.0
59.5,-126.0,2026-09-22 22:24:05,10.215000000000032,60.84390411376953,6.804,904.62,0.0
59.5,-125.5,2026-09-22 22:24:05,9.434000000000026,58.168904113769536,7.056,886.06,0.0
59.5,-125.0,2026-09-22 22:24:05,11.906000000000006,51.09390411376953,5.508,914.7,0.0
59.5,-124.5,2026-09-22 22:24:05,13.787000000000035,42.14390411376954,5.724,934.29,0.0
59.5,-124.0,2026-09-22 22:24:05,14.435000000000002,54.043904113769536,2.196,973.6,0.0
59.5,-123.5,2026-09-22 22:24:05,14.326000000000022,48.36890411376953,3.24,959.06,0.0
59.5,-123.0,2026-09-22 22:24:05,14.307000000000016,46.918904113769536,4.788,952.99,0.0075
59.5,-122.5,2026-09-22 22:24:05,12.581000000000017,51.24390411376953,6.336,930.51,0.0
59.5,-122.0,2026-09-22 22:24:05,13.149000000000001,48.99390411376953,9.648000000000001,931.67,0.0
59.5,-121.5,2026-09-22 22:24:05,15.170000000000016,43.26890411376954,7.092,947.74,0.0
59.5,-121.0,2026-09-22 22:24:05,14.922000000000025,47.39390411376954,3.8160000000000003,950.21,0.0155
59.5,-120.5,2026-09-22 22:24:05,15.240000000000009,49.14390411376954,1.836,952.53,0.0
59.5,-120.0,2026-09-22 22:24:05,11.283000000000015,64.49967346191407,2.736,944.54,0.023
59.5,-119.5,2026-09-22 22:24:05,12.04200000000003,53.17467346191407,3.2760000000000002,922.74,0.0
59.5,-119.0,2026-09-22 22:24:05,10.93100000000004,70.49967346191407,2.9880000000000004,937.52,0.3815
59.5,-118.5,2026-09-22 22:24:05,9.461000000000013,73.52467346191406,1.584,938.86,0.0075
59.5,-118.0,2026-09-22 22:24:05,8.831000000000017,72.72467346191407,9.144,941.97,0.0
59.5,-117.5,2026-09-22 22:24:05,8.746000000000038,78.14967346191406,7.704000000000001,968.36,0.0
59.5,-117.0,2026-09-22 22:24:05,9.322000000000003,90.22467346191407,8.028,968.0,0.0075
59.5,-116.5,2026-09-22 22:24:05,11.543000000000006,79.84967346191407,9.864,961.02,0.3435
59.5,-116.0,2026-09-22 22:24:05,11.938000000000045,74.87467346191407,7.164,942.41,2.8075
59.5,-115.5,2026-09-22 22:24:05,10.215000000000032,75.04967346191407,12.168,912.94,6.668
59.5,-115.0,2026-09-22 22:24:05,9.914000000000044,78.42467346191407,6.768000000000001,917.54,7.2785
59.5,-114.5,2026-09-22 22:24:05,11.360000000000014,71.99967346191407,8.856,923.99,3.5020000000000002
59.5,-114.0,2026-09-22 22:24:05,15.162000000000035,62.724673461914065,3.744,966.46,3.0825
59.5,-113.5,2026-09-22 22:24:05,13.116000000000042,75.67467346191407,7.5600000000000005,971.22,2.5100000000000002
59.5,-113.0,2026-09-22 22:24:05,14.404000000000053,67.64967346191406,9.0,970.58,0.0765
59.5,-112.5,2026-09-22 22:24:05,13.327000000000055,77.67467346191407,8.748000000000001,972.58,0.099
59.5,-112.0,2026-09-22 22:24:05,12.236000000000047,80.69967346191407,4.680000000000001,978.57,0.084
59.5,-111.5,2026-09-22 22:24:05,12.064000000000021,80.74967346191407,1.548,982.44,0.0915
59.5,-111.0,2026-09-22 22:24:05,12.430000000000007,74.22467346191407,5.364,978.61,0.0
59.5,-110.5,2026-09-22 22:24:05,13.92900000000003,70.77467346191406,3.672,971.57,0.0
59.5,-110.0,2026-09-22 22:24:05,13.775000000000034,72.07314376831054,3.763616145193577,970.94,0.0
59.5,-109.5,2026-09-22 22:24:05,13.240000000000009,88.07314376831056,3.799616145193577,982.68,0.0
59.5,-109.0,2026-09-22 22:24:05,13.483000000000004,85.89814376831055,1.441616145193577,981.87,0.0
59.5,-108.5,2026-09-22 22:24:05,15.224000000000046,68.52314376831055,0.7216161451935769,975.24,0.0
59.5,-108.0,2026-09-22 22:24:05,15.601000000000056,72.69814376831054,2.845616145193577,971.35,0.0155
59.5,-107.5,2026-09-22 22:24:05,16.022000000000048,74.07314376831054,1.5676161451935768,956.02,0.145
59.5,-107.0,2026-09-22 22:24:05,16.26400000000001,66.37314376831056,1.0096161451935768,955.98,0.0155
59.5,-106.5,2026-09-22 22:24:05,17.213000000000022,65.74814376831056,1.297616145193577,957.82,0.0
59.5,-106.0,2026-09-22 22:24:05,16.826000000000022,68.97314376831055,3.097616145193577,956.32,0.0
59.5,-105.5,2026-09-22 22:24:05,17.08000000000004,68.72314376831055,3.349616145193577,954.49,0.0
59.5,-105.0,2026-09-22 22:24:05,17.494000000000028,69.97314376831055,4.429616145193577,960.26,0.0
59.5,-104.5,2026-09-22 22:24:05,18.249000000000024,65.22314376831055,8.155616145193576,961.69,0.0
59.5,-104.0,2026-09-22 22:24:05,18.450000000000045,64.79814376831055,8.371616145193578,962.34,0.0
59.5,-103.5,2026-09-22 22:24:05,19.392000000000053,57.72314376831055,11.395616145193577,957.05,0.0
59.5,-103.0,2026-09-22 22:24:05,20.02000000000004,53.37314376831055,15.085616145193578,955.98,0.0
59.5,-102.5,2026-09-22 22:24:05,19.029000000000053,64.12314376831056,13.393616145193578,958.49,0.0
59.5,-102.0,2026-09-22 22:24:05,20.307000000000016,55.27314376831055,14.959616145193579,957.55,0.0
59.5,-101.5,2026-09-22 22:24:05,20.015000000000043,57.92314376831055,17.587616145193575,960.8,0.0
59.5,-101.0,2026-09-22 22:24:05,20.152000000000044,56.77314376831055,17.659616145193578,962.6,0.0
59.5,-100.5,2026-09-22 22:24:05,21.079000000000008,52.02314376831055,17.947616145193578,969.48,0.0
59.5,-100.0,2026-09-22 22:24:05,18.805000000000007,65.04814376831055,19.00961614519358,972.66,0.0
59.5,-99.5,2026-09-22 22:24:05,21.373000000000047,51.47314376831055,19.801616145193577,971.79,0.0
59.5,-99.0,2026-09-22 22:24:05,20.382000000000005,58.49814376831055,19.909616145193578,970.46,0.0
59.5,-98.5,2026-09-22 22:24:05,19.991000000000042,58.74814376831055,21.583616145193577,972.08,0.0
59.5,-98.0,2026-09-22 22:24:05,20.301000000000045,58.87314376831055,21.43961614519358,975.4,0.0
59.5,-97.5,2026-09-22 22:24:05,20.176000000000045,58.87314376831055,22.39361614519358,972.44,0.0
59.5,-97.0,2026-09-22 22:24:05,20.736000000000047,57.24814376831055,22.141616145193577,981.08,0.0
59.5,-96.5,2026-09-22 22:24:05,20.840000000000032,59.44814376831055,19.87361614519358,988.32,0.0
59.5,-96.0,2026-09-22 22:24:05,20.761000000000024,62.22314376831055,20.95361614519358,992.8,0.0
59.5,-95.5,2026-09-22 22:24:05,21.162000000000035,60.29814376831055,20.97161614519358,998.62,0.0
59.5,-95.0,2026-09-22 22:24:05,20.700000000000045,63.19814376831055,22.141616145193577,1004.04,0.0
59.5,-80.5,2026-09-22 22:24:05,9.17900000000003,88.64814376831055,33.859616145193584,1017.02,0.0
59.5,-78.0,2026-09-22 22:24:05,9.583000000000027,88.35808410644532,37.912162833184006,1019.55,0.0
59.5,-77.5,2026-09-22 22:24:05,10.599000000000046,85.83308410644531,31.252162833184006,1019.03,0.0
59.5,-77.0,2026-09-22 22:24:05,10.803000000000054,83.58308410644531,27.958162833184005,1012.13,0.0
59.5,-76.5,2026-09-22 22:24:05,10.26400000000001,83.18308410644532,26.860162833184006,1009.39,0.0
59.5,-76.0,2026-09-22 22:24:05,10.037000000000035,82.95808410644531,24.430162833184003,1005.34,0.0
59.5,-75.5,2026-09-22 22:24:05,9.645000000000039,81.63308410644532,25.618162833184005,1005.75,0.0
59.5,-75.0,2026-09-22 22:24:05,9.024000000000001,81.78308410644532,25.150162833184005,997.59,0.0
59.5,-74.5,2026-09-22 22:24:05,9.02600000000001,80.30808410644532,27.166162833184007,1005.02,0.0
59.5,-74.0,2026-09-22 22:24:05,9.007000000000005,79.03308410644532,20.164162833184005,1002.14,0.0
59.5,-73.5,2026-09-22 22:24:05,8.726000000000056,73.40808410644532,21.352162833184007,998.47,0.0
59.5,-73.0,2026-09-22 22:24:05,8.112000000000023,75.43308410644532,21.478162833184005,998.69,0.0155
59.5,-72.5,2026-09-22 22:24:05,7.160000000000025,75.55808410644532,21.298162833184005,991.92,0.0535
59.5,-72.0,2026-09-22 22:24:05,7.740000000000009,68.83308410644531,21.676162833184005,999.39,0.084
59.5,-71.5,2026-09-22 22:24:05,7.801000000000045,64.48308410644532,23.152162833184004,995.38,0.038
59.5,-71.0,2026-09-22 22:24:05,7.549000000000035,65.38308410644531,24.574162833184005,994.41,0.0
59.5,-70.5,2026-09-22 22:24:05,7.5470000000000255,70.15808410644532,24.574162833184005,1000.05,0.0
59.5,-70.0,2026-09-22 22:24:05,7.982000000000028,70.88308410644531,23.728162833184005,1008.52,0.0
59.5,-65.5,2026-09-22 22:24:05,4.062000000000012,88.92361755371094,21.636,1024.45,0.038
59.5,-65.0,2026-09-22 22:24:05,1.518000000000029,85.44861755371095,24.876,960.35,0.458
59.5,-64.5,2026-09-22 22:24:05,0.7520000000000095,82.19861755371095,23.796000000000003,939.74,0.0915
59.5,-64.0,2026-09-22 22:24:05,2.383000000000038,73.84861755371094,23.976000000000003,950.85,0.0
60.0,-139.0,2026-09-22 22:24:05,-5.854999999999961,96.76890411376954,11.88,821.57,48.912
60.0,-138.5,2026-09-22 22:24:05,-3.1679999999999495,95.66890411376954,9.648000000000001,851.68,8.667
60.0,-138.0,2026-09-22 22:24:05,-1.0149999999999864,99.24390411376953,3.456,873.92,13.2675
60.0,-137.5,2026-09-22 22:24:05,-0.16399999999998727,98.56890411376953,4.5360000000000005,852.37,2.121
60.0,-137.0,2026-09-22 22:24:05,-1.3629999999999995,97.96890411376954,10.908000000000001,827.98,0.2135
60.0,-136.5,2026-09-22 22:24:05,-1.0339999999999918,95.49390411376953,8.676,825.84,0.519
60.0,-136.0,2026-09-22 22:24:05,-1.0109999999999673,93.14390411376954,5.364,822.63,1.77
60.0,-135.5,2026-09-22 22:24:05,-1.3449999999999704,94.26890411376954,6.876,815.18,0.2745
60.0,-135.0,2026-09-22 22:24:05,3.580000000000041,83.31890411376953,6.912,872.71,0.2745
60.0,-134.5,2026-09-22 22:24:05,3.430000000000007,80.09390411376954,5.040000000000001,854.96,0.0
60.0,-134.0,2026-09-22 22:24:05,6.536000000000001,67.96890411376954,5.256,896.63,0.0
60.0,-133.5,2026-09-22 22:24:05,7.750000000000057,55.818904113769534,2.088,897.84,0.0
60.0,-133.0,2026-09-22 22:24:05,7.170000000000016,59.568904113769534,7.38,898.74,0.084
60.0,-132.5,2026-09-22 22:24:05,5.822000000000003,68.86890411376953,11.16,893.15,0.0
60.0,-132.0,2026-09-22 22:24:05,7.113000000000056,61.14390411376954,9.072000000000001,892.9,0.0
60.0,-131.5,2026-09-22 22:24:05,5.267000000000053,61.86890411376953,4.5360000000000005,859.54,0.0
60.0,-131.0,2026-09-22 22:24:05,7.5090000000000146,57.34390411376953,3.744,878.13,0.0
60.0,-130.5,2026-09-22 22:24:05,3.1610000000000014,64.39390411376954,8.388,825.92,0.0075
60.0,-130.0,2026-09-22 22:24:05,8.196000000000026,56.46890411376953,5.904000000000001,884.45,0.0
60.0,-129.5,2026-09-22 22:24:05,8.987000000000023,56.043904113769536,3.2760000000000002,899.63,0.0
60.0,-129.0,2026-09-22 22:24:05,9.775000000000034,59.11890411376953,4.824000000000001,915.54,0.0
60.0,-128.5,2026-09-22 22:24:05,9.317000000000007,59.543904113769536,2.0160000000000005,921.59,0.0
60.0,-128.0,2026-09-22 22:24:05,9.54000000000002,57.76890411376954,3.06,918.24,0.0
60.0,-127.5,2026-09-22 22:24:05,9.687000000000012,56.11890411376953,1.9800000000000002,927.12,0.0
60.0,-127.0,2026-09-22 22:24:05,8.567000000000007,58.46890411376953,5.508,900.65,0.0
60.0,-126.5,2026-09-22 22:24:05,10.930000000000007,53.51890411376954,5.688000000000001,910.95,0.0
60.0,-126.0,2026-09-22 22:24:05,8.734000000000037,53.793904113769536,8.352,889.23,0.0
60.0,-125.5,2026-09-22 22:24:05,10.949000000000012,51.21890411376953,7.992000000000001,901.81,0.0
60.0,-125.0,2026-09-22 22:24:05,8.28000000000003,57.543904113769536,6.876,870.99,0.0
60.0,-124.5,2026-09-22 22:24:05,13.689000000000021,46.318904113769534,1.6920000000000002,957.92,0.0
60.0,-124.0,2026-09-22 22:24:05,13.327000000000055,51.49390411376953,4.0680000000000005,951.04,0.0
60.0,-123.5,2026-09-22 22:24:05,12.811000000000035,49.61890411376953,6.732,949.81,0.0
60.0,-123.0,2026-09-22 22:24:05,13.650000000000034,49.99390411376953,6.3,958.63,0.0
60.0,-122.5,2026-09-22 22:24:05,13.587000000000046,50.443904113769534,6.912,957.78,0.0
60.0,-122.0,2026-09-22 22:24:05,14.251000000000033,46.318904113769534,7.992000000000001,953.04,0.0
60.0,-121.5,2026-09-22 22:24:05,13.701000000000022,45.543904113769536,8.532,944.24,0.0
60.0,-121.0,2026-09-22 22:24:05,12.865000000000009,47.11890411376953,10.26,931.03,0.0
60.0,-120.5,2026-09-22 22:24:05,13.833000000000027,48.71890411376953,10.008000000000001,942.28,0.0
60.0,-120.0,2026-09-22 22:24:05,13.137,55.349673461914065,6.732,951.6,0.0
60.0,-119.5,2026-09-22 22:24:05,12.239000000000033,56.92467346191407,7.2,941.32,0.0
60.0,-119.0,2026-09-22 22:24:05,11.909000000000049,62.54967346191407,12.492,936.36,0.0
60.0,-118.5,2026-09-22 22:24:05,11.578000000000031,63.67467346191407,13.14,939.29,0.0
60.0,-118.0,2026-09-22 22:24:05,11.236000000000047,62.57467346191407,7.668,929.79,0.0
60.0,-117.5,2026-09-22 22:24:05,9.826000000000022,62.374673461914064,9.036000000000001,922.97,0.0
60.0,-117.0,2026-09-22 22:24:05,10.090000000000032,74.54967346191407,8.568,971.13,0.0
60.0,-116.5,2026-09-22 22:24:05,10.768000000000029,71.42467346191407,6.876,971.63,0.0
60.0,-116.0,2026-09-22 22:24:05,11.727000000000032,74.74967346191407,7.848000000000001,972.8,0.1145
60.0,-115.5,2026-09-22 22:24:05,12.15300000000002,76.24967346191407,4.428,972.36,0.0765
60.0,-115.0,2026-09-22 22:24:05,13.104000000000042,70.44967346191406,4.788,969.97,0.2975
60.0,-114.5,2026-09-22 22:24:05,12.801000000000045,72.19967346191406,2.628,972.29,0.6255000000000001
60.0,-114.0,2026-09-22 22:24:05,13.635000000000048,64.84967346191407,1.728,971.18,5.3635
60.0,-113.5,2026-09-22 22:24:05,13.523000000000025,65.39967346191406,4.176,973.5,3.8145000000000002
60.0,-113.0,2026-09-22 22:24:05,13.904000000000053,63.69967346191407,5.256,977.8,1.3735
60.0,-112.5,2026-09-22 22:24:05,13.348000000000013,73.44967346191406,3.3840000000000003,978.16,0.2745
60.0,-112.0,2026-09-22 22:24:05,13.480000000000018,77.89967346191406,5.112,983.8,0.046
60.0,-111.5,2026-09-22 22:24:05,12.946000000000026,77.42467346191407,5.040000000000001,980.74,2.64
60.0,-111.0,2026-09-22 22:24:05,12.311000000000035,74.99967346191407,3.096,976.04,0.16
60.0,-110.5,2026-09-22 22:24:05,13.75200000000001,66.84967346191407,5.868,970.63,0.0075
60.0,-110.0,2026-09-22 22:24:05,13.373000000000047,74.12314376831056,3.043616145193577,967.05,0.084
60.0,-109.5,2026-09-22 22:24:05,12.91900000000004,81.59814376831055,1.5856161451935769,963.9,0.0075
60.0,-109.0,2026-09-22 22:24:05,13.846000000000004,72.19814376831054,0.9916161451935769,958.02,0.0075
60.0,-108.5,2026-09-22 22:24:05,14.270000000000039,70.29814376831055,1.0996161451935769,955.04,0.0
60.0,-108.0,2026-09-22 22:24:05,14.840000000000032,65.64814376831055,2.989616145193577,954.35,0.0
60.0,-107.5,2026-09-22 22:24:05,15.273000000000025,65.72314376831055,2.4316161451935767,952.26,0.0
60.0,-107.0,2026-09-22 22:24:05,16.714000000000055,57.89814376831055,5.059616145193576,948.87,0.0
60.0,-106.5,2026-09-22 22:24:05,17.07800000000003,62.84814376831055,1.819616145193577,951.69,0.0
60.0,-106.0,2026-09-22 22:24:05,15.815000000000055,70.97314376831055,4.375616145193577,953.74,0.046
60.0,-105.5,2026-09-22 22:24:05,16.30600000000004,65.72314376831055,6.247616145193577,953.55,0.0
60.0,-105.0,2026-09-22 22:24:05,16.008000000000038,73.49814376831056,6.607616145193577,955.07,0.0
60.0,-104.5,2026-09-22 22:24:05,14.390000000000043,79.57314376831056,4.915616145193576,961.01,0.0
60.0,-104.0,2026-09-22 22:24:05,16.66900000000004,69.29814376831055,8.893616145193578,958.96,0.0
60.0,-103.5,2026-09-22 22:24:05,18.223000000000013,61.72314376831055,12.385616145193577,957.04,0.0
60.0,-103.0,2026-09-22 22:24:05,19.398000000000025,56.37314376831055,12.799616145193577,961.48,0.0
60.0,-102.5,2026-09-22 22:24:05,18.923000000000002,60.84814376831055,12.907616145193577,960.51,0.0
60.0,-102.0,2026-09-22 22:24:05,20.249000000000024,55.24814376831055,13.447616145193578,966.74,0.0
60.0,-101.5,2026-09-22 22:24:05,19.843000000000018,56.69814376831055,16.345616145193578,959.29,0.0
60.0,-101.0,2026-09-22 22:24:05,20.329000000000008,54.74814376831055,17.713616145193576,960.69,0.0
60.0,-100.5,2026-09-22 22:24:05,17.560000000000002,65.79814376831055,18.325616145193578,968.26,0.0
60.0,-100.0,2026-09-22 22:24:05,17.734000000000037,65.09814376831055,18.19961614519358,973.68,0.0
60.0,-99.5,2026-09-22 22:24:05,20.15500000000003,57.32314376831055,20.143616145193576,970.01,0.0
60.0,-99.0,2026-09-22 22:24:05,19.77600000000001,59.57314376831055,20.89961614519358,969.04,0.0
60.0,-98.5,2026-09-22 22:24:05,19.956000000000017,58.62314376831055,21.20561614519358,969.29,0.0
60.0,-98.0,2026-09-22 22:24:05,18.508000000000038,61.77314376831055,20.95361614519358,974.71,0.0
60.0,-97.5,2026-09-22 22:24:05,19.523000000000025,64.07314376831054,22.39361614519358,975.51,0.0
60.0,-97.0,2026-09-22 22:24:05,19.93300000000005,60.22314376831055,23.725616145193577,979.19,0.0
60.0,-96.5,2026-09-22 22:24:05,19.503000000000043,62.79814376831055,21.097616145193577,985.48,0.0
60.0,-96.0,2026-09-22 22:24:05,20.272000000000048,61.32314376831055,22.28561614519358,989.35,0.0
60.0,-95.5,2026-09-22 22:24:05,21.34400000000005,57.47314376831055,20.287616145193578,996.12,0.0
60.0,-95.0,2026-09-22 22:24:05,19.91500000000002,66.32314376831054,20.575616145193578,1003.12,0.0
60.0,-77.5,2026-09-22 22:24:05,9.30800000000005,89.63308410644532,37.76816283318401,1019.13,0.0
60.0,-77.0,2026-09-22 22:24:05,10.863000000000056,86.18308410644532,25.474162833184003,1015.16,0.0
60.0,-76.5,2026-09-22 22:24:05,9.661000000000001,88.18308410644532,25.438162833184006,1005.74,0.0
60.0,-76.0,2026-09-22 22:24:05,9.81800000000004,83.88308410644532,24.736162833184004,1008.45,0.0
60.0,-75.5,2026-09-22 22:24:05,9.492000000000019,81.85808410644532,26.968162833184003,1003.86,0.0
60.0,-75.0,2026-09-22 22:24:05,8.94500000000005,79.95808410644531,25.906162833184005,998.08,0.0
60.0,-74.5,2026-09-22 22:24:05,8.657000000000039,78.30808410644532,24.826162833184004,996.33,0.0
60.0,-74.0,2026-09-22 22:24:05,8.638000000000034,75.18308410644532,23.710162833184008,996.22,0.0155
60.0,-73.5,2026-09-22 22:24:05,8.452000000000055,73.05808410644532,23.710162833184008,996.78,0.0155
60.0,-73.0,2026-09-22 22:24:05,8.199000000000012,72.40808410644532,22.594162833184004,992.06,0.0305
60.0,-72.5,2026-09-22 22:24:05,8.590000000000032,70.00808410644531,19.732162833184006,999.44,0.0155
60.0,-72.0,2026-09-22 22:24:05,7.892000000000053,69.35808410644532,22.306162833184004,1000.22,0.0075
60.0,-71.5,2026-09-22 22:24:05,6.652000000000044,73.20808410644531,22.864162833184004,990.47,0.0
60.0,-71.0,2026-09-22 22:24:05,7.5020000000000095,67.25808410644531,23.098162833184002,999.67,0.0
60.0,-70.5,2026-09-22 22:24:05,7.383000000000038,72.10808410644532,27.094162833184004,1011.06,0.0
60.0,-70.0,2026-09-22 22:24:05,6.29200000000003,76.10808410644532,26.392162833184003,1022.38,0.0
60.0,-65.0,2026-09-22 22:24:05,3.5570000000000164,86.47361755371094,32.652,1015.46,0.0915
60.0,-64.5,2026-09-22 22:24:05,2.3600000000000136,83.39861755371095,43.992000000000004,979.51,0.1145
60.0,-64.0,2026-09-22 22:24:05,4.034000000000049,78.17361755371094,29.736,1022.81,0.0
60.5,-141.0,2026-09-22 22:24:05,-9.824999999999989,51.543904113769536,8.64,752.81,6.7595
60.5,-140.5,2026-09-22 22:24:05,-9.408999999999992,47.24390411376953,0.684,771.03,6.5920000000000005
60.5,-140.0,2026-09-22 22:24:05,-11.240999999999985,81.84390411376954,3.8880000000000003,793.67,18.2955
60.5,-139.5,2026-09-22 22:24:05,-6.6129999999999995,78.71890411376954,5.436,830.15,5.356
60.5,-139.0,2026-09-22 22:24:05,-14.668999999999983,60.918904113769536,2.664,695.68,3.906
60.5,-138.5,2026-09-22 22:24:05,-9.403999999999996,76.64390411376954,0.756,778.82,4.86
60.5,-138.0,2026-09-22 22:24:05,-1.5819999999999936,95.11890411376953,3.132,834.2,0.3815
60.5,-137.5,2026-09-22 22:24:05,0.03100000000000591,92.99390411376953,1.728,857.29,0.7475
60.5,-137.0,2026-09-22 22:24:05,6.0160000000000196,70.41890411376953,1.296,932.03,0.183
60.5,-136.5,2026-09-22 22:24:05,1.785000000000025,76.56890411376953,3.9600000000000004,835.13,0.0
60.5,-136.0,2026-09-22 22:24:05,4.16900000000004,69.86890411376953,3.06,859.04,0.0
60.5,-135.5,2026-09-22 22:24:05,3.9320000000000164,70.81890411376953,4.968000000000001,844.74,0.0
60.5,-135.0,2026-09-22 22:24:05,6.110000000000014,65.21890411376954,7.992000000000001,885.04,0.0
60.5,-134.5,2026-09-22 22:24:05,8.15100000000001,60.86890411376953,6.876,915.99,0.0
60.5,-134.0,2026-09-22 22:24:05,6.435000000000002,58.64390411376954,3.8160000000000003,876.21,0.0
60.5,-133.5,2026-09-22 22:24:05,7.096000000000004,67.31890411376953,5.184,898.38,0.0
60.5,-133.0,2026-09-22 22:24:05,3.4080000000000155,66.99390411376953,7.02,845.85,0.0155
60.5,-132.5,2026-09-22 22:24:05,6.196000000000026,67.36890411376953,5.976000000000001,886.6,0.0
60.5,-132.0,2026-09-22 22:24:05,2.3380000000000223,70.81890411376953,10.548,830.15,0.0
60.5,-131.5,2026-09-22 22:24:05,3.0510000000000446,67.41890411376953,10.872,830.79,0.0
60.5,-131.0,2026-09-22 22:24:05,4.2140000000000555,60.09390411376953,8.352,836.21,0.0
60.5,-130.5,2026-09-22 22:24:05,5.350000000000023,56.89390411376954,9.395999999999999,845.87,0.0
60.5,-130.0,2026-09-22 22:24:05,7.9010000000000105,58.86890411376953,5.436,905.9,0.0
60.5,-129.5,2026-09-22 22:24:05,8.803000000000054,57.99390411376953,3.3480000000000003,916.93,0.0
60.5,-129.0,2026-09-22 22:24:05,4.8250000000000455,78.44390411376953,5.976000000000001,872.76,0.0
60.5,-128.5,2026-09-22 22:24:05,7.038000000000011,66.94390411376953,3.9240000000000004,884.31,0.0
60.5,-128.0,2026-09-22 22:24:05,7.174000000000035,62.64390411376954,8.064000000000002,880.93,0.0
60.5,-127.5,2026-09-22 22:24:05,9.624000000000024,54.51890411376954,4.140000000000001,911.49,0.0
60.5,-127.0,2026-09-22 22:24:05,7.322000000000003,57.818904113769534,6.516,876.03,0.0
60.5,-126.5,2026-09-22 22:24:05,8.013000000000034,55.96890411376953,7.596,874.34,0.0
60.5,-126.0,2026-09-22 22:24:05,9.441000000000031,59.21890411376953,3.492,912.84,0.0
60.5,-125.5,2026-09-22 22:24:05,10.453000000000031,52.068904113769534,4.6080000000000005,914.84,0.0
60.5,-125.0,2026-09-22 22:24:05,10.315000000000055,55.09390411376953,3.024,908.34,0.0
60.5,-124.5,2026-09-22 22:24:05,6.976000000000056,57.918904113769536,14.328,856.96,0.0
60.5,-124.0,2026-09-22 22:24:05,12.529000000000053,53.543904113769536,3.9600000000000004,949.35,0.0
60.5,-123.5,2026-09-22 22:24:05,10.834000000000003,68.32467346191406,4.824000000000001,977.66,0.0
60.5,-123.0,2026-09-22 22:24:05,9.965000000000032,60.57467346191407,4.356,951.88,0.0
60.5,-122.5,2026-09-22 22:24:05,11.213000000000022,50.599673461914065,6.3,942.86,0.0
60.5,-122.0,2026-09-22 22:24:05,11.835000000000036,47.52467346191406,7.776000000000001,932.27,0.0
60.5,-121.5,2026-09-22 22:24:05,12.645000000000039,48.974673461914065,11.16,947.74,0.0
60.5,-121.0,2026-09-22 22:24:05,13.140000000000043,42.624673461914064,10.584,945.08,0.0
60.5,-120.5,2026-09-22 22:24:05,12.647000000000048,47.19967346191407,8.316,936.27,0.0
60.5,-120.0,2026-09-22 22:24:05,12.25200000000001,49.974673461914065,7.488,930.91,0.0
60.5,-119.5,2026-09-22 22:24:05,12.464000000000055,58.64967346191406,7.056,961.35,0.0
60.5,-119.0,2026-09-22 22:24:05,13.477000000000032,50.17467346191407,6.156,967.22,0.0
60.5,-118.5,2026-09-22 22:24:05,13.418000000000006,57.17467346191407,4.140000000000001,971.41,0.0
60.5,-118.0,2026-09-22 22:24:05,13.26400000000001,60.474673461914065,5.832000000000001,972.3,0.0
60.5,-117.5,2026-09-22 22:24:05,12.187000000000012,62.27467346191406,7.848000000000001,973.6,0.0
60.5,-117.0,2026-09-22 22:24:05,14.259000000000015,51.17467346191407,4.248,971.3,0.0
60.5,-116.5,2026-09-22 22:24:05,13.675000000000011,55.27467346191406,5.0040000000000004,972.9,0.0
60.5,-116.0,2026-09-22 22:24:05,14.798000000000002,48.79967346191407,5.436,976.86,0.0
60.5,-115.5,2026-09-22 22:24:05,14.363000000000056,51.77467346191406,5.076,975.35,0.0
60.5,-115.0,2026-09-22 22:24:05,14.339000000000055,57.599673461914065,4.788,975.0,0.0
60.5,-114.5,2026-09-22 22:24:05,13.25200000000001,65.87467346191407,3.2760000000000002,974.94,0.0
60.5,-114.0,2026-09-22 22:24:05,15.15300000000002,54.54967346191407,3.3120000000000003,980.3,0.0765
60.5,-113.5,2026-09-22 22:24:05,14.212000000000046,63.474673461914065,3.636,984.35,0.0535
60.5,-113.0,2026-09-22 22:24:05,14.388000000000034,57.94967346191407,3.204,986.15,1.274
60.5,-112.5,2026-09-22 22:24:05,12.978000000000009,71.94967346191406,4.464,986.75,2.0295
60.5,-112.0,2026-09-22 22:24:05,13.508000000000038,66.67467346191407,5.184,984.5,0.908
60.5,-111.5,2026-09-22 22:24:05,12.996000000000038,69.14967346191406,5.184,978.9,0.1905
60.5,-111.0,2026-09-22 22:24:05,11.471000000000004,80.52467346191406,6.192,973.97,1.1825
60.5,-110.5,2026-09-22 22:24:05,12.269000000000005,72.32467346191406,5.256,971.74,0.5875
60.5,-110.0,2026-09-22 22:24:05,12.351000000000056,72.54967346191407,7.164,965.49,0.0075
60.5,-109.5,2026-09-22 22:24:05,13.493000000000052,68.69967346191406,6.876,965.72,0.0075
60.5,-109.0,2026-09-22 22:24:05,15.649000000000001,63.349673461914065,8.244,959.3,0.3205
60.5,-108.5,2026-09-22 22:24:05,14.949000000000012,66.42467346191407,5.328,954.0,0.107
60.5,-108.0,2026-09-22 22:24:05,15.295000000000016,59.499673461914064,5.652,949.58,0.046
60.5,-107.5,2026-09-22 22:24:05,14.559000000000026,64.39967346191406,4.752000000000001,950.05,0.023
60.5,-107.0,2026-09-22 22:24:05,15.75200000000001,61.124673461914064,6.264,948.83,0.0
60.5,-106.5,2026-09-22 22:24:05,17.354000000000042,59.57467346191407,5.256,953.27,0.0
60.5,-106.0,2026-09-22 22:24:05,16.880000000000052,66.42467346191407,4.752000000000001,954.68,0.0
60.5,-105.5,2026-09-22 22:24:05,17.724000000000046,59.77467346191406,6.408,954.5,0.0
60.5,-105.0,2026-09-22 22:24:05,18.16900000000004,58.44967346191407,5.976000000000001,952.44,0.0
60.5,-104.5,2026-09-22 22:24:05,17.83000000000004,60.89967346191406,5.292,962.44,0.0
60.5,-104.0,2026-09-22 22:24:05,18.358000000000004,57.32467346191407,7.812,963.52,0.0
60.5,-103.5,2026-09-22 22:24:05,18.372000000000014,59.42467346191407,9.072000000000001,962.4,0.0
60.5,-103.0,2026-09-22 22:24:05,18.04200000000003,61.64967346191406,8.604000000000001,963.82,0.0
60.5,-102.5,2026-09-22 22:24:05,19.17100000000005,57.099673461914065,10.548,966.15,0.0
60.5,-102.0,2026-09-22 22:24:05,18.87900000000002,58.874673461914064,11.232000000000001,966.38,0.0
60.5,-101.5,2026-09-22 22:24:05,16.94500000000005,63.308084106445314,22.054162833184005,958.0,0.0
60.5,-101.0,2026-09-22 22:24:05,18.025000000000034,60.98308410644532,20.614162833184004,961.94,0.0
60.5,-100.5,2026-09-22 22:24:05,18.822000000000003,57.38308410644532,20.434162833184004,965.34,0.0
60.5,-100.0,2026-09-22 22:24:05,16.05800000000005,69.28308410644532,21.100162833184005,966.5,0.0
60.5,-99.5,2026-09-22 22:24:05,14.647000000000048,77.60808410644532,23.260162833184005,973.05,0.0
60.5,-99.0,2026-09-22 22:24:05,17.69500000000005,62.683084106445314,25.492162833184004,968.5,0.0
60.5,-98.5,2026-09-22 22:24:05,17.685000000000002,66.53308410644532,26.536162833184004,971.64,0.0
60.5,-98.0,2026-09-22 22:24:05,18.602000000000032,63.20808410644531,24.448162833184004,981.34,0.0
60.5,-97.5,2026-09-22 22:24:05,18.04600000000005,64.05808410644532,23.116162833184006,986.56,0.0
60.5,-97.0,2026-09-22 22:24:05,18.241000000000042,63.158084106445315,25.204162833184007,985.31,0.0
60.5,-96.5,2026-09-22 22:24:05,18.283000000000015,66.35808410644532,24.538162833184003,989.92,0.0
60.5,-96.0,2026-09-22 22:24:05,19.36500000000001,63.13308410644532,22.144162833184005,990.75,0.0
60.5,-95.5,2026-09-22 22:24:05,16.275000000000034,73.95808410644531,22.918162833184002,997.25,0.0
60.5,-95.0,2026-09-22 22:24:05,17.43300000000005,72.63308410644531,22.108162833184004,1002.31,0.0
60.5,-94.5,2026-09-22 22:24:05,12.26600000000002,86.63308410644532,22.090162833184007,1006.86,0.0
60.5,-77.5,2026-09-22 22:24:05,9.329000000000008,88.73308410644532,34.060162833184,1015.88,0.0
60.5,-77.0,2026-09-22 22:24:05,9.178000000000054,87.20808410644531,27.778162833184005,1007.31,0.0
60.5,-76.5,2026-09-22 22:24:05,9.07000000000005,83.85808410644532,26.194162833184006,1008.19,0.0
60.5,-76.0,2026-09-22 22:24:05,8.678000000000054,83.90808410644532,23.764162833184006,1000.03,0.0
60.5,-75.5,2026-09-22 22:24:05,8.145000000000039,83.50808410644532,26.248162833184004,992.25,0.0
60.5,-75.0,2026-09-22 22:24:05,8.073000000000036,80.73308410644532,24.664162833184005,991.5,0.0
60.5,-74.5,2026-09-22 22:24:05,7.79200000000003,78.78308410644532,25.492162833184004,984.67,0.0
60.5,-74.0,2026-09-22 22:24:05,8.14100000000002,74.53308410644532,24.682162833184005,984.59,0.0
60.5,-73.5,2026-09-22 22:24:05,7.287000000000035,79.63308410644532,24.574162833184005,989.38,0.0
60.5,-73.0,2026-09-22 22:24:05,7.626000000000033,73.48308410644532,24.340162833184007,980.52,0.0155
60.5,-72.5,2026-09-22 22:24:05,7.743000000000052,71.60808410644532,24.250162833184003,981.78,0.023
60.5,-72.0,2026-09-22 22:24:05,7.465000000000032,71.98308410644532,22.342162833184002,984.24,0.0
60.5,-71.5,2026-09-22 22:24:05,6.596000000000004,72.78308410644532,24.286162833184004,985.08,0.0305
60.5,-71.0,2026-09-22 22:24:05,6.234000000000037,73.13308410644531,25.348162833184002,987.27,0.0155
60.5,-70.5,2026-09-22 22:24:05,6.163000000000011,73.30808410644532,24.070162833184003,995.92,0.0
60.5,-70.0,2026-09-22 22:24:05,6.982000000000028,71.60808410644532,29.54216283318401,1002.47,0.0
60.5,-68.0,2026-09-22 22:24:05,6.073000000000036,69.40808410644532,29.380162833184006,1000.92,0.0
60.5,-65.0,2026-09-22 22:24:05,2.834000000000003,89.90808410644532,29.83016283318401,1022.5,0.0685
60.5,-64.5,2026-09-22 22:24:05,2.8280000000000314,88.50808410644532,36.38216283318401,1022.13,0.0155
61.0,-141.0,2026-09-22 22:24:05,-11.06699999999995,68.24390411376953,3.7800000000000002,792.73,0.984
61.0,-140.5,2026-09-22 22:24:05,-19.502999999999986,34.99390411376953,2.664,622.38,1.0835000000000001
61.0,-140.0,2026-09-22 22:24:05,-17.03299999999996,42.943904113769534,2.592,654.96,0.7020000000000001
61.0,-139.5,2026-09-22 22:24:05,-12.08099999999996,57.193904113769534,1.512,729.04,0.038
61.0,-139.0,2026-09-22 22:24:05,-7.231999999999971,72.86890411376953,1.9440000000000002,765.01,0.0075
61.0,-138.5,2026-09-22 22:24:05,2.8920000000000528,53.59390411376953,0.5040000000000001,901.01,0.0
61.0,-138.0,2026-09-22 22:24:05,-1.1429999999999723,94.84390411376954,4.212,855.81,0.0535
61.0,-137.5,2026-09-22 22:24:05,-1.4989999999999668,91.81890411376953,3.9240000000000004,832.15,0.122
61.0,-137.0,2026-09-22 22:24:05,4.730000000000018,68.56890411376953,4.968000000000001,892.88,0.0
61.0,-136.5,2026-09-22 22:24:05,7.413000000000011,60.543904113769536,5.508,908.6,0.0
61.0,-136.0,2026-09-22 22:24:05,5.392000000000053,61.86890411376953,4.86,872.04,0.0
61.0,-135.5,2026-09-22 22:24:05,3.6130000000000564,61.543904113769536,6.732,849.26,0.0
61.0,-135.0,2026-09-22 22:24:05,8.648000000000025,58.068904113769534,7.02,916.73,0.0
61.0,-134.5,2026-09-22 22:24:05,6.705000000000041,60.943904113769534,9.324,898.84,0.0
61.0,-134.0,2026-09-22 22:24:05,5.868000000000052,62.59390411376953,8.496,883.12,0.0
61.0,-133.5,2026-09-22 22:24:05,2.733000000000004,69.59390411376954,8.388,844.96,0.0
61.0,-133.0,2026-09-22 22:24:05,7.546000000000049,60.89390411376954,6.156,913.98,0.0
61.0,-132.5,2026-09-22 22:24:05,5.490000000000009,63.068904113769534,7.272,868.95,0.0
61.0,-132.0,2026-09-22 22:24:05,7.335000000000036,56.11890411376953,7.632000000000001,889.7,0.0
61.0,-131.5,2026-09-22 22:24:05,6.025000000000034,59.96890411376953,8.208000000000002,868.6,0.0
61.0,-131.0,2026-09-22 22:24:05,6.583000000000027,56.21890411376953,3.9960000000000004,867.9,0.0
61.0,-130.5,2026-09-22 22:24:05,4.263000000000034,59.11890411376953,8.352,838.76,0.0
61.0,-130.0,2026-09-22 22:24:05,6.737000000000023,53.168904113769536,7.596,862.73,0.0075
61.0,-129.5,2026-09-22 22:24:05,6.692000000000007,62.49390411376953,5.976000000000001,889.88,0.0
61.0,-129.0,2026-09-22 22:24:05,6.78000000000003,64.21890411376954,5.760000000000001,887.56,0.0
61.0,-128.5,2026-09-22 22:24:05,7.376000000000033,62.84390411376953,4.464,903.2,0.0
61.0,-128.0,2026-09-22 22:24:05,3.584000000000003,62.068904113769534,7.02,825.32,0.0
61.0,-127.5,2026-09-22 22:24:05,9.003000000000043,51.568904113769534,8.784,902.92,0.0
61.0,-127.0,2026-09-22 22:24:05,6.1340000000000146,66.66890411376953,9.576,862.12,0.0
61.0,-126.5,2026-09-22 22:24:05,6.640000000000043,54.543904113769536,14.940000000000001,858.93,0.0
61.0,-126.0,2026-09-22 22:24:05,11.020000000000039,40.89390411376954,10.476,903.23,0.0
61.0,-125.5,2026-09-22 22:24:05,10.350000000000023,48.09390411376953,10.548,900.96,0.0
61.0,-125.0,2026-09-22 22:24:05,11.498000000000047,38.21890411376953,9.251999999999999,905.01,0.0
61.0,-124.5,2026-09-22 22:24:05,6.746000000000038,41.46890411376953,19.116000000000003,841.23,0.0
61.0,-124.0,2026-09-22 22:24:05,13.603000000000009,33.71890411376953,4.932,920.93,0.0
61.0,-123.5,2026-09-22 22:24:05,14.553000000000054,49.474673461914065,3.024,982.8,0.0
61.0,-123.0,2026-09-22 22:24:05,13.41700000000003,52.17467346191407,7.092,982.07,0.0
61.0,-122.5,2026-09-22 22:24:05,14.287000000000035,38.224673461914065,7.38,956.24,0.0
61.0,-122.0,2026-09-22 22:24:05,14.312000000000012,42.599673461914065,6.516,951.22,0.0
61.0,-121.5,2026-09-22 22:24:05,14.350000000000023,44.42467346191407,5.976000000000001,946.05,0.0
61.0,-121.0,2026-09-22 22:24:05,14.999000000000024,41.749673461914064,4.644,955.29,0.0
61.0,-120.5,2026-09-22 22:24:05,14.89100000000002,46.07467346191407,3.9240000000000004,967.71,0.0
61.0,-120.0,2026-09-22 22:24:05,14.720000000000027,49.249673461914064,4.86,970.33,0.0
61.0,-119.5,2026-09-22 22:24:05,14.600000000000023,47.77467346191406,4.428,971.19,0.0
61.0,-119.0,2026-09-22 22:24:05,13.444000000000017,54.874673461914064,4.248,973.02,0.0
61.0,-118.5,2026-09-22 22:24:05,13.424000000000035,53.499673461914064,5.256,969.96,0.0
61.0,-118.0,2026-09-22 22:24:05,13.62700000000001,57.14967346191406,6.408,978.71,0.0
61.0,-117.5,2026-09-22 22:24:05,12.573000000000036,55.89967346191406,12.420000000000002,975.71,0.0
61.0,-117.0,2026-09-22 22:24:05,14.894000000000005,44.32467346191407,6.6240000000000006,985.41,0.0
61.0,-116.5,2026-09-22 22:24:05,14.880000000000052,47.32467346191407,8.388,987.07,0.0
61.0,-116.0,2026-09-22 22:24:05,13.05400000000003,60.499673461914064,11.556000000000001,987.61,0.0
61.0,-115.5,2026-09-22 22:24:05,12.743000000000052,60.94967346191407,15.48,987.33,0.0
61.0,-115.0,2026-09-22 22:24:05,12.703000000000031,61.67467346191407,15.984000000000002,987.38,0.0
61.0,-114.5,2026-09-22 22:24:05,12.953000000000031,61.19967346191407,13.068,987.41,0.0
61.0,-114.0,2026-09-22 22:24:05,12.868000000000052,59.749673461914064,3.24,987.5,0.0
61.0,-113.5,2026-09-22 22:24:05,13.485000000000014,55.474673461914065,4.356,987.21,0.0
61.0,-113.0,2026-09-22 22:24:05,12.881000000000029,62.249673461914064,7.308000000000001,987.0,0.0
61.0,-112.5,2026-09-22 22:24:05,12.902000000000044,60.17467346191407,8.244,987.13,0.0075
61.0,-112.0,2026-09-22 22:24:05,12.910000000000025,62.19967346191407,10.188,983.85,0.107
61.0,-111.5,2026-09-22 22:24:05,14.394000000000005,54.19967346191407,12.24,974.1,1.2510000000000001
61.0,-111.0,2026-09-22 22:24:05,13.487000000000023,64.39967346191406,9.504000000000001,970.91,1.7855
61.0,-110.5,2026-09-22 22:24:05,12.54200000000003,75.07467346191406,12.528,967.3,0.633
61.0,-110.0,2026-09-22 22:24:05,12.084000000000003,75.07467346191406,11.052000000000001,966.86,0.9385
61.0,-109.5,2026-09-22 22:24:05,11.67900000000003,73.79967346191407,8.424,958.69,0.8315
61.0,-109.0,2026-09-22 22:24:05,12.480000000000018,70.89967346191406,8.064000000000002,956.07,0.145
61.0,-108.5,2026-09-22 22:24:05,14.728000000000009,57.849673461914065,12.348,952.44,0.20600000000000002
61.0,-108.0,2026-09-22 22:24:05,16.147000000000048,58.54967346191407,8.82,953.16,0.1375
61.0,-107.5,2026-09-22 22:24:05,16.77600000000001,57.52467346191406,8.82,954.43,0.1295
61.0,-107.0,2026-09-22 22:24:05,16.850000000000023,54.499673461914064,8.712,952.93,0.0535
61.0,-106.5,2026-09-22 22:24:05,17.009000000000015,54.07467346191407,9.216000000000001,955.11,0.038
61.0,-106.0,2026-09-22 22:24:05,17.772000000000048,52.42467346191407,10.008000000000001,955.32,0.0075
61.0,-105.5,2026-09-22 22:24:05,18.854000000000042,48.82467346191407,10.26,959.15,0.0
61.0,-105.0,2026-09-22 22:24:05,13.263000000000034,77.97467346191407,4.572,961.16,0.0
61.0,-104.5,2026-09-22 22:24:05,18.285000000000025,53.349673461914065,6.372,963.1,0.0
61.0,-104.0,2026-09-22 22:24:05,18.375000000000057,54.474673461914065,7.524,962.08,0.0
61.0,-103.5,2026-09-22 22:24:05,18.33200000000005,55.67467346191407,7.524,961.35,0.0
61.0,-103.0,2026-09-22 22:24:05,18.023000000000025,57.624673461914064,7.884,957.58,0.0
61.0,-102.5,2026-09-22 22:24:05,18.588000000000022,54.07467346191407,7.308000000000001,960.74,0.0
61.0,-102.0,2026-09-22 22:24:05,16.075000000000045,63.749673461914064,7.416,960.58,0.0
61.0,-101.5,2026-09-22 22:24:05,13.76600000000002,78.28308410644532,15.196162833184005,968.56,0.0
61.0,-101.0,2026-09-22 22:24:05,15.003000000000043,77.35808410644532,20.398162833184003,963.84,0.0
61.0,-100.5,2026-09-22 22:24:05,16.666000000000054,67.70808410644531,21.766162833184005,964.99,0.0075
61.0,-100.0,2026-09-22 22:24:05,17.977000000000032,61.95808410644531,19.300162833184004,964.59,0.0
61.0,-99.5,2026-09-22 22:24:05,17.517000000000053,64.53308410644532,20.920162833184005,969.56,0.0
61.0,-99.0,2026-09-22 22:24:05,17.812000000000012,61.75808410644532,22.972162833184004,965.74,0.0
61.0,-98.5,2026-09-22 22:24:05,17.418000000000006,65.08308410644531,24.574162833184005,973.25,0.0
61.0,-98.0,2026-09-22 22:24:05,18.638000000000034,62.533084106445315,22.684162833184004,979.52,0.0
61.0,-97.5,2026-09-22 22:24:05,17.437000000000012,67.15808410644532,23.476162833184006,980.0,0.0
61.0,-97.0,2026-09-22 22:24:05,17.404000000000053,68.05808410644532,21.010162833184005,984.7,0.0
61.0,-96.5,2026-09-22 22:24:05,17.795000000000016,69.95808410644531,21.424162833184003,985.33,0.0
61.0,-96.0,2026-09-22 22:24:05,17.37700000000001,71.00808410644531,22.774162833184004,986.55,0.0
61.0,-95.5,2026-09-22 22:24:05,18.385000000000048,67.85808410644532,22.828162833184006,990.25,0.0
61.0,-95.0,2026-09-22 22:24:05,17.924000000000035,74.58308410644531,20.020162833184006,999.55,0.0
61.0,-94.5,2026-09-22 22:24:05,17.644000000000005,72.85808410644532,20.056162833184004,1002.94,0.0075
61.0,-94.0,2026-09-22 22:24:05,10.814000000000021,89.48308410644532,25.690162833184004,1005.97,0.0
61.0,-78.0,2026-09-22 22:24:05,9.187000000000012,87.18308410644532,41.17016283318401,1016.72,0.0
61.0,-77.5,2026-09-22 22:24:05,7.844000000000051,90.38308410644532,36.148162833184,986.89,0.0075
61.0,-77.0,2026-09-22 22:24:05,9.248000000000047,81.98308410644532,29.596162833184003,1001.34,0.0
61.0,-76.5,2026-09-22 22:24:05,7.592000000000041,85.93308410644532,27.436162833184003,992.83,0.0155
61.0,-76.0,2026-09-22 22:24:05,7.027000000000044,88.15808410644532,27.436162833184003,988.75,0.0075
61.0,-75.5,2026-09-22 22:24:05,6.4290000000000305,88.90808410644532,25.762162833184004,984.27,0.0075
61.0,-75.0,2026-09-22 22:24:05,6.184000000000026,87.85808410644532,24.826162833184004,978.74,0.0155
61.0,-74.5,2026-09-22 22:24:05,5.8840000000000146,87.43308410644532,26.104162833184006,971.88,0.0155
61.0,-74.0,2026-09-22 22:24:05,5.6370000000000005,88.88308410644532,30.064162833184007,972.78,0.0075
61.0,-73.5,2026-09-22 22:24:05,5.168000000000006,86.83308410644531,24.862162833184005,968.16,0.0075
61.0,-73.0,2026-09-22 22:24:05,4.399000000000001,87.73308410644532,25.348162833184002,961.36,0.0075
61.0,-72.5,2026-09-22 22:24:05,6.774000000000001,73.03308410644532,26.446162833184005,973.14,0.0
61.0,-72.0,2026-09-22 22:24:05,5.432000000000016,79.20808410644531,30.046162833184002,961.45,0.061
61.0,-71.5,2026-09-22 22:24:05,5.755000000000052,77.55808410644532,37.39016283318401,970.78,0.122
61.0,-71.0,2026-09-22 22:24:05,5.173000000000002,76.10808410644532,24.772162833184005,981.25,0.0155
61.0,-70.5,2026-09-22 22:24:05,5.736000000000047,77.70808410644531,24.196162833184005,992.06,0.0
61.0,-70.0,2026-09-22 22:24:05,7.178000000000054,72.95808410644531,21.730162833184004,1013.75,0.0
61.0,-69.5,2026-09-22 22:24:05,8.350000000000023,62.98308410644532,22.432162833184005,1013.97,0.0155
61.5,-141.0,2026-09-22 22:24:05,-12.371999999999957,55.568904113769534,0.432,729.43,0.0535
61.5,-140.5,2026-09-22 22:24:05,0.9370000000000118,59.46890411376953,3.3120000000000003,834.13,0.0
61.5,-140.0,2026-09-22 22:24:05,0.6450000000000387,68.61890411376953,5.4,831.6,0.046
61.5,-139.5,2026-09-22 22:24:05,2.288000000000011,73.81890411376953,5.760000000000001,859.04,0.0075
61.5,-139.0,2026-09-22 22:24:05,4.084000000000003,70.51890411376954,3.9240000000000004,894.12,0.0
61.5,-138.5,2026-09-22 22:24:05,2.6690000000000396,79.26890411376954,5.184,864.21,0.0
61.5,-138.0,2026-09-22 22:24:05,1.7300000000000182,64.21890411376954,5.184,820.99,0.0
61.5,-137.5,2026-09-22 22:24:05,3.990000000000009,64.99390411376953,1.368,857.54,0.0
61.5,-137.0,2026-09-22 22:24:05,3.1450000000000387,70.29390411376953,7.452,862.49,0.0
61.5,-136.5,2026-09-22 22:24:05,6.299000000000035,57.34390411376953,5.6160000000000005,882.78,0.0
61.5,-136.0,2026-09-22 22:24:05,6.593000000000018,57.943904113769534,6.840000000000001,900.56,0.0
61.5,-135.5,2026-09-22 22:24:05,8.312000000000012,57.21890411376953,5.256,911.23,0.0
61.5,-135.0,2026-09-22 22:24:05,7.435000000000002,57.89390411376954,4.788,899.76,0.0
61.5,-134.5,2026-09-22 22:24:05,8.388000000000034,49.71890411376953,8.82,901.12,0.0
61.5,-134.0,2026-09-22 22:24:05,5.372000000000014,61.043904113769536,4.788,864.51,0.0
61.5,-133.5,2026-09-22 22:24:05,6.545000000000016,55.818904113769534,7.2,887.59,0.0
61.5,-133.0,2026-09-22 22:24:05,3.674000000000035,65.81890411376953,9.072000000000001,850.92,0.0
61.5,-132.5,2026-09-22 22:24:05,4.035000000000025,66.09390411376954,9.864,855.07,0.0
61.5,-132.0,2026-09-22 22:24:05,3.552000000000021,68.01890411376954,13.248000000000001,843.15,0.0
61.5,-131.5,2026-09-22 22:24:05,8.239000000000033,52.71890411376953,9.251999999999999,881.24,0.0
61.5,-131.0,2026-09-22 22:24:05,4.635000000000048,65.41890411376953,9.360000000000001,846.37,0.0
61.5,-130.5,2026-09-22 22:24:05,4.2450000000000045,66.21890411376954,6.3,848.67,0.0
61.5,-130.0,2026-09-22 22:24:05,5.157000000000039,70.94390411376953,9.0,863.03,0.0
61.5,-129.5,2026-09-22 22:24:05,6.827000000000055,63.64390411376954,6.6240000000000006,901.7,0.0
61.5,-129.0,2026-09-22 22:24:05,2.508000000000038,76.26890411376954,7.128,831.21,0.023
61.5,-128.5,2026-09-22 22:24:05,1.8970000000000482,72.61890411376953,5.832000000000001,819.38,0.1905
61.5,-128.0,2026-09-22 22:24:05,6.270000000000039,59.11890411376953,2.736,870.87,0.0
61.5,-127.5,2026-09-22 22:24:05,2.3490000000000464,68.04390411376953,8.856,808.18,0.0
61.5,-127.0,2026-09-22 22:24:05,7.7690000000000055,61.818904113769534,5.652,881.59,0.0
61.5,-126.5,2026-09-22 22:24:05,6.616000000000042,65.86890411376953,6.984,873.35,0.0
61.5,-126.0,2026-09-22 22:24:05,11.239000000000033,46.21890411376953,2.4840000000000004,926.38,0.0
61.5,-125.5,2026-09-22 22:24:05,10.80800000000005,45.068904113769534,2.9880000000000004,927.93,0.0
61.5,-125.0,2026-09-22 22:24:05,7.454000000000008,53.64390411376954,6.516,881.71,0.0
61.5,-124.5,2026-09-22 22:24:05,7.0020000000000095,46.86890411376953,15.912,849.29,0.0
61.5,-124.0,2026-09-22 22:24:05,13.037000000000035,34.11890411376953,6.408,910.32,0.0
61.5,-123.5,2026-09-22 22:24:05,11.881000000000029,48.92467346191407,5.688000000000001,933.82,0.0
61.5,-123.0,2026-09-22 22:24:05,14.863000000000056,55.79967346191407,5.976000000000001,960.88,0.0
61.5,-122.5,2026-09-22 22:24:05,12.821000000000026,57.474673461914065,4.284,968.55,0.0
61.5,-122.0,2026-09-22 22:24:05,13.825000000000045,47.57467346191407,5.076,976.94,0.0
61.5,-121.5,2026-09-22 22:24:05,14.762,42.624673461914064,4.680000000000001,981.83,0.0
61.5,-121.0,2026-09-22 22:24:05,14.624000000000024,43.94967346191407,3.3120000000000003,982.04,0.0
61.5,-120.5,2026-09-22 22:24:05,14.447000000000003,43.39967346191406,2.9160000000000004,985.71,0.0
61.5,-120.0,2026-09-22 22:24:05,13.70700000000005,46.44967346191407,3.636,979.52,0.0
61.5,-119.5,2026-09-22 22:24:05,13.029000000000053,54.02467346191406,3.456,978.8,0.0
61.5,-119.0,2026-09-22 22:24:05,12.218000000000018,59.27467346191406,3.492,980.04,0.0
61.5,-118.5,2026-09-22 22:24:05,13.148000000000025,52.849673461914065,4.176,983.0,0.0
61.5,-118.0,2026-09-22 22:24:05,12.799000000000035,55.17467346191407,5.328,988.3,0.0
61.5,-117.5,2026-09-22 22:24:05,13.920000000000016,47.624673461914064,3.9240000000000004,986.8,0.0
61.5,-117.0,2026-09-22 22:24:05,13.125000000000057,53.624673461914064,4.0680000000000005,982.46,0.0
61.5,-116.5,2026-09-22 22:24:05,13.75200000000001,52.974673461914065,5.436,979.83,0.0
61.5,-116.0,2026-09-22 22:24:05,13.305000000000007,52.44967346191407,8.496,981.68,0.0
61.5,-115.5,2026-09-22 22:24:05,12.416000000000054,65.79967346191407,11.664000000000001,986.88,0.0
61.5,-115.0,2026-09-22 22:24:05,11.960000000000036,69.64967346191406,14.904,987.02,0.0
61.5,-114.5,2026-09-22 22:24:05,11.712000000000046,75.74967346191407,14.688,987.13,0.0075
61.5,-114.0,2026-09-22 22:24:05,11.782000000000039,83.62467346191407,12.816,986.86,0.2595
61.5,-113.5,2026-09-22 22:24:05,12.500000000000057,79.32467346191407,14.256,986.96,0.0
61.5,-113.0,2026-09-22 22:24:05,12.702000000000055,84.54967346191407,7.308000000000001,987.21,0.0
61.5,-112.5,2026-09-22 22:24:05,13.82000000000005,65.07467346191406,7.02,984.96,0.0
61.5,-112.0,2026-09-22 22:24:05,13.178000000000054,66.29967346191407,8.856,981.55,0.0
61.5,-111.5,2026-09-22 22:24:05,13.156000000000006,65.69967346191406,7.488,975.25,0.0
61.5,-111.0,2026-09-22 22:24:05,13.465000000000032,64.54967346191407,7.74,966.93,0.0075
61.5,-110.5,2026-09-22 22:24:05,13.994000000000028,61.249673461914064,8.064000000000002,963.82,0.023
61.5,-110.0,2026-09-22 22:24:05,14.097000000000037,62.04967346191407,10.836,964.27,0.6865
61.5,-109.5,2026-09-22 22:24:05,13.291000000000054,66.52467346191406,14.544,967.18,0.664
61.5,-109.0,2026-09-22 22:24:05,14.385000000000048,56.77467346191406,13.248000000000001,960.08,1.9455
61.5,-108.5,2026-09-22 22:24:05,14.646000000000015,55.79967346191407,11.16,957.04,1.0605
61.5,-108.0,2026-09-22 22:24:05,15.836000000000013,50.499673461914064,10.728,959.46,0.618
61.5,-107.5,2026-09-22 22:24:05,16.286,46.14967346191406,10.116,954.29,0.313
61.5,-107.0,2026-09-22 22:24:05,16.158000000000015,57.04967346191407,9.360000000000001,957.05,0.229
61.5,-106.5,2026-09-22 22:24:05,17.410000000000025,47.89967346191406,8.676,954.6,0.038
61.5,-106.0,2026-09-22 22:24:05,17.548000000000002,49.974673461914065,9.936000000000002,954.72,0.0305
61.5,-105.5,2026-09-22 22:24:05,13.730000000000018,74.64967346191406,8.244,960.9,0.023
61.5,-105.0,2026-09-22 22:24:05,18.084000000000003,52.77467346191406,10.116,959.11,0.0
61.5,-104.5,2026-09-22 22:24:05,18.826000000000022,51.94967346191407,8.172,961.88,0.0
61.5,-104.0,2026-09-22 22:24:05,19.084000000000003,49.69967346191407,10.008000000000001,961.5,0.0
61.5,-103.5,2026-09-22 22:24:05,19.088000000000022,53.999673461914064,10.404,966.33,0.0
61.5,-103.0,2026-09-22 22:24:05,18.88100000000003,52.64967346191406,9.144,965.32,0.0
61.5,-102.5,2026-09-22 22:24:05,12.374000000000024,83.49967346191407,6.408,964.6,0.0
61.5,-102.0,2026-09-22 22:24:05,18.241000000000042,54.499673461914064,8.928,963.22,0.0
61.5,-101.5,2026-09-22 22:24:05,14.091000000000008,71.15808410644532,10.588162833184004,969.78,0.0
61.5,-101.0,2026-09-22 22:24:05,15.603000000000009,64.48308410644532,14.818162833184005,965.16,0.0
61.5,-100.5,2026-09-22 22:24:05,14.152000000000044,75.88308410644531,14.710162833184002,971.66,0.0075
61.5,-100.0,2026-09-22 22:24:05,15.397000000000048,74.05808410644532,17.968162833184003,969.75,0.0
61.5,-99.5,2026-09-22 22:24:05,15.90100000000001,68.85808410644532,19.282162833184003,965.3,0.0
61.5,-99.0,2026-09-22 22:24:05,14.52800000000002,74.88308410644531,18.328162833184006,968.89,0.0
61.5,-98.5,2026-09-22 22:24:05,16.91300000000001,67.35808410644532,19.570162833184003,968.94,0.0
61.5,-98.0,2026-09-22 22:24:05,16.291000000000054,75.80808410644532,20.488162833184006,971.8,0.0
61.5,-97.5,2026-09-22 22:24:05,13.961000000000013,82.03308410644532,16.960162833184008,982.66,0.0
61.5,-97.0,2026-09-22 22:24:05,14.402000000000044,81.00808410644532,19.588162833184004,983.13,0.0
61.5,-96.5,2026-09-22 22:24:05,17.37700000000001,71.35808410644532,21.730162833184004,984.52,0.0
61.5,-96.0,2026-09-22 22:24:05,18.03200000000004,68.18308410644532,20.254162833184004,989.52,0.0
61.5,-95.5,2026-09-22 22:24:05,18.182000000000016,67.63308410644531,20.110162833184006,992.95,0.0
61.5,-95.0,2026-09-22 22:24:05,13.274000000000001,83.83308410644531,16.906162833184005,999.28,0.0
61.5,-94.5,2026-09-22 22:24:05,17.01400000000001,78.00808410644532,16.996162833184005,1000.05,0.0
61.5,-94.0,2026-09-22 22:24:05,17.632000000000005,74.05808410644532,17.392162833184003,1003.99,0.1375
61.5,-77.5,2026-09-22 22:24:05,10.93100000000004,81.08308410644531,34.61816283318401,1014.0,0.0
61.5,-77.0,2026-09-22 22:24:05,9.049000000000035,86.50808410644532,31.540162833184006,1002.38,0.0155
61.5,-76.5,2026-09-22 22:24:05,7.538000000000011,91.15808410644532,24.574162833184005,990.95,0.0075
61.5,-76.0,2026-09-22 22:24:05,6.125000000000057,91.00808410644532,30.820162833184007,975.44,0.0075
61.5,-75.5,2026-09-22 22:24:05,4.9570000000000505,93.55808410644532,29.83016283318401,967.75,0.038
61.5,-75.0,2026-09-22 22:24:05,4.301000000000045,94.43308410644532,32.62016283318401,960.39,0.0075
61.5,-74.5,2026-09-22 22:24:05,4.68300000000005,90.95808410644531,28.426162833184005,964.33,0.0075
61.5,-74.0,2026-09-22 22:24:05,5.176000000000045,87.03308410644532,29.434162833184004,962.11,0.0075
61.5,-73.5,2026-09-22 22:24:05,4.285000000000025,90.33308410644531,27.490162833184005,957.61,0.0535
61.5,-73.0,2026-09-22 22:24:05,4.531000000000006,88.95808410644531,30.388162833184005,952.78,0.0305
61.5,-72.5,2026-09-22 22:24:05,5.725000000000023,79.73308410644532,37.96616283318401,955.8,0.0
61.5,-72.0,2026-09-22 22:24:05,8.815000000000055,68.70808410644531,30.586162833184005,992.78,0.0
61.5,-71.5,2026-09-22 22:24:05,5.532000000000039,80.10808410644532,13.864162833184006,1018.25,0.0
61.5,-65.5,2026-09-22 22:24:05,2.1100000000000136,88.90808410644532,23.782162833184003,1020.67,0.0
61.5,-65.0,2026-09-22 22:24:05,2.170000000000016,81.90808410644532,29.254162833184008,1001.38,0.0
61.5,-64.5,2026-09-22 22:24:05,2.54200000000003,84.28308410644532,30.676162833184005,1020.13,0.0
62.0,-141.0,2026-09-22 22:24:05,2.7770000000000437,66.69390411376953,4.104000000000001,856.82,0.0
62.0,-140.5,2026-09-22 22:24:05,7.357000000000028,52.543904113769536,1.4400000000000002,931.12,0.0
62.0,-140.0,2026-09-22 22:24:05,5.79200000000003,59.693904113769534,2.8800000000000003,901.57,0.0
62.0,-139.5,2026-09-22 22:24:05,3.883000000000038,67.86890411376953,1.548,863.13,4.2345
62.0,-139.0,2026-09-22 22:24:05,7.250000000000057,49.46890411376953,1.9080000000000001,904.49,0.87
62.0,-138.5,2026-09-22 22:24:05,5.835000000000036,65.44390411376953,6.192,884.82,0.23650000000000002
62.0,-138.0,2026-09-22 22:24:05,4.942000000000007,69.49390411376953,0.25200000000000006,876.95,1.5335
62.0,-137.5,2026-09-22 22:24:05,5.055000000000007,66.64390411376954,4.32,870.07,2.144
62.0,-137.0,2026-09-22 22:24:05,5.615000000000009,60.59390411376953,3.132,888.7,0.0685
62.0,-136.5,2026-09-22 22:24:05,5.3940000000000055,62.71890411376953,8.028,901.4,0.0
62.0,-136.0,2026-09-22 22:24:05,6.146000000000015,67.51890411376954,4.824000000000001,910.21,0.0
62.0,-135.5,2026-09-22 22:24:05,8.025000000000034,62.26890411376954,4.572,925.62,0.0
62.0,-135.0,2026-09-22 22:24:05,6.94500000000005,65.94390411376953,5.4,912.38,0.0
62.0,-134.5,2026-09-22 22:24:05,6.125000000000057,58.293904113769536,8.352,884.43,0.0
62.0,-134.0,2026-09-22 22:24:05,4.335000000000036,60.21890411376953,8.64,857.76,0.0
62.0,-133.5,2026-09-22 22:24:05,2.3660000000000423,64.36890411376953,4.5360000000000005,817.81,0.0
62.0,-133.0,2026-09-22 22:24:05,5.375000000000057,59.568904113769534,4.932,854.98,0.0
62.0,-132.5,2026-09-22 22:24:05,6.499000000000024,67.39390411376954,3.24,907.12,0.0
62.0,-132.0,2026-09-22 22:24:05,6.397000000000048,64.74390411376953,2.556,913.84,0.0
62.0,-131.5,2026-09-22 22:24:05,5.749000000000024,67.06890411376953,3.9960000000000004,878.76,0.0
62.0,-131.0,2026-09-22 22:24:05,6.749000000000024,62.293904113769536,4.104000000000001,899.07,0.0
62.0,-130.5,2026-09-22 22:24:05,7.428000000000054,57.46890411376953,5.0040000000000004,895.57,0.0
62.0,-130.0,2026-09-22 22:24:05,5.490000000000009,63.21890411376953,9.828,882.07,0.0
62.0,-129.5,2026-09-22 22:24:05,4.222000000000037,67.79390411376953,6.912,863.51,0.0535
62.0,-129.0,2026-09-22 22:24:05,0.4800000000000182,75.91890411376953,8.928,801.54,0.023
62.0,-128.5,2026-09-22 22:24:05,5.205000000000041,65.66890411376953,5.364,856.48,0.0
62.0,-128.0,2026-09-22 22:24:05,2.2520000000000095,65.71890411376954,5.832000000000001,810.74,0.0155
62.0,-127.5,2026-09-22 22:24:05,2.8360000000000127,55.943904113769534,3.8520000000000003,800.7,0.0
62.0,-127.0,2026-09-22 22:24:05,4.374000000000024,67.09390411376954,7.74,835.65,0.0
62.0,-126.5,2026-09-22 22:24:05,7.354000000000042,69.04390411376953,6.156,874.53,0.0
62.0,-126.0,2026-09-22 22:24:05,9.160000000000025,60.49390411376953,4.248,884.48,0.0
62.0,-125.5,2026-09-22 22:24:05,6.122000000000014,55.86890411376953,9.936000000000002,851.01,0.0
62.0,-125.0,2026-09-22 22:24:05,6.448000000000036,55.418904113769536,14.724,862.78,0.0
62.0,-124.5,2026-09-22 22:24:05,11.214000000000055,36.418904113769536,11.664000000000001,889.17,0.0
62.0,-124.0,2026-09-22 22:24:05,11.979000000000042,40.09390411376953,6.840000000000001,901.04,0.0
62.0,-123.5,2026-09-22 22:24:05,13.331000000000017,48.474673461914065,4.356,960.79,0.0
62.0,-123.0,2026-09-22 22:24:05,14.609000000000037,42.724673461914065,3.9240000000000004,970.02,0.0
62.0,-122.5,2026-09-22 22:24:05,13.990000000000009,42.624673461914064,1.872,960.86,0.0
62.0,-122.0,2026-09-22 22:24:05,14.591000000000008,44.64967346191406,2.8080000000000003,983.6,0.0
62.0,-121.5,2026-09-22 22:24:05,12.531000000000006,54.39967346191406,2.4480000000000004,985.38,0.0
62.0,-121.0,2026-09-22 22:24:05,13.123000000000047,46.19967346191407,2.3760000000000003,973.44,0.0
62.0,-120.5,2026-09-22 22:24:05,14.281000000000006,41.874673461914064,3.636,955.66,0.0
62.0,-120.0,2026-09-22 22:24:05,13.340000000000032,38.27467346191406,5.22,919.02,0.0
62.0,-119.5,2026-09-22 22:24:05,14.066000000000031,36.624673461914064,3.4200000000000004,918.41,0.0
62.0,-119.0,2026-09-22 22:24:05,14.837000000000046,34.02467346191406,1.2600000000000002,927.1,0.0
62.0,-118.5,2026-09-22 22:24:05,11.43100000000004,61.474673461914065,2.4120000000000004,970.99,0.0
62.0,-118.0,2026-09-22 22:24:05,11.255000000000052,57.42467346191407,1.872,980.99,0.0
62.0,-117.5,2026-09-22 22:24:05,11.367000000000019,61.224673461914065,1.1520000000000001,982.99,0.0
62.0,-117.0,2026-09-22 22:24:05,12.45700000000005,57.64967346191406,2.16,982.36,0.0
62.0,-116.5,2026-09-22 22:24:05,13.774000000000001,58.27467346191406,2.3040000000000003,980.61,0.0
62.0,-116.0,2026-09-22 22:24:05,13.555000000000007,61.79967346191407,2.088,979.86,0.0
62.0,-115.5,2026-09-22 22:24:05,13.722000000000037,61.52467346191406,1.9440000000000002,979.91,0.0
62.0,-115.0,2026-09-22 22:24:05,13.505000000000052,65.19967346191406,2.592,983.75,0.0
62.0,-114.5,2026-09-22 22:24:05,10.362000000000023,73.07467346191406,4.284,986.77,0.0
62.0,-114.0,2026-09-22 22:24:05,9.80400000000003,76.39967346191406,7.848000000000001,986.86,0.0
62.0,-113.5,2026-09-22 22:24:05,11.125000000000057,77.87467346191407,8.964,986.46,0.0305
62.0,-113.0,2026-09-22 22:24:05,11.721000000000004,79.19967346191407,12.132000000000001,986.35,0.0
62.0,-112.5,2026-09-22 22:24:05,13.021000000000015,68.27467346191406,13.752,976.18,0.0
62.0,-112.0,2026-09-22 22:24:05,12.860000000000014,80.97467346191407,16.416000000000004,985.46,0.0
62.0,-111.5,2026-09-22 22:24:05,13.692000000000007,68.34967346191407,9.684,977.22,0.0
62.0,-111.0,2026-09-22 22:24:05,13.191000000000031,68.79967346191407,10.080000000000002,968.02,0.0
62.0,-110.5,2026-09-22 22:24:05,13.781000000000006,62.52467346191406,11.448,966.74,0.0
62.0,-110.0,2026-09-22 22:24:05,15.44300000000004,47.474673461914065,11.124,960.86,0.0075
62.0,-109.5,2026-09-22 22:24:05,14.369000000000028,63.39967346191406,11.808000000000002,967.35,0.145
62.0,-109.0,2026-09-22 22:24:05,15.15100000000001,56.224673461914065,12.816,957.54,0.862
62.0,-108.5,2026-09-22 22:24:05,14.800000000000011,52.099673461914065,12.996,955.9,0.5495
62.0,-108.0,2026-09-22 22:24:05,16.331000000000017,49.19967346191407,12.636000000000001,955.86,1.213
62.0,-107.5,2026-09-22 22:24:05,16.210000000000036,45.27467346191406,9.504000000000001,956.83,1.3045
62.0,-107.0,2026-09-22 22:24:05,16.008000000000038,48.94967346191407,8.64,957.4,0.8165
62.0,-106.5,2026-09-22 22:24:05,16.92900000000003,48.79967346191407,10.620000000000001,960.97,0.6255000000000001
62.0,-106.0,2026-09-22 22:24:05,17.199000000000012,47.849673461914065,11.304,961.55,0.046
62.0,-105.5,2026-09-22 22:24:05,17.922000000000025,47.29967346191407,11.34,960.38,0.099
62.0,-105.0,2026-09-22 22:24:05,18.229000000000042,50.19967346191407,10.26,959.91,0.0155
62.0,-104.5,2026-09-22 22:24:05,18.738000000000056,50.249673461914064,12.06,960.3,0.0155
62.0,-104.0,2026-09-22 22:24:05,18.508000000000038,54.474673461914065,11.556000000000001,961.16,0.0155
62.0,-103.5,2026-09-22 22:24:05,18.759000000000015,52.82467346191407,11.484,963.32,0.0075
62.0,-103.0,2026-09-22 22:24:05,13.447000000000003,77.44967346191407,5.976000000000001,970.69,0.0
62.0,-102.5,2026-09-22 22:24:05,13.491000000000042,75.97467346191407,7.02,971.5,0.0
62.0,-102.0,2026-09-22 22:24:05,17.67100000000005,57.224673461914065,9.612,969.29,0.0
62.0,-101.5,2026-09-22 22:24:05,15.722000000000037,60.408084106445315,10.516162833184005,967.5,0.0
62.0,-101.0,2026-09-22 22:24:05,16.243000000000052,60.83308410644531,9.202162833184003,968.75,0.0
62.0,-100.5,2026-09-22 22:24:05,14.688000000000045,67.83308410644531,8.482162833184004,969.14,0.0
62.0,-100.0,2026-09-22 22:24:05,16.221000000000004,63.25808410644532,10.282162833184005,969.52,0.0
62.0,-99.5,2026-09-22 22:24:05,16.531000000000006,63.25808410644532,11.002162833184006,970.22,0.0
62.0,-99.0,2026-09-22 22:24:05,16.215000000000032,65.08308410644531,11.092162833184005,972.33,0.0
62.0,-98.5,2026-09-22 22:24:05,16.64500000000004,68.18308410644532,11.776162833184005,974.38,0.0
62.0,-98.0,2026-09-22 22:24:05,16.598000000000013,71.73308410644532,12.640162833184004,978.44,0.0
62.0,-97.5,2026-09-22 22:24:05,16.750000000000057,71.68308410644532,12.910162833184005,984.16,0.0
62.0,-97.0,2026-09-22 22:24:05,17.65300000000002,67.75808410644531,16.204162833184004,986.61,0.0
62.0,-96.5,2026-09-22 22:24:05,17.79400000000004,70.43308410644532,15.538162833184005,989.59,0.0
62.0,-96.0,2026-09-22 22:24:05,17.664000000000044,73.53308410644532,13.612162833184003,995.41,0.0
62.0,-95.5,2026-09-22 22:24:05,17.621000000000038,73.20808410644531,14.494162833184005,993.24,0.0
62.0,-95.0,2026-09-22 22:24:05,16.92500000000001,77.53308410644532,15.628162833184005,991.52,0.023
62.0,-94.5,2026-09-22 22:24:05,14.612000000000023,79.83308410644531,14.116162833184005,995.7,0.1985
62.0,-94.0,2026-09-22 22:24:05,18.341000000000008,66.85808410644532,14.476162833184004,998.2,0.145
62.0,-93.5,2026-09-22 22:24:05,17.995000000000005,67.30808410644532,15.376162833184004,1001.42,0.038
62.0,-93.0,2026-09-22 22:24:05,11.513000000000034,87.08308410644531,19.642162833184003,1004.49,0.0
62.0,-92.5,2026-09-22 22:24:05,9.453000000000031,92.05808410644532,25.150162833184005,1004.81,0.061
62.0,-80.0,2026-09-22 22:24:05,11.918000000000006,78.95808410644531,35.446162833184005,1006.78,0.0915
62.0,-79.5,2026-09-22 22:24:05,12.295000000000016,81.05808410644532,32.53016283318401,1006.19,0.023
62.0,-78.0,2026-09-22 22:24:05,9.036000000000001,90.45808410644531,35.14016283318401,1009.14,0.0915
62.0,-77.5,2026-09-22 22:24:05,8.513000000000034,92.45808410644531,32.098162833184006,1002.44,0.0
62.0,-77.0,2026-09-22 22:24:05,7.914000000000044,93.03308410644532,27.760162833184005,988.77,0.0
62.0,-76.5,2026-09-22 22:24:05,6.418000000000006,95.15808410644532,30.244162833184006,974.91,0.0075
62.0,-76.0,2026-09-22 22:24:05,6.066000000000031,94.38308410644532,34.096162833184,972.78,0.0305
62.0,-75.5,2026-09-22 22:24:05,6.504000000000019,90.68308410644532,22.864162833184004,986.53,0.0155
62.0,-75.0,2026-09-22 22:24:05,4.993000000000052,91.60808410644532,34.096162833184,962.91,0.0
62.0,-74.5,2026-09-22 22:24:05,6.7970000000000255,79.00808410644532,40.144162833184005,973.02,0.0
62.0,-74.0,2026-09-22 22:24:05,5.895000000000039,80.25808410644532,39.82016283318401,965.95,0.023
62.0,-73.5,2026-09-22 22:24:05,6.462000000000046,76.28308410644532,28.480162833184004,958.13,0.0685
62.0,-73.0,2026-09-22 22:24:05,8.124000000000024,70.63308410644531,34.960162833184,973.14,0.0
62.0,-72.5,2026-09-22 22:24:05,6.093000000000018,81.75808410644532,10.624162833184004,1016.41,0.0
62.0,-67.0,2026-09-22 22:24:05,0.9500000000000455,89.03308410644532,12.802162833184004,1020.19,0.0
62.0,-66.5,2026-09-22 22:24:05,2.93100000000004,75.95808410644531,20.542162833184005,1004.14,0.0
62.0,-66.0,2026-09-22 22:24:05,2.7730000000000246,78.95808410644531,28.192162833184003,1017.88,0.0
62.0,-65.0,2026-09-22 22:24:05,1.9630000000000223,81.08308410644531,28.768162833184004,1019.25,0.0
62.5,-141.0,2026-09-22 22:24:05,6.7660000000000196,64.34390411376954,2.664,929.57,0.0
62.5,-140.5,2026-09-22 22:24:05,6.787000000000035,65.01890411376954,4.464,919.95,8.2015
62.5,-140.0,2026-09-22 22:24:05,6.989000000000033,58.443904113769534,2.736,933.31,0.0
62.5,-139.5,2026-09-22 22:24:05,7.317000000000007,62.89390411376954,1.2600000000000002,939.54,0.168
62.5,-139.0,2026-09-22 22:24:05,7.111000000000047,63.668904113769536,5.292,917.1,0.0
62.5,-138.5,2026-09-22 22:24:05,2.8240000000000123,66.39390411376954,4.212,854.38,0.0305
62.5,-138.0,2026-09-22 22:24:05,1.7360000000000468,86.26890411376954,3.8880000000000003,855.82,0.252
62.5,-137.5,2026-09-22 22:24:05,2.6830000000000496,86.31890411376953,3.636,875.92,0.0075
62.5,-137.0,2026-09-22 22:24:05,4.250000000000057,83.59390411376954,2.4480000000000004,924.54,0.0
62.5,-136.5,2026-09-22 22:24:05,5.313000000000045,66.46890411376954,4.392,901.59,0.0
62.5,-136.0,2026-09-22 22:24:05,6.771000000000015,59.39390411376954,8.388,918.4,0.0685
62.5,-135.5,2026-09-22 22:24:05,7.997000000000014,63.918904113769536,9.972,927.34,0.0
62.5,-135.0,2026-09-22 22:24:05,6.353000000000009,57.71890411376953,12.456,884.1,0.0
62.5,-134.5,2026-09-22 22:24:05,1.4880000000000564,70.09390411376954,8.388,818.4,0.0
62.5,-134.0,2026-09-22 22:24:05,3.7070000000000505,69.66890411376953,7.308000000000001,857.7,0.0
62.5,-133.5,2026-09-22 22:24:05,4.5540000000000305,62.668904113769536,7.884,856.26,0.0
62.5,-133.0,2026-09-22 22:24:05,3.4740000000000464,59.76890411376954,5.148,832.68,0.0
62.5,-132.5,2026-09-22 22:24:05,5.508000000000038,59.39390411376954,8.892000000000001,874.6,0.023
62.5,-132.0,2026-09-22 22:24:05,4.037000000000035,61.64390411376954,7.524,846.88,0.0155
62.5,-131.5,2026-09-22 22:24:05,3.3450000000000273,72.36890411376953,10.764000000000001,865.68,0.038
62.5,-131.0,2026-09-22 22:24:05,5.684000000000026,65.79390411376953,7.704000000000001,895.78,0.0075
62.5,-130.5,2026-09-22 22:24:05,5.231000000000051,63.943904113769534,8.748000000000001,873.34,0.0
62.5,-130.0,2026-09-22 22:24:05,3.8490000000000464,66.56890411376953,9.468,857.31,0.084
62.5,-129.5,2026-09-22 22:24:05,4.474000000000046,64.41890411376953,7.02,848.96,0.0765
62.5,-129.0,2026-09-22 22:24:05,5.469000000000051,66.51890411376954,5.076,858.63,0.122
62.5,-128.5,2026-09-22 22:24:05,2.938000000000045,74.69390411376953,4.0680000000000005,834.35,0.1985
62.5,-128.0,2026-09-22 22:24:05,5.0820000000000505,73.56890411376953,1.4400000000000002,841.92,0.099
62.5,-127.5,2026-09-22 22:24:05,5.3940000000000055,68.94390411376953,5.868,857.57,0.0535
62.5,-127.0,2026-09-22 22:24:05,0.2550000000000523,77.54390411376954,8.064000000000002,785.28,0.046
62.5,-126.5,2026-09-22 22:24:05,4.350000000000023,59.96890411376953,5.0040000000000004,823.18,0.0
62.5,-126.0,2026-09-22 22:24:05,6.189000000000021,56.043904113769536,5.328,834.13,0.0
62.5,-125.5,2026-09-22 22:24:05,6.969000000000051,52.168904113769536,5.22,848.37,0.0
62.5,-125.0,2026-09-22 22:24:05,8.206000000000017,48.24390411376953,7.2,855.03,0.0
62.5,-124.5,2026-09-22 22:24:05,14.481000000000051,34.99390411376953,2.9160000000000004,923.68,0.0
62.5,-124.0,2026-09-22 22:24:05,11.623000000000047,52.34390411376953,2.664,914.15,0.0
62.5,-123.5,2026-09-22 22:24:05,13.178000000000054,51.874673461914064,2.196,965.75,0.0
62.5,-123.0,2026-09-22 22:24:05,12.38900000000001,45.499673461914064,1.584,978.04,0.0
62.5,-122.5,2026-09-22 22:24:05,14.509000000000015,37.02467346191406,3.636,961.43,0.0
62.5,-122.0,2026-09-22 22:24:05,13.159000000000049,41.749673461914064,4.788,976.6,0.0
62.5,-121.5,2026-09-22 22:24:05,13.485000000000014,41.07467346191407,1.332,977.6,0.0
62.5,-121.0,2026-09-22 22:24:05,14.324000000000012,38.14967346191406,1.548,972.55,0.0
62.5,-120.5,2026-09-22 22:24:05,14.672000000000025,37.14967346191406,3.8880000000000003,964.61,0.0
62.5,-120.0,2026-09-22 22:24:05,14.812000000000012,36.89967346191406,4.5360000000000005,964.86,0.0
62.5,-119.5,2026-09-22 22:24:05,13.497000000000014,47.64967346191406,3.3480000000000003,963.44,0.0
62.5,-119.0,2026-09-22 22:24:05,13.848000000000013,37.849673461914065,3.636,972.46,0.0
62.5,-118.5,2026-09-22 22:24:05,11.536000000000001,56.849673461914065,0.432,977.54,0.0
62.5,-118.0,2026-09-22 22:24:05,12.333000000000027,52.224673461914065,1.9440000000000002,973.27,0.0
62.5,-117.5,2026-09-22 22:24:05,12.012,59.124673461914064,1.728,972.27,0.0
62.5,-117.0,2026-09-22 22:24:05,13.939000000000021,47.69967346191407,1.1520000000000001,972.21,0.0
62.5,-116.5,2026-09-22 22:24:05,13.755000000000052,52.724673461914065,1.368,974.1,0.0
62.5,-116.0,2026-09-22 22:24:05,13.696000000000026,54.624673461914064,1.548,978.79,0.0
62.5,-115.5,2026-09-22 22:24:05,8.134000000000015,76.39967346191406,0.8280000000000001,986.61,0.0
62.5,-115.0,2026-09-22 22:24:05,11.436000000000035,75.24967346191407,3.564,986.08,0.0
62.5,-114.5,2026-09-22 22:24:05,12.65100000000001,74.59967346191407,2.7720000000000002,980.6,0.0
62.5,-114.0,2026-09-22 22:24:05,12.814000000000021,73.19967346191406,2.2680000000000002,981.24,0.0
62.5,-113.5,2026-09-22 22:24:05,13.334000000000003,73.17467346191407,4.140000000000001,977.02,0.0
62.5,-113.0,2026-09-22 22:24:05,14.33200000000005,61.69967346191407,5.94,976.22,0.0
62.5,-112.5,2026-09-22 22:24:05,13.872000000000014,59.374673461914064,7.236000000000001,971.25,0.0
62.5,-112.0,2026-09-22 22:24:05,13.999000000000024,56.42467346191407,9.432,967.19,0.0
62.5,-111.5,2026-09-22 22:24:05,11.430000000000007,81.69967346191407,14.904,983.63,0.0
62.5,-111.0,2026-09-22 22:24:05,11.299000000000035,85.12467346191407,14.076,986.82,0.0
62.5,-110.5,2026-09-22 22:24:05,12.897000000000048,76.47467346191407,12.312,981.4,0.0
62.5,-110.0,2026-09-22 22:24:05,12.19500000000005,76.07467346191406,9.792000000000002,976.54,0.023
62.5,-109.5,2026-09-22 22:24:05,14.857000000000028,55.39967346191406,9.288,966.38,0.0915
62.5,-109.0,2026-09-22 22:24:05,15.253000000000043,49.82467346191407,10.656,956.11,0.4805
62.5,-108.5,2026-09-22 22:24:05,16.244000000000028,41.974673461914065,11.052000000000001,963.79,0.839
62.5,-108.0,2026-09-22 22:24:05,15.819000000000017,41.79967346191407,11.916,959.11,1.3885
62.5,-107.5,2026-09-22 22:24:05,15.843000000000018,47.92467346191407,11.88,959.93,1.381
62.5,-107.0,2026-09-22 22:24:05,16.397000000000048,42.77467346191406,14.004000000000001,958.16,0.3435
62.5,-106.5,2026-09-22 22:24:05,17.329000000000008,42.349673461914065,14.112,962.25,1.1215
62.5,-106.0,2026-09-22 22:24:05,16.334000000000003,54.07467346191407,11.592,962.15,0.641
62.5,-105.5,2026-09-22 22:24:05,16.918000000000006,50.67467346191407,12.888,963.07,1.3885
62.5,-105.0,2026-09-22 22:24:05,16.626000000000033,59.64967346191406,12.024,964.94,0.7935
62.5,-104.5,2026-09-22 22:24:05,16.99000000000001,64.64967346191406,10.620000000000001,968.91,0.023
62.5,-104.0,2026-09-22 22:24:05,17.451000000000022,61.29967346191407,12.096,965.36,0.0075
62.5,-103.5,2026-09-22 22:24:05,17.66300000000001,58.82467346191407,12.564000000000002,968.63,0.0155
62.5,-103.0,2026-09-22 22:24:05,17.315000000000055,60.77467346191406,12.384,969.3,0.0075
62.5,-102.5,2026-09-22 22:24:05,14.162000000000035,75.09967346191407,12.168,971.29,0.0155
62.5,-102.0,2026-09-22 22:24:05,18.005000000000052,59.499673461914064,13.824,971.94,0.0155
62.5,-101.5,2026-09-22 22:24:05,15.966000000000008,57.433084106445314,11.866162833184005,967.7,0.0075
62.5,-101.0,2026-09-22 22:24:05,14.649000000000001,66.38308410644531,10.210162833184004,970.16,0.0
62.5,-100.5,2026-09-22 22:24:05,15.053000000000054,62.85808410644532,10.246162833184004,971.52,0.0
62.5,-100.0,2026-09-22 22:24:05,15.699000000000012,59.85808410644532,11.002162833184006,971.28,0.0075
62.5,-99.5,2026-09-22 22:24:05,15.488000000000056,63.433084106445314,11.830162833184005,967.41,0.0
62.5,-99.0,2026-09-22 22:24:05,14.194000000000017,73.55808410644532,12.388162833184005,972.17,0.0
62.5,-98.5,2026-09-22 22:24:05,15.962000000000046,66.10808410644532,11.776162833184005,981.39,0.0
62.5,-98.0,2026-09-22 22:24:05,12.936000000000035,81.03308410644532,8.284162833184004,986.3,0.0
62.5,-97.5,2026-09-22 22:24:05,12.549000000000035,81.33308410644531,8.680162833184005,987.17,0.0
62.5,-97.0,2026-09-22 22:24:05,14.840000000000032,74.45808410644531,13.198162833184005,982.52,0.0
62.5,-96.5,2026-09-22 22:24:05,15.65500000000003,73.40808410644532,14.098162833184004,982.03,0.0
62.5,-96.0,2026-09-22 22:24:05,12.887,82.58308410644531,12.424162833184004,988.03,0.1985
62.5,-95.5,2026-09-22 22:24:05,16.065000000000055,75.65808410644532,12.874162833184004,991.02,0.2595
62.5,-95.0,2026-09-22 22:24:05,15.067000000000007,78.23308410644532,12.352162833184005,994.03,0.1375
62.5,-94.5,2026-09-22 22:24:05,15.319000000000017,76.38308410644531,12.946162833184003,996.88,0.1525
62.5,-94.0,2026-09-22 22:24:05,15.448000000000036,80.48308410644532,12.802162833184004,995.64,0.0535
62.5,-93.5,2026-09-22 22:24:05,15.750000000000057,81.28308410644532,9.814162833184005,1000.36,0.0
62.5,-93.0,2026-09-22 22:24:05,14.467000000000041,84.50808410644532,11.290162833184004,1000.7,0.0
62.5,-92.5,2026-09-22 22:24:05,10.12700000000001,92.00808410644532,12.820162833184005,1003.84,0.107
62.5,-92.0,2026-09-22 22:24:05,9.360000000000014,93.18308410644532,18.724162833184003,1004.34,0.145
62.5,-84.0,2026-09-22 22:24:05,7.588000000000022,93.88308410644532,24.016162833184005,1007.74,0.2745
62.5,-83.5,2026-09-22 22:24:05,12.081000000000017,84.68308410644532,22.738162833184006,1001.88,0.1905
62.5,-83.0,2026-09-22 22:24:05,12.01400000000001,84.75808410644532,24.160162833184007,997.16,0.107
62.5,-82.5,2026-09-22 22:24:05,11.963000000000022,84.28308410644532,25.672162833184007,1005.75,0.0
62.5,-79.5,2026-09-22 22:24:05,10.052000000000021,86.08308410644531,34.24016283318401,1010.39,0.0
62.5,-78.0,2026-09-22 22:24:05,8.075000000000045,90.15808410644532,47.884162833184,1012.83,0.0
62.5,-77.5,2026-09-22 22:24:05,6.747000000000014,98.15808410644532,47.74016283318401,970.22,0.023
62.5,-77.0,2026-09-22 22:24:05,6.468000000000018,96.83308410644531,54.022162833184005,962.7,0.023
62.5,-76.5,2026-09-22 22:24:05,7.857000000000028,86.30808410644532,67.07216283318401,1010.33,0.0
62.5,-74.0,2026-09-22 22:24:05,6.775000000000034,81.35808410644532,27.976162833184006,1014.95,0.0
62.5,-73.5,2026-09-22 22:24:05,6.80600000000004,78.98308410644532,13.900162833184003,1015.39,0.0
62.5,-70.5,2026-09-22 22:24:05,3.2930000000000064,88.28308410644532,13.090162833184003,1018.13,0.0
62.5,-69.5,2026-09-22 22:24:05,1.4990000000000236,88.68308410644532,19.282162833184003,1018.97,0.0
62.5,-69.0,2026-09-22 22:24:05,4.04400000000004,76.85808410644532,12.496162833184004,993.88,0.0
62.5,-68.5,2026-09-22 22:24:05,3.612000000000023,67.95808410644531,12.820162833184005,973.97,0.0
62.5,-68.0,2026-09-22 22:24:05,3.1070000000000277,67.93308410644532,15.340162833184005,966.11,0.0
62.5,-67.5,2026-09-22 22:24:05,2.024000000000001,70.35808410644532,18.688162833184006,950.67,0.0
62.5,-67.0,2026-09-22 22:24:05,-0.18599999999997863,84.08308410644531,19.822162833184006,942.25,0.0
62.5,-66.5,2026-09-22 22:24:05,3.3040000000000305,67.68308410644532,4.234162833184004,1002.16,0.0
62.5,-65.0,2026-09-22 22:24:05,1.007000000000005,81.58308410644531,27.616162833184006,1018.5,0.0
62.5,-64.5,2026-09-22 22:24:05,-0.1279999999999859,87.05808410644532,33.66416283318401,1000.24,0.0
63.0,-141.0,2026-09-22 22:24:05,5.8250000000000455,77.56890411376953,2.8800000000000003,922.45,0.0
63.0,-140.5,2026-09-22 22:24:05,5.608000000000004,63.818904113769534,2.3040000000000003,889.92,0.023
63.0,-140.0,2026-09-22 22:24:05,6.659000000000049,59.943904113769534,5.4,911.07,0.0075
63.0,-139.5,2026-09-22 22:24:05,8.648000000000025,65.94390411376953,3.3480000000000003,946.23,5.104
63.0,-139.0,2026-09-22 22:24:05,5.084000000000003,79.24390411376953,1.836,892.31,0.0
63.0,-138.5,2026-09-22 22:24:05,4.28000000000003,80.86890411376953,5.904000000000001,900.24,0.0
63.0,-138.0,2026-09-22 22:24:05,3.0510000000000446,88.81890411376953,2.3760000000000003,918.65,0.145
63.0,-137.5,2026-09-22 22:24:05,3.747000000000014,87.04390411376954,4.572,912.96,0.023
63.0,-137.0,2026-09-22 22:24:05,5.923000000000002,73.54390411376953,6.984,910.12,0.0535
63.0,-136.5,2026-09-22 22:24:05,5.513000000000034,74.04390411376953,4.86,930.57,1.129
63.0,-136.0,2026-09-22 22:24:05,4.4080000000000155,72.66890411376953,8.028,883.81,0.023
63.0,-135.5,2026-09-22 22:24:05,3.7450000000000045,73.39390411376954,5.0040000000000004,880.13,0.0
63.0,-135.0,2026-09-22 22:24:05,6.57000000000005,60.568904113769534,6.408,901.59,0.0
63.0,-134.5,2026-09-22 22:24:05,6.479000000000042,61.568904113769534,4.932,903.04,0.0
63.0,-134.0,2026-09-22 22:24:05,9.341000000000008,50.193904113769534,1.872,934.81,0.0
63.0,-133.5,2026-09-22 22:24:05,8.146000000000015,55.418904113769536,1.512,920.54,0.0
63.0,-133.0,2026-09-22 22:24:05,6.2900000000000205,56.14390411376954,3.24,879.2,0.0
63.0,-132.5,2026-09-22 22:24:05,4.399000000000001,59.64390411376954,5.4,841.04,0.0
63.0,-132.0,2026-09-22 22:24:05,5.4360000000000355,63.71890411376953,9.180000000000001,871.43,0.0
63.0,-131.5,2026-09-22 22:24:05,5.2760000000000105,67.39390411376954,9.684,873.67,0.0155
63.0,-131.0,2026-09-22 22:24:05,4.826000000000022,68.91890411376953,9.648000000000001,868.62,0.145
63.0,-130.5,2026-09-22 22:24:05,4.734000000000037,68.89390411376954,8.388,864.2,0.229
63.0,-130.0,2026-09-22 22:24:05,2.758000000000038,72.86890411376953,6.444,830.59,0.145
63.0,-129.5,2026-09-22 22:24:05,1.448000000000036,80.96890411376954,10.044,820.92,0.16
63.0,-129.0,2026-09-22 22:24:05,4.803000000000054,64.59390411376954,12.636000000000001,854.88,0.0305
63.0,-128.5,2026-09-22 22:24:05,4.972000000000037,73.94390411376953,5.508,842.18,0.046
63.0,-128.0,2026-09-22 22:24:05,1.3490000000000464,78.46890411376954,10.26,809.84,0.0915
63.0,-127.5,2026-09-22 22:24:05,3.4400000000000546,68.79390411376953,7.596,820.18,0.023
63.0,-127.0,2026-09-22 22:24:05,2.4740000000000464,71.19390411376953,10.548,803.71,0.0
63.0,-126.5,2026-09-22 22:24:05,10.52600000000001,54.51890411376954,8.208000000000002,915.06,0.0
63.0,-126.0,2026-09-22 22:24:05,6.82000000000005,56.36890411376953,8.352,845.59,0.0
63.0,-125.5,2026-09-22 22:24:05,10.376000000000033,61.068904113769534,3.9600000000000004,907.35,0.0
63.0,-125.0,2026-09-22 22:24:05,11.79600000000005,53.74390411376953,2.3040000000000003,945.73,0.0
63.0,-124.5,2026-09-22 22:24:05,11.777000000000044,52.76890411376954,5.292,937.87,0.0
63.0,-124.0,2026-09-22 22:24:05,13.662000000000035,47.193904113769534,4.824000000000001,962.53,0.0
63.0,-123.5,2026-09-22 22:24:05,12.950000000000045,39.724673461914065,5.040000000000001,961.22,0.0
63.0,-123.0,2026-09-22 22:24:05,11.476000000000056,47.974673461914065,2.592,956.38,0.0
63.0,-122.5,2026-09-22 22:24:05,13.322000000000003,40.42467346191407,1.368,952.55,0.0
63.0,-122.0,2026-09-22 22:24:05,13.221000000000004,42.19967346191407,5.148,957.16,0.0
63.0,-121.5,2026-09-22 22:24:05,12.777000000000044,53.349673461914065,5.58,965.91,0.0
63.0,-121.0,2026-09-22 22:24:05,11.727000000000032,58.02467346191406,4.5,973.27,0.0
63.0,-120.5,2026-09-22 22:24:05,11.998000000000047,52.474673461914065,4.464,975.52,0.0
63.0,-120.0,2026-09-22 22:24:05,12.312000000000012,57.474673461914065,3.6,975.19,0.0
63.0,-119.5,2026-09-22 22:24:05,13.187000000000012,54.624673461914064,3.492,974.97,0.0
63.0,-119.0,2026-09-22 22:24:05,13.614000000000033,54.27467346191406,4.788,972.68,0.0
63.0,-118.5,2026-09-22 22:24:05,13.334000000000003,55.749673461914064,5.112,971.93,0.0
63.0,-118.0,2026-09-22 22:24:05,13.117000000000019,55.39967346191406,4.284,971.96,0.0
63.0,-117.5,2026-09-22 22:24:05,14.222000000000037,51.224673461914065,3.492,969.49,0.0
63.0,-117.0,2026-09-22 22:24:05,13.922000000000025,54.19967346191407,2.3400000000000003,973.07,0.0
63.0,-116.5,2026-09-22 22:24:05,11.449000000000012,67.87467346191407,1.872,985.97,0.0
63.0,-116.0,2026-09-22 22:24:05,13.593000000000018,51.94967346191407,1.116,985.02,0.0
63.0,-115.5,2026-09-22 22:24:05,13.077000000000055,65.47467346191407,1.764,981.5,0.0
63.0,-115.0,2026-09-22 22:24:05,14.963000000000022,46.349673461914065,3.024,976.04,0.0
63.0,-114.5,2026-09-22 22:24:05,14.849000000000046,46.79967346191407,3.3480000000000003,971.83,0.0
63.0,-114.0,2026-09-22 22:24:05,12.890000000000043,62.749673461914064,4.032000000000001,973.05,0.0
63.0,-113.5,2026-09-22 22:24:05,13.920000000000016,56.374673461914064,4.212,968.8,0.0
63.0,-113.0,2026-09-22 22:24:05,14.966000000000008,48.52467346191406,5.184,967.75,0.0
63.0,-112.5,2026-09-22 22:24:05,14.536000000000001,53.29967346191407,6.012,960.8,0.0
63.0,-112.0,2026-09-22 22:24:05,13.687000000000012,60.19967346191407,6.588,956.71,0.0
63.0,-111.5,2026-09-22 22:24:05,14.80800000000005,49.32467346191407,7.488,956.71,0.0
63.0,-111.0,2026-09-22 22:24:05,15.075000000000045,50.624673461914064,8.028,956.4,0.0
63.0,-110.5,2026-09-22 22:24:05,12.591000000000008,68.87467346191407,6.984,962.46,0.0
63.0,-110.0,2026-09-22 22:24:05,12.223000000000013,65.74967346191407,8.604000000000001,964.22,0.0155
63.0,-109.5,2026-09-22 22:24:05,11.875000000000057,66.89967346191406,12.132000000000001,966.93,0.046
63.0,-109.0,2026-09-22 22:24:05,13.620000000000005,60.249673461914064,13.644,960.25,0.061
63.0,-108.5,2026-09-22 22:24:05,13.998000000000047,56.29967346191407,15.120000000000001,959.02,0.023
63.0,-108.0,2026-09-22 22:24:05,13.838000000000022,58.974673461914065,16.38,959.97,0.0305
63.0,-107.5,2026-09-22 22:24:05,15.491000000000042,48.14967346191406,16.38,955.66,0.061
63.0,-107.0,2026-09-22 22:24:05,14.79400000000004,56.79967346191407,14.940000000000001,958.16,0.4195
63.0,-106.5,2026-09-22 22:24:05,15.908000000000015,50.77467346191406,13.824,959.82,0.435
63.0,-106.0,2026-09-22 22:24:05,17.11700000000002,43.599673461914065,14.112,962.24,0.5415
63.0,-105.5,2026-09-22 22:24:05,14.625000000000057,58.14967346191406,12.708000000000002,963.16,0.3815
63.0,-105.0,2026-09-22 22:24:05,17.948000000000036,44.89967346191406,12.888,975.32,0.5645
63.0,-104.5,2026-09-22 22:24:05,17.545000000000016,52.14967346191406,11.232000000000001,973.77,0.7475
63.0,-104.0,2026-09-22 22:24:05,16.950000000000045,57.724673461914065,11.592,967.41,1.0375
63.0,-103.5,2026-09-22 22:24:05,13.741000000000042,67.97467346191407,13.536000000000001,957.55,0.366
63.0,-103.0,2026-09-22 22:24:05,16.40700000000004,70.39967346191406,13.968,967.97,0.1525
63.0,-102.5,2026-09-22 22:24:05,16.861000000000047,64.44967346191406,13.212,970.38,0.038
63.0,-102.0,2026-09-22 22:24:05,12.42100000000005,83.17467346191407,11.376000000000001,976.9,0.0075
63.0,-101.5,2026-09-22 22:24:05,10.83200000000005,90.38308410644532,13.954162833184004,976.36,0.0155
63.0,-101.0,2026-09-22 22:24:05,10.747000000000014,90.05808410644532,11.776162833184005,976.36,0.0155
63.0,-100.5,2026-09-22 22:24:05,15.033000000000015,65.80808410644532,13.720162833184006,967.27,0.038
63.0,-100.0,2026-09-22 22:24:05,15.725000000000023,62.33308410644531,13.162162833184004,966.7,0.0075
63.0,-99.5,2026-09-22 22:24:05,11.80400000000003,80.68308410644532,11.722162833184004,970.5,0.0
63.0,-99.0,2026-09-22 22:24:05,13.552000000000021,70.95808410644531,15.016162833184007,966.09,0.0155
63.0,-98.5,2026-09-22 22:24:05,16.747000000000014,61.683084106445314,12.496162833184004,978.78,0.0155
63.0,-98.0,2026-09-22 22:24:05,12.80400000000003,77.48308410644532,6.538162833184004,985.55,0.0
63.0,-97.5,2026-09-22 22:24:05,13.710000000000036,78.38308410644532,10.066162833184004,986.56,0.0
63.0,-97.0,2026-09-22 22:24:05,14.124000000000024,75.30808410644532,11.344162833184004,989.77,0.0
63.0,-96.5,2026-09-22 22:24:05,12.924000000000035,78.53308410644532,10.966162833184004,990.33,0.168
63.0,-96.0,2026-09-22 22:24:05,14.250000000000057,74.10808410644532,11.434162833184004,989.58,0.2135
63.0,-95.5,2026-09-22 22:24:05,13.453000000000031,76.88308410644532,11.020162833184004,990.5,0.0685
63.0,-95.0,2026-09-22 22:24:05,13.710000000000036,75.25808410644531,13.972162833184004,985.63,0.122
63.0,-94.5,2026-09-22 22:24:05,13.163000000000011,78.95808410644531,13.522162833184003,989.94,0.0915
63.0,-94.0,2026-09-22 22:24:05,12.996000000000038,78.53308410644532,11.722162833184004,990.94,0.0
63.0,-93.5,2026-09-22 22:24:05,13.055000000000007,85.15808410644532,10.354162833184004,992.56,0.0075
63.0,-93.0,2026-09-22 22:24:05,12.913000000000011,86.48308410644532,11.542162833184005,994.42,0.023
63.0,-92.5,2026-09-22 22:24:05,12.888000000000034,87.90808410644532,11.092162833184005,998.16,0.023
63.0,-92.0,2026-09-22 22:24:05,13.432000000000016,83.83308410644531,10.246162833184004,997.08,0.122
63.0,-91.5,2026-09-22 22:24:05,13.383000000000038,89.30808410644532,9.094162833184004,987.75,0.3205
63.0,-91.0,2026-09-22 22:24:05,13.206000000000017,85.53308410644532,14.476162833184004,999.34,0.3815
63.0,-90.5,2026-09-22 22:24:05,7.800000000000011,94.60808410644532,22.288162833184003,1004.11,0.1525
63.0,-82.5,2026-09-22 22:24:05,9.07000000000005,90.78308410644532,19.246162833184005,1007.14,0.0075
63.0,-82.0,2026-09-22 22:24:05,9.033000000000015,91.20808410644531,19.336162833184005,1007.25,0.0075
63.0,-78.0,2026-09-22 22:24:05,6.559000000000026,92.28308410644532,53.55416283318401,1010.8,0.0
63.0,-71.5,2026-09-22 22:24:05,2.805000000000007,89.45808410644531,21.820162833184003,1016.44,0.0
63.0,-71.0,2026-09-22 22:24:05,2.18100000000004,89.25808410644532,18.328162833184006,1007.05,0.0
63.0,-70.5,2026-09-22 22:24:05,3.559000000000026,78.35808410644532,17.212162833184003,1004.19,0.0
63.0,-70.0,2026-09-22 22:24:05,3.045000000000016,75.75808410644531,17.014162833184006,989.45,0.0
63.0,-69.5,2026-09-22 22:24:05,2.9710000000000036,69.95808410644531,15.142162833184003,970.58,0.0
63.0,-69.0,2026-09-22 22:24:05,1.1280000000000427,77.05808410644532,16.384162833184007,947.45,0.0
63.0,-68.5,2026-09-22 22:24:05,0.8750000000000568,71.65808410644532,18.868162833184005,938.74,0.0
63.0,-68.0,2026-09-22 22:24:05,2.4390000000000214,62.558084106445314,20.776162833184006,947.16,0.0
63.0,-67.5,2026-09-22 22:24:05,1.202000000000055,71.28308410644532,5.098162833184004,998.75,0.0
63.0,-67.0,2026-09-22 22:24:05,0.6500000000000341,79.35808410644532,10.534162833184004,1018.45,0.0
63.0,-66.5,2026-09-22 22:24:05,1.094000000000051,75.00808410644531,19.588162833184004,1017.84,0.0
63.0,-66.0,2026-09-22 22:24:05,3.105000000000018,61.10808410644532,17.572162833184006,997.53,0.0
63.0,-65.5,2026-09-22 22:24:05,-1.1509999999999536,80.50808410644532,22.828162833184006,952.24,0.0
63.0,-65.0,2026-09-22 22:24:05,4.0610000000000355,52.38308410644532,17.158162833184004,987.0,0.0
63.5,-141.0,2026-09-22 22:24:05,5.298000000000002,75.49390411376953,2.4120000000000004,909.82,0.763
63.5,-140.5,2026-09-22 22:24:05,6.868000000000052,61.568904113769534,7.308000000000001,915.92,0.0155
63.5,-140.0,2026-09-22 22:24:05,7.209000000000003,62.34390411376953,4.32,917.62,0.0
63.5,-139.5,2026-09-22 22:24:05,7.8040000000000305,60.21890411376953,3.492,921.84,0.023
63.5,-139.0,2026-09-22 22:24:05,6.124000000000024,65.06890411376953,3.492,898.09,0.0
63.5,-138.5,2026-09-22 22:24:05,4.125000000000057,81.86890411376953,5.688000000000001,891.23,0.0
63.5,-138.0,2026-09-22 22:24:05,6.034000000000049,87.69390411376953,5.256,935.49,0.0
63.5,-137.5,2026-09-22 22:24:05,5.4150000000000205,74.79390411376953,2.8800000000000003,900.54,0.0
63.5,-137.0,2026-09-22 22:24:05,9.186000000000035,64.34390411376954,4.464,943.43,0.0
63.5,-136.5,2026-09-22 22:24:05,0.33700000000004593,99.54390411376954,1.4040000000000001,892.35,0.0
63.5,-136.0,2026-09-22 22:24:05,5.2760000000000105,92.19390411376953,3.06,946.2,0.0075
63.5,-135.5,2026-09-22 22:24:05,3.4570000000000505,76.84390411376954,4.032000000000001,862.06,0.038
63.5,-135.0,2026-09-22 22:24:05,8.937000000000012,57.21890411376953,3.7800000000000002,926.71,0.023
63.5,-134.5,2026-09-22 22:24:05,8.316000000000031,56.293904113769536,1.728,913.96,0.0155
63.5,-134.0,2026-09-22 22:24:05,9.176000000000045,51.71890411376953,4.284,923.76,0.0
63.5,-133.5,2026-09-22 22:24:05,8.686000000000035,52.86890411376953,3.636,917.76,0.038
63.5,-133.0,2026-09-22 22:24:05,8.113000000000056,58.61890411376953,2.9160000000000004,924.98,0.0
63.5,-132.5,2026-09-22 22:24:05,6.765000000000043,60.61890411376953,5.508,892.92,0.0
63.5,-132.0,2026-09-22 22:24:05,8.334000000000003,57.64390411376954,2.4120000000000004,903.71,0.0
63.5,-131.5,2026-09-22 22:24:05,4.699000000000012,68.96890411376954,4.824000000000001,851.68,0.0
63.5,-131.0,2026-09-22 22:24:05,3.375000000000057,72.19390411376953,6.228,841.57,0.0
63.5,-130.5,2026-09-22 22:24:05,4.227000000000032,66.86890411376953,8.604000000000001,837.51,0.023
63.5,-130.0,2026-09-22 22:24:05,4.487000000000023,65.24390411376953,10.008000000000001,838.88,0.0535
63.5,-129.5,2026-09-22 22:24:05,2.303000000000054,77.01890411376954,9.648000000000001,814.87,0.084
63.5,-129.0,2026-09-22 22:24:05,3.549000000000035,66.79390411376953,8.712,828.59,0.3435
63.5,-128.5,2026-09-22 22:24:05,6.9360000000000355,59.01890411376954,6.012,872.81,0.1985
63.5,-128.0,2026-09-22 22:24:05,6.861000000000047,62.21890411376953,2.088,867.42,0.107
63.5,-127.5,2026-09-22 22:24:05,2.7460000000000377,72.76890411376954,8.784,818.68,0.107
63.5,-127.0,2026-09-22 22:24:05,7.600000000000023,55.74390411376953,9.648000000000001,859.85,0.0
63.5,-126.5,2026-09-22 22:24:05,8.440000000000055,57.918904113769536,8.208000000000002,874.81,0.0
63.5,-126.0,2026-09-22 22:24:05,10.93100000000004,49.51890411376954,5.112,896.4,0.0
63.5,-125.5,2026-09-22 22:24:05,12.279000000000053,41.64390411376954,10.764000000000001,926.96,0.0
63.5,-125.0,2026-09-22 22:24:05,13.362000000000023,38.21890411376953,7.920000000000001,928.76,0.0
63.5,-124.5,2026-09-22 22:24:05,13.717000000000041,40.568904113769534,6.228,960.4,0.0
63.5,-124.0,2026-09-22 22:24:05,11.95700000000005,48.89390411376954,5.112,949.01,0.0
63.5,-123.5,2026-09-22 22:24:05,10.771000000000015,57.02467346191406,2.0160000000000005,979.74,0.0
63.5,-123.0,2026-09-22 22:24:05,12.512,43.79967346191407,1.764,959.22,0.0
63.5,-122.5,2026-09-22 22:24:05,11.996000000000038,50.14967346191406,6.12,948.58,0.0
63.5,-122.0,2026-09-22 22:24:05,11.664000000000044,61.974673461914065,6.3,962.82,0.0
63.5,-121.5,2026-09-22 22:24:05,11.03000000000003,63.39967346191406,3.744,966.02,0.0
63.5,-121.0,2026-09-22 22:24:05,12.143000000000029,59.94967346191407,1.0080000000000002,970.54,0.0
63.5,-120.5,2026-09-22 22:24:05,13.322000000000003,52.67467346191407,6.372,968.41,0.0
63.5,-120.0,2026-09-22 22:24:05,12.14100000000002,55.29967346191407,9.504000000000001,962.27,0.0
63.5,-119.5,2026-09-22 22:24:05,12.333000000000027,54.874673461914064,9.216000000000001,965.82,0.0
63.5,-119.0,2026-09-22 22:24:05,11.994000000000028,56.69967346191407,7.74,967.83,0.0
63.5,-118.5,2026-09-22 22:24:05,11.584000000000003,62.14967346191406,6.444,972.61,0.0
63.5,-118.0,2026-09-22 22:24:05,11.710000000000036,76.22467346191407,2.736,973.77,0.0
63.5,-117.5,2026-09-22 22:24:05,12.313000000000045,58.874673461914064,5.112,969.93,0.0
63.5,-117.0,2026-09-22 22:24:05,12.506000000000029,55.599673461914065,4.572,978.85,0.0
63.5,-116.5,2026-09-22 22:24:05,12.785000000000025,59.29967346191407,4.356,979.49,0.0
63.5,-116.0,2026-09-22 22:24:05,13.690000000000055,53.67467346191407,4.5,979.24,0.0
63.5,-115.5,2026-09-22 22:24:05,13.972000000000037,51.27467346191406,3.3480000000000003,972.8,0.0
63.5,-115.0,2026-09-22 22:24:05,14.560000000000002,48.79967346191407,2.0520000000000005,969.68,0.0
63.5,-114.5,2026-09-22 22:24:05,14.881000000000029,47.04967346191407,1.9440000000000002,964.43,0.0
63.5,-114.0,2026-09-22 22:24:05,14.658000000000015,49.67467346191407,0.54,962.25,0.0
63.5,-113.5,2026-09-22 22:24:05,14.204000000000008,48.749673461914064,1.368,960.19,0.0
63.5,-113.0,2026-09-22 22:24:05,13.04200000000003,55.07467346191407,2.9520000000000004,955.58,0.0
63.5,-112.5,2026-09-22 22:24:05,11.741000000000042,69.47467346191407,4.212,954.16,0.0
63.5,-112.0,2026-09-22 22:24:05,13.868000000000052,51.29967346191407,7.2,953.96,0.0
63.5,-111.5,2026-09-22 22:24:05,12.567000000000007,65.44967346191406,6.5520000000000005,954.4,0.0
63.5,-111.0,2026-09-22 22:24:05,12.848000000000013,65.97467346191407,6.732,953.94,0.0
63.5,-110.5,2026-09-22 22:24:05,12.771000000000015,67.17467346191407,7.74,955.1,0.0
63.5,-110.0,2026-09-22 22:24:05,12.767000000000053,67.37467346191407,8.748000000000001,955.63,0.0
63.5,-109.5,2026-09-22 22:24:05,12.719000000000051,68.39967346191406,10.008000000000001,953.68,0.0
63.5,-109.0,2026-09-22 22:24:05,14.438000000000045,53.02467346191406,12.168,956.5,0.0
63.5,-108.5,2026-09-22 22:24:05,14.427000000000021,51.474673461914065,12.996,958.1,0.0
63.5,-108.0,2026-09-22 22:24:05,14.350000000000023,52.19967346191407,14.688,955.57,0.0
63.5,-107.5,2026-09-22 22:24:05,15.65500000000003,47.19967346191407,14.472000000000001,959.47,0.0
63.5,-107.0,2026-09-22 22:24:05,16.28800000000001,43.67467346191407,15.408000000000001,960.0,0.0
63.5,-106.5,2026-09-22 22:24:05,15.974000000000046,44.64967346191406,14.544,958.18,0.305
63.5,-106.0,2026-09-22 22:24:05,16.972000000000037,41.02467346191406,14.616000000000001,961.0,0.6485
63.5,-105.5,2026-09-22 22:24:05,16.343000000000018,50.77467346191406,12.888,964.19,0.0685
63.5,-105.0,2026-09-22 22:24:05,16.05200000000002,60.099673461914065,10.836,970.65,0.0765
63.5,-104.5,2026-09-22 22:24:05,17.176000000000045,49.77467346191406,9.9,979.9,0.0915
63.5,-104.0,2026-09-22 22:24:05,16.658000000000015,49.374673461914064,12.24,970.44,0.0075
63.5,-103.5,2026-09-22 22:24:05,16.257000000000005,48.82467346191407,14.292000000000002,959.29,0.038
63.5,-103.0,2026-09-22 22:24:05,15.138000000000034,56.89967346191406,14.904,959.91,0.29
63.5,-102.5,2026-09-22 22:24:05,16.200000000000045,62.599673461914065,14.652000000000001,966.52,0.0685
63.5,-102.0,2026-09-22 22:24:05,17.787000000000035,53.57467346191407,14.688,971.44,0.0155
63.5,-101.5,2026-09-22 22:24:05,15.26600000000002,65.08308410644531,15.142162833184003,971.3,0.0
63.5,-101.0,2026-09-22 22:24:05,12.576000000000022,78.58308410644531,16.438162833184006,974.94,0.099
63.5,-100.5,2026-09-22 22:24:05,13.970000000000027,69.03308410644532,17.950162833184006,971.94,0.0535
63.5,-100.0,2026-09-22 22:24:05,13.54600000000005,69.78308410644532,15.772162833184005,972.31,0.0
63.5,-99.5,2026-09-22 22:24:05,12.938000000000045,76.30808410644532,15.304162833184003,969.08,0.0
63.5,-99.0,2026-09-22 22:24:05,14.658000000000015,69.20808410644531,10.804162833184005,981.75,0.0
63.5,-98.5,2026-09-22 22:24:05,14.087000000000046,72.43308410644532,11.830162833184005,972.06,0.0
63.5,-98.0,2026-09-22 22:24:05,14.376000000000033,67.60808410644532,10.012162833184004,976.2,0.0
63.5,-97.5,2026-09-22 22:24:05,12.851000000000056,78.53308410644532,5.710162833184004,988.41,0.252
63.5,-97.0,2026-09-22 22:24:05,13.174000000000035,69.85808410644532,8.806162833184004,987.3,0.0765
63.5,-96.5,2026-09-22 22:24:05,13.250000000000057,75.98308410644532,7.258162833184005,986.17,0.1375
63.5,-96.0,2026-09-22 22:24:05,12.644000000000005,80.50808410644532,8.824162833184003,989.05,0.0915
63.5,-95.5,2026-09-22 22:24:05,12.025000000000034,84.08308410644531,9.436162833184005,982.3,0.061
63.5,-95.0,2026-09-22 22:24:05,12.062000000000012,78.18308410644532,9.850162833184005,984.92,0.038
63.5,-94.5,2026-09-22 22:24:05,10.566000000000031,86.93308410644532,11.236162833184006,990.38,0.0155
63.5,-94.0,2026-09-22 22:24:05,12.555000000000007,80.08308410644531,11.326162833184005,990.42,0.0075
63.5,-93.5,2026-09-22 22:24:05,13.258000000000038,79.05808410644532,9.490162833184003,995.63,0.0
63.5,-93.0,2026-09-22 22:24:05,12.447000000000003,83.85808410644532,9.292162833184005,999.24,0.0
63.5,-92.5,2026-09-22 22:24:05,11.756000000000029,86.20808410644531,11.992162833184004,999.75,0.0155
63.5,-92.0,2026-09-22 22:24:05,13.65100000000001,80.43308410644532,12.964162833184005,996.94,0.023
63.5,-91.5,2026-09-22 22:24:05,15.758000000000038,70.50808410644531,7.420162833184005,997.31,0.0
63.5,-91.0,2026-09-22 22:24:05,8.19500000000005,91.08308410644531,2.6681628331840037,1003.42,0.0
63.5,-90.5,2026-09-22 22:24:05,8.637,91.10808410644532,10.354162833184004,1003.49,0.046
63.5,-87.0,2026-09-22 22:24:05,7.3700000000000045,96.05808410644532,17.806162833184004,1004.7,1.1825
63.5,-85.5,2026-09-22 22:24:05,9.742000000000019,98.40808410644532,16.996162833184005,993.39,1.709
63.5,-85.0,2026-09-22 22:24:05,11.465000000000032,90.43308410644532,18.022162833184005,991.47,1.5945
63.5,-84.5,2026-09-22 22:24:05,11.086000000000013,97.70808410644531,14.530162833184004,1003.97,0.87
63.5,-81.5,2026-09-22 22:24:05,5.242000000000019,99.90808410644532,17.680162833184003,1007.36,0.0535
63.5,-81.0,2026-09-22 22:24:05,7.670000000000016,95.25808410644532,25.096162833184007,1003.89,0.0155
63.5,-78.5,2026-09-22 22:24:05,5.960000000000036,92.03308410644532,42.340162833184,1007.41,0.0
63.5,-78.0,2026-09-22 22:24:05,7.03000000000003,88.43308410644532,54.400162833184005,1008.44,0.0
63.5,-77.0,2026-09-22 22:24:05,5.998000000000047,96.10808410644532,24.574162833184005,990.69,0.0
63.5,-76.5,2026-09-22 22:24:05,5.718000000000018,93.00808410644532,52.492162833184004,1009.95,0.0
63.5,-72.0,2026-09-22 22:24:05,3.26400000000001,85.58308410644531,36.688162833184,1015.47,0.0
63.5,-71.5,2026-09-22 22:24:05,4.765000000000043,75.03308410644532,21.190162833184004,1015.75,0.0
63.5,-71.0,2026-09-22 22:24:05,3.031000000000006,78.50808410644532,23.008162833184006,990.75,0.0
63.5,-70.5,2026-09-22 22:24:05,2.3850000000000477,73.35808410644532,21.388162833184005,966.89,0.0075
63.5,-70.0,2026-09-22 22:24:05,2.702000000000055,67.78308410644532,21.424162833184003,960.97,0.0305
63.5,-69.5,2026-09-22 22:24:05,1.27800000000002,79.33308410644531,21.046162833184006,951.19,0.046
63.5,-69.0,2026-09-22 22:24:05,2.1660000000000537,67.50808410644531,23.206162833184003,949.8,0.0075
63.5,-68.5,2026-09-22 22:24:05,0.9390000000000214,78.58308410644531,15.286162833184003,1017.67,0.0
63.5,-68.0,2026-09-22 22:24:05,2.3140000000000214,66.40808410644532,7.096162833184004,1014.22,0.0
63.5,-67.5,2026-09-22 22:24:05,1.2110000000000127,71.33308410644531,2.812162833184004,1013.02,0.0
63.5,-67.0,2026-09-22 22:24:05,1.837000000000046,60.33308410644531,10.948162833184005,955.66,0.0
63.5,-66.5,2026-09-22 22:24:05,2.6850000000000023,61.50808410644532,13.612162833184003,953.45,0.0
63.5,-66.0,2026-09-22 22:24:05,2.4670000000000414,57.58308410644531,14.998162833184002,948.59,0.0
63.5,-65.5,2026-09-22 22:24:05,4.7660000000000196,51.533084106445315,10.822162833184004,983.41,0.0
63.5,-65.0,2026-09-22 22:24:05,4.753000000000043,48.183084106445314,14.152162833184006,991.31,0.0
63.5,-64.5,2026-09-22 22:24:05,4.006000000000029,67.95808410644531,21.298162833184005,1013.66,0.0
63.5,-64.0,2026-09-22 22:24:05,1.8830000000000382,79.15808410644532,24.664162833184005,1017.38,0.0
64.0,-141.0,2026-09-22 22:24:05,4.191000000000031,67.31890411376953,4.212,874.49,0.0075
64.0,-140.5,2026-09-22 22:24:05,6.275000000000034,71.86890411376953,3.168,905.12,0.084
64.0,-140.0,2026-09-22 22:24:05,5.9500000000000455,71.24390411376953,4.104000000000001,897.49,0.1145
64.0,-139.5,2026-09-22 22:24:05,6.267000000000053,76.71890411376954,2.4120000000000004,932.18,0.0
64.0,-139.0,2026-09-22 22:24:05,6.636000000000024,77.94390411376953,2.9160000000000004,934.09,0.0
64.0,-138.5,2026-09-22 22:24:05,7.432000000000016,75.76890411376954,3.6,939.17,0.0
64.0,-138.0,2026-09-22 22:24:05,7.001000000000033,77.64390411376954,6.12,922.93,0.0075
64.0,-137.5,2026-09-22 22:24:05,6.9290000000000305,69.01890411376954,4.824000000000001,903.85,0.0075
64.0,-137.0,2026-09-22 22:24:05,4.279000000000053,72.71890411376954,5.652,869.7,0.023
64.0,-136.5,2026-09-22 22:24:05,3.2530000000000427,97.36890411376953,3.7800000000000002,889.73,0.0075
64.0,-136.0,2026-09-22 22:24:05,2.021000000000015,96.06890411376953,3.2760000000000002,889.49,0.0155
64.0,-135.5,2026-09-22 22:24:05,4.170000000000016,88.06890411376953,4.104000000000001,904.18,0.0075
64.0,-135.0,2026-09-22 22:24:05,1.1370000000000005,96.01890411376954,1.4400000000000002,914.38,0.0075
64.0,-134.5,2026-09-22 22:24:05,1.2860000000000014,98.06890411376953,3.096,864.29,0.038
64.0,-134.0,2026-09-22 22:24:05,4.876000000000033,66.79390411376953,1.728,903.76,0.0
64.0,-133.5,2026-09-22 22:24:05,4.13900000000001,70.69390411376953,4.356,885.76,0.0075
64.0,-133.0,2026-09-22 22:24:05,5.888000000000034,63.51890411376954,2.3040000000000003,911.34,0.023
64.0,-132.5,2026-09-22 22:24:05,3.5120000000000005,69.39390411376954,0.6120000000000001,850.07,0.23650000000000002
64.0,-132.0,2026-09-22 22:24:05,4.240000000000009,64.89390411376954,3.3840000000000003,851.35,0.0915
64.0,-131.5,2026-09-22 22:24:05,3.54200000000003,69.49390411376953,0.324,853.65,0.046
64.0,-131.0,2026-09-22 22:24:05,3.3500000000000227,73.54390411376953,3.024,839.88,0.0765
64.0,-130.5,2026-09-22 22:24:05,4.7450000000000045,66.29390411376953,2.232,847.01,0.0155
64.0,-130.0,2026-09-22 22:24:05,4.890000000000043,67.44390411376953,4.86,847.84,0.0
64.0,-129.5,2026-09-22 22:24:05,6.090000000000032,58.59390411376953,0.9,876.9,0.0
64.0,-129.0,2026-09-22 22:24:05,1.4290000000000305,76.11890411376953,5.256,812.34,0.0
64.0,-128.5,2026-09-22 22:24:05,6.4360000000000355,54.76890411376954,3.3840000000000003,852.24,0.0
64.0,-128.0,2026-09-22 22:24:05,7.590000000000032,57.568904113769534,2.4480000000000004,897.4,0.0
64.0,-127.5,2026-09-22 22:24:05,3.296000000000049,72.31890411376953,11.088000000000001,830.99,0.0
64.0,-127.0,2026-09-22 22:24:05,6.793000000000006,60.793904113769536,8.496,859.09,0.0
64.0,-126.5,2026-09-22 22:24:05,8.004000000000019,55.39390411376954,11.088000000000001,868.2,0.0
64.0,-126.0,2026-09-22 22:24:05,11.267000000000053,60.068904113769534,2.4480000000000004,913.03,0.0
64.0,-125.5,2026-09-22 22:24:05,12.250000000000057,49.76890411376954,3.7800000000000002,932.03,0.0
64.0,-125.0,2026-09-22 22:24:05,11.789000000000044,51.76890411376954,2.2680000000000002,964.6,0.0
64.0,-124.5,2026-09-22 22:24:05,11.411000000000001,52.09390411376953,5.976000000000001,984.76,0.0
64.0,-124.0,2026-09-22 22:24:05,10.785000000000025,57.21890411376953,2.592,973.31,0.0
64.0,-123.5,2026-09-22 22:24:05,9.376000000000033,55.224673461914065,6.084,922.86,0.0
64.0,-123.0,2026-09-22 22:24:05,10.724000000000046,63.124673461914064,6.66,967.33,0.0
64.0,-122.5,2026-09-22 22:24:05,12.753000000000043,56.77467346191406,5.976000000000001,952.82,0.0
64.0,-122.0,2026-09-22 22:24:05,11.066000000000031,64.74967346191407,5.436,969.91,0.0
64.0,-121.5,2026-09-22 22:24:05,6.256000000000029,95.67467346191407,3.3840000000000003,976.6,0.0
64.0,-121.0,2026-09-22 22:24:05,12.259000000000015,57.624673461914064,5.112,973.07,0.0
64.0,-120.5,2026-09-22 22:24:05,12.846000000000004,54.42467346191407,6.9479999999999995,968.82,0.0
64.0,-120.0,2026-09-22 22:24:05,9.209000000000003,74.14967346191406,7.74,968.1,0.0
64.0,-119.5,2026-09-22 22:24:05,11.213000000000022,58.42467346191407,8.604000000000001,965.18,0.0
64.0,-119.0,2026-09-22 22:24:05,9.664000000000044,75.39967346191406,6.588,965.99,0.0
64.0,-118.5,2026-09-22 22:24:05,11.814000000000021,57.14967346191406,6.696000000000001,964.79,0.0
64.0,-118.0,2026-09-22 22:24:05,10.702000000000055,66.64967346191406,8.172,964.41,0.0
64.0,-117.5,2026-09-22 22:24:05,8.674000000000035,78.02467346191406,8.712,979.46,0.0
64.0,-117.0,2026-09-22 22:24:05,10.969000000000051,62.82467346191407,6.444,978.11,0.0
64.0,-116.5,2026-09-22 22:24:05,10.867000000000019,65.69967346191406,7.164,974.11,0.0
64.0,-116.0,2026-09-22 22:24:05,10.233000000000004,70.32467346191406,5.868,973.99,0.0
64.0,-115.5,2026-09-22 22:24:05,12.427000000000021,50.999673461914064,6.48,971.16,0.0
64.0,-115.0,2026-09-22 22:24:05,12.613000000000056,54.02467346191406,6.732,967.74,0.0
64.0,-114.5,2026-09-22 22:24:05,11.772000000000048,68.14967346191406,4.896000000000001,960.83,0.0
64.0,-114.0,2026-09-22 22:24:05,9.760000000000048,82.44967346191407,3.3120000000000003,960.69,0.0
64.0,-113.5,2026-09-22 22:24:05,12.762,62.849673461914065,3.4200000000000004,960.72,0.0
64.0,-113.0,2026-09-22 22:24:05,11.672000000000025,74.59967346191407,3.8880000000000003,958.99,0.0
64.0,-112.5,2026-09-22 22:24:05,11.174000000000035,75.34967346191407,5.256,950.55,0.0
64.0,-112.0,2026-09-22 22:24:05,12.04400000000004,66.77467346191406,3.7800000000000002,951.04,0.0
64.0,-111.5,2026-09-22 22:24:05,12.551000000000045,67.42467346191407,2.736,955.19,0.0
64.0,-111.0,2026-09-22 22:24:05,11.800000000000011,67.72467346191407,6.48,952.0,0.0
64.0,-110.5,2026-09-22 22:24:05,12.762,65.49967346191407,7.308000000000001,956.02,0.0
64.0,-110.0,2026-09-22 22:24:05,13.696000000000026,51.82467346191407,9.395999999999999,954.69,0.0
64.0,-109.5,2026-09-22 22:24:05,14.135000000000048,50.52467346191406,9.972,957.05,0.0
64.0,-109.0,2026-09-22 22:24:05,14.79200000000003,47.69967346191407,10.620000000000001,955.85,0.0
64.0,-108.5,2026-09-22 22:24:05,14.756000000000029,49.19967346191407,11.16,958.94,0.0
64.0,-108.0,2026-09-22 22:24:05,15.327000000000055,44.874673461914064,12.024,957.08,0.0
64.0,-107.5,2026-09-22 22:24:05,14.32000000000005,58.69967346191407,12.528,961.13,0.0
64.0,-107.0,2026-09-22 22:24:05,14.201000000000022,51.224673461914065,13.572000000000001,958.02,0.0
64.0,-106.5,2026-09-22 22:24:05,15.423000000000002,44.974673461914065,14.976,958.72,0.0
64.0,-106.0,2026-09-22 22:24:05,15.633000000000038,45.14967346191406,15.012,961.13,0.0
64.0,-105.5,2026-09-22 22:24:05,16.21700000000004,41.07467346191407,16.164,960.04,0.0
64.0,-105.0,2026-09-22 22:24:05,15.680000000000007,49.29967346191407,15.876000000000001,962.75,0.0
64.0,-104.5,2026-09-22 22:24:05,15.867000000000019,45.374673461914064,16.092,966.52,0.0
64.0,-104.0,2026-09-22 22:24:05,18.069000000000017,43.14967346191406,15.696000000000002,981.0,0.0
64.0,-103.5,2026-09-22 22:24:05,16.791000000000054,45.27467346191406,17.172,976.6,0.0
64.0,-103.0,2026-09-22 22:24:05,17.499000000000024,43.29967346191407,16.776,982.88,0.0
64.0,-102.5,2026-09-22 22:24:05,17.697000000000003,42.29967346191407,16.452,983.43,0.0
64.0,-102.0,2026-09-22 22:24:05,16.861000000000047,46.749673461914064,15.372000000000002,977.49,0.0
64.0,-101.5,2026-09-22 22:24:05,13.785000000000025,54.85808410644532,17.572162833184006,963.05,0.0
64.0,-101.0,2026-09-22 22:24:05,15.552000000000021,51.433084106445314,16.330162833184005,973.14,0.0
64.0,-100.5,2026-09-22 22:24:05,16.293000000000006,53.10808410644532,16.960162833184008,975.58,0.0
64.0,-100.0,2026-09-22 22:24:05,12.911000000000001,74.13308410644531,15.088162833184004,985.03,0.0
64.0,-99.5,2026-09-22 22:24:05,12.64100000000002,77.58308410644531,16.258162833184006,986.27,0.0
64.0,-99.0,2026-09-22 22:24:05,14.936000000000035,73.33308410644531,13.090162833184003,985.14,0.0
64.0,-98.5,2026-09-22 22:24:05,10.965000000000032,87.88308410644532,11.200162833184004,986.36,0.0
64.0,-98.0,2026-09-22 22:24:05,11.65300000000002,84.45808410644531,9.994162833184005,987.59,0.20600000000000002
64.0,-97.5,2026-09-22 22:24:05,9.286000000000001,87.03308410644532,6.8261628331840045,985.25,0.061
64.0,-97.0,2026-09-22 22:24:05,12.726000000000056,75.33308410644531,12.352162833184005,976.28,0.107
64.0,-96.5,2026-09-22 22:24:05,9.939000000000021,86.55808410644532,10.876162833184004,995.13,0.061
64.0,-96.0,2026-09-22 22:24:05,10.237000000000023,80.68308410644532,5.2061628331840035,987.34,0.1375
64.0,-95.5,2026-09-22 22:24:05,11.071000000000026,80.93308410644532,3.298162833184004,997.69,0.0155
64.0,-95.0,2026-09-22 22:24:05,12.27800000000002,75.80808410644532,8.230162833184005,998.74,0.061
64.0,-94.5,2026-09-22 22:24:05,11.17900000000003,83.73308410644532,4.8101628331840045,1001.45,0.0
64.0,-94.0,2026-09-22 22:24:05,12.828000000000031,76.23308410644532,4.522162833184004,997.28,0.0
64.0,-93.5,2026-09-22 22:24:05,5.523000000000025,80.75808410644532,0.8501628331840039,1003.09,0.0
64.0,-93.0,2026-09-22 22:24:05,12.55800000000005,77.28308410644532,1.5161628331840038,996.83,0.0155
64.0,-92.5,2026-09-22 22:24:05,12.444000000000017,76.95808410644531,3.190162833184004,995.95,0.046
64.0,-92.0,2026-09-22 22:24:05,12.423000000000002,76.20808410644531,7.096162833184004,992.52,0.1145
64.0,-91.5,2026-09-22 22:24:05,13.103000000000009,74.43308410644532,8.914162833184005,992.97,0.122
64.0,-91.0,2026-09-22 22:24:05,13.854000000000042,73.88308410644531,7.096162833184004,993.33,0.35100000000000003
64.0,-90.5,2026-09-22 22:24:05,13.440000000000055,76.08308410644531,3.208162833184004,1000.34,0.41200000000000003
64.0,-90.0,2026-09-22 22:24:05,9.590000000000032,89.38308410644532,4.1981628331840035,1000.92,0.4885
64.0,-89.5,2026-09-22 22:24:05,6.968000000000018,96.08308410644531,4.828162833184004,1003.59,0.4195
64.0,-89.0,2026-09-22 22:24:05,7.138000000000034,96.15808410644532,4.576162833184004,1003.64,0.557
64.0,-88.5,2026-09-22 22:24:05,6.331000000000017,98.73308410644532,8.968162833184003,1003.8,0.8085
64.0,-87.0,2026-09-22 22:24:05,6.6340000000000146,98.75808410644532,16.582162833184004,1004.31,1.419
64.0,-86.5,2026-09-22 22:24:05,11.598000000000013,94.00808410644532,11.866162833184005,1003.94,2.0140000000000002
64.0,-86.0,2026-09-22 22:24:05,10.975000000000023,93.63308410644532,14.008162833184006,1002.16,2.8685
64.0,-85.5,2026-09-22 22:24:05,9.284000000000049,97.03308410644532,16.582162833184004,1001.0,1.9915
64.0,-85.0,2026-09-22 22:24:05,10.783000000000015,94.40808410644532,14.926162833184005,993.44,0.885
64.0,-84.5,2026-09-22 22:24:05,11.284000000000049,95.78308410644532,10.966162833184004,995.24,0.4885
64.0,-84.0,2026-09-22 22:24:05,10.28000000000003,97.90808410644532,9.382162833184005,996.64,0.4655
64.0,-83.5,2026-09-22 22:24:05,6.850000000000023,99.00808410644532,13.252162833184006,1005.75,0.3965
64.0,-83.0,2026-09-22 22:24:05,8.079000000000008,98.43308410644532,15.106162833184005,1004.05,0.305
64.0,-82.5,2026-09-22 22:24:05,7.388000000000034,99.33308410644531,16.528162833184005,1004.69,0.2215
64.0,-82.0,2026-09-22 22:24:05,7.515000000000043,98.40808410644532,22.972162833184004,1005.83,0.122
64.0,-81.5,2026-09-22 22:24:05,9.203000000000031,97.30808410644532,26.572162833184006,1000.78,0.1295
64.0,-81.0,2026-09-22 22:24:05,7.41700000000003,96.03308410644532,32.78216283318401,1000.63,0.061
64.0,-80.5,2026-09-22 22:24:05,6.736000000000047,97.08308410644531,24.214162833184005,1006.08,0.023
64.0,-78.0,2026-09-22 22:24:05,4.538000000000011,96.58308410644531,41.440162833184004,1007.83,0.023
64.0,-77.5,2026-09-22 22:24:05,4.455000000000041,95.28308410644532,35.14016283318401,1007.45,0.0
64.0,-73.0,2026-09-22 22:24:05,3.77800000000002,89.43308410644532,35.644162833184005,1014.27,0.0155
64.0,-72.5,2026-09-22 22:24:05,3.4320000000000164,84.25808410644532,27.526162833184006,1003.3,0.0
64.0,-72.0,2026-09-22 22:24:05,3.0950000000000273,81.08308410644531,27.004162833184008,1000.25,0.0
64.0,-71.5,2026-09-22 22:24:05,2.8110000000000355,79.93308410644532,26.878162833184007,976.14,0.023
64.0,-71.0,2026-09-22 22:24:05,1.799000000000035,81.03308410644532,28.534162833184006,961.84,0.023
64.0,-70.5,2026-09-22 22:24:05,0.9980000000000473,84.35808410644532,36.022162833184005,951.84,0.107
64.0,-70.0,2026-09-22 22:24:05,2.5060000000000286,70.18308410644532,23.188162833184006,963.39,0.0685
64.0,-69.5,2026-09-22 22:24:05,3.140000000000043,70.00808410644531,19.354162833184002,967.3,0.0
64.0,-69.0,2026-09-22 22:24:05,3.754000000000019,63.58308410644531,14.638162833184005,995.58,0.0
64.0,-68.5,2026-09-22 22:24:05,2.2840000000000487,72.03308410644532,10.804162833184005,974.0,0.0
64.0,-68.0,2026-09-22 22:24:05,0.35000000000002274,77.25808410644532,9.670162833184005,954.75,0.046
64.0,-67.5,2026-09-22 22:24:05,0.008000000000038199,73.35808410644532,10.858162833184005,941.52,0.0
64.0,-67.0,2026-09-22 22:24:05,0.10100000000005593,71.18308410644532,12.136162833184004,937.16,0.0
64.0,-66.5,2026-09-22 22:24:05,1.164000000000044,68.40808410644532,14.494162833184005,939.14,0.0
64.0,-66.0,2026-09-22 22:24:05,2.844000000000051,62.85808410644532,15.142162833184003,952.84,0.0
64.0,-65.5,2026-09-22 22:24:05,-0.3529999999999518,72.55808410644532,15.772162833184005,946.7,0.0
64.0,-65.0,2026-09-22 22:24:05,2.754000000000019,61.808084106445314,14.386162833184004,978.2,0.0
64.0,-64.5,2026-09-22 22:24:05,2.521000000000015,67.98308410644532,18.256162833184003,995.69,0.0
64.5,-141.0,2026-09-22 22:24:05,4.3910000000000196,86.26890411376954,3.06,912.17,3.9675000000000002
64.5,-140.5,2026-09-22 22:24:05,6.642000000000053,81.56890411376953,2.8080000000000003,964.15,0.267
64.5,-140.0,2026-09-22 22:24:05,2.678000000000054,91.04390411376954,5.0040000000000004,888.87,0.0765
64.5,-139.5,2026-09-22 22:24:05,3.9600000000000364,81.59390411376954,1.512,897.07,0.0
64.5,-139.0,2026-09-22 22:24:05,2.7620000000000005,86.51890411376954,4.572,862.35,0.0075
64.5,-138.5,2026-09-22 22:24:05,-0.07199999999994589,83.56890411376953,5.976000000000001,819.93,0.0075
64.5,-138.0,2026-09-22 22:24:05,0.6990000000000123,82.19390411376953,6.9479999999999995,822.53,0.0
64.5,-137.5,2026-09-22 22:24:05,4.099000000000046,70.21890411376954,2.8440000000000003,842.12,0.0
64.5,-137.0,2026-09-22 22:24:05,5.428000000000054,69.94390411376953,2.232,874.87,0.0
64.5,-136.5,2026-09-22 22:24:05,2.7670000000000528,75.49390411376953,7.668,837.42,0.0155
64.5,-136.0,2026-09-22 22:24:05,4.537000000000035,71.74390411376953,8.1,855.48,0.3355
64.5,-135.5,2026-09-22 22:24:05,3.788000000000011,73.19390411376953,8.676,862.12,0.0
64.5,-135.0,2026-09-22 22:24:05,1.2620000000000005,87.46890411376954,8.64,837.82,0.1295
64.5,-134.5,2026-09-22 22:24:05,4.643000000000029,75.49390411376953,7.452,864.92,0.084
64.5,-134.0,2026-09-22 22:24:05,3.029000000000053,76.64390411376954,7.632000000000001,844.56,0.145
64.5,-133.5,2026-09-22 22:24:05,6.710000000000036,67.51890411376954,7.776000000000001,883.07,0.0305
64.5,-133.0,2026-09-22 22:24:05,0.8440000000000509,86.54390411376954,7.632000000000001,826.81,0.023
64.5,-132.5,2026-09-22 22:24:05,0.9550000000000409,85.11890411376953,6.3,835.23,0.145
64.5,-132.0,2026-09-22 22:24:05,1.9440000000000168,82.96890411376954,1.8,846.46,0.0765
64.5,-131.5,2026-09-22 22:24:05,4.392000000000053,67.96890411376954,7.812,850.9,0.0155
64.5,-131.0,2026-09-22 22:24:05,5.116000000000042,65.41890411376953,6.732,851.21,0.0
64.5,-130.5,2026-09-22 22:24:05,0.80600000000004,85.36890411376953,5.508,810.21,0.0
64.5,-130.0,2026-09-22 22:24:05,3.9330000000000496,71.56890411376953,3.9240000000000004,846.78,0.0
64.5,-129.5,2026-09-22 22:24:05,0.021000000000015007,83.61890411376953,3.528,808.57,0.0
64.5,-129.0,2026-09-22 22:24:05,2.8500000000000227,70.41890411376953,2.196,830.98,0.0
64.5,-128.5,2026-09-22 22:24:05,2.285000000000025,72.99390411376953,6.912,823.12,0.0
64.5,-128.0,2026-09-22 22:24:05,5.774000000000001,62.24390411376953,7.38,849.51,0.0
64.5,-127.5,2026-09-22 22:24:05,8.93300000000005,51.418904113769536,6.840000000000001,883.35,0.0
64.5,-127.0,2026-09-22 22:24:05,7.867000000000019,53.193904113769534,5.688000000000001,859.18,0.0
64.5,-126.5,2026-09-22 22:24:05,12.302000000000021,45.793904113769536,7.2,940.49,0.0
64.5,-126.0,2026-09-22 22:24:05,10.814000000000021,59.76890411376954,3.4200000000000004,918.71,0.0
64.5,-125.5,2026-09-22 22:24:05,11.436000000000035,61.59390411376953,5.58,958.85,0.0
64.5,-125.0,2026-09-22 22:24:05,10.43100000000004,68.09390411376954,7.38,993.85,0.0
64.5,-124.5,2026-09-22 22:24:05,11.134000000000015,63.01890411376954,6.732,960.31,0.0
64.5,-124.0,2026-09-22 22:24:05,13.729000000000042,45.11890411376953,6.156,950.7,0.0155
64.5,-123.5,2026-09-22 22:24:05,10.42900000000003,60.32467346191407,8.244,957.55,0.0
64.5,-123.0,2026-09-22 22:24:05,10.074000000000012,68.54967346191407,5.976000000000001,974.27,0.0
64.5,-122.5,2026-09-22 22:24:05,11.173000000000002,59.39967346191406,4.5,977.02,0.0
64.5,-122.0,2026-09-22 22:24:05,11.517000000000053,59.92467346191407,5.832000000000001,980.29,0.0
64.5,-121.5,2026-09-22 22:24:05,11.510000000000048,60.974673461914065,5.0040000000000004,975.79,0.0
64.5,-121.0,2026-09-22 22:24:05,12.381000000000029,53.94967346191407,4.788,970.08,0.0
64.5,-120.5,2026-09-22 22:24:05,12.330000000000041,53.349673461914065,3.096,962.38,0.0
64.5,-120.0,2026-09-22 22:24:05,11.79000000000002,55.874673461914064,6.912,960.35,0.0
64.5,-119.5,2026-09-22 22:24:05,9.515000000000043,65.84967346191407,6.6240000000000006,962.07,0.0
64.5,-119.0,2026-09-22 22:24:05,10.26400000000001,62.02467346191406,4.356,960.21,0.0
64.5,-118.5,2026-09-22 22:24:05,10.176000000000045,63.79967346191407,5.976000000000001,961.05,0.0
64.5,-118.0,2026-09-22 22:24:05,9.376000000000033,70.22467346191407,6.12,974.94,0.0
64.5,-117.5,2026-09-22 22:24:05,9.303000000000054,71.12467346191407,3.024,982.11,0.0
64.5,-117.0,2026-09-22 22:24:05,10.426000000000045,60.94967346191407,3.492,977.52,0.0
64.5,-116.5,2026-09-22 22:24:05,9.710000000000036,63.82467346191407,4.752000000000001,969.1,0.0
64.5,-116.0,2026-09-22 22:24:05,9.004000000000019,73.12467346191407,4.716,968.05,0.0
64.5,-115.5,2026-09-22 22:24:05,10.539000000000044,59.19967346191407,5.328,960.72,0.0
64.5,-115.0,2026-09-22 22:24:05,9.809000000000026,62.77467346191406,5.6160000000000005,962.04,0.0
64.5,-114.5,2026-09-22 22:24:05,9.696000000000026,68.39967346191406,5.472,957.65,0.0
64.5,-114.0,2026-09-22 22:24:05,9.212000000000046,73.64967346191406,5.688000000000001,955.33,0.0
64.5,-113.5,2026-09-22 22:24:05,8.40500000000003,75.74967346191407,5.724,955.25,0.0
64.5,-113.0,2026-09-22 22:24:05,9.409000000000049,69.07467346191406,5.724,960.6,0.0
64.5,-112.5,2026-09-22 22:24:05,10.269000000000005,63.39967346191406,5.832000000000001,954.61,0.0
64.5,-112.0,2026-09-22 22:24:05,10.645000000000039,62.249673461914064,7.488,950.91,0.0
64.5,-111.5,2026-09-22 22:24:05,10.448000000000036,66.32467346191406,8.712,952.97,0.0
64.5,-111.0,2026-09-22 22:24:05,10.819000000000017,68.37467346191407,7.920000000000001,954.24,0.0
64.5,-110.5,2026-09-22 22:24:05,9.974000000000046,74.59967346191407,7.128,955.57,0.0
64.5,-110.0,2026-09-22 22:24:05,10.839000000000055,65.57467346191406,9.54,952.22,0.0
64.5,-109.5,2026-09-22 22:24:05,12.477000000000032,58.04967346191407,9.684,953.52,0.0
64.5,-109.0,2026-09-22 22:24:05,12.227000000000032,60.124673461914064,9.684,953.58,0.0
64.5,-108.5,2026-09-22 22:24:05,14.545000000000016,47.874673461914064,9.756,960.08,0.0
64.5,-108.0,2026-09-22 22:24:05,13.31800000000004,54.27467346191406,11.736,957.74,0.0
64.5,-107.5,2026-09-22 22:24:05,11.663000000000011,64.64967346191406,11.520000000000001,958.49,0.0
64.5,-107.0,2026-09-22 22:24:05,13.126000000000033,57.52467346191406,13.032,956.9,0.0
64.5,-106.5,2026-09-22 22:24:05,14.129000000000019,51.64967346191406,14.652000000000001,958.66,0.0
64.5,-106.0,2026-09-22 22:24:05,15.437000000000012,47.07467346191407,15.012,964.5,0.0
64.5,-105.5,2026-09-22 22:24:05,15.243000000000052,48.499673461914064,15.048,962.18,0.0
64.5,-105.0,2026-09-22 22:24:05,16.095000000000027,42.749673461914064,15.408000000000001,963.05,0.0
64.5,-104.5,2026-09-22 22:24:05,16.836000000000013,41.79967346191407,14.976,973.0,0.0
64.5,-104.0,2026-09-22 22:24:05,16.188000000000045,43.999673461914064,14.940000000000001,969.21,0.0
64.5,-103.5,2026-09-22 22:24:05,16.37900000000002,42.64967346191406,14.616000000000001,972.68,0.0
64.5,-103.0,2026-09-22 22:24:05,16.337000000000046,41.249673461914064,15.803999999999998,971.52,0.0
64.5,-102.5,2026-09-22 22:24:05,16.565000000000055,43.349673461914065,15.264000000000001,981.32,0.0
64.5,-102.0,2026-09-22 22:24:05,15.852000000000032,46.849673461914065,16.38,985.88,0.0
64.5,-101.5,2026-09-22 22:24:05,10.744000000000028,70.60808410644532,13.576162833184005,991.3,0.0
64.5,-101.0,2026-09-22 22:24:05,13.060000000000002,55.60808410644532,17.338162833184004,979.67,0.0
64.5,-100.5,2026-09-22 22:24:05,13.913000000000011,54.48308410644532,17.662162833184006,982.99,0.0
64.5,-100.0,2026-09-22 22:24:05,13.999000000000024,58.558084106445314,10.300162833184004,986.8,0.0
64.5,-99.5,2026-09-22 22:24:05,13.517000000000053,63.75808410644532,13.576162833184005,983.83,0.0
64.5,-99.0,2026-09-22 22:24:05,10.878000000000043,82.28308410644532,9.292162833184005,992.69,0.0
64.5,-98.5,2026-09-22 22:24:05,10.774000000000001,82.93308410644532,11.344162833184004,992.64,0.1375
64.5,-98.0,2026-09-22 22:24:05,12.241000000000042,76.13308410644531,12.010162833184005,982.91,0.099
64.5,-97.5,2026-09-22 22:24:05,12.66700000000003,72.30808410644532,17.734162833184005,979.8,0.107
64.5,-97.0,2026-09-22 22:24:05,12.057000000000016,77.98308410644532,12.442162833184005,981.8,0.3435
64.5,-96.5,2026-09-22 22:24:05,12.50200000000001,76.40808410644532,11.092162833184005,990.84,0.1525
64.5,-96.0,2026-09-22 22:24:05,11.725000000000023,79.75808410644532,11.236162833184006,992.38,0.0685
64.5,-95.5,2026-09-22 22:24:05,11.005000000000052,80.28308410644532,10.336162833184005,990.84,0.023
64.5,-95.0,2026-09-22 22:24:05,10.63900000000001,83.83308410644531,11.164162833184005,994.5,0.0155
64.5,-94.5,2026-09-22 22:24:05,8.947000000000003,86.43308410644532,11.524162833184004,993.06,0.0155
64.5,-94.0,2026-09-22 22:24:05,9.04000000000002,90.13308410644532,2.758162833184004,996.05,0.061
64.5,-93.5,2026-09-22 22:24:05,8.018000000000029,90.63308410644532,8.428162833184004,989.25,0.084
64.5,-93.0,2026-09-22 22:24:05,8.539000000000044,90.68308410644532,9.544162833184004,990.52,0.0915
64.5,-92.5,2026-09-22 22:24:05,9.885000000000048,89.35808410644532,7.474162833184003,988.92,0.168
64.5,-92.0,2026-09-22 22:24:05,9.960000000000036,88.73308410644532,8.680162833184005,990.02,0.534
64.5,-91.5,2026-09-22 22:24:05,10.757000000000005,85.03308410644532,9.382162833184005,982.17,0.305
64.5,-91.0,2026-09-22 22:24:05,11.04600000000005,85.23308410644532,4.720162833184004,989.03,0.8925000000000001
64.5,-90.5,2026-09-22 22:24:05,9.275000000000034,93.65808410644532,5.152162833184004,993.19,1.381
64.5,-90.0,2026-09-22 22:24:05,8.953000000000031,95.80808410644532,5.008162833184004,985.36,2.243
64.5,-89.5,2026-09-22 22:24:05,6.636000000000024,97.43308410644532,6.628162833184004,989.74,2.571
64.5,-89.0,2026-09-22 22:24:05,9.67900000000003,93.90808410644532,8.734162833184003,980.8,2.4415
64.5,-88.5,2026-09-22 22:24:05,10.660000000000025,91.53308410644532,9.346162833184003,985.81,2.075
64.5,-88.0,2026-09-22 22:24:05,10.619000000000028,92.95808410644531,12.874162833184004,992.25,2.716
64.5,-87.5,2026-09-22 22:24:05,5.581000000000017,98.75808410644532,18.292162833184005,1003.66,2.884
64.5,-86.5,2026-09-22 22:24:05,6.4950000000000045,98.75808410644532,18.670162833184005,1003.99,2.0675
64.5,-86.0,2026-09-22 22:24:05,10.149000000000001,94.83308410644531,15.718162833184003,998.91,1.358
64.5,-85.5,2026-09-22 22:24:05,10.080000000000041,97.30808410644532,13.486162833184006,996.55,1.0605
64.5,-85.0,2026-09-22 22:24:05,10.244000000000028,94.38308410644532,14.332162833184004,996.53,0.6485
64.5,-84.5,2026-09-22 22:24:05,9.125000000000057,97.03308410644532,14.440162833184006,966.19,1.5795000000000001
64.5,-84.0,2026-09-22 22:24:05,9.261000000000024,98.35808410644532,13.612162833184003,967.25,1.1825
64.5,-83.5,2026-09-22 22:24:05,8.232000000000028,98.95808410644531,9.292162833184005,974.66,1.9915
64.5,-83.0,2026-09-22 22:24:05,7.546000000000049,98.68308410644532,13.198162833184005,962.31,2.4795000000000003
64.5,-82.5,2026-09-22 22:24:05,7.79200000000003,98.40808410644532,21.784162833184006,972.08,2.0065
64.5,-82.0,2026-09-22 22:24:05,7.735000000000014,94.43308410644532,32.69216283318401,978.45,0.7325
64.5,-78.0,2026-09-22 22:24:05,4.258000000000038,98.65808410644532,25.834162833184006,1005.19,0.0
64.5,-77.5,2026-09-22 22:24:05,4.969000000000051,98.00808410644532,31.378162833184007,977.41,0.0535
64.5,-77.0,2026-09-22 22:24:05,5.249000000000024,97.10808410644532,34.960162833184,968.84,0.4805
64.5,-76.5,2026-09-22 22:24:05,6.004000000000019,96.20808410644531,37.44416283318401,985.47,0.29
64.5,-76.0,2026-09-22 22:24:05,4.947000000000003,97.93308410644532,27.166162833184007,1003.27,0.061
64.5,-75.5,2026-09-22 22:24:05,4.527000000000044,96.33308410644531,38.074162833184005,1009.84,0.0
64.5,-75.0,2026-09-22 22:24:05,3.951000000000022,99.18308410644532,34.312162833184004,999.91,0.0155
64.5,-74.5,2026-09-22 22:24:05,4.188000000000045,96.15808410644532,41.69216283318401,1010.3,0.0
64.5,-74.0,2026-09-22 22:24:05,4.444000000000017,95.25808410644532,34.24016283318401,1006.41,0.0
64.5,-73.5,2026-09-22 22:24:05,4.331000000000017,93.38308410644532,41.87216283318401,1009.17,0.0
64.5,-73.0,2026-09-22 22:24:05,3.066000000000031,94.18308410644532,35.35616283318401,995.97,0.0
64.5,-72.5,2026-09-22 22:24:05,2.1750000000000114,93.38308410644532,33.970162833184006,981.11,0.0
64.5,-72.0,2026-09-22 22:24:05,3.8910000000000196,80.05808410644532,34.348162833184006,995.88,0.0
64.5,-71.5,2026-09-22 22:24:05,3.654000000000053,77.73308410644532,30.334162833184003,992.56,0.0
64.5,-71.0,2026-09-22 22:24:05,3.719000000000051,73.13308410644531,21.532162833184003,993.84,0.0155
64.5,-70.5,2026-09-22 22:24:05,3.3710000000000377,70.05808410644532,21.910162833184007,995.34,0.1905
64.5,-70.0,2026-09-22 22:24:05,5.0610000000000355,60.35808410644532,18.922162833184007,997.64,0.0
64.5,-69.5,2026-09-22 22:24:05,3.737000000000023,66.55808410644532,17.878162833184007,986.3,0.0
64.5,-69.0,2026-09-22 22:24:05,1.344000000000051,74.88308410644531,17.968162833184003,964.55,0.0
64.5,-68.5,2026-09-22 22:24:05,0.30100000000004457,79.68308410644532,14.782162833184005,955.74,0.0
64.5,-68.0,2026-09-22 22:24:05,-0.20299999999997453,79.58308410644531,12.136162833184004,949.95,0.0155
64.5,-67.5,2026-09-22 22:24:05,0.2540000000000191,72.25808410644531,10.282162833184005,947.31,0.061
64.5,-67.0,2026-09-22 22:24:05,0.9060000000000059,69.25808410644531,11.344162833184004,948.7,0.0
64.5,-66.5,2026-09-22 22:24:05,0.6050000000000182,64.73308410644532,13.450162833184004,934.38,0.0
64.5,-66.0,2026-09-22 22:24:05,3.2380000000000564,54.98308410644532,12.820162833184005,953.49,0.0
64.5,-65.5,2026-09-22 22:24:05,0.019000000000005457,73.70808410644531,13.306162833184004,949.25,0.0
64.5,-65.0,2026-09-22 22:24:05,3.733000000000004,54.95808410644531,9.706162833184004,981.02,0.0
65.0,-141.0,2026-09-22 22:24:05,5.02800000000002,94.74390411376953,5.6160000000000005,936.93,1.961
65.0,-140.5,2026-09-22 22:24:05,3.6960000000000264,99.59390411376954,5.5440000000000005,913.98,11.8025
65.0,-140.0,2026-09-22 22:24:05,2.8390000000000555,92.79390411376954,6.3,884.31,15.9075
65.0,-139.5,2026-09-22 22:24:05,3.5030000000000427,84.26890411376954,8.064000000000002,879.56,3.9215
65.0,-139.0,2026-09-22 22:24:05,4.646000000000015,82.34390411376954,3.8160000000000003,884.48,3.1815
65.0,-138.5,2026-09-22 22:24:05,3.9250000000000114,82.74390411376953,3.204,875.65,4.0055000000000005
65.0,-138.0,2026-09-22 22:24:05,1.924000000000035,83.36890411376953,3.9960000000000004,852.4,0.992
65.0,-137.5,2026-09-22 22:24:05,2.9470000000000027,84.16890411376954,2.4120000000000004,861.48,0.0
65.0,-137.0,2026-09-22 22:24:05,3.434000000000026,87.89390411376954,5.148,873.23,0.0
65.0,-136.5,2026-09-22 22:24:05,5.623000000000047,73.09390411376954,1.1520000000000001,899.56,0.0
65.0,-136.0,2026-09-22 22:24:05,4.724000000000046,76.69390411376953,3.3840000000000003,882.12,0.0
65.0,-135.5,2026-09-22 22:24:05,2.3500000000000227,86.04390411376954,4.932,845.12,0.084
65.0,-135.0,2026-09-22 22:24:05,4.420000000000016,79.66890411376954,5.436,888.26,0.0155
65.0,-134.5,2026-09-22 22:24:05,3.6410000000000196,82.54390411376954,1.044,853.12,0.0155
65.0,-134.0,2026-09-22 22:24:05,7.295000000000016,66.29390411376953,1.728,921.1,0.0305
65.0,-133.5,2026-09-22 22:24:05,1.0780000000000314,87.89390411376954,4.32,827.95,1.8995
65.0,-133.0,2026-09-22 22:24:05,5.034000000000049,69.56890411376953,2.556,868.07,0.038
65.0,-132.5,2026-09-22 22:24:05,2.5260000000000105,80.59390411376954,0.28800000000000003,845.45,0.0
65.0,-132.0,2026-09-22 22:24:05,2.772000000000048,79.54390411376954,3.7800000000000002,839.28,0.0
65.0,-131.5,2026-09-22 22:24:05,3.0030000000000427,82.89390411376954,2.0160000000000005,831.71,0.0
65.0,-131.0,2026-09-22 22:24:05,4.5610000000000355,70.99390411376953,1.728,850.01,0.0
65.0,-130.5,2026-09-22 22:24:05,4.476000000000056,71.91890411376953,0.684,841.31,0.0
65.0,-130.0,2026-09-22 22:24:05,2.240000000000009,79.54390411376954,2.5200000000000005,820.79,0.0
65.0,-129.5,2026-09-22 22:24:05,2.0430000000000064,80.69390411376953,6.192,830.09,0.0
65.0,-129.0,2026-09-22 22:24:05,8.439000000000021,54.84390411376953,3.204,909.23,0.0
65.0,-128.5,2026-09-22 22:24:05,5.614000000000033,64.96890411376954,4.932,857.26,0.0
65.0,-128.0,2026-09-22 22:24:05,5.224000000000046,68.66890411376953,3.9240000000000004,848.17,0.0
65.0,-127.5,2026-09-22 22:24:05,9.201000000000022,66.61890411376953,5.904000000000001,934.79,0.0305
65.0,-127.0,2026-09-22 22:24:05,10.521000000000015,60.49390411376953,5.94,973.29,0.0765
65.0,-126.5,2026-09-22 22:24:05,10.812000000000012,65.56890411376953,3.204,983.63,0.0075
65.0,-126.0,2026-09-22 22:24:05,11.060000000000002,71.79390411376953,2.0520000000000005,992.09,0.0305
65.0,-125.5,2026-09-22 22:24:05,9.162000000000035,88.74390411376953,4.644,992.56,0.0
65.0,-125.0,2026-09-22 22:24:05,9.374000000000024,86.94390411376953,1.332,991.29,0.0155
65.0,-124.5,2026-09-22 22:24:05,12.099000000000046,64.99390411376953,3.06,981.6,0.0
65.0,-124.0,2026-09-22 22:24:05,12.343000000000018,61.068904113769534,8.928,978.59,0.0
65.0,-123.5,2026-09-22 22:24:05,10.64100000000002,66.52467346191406,7.812,980.15,0.0
65.0,-123.0,2026-09-22 22:24:05,10.920000000000016,64.34967346191407,6.732,980.8,0.0
65.0,-122.5,2026-09-22 22:24:05,8.875000000000057,80.27467346191406,10.26,984.18,0.0
65.0,-122.0,2026-09-22 22:24:05,8.694000000000017,81.27467346191406,7.308000000000001,986.54,0.0
65.0,-121.5,2026-09-22 22:24:05,10.12700000000001,65.97467346191407,8.172,982.18,0.0
65.0,-121.0,2026-09-22 22:24:05,8.531000000000006,78.14967346191406,6.840000000000001,985.86,0.0
65.0,-120.5,2026-09-22 22:24:05,11.111000000000047,59.79967346191407,5.6160000000000005,980.07,0.0
65.0,-120.0,2026-09-22 22:24:05,9.215000000000032,70.92467346191407,3.636,945.5,0.0
65.0,-119.5,2026-09-22 22:24:05,10.323000000000036,58.52467346191406,4.86,965.58,0.0
65.0,-119.0,2026-09-22 22:24:05,10.110000000000014,64.97467346191407,5.652,974.18,0.0
65.0,-118.5,2026-09-22 22:24:05,7.392000000000053,85.89967346191406,2.9160000000000004,984.3,0.0
65.0,-118.0,2026-09-22 22:24:05,9.666000000000054,68.49967346191407,2.0160000000000005,981.83,0.0
65.0,-117.5,2026-09-22 22:24:05,8.938000000000045,73.37467346191407,2.4120000000000004,972.1,0.0
65.0,-117.0,2026-09-22 22:24:05,7.2830000000000155,86.22467346191407,3.3840000000000003,968.9,0.0
65.0,-116.5,2026-09-22 22:24:05,7.906000000000006,77.44967346191407,4.392,964.41,0.0
65.0,-116.0,2026-09-22 22:24:05,6.517000000000053,82.47467346191407,4.932,962.63,0.0
65.0,-115.5,2026-09-22 22:24:05,8.802000000000021,67.17467346191407,5.364,961.4,0.0
65.0,-115.0,2026-09-22 22:24:05,8.110000000000014,70.79967346191407,5.508,953.25,0.0
65.0,-114.5,2026-09-22 22:24:05,8.335000000000036,69.74967346191407,5.688000000000001,953.25,0.0
65.0,-114.0,2026-09-22 22:24:05,8.225000000000023,70.27467346191406,5.976000000000001,953.19,0.0
65.0,-113.5,2026-09-22 22:24:05,7.5470000000000255,74.84967346191407,7.74,952.08,0.0
65.0,-113.0,2026-09-22 22:24:05,7.586000000000013,74.44967346191406,9.216000000000001,950.8,0.0
65.0,-112.5,2026-09-22 22:24:05,7.9500000000000455,74.54967346191407,9.108,954.43,0.0
65.0,-112.0,2026-09-22 22:24:05,7.844000000000051,74.94967346191406,9.972,953.02,0.0
65.0,-111.5,2026-09-22 22:24:05,8.088000000000022,74.09967346191407,8.784,955.3,0.0
65.0,-111.0,2026-09-22 22:24:05,8.971000000000004,70.19967346191406,9.828,951.3,0.0
65.0,-110.5,2026-09-22 22:24:05,9.65500000000003,69.12467346191407,9.54,950.27,0.0
65.0,-110.0,2026-09-22 22:24:05,10.00200000000001,67.99967346191407,10.8,948.04,0.0
65.0,-109.5,2026-09-22 22:24:05,10.997000000000014,65.62467346191407,10.692,951.02,0.0
65.0,-109.0,2026-09-22 22:24:05,11.744000000000028,62.54967346191407,10.404,954.43,0.0
65.0,-108.5,2026-09-22 22:24:05,12.566000000000031,58.02467346191406,8.784,957.9,0.0
65.0,-108.0,2026-09-22 22:24:05,12.892000000000053,55.099673461914065,8.388,957.4,0.0
65.0,-107.5,2026-09-22 22:24:05,12.774000000000001,55.624673461914064,9.0,966.55,0.0
65.0,-107.0,2026-09-22 22:24:05,13.109000000000037,51.67467346191407,12.024,958.5,0.0
65.0,-106.5,2026-09-22 22:24:05,13.19500000000005,54.499673461914064,11.628,960.79,0.0
65.0,-106.0,2026-09-22 22:24:05,13.962000000000046,50.02467346191406,12.780000000000001,963.49,0.0
65.0,-105.5,2026-09-22 22:24:05,14.474000000000046,47.39967346191406,12.816,964.46,0.0
65.0,-105.0,2026-09-22 22:24:05,15.271000000000015,45.27467346191406,11.916,971.24,0.0
65.0,-104.5,2026-09-22 22:24:05,15.618000000000052,44.249673461914064,12.456,977.21,0.0
65.0,-104.0,2026-09-22 22:24:05,14.989000000000033,45.14967346191406,14.724,968.75,0.0
65.0,-103.5,2026-09-22 22:24:05,15.265000000000043,44.52467346191406,15.120000000000001,972.19,0.0
65.0,-103.0,2026-09-22 22:24:05,14.404000000000053,51.099673461914065,13.680000000000001,980.22,0.0
65.0,-102.5,2026-09-22 22:24:05,13.197000000000003,60.39967346191406,14.544,972.69,0.0
65.0,-102.0,2026-09-22 22:24:05,12.867000000000019,67.29967346191407,14.508000000000001,971.65,0.0
65.0,-101.5,2026-09-22 22:24:05,9.395000000000039,77.18308410644532,12.496162833184004,971.44,0.0
65.0,-101.0,2026-09-22 22:24:05,9.439000000000021,79.40808410644532,14.728162833184006,974.64,0.0
65.0,-100.5,2026-09-22 22:24:05,9.797000000000025,77.45808410644531,13.666162833184003,977.17,0.0155
65.0,-100.0,2026-09-22 22:24:05,9.608000000000004,77.10808410644532,17.284162833184006,968.5,0.0075
65.0,-99.5,2026-09-22 22:24:05,9.990000000000009,79.33308410644531,15.970162833184006,976.55,0.16
65.0,-99.0,2026-09-22 22:24:05,10.243000000000052,74.98308410644532,12.280162833184004,981.69,0.1375
65.0,-98.5,2026-09-22 22:24:05,10.602000000000032,72.25808410644531,14.926162833184005,979.81,0.1145
65.0,-98.0,2026-09-22 22:24:05,9.999000000000024,73.43308410644532,15.196162833184005,982.19,0.1295
65.0,-97.5,2026-09-22 22:24:05,11.484000000000037,64.63308410644531,12.388162833184005,987.38,0.099
65.0,-97.0,2026-09-22 22:24:05,9.594000000000051,79.00808410644532,9.724162833184003,987.84,0.168
65.0,-96.5,2026-09-22 22:24:05,9.452000000000055,79.08308410644531,14.818162833184005,986.03,0.1905
65.0,-96.0,2026-09-22 22:24:05,10.881000000000029,74.00808410644531,17.212162833184003,985.41,0.0155
65.0,-95.5,2026-09-22 22:24:05,9.033000000000015,80.70808410644531,18.868162833184005,985.81,0.046
65.0,-95.0,2026-09-22 22:24:05,10.224000000000046,75.53308410644532,16.582162833184004,982.3,0.046
65.0,-94.5,2026-09-22 22:24:05,8.394000000000005,82.65808410644532,10.822162833184004,982.52,0.1145
65.0,-94.0,2026-09-22 22:24:05,8.269000000000005,84.83308410644531,14.728162833184006,979.28,0.1905
65.0,-93.5,2026-09-22 22:24:05,7.834000000000003,91.88308410644532,11.002162833184006,983.81,0.1295
65.0,-93.0,2026-09-22 22:24:05,8.341000000000008,89.08308410644531,13.432162833184005,982.52,0.17550000000000002
65.0,-92.5,2026-09-22 22:24:05,8.710000000000036,90.88308410644532,9.634162833184003,981.45,0.28250000000000003
65.0,-92.0,2026-09-22 22:24:05,6.720000000000027,92.63308410644532,11.758162833184006,976.0,0.366
65.0,-91.5,2026-09-22 22:24:05,8.772000000000048,92.33308410644531,10.066162833184004,976.14,0.496
65.0,-91.0,2026-09-22 22:24:05,7.066000000000031,99.78308410644532,7.816162833184004,982.31,1.0755000000000001
65.0,-90.5,2026-09-22 22:24:05,8.550000000000011,93.10808410644532,10.282162833184005,980.19,1.274
65.0,-90.0,2026-09-22 22:24:05,8.015000000000043,94.70808410644531,12.910162833184005,964.5,2.0905
65.0,-89.5,2026-09-22 22:24:05,8.091000000000008,93.00808410644532,18.058162833184007,962.69,1.457
65.0,-89.0,2026-09-22 22:24:05,9.674000000000035,88.75808410644532,14.296162833184004,970.34,1.274
65.0,-88.5,2026-09-22 22:24:05,9.731000000000051,93.00808410644532,13.810162833184004,972.25,1.3735
65.0,-88.0,2026-09-22 22:24:05,10.008000000000038,91.10808410644532,14.908162833184004,979.8,1.3655
65.0,-87.5,2026-09-22 22:24:05,11.101000000000056,88.63308410644532,13.954162833184004,992.05,1.358
65.0,-87.0,2026-09-22 22:24:05,4.8940000000000055,98.83308410644531,20.866162833184006,1003.06,1.6935
65.0,-86.0,2026-09-22 22:24:05,8.974000000000046,95.85808410644532,20.380162833184002,995.56,2.0675
65.0,-85.5,2026-09-22 22:24:05,9.55800000000005,94.90808410644532,19.246162833184005,993.58,1.564
65.0,-85.0,2026-09-22 22:24:05,10.022000000000048,92.85808410644532,22.090162833184007,995.66,0.4885
65.0,-84.5,2026-09-22 22:24:05,9.562000000000012,91.15808410644532,24.070162833184003,962.61,0.3965
65.0,-84.0,2026-09-22 22:24:05,10.899000000000001,85.13308410644532,22.900162833184005,967.38,0.305
65.0,-83.5,2026-09-22 22:24:05,9.55400000000003,86.88308410644532,25.294162833184004,961.61,0.6715
65.0,-83.0,2026-09-22 22:24:05,7.656000000000006,78.80808410644532,6.016162833184004,1003.53,0.084
65.0,-78.0,2026-09-22 22:24:05,6.496000000000038,90.70808410644531,38.16416283318401,1002.0,0.0305
65.0,-77.5,2026-09-22 22:24:05,6.912000000000035,91.25808410644532,37.210162833184,991.0,0.0155
65.0,-77.0,2026-09-22 22:24:05,7.937000000000012,85.43308410644532,28.930162833184006,994.97,0.0075
65.0,-76.5,2026-09-22 22:24:05,7.763000000000034,85.13308410644532,31.882162833184008,989.64,0.0
65.0,-76.0,2026-09-22 22:24:05,7.448000000000036,87.60808410644532,24.250162833184003,1000.34,0.0
65.0,-75.5,2026-09-22 22:24:05,5.3110000000000355,94.48308410644532,30.046162833184002,1004.66,0.0
65.0,-75.0,2026-09-22 22:24:05,5.218000000000018,93.03308410644532,31.162162833184006,1005.99,0.0
65.0,-74.5,2026-09-22 22:24:05,5.1510000000000105,92.30808410644532,33.62816283318401,1006.99,0.0
65.0,-74.0,2026-09-22 22:24:05,4.723000000000013,90.68308410644532,35.91416283318401,1001.38,0.0
65.0,-73.5,2026-09-22 22:24:05,3.6340000000000146,95.28308410644532,38.290162833184006,987.09,0.0
65.0,-73.0,2026-09-22 22:24:05,3.4980000000000473,93.80808410644532,30.442162833184007,995.74,0.0
65.0,-72.5,2026-09-22 22:24:05,3.598000000000013,88.95808410644531,30.640162833184007,993.3,0.0305
65.0,-72.0,2026-09-22 22:24:05,3.862000000000023,87.58308410644531,24.736162833184004,995.91,0.023
65.0,-71.5,2026-09-22 22:24:05,4.774000000000001,83.78308410644532,39.910162833184,999.59,0.0
65.0,-71.0,2026-09-22 22:24:05,4.850000000000023,81.08308410644531,38.92016283318401,1000.3,0.0
65.0,-70.5,2026-09-22 22:24:05,4.329000000000008,72.75808410644531,27.526162833184006,999.72,0.0
65.0,-70.0,2026-09-22 22:24:05,3.4670000000000414,74.90808410644532,23.008162833184006,986.52,0.0535
65.0,-69.5,2026-09-22 22:24:05,3.3290000000000077,74.58308410644531,18.832162833184004,983.92,0.023
65.0,-69.0,2026-09-22 22:24:05,2.1160000000000423,72.30808410644532,18.202162833184005,969.53,0.0075
65.0,-68.5,2026-09-22 22:24:05,0.22600000000005593,79.53308410644532,15.664162833184005,954.52,0.0
65.0,-68.0,2026-09-22 22:24:05,0.19700000000000273,76.48308410644532,13.972162833184004,948.19,0.038
65.0,-67.5,2026-09-22 22:24:05,-0.08799999999996544,77.98308410644532,10.948162833184005,947.95,0.084
65.0,-67.0,2026-09-22 22:24:05,0.3730000000000473,70.20808410644531,11.290162833184004,942.5,0.0
65.0,-66.5,2026-09-22 22:24:05,0.020000000000038654,71.20808410644531,12.190162833184004,937.41,0.0
65.0,-64.0,2026-09-22 22:24:05,3.587000000000046,66.43308410644532,20.110162833184006,1004.34,0.0
65.0,-63.5,2026-09-22 22:24:05,1.8800000000000523,78.70808410644531,24.160162833184007,1017.34,0.0075
65.5,-141.0,2026-09-22 22:24:05,4.221000000000004,93.96890411376954,5.4,932.85,4.0895
65.5,-140.5,2026-09-22 22:24:05,1.5360000000000014,92.09390411376954,7.668,882.67,8.9035
65.5,-140.0,2026-09-22 22:24:05,1.7380000000000564,91.94390411376953,5.184,873.29,7.7055
65.5,-139.5,2026-09-22 22:24:05,1.115000000000009,91.86890411376953,4.716,866.53,17.586000000000002
65.5,-139.0,2026-09-22 22:24:05,1.5270000000000437,92.31890411376953,7.02,866.34,9.1325
65.5,-138.5,2026-09-22 22:24:05,4.697000000000003,88.79390411376954,5.868,915.01,0.4195
65.5,-138.0,2026-09-22 22:24:05,4.66700000000003,84.96890411376954,3.636,906.31,2.449
65.5,-137.5,2026-09-22 22:24:05,2.781000000000006,87.41890411376954,1.4400000000000002,884.71,2.8075
65.5,-137.0,2026-09-22 22:24:05,5.418000000000006,78.29390411376954,2.4480000000000004,928.65,0.305
65.5,-136.5,2026-09-22 22:24:05,4.424000000000035,81.79390411376954,3.4200000000000004,911.59,0.122
65.5,-136.0,2026-09-22 22:24:05,4.506000000000029,90.26890411376954,5.0040000000000004,923.74,0.5495
65.5,-135.5,2026-09-22 22:24:05,6.2520000000000095,85.26890411376954,3.3120000000000003,944.76,0.4655
65.5,-135.0,2026-09-22 22:24:05,6.004000000000019,89.71890411376954,2.9160000000000004,960.88,0.20600000000000002
65.5,-134.5,2026-09-22 22:24:05,3.1340000000000146,94.24390411376953,5.256,905.2,0.5645
65.5,-134.0,2026-09-22 22:24:05,4.807000000000016,90.89390411376954,7.164,918.01,0.389
65.5,-133.5,2026-09-22 22:24:05,6.671000000000049,84.04390411376954,5.508,948.1,0.084
65.5,-133.0,2026-09-22 22:24:05,2.702000000000055,91.74390411376953,6.444,878.49,0.023
65.5,-132.5,2026-09-22 22:24:05,3.9820000000000277,91.34390411376954,8.784,894.92,0.3815
65.5,-132.0,2026-09-22 22:24:05,5.448000000000036,85.74390411376953,9.395999999999999,908.15,0.1375
65.5,-131.5,2026-09-22 22:24:05,6.692000000000007,79.94390411376953,10.8,913.62,0.061
65.5,-131.0,2026-09-22 22:24:05,8.835000000000036,73.31890411376953,9.072000000000001,945.37,0.20600000000000002
65.5,-130.5,2026-09-22 22:24:05,10.14100000000002,61.043904113769536,11.736,942.23,0.046
65.5,-130.0,2026-09-22 22:24:05,8.216000000000008,74.49390411376953,9.684,938.28,0.0535
65.5,-129.5,2026-09-22 22:24:05,9.259000000000015,71.11890411376953,7.524,970.63,0.0
65.5,-129.0,2026-09-22 22:24:05,9.368000000000052,66.99390411376953,5.868,979.06,0.0
65.5,-128.5,2026-09-22 22:24:05,9.541000000000054,66.26890411376954,7.056,989.31,0.0
65.5,-128.0,2026-09-22 22:24:05,8.835000000000036,69.41890411376953,7.704000000000001,981.23,0.0075
65.5,-127.5,2026-09-22 22:24:05,9.386000000000024,69.89390411376954,7.452,990.18,0.0305
65.5,-127.0,2026-09-22 22:24:05,11.191000000000031,55.51890411376954,8.1,974.32,0.0
65.5,-126.5,2026-09-22 22:24:05,9.498000000000047,67.99390411376953,1.872,990.85,0.0
65.5,-126.0,2026-09-22 22:24:05,10.875000000000057,57.318904113769534,0.468,955.32,0.0
65.5,-125.5,2026-09-22 22:24:05,9.969000000000051,64.74390411376953,0.396,971.04,0.0
65.5,-125.0,2026-09-22 22:24:05,10.849000000000046,64.16890411376953,3.456,959.4,0.0
65.5,-124.5,2026-09-22 22:24:05,11.523000000000025,62.86890411376953,5.112,979.06,0.0
65.5,-124.0,2026-09-22 22:24:05,11.001000000000033,64.49390411376953,7.02,982.88,0.0
65.5,-123.5,2026-09-22 22:24:05,11.563000000000045,60.07467346191407,2.556,975.52,0.0
65.5,-123.0,2026-09-22 22:24:05,8.668000000000006,76.87467346191407,10.044,974.85,0.0
65.5,-122.5,2026-09-22 22:24:05,7.108000000000004,89.19967346191407,7.308000000000001,986.96,0.0
65.5,-122.0,2026-09-22 22:24:05,6.959000000000003,88.59967346191407,5.292,986.96,0.0
65.5,-121.5,2026-09-22 22:24:05,6.739000000000033,86.49967346191407,4.104000000000001,986.94,0.0
65.5,-121.0,2026-09-22 22:24:05,8.662000000000035,72.84967346191407,3.9240000000000004,953.46,0.0
65.5,-120.5,2026-09-22 22:24:05,7.481000000000051,84.42467346191407,7.164,960.79,0.0
65.5,-120.0,2026-09-22 22:24:05,7.490000000000009,85.39967346191406,6.048,987.19,0.0
65.5,-119.5,2026-09-22 22:24:05,9.354000000000042,70.64967346191406,2.9520000000000004,977.22,0.0
65.5,-119.0,2026-09-22 22:24:05,9.076000000000022,71.09967346191407,2.8800000000000003,963.04,0.0
65.5,-118.5,2026-09-22 22:24:05,9.30800000000005,79.87467346191407,2.592,984.68,0.0
65.5,-118.0,2026-09-22 22:24:05,8.467000000000041,81.29967346191407,4.5,980.74,0.0
65.5,-117.5,2026-09-22 22:24:05,7.802000000000021,80.14967346191406,2.3760000000000003,970.21,0.0
65.5,-117.0,2026-09-22 22:24:05,7.906000000000006,74.74967346191407,3.8880000000000003,967.55,0.0
65.5,-116.5,2026-09-22 22:24:05,7.180000000000007,78.99967346191407,4.6080000000000005,960.16,0.0
65.5,-116.0,2026-09-22 22:24:05,7.291000000000054,75.92467346191407,5.796,958.13,0.0
65.5,-115.5,2026-09-22 22:24:05,6.777000000000044,77.54967346191407,6.696000000000001,954.54,0.0155
65.5,-115.0,2026-09-22 22:24:05,6.616000000000042,80.02467346191406,6.732,951.33,0.0075
65.5,-114.5,2026-09-22 22:24:05,7.268000000000029,73.79967346191407,6.876,957.85,0.0
65.5,-114.0,2026-09-22 22:24:05,6.321000000000026,85.22467346191407,6.876,958.74,0.0
65.5,-113.5,2026-09-22 22:24:05,6.309000000000026,80.07467346191407,9.216000000000001,948.68,0.0
65.5,-113.0,2026-09-22 22:24:05,5.975000000000023,87.42467346191407,9.9,955.94,0.0
65.5,-112.5,2026-09-22 22:24:05,7.02800000000002,77.49967346191407,10.224,952.54,0.0
65.5,-112.0,2026-09-22 22:24:05,6.843000000000018,79.37467346191407,10.080000000000002,950.19,0.0
65.5,-111.5,2026-09-22 22:24:05,6.753000000000043,80.34967346191407,10.692,943.4,0.0
65.5,-111.0,2026-09-22 22:24:05,7.567000000000007,76.32467346191406,10.368,947.88,0.0
65.5,-110.5,2026-09-22 22:24:05,5.592000000000041,91.67467346191407,14.436,952.25,0.0
65.5,-110.0,2026-09-22 22:24:05,8.250000000000057,72.72467346191407,12.312,946.91,0.0
65.5,-109.5,2026-09-22 22:24:05,9.18300000000005,67.59967346191407,12.6,948.9,0.0
65.5,-109.0,2026-09-22 22:24:05,9.826000000000022,66.42467346191407,11.844000000000001,949.71,0.0
65.5,-108.5,2026-09-22 22:24:05,10.260000000000048,62.999673461914064,11.628,950.99,0.0
65.5,-108.0,2026-09-22 22:24:05,10.954000000000008,63.52467346191406,10.8,957.08,0.0
65.5,-107.5,2026-09-22 22:24:05,11.574000000000012,61.54967346191407,11.736,962.94,0.0
65.5,-107.0,2026-09-22 22:24:05,9.927000000000021,70.49967346191407,9.684,970.8,0.0
65.5,-106.5,2026-09-22 22:24:05,11.998000000000047,59.17467346191407,9.072000000000001,964.79,0.0
65.5,-106.0,2026-09-22 22:24:05,12.538000000000011,55.42467346191407,9.468,966.66,0.0
65.5,-105.5,2026-09-22 22:24:05,12.416000000000054,55.749673461914064,10.080000000000002,963.33,0.0
65.5,-105.0,2026-09-22 22:24:05,12.858000000000004,53.599673461914065,9.612,966.38,0.0
65.5,-104.5,2026-09-22 22:24:05,13.189000000000021,52.69967346191407,9.72,967.47,0.0
65.5,-104.0,2026-09-22 22:24:05,13.884000000000015,50.724673461914065,10.296,976.25,0.0
65.5,-103.5,2026-09-22 22:24:05,13.93100000000004,50.499673461914064,9.936000000000002,976.46,0.0
65.5,-103.0,2026-09-22 22:24:05,11.948000000000036,67.94967346191406,9.828,972.93,0.0
65.5,-102.5,2026-09-22 22:24:05,11.567000000000007,73.44967346191406,10.116,978.65,0.0
65.5,-102.0,2026-09-22 22:24:05,10.630000000000052,77.82467346191407,11.556000000000001,978.69,0.0
65.5,-101.5,2026-09-22 22:24:05,9.331000000000017,80.73308410644532,14.260162833184005,978.5,0.0
65.5,-101.0,2026-09-22 22:24:05,9.282000000000039,81.60808410644532,15.394162833184005,978.36,0.0
65.5,-100.5,2026-09-22 22:24:05,9.345000000000027,81.30808410644532,15.898162833184003,979.38,0.0
65.5,-100.0,2026-09-22 22:24:05,9.087000000000046,83.35808410644532,16.150162833184005,981.02,0.0305
65.5,-99.5,2026-09-22 22:24:05,9.55800000000005,80.38308410644532,18.184162833184004,976.39,0.16
65.5,-99.0,2026-09-22 22:24:05,10.038000000000011,76.75808410644531,17.482162833184006,980.64,0.1375
65.5,-98.5,2026-09-22 22:24:05,9.885000000000048,75.80808410644532,15.232162833184004,981.58,0.1525
65.5,-98.0,2026-09-22 22:24:05,9.226000000000056,74.65808410644532,17.374162833184005,982.0,0.1295
65.5,-97.5,2026-09-22 22:24:05,8.527000000000044,73.85808410644532,12.874162833184004,975.86,0.099
65.5,-97.0,2026-09-22 22:24:05,8.148000000000025,76.63308410644531,14.584162833184006,983.84,0.099
65.5,-96.5,2026-09-22 22:24:05,8.52600000000001,75.53308410644532,16.402162833184004,979.0,0.0535
65.5,-96.0,2026-09-22 22:24:05,8.759000000000015,80.65808410644532,17.968162833184003,981.11,0.061
65.5,-95.5,2026-09-22 22:24:05,8.731000000000051,79.78308410644532,19.966162833184008,980.84,0.0305
65.5,-95.0,2026-09-22 22:24:05,8.732000000000028,80.68308410644532,16.294162833184004,977.53,0.061
65.5,-94.5,2026-09-22 22:24:05,8.124000000000024,83.90808410644532,19.336162833184005,970.27,0.1525
65.5,-94.0,2026-09-22 22:24:05,8.142000000000053,83.80808410644532,18.922162833184007,976.63,0.1145
65.5,-93.5,2026-09-22 22:24:05,7.059000000000026,87.83308410644531,18.112162833184005,978.31,0.1145
65.5,-93.0,2026-09-22 22:24:05,7.230000000000018,89.28308410644532,20.290162833184006,963.92,0.389
65.5,-92.5,2026-09-22 22:24:05,6.777000000000044,92.83308410644531,17.446162833184005,967.5,0.313
65.5,-92.0,2026-09-22 22:24:05,7.4430000000000405,92.85808410644532,15.718162833184003,971.5,0.3355
65.5,-91.5,2026-09-22 22:24:05,6.841000000000008,94.03308410644532,15.088162833184004,959.91,0.908
65.5,-91.0,2026-09-22 22:24:05,6.5020000000000095,97.18308410644532,13.306162833184004,962.44,1.1445
65.5,-90.5,2026-09-22 22:24:05,6.63900000000001,98.78308410644532,11.776162833184005,964.2,1.5030000000000001
65.5,-90.0,2026-09-22 22:24:05,6.68300000000005,95.85808410644532,17.716162833184008,951.52,1.602
65.5,-89.5,2026-09-22 22:24:05,8.037000000000035,90.40808410644532,20.722162833184004,962.03,1.137
65.5,-89.0,2026-09-22 22:24:05,5.3870000000000005,91.98308410644532,4.774162833184004,1001.34,0.8315
65.5,-88.5,2026-09-22 22:24:05,5.103000000000009,93.08308410644531,5.728162833184004,1001.91,4.6615
65.5,-88.0,2026-09-22 22:24:05,9.666000000000054,86.58308410644531,8.824162833184003,990.78,3.807
65.5,-87.5,2026-09-22 22:24:05,10.021000000000015,86.55808410644532,14.818162833184005,986.0,4.6690000000000005
65.5,-87.0,2026-09-22 22:24:05,6.2000000000000455,97.40808410644532,19.354162833184002,1001.89,1.793
65.5,-86.0,2026-09-22 22:24:05,7.407000000000039,98.30808410644532,26.482162833184006,998.88,1.518
65.5,-85.5,2026-09-22 22:24:05,9.727000000000032,92.63308410644532,22.666162833184007,998.16,0.992
65.5,-85.0,2026-09-22 22:24:05,5.513000000000034,97.93308410644532,17.716162833184008,1002.92,0.47300000000000003
65.5,-84.5,2026-09-22 22:24:05,5.04200000000003,99.53308410644532,26.680162833184003,1002.94,0.267
65.5,-77.5,2026-09-22 22:24:05,2.8940000000000055,99.10808410644532,39.73016283318401,1005.83,0.0075
65.5,-77.0,2026-09-22 22:24:05,5.050000000000011,94.18308410644532,29.956162833184006,1006.11,0.0
65.5,-74.5,2026-09-22 22:24:05,5.412000000000035,92.35808410644532,41.62016283318401,1008.49,0.0
65.5,-74.0,2026-09-22 22:24:05,5.583000000000027,88.20808410644531,37.048162833184,1008.83,0.0
65.5,-73.5,2026-09-22 22:24:05,5.281000000000006,89.33308410644531,35.14016283318401,1009.44,0.0535
65.5,-73.0,2026-09-22 22:24:05,4.800000000000011,87.38308410644532,29.668162833184006,1003.56,0.0075
65.5,-72.5,2026-09-22 22:24:05,3.569000000000017,91.65808410644532,30.010162833184005,993.72,0.0535
65.5,-72.0,2026-09-22 22:24:05,2.955000000000041,92.05808410644532,26.050162833184004,989.39,0.038
65.5,-71.5,2026-09-22 22:24:05,4.305000000000007,86.73308410644532,36.86816283318401,998.95,0.0
65.5,-71.0,2026-09-22 22:24:05,4.852000000000032,82.48308410644532,41.962162833184,999.8,0.0
65.5,-70.5,2026-09-22 22:24:05,4.746000000000038,76.75808410644531,34.258162833184,1001.13,0.0
65.5,-70.0,2026-09-22 22:24:05,4.327000000000055,66.03308410644532,24.880162833184002,991.31,0.0535
65.5,-69.5,2026-09-22 22:24:05,4.65500000000003,64.75808410644531,20.758162833184006,986.13,0.0155
65.5,-69.0,2026-09-22 22:24:05,2.5810000000000173,74.83308410644531,18.634162833184007,975.77,0.0075
65.5,-68.5,2026-09-22 22:24:05,0.7230000000000132,78.43308410644532,17.374162833184005,960.22,0.0
65.5,-68.0,2026-09-22 22:24:05,0.11600000000004229,79.50808410644532,14.728162833184006,950.25,0.0155
65.5,-67.5,2026-09-22 22:24:05,-0.23399999999998045,77.43308410644532,11.812162833184004,947.31,0.0685
65.5,-67.0,2026-09-22 22:24:05,0.008000000000038199,73.35808410644532,10.858162833184005,941.52,0.0
65.5,-65.0,2026-09-22 22:24:05,-0.6459999999999582,72.53308410644532,14.530162833184004,948.78,0.0
65.5,-64.5,2026-09-22 22:24:05,1.0440000000000396,68.93308410644532,14.116162833184005,970.28,0.0
65.5,-64.0,2026-09-22 22:24:05,4.077000000000055,54.658084106445315,17.680162833184003,989.58,0.0
65.5,-63.5,2026-09-22 22:24:05,1.924000000000035,78.95808410644531,24.286162833184004,1017.27,0.0
65.5,-63.0,2026-09-22 22:24:05,1.6450000000000387,82.75808410644532,26.680162833184003,1017.45,0.0
66.0,-141.0,2026-09-22 22:24:05,3.420000000000016,96.29390411376954,11.16,935.2,2.1055
66.0,-140.5,2026-09-22 22:24:05,4.029000000000053,89.69390411376953,10.512,918.13,1.549
66.0,-140.0,2026-09-22 22:24:05,2.907000000000039,83.96890411376954,10.44,898.74,1.1675
66.0,-139.5,2026-09-22 22:24:05,4.741000000000042,81.44390411376953,8.028,921.87,0.45
66.0,-139.0,2026-09-22 22:24:05,7.036000000000001,76.69390411376953,5.5440000000000005,948.84,0.0535
66.0,-138.5,2026-09-22 22:24:05,5.791000000000054,79.29390411376954,5.832000000000001,932.62,4.715
66.0,-138.0,2026-09-22 22:24:05,6.493000000000052,79.76890411376954,3.7800000000000002,951.2,7.8965000000000005
66.0,-137.5,2026-09-22 22:24:05,6.411000000000001,76.16890411376953,2.3760000000000003,948.67,6.157
66.0,-137.0,2026-09-22 22:24:05,5.619000000000028,79.19390411376953,2.0160000000000005,943.87,2.96
66.0,-136.5,2026-09-22 22:24:05,6.0610000000000355,78.71890411376954,3.9960000000000004,950.15,1.457
66.0,-136.0,2026-09-22 22:24:05,5.220000000000027,81.69390411376953,7.236000000000001,938.35,4.73
66.0,-135.5,2026-09-22 22:24:05,3.840000000000032,83.49390411376953,11.016,914.31,0.8240000000000001
66.0,-135.0,2026-09-22 22:24:05,5.470000000000027,97.26890411376954,3.9240000000000004,959.31,0.183
66.0,-134.5,2026-09-22 22:24:05,6.435000000000002,90.41890411376954,6.732,967.34,0.0535
66.0,-134.0,2026-09-22 22:24:05,7.110000000000014,87.19390411376953,6.372,973.1,0.839
66.0,-133.5,2026-09-22 22:24:05,6.230000000000018,90.36890411376953,6.192,970.2,0.3585
66.0,-133.0,2026-09-22 22:24:05,5.503000000000043,90.81890411376953,6.9479999999999995,959.95,1.6785
66.0,-132.5,2026-09-22 22:24:05,6.4150000000000205,80.54390411376954,8.928,965.23,1.732
66.0,-132.0,2026-09-22 22:24:05,7.987000000000023,77.34390411376954,11.628,980.79,0.8165
66.0,-131.5,2026-09-22 22:24:05,8.184000000000026,76.91890411376954,14.256,977.13,0.4045
66.0,-131.0,2026-09-22 22:24:05,8.769000000000005,75.59390411376954,13.968,978.18,0.244
66.0,-130.5,2026-09-22 22:24:05,9.576000000000022,70.31890411376953,12.168,988.03,0.107
66.0,-130.0,2026-09-22 22:24:05,9.291000000000054,69.51890411376954,10.26,994.98,0.23650000000000002
66.0,-129.5,2026-09-22 22:24:05,9.079000000000008,72.14390411376954,9.648000000000001,997.68,0.328
66.0,-129.0,2026-09-22 22:24:05,8.257000000000005,78.59390411376954,6.516,997.51,0.0155
66.0,-128.5,2026-09-22 22:24:05,9.345000000000027,72.74390411376953,8.46,993.1,0.0535
66.0,-128.0,2026-09-22 22:24:05,9.17900000000003,74.76890411376954,8.280000000000001,977.13,0.0765
66.0,-127.5,2026-09-22 22:24:05,10.208000000000027,61.84390411376953,4.356,981.85,0.0075
66.0,-127.0,2026-09-22 22:24:05,8.58200000000005,68.44390411376953,5.112,951.13,0.145
66.0,-126.5,2026-09-22 22:24:05,10.479000000000042,54.59390411376953,4.212,962.01,0.0
66.0,-126.0,2026-09-22 22:24:05,10.459000000000003,56.793904113769536,2.4120000000000004,962.04,0.0
66.0,-125.5,2026-09-22 22:24:05,10.936000000000035,58.293904113769536,3.2760000000000002,963.26,0.0
66.0,-125.0,2026-09-22 22:24:05,7.598000000000013,77.59390411376954,5.364,983.85,0.0
66.0,-124.5,2026-09-22 22:24:05,10.58200000000005,65.76890411376954,2.556,984.29,0.0
66.0,-124.0,2026-09-22 22:24:05,9.310000000000002,70.19390411376953,3.096,982.32,0.0
66.0,-123.5,2026-09-22 22:24:05,9.740000000000009,64.42467346191407,5.22,973.24,0.0
66.0,-123.0,2026-09-22 22:24:05,8.95700000000005,75.17467346191407,4.86,984.44,0.0
66.0,-122.5,2026-09-22 22:24:05,7.586000000000013,79.07467346191407,7.452,985.44,0.0
66.0,-122.0,2026-09-22 22:24:05,8.386000000000024,70.39967346191406,6.3,972.71,0.0
66.0,-121.5,2026-09-22 22:24:05,6.490000000000009,82.17467346191407,4.824000000000001,938.22,0.0
66.0,-121.0,2026-09-22 22:24:05,6.334000000000003,89.32467346191407,5.5440000000000005,987.13,0.0
66.0,-120.5,2026-09-22 22:24:05,6.494000000000028,89.99967346191407,7.884,987.18,0.0
66.0,-120.0,2026-09-22 22:24:05,6.238000000000056,88.39967346191406,7.74,987.04,0.0
66.0,-119.5,2026-09-22 22:24:05,6.126000000000033,88.09967346191407,6.66,986.57,0.0
66.0,-119.0,2026-09-22 22:24:05,6.04200000000003,86.84967346191407,5.22,986.04,0.0
66.0,-118.5,2026-09-22 22:24:05,6.404000000000053,84.57467346191407,3.096,986.74,0.0
66.0,-118.0,2026-09-22 22:24:05,6.799000000000035,81.59967346191407,4.824000000000001,975.04,0.0
66.0,-117.5,2026-09-22 22:24:05,8.288000000000011,73.32467346191406,5.22,973.05,0.0
66.0,-117.0,2026-09-22 22:24:05,7.182000000000016,76.37467346191407,5.688000000000001,967.91,0.0
66.0,-116.5,2026-09-22 22:24:05,6.191000000000031,81.99967346191407,7.596,956.32,0.0155
66.0,-116.0,2026-09-22 22:24:05,6.087000000000046,82.09967346191407,7.056,952.86,0.0305
66.0,-115.5,2026-09-22 22:24:05,6.110000000000014,82.24967346191407,7.092,951.66,0.0155
66.0,-115.0,2026-09-22 22:24:05,6.500000000000057,77.57467346191407,7.344,954.79,0.0075
66.0,-114.5,2026-09-22 22:24:05,6.698000000000036,76.69967346191406,6.66,958.19,0.0
66.0,-114.0,2026-09-22 22:24:05,6.309000000000026,79.97467346191407,8.208000000000002,953.32,0.0
66.0,-113.5,2026-09-22 22:24:05,6.743000000000052,73.62467346191407,9.108,952.97,0.0
66.0,-113.0,2026-09-22 22:24:05,6.29200000000003,75.37467346191407,10.188,949.9,0.0
66.0,-112.5,2026-09-22 22:24:05,6.199000000000012,75.04967346191407,13.932,949.83,0.0
66.0,-112.0,2026-09-22 22:24:05,6.569000000000017,70.47467346191407,12.096,944.66,0.0
66.0,-111.5,2026-09-22 22:24:05,6.228000000000009,76.42467346191407,14.364,945.25,0.0
66.0,-111.0,2026-09-22 22:24:05,5.219000000000051,83.22467346191407,15.084000000000001,934.97,0.0
66.0,-110.5,2026-09-22 22:24:05,6.507000000000005,73.94967346191406,13.895999999999999,941.77,0.0
66.0,-110.0,2026-09-22 22:24:05,6.888000000000034,71.77467346191406,15.192,942.66,0.0
66.0,-109.5,2026-09-22 22:24:05,7.619000000000028,70.52467346191406,15.876000000000001,946.15,0.0
66.0,-109.0,2026-09-22 22:24:05,8.400000000000034,66.49967346191407,14.724,951.94,0.0
66.0,-108.5,2026-09-22 22:24:05,9.189000000000021,67.27467346191406,13.284,960.96,0.0
66.0,-108.0,2026-09-22 22:24:05,9.019000000000005,69.54967346191407,13.716000000000001,954.4,0.0
66.0,-107.5,2026-09-22 22:24:05,9.439000000000021,68.09967346191407,12.168,951.46,0.0
66.0,-107.0,2026-09-22 22:24:05,9.698000000000036,68.87467346191407,11.700000000000001,963.33,0.0
66.0,-106.5,2026-09-22 22:24:05,10.140000000000043,67.89967346191406,14.256,970.65,0.0
66.0,-106.0,2026-09-22 22:24:05,10.767000000000053,68.07467346191406,15.408000000000001,967.66,0.0
66.0,-105.5,2026-09-22 22:24:05,11.29200000000003,67.37467346191407,14.04,974.52,0.0
66.0,-105.0,2026-09-22 22:24:05,11.500000000000057,66.69967346191406,14.256,968.72,0.0
66.0,-104.5,2026-09-22 22:24:05,11.687000000000012,66.37467346191407,13.680000000000001,970.4,0.0
66.0,-104.0,2026-09-22 22:24:05,11.612000000000023,65.37467346191407,13.428,972.44,0.0
66.0,-103.5,2026-09-22 22:24:05,12.01400000000001,65.39967346191406,12.312,975.58,0.0
66.0,-103.0,2026-09-22 22:24:05,11.366000000000042,73.04967346191407,11.592,974.54,0.0
66.0,-102.5,2026-09-22 22:24:05,11.40500000000003,72.12467346191407,10.944,976.54,0.0
66.0,-102.0,2026-09-22 22:24:05,11.18300000000005,78.79967346191407,10.008000000000001,979.58,0.0
66.0,-101.5,2026-09-22 22:24:05,8.330000000000041,85.55808410644532,10.858162833184005,976.89,0.0
66.0,-101.0,2026-09-22 22:24:05,8.032000000000039,84.85808410644532,11.398162833184005,978.75,0.0
66.0,-100.5,2026-09-22 22:24:05,5.428000000000054,88.50808410644532,12.586162833184005,982.24,0.0
66.0,-100.0,2026-09-22 22:24:05,6.099000000000046,88.75808410644532,15.142162833184003,981.22,0.0075
66.0,-99.5,2026-09-22 22:24:05,8.29400000000004,81.70808410644531,17.950162833184006,980.36,0.0765
66.0,-99.0,2026-09-22 22:24:05,9.132000000000005,78.05808410644532,18.292162833184005,982.58,0.0685
66.0,-98.5,2026-09-22 22:24:05,9.268000000000029,82.45808410644531,16.924162833184003,984.16,0.122
66.0,-98.0,2026-09-22 22:24:05,9.508000000000038,80.18308410644532,18.616162833184006,987.8,0.046
66.0,-97.5,2026-09-22 22:24:05,9.381000000000029,79.15808410644532,17.212162833184003,989.03,0.023
66.0,-97.0,2026-09-22 22:24:05,9.699000000000012,78.55808410644532,15.682162833184005,984.72,0.0075
66.0,-96.5,2026-09-22 22:24:05,9.738000000000056,78.28308410644532,16.582162833184004,985.05,0.0
66.0,-96.0,2026-09-22 22:24:05,8.822000000000003,80.43308410644532,20.236162833184004,976.74,0.046
66.0,-95.5,2026-09-22 22:24:05,8.70700000000005,81.65808410644532,18.580162833184005,979.88,0.023
66.0,-95.0,2026-09-22 22:24:05,7.258000000000038,85.05808410644532,23.494162833184003,972.7,0.0155
66.0,-94.5,2026-09-22 22:24:05,7.393000000000029,86.45808410644531,21.856162833184005,965.92,0.107
66.0,-94.0,2026-09-22 22:24:05,6.772000000000048,90.18308410644532,16.924162833184003,963.72,0.23650000000000002
66.0,-93.5,2026-09-22 22:24:05,6.881000000000029,89.55808410644532,21.208162833184005,967.56,0.122
66.0,-93.0,2026-09-22 22:24:05,5.011000000000024,93.88308410644532,20.578162833184006,962.19,0.2975
66.0,-92.5,2026-09-22 22:24:05,6.559000000000026,91.33308410644531,22.000162833184003,956.55,0.229
66.0,-92.0,2026-09-22 22:24:05,6.939000000000021,89.93308410644532,22.342162833184002,968.92,0.061
66.0,-91.5,2026-09-22 22:24:05,7.412000000000035,92.10808410644532,3.964162833184004,982.2,0.046
66.0,-91.0,2026-09-22 22:24:05,8.255000000000052,88.18308410644532,7.348162833184005,985.16,0.084
66.0,-90.5,2026-09-22 22:24:05,6.424000000000035,98.70808410644531,5.8181628331840045,973.38,0.519
66.0,-90.0,2026-09-22 22:24:05,8.062000000000012,89.50808410644532,3.190162833184004,993.77,1.6480000000000001
66.0,-89.5,2026-09-22 22:24:05,7.465000000000032,94.85808410644532,8.734162833184003,970.38,4.4325
66.0,-89.0,2026-09-22 22:24:05,8.699000000000012,86.20808410644531,15.448162833184004,966.63,3.1585
66.0,-88.5,2026-09-22 22:24:05,8.562000000000012,87.60808410644532,10.588162833184004,969.13,2.3345000000000002
66.0,-88.0,2026-09-22 22:24:05,7.233000000000004,93.95808410644531,12.352162833184005,967.58,1.7550000000000001
66.0,-87.5,2026-09-22 22:24:05,9.799000000000035,85.53308410644532,16.528162833184005,974.39,1.9915
66.0,-87.0,2026-09-22 22:24:05,10.348000000000013,85.28308410644532,13.054162833184005,982.84,2.4565
66.0,-86.5,2026-09-22 22:24:05,9.585000000000036,89.08308410644531,14.494162833184005,990.36,1.808
66.0,-86.0,2026-09-22 22:24:05,3.1750000000000114,99.08308410644531,25.528162833184005,1001.94,1.114
66.0,-85.5,2026-09-22 22:24:05,3.876000000000033,99.20808410644531,21.532162833184003,1002.39,0.786
66.0,-85.0,2026-09-22 22:24:05,7.451000000000022,94.65808410644532,20.974162833184003,993.33,0.435
66.0,-84.5,2026-09-22 22:24:05,3.421000000000049,99.98308410644532,8.896162833184004,1002.86,0.229
66.0,-84.0,2026-09-22 22:24:05,7.78000000000003,95.03308410644532,21.622162833184007,987.92,0.229
66.0,-83.5,2026-09-22 22:24:05,7.118000000000052,93.53308410644532,15.340162833184005,1002.02,0.0685
66.0,-74.5,2026-09-22 22:24:05,5.178000000000054,93.55808410644532,41.386162833184,1007.77,0.0
66.0,-74.0,2026-09-22 22:24:05,5.192000000000007,91.48308410644532,34.40216283318401,1008.34,0.0
66.0,-73.5,2026-09-22 22:24:05,5.190000000000055,89.18308410644532,31.14416283318401,1007.91,0.0
66.0,-73.0,2026-09-22 22:24:05,4.970000000000027,87.15808410644532,29.974162833184003,1005.11,0.0
66.0,-72.5,2026-09-22 22:24:05,3.851000000000056,91.13308410644532,30.352162833184007,995.75,0.0155
66.0,-72.0,2026-09-22 22:24:05,3.8520000000000323,90.18308410644532,32.116162833184006,992.94,0.1295
66.0,-71.5,2026-09-22 22:24:05,3.265000000000043,88.90808410644532,26.824162833184005,995.67,0.0
66.0,-71.0,2026-09-22 22:24:05,4.909000000000049,83.50808410644532,43.168162833184006,999.44,0.0
66.0,-70.5,2026-09-22 22:24:05,4.706000000000017,78.03308410644532,35.824162833184005,1000.95,0.0
66.0,-70.0,2026-09-22 22:24:05,4.105000000000018,71.70808410644531,25.114162833184004,994.8,0.0155
66.0,-69.5,2026-09-22 22:24:05,3.54200000000003,75.08308410644531,21.856162833184005,984.8,0.0305
66.0,-69.0,2026-09-22 22:24:05,3.1850000000000023,73.35808410644532,18.670162833184005,981.49,0.0155
66.0,-68.5,2026-09-22 22:24:05,1.344000000000051,74.88308410644531,17.968162833184003,964.55,0.0
66.0,-68.0,2026-09-22 22:24:05,0.30100000000004457,79.68308410644532,14.782162833184005,955.74,0.0
66.0,-67.5,2026-09-22 22:24:05,-0.20299999999997453,79.58308410644531,12.136162833184004,949.95,0.0155
66.0,-67.0,2026-09-22 22:24:05,0.2540000000000191,72.25808410644531,10.282162833184005,947.31,0.0765
66.0,-66.0,2026-09-22 22:24:05,0.6050000000000182,64.73308410644532,13.450162833184004,934.38,0.0
66.0,-65.5,2026-09-22 22:24:05,3.573000000000036,58.25808410644532,11.344162833184004,960.97,0.0
66.0,-65.0,2026-09-22 22:24:05,1.3540000000000418,73.90808410644532,12.622162833184005,949.49,0.0
66.0,-64.5,2026-09-22 22:24:05,4.365000000000009,56.433084106445314,7.906162833184004,989.86,0.0
66.0,-64.0,2026-09-22 22:24:05,3.1060000000000514,57.48308410644532,13.810162833184004,989.14,0.0
66.0,-63.5,2026-09-22 22:24:05,2.879000000000019,76.98308410644532,22.306162833184004,1016.45,0.0
66.0,-63.0,2026-09-22 22:24:05,1.879000000000019,79.63308410644532,25.024162833184004,1017.39,0.0
66.0,-62.5,2026-09-22 22:24:05,1.5840000000000032,81.08308410644531,26.950162833184006,1017.63,0.0
66.0,-62.0,2026-09-22 22:24:05,2.1140000000000327,82.53308410644532,30.712162833184003,1017.86,0.0
66.5,-141.0,2026-09-22 22:24:05,2.296000000000049,97.71890411376954,8.208000000000002,949.87,4.9895000000000005
66.5,-140.5,2026-09-22 22:24:05,3.299000000000035,93.09390411376954,11.088000000000001,932.26,3.113
66.5,-140.0,2026-09-22 22:24:05,3.0860000000000127,86.14390411376954,9.612,913.01,1.9225
66.5,-139.5,2026-09-22 22:24:05,5.190000000000055,78.59390411376954,4.428,931.9,0.29
66.5,-139.0,2026-09-22 22:24:05,4.726000000000056,75.49390411376953,7.632000000000001,929.51,0.122
66.5,-138.5,2026-09-22 22:24:05,7.88900000000001,68.51890411376954,8.784,969.43,0.0
66.5,-138.0,2026-09-22 22:24:05,6.814000000000021,73.09390411376954,10.548,958.74,0.023
66.5,-137.5,2026-09-22 22:24:05,6.885000000000048,67.59390411376954,7.02,955.13,0.252
66.5,-137.0,2026-09-22 22:24:05,6.791000000000054,71.46890411376954,4.86,959.9,3.029
66.5,-136.5,2026-09-22 22:24:05,4.270000000000039,76.96890411376954,9.288,928.01,6.1415
66.5,-136.0,2026-09-22 22:24:05,2.5880000000000223,80.04390411376954,17.136,906.81,4.524
66.5,-135.5,2026-09-22 22:24:05,4.680000000000007,77.41890411376954,10.044,936.81,3.052
66.5,-135.0,2026-09-22 22:24:05,7.000000000000057,75.84390411376954,7.884,968.03,2.3805
66.5,-134.5,2026-09-22 22:24:05,5.536000000000001,81.01890411376954,8.784,950.73,5.4625
66.5,-134.0,2026-09-22 22:24:05,7.989000000000033,79.51890411376954,7.308000000000001,984.76,1.5565
66.5,-133.5,2026-09-22 22:24:05,8.305000000000007,80.24390411376953,7.992000000000001,993.88,0.28250000000000003
66.5,-133.0,2026-09-22 22:24:05,8.081000000000017,82.56890411376953,9.54,996.67,0.16
66.5,-132.5,2026-09-22 22:24:05,7.730000000000018,79.14390411376954,11.664000000000001,991.68,0.17550000000000002
66.5,-132.0,2026-09-22 22:24:05,6.9570000000000505,83.16890411376954,12.564000000000002,991.7,0.1375
66.5,-131.5,2026-09-22 22:24:05,7.710000000000036,77.51890411376954,11.304,992.49,0.046
66.5,-131.0,2026-09-22 22:24:05,6.740000000000009,82.84390411376954,9.648000000000001,993.71,0.0765
66.5,-130.5,2026-09-22 22:24:05,7.234000000000037,76.61890411376953,10.116,996.63,0.9385
66.5,-130.0,2026-09-22 22:24:05,6.201000000000022,85.36890411376953,9.684,991.38,1.1065
66.5,-129.5,2026-09-22 22:24:05,8.134000000000015,76.01890411376954,9.108,989.38,1.2665
66.5,-129.0,2026-09-22 22:24:05,8.459000000000003,78.06890411376953,7.092,994.9,0.7555000000000001
66.5,-128.5,2026-09-22 22:24:05,8.05400000000003,78.26890411376954,9.792000000000002,979.57,0.374
66.5,-128.0,2026-09-22 22:24:05,8.902000000000044,65.89390411376954,9.468,984.53,0.1295
66.5,-127.5,2026-09-22 22:24:05,9.485000000000014,62.818904113769534,7.848000000000001,990.38,0.107
66.5,-127.0,2026-09-22 22:24:05,8.939000000000021,63.74390411376953,9.251999999999999,970.43,0.145
66.5,-126.5,2026-09-22 22:24:05,9.678000000000054,61.443904113769534,3.9240000000000004,985.31,0.023
66.5,-126.0,2026-09-22 22:24:05,8.94500000000005,67.51890411376954,6.084,973.53,0.046
66.5,-125.5,2026-09-22 22:24:05,9.463000000000022,63.11890411376953,6.264,968.93,0.038
66.5,-125.0,2026-09-22 22:24:05,9.307000000000016,66.39390411376954,9.792000000000002,969.57,0.0
66.5,-124.5,2026-09-22 22:24:05,8.197000000000003,73.46890411376954,10.692,962.29,0.0075
66.5,-124.0,2026-09-22 22:24:05,8.734000000000037,68.49390411376953,11.88,969.07,0.0
66.5,-123.5,2026-09-22 22:24:05,6.7070000000000505,80.49967346191407,9.216000000000001,967.44,0.0
66.5,-123.0,2026-09-22 22:24:05,6.498000000000047,81.77467346191406,7.74,986.22,0.0
66.5,-122.5,2026-09-22 22:24:05,5.9150000000000205,83.04967346191407,7.416,987.11,0.0
66.5,-122.0,2026-09-22 22:24:05,5.800000000000011,83.97467346191407,5.256,987.15,0.0
66.5,-121.5,2026-09-22 22:24:05,5.848000000000013,85.04967346191407,4.356,987.19,0.0
66.5,-121.0,2026-09-22 22:24:05,6.007000000000005,82.42467346191407,2.4120000000000004,987.18,0.0
66.5,-120.5,2026-09-22 22:24:05,6.504000000000019,78.47467346191407,2.3760000000000003,987.18,0.0
66.5,-120.0,2026-09-22 22:24:05,7.188000000000045,76.12467346191407,1.044,979.41,0.0
66.5,-119.5,2026-09-22 22:24:05,6.638000000000034,76.04967346191407,3.528,966.3,0.0
66.5,-119.0,2026-09-22 22:24:05,5.990000000000009,81.99967346191407,4.104000000000001,956.47,0.0
66.5,-118.5,2026-09-22 22:24:05,6.518000000000029,79.42467346191407,2.4480000000000004,967.91,0.0
66.5,-118.0,2026-09-22 22:24:05,5.852000000000032,80.67467346191407,3.7800000000000002,987.18,0.0
66.5,-117.5,2026-09-22 22:24:05,7.598000000000013,74.79967346191407,5.688000000000001,981.8,0.0
66.5,-117.0,2026-09-22 22:24:05,7.260000000000048,74.94967346191406,5.112,967.25,0.0
66.5,-116.5,2026-09-22 22:24:05,6.543000000000006,73.99967346191407,5.58,953.66,0.0075
66.5,-116.0,2026-09-22 22:24:05,6.125000000000057,77.12467346191407,4.5,955.25,0.0305
66.5,-115.5,2026-09-22 22:24:05,5.491000000000042,77.89967346191406,5.4,944.1,0.084
66.5,-115.0,2026-09-22 22:24:05,5.813000000000045,76.22467346191407,6.516,944.94,0.0
66.5,-114.5,2026-09-22 22:24:05,6.958000000000027,73.14967346191406,7.272,956.55,0.0
66.5,-114.0,2026-09-22 22:24:05,6.260000000000048,72.49967346191407,8.1,947.77,0.0
66.5,-113.5,2026-09-22 22:24:05,6.213000000000022,74.54967346191407,10.98,954.21,0.0
66.5,-113.0,2026-09-22 22:24:05,6.4640000000000555,75.49967346191407,11.700000000000001,958.44,0.0535
66.5,-112.5,2026-09-22 22:24:05,6.025000000000034,76.72467346191407,12.564000000000002,947.3,0.7095
66.5,-112.0,2026-09-22 22:24:05,6.162000000000035,72.14967346191406,12.96,942.1,0.41200000000000003
66.5,-111.5,2026-09-22 22:24:05,6.545000000000016,71.77467346191406,13.644,947.21,0.145
66.5,-111.0,2026-09-22 22:24:05,6.400000000000034,70.44967346191406,15.084000000000001,943.46,0.061
66.5,-110.5,2026-09-22 22:24:05,7.222000000000037,68.07467346191406,14.292000000000002,952.49,0.0155
66.5,-110.0,2026-09-22 22:24:05,6.791000000000054,75.32467346191406,14.112,952.22,0.2745
66.5,-109.5,2026-09-22 22:24:05,8.504000000000019,62.249673461914064,13.464,964.54,0.23650000000000002
66.5,-109.0,2026-09-22 22:24:05,7.799000000000035,67.32467346191406,14.868,959.43,0.0535
66.5,-108.5,2026-09-22 22:24:05,6.738000000000056,72.49967346191407,15.660000000000002,942.4,0.0
66.5,-108.0,2026-09-22 22:24:05,9.16900000000004,62.94967346191407,13.5,967.25,0.0
66.5,-107.5,2026-09-22 22:24:05,9.529000000000053,67.57467346191406,9.648000000000001,999.05,0.023
66.5,-107.0,2026-09-22 22:24:05,8.287000000000035,70.37467346191407,13.644,970.22,0.0
66.5,-106.5,2026-09-22 22:24:05,7.918000000000006,75.64967346191406,15.912,969.57,0.1905
66.5,-106.0,2026-09-22 22:24:05,8.51600000000002,72.19967346191406,16.812,967.49,0.0
66.5,-105.5,2026-09-22 22:24:05,8.87700000000001,73.92467346191407,17.496000000000002,967.79,0.0
66.5,-105.0,2026-09-22 22:24:05,9.62700000000001,72.77467346191406,16.596,972.85,0.0
66.5,-104.5,2026-09-22 22:24:05,9.615000000000009,73.99967346191407,15.984000000000002,974.97,0.0
66.5,-104.0,2026-09-22 22:24:05,9.430000000000007,76.42467346191407,16.560000000000002,976.5,0.0
66.5,-103.5,2026-09-22 22:24:05,9.44300000000004,77.27467346191406,17.1,975.0,0.0
66.5,-103.0,2026-09-22 22:24:05,9.839000000000055,76.04967346191407,15.947999999999999,977.77,0.0
66.5,-102.5,2026-09-22 22:24:05,9.063000000000045,80.79967346191407,15.803999999999998,980.57,0.0
66.5,-102.0,2026-09-22 22:24:05,9.168000000000006,81.27467346191406,15.228000000000002,980.21,0.0
66.5,-101.5,2026-09-22 22:24:05,9.258000000000038,82.93308410644532,13.486162833184006,978.53,0.0
66.5,-101.0,2026-09-22 22:24:05,9.098000000000013,84.48308410644532,13.774162833184004,979.05,0.0075
66.5,-100.5,2026-09-22 22:24:05,9.113000000000056,82.85808410644532,14.242162833184004,977.36,0.0305
66.5,-100.0,2026-09-22 22:24:05,9.18300000000005,82.08308410644531,12.532162833184005,977.58,0.0075
66.5,-99.5,2026-09-22 22:24:05,8.386000000000024,84.05808410644532,11.956162833184004,980.0,0.0
66.5,-99.0,2026-09-22 22:24:05,8.459000000000003,82.93308410644532,13.018162833184004,981.38,0.0075
66.5,-98.5,2026-09-22 22:24:05,8.272000000000048,83.25808410644532,13.972162833184004,981.61,0.0075
66.5,-98.0,2026-09-22 22:24:05,8.384000000000015,81.15808410644532,15.160162833184003,982.38,0.0
66.5,-97.5,2026-09-22 22:24:05,8.241000000000042,82.23308410644532,17.392162833184003,984.17,0.0305
66.5,-97.0,2026-09-22 22:24:05,8.345000000000027,82.70808410644531,18.148162833184003,985.5,0.0
66.5,-96.5,2026-09-22 22:24:05,8.493000000000052,84.70808410644531,17.536162833184004,988.31,0.0
66.5,-96.0,2026-09-22 22:24:05,9.097000000000037,81.95808410644531,18.778162833184005,987.55,0.0
66.5,-95.5,2026-09-22 22:24:05,8.89100000000002,81.85808410644532,20.434162833184004,984.88,0.0
66.5,-95.0,2026-09-22 22:24:05,7.912000000000035,87.33308410644531,17.824162833184005,973.89,0.0
66.5,-94.5,2026-09-22 22:24:05,7.614000000000033,86.53308410644532,21.586162833184005,958.36,0.1525
66.5,-94.0,2026-09-22 22:24:05,3.9330000000000496,91.20808410644531,19.390162833184007,965.84,0.0685
66.5,-93.5,2026-09-22 22:24:05,7.221000000000004,88.15808410644532,19.822162833184006,960.3,0.099
66.5,-93.0,2026-09-22 22:24:05,5.826000000000022,89.13308410644532,20.542162833184005,957.83,0.1145
66.5,-92.5,2026-09-22 22:24:05,7.126000000000033,87.75808410644532,18.400162833184005,958.05,0.305
66.5,-92.0,2026-09-22 22:24:05,7.013000000000034,85.68308410644532,25.438162833184006,962.3,0.305
66.5,-91.5,2026-09-22 22:24:05,6.768000000000029,89.13308410644532,16.186162833184003,968.45,0.168
66.5,-91.0,2026-09-22 22:24:05,6.80600000000004,91.63308410644532,17.338162833184004,954.24,0.641
66.5,-90.5,2026-09-22 22:24:05,6.2760000000000105,93.53308410644532,19.768162833184004,943.13,1.4875
66.5,-90.0,2026-09-22 22:24:05,7.735000000000014,88.50808410644532,18.832162833184004,950.28,0.87
66.5,-89.5,2026-09-22 22:24:05,8.15100000000001,89.58308410644531,15.304162833184003,960.45,0.3815
66.5,-89.0,2026-09-22 22:24:05,9.680000000000007,85.35808410644532,16.186162833184003,964.91,0.4045
66.5,-88.5,2026-09-22 22:24:05,8.206000000000017,90.88308410644532,15.916162833184005,954.25,0.923
66.5,-88.0,2026-09-22 22:24:05,8.148000000000025,87.40808410644532,15.106162833184005,971.24,0.4045
66.5,-87.5,2026-09-22 22:24:05,10.781000000000006,81.65808410644532,16.960162833184008,975.28,0.4045
66.5,-87.0,2026-09-22 22:24:05,11.029000000000053,83.03308410644532,15.664162833184005,982.63,0.458
66.5,-86.5,2026-09-22 22:24:05,5.327000000000055,94.20808410644531,12.352162833184005,1000.77,0.801
66.5,-86.0,2026-09-22 22:24:05,3.490000000000009,99.18308410644532,20.488162833184006,1001.09,1.0070000000000001
66.5,-85.5,2026-09-22 22:24:05,2.4150000000000205,98.90808410644532,23.710162833184008,1002.02,0.6715
66.5,-85.0,2026-09-22 22:24:05,5.0020000000000095,99.10808410644532,19.192162833184003,968.61,3.6775
66.5,-84.5,2026-09-22 22:24:05,6.373000000000047,95.25808410644532,22.954162833184007,978.95,4.2495
66.5,-84.0,2026-09-22 22:24:05,7.261000000000024,91.03308410644532,17.806162833184004,990.39,1.808
66.5,-83.5,2026-09-22 22:24:05,6.576000000000022,97.13308410644532,13.486162833184006,985.0,1.48
66.5,-83.0,2026-09-22 22:24:05,5.659000000000049,97.53308410644532,19.624162833184005,1000.94,0.7020000000000001
66.5,-82.5,2026-09-22 22:24:05,4.274000000000001,99.15808410644532,23.152162833184004,1002.64,0.557
66.5,-73.5,2026-09-22 22:24:05,5.213000000000022,90.03308410644532,33.196162833184005,1008.56,0.0
66.5,-73.0,2026-09-22 22:24:05,5.092000000000041,86.93308410644532,30.100162833184005,1006.06,0.0
66.5,-72.5,2026-09-22 22:24:05,4.383000000000038,88.88308410644532,29.524162833184004,1001.0,0.0075
66.5,-72.0,2026-09-22 22:24:05,3.518000000000029,90.98308410644532,28.480162833184004,992.13,0.122
66.5,-71.5,2026-09-22 22:24:05,2.904000000000053,91.10808410644532,25.762162833184004,990.08,0.0075
66.5,-71.0,2026-09-22 22:24:05,4.847000000000037,83.78308410644532,43.168162833184006,999.22,0.0
66.5,-70.5,2026-09-22 22:24:05,4.750000000000057,80.75808410644532,38.200162833184,1000.34,0.0
66.5,-70.0,2026-09-22 22:24:05,4.382000000000005,71.33308410644531,26.284162833184006,999.31,0.0075
66.5,-69.5,2026-09-22 22:24:05,3.434000000000026,75.28308410644532,22.810162833184005,985.7,0.0535
66.5,-69.0,2026-09-22 22:24:05,3.1860000000000355,73.48308410644532,18.832162833184004,983.19,0.023
66.5,-68.5,2026-09-22 22:24:05,1.7600000000000477,76.43308410644532,18.058162833184007,968.41,0.0075
66.5,-68.0,2026-09-22 22:24:05,0.22600000000005593,79.53308410644532,15.664162833184005,954.52,0.0
66.5,-67.5,2026-09-22 22:24:05,0.19700000000000273,76.48308410644532,13.972162833184004,948.19,0.061
66.5,-67.0,2026-09-22 22:24:05,-0.08799999999996544,77.98308410644532,10.948162833184005,947.95,0.084
66.5,-66.5,2026-09-22 22:24:05,0.4800000000000182,70.00808410644531,11.020162833184004,944.28,0.0
66.5,-66.0,2026-09-22 22:24:05,0.020000000000038654,71.20808410644531,12.190162833184004,937.41,0.0
66.5,-65.5,2026-09-22 22:24:05,1.399000000000001,66.88308410644531,16.204162833184004,940.39,0.0
66.5,-65.0,2026-09-22 22:24:05,2.979000000000042,55.283084106445315,15.538162833184005,949.0,0.0
66.5,-64.5,2026-09-22 22:24:05,0.25600000000002865,71.55808410644532,16.204162833184004,954.94,0.0
66.5,-64.0,2026-09-22 22:24:05,4.470000000000027,49.50808410644532,14.476162833184004,982.31,0.0
66.5,-63.5,2026-09-22 22:24:05,2.6650000000000205,70.03308410644532,19.048162833184005,999.64,0.0
66.5,-63.0,2026-09-22 22:24:05,1.90300000000002,78.65808410644532,24.106162833184005,1017.31,0.0075
66.5,-62.5,2026-09-22 22:24:05,1.4750000000000227,82.50808410644532,27.166162833184007,1017.52,0.0
66.5,-62.0,2026-09-22 22:24:05,1.9080000000000155,79.68308410644532,28.588162833184004,1017.78,0.0075
66.5,-61.5,2026-09-22 22:24:05,1.9290000000000305,84.45808410644531,33.25016283318401,1018.02,0.0
67.0,-141.0,2026-09-22 22:24:05,3.680000000000007,83.29390411376954,18.072000000000003,949.67,1.686
67.0,-140.5,2026-09-22 22:24:05,4.815000000000055,80.91890411376954,11.232000000000001,944.31,1.961
67.0,-140.0,2026-09-22 22:24:05,2.6520000000000437,88.61890411376953,12.852000000000002,927.28,2.899
67.0,-139.5,2026-09-22 22:24:05,2.2410000000000423,85.39390411376954,12.456,914.45,1.3275000000000001
67.0,-139.0,2026-09-22 22:24:05,4.928000000000054,75.09390411376954,9.972,942.35,0.3355
67.0,-138.5,2026-09-22 22:24:05,4.907000000000039,77.74390411376953,10.26,942.04,0.145
67.0,-138.0,2026-09-22 22:24:05,5.392000000000053,81.74390411376953,9.612,951.42,0.0305
67.0,-137.5,2026-09-22 22:24:05,7.005000000000052,78.94390411376953,8.64,967.07,0.1525
67.0,-137.0,2026-09-22 22:24:05,6.367000000000019,81.41890411376954,7.74,964.85,0.5645
67.0,-136.5,2026-09-22 22:24:05,3.3290000000000077,78.79390411376954,11.376000000000001,920.76,1.732
67.0,-136.0,2026-09-22 22:24:05,4.760000000000048,74.31890411376953,12.780000000000001,938.18,1.77
67.0,-135.5,2026-09-22 22:24:05,6.032000000000039,74.11890411376953,7.920000000000001,965.13,0.6255000000000001
67.0,-135.0,2026-09-22 22:24:05,4.703000000000031,92.86890411376953,3.204,985.38,1.6405
67.0,-134.5,2026-09-22 22:24:05,5.022000000000048,88.54390411376954,1.872,999.9,0.8315
67.0,-134.0,2026-09-22 22:24:05,4.531000000000006,93.56890411376953,3.132,994.34,1.2205
67.0,-133.5,2026-09-22 22:24:05,4.41900000000004,94.74390411376953,6.156,995.62,1.2055
67.0,-133.0,2026-09-22 22:24:05,4.440000000000055,93.74390411376953,7.38,989.26,1.4265
67.0,-132.5,2026-09-22 22:24:05,4.993000000000052,92.96890411376954,7.308000000000001,991.17,1.854
67.0,-132.0,2026-09-22 22:24:05,4.8040000000000305,89.94390411376953,8.928,981.79,2.2505
67.0,-131.5,2026-09-22 22:24:05,4.021000000000015,93.21890411376954,9.468,961.42,1.4115
67.0,-131.0,2026-09-22 22:24:05,4.724000000000046,94.94390411376953,10.728,965.43,0.183
67.0,-130.5,2026-09-22 22:24:05,7.632000000000005,81.99390411376953,1.512,990.53,0.679
67.0,-130.0,2026-09-22 22:24:05,6.942000000000007,81.66890411376954,3.2760000000000002,991.49,2.2125
67.0,-129.5,2026-09-22 22:24:05,7.4640000000000555,75.86890411376953,8.856,974.07,0.7935
67.0,-129.0,2026-09-22 22:24:05,7.791000000000054,78.36890411376953,7.920000000000001,972.12,0.0915
67.0,-128.5,2026-09-22 22:24:05,9.29400000000004,67.31890411376953,6.3,983.01,0.023
67.0,-128.0,2026-09-22 22:24:05,8.441000000000031,67.69390411376953,7.488,979.96,0.0075
67.0,-127.5,2026-09-22 22:24:05,7.907000000000039,71.11890411376953,10.620000000000001,972.71,0.061
67.0,-127.0,2026-09-22 22:24:05,8.473000000000013,67.86890411376953,9.395999999999999,968.56,0.0765
67.0,-126.5,2026-09-22 22:24:05,7.5160000000000196,78.24390411376953,9.072000000000001,966.92,0.0685
67.0,-126.0,2026-09-22 22:24:05,7.892000000000053,74.36890411376953,11.628,966.54,0.0075
67.0,-125.5,2026-09-22 22:24:05,9.063000000000045,68.49390411376953,8.352,966.49,0.145
67.0,-125.0,2026-09-22 22:24:05,7.164000000000044,80.24390411376953,9.972,962.09,0.099
67.0,-124.5,2026-09-22 22:24:05,8.119000000000028,77.34390411376954,12.132000000000001,968.54,0.0155
67.0,-124.0,2026-09-22 22:24:05,8.583000000000027,68.41890411376953,11.88,964.63,0.0155
67.0,-123.5,2026-09-22 22:24:05,6.51400000000001,75.12467346191407,10.764000000000001,964.77,0.0535
67.0,-123.0,2026-09-22 22:24:05,6.782000000000039,72.92467346191407,5.904000000000001,961.63,0.099
67.0,-122.5,2026-09-22 22:24:05,5.52800000000002,78.49967346191407,5.0040000000000004,952.82,0.084
67.0,-122.0,2026-09-22 22:24:05,5.875000000000057,80.44967346191407,0.864,973.19,0.0
67.0,-121.5,2026-09-22 22:24:05,6.0260000000000105,78.44967346191407,3.9600000000000004,979.55,0.0155
67.0,-121.0,2026-09-22 22:24:05,5.772000000000048,80.27467346191406,5.184,980.63,0.0
67.0,-120.5,2026-09-22 22:24:05,6.118000000000052,79.57467346191407,5.040000000000001,983.33,0.0
67.0,-120.0,2026-09-22 22:24:05,5.319000000000017,78.49967346191407,5.58,985.97,0.0075
67.0,-119.5,2026-09-22 22:24:05,5.543000000000006,78.62467346191407,6.876,985.57,0.0075
67.0,-119.0,2026-09-22 22:24:05,6.351000000000056,77.42467346191407,6.156,978.91,0.0075
67.0,-118.5,2026-09-22 22:24:05,6.7660000000000196,76.92467346191407,6.48,979.46,0.0
67.0,-118.0,2026-09-22 22:24:05,6.6510000000000105,77.12467346191407,3.9240000000000004,965.5,0.0
67.0,-117.5,2026-09-22 22:24:05,5.218000000000018,77.37467346191407,5.904000000000001,941.8,0.0
67.0,-117.0,2026-09-22 22:24:05,5.098000000000013,79.27467346191406,5.040000000000001,941.91,0.0
67.0,-116.5,2026-09-22 22:24:05,5.44500000000005,75.79967346191407,6.768000000000001,942.4,0.0075
67.0,-116.0,2026-09-22 22:24:05,5.803000000000054,75.59967346191407,6.444,945.41,0.0075
67.0,-115.5,2026-09-22 22:24:05,6.6930000000000405,72.22467346191407,6.12,958.77,0.023
67.0,-115.0,2026-09-22 22:24:05,5.3250000000000455,74.94967346191406,9.72,940.38,0.099
67.0,-114.5,2026-09-22 22:24:05,5.442000000000007,78.89967346191406,10.836,948.55,0.038
67.0,-114.0,2026-09-22 22:24:05,5.489000000000033,75.87467346191407,12.924,948.88,0.0075
67.0,-113.5,2026-09-22 22:24:05,5.843000000000018,74.87467346191407,13.5,952.54,0.0
67.0,-113.0,2026-09-22 22:24:05,5.844000000000051,78.72467346191407,14.04,957.75,0.0
67.0,-112.5,2026-09-22 22:24:05,4.9010000000000105,83.97467346191407,15.947999999999999,948.69,0.0
67.0,-112.0,2026-09-22 22:24:05,4.859000000000037,83.77467346191406,18.432000000000002,944.77,0.0
67.0,-111.5,2026-09-22 22:24:05,5.594000000000051,79.14967346191406,16.884,951.21,0.0
67.0,-111.0,2026-09-22 22:24:05,6.371000000000038,76.22467346191407,16.956,957.47,0.5875
67.0,-110.5,2026-09-22 22:24:05,5.674000000000035,80.72467346191407,19.044,954.93,0.3965
67.0,-110.0,2026-09-22 22:24:05,6.023000000000025,79.29967346191407,19.008000000000003,953.54,0.534
67.0,-109.5,2026-09-22 22:24:05,6.150000000000034,79.84967346191407,19.98,956.58,0.4805
67.0,-109.0,2026-09-22 22:24:05,6.955000000000041,74.62467346191407,18.791999999999998,959.91,0.0
67.0,-108.5,2026-09-22 22:24:05,9.187000000000012,65.89967346191406,16.956,986.0,0.0075
67.0,-108.0,2026-09-22 22:24:05,8.761000000000024,78.19967346191407,14.688,1003.79,0.122
67.0,-107.5,2026-09-22 22:24:05,8.838000000000022,76.89967346191406,14.256,1002.77,0.6025
67.0,-107.0,2026-09-22 22:24:05,7.699000000000012,76.74967346191407,17.604,981.25,0.0075
67.0,-106.5,2026-09-22 22:24:05,7.638000000000034,74.17467346191407,17.712,975.11,0.0
67.0,-106.0,2026-09-22 22:24:05,7.850000000000023,76.54967346191407,16.92,980.05,0.0155
67.0,-105.5,2026-09-22 22:24:05,7.851000000000056,76.42467346191407,17.712,977.32,0.0075
67.0,-105.0,2026-09-22 22:24:05,7.843000000000018,77.97467346191407,17.604,978.77,0.0075
67.0,-104.5,2026-09-22 22:24:05,7.76400000000001,81.32467346191407,16.308,982.47,0.023
67.0,-104.0,2026-09-22 22:24:05,7.168000000000006,85.27467346191406,16.488,981.54,0.1295
67.0,-103.5,2026-09-22 22:24:05,7.206000000000017,84.49967346191407,16.992,983.32,0.0
67.0,-103.0,2026-09-22 22:24:05,7.461000000000013,82.44967346191407,16.812,983.86,0.0
67.0,-102.5,2026-09-22 22:24:05,7.636000000000024,81.89967346191406,16.308,983.49,0.0
67.0,-102.0,2026-09-22 22:24:05,8.249000000000024,79.92467346191407,14.940000000000001,988.9,0.0
67.0,-101.5,2026-09-22 22:24:05,7.899000000000001,84.38308410644532,15.574162833184003,986.49,0.305
67.0,-101.0,2026-09-22 22:24:05,7.864000000000033,86.13308410644532,16.618162833184005,986.05,0.45
67.0,-100.5,2026-09-22 22:24:05,8.258000000000038,85.63308410644532,16.924162833184003,984.7,0.099
67.0,-100.0,2026-09-22 22:24:05,8.869000000000028,84.58308410644531,16.780162833184004,985.11,0.023
67.0,-99.5,2026-09-22 22:24:05,9.199000000000012,84.95808410644531,17.212162833184003,986.89,0.0
67.0,-99.0,2026-09-22 22:24:05,9.242000000000019,84.03308410644532,17.248162833184004,986.91,0.0075
67.0,-98.5,2026-09-22 22:24:05,9.380000000000052,83.65808410644532,15.142162833184003,988.36,0.0
67.0,-98.0,2026-09-22 22:24:05,9.212000000000046,83.73308410644532,15.196162833184005,987.58,0.0
67.0,-97.5,2026-09-22 22:24:05,9.15100000000001,83.80808410644532,15.772162833184005,988.2,0.0
67.0,-97.0,2026-09-22 22:24:05,9.265000000000043,83.73308410644532,15.520162833184004,989.88,0.0
67.0,-96.5,2026-09-22 22:24:05,9.26600000000002,82.35808410644532,15.448162833184004,994.3,0.0
67.0,-96.0,2026-09-22 22:24:05,8.948000000000036,84.60808410644532,15.970162833184006,995.67,0.0
67.0,-95.5,2026-09-22 22:24:05,9.108000000000004,83.78308410644532,17.590162833184007,996.42,0.0
67.0,-95.0,2026-09-22 22:24:05,8.091000000000008,85.55808410644532,22.810162833184005,974.83,0.0
67.0,-94.5,2026-09-22 22:24:05,7.774000000000001,87.60808410644532,21.622162833184007,964.61,0.0
67.0,-94.0,2026-09-22 22:24:05,8.541000000000054,85.25808410644532,19.102162833184007,968.28,0.0
67.0,-93.5,2026-09-22 22:24:05,8.146000000000015,85.93308410644532,23.566162833184006,958.94,0.023
67.0,-93.0,2026-09-22 22:24:05,8.218000000000018,85.65808410644532,21.964162833184005,977.08,0.0
67.0,-92.5,2026-09-22 22:24:05,9.477000000000032,85.60808410644532,13.090162833184003,980.28,0.0
67.0,-92.0,2026-09-22 22:24:05,7.809000000000026,87.90808410644532,15.052162833184004,963.66,0.084
67.0,-91.5,2026-09-22 22:24:05,7.844000000000051,86.43308410644532,16.294162833184004,960.24,0.28250000000000003
67.0,-91.0,2026-09-22 22:24:05,7.136000000000024,88.35808410644532,16.636162833184002,947.14,0.4885
67.0,-90.5,2026-09-22 22:24:05,7.494000000000028,87.13308410644532,21.496162833184005,947.69,0.5035000000000001
67.0,-90.0,2026-09-22 22:24:05,9.205000000000041,82.15808410644532,20.488162833184006,957.97,0.1525
67.0,-89.5,2026-09-22 22:24:05,6.559000000000026,87.05808410644532,16.636162833184002,956.38,0.145
67.0,-89.0,2026-09-22 22:24:05,9.596000000000004,85.20808410644531,18.814162833184007,952.77,0.4045
67.0,-88.5,2026-09-22 22:24:05,8.00200000000001,85.45808410644531,20.056162833184004,968.42,0.0915
67.0,-88.0,2026-09-22 22:24:05,10.703000000000031,82.63308410644532,19.588162833184004,975.88,0.038
67.0,-87.5,2026-09-22 22:24:05,11.701000000000022,76.78308410644532,14.926162833184005,988.42,0.145
67.0,-87.0,2026-09-22 22:24:05,10.075000000000045,82.63308410644532,14.332162833184004,991.52,0.534
67.0,-86.5,2026-09-22 22:24:05,9.991000000000042,88.35808410644532,18.724162833184003,982.36,0.9385
67.0,-86.0,2026-09-22 22:24:05,7.706000000000017,96.00808410644532,19.138162833184005,963.89,2.64
67.0,-85.5,2026-09-22 22:24:05,6.491000000000042,99.33308410644531,18.904162833184003,967.84,2.5175
67.0,-85.0,2026-09-22 22:24:05,6.54200000000003,98.60808410644532,13.486162833184006,988.97,1.4040000000000001
67.0,-84.5,2026-09-22 22:24:05,6.4290000000000305,95.90808410644532,9.472162833184004,993.22,0.458
67.0,-84.0,2026-09-22 22:24:05,6.939000000000021,97.45808410644531,15.898162833184003,978.91,0.717
67.0,-83.5,2026-09-22 22:24:05,6.725000000000023,94.95808410644531,16.960162833184008,972.34,0.8775000000000001
67.0,-83.0,2026-09-22 22:24:05,7.508000000000038,92.58308410644531,17.374162833184005,971.7,0.74
67.0,-82.5,2026-09-22 22:24:05,8.215000000000032,89.13308410644532,20.668162833184002,979.05,0.4425
67.0,-82.0,2026-09-22 22:24:05,9.239000000000033,84.33308410644531,16.204162833184004,996.06,0.3435
67.0,-81.5,2026-09-22 22:24:05,4.216000000000008,99.08308410644531,26.140162833184007,1000.13,0.28250000000000003
67.0,-73.0,2026-09-22 22:24:05,5.088000000000022,87.98308410644532,30.334162833184003,1006.74,0.0
67.0,-72.5,2026-09-22 22:24:05,4.671000000000049,87.63308410644532,29.092162833184005,1003.14,0.0
67.0,-72.0,2026-09-22 22:24:05,3.5440000000000396,90.73308410644532,29.254162833184008,994.25,0.1145
67.0,-71.5,2026-09-22 22:24:05,2.923000000000002,91.18308410644532,26.104162833184006,988.59,0.023
67.0,-71.0,2026-09-22 22:24:05,4.562000000000012,85.48308410644532,39.784162833184006,999.06,0.0
67.0,-70.5,2026-09-22 22:24:05,4.874000000000024,81.95808410644531,41.33216283318401,999.91,0.0
67.0,-70.0,2026-09-22 22:24:05,4.66900000000004,76.70808410644531,33.71816283318401,1000.84,0.0
67.0,-69.5,2026-09-22 22:24:05,3.994000000000028,71.25808410644531,24.214162833184005,990.2,0.061
67.0,-69.0,2026-09-22 22:24:05,4.65500000000003,64.75808410644531,20.758162833184006,986.13,0.023
67.0,-68.5,2026-09-22 22:24:05,2.5810000000000173,74.83308410644531,18.634162833184007,975.77,0.0075
67.0,-68.0,2026-09-22 22:24:05,0.7230000000000132,78.43308410644532,17.374162833184005,960.22,0.0
67.0,-67.5,2026-09-22 22:24:05,0.11600000000004229,79.50808410644532,14.728162833184006,950.25,0.0155
67.0,-67.0,2026-09-22 22:24:05,-0.23399999999998045,77.43308410644532,11.812162833184004,947.31,0.0685
67.0,-66.5,2026-09-22 22:24:05,-0.25099999999997635,78.15808410644532,10.534162833184004,942.75,0.0
67.0,-66.0,2026-09-22 22:24:05,0.396000000000015,67.63308410644531,11.398162833184005,942.72,0.0
67.0,-65.5,2026-09-22 22:24:05,1.1710000000000491,62.933084106445314,14.764162833184004,936.61,0.0
67.0,-65.0,2026-09-22 22:24:05,2.3730000000000473,59.73308410644532,15.718162833184003,946.63,0.0
67.0,-64.5,2026-09-22 22:24:05,-0.27799999999996317,73.10808410644532,13.828162833184004,949.88,0.0
67.0,-64.0,2026-09-22 22:24:05,1.018000000000029,68.48308410644532,13.396162833184004,968.67,0.0
67.0,-63.5,2026-09-22 22:24:05,2.3810000000000286,61.058084106445314,15.664162833184005,984.92,0.0
67.0,-63.0,2026-09-22 22:24:05,1.9780000000000086,79.58308410644531,24.394162833184005,1017.24,0.0
67.0,-62.5,2026-09-22 22:24:05,1.7970000000000255,81.28308410644532,25.906162833184005,1017.42,0.0
67.0,-62.0,2026-09-22 22:24:05,1.6850000000000023,81.00808410644532,27.436162833184003,1017.7,0.0075
67.5,-141.0,2026-09-22 22:24:05,1.2660000000000196,82.59390411376954,18.972,938.37,2.716
67.5,-140.5,2026-09-22 22:24:05,3.4740000000000464,81.04390411376954,18.720000000000002,963.4,1.854
67.5,-140.0,2026-09-22 22:24:05,4.817000000000007,82.31890411376953,17.928,973.87,1.8005
67.5,-139.5,2026-09-22 22:24:05,4.5750000000000455,80.81890411376953,14.076,964.34,1.9915
67.5,-139.0,2026-09-22 22:24:05,4.671000000000049,86.44390411376953,9.828,967.95,1.8465
67.5,-138.5,2026-09-22 22:24:05,3.9910000000000423,83.16890411376954,8.208000000000002,956.88,1.6325
67.5,-138.0,2026-09-22 22:24:05,4.732000000000028,85.41890411376954,6.444,967.48,1.526
67.5,-137.5,2026-09-22 22:24:05,2.562000000000012,89.64390411376954,9.0,937.59,2.4565
67.5,-137.0,2026-09-22 22:24:05,4.184000000000026,86.91890411376954,7.488,954.81,1.541
67.5,-136.5,2026-09-22 22:24:05,-0.5949999999999704,94.49390411376953,12.348,891.82,4.135
67.5,-136.0,2026-09-22 22:24:05,4.287000000000035,73.71890411376954,9.648000000000001,938.73,1.2665
67.5,-135.5,2026-09-22 22:24:05,5.54200000000003,87.06890411376953,3.9960000000000004,964.51,0.3435
67.5,-135.0,2026-09-22 22:24:05,4.861000000000047,87.11890411376953,3.204,1005.01,0.313
67.5,-134.5,2026-09-22 22:24:05,4.902000000000044,83.09390411376954,1.62,1002.28,0.35100000000000003
67.5,-134.0,2026-09-22 22:24:05,4.322000000000003,91.16890411376954,4.176,1000.93,0.3205
67.5,-133.5,2026-09-22 22:24:05,4.136000000000024,91.76890411376954,6.48,993.45,0.618
67.5,-133.0,2026-09-22 22:24:05,4.748000000000047,88.99390411376953,7.632000000000001,993.98,0.923
67.5,-132.5,2026-09-22 22:24:05,4.434000000000026,90.04390411376954,9.251999999999999,975.78,0.595
67.5,-132.0,2026-09-22 22:24:05,5.309000000000026,87.64390411376954,8.46,983.85,0.3815
67.5,-131.5,2026-09-22 22:24:05,5.381000000000029,92.01890411376954,8.82,997.71,0.0305
67.5,-131.0,2026-09-22 22:24:05,5.039000000000044,89.31890411376953,10.548,991.98,0.0155
67.5,-130.5,2026-09-22 22:24:05,4.66700000000003,89.91890411376954,9.432,975.88,0.038
67.5,-130.0,2026-09-22 22:24:05,6.286000000000001,79.56890411376953,10.332,973.4,0.099
67.5,-129.5,2026-09-22 22:24:05,6.57000000000005,81.21890411376954,7.920000000000001,983.12,0.107
67.5,-129.0,2026-09-22 22:24:05,6.868000000000052,76.51890411376954,10.512,974.03,0.1145
67.5,-128.5,2026-09-22 22:24:05,7.5890000000000555,74.51890411376954,8.172,976.84,0.0765
67.5,-128.0,2026-09-22 22:24:05,8.114000000000033,70.24390411376953,7.092,981.1,0.1375
67.5,-127.5,2026-09-22 22:24:05,7.462000000000046,71.56890411376953,8.604000000000001,975.29,0.29
67.5,-127.0,2026-09-22 22:24:05,7.487000000000023,72.26890411376954,9.251999999999999,972.28,0.7325
67.5,-126.5,2026-09-22 22:24:05,6.812000000000012,79.51890411376954,10.116,973.96,0.6945
67.5,-126.0,2026-09-22 22:24:05,7.5260000000000105,79.39390411376954,11.304,973.15,0.6485
67.5,-125.5,2026-09-22 22:24:05,7.598000000000013,80.19390411376953,13.680000000000001,975.32,0.389
67.5,-125.0,2026-09-22 22:24:05,7.256000000000029,83.01890411376954,15.48,973.43,0.313
67.5,-124.5,2026-09-22 22:24:05,7.023000000000025,80.36890411376953,15.264000000000001,971.67,0.16
67.5,-124.0,2026-09-22 22:24:05,6.625000000000057,75.39390411376954,13.356,965.74,0.29
67.5,-123.5,2026-09-22 22:24:05,5.709000000000003,78.77467346191406,9.395999999999999,966.54,0.3435
67.5,-123.0,2026-09-22 22:24:05,4.842000000000041,82.29967346191407,9.828,957.33,0.3355
67.5,-122.5,2026-09-22 22:24:05,4.918000000000006,81.57467346191407,9.972,961.47,0.2975
67.5,-122.0,2026-09-22 22:24:05,4.500000000000057,82.89967346191406,8.208000000000002,959.79,0.1145
67.5,-121.5,2026-09-22 22:24:05,4.116000000000042,83.44967346191407,8.064000000000002,951.66,0.20600000000000002
67.5,-121.0,2026-09-22 22:24:05,3.941000000000031,84.42467346191407,8.856,950.8,0.099
67.5,-120.5,2026-09-22 22:24:05,4.1860000000000355,83.54967346191407,8.208000000000002,955.47,0.038
67.5,-120.0,2026-09-22 22:24:05,4.355000000000018,83.07467346191407,7.668,961.9,0.0155
67.5,-119.5,2026-09-22 22:24:05,4.359000000000037,81.94967346191407,7.416,957.47,0.038
67.5,-119.0,2026-09-22 22:24:05,4.632000000000005,81.44967346191407,6.084,949.46,0.107
67.5,-118.5,2026-09-22 22:24:05,3.958000000000027,83.79967346191407,6.336,952.55,0.0155
67.5,-118.0,2026-09-22 22:24:05,5.719000000000051,77.49967346191407,7.596,958.18,0.0075
67.5,-117.5,2026-09-22 22:24:05,6.741000000000042,74.72467346191407,10.548,972.38,0.023
67.5,-117.0,2026-09-22 22:24:05,6.566000000000031,77.19967346191407,6.9479999999999995,966.5,0.038
67.5,-116.5,2026-09-22 22:24:05,6.786000000000001,69.37467346191407,8.208000000000002,966.85,0.17550000000000002
67.5,-116.0,2026-09-22 22:24:05,6.629000000000019,74.32467346191406,5.4,973.07,0.41200000000000003
67.5,-115.5,2026-09-22 22:24:05,6.474000000000046,75.09967346191407,6.768000000000001,977.47,0.16
67.5,-115.0,2026-09-22 22:24:05,5.4570000000000505,78.39967346191406,9.9,965.13,0.435
67.5,-114.5,2026-09-22 22:24:05,5.517000000000053,77.97467346191407,12.492,966.43,0.183
67.5,-114.0,2026-09-22 22:24:05,5.413000000000011,78.12467346191407,13.788,965.19,0.1295
67.5,-113.5,2026-09-22 22:24:05,4.965000000000032,79.64967346191406,15.696000000000002,962.61,0.0915
67.5,-113.0,2026-09-22 22:24:05,4.596000000000004,81.74967346191407,17.496000000000002,957.8,0.0765
67.5,-112.5,2026-09-22 22:24:05,4.648000000000025,81.47467346191407,19.656,960.22,0.061
67.5,-112.0,2026-09-22 22:24:05,6.170000000000016,79.32467346191407,15.3,990.05,0.0
67.5,-111.5,2026-09-22 22:24:05,5.084000000000003,82.22467346191407,20.664,970.99,0.0
67.5,-111.0,2026-09-22 22:24:05,4.78000000000003,85.27467346191406,21.672,967.96,0.0
67.5,-110.5,2026-09-22 22:24:05,4.785000000000025,89.72467346191407,25.524,971.99,0.0
67.5,-110.0,2026-09-22 22:24:05,5.689000000000021,82.09967346191407,23.040000000000003,970.66,0.0
67.5,-109.5,2026-09-22 22:24:05,6.874000000000024,77.99967346191407,23.724,981.8,0.0
67.5,-109.0,2026-09-22 22:24:05,7.551000000000045,82.02467346191406,23.256,992.72,0.0
67.5,-108.5,2026-09-22 22:24:05,7.275000000000034,84.54967346191407,25.2,997.79,0.023
67.5,-108.0,2026-09-22 22:24:05,6.921000000000049,89.22467346191407,25.524,1003.57,0.3585
67.5,-107.5,2026-09-22 22:24:05,6.564000000000021,90.39967346191406,20.7,992.35,0.0765
67.5,-107.0,2026-09-22 22:24:05,7.131000000000029,81.14967346191406,20.808,981.29,0.2215
67.5,-106.5,2026-09-22 22:24:05,7.553000000000054,78.54967346191407,20.916000000000004,983.52,0.244
67.5,-106.0,2026-09-22 22:24:05,7.55600000000004,79.27467346191406,20.808,985.19,0.3435
67.5,-105.5,2026-09-22 22:24:05,7.587000000000046,78.99967346191407,20.592,986.93,0.3585
67.5,-105.0,2026-09-22 22:24:05,7.43100000000004,84.22467346191407,18.791999999999998,988.8,1.0225
67.5,-104.5,2026-09-22 22:24:05,7.383000000000038,84.49967346191407,17.892,990.16,0.1985
67.5,-104.0,2026-09-22 22:24:05,6.991000000000042,86.92467346191407,18.503999999999998,987.29,0.4045
67.5,-103.5,2026-09-22 22:24:05,7.446000000000026,82.84967346191407,18.432000000000002,991.58,0.1145
67.5,-103.0,2026-09-22 22:24:05,7.2900000000000205,84.17467346191407,19.188000000000002,993.69,0.5265
67.5,-102.5,2026-09-22 22:24:05,7.327000000000055,82.97467346191407,19.044,993.93,0.366
67.5,-102.0,2026-09-22 22:24:05,7.717000000000041,81.99967346191407,18.0,998.72,0.717
67.5,-101.5,2026-09-22 22:24:05,6.873000000000047,83.25808410644532,17.572162833184006,997.03,0.8165
67.5,-101.0,2026-09-22 22:24:05,6.590000000000032,84.18308410644532,19.678162833184007,994.11,0.778
67.5,-100.5,2026-09-22 22:24:05,6.291000000000054,84.13308410644532,21.208162833184005,994.66,0.725
67.5,-100.0,2026-09-22 22:24:05,6.372000000000014,85.03308410644532,20.758162833184006,993.17,0.5875
67.5,-99.5,2026-09-22 22:24:05,6.53000000000003,84.43308410644532,20.974162833184003,993.41,0.8925000000000001
67.5,-99.0,2026-09-22 22:24:05,6.817000000000007,84.05808410644532,21.118162833184005,994.36,1.0985
67.5,-98.5,2026-09-22 22:24:05,6.93100000000004,85.95808410644531,21.766162833184005,994.31,0.267
67.5,-98.0,2026-09-22 22:24:05,7.539000000000044,86.65808410644532,22.000162833184003,993.92,0.2215
67.5,-97.5,2026-09-22 22:24:05,8.418000000000006,87.65808410644532,21.820162833184003,992.92,0.1905
67.5,-97.0,2026-09-22 22:24:05,9.033000000000015,87.38308410644532,19.948162833184004,995.44,0.1375
67.5,-96.5,2026-09-22 22:24:05,9.51400000000001,86.40808410644532,18.958162833184005,997.58,0.0
67.5,-96.0,2026-09-22 22:24:05,5.896000000000015,90.73308410644532,16.906162833184005,998.06,0.0
67.5,-95.5,2026-09-22 22:24:05,6.517000000000053,88.38308410644532,18.814162833184007,998.28,0.0
67.5,-95.0,2026-09-22 22:24:05,7.084000000000003,90.73308410644532,23.440162833184004,978.61,0.0
67.5,-94.5,2026-09-22 22:24:05,8.004000000000019,89.43308410644532,23.440162833184004,980.05,0.0
67.5,-94.0,2026-09-22 22:24:05,8.39100000000002,85.08308410644531,18.202162833184005,984.63,0.0
67.5,-93.5,2026-09-22 22:24:05,8.979000000000042,87.83308410644531,16.492162833184004,975.16,0.0075
67.5,-93.0,2026-09-22 22:24:05,7.8700000000000045,90.33308410644531,15.916162833184005,965.7,0.0305
67.5,-92.5,2026-09-22 22:24:05,7.43100000000004,88.88308410644532,22.810162833184005,954.58,0.107
67.5,-92.0,2026-09-22 22:24:05,8.094000000000051,84.63308410644532,25.096162833184007,957.99,0.122
67.5,-91.5,2026-09-22 22:24:05,9.212000000000046,81.23308410644532,24.808162833184007,966.2,0.061
67.5,-91.0,2026-09-22 22:24:05,8.42900000000003,86.45808410644531,24.592162833184002,955.97,0.084
67.5,-90.5,2026-09-22 22:24:05,9.327000000000055,83.90808410644532,24.250162833184003,956.03,0.0535
67.5,-90.0,2026-09-22 22:24:05,11.039000000000044,81.73308410644532,15.664162833184005,974.41,0.0155
67.5,-89.5,2026-09-22 22:24:05,9.986000000000047,82.88308410644532,20.974162833184003,963.3,0.0535
67.5,-89.0,2026-09-22 22:24:05,9.422000000000025,85.13308410644532,19.498162833184004,955.09,0.0915
67.5,-88.5,2026-09-22 22:24:05,10.440000000000055,81.78308410644532,18.832162833184004,955.0,0.229
67.5,-88.0,2026-09-22 22:24:05,11.331000000000017,80.68308410644532,24.340162833184007,978.83,0.0765
67.5,-87.5,2026-09-22 22:24:05,7.632000000000005,79.58308410644531,13.486162833184006,998.06,0.061
67.5,-86.5,2026-09-22 22:24:05,6.855000000000018,89.38308410644532,19.624162833184005,998.8,0.0915
67.5,-86.0,2026-09-22 22:24:05,9.840000000000032,89.45808410644531,12.586162833184005,973.38,0.3435
67.5,-85.5,2026-09-22 22:24:05,6.7070000000000505,99.25808410644532,14.674162833184004,955.09,1.602
67.5,-85.0,2026-09-22 22:24:05,6.379000000000019,99.03308410644532,18.490162833184005,954.95,2.5405
67.5,-84.5,2026-09-22 22:24:05,5.6510000000000105,98.78308410644532,17.734162833184005,959.03,2.487
67.5,-84.0,2026-09-22 22:24:05,5.5470000000000255,96.48308410644532,19.354162833184002,967.27,1.358
67.5,-83.5,2026-09-22 22:24:05,6.460000000000036,94.98308410644532,19.246162833184005,967.36,0.5265
67.5,-83.0,2026-09-22 22:24:05,7.643000000000029,90.63308410644532,21.100162833184005,966.19,0.656
67.5,-82.5,2026-09-22 22:24:05,7.8840000000000146,90.88308410644532,22.162162833184006,973.81,0.366
67.5,-82.0,2026-09-22 22:24:05,7.327000000000055,94.23308410644532,24.304162833184005,968.88,0.3585
67.5,-81.5,2026-09-22 22:24:05,7.9220000000000255,88.38308410644532,18.022162833184005,989.41,0.099
67.5,-77.0,2026-09-22 22:24:05,2.2560000000000286,98.78308410644532,30.334162833184003,1004.44,0.061
67.5,-76.5,2026-09-22 22:24:05,2.3780000000000427,98.80808410644532,32.15216283318401,1005.03,0.0075
67.5,-76.0,2026-09-22 22:24:05,3.1270000000000095,98.80808410644532,33.50216283318401,1005.58,0.0
67.5,-75.5,2026-09-22 22:24:05,3.6620000000000346,98.70808410644531,34.168162833184006,1005.94,0.0
67.5,-75.0,2026-09-22 22:24:05,3.907000000000039,97.55808410644532,39.53216283318401,1006.41,0.0
67.5,-72.5,2026-09-22 22:24:05,4.914000000000044,87.00808410644532,30.928162833184007,1004.38,0.0
67.5,-72.0,2026-09-22 22:24:05,3.698000000000036,91.75808410644532,30.532162833184007,993.97,0.023
67.5,-71.5,2026-09-22 22:24:05,3.444000000000017,90.03308410644532,26.968162833184003,992.56,0.107
67.5,-71.0,2026-09-22 22:24:05,3.9910000000000423,85.83308410644531,33.538162833184,997.74,0.0
67.5,-70.5,2026-09-22 22:24:05,4.8770000000000095,83.35808410644532,42.916162833184,999.56,0.0
67.5,-70.0,2026-09-22 22:24:05,4.724000000000046,77.35808410644532,35.212162833184,1001.02,0.0
67.5,-69.5,2026-09-22 22:24:05,4.0090000000000146,71.95808410644531,24.808162833184007,993.27,0.0155
67.5,-69.0,2026-09-22 22:24:05,3.673000000000002,75.10808410644532,21.352162833184007,985.19,0.0305
67.5,-68.5,2026-09-22 22:24:05,3.1850000000000023,73.35808410644532,18.670162833184005,981.49,0.0155
67.5,-68.0,2026-09-22 22:24:05,1.344000000000051,74.88308410644531,17.968162833184003,964.55,0.0
67.5,-67.5,2026-09-22 22:24:05,0.30100000000004457,79.68308410644532,14.782162833184005,955.74,0.0
67.5,-67.0,2026-09-22 22:24:05,-0.1269999999999527,78.40808410644532,12.334162833184005,949.69,0.0155
67.5,-66.5,2026-09-22 22:24:05,0.2540000000000191,72.25808410644531,10.282162833184005,947.31,0.0765
67.5,-66.0,2026-09-22 22:24:05,0.42200000000002547,70.03308410644532,12.064162833184005,942.05,0.0
67.5,-65.5,2026-09-22 22:24:05,0.5970000000000368,66.20808410644531,12.802162833184004,936.28,0.0
67.5,-65.0,2026-09-22 22:24:05,4.176000000000045,50.50808410644532,11.542162833184005,963.28,0.0
67.5,-64.5,2026-09-22 22:24:05,2.4670000000000414,57.58308410644531,14.998162833184002,948.59,0.0
67.5,-64.0,2026-09-22 22:24:05,5.115000000000009,51.88308410644532,8.428162833184004,991.7,0.0
68.0,-141.0,2026-09-22 22:24:05,3.0130000000000337,76.16890411376953,12.744,956.87,1.6785
68.0,-140.5,2026-09-22 22:24:05,4.05800000000005,75.66890411376953,11.448,967.45,1.2055
68.0,-140.0,2026-09-22 22:24:05,4.145000000000039,72.34390411376954,14.364,968.71,1.77
68.0,-139.5,2026-09-22 22:24:05,4.687000000000012,86.79390411376954,13.176,969.26,3.227
68.0,-139.0,2026-09-22 22:24:05,4.360000000000014,89.19390411376953,12.096,968.92,3.3415
68.0,-138.5,2026-09-22 22:24:05,2.2130000000000223,95.96890411376954,15.696000000000002,954.48,2.907
68.0,-138.0,2026-09-22 22:24:05,1.0790000000000077,96.74390411376953,15.264000000000001,930.42,2.96
68.0,-137.5,2026-09-22 22:24:05,-0.6989999999999554,99.21890411376954,15.264000000000001,906.23,4.3795
68.0,-137.0,2026-09-22 22:24:05,1.5950000000000273,84.26890411376954,10.368,920.23,1.114
68.0,-136.5,2026-09-22 22:24:05,-1.3549999999999613,89.31890411376953,14.508000000000001,875.17,1.4495
68.0,-136.0,2026-09-22 22:24:05,0.40500000000002956,83.39390411376954,15.588000000000001,900.7,0.618
68.0,-135.5,2026-09-22 22:24:05,1.2660000000000196,98.51890411376954,4.5360000000000005,942.85,0.8775000000000001
68.0,-135.0,2026-09-22 22:24:05,4.229000000000042,80.21890411376954,1.116,1004.99,0.8085
68.0,-134.5,2026-09-22 22:24:05,3.747000000000014,85.44390411376953,3.3480000000000003,1004.6,1.19
68.0,-134.0,2026-09-22 22:24:05,3.851000000000056,86.61890411376953,5.436,1004.49,1.8385
68.0,-133.5,2026-09-22 22:24:05,4.04400000000004,90.01890411376954,7.164,997.74,3.4330000000000003
68.0,-133.0,2026-09-22 22:24:05,3.4840000000000373,91.66890411376954,11.628,980.37,1.854
68.0,-132.5,2026-09-22 22:24:05,3.691000000000031,91.71890411376954,10.98,976.35,2.35
68.0,-132.0,2026-09-22 22:24:05,3.8660000000000423,92.16890411376954,9.972,977.42,2.594
68.0,-131.5,2026-09-22 22:24:05,4.625000000000057,88.94390411376953,10.332,979.26,4.265
68.0,-131.0,2026-09-22 22:24:05,3.844000000000051,91.26890411376954,10.080000000000002,964.92,4.0435
68.0,-130.5,2026-09-22 22:24:05,4.341000000000008,88.84390411376954,8.280000000000001,972.21,4.097
68.0,-130.0,2026-09-22 22:24:05,4.88900000000001,87.66890411376954,8.964,979.65,4.0205
68.0,-129.5,2026-09-22 22:24:05,5.476000000000056,87.34390411376954,8.784,985.98,5.089
68.0,-129.0,2026-09-22 22:24:05,5.803000000000054,82.16890411376954,9.0,988.32,3.5020000000000002
68.0,-128.5,2026-09-22 22:24:05,5.289000000000044,86.46890411376954,9.864,979.88,3.212
68.0,-128.0,2026-09-22 22:24:05,5.685000000000002,83.59390411376954,9.288,980.73,1.961
68.0,-127.5,2026-09-22 22:24:05,5.788000000000011,80.09390411376954,9.0,978.07,1.8235000000000001
68.0,-127.0,2026-09-22 22:24:05,5.739000000000033,81.44390411376953,9.972,967.79,1.8615
68.0,-126.5,2026-09-22 22:24:05,6.381000000000029,82.91890411376954,9.972,976.4,0.862
68.0,-126.0,2026-09-22 22:24:05,6.858000000000004,83.86890411376953,11.484,979.99,1.198
68.0,-125.5,2026-09-22 22:24:05,6.202000000000055,88.96890411376954,12.24,974.18,2.06
68.0,-125.0,2026-09-22 22:24:05,6.228000000000009,86.61890411376953,13.428,972.76,1.93
68.0,-124.5,2026-09-22 22:24:05,5.40500000000003,87.46890411376954,15.012,967.71,3.0595
68.0,-124.0,2026-09-22 22:24:05,4.913000000000011,86.64390411376954,15.264000000000001,958.82,2.6550000000000002
68.0,-123.5,2026-09-22 22:24:05,4.468000000000018,85.32467346191407,11.916,954.83,2.0445
68.0,-123.0,2026-09-22 22:24:05,3.9460000000000264,84.17467346191407,11.412,951.99,1.9225
68.0,-122.5,2026-09-22 22:24:05,3.6350000000000477,87.89967346191406,10.476,952.22,0.5035000000000001
68.0,-122.0,2026-09-22 22:24:05,3.4700000000000273,85.84967346191407,11.052000000000001,948.4,0.3435
68.0,-121.5,2026-09-22 22:24:05,3.559000000000026,85.74967346191407,10.548,948.61,0.4885
68.0,-121.0,2026-09-22 22:24:05,3.705000000000041,82.04967346191407,10.332,949.21,0.3965
68.0,-120.5,2026-09-22 22:24:05,3.1990000000000123,83.89967346191406,10.728,939.19,0.305
68.0,-120.0,2026-09-22 22:24:05,2.441000000000031,88.19967346191407,11.16,925.85,0.3355
68.0,-119.5,2026-09-22 22:24:05,3.257000000000005,82.67467346191407,8.64,936.99,0.023
68.0,-119.0,2026-09-22 22:24:05,5.065000000000055,81.17467346191407,5.256,966.69,0.0
68.0,-118.5,2026-09-22 22:24:05,5.773000000000025,77.94967346191407,4.680000000000001,981.04,0.0
68.0,-118.0,2026-09-22 22:24:05,6.114000000000033,76.09967346191407,6.12,983.71,0.0
68.0,-117.5,2026-09-22 22:24:05,7.046000000000049,75.52467346191406,5.868,992.57,0.0155
68.0,-117.0,2026-09-22 22:24:05,6.82000000000005,77.54967346191407,5.868,990.46,0.084
68.0,-116.5,2026-09-22 22:24:05,5.942000000000007,79.84967346191407,7.416,983.22,0.23650000000000002
68.0,-116.0,2026-09-22 22:24:05,5.460000000000036,78.94967346191407,9.756,971.6,0.511
68.0,-115.5,2026-09-22 22:24:05,6.288000000000011,76.44967346191406,12.024,980.9,0.4425
68.0,-115.0,2026-09-22 22:24:05,6.386000000000024,79.89967346191406,12.384,1005.55,0.267
68.0,-113.5,2026-09-22 22:24:05,5.327000000000055,85.87467346191407,23.904000000000003,1005.13,0.168
68.0,-113.0,2026-09-22 22:24:05,5.350000000000023,87.12467346191407,25.812,1005.24,0.168
68.0,-111.0,2026-09-22 22:24:05,5.116000000000042,91.77467346191406,32.652,1004.32,0.0155
68.0,-110.5,2026-09-22 22:24:05,5.362000000000023,91.99967346191407,31.968000000000004,1004.13,0.0075
68.0,-110.0,2026-09-22 22:24:05,5.3840000000000146,94.84967346191407,32.292,1002.58,0.0305
68.0,-109.5,2026-09-22 22:24:05,5.506000000000029,95.84967346191407,32.076,1003.6,0.0075
68.0,-109.0,2026-09-22 22:24:05,5.663000000000011,96.04967346191407,28.692,1002.79,0.061
68.0,-108.0,2026-09-22 22:24:05,6.226000000000056,94.34967346191407,20.52,1003.07,0.305
68.0,-107.5,2026-09-22 22:24:05,5.497000000000014,95.99967346191407,20.628000000000004,986.52,0.3815
68.0,-107.0,2026-09-22 22:24:05,5.545000000000016,95.44967346191407,23.291999999999998,987.94,0.0915
68.0,-106.5,2026-09-22 22:24:05,6.80800000000005,88.67467346191407,17.352,995.46,0.038
68.0,-106.0,2026-09-22 22:24:05,6.536000000000001,88.29967346191407,18.828000000000003,993.46,0.3965
68.0,-105.5,2026-09-22 22:24:05,6.638000000000034,89.12467346191407,19.26,994.94,0.5875
68.0,-105.0,2026-09-22 22:24:05,6.9500000000000455,86.97467346191407,20.736,993.72,0.969
68.0,-104.5,2026-09-22 22:24:05,7.300000000000011,85.94967346191407,18.900000000000002,1000.33,0.9005
68.0,-104.0,2026-09-22 22:24:05,6.939000000000021,87.64967346191406,20.88,1000.19,0.801
68.0,-103.5,2026-09-22 22:24:05,6.750000000000057,85.24967346191407,21.996000000000002,999.41,1.77
68.0,-103.0,2026-09-22 22:24:05,5.6930000000000405,88.64967346191406,24.768,1001.44,1.3505
68.0,-99.0,2026-09-22 22:24:05,5.0020000000000095,88.53308410644532,38.74016283318401,998.16,2.884
68.0,-98.5,2026-09-22 22:24:05,5.062000000000012,89.03308410644532,30.40616283318401,995.66,0.862
68.0,-98.0,2026-09-22 22:24:05,5.29200000000003,89.28308410644532,28.588162833184004,996.67,0.6485
68.0,-97.5,2026-09-22 22:24:05,4.944000000000017,90.58308410644531,26.158162833184004,994.44,0.847
68.0,-97.0,2026-09-22 22:24:05,5.3840000000000146,90.98308410644532,26.680162833184003,993.19,0.8085
68.0,-96.5,2026-09-22 22:24:05,6.548000000000002,88.85808410644532,25.492162833184004,996.09,0.6025
68.0,-96.0,2026-09-22 22:24:05,6.163000000000011,90.00808410644532,25.186162833184003,997.05,0.4425
68.0,-95.5,2026-09-22 22:24:05,6.16700000000003,92.38308410644532,21.298162833184005,997.14,0.595
68.0,-95.0,2026-09-22 22:24:05,8.914000000000044,87.75808410644532,22.540162833184006,994.49,0.0305
68.0,-94.5,2026-09-22 22:24:05,9.168000000000006,86.65808410644532,22.144162833184005,991.7,0.328
68.0,-94.0,2026-09-22 22:24:05,9.436000000000035,86.10808410644532,21.352162833184007,988.13,0.458
68.0,-93.5,2026-09-22 22:24:05,9.340000000000032,86.30808410644532,21.388162833184005,982.7,0.5035000000000001
68.0,-93.0,2026-09-22 22:24:05,10.27600000000001,81.70808410644531,21.424162833184003,985.95,0.7705
68.0,-92.5,2026-09-22 22:24:05,9.815000000000055,82.03308410644532,19.966162833184008,974.5,0.58
68.0,-92.0,2026-09-22 22:24:05,9.829000000000008,80.95808410644531,19.624162833184005,970.58,0.328
68.0,-91.5,2026-09-22 22:24:05,10.345000000000027,82.03308410644532,18.634162833184007,976.77,0.122
68.0,-91.0,2026-09-22 22:24:05,10.549000000000035,83.38308410644532,18.112162833184005,980.8,0.122
68.0,-90.5,2026-09-22 22:24:05,8.985000000000014,83.18308410644532,20.344162833184004,975.5,0.1145
68.0,-90.0,2026-09-22 22:24:05,11.148000000000025,81.30808410644532,20.470162833184006,984.39,0.145
68.0,-89.5,2026-09-22 22:24:05,11.166000000000054,83.05808410644532,19.804162833184,984.88,0.16
68.0,-89.0,2026-09-22 22:24:05,11.241000000000042,82.75808410644532,19.498162833184004,981.42,0.0765
68.0,-88.5,2026-09-22 22:24:05,12.285000000000025,79.43308410644532,20.002162833184006,994.03,0.1375
68.0,-87.0,2026-09-22 22:24:05,4.095000000000027,94.00808410644532,28.822162833184002,998.24,0.1295
68.0,-86.5,2026-09-22 22:24:05,9.649000000000001,87.98308410644532,23.494162833184003,993.53,0.145
68.0,-86.0,2026-09-22 22:24:05,10.38900000000001,84.08308410644531,21.280162833184004,995.59,0.107
68.0,-85.5,2026-09-22 22:24:05,8.605000000000018,91.03308410644532,13.864162833184006,963.7,0.3815
68.0,-85.0,2026-09-22 22:24:05,5.831000000000017,98.68308410644532,18.922162833184007,954.3,0.9155
68.0,-84.5,2026-09-22 22:24:05,7.190000000000055,93.68308410644532,19.480162833184004,965.2,0.4805
68.0,-84.0,2026-09-22 22:24:05,6.492000000000019,95.15808410644532,20.488162833184006,963.42,0.5035000000000001
68.0,-83.5,2026-09-22 22:24:05,7.2520000000000095,91.83308410644531,19.570162833184003,954.8,0.458
68.0,-83.0,2026-09-22 22:24:05,7.742000000000019,88.00808410644532,21.820162833184003,962.64,0.74
68.0,-82.5,2026-09-22 22:24:05,7.830000000000041,89.08308410644531,24.592162833184002,964.99,0.328
68.0,-82.0,2026-09-22 22:24:05,9.54600000000005,83.20808410644531,24.970162833184006,983.3,0.1525
68.0,-77.0,2026-09-22 22:24:05,2.1970000000000027,98.80808410644532,30.190162833184004,1004.3,0.046
68.0,-76.5,2026-09-22 22:24:05,2.354000000000042,98.80808410644532,31.72016283318401,1004.92,0.0075
68.0,-76.0,2026-09-22 22:24:05,2.913000000000011,98.80808410644532,33.71816283318401,1005.47,0.0
68.0,-75.5,2026-09-22 22:24:05,3.5750000000000455,98.75808410644532,33.10616283318401,1005.88,0.0
68.0,-75.0,2026-09-22 22:24:05,3.969000000000051,97.78308410644532,38.74016283318401,1006.25,0.0
68.0,-74.5,2026-09-22 22:24:05,3.8980000000000246,96.55808410644532,40.82816283318401,1006.84,0.0
68.0,-74.0,2026-09-22 22:24:05,5.131000000000029,93.60808410644532,41.548162833184,1007.67,0.0
68.0,-73.5,2026-09-22 22:24:05,5.221000000000004,91.43308410644532,35.680162833184006,1008.36,0.0
68.0,-73.0,2026-09-22 22:24:05,5.199000000000012,89.55808410644532,31.738162833184006,1008.22,0.0
68.0,-72.5,2026-09-22 22:24:05,5.022000000000048,86.93308410644532,30.010162833184005,1005.5,0.0
68.0,-72.0,2026-09-22 22:24:05,4.263000000000034,89.05808410644532,29.902162833184004,999.83,0.0075
68.0,-71.5,2026-09-22 22:24:05,3.619000000000028,91.00808410644532,29.200162833184006,992.11,0.1295
68.0,-71.0,2026-09-22 22:24:05,2.9780000000000086,90.48308410644532,25.816162833184006,991.31,0.0075
68.0,-70.5,2026-09-22 22:24:05,4.898000000000025,83.58308410644531,43.384162833184,999.27,0.0
68.0,-70.0,2026-09-22 22:24:05,4.7070000000000505,79.93308410644532,37.336162833184005,1000.61,0.0
68.0,-69.5,2026-09-22 22:24:05,4.382000000000005,71.33308410644531,26.284162833184006,999.31,0.0075
68.0,-69.0,2026-09-22 22:24:05,3.434000000000026,75.28308410644532,22.810162833184005,985.7,0.046
68.0,-68.5,2026-09-22 22:24:05,3.1860000000000355,73.48308410644532,18.832162833184004,983.19,0.023
68.0,-68.0,2026-09-22 22:24:05,1.7600000000000477,76.43308410644532,18.058162833184007,968.41,0.0075
68.0,-67.5,2026-09-22 22:24:05,0.22600000000005593,79.53308410644532,15.664162833184005,954.52,0.0
68.0,-67.0,2026-09-22 22:24:05,0.19700000000000273,76.48308410644532,13.972162833184004,948.19,0.061
68.0,-66.5,2026-09-22 22:24:05,-0.08799999999996544,77.98308410644532,10.948162833184005,947.95,0.0765
68.0,-66.0,2026-09-22 22:24:05,0.4800000000000182,70.00808410644531,11.020162833184004,944.28,0.0
68.0,-65.5,2026-09-22 22:24:05,-0.1269999999999527,71.03308410644532,12.280162833184004,936.27,0.0
68.0,-65.0,2026-09-22 22:24:05,1.205000000000041,67.48308410644532,15.808162833184005,938.24,0.0
68.0,-64.5,2026-09-22 22:24:05,3.29200000000003,55.35808410644532,15.160162833184003,952.09,0.0
68.5,-141.0,2026-09-22 22:24:05,0.20600000000001728,98.46890411376954,12.492,936.34,2.7465
68.5,-140.5,2026-09-22 22:24:05,-0.35799999999994725,97.49390411376953,11.592,930.87,3.7155
68.5,-140.0,2026-09-22 22:24:05,1.066000000000031,95.16890411376954,10.872,947.84,3.418
68.5,-139.5,2026-09-22 22:24:05,0.19900000000001228,97.61890411376953,14.976,926.98,3.418
68.5,-139.0,2026-09-22 22:24:05,-0.2179999999999609,99.01890411376954,14.940000000000001,927.45,2.8685
68.5,-138.5,2026-09-22 22:24:05,-0.5889999999999986,97.74390411376953,17.1,919.51,2.899
68.5,-138.0,2026-09-22 22:24:05,2.1450000000000387,90.79390411376954,14.688,952.26,2.1665
68.5,-137.5,2026-09-22 22:24:05,0.7600000000000477,98.29390411376954,14.04,938.32,3.5325
68.5,-137.0,2026-09-22 22:24:05,2.4010000000000105,91.61890411376953,11.592,952.1,2.9375
68.5,-136.5,2026-09-22 22:24:05,1.941000000000031,93.24390411376953,3.9240000000000004,969.92,2.22
68.5,-136.0,2026-09-22 22:24:05,1.4720000000000368,89.79390411376954,3.4200000000000004,968.98,1.816
68.5,-135.5,2026-09-22 22:24:05,3.555000000000007,82.56890411376953,0.7200000000000001,1004.07,1.5030000000000001
68.5,-135.0,2026-09-22 22:24:05,3.633000000000038,84.96890411376954,3.708,1003.74,1.724
68.5,-134.5,2026-09-22 22:24:05,3.5710000000000264,89.54390411376954,7.848000000000001,1003.74,1.1215
68.5,-134.0,2026-09-22 22:24:05,3.774000000000001,84.84390411376954,8.244,1003.74,1.999
68.5,-133.5,2026-09-22 22:24:05,3.3880000000000337,88.61890411376953,9.54,993.46,2.449
68.5,-133.0,2026-09-22 22:24:05,3.848000000000013,86.89390411376954,10.080000000000002,992.07,2.3195
68.5,-132.5,2026-09-22 22:24:05,4.059000000000026,89.89390411376954,12.564000000000002,993.06,3.7765
68.5,-132.0,2026-09-22 22:24:05,4.07000000000005,93.49390411376953,9.504000000000001,985.12,1.816
68.5,-131.5,2026-09-22 22:24:05,3.858000000000004,92.01890411376954,12.276000000000002,974.28,1.6935
68.5,-131.0,2026-09-22 22:24:05,5.122000000000014,82.16890411376954,9.144,982.56,1.1065
68.5,-130.5,2026-09-22 22:24:05,4.863000000000056,81.99390411376953,8.172,985.73,1.0225
68.5,-130.0,2026-09-22 22:24:05,4.30800000000005,89.16890411376954,9.504000000000001,981.26,0.6865
68.5,-129.5,2026-09-22 22:24:05,4.702000000000055,87.44390411376953,9.288,983.7,1.5565
68.5,-129.0,2026-09-22 22:24:05,5.191000000000031,83.09390411376954,9.972,980.54,2.5175
68.5,-128.5,2026-09-22 22:24:05,5.4500000000000455,87.86890411376953,7.272,986.31,2.9905
68.5,-128.0,2026-09-22 22:24:05,4.5820000000000505,90.21890411376954,7.488,978.09,2.3575
68.5,-127.5,2026-09-22 22:24:05,5.177000000000021,89.39390411376954,8.352,985.29,2.0065
68.5,-127.0,2026-09-22 22:24:05,5.485000000000014,89.01890411376954,9.684,984.48,1.5105
68.5,-126.5,2026-09-22 22:24:05,6.051000000000045,88.36890411376953,10.116,986.46,1.976
68.5,-126.0,2026-09-22 22:24:05,6.2000000000000455,87.46890411376954,10.98,983.2,2.838
68.5,-125.5,2026-09-22 22:24:05,5.524000000000001,88.96890411376954,13.428,975.57,3.6165000000000003
68.5,-125.0,2026-09-22 22:24:05,5.05800000000005,91.79390411376954,15.3,970.26,3.7535000000000003
68.5,-124.5,2026-09-22 22:24:05,5.03000000000003,91.34390411376954,15.803999999999998,968.76,3.334
68.5,-124.0,2026-09-22 22:24:05,4.590000000000032,90.24390411376953,15.120000000000001,960.46,2.4645
68.5,-123.5,2026-09-22 22:24:05,3.6860000000000355,88.92467346191407,12.996,947.47,2.7085
68.5,-123.0,2026-09-22 22:24:05,2.8910000000000196,88.24967346191407,12.852000000000002,938.43,1.5030000000000001
68.5,-122.5,2026-09-22 22:24:05,3.865000000000009,83.27467346191406,10.908000000000001,951.44,0.641
68.5,-122.0,2026-09-22 22:24:05,2.680000000000007,89.62467346191407,11.16,940.15,2.4185
68.5,-121.5,2026-09-22 22:24:05,1.4930000000000518,90.34967346191407,12.708000000000002,924.79,2.3040000000000003
68.5,-121.0,2026-09-22 22:24:05,2.9220000000000255,85.32467346191407,12.168,942.69,0.5035000000000001
68.5,-120.5,2026-09-22 22:24:05,2.344000000000051,82.12467346191407,12.168,928.72,1.2815
68.5,-120.0,2026-09-22 22:24:05,2.691000000000031,81.62467346191407,10.26,931.85,1.4955
68.5,-119.5,2026-09-22 22:24:05,2.289000000000044,85.29967346191407,10.116,936.49,1.4875
68.5,-119.0,2026-09-22 22:24:05,3.4330000000000496,79.72467346191407,8.1,953.41,1.0605
68.5,-118.5,2026-09-22 22:24:05,4.868000000000052,74.79967346191407,8.604000000000001,966.6,1.8465
68.5,-118.0,2026-09-22 22:24:05,5.125000000000057,81.97467346191407,2.196,974.74,2.388
68.5,-117.5,2026-09-22 22:24:05,4.974000000000046,79.37467346191407,4.716,976.33,2.4185
68.5,-117.0,2026-09-22 22:24:05,4.5470000000000255,81.02467346191406,9.144,978.54,1.8920000000000001
68.5,-116.5,2026-09-22 22:24:05,4.724000000000046,82.12467346191407,10.656,982.11,1.869
68.5,-116.0,2026-09-22 22:24:05,4.6930000000000405,84.49967346191407,13.212,991.07,1.2815
68.5,-115.5,2026-09-22 22:24:05,5.004000000000019,82.62467346191407,15.588000000000001,994.11,1.1215
68.5,-115.0,2026-09-22 22:24:05,4.6930000000000405,83.39967346191406,17.784000000000002,993.94,0.4885
68.5,-114.5,2026-09-22 22:24:05,4.958000000000027,84.09967346191407,20.016000000000002,997.54,0.4885
68.5,-114.0,2026-09-22 22:24:05,4.6200000000000045,86.32467346191407,22.428,1004.97,0.6255000000000001
68.5,-113.5,2026-09-22 22:24:05,3.812000000000012,90.37467346191407,27.828000000000003,1004.88,0.6105
68.5,-113.0,2026-09-22 22:24:05,4.052000000000021,91.44967346191407,27.972,1004.27,0.679
68.5,-112.5,2026-09-22 22:24:05,4.349000000000046,91.79967346191407,22.32,1002.82,0.618
68.5,-112.0,2026-09-22 22:24:05,4.196000000000026,92.89967346191406,19.692,1003.8,0.47300000000000003
68.5,-111.5,2026-09-22 22:24:05,4.927000000000021,92.02467346191406,17.532,1003.54,0.28250000000000003
68.5,-111.0,2026-09-22 22:24:05,5.0260000000000105,92.39967346191406,18.828000000000003,998.43,0.28250000000000003
68.5,-110.5,2026-09-22 22:24:05,5.035000000000025,93.04967346191407,17.352,1003.19,0.3205
68.5,-108.5,2026-09-22 22:24:05,6.081000000000017,89.39967346191406,13.824,1002.75,0.717
68.5,-108.0,2026-09-22 22:24:05,6.40300000000002,84.04967346191407,14.292000000000002,993.0,1.1065
68.5,-107.5,2026-09-22 22:24:05,6.438000000000045,83.39967346191406,13.572000000000001,996.58,0.7555000000000001
68.5,-107.0,2026-09-22 22:24:05,6.293000000000006,83.67467346191407,14.940000000000001,996.04,0.58
68.5,-106.5,2026-09-22 22:24:05,5.849000000000046,85.72467346191407,16.560000000000002,1001.61,0.7555000000000001
68.5,-106.0,2026-09-22 22:24:05,5.932000000000016,85.64967346191406,19.512,1002.02,1.1215
68.5,-105.5,2026-09-22 22:24:05,5.844000000000051,85.82467346191407,20.088,996.46,0.5495
68.5,-105.0,2026-09-22 22:24:05,5.5400000000000205,86.84967346191407,19.836,1000.35,0.5645
68.5,-104.5,2026-09-22 22:24:05,5.597000000000037,86.07467346191407,22.788,996.19,0.9615
68.5,-102.0,2026-09-22 22:24:05,3.7060000000000173,90.04967346191407,33.948,1000.27,2.0675
68.5,-98.5,2026-09-22 22:24:05,3.6830000000000496,91.83308410644531,38.110162833184006,997.19,2.1285
68.5,-98.0,2026-09-22 22:24:05,3.6820000000000164,91.78308410644532,38.110162833184006,996.77,3.1815
68.5,-97.5,2026-09-22 22:24:05,3.708000000000027,91.95808410644531,37.858162833184004,996.74,2.64
68.5,-97.0,2026-09-22 22:24:05,3.362000000000023,92.55808410644532,38.54216283318401,996.52,1.03
68.5,-96.5,2026-09-22 22:24:05,3.9820000000000277,92.20808410644531,34.492162833184004,992.22,1.1445
68.5,-96.0,2026-09-22 22:24:05,3.601000000000056,91.33308410644531,37.156162833184005,996.16,0.9535
68.5,-94.0,2026-09-22 22:24:05,5.786000000000001,91.45808410644531,33.358162833184004,995.88,2.8075
68.5,-93.5,2026-09-22 22:24:05,8.961000000000013,87.38308410644532,27.832162833184004,994.52,2.9985
68.5,-93.0,2026-09-22 22:24:05,9.843000000000018,86.75808410644532,23.152162833184004,993.39,0.9005
68.5,-92.5,2026-09-22 22:24:05,9.220000000000027,86.15808410644532,24.070162833184003,979.19,1.03
68.5,-92.0,2026-09-22 22:24:05,8.927000000000021,87.45808410644531,24.952162833184005,968.03,1.0225
68.5,-91.5,2026-09-22 22:24:05,9.833000000000027,77.43308410644532,26.284162833184006,970.17,0.786
68.5,-91.0,2026-09-22 22:24:05,11.184000000000026,77.23308410644532,21.784162833184006,983.19,0.5875
68.5,-90.5,2026-09-22 22:24:05,7.3390000000000555,85.38308410644532,18.814162833184007,995.75,0.763
68.5,-90.0,2026-09-22 22:24:05,7.705000000000041,87.68308410644532,22.288162833184003,994.33,0.656
68.5,-89.5,2026-09-22 22:24:05,11.067000000000007,74.43308410644532,23.872162833184007,985.47,0.786
68.5,-89.0,2026-09-22 22:24:05,6.247000000000014,89.35808410644532,18.472162833184004,984.41,0.4805
68.5,-88.5,2026-09-22 22:24:05,10.104000000000042,85.38308410644532,21.640162833184007,978.28,0.313
68.5,-88.0,2026-09-22 22:24:05,11.208000000000027,84.65808410644532,20.200162833184006,992.11,0.641
68.5,-85.5,2026-09-22 22:24:05,9.731000000000051,83.95808410644531,17.068162833184005,975.83,0.7020000000000001
68.5,-85.0,2026-09-22 22:24:05,8.358000000000004,91.68308410644532,18.184162833184004,956.63,0.4195
68.5,-84.5,2026-09-22 22:24:05,7.402000000000044,95.60808410644532,16.528162833184005,958.06,0.4425
68.5,-84.0,2026-09-22 22:24:05,8.062000000000012,91.85808410644532,20.866162833184006,960.31,0.23650000000000002
68.5,-83.5,2026-09-22 22:24:05,7.484000000000037,92.85808410644532,19.642162833184003,958.03,0.3815
68.5,-83.0,2026-09-22 22:24:05,7.65300000000002,88.95808410644531,21.496162833184005,963.0,0.786
68.5,-82.5,2026-09-22 22:24:05,7.610000000000014,91.33308410644531,22.666162833184007,967.03,0.35100000000000003
68.5,-82.0,2026-09-22 22:24:05,9.323000000000036,85.68308410644532,25.834162833184006,981.81,0.168
68.5,-81.5,2026-09-22 22:24:05,9.75200000000001,82.63308410644532,19.390162833184007,988.74,0.145
68.5,-79.0,2026-09-22 22:24:05,3.3840000000000146,98.23308410644532,30.100162833184005,1002.33,0.0915
68.5,-78.5,2026-09-22 22:24:05,3.1680000000000064,98.80808410644532,29.110162833184003,1002.74,0.0075
68.5,-75.5,2026-09-22 22:24:05,3.4460000000000264,98.78308410644532,32.33216283318401,1005.78,0.0
68.5,-75.0,2026-09-22 22:24:05,3.9360000000000355,98.05808410644532,37.39016283318401,1006.13,0.0
68.5,-74.5,2026-09-22 22:24:05,3.833000000000027,96.93308410644532,40.43216283318401,1006.7,0.0
68.5,-74.0,2026-09-22 22:24:05,4.893000000000029,94.43308410644532,42.052162833184006,1007.44,0.0
68.5,-73.5,2026-09-22 22:24:05,5.119000000000028,92.75808410644532,41.15216283318401,1008.16,0.0
68.5,-73.0,2026-09-22 22:24:05,5.1860000000000355,90.48308410644532,33.430162833184006,1008.58,0.0
68.5,-72.5,2026-09-22 22:24:05,5.02800000000002,87.58308410644531,29.812162833184004,1006.22,0.0
68.5,-72.0,2026-09-22 22:24:05,4.6340000000000146,87.95808410644531,29.398162833184003,1002.45,0.0075
68.5,-71.5,2026-09-22 22:24:05,3.5330000000000155,91.38308410644532,28.624162833184005,993.19,0.122
68.5,-71.0,2026-09-22 22:24:05,2.88900000000001,91.30808410644532,25.906162833184005,988.8,0.0155
68.5,-70.5,2026-09-22 22:24:05,4.705000000000041,84.70808410644531,41.494162833184006,999.13,0.0
68.5,-70.0,2026-09-22 22:24:05,4.886000000000024,81.65808410644532,40.59416283318401,1000.03,0.0
68.5,-69.5,2026-09-22 22:24:05,4.470000000000027,74.38308410644531,31.630162833184006,1000.38,0.0
68.5,-69.0,2026-09-22 22:24:05,3.8420000000000414,71.95808410644531,23.854162833184006,988.88,0.061
68.5,-68.5,2026-09-22 22:24:05,4.178000000000054,71.38308410644531,19.498162833184004,985.56,0.023
68.5,-68.0,2026-09-22 22:24:05,2.5810000000000173,74.83308410644531,18.634162833184007,975.77,0.0075
68.5,-67.5,2026-09-22 22:24:05,0.7230000000000132,78.43308410644532,17.374162833184005,960.22,0.0
68.5,-67.0,2026-09-22 22:24:05,0.11600000000004229,79.50808410644532,14.728162833184006,950.25,0.0155
68.5,-66.5,2026-09-22 22:24:05,-0.23399999999998045,77.43308410644532,11.812162833184004,947.31,0.0685
69.0,-141.0,2026-09-22 22:24:05,-2.3619999999999663,96.56890411376953,12.852000000000002,885.9,1.1825
69.0,-140.5,2026-09-22 22:24:05,0.6160000000000423,94.64390411376954,11.196,946.65,1.686
69.0,-140.0,2026-09-22 22:24:05,-2.262999999999977,96.11890411376953,16.164,892.98,2.3575
69.0,-139.5,2026-09-22 22:24:05,-0.3439999999999941,92.86890411376953,12.132000000000001,921.56,2.701
69.0,-139.0,2026-09-22 22:24:05,2.8320000000000505,83.51890411376954,8.64,973.18,3.1585
69.0,-138.5,2026-09-22 22:24:05,2.3770000000000095,83.56890411376953,8.172,994.79,3.4945
69.0,-138.0,2026-09-22 22:24:05,2.5050000000000523,78.99390411376953,7.74,996.26,3.4255
69.0,-137.5,2026-09-22 22:24:05,2.923000000000002,80.14390411376954,11.484,1004.46,4.28
69.0,-137.0,2026-09-22 22:24:05,2.986000000000047,80.21890411376954,10.512,1004.71,4.6770000000000005
69.0,-136.5,2026-09-22 22:24:05,3.13900000000001,76.89390411376954,9.251999999999999,1004.88,3.9595000000000002
69.0,-136.0,2026-09-22 22:24:05,3.459000000000003,77.86890411376953,8.532,1004.23,3.6545
69.0,-135.5,2026-09-22 22:24:05,3.40300000000002,80.16890411376954,6.48,1003.87,3.189
69.0,-135.0,2026-09-22 22:24:05,3.029000000000053,83.54390411376954,7.524,1004.1,2.3040000000000003
69.0,-134.5,2026-09-22 22:24:05,3.149000000000001,84.64390411376954,8.856,1000.21,1.6325
69.0,-134.0,2026-09-22 22:24:05,2.729000000000042,90.56890411376953,9.792000000000002,994.96,2.1285
69.0,-133.5,2026-09-22 22:24:05,3.2140000000000555,87.11890411376953,10.476,998.74,2.7845
69.0,-133.0,2026-09-22 22:24:05,4.160000000000025,82.46890411376954,14.184,1004.42,2.0065
69.0,-132.5,2026-09-22 22:24:05,4.263000000000034,87.56890411376953,12.672,1002.06,1.7165000000000001
69.0,-132.0,2026-09-22 22:24:05,4.463000000000022,87.06890411376953,8.784,1000.87,2.678
69.0,-131.5,2026-09-22 22:24:05,4.313000000000045,87.96890411376954,7.164,997.12,2.9905
69.0,-131.0,2026-09-22 22:24:05,4.166000000000054,90.21890411376954,6.66,998.26,2.4035
69.0,-130.5,2026-09-22 22:24:05,4.588000000000022,89.51890411376954,6.372,995.92,2.7085
69.0,-130.0,2026-09-22 22:24:05,4.2140000000000555,87.84390411376954,7.848000000000001,992.46,3.723
69.0,-129.5,2026-09-22 22:24:05,3.8840000000000146,92.24390411376953,7.668,985.85,4.158
69.0,-129.0,2026-09-22 22:24:05,2.997000000000014,95.06890411376953,8.784,969.29,4.1735
69.0,-128.5,2026-09-22 22:24:05,4.437000000000012,89.74390411376953,5.256,984.15,2.983
69.0,-128.0,2026-09-22 22:24:05,3.5540000000000305,92.06890411376953,8.172,972.79,2.1665
69.0,-127.5,2026-09-22 22:24:05,4.115000000000009,88.79390411376954,8.244,975.85,1.5105
69.0,-127.0,2026-09-22 22:24:05,4.399000000000001,88.96890411376954,8.856,977.29,1.854
69.0,-126.5,2026-09-22 22:24:05,4.05800000000005,90.91890411376954,9.504000000000001,973.34,2.35
69.0,-126.0,2026-09-22 22:24:05,4.819000000000017,90.79390411376954,8.784,981.07,3.021
69.0,-125.5,2026-09-22 22:24:05,5.048000000000002,92.09390411376954,9.0,984.73,2.8305000000000002
69.0,-125.0,2026-09-22 22:24:05,4.566000000000031,92.39390411376954,11.16,976.07,2.739
69.0,-124.5,2026-09-22 22:24:05,4.6510000000000105,91.14390411376954,11.052000000000001,975.6,3.1815
69.0,-124.0,2026-09-22 22:24:05,4.468000000000018,89.71890411376954,10.44,971.84,4.9975000000000005
69.0,-123.5,2026-09-22 22:24:05,3.7760000000000105,89.22467346191407,9.828,968.4,4.4935
69.0,-123.0,2026-09-22 22:24:05,2.7670000000000528,88.79967346191407,10.8,952.07,5.615
69.0,-122.5,2026-09-22 22:24:05,2.626000000000033,87.14967346191406,9.792000000000002,950.79,5.623
69.0,-122.0,2026-09-22 22:24:05,0.9070000000000391,93.04967346191407,13.824,926.69,3.891
69.0,-121.5,2026-09-22 22:24:05,0.8010000000000446,91.89967346191406,12.024,921.61,2.815
69.0,-121.0,2026-09-22 22:24:05,1.483000000000004,84.82467346191407,12.780000000000001,926.25,2.7315
69.0,-120.5,2026-09-22 22:24:05,1.9040000000000532,83.77467346191406,12.132000000000001,930.6,3.357
69.0,-120.0,2026-09-22 22:24:05,2.4420000000000073,81.62467346191407,11.628,937.32,3.9445
69.0,-119.5,2026-09-22 22:24:05,2.812000000000012,81.02467346191406,11.052000000000001,943.4,5.287
69.0,-119.0,2026-09-22 22:24:05,4.091000000000008,88.57467346191407,2.592,969.5,4.5855
69.0,-118.5,2026-09-22 22:24:05,4.196000000000026,89.44967346191407,4.104000000000001,988.83,4.6995000000000005
69.0,-118.0,2026-09-22 22:24:05,3.757000000000005,89.64967346191406,6.876,1000.91,7.2250000000000005
69.0,-117.5,2026-09-22 22:24:05,3.1410000000000196,92.32467346191407,9.684,1005.71,5.646
69.0,-117.0,2026-09-22 22:24:05,2.9490000000000123,94.44967346191407,14.184,1005.66,3.906
69.0,-116.5,2026-09-22 22:24:05,3.0230000000000246,93.74967346191407,17.352,1005.55,3.891
69.0,-116.0,2026-09-22 22:24:05,2.5890000000000555,93.42467346191407,19.908,1005.47,4.051
69.0,-115.5,2026-09-22 22:24:05,2.552000000000021,93.57467346191407,23.291999999999998,1005.3,2.8535
69.0,-113.5,2026-09-22 22:24:05,4.815000000000055,91.89967346191406,23.832,1003.5,3.6775
69.0,-113.0,2026-09-22 22:24:05,5.68100000000004,93.47467346191407,15.552000000000001,994.58,5.3785
69.0,-112.5,2026-09-22 22:24:05,5.720000000000027,94.17467346191407,13.644,993.5,6.9275
69.0,-112.0,2026-09-22 22:24:05,6.092000000000041,94.24967346191407,12.708000000000002,992.18,3.708
69.0,-111.5,2026-09-22 22:24:05,6.581000000000017,90.24967346191407,10.404,988.74,2.449
69.0,-111.0,2026-09-22 22:24:05,6.525000000000034,88.04967346191407,10.368,986.25,2.388
69.0,-110.5,2026-09-22 22:24:05,6.409000000000049,87.97467346191407,11.412,989.58,0.984
69.0,-110.0,2026-09-22 22:24:05,6.226000000000056,88.17467346191407,12.276000000000002,990.94,0.885
69.0,-109.5,2026-09-22 22:24:05,6.069000000000017,85.54967346191407,12.168,984.97,1.114
69.0,-109.0,2026-09-22 22:24:05,6.578000000000031,82.57467346191407,12.672,992.77,1.7855
69.0,-108.5,2026-09-22 22:24:05,6.3320000000000505,83.07467346191407,12.780000000000001,991.82,2.9525
69.0,-108.0,2026-09-22 22:24:05,5.427000000000021,86.42467346191407,12.924,985.57,3.2885
69.0,-107.5,2026-09-22 22:24:05,5.791000000000054,84.47467346191407,12.852000000000002,994.21,2.6245
69.0,-106.0,2026-09-22 22:24:05,4.7590000000000146,85.82467346191407,23.076,1001.77,1.9455
69.0,-105.5,2026-09-22 22:24:05,4.38900000000001,85.74967346191407,25.2,1001.55,1.7550000000000001
69.0,-105.0,2026-09-22 22:24:05,4.121000000000038,88.07467346191407,22.176000000000002,999.61,1.587
69.0,-104.5,2026-09-22 22:24:05,4.287000000000035,86.99967346191407,23.184,993.49,1.2895
69.0,-104.0,2026-09-22 22:24:05,4.4010000000000105,85.64967346191406,22.608,993.04,0.9155
69.0,-103.5,2026-09-22 22:24:05,4.381000000000029,85.77467346191406,24.156,991.86,1.2815
69.0,-103.0,2026-09-22 22:24:05,4.393000000000029,85.59967346191407,24.696,994.02,2.7695
69.0,-102.5,2026-09-22 22:24:05,4.626000000000033,84.34967346191407,26.1,997.66,1.7550000000000001
69.0,-102.0,2026-09-22 22:24:05,4.208000000000027,83.82467346191407,28.26,998.83,7.263
69.0,-100.5,2026-09-22 22:24:05,3.062000000000012,91.88308410644532,29.110162833184003,994.91,1.4345
69.0,-100.0,2026-09-22 22:24:05,3.202000000000055,92.80808410644532,30.910162833184003,995.55,1.587
69.0,-99.5,2026-09-22 22:24:05,2.921000000000049,92.43308410644532,34.24016283318401,996.47,0.786
69.0,-99.0,2026-09-22 22:24:05,3.40300000000002,91.63308410644532,31.918162833184006,994.74,1.2510000000000001
69.0,-98.5,2026-09-22 22:24:05,3.7200000000000273,90.85808410644532,29.668162833184006,992.55,1.8005
69.0,-98.0,2026-09-22 22:24:05,4.04200000000003,90.58308410644531,29.812162833184004,991.52,2.594
69.0,-97.5,2026-09-22 22:24:05,3.9670000000000414,91.25808410644532,31.882162833184008,987.52,1.541
69.0,-97.0,2026-09-22 22:24:05,4.440000000000055,90.78308410644532,31.288162833184003,988.67,2.1135
69.0,-96.5,2026-09-22 22:24:05,4.204000000000008,93.75808410644532,32.674162833184006,988.95,1.869
69.0,-96.0,2026-09-22 22:24:05,4.616000000000042,91.15808410644532,33.736162833184004,993.06,1.2205
69.0,-94.5,2026-09-22 22:24:05,5.385000000000048,89.40808410644532,34.78016283318401,994.52,1.0070000000000001
69.0,-94.0,2026-09-22 22:24:05,6.80800000000005,89.85808410644532,30.640162833184007,992.97,1.541
69.0,-93.5,2026-09-22 22:24:05,7.260000000000048,91.50808410644532,30.244162833184006,990.5,1.953
69.0,-93.0,2026-09-22 22:24:05,7.510000000000048,88.13308410644532,30.820162833184007,982.59,1.6555
69.0,-92.5,2026-09-22 22:24:05,8.138000000000034,88.30808410644532,31.954162833184007,980.08,3.166
69.0,-92.0,2026-09-22 22:24:05,8.858000000000004,87.73308410644532,29.200162833184006,977.81,0.5495
69.0,-91.5,2026-09-22 22:24:05,8.79400000000004,84.73308410644532,31.396162833184004,967.78,0.35100000000000003
69.0,-91.0,2026-09-22 22:24:05,10.102000000000032,77.95808410644531,29.920162833184,973.05,1.091
69.0,-90.5,2026-09-22 22:24:05,7.406000000000006,76.95808410644531,22.864162833184004,994.45,0.7555000000000001
69.0,-90.0,2026-09-22 22:24:05,4.413000000000011,93.23308410644532,30.244162833184006,991.33,0.6485
69.0,-89.5,2026-09-22 22:24:05,10.987000000000023,70.73308410644532,29.020162833184003,986.83,0.839
69.0,-89.0,2026-09-22 22:24:05,10.222000000000037,79.58308410644531,27.346162833184007,982.53,0.9995
69.0,-88.5,2026-09-22 22:24:05,10.42100000000005,84.55808410644532,25.024162833184004,983.27,0.763
69.0,-85.0,2026-09-22 22:24:05,8.315000000000055,93.33308410644531,18.148162833184003,953.47,0.496
69.0,-84.5,2026-09-22 22:24:05,7.970000000000027,93.48308410644532,15.250162833184005,958.58,0.427
69.0,-84.0,2026-09-22 22:24:05,7.853000000000009,92.15808410644532,19.912162833184006,962.05,0.23650000000000002
69.0,-83.5,2026-09-22 22:24:05,7.602000000000032,91.68308410644532,20.020162833184006,959.66,0.305
69.0,-83.0,2026-09-22 22:24:05,7.586000000000013,91.50808410644532,19.768162833184004,967.97,0.557
69.0,-82.5,2026-09-22 22:24:05,7.273000000000025,91.43308410644532,21.910162833184007,968.3,0.389
69.0,-82.0,2026-09-22 22:24:05,9.045000000000016,85.98308410644532,26.104162833184006,977.95,0.1905
69.0,-81.5,2026-09-22 22:24:05,9.506000000000029,83.23308410644532,22.432162833184005,984.58,0.1295
69.0,-79.5,2026-09-22 22:24:05,3.3520000000000323,98.83308410644531,27.670162833184005,1001.97,0.23650000000000002
69.0,-79.0,2026-09-22 22:24:05,3.399000000000001,98.23308410644532,29.974162833184003,1002.27,0.1295
69.0,-78.5,2026-09-22 22:24:05,3.2620000000000005,98.80808410644532,29.452162833184005,1002.64,0.0155
69.0,-76.5,2026-09-22 22:24:05,2.3140000000000214,98.78308410644532,30.712162833184003,1004.63,0.0535
69.0,-76.0,2026-09-22 22:24:05,2.500000000000057,98.83308410644531,32.92616283318401,1005.2,0.0
69.0,-75.5,2026-09-22 22:24:05,3.3670000000000186,98.80808410644532,32.584162833184,1005.7,0.0
69.0,-75.0,2026-09-22 22:24:05,3.8360000000000127,98.30808410644532,36.112162833184,1006.05,0.0
69.0,-74.5,2026-09-22 22:24:05,3.858000000000004,97.35808410644532,39.910162833184,1006.52,0.0
69.0,-74.0,2026-09-22 22:24:05,4.468000000000018,95.28308410644532,41.908162833184,1007.22,0.0
69.0,-73.5,2026-09-22 22:24:05,5.081000000000017,93.40808410644532,41.260162833184005,1008.02,0.0
69.0,-73.0,2026-09-22 22:24:05,5.205000000000041,90.95808410644531,33.916162833184,1008.67,0.0
69.0,-72.5,2026-09-22 22:24:05,5.133000000000038,88.15808410644532,30.496162833184002,1007.09,0.0
69.0,-72.0,2026-09-22 22:24:05,4.813000000000045,87.38308410644532,29.686162833184003,1004.06,0.0
69.0,-71.5,2026-09-22 22:24:05,3.569000000000017,91.65808410644532,30.010162833184005,993.72,0.0535
69.0,-71.0,2026-09-22 22:24:05,3.216000000000008,90.73308410644532,26.572162833184006,990.99,0.038
69.0,-70.5,2026-09-22 22:24:05,4.305000000000007,86.73308410644532,36.86816283318401,998.95,0.0
69.0,-70.0,2026-09-22 22:24:05,4.851000000000056,82.98308410644532,42.50216283318401,999.67,0.0
69.0,-69.5,2026-09-22 22:24:05,4.741000000000042,76.93308410644532,34.690162833184004,1001.08,0.0
69.0,-69.0,2026-09-22 22:24:05,4.0090000000000146,71.95808410644531,24.808162833184007,993.27,0.0305
69.0,-68.5,2026-09-22 22:24:05,3.673000000000002,75.10808410644532,21.352162833184007,985.19,0.023
69.0,-68.0,2026-09-22 22:24:05,3.0440000000000396,74.50808410644531,18.580162833184005,981.16,0.0155
69.0,-67.5,2026-09-22 22:24:05,1.1400000000000432,75.70808410644531,17.878162833184007,963.14,0.0
69.5,-141.0,2026-09-22 22:24:05,-1.731999999999971,97.29390411376954,12.24,899.57,1.2285
69.5,-140.5,2026-09-22 22:24:05,0.799000000000035,92.99390411376953,11.520000000000001,949.56,1.747
69.5,-140.0,2026-09-22 22:24:05,-1.4189999999999827,94.06890411376953,14.544,904.6,2.3575
69.5,-139.5,2026-09-22 22:24:05,-1.585999999999956,96.06890411376953,16.056,904.23,2.884
69.5,-139.0,2026-09-22 22:24:05,2.7940000000000396,82.94390411376953,10.728,983.57,2.617
69.5,-136.0,2026-09-22 22:24:05,3.001000000000033,81.66890411376954,12.888,1004.68,3.998
69.5,-135.5,2026-09-22 22:24:05,3.063000000000045,82.91890411376954,11.16,1004.7,4.1505
69.5,-135.0,2026-09-22 22:24:05,2.9320000000000164,80.16890411376954,9.54,1004.7,3.6315
69.5,-134.5,2026-09-22 22:24:05,2.701000000000022,80.56890411376953,9.0,1003.43,2.6855
69.5,-134.0,2026-09-22 22:24:05,2.222000000000037,86.44390411376953,9.251999999999999,1002.23,1.8465
69.5,-133.5,2026-09-22 22:24:05,2.8310000000000173,85.36890411376953,13.608,1004.68,1.854
69.5,-133.0,2026-09-22 22:24:05,3.5430000000000064,84.34390411376954,16.2,1004.18,1.198
69.5,-132.5,2026-09-22 22:24:05,3.7340000000000373,87.31890411376953,11.808000000000002,1002.18,1.053
69.5,-132.0,2026-09-22 22:24:05,3.7060000000000173,88.96890411376954,9.072000000000001,1003.31,2.1665
69.5,-131.5,2026-09-22 22:24:05,3.8390000000000555,86.59390411376954,8.784,1004.37,2.9985
69.5,-131.0,2026-09-22 22:24:05,2.9670000000000414,93.01890411376954,7.416,1003.2,3.029
69.5,-130.5,2026-09-22 22:24:05,3.4560000000000173,90.26890411376954,7.308000000000001,1002.34,4.1655
69.5,-130.0,2026-09-22 22:24:05,2.774000000000001,93.61890411376953,6.732,1000.73,5.295
69.5,-129.5,2026-09-22 22:24:05,2.9840000000000373,92.39390411376954,7.848000000000001,998.68,6.6605
69.5,-129.0,2026-09-22 22:24:05,3.0130000000000337,93.74390411376953,6.516,998.68,9.4835
69.5,-128.5,2026-09-22 22:24:05,3.5050000000000523,91.81890411376953,6.372,1002.23,9.1325
69.5,-128.0,2026-09-22 22:24:05,2.7530000000000427,94.99390411376953,6.768000000000001,992.21,7.797000000000001
69.5,-127.5,2026-09-22 22:24:05,2.4840000000000373,95.94390411376953,5.688000000000001,988.99,6.0425
69.5,-127.0,2026-09-22 22:24:05,3.5200000000000387,90.41890411376954,7.272,989.95,5.394
69.5,-126.5,2026-09-22 22:24:05,2.715000000000032,91.64390411376954,10.872,973.01,5.4625
69.5,-126.0,2026-09-22 22:24:05,3.4560000000000173,94.06890411376953,4.968000000000001,1004.42,3.9290000000000003
69.5,-125.5,2026-09-22 22:24:05,4.392000000000053,90.61890411376953,5.436,1004.42,4.837
69.5,-125.0,2026-09-22 22:24:05,4.941000000000031,91.34390411376954,4.644,1002.9,5.89
69.5,-124.5,2026-09-22 22:24:05,3.789000000000044,95.54390411376954,5.0040000000000004,1002.4,5.3025
69.5,-123.5,2026-09-22 22:24:05,3.2100000000000364,91.34967346191407,3.024,1004.68,10.994
69.5,-123.0,2026-09-22 22:24:05,4.376000000000033,90.59967346191407,5.436,996.38,12.268
69.5,-122.5,2026-09-22 22:24:05,1.7630000000000337,95.22467346191407,9.504000000000001,957.44,14.328000000000001
69.5,-122.0,2026-09-22 22:24:05,1.2180000000000177,92.29967346191407,9.684,947.27,8.5145
69.5,-121.5,2026-09-22 22:24:05,2.0850000000000364,88.84967346191407,11.772,951.27,8.0645
69.5,-121.0,2026-09-22 22:24:05,4.0190000000000055,79.62467346191407,5.112,965.21,8.911
69.5,-120.5,2026-09-22 22:24:05,2.552000000000021,92.52467346191406,6.588,1000.5,9.2775
69.5,-116.5,2026-09-22 22:24:05,3.024000000000001,90.24967346191407,14.256,999.6,15.77
69.5,-116.0,2026-09-22 22:24:05,3.4490000000000123,87.39967346191406,14.4,987.69,14.0915
69.5,-115.5,2026-09-22 22:24:05,3.7170000000000414,87.07467346191407,13.895999999999999,986.13,8.2625
69.5,-115.0,2026-09-22 22:24:05,3.597000000000037,87.17467346191407,12.924,975.33,9.842
69.5,-114.5,2026-09-22 22:24:05,4.38900000000001,84.82467346191407,12.420000000000002,981.58,9.5595
69.5,-114.0,2026-09-22 22:24:05,4.580000000000041,86.07467346191407,11.304,979.57,10.544
69.5,-113.5,2026-09-22 22:24:05,4.744000000000028,85.12467346191407,10.512,977.83,12.1305
69.5,-113.0,2026-09-22 22:24:05,4.4080000000000155,86.99967346191407,10.872,974.19,13.2215
69.5,-112.5,2026-09-22 22:24:05,4.286000000000001,87.47467346191407,11.304,969.71,12.947000000000001
69.5,-112.0,2026-09-22 22:24:05,4.27800000000002,89.27467346191406,12.168,980.82,17.227
69.5,-111.5,2026-09-22 22:24:05,4.54400000000004,89.32467346191407,12.852000000000002,980.1,14.6255
69.5,-111.0,2026-09-22 22:24:05,5.046000000000049,88.29967346191407,13.5,982.18,15.236
69.5,-110.5,2026-09-22 22:24:05,4.949000000000012,89.07467346191407,12.384,981.15,15.213000000000001
69.5,-110.0,2026-09-22 22:24:05,5.0090000000000146,89.72467346191407,12.492,985.08,10.6125
69.5,-109.5,2026-09-22 22:24:05,5.102000000000032,89.07467346191407,11.88,985.15,9.598
69.5,-109.0,2026-09-22 22:24:05,4.982000000000028,87.99967346191407,11.124,984.88,7.9725
69.5,-108.5,2026-09-22 22:24:05,4.698000000000036,86.82467346191407,11.736,988.38,7.08
69.5,-108.0,2026-09-22 22:24:05,4.527000000000044,85.27467346191406,13.284,987.68,6.134
69.5,-107.5,2026-09-22 22:24:05,4.236000000000047,85.92467346191407,15.516000000000002,989.91,5.188
69.5,-107.0,2026-09-22 22:24:05,4.593000000000018,83.74967346191407,17.136,993.93,4.3260000000000005
69.5,-106.5,2026-09-22 22:24:05,4.755000000000052,82.49967346191407,18.396,1000.05,3.9370000000000003
69.5,-106.0,2026-09-22 22:24:05,4.773000000000025,83.14967346191406,18.072000000000003,998.43,5.0505
69.5,-105.5,2026-09-22 22:24:05,4.217000000000041,84.19967346191407,18.720000000000002,995.3,3.769
69.5,-105.0,2026-09-22 22:24:05,3.744000000000028,85.44967346191407,18.324,992.96,2.365
69.5,-104.5,2026-09-22 22:24:05,4.010000000000048,83.87467346191407,22.5,997.46,1.3735
69.5,-104.0,2026-09-22 22:24:05,2.691000000000031,87.54967346191407,21.060000000000002,994.18,1.1065
69.5,-103.5,2026-09-22 22:24:05,3.1170000000000186,87.42467346191407,22.788,996.21,1.686
69.5,-103.0,2026-09-22 22:24:05,3.5030000000000427,84.82467346191407,32.364000000000004,999.49,1.587
69.5,-102.5,2026-09-22 22:24:05,3.3180000000000405,85.44967346191407,32.940000000000005,999.33,2.7235
69.5,-102.0,2026-09-22 22:24:05,3.0860000000000127,86.94967346191407,35.172,998.9,1.2510000000000001
69.5,-101.5,2026-09-22 22:24:05,2.7670000000000528,89.68308410644532,36.724162833184,996.55,1.732
69.5,-101.0,2026-09-22 22:24:05,2.6000000000000227,91.90808410644532,33.214162833184005,995.89,2.075
69.5,-98.5,2026-09-22 22:24:05,2.104000000000042,94.80808410644532,42.862162833184,993.61,1.747
69.5,-98.0,2026-09-22 22:24:05,2.000000000000057,96.00808410644532,36.166162833184,989.72,2.388
69.5,-97.5,2026-09-22 22:24:05,1.9990000000000236,93.63308410644532,38.63216283318401,990.49,2.7465
69.5,-97.0,2026-09-22 22:24:05,2.9220000000000255,92.80808410644532,36.238162833184006,989.94,2.617
69.5,-96.5,2026-09-22 22:24:05,3.656000000000006,91.63308410644532,36.598162833184006,993.09,3.6470000000000002
69.5,-96.0,2026-09-22 22:24:05,3.994000000000028,90.63308410644532,40.95416283318401,992.84,7.1105
69.5,-95.5,2026-09-22 22:24:05,4.363000000000056,91.00808410644532,35.626162833184004,989.09,5.989
69.5,-95.0,2026-09-22 22:24:05,4.371000000000038,91.98308410644532,40.82816283318401,992.63,3.7005
69.5,-94.5,2026-09-22 22:24:05,4.303000000000054,91.15808410644532,38.776162833184,992.81,4.9590000000000005
69.5,-94.0,2026-09-22 22:24:05,3.6610000000000014,94.93308410644532,42.50216283318401,972.0,1.465
69.5,-93.5,2026-09-22 22:24:05,5.675000000000011,89.15808410644532,40.972162833184,992.94,2.2355
69.5,-93.0,2026-09-22 22:24:05,6.592000000000041,89.13308410644532,38.830162833184005,988.64,1.4875
69.5,-92.5,2026-09-22 22:24:05,6.796000000000049,92.23308410644532,33.574162833184005,980.45,2.1055
69.5,-92.0,2026-09-22 22:24:05,7.753000000000043,88.90808410644532,31.198162833184004,976.99,1.3960000000000001
69.5,-91.5,2026-09-22 22:24:05,8.802000000000021,83.68308410644532,32.440162833184004,970.22,0.7555000000000001
69.5,-91.0,2026-09-22 22:24:05,9.833000000000027,77.80808410644532,33.808162833184,972.3,0.3355
69.5,-90.5,2026-09-22 22:24:05,7.0020000000000095,80.73308410644532,21.712162833184003,994.27,1.3045
69.5,-90.0,2026-09-22 22:24:05,4.371000000000038,92.78308410644532,29.632162833184008,994.63,0.557
69.5,-85.5,2026-09-22 22:24:05,7.921000000000049,87.85808410644532,20.470162833184006,990.14,0.3815
69.5,-85.0,2026-09-22 22:24:05,7.469000000000051,93.15808410644532,16.636162833184002,956.56,0.58
69.5,-84.5,2026-09-22 22:24:05,8.368000000000052,91.85808410644532,15.250162833184005,960.28,0.374
69.5,-84.0,2026-09-22 22:24:05,7.886000000000024,92.80808410644532,19.156162833184005,964.36,0.20600000000000002
69.5,-83.5,2026-09-22 22:24:05,7.3940000000000055,93.85808410644532,20.200162833184006,958.45,0.28250000000000003
69.5,-83.0,2026-09-22 22:24:05,7.9640000000000555,88.78308410644532,18.922162833184007,969.39,0.47300000000000003
69.5,-82.5,2026-09-22 22:24:05,7.767000000000053,90.20808410644531,21.640162833184007,967.13,0.534
69.5,-82.0,2026-09-22 22:24:05,8.425000000000011,88.15808410644532,25.762162833184004,970.06,0.252
69.5,-81.5,2026-09-22 22:24:05,9.346000000000004,83.95808410644531,23.566162833184006,982.91,0.1145
69.5,-80.5,2026-09-22 22:24:05,4.6720000000000255,96.43308410644532,22.090162833184007,1001.02,0.046
69.5,-80.0,2026-09-22 22:24:05,3.3940000000000055,98.93308410644532,27.058162833184007,1001.52,0.1375
69.5,-79.0,2026-09-22 22:24:05,3.38900000000001,98.50808410644532,29.686162833184003,1002.2,0.16
69.5,-78.5,2026-09-22 22:24:05,3.3250000000000455,98.75808410644532,29.902162833184004,1002.52,0.0155
69.5,-78.0,2026-09-22 22:24:05,2.9250000000000114,98.80808410644532,28.876162833184004,1002.95,0.023
69.5,-77.0,2026-09-22 22:24:05,2.1970000000000027,98.80808410644532,30.154162833184007,1003.89,0.0305
69.5,-76.5,2026-09-22 22:24:05,2.2770000000000437,98.78308410644532,30.40616283318401,1004.5,0.061
69.5,-76.0,2026-09-22 22:24:05,2.3780000000000427,98.80808410644532,32.15216283318401,1005.03,0.0075
69.5,-75.5,2026-09-22 22:24:05,3.1270000000000095,98.80808410644532,33.50216283318401,1005.58,0.0
69.5,-75.0,2026-09-22 22:24:05,3.6620000000000346,98.70808410644531,34.168162833184006,1005.94,0.0
69.5,-74.5,2026-09-22 22:24:05,3.9330000000000496,97.63308410644532,39.334162833184,1006.34,0.0
69.5,-74.0,2026-09-22 22:24:05,4.18300000000005,95.88308410644532,41.548162833184,1007.06,0.0
69.5,-73.5,2026-09-22 22:24:05,5.136000000000024,93.40808410644532,41.242162833184004,1007.84,0.0
69.5,-73.0,2026-09-22 22:24:05,5.204000000000008,91.25808410644532,33.808162833184,1008.45,0.0
69.5,-72.5,2026-09-22 22:24:05,5.166000000000054,89.03308410644532,30.784162833184002,1007.67,0.0
69.5,-72.0,2026-09-22 22:24:05,4.970000000000027,87.15808410644532,29.974162833184003,1005.11,0.0
69.5,-71.5,2026-09-22 22:24:05,3.851000000000056,91.13308410644532,30.352162833184007,995.75,0.0155
69.5,-71.0,2026-09-22 22:24:05,3.8520000000000323,90.18308410644532,32.116162833184006,992.94,0.1295
69.5,-70.5,2026-09-22 22:24:05,3.265000000000043,88.90808410644532,26.824162833184005,995.67,0.0075
69.5,-70.0,2026-09-22 22:24:05,4.921000000000049,83.53308410644532,43.348162833184006,999.34,0.0
69.5,-69.5,2026-09-22 22:24:05,4.696000000000026,78.90808410644532,36.54416283318401,1000.86,0.0
69.5,-69.0,2026-09-22 22:24:05,4.369000000000028,71.53308410644532,25.924162833184003,998.33,0.0
69.5,-68.5,2026-09-22 22:24:05,3.4630000000000223,75.63308410644531,22.828162833184006,985.11,0.046
69.5,-68.0,2026-09-22 22:24:05,3.1860000000000355,73.48308410644532,18.832162833184004,983.19,0.023
69.5,-67.5,2026-09-22 22:24:05,1.7600000000000477,76.43308410644532,18.058162833184007,968.41,0.0075
69.5,-67.0,2026-09-22 22:24:05,0.22600000000005593,79.53308410644532,15.664162833184005,954.52,0.0
70.0,-131.5,2026-09-22 22:24:05,2.0430000000000064,97.04967346191407,10.836,1004.04,1.2895
70.0,-131.0,2026-09-22 22:24:05,1.8800000000000523,96.34967346191407,7.704000000000001,1003.5,2.342
70.0,-130.5,2026-09-22 22:24:05,2.091000000000008,95.79967346191407,9.0,1003.4,3.998
70.0,-130.0,2026-09-22 22:24:05,2.424000000000035,94.32467346191407,9.108,1002.97,5.066
70.0,-129.5,2026-09-22 22:24:05,2.3590000000000373,95.52467346191406,10.080000000000002,1004.02,2.815
70.0,-129.0,2026-09-22 22:24:05,2.2240000000000464,96.69967346191407,8.892000000000001,1004.1,1.0835000000000001
70.0,-128.5,2026-09-22 22:24:05,2.5710000000000264,94.44967346191407,8.244,1004.1,0.786
70.0,-128.0,2026-09-22 22:24:05,2.215000000000032,95.94967346191407,6.588,997.05,0.717
70.0,-127.5,2026-09-22 22:24:05,1.1800000000000068,98.87467346191407,5.976000000000001,998.43,0.496
70.0,-127.0,2026-09-22 22:24:05,0.8870000000000005,98.92467346191407,10.368,999.82,0.2745
70.0,-125.0,2026-09-22 22:24:05,1.44500000000005,91.02467346191406,5.4,1004.65,2.7845
70.0,-124.5,2026-09-22 22:24:05,1.4180000000000064,90.62467346191407,4.392,1002.44,4.73
70.0,-117.5,2026-09-22 22:24:05,1.9950000000000045,89.89967346191406,9.395999999999999,1005.04,24.307000000000002
70.0,-117.0,2026-09-22 22:24:05,1.6520000000000437,88.17467346191407,10.512,982.57,20.9505
70.0,-116.5,2026-09-22 22:24:05,1.5810000000000173,86.42467346191407,11.88,973.22,17.586000000000002
70.0,-116.0,2026-09-22 22:24:05,1.900000000000034,89.19967346191407,12.6,975.16,14.3815
70.0,-115.5,2026-09-22 22:24:05,2.5190000000000055,88.17467346191407,11.628,974.02,13.496500000000001
70.0,-115.0,2026-09-22 22:24:05,2.809000000000026,88.24967346191407,11.016,973.02,13.9465
70.0,-114.5,2026-09-22 22:24:05,2.7700000000000387,88.02467346191406,10.692,969.13,11.9555
70.0,-114.0,2026-09-22 22:24:05,2.508000000000038,87.29967346191407,11.16,960.04,16.5865
70.0,-113.5,2026-09-22 22:24:05,3.3320000000000505,84.22467346191407,11.448,973.71,17.227
70.0,-113.0,2026-09-22 22:24:05,3.066000000000031,87.57467346191407,12.636000000000001,974.68,18.9895
70.0,-112.5,2026-09-22 22:24:05,3.104000000000042,88.19967346191407,13.716000000000001,977.11,19.043
70.0,-112.0,2026-09-22 22:24:05,2.9190000000000396,90.57467346191407,14.256,978.54,18.73
70.0,-111.5,2026-09-22 22:24:05,3.3910000000000196,89.27467346191406,14.616000000000001,983.68,19.180500000000002
70.0,-111.0,2026-09-22 22:24:05,4.4950000000000045,87.34967346191407,13.5,992.66,21.782
70.0,-110.5,2026-09-22 22:24:05,4.623000000000047,89.09967346191407,12.780000000000001,991.1,20.5155
70.0,-110.0,2026-09-22 22:24:05,4.82000000000005,86.32467346191407,11.844000000000001,988.3,16.273500000000002
70.0,-109.5,2026-09-22 22:24:05,4.54400000000004,85.84967346191407,10.224,987.27,19.119500000000002
70.0,-109.0,2026-09-22 22:24:05,4.749000000000024,82.87467346191407,10.26,990.35,14.244
70.0,-108.5,2026-09-22 22:24:05,3.854000000000042,84.12467346191407,13.212,991.46,12.214500000000001
70.0,-108.0,2026-09-22 22:24:05,3.9420000000000073,83.57467346191407,13.895999999999999,986.33,11.3145
70.0,-107.5,2026-09-22 22:24:05,3.678000000000054,84.02467346191406,15.876000000000001,987.63,9.1705
70.0,-107.0,2026-09-22 22:24:05,3.597000000000037,82.99967346191407,18.0,990.6,7.7515
70.0,-106.5,2026-09-22 22:24:05,3.529000000000053,84.34967346191407,17.784000000000002,988.99,8.8805
70.0,-106.0,2026-09-22 22:24:05,3.0740000000000123,86.59967346191407,18.864,985.75,9.9715
70.0,-105.5,2026-09-22 22:24:05,2.552000000000021,88.37467346191407,21.348,980.94,12.2375
70.0,-105.0,2026-09-22 22:24:05,2.3450000000000273,89.67467346191407,22.392,982.33,11.5585
70.0,-104.5,2026-09-22 22:24:05,2.368000000000052,89.17467346191407,23.544,990.22,9.987
70.0,-104.0,2026-09-22 22:24:05,2.1550000000000296,89.19967346191407,23.688000000000002,992.68,5.913
70.0,-103.5,2026-09-22 22:24:05,2.6130000000000564,89.69967346191407,22.5,995.27,3.2960000000000003
70.0,-103.0,2026-09-22 22:24:05,2.150000000000034,91.19967346191407,23.544,992.47,2.0445
70.0,-102.5,2026-09-22 22:24:05,2.2660000000000196,90.94967346191407,23.256,995.24,1.5335
70.0,-102.0,2026-09-22 22:24:05,2.073000000000036,91.74967346191407,25.740000000000002,994.5,3.273
70.0,-101.5,2026-09-22 22:24:05,1.63900000000001,92.00808410644532,30.478162833184005,994.02,2.922
70.0,-101.0,2026-09-22 22:24:05,1.5170000000000528,93.53308410644532,31.396162833184004,994.02,3.1965
70.0,-97.5,2026-09-22 22:24:05,2.133000000000038,94.45808410644531,46.40816283318401,992.33,1.6555
70.0,-96.5,2026-09-22 22:24:05,2.646000000000015,94.05808410644532,45.778162833184005,992.17,2.8685
70.0,-96.0,2026-09-22 22:24:05,3.1440000000000055,93.30808410644532,44.87816283318401,992.25,3.1435
70.0,-95.5,2026-09-22 22:24:05,3.5920000000000414,92.33308410644531,43.726162833184006,992.22,6.34
70.0,-95.0,2026-09-22 22:24:05,4.615000000000009,92.13308410644532,34.87016283318401,991.58,4.12
70.0,-94.5,2026-09-22 22:24:05,4.2450000000000045,92.05808410644532,36.49016283318401,992.55,4.143
70.0,-94.0,2026-09-22 22:24:05,2.994000000000028,96.78308410644532,42.916162833184,965.28,1.9075
70.0,-93.5,2026-09-22 22:24:05,5.482000000000028,89.68308410644532,42.286162833184,992.84,1.8385
70.0,-93.0,2026-09-22 22:24:05,6.469000000000051,88.83308410644531,39.352162833184,988.22,1.526
70.0,-92.5,2026-09-22 22:24:05,6.9360000000000355,91.70808410644531,32.87216283318401,981.7,1.854
70.0,-92.0,2026-09-22 22:24:05,7.743000000000052,90.93308410644532,30.496162833184002,978.7,1.4495
70.0,-87.5,2026-09-22 22:24:05,5.438000000000045,90.98308410644532,16.060162833184005,996.47,1.1675
70.0,-87.0,2026-09-22 22:24:05,3.63900000000001,92.75808410644532,25.528162833184005,997.2,0.8085
70.0,-86.5,2026-09-22 22:24:05,3.215000000000032,94.15808410644532,26.716162833184008,997.77,0.3435
70.0,-86.0,2026-09-22 22:24:05,4.452000000000055,95.08308410644531,23.044162833184004,998.19,0.4425
70.0,-85.5,2026-09-22 22:24:05,5.757000000000005,91.68308410644532,21.244162833184003,995.41,0.1985
70.0,-85.0,2026-09-22 22:24:05,8.999000000000024,89.85808410644532,16.114162833184004,960.25,0.8545
70.0,-84.5,2026-09-22 22:24:05,8.736000000000047,89.68308410644532,16.240162833184005,963.14,0.313
70.0,-84.0,2026-09-22 22:24:05,7.9950000000000045,92.95808410644531,18.346162833184007,964.64,0.2215
70.0,-83.5,2026-09-22 22:24:05,7.717000000000041,92.63308410644532,20.164162833184005,960.22,0.2745
70.0,-83.0,2026-09-22 22:24:05,5.535000000000025,96.25808410644532,19.048162833184005,961.06,0.511
70.0,-82.5,2026-09-22 22:24:05,7.7450000000000045,89.73308410644532,21.622162833184007,966.27,0.6105
70.0,-82.0,2026-09-22 22:24:05,7.952000000000055,90.38308410644532,25.438162833184006,966.16,0.328
70.0,-81.5,2026-09-22 22:24:05,9.133000000000038,85.60808410644532,24.286162833184004,981.27,0.1295
70.0,-81.0,2026-09-22 22:24:05,8.567000000000007,85.55808410644532,13.198162833184005,997.31,0.122
70.0,-80.5,2026-09-22 22:24:05,5.4290000000000305,94.38308410644532,18.184162833184004,1000.91,0.0535
70.0,-80.0,2026-09-22 22:24:05,3.5190000000000055,98.90808410644532,26.914162833184005,1001.42,0.099
70.0,-79.5,2026-09-22 22:24:05,3.3360000000000127,98.88308410644532,27.436162833184003,1001.83,0.28250000000000003
70.0,-79.0,2026-09-22 22:24:05,3.3800000000000523,98.60808410644532,29.236162833184004,1002.14,0.1905
70.0,-78.5,2026-09-22 22:24:05,3.3640000000000327,98.35808410644532,30.064162833184007,1002.44,0.0155
70.0,-77.5,2026-09-22 22:24:05,2.6970000000000027,98.78308410644532,29.452162833184005,1003.33,0.061
70.0,-77.0,2026-09-22 22:24:05,2.29200000000003,98.78308410644532,30.100162833184005,1003.75,0.038
70.0,-76.5,2026-09-22 22:24:05,2.1970000000000027,98.80808410644532,30.190162833184004,1004.3,0.0535
70.0,-76.0,2026-09-22 22:24:05,2.354000000000042,98.80808410644532,31.72016283318401,1004.92,0.0
70.0,-75.5,2026-09-22 22:24:05,2.913000000000011,98.80808410644532,33.71816283318401,1005.47,0.0
70.0,-75.0,2026-09-22 22:24:05,3.5750000000000455,98.75808410644532,33.10616283318401,1005.88,0.0
70.0,-74.5,2026-09-22 22:24:05,3.969000000000051,97.78308410644532,38.74016283318401,1006.25,0.0
70.0,-74.0,2026-09-22 22:24:05,3.8980000000000246,96.55808410644532,40.82816283318401,1006.84,0.0
70.0,-73.5,2026-09-22 22:24:05,5.080000000000041,93.83308410644531,41.72816283318401,1007.59,0.0
70.0,-73.0,2026-09-22 22:24:05,5.171000000000049,92.00808410644532,37.76816283318401,1008.28,0.0
70.0,-72.5,2026-09-22 22:24:05,5.250000000000057,89.48308410644532,32.764162833184,1008.45,0.0
70.0,-72.0,2026-09-22 22:24:05,5.050000000000011,86.95808410644531,30.064162833184007,1005.83,0.0
70.0,-71.5,2026-09-22 22:24:05,4.383000000000038,88.88308410644532,29.524162833184004,1001.0,0.0075
70.0,-71.0,2026-09-22 22:24:05,3.518000000000029,90.98308410644532,28.480162833184004,992.13,0.122
70.0,-70.5,2026-09-22 22:24:05,2.904000000000053,91.10808410644532,25.762162833184004,990.08,0.0075
70.0,-70.0,2026-09-22 22:24:05,4.785000000000025,84.13308410644532,42.592162833184005,999.17,0.0
70.0,-69.5,2026-09-22 22:24:05,4.867000000000019,81.48308410644532,39.85616283318401,1000.13,0.0
70.0,-69.0,2026-09-22 22:24:05,4.3940000000000055,72.98308410644532,29.092162833184005,999.97,0.0
70.0,-68.5,2026-09-22 22:24:05,3.8420000000000414,71.95808410644531,23.854162833184006,988.88,0.061
70.0,-68.0,2026-09-22 22:24:05,4.178000000000054,71.38308410644531,19.498162833184004,985.56,0.023
70.0,-67.5,2026-09-22 22:24:05,2.341000000000008,74.95808410644531,18.490162833184005,973.02,0.0075
70.5,-128.5,2026-09-22 22:24:05,2.1590000000000487,96.69967346191407,10.26,1004.07,0.29
70.5,-128.0,2026-09-22 22:24:05,1.677000000000021,96.79967346191407,9.504000000000001,1002.49,0.16
70.5,-127.5,2026-09-22 22:24:05,1.4810000000000514,97.24967346191407,8.1,1003.08,0.0915
70.5,-117.5,2026-09-22 22:24:05,1.927000000000021,84.59967346191407,14.904,1004.55,7.9270000000000005
70.5,-117.0,2026-09-22 22:24:05,2.4670000000000414,84.69967346191407,15.120000000000001,1004.33,6.6225000000000005
70.5,-116.5,2026-09-22 22:24:05,2.8570000000000277,83.37467346191407,14.004000000000001,1004.21,6.798
70.5,-116.0,2026-09-22 22:24:05,3.049000000000035,84.09967346191407,12.672,1004.07,6.6530000000000005
70.5,-115.5,2026-09-22 22:24:05,3.400000000000034,81.64967346191406,11.016,1003.94,5.806
70.5,-113.0,2026-09-22 22:24:05,3.6070000000000277,83.39967346191406,9.612,1003.36,3.105
70.5,-112.5,2026-09-22 22:24:05,3.673000000000002,83.09967346191407,8.352,1003.02,4.5855
70.5,-112.0,2026-09-22 22:24:05,3.604000000000042,81.54967346191407,8.856,996.15,6.4165
70.5,-111.5,2026-09-22 22:24:05,3.723000000000013,81.67467346191407,8.64,993.58,9.285
70.5,-111.0,2026-09-22 22:24:05,3.1790000000000305,83.62467346191407,9.648000000000001,989.13,9.2085
70.5,-110.5,2026-09-22 22:24:05,2.687000000000012,85.32467346191407,10.944,975.29,10.025
70.5,-110.0,2026-09-22 22:24:05,2.3560000000000514,85.62467346191407,11.376000000000001,974.97,7.477
70.5,-109.5,2026-09-22 22:24:05,3.4260000000000446,83.29967346191407,11.448,986.46,5.5315
70.5,-109.0,2026-09-22 22:24:05,3.1340000000000146,85.44967346191407,13.644,979.86,4.7455
70.5,-108.5,2026-09-22 22:24:05,2.4160000000000537,86.29967346191407,14.364,983.07,6.3705
70.5,-108.0,2026-09-22 22:24:05,3.021000000000015,83.64967346191406,15.264000000000001,984.5,6.813
70.5,-107.5,2026-09-22 22:24:05,2.4780000000000086,86.22467346191407,17.892,984.68,3.868
70.5,-107.0,2026-09-22 22:24:05,2.3290000000000077,91.12467346191407,17.352,982.41,3.09
70.5,-106.5,2026-09-22 22:24:05,2.2250000000000227,90.47467346191407,19.368,981.27,4.4325
70.5,-106.0,2026-09-22 22:24:05,2.2460000000000377,90.77467346191406,19.944,982.52,4.471
70.5,-105.5,2026-09-22 22:24:05,1.4290000000000305,91.84967346191407,22.5,985.79,6.0045
70.5,-105.0,2026-09-22 22:24:05,2.2240000000000464,91.47467346191407,24.228,985.65,9.8345
70.5,-104.5,2026-09-22 22:24:05,2.584000000000003,90.97467346191407,24.408,989.13,6.6985
70.5,-104.0,2026-09-22 22:24:05,2.5050000000000523,88.79967346191407,26.532,990.1,2.594
70.5,-103.5,2026-09-22 22:24:05,2.626000000000033,89.17467346191407,24.3,991.43,2.472
70.5,-103.0,2026-09-22 22:24:05,2.404000000000053,90.29967346191407,24.660000000000004,993.07,2.4035
70.5,-102.5,2026-09-22 22:24:05,1.896000000000015,89.69967346191407,29.628000000000004,994.08,1.48
70.5,-100.5,2026-09-22 22:24:05,0.8870000000000005,95.70808410644531,43.97816283318401,994.33,4.5395
70.5,-100.0,2026-09-22 22:24:05,0.9630000000000223,95.43308410644532,45.112162833184,993.88,5.768
70.5,-96.5,2026-09-22 22:24:05,2.605000000000018,94.10808410644532,45.81416283318401,992.16,3.029
70.5,-96.0,2026-09-22 22:24:05,3.1030000000000086,93.25808410644532,45.07616283318401,992.25,3.1435
70.5,-95.5,2026-09-22 22:24:05,3.5920000000000414,92.33308410644531,43.726162833184006,992.22,6.157
70.5,-95.0,2026-09-22 22:24:05,4.490000000000009,92.78308410644532,36.598162833184006,991.38,4.532
70.5,-94.5,2026-09-22 22:24:05,4.225000000000023,92.18308410644532,37.264162833184,992.42,3.7155
70.5,-94.0,2026-09-22 22:24:05,2.994000000000028,96.78308410644532,42.916162833184,965.28,2.7085
70.5,-93.5,2026-09-22 22:24:05,5.3320000000000505,90.13308410644532,43.096162833184,992.77,1.4875
70.5,-93.0,2026-09-22 22:24:05,6.379000000000019,88.68308410644532,39.334162833184,987.59,1.6555
70.5,-92.5,2026-09-22 22:24:05,7.772000000000048,86.43308410644532,31.954162833184007,982.69,1.6555
70.5,-92.0,2026-09-22 22:24:05,8.218000000000018,86.68308410644532,31.072162833184002,980.52,1.5715000000000001
70.5,-89.0,2026-09-22 22:24:05,11.269000000000005,71.10808410644532,27.832162833184004,983.81,0.87
70.5,-88.5,2026-09-22 22:24:05,10.801000000000045,79.35808410644532,26.500162833184003,981.17,0.969
70.5,-88.0,2026-09-22 22:24:05,10.846000000000004,84.13308410644532,21.784162833184006,986.25,0.58
70.5,-87.5,2026-09-22 22:24:05,5.796000000000049,89.43308410644532,15.430162833184003,996.38,1.0225
70.5,-87.0,2026-09-22 22:24:05,3.7380000000000564,92.80808410644532,24.718162833184003,997.14,1.2665
70.5,-86.5,2026-09-22 22:24:05,3.1520000000000437,94.00808410644532,27.202162833184005,997.7,0.229
70.5,-86.0,2026-09-22 22:24:05,4.858000000000004,93.60808410644532,21.568162833184005,998.06,0.435
70.5,-85.5,2026-09-22 22:24:05,4.124000000000024,94.25808410644532,22.630162833184002,998.61,0.16
70.5,-85.0,2026-09-22 22:24:05,9.343000000000018,86.95808410644531,15.826162833184005,968.3,0.8545
70.5,-84.5,2026-09-22 22:24:05,8.545000000000016,90.50808410644532,17.482162833184006,961.42,0.313
70.5,-84.0,2026-09-22 22:24:05,7.132000000000005,94.33308410644531,17.824162833184005,960.81,0.3585
70.5,-83.5,2026-09-22 22:24:05,7.777000000000044,93.05808410644532,20.236162833184004,962.49,0.2215
70.5,-83.0,2026-09-22 22:24:05,5.736000000000047,96.20808410644531,19.300162833184004,956.72,0.511
70.5,-82.5,2026-09-22 22:24:05,7.743000000000052,88.33308410644531,21.766162833184005,963.67,0.74
70.5,-82.0,2026-09-22 22:24:05,7.830000000000041,89.08308410644531,24.592162833184002,964.99,0.3355
70.5,-81.5,2026-09-22 22:24:05,9.227000000000032,85.33308410644531,24.574162833184005,981.95,0.1525
70.5,-81.0,2026-09-22 22:24:05,9.709000000000003,82.88308410644532,15.304162833184003,994.61,0.1375
70.5,-80.5,2026-09-22 22:24:05,6.1930000000000405,91.93308410644532,14.728162833184006,1000.8,0.0915
70.5,-80.0,2026-09-22 22:24:05,3.6960000000000264,98.90808410644532,26.482162833184006,1001.31,0.0765
70.5,-79.5,2026-09-22 22:24:05,3.334000000000003,98.88308410644532,27.202162833184005,1001.75,0.267
70.5,-79.0,2026-09-22 22:24:05,3.369000000000028,98.68308410644532,28.642162833184003,1002.08,0.2135
70.5,-78.5,2026-09-22 22:24:05,3.379000000000019,98.20808410644531,30.11816283318401,1002.36,0.046
70.5,-78.0,2026-09-22 22:24:05,3.1140000000000327,98.80808410644532,28.966162833184008,1002.78,0.0075
70.5,-77.5,2026-09-22 22:24:05,2.774000000000001,98.78308410644532,29.146162833184004,1003.19,0.0535
70.5,-77.0,2026-09-22 22:24:05,2.3770000000000095,98.78308410644532,30.010162833184005,1003.66,0.0305
70.5,-76.5,2026-09-22 22:24:05,2.160000000000025,98.80808410644532,30.11816283318401,1004.17,0.0305
70.5,-76.0,2026-09-22 22:24:05,2.3500000000000227,98.78308410644532,31.288162833184003,1004.8,0.0155
70.5,-75.5,2026-09-22 22:24:05,2.7130000000000223,98.80808410644532,33.538162833184,1005.36,0.0
70.5,-75.0,2026-09-22 22:24:05,3.4460000000000264,98.78308410644532,32.33216283318401,1005.78,0.0
70.5,-74.5,2026-09-22 22:24:05,3.9360000000000355,98.05808410644532,37.39016283318401,1006.13,0.0
70.5,-74.0,2026-09-22 22:24:05,3.8310000000000173,97.10808410644532,40.25216283318401,1006.64,0.0
70.5,-73.5,2026-09-22 22:24:05,4.76400000000001,94.73308410644532,42.07016283318401,1007.36,0.0
70.5,-73.0,2026-09-22 22:24:05,5.053000000000054,93.28308410644532,41.386162833184,1008.17,0.0
70.5,-72.5,2026-09-22 22:24:05,5.1860000000000355,90.48308410644532,33.430162833184006,1008.58,0.0
70.5,-72.0,2026-09-22 22:24:05,5.049000000000035,87.78308410644532,30.11816283318401,1006.44,0.0
70.5,-71.5,2026-09-22 22:24:05,4.671000000000049,87.63308410644532,29.092162833184005,1003.14,0.0
70.5,-71.0,2026-09-22 22:24:05,3.5440000000000396,90.73308410644532,29.254162833184008,994.25,0.1145
70.5,-70.5,2026-09-22 22:24:05,2.955000000000041,92.05808410644532,26.050162833184004,989.39,0.023
70.5,-70.0,2026-09-22 22:24:05,4.40500000000003,86.28308410644532,38.05616283318401,999.02,0.0
70.5,-69.5,2026-09-22 22:24:05,4.852000000000032,82.48308410644532,41.962162833184,999.8,0.0
70.5,-69.0,2026-09-22 22:24:05,4.746000000000038,76.75808410644531,34.258162833184,1001.13,0.0
70.5,-68.5,2026-09-22 22:24:05,4.18100000000004,67.48308410644532,24.952162833184005,992.22,0.046
71.0,-123.0,2026-09-22 22:24:05,9.085327148437557,90.84535002708435,42.304177132844934,995.912421875,3.13885
71.0,-118.5,2026-09-22 22:24:05,9.085327148437557,90.84535002708435,42.304177132844934,995.912421875,3.13885
71.0,-118.0,2026-09-22 22:24:05,9.085327148437557,90.84535002708435,42.304177132844934,995.912421875,3.13885
71.0,-117.5,2026-09-22 22:24:05,9.085327148437557,90.84535002708435,42.304177132844934,995.912421875,3.13885
71.0,-117.0,2026-09-22 22:24:05,9.085327148437557,90.84535002708435,42.304177132844934,995.912421875,3.13885
71.0,-116.5,2026-09-22 22:24:05,9.085327148437557,90.84535002708435,42.304177132844934,995.912421875,3.13885
71.0,-116.0,2026-09-22 22:24:05,9.085327148437557,90.84535002708435,42.304177132844934,995.912421875,3.13885
71.0,-115.5,2026-09-22 22:24:05,9.085327148437557,90.84535002708435,42.304177132844934,995.912421875,3.13885
71.0,-115.0,2026-09-22 22:24:05,9.085327148437557,90.84535002708435,42.304177132844934,995.912421875,3.13885
71.0,-114.5,2026-09-22 22:24:05,9.085327148437557,90.84535002708435,42.304177132844934,995.912421875,3.13885
71.0,-114.0,2026-09-22 22:24:05,9.085327148437557,90.84535002708435,42.304177132844934,995.912421875,3.13885
71.0,-113.5,2026-09-22 22:24:05,9.085327148437557,90.84535002708435,42.304177132844934,995.912421875,3.13885
71.0,-113.0,2026-09-22 22:24:05,9.085327148437557,90.84535002708435,42.304177132844934,995.912421875,3.13885
71.0,-112.5,2026-09-22 22:24:05,9.085327148437557,90.84535002708435,42.304177132844934,995.912421875,3.13885
71.0,-112.0,2026-09-22 22:24:05,9.085327148437557,90.84535002708435,42.304177132844934,995.912421875,3.13885
71.0,-111.5,2026-09-22 22:24:05,9.085327148437557,90.84535002708435,42.304177132844934,995.912421875,3.13885
71.0,-111.0,2026-09-22 22:24:05,9.085327148437557,90.84535002708435,42.304177132844934,995.912421875,3.13885
71.0,-110.5,2026-09-22 22:24:05,9.085327148437557,90.84535002708435,42.304177132844934,995.912421875,3.13885
71.0,-110.0,2026-09-22 22:24:05,9.085327148437557,90.84535002708435,42.304177132844934,995.912421875,3.13885
71.0,-109.5,2026-09-22 22:24:05,9.085327148437557,90.84535002708435,42.304177132844934,995.912421875,3.13885
71.0,-109.0,2026-09-22 22:24:05,9.085327148437557,90.84535002708435,42.304177132844934,995.912421875,3.13885
71.0,-108.5,2026-09-22 22:24:05,9.085327148437557,90.84535002708435,42.304177132844934,995.912421875,3.13885
71.0,-108.0,2026-09-22 22:24:05,9.085327148437557,90.84535002708435,42.304177132844934,995.912421875,3.13885
71.0,-107.5,2026-09-22 22:24:05,9.085327148437557,90.84535002708435,42.304177132844934,995.912421875,3.13885
71.0,-107.0,2026-09-22 22:24:05,9.085327148437557,90.84535002708435,42.304177132844934,995.912421875,3.13885
71.0,-106.5,2026-09-22 22:24:05,9.085327148437557,90.84535002708435,42.304177132844934,995.912421875,3.13885
71.0,-106.0,2026-09-22 22:24:05,9.085327148437557,90.84535002708435,42.304177132844934,995.912421875,3.13885
71.0,-105.5,2026-09-22 22:24:05,9.085327148437557,90.84535002708435,42.304177132844934,995.912421875,3.13885
71.0,-105.0,2026-09-22 22:24:05,9.085327148437557,90.84535002708435,42.304177132844934,995.912421875,3.13885
71.0,-104.5,2026-09-22 22:24:05,9.085327148437557,90.84535002708435,42.304177132844934,995.912421875,3.13885
71.0,-104.0,2026-09-22 22:24:05,9.085327148437557,90.84535002708435,42.304177132844934,995.912421875,3.13885
71.0,-96.5,2026-09-22 22:24:05,9.422851562500057,92.83190536499023,42.30747401297093,996.3892578125,3.13885
71.0,-96.0,2026-09-22 22:24:05,9.422851562500057,92.83190536499023,42.30747401297093,996.3892578125,3.13885
71.0,-95.5,2026-09-22 22:24:05,9.422851562500057,92.83190536499023,42.30747401297093,996.3892578125,3.13885
71.0,-95.0,2026-09-22 22:24:05,9.422851562500057,92.83190536499023,42.30747401297093,996.3892578125,3.13885
71.0,-94.5,2026-09-22 22:24:05,9.422851562500057,92.83190536499023,42.30747401297093,996.3892578125,3.13885
71.0,-94.0,2026-09-22 22:24:05,9.422851562500057,92.83190536499023,42.30747401297093,996.3892578125,3.13885
71.0,-93.5,2026-09-22 22:24:05,9.422851562500057,92.83190536499023,42.30747401297093,996.3892578125,3.13885
71.0,-93.0,2026-09-22 22:24:05,9.422851562500057,92.83190536499023,42.30747401297093,996.3892578125,3.13885
71.0,-89.5,2026-09-22 22:24:05,9.422851562500057,92.83190536499023,42.30747401297093,996.3892578125,3.13885
71.0,-89.0,2026-09-22 22:24:05,9.422851562500057,92.83190536499023,42.30747401297093,996.3892578125,3.13885
71.0,-88.5,2026-09-22 22:24:05,9.422851562500057,92.83190536499023,42.30747401297093,996.3892578125,3.13885
71.0,-88.0,2026-09-22 22:24:05,9.422851562500057,92.83190536499023,42.30747401297093,996.3892578125,3.13885
71.0,-87.5,2026-09-22 22:24:05,9.422851562500057,92.83190536499023,42.30747401297093,996.3892578125,3.13885
71.0,-87.0,2026-09-22 22:24:05,9.422851562500057,92.83190536499023,42.30747401297093,996.3892578125,3.13885
71.0,-86.5,2026-09-22 22:24:05,9.422851562500057,92.83190536499023,42.30747401297093,996.3892578125,3.13885
71.0,-86.0,2026-09-22 22:24:05,9.422851562500057,92.83190536499023,42.30747401297093,996.3892578125,3.13885
71.0,-85.5,2026-09-22 22:24:05,9.422851562500057,92.83190536499023,42.30747401297093,996.3892578125,3.13885
71.0,-85.0,2026-09-22 22:24:05,9.422851562500057,92.83190536499023,42.30747401297093,996.3892578125,3.13885
71.0,-84.5,2026-09-22 22:24:05,9.422851562500057,92.83190536499023,42.30747401297093,996.3892578125,3.13885
71.0,-84.0,2026-09-22 22:24:05,9.422851562500057,92.83190536499023,42.30747401297093,996.3892578125,3.13885
71.0,-83.5,2026-09-22 22:24:05,9.422851562500057,92.83190536499023,42.30747401297093,996.3892578125,3.13885
71.0,-83.0,2026-09-22 22:24:05,9.422851562500057,92.83190536499023,42.30747401297093,996.3892578125,3.13885
71.0,-82.5,2026-09-22 22:24:05,9.422851562500057,92.83190536499023,42.30747401297093,996.3892578125,3.13885
71.0,-82.0,2026-09-22 22:24:05,9.422851562500057,92.83190536499023,42.30747401297093,996.3892578125,3.13885
71.0,-81.5,2026-09-22 22:24:05,9.422851562500057,92.83190536499023,42.30747401297093,996.3892578125,3.13885
71.0,-81.0,2026-09-22 22:24:05,9.422851562500057,92.83190536499023,42.30747401297093,996.3892578125,3.13885
71.0,-80.5,2026-09-22 22:24:05,9.422851562500057,92.83190536499023,42.30747401297093,996.3892578125,3.13885
71.0,-80.0,2026-09-22 22:24:05,9.422851562500057,92.83190536499023,42.30747401297093,996.3892578125,3.13885
71.0,-79.5,2026-09-22 22:24:05,9.422851562500057,92.83190536499023,42.30747401297093,996.3892578125,3.13885
71.0,-79.0,2026-09-22 22:24:05,9.422851562500057,92.83190536499023,42.30747401297093,996.3892578125,3.13885
71.0,-78.5,2026-09-22 22:24:05,9.422851562500057,92.83190536499023,42.30747401297093,996.3892578125,3.13885
71.0,-78.0,2026-09-22 22:24:05,9.422851562500057,92.83190536499023,42.30747401297093,996.3892578125,3.13885
71.0,-77.5,2026-09-22 22:24:05,9.422851562500057,92.83190536499023,42.30747401297093,996.3892578125,3.13885
71.0,-77.0,2026-09-22 22:24:05,9.422851562500057,92.83190536499023,42.30747401297093,996.3892578125,3.13885
71.0,-76.5,2026-09-22 22:24:05,9.422851562500057,92.83190536499023,42.30747401297093,996.3892578125,3.13885
71.0,-76.0,2026-09-22 22:24:05,9.422851562500057,92.83190536499023,42.30747401297093,996.3892578125,3.13885
71.0,-75.5,2026-09-22 22:24:05,9.422851562500057,92.83190536499023,42.30747401297093,996.3892578125,3.13885
71.0,-75.0,2026-09-22 22:24:05,9.422851562500057,92.83190536499023,42.30747401297093,996.3892578125,3.13885
71.0,-74.5,2026-09-22 22:24:05,9.422851562500057,92.83190536499023,42.30747401297093,996.3892578125,3.13885
71.0,-74.0,2026-09-22 22:24:05,9.422851562500057,92.83190536499023,42.30747401297093,996.3892578125,3.13885
71.0,-73.5,2026-09-22 22:24:05,9.422851562500057,92.83190536499023,42.30747401297093,996.3892578125,3.13885
71.0,-73.0,2026-09-22 22:24:05,9.422851562500057,92.83190536499023,42.30747401297093,996.3892578125,3.13885
71.0,-72.5,2026-09-22 22:24:05,9.422851562500057,92.83190536499023,42.30747401297093,996.3892578125,3.13885
71.0,-72.0,2026-09-22 22:24:05,9.422851562500057,92.83190536499023,42.30747401297093,996.3892578125,3.13885
71.0,-71.5,2026-09-22 22:24:05,9.422851562500057,92.83190536499023,42.30747401297093,996.3892578125,3.13885
71.0,-71.0,2026-09-22 22:24:05,9.422851562500057,92.83190536499023,42.30747401297093,996.3892578125,3.13885
71.0,-70.5,2026-09-22 22:24:05,9.422851562500057,92.83190536499023,42.30747401297093,996.3892578125,3.13885
71.5,-124.0,2026-09-22 22:24:05,8.735327148437534,93.09535002708435,34.92417713284493,995.032421875,4.91805
71.5,-123.5,2026-09-22 22:24:05,8.735327148437534,93.09535002708435,34.92417713284493,995.032421875,4.91805
71.5,-123.0,2026-09-22 22:24:05,8.735327148437534,93.09535002708435,34.92417713284493,995.032421875,4.91805
71.5,-122.5,2026-09-22 22:24:05,8.735327148437534,93.09535002708435,34.92417713284493,995.032421875,4.91805
71.5,-122.0,2026-09-22 22:24:05,8.735327148437534,93.09535002708435,34.92417713284493,995.032421875,4.91805
71.5,-121.5,2026-09-22 22:24:05,8.735327148437534,93.09535002708435,34.92417713284493,995.032421875,4.91805
71.5,-121.0,2026-09-22 22:24:05,8.735327148437534,93.09535002708435,34.92417713284493,995.032421875,4.91805
71.5,-120.5,2026-09-22 22:24:05,8.735327148437534,93.09535002708435,34.92417713284493,995.032421875,4.91805
71.5,-119.0,2026-09-22 22:24:05,8.735327148437534,93.09535002708435,34.92417713284493,995.032421875,4.91805
71.5,-118.5,2026-09-22 22:24:05,8.735327148437534,93.09535002708435,34.92417713284493,995.032421875,4.91805
71.5,-118.0,2026-09-22 22:24:05,8.735327148437534,93.09535002708435,34.92417713284493,995.032421875,4.91805
71.5,-117.5,2026-09-22 22:24:05,8.735327148437534,93.09535002708435,34.92417713284493,995.032421875,4.91805
71.5,-117.0,2026-09-22 22:24:05,8.735327148437534,93.09535002708435,34.92417713284493,995.032421875,4.91805
71.5,-116.5,2026-09-22 22:24:05,8.735327148437534,93.09535002708435,34.92417713284493,995.032421875,4.91805
71.5,-116.0,2026-09-22 22:24:05,8.735327148437534,93.09535002708435,34.92417713284493,995.032421875,4.91805
71.5,-115.5,2026-09-22 22:24:05,8.735327148437534,93.09535002708435,34.92417713284493,995.032421875,4.91805
71.5,-115.0,2026-09-22 22:24:05,8.735327148437534,93.09535002708435,34.92417713284493,995.032421875,4.91805
71.5,-114.5,2026-09-22 22:24:05,8.735327148437534,93.09535002708435,34.92417713284493,995.032421875,4.91805
71.5,-114.0,2026-09-22 22:24:05,8.735327148437534,93.09535002708435,34.92417713284493,995.032421875,4.91805
71.5,-113.5,2026-09-22 22:24:05,8.735327148437534,93.09535002708435,34.92417713284493,995.032421875,4.91805
71.5,-113.0,2026-09-22 22:24:05,8.735327148437534,93.09535002708435,34.92417713284493,995.032421875,4.91805
71.5,-112.5,2026-09-22 22:24:05,8.735327148437534,93.09535002708435,34.92417713284493,995.032421875,4.91805
71.5,-112.0,2026-09-22 22:24:05,8.735327148437534,93.09535002708435,34.92417713284493,995.032421875,4.91805
71.5,-111.5,2026-09-22 22:24:05,8.735327148437534,93.09535002708435,34.92417713284493,995.032421875,4.91805
71.5,-111.0,2026-09-22 22:24:05,8.735327148437534,93.09535002708435,34.92417713284493,995.032421875,4.91805
71.5,-110.5,2026-09-22 22:24:05,8.735327148437534,93.09535002708435,34.92417713284493,995.032421875,4.91805
71.5,-110.0,2026-09-22 22:24:05,8.735327148437534,93.09535002708435,34.92417713284493,995.032421875,4.91805
71.5,-109.5,2026-09-22 22:24:05,8.735327148437534,93.09535002708435,34.92417713284493,995.032421875,4.91805
71.5,-109.0,2026-09-22 22:24:05,8.735327148437534,93.09535002708435,34.92417713284493,995.032421875,4.91805
71.5,-108.5,2026-09-22 22:24:05,8.735327148437534,93.09535002708435,34.92417713284493,995.032421875,4.91805
71.5,-108.0,2026-09-22 22:24:05,8.735327148437534,93.09535002708435,34.92417713284493,995.032421875,4.91805
71.5,-107.5,2026-09-22 22:24:05,8.735327148437534,93.09535002708435,34.92417713284493,995.032421875,4.91805
71.5,-107.0,2026-09-22 22:24:05,8.735327148437534,93.09535002708435,34.92417713284493,995.032421875,4.91805
71.5,-106.5,2026-09-22 22:24:05,8.735327148437534,93.09535002708435,34.92417713284493,995.032421875,4.91805
71.5,-106.0,2026-09-22 22:24:05,8.735327148437534,93.09535002708435,34.92417713284493,995.032421875,4.91805
71.5,-105.5,2026-09-22 22:24:05,8.735327148437534,93.09535002708435,34.92417713284493,995.032421875,4.91805
71.5,-105.0,2026-09-22 22:24:05,8.735327148437534,93.09535002708435,34.92417713284493,995.032421875,4.91805
71.5,-104.5,2026-09-22 22:24:05,8.735327148437534,93.09535002708435,34.92417713284493,995.032421875,4.91805
71.5,-99.5,2026-09-22 22:24:05,9.172851562500057,92.58190536499023,31.687474012970924,995.6692578125,4.91805
71.5,-99.0,2026-09-22 22:24:05,9.172851562500057,92.58190536499023,31.687474012970924,995.6692578125,4.91805
71.5,-98.5,2026-09-22 22:24:05,9.172851562500057,92.58190536499023,31.687474012970924,995.6692578125,4.91805
71.5,-98.0,2026-09-22 22:24:05,9.172851562500057,92.58190536499023,31.687474012970924,995.6692578125,4.91805
71.5,-96.0,2026-09-22 22:24:05,9.172851562500057,92.58190536499023,31.687474012970924,995.6692578125,4.91805
71.5,-95.5,2026-09-22 22:24:05,9.172851562500057,92.58190536499023,31.687474012970924,995.6692578125,4.91805
71.5,-95.0,2026-09-22 22:24:05,9.172851562500057,92.58190536499023,31.687474012970924,995.6692578125,4.91805
71.5,-94.5,2026-09-22 22:24:05,9.172851562500057,92.58190536499023,31.687474012970924,995.6692578125,4.91805
71.5,-94.0,2026-09-22 22:24:05,9.172851562500057,92.58190536499023,31.687474012970924,995.6692578125,4.91805
71.5,-93.5,2026-09-22 22:24:05,9.172851562500057,92.58190536499023,31.687474012970924,995.6692578125,4.91805
71.5,-93.0,2026-09-22 22:24:05,9.172851562500057,92.58190536499023,31.687474012970924,995.6692578125,4.91805
71.5,-90.0,2026-09-22 22:24:05,9.172851562500057,92.58190536499023,31.687474012970924,995.6692578125,4.91805
71.5,-89.5,2026-09-22 22:24:05,9.172851562500057,92.58190536499023,31.687474012970924,995.6692578125,4.91805
71.5,-89.0,2026-09-22 22:24:05,9.172851562500057,92.58190536499023,31.687474012970924,995.6692578125,4.91805
71.5,-88.5,2026-09-22 22:24:05,9.172851562500057,92.58190536499023,31.687474012970924,995.6692578125,4.91805
71.5,-88.0,2026-09-22 22:24:05,9.172851562500057,92.58190536499023,31.687474012970924,995.6692578125,4.91805
71.5,-87.5,2026-09-22 22:24:05,9.172851562500057,92.58190536499023,31.687474012970924,995.6692578125,4.91805
71.5,-87.0,2026-09-22 22:24:05,9.172851562500057,92.58190536499023,31.687474012970924,995.6692578125,4.91805
71.5,-86.5,2026-09-22 22:24:05,9.172851562500057,92.58190536499023,31.687474012970924,995.6692578125,4.91805
71.5,-86.0,2026-09-22 22:24:05,9.172851562500057,92.58190536499023,31.687474012970924,995.6692578125,4.91805
71.5,-85.5,2026-09-22 22:24:05,9.172851562500057,92.58190536499023,31.687474012970924,995.6692578125,4.91805
71.5,-85.0,2026-09-22 22:24:05,9.172851562500057,92.58190536499023,31.687474012970924,995.6692578125,4.91805
71.5,-84.5,2026-09-22 22:24:05,9.172851562500057,92.58190536499023,31.687474012970924,995.6692578125,4.91805
71.5,-84.0,2026-09-22 22:24:05,9.172851562500057,92.58190536499023,31.687474012970924,995.6692578125,4.91805
71.5,-83.5,2026-09-22 22:24:05,9.172851562500057,92.58190536499023,31.687474012970924,995.6692578125,4.91805
71.5,-83.0,2026-09-22 22:24:05,9.172851562500057,92.58190536499023,31.687474012970924,995.6692578125,4.91805
71.5,-82.5,2026-09-22 22:24:05,9.172851562500057,92.58190536499023,31.687474012970924,995.6692578125,4.91805
71.5,-82.0,2026-09-22 22:24:05,9.172851562500057,92.58190536499023,31.687474012970924,995.6692578125,4.91805
71.5,-81.5,2026-09-22 22:24:05,9.172851562500057,92.58190536499023,31.687474012970924,995.6692578125,4.91805
71.5,-81.0,2026-09-22 22:24:05,9.172851562500057,92.58190536499023,31.687474012970924,995.6692578125,4.91805
71.5,-80.5,2026-09-22 22:24:05,9.172851562500057,92.58190536499023,31.687474012970924,995.6692578125,4.91805
71.5,-80.0,2026-09-22 22:24:05,9.172851562500057,92.58190536499023,31.687474012970924,995.6692578125,4.91805
71.5,-79.5,2026-09-22 22:24:05,9.172851562500057,92.58190536499023,31.687474012970924,995.6692578125,4.91805
71.5,-79.0,2026-09-22 22:24:05,9.172851562500057,92.58190536499023,31.687474012970924,995.6692578125,4.91805
71.5,-78.5,2026-09-22 22:24:05,9.172851562500057,92.58190536499023,31.687474012970924,995.6692578125,4.91805
71.5,-78.0,2026-09-22 22:24:05,9.172851562500057,92.58190536499023,31.687474012970924,995.6692578125,4.91805
71.5,-77.5,2026-09-22 22:24:05,9.172851562500057,92.58190536499023,31.687474012970924,995.6692578125,4.91805
71.5,-77.0,2026-09-22 22:24:05,9.172851562500057,92.58190536499023,31.687474012970924,995.6692578125,4.91805
71.5,-76.5,2026-09-22 22:24:05,9.172851562500057,92.58190536499023,31.687474012970924,995.6692578125,4.91805
71.5,-76.0,2026-09-22 22:24:05,9.172851562500057,92.58190536499023,31.687474012970924,995.6692578125,4.91805
71.5,-75.5,2026-09-22 22:24:05,9.172851562500057,92.58190536499023,31.687474012970924,995.6692578125,4.91805
71.5,-75.0,2026-09-22 22:24:05,9.172851562500057,92.58190536499023,31.687474012970924,995.6692578125,4.91805
71.5,-74.5,2026-09-22 22:24:05,9.172851562500057,92.58190536499023,31.687474012970924,995.6692578125,4.91805
71.5,-74.0,2026-09-22 22:24:05,9.172851562500057,92.58190536499023,31.687474012970924,995.6692578125,4.91805
71.5,-73.5,2026-09-22 22:24:05,9.172851562500057,92.58190536499023,31.687474012970924,995.6692578125,4.91805
71.5,-73.0,2026-09-22 22:24:05,9.172851562500057,92.58190536499023,31.687474012970924,995.6692578125,4.91805
71.5,-72.5,2026-09-22 22:24:05,9.172851562500057,92.58190536499023,31.687474012970924,995.6692578125,4.91805
71.5,-72.0,2026-09-22 22:24:05,9.172851562500057,92.58190536499023,31.687474012970924,995.6692578125,4.91805
71.5,-71.5,2026-09-22 22:24:05,9.172851562500057,92.58190536499023,31.687474012970924,995.6692578125,4.91805
72.0,-126.0,2026-09-22 22:24:05,8.685327148437523,93.09535002708435,34.204177132844926,994.392421875,2.96355
72.0,-125.5,2026-09-22 22:24:05,8.685327148437523,93.09535002708435,34.204177132844926,994.392421875,2.96355
72.0,-125.0,2026-09-22 22:24:05,8.685327148437523,93.09535002708435,34.204177132844926,994.392421875,2.96355
72.0,-124.5,2026-09-22 22:24:05,8.685327148437523,93.09535002708435,34.204177132844926,994.392421875,2.96355
72.0,-124.0,2026-09-22 22:24:05,8.685327148437523,93.09535002708435,34.204177132844926,994.392421875,2.96355
72.0,-123.5,2026-09-22 22:24:05,8.685327148437523,93.09535002708435,34.204177132844926,994.392421875,2.96355
72.0,-123.0,2026-09-22 22:24:05,8.685327148437523,93.09535002708435,34.204177132844926,994.392421875,2.96355
72.0,-122.5,2026-09-22 22:24:05,8.685327148437523,93.09535002708435,34.204177132844926,994.392421875,2.96355
72.0,-122.0,2026-09-22 22:24:05,8.685327148437523,93.09535002708435,34.204177132844926,994.392421875,2.96355
72.0,-121.5,2026-09-22 22:24:05,8.685327148437523,93.09535002708435,34.204177132844926,994.392421875,2.96355
72.0,-121.0,2026-09-22 22:24:05,8.685327148437523,93.09535002708435,34.204177132844926,994.392421875,2.96355
72.0,-120.5,2026-09-22 22:24:05,8.685327148437523,93.09535002708435,34.204177132844926,994.392421875,2.96355
72.0,-119.0,2026-09-22 22:24:05,8.685327148437523,93.09535002708435,34.204177132844926,994.392421875,2.96355
72.0,-118.5,2026-09-22 22:24:05,8.685327148437523,93.09535002708435,34.204177132844926,994.392421875,2.96355
72.0,-118.0,2026-09-22 22:24:05,8.685327148437523,93.09535002708435,34.204177132844926,994.392421875,2.96355
72.0,-117.5,2026-09-22 22:24:05,8.685327148437523,93.09535002708435,34.204177132844926,994.392421875,2.96355
72.0,-117.0,2026-09-22 22:24:05,8.685327148437523,93.09535002708435,34.204177132844926,994.392421875,2.96355
72.0,-116.5,2026-09-22 22:24:05,8.685327148437523,93.09535002708435,34.204177132844926,994.392421875,2.96355
72.0,-116.0,2026-09-22 22:24:05,8.685327148437523,93.09535002708435,34.204177132844926,994.392421875,2.96355
72.0,-115.5,2026-09-22 22:24:05,8.685327148437523,93.09535002708435,34.204177132844926,994.392421875,2.96355
72.0,-115.0,2026-09-22 22:24:05,8.685327148437523,93.09535002708435,34.204177132844926,994.392421875,2.96355
72.0,-114.5,2026-09-22 22:24:05,8.685327148437523,93.09535002708435,34.204177132844926,994.392421875,2.96355
72.0,-114.0,2026-09-22 22:24:05,8.685327148437523,93.09535002708435,34.204177132844926,994.392421875,2.96355
72.0,-113.5,2026-09-22 22:24:05,8.685327148437523,93.09535002708435,34.204177132844926,994.392421875,2.96355
72.0,-113.0,2026-09-22 22:24:05,8.685327148437523,93.09535002708435,34.204177132844926,994.392421875,2.96355
72.0,-112.5,2026-09-22 22:24:05,8.685327148437523,93.09535002708435,34.204177132844926,994.392421875,2.96355
72.0,-112.0,2026-09-22 22:24:05,8.685327148437523,93.09535002708435,34.204177132844926,994.392421875,2.96355
72.0,-111.5,2026-09-22 22:24:05,8.685327148437523,93.09535002708435,34.204177132844926,994.392421875,2.96355
72.0,-111.0,2026-09-22 22:24:05,8.685327148437523,93.09535002708435,34.204177132844926,994.392421875,2.96355
72.0,-110.5,2026-09-22 22:24:05,8.685327148437523,93.09535002708435,34.204177132844926,994.392421875,2.96355
72.0,-110.0,2026-09-22 22:24:05,8.685327148437523,93.09535002708435,34.204177132844926,994.392421875,2.96355
72.0,-109.5,2026-09-22 22:24:05,8.685327148437523,93.09535002708435,34.204177132844926,994.392421875,2.96355
72.0,-109.0,2026-09-22 22:24:05,8.685327148437523,93.09535002708435,34.204177132844926,994.392421875,2.96355
72.0,-108.5,2026-09-22 22:24:05,8.685327148437523,93.09535002708435,34.204177132844926,994.392421875,2.96355
72.0,-108.0,2026-09-22 22:24:05,8.685327148437523,93.09535002708435,34.204177132844926,994.392421875,2.96355
72.0,-107.5,2026-09-22 22:24:05,8.685327148437523,93.09535002708435,34.204177132844926,994.392421875,2.96355
72.0,-107.0,2026-09-22 22:24:05,8.685327148437523,93.09535002708435,34.204177132844926,994.392421875,2.96355
72.0,-106.5,2026-09-22 22:24:05,8.685327148437523,93.09535002708435,34.204177132844926,994.392421875,2.96355
72.0,-106.0,2026-09-22 22:24:05,8.685327148437523,93.09535002708435,34.204177132844926,994.392421875,2.96355
72.0,-105.5,2026-09-22 22:24:05,8.685327148437523,93.09535002708435,34.204177132844926,994.392421875,2.96355
72.0,-105.0,2026-09-22 22:24:05,8.685327148437523,93.09535002708435,34.204177132844926,994.392421875,2.96355
72.0,-100.5,2026-09-22 22:24:05,9.022851562500023,94.58190536499023,36.36747401297092,995.1892578125,2.96355
72.0,-100.0,2026-09-22 22:24:05,9.022851562500023,94.58190536499023,36.36747401297092,995.1892578125,2.96355
72.0,-99.5,2026-09-22 22:24:05,9.022851562500023,94.58190536499023,36.36747401297092,995.1892578125,2.96355
72.0,-99.0,2026-09-22 22:24:05,9.022851562500023,94.58190536499023,36.36747401297092,995.1892578125,2.96355
72.0,-98.5,2026-09-22 22:24:05,9.022851562500023,94.58190536499023,36.36747401297092,995.1892578125,2.96355
72.0,-98.0,2026-09-22 22:24:05,9.022851562500023,94.58190536499023,36.36747401297092,995.1892578125,2.96355
72.0,-97.5,2026-09-22 22:24:05,9.022851562500023,94.58190536499023,36.36747401297092,995.1892578125,2.96355
72.0,-97.0,2026-09-22 22:24:05,9.022851562500023,94.58190536499023,36.36747401297092,995.1892578125,2.96355
72.0,-96.5,2026-09-22 22:24:05,9.022851562500023,94.58190536499023,36.36747401297092,995.1892578125,2.96355
72.0,-95.5,2026-09-22 22:24:05,9.022851562500023,94.58190536499023,36.36747401297092,995.1892578125,2.96355
72.0,-95.0,2026-09-22 22:24:05,9.022851562500023,94.58190536499023,36.36747401297092,995.1892578125,2.96355
72.0,-94.5,2026-09-22 22:24:05,9.022851562500023,94.58190536499023,36.36747401297092,995.1892578125,2.96355
72.0,-94.0,2026-09-22 22:24:05,9.022851562500023,94.58190536499023,36.36747401297092,995.1892578125,2.96355
72.0,-90.0,2026-09-22 22:24:05,9.022851562500023,94.58190536499023,36.36747401297092,995.1892578125,2.96355
72.0,-89.5,2026-09-22 22:24:05,9.022851562500023,94.58190536499023,36.36747401297092,995.1892578125,2.96355
72.0,-89.0,2026-09-22 22:24:05,9.022851562500023,94.58190536499023,36.36747401297092,995.1892578125,2.96355
72.0,-88.5,2026-09-22 22:24:05,9.022851562500023,94.58190536499023,36.36747401297092,995.1892578125,2.96355
72.0,-88.0,2026-09-22 22:24:05,9.022851562500023,94.58190536499023,36.36747401297092,995.1892578125,2.96355
72.0,-87.5,2026-09-22 22:24:05,9.022851562500023,94.58190536499023,36.36747401297092,995.1892578125,2.96355
72.0,-87.0,2026-09-22 22:24:05,9.022851562500023,94.58190536499023,36.36747401297092,995.1892578125,2.96355
72.0,-86.5,2026-09-22 22:24:05,9.022851562500023,94.58190536499023,36.36747401297092,995.1892578125,2.96355
72.0,-86.0,2026-09-22 22:24:05,9.022851562500023,94.58190536499023,36.36747401297092,995.1892578125,2.96355
72.0,-85.5,2026-09-22 22:24:05,9.022851562500023,94.58190536499023,36.36747401297092,995.1892578125,2.96355
72.0,-85.0,2026-09-22 22:24:05,9.022851562500023,94.58190536499023,36.36747401297092,995.1892578125,2.96355
72.0,-84.5,2026-09-22 22:24:05,9.022851562500023,94.58190536499023,36.36747401297092,995.1892578125,2.96355
72.0,-84.0,2026-09-22 22:24:05,9.022851562500023,94.58190536499023,36.36747401297092,995.1892578125,2.96355
72.0,-83.5,2026-09-22 22:24:05,9.022851562500023,94.58190536499023,36.36747401297092,995.1892578125,2.96355
72.0,-83.0,2026-09-22 22:24:05,9.022851562500023,94.58190536499023,36.36747401297092,995.1892578125,2.96355
72.0,-82.5,2026-09-22 22:24:05,9.022851562500023,94.58190536499023,36.36747401297092,995.1892578125,2.96355
72.0,-82.0,2026-09-22 22:24:05,9.022851562500023,94.58190536499023,36.36747401297092,995.1892578125,2.96355
72.0,-81.5,2026-09-22 22:24:05,9.022851562500023,94.58190536499023,36.36747401297092,995.1892578125,2.96355
72.0,-81.0,2026-09-22 22:24:05,9.022851562500023,94.58190536499023,36.36747401297092,995.1892578125,2.96355
72.0,-80.5,2026-09-22 22:24:05,9.022851562500023,94.58190536499023,36.36747401297092,995.1892578125,2.96355
72.0,-80.0,2026-09-22 22:24:05,9.022851562500023,94.58190536499023,36.36747401297092,995.1892578125,2.96355
72.0,-79.5,2026-09-22 22:24:05,9.022851562500023,94.58190536499023,36.36747401297092,995.1892578125,2.96355
72.0,-79.0,2026-09-22 22:24:05,9.022851562500023,94.58190536499023,36.36747401297092,995.1892578125,2.96355
72.0,-78.5,2026-09-22 22:24:05,9.022851562500023,94.58190536499023,36.36747401297092,995.1892578125,2.96355
72.0,-78.0,2026-09-22 22:24:05,9.022851562500023,94.58190536499023,36.36747401297092,995.1892578125,2.96355
72.0,-77.5,2026-09-22 22:24:05,9.022851562500023,94.58190536499023,36.36747401297092,995.1892578125,2.96355
72.0,-77.0,2026-09-22 22:24:05,9.022851562500023,94.58190536499023,36.36747401297092,995.1892578125,2.96355
72.0,-76.5,2026-09-22 22:24:05,9.022851562500023,94.58190536499023,36.36747401297092,995.1892578125,2.96355
72.0,-76.0,2026-09-22 22:24:05,9.022851562500023,94.58190536499023,36.36747401297092,995.1892578125,2.96355
72.0,-75.5,2026-09-22 22:24:05,9.022851562500023,94.58190536499023,36.36747401297092,995.1892578125,2.96355
72.0,-75.0,2026-09-22 22:24:05,9.022851562500023,94.58190536499023,36.36747401297092,995.1892578125,2.96355
72.0,-74.5,2026-09-22 22:24:05,9.022851562500023,94.58190536499023,36.36747401297092,995.1892578125,2.96355
72.0,-74.0,2026-09-22 22:24:05,9.022851562500023,94.58190536499023,36.36747401297092,995.1892578125,2.96355
72.5,-125.5,2026-09-22 22:24:05,8.335327148437557,92.34535002708435,32.22417713284493,993.912421875,6.41725
72.5,-125.0,2026-09-22 22:24:05,8.335327148437557,92.34535002708435,32.22417713284493,993.912421875,6.41725
72.5,-124.5,2026-09-22 22:24:05,8.335327148437557,92.34535002708435,32.22417713284493,993.912421875,6.41725
72.5,-124.0,2026-09-22 22:24:05,8.335327148437557,92.34535002708435,32.22417713284493,993.912421875,6.41725
72.5,-123.5,2026-09-22 22:24:05,8.335327148437557,92.34535002708435,32.22417713284493,993.912421875,6.41725
72.5,-123.0,2026-09-22 22:24:05,8.335327148437557,92.34535002708435,32.22417713284493,993.912421875,6.41725
72.5,-122.5,2026-09-22 22:24:05,8.335327148437557,92.34535002708435,32.22417713284493,993.912421875,6.41725
72.5,-122.0,2026-09-22 22:24:05,8.335327148437557,92.34535002708435,32.22417713284493,993.912421875,6.41725
72.5,-121.5,2026-09-22 22:24:05,8.335327148437557,92.34535002708435,32.22417713284493,993.912421875,6.41725
72.5,-121.0,2026-09-22 22:24:05,8.335327148437557,92.34535002708435,32.22417713284493,993.912421875,6.41725
72.5,-120.5,2026-09-22 22:24:05,8.335327148437557,92.34535002708435,32.22417713284493,993.912421875,6.41725
72.5,-120.0,2026-09-22 22:24:05,8.335327148437557,92.34535002708435,32.22417713284493,993.912421875,6.41725
72.5,-119.5,2026-09-22 22:24:05,8.335327148437557,92.34535002708435,32.22417713284493,993.912421875,6.41725
72.5,-119.0,2026-09-22 22:24:05,8.335327148437557,92.34535002708435,32.22417713284493,993.912421875,6.41725
72.5,-118.5,2026-09-22 22:24:05,8.335327148437557,92.34535002708435,32.22417713284493,993.912421875,6.41725
72.5,-118.0,2026-09-22 22:24:05,8.335327148437557,92.34535002708435,32.22417713284493,993.912421875,6.41725
72.5,-117.5,2026-09-22 22:24:05,8.335327148437557,92.34535002708435,32.22417713284493,993.912421875,6.41725
72.5,-117.0,2026-09-22 22:24:05,8.335327148437557,92.34535002708435,32.22417713284493,993.912421875,6.41725
72.5,-116.5,2026-09-22 22:24:05,8.335327148437557,92.34535002708435,32.22417713284493,993.912421875,6.41725
72.5,-116.0,2026-09-22 22:24:05,8.335327148437557,92.34535002708435,32.22417713284493,993.912421875,6.41725
72.5,-115.5,2026-09-22 22:24:05,8.335327148437557,92.34535002708435,32.22417713284493,993.912421875,6.41725
72.5,-115.0,2026-09-22 22:24:05,8.335327148437557,92.34535002708435,32.22417713284493,993.912421875,6.41725
72.5,-114.5,2026-09-22 22:24:05,8.335327148437557,92.34535002708435,32.22417713284493,993.912421875,6.41725
72.5,-114.0,2026-09-22 22:24:05,8.335327148437557,92.34535002708435,32.22417713284493,993.912421875,6.41725
72.5,-113.5,2026-09-22 22:24:05,8.335327148437557,92.34535002708435,32.22417713284493,993.912421875,6.41725
72.5,-113.0,2026-09-22 22:24:05,8.335327148437557,92.34535002708435,32.22417713284493,993.912421875,6.41725
72.5,-112.5,2026-09-22 22:24:05,8.335327148437557,92.34535002708435,32.22417713284493,993.912421875,6.41725
72.5,-112.0,2026-09-22 22:24:05,8.335327148437557,92.34535002708435,32.22417713284493,993.912421875,6.41725
72.5,-111.5,2026-09-22 22:24:05,8.335327148437557,92.34535002708435,32.22417713284493,993.912421875,6.41725
72.5,-111.0,2026-09-22 22:24:05,8.335327148437557,92.34535002708435,32.22417713284493,993.912421875,6.41725
72.5,-110.5,2026-09-22 22:24:05,8.335327148437557,92.34535002708435,32.22417713284493,993.912421875,6.41725
72.5,-110.0,2026-09-22 22:24:05,8.335327148437557,92.34535002708435,32.22417713284493,993.912421875,6.41725
72.5,-109.5,2026-09-22 22:24:05,8.335327148437557,92.34535002708435,32.22417713284493,993.912421875,6.41725
72.5,-109.0,2026-09-22 22:24:05,8.335327148437557,92.34535002708435,32.22417713284493,993.912421875,6.41725
72.5,-108.5,2026-09-22 22:24:05,8.335327148437557,92.34535002708435,32.22417713284493,993.912421875,6.41725
72.5,-108.0,2026-09-22 22:24:05,8.335327148437557,92.34535002708435,32.22417713284493,993.912421875,6.41725
72.5,-107.5,2026-09-22 22:24:05,8.335327148437557,92.34535002708435,32.22417713284493,993.912421875,6.41725
72.5,-107.0,2026-09-22 22:24:05,8.335327148437557,92.34535002708435,32.22417713284493,993.912421875,6.41725
72.5,-106.5,2026-09-22 22:24:05,8.335327148437557,92.34535002708435,32.22417713284493,993.912421875,6.41725
72.5,-106.0,2026-09-22 22:24:05,8.335327148437557,92.34535002708435,32.22417713284493,993.912421875,6.41725
72.5,-105.5,2026-09-22 22:24:05,8.335327148437557,92.34535002708435,32.22417713284493,993.912421875,6.41725
72.5,-105.0,2026-09-22 22:24:05,8.335327148437557,92.34535002708435,32.22417713284493,993.912421875,6.41725
72.5,-102.5,2026-09-22 22:24:05,8.335327148437557,92.34535002708435,32.22417713284493,993.912421875,6.41725
72.5,-102.0,2026-09-22 22:24:05,8.335327148437557,92.34535002708435,32.22417713284493,993.912421875,6.41725
72.5,-101.5,2026-09-22 22:24:05,8.472851562500011,96.58190536499023,30.60747401297093,994.6292578125,6.41725
72.5,-101.0,2026-09-22 22:24:05,8.472851562500011,96.58190536499023,30.60747401297093,994.6292578125,6.41725
72.5,-100.5,2026-09-22 22:24:05,8.472851562500011,96.58190536499023,30.60747401297093,994.6292578125,6.41725
72.5,-100.0,2026-09-22 22:24:05,8.472851562500011,96.58190536499023,30.60747401297093,994.6292578125,6.41725
72.5,-99.5,2026-09-22 22:24:05,8.472851562500011,96.58190536499023,30.60747401297093,994.6292578125,6.41725
72.5,-99.0,2026-09-22 22:24:05,8.472851562500011,96.58190536499023,30.60747401297093,994.6292578125,6.41725
72.5,-98.5,2026-09-22 22:24:05,8.472851562500011,96.58190536499023,30.60747401297093,994.6292578125,6.41725
72.5,-98.0,2026-09-22 22:24:05,8.472851562500011,96.58190536499023,30.60747401297093,994.6292578125,6.41725
72.5,-97.5,2026-09-22 22:24:05,8.472851562500011,96.58190536499023,30.60747401297093,994.6292578125,6.41725
72.5,-97.0,2026-09-22 22:24:05,8.472851562500011,96.58190536499023,30.60747401297093,994.6292578125,6.41725
72.5,-96.5,2026-09-22 22:24:05,8.472851562500011,96.58190536499023,30.60747401297093,994.6292578125,6.41725
72.5,-95.5,2026-09-22 22:24:05,8.472851562500011,96.58190536499023,30.60747401297093,994.6292578125,6.41725
72.5,-95.0,2026-09-22 22:24:05,8.472851562500011,96.58190536499023,30.60747401297093,994.6292578125,6.41725
72.5,-94.5,2026-09-22 22:24:05,8.472851562500011,96.58190536499023,30.60747401297093,994.6292578125,6.41725
72.5,-94.0,2026-09-22 22:24:05,8.472851562500011,96.58190536499023,30.60747401297093,994.6292578125,6.41725
72.5,-93.5,2026-09-22 22:24:05,8.472851562500011,96.58190536499023,30.60747401297093,994.6292578125,6.41725
72.5,-90.0,2026-09-22 22:24:05,8.472851562500011,96.58190536499023,30.60747401297093,994.6292578125,6.41725
72.5,-89.5,2026-09-22 22:24:05,8.472851562500011,96.58190536499023,30.60747401297093,994.6292578125,6.41725
72.5,-89.0,2026-09-22 22:24:05,8.472851562500011,96.58190536499023,30.60747401297093,994.6292578125,6.41725
72.5,-88.5,2026-09-22 22:24:05,8.472851562500011,96.58190536499023,30.60747401297093,994.6292578125,6.41725
72.5,-88.0,2026-09-22 22:24:05,8.472851562500011,96.58190536499023,30.60747401297093,994.6292578125,6.41725
72.5,-87.5,2026-09-22 22:24:05,8.472851562500011,96.58190536499023,30.60747401297093,994.6292578125,6.41725
72.5,-87.0,2026-09-22 22:24:05,8.472851562500011,96.58190536499023,30.60747401297093,994.6292578125,6.41725
72.5,-86.5,2026-09-22 22:24:05,8.472851562500011,96.58190536499023,30.60747401297093,994.6292578125,6.41725
72.5,-86.0,2026-09-22 22:24:05,8.472851562500011,96.58190536499023,30.60747401297093,994.6292578125,6.41725
72.5,-85.5,2026-09-22 22:24:05,8.472851562500011,96.58190536499023,30.60747401297093,994.6292578125,6.41725
72.5,-85.0,2026-09-22 22:24:05,8.472851562500011,96.58190536499023,30.60747401297093,994.6292578125,6.41725
72.5,-84.5,2026-09-22 22:24:05,8.472851562500011,96.58190536499023,30.60747401297093,994.6292578125,6.41725
72.5,-84.0,2026-09-22 22:24:05,8.472851562500011,96.58190536499023,30.60747401297093,994.6292578125,6.41725
72.5,-83.5,2026-09-22 22:24:05,8.472851562500011,96.58190536499023,30.60747401297093,994.6292578125,6.41725
72.5,-83.0,2026-09-22 22:24:05,8.472851562500011,96.58190536499023,30.60747401297093,994.6292578125,6.41725
72.5,-82.5,2026-09-22 22:24:05,8.472851562500011,96.58190536499023,30.60747401297093,994.6292578125,6.41725
72.5,-82.0,2026-09-22 22:24:05,8.472851562500011,96.58190536499023,30.60747401297093,994.6292578125,6.41725
72.5,-81.5,2026-09-22 22:24:05,8.472851562500011,96.58190536499023,30.60747401297093,994.6292578125,6.41725
72.5,-81.0,2026-09-22 22:24:05,8.472851562500011,96.58190536499023,30.60747401297093,994.6292578125,6.41725
72.5,-80.5,2026-09-22 22:24:05,8.472851562500011,96.58190536499023,30.60747401297093,994.6292578125,6.41725
72.5,-80.0,2026-09-22 22:24:05,8.472851562500011,96.58190536499023,30.60747401297093,994.6292578125,6.41725
72.5,-79.5,2026-09-22 22:24:05,8.472851562500011,96.58190536499023,30.60747401297093,994.6292578125,6.41725
72.5,-78.5,2026-09-22 22:24:05,8.472851562500011,96.58190536499023,30.60747401297093,994.6292578125,6.41725
72.5,-78.0,2026-09-22 22:24:05,8.472851562500011,96.58190536499023,30.60747401297093,994.6292578125,6.41725
72.5,-77.5,2026-09-22 22:24:05,8.472851562500011,96.58190536499023,30.60747401297093,994.6292578125,6.41725
72.5,-77.0,2026-09-22 22:24:05,8.472851562500011,96.58190536499023,30.60747401297093,994.6292578125,6.41725
72.5,-76.5,2026-09-22 22:24:05,8.472851562500011,96.58190536499023,30.60747401297093,994.6292578125,6.41725
72.5,-76.0,2026-09-22 22:24:05,8.472851562500011,96.58190536499023,30.60747401297093,994.6292578125,6.41725
72.5,-75.5,2026-09-22 22:24:05,8.472851562500011,96.58190536499023,30.60747401297093,994.6292578125,6.41725
72.5,-75.0,2026-09-22 22:24:05,8.472851562500011,96.58190536499023,30.60747401297093,994.6292578125,6.41725
73.0,-125.0,2026-09-22 22:24:05,7.985327148437534,96.84535002708435,28.08417713284493,993.272421875,2.9747500000000002
73.0,-124.5,2026-09-22 22:24:05,7.985327148437534,96.84535002708435,28.08417713284493,993.272421875,2.9747500000000002
73.0,-124.0,2026-09-22 22:24:05,7.985327148437534,96.84535002708435,28.08417713284493,993.272421875,2.9747500000000002
73.0,-123.5,2026-09-22 22:24:05,7.985327148437534,96.84535002708435,28.08417713284493,993.272421875,2.9747500000000002
73.0,-123.0,2026-09-22 22:24:05,7.985327148437534,96.84535002708435,28.08417713284493,993.272421875,2.9747500000000002
73.0,-122.5,2026-09-22 22:24:05,7.985327148437534,96.84535002708435,28.08417713284493,993.272421875,2.9747500000000002
73.0,-122.0,2026-09-22 22:24:05,7.985327148437534,96.84535002708435,28.08417713284493,993.272421875,2.9747500000000002
73.0,-121.5,2026-09-22 22:24:05,7.985327148437534,96.84535002708435,28.08417713284493,993.272421875,2.9747500000000002
73.0,-121.0,2026-09-22 22:24:05,7.985327148437534,96.84535002708435,28.08417713284493,993.272421875,2.9747500000000002
73.0,-120.5,2026-09-22 22:24:05,7.985327148437534,96.84535002708435,28.08417713284493,993.272421875,2.9747500000000002
73.0,-120.0,2026-09-22 22:24:05,7.985327148437534,96.84535002708435,28.08417713284493,993.272421875,2.9747500000000002
73.0,-119.5,2026-09-22 22:24:05,7.985327148437534,96.84535002708435,28.08417713284493,993.272421875,2.9747500000000002
73.0,-119.0,2026-09-22 22:24:05,7.985327148437534,96.84535002708435,28.08417713284493,993.272421875,2.9747500000000002
73.0,-118.5,2026-09-22 22:24:05,7.985327148437534,96.84535002708435,28.08417713284493,993.272421875,2.9747500000000002
73.0,-118.0,2026-09-22 22:24:05,7.985327148437534,96.84535002708435,28.08417713284493,993.272421875,2.9747500000000002
73.0,-117.5,2026-09-22 22:24:05,7.985327148437534,96.84535002708435,28.08417713284493,993.272421875,2.9747500000000002
73.0,-117.0,2026-09-22 22:24:05,7.985327148437534,96.84535002708435,28.08417713284493,993.272421875,2.9747500000000002
73.0,-116.5,2026-09-22 22:24:05,7.985327148437534,96.84535002708435,28.08417713284493,993.272421875,2.9747500000000002
73.0,-116.0,2026-09-22 22:24:05,7.985327148437534,96.84535002708435,28.08417713284493,993.272421875,2.9747500000000002
73.0,-115.5,2026-09-22 22:24:05,7.985327148437534,96.84535002708435,28.08417713284493,993.272421875,2.9747500000000002
73.0,-115.0,2026-09-22 22:24:05,7.985327148437534,96.84535002708435,28.08417713284493,993.272421875,2.9747500000000002
73.0,-114.5,2026-09-22 22:24:05,7.985327148437534,96.84535002708435,28.08417713284493,993.272421875,2.9747500000000002
73.0,-114.0,2026-09-22 22:24:05,7.985327148437534,96.84535002708435,28.08417713284493,993.272421875,2.9747500000000002
73.0,-113.5,2026-09-22 22:24:05,7.985327148437534,96.84535002708435,28.08417713284493,993.272421875,2.9747500000000002
73.0,-113.0,2026-09-22 22:24:05,7.985327148437534,96.84535002708435,28.08417713284493,993.272421875,2.9747500000000002
73.0,-112.5,2026-09-22 22:24:05,7.985327148437534,96.84535002708435,28.08417713284493,993.272421875,2.9747500000000002
73.0,-111.0,2026-09-22 22:24:05,7.985327148437534,96.84535002708435,28.08417713284493,993.272421875,2.9747500000000002
73.0,-110.5,2026-09-22 22:24:05,7.985327148437534,96.84535002708435,28.08417713284493,993.272421875,2.9747500000000002
73.0,-110.0,2026-09-22 22:24:05,7.985327148437534,96.84535002708435,28.08417713284493,993.272421875,2.9747500000000002
73.0,-109.5,2026-09-22 22:24:05,7.985327148437534,96.84535002708435,28.08417713284493,993.272421875,2.9747500000000002
73.0,-108.5,2026-09-22 22:24:05,7.985327148437534,96.84535002708435,28.08417713284493,993.272421875,2.9747500000000002
73.0,-108.0,2026-09-22 22:24:05,7.985327148437534,96.84535002708435,28.08417713284493,993.272421875,2.9747500000000002
73.0,-107.5,2026-09-22 22:24:05,7.985327148437534,96.84535002708435,28.08417713284493,993.272421875,2.9747500000000002
73.0,-107.0,2026-09-22 22:24:05,7.985327148437534,96.84535002708435,28.08417713284493,993.272421875,2.9747500000000002
73.0,-106.5,2026-09-22 22:24:05,7.985327148437534,96.84535002708435,28.08417713284493,993.272421875,2.9747500000000002
73.0,-106.0,2026-09-22 22:24:05,7.985327148437534,96.84535002708435,28.08417713284493,993.272421875,2.9747500000000002
73.0,-105.5,2026-09-22 22:24:05,7.985327148437534,96.84535002708435,28.08417713284493,993.272421875,2.9747500000000002
73.0,-105.0,2026-09-22 22:24:05,7.985327148437534,96.84535002708435,28.08417713284493,993.272421875,2.9747500000000002
73.0,-102.5,2026-09-22 22:24:05,7.985327148437534,96.84535002708435,28.08417713284493,993.272421875,2.9747500000000002
73.0,-102.0,2026-09-22 22:24:05,7.985327148437534,96.84535002708435,28.08417713284493,993.272421875,2.9747500000000002
73.0,-101.5,2026-09-22 22:24:05,7.972851562500011,97.33190536499023,30.067474012970926,994.5492578125,2.9747500000000002
73.0,-100.5,2026-09-22 22:24:05,7.972851562500011,97.33190536499023,30.067474012970926,994.5492578125,2.9747500000000002
73.0,-100.0,2026-09-22 22:24:05,7.972851562500011,97.33190536499023,30.067474012970926,994.5492578125,2.9747500000000002
73.0,-99.5,2026-09-22 22:24:05,7.972851562500011,97.33190536499023,30.067474012970926,994.5492578125,2.9747500000000002
73.0,-99.0,2026-09-22 22:24:05,7.972851562500011,97.33190536499023,30.067474012970926,994.5492578125,2.9747500000000002
73.0,-98.5,2026-09-22 22:24:05,7.972851562500011,97.33190536499023,30.067474012970926,994.5492578125,2.9747500000000002
73.0,-98.0,2026-09-22 22:24:05,7.972851562500011,97.33190536499023,30.067474012970926,994.5492578125,2.9747500000000002
73.0,-97.5,2026-09-22 22:24:05,7.972851562500011,97.33190536499023,30.067474012970926,994.5492578125,2.9747500000000002
73.0,-97.0,2026-09-22 22:24:05,7.972851562500011,97.33190536499023,30.067474012970926,994.5492578125,2.9747500000000002
73.0,-96.5,2026-09-22 22:24:05,7.972851562500011,97.33190536499023,30.067474012970926,994.5492578125,2.9747500000000002
73.0,-96.0,2026-09-22 22:24:05,7.972851562500011,97.33190536499023,30.067474012970926,994.5492578125,2.9747500000000002
73.0,-95.5,2026-09-22 22:24:05,7.972851562500011,97.33190536499023,30.067474012970926,994.5492578125,2.9747500000000002
73.0,-95.0,2026-09-22 22:24:05,7.972851562500011,97.33190536499023,30.067474012970926,994.5492578125,2.9747500000000002
73.0,-94.5,2026-09-22 22:24:05,7.972851562500011,97.33190536499023,30.067474012970926,994.5492578125,2.9747500000000002
73.0,-94.0,2026-09-22 22:24:05,7.972851562500011,97.33190536499023,30.067474012970926,994.5492578125,2.9747500000000002
73.0,-93.5,2026-09-22 22:24:05,7.972851562500011,97.33190536499023,30.067474012970926,994.5492578125,2.9747500000000002
73.0,-93.0,2026-09-22 22:24:05,7.972851562500011,97.33190536499023,30.067474012970926,994.5492578125,2.9747500000000002
73.0,-92.5,2026-09-22 22:24:05,7.972851562500011,97.33190536499023,30.067474012970926,994.5492578125,2.9747500000000002
73.0,-92.0,2026-09-22 22:24:05,7.972851562500011,97.33190536499023,30.067474012970926,994.5492578125,2.9747500000000002
73.0,-91.5,2026-09-22 22:24:05,7.972851562500011,97.33190536499023,30.067474012970926,994.5492578125,2.9747500000000002
73.0,-89.5,2026-09-22 22:24:05,7.972851562500011,97.33190536499023,30.067474012970926,994.5492578125,2.9747500000000002
73.0,-89.0,2026-09-22 22:24:05,7.972851562500011,97.33190536499023,30.067474012970926,994.5492578125,2.9747500000000002
73.0,-88.5,2026-09-22 22:24:05,7.972851562500011,97.33190536499023,30.067474012970926,994.5492578125,2.9747500000000002
73.0,-88.0,2026-09-22 22:24:05,7.972851562500011,97.33190536499023,30.067474012970926,994.5492578125,2.9747500000000002
73.0,-87.5,2026-09-22 22:24:05,7.972851562500011,97.33190536499023,30.067474012970926,994.5492578125,2.9747500000000002
73.0,-87.0,2026-09-22 22:24:05,7.972851562500011,97.33190536499023,30.067474012970926,994.5492578125,2.9747500000000002
73.0,-86.5,2026-09-22 22:24:05,7.972851562500011,97.33190536499023,30.067474012970926,994.5492578125,2.9747500000000002
73.0,-85.5,2026-09-22 22:24:05,7.972851562500011,97.33190536499023,30.067474012970926,994.5492578125,2.9747500000000002
73.0,-85.0,2026-09-22 22:24:05,7.972851562500011,97.33190536499023,30.067474012970926,994.5492578125,2.9747500000000002
73.0,-84.5,2026-09-22 22:24:05,7.972851562500011,97.33190536499023,30.067474012970926,994.5492578125,2.9747500000000002
73.0,-84.0,2026-09-22 22:24:05,7.972851562500011,97.33190536499023,30.067474012970926,994.5492578125,2.9747500000000002
73.0,-83.5,2026-09-22 22:24:05,7.972851562500011,97.33190536499023,30.067474012970926,994.5492578125,2.9747500000000002
73.0,-83.0,2026-09-22 22:24:05,7.972851562500011,97.33190536499023,30.067474012970926,994.5492578125,2.9747500000000002
73.0,-82.5,2026-09-22 22:24:05,7.972851562500011,97.33190536499023,30.067474012970926,994.5492578125,2.9747500000000002
73.0,-82.0,2026-09-22 22:24:05,7.972851562500011,97.33190536499023,30.067474012970926,994.5492578125,2.9747500000000002
73.0,-81.5,2026-09-22 22:24:05,7.972851562500011,97.33190536499023,30.067474012970926,994.5492578125,2.9747500000000002
73.0,-81.0,2026-09-22 22:24:05,7.972851562500011,97.33190536499023,30.067474012970926,994.5492578125,2.9747500000000002
73.0,-80.5,2026-09-22 22:24:05,7.972851562500011,97.33190536499023,30.067474012970926,994.5492578125,2.9747500000000002
73.0,-80.0,2026-09-22 22:24:05,7.972851562500011,97.33190536499023,30.067474012970926,994.5492578125,2.9747500000000002
73.0,-79.5,2026-09-22 22:24:05,7.972851562500011,97.33190536499023,30.067474012970926,994.5492578125,2.9747500000000002
73.0,-79.0,2026-09-22 22:24:05,7.972851562500011,97.33190536499023,30.067474012970926,994.5492578125,2.9747500000000002
73.0,-78.5,2026-09-22 22:24:05,7.972851562500011,97.33190536499023,30.067474012970926,994.5492578125,2.9747500000000002
73.0,-78.0,2026-09-22 22:24:05,7.972851562500011,97.33190536499023,30.067474012970926,994.5492578125,2.9747500000000002
73.0,-77.5,2026-09-22 22:24:05,7.972851562500011,97.33190536499023,30.067474012970926,994.5492578125,2.9747500000000002
73.0,-77.0,2026-09-22 22:24:05,7.972851562500011,97.33190536499023,30.067474012970926,994.5492578125,2.9747500000000002
73.0,-76.5,2026-09-22 22:24:05,7.972851562500011,97.33190536499023,30.067474012970926,994.5492578125,2.9747500000000002
73.0,-76.0,2026-09-22 22:24:05,7.972851562500011,97.33190536499023,30.067474012970926,994.5492578125,2.9747500000000002
73.5,-124.5,2026-09-22 22:24:05,7.485327148437534,97.59535002708435,23.764177132844925,993.032421875,4.31285
73.5,-124.0,2026-09-22 22:24:05,7.485327148437534,97.59535002708435,23.764177132844925,993.032421875,4.31285
73.5,-123.5,2026-09-22 22:24:05,7.485327148437534,97.59535002708435,23.764177132844925,993.032421875,4.31285
73.5,-123.0,2026-09-22 22:24:05,7.485327148437534,97.59535002708435,23.764177132844925,993.032421875,4.31285
73.5,-122.5,2026-09-22 22:24:05,7.485327148437534,97.59535002708435,23.764177132844925,993.032421875,4.31285
73.5,-122.0,2026-09-22 22:24:05,7.485327148437534,97.59535002708435,23.764177132844925,993.032421875,4.31285
73.5,-121.5,2026-09-22 22:24:05,7.485327148437534,97.59535002708435,23.764177132844925,993.032421875,4.31285
73.5,-121.0,2026-09-22 22:24:05,7.485327148437534,97.59535002708435,23.764177132844925,993.032421875,4.31285
73.5,-120.5,2026-09-22 22:24:05,7.485327148437534,97.59535002708435,23.764177132844925,993.032421875,4.31285
73.5,-120.0,2026-09-22 22:24:05,7.485327148437534,97.59535002708435,23.764177132844925,993.032421875,4.31285
73.5,-119.5,2026-09-22 22:24:05,7.485327148437534,97.59535002708435,23.764177132844925,993.032421875,4.31285
73.5,-119.0,2026-09-22 22:24:05,7.485327148437534,97.59535002708435,23.764177132844925,993.032421875,4.31285
73.5,-118.5,2026-09-22 22:24:05,7.485327148437534,97.59535002708435,23.764177132844925,993.032421875,4.31285
73.5,-118.0,2026-09-22 22:24:05,7.485327148437534,97.59535002708435,23.764177132844925,993.032421875,4.31285
73.5,-117.5,2026-09-22 22:24:05,7.485327148437534,97.59535002708435,23.764177132844925,993.032421875,4.31285
73.5,-117.0,2026-09-22 22:24:05,7.485327148437534,97.59535002708435,23.764177132844925,993.032421875,4.31285
73.5,-116.5,2026-09-22 22:24:05,7.485327148437534,97.59535002708435,23.764177132844925,993.032421875,4.31285
73.5,-116.0,2026-09-22 22:24:05,7.485327148437534,97.59535002708435,23.764177132844925,993.032421875,4.31285
73.5,-115.5,2026-09-22 22:24:05,7.485327148437534,97.59535002708435,23.764177132844925,993.032421875,4.31285
73.5,-108.0,2026-09-22 22:24:05,7.485327148437534,97.59535002708435,23.764177132844925,993.032421875,4.31285
73.5,-107.5,2026-09-22 22:24:05,7.485327148437534,97.59535002708435,23.764177132844925,993.032421875,4.31285
73.5,-107.0,2026-09-22 22:24:05,7.485327148437534,97.59535002708435,23.764177132844925,993.032421875,4.31285
73.5,-106.5,2026-09-22 22:24:05,7.485327148437534,97.59535002708435,23.764177132844925,993.032421875,4.31285
73.5,-106.0,2026-09-22 22:24:05,7.485327148437534,97.59535002708435,23.764177132844925,993.032421875,4.31285
73.5,-105.5,2026-09-22 22:24:05,7.485327148437534,97.59535002708435,23.764177132844925,993.032421875,4.31285
73.5,-105.0,2026-09-22 22:24:05,7.485327148437534,97.59535002708435,23.764177132844925,993.032421875,4.31285
73.5,-104.5,2026-09-22 22:24:05,7.485327148437534,97.59535002708435,23.764177132844925,993.032421875,4.31285
73.5,-101.5,2026-09-22 22:24:05,7.472851562500011,97.58190536499023,24.847474012970924,994.6292578125,4.31285
73.5,-101.0,2026-09-22 22:24:05,7.472851562500011,97.58190536499023,24.847474012970924,994.6292578125,4.31285
73.5,-100.5,2026-09-22 22:24:05,7.472851562500011,97.58190536499023,24.847474012970924,994.6292578125,4.31285
73.5,-100.0,2026-09-22 22:24:05,7.472851562500011,97.58190536499023,24.847474012970924,994.6292578125,4.31285
73.5,-99.5,2026-09-22 22:24:05,7.472851562500011,97.58190536499023,24.847474012970924,994.6292578125,4.31285
73.5,-99.0,2026-09-22 22:24:05,7.472851562500011,97.58190536499023,24.847474012970924,994.6292578125,4.31285
73.5,-98.5,2026-09-22 22:24:05,7.472851562500011,97.58190536499023,24.847474012970924,994.6292578125,4.31285
73.5,-98.0,2026-09-22 22:24:05,7.472851562500011,97.58190536499023,24.847474012970924,994.6292578125,4.31285
73.5,-97.5,2026-09-22 22:24:05,7.472851562500011,97.58190536499023,24.847474012970924,994.6292578125,4.31285
73.5,-97.0,2026-09-22 22:24:05,7.472851562500011,97.58190536499023,24.847474012970924,994.6292578125,4.31285
73.5,-95.5,2026-09-22 22:24:05,7.472851562500011,97.58190536499023,24.847474012970924,994.6292578125,4.31285
73.5,-95.0,2026-09-22 22:24:05,7.472851562500011,97.58190536499023,24.847474012970924,994.6292578125,4.31285
73.5,-94.5,2026-09-22 22:24:05,7.472851562500011,97.58190536499023,24.847474012970924,994.6292578125,4.31285
73.5,-94.0,2026-09-22 22:24:05,7.472851562500011,97.58190536499023,24.847474012970924,994.6292578125,4.31285
73.5,-93.5,2026-09-22 22:24:05,7.472851562500011,97.58190536499023,24.847474012970924,994.6292578125,4.31285
73.5,-93.0,2026-09-22 22:24:05,7.472851562500011,97.58190536499023,24.847474012970924,994.6292578125,4.31285
73.5,-92.5,2026-09-22 22:24:05,7.472851562500011,97.58190536499023,24.847474012970924,994.6292578125,4.31285
73.5,-92.0,2026-09-22 22:24:05,7.472851562500011,97.58190536499023,24.847474012970924,994.6292578125,4.31285
73.5,-91.5,2026-09-22 22:24:05,7.472851562500011,97.58190536499023,24.847474012970924,994.6292578125,4.31285
73.5,-91.0,2026-09-22 22:24:05,7.472851562500011,97.58190536499023,24.847474012970924,994.6292578125,4.31285
73.5,-88.5,2026-09-22 22:24:05,7.472851562500011,97.58190536499023,24.847474012970924,994.6292578125,4.31285
73.5,-88.0,2026-09-22 22:24:05,7.472851562500011,97.58190536499023,24.847474012970924,994.6292578125,4.31285
73.5,-87.5,2026-09-22 22:24:05,7.472851562500011,97.58190536499023,24.847474012970924,994.6292578125,4.31285
73.5,-87.0,2026-09-22 22:24:05,7.472851562500011,97.58190536499023,24.847474012970924,994.6292578125,4.31285
73.5,-86.5,2026-09-22 22:24:05,7.472851562500011,97.58190536499023,24.847474012970924,994.6292578125,4.31285
73.5,-86.0,2026-09-22 22:24:05,7.472851562500011,97.58190536499023,24.847474012970924,994.6292578125,4.31285
73.5,-85.5,2026-09-22 22:24:05,7.472851562500011,97.58190536499023,24.847474012970924,994.6292578125,4.31285
73.5,-84.5,2026-09-22 22:24:05,7.472851562500011,97.58190536499023,24.847474012970924,994.6292578125,4.31285
73.5,-84.0,2026-09-22 22:24:05,7.472851562500011,97.58190536499023,24.847474012970924,994.6292578125,4.31285
73.5,-83.5,2026-09-22 22:24:05,7.472851562500011,97.58190536499023,24.847474012970924,994.6292578125,4.31285
73.5,-83.0,2026-09-22 22:24:05,7.472851562500011,97.58190536499023,24.847474012970924,994.6292578125,4.31285
73.5,-82.5,2026-09-22 22:24:05,7.472851562500011,97.58190536499023,24.847474012970924,994.6292578125,4.31285
73.5,-82.0,2026-09-22 22:24:05,7.472851562500011,97.58190536499023,24.847474012970924,994.6292578125,4.31285
73.5,-81.5,2026-09-22 22:24:05,7.472851562500011,97.58190536499023,24.847474012970924,994.6292578125,4.31285
73.5,-81.0,2026-09-22 22:24:05,7.472851562500011,97.58190536499023,24.847474012970924,994.6292578125,4.31285
73.5,-80.5,2026-09-22 22:24:05,7.472851562500011,97.58190536499023,24.847474012970924,994.6292578125,4.31285
73.5,-80.0,2026-09-22 22:24:05,7.472851562500011,97.58190536499023,24.847474012970924,994.6292578125,4.31285
73.5,-79.5,2026-09-22 22:24:05,7.472851562500011,97.58190536499023,24.847474012970924,994.6292578125,4.31285
73.5,-79.0,2026-09-22 22:24:05,7.472851562500011,97.58190536499023,24.847474012970924,994.6292578125,4.31285
73.5,-78.5,2026-09-22 22:24:05,7.472851562500011,97.58190536499023,24.847474012970924,994.6292578125,4.31285
73.5,-78.0,2026-09-22 22:24:05,7.472851562500011,97.58190536499023,24.847474012970924,994.6292578125,4.31285
73.5,-77.5,2026-09-22 22:24:05,7.472851562500011,97.58190536499023,24.847474012970924,994.6292578125,4.31285
73.5,-77.0,2026-09-22 22:24:05,7.472851562500011,97.58190536499023,24.847474012970924,994.6292578125,4.31285
74.0,-124.5,2026-09-22 22:24:05,7.485327148437534,97.59535002708435,23.58417713284493,993.192421875,4.708600000000001
74.0,-124.0,2026-09-22 22:24:05,7.485327148437534,97.59535002708435,23.58417713284493,993.192421875,4.708600000000001
74.0,-123.5,2026-09-22 22:24:05,7.485327148437534,97.59535002708435,23.58417713284493,993.192421875,4.708600000000001
74.0,-123.0,2026-09-22 22:24:05,7.485327148437534,97.59535002708435,23.58417713284493,993.192421875,4.708600000000001
74.0,-122.5,2026-09-22 22:24:05,7.485327148437534,97.59535002708435,23.58417713284493,993.192421875,4.708600000000001
74.0,-122.0,2026-09-22 22:24:05,7.485327148437534,97.59535002708435,23.58417713284493,993.192421875,4.708600000000001
74.0,-121.5,2026-09-22 22:24:05,7.485327148437534,97.59535002708435,23.58417713284493,993.192421875,4.708600000000001
74.0,-121.0,2026-09-22 22:24:05,7.485327148437534,97.59535002708435,23.58417713284493,993.192421875,4.708600000000001
74.0,-120.5,2026-09-22 22:24:05,7.485327148437534,97.59535002708435,23.58417713284493,993.192421875,4.708600000000001
74.0,-120.0,2026-09-22 22:24:05,7.485327148437534,97.59535002708435,23.58417713284493,993.192421875,4.708600000000001
74.0,-119.5,2026-09-22 22:24:05,7.485327148437534,97.59535002708435,23.58417713284493,993.192421875,4.708600000000001
74.0,-119.0,2026-09-22 22:24:05,7.485327148437534,97.59535002708435,23.58417713284493,993.192421875,4.708600000000001
74.0,-118.5,2026-09-22 22:24:05,7.485327148437534,97.59535002708435,23.58417713284493,993.192421875,4.708600000000001
74.0,-118.0,2026-09-22 22:24:05,7.485327148437534,97.59535002708435,23.58417713284493,993.192421875,4.708600000000001
74.0,-117.5,2026-09-22 22:24:05,7.485327148437534,97.59535002708435,23.58417713284493,993.192421875,4.708600000000001
74.0,-117.0,2026-09-22 22:24:05,7.485327148437534,97.59535002708435,23.58417713284493,993.192421875,4.708600000000001
74.0,-116.5,2026-09-22 22:24:05,7.485327148437534,97.59535002708435,23.58417713284493,993.192421875,4.708600000000001
74.0,-100.0,2026-09-22 22:24:05,7.672851562500057,97.33190536499023,25.387474012970927,994.7892578125,4.708600000000001
74.0,-99.5,2026-09-22 22:24:05,7.672851562500057,97.33190536499023,25.387474012970927,994.7892578125,4.708600000000001
74.0,-99.0,2026-09-22 22:24:05,7.672851562500057,97.33190536499023,25.387474012970927,994.7892578125,4.708600000000001
74.0,-98.5,2026-09-22 22:24:05,7.672851562500057,97.33190536499023,25.387474012970927,994.7892578125,4.708600000000001
74.0,-98.0,2026-09-22 22:24:05,7.672851562500057,97.33190536499023,25.387474012970927,994.7892578125,4.708600000000001
74.0,-97.5,2026-09-22 22:24:05,7.672851562500057,97.33190536499023,25.387474012970927,994.7892578125,4.708600000000001
74.0,-95.5,2026-09-22 22:24:05,7.672851562500057,97.33190536499023,25.387474012970927,994.7892578125,4.708600000000001
74.0,-95.0,2026-09-22 22:24:05,7.672851562500057,97.33190536499023,25.387474012970927,994.7892578125,4.708600000000001
74.0,-94.5,2026-09-22 22:24:05,7.672851562500057,97.33190536499023,25.387474012970927,994.7892578125,4.708600000000001
74.0,-94.0,2026-09-22 22:24:05,7.672851562500057,97.33190536499023,25.387474012970927,994.7892578125,4.708600000000001
74.0,-93.5,2026-09-22 22:24:05,7.672851562500057,97.33190536499023,25.387474012970927,994.7892578125,4.708600000000001
74.0,-93.0,2026-09-22 22:24:05,7.672851562500057,97.33190536499023,25.387474012970927,994.7892578125,4.708600000000001
74.0,-92.5,2026-09-22 22:24:05,7.672851562500057,97.33190536499023,25.387474012970927,994.7892578125,4.708600000000001
74.0,-92.0,2026-09-22 22:24:05,7.672851562500057,97.33190536499023,25.387474012970927,994.7892578125,4.708600000000001
74.0,-91.5,2026-09-22 22:24:05,7.672851562500057,97.33190536499023,25.387474012970927,994.7892578125,4.708600000000001
74.0,-91.0,2026-09-22 22:24:05,7.672851562500057,97.33190536499023,25.387474012970927,994.7892578125,4.708600000000001
74.0,-90.5,2026-09-22 22:24:05,7.672851562500057,97.33190536499023,25.387474012970927,994.7892578125,4.708600000000001
74.5,-123.5,2026-09-22 22:24:05,6.585327148437557,97.84535002708435,23.044177132844926,993.512421875,5.5564
74.5,-123.0,2026-09-22 22:24:05,6.585327148437557,97.84535002708435,23.044177132844926,993.512421875,5.5564
74.5,-122.5,2026-09-22 22:24:05,6.585327148437557,97.84535002708435,23.044177132844926,993.512421875,5.5564
74.5,-122.0,2026-09-22 22:24:05,6.585327148437557,97.84535002708435,23.044177132844926,993.512421875,5.5564
74.5,-121.5,2026-09-22 22:24:05,6.585327148437557,97.84535002708435,23.044177132844926,993.512421875,5.5564
74.5,-121.0,2026-09-22 22:24:05,6.585327148437557,97.84535002708435,23.044177132844926,993.512421875,5.5564
74.5,-114.0,2026-09-22 22:24:05,6.585327148437557,97.84535002708435,23.044177132844926,993.512421875,5.5564
74.5,-113.5,2026-09-22 22:24:05,6.585327148437557,97.84535002708435,23.044177132844926,993.512421875,5.5564
74.5,-113.0,2026-09-22 22:24:05,6.585327148437557,97.84535002708435,23.044177132844926,993.512421875,5.5564
74.5,-112.5,2026-09-22 22:24:05,6.585327148437557,97.84535002708435,23.044177132844926,993.512421875,5.5564
74.5,-112.0,2026-09-22 22:24:05,6.585327148437557,97.84535002708435,23.044177132844926,993.512421875,5.5564
74.5,-111.5,2026-09-22 22:24:05,6.585327148437557,97.84535002708435,23.044177132844926,993.512421875,5.5564
74.5,-98.0,2026-09-22 22:24:05,6.722851562500011,96.83190536499023,24.667474012970928,995.1892578125,5.5564
74.5,-97.5,2026-09-22 22:24:05,6.722851562500011,96.83190536499023,24.667474012970928,995.1892578125,5.5564
74.5,-96.0,2026-09-22 22:24:05,6.722851562500011,96.83190536499023,24.667474012970928,995.1892578125,5.5564
74.5,-95.5,2026-09-22 22:24:05,6.722851562500011,96.83190536499023,24.667474012970928,995.1892578125,5.5564
74.5,-95.0,2026-09-22 22:24:05,6.722851562500011,96.83190536499023,24.667474012970928,995.1892578125,5.5564
74.5,-90.0,2026-09-22 22:24:05,6.722851562500011,96.83190536499023,24.667474012970928,995.1892578125,5.5564
74.5,-89.5,2026-09-22 22:24:05,6.722851562500011,96.83190536499023,24.667474012970928,995.1892578125,5.5564
74.5,-88.5,2026-09-22 22:24:05,6.722851562500011,96.83190536499023,24.667474012970928,995.1892578125,5.5564
74.5,-88.0,2026-09-22 22:24:05,6.722851562500011,96.83190536499023,24.667474012970928,995.1892578125,5.5564
74.5,-87.5,2026-09-22 22:24:05,6.722851562500011,96.83190536499023,24.667474012970928,995.1892578125,5.5564
74.5,-87.0,2026-09-22 22:24:05,6.722851562500011,96.83190536499023,24.667474012970928,995.1892578125,5.5564
74.5,-86.5,2026-09-22 22:24:05,6.722851562500011,96.83190536499023,24.667474012970928,995.1892578125,5.5564
74.5,-86.0,2026-09-22 22:24:05,6.722851562500011,96.83190536499023,24.667474012970928,995.1892578125,5.5564
74.5,-85.5,2026-09-22 22:24:05,6.722851562500011,96.83190536499023,24.667474012970928,995.1892578125,5.5564
74.5,-85.0,2026-09-22 22:24:05,6.722851562500011,96.83190536499023,24.667474012970928,995.1892578125,5.5564
74.5,-84.5,2026-09-22 22:24:05,6.722851562500011,96.83190536499023,24.667474012970928,995.1892578125,5.5564
74.5,-84.0,2026-09-22 22:24:05,6.722851562500011,96.83190536499023,24.667474012970928,995.1892578125,5.5564
74.5,-83.5,2026-09-22 22:24:05,6.722851562500011,96.83190536499023,24.667474012970928,995.1892578125,5.5564
74.5,-83.0,2026-09-22 22:24:05,6.722851562500011,96.83190536499023,24.667474012970928,995.1892578125,5.5564
74.5,-82.5,2026-09-22 22:24:05,6.722851562500011,96.83190536499023,24.667474012970928,995.1892578125,5.5564
74.5,-82.0,2026-09-22 22:24:05,6.722851562500011,96.83190536499023,24.667474012970928,995.1892578125,5.5564
74.5,-81.5,2026-09-22 22:24:05,6.722851562500011,96.83190536499023,24.667474012970928,995.1892578125,5.5564
74.5,-81.0,2026-09-22 22:24:05,6.722851562500011,96.83190536499023,24.667474012970928,995.1892578125,5.5564
74.5,-80.5,2026-09-22 22:24:05,6.722851562500011,96.83190536499023,24.667474012970928,995.1892578125,5.5564
75.0,-116.5,2026-09-22 22:24:05,6.335327148437557,97.09535002708435,25.564177132844925,994.072421875,7.60965
75.0,-116.0,2026-09-22 22:24:05,6.335327148437557,97.09535002708435,25.564177132844925,994.072421875,7.60965
75.0,-115.5,2026-09-22 22:24:05,6.335327148437557,97.09535002708435,25.564177132844925,994.072421875,7.60965
75.0,-115.0,2026-09-22 22:24:05,6.335327148437557,97.09535002708435,25.564177132844925,994.072421875,7.60965
75.0,-114.5,2026-09-22 22:24:05,6.335327148437557,97.09535002708435,25.564177132844925,994.072421875,7.60965
75.0,-114.0,2026-09-22 22:24:05,6.335327148437557,97.09535002708435,25.564177132844925,994.072421875,7.60965
75.0,-113.5,2026-09-22 22:24:05,6.335327148437557,97.09535002708435,25.564177132844925,994.072421875,7.60965
75.0,-113.0,2026-09-22 22:24:05,6.335327148437557,97.09535002708435,25.564177132844925,994.072421875,7.60965
75.0,-112.5,2026-09-22 22:24:05,6.335327148437557,97.09535002708435,25.564177132844925,994.072421875,7.60965
75.0,-112.0,2026-09-22 22:24:05,6.335327148437557,97.09535002708435,25.564177132844925,994.072421875,7.60965
75.0,-111.5,2026-09-22 22:24:05,6.335327148437557,97.09535002708435,25.564177132844925,994.072421875,7.60965
75.0,-111.0,2026-09-22 22:24:05,6.335327148437557,97.09535002708435,25.564177132844925,994.072421875,7.60965
75.0,-110.5,2026-09-22 22:24:05,6.335327148437557,97.09535002708435,25.564177132844925,994.072421875,7.60965
75.0,-110.0,2026-09-22 22:24:05,6.335327148437557,97.09535002708435,25.564177132844925,994.072421875,7.60965
75.0,-109.5,2026-09-22 22:24:05,6.335327148437557,97.09535002708435,25.564177132844925,994.072421875,7.60965
75.0,-109.0,2026-09-22 22:24:05,6.335327148437557,97.09535002708435,25.564177132844925,994.072421875,7.60965
75.0,-108.5,2026-09-22 22:24:05,6.335327148437557,97.09535002708435,25.564177132844925,994.072421875,7.60965
75.0,-108.0,2026-09-22 22:24:05,6.335327148437557,97.09535002708435,25.564177132844925,994.072421875,7.60965
75.0,-107.5,2026-09-22 22:24:05,6.335327148437557,97.09535002708435,25.564177132844925,994.072421875,7.60965
75.0,-107.0,2026-09-22 22:24:05,6.335327148437557,97.09535002708435,25.564177132844925,994.072421875,7.60965
75.0,-106.5,2026-09-22 22:24:05,6.335327148437557,97.09535002708435,25.564177132844925,994.072421875,7.60965
75.0,-106.0,2026-09-22 22:24:05,6.335327148437557,97.09535002708435,25.564177132844925,994.072421875,7.60965
75.0,-104.5,2026-09-22 22:24:05,6.335327148437557,97.09535002708435,25.564177132844925,994.072421875,7.60965
75.0,-104.0,2026-09-22 22:24:05,6.335327148437557,97.09535002708435,25.564177132844925,994.072421875,7.60965
75.0,-100.5,2026-09-22 22:24:05,6.272851562500023,95.33190536499023,36.90747401297093,996.0692578125,7.60965
75.0,-100.0,2026-09-22 22:24:05,6.272851562500023,95.33190536499023,36.90747401297093,996.0692578125,7.60965
75.0,-99.5,2026-09-22 22:24:05,6.272851562500023,95.33190536499023,36.90747401297093,996.0692578125,7.60965
75.0,-99.0,2026-09-22 22:24:05,6.272851562500023,95.33190536499023,36.90747401297093,996.0692578125,7.60965
75.0,-98.5,2026-09-22 22:24:05,6.272851562500023,95.33190536499023,36.90747401297093,996.0692578125,7.60965
75.0,-98.0,2026-09-22 22:24:05,6.272851562500023,95.33190536499023,36.90747401297093,996.0692578125,7.60965
75.0,-96.5,2026-09-22 22:24:05,6.272851562500023,95.33190536499023,36.90747401297093,996.0692578125,7.60965
75.0,-96.0,2026-09-22 22:24:05,6.272851562500023,95.33190536499023,36.90747401297093,996.0692578125,7.60965
75.0,-95.5,2026-09-22 22:24:05,6.272851562500023,95.33190536499023,36.90747401297093,996.0692578125,7.60965
75.0,-95.0,2026-09-22 22:24:05,6.272851562500023,95.33190536499023,36.90747401297093,996.0692578125,7.60965
75.0,-94.5,2026-09-22 22:24:05,6.272851562500023,95.33190536499023,36.90747401297093,996.0692578125,7.60965
75.0,-94.0,2026-09-22 22:24:05,6.272851562500023,95.33190536499023,36.90747401297093,996.0692578125,7.60965
75.0,-93.5,2026-09-22 22:24:05,6.272851562500023,95.33190536499023,36.90747401297093,996.0692578125,7.60965
75.0,-92.5,2026-09-22 22:24:05,6.272851562500023,95.33190536499023,36.90747401297093,996.0692578125,7.60965
75.0,-92.0,2026-09-22 22:24:05,6.272851562500023,95.33190536499023,36.90747401297093,996.0692578125,7.60965
75.0,-91.5,2026-09-22 22:24:05,6.272851562500023,95.33190536499023,36.90747401297093,996.0692578125,7.60965
75.0,-91.0,2026-09-22 22:24:05,6.272851562500023,95.33190536499023,36.90747401297093,996.0692578125,7.60965
75.0,-90.5,2026-09-22 22:24:05,6.272851562500023,95.33190536499023,36.90747401297093,996.0692578125,7.60965
75.0,-90.0,2026-09-22 22:24:05,6.272851562500023,95.33190536499023,36.90747401297093,996.0692578125,7.60965
75.0,-89.5,2026-09-22 22:24:05,6.272851562500023,95.33190536499023,36.90747401297093,996.0692578125,7.60965
75.0,-89.0,2026-09-22 22:24:05,6.272851562500023,95.33190536499023,36.90747401297093,996.0692578125,7.60965
75.0,-88.5,2026-09-22 22:24:05,6.272851562500023,95.33190536499023,36.90747401297093,996.0692578125,7.60965
75.0,-88.0,2026-09-22 22:24:05,6.272851562500023,95.33190536499023,36.90747401297093,996.0692578125,7.60965
75.0,-87.5,2026-09-22 22:24:05,6.272851562500023,95.33190536499023,36.90747401297093,996.0692578125,7.60965
75.0,-87.0,2026-09-22 22:24:05,6.272851562500023,95.33190536499023,36.90747401297093,996.0692578125,7.60965
75.0,-86.5,2026-09-22 22:24:05,6.272851562500023,95.33190536499023,36.90747401297093,996.0692578125,7.60965
75.0,-86.0,2026-09-22 22:24:05,6.272851562500023,95.33190536499023,36.90747401297093,996.0692578125,7.60965
75.0,-85.5,2026-09-22 22:24:05,6.272851562500023,95.33190536499023,36.90747401297093,996.0692578125,7.60965
75.0,-85.0,2026-09-22 22:24:05,6.272851562500023,95.33190536499023,36.90747401297093,996.0692578125,7.60965
75.0,-84.5,2026-09-22 22:24:05,6.272851562500023,95.33190536499023,36.90747401297093,996.0692578125,7.60965
75.0,-84.0,2026-09-22 22:24:05,6.272851562500023,95.33190536499023,36.90747401297093,996.0692578125,7.60965
75.0,-83.5,2026-09-22 22:24:05,6.272851562500023,95.33190536499023,36.90747401297093,996.0692578125,7.60965
75.0,-83.0,2026-09-22 22:24:05,6.272851562500023,95.33190536499023,36.90747401297093,996.0692578125,7.60965
75.0,-82.5,2026-09-22 22:24:05,6.272851562500023,95.33190536499023,36.90747401297093,996.0692578125,7.60965
75.0,-82.0,2026-09-22 22:24:05,6.272851562500023,95.33190536499023,36.90747401297093,996.0692578125,7.60965
75.0,-81.5,2026-09-22 22:24:05,6.272851562500023,95.33190536499023,36.90747401297093,996.0692578125,7.60965
75.0,-81.0,2026-09-22 22:24:05,6.272851562500023,95.33190536499023,36.90747401297093,996.0692578125,7.60965
75.0,-80.5,2026-09-22 22:24:05,6.272851562500023,95.33190536499023,36.90747401297093,996.0692578125,7.60965
75.0,-80.0,2026-09-22 22:24:05,6.272851562500023,95.33190536499023,36.90747401297093,996.0692578125,7.60965
75.0,-79.5,2026-09-22 22:24:05,6.272851562500023,95.33190536499023,36.90747401297093,996.0692578125,7.60965
75.5,-119.0,2026-09-22 22:24:05,5.935327148437523,95.59535002708435,37.08417713284493,995.032421875,11.1487
75.5,-118.5,2026-09-22 22:24:05,5.935327148437523,95.59535002708435,37.08417713284493,995.032421875,11.1487
75.5,-117.5,2026-09-22 22:24:05,5.935327148437523,95.59535002708435,37.08417713284493,995.032421875,11.1487
75.5,-117.0,2026-09-22 22:24:05,5.935327148437523,95.59535002708435,37.08417713284493,995.032421875,11.1487
75.5,-116.5,2026-09-22 22:24:05,5.935327148437523,95.59535002708435,37.08417713284493,995.032421875,11.1487
75.5,-116.0,2026-09-22 22:24:05,5.935327148437523,95.59535002708435,37.08417713284493,995.032421875,11.1487
75.5,-115.5,2026-09-22 22:24:05,5.935327148437523,95.59535002708435,37.08417713284493,995.032421875,11.1487
75.5,-115.0,2026-09-22 22:24:05,5.935327148437523,95.59535002708435,37.08417713284493,995.032421875,11.1487
75.5,-114.5,2026-09-22 22:24:05,5.935327148437523,95.59535002708435,37.08417713284493,995.032421875,11.1487
75.5,-114.0,2026-09-22 22:24:05,5.935327148437523,95.59535002708435,37.08417713284493,995.032421875,11.1487
75.5,-113.5,2026-09-22 22:24:05,5.935327148437523,95.59535002708435,37.08417713284493,995.032421875,11.1487
75.5,-113.0,2026-09-22 22:24:05,5.935327148437523,95.59535002708435,37.08417713284493,995.032421875,11.1487
75.5,-112.5,2026-09-22 22:24:05,5.935327148437523,95.59535002708435,37.08417713284493,995.032421875,11.1487
75.5,-112.0,2026-09-22 22:24:05,5.935327148437523,95.59535002708435,37.08417713284493,995.032421875,11.1487
75.5,-111.5,2026-09-22 22:24:05,5.935327148437523,95.59535002708435,37.08417713284493,995.032421875,11.1487
75.5,-111.0,2026-09-22 22:24:05,5.935327148437523,95.59535002708435,37.08417713284493,995.032421875,11.1487
75.5,-110.5,2026-09-22 22:24:05,5.935327148437523,95.59535002708435,37.08417713284493,995.032421875,11.1487
75.5,-110.0,2026-09-22 22:24:05,5.935327148437523,95.59535002708435,37.08417713284493,995.032421875,11.1487
75.5,-109.5,2026-09-22 22:24:05,5.935327148437523,95.59535002708435,37.08417713284493,995.032421875,11.1487
75.5,-109.0,2026-09-22 22:24:05,5.935327148437523,95.59535002708435,37.08417713284493,995.032421875,11.1487
75.5,-108.5,2026-09-22 22:24:05,5.935327148437523,95.59535002708435,37.08417713284493,995.032421875,11.1487
75.5,-108.0,2026-09-22 22:24:05,5.935327148437523,95.59535002708435,37.08417713284493,995.032421875,11.1487
75.5,-107.5,2026-09-22 22:24:05,5.935327148437523,95.59535002708435,37.08417713284493,995.032421875,11.1487
75.5,-107.0,2026-09-22 22:24:05,5.935327148437523,95.59535002708435,37.08417713284493,995.032421875,11.1487
75.5,-106.5,2026-09-22 22:24:05,5.935327148437523,95.59535002708435,37.08417713284493,995.032421875,11.1487
75.5,-106.0,2026-09-22 22:24:05,5.935327148437523,95.59535002708435,37.08417713284493,995.032421875,11.1487
75.5,-105.5,2026-09-22 22:24:05,5.935327148437523,95.59535002708435,37.08417713284493,995.032421875,11.1487
75.5,-104.5,2026-09-22 22:24:05,5.935327148437523,95.59535002708435,37.08417713284493,995.032421875,11.1487
75.5,-104.0,2026-09-22 22:24:05,5.935327148437523,95.59535002708435,37.08417713284493,995.032421875,11.1487
75.5,-103.0,2026-09-22 22:24:05,5.935327148437523,95.59535002708435,37.08417713284493,995.032421875,11.1487
75.5,-102.5,2026-09-22 22:24:05,5.935327148437523,95.59535002708435,37.08417713284493,995.032421875,11.1487
75.5,-102.0,2026-09-22 22:24:05,5.935327148437523,95.59535002708435,37.08417713284493,995.032421875,11.1487
75.5,-101.5,2026-09-22 22:24:05,5.672851562500057,94.83190536499023,43.927474012970926,997.5092578125,11.1487
75.5,-100.5,2026-09-22 22:24:05,5.672851562500057,94.83190536499023,43.927474012970926,997.5092578125,11.1487
75.5,-100.0,2026-09-22 22:24:05,5.672851562500057,94.83190536499023,43.927474012970926,997.5092578125,11.1487
75.5,-99.5,2026-09-22 22:24:05,5.672851562500057,94.83190536499023,43.927474012970926,997.5092578125,11.1487
75.5,-99.0,2026-09-22 22:24:05,5.672851562500057,94.83190536499023,43.927474012970926,997.5092578125,11.1487
75.5,-98.5,2026-09-22 22:24:05,5.672851562500057,94.83190536499023,43.927474012970926,997.5092578125,11.1487
75.5,-98.0,2026-09-22 22:24:05,5.672851562500057,94.83190536499023,43.927474012970926,997.5092578125,11.1487
75.5,-97.5,2026-09-22 22:24:05,5.672851562500057,94.83190536499023,43.927474012970926,997.5092578125,11.1487
75.5,-97.0,2026-09-22 22:24:05,5.672851562500057,94.83190536499023,43.927474012970926,997.5092578125,11.1487
75.5,-96.5,2026-09-22 22:24:05,5.672851562500057,94.83190536499023,43.927474012970926,997.5092578125,11.1487
75.5,-96.0,2026-09-22 22:24:05,5.672851562500057,94.83190536499023,43.927474012970926,997.5092578125,11.1487
75.5,-95.5,2026-09-22 22:24:05,5.672851562500057,94.83190536499023,43.927474012970926,997.5092578125,11.1487
75.5,-95.0,2026-09-22 22:24:05,5.672851562500057,94.83190536499023,43.927474012970926,997.5092578125,11.1487
75.5,-94.5,2026-09-22 22:24:05,5.672851562500057,94.83190536499023,43.927474012970926,997.5092578125,11.1487
75.5,-94.0,2026-09-22 22:24:05,5.672851562500057,94.83190536499023,43.927474012970926,997.5092578125,11.1487
75.5,-92.5,2026-09-22 22:24:05,5.672851562500057,94.83190536499023,43.927474012970926,997.5092578125,11.1487
75.5,-92.0,2026-09-22 22:24:05,5.672851562500057,94.83190536499023,43.927474012970926,997.5092578125,11.1487
75.5,-91.5,2026-09-22 22:24:05,5.672851562500057,94.83190536499023,43.927474012970926,997.5092578125,11.1487
75.5,-91.0,2026-09-22 22:24:05,5.672851562500057,94.83190536499023,43.927474012970926,997.5092578125,11.1487
75.5,-90.5,2026-09-22 22:24:05,5.672851562500057,94.83190536499023,43.927474012970926,997.5092578125,11.1487
75.5,-90.0,2026-09-22 22:24:05,5.672851562500057,94.83190536499023,43.927474012970926,997.5092578125,11.1487
75.5,-89.5,2026-09-22 22:24:05,5.672851562500057,94.83190536499023,43.927474012970926,997.5092578125,11.1487
75.5,-89.0,2026-09-22 22:24:05,5.672851562500057,94.83190536499023,43.927474012970926,997.5092578125,11.1487
75.5,-88.5,2026-09-22 22:24:05,5.672851562500057,94.83190536499023,43.927474012970926,997.5092578125,11.1487
75.5,-88.0,2026-09-22 22:24:05,5.672851562500057,94.83190536499023,43.927474012970926,997.5092578125,11.1487
75.5,-87.5,2026-09-22 22:24:05,5.672851562500057,94.83190536499023,43.927474012970926,997.5092578125,11.1487
75.5,-87.0,2026-09-22 22:24:05,5.672851562500057,94.83190536499023,43.927474012970926,997.5092578125,11.1487
75.5,-86.5,2026-09-22 22:24:05,5.672851562500057,94.83190536499023,43.927474012970926,997.5092578125,11.1487
75.5,-86.0,2026-09-22 22:24:05,5.672851562500057,94.83190536499023,43.927474012970926,997.5092578125,11.1487
75.5,-85.5,2026-09-22 22:24:05,5.672851562500057,94.83190536499023,43.927474012970926,997.5092578125,11.1487
75.5,-85.0,2026-09-22 22:24:05,5.672851562500057,94.83190536499023,43.927474012970926,997.5092578125,11.1487
75.5,-84.5,2026-09-22 22:24:05,5.672851562500057,94.83190536499023,43.927474012970926,997.5092578125,11.1487
75.5,-84.0,2026-09-22 22:24:05,5.672851562500057,94.83190536499023,43.927474012970926,997.5092578125,11.1487
75.5,-83.5,2026-09-22 22:24:05,5.672851562500057,94.83190536499023,43.927474012970926,997.5092578125,11.1487
75.5,-83.0,2026-09-22 22:24:05,5.672851562500057,94.83190536499023,43.927474012970926,997.5092578125,11.1487
75.5,-82.5,2026-09-22 22:24:05,5.672851562500057,94.83190536499023,43.927474012970926,997.5092578125,11.1487
75.5,-82.0,2026-09-22 22:24:05,5.672851562500057,94.83190536499023,43.927474012970926,997.5092578125,11.1487
75.5,-81.5,2026-09-22 22:24:05,5.672851562500057,94.83190536499023,43.927474012970926,997.5092578125,11.1487
75.5,-81.0,2026-09-22 22:24:05,5.672851562500057,94.83190536499023,43.927474012970926,997.5092578125,11.1487
75.5,-80.5,2026-09-22 22:24:05,5.672851562500057,94.83190536499023,43.927474012970926,997.5092578125,11.1487
75.5,-80.0,2026-09-22 22:24:05,5.672851562500057,94.83190536499023,43.927474012970926,997.5092578125,11.1487
75.5,-79.5,2026-09-22 22:24:05,5.672851562500057,94.83190536499023,43.927474012970926,997.5092578125,11.1487
76.0,-123.0,2026-09-22 22:24:05,5.185327148437523,94.34535002708435,43.56417713284493,997.272421875,8.5385
76.0,-122.5,2026-09-22 22:24:05,5.185327148437523,94.34535002708435,43.56417713284493,997.272421875,8.5385
76.0,-122.0,2026-09-22 22:24:05,5.185327148437523,94.34535002708435,43.56417713284493,997.272421875,8.5385
76.0,-121.5,2026-09-22 22:24:05,5.185327148437523,94.34535002708435,43.56417713284493,997.272421875,8.5385
76.0,-121.0,2026-09-22 22:24:05,5.185327148437523,94.34535002708435,43.56417713284493,997.272421875,8.5385
76.0,-120.5,2026-09-22 22:24:05,5.185327148437523,94.34535002708435,43.56417713284493,997.272421875,8.5385
76.0,-120.0,2026-09-22 22:24:05,5.185327148437523,94.34535002708435,43.56417713284493,997.272421875,8.5385
76.0,-119.5,2026-09-22 22:24:05,5.185327148437523,94.34535002708435,43.56417713284493,997.272421875,8.5385
76.0,-118.5,2026-09-22 22:24:05,5.185327148437523,94.34535002708435,43.56417713284493,997.272421875,8.5385
76.0,-118.0,2026-09-22 22:24:05,5.185327148437523,94.34535002708435,43.56417713284493,997.272421875,8.5385
76.0,-117.5,2026-09-22 22:24:05,5.185327148437523,94.34535002708435,43.56417713284493,997.272421875,8.5385
76.0,-117.0,2026-09-22 22:24:05,5.185327148437523,94.34535002708435,43.56417713284493,997.272421875,8.5385
76.0,-116.5,2026-09-22 22:24:05,5.185327148437523,94.34535002708435,43.56417713284493,997.272421875,8.5385
76.0,-116.0,2026-09-22 22:24:05,5.185327148437523,94.34535002708435,43.56417713284493,997.272421875,8.5385
76.0,-115.5,2026-09-22 22:24:05,5.185327148437523,94.34535002708435,43.56417713284493,997.272421875,8.5385
76.0,-115.0,2026-09-22 22:24:05,5.185327148437523,94.34535002708435,43.56417713284493,997.272421875,8.5385
76.0,-114.5,2026-09-22 22:24:05,5.185327148437523,94.34535002708435,43.56417713284493,997.272421875,8.5385
76.0,-114.0,2026-09-22 22:24:05,5.185327148437523,94.34535002708435,43.56417713284493,997.272421875,8.5385
76.0,-113.5,2026-09-22 22:24:05,5.185327148437523,94.34535002708435,43.56417713284493,997.272421875,8.5385
76.0,-113.0,2026-09-22 22:24:05,5.185327148437523,94.34535002708435,43.56417713284493,997.272421875,8.5385
76.0,-112.5,2026-09-22 22:24:05,5.185327148437523,94.34535002708435,43.56417713284493,997.272421875,8.5385
76.0,-112.0,2026-09-22 22:24:05,5.185327148437523,94.34535002708435,43.56417713284493,997.272421875,8.5385
76.0,-111.5,2026-09-22 22:24:05,5.185327148437523,94.34535002708435,43.56417713284493,997.272421875,8.5385
76.0,-110.0,2026-09-22 22:24:05,5.185327148437523,94.34535002708435,43.56417713284493,997.272421875,8.5385
76.0,-109.5,2026-09-22 22:24:05,5.185327148437523,94.34535002708435,43.56417713284493,997.272421875,8.5385
76.0,-109.0,2026-09-22 22:24:05,5.185327148437523,94.34535002708435,43.56417713284493,997.272421875,8.5385
76.0,-108.5,2026-09-22 22:24:05,5.185327148437523,94.34535002708435,43.56417713284493,997.272421875,8.5385
76.0,-108.0,2026-09-22 22:24:05,5.185327148437523,94.34535002708435,43.56417713284493,997.272421875,8.5385
76.0,-107.5,2026-09-22 22:24:05,5.185327148437523,94.34535002708435,43.56417713284493,997.272421875,8.5385
76.0,-107.0,2026-09-22 22:24:05,5.185327148437523,94.34535002708435,43.56417713284493,997.272421875,8.5385
76.0,-106.5,2026-09-22 22:24:05,5.185327148437523,94.34535002708435,43.56417713284493,997.272421875,8.5385
76.0,-106.0,2026-09-22 22:24:05,5.185327148437523,94.34535002708435,43.56417713284493,997.272421875,8.5385
76.0,-105.5,2026-09-22 22:24:05,5.185327148437523,94.34535002708435,43.56417713284493,997.272421875,8.5385
76.0,-104.5,2026-09-22 22:24:05,5.185327148437523,94.34535002708435,43.56417713284493,997.272421875,8.5385
76.0,-104.0,2026-09-22 22:24:05,5.185327148437523,94.34535002708435,43.56417713284493,997.272421875,8.5385
76.0,-103.5,2026-09-22 22:24:05,5.185327148437523,94.34535002708435,43.56417713284493,997.272421875,8.5385
76.0,-103.0,2026-09-22 22:24:05,5.185327148437523,94.34535002708435,43.56417713284493,997.272421875,8.5385
76.0,-102.5,2026-09-22 22:24:05,5.185327148437523,94.34535002708435,43.56417713284493,997.272421875,8.5385
76.0,-102.0,2026-09-22 22:24:05,5.185327148437523,94.34535002708435,43.56417713284493,997.272421875,8.5385
76.0,-101.5,2026-09-22 22:24:05,4.8728515625000455,94.33190536499023,39.067474012970926,1000.0692578125,8.5385
76.0,-101.0,2026-09-22 22:24:05,4.8728515625000455,94.33190536499023,39.067474012970926,1000.0692578125,8.5385
76.0,-100.5,2026-09-22 22:24:05,4.8728515625000455,94.33190536499023,39.067474012970926,1000.0692578125,8.5385
76.0,-100.0,2026-09-22 22:24:05,4.8728515625000455,94.33190536499023,39.067474012970926,1000.0692578125,8.5385
76.0,-99.5,2026-09-22 22:24:05,4.8728515625000455,94.33190536499023,39.067474012970926,1000.0692578125,8.5385
76.0,-99.0,2026-09-22 22:24:05,4.8728515625000455,94.33190536499023,39.067474012970926,1000.0692578125,8.5385
76.0,-98.5,2026-09-22 22:24:05,4.8728515625000455,94.33190536499023,39.067474012970926,1000.0692578125,8.5385
76.0,-98.0,2026-09-22 22:24:05,4.8728515625000455,94.33190536499023,39.067474012970926,1000.0692578125,8.5385
76.0,-97.5,2026-09-22 22:24:05,4.8728515625000455,94.33190536499023,39.067474012970926,1000.0692578125,8.5385
76.0,-95.0,2026-09-22 22:24:05,4.8728515625000455,94.33190536499023,39.067474012970926,1000.0692578125,8.5385
76.0,-94.5,2026-09-22 22:24:05,4.8728515625000455,94.33190536499023,39.067474012970926,1000.0692578125,8.5385
76.0,-92.5,2026-09-22 22:24:05,4.8728515625000455,94.33190536499023,39.067474012970926,1000.0692578125,8.5385
76.0,-92.0,2026-09-22 22:24:05,4.8728515625000455,94.33190536499023,39.067474012970926,1000.0692578125,8.5385
76.0,-91.5,2026-09-22 22:24:05,4.8728515625000455,94.33190536499023,39.067474012970926,1000.0692578125,8.5385
76.0,-91.0,2026-09-22 22:24:05,4.8728515625000455,94.33190536499023,39.067474012970926,1000.0692578125,8.5385
76.0,-90.5,2026-09-22 22:24:05,4.8728515625000455,94.33190536499023,39.067474012970926,1000.0692578125,8.5385
76.0,-90.0,2026-09-22 22:24:05,4.8728515625000455,94.33190536499023,39.067474012970926,1000.0692578125,8.5385
76.0,-89.5,2026-09-22 22:24:05,4.8728515625000455,94.33190536499023,39.067474012970926,1000.0692578125,8.5385
76.0,-79.5,2026-09-22 22:24:05,4.8728515625000455,94.33190536499023,39.067474012970926,1000.0692578125,8.5385
76.0,-79.0,2026-09-22 22:24:05,4.8728515625000455,94.33190536499023,39.067474012970926,1000.0692578125,8.5385
76.5,-122.0,2026-09-22 22:24:05,4.735327148437534,94.34535002708435,37.804177132844934,999.272421875,9.86725
76.5,-121.5,2026-09-22 22:24:05,4.735327148437534,94.34535002708435,37.804177132844934,999.272421875,9.86725
76.5,-121.0,2026-09-22 22:24:05,4.735327148437534,94.34535002708435,37.804177132844934,999.272421875,9.86725
76.5,-120.5,2026-09-22 22:24:05,4.735327148437534,94.34535002708435,37.804177132844934,999.272421875,9.86725
76.5,-120.0,2026-09-22 22:24:05,4.735327148437534,94.34535002708435,37.804177132844934,999.272421875,9.86725
76.5,-119.5,2026-09-22 22:24:05,4.735327148437534,94.34535002708435,37.804177132844934,999.272421875,9.86725
76.5,-119.0,2026-09-22 22:24:05,4.735327148437534,94.34535002708435,37.804177132844934,999.272421875,9.86725
76.5,-118.5,2026-09-22 22:24:05,4.735327148437534,94.34535002708435,37.804177132844934,999.272421875,9.86725
76.5,-118.0,2026-09-22 22:24:05,4.735327148437534,94.34535002708435,37.804177132844934,999.272421875,9.86725
76.5,-117.5,2026-09-22 22:24:05,4.735327148437534,94.34535002708435,37.804177132844934,999.272421875,9.86725
76.5,-117.0,2026-09-22 22:24:05,4.735327148437534,94.34535002708435,37.804177132844934,999.272421875,9.86725
76.5,-116.5,2026-09-22 22:24:05,4.735327148437534,94.34535002708435,37.804177132844934,999.272421875,9.86725
76.5,-115.5,2026-09-22 22:24:05,4.735327148437534,94.34535002708435,37.804177132844934,999.272421875,9.86725
76.5,-115.0,2026-09-22 22:24:05,4.735327148437534,94.34535002708435,37.804177132844934,999.272421875,9.86725
76.5,-114.5,2026-09-22 22:24:05,4.735327148437534,94.34535002708435,37.804177132844934,999.272421875,9.86725
76.5,-114.0,2026-09-22 22:24:05,4.735327148437534,94.34535002708435,37.804177132844934,999.272421875,9.86725
76.5,-110.5,2026-09-22 22:24:05,4.735327148437534,94.34535002708435,37.804177132844934,999.272421875,9.86725
76.5,-110.0,2026-09-22 22:24:05,4.735327148437534,94.34535002708435,37.804177132844934,999.272421875,9.86725
76.5,-109.5,2026-09-22 22:24:05,4.735327148437534,94.34535002708435,37.804177132844934,999.272421875,9.86725
76.5,-109.0,2026-09-22 22:24:05,4.735327148437534,94.34535002708435,37.804177132844934,999.272421875,9.86725
76.5,-108.5,2026-09-22 22:24:05,4.735327148437534,94.34535002708435,37.804177132844934,999.272421875,9.86725
76.5,-104.5,2026-09-22 22:24:05,4.735327148437534,94.34535002708435,37.804177132844934,999.272421875,9.86725
76.5,-104.0,2026-09-22 22:24:05,4.735327148437534,94.34535002708435,37.804177132844934,999.272421875,9.86725
76.5,-103.5,2026-09-22 22:24:05,4.735327148437534,94.34535002708435,37.804177132844934,999.272421875,9.86725
76.5,-103.0,2026-09-22 22:24:05,4.735327148437534,94.34535002708435,37.804177132844934,999.272421875,9.86725
76.5,-102.0,2026-09-22 22:24:05,4.735327148437534,94.34535002708435,37.804177132844934,999.272421875,9.86725
76.5,-101.5,2026-09-22 22:24:05,4.1228515625000455,91.58190536499023,38.34747401297093,1001.7492578125,9.86725
76.5,-101.0,2026-09-22 22:24:05,4.1228515625000455,91.58190536499023,38.34747401297093,1001.7492578125,9.86725
76.5,-100.5,2026-09-22 22:24:05,4.1228515625000455,91.58190536499023,38.34747401297093,1001.7492578125,9.86725
76.5,-100.0,2026-09-22 22:24:05,4.1228515625000455,91.58190536499023,38.34747401297093,1001.7492578125,9.86725
76.5,-99.5,2026-09-22 22:24:05,4.1228515625000455,91.58190536499023,38.34747401297093,1001.7492578125,9.86725
76.5,-99.0,2026-09-22 22:24:05,4.1228515625000455,91.58190536499023,38.34747401297093,1001.7492578125,9.86725
76.5,-98.5,2026-09-22 22:24:05,4.1228515625000455,91.58190536499023,38.34747401297093,1001.7492578125,9.86725
76.5,-98.0,2026-09-22 22:24:05,4.1228515625000455,91.58190536499023,38.34747401297093,1001.7492578125,9.86725
76.5,-97.5,2026-09-22 22:24:05,4.1228515625000455,91.58190536499023,38.34747401297093,1001.7492578125,9.86725
76.5,-96.0,2026-09-22 22:24:05,4.1228515625000455,91.58190536499023,38.34747401297093,1001.7492578125,9.86725
76.5,-95.5,2026-09-22 22:24:05,4.1228515625000455,91.58190536499023,38.34747401297093,1001.7492578125,9.86725
76.5,-95.0,2026-09-22 22:24:05,4.1228515625000455,91.58190536499023,38.34747401297093,1001.7492578125,9.86725
76.5,-94.5,2026-09-22 22:24:05,4.1228515625000455,91.58190536499023,38.34747401297093,1001.7492578125,9.86725
76.5,-94.0,2026-09-22 22:24:05,4.1228515625000455,91.58190536499023,38.34747401297093,1001.7492578125,9.86725
76.5,-93.5,2026-09-22 22:24:05,4.1228515625000455,91.58190536499023,38.34747401297093,1001.7492578125,9.86725
76.5,-93.0,2026-09-22 22:24:05,4.1228515625000455,91.58190536499023,38.34747401297093,1001.7492578125,9.86725
76.5,-92.5,2026-09-22 22:24:05,4.1228515625000455,91.58190536499023,38.34747401297093,1001.7492578125,9.86725
76.5,-92.0,2026-09-22 22:24:05,4.1228515625000455,91.58190536499023,38.34747401297093,1001.7492578125,9.86725
76.5,-91.5,2026-09-22 22:24:05,4.1228515625000455,91.58190536499023,38.34747401297093,1001.7492578125,9.86725
76.5,-91.0,2026-09-22 22:24:05,4.1228515625000455,91.58190536499023,38.34747401297093,1001.7492578125,9.86725
76.5,-90.5,2026-09-22 22:24:05,4.1228515625000455,91.58190536499023,38.34747401297093,1001.7492578125,9.86725
76.5,-90.0,2026-09-22 22:24:05,4.1228515625000455,91.58190536499023,38.34747401297093,1001.7492578125,9.86725
76.5,-89.5,2026-09-22 22:24:05,4.1228515625000455,91.58190536499023,38.34747401297093,1001.7492578125,9.86725
76.5,-89.0,2026-09-22 22:24:05,4.1228515625000455,91.58190536499023,38.34747401297093,1001.7492578125,9.86725
76.5,-88.5,2026-09-22 22:24:05,4.1228515625000455,91.58190536499023,38.34747401297093,1001.7492578125,9.86725
76.5,-88.0,2026-09-22 22:24:05,4.1228515625000455,91.58190536499023,38.34747401297093,1001.7492578125,9.86725
76.5,-87.5,2026-09-22 22:24:05,4.1228515625000455,91.58190536499023,38.34747401297093,1001.7492578125,9.86725
76.5,-87.0,2026-09-22 22:24:05,4.1228515625000455,91.58190536499023,38.34747401297093,1001.7492578125,9.86725
76.5,-86.5,2026-09-22 22:24:05,4.1228515625000455,91.58190536499023,38.34747401297093,1001.7492578125,9.86725
76.5,-86.0,2026-09-22 22:24:05,4.1228515625000455,91.58190536499023,38.34747401297093,1001.7492578125,9.86725
76.5,-85.5,2026-09-22 22:24:05,4.1228515625000455,91.58190536499023,38.34747401297093,1001.7492578125,9.86725
76.5,-85.0,2026-09-22 22:24:05,4.1228515625000455,91.58190536499023,38.34747401297093,1001.7492578125,9.86725
76.5,-84.5,2026-09-22 22:24:05,4.1228515625000455,91.58190536499023,38.34747401297093,1001.7492578125,9.86725
76.5,-84.0,2026-09-22 22:24:05,4.1228515625000455,91.58190536499023,38.34747401297093,1001.7492578125,9.86725
76.5,-83.5,2026-09-22 22:24:05,4.1228515625000455,91.58190536499023,38.34747401297093,1001.7492578125,9.86725
76.5,-83.0,2026-09-22 22:24:05,4.1228515625000455,91.58190536499023,38.34747401297093,1001.7492578125,9.86725
76.5,-82.5,2026-09-22 22:24:05,4.1228515625000455,91.58190536499023,38.34747401297093,1001.7492578125,9.86725
76.5,-82.0,2026-09-22 22:24:05,4.1228515625000455,91.58190536499023,38.34747401297093,1001.7492578125,9.86725
76.5,-81.5,2026-09-22 22:24:05,4.1228515625000455,91.58190536499023,38.34747401297093,1001.7492578125,9.86725
76.5,-81.0,2026-09-22 22:24:05,4.1228515625000455,91.58190536499023,38.34747401297093,1001.7492578125,9.86725
76.5,-80.5,2026-09-22 22:24:05,4.1228515625000455,91.58190536499023,38.34747401297093,1001.7492578125,9.86725
76.5,-80.0,2026-09-22 22:24:05,4.1228515625000455,91.58190536499023,38.34747401297093,1001.7492578125,9.86725
76.5,-79.5,2026-09-22 22:24:05,4.1228515625000455,91.58190536499023,38.34747401297093,1001.7492578125,9.86725
76.5,-79.0,2026-09-22 22:24:05,4.1228515625000455,91.58190536499023,38.34747401297093,1001.7492578125,9.86725
76.5,-78.5,2026-09-22 22:24:05,4.1228515625000455,91.58190536499023,38.34747401297093,1001.7492578125,9.86725
76.5,-78.0,2026-09-22 22:24:05,4.1228515625000455,91.58190536499023,38.34747401297093,1001.7492578125,9.86725
77.0,-120.5,2026-09-22 22:24:05,4.085327148437557,92.09535002708435,37.44417713284493,1000.792421875,11.20775
77.0,-120.0,2026-09-22 22:24:05,4.085327148437557,92.09535002708435,37.44417713284493,1000.792421875,11.20775
77.0,-119.5,2026-09-22 22:24:05,4.085327148437557,92.09535002708435,37.44417713284493,1000.792421875,11.20775
77.0,-119.0,2026-09-22 22:24:05,4.085327148437557,92.09535002708435,37.44417713284493,1000.792421875,11.20775
77.0,-118.5,2026-09-22 22:24:05,4.085327148437557,92.09535002708435,37.44417713284493,1000.792421875,11.20775
77.0,-118.0,2026-09-22 22:24:05,4.085327148437557,92.09535002708435,37.44417713284493,1000.792421875,11.20775
77.0,-117.5,2026-09-22 22:24:05,4.085327148437557,92.09535002708435,37.44417713284493,1000.792421875,11.20775
77.0,-117.0,2026-09-22 22:24:05,4.085327148437557,92.09535002708435,37.44417713284493,1000.792421875,11.20775
77.0,-116.5,2026-09-22 22:24:05,4.085327148437557,92.09535002708435,37.44417713284493,1000.792421875,11.20775
77.0,-116.0,2026-09-22 22:24:05,4.085327148437557,92.09535002708435,37.44417713284493,1000.792421875,11.20775
77.0,-115.5,2026-09-22 22:24:05,4.085327148437557,92.09535002708435,37.44417713284493,1000.792421875,11.20775
77.0,-97.0,2026-09-22 22:24:05,3.072851562500034,88.08190536499023,32.58747401297092,1003.4292578125,11.20775
77.0,-96.5,2026-09-22 22:24:05,3.072851562500034,88.08190536499023,32.58747401297092,1003.4292578125,11.20775
77.0,-96.0,2026-09-22 22:24:05,3.072851562500034,88.08190536499023,32.58747401297092,1003.4292578125,11.20775
77.0,-95.5,2026-09-22 22:24:05,3.072851562500034,88.08190536499023,32.58747401297092,1003.4292578125,11.20775
77.0,-95.0,2026-09-22 22:24:05,3.072851562500034,88.08190536499023,32.58747401297092,1003.4292578125,11.20775
77.0,-94.5,2026-09-22 22:24:05,3.072851562500034,88.08190536499023,32.58747401297092,1003.4292578125,11.20775
77.0,-94.0,2026-09-22 22:24:05,3.072851562500034,88.08190536499023,32.58747401297092,1003.4292578125,11.20775
77.0,-89.0,2026-09-22 22:24:05,3.072851562500034,88.08190536499023,32.58747401297092,1003.4292578125,11.20775
77.0,-88.5,2026-09-22 22:24:05,3.072851562500034,88.08190536499023,32.58747401297092,1003.4292578125,11.20775
77.0,-88.0,2026-09-22 22:24:05,3.072851562500034,88.08190536499023,32.58747401297092,1003.4292578125,11.20775
77.0,-87.5,2026-09-22 22:24:05,3.072851562500034,88.08190536499023,32.58747401297092,1003.4292578125,11.20775
77.0,-87.0,2026-09-22 22:24:05,3.072851562500034,88.08190536499023,32.58747401297092,1003.4292578125,11.20775
77.0,-86.5,2026-09-22 22:24:05,3.072851562500034,88.08190536499023,32.58747401297092,1003.4292578125,11.20775
77.0,-86.0,2026-09-22 22:24:05,3.072851562500034,88.08190536499023,32.58747401297092,1003.4292578125,11.20775
77.0,-85.5,2026-09-22 22:24:05,3.072851562500034,88.08190536499023,32.58747401297092,1003.4292578125,11.20775
77.0,-85.0,2026-09-22 22:24:05,3.072851562500034,88.08190536499023,32.58747401297092,1003.4292578125,11.20775
77.0,-84.5,2026-09-22 22:24:05,3.072851562500034,88.08190536499023,32.58747401297092,1003.4292578125,11.20775
77.0,-84.0,2026-09-22 22:24:05,3.072851562500034,88.08190536499023,32.58747401297092,1003.4292578125,11.20775
77.0,-83.5,2026-09-22 22:24:05,3.072851562500034,88.08190536499023,32.58747401297092,1003.4292578125,11.20775
77.0,-83.0,2026-09-22 22:24:05,3.072851562500034,88.08190536499023,32.58747401297092,1003.4292578125,11.20775
77.0,-82.5,2026-09-22 22:24:05,3.072851562500034,88.08190536499023,32.58747401297092,1003.4292578125,11.20775
77.0,-82.0,2026-09-22 22:24:05,3.072851562500034,88.08190536499023,32.58747401297092,1003.4292578125,11.20775
77.0,-81.5,2026-09-22 22:24:05,3.072851562500034,88.08190536499023,32.58747401297092,1003.4292578125,11.20775
77.0,-81.0,2026-09-22 22:24:05,3.072851562500034,88.08190536499023,32.58747401297092,1003.4292578125,11.20775
77.0,-80.5,2026-09-22 22:24:05,3.072851562500034,88.08190536499023,32.58747401297092,1003.4292578125,11.20775
77.0,-80.0,2026-09-22 22:24:05,3.072851562500034,88.08190536499023,32.58747401297092,1003.4292578125,11.20775
77.0,-79.5,2026-09-22 22:24:05,3.072851562500034,88.08190536499023,32.58747401297092,1003.4292578125,11.20775
77.0,-79.0,2026-09-22 22:24:05,3.072851562500034,88.08190536499023,32.58747401297092,1003.4292578125,11.20775
77.0,-78.5,2026-09-22 22:24:05,3.072851562500034,88.08190536499023,32.58747401297092,1003.4292578125,11.20775
77.0,-78.0,2026-09-22 22:24:05,3.072851562500034,88.08190536499023,32.58747401297092,1003.4292578125,11.20775
77.5,-117.5,2026-09-22 22:24:05,3.1853271484375227,83.84535002708435,25.744177132844925,1002.952421875,4.98025
77.5,-117.0,2026-09-22 22:24:05,3.1853271484375227,83.84535002708435,25.744177132844925,1002.952421875,4.98025
77.5,-116.5,2026-09-22 22:24:05,3.1853271484375227,83.84535002708435,25.744177132844925,1002.952421875,4.98025
77.5,-116.0,2026-09-22 22:24:05,3.1853271484375227,83.84535002708435,25.744177132844925,1002.952421875,4.98025
77.5,-113.5,2026-09-22 22:24:05,3.1853271484375227,83.84535002708435,25.744177132844925,1002.952421875,4.98025
77.5,-113.0,2026-09-22 22:24:05,3.1853271484375227,83.84535002708435,25.744177132844925,1002.952421875,4.98025
77.5,-112.5,2026-09-22 22:24:05,3.1853271484375227,83.84535002708435,25.744177132844925,1002.952421875,4.98025
77.5,-112.0,2026-09-22 22:24:05,3.1853271484375227,83.84535002708435,25.744177132844925,1002.952421875,4.98025
77.5,-111.5,2026-09-22 22:24:05,3.1853271484375227,83.84535002708435,25.744177132844925,1002.952421875,4.98025
77.5,-111.0,2026-09-22 22:24:05,3.1853271484375227,83.84535002708435,25.744177132844925,1002.952421875,4.98025
77.5,-110.5,2026-09-22 22:24:05,3.1853271484375227,83.84535002708435,25.744177132844925,1002.952421875,4.98025
77.5,-110.0,2026-09-22 22:24:05,3.1853271484375227,83.84535002708435,25.744177132844925,1002.952421875,4.98025
77.5,-106.0,2026-09-22 22:24:05,3.1853271484375227,83.84535002708435,25.744177132844925,1002.952421875,4.98025
77.5,-105.5,2026-09-22 22:24:05,3.1853271484375227,83.84535002708435,25.744177132844925,1002.952421875,4.98025
77.5,-105.0,2026-09-22 22:24:05,3.1853271484375227,83.84535002708435,25.744177132844925,1002.952421875,4.98025
77.5,-96.5,2026-09-22 22:24:05,2.922851562500057,79.33190536499023,20.167474012970928,1004.8692578125,4.98025
77.5,-96.0,2026-09-22 22:24:05,2.922851562500057,79.33190536499023,20.167474012970928,1004.8692578125,4.98025
77.5,-95.5,2026-09-22 22:24:05,2.922851562500057,79.33190536499023,20.167474012970928,1004.8692578125,4.98025
77.5,-95.0,2026-09-22 22:24:05,2.922851562500057,79.33190536499023,20.167474012970928,1004.8692578125,4.98025
77.5,-94.5,2026-09-22 22:24:05,2.922851562500057,79.33190536499023,20.167474012970928,1004.8692578125,4.98025
77.5,-94.0,2026-09-22 22:24:05,2.922851562500057,79.33190536499023,20.167474012970928,1004.8692578125,4.98025
77.5,-93.5,2026-09-22 22:24:05,2.922851562500057,79.33190536499023,20.167474012970928,1004.8692578125,4.98025
77.5,-91.5,2026-09-22 22:24:05,2.922851562500057,79.33190536499023,20.167474012970928,1004.8692578125,4.98025
77.5,-91.0,2026-09-22 22:24:05,2.922851562500057,79.33190536499023,20.167474012970928,1004.8692578125,4.98025
77.5,-90.5,2026-09-22 22:24:05,2.922851562500057,79.33190536499023,20.167474012970928,1004.8692578125,4.98025
77.5,-90.0,2026-09-22 22:24:05,2.922851562500057,79.33190536499023,20.167474012970928,1004.8692578125,4.98025
77.5,-89.5,2026-09-22 22:24:05,2.922851562500057,79.33190536499023,20.167474012970928,1004.8692578125,4.98025
77.5,-88.0,2026-09-22 22:24:05,2.922851562500057,79.33190536499023,20.167474012970928,1004.8692578125,4.98025
77.5,-87.5,2026-09-22 22:24:05,2.922851562500057,79.33190536499023,20.167474012970928,1004.8692578125,4.98025
77.5,-87.0,2026-09-22 22:24:05,2.922851562500057,79.33190536499023,20.167474012970928,1004.8692578125,4.98025
77.5,-86.5,2026-09-22 22:24:05,2.922851562500057,79.33190536499023,20.167474012970928,1004.8692578125,4.98025
77.5,-86.0,2026-09-22 22:24:05,2.922851562500057,79.33190536499023,20.167474012970928,1004.8692578125,4.98025
77.5,-85.5,2026-09-22 22:24:05,2.922851562500057,79.33190536499023,20.167474012970928,1004.8692578125,4.98025
77.5,-85.0,2026-09-22 22:24:05,2.922851562500057,79.33190536499023,20.167474012970928,1004.8692578125,4.98025
77.5,-84.5,2026-09-22 22:24:05,2.922851562500057,79.33190536499023,20.167474012970928,1004.8692578125,4.98025
77.5,-84.0,2026-09-22 22:24:05,2.922851562500057,79.33190536499023,20.167474012970928,1004.8692578125,4.98025
77.5,-83.5,2026-09-22 22:24:05,2.922851562500057,79.33190536499023,20.167474012970928,1004.8692578125,4.98025
77.5,-83.0,2026-09-22 22:24:05,2.922851562500057,79.33190536499023,20.167474012970928,1004.8692578125,4.98025
77.5,-82.5,2026-09-22 22:24:05,2.922851562500057,79.33190536499023,20.167474012970928,1004.8692578125,4.98025
77.5,-82.0,2026-09-22 22:24:05,2.922851562500057,79.33190536499023,20.167474012970928,1004.8692578125,4.98025
77.5,-81.5,2026-09-22 22:24:05,2.922851562500057,79.33190536499023,20.167474012970928,1004.8692578125,4.98025
77.5,-81.0,2026-09-22 22:24:05,2.922851562500057,79.33190536499023,20.167474012970928,1004.8692578125,4.98025
77.5,-80.5,2026-09-22 22:24:05,2.922851562500057,79.33190536499023,20.167474012970928,1004.8692578125,4.98025
77.5,-80.0,2026-09-22 22:24:05,2.922851562500057,79.33190536499023,20.167474012970928,1004.8692578125,4.98025
77.5,-79.5,2026-09-22 22:24:05,2.922851562500057,79.33190536499023,20.167474012970928,1004.8692578125,4.98025
77.5,-79.0,2026-09-22 22:24:05,2.922851562500057,79.33190536499023,20.167474012970928,1004.8692578125,4.98025
77.5,-78.5,2026-09-22 22:24:05,2.922851562500057,79.33190536499023,20.167474012970928,1004.8692578125,4.98025
77.5,-78.0,2026-09-22 22:24:05,2.922851562500057,79.33190536499023,20.167474012970928,1004.8692578125,4.98025
78.0,-115.0,2026-09-22 22:24:05,2.8853271484375114,90.09535002708435,29.52417713284493,1003.832421875,2.3747000000000003
78.0,-114.5,2026-09-22 22:24:05,2.8853271484375114,90.09535002708435,29.52417713284493,1003.832421875,2.3747000000000003
78.0,-114.0,2026-09-22 22:24:05,2.8853271484375114,90.09535002708435,29.52417713284493,1003.832421875,2.3747000000000003
78.0,-113.0,2026-09-22 22:24:05,2.8853271484375114,90.09535002708435,29.52417713284493,1003.832421875,2.3747000000000003
78.0,-112.5,2026-09-22 22:24:05,2.8853271484375114,90.09535002708435,29.52417713284493,1003.832421875,2.3747000000000003
78.0,-112.0,2026-09-22 22:24:05,2.8853271484375114,90.09535002708435,29.52417713284493,1003.832421875,2.3747000000000003
78.0,-111.5,2026-09-22 22:24:05,2.8853271484375114,90.09535002708435,29.52417713284493,1003.832421875,2.3747000000000003
78.0,-111.0,2026-09-22 22:24:05,2.8853271484375114,90.09535002708435,29.52417713284493,1003.832421875,2.3747000000000003
78.0,-110.5,2026-09-22 22:24:05,2.8853271484375114,90.09535002708435,29.52417713284493,1003.832421875,2.3747000000000003
78.0,-110.0,2026-09-22 22:24:05,2.8853271484375114,90.09535002708435,29.52417713284493,1003.832421875,2.3747000000000003
78.0,-109.5,2026-09-22 22:24:05,2.8853271484375114,90.09535002708435,29.52417713284493,1003.832421875,2.3747000000000003
78.0,-101.0,2026-09-22 22:24:05,2.322851562500034,89.08190536499023,20.707474012970927,1005.7492578125,2.3747000000000003
78.0,-100.5,2026-09-22 22:24:05,2.322851562500034,89.08190536499023,20.707474012970927,1005.7492578125,2.3747000000000003
78.0,-100.0,2026-09-22 22:24:05,2.322851562500034,89.08190536499023,20.707474012970927,1005.7492578125,2.3747000000000003
78.0,-99.5,2026-09-22 22:24:05,2.322851562500034,89.08190536499023,20.707474012970927,1005.7492578125,2.3747000000000003
78.0,-99.0,2026-09-22 22:24:05,2.322851562500034,89.08190536499023,20.707474012970927,1005.7492578125,2.3747000000000003
78.0,-98.0,2026-09-22 22:24:05,2.322851562500034,89.08190536499023,20.707474012970927,1005.7492578125,2.3747000000000003
78.0,-97.5,2026-09-22 22:24:05,2.322851562500034,89.08190536499023,20.707474012970927,1005.7492578125,2.3747000000000003
78.0,-97.0,2026-09-22 22:24:05,2.322851562500034,89.08190536499023,20.707474012970927,1005.7492578125,2.3747000000000003
78.0,-96.5,2026-09-22 22:24:05,2.322851562500034,89.08190536499023,20.707474012970927,1005.7492578125,2.3747000000000003
78.0,-96.0,2026-09-22 22:24:05,2.322851562500034,89.08190536499023,20.707474012970927,1005.7492578125,2.3747000000000003
78.0,-95.5,2026-09-22 22:24:05,2.322851562500034,89.08190536499023,20.707474012970927,1005.7492578125,2.3747000000000003
78.0,-95.0,2026-09-22 22:24:05,2.322851562500034,89.08190536499023,20.707474012970927,1005.7492578125,2.3747000000000003
78.0,-86.5,2026-09-22 22:24:05,2.322851562500034,89.08190536499023,20.707474012970927,1005.7492578125,2.3747000000000003
78.0,-86.0,2026-09-22 22:24:05,2.322851562500034,89.08190536499023,20.707474012970927,1005.7492578125,2.3747000000000003
78.0,-85.5,2026-09-22 22:24:05,2.322851562500034,89.08190536499023,20.707474012970927,1005.7492578125,2.3747000000000003
78.0,-85.0,2026-09-22 22:24:05,2.322851562500034,89.08190536499023,20.707474012970927,1005.7492578125,2.3747000000000003
78.0,-84.5,2026-09-22 22:24:05,2.322851562500034,89.08190536499023,20.707474012970927,1005.7492578125,2.3747000000000003
78.0,-84.0,2026-09-22 22:24:05,2.322851562500034,89.08190536499023,20.707474012970927,1005.7492578125,2.3747000000000003
78.0,-83.5,2026-09-22 22:24:05,2.322851562500034,89.08190536499023,20.707474012970927,1005.7492578125,2.3747000000000003
78.0,-83.0,2026-09-22 22:24:05,2.322851562500034,89.08190536499023,20.707474012970927,1005.7492578125,2.3747000000000003
78.0,-82.5,2026-09-22 22:24:05,2.322851562500034,89.08190536499023,20.707474012970927,1005.7492578125,2.3747000000000003
78.0,-82.0,2026-09-22 22:24:05,2.322851562500034,89.08190536499023,20.707474012970927,1005.7492578125,2.3747000000000003
78.0,-81.5,2026-09-22 22:24:05,2.322851562500034,89.08190536499023,20.707474012970927,1005.7492578125,2.3747000000000003
78.0,-81.0,2026-09-22 22:24:05,2.322851562500034,89.08190536499023,20.707474012970927,1005.7492578125,2.3747000000000003
78.0,-80.5,2026-09-22 22:24:05,2.322851562500034,89.08190536499023,20.707474012970927,1005.7492578125,2.3747000000000003
78.0,-80.0,2026-09-22 22:24:05,2.322851562500034,89.08190536499023,20.707474012970927,1005.7492578125,2.3747000000000003
78.0,-79.5,2026-09-22 22:24:05,2.322851562500034,89.08190536499023,20.707474012970927,1005.7492578125,2.3747000000000003
78.0,-79.0,2026-09-22 22:24:05,2.322851562500034,89.08190536499023,20.707474012970927,1005.7492578125,2.3747000000000003
78.0,-78.5,2026-09-22 22:24:05,2.322851562500034,89.08190536499023,20.707474012970927,1005.7492578125,2.3747000000000003
78.0,-78.0,2026-09-22 22:24:05,2.322851562500034,89.08190536499023,20.707474012970927,1005.7492578125,2.3747000000000003
78.0,-77.5,2026-09-22 22:24:05,2.322851562500034,89.08190536499023,20.707474012970927,1005.7492578125,2.3747000000000003
78.0,-77.0,2026-09-22 22:24:05,2.322851562500034,89.08190536499023,20.707474012970927,1005.7492578125,2.3747000000000003
78.0,-76.5,2026-09-22 22:24:05,2.322851562500034,89.08190536499023,20.707474012970927,1005.7492578125,2.3747000000000003
78.0,-76.0,2026-09-22 22:24:05,2.322851562500034,89.08190536499023,20.707474012970927,1005.7492578125,2.3747000000000003
78.0,-75.5,2026-09-22 22:24:05,2.322851562500034,89.08190536499023,20.707474012970927,1005.7492578125,2.3747000000000003
78.5,-113.0,2026-09-22 22:24:05,1.735327148437534,85.84535002708435,30.604177132844924,1004.952421875,2.78885
78.5,-112.5,2026-09-22 22:24:05,1.735327148437534,85.84535002708435,30.604177132844924,1004.952421875,2.78885
78.5,-112.0,2026-09-22 22:24:05,1.735327148437534,85.84535002708435,30.604177132844924,1004.952421875,2.78885
78.5,-111.5,2026-09-22 22:24:05,1.735327148437534,85.84535002708435,30.604177132844924,1004.952421875,2.78885
78.5,-111.0,2026-09-22 22:24:05,1.735327148437534,85.84535002708435,30.604177132844924,1004.952421875,2.78885
78.5,-110.5,2026-09-22 22:24:05,1.735327148437534,85.84535002708435,30.604177132844924,1004.952421875,2.78885
78.5,-110.0,2026-09-22 22:24:05,1.735327148437534,85.84535002708435,30.604177132844924,1004.952421875,2.78885
78.5,-109.5,2026-09-22 22:24:05,1.735327148437534,85.84535002708435,30.604177132844924,1004.952421875,2.78885
78.5,-109.0,2026-09-22 22:24:05,1.735327148437534,85.84535002708435,30.604177132844924,1004.952421875,2.78885
78.5,-105.0,2026-09-22 22:24:05,1.735327148437534,85.84535002708435,30.604177132844924,1004.952421875,2.78885
78.5,-104.5,2026-09-22 22:24:05,1.735327148437534,85.84535002708435,30.604177132844924,1004.952421875,2.78885
78.5,-104.0,2026-09-22 22:24:05,1.735327148437534,85.84535002708435,30.604177132844924,1004.952421875,2.78885
78.5,-103.5,2026-09-22 22:24:05,1.735327148437534,85.84535002708435,30.604177132844924,1004.952421875,2.78885
78.5,-103.0,2026-09-22 22:24:05,1.735327148437534,85.84535002708435,30.604177132844924,1004.952421875,2.78885
78.5,-102.5,2026-09-22 22:24:05,1.735327148437534,85.84535002708435,30.604177132844924,1004.952421875,2.78885
78.5,-102.0,2026-09-22 22:24:05,1.735327148437534,85.84535002708435,30.604177132844924,1004.952421875,2.78885
78.5,-101.5,2026-09-22 22:24:05,0.8728515625000455,86.08190536499023,22.147474012970925,1006.7892578125,2.78885
78.5,-101.0,2026-09-22 22:24:05,0.8728515625000455,86.08190536499023,22.147474012970925,1006.7892578125,2.78885
78.5,-100.5,2026-09-22 22:24:05,0.8728515625000455,86.08190536499023,22.147474012970925,1006.7892578125,2.78885
78.5,-100.0,2026-09-22 22:24:05,0.8728515625000455,86.08190536499023,22.147474012970925,1006.7892578125,2.78885
78.5,-99.5,2026-09-22 22:24:05,0.8728515625000455,86.08190536499023,22.147474012970925,1006.7892578125,2.78885
78.5,-98.5,2026-09-22 22:24:05,0.8728515625000455,86.08190536499023,22.147474012970925,1006.7892578125,2.78885
78.5,-98.0,2026-09-22 22:24:05,0.8728515625000455,86.08190536499023,22.147474012970925,1006.7892578125,2.78885
78.5,-97.5,2026-09-22 22:24:05,0.8728515625000455,86.08190536499023,22.147474012970925,1006.7892578125,2.78885
78.5,-97.0,2026-09-22 22:24:05,0.8728515625000455,86.08190536499023,22.147474012970925,1006.7892578125,2.78885
78.5,-96.5,2026-09-22 22:24:05,0.8728515625000455,86.08190536499023,22.147474012970925,1006.7892578125,2.78885
78.5,-96.0,2026-09-22 22:24:05,0.8728515625000455,86.08190536499023,22.147474012970925,1006.7892578125,2.78885
78.5,-95.5,2026-09-22 22:24:05,0.8728515625000455,86.08190536499023,22.147474012970925,1006.7892578125,2.78885
78.5,-95.0,2026-09-22 22:24:05,0.8728515625000455,86.08190536499023,22.147474012970925,1006.7892578125,2.78885
78.5,-93.0,2026-09-22 22:24:05,0.8728515625000455,86.08190536499023,22.147474012970925,1006.7892578125,2.78885
78.5,-92.5,2026-09-22 22:24:05,0.8728515625000455,86.08190536499023,22.147474012970925,1006.7892578125,2.78885
78.5,-92.0,2026-09-22 22:24:05,0.8728515625000455,86.08190536499023,22.147474012970925,1006.7892578125,2.78885
78.5,-91.5,2026-09-22 22:24:05,0.8728515625000455,86.08190536499023,22.147474012970925,1006.7892578125,2.78885
78.5,-91.0,2026-09-22 22:24:05,0.8728515625000455,86.08190536499023,22.147474012970925,1006.7892578125,2.78885
78.5,-90.5,2026-09-22 22:24:05,0.8728515625000455,86.08190536499023,22.147474012970925,1006.7892578125,2.78885
78.5,-90.0,2026-09-22 22:24:05,0.8728515625000455,86.08190536499023,22.147474012970925,1006.7892578125,2.78885
78.5,-89.5,2026-09-22 22:24:05,0.8728515625000455,86.08190536499023,22.147474012970925,1006.7892578125,2.78885
78.5,-89.0,2026-09-22 22:24:05,0.8728515625000455,86.08190536499023,22.147474012970925,1006.7892578125,2.78885
78.5,-88.5,2026-09-22 22:24:05,0.8728515625000455,86.08190536499023,22.147474012970925,1006.7892578125,2.78885
78.5,-88.0,2026-09-22 22:24:05,0.8728515625000455,86.08190536499023,22.147474012970925,1006.7892578125,2.78885
78.5,-87.5,2026-09-22 22:24:05,0.8728515625000455,86.08190536499023,22.147474012970925,1006.7892578125,2.78885
78.5,-87.0,2026-09-22 22:24:05,0.8728515625000455,86.08190536499023,22.147474012970925,1006.7892578125,2.78885
78.5,-86.5,2026-09-22 22:24:05,0.8728515625000455,86.08190536499023,22.147474012970925,1006.7892578125,2.78885
78.5,-86.0,2026-09-22 22:24:05,0.8728515625000455,86.08190536499023,22.147474012970925,1006.7892578125,2.78885
78.5,-85.5,2026-09-22 22:24:05,0.8728515625000455,86.08190536499023,22.147474012970925,1006.7892578125,2.78885
78.5,-85.0,2026-09-22 22:24:05,0.8728515625000455,86.08190536499023,22.147474012970925,1006.7892578125,2.78885
78.5,-84.5,2026-09-22 22:24:05,0.8728515625000455,86.08190536499023,22.147474012970925,1006.7892578125,2.78885
78.5,-84.0,2026-09-22 22:24:05,0.8728515625000455,86.08190536499023,22.147474012970925,1006.7892578125,2.78885
78.5,-83.5,2026-09-22 22:24:05,0.8728515625000455,86.08190536499023,22.147474012970925,1006.7892578125,2.78885
78.5,-83.0,2026-09-22 22:24:05,0.8728515625000455,86.08190536499023,22.147474012970925,1006.7892578125,2.78885
78.5,-82.5,2026-09-22 22:24:05,0.8728515625000455,86.08190536499023,22.147474012970925,1006.7892578125,2.78885
78.5,-82.0,2026-09-22 22:24:05,0.8728515625000455,86.08190536499023,22.147474012970925,1006.7892578125,2.78885
78.5,-81.5,2026-09-22 22:24:05,0.8728515625000455,86.08190536499023,22.147474012970925,1006.7892578125,2.78885
78.5,-81.0,2026-09-22 22:24:05,0.8728515625000455,86.08190536499023,22.147474012970925,1006.7892578125,2.78885
78.5,-80.5,2026-09-22 22:24:05,0.8728515625000455,86.08190536499023,22.147474012970925,1006.7892578125,2.78885
78.5,-80.0,2026-09-22 22:24:05,0.8728515625000455,86.08190536499023,22.147474012970925,1006.7892578125,2.78885
78.5,-79.5,2026-09-22 22:24:05,0.8728515625000455,86.08190536499023,22.147474012970925,1006.7892578125,2.78885
78.5,-79.0,2026-09-22 22:24:05,0.8728515625000455,86.08190536499023,22.147474012970925,1006.7892578125,2.78885
78.5,-78.5,2026-09-22 22:24:05,0.8728515625000455,86.08190536499023,22.147474012970925,1006.7892578125,2.78885
78.5,-78.0,2026-09-22 22:24:05,0.8728515625000455,86.08190536499023,22.147474012970925,1006.7892578125,2.78885
78.5,-77.5,2026-09-22 22:24:05,0.8728515625000455,86.08190536499023,22.147474012970925,1006.7892578125,2.78885
78.5,-77.0,2026-09-22 22:24:05,0.8728515625000455,86.08190536499023,22.147474012970925,1006.7892578125,2.78885
78.5,-76.5,2026-09-22 22:24:05,0.8728515625000455,86.08190536499023,22.147474012970925,1006.7892578125,2.78885
78.5,-76.0,2026-09-22 22:24:05,0.8728515625000455,86.08190536499023,22.147474012970925,1006.7892578125,2.78885
78.5,-75.5,2026-09-22 22:24:05,0.8728515625000455,86.08190536499023,22.147474012970925,1006.7892578125,2.78885
78.5,-75.0,2026-09-22 22:24:05,0.8728515625000455,86.08190536499023,22.147474012970925,1006.7892578125,2.78885
79.0,-106.0,2026-09-22 22:24:05,-2.327148437499943,90.33190536499023,13.867474012970925,1007.9092578125,0.5467500000000001
79.0,-105.5,2026-09-22 22:24:05,-2.327148437499943,90.33190536499023,13.867474012970925,1007.9092578125,0.5467500000000001
79.0,-105.0,2026-09-22 22:24:05,-2.327148437499943,90.33190536499023,13.867474012970925,1007.9092578125,0.5467500000000001
79.0,-104.5,2026-09-22 22:24:05,-2.327148437499943,90.33190536499023,13.867474012970925,1007.9092578125,0.5467500000000001
79.0,-104.0,2026-09-22 22:24:05,-2.327148437499943,90.33190536499023,13.867474012970925,1007.9092578125,0.5467500000000001
79.0,-103.5,2026-09-22 22:24:05,-2.327148437499943,90.33190536499023,13.867474012970925,1007.9092578125,0.5467500000000001
79.0,-103.0,2026-09-22 22:24:05,-2.327148437499943,90.33190536499023,13.867474012970925,1007.9092578125,0.5467500000000001
79.0,-102.5,2026-09-22 22:24:05,-2.327148437499943,90.33190536499023,13.867474012970925,1007.9092578125,0.5467500000000001
79.0,-102.0,2026-09-22 22:24:05,-2.327148437499943,90.33190536499023,13.867474012970925,1007.9092578125,0.5467500000000001
79.0,-101.5,2026-09-22 22:24:05,-2.327148437499943,90.33190536499023,13.867474012970925,1007.9092578125,0.5467500000000001
79.0,-101.0,2026-09-22 22:24:05,-2.327148437499943,90.33190536499023,13.867474012970925,1007.9092578125,0.5467500000000001
79.0,-94.5,2026-09-22 22:24:05,-2.327148437499943,90.33190536499023,13.867474012970925,1007.9092578125,0.5467500000000001
79.0,-94.0,2026-09-22 22:24:05,-2.327148437499943,90.33190536499023,13.867474012970925,1007.9092578125,0.5467500000000001
79.0,-93.5,2026-09-22 22:24:05,-2.327148437499943,90.33190536499023,13.867474012970925,1007.9092578125,0.5467500000000001
79.0,-93.0,2026-09-22 22:24:05,-2.327148437499943,90.33190536499023,13.867474012970925,1007.9092578125,0.5467500000000001
79.0,-92.5,2026-09-22 22:24:05,-2.327148437499943,90.33190536499023,13.867474012970925,1007.9092578125,0.5467500000000001
79.0,-92.0,2026-09-22 22:24:05,-2.327148437499943,90.33190536499023,13.867474012970925,1007.9092578125,0.5467500000000001
79.0,-91.5,2026-09-22 22:24:05,-2.327148437499943,90.33190536499023,13.867474012970925,1007.9092578125,0.5467500000000001
79.0,-91.0,2026-09-22 22:24:05,-2.327148437499943,90.33190536499023,13.867474012970925,1007.9092578125,0.5467500000000001
79.0,-90.5,2026-09-22 22:24:05,-2.327148437499943,90.33190536499023,13.867474012970925,1007.9092578125,0.5467500000000001
79.0,-90.0,2026-09-22 22:24:05,-2.327148437499943,90.33190536499023,13.867474012970925,1007.9092578125,0.5467500000000001
79.0,-89.5,2026-09-22 22:24:05,-2.327148437499943,90.33190536499023,13.867474012970925,1007.9092578125,0.5467500000000001
79.0,-89.0,2026-09-22 22:24:05,-2.327148437499943,90.33190536499023,13.867474012970925,1007.9092578125,0.5467500000000001
79.0,-88.5,2026-09-22 22:24:05,-2.327148437499943,90.33190536499023,13.867474012970925,1007.9092578125,0.5467500000000001
79.0,-88.0,2026-09-22 22:24:05,-2.327148437499943,90.33190536499023,13.867474012970925,1007.9092578125,0.5467500000000001
79.0,-87.5,2026-09-22 22:24:05,-2.327148437499943,90.33190536499023,13.867474012970925,1007.9092578125,0.5467500000000001
79.0,-87.0,2026-09-22 22:24:05,-2.327148437499943,90.33190536499023,13.867474012970925,1007.9092578125,0.5467500000000001
79.0,-86.5,2026-09-22 22:24:05,-2.327148437499943,90.33190536499023,13.867474012970925,1007.9092578125,0.5467500000000001
79.0,-85.0,2026-09-22 22:24:05,-2.327148437499943,90.33190536499023,13.867474012970925,1007.9092578125,0.5467500000000001
79.0,-84.5,2026-09-22 22:24:05,-2.327148437499943,90.33190536499023,13.867474012970925,1007.9092578125,0.5467500000000001
79.0,-84.0,2026-09-22 22:24:05,-2.327148437499943,90.33190536499023,13.867474012970925,1007.9092578125,0.5467500000000001
79.0,-83.5,2026-09-22 22:24:05,-2.327148437499943,90.33190536499023,13.867474012970925,1007.9092578125,0.5467500000000001
79.0,-83.0,2026-09-22 22:24:05,-2.327148437499943,90.33190536499023,13.867474012970925,1007.9092578125,0.5467500000000001
79.0,-82.5,2026-09-22 22:24:05,-2.327148437499943,90.33190536499023,13.867474012970925,1007.9092578125,0.5467500000000001
79.0,-82.0,2026-09-22 22:24:05,-2.327148437499943,90.33190536499023,13.867474012970925,1007.9092578125,0.5467500000000001
79.0,-81.5,2026-09-22 22:24:05,-2.327148437499943,90.33190536499023,13.867474012970925,1007.9092578125,0.5467500000000001
79.0,-81.0,2026-09-22 22:24:05,-2.327148437499943,90.33190536499023,13.867474012970925,1007.9092578125,0.5467500000000001
79.0,-80.5,2026-09-22 22:24:05,-2.327148437499943,90.33190536499023,13.867474012970925,1007.9092578125,0.5467500000000001
79.0,-80.0,2026-09-22 22:24:05,-2.327148437499943,90.33190536499023,13.867474012970925,1007.9092578125,0.5467500000000001
79.0,-79.5,2026-09-22 22:24:05,-2.327148437499943,90.33190536499023,13.867474012970925,1007.9092578125,0.5467500000000001
79.0,-79.0,2026-09-22 22:24:05,-2.327148437499943,90.33190536499023,13.867474012970925,1007.9092578125,0.5467500000000001
79.0,-78.5,2026-09-22 22:24:05,-2.327148437499943,90.33190536499023,13.867474012970925,1007.9092578125,0.5467500000000001
79.0,-78.0,2026-09-22 22:24:05,-2.327148437499943,90.33190536499023,13.867474012970925,1007.9092578125,0.5467500000000001
79.0,-77.5,2026-09-22 22:24:05,-2.327148437499943,90.33190536499023,13.867474012970925,1007.9092578125,0.5467500000000001
79.0,-77.0,2026-09-22 22:24:05,-2.327148437499943,90.33190536499023,13.867474012970925,1007.9092578125,0.5467500000000001
79.0,-76.5,2026-09-22 22:24:05,-2.327148437499943,90.33190536499023,13.867474012970925,1007.9092578125,0.5467500000000001
79.0,-76.0,2026-09-22 22:24:05,-2.327148437499943,90.33190536499023,13.867474012970925,1007.9092578125,0.5467500000000001
79.0,-75.5,2026-09-22 22:24:05,-2.327148437499943,90.33190536499023,13.867474012970925,1007.9092578125,0.5467500000000001
79.0,-75.0,2026-09-22 22:24:05,-2.327148437499943,90.33190536499023,13.867474012970925,1007.9092578125,0.5467500000000001
79.0,-74.5,2026-09-22 22:24:05,-2.327148437499943,90.33190536499023,13.867474012970925,1007.9092578125,0.5467500000000001
79.5,-96.0,2026-09-22 22:24:05,-5.027148437499989,91.33190536499023,12.067474012970926,1008.7892578125,0.10025
79.5,-95.5,2026-09-22 22:24:05,-5.027148437499989,91.33190536499023,12.067474012970926,1008.7892578125,0.10025
79.5,-95.0,2026-09-22 22:24:05,-5.027148437499989,91.33190536499023,12.067474012970926,1008.7892578125,0.10025
79.5,-94.5,2026-09-22 22:24:05,-5.027148437499989,91.33190536499023,12.067474012970926,1008.7892578125,0.10025
79.5,-94.0,2026-09-22 22:24:05,-5.027148437499989,91.33190536499023,12.067474012970926,1008.7892578125,0.10025
79.5,-93.5,2026-09-22 22:24:05,-5.027148437499989,91.33190536499023,12.067474012970926,1008.7892578125,0.10025
79.5,-93.0,2026-09-22 22:24:05,-5.027148437499989,91.33190536499023,12.067474012970926,1008.7892578125,0.10025
79.5,-92.5,2026-09-22 22:24:05,-5.027148437499989,91.33190536499023,12.067474012970926,1008.7892578125,0.10025
79.5,-92.0,2026-09-22 22:24:05,-5.027148437499989,91.33190536499023,12.067474012970926,1008.7892578125,0.10025
79.5,-91.5,2026-09-22 22:24:05,-5.027148437499989,91.33190536499023,12.067474012970926,1008.7892578125,0.10025
79.5,-91.0,2026-09-22 22:24:05,-5.027148437499989,91.33190536499023,12.067474012970926,1008.7892578125,0.10025
79.5,-90.5,2026-09-22 22:24:05,-5.027148437499989,91.33190536499023,12.067474012970926,1008.7892578125,0.10025
79.5,-90.0,2026-09-22 22:24:05,-5.027148437499989,91.33190536499023,12.067474012970926,1008.7892578125,0.10025
79.5,-89.5,2026-09-22 22:24:05,-5.027148437499989,91.33190536499023,12.067474012970926,1008.7892578125,0.10025
79.5,-89.0,2026-09-22 22:24:05,-5.027148437499989,91.33190536499023,12.067474012970926,1008.7892578125,0.10025
79.5,-88.5,2026-09-22 22:24:05,-5.027148437499989,91.33190536499023,12.067474012970926,1008.7892578125,0.10025
79.5,-88.0,2026-09-22 22:24:05,-5.027148437499989,91.33190536499023,12.067474012970926,1008.7892578125,0.10025
79.5,-87.5,2026-09-22 22:24:05,-5.027148437499989,91.33190536499023,12.067474012970926,1008.7892578125,0.10025
79.5,-87.0,2026-09-22 22:24:05,-5.027148437499989,91.33190536499023,12.067474012970926,1008.7892578125,0.10025
79.5,-86.5,2026-09-22 22:24:05,-5.027148437499989,91.33190536499023,12.067474012970926,1008.7892578125,0.10025
79.5,-86.0,2026-09-22 22:24:05,-5.027148437499989,91.33190536499023,12.067474012970926,1008.7892578125,0.10025
79.5,-85.5,2026-09-22 22:24:05,-5.027148437499989,91.33190536499023,12.067474012970926,1008.7892578125,0.10025
79.5,-85.0,2026-09-22 22:24:05,-5.027148437499989,91.33190536499023,12.067474012970926,1008.7892578125,0.10025
79.5,-84.5,2026-09-22 22:24:05,-5.027148437499989,91.33190536499023,12.067474012970926,1008.7892578125,0.10025
79.5,-84.0,2026-09-22 22:24:05,-5.027148437499989,91.33190536499023,12.067474012970926,1008.7892578125,0.10025
79.5,-83.5,2026-09-22 22:24:05,-5.027148437499989,91.33190536499023,12.067474012970926,1008.7892578125,0.10025
79.5,-83.0,2026-09-22 22:24:05,-5.027148437499989,91.33190536499023,12.067474012970926,1008.7892578125,0.10025
79.5,-82.5,2026-09-22 22:24:05,-5.027148437499989,91.33190536499023,12.067474012970926,1008.7892578125,0.10025
79.5,-82.0,2026-09-22 22:24:05,-5.027148437499989,91.33190536499023,12.067474012970926,1008.7892578125,0.10025
79.5,-81.5,2026-09-22 22:24:05,-5.027148437499989,91.33190536499023,12.067474012970926,1008.7892578125,0.10025
79.5,-81.0,2026-09-22 22:24:05,-5.027148437499989,91.33190536499023,12.067474012970926,1008.7892578125,0.10025
79.5,-80.5,2026-09-22 22:24:05,-5.027148437499989,91.33190536499023,12.067474012970926,1008.7892578125,0.10025
79.5,-80.0,2026-09-22 22:24:05,-5.027148437499989,91.33190536499023,12.067474012970926,1008.7892578125,0.10025
79.5,-79.5,2026-09-22 22:24:05,-5.027148437499989,91.33190536499023,12.067474012970926,1008.7892578125,0.10025
79.5,-79.0,2026-09-22 22:24:05,-5.027148437499989,91.33190536499023,12.067474012970926,1008.7892578125,0.10025
79.5,-78.5,2026-09-22 22:24:05,-5.027148437499989,91.33190536499023,12.067474012970926,1008.7892578125,0.10025
79.5,-78.0,2026-09-22 22:24:05,-5.027148437499989,91.33190536499023,12.067474012970926,1008.7892578125,0.10025
79.5,-77.5,2026-09-22 22:24:05,-5.027148437499989,91.33190536499023,12.067474012970926,1008.7892578125,0.10025
79.5,-77.0,2026-09-22 22:24:05,-5.027148437499989,91.33190536499023,12.067474012970926,1008.7892578125,0.10025
79.5,-76.5,2026-09-22 22:24:05,-5.027148437499989,91.33190536499023,12.067474012970926,1008.7892578125,0.10025
79.5,-76.0,2026-09-22 22:24:05,-5.027148437499989,91.33190536499023,12.067474012970926,1008.7892578125,0.10025
79.5,-75.5,2026-09-22 22:24:05,-5.027148437499989,91.33190536499023,12.067474012970926,1008.7892578125,0.10025
79.5,-75.0,2026-09-22 22:24:05,-5.027148437499989,91.33190536499023,12.067474012970926,1008.7892578125,0.10025
79.5,-74.5,2026-09-22 22:24:05,-5.027148437499989,91.33190536499023,12.067474012970926,1008.7892578125,0.10025
79.5,-74.0,2026-09-22 22:24:05,-5.027148437499989,91.33190536499023,12.067474012970926,1008.7892578125,0.10025
79.5,-73.5,2026-09-22 22:24:05,-5.027148437499989,91.33190536499023,12.067474012970926,1008.7892578125,0.10025
79.5,-73.0,2026-09-22 22:24:05,-5.027148437499989,91.33190536499023,12.067474012970926,1008.7892578125,0.10025
80.0,-100.5,2026-09-22 22:24:05,-5.427148437499966,91.83190536499023,8.467474012970925,1009.2692578125,0.17295000000000002
80.0,-100.0,2026-09-22 22:24:05,-5.427148437499966,91.83190536499023,8.467474012970925,1009.2692578125,0.17295000000000002
80.0,-99.5,2026-09-22 22:24:05,-5.427148437499966,91.83190536499023,8.467474012970925,1009.2692578125,0.17295000000000002
80.0,-99.0,2026-09-22 22:24:05,-5.427148437499966,91.83190536499023,8.467474012970925,1009.2692578125,0.17295000000000002
80.0,-98.5,2026-09-22 22:24:05,-5.427148437499966,91.83190536499023,8.467474012970925,1009.2692578125,0.17295000000000002
80.0,-97.0,2026-09-22 22:24:05,-5.427148437499966,91.83190536499023,8.467474012970925,1009.2692578125,0.17295000000000002
80.0,-96.5,2026-09-22 22:24:05,-5.427148437499966,91.83190536499023,8.467474012970925,1009.2692578125,0.17295000000000002
80.0,-96.0,2026-09-22 22:24:05,-5.427148437499966,91.83190536499023,8.467474012970925,1009.2692578125,0.17295000000000002
80.0,-95.5,2026-09-22 22:24:05,-5.427148437499966,91.83190536499023,8.467474012970925,1009.2692578125,0.17295000000000002
80.0,-95.0,2026-09-22 22:24:05,-5.427148437499966,91.83190536499023,8.467474012970925,1009.2692578125,0.17295000000000002
80.0,-94.5,2026-09-22 22:24:05,-5.427148437499966,91.83190536499023,8.467474012970925,1009.2692578125,0.17295000000000002
80.0,-94.0,2026-09-22 22:24:05,-5.427148437499966,91.83190536499023,8.467474012970925,1009.2692578125,0.17295000000000002
80.0,-93.5,2026-09-22 22:24:05,-5.427148437499966,91.83190536499023,8.467474012970925,1009.2692578125,0.17295000000000002
80.0,-93.0,2026-09-22 22:24:05,-5.427148437499966,91.83190536499023,8.467474012970925,1009.2692578125,0.17295000000000002
80.0,-92.5,2026-09-22 22:24:05,-5.427148437499966,91.83190536499023,8.467474012970925,1009.2692578125,0.17295000000000002
80.0,-92.0,2026-09-22 22:24:05,-5.427148437499966,91.83190536499023,8.467474012970925,1009.2692578125,0.17295000000000002
80.0,-91.5,2026-09-22 22:24:05,-5.427148437499966,91.83190536499023,8.467474012970925,1009.2692578125,0.17295000000000002
80.0,-91.0,2026-09-22 22:24:05,-5.427148437499966,91.83190536499023,8.467474012970925,1009.2692578125,0.17295000000000002
80.0,-90.5,2026-09-22 22:24:05,-5.427148437499966,91.83190536499023,8.467474012970925,1009.2692578125,0.17295000000000002
80.0,-90.0,2026-09-22 22:24:05,-5.427148437499966,91.83190536499023,8.467474012970925,1009.2692578125,0.17295000000000002
80.0,-89.5,2026-09-22 22:24:05,-5.427148437499966,91.83190536499023,8.467474012970925,1009.2692578125,0.17295000000000002
80.0,-89.0,2026-09-22 22:24:05,-5.427148437499966,91.83190536499023,8.467474012970925,1009.2692578125,0.17295000000000002
80.0,-88.5,2026-09-22 22:24:05,-5.427148437499966,91.83190536499023,8.467474012970925,1009.2692578125,0.17295000000000002
80.0,-88.0,2026-09-22 22:24:05,-5.427148437499966,91.83190536499023,8.467474012970925,1009.2692578125,0.17295000000000002
80.0,-87.5,2026-09-22 22:24:05,-5.427148437499966,91.83190536499023,8.467474012970925,1009.2692578125,0.17295000000000002
80.0,-87.0,2026-09-22 22:24:05,-5.427148437499966,91.83190536499023,8.467474012970925,1009.2692578125,0.17295000000000002
80.0,-86.5,2026-09-22 22:24:05,-5.427148437499966,91.83190536499023,8.467474012970925,1009.2692578125,0.17295000000000002
80.0,-86.0,2026-09-22 22:24:05,-5.427148437499966,91.83190536499023,8.467474012970925,1009.2692578125,0.17295000000000002
80.0,-85.5,2026-09-22 22:24:05,-5.427148437499966,91.83190536499023,8.467474012970925,1009.2692578125,0.17295000000000002
80.0,-85.0,2026-09-22 22:24:05,-5.427148437499966,91.83190536499023,8.467474012970925,1009.2692578125,0.17295000000000002
80.0,-84.5,2026-09-22 22:24:05,-5.427148437499966,91.83190536499023,8.467474012970925,1009.2692578125,0.17295000000000002
80.0,-84.0,2026-09-22 22:24:05,-5.427148437499966,91.83190536499023,8.467474012970925,1009.2692578125,0.17295000000000002
80.0,-83.5,2026-09-22 22:24:05,-5.427148437499966,91.83190536499023,8.467474012970925,1009.2692578125,0.17295000000000002
80.0,-83.0,2026-09-22 22:24:05,-5.427148437499966,91.83190536499023,8.467474012970925,1009.2692578125,0.17295000000000002
80.0,-82.5,2026-09-22 22:24:05,-5.427148437499966,91.83190536499023,8.467474012970925,1009.2692578125,0.17295000000000002
80.0,-82.0,2026-09-22 22:24:05,-5.427148437499966,91.83190536499023,8.467474012970925,1009.2692578125,0.17295000000000002
80.0,-81.5,2026-09-22 22:24:05,-5.427148437499966,91.83190536499023,8.467474012970925,1009.2692578125,0.17295000000000002
80.0,-81.0,2026-09-22 22:24:05,-5.427148437499966,91.83190536499023,8.467474012970925,1009.2692578125,0.17295000000000002
80.0,-80.5,2026-09-22 22:24:05,-5.427148437499966,91.83190536499023,8.467474012970925,1009.2692578125,0.17295000000000002
80.0,-80.0,2026-09-22 22:24:05,-5.427148437499966,91.83190536499023,8.467474012970925,1009.2692578125,0.17295000000000002
80.0,-79.5,2026-09-22 22:24:05,-5.427148437499966,91.83190536499023,8.467474012970925,1009.2692578125,0.17295000000000002
80.0,-79.0,2026-09-22 22:24:05,-5.427148437499966,91.83190536499023,8.467474012970925,1009.2692578125,0.17295000000000002
80.0,-78.5,2026-09-22 22:24:05,-5.427148437499966,91.83190536499023,8.467474012970925,1009.2692578125,0.17295000000000002
80.0,-78.0,2026-09-22 22:24:05,-5.427148437499966,91.83190536499023,8.467474012970925,1009.2692578125,0.17295000000000002
80.0,-77.5,2026-09-22 22:24:05,-5.427148437499966,91.83190536499023,8.467474012970925,1009.2692578125,0.17295000000000002
80.0,-77.0,2026-09-22 22:24:05,-5.427148437499966,91.83190536499023,8.467474012970925,1009.2692578125,0.17295000000000002
80.0,-76.5,2026-09-22 22:24:05,-5.427148437499966,91.83190536499023,8.467474012970925,1009.2692578125,0.17295000000000002
80.0,-76.0,2026-09-22 22:24:05,-5.427148437499966,91.83190536499023,8.467474012970925,1009.2692578125,0.17295000000000002
80.0,-75.5,2026-09-22 22:24:05,-5.427148437499966,91.83190536499023,8.467474012970925,1009.2692578125,0.17295000000000002
80.0,-75.0,2026-09-22 22:24:05,-5.427148437499966,91.83190536499023,8.467474012970925,1009.2692578125,0.17295000000000002
80.0,-74.5,2026-09-22 22:24:05,-5.427148437499966,91.83190536499023,8.467474012970925,1009.2692578125,0.17295000000000002
80.0,-74.0,2026-09-22 22:24:05,-5.427148437499966,91.83190536499023,8.467474012970925,1009.2692578125,0.17295000000000002
80.0,-73.5,2026-09-22 22:24:05,-5.427148437499966,91.83190536499023,8.467474012970925,1009.2692578125,0.17295000000000002
80.0,-73.0,2026-09-22 22:24:05,-5.427148437499966,91.83190536499023,8.467474012970925,1009.2692578125,0.17295000000000002
80.0,-72.5,2026-09-22 22:24:05,-5.427148437499966,91.83190536499023,8.467474012970925,1009.2692578125,0.17295000000000002
80.0,-72.0,2026-09-22 22:24:05,-5.427148437499966,91.83190536499023,8.467474012970925,1009.2692578125,0.17295000000000002
80.0,-71.5,2026-09-22 22:24:05,-5.427148437499966,91.83190536499023,8.467474012970925,1009.2692578125,0.17295000000000002
80.0,-71.0,2026-09-22 22:24:05,-5.427148437499966,91.83190536499023,8.467474012970925,1009.2692578125,0.17295000000000002
80.0,-70.5,2026-09-22 22:24:05,-5.427148437499966,91.83190536499023,8.467474012970925,1009.2692578125,0.17295000000000002
80.5,-96.5,2026-09-22 22:24:05,-6.077148437499943,91.08190536499023,12.787474012970925,1009.5092578125,0.2094
80.5,-96.0,2026-09-22 22:24:05,-6.077148437499943,91.08190536499023,12.787474012970925,1009.5092578125,0.2094
80.5,-95.5,2026-09-22 22:24:05,-6.077148437499943,91.08190536499023,12.787474012970925,1009.5092578125,0.2094
80.5,-95.0,2026-09-22 22:24:05,-6.077148437499943,91.08190536499023,12.787474012970925,1009.5092578125,0.2094
80.5,-94.5,2026-09-22 22:24:05,-6.077148437499943,91.08190536499023,12.787474012970925,1009.5092578125,0.2094
80.5,-94.0,2026-09-22 22:24:05,-6.077148437499943,91.08190536499023,12.787474012970925,1009.5092578125,0.2094
80.5,-93.5,2026-09-22 22:24:05,-6.077148437499943,91.08190536499023,12.787474012970925,1009.5092578125,0.2094
80.5,-93.0,2026-09-22 22:24:05,-6.077148437499943,91.08190536499023,12.787474012970925,1009.5092578125,0.2094
80.5,-92.5,2026-09-22 22:24:05,-6.077148437499943,91.08190536499023,12.787474012970925,1009.5092578125,0.2094
80.5,-92.0,2026-09-22 22:24:05,-6.077148437499943,91.08190536499023,12.787474012970925,1009.5092578125,0.2094
80.5,-91.5,2026-09-22 22:24:05,-6.077148437499943,91.08190536499023,12.787474012970925,1009.5092578125,0.2094
80.5,-91.0,2026-09-22 22:24:05,-6.077148437499943,91.08190536499023,12.787474012970925,1009.5092578125,0.2094
80.5,-90.5,2026-09-22 22:24:05,-6.077148437499943,91.08190536499023,12.787474012970925,1009.5092578125,0.2094
80.5,-90.0,2026-09-22 22:24:05,-6.077148437499943,91.08190536499023,12.787474012970925,1009.5092578125,0.2094
80.5,-89.5,2026-09-22 22:24:05,-6.077148437499943,91.08190536499023,12.787474012970925,1009.5092578125,0.2094
80.5,-89.0,2026-09-22 22:24:05,-6.077148437499943,91.08190536499023,12.787474012970925,1009.5092578125,0.2094
80.5,-88.5,2026-09-22 22:24:05,-6.077148437499943,91.08190536499023,12.787474012970925,1009.5092578125,0.2094
80.5,-88.0,2026-09-22 22:24:05,-6.077148437499943,91.08190536499023,12.787474012970925,1009.5092578125,0.2094
80.5,-86.5,2026-09-22 22:24:05,-6.077148437499943,91.08190536499023,12.787474012970925,1009.5092578125,0.2094
80.5,-86.0,2026-09-22 22:24:05,-6.077148437499943,91.08190536499023,12.787474012970925,1009.5092578125,0.2094
80.5,-85.5,2026-09-22 22:24:05,-6.077148437499943,91.08190536499023,12.787474012970925,1009.5092578125,0.2094
80.5,-85.0,2026-09-22 22:24:05,-6.077148437499943,91.08190536499023,12.787474012970925,1009.5092578125,0.2094
80.5,-84.5,2026-09-22 22:24:05,-6.077148437499943,91.08190536499023,12.787474012970925,1009.5092578125,0.2094
80.5,-84.0,2026-09-22 22:24:05,-6.077148437499943,91.08190536499023,12.787474012970925,1009.5092578125,0.2094
80.5,-83.5,2026-09-22 22:24:05,-6.077148437499943,91.08190536499023,12.787474012970925,1009.5092578125,0.2094
80.5,-83.0,2026-09-22 22:24:05,-6.077148437499943,91.08190536499023,12.787474012970925,1009.5092578125,0.2094
80.5,-82.5,2026-09-22 22:24:05,-6.077148437499943,91.08190536499023,12.787474012970925,1009.5092578125,0.2094
80.5,-82.0,2026-09-22 22:24:05,-6.077148437499943,91.08190536499023,12.787474012970925,1009.5092578125,0.2094
80.5,-81.5,2026-09-22 22:24:05,-6.077148437499943,91.08190536499023,12.787474012970925,1009.5092578125,0.2094
80.5,-81.0,2026-09-22 22:24:05,-6.077148437499943,91.08190536499023,12.787474012970925,1009.5092578125,0.2094
80.5,-80.5,2026-09-22 22:24:05,-6.077148437499943,91.08190536499023,12.787474012970925,1009.5092578125,0.2094
80.5,-80.0,2026-09-22 22:24:05,-6.077148437499943,91.08190536499023,12.787474012970925,1009.5092578125,0.2094
80.5,-79.5,2026-09-22 22:24:05,-6.077148437499943,91.08190536499023,12.787474012970925,1009.5092578125,0.2094
80.5,-79.0,2026-09-22 22:24:05,-6.077148437499943,91.08190536499023,12.787474012970925,1009.5092578125,0.2094
80.5,-78.5,2026-09-22 22:24:05,-6.077148437499943,91.08190536499023,12.787474012970925,1009.5092578125,0.2094
80.5,-78.0,2026-09-22 22:24:05,-6.077148437499943,91.08190536499023,12.787474012970925,1009.5092578125,0.2094
80.5,-77.5,2026-09-22 22:24:05,-6.077148437499943,91.08190536499023,12.787474012970925,1009.5092578125,0.2094
80.5,-77.0,2026-09-22 22:24:05,-6.077148437499943,91.08190536499023,12.787474012970925,1009.5092578125,0.2094
80.5,-76.5,2026-09-22 22:24:05,-6.077148437499943,91.08190536499023,12.787474012970925,1009.5092578125,0.2094
80.5,-76.0,2026-09-22 22:24:05,-6.077148437499943,91.08190536499023,12.787474012970925,1009.5092578125,0.2094
80.5,-75.5,2026-09-22 22:24:05,-6.077148437499943,91.08190536499023,12.787474012970925,1009.5092578125,0.2094
80.5,-75.0,2026-09-22 22:24:05,-6.077148437499943,91.08190536499023,12.787474012970925,1009.5092578125,0.2094
80.5,-74.5,2026-09-22 22:24:05,-6.077148437499943,91.08190536499023,12.787474012970925,1009.5092578125,0.2094
80.5,-74.0,2026-09-22 22:24:05,-6.077148437499943,91.08190536499023,12.787474012970925,1009.5092578125,0.2094
80.5,-73.5,2026-09-22 22:24:05,-6.077148437499943,91.08190536499023,12.787474012970925,1009.5092578125,0.2094
80.5,-73.0,2026-09-22 22:24:05,-6.077148437499943,91.08190536499023,12.787474012970925,1009.5092578125,0.2094
80.5,-72.5,2026-09-22 22:24:05,-6.077148437499943,91.08190536499023,12.787474012970925,1009.5092578125,0.2094
80.5,-72.0,2026-09-22 22:24:05,-6.077148437499943,91.08190536499023,12.787474012970925,1009.5092578125,0.2094
80.5,-71.5,2026-09-22 22:24:05,-6.077148437499943,91.08190536499023,12.787474012970925,1009.5092578125,0.2094
80.5,-71.0,2026-09-22 22:24:05,-6.077148437499943,91.08190536499023,12.787474012970925,1009.5092578125,0.2094
80.5,-70.5,2026-09-22 22:24:05,-6.077148437499943,91.08190536499023,12.787474012970925,1009.5092578125,0.2094
80.5,-70.0,2026-09-22 22:24:05,-6.077148437499943,91.08190536499023,12.787474012970925,1009.5092578125,0.2094
80.5,-69.5,2026-09-22 22:24:05,-6.077148437499943,91.08190536499023,12.787474012970925,1009.5092578125,0.2094
80.5,-69.0,2026-09-22 22:24:05,-6.077148437499943,91.08190536499023,12.787474012970925,1009.5092578125,0.2094
81.0,-95.5,2026-09-22 22:24:05,-6.6271484374999545,89.08190536499023,14.587474012970926,1009.7492578125,0.34575
81.0,-95.0,2026-09-22 22:24:05,-6.6271484374999545,89.08190536499023,14.587474012970926,1009.7492578125,0.34575
81.0,-94.5,2026-09-22 22:24:05,-6.6271484374999545,89.08190536499023,14.587474012970926,1009.7492578125,0.34575
81.0,-94.0,2026-09-22 22:24:05,-6.6271484374999545,89.08190536499023,14.587474012970926,1009.7492578125,0.34575
81.0,-93.5,2026-09-22 22:24:05,-6.6271484374999545,89.08190536499023,14.587474012970926,1009.7492578125,0.34575
81.0,-93.0,2026-09-22 22:24:05,-6.6271484374999545,89.08190536499023,14.587474012970926,1009.7492578125,0.34575
81.0,-92.5,2026-09-22 22:24:05,-6.6271484374999545,89.08190536499023,14.587474012970926,1009.7492578125,0.34575
81.0,-92.0,2026-09-22 22:24:05,-6.6271484374999545,89.08190536499023,14.587474012970926,1009.7492578125,0.34575
81.0,-91.5,2026-09-22 22:24:05,-6.6271484374999545,89.08190536499023,14.587474012970926,1009.7492578125,0.34575
81.0,-91.0,2026-09-22 22:24:05,-6.6271484374999545,89.08190536499023,14.587474012970926,1009.7492578125,0.34575
81.0,-90.5,2026-09-22 22:24:05,-6.6271484374999545,89.08190536499023,14.587474012970926,1009.7492578125,0.34575
81.0,-90.0,2026-09-22 22:24:05,-6.6271484374999545,89.08190536499023,14.587474012970926,1009.7492578125,0.34575
81.0,-89.5,2026-09-22 22:24:05,-6.6271484374999545,89.08190536499023,14.587474012970926,1009.7492578125,0.34575
81.0,-89.0,2026-09-22 22:24:05,-6.6271484374999545,89.08190536499023,14.587474012970926,1009.7492578125,0.34575
81.0,-88.5,2026-09-22 22:24:05,-6.6271484374999545,89.08190536499023,14.587474012970926,1009.7492578125,0.34575
81.0,-88.0,2026-09-22 22:24:05,-6.6271484374999545,89.08190536499023,14.587474012970926,1009.7492578125,0.34575
81.0,-87.5,2026-09-22 22:24:05,-6.6271484374999545,89.08190536499023,14.587474012970926,1009.7492578125,0.34575
81.0,-87.0,2026-09-22 22:24:05,-6.6271484374999545,89.08190536499023,14.587474012970926,1009.7492578125,0.34575
81.0,-86.5,2026-09-22 22:24:05,-6.6271484374999545,89.08190536499023,14.587474012970926,1009.7492578125,0.34575
81.0,-86.0,2026-09-22 22:24:05,-6.6271484374999545,89.08190536499023,14.587474012970926,1009.7492578125,0.34575
81.0,-85.5,2026-09-22 22:24:05,-6.6271484374999545,89.08190536499023,14.587474012970926,1009.7492578125,0.34575
81.0,-85.0,2026-09-22 22:24:05,-6.6271484374999545,89.08190536499023,14.587474012970926,1009.7492578125,0.34575
81.0,-84.5,2026-09-22 22:24:05,-6.6271484374999545,89.08190536499023,14.587474012970926,1009.7492578125,0.34575
81.0,-84.0,2026-09-22 22:24:05,-6.6271484374999545,89.08190536499023,14.587474012970926,1009.7492578125,0.34575
81.0,-83.5,2026-09-22 22:24:05,-6.6271484374999545,89.08190536499023,14.587474012970926,1009.7492578125,0.34575
81.0,-83.0,2026-09-22 22:24:05,-6.6271484374999545,89.08190536499023,14.587474012970926,1009.7492578125,0.34575
81.0,-82.5,2026-09-22 22:24:05,-6.6271484374999545,89.08190536499023,14.587474012970926,1009.7492578125,0.34575
81.0,-82.0,2026-09-22 22:24:05,-6.6271484374999545,89.08190536499023,14.587474012970926,1009.7492578125,0.34575
81.0,-81.5,2026-09-22 22:24:05,-6.6271484374999545,89.08190536499023,14.587474012970926,1009.7492578125,0.34575
81.0,-81.0,2026-09-22 22:24:05,-6.6271484374999545,89.08190536499023,14.587474012970926,1009.7492578125,0.34575
81.0,-80.5,2026-09-22 22:24:05,-6.6271484374999545,89.08190536499023,14.587474012970926,1009.7492578125,0.34575
81.0,-80.0,2026-09-22 22:24:05,-6.6271484374999545,89.08190536499023,14.587474012970926,1009.7492578125,0.34575
81.0,-79.5,2026-09-22 22:24:05,-6.6271484374999545,89.08190536499023,14.587474012970926,1009.7492578125,0.34575
81.0,-79.0,2026-09-22 22:24:05,-6.6271484374999545,89.08190536499023,14.587474012970926,1009.7492578125,0.34575
81.0,-78.5,2026-09-22 22:24:05,-6.6271484374999545,89.08190536499023,14.587474012970926,1009.7492578125,0.34575
81.0,-78.0,2026-09-22 22:24:05,-6.6271484374999545,89.08190536499023,14.587474012970926,1009.7492578125,0.34575
81.0,-77.5,2026-09-22 22:24:05,-6.6271484374999545,89.08190536499023,14.587474012970926,1009.7492578125,0.34575
81.0,-77.0,2026-09-22 22:24:05,-6.6271484374999545,89.08190536499023,14.587474012970926,1009.7492578125,0.34575
81.0,-76.5,2026-09-22 22:24:05,-6.6271484374999545,89.08190536499023,14.587474012970926,1009.7492578125,0.34575
81.0,-76.0,2026-09-22 22:24:05,-6.6271484374999545,89.08190536499023,14.587474012970926,1009.7492578125,0.34575
81.0,-75.5,2026-09-22 22:24:05,-6.6271484374999545,89.08190536499023,14.587474012970926,1009.7492578125,0.34575
81.0,-75.0,2026-09-22 22:24:05,-6.6271484374999545,89.08190536499023,14.587474012970926,1009.7492578125,0.34575
81.0,-74.5,2026-09-22 22:24:05,-6.6271484374999545,89.08190536499023,14.587474012970926,1009.7492578125,0.34575
81.0,-74.0,2026-09-22 22:24:05,-6.6271484374999545,89.08190536499023,14.587474012970926,1009.7492578125,0.34575
81.0,-73.5,2026-09-22 22:24:05,-6.6271484374999545,89.08190536499023,14.587474012970926,1009.7492578125,0.34575
81.0,-73.0,2026-09-22 22:24:05,-6.6271484374999545,89.08190536499023,14.587474012970926,1009.7492578125,0.34575
81.0,-72.5,2026-09-22 22:24:05,-6.6271484374999545,89.08190536499023,14.587474012970926,1009.7492578125,0.34575
81.0,-72.0,2026-09-22 22:24:05,-6.6271484374999545,89.08190536499023,14.587474012970926,1009.7492578125,0.34575
81.0,-71.5,2026-09-22 22:24:05,-6.6271484374999545,89.08190536499023,14.587474012970926,1009.7492578125,0.34575
81.0,-71.0,2026-09-22 22:24:05,-6.6271484374999545,89.08190536499023,14.587474012970926,1009.7492578125,0.34575
81.0,-70.5,2026-09-22 22:24:05,-6.6271484374999545,89.08190536499023,14.587474012970926,1009.7492578125,0.34575
81.0,-70.0,2026-09-22 22:24:05,-6.6271484374999545,89.08190536499023,14.587474012970926,1009.7492578125,0.34575
81.0,-69.5,2026-09-22 22:24:05,-6.6271484374999545,89.08190536499023,14.587474012970926,1009.7492578125,0.34575
81.0,-69.0,2026-09-22 22:24:05,-6.6271484374999545,89.08190536499023,14.587474012970926,1009.7492578125,0.34575
81.0,-68.5,2026-09-22 22:24:05,-6.6271484374999545,89.08190536499023,14.587474012970926,1009.7492578125,0.34575
81.0,-68.0,2026-09-22 22:24:05,-6.6271484374999545,89.08190536499023,14.587474012970926,1009.7492578125,0.34575
81.0,-67.5,2026-09-22 22:24:05,-6.6271484374999545,89.08190536499023,14.587474012970926,1009.7492578125,0.34575
81.0,-67.0,2026-09-22 22:24:05,-6.6271484374999545,89.08190536499023,14.587474012970926,1009.7492578125,0.34575
81.0,-66.5,2026-09-22 22:24:05,-6.6271484374999545,89.08190536499023,14.587474012970926,1009.7492578125,0.34575
81.5,-92.0,2026-09-22 22:24:05,-6.927148437499966,88.33190536499023,16.567474012970926,1009.9092578125,0.42055000000000003
81.5,-91.5,2026-09-22 22:24:05,-6.927148437499966,88.33190536499023,16.567474012970926,1009.9092578125,0.42055000000000003
81.5,-91.0,2026-09-22 22:24:05,-6.927148437499966,88.33190536499023,16.567474012970926,1009.9092578125,0.42055000000000003
81.5,-90.5,2026-09-22 22:24:05,-6.927148437499966,88.33190536499023,16.567474012970926,1009.9092578125,0.42055000000000003
81.5,-90.0,2026-09-22 22:24:05,-6.927148437499966,88.33190536499023,16.567474012970926,1009.9092578125,0.42055000000000003
81.5,-89.5,2026-09-22 22:24:05,-6.927148437499966,88.33190536499023,16.567474012970926,1009.9092578125,0.42055000000000003
81.5,-89.0,2026-09-22 22:24:05,-6.927148437499966,88.33190536499023,16.567474012970926,1009.9092578125,0.42055000000000003
81.5,-88.5,2026-09-22 22:24:05,-6.927148437499966,88.33190536499023,16.567474012970926,1009.9092578125,0.42055000000000003
81.5,-88.0,2026-09-22 22:24:05,-6.927148437499966,88.33190536499023,16.567474012970926,1009.9092578125,0.42055000000000003
81.5,-87.5,2026-09-22 22:24:05,-6.927148437499966,88.33190536499023,16.567474012970926,1009.9092578125,0.42055000000000003
81.5,-87.0,2026-09-22 22:24:05,-6.927148437499966,88.33190536499023,16.567474012970926,1009.9092578125,0.42055000000000003
81.5,-86.5,2026-09-22 22:24:05,-6.927148437499966,88.33190536499023,16.567474012970926,1009.9092578125,0.42055000000000003
81.5,-86.0,2026-09-22 22:24:05,-6.927148437499966,88.33190536499023,16.567474012970926,1009.9092578125,0.42055000000000003
81.5,-85.5,2026-09-22 22:24:05,-6.927148437499966,88.33190536499023,16.567474012970926,1009.9092578125,0.42055000000000003
81.5,-85.0,2026-09-22 22:24:05,-6.927148437499966,88.33190536499023,16.567474012970926,1009.9092578125,0.42055000000000003
81.5,-84.5,2026-09-22 22:24:05,-6.927148437499966,88.33190536499023,16.567474012970926,1009.9092578125,0.42055000000000003
81.5,-84.0,2026-09-22 22:24:05,-6.927148437499966,88.33190536499023,16.567474012970926,1009.9092578125,0.42055000000000003
81.5,-83.5,2026-09-22 22:24:05,-6.927148437499966,88.33190536499023,16.567474012970926,1009.9092578125,0.42055000000000003
81.5,-83.0,2026-09-22 22:24:05,-6.927148437499966,88.33190536499023,16.567474012970926,1009.9092578125,0.42055000000000003
81.5,-82.5,2026-09-22 22:24:05,-6.927148437499966,88.33190536499023,16.567474012970926,1009.9092578125,0.42055000000000003
81.5,-82.0,2026-09-22 22:24:05,-6.927148437499966,88.33190536499023,16.567474012970926,1009.9092578125,0.42055000000000003
81.5,-81.5,2026-09-22 22:24:05,-6.927148437499966,88.33190536499023,16.567474012970926,1009.9092578125,0.42055000000000003
81.5,-81.0,2026-09-22 22:24:05,-6.927148437499966,88.33190536499023,16.567474012970926,1009.9092578125,0.42055000000000003
81.5,-80.5,2026-09-22 22:24:05,-6.927148437499966,88.33190536499023,16.567474012970926,1009.9092578125,0.42055000000000003
81.5,-80.0,2026-09-22 22:24:05,-6.927148437499966,88.33190536499023,16.567474012970926,1009.9092578125,0.42055000000000003
81.5,-79.5,2026-09-22 22:24:05,-6.927148437499966,88.33190536499023,16.567474012970926,1009.9092578125,0.42055000000000003
81.5,-79.0,2026-09-22 22:24:05,-6.927148437499966,88.33190536499023,16.567474012970926,1009.9092578125,0.42055000000000003
81.5,-78.5,2026-09-22 22:24:05,-6.927148437499966,88.33190536499023,16.567474012970926,1009.9092578125,0.42055000000000003
81.5,-78.0,2026-09-22 22:24:05,-6.927148437499966,88.33190536499023,16.567474012970926,1009.9092578125,0.42055000000000003
81.5,-77.5,2026-09-22 22:24:05,-6.927148437499966,88.33190536499023,16.567474012970926,1009.9092578125,0.42055000000000003
81.5,-77.0,2026-09-22 22:24:05,-6.927148437499966,88.33190536499023,16.567474012970926,1009.9092578125,0.42055000000000003
81.5,-76.5,2026-09-22 22:24:05,-6.927148437499966,88.33190536499023,16.567474012970926,1009.9092578125,0.42055000000000003
81.5,-76.0,2026-09-22 22:24:05,-6.927148437499966,88.33190536499023,16.567474012970926,1009.9092578125,0.42055000000000003
81.5,-75.5,2026-09-22 22:24:05,-6.927148437499966,88.33190536499023,16.567474012970926,1009.9092578125,0.42055000000000003
81.5,-75.0,2026-09-22 22:24:05,-6.927148437499966,88.33190536499023,16.567474012970926,1009.9092578125,0.42055000000000003
81.5,-74.5,2026-09-22 22:24:05,-6.927148437499966,88.33190536499023,16.567474012970926,1009.9092578125,0.42055000000000003
81.5,-74.0,2026-09-22 22:24:05,-6.927148437499966,88.33190536499023,16.567474012970926,1009.9092578125,0.42055000000000003
81.5,-73.5,2026-09-22 22:24:05,-6.927148437499966,88.33190536499023,16.567474012970926,1009.9092578125,0.42055000000000003
81.5,-73.0,2026-09-22 22:24:05,-6.927148437499966,88.33190536499023,16.567474012970926,1009.9092578125,0.42055000000000003
81.5,-72.5,2026-09-22 22:24:05,-6.927148437499966,88.33190536499023,16.567474012970926,1009.9092578125,0.42055000000000003
81.5,-72.0,2026-09-22 22:24:05,-6.927148437499966,88.33190536499023,16.567474012970926,1009.9092578125,0.42055000000000003
81.5,-71.5,2026-09-22 22:24:05,-6.927148437499966,88.33190536499023,16.567474012970926,1009.9092578125,0.42055000000000003
81.5,-71.0,2026-09-22 22:24:05,-6.927148437499966,88.33190536499023,16.567474012970926,1009.9092578125,0.42055000000000003
81.5,-70.5,2026-09-22 22:24:05,-6.927148437499966,88.33190536499023,16.567474012970926,1009.9092578125,0.42055000000000003
81.5,-70.0,2026-09-22 22:24:05,-6.927148437499966,88.33190536499023,16.567474012970926,1009.9092578125,0.42055000000000003
81.5,-69.5,2026-09-22 22:24:05,-6.927148437499966,88.33190536499023,16.567474012970926,1009.9092578125,0.42055000000000003
81.5,-69.0,2026-09-22 22:24:05,-6.927148437499966,88.33190536499023,16.567474012970926,1009.9092578125,0.42055000000000003
81.5,-68.5,2026-09-22 22:24:05,-6.927148437499966,88.33190536499023,16.567474012970926,1009.9092578125,0.42055000000000003
81.5,-68.0,2026-09-22 22:24:05,-6.927148437499966,88.33190536499023,16.567474012970926,1009.9092578125,0.42055000000000003
81.5,-67.5,2026-09-22 22:24:05,-6.927148437499966,88.33190536499023,16.567474012970926,1009.9092578125,0.42055000000000003
81.5,-67.0,2026-09-22 22:24:05,-6.927148437499966,88.33190536499023,16.567474012970926,1009.9092578125,0.42055000000000003
81.5,-66.5,2026-09-22 22:24:05,-6.927148437499966,88.33190536499023,16.567474012970926,1009.9092578125,0.42055000000000003
81.5,-66.0,2026-09-22 22:24:05,-6.927148437499966,88.33190536499023,16.567474012970926,1009.9092578125,0.42055000000000003
81.5,-65.5,2026-09-22 22:24:05,-6.927148437499966,88.33190536499023,16.567474012970926,1009.9092578125,0.42055000000000003
81.5,-65.0,2026-09-22 22:24:05,-6.927148437499966,88.33190536499023,16.567474012970926,1009.9092578125,0.42055000000000003
81.5,-64.5,2026-09-22 22:24:05,-6.927148437499966,88.33190536499023,16.567474012970926,1009.9092578125,0.42055000000000003
81.5,-64.0,2026-09-22 22:24:05,-6.927148437499966,88.33190536499023,16.567474012970926,1009.9092578125,0.42055000000000003
82.0,-90.0,2026-09-22 22:24:05,-6.227148437499977,89.08190536499023,17.467474012970925,1010.1492578125,0.7047
82.0,-89.5,2026-09-22 22:24:05,-6.227148437499977,89.08190536499023,17.467474012970925,1010.1492578125,0.7047
82.0,-89.0,2026-09-22 22:24:05,-6.227148437499977,89.08190536499023,17.467474012970925,1010.1492578125,0.7047
82.0,-88.5,2026-09-22 22:24:05,-6.227148437499977,89.08190536499023,17.467474012970925,1010.1492578125,0.7047
82.0,-88.0,2026-09-22 22:24:05,-6.227148437499977,89.08190536499023,17.467474012970925,1010.1492578125,0.7047
82.0,-87.5,2026-09-22 22:24:05,-6.227148437499977,89.08190536499023,17.467474012970925,1010.1492578125,0.7047
82.0,-87.0,2026-09-22 22:24:05,-6.227148437499977,89.08190536499023,17.467474012970925,1010.1492578125,0.7047
82.0,-86.5,2026-09-22 22:24:05,-6.227148437499977,89.08190536499023,17.467474012970925,1010.1492578125,0.7047
82.0,-86.0,2026-09-22 22:24:05,-6.227148437499977,89.08190536499023,17.467474012970925,1010.1492578125,0.7047
82.0,-85.5,2026-09-22 22:24:05,-6.227148437499977,89.08190536499023,17.467474012970925,1010.1492578125,0.7047
82.0,-85.0,2026-09-22 22:24:05,-6.227148437499977,89.08190536499023,17.467474012970925,1010.1492578125,0.7047
82.0,-84.5,2026-09-22 22:24:05,-6.227148437499977,89.08190536499023,17.467474012970925,1010.1492578125,0.7047
82.0,-84.0,2026-09-22 22:24:05,-6.227148437499977,89.08190536499023,17.467474012970925,1010.1492578125,0.7047
82.0,-83.5,2026-09-22 22:24:05,-6.227148437499977,89.08190536499023,17.467474012970925,1010.1492578125,0.7047
82.0,-83.0,2026-09-22 22:24:05,-6.227148437499977,89.08190536499023,17.467474012970925,1010.1492578125,0.7047
82.0,-82.5,2026-09-22 22:24:05,-6.227148437499977,89.08190536499023,17.467474012970925,1010.1492578125,0.7047
82.0,-82.0,2026-09-22 22:24:05,-6.227148437499977,89.08190536499023,17.467474012970925,1010.1492578125,0.7047
82.0,-81.5,2026-09-22 22:24:05,-6.227148437499977,89.08190536499023,17.467474012970925,1010.1492578125,0.7047
82.0,-81.0,2026-09-22 22:24:05,-6.227148437499977,89.08190536499023,17.467474012970925,1010.1492578125,0.7047
82.0,-80.5,2026-09-22 22:24:05,-6.227148437499977,89.08190536499023,17.467474012970925,1010.1492578125,0.7047
82.0,-80.0,2026-09-22 22:24:05,-6.227148437499977,89.08190536499023,17.467474012970925,1010.1492578125,0.7047
82.0,-79.5,2026-09-22 22:24:05,-6.227148437499977,89.08190536499023,17.467474012970925,1010.1492578125,0.7047
82.0,-79.0,2026-09-22 22:24:05,-6.227148437499977,89.08190536499023,17.467474012970925,1010.1492578125,0.7047
82.0,-78.5,2026-09-22 22:24:05,-6.227148437499977,89.08190536499023,17.467474012970925,1010.1492578125,0.7047
82.0,-78.0,2026-09-22 22:24:05,-6.227148437499977,89.08190536499023,17.467474012970925,1010.1492578125,0.7047
82.0,-77.5,2026-09-22 22:24:05,-6.227148437499977,89.08190536499023,17.467474012970925,1010.1492578125,0.7047
82.0,-77.0,2026-09-22 22:24:05,-6.227148437499977,89.08190536499023,17.467474012970925,1010.1492578125,0.7047
82.0,-76.5,2026-09-22 22:24:05,-6.227148437499977,89.08190536499023,17.467474012970925,1010.1492578125,0.7047
82.0,-76.0,2026-09-22 22:24:05,-6.227148437499977,89.08190536499023,17.467474012970925,1010.1492578125,0.7047
82.0,-75.5,2026-09-22 22:24:05,-6.227148437499977,89.08190536499023,17.467474012970925,1010.1492578125,0.7047
82.0,-75.0,2026-09-22 22:24:05,-6.227148437499977,89.08190536499023,17.467474012970925,1010.1492578125,0.7047
82.0,-74.5,2026-09-22 22:24:05,-6.227148437499977,89.08190536499023,17.467474012970925,1010.1492578125,0.7047
82.0,-74.0,2026-09-22 22:24:05,-6.227148437499977,89.08190536499023,17.467474012970925,1010.1492578125,0.7047
82.0,-73.5,2026-09-22 22:24:05,-6.227148437499977,89.08190536499023,17.467474012970925,1010.1492578125,0.7047
82.0,-73.0,2026-09-22 22:24:05,-6.227148437499977,89.08190536499023,17.467474012970925,1010.1492578125,0.7047
82.0,-72.5,2026-09-22 22:24:05,-6.227148437499977,89.08190536499023,17.467474012970925,1010.1492578125,0.7047
82.0,-72.0,2026-09-22 22:24:05,-6.227148437499977,89.08190536499023,17.467474012970925,1010.1492578125,0.7047
82.0,-71.5,2026-09-22 22:24:05,-6.227148437499977,89.08190536499023,17.467474012970925,1010.1492578125,0.7047
82.0,-71.0,2026-09-22 22:24:05,-6.227148437499977,89.08190536499023,17.467474012970925,1010.1492578125,0.7047
82.0,-70.5,2026-09-22 22:24:05,-6.227148437499977,89.08190536499023,17.467474012970925,1010.1492578125,0.7047
82.0,-70.0,2026-09-22 22:24:05,-6.227148437499977,89.08190536499023,17.467474012970925,1010.1492578125,0.7047
82.0,-69.5,2026-09-22 22:24:05,-6.227148437499977,89.08190536499023,17.467474012970925,1010.1492578125,0.7047
82.0,-69.0,2026-09-22 22:24:05,-6.227148437499977,89.08190536499023,17.467474012970925,1010.1492578125,0.7047
82.0,-68.5,2026-09-22 22:24:05,-6.227148437499977,89.08190536499023,17.467474012970925,1010.1492578125,0.7047
82.0,-68.0,2026-09-22 22:24:05,-6.227148437499977,89.08190536499023,17.467474012970925,1010.1492578125,0.7047
82.0,-67.5,2026-09-22 22:24:05,-6.227148437499977,89.08190536499023,17.467474012970925,1010.1492578125,0.7047
82.0,-67.0,2026-09-22 22:24:05,-6.227148437499977,89.08190536499023,17.467474012970925,1010.1492578125,0.7047
82.0,-66.5,2026-09-22 22:24:05,-6.227148437499977,89.08190536499023,17.467474012970925,1010.1492578125,0.7047
82.0,-66.0,2026-09-22 22:24:05,-6.227148437499977,89.08190536499023,17.467474012970925,1010.1492578125,0.7047
82.0,-65.5,2026-09-22 22:24:05,-6.227148437499977,89.08190536499023,17.467474012970925,1010.1492578125,0.7047
82.0,-65.0,2026-09-22 22:24:05,-6.227148437499977,89.08190536499023,17.467474012970925,1010.1492578125,0.7047
82.0,-64.5,2026-09-22 22:24:05,-6.227148437499977,89.08190536499023,17.467474012970925,1010.1492578125,0.7047
82.0,-64.0,2026-09-22 22:24:05,-6.227148437499977,89.08190536499023,17.467474012970925,1010.1492578125,0.7047
82.0,-63.5,2026-09-22 22:24:05,-6.227148437499977,89.08190536499023,17.467474012970925,1010.1492578125,0.7047
82.0,-63.0,2026-09-22 22:24:05,-6.227148437499977,89.08190536499023,17.467474012970925,1010.1492578125,0.7047
82.0,-62.5,2026-09-22 22:24:05,-6.227148437499977,89.08190536499023,17.467474012970925,1010.1492578125,0.7047
82.0,-62.0,2026-09-22 22:24:05,-6.227148437499977,89.08190536499023,17.467474012970925,1010.1492578125,0.7047
82.5,-86.0,2026-09-22 22:24:05,-5.927148437499966,91.33190536499023,17.107474012970926,1010.1492578125,0.5248
82.5,-85.5,2026-09-22 22:24:05,-5.927148437499966,91.33190536499023,17.107474012970926,1010.1492578125,0.5248
82.5,-85.0,2026-09-22 22:24:05,-5.927148437499966,91.33190536499023,17.107474012970926,1010.1492578125,0.5248
82.5,-84.5,2026-09-22 22:24:05,-5.927148437499966,91.33190536499023,17.107474012970926,1010.1492578125,0.5248
82.5,-83.0,2026-09-22 22:24:05,-5.927148437499966,91.33190536499023,17.107474012970926,1010.1492578125,0.5248
82.5,-82.5,2026-09-22 22:24:05,-5.927148437499966,91.33190536499023,17.107474012970926,1010.1492578125,0.5248
82.5,-82.0,2026-09-22 22:24:05,-5.927148437499966,91.33190536499023,17.107474012970926,1010.1492578125,0.5248
82.5,-81.5,2026-09-22 22:24:05,-5.927148437499966,91.33190536499023,17.107474012970926,1010.1492578125,0.5248
82.5,-81.0,2026-09-22 22:24:05,-5.927148437499966,91.33190536499023,17.107474012970926,1010.1492578125,0.5248
82.5,-80.5,2026-09-22 22:24:05,-5.927148437499966,91.33190536499023,17.107474012970926,1010.1492578125,0.5248
82.5,-80.0,2026-09-22 22:24:05,-5.927148437499966,91.33190536499023,17.107474012970926,1010.1492578125,0.5248
82.5,-79.5,2026-09-22 22:24:05,-5.927148437499966,91.33190536499023,17.107474012970926,1010.1492578125,0.5248
82.5,-79.0,2026-09-22 22:24:05,-5.927148437499966,91.33190536499023,17.107474012970926,1010.1492578125,0.5248
82.5,-78.5,2026-09-22 22:24:05,-5.927148437499966,91.33190536499023,17.107474012970926,1010.1492578125,0.5248
82.5,-78.0,2026-09-22 22:24:05,-5.927148437499966,91.33190536499023,17.107474012970926,1010.1492578125,0.5248
82.5,-77.5,2026-09-22 22:24:05,-5.927148437499966,91.33190536499023,17.107474012970926,1010.1492578125,0.5248
82.5,-77.0,2026-09-22 22:24:05,-5.927148437499966,91.33190536499023,17.107474012970926,1010.1492578125,0.5248
82.5,-76.5,2026-09-22 22:24:05,-5.927148437499966,91.33190536499023,17.107474012970926,1010.1492578125,0.5248
82.5,-76.0,2026-09-22 22:24:05,-5.927148437499966,91.33190536499023,17.107474012970926,1010.1492578125,0.5248
82.5,-75.5,2026-09-22 22:24:05,-5.927148437499966,91.33190536499023,17.107474012970926,1010.1492578125,0.5248
82.5,-75.0,2026-09-22 22:24:05,-5.927148437499966,91.33190536499023,17.107474012970926,1010.1492578125,0.5248
82.5,-74.5,2026-09-22 22:24:05,-5.927148437499966,91.33190536499023,17.107474012970926,1010.1492578125,0.5248
82.5,-74.0,2026-09-22 22:24:05,-5.927148437499966,91.33190536499023,17.107474012970926,1010.1492578125,0.5248
82.5,-73.5,2026-09-22 22:24:05,-5.927148437499966,91.33190536499023,17.107474012970926,1010.1492578125,0.5248
82.5,-73.0,2026-09-22 22:24:05,-5.927148437499966,91.33190536499023,17.107474012970926,1010.1492578125,0.5248
82.5,-72.5,2026-09-22 22:24:05,-5.927148437499966,91.33190536499023,17.107474012970926,1010.1492578125,0.5248
82.5,-72.0,2026-09-22 22:24:05,-5.927148437499966,91.33190536499023,17.107474012970926,1010.1492578125,0.5248
82.5,-71.5,2026-09-22 22:24:05,-5.927148437499966,91.33190536499023,17.107474012970926,1010.1492578125,0.5248
82.5,-71.0,2026-09-22 22:24:05,-5.927148437499966,91.33190536499023,17.107474012970926,1010.1492578125,0.5248
82.5,-70.5,2026-09-22 22:24:05,-5.927148437499966,91.33190536499023,17.107474012970926,1010.1492578125,0.5248
82.5,-70.0,2026-09-22 22:24:05,-5.927148437499966,91.33190536499023,17.107474012970926,1010.1492578125,0.5248
82.5,-69.5,2026-09-22 22:24:05,-5.927148437499966,91.33190536499023,17.107474012970926,1010.1492578125,0.5248
82.5,-69.0,2026-09-22 22:24:05,-5.927148437499966,91.33190536499023,17.107474012970926,1010.1492578125,0.5248
82.5,-68.5,2026-09-22 22:24:05,-5.927148437499966,91.33190536499023,17.107474012970926,1010.1492578125,0.5248
82.5,-68.0,2026-09-22 22:24:05,-5.927148437499966,91.33190536499023,17.107474012970926,1010.1492578125,0.5248
82.5,-67.5,2026-09-22 22:24:05,-5.927148437499966,91.33190536499023,17.107474012970926,1010.1492578125,0.5248
82.5,-67.0,2026-09-22 22:24:05,-5.927148437499966,91.33190536499023,17.107474012970926,1010.1492578125,0.5248
82.5,-66.5,2026-09-22 22:24:05,-5.927148437499966,91.33190536499023,17.107474012970926,1010.1492578125,0.5248
82.5,-66.0,2026-09-22 22:24:05,-5.927148437499966,91.33190536499023,17.107474012970926,1010.1492578125,0.5248
82.5,-65.5,2026-09-22 22:24:05,-5.927148437499966,91.33190536499023,17.107474012970926,1010.1492578125,0.5248
82.5,-65.0,2026-09-22 22:24:05,-5.927148437499966,91.33190536499023,17.107474012970926,1010.1492578125,0.5248
82.5,-64.5,2026-09-22 22:24:05,-5.927148437499966,91.33190536499023,17.107474012970926,1010.1492578125,0.5248
82.5,-64.0,2026-09-22 22:24:05,-5.927148437499966,91.33190536499023,17.107474012970926,1010.1492578125,0.5248
82.5,-63.5,2026-09-22 22:24:05,-5.927148437499966,91.33190536499023,17.107474012970926,1010.1492578125,0.5248
82.5,-63.0,2026-09-22 22:24:05,-5.927148437499966,91.33190536499023,17.107474012970926,1010.1492578125,0.5248
82.5,-62.5,2026-09-22 22:24:05,-5.927148437499966,91.33190536499023,17.107474012970926,1010.1492578125,0.5248
82.5,-62.0,2026-09-22 22:24:05,-5.927148437499966,91.33190536499023,17.107474012970926,1010.1492578125,0.5248
82.5,-61.5,2026-09-22 22:24:05,-5.927148437499966,91.33190536499023,17.107474012970926,1010.1492578125,0.5248
82.5,-61.0,2026-09-22 22:24:05,-5.927148437499966,91.33190536499023,17.107474012970926,1010.1492578125,0.5248
