{
  "accuracy": 0.8024549839996179,
  "roc_auc": 0.9318455632412326,
  "training_records": 251181,
  "features_count": 24,
  "last_trained": "2025-08-31T11:05:14.441629"
}