{
  "accuracy": 0.8017537460867451,
  "roc_auc": 0.9317823323844442,
  "training_records": 263142,
  "features_count": 24,
  "last_trained": "2025-09-01T11:08:13.489393"
}