cell_id,lat,lon,fwi,danger_class,ml_risk_probability,ml_danger_class
42.0000_-83.0000,42.0,-83.0,0.1359,Very Low,7.416e-05,Low
42.0000_-82.5000,42.0,-82.5,0.8754,Very Low,0.0023586,Moderate
42.0000_-82.0000,42.0,-82.0,3.499,Low,1.896e-05,Very Low
42.5000_-82.5000,42.5,-82.5,0.9879,Very Low,1.896e-05,Very Low
42.5000_-82.0000,42.5,-82.0,0.9401,Very Low,0.00068534,Low
42.5000_-81.5000,42.5,-81.5,4.243,Moderate,1.896e-05,Very Low
42.5000_-81.0000,42.5,-81.0,5.9359,Moderate,1.896e-05,Very Low
42.5000_-80.5000,42.5,-80.5,8.2514,High,0.00068534,Low
42.5000_-80.0000,42.5,-80.0,6.003,Moderate,0.00068534,Low
43.0000_-82.5000,43.0,-82.5,3.7204,Low,0.00083832,Moderate
43.0000_-82.0000,43.0,-82.0,3.28,Low,0.00083832,Moderate
43.0000_-81.5000,43.0,-81.5,4.5239,Moderate,7.416e-05,Low
43.0000_-81.0000,43.0,-81.0,4.9163,Moderate,7.416e-05,Low
43.0000_-80.5000,43.0,-80.5,8.1755,High,0.00053927,Low
43.0000_-80.0000,43.0,-80.0,5.9312,Moderate,7.416e-05,Low
43.0000_-79.5000,43.0,-79.5,7.1814,Moderate,0.00139077,Moderate
43.0000_-79.0000,43.0,-79.0,8.4466,High,7.416e-05,Low
43.5000_-82.0000,43.5,-82.0,6.3917,Moderate,0.00083832,Moderate
43.5000_-81.5000,43.5,-81.5,6.0489,Moderate,7.416e-05,Low
43.5000_-81.0000,43.5,-81.0,7.6764,Moderate,7.416e-05,Low
43.5000_-80.5000,43.5,-80.5,12.1219,High,0.00053927,Low
43.5000_-80.0000,43.5,-80.0,13.5057,High,0.00053927,Low
43.5000_-79.5000,43.5,-79.5,11.9847,High,7.416e-05,Low
43.5000_-79.0000,43.5,-79.0,11.7122,High,7.416e-05,Low
43.5000_-65.5000,43.5,-65.5,0.5583,Very Low,0.01996567,High
44.0000_-82.0000,44.0,-82.0,7.0928,Moderate,1.896e-05,Very Low
44.0000_-81.5000,44.0,-81.5,8.2507,High,1.896e-05,Very Low
44.0000_-81.0000,44.0,-81.0,7.4929,Moderate,7.416e-05,Low
44.0000_-80.5000,44.0,-80.5,8.0592,High,7.416e-05,Low
44.0000_-80.0000,44.0,-80.0,8.9552,High,0.00083832,Moderate
44.0000_-79.5000,44.0,-79.5,7.9288,Moderate,0.00083832,Moderate
44.0000_-79.0000,44.0,-79.0,10.7272,High,0.00105241,Moderate
44.0000_-78.5000,44.0,-78.5,10.8442,High,0.0023586,Moderate
44.0000_-78.0000,44.0,-78.0,8.833,High,0.00105241,Moderate
44.0000_-77.5000,44.0,-77.5,11.3491,High,0.00105241,Moderate
44.0000_-77.0000,44.0,-77.0,11.9176,High,0.00083832,Moderate
44.0000_-76.5000,44.0,-76.5,11.6534,High,7.416e-05,Low
44.0000_-66.0000,44.0,-66.0,1.2326,Very Low,0.03276447,High
44.0000_-65.5000,44.0,-65.5,0.6274,Very Low,0.02281652,High
44.0000_-65.0000,44.0,-65.0,0.1397,Very Low,0.01432781,High
44.0000_-60.0000,44.0,-60.0,3.7748,Low,0.00053927,Low
44.5000_-82.0000,44.5,-82.0,9.4552,High,1.896e-05,Very Low
44.5000_-81.5000,44.5,-81.5,8.0262,High,0.00068534,Low
44.5000_-81.0000,44.5,-81.0,7.8728,Moderate,0.00068534,Low
44.5000_-80.5000,44.5,-80.5,5.9463,Moderate,1.896e-05,Very Low
44.5000_-80.0000,44.5,-80.0,6.3693,Moderate,0.00083832,Moderate
44.5000_-79.5000,44.5,-79.5,7.998,Moderate,0.00139077,Moderate
44.5000_-79.0000,44.5,-79.0,8.1709,High,0.00770915,Moderate
44.5000_-78.5000,44.5,-78.5,10.2895,High,0.01102536,High
44.5000_-78.0000,44.5,-78.0,11.8225,High,0.02154918,High
44.5000_-77.5000,44.5,-77.5,13.1643,High,0.00355104,Moderate
44.5000_-77.0000,44.5,-77.0,10.5234,High,0.0054932,Moderate
44.5000_-76.5000,44.5,-76.5,9.6933,High,0.00140231,Moderate
44.5000_-76.0000,44.5,-76.0,9.9078,High,0.01250206,High
44.5000_-66.0000,44.5,-66.0,0.201,Very Low,0.00333659,Moderate
44.5000_-65.5000,44.5,-65.5,0.2576,Very Low,0.01250206,High
44.5000_-65.0000,44.5,-65.0,0.0545,Very Low,0.01432781,High
44.5000_-64.5000,44.5,-64.5,0.0378,Very Low,0.01250206,High
44.5000_-64.0000,44.5,-64.0,0.0022,Very Low,0.00139077,Moderate
44.5000_-63.5000,44.5,-63.5,0.082,Very Low,0.00632347,Moderate
45.0000_-82.5000,45.0,-82.5,8.6109,High,1.896e-05,Very Low
45.0000_-82.0000,45.0,-82.0,9.0291,High,1.896e-05,Very Low
45.0000_-81.5000,45.0,-81.5,9.9081,High,0.00139077,Moderate
45.0000_-81.0000,45.0,-81.0,7.4766,Moderate,0.00053927,Low
45.0000_-80.5000,45.0,-80.5,6.8082,Moderate,0.00068534,Low
45.0000_-80.0000,45.0,-80.0,6.4275,Moderate,0.03276447,High
45.0000_-79.5000,45.0,-79.5,6.8509,Moderate,0.03276447,High
45.0000_-79.0000,45.0,-79.0,8.883,High,0.04267782,High
45.0000_-78.5000,45.0,-78.5,9.4751,High,0.02704935,High
45.0000_-78.0000,45.0,-78.0,9.9315,High,0.02154918,High
45.0000_-77.5000,45.0,-77.5,10.6002,High,0.10967256,High
45.0000_-77.0000,45.0,-77.0,10.3749,High,0.10967256,High
45.0000_-76.5000,45.0,-76.5,10.8265,High,0.03276447,High
45.0000_-76.0000,45.0,-76.0,10.1281,High,0.00139077,Moderate
45.0000_-75.5000,45.0,-75.5,9.4956,High,0.00083832,Moderate
45.0000_-75.0000,45.0,-75.0,7.4026,Moderate,0.0023586,Moderate
45.0000_-74.5000,45.0,-74.5,5.3952,Moderate,0.00355104,Moderate
45.0000_-74.0000,45.0,-74.0,2.5007,Low,0.01432781,High
45.0000_-73.5000,45.0,-73.5,0.9851,Very Low,0.00734049,Moderate
45.0000_-73.0000,45.0,-73.0,0.4226,Very Low,0.0023586,Moderate
45.0000_-72.5000,45.0,-72.5,0.1682,Very Low,0.02154918,High
45.0000_-72.0000,45.0,-72.0,0.3842,Very Low,0.00632347,Moderate
45.0000_-71.5000,45.0,-71.5,0.4815,Very Low,0.0023586,Moderate
45.0000_-67.0000,45.0,-67.0,0.4965,Very Low,0.03276447,High
45.0000_-66.5000,45.0,-66.5,0.3489,Very Low,0.00973957,Moderate
45.0000_-65.0000,45.0,-65.0,0.0319,Very Low,0.01432781,High
45.0000_-64.5000,45.0,-64.5,0.0015,Very Low,0.01996567,High
45.0000_-64.0000,45.0,-64.0,0.0214,Very Low,0.01996567,High
45.0000_-63.5000,45.0,-63.5,0.049,Very Low,0.02154918,High
45.0000_-63.0000,45.0,-63.0,0.0502,Very Low,0.00973957,Moderate
45.0000_-62.5000,45.0,-62.5,0.4055,Very Low,0.00355104,Moderate
45.0000_-62.0000,45.0,-62.0,0.2591,Very Low,0.00139077,Moderate
45.5000_-83.0000,45.5,-83.0,5.1784,Moderate,1.896e-05,Very Low
45.5000_-82.5000,45.5,-82.5,5.7536,Moderate,0.00015106,Low
45.5000_-82.0000,45.5,-82.0,7.9678,Moderate,0.00083832,Moderate
45.5000_-81.5000,45.5,-81.5,7.5886,Moderate,0.00140231,Moderate
45.5000_-81.0000,45.5,-81.0,7.9085,Moderate,1.896e-05,Very Low
45.5000_-80.5000,45.5,-80.5,7.9164,Moderate,0.02704935,High
45.5000_-80.0000,45.5,-80.0,8.7595,High,0.02704935,High
45.5000_-79.5000,45.5,-79.5,7.5547,Moderate,0.00973957,Moderate
45.5000_-79.0000,45.5,-79.0,8.4674,High,0.06413994,High
45.5000_-78.5000,45.5,-78.5,10.4056,High,0.10500879,High
45.5000_-78.0000,45.5,-78.0,10.3251,High,0.03276447,High
45.5000_-77.5000,45.5,-77.5,8.3856,High,0.02281652,High
45.5000_-77.0000,45.5,-77.0,8.5902,High,0.01926164,High
45.5000_-76.5000,45.5,-76.5,9.9551,High,0.05620805,High
45.5000_-76.0000,45.5,-76.0,8.3498,High,0.08423395,High
45.5000_-75.5000,45.5,-75.5,8.5432,High,0.07567568,High
45.5000_-75.0000,45.5,-75.0,7.3967,Moderate,0.02154918,High
45.5000_-74.5000,45.5,-74.5,5.3143,Moderate,0.06413994,High
45.5000_-74.0000,45.5,-74.0,5.9586,Moderate,0.047139,High
45.5000_-73.5000,45.5,-73.5,8.8375,High,0.02281652,High
45.5000_-73.0000,45.5,-73.0,0.513,Very Low,0.02704935,High
45.5000_-72.5000,45.5,-72.5,0.5582,Very Low,0.03657881,High
45.5000_-72.0000,45.5,-72.0,0.441,Very Low,0.03276447,High
45.5000_-71.5000,45.5,-71.5,0.1572,Very Low,0.01040092,Moderate
45.5000_-71.0000,45.5,-71.0,0.6078,Very Low,0.00973957,Moderate
45.5000_-67.5000,45.5,-67.5,5.8504,Moderate,0.05620805,High
45.5000_-67.0000,45.5,-67.0,5.4926,Moderate,0.04267782,High
45.5000_-66.5000,45.5,-66.5,3.6316,Low,0.04267782,High
45.5000_-66.0000,45.5,-66.0,3.3104,Low,0.04938272,High
45.5000_-65.5000,45.5,-65.5,1.2743,Very Low,0.02704935,High
45.5000_-65.0000,45.5,-65.0,0.3762,Very Low,0.00068534,Low
45.5000_-64.5000,45.5,-64.5,0.0657,Very Low,0.01996567,High
45.5000_-64.0000,45.5,-64.0,0.0001,Very Low,0.00973957,Moderate
45.5000_-63.5000,45.5,-63.5,0.0011,Very Low,0.00697906,Moderate
45.5000_-63.0000,45.5,-63.0,0.1037,Very Low,0.01432781,High
45.5000_-62.5000,45.5,-62.5,0.3632,Very Low,0.01432781,High
45.5000_-62.0000,45.5,-62.0,0.7977,Very Low,0.02154918,High
45.5000_-61.5000,45.5,-61.5,0.6402,Very Low,0.00770915,Moderate
45.5000_-61.0000,45.5,-61.0,2.0122,Low,0.00770915,Moderate
46.0000_-84.0000,46.0,-84.0,7.6349,Moderate,1.896e-05,Very Low
46.0000_-83.5000,46.0,-83.5,5.6044,Moderate,0.00053927,Low
46.0000_-83.0000,46.0,-83.0,6.3271,Moderate,0.00083832,Moderate
46.0000_-82.5000,46.0,-82.5,5.7383,Moderate,0.00140231,Moderate
46.0000_-82.0000,46.0,-82.0,7.0024,Moderate,0.03657881,High
46.0000_-81.5000,46.0,-81.5,7.0746,Moderate,0.03657881,High
46.0000_-81.0000,46.0,-81.0,6.991,Moderate,0.03657881,High
46.0000_-80.5000,46.0,-80.5,7.2012,Moderate,0.03383363,High
46.0000_-80.0000,46.0,-80.0,8.0205,High,0.03276447,High
46.0000_-79.5000,46.0,-79.5,6.4753,Moderate,0.01996567,High
46.0000_-79.0000,46.0,-79.0,6.6657,Moderate,0.02154918,High
46.0000_-78.5000,46.0,-78.5,8.3398,High,0.02704935,High
46.0000_-78.0000,46.0,-78.0,7.1164,Moderate,0.08001374,High
46.0000_-77.5000,46.0,-77.5,6.7843,Moderate,0.07567568,High
46.0000_-77.0000,46.0,-77.0,6.7722,Moderate,0.05620805,High
46.0000_-76.5000,46.0,-76.5,7.2688,Moderate,0.05816555,High
46.0000_-76.0000,46.0,-76.0,9.2586,High,0.09349289,High
46.0000_-75.5000,46.0,-75.5,8.2133,High,0.07052897,High
46.0000_-75.0000,46.0,-75.0,6.5059,Moderate,0.06707759,High
46.0000_-74.5000,46.0,-74.5,6.4629,Moderate,0.07052897,High
46.0000_-74.0000,46.0,-74.0,6.0178,Moderate,0.06413994,High
46.0000_-73.5000,46.0,-73.5,9.4794,High,0.10967256,High
46.0000_-73.0000,46.0,-73.0,9.9805,High,0.02068278,High
46.0000_-72.5000,46.0,-72.5,8.4874,High,0.03657881,High
46.0000_-72.0000,46.0,-72.0,5.9393,Moderate,0.02704935,High
46.0000_-71.5000,46.0,-71.5,1.5573,Very Low,0.02704935,High
46.0000_-71.0000,46.0,-71.0,6.68,Moderate,0.03276447,High
46.0000_-70.5000,46.0,-70.5,7.9006,Moderate,0.02281652,High
46.0000_-67.5000,46.0,-67.5,7.3122,Moderate,0.07052897,High
46.0000_-67.0000,46.0,-67.0,6.7559,Moderate,0.05620805,High
46.0000_-66.5000,46.0,-66.5,4.6639,Moderate,0.04267782,High
46.0000_-66.0000,46.0,-66.0,1.5836,Very Low,0.03657881,High
46.0000_-65.5000,46.0,-65.5,3.9469,Low,0.04267782,High
46.0000_-65.0000,46.0,-65.0,3.6642,Low,0.05620805,High
46.0000_-64.5000,46.0,-64.5,2.3924,Low,0.04267782,High
46.0000_-64.0000,46.0,-64.0,0.1465,Very Low,0.02281652,High
46.0000_-63.0000,46.0,-63.0,0.3,Very Low,0.00140231,Moderate
46.0000_-62.5000,46.0,-62.5,0.4591,Very Low,0.00105241,Moderate
46.0000_-61.5000,46.0,-61.5,1.6672,Very Low,0.0054932,Moderate
46.0000_-61.0000,46.0,-61.0,2.9777,Low,0.00632347,Moderate
46.0000_-60.5000,46.0,-60.5,2.7991,Low,0.02704935,High
46.0000_-60.0000,46.0,-60.0,4.2257,Moderate,0.0344086,High
46.5000_-84.5000,46.5,-84.5,6.5592,Moderate,0.01926164,High
46.5000_-84.0000,46.5,-84.0,7.5275,Moderate,0.03276447,High
46.5000_-83.5000,46.5,-83.5,7.5333,Moderate,0.01996567,High
46.5000_-83.0000,46.5,-83.0,5.7997,Moderate,0.01102536,High
46.5000_-82.5000,46.5,-82.5,6.6761,Moderate,0.03655352,High
46.5000_-82.0000,46.5,-82.0,6.0463,Moderate,0.02154918,High
46.5000_-81.5000,46.5,-81.5,6.0166,Moderate,0.03276447,High
46.5000_-81.0000,46.5,-81.0,8.0236,High,0.03290069,High
46.5000_-80.5000,46.5,-80.5,5.8455,Moderate,0.03276447,High
46.5000_-80.0000,46.5,-80.0,5.0333,Moderate,0.03276447,High
46.5000_-79.5000,46.5,-79.5,5.1315,Moderate,0.04267782,High
46.5000_-79.0000,46.5,-79.0,5.9948,Moderate,0.05620805,High
46.5000_-78.5000,46.5,-78.5,6.5581,Moderate,0.047139,High
46.5000_-78.0000,46.5,-78.0,6.5401,Moderate,0.01996567,High
46.5000_-77.5000,46.5,-77.5,9.1915,High,0.02474645,High
46.5000_-77.0000,46.5,-77.0,9.1059,High,0.02281652,High
46.5000_-76.5000,46.5,-76.5,9.4284,High,0.02704935,High
46.5000_-76.0000,46.5,-76.0,8.2076,High,0.09349289,High
46.5000_-75.5000,46.5,-75.5,8.0492,High,0.06707759,High
46.5000_-75.0000,46.5,-75.0,8.0206,High,0.09349289,High
46.5000_-74.5000,46.5,-74.5,6.6134,Moderate,0.02704935,High
46.5000_-74.0000,46.5,-74.0,7.1573,Moderate,0.08001374,High
46.5000_-73.5000,46.5,-73.5,7.9264,Moderate,0.08001374,High
46.5000_-73.0000,46.5,-73.0,7.4139,Moderate,0.08001374,High
46.5000_-72.5000,46.5,-72.5,8.0046,High,0.07567568,High
46.5000_-72.0000,46.5,-72.0,7.1185,Moderate,0.02281652,High
46.5000_-71.5000,46.5,-71.5,7.5945,Moderate,0.047139,High
46.5000_-71.0000,46.5,-71.0,3.5117,Low,0.02281652,High
46.5000_-70.5000,46.5,-70.5,4.3902,Moderate,0.01040092,Moderate
46.5000_-70.0000,46.5,-70.0,7.7613,Moderate,0.01432781,High
46.5000_-67.5000,46.5,-67.5,1.5143,Very Low,0.047139,High
46.5000_-67.0000,46.5,-67.0,6.6349,Moderate,0.02154918,High
46.5000_-66.5000,46.5,-66.5,5.1522,Moderate,0.02281652,High
46.5000_-66.0000,46.5,-66.0,4.1441,Moderate,0.0540013,High
46.5000_-65.5000,46.5,-65.5,3.851,Low,0.02704935,High
46.5000_-65.0000,46.5,-65.0,3.2927,Low,0.05620805,High
46.5000_-64.0000,46.5,-64.0,0.6511,Very Low,0.0023586,Moderate
46.5000_-63.5000,46.5,-63.5,0.9687,Very Low,0.00139077,Moderate
46.5000_-63.0000,46.5,-63.0,0.5578,Very Low,0.00139077,Moderate
46.5000_-62.5000,46.5,-62.5,0.5602,Very Low,0.00105241,Moderate
46.5000_-62.0000,46.5,-62.0,0.9122,Very Low,0.00053927,Low
46.5000_-61.0000,46.5,-61.0,0.4677,Very Low,0.0023586,Moderate
46.5000_-60.5000,46.5,-60.5,0.6746,Very Low,0.02281652,High
47.0000_-85.0000,47.0,-85.0,1.5808,Very Low,0.00068534,Low
47.0000_-84.5000,47.0,-84.5,5.5464,Moderate,0.03276447,High
47.0000_-84.0000,47.0,-84.0,5.7652,Moderate,0.01250206,High
47.0000_-83.5000,47.0,-83.5,5.6667,Moderate,0.01056092,High
47.0000_-83.0000,47.0,-83.0,5.7712,Moderate,0.0054932,Moderate
47.0000_-82.5000,47.0,-82.5,5.4904,Moderate,0.01432781,High
47.0000_-82.0000,47.0,-82.0,4.6363,Moderate,0.03276447,High
47.0000_-81.5000,47.0,-81.5,5.1625,Moderate,0.03276447,High
47.0000_-81.0000,47.0,-81.0,4.5633,Moderate,0.03276447,High
47.0000_-80.5000,47.0,-80.5,5.7249,Moderate,0.02704935,High
47.0000_-80.0000,47.0,-80.0,4.1197,Moderate,0.02704935,High
47.0000_-79.5000,47.0,-79.5,5.6029,Moderate,0.047139,High
47.0000_-79.0000,47.0,-79.0,4.3585,Moderate,0.03276447,High
47.0000_-78.5000,47.0,-78.5,5.5082,Moderate,0.0054932,Moderate
47.0000_-78.0000,47.0,-78.0,7.232,Moderate,0.00734049,Moderate
47.0000_-77.5000,47.0,-77.5,6.9831,Moderate,0.01649175,High
47.0000_-77.0000,47.0,-77.0,9.7374,High,0.02704935,High
47.0000_-76.5000,47.0,-76.5,8.5855,High,0.02474645,High
47.0000_-76.0000,47.0,-76.0,7.969,Moderate,0.01432781,High
47.0000_-75.5000,47.0,-75.5,8.177,High,0.02068278,High
47.0000_-75.0000,47.0,-75.0,5.0526,Moderate,0.00586819,Moderate
47.0000_-74.5000,47.0,-74.5,3.2618,Low,0.01432781,High
47.0000_-74.0000,47.0,-74.0,6.5793,Moderate,0.02474645,High
47.0000_-73.5000,47.0,-73.5,3.9093,Low,0.02154918,High
47.0000_-73.0000,47.0,-73.0,7.5537,Moderate,0.05620805,High
47.0000_-72.5000,47.0,-72.5,6.742,Moderate,0.02068278,High
47.0000_-72.0000,47.0,-72.0,5.3285,Moderate,0.03276447,High
47.0000_-71.5000,47.0,-71.5,7.083,Moderate,0.0540013,High
47.0000_-71.0000,47.0,-71.0,5.2119,Moderate,0.02704935,High
47.0000_-70.5000,47.0,-70.5,6.221,Moderate,0.00632347,Moderate
47.0000_-70.0000,47.0,-70.0,5.6008,Moderate,0.01056092,High
47.0000_-67.5000,47.0,-67.5,0.9862,Very Low,0.06707759,High
47.0000_-67.0000,47.0,-67.0,1.9809,Very Low,0.00896526,Moderate
47.0000_-66.5000,47.0,-66.5,3.5403,Low,0.01649175,High
47.0000_-66.0000,47.0,-66.0,2.9071,Low,0.06707759,High
47.0000_-65.5000,47.0,-65.5,5.1543,Moderate,0.06707759,High
47.0000_-65.0000,47.0,-65.0,4.4591,Moderate,0.05620805,High
47.0000_-64.0000,47.0,-64.0,0.9723,Very Low,0.00083832,Moderate
47.0000_-60.5000,47.0,-60.5,0.3867,Very Low,0.00083832,Moderate
47.0000_-56.0000,47.0,-56.0,1.3418,Very Low,0.00083832,Moderate
47.0000_-55.5000,47.0,-55.5,0.8492,Very Low,0.00105241,Moderate
47.0000_-55.0000,47.0,-55.0,2.3935,Low,0.00139077,Moderate
47.0000_-54.0000,47.0,-54.0,0.6843,Very Low,0.00305399,Moderate
47.0000_-53.5000,47.0,-53.5,1.3637,Very Low,0.00139077,Moderate
47.0000_-53.0000,47.0,-53.0,2.7079,Low,0.00333659,Moderate
47.5000_-86.5000,47.5,-86.5,2.9402,Low,1.896e-05,Very Low
47.5000_-86.0000,47.5,-86.0,2.3963,Low,1.896e-05,Very Low
47.5000_-85.5000,47.5,-85.5,2.144,Low,1.896e-05,Very Low
47.5000_-85.0000,47.5,-85.0,2.0304,Low,0.00068534,Low
47.5000_-84.5000,47.5,-84.5,4.2767,Moderate,0.00333659,Moderate
47.5000_-84.0000,47.5,-84.0,3.8257,Low,0.00139077,Moderate
47.5000_-83.5000,47.5,-83.5,3.4349,Low,0.00734049,Moderate
47.5000_-83.0000,47.5,-83.0,3.792,Low,0.01996567,High
47.5000_-82.5000,47.5,-82.5,4.6112,Moderate,0.01996567,High
47.5000_-82.0000,47.5,-82.0,3.412,Low,0.02474645,High
47.5000_-81.5000,47.5,-81.5,2.9648,Low,0.00632347,Moderate
47.5000_-81.0000,47.5,-81.0,4.511,Moderate,0.00355104,Moderate
47.5000_-80.5000,47.5,-80.5,3.9729,Low,0.01040092,Moderate
47.5000_-80.0000,47.5,-80.0,4.9311,Moderate,0.02704935,High
47.5000_-79.5000,47.5,-79.5,4.2611,Moderate,0.03702563,High
47.5000_-79.0000,47.5,-79.0,4.0281,Moderate,0.01040092,Moderate
47.5000_-78.5000,47.5,-78.5,3.7239,Low,0.00932712,Moderate
47.5000_-78.0000,47.5,-78.0,4.1807,Moderate,0.00333659,Moderate
47.5000_-77.5000,47.5,-77.5,6.1937,Moderate,0.0054932,Moderate
47.5000_-77.0000,47.5,-77.0,2.1042,Low,0.00305399,Moderate
47.5000_-76.5000,47.5,-76.5,6.8314,Moderate,0.00973957,Moderate
47.5000_-76.0000,47.5,-76.0,7.9954,Moderate,0.00973957,Moderate
47.5000_-75.5000,47.5,-75.5,7.4485,Moderate,0.00770915,Moderate
47.5000_-75.0000,47.5,-75.0,5.8966,Moderate,0.00770915,Moderate
47.5000_-74.5000,47.5,-74.5,3.5911,Low,0.00140231,Moderate
47.5000_-74.0000,47.5,-74.0,2.4101,Low,0.00586819,Moderate
47.5000_-73.5000,47.5,-73.5,0.911,Very Low,0.00355104,Moderate
47.5000_-73.0000,47.5,-73.0,0.9994,Very Low,0.03702563,High
47.5000_-72.5000,47.5,-72.5,4.6227,Moderate,0.01040092,Moderate
47.5000_-72.0000,47.5,-72.0,3.184,Low,0.00083832,Moderate
47.5000_-71.5000,47.5,-71.5,3.6399,Low,0.00068534,Low
47.5000_-71.0000,47.5,-71.0,4.7479,Moderate,0.00140231,Moderate
47.5000_-70.5000,47.5,-70.5,6.6806,Moderate,0.01649175,High
47.5000_-70.0000,47.5,-70.0,2.4366,Low,0.00770915,Moderate
47.5000_-69.5000,47.5,-69.5,3.0901,Low,0.00141978,Moderate
47.5000_-69.0000,47.5,-69.0,3.9532,Low,0.00586819,Moderate
47.5000_-68.5000,47.5,-68.5,2.3491,Low,0.03702563,High
47.5000_-68.0000,47.5,-68.0,2.4508,Low,0.03702563,High
47.5000_-67.5000,47.5,-67.5,5.2378,Moderate,0.03290069,High
47.5000_-67.0000,47.5,-67.0,4.774,Moderate,0.01649175,High
47.5000_-66.5000,47.5,-66.5,0.709,Very Low,0.01649175,High
47.5000_-66.0000,47.5,-66.0,1.5709,Very Low,0.05620805,High
47.5000_-65.5000,47.5,-65.5,2.4723,Low,0.05620805,High
47.5000_-65.0000,47.5,-65.0,3.9213,Low,0.05620805,High
47.5000_-61.5000,47.5,-61.5,2.8195,Low,0.00068534,Low
47.5000_-59.0000,47.5,-59.0,2.0578,Low,0.00068534,Low
47.5000_-57.0000,47.5,-57.0,0.6231,Very Low,0.00068534,Low
47.5000_-56.0000,47.5,-56.0,1.359,Very Low,0.00068534,Low
47.5000_-55.5000,47.5,-55.5,0.7547,Very Low,0.00083832,Moderate
47.5000_-55.0000,47.5,-55.0,2.1625,Low,0.00083832,Moderate
47.5000_-54.5000,47.5,-54.5,2.5019,Low,0.00068534,Low
47.5000_-54.0000,47.5,-54.0,0.576,Very Low,0.00083832,Moderate
47.5000_-53.5000,47.5,-53.5,0.6912,Very Low,0.01432781,High
47.5000_-53.0000,47.5,-53.0,3.1163,Low,0.03276447,High
47.5000_-52.5000,47.5,-52.5,2.1216,Low,0.01377744,High
48.0000_-91.5000,48.0,-91.5,3.3017,Low,0.02281652,High
48.0000_-90.5000,48.0,-90.5,5.2101,Moderate,0.00140231,Moderate
48.0000_-90.0000,48.0,-90.0,4.6279,Moderate,0.01040092,Moderate
48.0000_-89.5000,48.0,-89.5,2.6601,Low,0.0023586,Moderate
48.0000_-87.5000,48.0,-87.5,2.0964,Low,1.896e-05,Very Low
48.0000_-87.0000,48.0,-87.0,1.3896,Very Low,1.896e-05,Very Low
48.0000_-86.5000,48.0,-86.5,1.7184,Very Low,1.896e-05,Very Low
48.0000_-86.0000,48.0,-86.0,3.065,Low,0.0023586,Moderate
48.0000_-85.5000,48.0,-85.5,2.7419,Low,0.00243473,Moderate
48.0000_-85.0000,48.0,-85.0,2.9742,Low,0.00140231,Moderate
48.0000_-84.5000,48.0,-84.5,3.805,Low,0.01040092,Moderate
48.0000_-84.0000,48.0,-84.0,3.5595,Low,0.00333659,Moderate
48.0000_-83.5000,48.0,-83.5,3.1592,Low,0.03290069,High
48.0000_-83.0000,48.0,-83.0,4.1263,Moderate,0.00083832,Moderate
48.0000_-82.5000,48.0,-82.5,2.4669,Low,0.00355104,Moderate
48.0000_-82.0000,48.0,-82.0,4.0383,Moderate,0.02704935,High
48.0000_-81.5000,48.0,-81.5,4.151,Moderate,0.00333659,Moderate
48.0000_-81.0000,48.0,-81.0,2.815,Low,0.00973957,Moderate
48.0000_-80.5000,48.0,-80.5,3.4043,Low,0.00973957,Moderate
48.0000_-80.0000,48.0,-80.0,3.4943,Low,0.02704935,High
48.0000_-79.5000,48.0,-79.5,4.0407,Moderate,0.03450564,High
48.0000_-79.0000,48.0,-79.0,3.6017,Low,0.03702563,High
48.0000_-78.5000,48.0,-78.5,2.9617,Low,0.01040092,Moderate
48.0000_-78.0000,48.0,-78.0,4.0374,Moderate,0.03276447,High
48.0000_-77.5000,48.0,-77.5,2.9378,Low,0.03657881,High
48.0000_-77.0000,48.0,-77.0,3.4562,Low,0.00896526,Moderate
48.0000_-76.5000,48.0,-76.5,0.971,Very Low,0.0054932,Moderate
48.0000_-76.0000,48.0,-76.0,1.1893,Very Low,0.0023586,Moderate
48.0000_-75.5000,48.0,-75.5,1.0993,Very Low,0.01432781,High
48.0000_-75.0000,48.0,-75.0,1.4057,Very Low,0.00355104,Moderate
48.0000_-74.5000,48.0,-74.5,1.1637,Very Low,0.01040092,Moderate
48.0000_-74.0000,48.0,-74.0,4.2802,Moderate,0.0054932,Moderate
48.0000_-73.5000,48.0,-73.5,4.7858,Moderate,0.00611154,Moderate
48.0000_-73.0000,48.0,-73.0,4.0028,Moderate,0.0054932,Moderate
48.0000_-72.5000,48.0,-72.5,4.1753,Moderate,0.00611154,Moderate
48.0000_-72.0000,48.0,-72.0,0.6961,Very Low,0.00139077,Moderate
48.0000_-71.5000,48.0,-71.5,0.0235,Very Low,0.00083832,Moderate
48.0000_-71.0000,48.0,-71.0,0.0878,Very Low,0.00611154,Moderate
48.0000_-70.5000,48.0,-70.5,0.213,Very Low,0.00355104,Moderate
48.0000_-70.0000,48.0,-70.0,7.0612,Moderate,0.02154918,High
48.0000_-69.5000,48.0,-69.5,3.7054,Low,0.01056092,High
48.0000_-69.0000,48.0,-69.0,2.0043,Low,0.01432781,High
48.0000_-68.5000,48.0,-68.5,5.1345,Moderate,0.01432781,High
48.0000_-68.0000,48.0,-68.0,3.9694,Low,0.01102536,High
48.0000_-67.5000,48.0,-67.5,0.9766,Very Low,0.00355104,Moderate
48.0000_-67.0000,48.0,-67.0,1.4006,Very Low,0.01996567,High
48.0000_-66.5000,48.0,-66.5,0.5239,Very Low,0.05620805,High
48.0000_-66.0000,48.0,-66.0,0.2059,Very Low,0.02704935,High
48.0000_-65.5000,48.0,-65.5,0.0812,Very Low,0.01056092,High
48.0000_-64.5000,48.0,-64.5,0.7661,Very Low,0.03276447,High
48.0000_-59.0000,48.0,-59.0,0.1988,Very Low,0.0054932,Moderate
48.0000_-58.5000,48.0,-58.5,0.1853,Very Low,0.00068534,Low
48.0000_-58.0000,48.0,-58.0,0.4428,Very Low,0.00068534,Low
48.0000_-57.5000,48.0,-57.5,0.8996,Very Low,0.00083832,Moderate
48.0000_-57.0000,48.0,-57.0,1.5831,Very Low,0.00018179,Low
48.0000_-56.5000,48.0,-56.5,3.703,Low,0.00068534,Low
48.0000_-56.0000,48.0,-56.0,4.2118,Moderate,0.00083832,Moderate
48.0000_-55.5000,48.0,-55.5,1.8258,Very Low,0.00068534,Low
48.0000_-55.0000,48.0,-55.0,0.8971,Very Low,0.00068534,Low
48.0000_-54.5000,48.0,-54.5,1.2941,Very Low,0.00068534,Low
48.0000_-54.0000,48.0,-54.0,0.925,Very Low,0.0023586,Moderate
48.0000_-53.5000,48.0,-53.5,1.4628,Very Low,0.00083832,Moderate
48.0000_-53.0000,48.0,-53.0,1.3427,Very Low,0.01649175,High
48.5000_-124.5000,48.5,-124.5,1.9266,Very Low,0.00973957,Moderate
48.5000_-124.0000,48.5,-124.0,13.535,High,0.14174589,High
48.5000_-123.5000,48.5,-123.5,10.0563,High,0.14661355,High
48.5000_-93.5000,48.5,-93.5,3.5216,Low,0.03276447,High
48.5000_-92.5000,48.5,-92.5,2.8499,Low,0.00770915,Moderate
48.5000_-92.0000,48.5,-92.0,2.4887,Low,0.03276447,High
48.5000_-91.5000,48.5,-91.5,2.341,Low,0.02704935,High
48.5000_-91.0000,48.5,-91.0,2.9501,Low,0.02281652,High
48.5000_-90.5000,48.5,-90.5,3.0985,Low,0.01056092,High
48.5000_-90.0000,48.5,-90.0,4.1441,Moderate,0.03276447,High
48.5000_-89.5000,48.5,-89.5,4.226,Moderate,0.04267782,High
48.5000_-89.0000,48.5,-89.0,5.0134,Moderate,0.03276447,High
48.5000_-88.5000,48.5,-88.5,3.0,Low,0.0054932,Moderate
48.5000_-88.0000,48.5,-88.0,2.3899,Low,0.00083832,Moderate
48.5000_-87.5000,48.5,-87.5,1.5782,Very Low,1.896e-05,Very Low
48.5000_-87.0000,48.5,-87.0,1.8098,Very Low,0.00068534,Low
48.5000_-86.5000,48.5,-86.5,0.7591,Very Low,0.00068534,Low
48.5000_-86.0000,48.5,-86.0,2.1623,Low,0.0054932,Moderate
48.5000_-85.5000,48.5,-85.5,0.9934,Very Low,0.03276447,High
48.5000_-85.0000,48.5,-85.0,1.2481,Very Low,0.02281652,High
48.5000_-84.5000,48.5,-84.5,0.6256,Very Low,0.00586819,Moderate
48.5000_-84.0000,48.5,-84.0,0.6324,Very Low,0.00139077,Moderate
48.5000_-83.5000,48.5,-83.5,0.4478,Very Low,0.00105241,Moderate
48.5000_-83.0000,48.5,-83.0,0.6283,Very Low,0.00243473,Moderate
48.5000_-82.5000,48.5,-82.5,1.4013,Very Low,0.0023586,Moderate
48.5000_-82.0000,48.5,-82.0,0.8744,Very Low,0.00333659,Moderate
48.5000_-81.5000,48.5,-81.5,0.4667,Very Low,0.01040092,Moderate
48.5000_-81.0000,48.5,-81.0,0.6713,Very Low,0.0023586,Moderate
48.5000_-80.5000,48.5,-80.5,1.2914,Very Low,0.00333659,Moderate
48.5000_-80.0000,48.5,-80.0,0.7128,Very Low,0.00333659,Moderate
48.5000_-79.5000,48.5,-79.5,0.716,Very Low,0.00139077,Moderate
48.5000_-79.0000,48.5,-79.0,0.6701,Very Low,0.02281652,High
48.5000_-78.5000,48.5,-78.5,0.6427,Very Low,0.01432781,High
48.5000_-78.0000,48.5,-78.0,2.526,Low,0.02154918,High
48.5000_-77.5000,48.5,-77.5,2.369,Low,0.02281652,High
48.5000_-77.0000,48.5,-77.0,0.856,Very Low,0.01250206,High
48.5000_-76.5000,48.5,-76.5,0.7959,Very Low,0.00355104,Moderate
48.5000_-76.0000,48.5,-76.0,2.8067,Low,0.00697906,Moderate
48.5000_-75.5000,48.5,-75.5,0.968,Very Low,0.00770915,Moderate
48.5000_-75.0000,48.5,-75.0,4.7478,Moderate,0.0054932,Moderate
48.5000_-74.5000,48.5,-74.5,4.9698,Moderate,0.00333659,Moderate
48.5000_-74.0000,48.5,-74.0,0.8415,Very Low,0.0023586,Moderate
48.5000_-73.5000,48.5,-73.5,0.8142,Very Low,0.00770915,Moderate
48.5000_-73.0000,48.5,-73.0,0.2091,Very Low,0.0054932,Moderate
48.5000_-72.5000,48.5,-72.5,0.3808,Very Low,0.01996567,High
48.5000_-72.0000,48.5,-72.0,0.6596,Very Low,0.00333659,Moderate
48.5000_-71.5000,48.5,-71.5,0.0844,Very Low,0.01432781,High
48.5000_-71.0000,48.5,-71.0,0.3114,Very Low,0.02474645,High
48.5000_-70.5000,48.5,-70.5,0.4995,Very Low,0.00557103,Moderate
48.5000_-70.0000,48.5,-70.0,7.0243,Moderate,0.01926164,High
48.5000_-69.5000,48.5,-69.5,8.3606,High,0.04267782,High
48.5000_-68.5000,48.5,-68.5,0.9042,Very Low,0.00333659,Moderate
48.5000_-68.0000,48.5,-68.0,0.6739,Very Low,0.01432781,High
48.5000_-67.5000,48.5,-67.5,0.6801,Very Low,0.02704935,High
48.5000_-67.0000,48.5,-67.0,0.0256,Very Low,0.0054932,Moderate
48.5000_-66.5000,48.5,-66.5,0.0201,Very Low,0.00068534,Low
48.5000_-66.0000,48.5,-66.0,0.241,Very Low,0.00083832,Moderate
48.5000_-65.5000,48.5,-65.5,0.2805,Very Low,0.0054932,Moderate
48.5000_-65.0000,48.5,-65.0,0.0238,Very Low,0.00243473,Moderate
48.5000_-64.5000,48.5,-64.5,0.0052,Very Low,0.00973957,Moderate
48.5000_-59.0000,48.5,-59.0,2.3243,Low,0.00083832,Moderate
48.5000_-58.5000,48.5,-58.5,0.7248,Very Low,0.01377744,High
48.5000_-58.0000,48.5,-58.0,0.3773,Very Low,0.00083832,Moderate
48.5000_-57.5000,48.5,-57.5,0.7042,Very Low,0.00083832,Moderate
48.5000_-57.0000,48.5,-57.0,0.8375,Very Low,0.00068534,Low
48.5000_-56.5000,48.5,-56.5,2.9533,Low,0.00139077,Moderate
48.5000_-56.0000,48.5,-56.0,0.9123,Very Low,0.00068534,Low
48.5000_-55.5000,48.5,-55.5,1.8417,Very Low,0.00185644,Moderate
48.5000_-55.0000,48.5,-55.0,0.6915,Very Low,0.00068534,Low
48.5000_-54.5000,48.5,-54.5,0.4969,Very Low,0.00139077,Moderate
48.5000_-54.0000,48.5,-54.0,0.3708,Very Low,0.00697906,Moderate
48.5000_-53.5000,48.5,-53.5,1.1467,Very Low,0.00611154,Moderate
48.5000_-53.0000,48.5,-53.0,1.941,Very Low,0.00105241,Moderate
49.0000_-125.5000,49.0,-125.5,4.7733,Moderate,0.02281652,High
49.0000_-125.0000,49.0,-125.0,2.997,Low,0.047139,High
49.0000_-124.5000,49.0,-124.5,6.9616,Moderate,0.10967256,High
49.0000_-124.0000,49.0,-124.0,6.716,Moderate,0.08576052,High
49.0000_-123.5000,49.0,-123.5,2.2443,Low,0.047139,High
49.0000_-123.0000,49.0,-123.0,1.8699,Very Low,0.03290069,High
49.0000_-122.5000,49.0,-122.5,12.0304,High,0.02154918,High
49.0000_-122.0000,49.0,-122.0,6.2591,Moderate,0.05620805,High
49.0000_-121.5000,49.0,-121.5,14.341,High,0.07567568,High
49.0000_-121.0000,49.0,-121.0,16.8031,High,0.08001374,High
49.0000_-120.5000,49.0,-120.5,19.7412,Very High,0.08001374,High
49.0000_-120.0000,49.0,-120.0,12.9103,High,0.04267782,High
49.0000_-119.5000,49.0,-119.5,11.9079,High,0.09737058,High
49.0000_-119.0000,49.0,-119.0,7.6628,Moderate,0.10500879,High
49.0000_-118.5000,49.0,-118.5,13.8357,High,0.10500879,High
49.0000_-118.0000,49.0,-118.0,12.3864,High,0.08423395,High
49.0000_-117.5000,49.0,-117.5,6.7238,Moderate,0.08423395,High
49.0000_-117.0000,49.0,-117.0,4.5498,Moderate,0.04267782,High
49.0000_-116.5000,49.0,-116.5,7.0907,Moderate,0.05620805,High
49.0000_-116.0000,49.0,-116.0,6.1184,Moderate,0.03276447,High
49.0000_-115.5000,49.0,-115.5,5.6428,Moderate,0.02281652,High
49.0000_-115.0000,49.0,-115.0,4.4601,Moderate,0.02154918,High
49.0000_-114.5000,49.0,-114.5,3.5584,Low,0.00973957,Moderate
49.0000_-114.0000,49.0,-114.0,4.6731,Moderate,0.00932712,Moderate
49.0000_-113.5000,49.0,-113.5,5.0154,Moderate,0.00083832,Moderate
49.0000_-113.0000,49.0,-113.0,10.685,High,0.00083832,Moderate
49.0000_-112.5000,49.0,-112.5,5.998,Moderate,7.416e-05,Low
49.0000_-112.0000,49.0,-112.0,9.8766,High,0.00068534,Low
49.0000_-111.5000,49.0,-111.5,13.2313,High,0.00083832,Moderate
49.0000_-111.0000,49.0,-111.0,8.1789,High,0.00068534,Low
49.0000_-110.5000,49.0,-110.5,4.3513,Moderate,0.00185644,Moderate
49.0000_-110.0000,49.0,-110.0,5.9169,Moderate,0.00053927,Low
49.0000_-109.5000,49.0,-109.5,8.5949,High,0.00053927,Low
49.0000_-109.0000,49.0,-109.0,12.9149,High,0.00083832,Moderate
49.0000_-108.5000,49.0,-108.5,11.5802,High,0.00083832,Moderate
49.0000_-108.0000,49.0,-108.0,10.0924,High,0.0023586,Moderate
49.0000_-107.5000,49.0,-107.5,8.3903,High,0.02154918,High
49.0000_-107.0000,49.0,-107.0,9.0092,High,0.00770915,Moderate
49.0000_-106.5000,49.0,-106.5,7.727,Moderate,0.00139077,Moderate
49.0000_-106.0000,49.0,-106.0,7.2857,Moderate,0.00083832,Moderate
49.0000_-105.5000,49.0,-105.5,7.0041,Moderate,0.00068534,Low
49.0000_-105.0000,49.0,-105.0,4.6798,Moderate,7.416e-05,Low
49.0000_-104.5000,49.0,-104.5,4.6789,Moderate,7.416e-05,Low
49.0000_-104.0000,49.0,-104.0,8.0044,High,0.00083832,Moderate
49.0000_-103.5000,49.0,-103.5,9.0889,High,0.0023586,Moderate
49.0000_-103.0000,49.0,-103.0,5.5447,Moderate,0.00083832,Moderate
49.0000_-102.5000,49.0,-102.5,2.6054,Low,0.00083832,Moderate
49.0000_-102.0000,49.0,-102.0,1.5777,Very Low,1.896e-05,Very Low
49.0000_-101.5000,49.0,-101.5,0.941,Very Low,1.896e-05,Very Low
49.0000_-101.0000,49.0,-101.0,1.8127,Very Low,1.896e-05,Very Low
49.0000_-100.5000,49.0,-100.5,2.003,Low,0.00053927,Low
49.0000_-100.0000,49.0,-100.0,1.1393,Very Low,0.00083832,Moderate
49.0000_-99.5000,49.0,-99.5,1.9851,Very Low,1.896e-05,Very Low
49.0000_-99.0000,49.0,-99.0,5.9502,Moderate,1.896e-05,Very Low
49.0000_-98.5000,49.0,-98.5,4.7911,Moderate,1.896e-05,Very Low
49.0000_-98.0000,49.0,-98.0,4.0414,Moderate,0.00068534,Low
49.0000_-97.5000,49.0,-97.5,7.9511,Moderate,1.896e-05,Very Low
49.0000_-97.0000,49.0,-97.0,6.2856,Moderate,0.00015106,Low
49.0000_-96.5000,49.0,-96.5,4.343,Moderate,0.00083832,Moderate
49.0000_-96.0000,49.0,-96.0,6.7028,Moderate,0.01996567,High
49.0000_-95.5000,49.0,-95.5,4.5685,Moderate,0.00586819,Moderate
49.0000_-94.5000,49.0,-94.5,2.4618,Low,0.01432781,High
49.0000_-94.0000,49.0,-94.0,1.2592,Very Low,0.02704935,High
49.0000_-93.5000,49.0,-93.5,0.7842,Very Low,0.00632347,Moderate
49.0000_-93.0000,49.0,-93.0,1.9149,Very Low,0.03276447,High
49.0000_-92.5000,49.0,-92.5,0.9833,Very Low,0.01996567,High
49.0000_-92.0000,49.0,-92.0,0.7635,Very Low,0.01996567,High
49.0000_-91.5000,49.0,-91.5,0.6276,Very Low,0.01996567,High
49.0000_-91.0000,49.0,-91.0,3.2716,Low,0.03276447,High
49.0000_-90.5000,49.0,-90.5,1.3455,Very Low,0.02281652,High
49.0000_-90.0000,49.0,-90.0,0.9457,Very Low,0.01432781,High
49.0000_-89.5000,49.0,-89.5,2.5825,Low,0.02281652,High
49.0000_-89.0000,49.0,-89.0,2.0577,Low,0.01996567,High
49.0000_-88.5000,49.0,-88.5,1.6362,Very Low,0.02154918,High
49.0000_-88.0000,49.0,-88.0,1.3702,Very Low,0.03383363,High
49.0000_-87.5000,49.0,-87.5,1.304,Very Low,0.03702563,High
49.0000_-87.0000,49.0,-87.0,0.816,Very Low,0.01649175,High
49.0000_-86.5000,49.0,-86.5,0.6389,Very Low,0.00305399,Moderate
49.0000_-86.0000,49.0,-86.0,0.9378,Very Low,0.00611154,Moderate
49.0000_-85.5000,49.0,-85.5,0.5062,Very Low,0.00333659,Moderate
49.0000_-85.0000,49.0,-85.0,0.4573,Very Low,0.00139077,Moderate
49.0000_-84.5000,49.0,-84.5,0.404,Very Low,0.00139077,Moderate
49.0000_-84.0000,49.0,-84.0,0.3449,Very Low,0.0023586,Moderate
49.0000_-83.5000,49.0,-83.5,0.3886,Very Low,0.00068534,Low
49.0000_-83.0000,49.0,-83.0,0.3332,Very Low,0.00105241,Moderate
49.0000_-82.5000,49.0,-82.5,0.4304,Very Low,0.00068534,Low
49.0000_-82.0000,49.0,-82.0,0.4169,Very Low,0.00068534,Low
49.0000_-81.5000,49.0,-81.5,0.4572,Very Low,0.00083832,Moderate
49.0000_-81.0000,49.0,-81.0,0.5121,Very Low,0.01056092,High
49.0000_-80.5000,49.0,-80.5,0.9964,Very Low,0.0023586,Moderate
49.0000_-80.0000,49.0,-80.0,2.0268,Low,0.00140231,Moderate
49.0000_-79.5000,49.0,-79.5,0.5149,Very Low,0.00355104,Moderate
49.0000_-79.0000,49.0,-79.0,0.4949,Very Low,0.00083832,Moderate
49.0000_-78.5000,49.0,-78.5,0.6714,Very Low,0.00139077,Moderate
49.0000_-78.0000,49.0,-78.0,0.7464,Very Low,0.0054932,Moderate
49.0000_-77.5000,49.0,-77.5,0.7173,Very Low,0.0023586,Moderate
49.0000_-77.0000,49.0,-77.0,0.6565,Very Low,0.00355104,Moderate
49.0000_-76.5000,49.0,-76.5,0.5441,Very Low,0.01040092,Moderate
49.0000_-76.0000,49.0,-76.0,0.3392,Very Low,0.0023586,Moderate
49.0000_-75.5000,49.0,-75.5,0.8966,Very Low,0.00770915,Moderate
49.0000_-75.0000,49.0,-75.0,0.2571,Very Low,0.0023586,Moderate
49.0000_-74.5000,49.0,-74.5,0.7254,Very Low,0.0023586,Moderate
49.0000_-74.0000,49.0,-74.0,0.7281,Very Low,0.00355104,Moderate
49.0000_-73.5000,49.0,-73.5,0.569,Very Low,0.00083832,Moderate
49.0000_-73.0000,49.0,-73.0,0.6709,Very Low,0.01056092,High
49.0000_-72.5000,49.0,-72.5,0.6171,Very Low,0.0540013,High
49.0000_-72.0000,49.0,-72.0,0.116,Very Low,0.02068278,High
49.0000_-71.5000,49.0,-71.5,0.0153,Very Low,0.00083832,Moderate
49.0000_-71.0000,49.0,-71.0,0.0078,Very Low,0.00068534,Low
49.0000_-70.5000,49.0,-70.5,0.0587,Very Low,0.00083832,Moderate
49.0000_-70.0000,49.0,-70.0,0.1214,Very Low,0.00083832,Moderate
49.0000_-69.5000,49.0,-69.5,0.7649,Very Low,0.0023586,Moderate
49.0000_-69.0000,49.0,-69.0,2.1225,Low,0.047139,High
49.0000_-68.5000,49.0,-68.5,1.8229,Very Low,0.02474645,High
49.0000_-67.0000,49.0,-67.0,0.2038,Very Low,0.00083832,Moderate
49.0000_-66.5000,49.0,-66.5,0.0848,Very Low,0.00333659,Moderate
49.0000_-66.0000,49.0,-66.0,0.0,Very Low,0.00083832,Moderate
49.0000_-65.5000,49.0,-65.5,0.0015,Very Low,0.00105241,Moderate
49.0000_-65.0000,49.0,-65.0,0.0015,Very Low,0.0023586,Moderate
49.0000_-64.5000,49.0,-64.5,0.1537,Very Low,0.00770915,Moderate
49.0000_-62.0000,49.0,-62.0,0.1666,Very Low,7.416e-05,Low
49.0000_-58.5000,49.0,-58.5,0.6523,Very Low,0.00083832,Moderate
49.0000_-58.0000,49.0,-58.0,0.4919,Very Low,0.00355104,Moderate
49.0000_-57.5000,49.0,-57.5,0.4016,Very Low,0.00139077,Moderate
49.0000_-57.0000,49.0,-57.0,1.0664,Very Low,0.00083832,Moderate
49.0000_-56.5000,49.0,-56.5,0.5033,Very Low,0.00068534,Low
49.0000_-56.0000,49.0,-56.0,0.5525,Very Low,0.00333659,Moderate
49.0000_-55.5000,49.0,-55.5,0.5743,Very Low,0.02154918,High
49.0000_-55.0000,49.0,-55.0,0.2689,Very Low,0.0023586,Moderate
49.0000_-54.5000,49.0,-54.5,0.3094,Very Low,0.0054932,Moderate
49.0000_-54.0000,49.0,-54.0,0.3728,Very Low,0.0054932,Moderate
49.0000_-53.5000,49.0,-53.5,0.5381,Very Low,0.00053927,Low
49.5000_-126.5000,49.5,-126.5,4.1106,Moderate,0.0054932,Moderate
49.5000_-126.0000,49.5,-126.0,6.237,Moderate,0.01996567,High
49.5000_-125.5000,49.5,-125.5,8.5078,High,0.10500879,High
49.5000_-125.0000,49.5,-125.0,9.0294,High,0.10967256,High
49.5000_-124.5000,49.5,-124.5,2.7012,Low,0.06707759,High
49.5000_-124.0000,49.5,-124.0,2.3228,Low,0.04267782,High
49.5000_-123.5000,49.5,-123.5,2.6891,Low,0.04267782,High
49.5000_-123.0000,49.5,-123.0,11.3646,High,0.10500879,High
49.5000_-122.5000,49.5,-122.5,6.1042,Moderate,0.07052897,High
49.5000_-122.0000,49.5,-122.0,15.9958,High,0.08423395,High
49.5000_-121.5000,49.5,-121.5,7.8154,Moderate,0.08423395,High
49.5000_-121.0000,49.5,-121.0,14.4648,High,0.10500879,High
49.5000_-120.5000,49.5,-120.5,19.6777,Very High,0.10967256,High
49.5000_-120.0000,49.5,-120.0,14.7931,High,0.07052897,High
49.5000_-119.5000,49.5,-119.5,8.6265,High,0.03657881,High
49.5000_-119.0000,49.5,-119.0,9.7245,High,0.10500879,High
49.5000_-118.5000,49.5,-118.5,5.8162,Moderate,0.0540013,High
49.5000_-118.0000,49.5,-118.0,5.9816,Moderate,0.03702563,High
49.5000_-117.5000,49.5,-117.5,4.3715,Moderate,0.04938272,High
49.5000_-117.0000,49.5,-117.0,4.0389,Moderate,0.03276447,High
49.5000_-116.5000,49.5,-116.5,4.8037,Moderate,0.02474645,High
49.5000_-116.0000,49.5,-116.0,6.8015,Moderate,0.03276447,High
49.5000_-115.5000,49.5,-115.5,11.2027,High,0.07567568,High
49.5000_-115.0000,49.5,-115.0,7.6068,Moderate,0.03383363,High
49.5000_-114.5000,49.5,-114.5,7.0866,Moderate,0.02281652,High
49.5000_-114.0000,49.5,-114.0,9.175,High,0.00355104,Moderate
49.5000_-113.5000,49.5,-113.5,6.7407,Moderate,0.00068534,Low
49.5000_-113.0000,49.5,-113.0,6.0423,Moderate,0.00083832,Moderate
49.5000_-112.5000,49.5,-112.5,11.0526,High,0.00068534,Low
49.5000_-112.0000,49.5,-112.0,12.3116,High,0.00068534,Low
49.5000_-111.5000,49.5,-111.5,12.5391,High,0.00068534,Low
49.5000_-111.0000,49.5,-111.0,10.0552,High,0.00068534,Low
49.5000_-110.5000,49.5,-110.5,11.1244,High,0.00932712,Moderate
49.5000_-110.0000,49.5,-110.0,6.0434,Moderate,0.00355104,Moderate
49.5000_-109.5000,49.5,-109.5,8.4055,High,0.02704935,High
49.5000_-109.0000,49.5,-109.0,8.6564,High,0.00083832,Moderate
49.5000_-108.5000,49.5,-108.5,11.8192,High,0.0023586,Moderate
49.5000_-108.0000,49.5,-108.0,11.3372,High,0.00083832,Moderate
49.5000_-107.5000,49.5,-107.5,12.1084,High,0.00139077,Moderate
49.5000_-107.0000,49.5,-107.0,10.2834,High,0.00083832,Moderate
49.5000_-106.5000,49.5,-106.5,11.1948,High,0.00083832,Moderate
49.5000_-106.0000,49.5,-106.0,9.3405,High,0.00083832,Moderate
49.5000_-105.5000,49.5,-105.5,5.5081,Moderate,0.00053927,Low
49.5000_-105.0000,49.5,-105.0,6.0086,Moderate,0.00018179,Low
49.5000_-104.5000,49.5,-104.5,7.8892,Moderate,0.00015106,Low
49.5000_-104.0000,49.5,-104.0,6.4451,Moderate,0.00083832,Moderate
49.5000_-103.5000,49.5,-103.5,4.1283,Moderate,0.00083832,Moderate
49.5000_-103.0000,49.5,-103.0,3.9143,Low,0.00083832,Moderate
49.5000_-102.5000,49.5,-102.5,0.7991,Very Low,0.00083832,Moderate
49.5000_-102.0000,49.5,-102.0,0.7491,Very Low,0.00068534,Low
49.5000_-101.5000,49.5,-101.5,0.5543,Very Low,1.896e-05,Very Low
49.5000_-101.0000,49.5,-101.0,0.4393,Very Low,0.00068534,Low
49.5000_-100.5000,49.5,-100.5,0.6405,Very Low,0.00053927,Low
49.5000_-100.0000,49.5,-100.0,0.5957,Very Low,0.00053927,Low
49.5000_-99.5000,49.5,-99.5,0.5846,Very Low,0.00083832,Moderate
49.5000_-99.0000,49.5,-99.0,0.837,Very Low,0.00068534,Low
49.5000_-98.5000,49.5,-98.5,0.7538,Very Low,0.00053927,Low
49.5000_-98.0000,49.5,-98.0,3.2863,Low,0.00068534,Low
49.5000_-97.5000,49.5,-97.5,3.5703,Low,1.896e-05,Very Low
49.5000_-97.0000,49.5,-97.0,4.8657,Moderate,0.00068534,Low
49.5000_-96.5000,49.5,-96.5,3.9418,Low,0.02068278,High
49.5000_-96.0000,49.5,-96.0,4.1189,Moderate,0.03276447,High
49.5000_-95.5000,49.5,-95.5,3.3274,Low,0.02154918,High
49.5000_-95.0000,49.5,-95.0,2.7135,Low,0.02704935,High
49.5000_-94.5000,49.5,-94.5,2.0544,Low,0.02281652,High
49.5000_-94.0000,49.5,-94.0,0.7197,Very Low,0.02154918,High
49.5000_-93.5000,49.5,-93.5,0.4511,Very Low,0.01432781,High
49.5000_-93.0000,49.5,-93.0,0.4151,Very Low,0.01377744,High
49.5000_-92.5000,49.5,-92.5,0.4551,Very Low,0.01649175,High
49.5000_-92.0000,49.5,-92.0,0.4576,Very Low,0.00770915,Moderate
49.5000_-91.5000,49.5,-91.5,0.3958,Very Low,0.01432781,High
49.5000_-91.0000,49.5,-91.0,0.3439,Very Low,0.0023586,Moderate
49.5000_-90.5000,49.5,-90.5,0.4334,Very Low,0.0023586,Moderate
49.5000_-90.0000,49.5,-90.0,0.7176,Very Low,0.00632347,Moderate
49.5000_-89.5000,49.5,-89.5,0.8948,Very Low,0.0023586,Moderate
49.5000_-89.0000,49.5,-89.0,0.8234,Very Low,0.01432781,High
49.5000_-88.5000,49.5,-88.5,0.5609,Very Low,0.00140231,Moderate
49.5000_-88.0000,49.5,-88.0,0.5226,Very Low,0.01649175,High
49.5000_-87.5000,49.5,-87.5,0.9686,Very Low,0.01432781,High
49.5000_-87.0000,49.5,-87.0,0.657,Very Low,0.02154918,High
49.5000_-86.5000,49.5,-86.5,0.8786,Very Low,0.03276447,High
49.5000_-86.0000,49.5,-86.0,0.9023,Very Low,0.01040092,Moderate
49.5000_-85.5000,49.5,-85.5,0.6669,Very Low,0.00105241,Moderate
49.5000_-85.0000,49.5,-85.0,0.7855,Very Low,0.00305399,Moderate
49.5000_-84.5000,49.5,-84.5,0.5413,Very Low,0.00139077,Moderate
49.5000_-84.0000,49.5,-84.0,0.4915,Very Low,0.0054932,Moderate
49.5000_-83.5000,49.5,-83.5,0.487,Very Low,0.0054932,Moderate
49.5000_-83.0000,49.5,-83.0,0.5758,Very Low,0.00139077,Moderate
49.5000_-82.5000,49.5,-82.5,0.4748,Very Low,0.00140231,Moderate
49.5000_-82.0000,49.5,-82.0,0.908,Very Low,0.00105241,Moderate
49.5000_-81.5000,49.5,-81.5,0.919,Very Low,0.00068534,Low
49.5000_-81.0000,49.5,-81.0,0.9608,Very Low,0.00139077,Moderate
49.5000_-80.5000,49.5,-80.5,0.5499,Very Low,0.00083832,Moderate
49.5000_-80.0000,49.5,-80.0,0.5859,Very Low,0.00068534,Low
49.5000_-79.5000,49.5,-79.5,0.8693,Very Low,0.00083832,Moderate
49.5000_-79.0000,49.5,-79.0,0.5836,Very Low,0.00083832,Moderate
49.5000_-78.5000,49.5,-78.5,0.5121,Very Low,0.00140231,Moderate
49.5000_-78.0000,49.5,-78.0,0.4662,Very Low,0.00083832,Moderate
49.5000_-77.5000,49.5,-77.5,0.2412,Very Low,0.00140231,Moderate
49.5000_-77.0000,49.5,-77.0,0.0656,Very Low,0.00243473,Moderate
49.5000_-76.5000,49.5,-76.5,0.7213,Very Low,0.00068534,Low
49.5000_-76.0000,49.5,-76.0,0.5785,Very Low,0.00083832,Moderate
49.5000_-75.5000,49.5,-75.5,0.554,Very Low,0.00139077,Moderate
49.5000_-75.0000,49.5,-75.0,0.7209,Very Low,0.00586819,Moderate
49.5000_-74.5000,49.5,-74.5,0.5891,Very Low,0.00243473,Moderate
49.5000_-74.0000,49.5,-74.0,0.7002,Very Low,0.00139077,Moderate
49.5000_-73.5000,49.5,-73.5,1.4034,Very Low,0.00611154,Moderate
49.5000_-73.0000,49.5,-73.0,0.685,Very Low,0.00355104,Moderate
49.5000_-72.5000,49.5,-72.5,0.3573,Very Low,0.01996567,High
49.5000_-72.0000,49.5,-72.0,0.1965,Very Low,0.00333659,Moderate
49.5000_-71.5000,49.5,-71.5,0.1929,Very Low,0.00083832,Moderate
49.5000_-71.0000,49.5,-71.0,0.0895,Very Low,0.00243473,Moderate
49.5000_-70.5000,49.5,-70.5,0.0875,Very Low,0.00068534,Low
49.5000_-70.0000,49.5,-70.0,0.1362,Very Low,0.00083832,Moderate
49.5000_-69.5000,49.5,-69.5,0.1445,Very Low,0.00305399,Moderate
49.5000_-69.0000,49.5,-69.0,0.5669,Very Low,0.00355104,Moderate
49.5000_-68.5000,49.5,-68.5,0.1957,Very Low,0.0054932,Moderate
49.5000_-68.0000,49.5,-68.0,0.3624,Very Low,0.00632347,Moderate
49.5000_-67.5000,49.5,-67.5,0.2515,Very Low,0.0023586,Moderate
49.5000_-63.5000,49.5,-63.5,0.0483,Very Low,0.00068534,Low
49.5000_-63.0000,49.5,-63.0,0.0156,Very Low,0.00083832,Moderate
49.5000_-62.5000,49.5,-62.5,0.0576,Very Low,0.00068534,Low
49.5000_-58.0000,49.5,-58.0,0.077,Very Low,0.00068534,Low
49.5000_-57.5000,49.5,-57.5,0.1971,Very Low,0.00083832,Moderate
49.5000_-57.0000,49.5,-57.0,0.4848,Very Low,0.00140231,Moderate
49.5000_-56.5000,49.5,-56.5,0.4951,Very Low,0.00139077,Moderate
49.5000_-56.0000,49.5,-56.0,0.8906,Very Low,0.00632347,Moderate
49.5000_-55.5000,49.5,-55.5,0.4827,Very Low,0.00068534,Low
49.5000_-55.0000,49.5,-55.0,0.4445,Very Low,0.00105241,Moderate
49.5000_-54.5000,49.5,-54.5,0.4597,Very Low,0.00139077,Moderate
49.5000_-54.0000,49.5,-54.0,0.3456,Very Low,0.00083832,Moderate
50.0000_-127.5000,50.0,-127.5,2.6196,Low,0.0023586,Moderate
50.0000_-127.0000,50.0,-127.0,2.278,Low,0.02154918,High
50.0000_-126.5000,50.0,-126.5,5.0828,Moderate,0.07567568,High
50.0000_-126.0000,50.0,-126.0,6.5001,Moderate,0.08423395,High
50.0000_-125.5000,50.0,-125.5,6.914,Moderate,0.10967256,High
50.0000_-125.0000,50.0,-125.0,1.901,Very Low,0.047139,High
50.0000_-124.5000,50.0,-124.5,5.1585,Moderate,0.05620805,High
50.0000_-124.0000,50.0,-124.0,7.695,Moderate,0.03276447,High
50.0000_-123.5000,50.0,-123.5,7.288,Moderate,0.07052897,High
50.0000_-123.0000,50.0,-123.0,6.3497,Moderate,0.06707759,High
50.0000_-122.5000,50.0,-122.5,16.0788,High,0.08423395,High
50.0000_-122.0000,50.0,-122.0,15.3737,High,0.03276447,High
50.0000_-121.5000,50.0,-121.5,20.8782,Very High,0.11865618,High
50.0000_-121.0000,50.0,-121.0,24.42,Very High,0.10967256,High
50.0000_-120.5000,50.0,-120.5,26.7506,Very High,0.10967256,High
50.0000_-120.0000,50.0,-120.0,17.4402,High,0.07627119,High
50.0000_-119.5000,50.0,-119.5,12.5874,High,0.06707759,High
50.0000_-119.0000,50.0,-119.0,10.338,High,0.047139,High
50.0000_-118.5000,50.0,-118.5,6.1644,Moderate,0.03702563,High
50.0000_-118.0000,50.0,-118.0,3.1894,Low,0.02704935,High
50.0000_-117.5000,50.0,-117.5,1.2238,Very Low,0.02704935,High
50.0000_-117.0000,50.0,-117.0,1.8902,Very Low,0.02704935,High
50.0000_-116.5000,50.0,-116.5,2.8228,Low,0.00770915,Moderate
50.0000_-116.0000,50.0,-116.0,5.9649,Moderate,0.03276447,High
50.0000_-115.5000,50.0,-115.5,7.6006,Moderate,0.047139,High
50.0000_-115.0000,50.0,-115.0,3.7063,Low,0.02154918,High
50.0000_-114.5000,50.0,-114.5,8.9202,High,0.02704935,High
50.0000_-114.0000,50.0,-114.0,7.963,Moderate,0.03276447,High
50.0000_-113.5000,50.0,-113.5,9.8,High,0.00083832,Moderate
50.0000_-113.0000,50.0,-113.0,16.8908,High,0.00083832,Moderate
50.0000_-112.5000,50.0,-112.5,19.7339,Very High,0.00053927,Low
50.0000_-112.0000,50.0,-112.0,14.0335,High,0.00068534,Low
50.0000_-111.5000,50.0,-111.5,13.4878,High,0.00083832,Moderate
50.0000_-111.0000,50.0,-111.0,18.6242,Very High,0.00243473,Moderate
50.0000_-110.5000,50.0,-110.5,21.3471,Very High,0.00973957,Moderate
50.0000_-110.0000,50.0,-110.0,9.1504,High,0.0054932,Moderate
50.0000_-109.5000,50.0,-109.5,12.9421,High,0.0023586,Moderate
50.0000_-109.0000,50.0,-109.0,13.5492,High,0.00105241,Moderate
50.0000_-108.5000,50.0,-108.5,17.6426,High,0.00105241,Moderate
50.0000_-108.0000,50.0,-108.0,12.2927,High,0.00139077,Moderate
50.0000_-107.5000,50.0,-107.5,13.7679,High,0.00140231,Moderate
50.0000_-107.0000,50.0,-107.0,12.1732,High,0.00018179,Low
50.0000_-106.5000,50.0,-106.5,14.8837,High,0.0023586,Moderate
50.0000_-106.0000,50.0,-106.0,9.2311,High,0.00083832,Moderate
50.0000_-105.5000,50.0,-105.5,7.1888,Moderate,0.00068534,Low
50.0000_-105.0000,50.0,-105.0,7.5419,Moderate,0.0023586,Moderate
50.0000_-104.5000,50.0,-104.5,5.9854,Moderate,0.00083832,Moderate
50.0000_-104.0000,50.0,-104.0,5.038,Moderate,0.00068534,Low
50.0000_-103.5000,50.0,-103.5,4.7314,Moderate,0.00139077,Moderate
50.0000_-103.0000,50.0,-103.0,2.4499,Low,0.00068534,Low
50.0000_-102.5000,50.0,-102.5,2.7416,Low,0.00068534,Low
50.0000_-102.0000,50.0,-102.0,0.8656,Very Low,0.00068534,Low
50.0000_-101.5000,50.0,-101.5,0.5908,Very Low,1.896e-05,Very Low
50.0000_-101.0000,50.0,-101.0,0.425,Very Low,0.00018179,Low
50.0000_-100.5000,50.0,-100.5,0.368,Very Low,1.896e-05,Very Low
50.0000_-100.0000,50.0,-100.0,0.3521,Very Low,0.00015106,Low
50.0000_-99.5000,50.0,-99.5,0.4021,Very Low,0.00068534,Low
50.0000_-99.0000,50.0,-99.0,0.668,Very Low,0.00018179,Low
50.0000_-98.5000,50.0,-98.5,0.5791,Very Low,0.00018179,Low
50.0000_-98.0000,50.0,-98.0,1.3933,Very Low,0.00053927,Low
50.0000_-97.5000,50.0,-97.5,3.0112,Low,0.00053927,Low
50.0000_-97.0000,50.0,-97.0,0.9327,Very Low,0.00068534,Low
50.0000_-96.5000,50.0,-96.5,0.8338,Very Low,0.00632347,Moderate
50.0000_-96.0000,50.0,-96.0,0.6351,Very Low,0.01432781,High
50.0000_-95.5000,50.0,-95.5,1.4698,Very Low,0.01432781,High
50.0000_-95.0000,50.0,-95.0,0.6211,Very Low,0.02154918,High
50.0000_-94.5000,50.0,-94.5,0.4114,Very Low,0.01996567,High
50.0000_-94.0000,50.0,-94.0,0.417,Very Low,0.01996567,High
50.0000_-93.5000,50.0,-93.5,0.5803,Very Low,0.02281652,High
50.0000_-93.0000,50.0,-93.0,0.4504,Very Low,0.01996567,High
50.0000_-92.5000,50.0,-92.5,0.4742,Very Low,0.01432781,High
50.0000_-92.0000,50.0,-92.0,0.5551,Very Low,0.02154918,High
50.0000_-91.5000,50.0,-91.5,0.5269,Very Low,0.01432781,High
50.0000_-91.0000,50.0,-91.0,0.5148,Very Low,0.00586819,Moderate
50.0000_-90.5000,50.0,-90.5,0.9428,Very Low,0.01996567,High
50.0000_-90.0000,50.0,-90.0,1.9748,Very Low,0.01040092,Moderate
50.0000_-89.5000,50.0,-89.5,2.6606,Low,0.00697906,Moderate
50.0000_-89.0000,50.0,-89.0,1.7088,Very Low,0.00770915,Moderate
50.0000_-88.5000,50.0,-88.5,2.6287,Low,0.0023586,Moderate
50.0000_-88.0000,50.0,-88.0,3.9043,Low,0.01432781,High
50.0000_-87.5000,50.0,-87.5,2.0222,Low,0.00355104,Moderate
50.0000_-87.0000,50.0,-87.0,4.3009,Moderate,0.01649175,High
50.0000_-86.5000,50.0,-86.5,2.7952,Low,0.01432781,High
50.0000_-86.0000,50.0,-86.0,4.9061,Moderate,0.01056092,High
50.0000_-85.5000,50.0,-85.5,5.5998,Moderate,0.00139077,Moderate
50.0000_-85.0000,50.0,-85.0,2.265,Low,0.00083832,Moderate
50.0000_-84.5000,50.0,-84.5,1.4302,Very Low,0.00333659,Moderate
50.0000_-84.0000,50.0,-84.0,0.5367,Very Low,0.00355104,Moderate
50.0000_-83.5000,50.0,-83.5,0.5231,Very Low,0.0023586,Moderate
50.0000_-83.0000,50.0,-83.0,0.5386,Very Low,0.00083832,Moderate
50.0000_-82.5000,50.0,-82.5,0.6212,Very Low,0.00083832,Moderate
50.0000_-82.0000,50.0,-82.0,0.9463,Very Low,0.00105241,Moderate
50.0000_-81.5000,50.0,-81.5,2.0082,Low,0.00105241,Moderate
50.0000_-81.0000,50.0,-81.0,0.791,Very Low,0.00083832,Moderate
50.0000_-80.5000,50.0,-80.5,1.2426,Very Low,0.00083832,Moderate
50.0000_-80.0000,50.0,-80.0,0.7085,Very Low,0.00068534,Low
50.0000_-79.5000,50.0,-79.5,2.3923,Low,0.00105241,Moderate
50.0000_-79.0000,50.0,-79.0,0.6593,Very Low,0.00139077,Moderate
50.0000_-78.5000,50.0,-78.5,0.7136,Very Low,0.00140231,Moderate
50.0000_-78.0000,50.0,-78.0,0.7007,Very Low,0.00083832,Moderate
50.0000_-77.5000,50.0,-77.5,1.4455,Very Low,0.00193611,Moderate
50.0000_-77.0000,50.0,-77.0,0.8009,Very Low,0.0023586,Moderate
50.0000_-76.5000,50.0,-76.5,0.3779,Very Low,0.00083832,Moderate
50.0000_-76.0000,50.0,-76.0,0.314,Very Low,0.00083832,Moderate
50.0000_-75.5000,50.0,-75.5,0.3523,Very Low,0.00083832,Moderate
50.0000_-75.0000,50.0,-75.0,0.0705,Very Low,0.00083832,Moderate
50.0000_-74.5000,50.0,-74.5,0.5688,Very Low,0.01056092,High
50.0000_-74.0000,50.0,-74.0,0.7579,Very Low,0.00355104,Moderate
50.0000_-73.5000,50.0,-73.5,2.1881,Low,0.01102536,High
50.0000_-73.0000,50.0,-73.0,0.7716,Very Low,0.00333659,Moderate
50.0000_-72.5000,50.0,-72.5,0.0945,Very Low,0.00083832,Moderate
50.0000_-72.0000,50.0,-72.0,0.5447,Very Low,0.00243473,Moderate
50.0000_-71.5000,50.0,-71.5,0.7741,Very Low,0.00140231,Moderate
50.0000_-71.0000,50.0,-71.0,0.6808,Very Low,0.00140231,Moderate
50.0000_-70.5000,50.0,-70.5,0.7769,Very Low,0.00105241,Moderate
50.0000_-70.0000,50.0,-70.0,0.1812,Very Low,0.00333659,Moderate
50.0000_-69.5000,50.0,-69.5,0.4826,Very Low,0.00083832,Moderate
50.0000_-69.0000,50.0,-69.0,0.6007,Very Low,0.00083832,Moderate
50.0000_-68.5000,50.0,-68.5,0.3399,Very Low,0.0023586,Moderate
50.0000_-68.0000,50.0,-68.0,0.2815,Very Low,0.0023586,Moderate
50.0000_-67.5000,50.0,-67.5,0.0896,Very Low,0.00139077,Moderate
50.0000_-67.0000,50.0,-67.0,0.2287,Very Low,0.00333659,Moderate
50.0000_-64.0000,50.0,-64.0,0.1161,Very Low,0.00083832,Moderate
50.0000_-57.5000,50.0,-57.5,0.1355,Very Low,0.00053927,Low
50.0000_-57.0000,50.0,-57.0,0.3577,Very Low,0.00053927,Low
50.0000_-56.5000,50.0,-56.5,0.6748,Very Low,0.00068534,Low
50.0000_-56.0000,50.0,-56.0,0.4621,Very Low,0.00068534,Low
50.0000_-55.5000,50.0,-55.5,0.487,Very Low,1.896e-05,Very Low
50.5000_-128.0000,50.5,-128.0,5.8133,Moderate,0.0054932,Moderate
50.5000_-127.5000,50.5,-127.5,6.2169,Moderate,0.05620805,High
50.5000_-127.0000,50.5,-127.0,4.0728,Moderate,0.04267782,High
50.5000_-126.5000,50.5,-126.5,0.6037,Very Low,0.00333659,Moderate
50.5000_-126.0000,50.5,-126.0,2.9748,Low,0.0171844,High
50.5000_-125.5000,50.5,-125.5,3.9324,Low,0.02154918,High
50.5000_-125.0000,50.5,-125.0,3.3052,Low,0.00770915,Moderate
50.5000_-124.5000,50.5,-124.5,4.6984,Moderate,0.01250206,High
50.5000_-124.0000,50.5,-124.0,11.4631,High,0.02281652,High
50.5000_-123.5000,50.5,-123.5,11.3377,High,0.07052897,High
50.5000_-123.0000,50.5,-123.0,10.5327,High,0.10967256,High
50.5000_-122.5000,50.5,-122.5,8.6337,High,0.10967256,High
50.5000_-122.0000,50.5,-122.0,8.6224,High,0.10967256,High
50.5000_-121.5000,50.5,-121.5,21.2581,Very High,0.10967256,High
50.5000_-121.0000,50.5,-121.0,19.8326,Very High,0.08001374,High
50.5000_-120.5000,50.5,-120.5,25.0406,Very High,0.07567568,High
50.5000_-120.0000,50.5,-120.0,17.3545,High,0.08001374,High
50.5000_-119.5000,50.5,-119.5,10.4119,High,0.10967256,High
50.5000_-119.0000,50.5,-119.0,4.8854,Moderate,0.07567568,High
50.5000_-118.5000,50.5,-118.5,6.8742,Moderate,0.10500879,High
50.5000_-118.0000,50.5,-118.0,3.0927,Low,0.04267782,High
50.5000_-117.5000,50.5,-117.5,4.3866,Moderate,0.03276447,High
50.5000_-117.0000,50.5,-117.0,3.0435,Low,0.03655352,High
50.5000_-116.5000,50.5,-116.5,6.6717,Moderate,0.02281652,High
50.5000_-116.0000,50.5,-116.0,6.2751,Moderate,0.05620805,High
50.5000_-115.5000,50.5,-115.5,5.0691,Moderate,0.02154918,High
50.5000_-115.0000,50.5,-115.0,4.1534,Moderate,0.02154918,High
50.5000_-114.5000,50.5,-114.5,5.4547,Moderate,0.03657881,High
50.5000_-114.0000,50.5,-114.0,7.9079,Moderate,0.00083832,Moderate
50.5000_-113.5000,50.5,-113.5,6.4706,Moderate,7.416e-05,Low
50.5000_-113.0000,50.5,-113.0,12.0525,High,0.0023586,Moderate
50.5000_-112.5000,50.5,-112.5,13.3057,High,0.00611154,Moderate
50.5000_-112.0000,50.5,-112.0,14.4746,High,0.00053927,Low
50.5000_-111.5000,50.5,-111.5,13.6877,High,0.00139077,Moderate
50.5000_-111.0000,50.5,-111.0,15.9239,High,7.416e-05,Low
50.5000_-110.5000,50.5,-110.5,10.7194,High,7.416e-05,Low
50.5000_-110.0000,50.5,-110.0,12.5773,High,0.00068534,Low
50.5000_-109.5000,50.5,-109.5,10.0313,High,0.00068534,Low
50.5000_-109.0000,50.5,-109.0,14.3904,High,0.00068534,Low
50.5000_-108.5000,50.5,-108.5,11.8275,High,0.00083832,Moderate
50.5000_-108.0000,50.5,-108.0,11.1115,High,0.00243473,Moderate
50.5000_-107.5000,50.5,-107.5,9.8798,High,0.00083832,Moderate
50.5000_-107.0000,50.5,-107.0,9.6828,High,0.00083832,Moderate
50.5000_-106.5000,50.5,-106.5,10.4333,High,0.00068534,Low
50.5000_-106.0000,50.5,-106.0,12.1304,High,0.00139077,Moderate
50.5000_-105.5000,50.5,-105.5,10.5939,High,0.0054932,Moderate
50.5000_-105.0000,50.5,-105.0,7.4947,Moderate,0.0054932,Moderate
50.5000_-104.5000,50.5,-104.5,5.3084,Moderate,0.00083832,Moderate
50.5000_-104.0000,50.5,-104.0,6.2858,Moderate,0.00068534,Low
50.5000_-103.5000,50.5,-103.5,6.1793,Moderate,7.416e-05,Low
50.5000_-103.0000,50.5,-103.0,4.0286,Moderate,0.00068534,Low
50.5000_-102.5000,50.5,-102.5,3.8727,Low,0.00068534,Low
50.5000_-102.0000,50.5,-102.0,2.6494,Low,0.00068534,Low
50.5000_-101.5000,50.5,-101.5,1.2943,Very Low,0.00068534,Low
50.5000_-101.0000,50.5,-101.0,0.6764,Very Low,1.896e-05,Very Low
50.5000_-100.5000,50.5,-100.5,0.7735,Very Low,0.00053927,Low
50.5000_-100.0000,50.5,-100.0,0.762,Very Low,0.00139077,Moderate
50.5000_-99.5000,50.5,-99.5,0.7975,Very Low,0.00083832,Moderate
50.5000_-99.0000,50.5,-99.0,0.4193,Very Low,0.00053927,Low
50.5000_-98.5000,50.5,-98.5,0.369,Very Low,1.896e-05,Very Low
50.5000_-98.0000,50.5,-98.0,0.6277,Very Low,0.00053927,Low
50.5000_-97.5000,50.5,-97.5,0.7764,Very Low,0.00018179,Low
50.5000_-97.0000,50.5,-97.0,1.2386,Very Low,0.00083832,Moderate
50.5000_-96.5000,50.5,-96.5,2.0359,Low,0.02281652,High
50.5000_-96.0000,50.5,-96.0,1.6265,Very Low,0.02281652,High
50.5000_-95.5000,50.5,-95.5,2.6428,Low,0.02281652,High
50.5000_-95.0000,50.5,-95.0,1.2517,Very Low,0.01996567,High
50.5000_-94.5000,50.5,-94.5,1.7149,Very Low,0.02154918,High
50.5000_-94.0000,50.5,-94.0,2.0517,Low,0.01996567,High
50.5000_-93.5000,50.5,-93.5,2.6854,Low,0.02281652,High
50.5000_-93.0000,50.5,-93.0,1.4713,Very Low,0.01996567,High
50.5000_-92.5000,50.5,-92.5,0.9745,Very Low,0.00973957,Moderate
50.5000_-92.0000,50.5,-92.0,0.9597,Very Low,0.00333659,Moderate
50.5000_-91.5000,50.5,-91.5,0.8463,Very Low,0.02154918,High
50.5000_-91.0000,50.5,-91.0,0.7111,Very Low,0.01432781,High
50.5000_-90.5000,50.5,-90.5,0.8646,Very Low,0.00973957,Moderate
50.5000_-90.0000,50.5,-90.0,0.9582,Very Low,0.01432781,High
50.5000_-89.5000,50.5,-89.5,1.5393,Very Low,0.02281652,High
50.5000_-89.0000,50.5,-89.0,0.7881,Very Low,0.01056092,High
50.5000_-88.5000,50.5,-88.5,2.2884,Low,0.00083832,Moderate
50.5000_-88.0000,50.5,-88.0,5.5208,Moderate,0.0054932,Moderate
50.5000_-87.5000,50.5,-87.5,3.6287,Low,0.0023586,Moderate
50.5000_-87.0000,50.5,-87.0,3.7402,Low,0.01432781,High
50.5000_-86.5000,50.5,-86.5,4.3677,Moderate,0.00770915,Moderate
50.5000_-86.0000,50.5,-86.0,4.98,Moderate,0.00139077,Moderate
50.5000_-85.5000,50.5,-85.5,4.6202,Moderate,0.00083832,Moderate
50.5000_-85.0000,50.5,-85.0,4.7246,Moderate,0.00068534,Low
50.5000_-84.5000,50.5,-84.5,3.8911,Low,0.00083832,Moderate
50.5000_-84.0000,50.5,-84.0,3.0515,Low,0.00068534,Low
50.5000_-83.5000,50.5,-83.5,5.179,Moderate,0.00068534,Low
50.5000_-83.0000,50.5,-83.0,2.3764,Low,0.00068534,Low
50.5000_-82.5000,50.5,-82.5,3.2884,Low,0.00068534,Low
50.5000_-82.0000,50.5,-82.0,2.9347,Low,0.00068534,Low
50.5000_-81.5000,50.5,-81.5,2.9493,Low,0.00083832,Moderate
50.5000_-81.0000,50.5,-81.0,2.2539,Low,0.00068534,Low
50.5000_-80.5000,50.5,-80.5,0.6513,Very Low,0.00068534,Low
50.5000_-80.0000,50.5,-80.0,0.6354,Very Low,0.00068534,Low
50.5000_-79.5000,50.5,-79.5,0.6262,Very Low,0.00105241,Moderate
50.5000_-79.0000,50.5,-79.0,0.3921,Very Low,0.00140231,Moderate
50.5000_-78.5000,50.5,-78.5,0.8682,Very Low,0.00083832,Moderate
50.5000_-78.0000,50.5,-78.0,0.6121,Very Low,0.00083832,Moderate
50.5000_-77.5000,50.5,-77.5,0.4311,Very Low,0.0023586,Moderate
50.5000_-77.0000,50.5,-77.0,0.4918,Very Low,0.00068534,Low
50.5000_-76.5000,50.5,-76.5,0.2921,Very Low,0.00068534,Low
50.5000_-76.0000,50.5,-76.0,0.0172,Very Low,0.00068534,Low
50.5000_-75.5000,50.5,-75.5,0.0745,Very Low,0.00068534,Low
50.5000_-75.0000,50.5,-75.0,0.2216,Very Low,0.00068534,Low
50.5000_-74.5000,50.5,-74.5,0.304,Very Low,0.00140231,Moderate
50.5000_-74.0000,50.5,-74.0,0.7711,Very Low,0.00083832,Moderate
50.5000_-73.5000,50.5,-73.5,0.2676,Very Low,0.00083832,Moderate
50.5000_-73.0000,50.5,-73.0,0.3623,Very Low,0.00139077,Moderate
50.5000_-72.5000,50.5,-72.5,0.6494,Very Low,0.00105241,Moderate
50.5000_-72.0000,50.5,-72.0,0.3781,Very Low,0.00083832,Moderate
50.5000_-71.5000,50.5,-71.5,0.2938,Very Low,0.00068534,Low
50.5000_-71.0000,50.5,-71.0,0.0278,Very Low,0.00083832,Moderate
50.5000_-70.5000,50.5,-70.5,0.2932,Very Low,0.00139077,Moderate
50.5000_-70.0000,50.5,-70.0,0.1343,Very Low,0.00083832,Moderate
50.5000_-69.5000,50.5,-69.5,0.256,Very Low,0.00083832,Moderate
50.5000_-69.0000,50.5,-69.0,0.3318,Very Low,0.00139077,Moderate
50.5000_-68.5000,50.5,-68.5,0.7661,Very Low,0.00973957,Moderate
50.5000_-68.0000,50.5,-68.0,0.1502,Very Low,0.00083832,Moderate
50.5000_-67.5000,50.5,-67.5,0.0714,Very Low,0.00083832,Moderate
50.5000_-67.0000,50.5,-67.0,0.1937,Very Low,0.00083832,Moderate
50.5000_-66.5000,50.5,-66.5,0.2395,Very Low,0.02281652,High
50.5000_-66.0000,50.5,-66.0,0.0828,Very Low,0.00632347,Moderate
50.5000_-65.5000,50.5,-65.5,0.4138,Very Low,0.00068534,Low
50.5000_-65.0000,50.5,-65.0,0.273,Very Low,0.00083832,Moderate
50.5000_-64.5000,50.5,-64.5,0.1666,Very Low,0.00105241,Moderate
50.5000_-64.0000,50.5,-64.0,0.0899,Very Low,0.00083832,Moderate
50.5000_-63.5000,50.5,-63.5,0.0885,Very Low,0.00083832,Moderate
50.5000_-63.0000,50.5,-63.0,0.1064,Very Low,0.00083832,Moderate
50.5000_-62.5000,50.5,-62.5,0.161,Very Low,0.00068534,Low
50.5000_-62.0000,50.5,-62.0,0.3524,Very Low,0.00305399,Moderate
50.5000_-61.5000,50.5,-61.5,0.3182,Very Low,0.00139077,Moderate
50.5000_-61.0000,50.5,-61.0,0.605,Very Low,0.00083832,Moderate
50.5000_-60.5000,50.5,-60.5,0.4142,Very Low,0.00105241,Moderate
50.5000_-60.0000,50.5,-60.0,0.4127,Very Low,0.00068534,Low
50.5000_-59.5000,50.5,-59.5,2.1387,Low,0.00083832,Moderate
50.5000_-57.5000,50.5,-57.5,0.7082,Very Low,0.00068534,Low
50.5000_-57.0000,50.5,-57.0,0.3204,Very Low,0.00068534,Low
50.5000_-56.5000,50.5,-56.5,0.2175,Very Low,1.896e-05,Very Low
51.0000_-128.0000,51.0,-128.0,1.4573,Very Low,0.00068534,Low
51.0000_-127.5000,51.0,-127.5,2.4689,Low,0.00083832,Moderate
51.0000_-127.0000,51.0,-127.0,2.0628,Low,0.00243473,Moderate
51.0000_-126.5000,51.0,-126.5,1.4304,Very Low,0.00611154,Moderate
51.0000_-126.0000,51.0,-126.0,5.9301,Moderate,0.0023586,Moderate
51.0000_-125.5000,51.0,-125.5,4.3886,Moderate,0.00770915,Moderate
51.0000_-125.0000,51.0,-125.0,5.9126,Moderate,0.01377744,High
51.0000_-124.5000,51.0,-124.5,3.4388,Low,0.00586819,Moderate
51.0000_-124.0000,51.0,-124.0,16.0138,High,0.01996567,High
51.0000_-123.5000,51.0,-123.5,20.965,Very High,0.00243473,Moderate
51.0000_-123.0000,51.0,-123.0,15.1691,High,0.03276447,High
51.0000_-122.5000,51.0,-122.5,15.1569,High,0.03276447,High
51.0000_-122.0000,51.0,-122.0,20.911,Very High,0.10967256,High
51.0000_-121.5000,51.0,-121.5,17.376,High,0.10967256,High
51.0000_-121.0000,51.0,-121.0,17.7631,High,0.08576052,High
51.0000_-120.5000,51.0,-120.5,16.2333,High,0.08001374,High
51.0000_-120.0000,51.0,-120.0,18.0504,Very High,0.09737058,High
51.0000_-119.5000,51.0,-119.5,10.6971,High,0.10967256,High
51.0000_-119.0000,51.0,-119.0,7.2195,Moderate,0.10967256,High
51.0000_-118.5000,51.0,-118.5,6.454,Moderate,0.08001374,High
51.0000_-118.0000,51.0,-118.0,5.9361,Moderate,0.07052897,High
51.0000_-117.5000,51.0,-117.5,3.3981,Low,0.04267782,High
51.0000_-117.0000,51.0,-117.0,4.8162,Moderate,0.01996567,High
51.0000_-116.5000,51.0,-116.5,8.7774,High,0.10967256,High
51.0000_-116.0000,51.0,-116.0,2.5015,Low,0.03276447,High
51.0000_-115.5000,51.0,-115.5,8.0136,High,0.07052897,High
51.0000_-115.0000,51.0,-115.0,10.5274,High,0.02704935,High
51.0000_-114.5000,51.0,-114.5,4.8023,Moderate,0.03276447,High
51.0000_-114.0000,51.0,-114.0,7.7081,Moderate,0.00140231,Moderate
51.0000_-113.5000,51.0,-113.5,13.2924,High,0.00068534,Low
51.0000_-113.0000,51.0,-113.0,14.8159,High,0.00068534,Low
51.0000_-112.5000,51.0,-112.5,11.0166,High,0.00053927,Low
51.0000_-112.0000,51.0,-112.0,8.434,High,0.0023586,Moderate
51.0000_-111.5000,51.0,-111.5,14.8343,High,0.00053927,Low
51.0000_-111.0000,51.0,-111.0,16.0564,High,0.00053927,Low
51.0000_-110.5000,51.0,-110.5,16.5609,High,0.00018179,Low
51.0000_-110.0000,51.0,-110.0,10.8601,High,0.00053927,Low
51.0000_-109.5000,51.0,-109.5,10.0959,High,0.00053927,Low
51.0000_-109.0000,51.0,-109.0,9.3433,High,0.00068534,Low
51.0000_-108.5000,51.0,-108.5,10.0461,High,0.00068534,Low
51.0000_-108.0000,51.0,-108.0,12.0208,High,0.00139077,Moderate
51.0000_-107.5000,51.0,-107.5,12.6007,High,0.00083832,Moderate
51.0000_-107.0000,51.0,-107.0,9.1807,High,0.00083832,Moderate
51.0000_-106.5000,51.0,-106.5,8.1288,High,0.0023586,Moderate
51.0000_-106.0000,51.0,-106.0,9.4273,High,0.00083832,Moderate
51.0000_-105.5000,51.0,-105.5,9.0874,High,0.00141978,Moderate
51.0000_-105.0000,51.0,-105.0,7.667,Moderate,0.0023586,Moderate
51.0000_-104.5000,51.0,-104.5,7.3956,Moderate,0.00083832,Moderate
51.0000_-104.0000,51.0,-104.0,7.6797,Moderate,0.00083832,Moderate
51.0000_-103.5000,51.0,-103.5,7.3736,Moderate,0.00083832,Moderate
51.0000_-103.0000,51.0,-103.0,5.7094,Moderate,0.0023586,Moderate
51.0000_-102.5000,51.0,-102.5,3.9642,Low,0.00105241,Moderate
51.0000_-102.0000,51.0,-102.0,2.9022,Low,0.00068534,Low
51.0000_-101.5000,51.0,-101.5,3.1375,Low,0.00068534,Low
51.0000_-101.0000,51.0,-101.0,3.2847,Low,0.00068534,Low
51.0000_-100.5000,51.0,-100.5,4.8119,Moderate,0.00305399,Moderate
51.0000_-100.0000,51.0,-100.0,4.1277,Moderate,0.0054932,Moderate
51.0000_-99.5000,51.0,-99.5,3.1388,Low,0.00083832,Moderate
51.0000_-99.0000,51.0,-99.0,1.8696,Very Low,0.00068534,Low
51.0000_-98.5000,51.0,-98.5,2.0523,Low,0.00068534,Low
51.0000_-98.0000,51.0,-98.0,3.6017,Low,0.00770915,Moderate
51.0000_-97.5000,51.0,-97.5,4.1256,Moderate,0.0054932,Moderate
51.0000_-97.0000,51.0,-97.0,3.8953,Low,0.00083832,Moderate
51.0000_-96.5000,51.0,-96.5,1.8464,Very Low,0.01432781,High
51.0000_-96.0000,51.0,-96.0,2.5159,Low,0.02704935,High
51.0000_-95.5000,51.0,-95.5,2.856,Low,0.02281652,High
51.0000_-95.0000,51.0,-95.0,0.6483,Very Low,0.00586819,Moderate
51.0000_-94.5000,51.0,-94.5,0.6839,Very Low,0.01432781,High
51.0000_-94.0000,51.0,-94.0,0.6321,Very Low,0.01250206,High
51.0000_-93.5000,51.0,-93.5,0.5478,Very Low,0.00632347,Moderate
51.0000_-93.0000,51.0,-93.0,0.5308,Very Low,0.01432781,High
51.0000_-92.5000,51.0,-92.5,0.5998,Very Low,0.01432781,High
51.0000_-92.0000,51.0,-92.0,0.5686,Very Low,0.00932712,Moderate
51.0000_-91.5000,51.0,-91.5,0.6486,Very Low,0.00770915,Moderate
51.0000_-91.0000,51.0,-91.0,0.6896,Very Low,0.00333659,Moderate
51.0000_-90.5000,51.0,-90.5,0.6113,Very Low,0.00193611,Moderate
51.0000_-90.0000,51.0,-90.0,0.6379,Very Low,0.02154918,High
51.0000_-89.5000,51.0,-89.5,0.9533,Very Low,0.0054932,Moderate
51.0000_-89.0000,51.0,-89.0,3.8743,Low,0.00586819,Moderate
51.0000_-88.5000,51.0,-88.5,4.4271,Moderate,0.00333659,Moderate
51.0000_-88.0000,51.0,-88.0,5.1679,Moderate,0.01996567,High
51.0000_-87.5000,51.0,-87.5,5.6309,Moderate,0.01040092,Moderate
51.0000_-87.0000,51.0,-87.0,4.9913,Moderate,0.00105241,Moderate
51.0000_-86.5000,51.0,-86.5,5.675,Moderate,0.00105241,Moderate
51.0000_-86.0000,51.0,-86.0,5.5305,Moderate,0.00083832,Moderate
51.0000_-85.5000,51.0,-85.5,4.5791,Moderate,0.00068534,Low
51.0000_-85.0000,51.0,-85.0,5.2714,Moderate,0.00083832,Moderate
51.0000_-84.5000,51.0,-84.5,5.0899,Moderate,0.00083832,Moderate
51.0000_-84.0000,51.0,-84.0,5.1768,Moderate,0.00068534,Low
51.0000_-83.5000,51.0,-83.5,4.3814,Moderate,0.00068534,Low
51.0000_-83.0000,51.0,-83.0,3.7862,Low,0.00068534,Low
51.0000_-82.5000,51.0,-82.5,3.6819,Low,0.00068534,Low
51.0000_-82.0000,51.0,-82.0,2.7066,Low,0.00068534,Low
51.0000_-81.5000,51.0,-81.5,1.8217,Very Low,0.00068534,Low
51.0000_-81.0000,51.0,-81.0,0.6552,Very Low,0.00068534,Low
51.0000_-80.5000,51.0,-80.5,0.648,Very Low,0.00083832,Moderate
51.0000_-80.0000,51.0,-80.0,0.6364,Very Low,0.00068534,Low
51.0000_-79.5000,51.0,-79.5,0.157,Very Low,0.00053927,Low
51.0000_-79.0000,51.0,-79.0,1.4018,Very Low,0.00083832,Moderate
51.0000_-78.5000,51.0,-78.5,0.4391,Very Low,0.00068534,Low
51.0000_-78.0000,51.0,-78.0,0.275,Very Low,0.00068534,Low
51.0000_-77.5000,51.0,-77.5,0.5877,Very Low,0.00068534,Low
51.0000_-77.0000,51.0,-77.0,0.3891,Very Low,0.00083832,Moderate
51.0000_-76.5000,51.0,-76.5,0.0215,Very Low,0.00068534,Low
51.0000_-76.0000,51.0,-76.0,0.0536,Very Low,0.00083832,Moderate
51.0000_-75.5000,51.0,-75.5,0.3533,Very Low,0.00083832,Moderate
51.0000_-75.0000,51.0,-75.0,0.3932,Very Low,0.00083832,Moderate
51.0000_-74.5000,51.0,-74.5,0.2599,Very Low,0.00083832,Moderate
51.0000_-74.0000,51.0,-74.0,0.743,Very Low,0.00083832,Moderate
51.0000_-73.5000,51.0,-73.5,0.7944,Very Low,0.00068534,Low
51.0000_-73.0000,51.0,-73.0,0.2458,Very Low,0.00068534,Low
51.0000_-72.5000,51.0,-72.5,0.029,Very Low,0.00068534,Low
51.0000_-72.0000,51.0,-72.0,0.0453,Very Low,0.00068534,Low
51.0000_-71.5000,51.0,-71.5,0.2935,Very Low,0.00083832,Moderate
51.0000_-71.0000,51.0,-71.0,0.0151,Very Low,0.00068534,Low
51.0000_-70.5000,51.0,-70.5,0.0124,Very Low,0.00083832,Moderate
51.0000_-70.0000,51.0,-70.0,0.0045,Very Low,0.00083832,Moderate
51.0000_-69.5000,51.0,-69.5,0.1186,Very Low,0.00083832,Moderate
51.0000_-69.0000,51.0,-69.0,0.8757,Very Low,0.00139077,Moderate
51.0000_-68.5000,51.0,-68.5,0.1426,Very Low,0.00068534,Low
51.0000_-68.0000,51.0,-68.0,0.1539,Very Low,1.896e-05,Very Low
51.0000_-67.5000,51.0,-67.5,0.1257,Very Low,0.00083832,Moderate
51.0000_-67.0000,51.0,-67.0,0.3134,Very Low,0.00068534,Low
51.0000_-66.5000,51.0,-66.5,0.0783,Very Low,0.00083832,Moderate
51.0000_-66.0000,51.0,-66.0,0.4181,Very Low,0.00083832,Moderate
51.0000_-65.5000,51.0,-65.5,0.2368,Very Low,1.896e-05,Very Low
51.0000_-65.0000,51.0,-65.0,0.1279,Very Low,0.00053927,Low
51.0000_-64.5000,51.0,-64.5,0.0851,Very Low,0.00068534,Low
51.0000_-64.0000,51.0,-64.0,0.1214,Very Low,0.00083832,Moderate
51.0000_-63.5000,51.0,-63.5,0.0923,Very Low,0.00083832,Moderate
51.0000_-63.0000,51.0,-63.0,0.0934,Very Low,0.00083832,Moderate
51.0000_-62.5000,51.0,-62.5,0.1369,Very Low,0.00083832,Moderate
51.0000_-62.0000,51.0,-62.0,0.2993,Very Low,0.00068534,Low
51.0000_-61.5000,51.0,-61.5,0.2083,Very Low,0.00083832,Moderate
51.0000_-61.0000,51.0,-61.0,0.2598,Very Low,0.00083832,Moderate
51.0000_-60.5000,51.0,-60.5,0.3077,Very Low,0.00083832,Moderate
51.0000_-60.0000,51.0,-60.0,0.3275,Very Low,0.00068534,Low
51.0000_-59.5000,51.0,-59.5,0.3029,Very Low,0.00015106,Low
51.0000_-59.0000,51.0,-59.0,0.4594,Very Low,0.00083832,Moderate
51.0000_-57.0000,51.0,-57.0,0.9944,Very Low,0.00083832,Moderate
51.0000_-56.5000,51.0,-56.5,0.2754,Very Low,7.416e-05,Low
51.0000_-56.0000,51.0,-56.0,0.3472,Very Low,0.00083832,Moderate
51.0000_-55.5000,51.0,-55.5,0.5585,Very Low,1.896e-05,Very Low
51.5000_-128.0000,51.5,-128.0,0.7199,Very Low,0.00083832,Moderate
51.5000_-127.5000,51.5,-127.5,3.7772,Low,0.00083832,Moderate
51.5000_-127.0000,51.5,-127.0,2.0,Low,0.00355104,Moderate
51.5000_-126.5000,51.5,-126.5,3.7514,Low,0.00139077,Moderate
51.5000_-126.0000,51.5,-126.0,5.4147,Moderate,0.00140231,Moderate
51.5000_-125.5000,51.5,-125.5,8.8921,High,0.00305399,Moderate
51.5000_-125.0000,51.5,-125.0,5.2137,Moderate,0.01432781,High
51.5000_-124.5000,51.5,-124.5,10.92,High,0.02068278,High
51.5000_-124.0000,51.5,-124.0,9.8584,High,0.04267782,High
51.5000_-123.5000,51.5,-123.5,15.5198,High,0.01996567,High
51.5000_-123.0000,51.5,-123.0,16.5015,High,0.01377744,High
51.5000_-122.5000,51.5,-122.5,17.0494,High,0.03276447,High
51.5000_-122.0000,51.5,-122.0,17.8932,High,0.10967256,High
51.5000_-121.5000,51.5,-121.5,19.3541,Very High,0.10967256,High
51.5000_-121.0000,51.5,-121.0,17.2321,High,0.09349289,High
51.5000_-120.5000,51.5,-120.5,13.3844,High,0.10967256,High
51.5000_-120.0000,51.5,-120.0,9.6958,High,0.10967256,High
51.5000_-119.5000,51.5,-119.5,11.6488,High,0.10500879,High
51.5000_-119.0000,51.5,-119.0,5.0967,Moderate,0.0540013,High
51.5000_-118.5000,51.5,-118.5,6.4865,Moderate,0.08001374,High
51.5000_-118.0000,51.5,-118.0,4.7822,Moderate,0.03702563,High
51.5000_-117.5000,51.5,-117.5,7.2781,Moderate,0.09737058,High
51.5000_-117.0000,51.5,-117.0,3.9887,Low,0.04267782,High
51.5000_-116.5000,51.5,-116.5,4.0913,Moderate,0.03383363,High
51.5000_-116.0000,51.5,-116.0,5.1428,Moderate,0.02154918,High
51.5000_-115.5000,51.5,-115.5,11.1836,High,0.02704935,High
51.5000_-115.0000,51.5,-115.0,6.8388,Moderate,0.04267782,High
51.5000_-114.5000,51.5,-114.5,13.0304,High,0.02474645,High
51.5000_-114.0000,51.5,-114.0,14.9117,High,0.00068534,Low
51.5000_-113.5000,51.5,-113.5,13.6105,High,0.00068534,Low
51.5000_-113.0000,51.5,-113.0,17.0354,High,0.00068534,Low
51.5000_-112.5000,51.5,-112.5,13.7188,High,0.00053927,Low
51.5000_-112.0000,51.5,-112.0,17.8709,High,0.00053927,Low
51.5000_-111.5000,51.5,-111.5,15.8965,High,0.00018179,Low
51.5000_-111.0000,51.5,-111.0,13.2852,High,0.00053927,Low
51.5000_-110.5000,51.5,-110.5,15.1268,High,0.00018179,Low
51.5000_-110.0000,51.5,-110.0,12.6508,High,0.00139077,Moderate
51.5000_-109.5000,51.5,-109.5,16.2313,High,0.00053927,Low
51.5000_-109.0000,51.5,-109.0,15.0853,High,0.00083832,Moderate
51.5000_-108.5000,51.5,-108.5,12.4557,High,0.00018179,Low
51.5000_-108.0000,51.5,-108.0,13.6506,High,0.00083832,Moderate
51.5000_-107.5000,51.5,-107.5,13.3277,High,0.0054932,Moderate
51.5000_-107.0000,51.5,-107.0,12.8176,High,0.00140231,Moderate
51.5000_-106.5000,51.5,-106.5,11.7043,High,0.00139077,Moderate
51.5000_-106.0000,51.5,-106.0,11.5616,High,0.00243473,Moderate
51.5000_-105.5000,51.5,-105.5,8.7244,High,0.00083832,Moderate
51.5000_-105.0000,51.5,-105.0,9.0747,High,0.00068534,Low
51.5000_-104.5000,51.5,-104.5,7.3311,Moderate,0.00068534,Low
51.5000_-104.0000,51.5,-104.0,9.0482,High,0.00083832,Moderate
51.5000_-103.5000,51.5,-103.5,7.5103,Moderate,0.00083832,Moderate
51.5000_-103.0000,51.5,-103.0,6.6295,Moderate,0.00083832,Moderate
51.5000_-102.5000,51.5,-102.5,5.1337,Moderate,0.0054932,Moderate
51.5000_-102.0000,51.5,-102.0,5.2166,Moderate,0.0023586,Moderate
51.5000_-101.5000,51.5,-101.5,3.7961,Low,0.00083832,Moderate
51.5000_-101.0000,51.5,-101.0,4.35,Moderate,0.00932712,Moderate
51.5000_-100.5000,51.5,-100.5,5.0336,Moderate,0.00068534,Low
51.5000_-100.0000,51.5,-100.0,3.881,Low,0.00083832,Moderate
51.5000_-99.5000,51.5,-99.5,2.3103,Low,0.00068534,Low
51.5000_-99.0000,51.5,-99.0,2.4699,Low,0.00632347,Moderate
51.5000_-98.5000,51.5,-98.5,1.2346,Very Low,0.02704935,High
51.5000_-98.0000,51.5,-98.0,3.2116,Low,0.00333659,Moderate
51.5000_-97.5000,51.5,-97.5,3.0873,Low,0.02281652,High
51.5000_-97.0000,51.5,-97.0,4.4156,Moderate,0.00611154,Moderate
51.5000_-96.5000,51.5,-96.5,3.2626,Low,0.0171844,High
51.5000_-96.0000,51.5,-96.0,3.0391,Low,0.02154918,High
51.5000_-95.5000,51.5,-95.5,3.3805,Low,0.02474645,High
51.5000_-95.0000,51.5,-95.0,1.5807,Very Low,0.02068278,High
51.5000_-94.5000,51.5,-94.5,0.8718,Very Low,0.01250206,High
51.5000_-94.0000,51.5,-94.0,0.6159,Very Low,0.01377744,High
51.5000_-93.5000,51.5,-93.5,0.7581,Very Low,0.01432781,High
51.5000_-93.0000,51.5,-93.0,0.9087,Very Low,0.00973957,Moderate
51.5000_-92.5000,51.5,-92.5,0.615,Very Low,0.00586819,Moderate
51.5000_-92.0000,51.5,-92.0,0.8787,Very Low,0.01996567,High
51.5000_-91.5000,51.5,-91.5,0.7504,Very Low,0.0054932,Moderate
51.5000_-91.0000,51.5,-91.0,0.8555,Very Low,0.00105241,Moderate
51.5000_-90.5000,51.5,-90.5,0.6684,Very Low,0.0054932,Moderate
51.5000_-90.0000,51.5,-90.0,1.8323,Very Low,0.01996567,High
51.5000_-89.5000,51.5,-89.5,0.6675,Very Low,0.00083832,Moderate
51.5000_-89.0000,51.5,-89.0,2.5765,Low,0.00333659,Moderate
51.5000_-88.5000,51.5,-88.5,2.5863,Low,0.00333659,Moderate
51.5000_-88.0000,51.5,-88.0,3.0723,Low,0.01377744,High
51.5000_-87.5000,51.5,-87.5,4.0261,Moderate,0.00105241,Moderate
51.5000_-87.0000,51.5,-87.0,4.3264,Moderate,0.00083832,Moderate
51.5000_-86.5000,51.5,-86.5,3.8582,Low,0.00068534,Low
51.5000_-86.0000,51.5,-86.0,2.826,Low,0.00973957,Moderate
51.5000_-85.5000,51.5,-85.5,0.7409,Very Low,0.00068534,Low
51.5000_-85.0000,51.5,-85.0,0.7257,Very Low,0.00068534,Low
51.5000_-84.5000,51.5,-84.5,1.7271,Very Low,0.00068534,Low
51.5000_-84.0000,51.5,-84.0,2.8536,Low,0.00053927,Low
51.5000_-83.5000,51.5,-83.5,2.7618,Low,0.00053927,Low
51.5000_-83.0000,51.5,-83.0,3.225,Low,0.00068534,Low
51.5000_-82.5000,51.5,-82.5,3.251,Low,0.00068534,Low
51.5000_-82.0000,51.5,-82.0,1.913,Very Low,0.00068534,Low
51.5000_-81.5000,51.5,-81.5,0.7803,Very Low,0.00068534,Low
51.5000_-81.0000,51.5,-81.0,0.493,Very Low,0.00068534,Low
51.5000_-80.5000,51.5,-80.5,0.3959,Very Low,0.00068534,Low
51.5000_-79.5000,51.5,-79.5,0.877,Very Low,0.00068534,Low
51.5000_-79.0000,51.5,-79.0,0.4194,Very Low,0.00018179,Low
51.5000_-78.5000,51.5,-78.5,0.4,Very Low,0.00068534,Low
51.5000_-78.0000,51.5,-78.0,0.4882,Very Low,0.00068534,Low
51.5000_-77.5000,51.5,-77.5,0.3189,Very Low,0.00068534,Low
51.5000_-77.0000,51.5,-77.0,0.4462,Very Low,0.00068534,Low
51.5000_-76.5000,51.5,-76.5,0.3642,Very Low,0.00068534,Low
51.5000_-76.0000,51.5,-76.0,0.29,Very Low,0.00068534,Low
51.5000_-75.5000,51.5,-75.5,0.4519,Very Low,0.00068534,Low
51.5000_-75.0000,51.5,-75.0,0.239,Very Low,0.00068534,Low
51.5000_-74.5000,51.5,-74.5,0.3752,Very Low,0.00068534,Low
51.5000_-74.0000,51.5,-74.0,0.4283,Very Low,1.896e-05,Very Low
51.5000_-73.5000,51.5,-73.5,0.0403,Very Low,0.00018179,Low
51.5000_-73.0000,51.5,-73.0,0.0003,Very Low,0.00018179,Low
51.5000_-72.5000,51.5,-72.5,0.2154,Very Low,0.00018179,Low
51.5000_-72.0000,51.5,-72.0,0.094,Very Low,1.896e-05,Very Low
51.5000_-71.5000,51.5,-71.5,0.1944,Very Low,0.00083832,Moderate
51.5000_-71.0000,51.5,-71.0,0.0107,Very Low,0.00053927,Low
51.5000_-70.5000,51.5,-70.5,0.0965,Very Low,0.00083832,Moderate
51.5000_-70.0000,51.5,-70.0,0.4274,Very Low,0.00068534,Low
51.5000_-69.5000,51.5,-69.5,0.1939,Very Low,0.00139077,Moderate
51.5000_-69.0000,51.5,-69.0,0.0063,Very Low,0.00068534,Low
51.5000_-68.5000,51.5,-68.5,0.3568,Very Low,0.00068534,Low
51.5000_-68.0000,51.5,-68.0,0.0013,Very Low,0.00068534,Low
51.5000_-67.5000,51.5,-67.5,0.2725,Very Low,0.00083832,Moderate
51.5000_-67.0000,51.5,-67.0,0.3697,Very Low,0.00068534,Low
51.5000_-66.5000,51.5,-66.5,0.2153,Very Low,0.00083832,Moderate
51.5000_-66.0000,51.5,-66.0,0.3704,Very Low,0.00053927,Low
51.5000_-65.5000,51.5,-65.5,0.4013,Very Low,0.00068534,Low
51.5000_-65.0000,51.5,-65.0,0.1884,Very Low,0.00068534,Low
51.5000_-64.5000,51.5,-64.5,0.1602,Very Low,0.00083832,Moderate
51.5000_-64.0000,51.5,-64.0,0.2582,Very Low,0.00139077,Moderate
51.5000_-63.5000,51.5,-63.5,0.2567,Very Low,0.00139077,Moderate
51.5000_-63.0000,51.5,-63.0,0.2033,Very Low,0.00083832,Moderate
51.5000_-62.5000,51.5,-62.5,0.2349,Very Low,0.00068534,Low
51.5000_-62.0000,51.5,-62.0,0.2586,Very Low,0.00068534,Low
51.5000_-61.5000,51.5,-61.5,0.1877,Very Low,7.416e-05,Low
51.5000_-61.0000,51.5,-61.0,0.2134,Very Low,0.00083832,Moderate
51.5000_-60.5000,51.5,-60.5,0.1248,Very Low,0.00083832,Moderate
51.5000_-60.0000,51.5,-60.0,0.5995,Very Low,0.00053927,Low
51.5000_-59.5000,51.5,-59.5,0.4933,Very Low,1.896e-05,Very Low
51.5000_-59.0000,51.5,-59.0,0.4038,Very Low,7.416e-05,Low
51.5000_-58.5000,51.5,-58.5,0.4669,Very Low,0.00068534,Low
51.5000_-58.0000,51.5,-58.0,0.4686,Very Low,0.00068534,Low
51.5000_-57.5000,51.5,-57.5,0.5511,Very Low,0.00068534,Low
51.5000_-57.0000,51.5,-57.0,0.588,Very Low,0.00068534,Low
51.5000_-56.5000,51.5,-56.5,0.5781,Very Low,0.00083832,Moderate
51.5000_-56.0000,51.5,-56.0,0.6905,Very Low,0.00083832,Moderate
51.5000_-55.5000,51.5,-55.5,0.3644,Very Low,0.00068534,Low
52.0000_-131.0000,52.0,-131.0,3.4772,Low,1.896e-05,Very Low
52.0000_-128.5000,52.0,-128.5,0.1732,Very Low,0.00068534,Low
52.0000_-128.0000,52.0,-128.0,0.2098,Very Low,0.00068534,Low
52.0000_-127.5000,52.0,-127.5,0.4972,Very Low,0.00083832,Moderate
52.0000_-127.0000,52.0,-127.0,4.5492,Moderate,0.00586819,Moderate
52.0000_-126.5000,52.0,-126.5,6.9048,Moderate,0.01432781,High
52.0000_-126.0000,52.0,-126.0,10.9541,High,0.01432781,High
52.0000_-125.5000,52.0,-125.5,11.8621,High,0.01432781,High
52.0000_-125.0000,52.0,-125.0,7.8095,Moderate,0.08001374,High
52.0000_-124.5000,52.0,-124.5,13.3724,High,0.05620805,High
52.0000_-124.0000,52.0,-124.0,11.8611,High,0.14174589,High
52.0000_-123.5000,52.0,-123.5,13.723,High,0.14174589,High
52.0000_-123.0000,52.0,-123.0,16.6124,High,0.14661355,High
52.0000_-122.5000,52.0,-122.5,15.9465,High,0.14661355,High
52.0000_-122.0000,52.0,-122.0,14.663,High,0.10967256,High
52.0000_-121.5000,52.0,-121.5,17.1239,High,0.10967256,High
52.0000_-121.0000,52.0,-121.0,12.5258,High,0.10967256,High
52.0000_-120.5000,52.0,-120.5,10.1297,High,0.10967256,High
52.0000_-120.0000,52.0,-120.0,7.278,Moderate,0.09737058,High
52.0000_-119.5000,52.0,-119.5,6.117,Moderate,0.047139,High
52.0000_-119.0000,52.0,-119.0,6.0537,Moderate,0.02704935,High
52.0000_-118.5000,52.0,-118.5,4.4635,Moderate,0.05620805,High
52.0000_-118.0000,52.0,-118.0,6.2336,Moderate,0.06413994,High
52.0000_-117.5000,52.0,-117.5,5.7482,Moderate,0.01432781,High
52.0000_-117.0000,52.0,-117.0,4.9164,Moderate,0.00140231,Moderate
52.0000_-116.5000,52.0,-116.5,10.484,High,0.03657881,High
52.0000_-116.0000,52.0,-116.0,13.3062,High,0.03702563,High
52.0000_-115.5000,52.0,-115.5,10.7311,High,0.05620805,High
52.0000_-115.0000,52.0,-115.0,6.4794,Moderate,0.05620805,High
52.0000_-114.5000,52.0,-114.5,10.2805,High,0.02281652,High
52.0000_-114.0000,52.0,-114.0,14.7966,High,0.00053927,Low
52.0000_-113.5000,52.0,-113.5,13.0089,High,0.00053927,Low
52.0000_-113.0000,52.0,-113.0,14.306,High,0.00068534,Low
52.0000_-112.5000,52.0,-112.5,18.1939,Very High,0.00068534,Low
52.0000_-112.0000,52.0,-112.0,19.7752,Very High,0.00068534,Low
52.0000_-111.5000,52.0,-111.5,13.8785,High,0.00018179,Low
52.0000_-111.0000,52.0,-111.0,13.8409,High,0.00018179,Low
52.0000_-110.5000,52.0,-110.5,15.1921,High,0.00053927,Low
52.0000_-110.0000,52.0,-110.0,15.1541,High,0.00083832,Moderate
52.0000_-109.5000,52.0,-109.5,16.8453,High,0.00053927,Low
52.0000_-109.0000,52.0,-109.0,12.7453,High,0.00105241,Moderate
52.0000_-108.5000,52.0,-108.5,14.943,High,0.00083832,Moderate
52.0000_-108.0000,52.0,-108.0,12.7171,High,0.00083832,Moderate
52.0000_-107.5000,52.0,-107.5,11.5572,High,0.00139077,Moderate
52.0000_-107.0000,52.0,-107.0,11.6841,High,0.00973957,Moderate
52.0000_-106.5000,52.0,-106.5,11.576,High,0.00139077,Moderate
52.0000_-106.0000,52.0,-106.0,9.2821,High,0.00105241,Moderate
52.0000_-105.5000,52.0,-105.5,10.5069,High,0.00083832,Moderate
52.0000_-105.0000,52.0,-105.0,8.5076,High,0.00083832,Moderate
52.0000_-104.5000,52.0,-104.5,6.2662,Moderate,0.00083832,Moderate
52.0000_-104.0000,52.0,-104.0,5.0595,Moderate,0.00083832,Moderate
52.0000_-103.5000,52.0,-103.5,7.6131,Moderate,0.0023586,Moderate
52.0000_-103.0000,52.0,-103.0,5.7804,Moderate,0.00083832,Moderate
52.0000_-102.5000,52.0,-102.5,4.3152,Moderate,0.00139077,Moderate
52.0000_-102.0000,52.0,-102.0,2.6965,Low,0.00139077,Moderate
52.0000_-101.5000,52.0,-101.5,5.4875,Moderate,0.00083832,Moderate
52.0000_-101.0000,52.0,-101.0,4.9413,Moderate,0.00083832,Moderate
52.0000_-100.5000,52.0,-100.5,4.396,Moderate,0.00586819,Moderate
52.0000_-100.0000,52.0,-100.0,5.0363,Moderate,0.0054932,Moderate
52.0000_-99.5000,52.0,-99.5,3.7889,Low,0.02704935,High
52.0000_-99.0000,52.0,-99.0,3.6208,Low,0.00139077,Moderate
52.0000_-98.5000,52.0,-98.5,4.1136,Moderate,0.02704935,High
52.0000_-98.0000,52.0,-98.0,2.6777,Low,0.00139077,Moderate
52.0000_-97.5000,52.0,-97.5,2.4549,Low,0.00083832,Moderate
52.0000_-97.0000,52.0,-97.0,2.7403,Low,0.00586819,Moderate
52.0000_-96.5000,52.0,-96.5,3.5025,Low,0.01649175,High
52.0000_-96.0000,52.0,-96.0,1.9182,Very Low,0.01996567,High
52.0000_-95.5000,52.0,-95.5,1.9623,Very Low,0.02281652,High
52.0000_-95.0000,52.0,-95.0,0.7291,Very Low,0.00333659,Moderate
52.0000_-94.5000,52.0,-94.5,1.1888,Very Low,0.02068278,High
52.0000_-94.0000,52.0,-94.0,1.4479,Very Low,0.02281652,High
52.0000_-93.5000,52.0,-93.5,2.3992,Low,0.00697906,Moderate
52.0000_-93.0000,52.0,-93.0,2.9249,Low,0.00243473,Moderate
52.0000_-92.5000,52.0,-92.5,1.3705,Very Low,0.00355104,Moderate
52.0000_-92.0000,52.0,-92.0,0.8079,Very Low,0.0023586,Moderate
52.0000_-91.5000,52.0,-91.5,0.9043,Very Low,0.00243473,Moderate
52.0000_-91.0000,52.0,-91.0,1.0912,Very Low,0.00305399,Moderate
52.0000_-90.5000,52.0,-90.5,1.1884,Very Low,0.00083832,Moderate
52.0000_-90.0000,52.0,-90.0,1.6983,Very Low,0.00083832,Moderate
52.0000_-89.5000,52.0,-89.5,0.7574,Very Low,0.00068534,Low
52.0000_-89.0000,52.0,-89.0,0.5369,Very Low,0.00083832,Moderate
52.0000_-88.5000,52.0,-88.5,0.671,Very Low,0.0023586,Moderate
52.0000_-88.0000,52.0,-88.0,0.664,Very Low,0.0023586,Moderate
52.0000_-87.5000,52.0,-87.5,0.8546,Very Low,0.00068534,Low
52.0000_-87.0000,52.0,-87.0,0.7939,Very Low,0.00083832,Moderate
52.0000_-86.5000,52.0,-86.5,1.303,Very Low,0.00068534,Low
52.0000_-86.0000,52.0,-86.0,2.2687,Low,0.00083832,Moderate
52.0000_-85.5000,52.0,-85.5,1.3721,Very Low,0.00068534,Low
52.0000_-85.0000,52.0,-85.0,0.8821,Very Low,0.00068534,Low
52.0000_-84.5000,52.0,-84.5,0.6114,Very Low,0.00015106,Low
52.0000_-84.0000,52.0,-84.0,0.8376,Very Low,0.00068534,Low
52.0000_-83.5000,52.0,-83.5,1.5975,Very Low,0.00083832,Moderate
52.0000_-83.0000,52.0,-83.0,1.4697,Very Low,0.00068534,Low
52.0000_-82.5000,52.0,-82.5,2.6885,Low,0.00083832,Moderate
52.0000_-82.0000,52.0,-82.0,2.3834,Low,0.00105241,Moderate
52.0000_-81.5000,52.0,-81.5,0.7481,Very Low,0.0023586,Moderate
52.0000_-81.0000,52.0,-81.0,0.2426,Very Low,0.00053927,Low
52.0000_-79.5000,52.0,-79.5,0.4337,Very Low,1.896e-05,Very Low
52.0000_-79.0000,52.0,-79.0,0.4515,Very Low,0.0,Very Low
52.0000_-78.5000,52.0,-78.5,0.6411,Very Low,0.00068534,Low
52.0000_-78.0000,52.0,-78.0,0.1759,Very Low,0.00068534,Low
52.0000_-77.5000,52.0,-77.5,0.3345,Very Low,7.416e-05,Low
52.0000_-77.0000,52.0,-77.0,0.3432,Very Low,0.00053927,Low
52.0000_-76.5000,52.0,-76.5,0.2068,Very Low,0.00068534,Low
52.0000_-76.0000,52.0,-76.0,0.1951,Very Low,0.00068534,Low
52.0000_-75.5000,52.0,-75.5,0.166,Very Low,0.00068534,Low
52.0000_-75.0000,52.0,-75.0,0.1414,Very Low,0.00053927,Low
52.0000_-74.5000,52.0,-74.5,0.2238,Very Low,1.896e-05,Very Low
52.0000_-74.0000,52.0,-74.0,0.2298,Very Low,0.00068534,Low
52.0000_-73.5000,52.0,-73.5,0.3872,Very Low,0.00053927,Low
52.0000_-73.0000,52.0,-73.0,0.2881,Very Low,0.00068534,Low
52.0000_-72.5000,52.0,-72.5,0.0282,Very Low,1.896e-05,Very Low
52.0000_-72.0000,52.0,-72.0,0.0019,Very Low,0.00018179,Low
52.0000_-71.5000,52.0,-71.5,0.0412,Very Low,0.00068534,Low
52.0000_-71.0000,52.0,-71.0,0.6628,Very Low,7.416e-05,Low
52.0000_-70.5000,52.0,-70.5,0.9453,Very Low,0.00068534,Low
52.0000_-70.0000,52.0,-70.0,0.7204,Very Low,0.00053927,Low
52.0000_-69.5000,52.0,-69.5,0.6882,Very Low,0.00068534,Low
52.0000_-69.0000,52.0,-69.0,0.6684,Very Low,0.00083832,Moderate
52.0000_-68.5000,52.0,-68.5,0.9564,Very Low,0.00083832,Moderate
52.0000_-68.0000,52.0,-68.0,0.4403,Very Low,0.00083832,Moderate
52.0000_-67.5000,52.0,-67.5,0.6266,Very Low,0.00083832,Moderate
52.0000_-67.0000,52.0,-67.0,0.4483,Very Low,0.00083832,Moderate
52.0000_-66.5000,52.0,-66.5,0.4618,Very Low,0.00083832,Moderate
52.0000_-66.0000,52.0,-66.0,0.3509,Very Low,0.00083832,Moderate
52.0000_-65.5000,52.0,-65.5,0.2691,Very Low,0.00083832,Moderate
52.0000_-65.0000,52.0,-65.0,0.1996,Very Low,0.00083832,Moderate
52.0000_-64.5000,52.0,-64.5,0.2795,Very Low,1.896e-05,Very Low
52.0000_-64.0000,52.0,-64.0,0.3063,Very Low,0.00068534,Low
52.0000_-63.5000,52.0,-63.5,0.3646,Very Low,0.00083832,Moderate
52.0000_-63.0000,52.0,-63.0,0.4153,Very Low,0.00068534,Low
52.0000_-62.5000,52.0,-62.5,0.2944,Very Low,0.00083832,Moderate
52.0000_-62.0000,52.0,-62.0,0.2563,Very Low,0.00083832,Moderate
52.0000_-61.5000,52.0,-61.5,0.2144,Very Low,0.00083832,Moderate
52.0000_-61.0000,52.0,-61.0,0.1686,Very Low,1.896e-05,Very Low
52.0000_-60.5000,52.0,-60.5,0.283,Very Low,0.00105241,Moderate
52.0000_-60.0000,52.0,-60.0,2.1974,Low,0.00068534,Low
52.0000_-59.5000,52.0,-59.5,2.8585,Low,0.00083832,Moderate
52.0000_-59.0000,52.0,-59.0,0.9948,Very Low,0.00068534,Low
52.0000_-58.5000,52.0,-58.5,0.7012,Very Low,1.896e-05,Very Low
52.0000_-58.0000,52.0,-58.0,0.6569,Very Low,0.00068534,Low
52.0000_-57.5000,52.0,-57.5,0.8611,Very Low,1.896e-05,Very Low
52.0000_-57.0000,52.0,-57.0,0.797,Very Low,0.00083832,Moderate
52.0000_-56.5000,52.0,-56.5,1.6148,Very Low,0.00068534,Low
52.0000_-56.0000,52.0,-56.0,0.6016,Very Low,0.00053927,Low
52.0000_-55.5000,52.0,-55.5,0.7426,Very Low,1.896e-05,Very Low
52.5000_-131.5000,52.5,-131.5,0.5157,Very Low,0.00068534,Low
52.5000_-129.0000,52.5,-129.0,0.0183,Very Low,7.416e-05,Low
52.5000_-128.5000,52.5,-128.5,0.0006,Very Low,1.896e-05,Very Low
52.5000_-128.0000,52.5,-128.0,0.0608,Very Low,0.00068534,Low
52.5000_-127.5000,52.5,-127.5,0.0524,Very Low,0.00083832,Moderate
52.5000_-127.0000,52.5,-127.0,2.9477,Low,0.00770915,Moderate
52.5000_-126.5000,52.5,-126.5,5.5904,Moderate,0.02281652,High
52.5000_-126.0000,52.5,-126.0,6.1607,Moderate,0.02704935,High
52.5000_-125.5000,52.5,-125.5,11.3166,High,0.14990138,High
52.5000_-125.0000,52.5,-125.0,13.443,High,0.08423395,High
52.5000_-124.5000,52.5,-124.5,14.4441,High,0.03276447,High
52.5000_-124.0000,52.5,-124.0,12.5988,High,0.01649175,High
52.5000_-123.5000,52.5,-123.5,16.4893,High,0.03383363,High
52.5000_-123.0000,52.5,-123.0,16.8585,High,0.07052897,High
52.5000_-122.5000,52.5,-122.5,12.8537,High,0.14661355,High
52.5000_-122.0000,52.5,-122.0,15.8073,High,0.10967256,High
52.5000_-121.5000,52.5,-121.5,10.6645,High,0.11865618,High
52.5000_-121.0000,52.5,-121.0,6.4849,Moderate,0.08001374,High
52.5000_-120.5000,52.5,-120.5,7.021,Moderate,0.08001374,High
52.5000_-120.0000,52.5,-120.0,8.1308,High,0.08001374,High
52.5000_-119.5000,52.5,-119.5,3.298,Low,0.02154918,High
52.5000_-119.0000,52.5,-119.0,7.5854,Moderate,0.05620805,High
52.5000_-118.5000,52.5,-118.5,7.4468,Moderate,0.02704935,High
52.5000_-118.0000,52.5,-118.0,11.7198,High,0.02281652,High
52.5000_-117.5000,52.5,-117.5,9.5969,High,0.0054932,Moderate
52.5000_-117.0000,52.5,-117.0,15.2802,High,0.00243473,Moderate
52.5000_-116.5000,52.5,-116.5,10.1605,High,0.047139,High
52.5000_-116.0000,52.5,-116.0,11.3031,High,0.05620805,High
52.5000_-115.5000,52.5,-115.5,14.3697,High,0.05620805,High
52.5000_-115.0000,52.5,-115.0,9.3463,High,0.07052897,High
52.5000_-114.5000,52.5,-114.5,12.3159,High,0.02704935,High
52.5000_-114.0000,52.5,-114.0,2.747,Low,0.00068534,Low
52.5000_-113.5000,52.5,-113.5,8.6706,High,0.00068534,Low
52.5000_-113.0000,52.5,-113.0,11.904,High,0.00068534,Low
52.5000_-112.5000,52.5,-112.5,20.0676,Very High,0.00053927,Low
52.5000_-112.0000,52.5,-112.0,15.622,High,0.00139077,Moderate
52.5000_-111.5000,52.5,-111.5,13.1562,High,0.00053927,Low
52.5000_-111.0000,52.5,-111.0,15.7656,High,0.00053927,Low
52.5000_-110.5000,52.5,-110.5,17.2415,High,0.00053927,Low
52.5000_-110.0000,52.5,-110.0,18.4589,Very High,0.0023586,Moderate
52.5000_-109.5000,52.5,-109.5,16.0718,High,0.0023586,Moderate
52.5000_-109.0000,52.5,-109.0,15.0183,High,0.00083832,Moderate
52.5000_-108.5000,52.5,-108.5,12.8991,High,0.00068534,Low
52.5000_-108.0000,52.5,-108.0,11.4453,High,0.00333659,Moderate
52.5000_-107.5000,52.5,-107.5,13.0485,High,0.00632347,Moderate
52.5000_-107.0000,52.5,-107.0,10.7248,High,0.0054932,Moderate
52.5000_-106.5000,52.5,-106.5,11.1464,High,0.00586819,Moderate
52.5000_-106.0000,52.5,-106.0,6.7332,Moderate,0.00139077,Moderate
52.5000_-105.5000,52.5,-105.5,8.4813,High,0.0023586,Moderate
52.5000_-105.0000,52.5,-105.0,8.1187,High,0.00068534,Low
52.5000_-104.5000,52.5,-104.5,7.518,Moderate,0.00140231,Moderate
52.5000_-104.0000,52.5,-104.0,7.327,Moderate,0.00083832,Moderate
52.5000_-103.5000,52.5,-103.5,5.1331,Moderate,0.00140231,Moderate
52.5000_-103.0000,52.5,-103.0,4.7027,Moderate,0.00305399,Moderate
52.5000_-102.5000,52.5,-102.5,3.7651,Low,0.00770915,Moderate
52.5000_-102.0000,52.5,-102.0,3.1823,Low,0.0023586,Moderate
52.5000_-101.5000,52.5,-101.5,3.7429,Low,0.00083832,Moderate
52.5000_-101.0000,52.5,-101.0,4.9293,Moderate,0.0054932,Moderate
52.5000_-100.5000,52.5,-100.5,4.9381,Moderate,0.01250206,High
52.5000_-100.0000,52.5,-100.0,4.3308,Moderate,0.00068534,Low
52.5000_-99.5000,52.5,-99.5,3.5833,Low,0.00068534,Low
52.5000_-99.0000,52.5,-99.0,4.7819,Moderate,0.00083832,Moderate
52.5000_-98.5000,52.5,-98.5,2.8126,Low,0.00068534,Low
52.5000_-98.0000,52.5,-98.0,2.5483,Low,0.00053927,Low
52.5000_-97.5000,52.5,-97.5,3.1026,Low,0.00053927,Low
52.5000_-97.0000,52.5,-97.0,1.4353,Very Low,0.01432781,High
52.5000_-96.5000,52.5,-96.5,3.4455,Low,0.01432781,High
52.5000_-96.0000,52.5,-96.0,3.3367,Low,0.00697906,Moderate
52.5000_-95.5000,52.5,-95.5,4.3392,Moderate,0.00973957,Moderate
52.5000_-95.0000,52.5,-95.0,1.6201,Very Low,0.00083832,Moderate
52.5000_-94.5000,52.5,-94.5,3.0757,Low,0.00734049,Moderate
52.5000_-94.0000,52.5,-94.0,2.5262,Low,0.01432781,High
52.5000_-93.5000,52.5,-93.5,0.9424,Very Low,0.0023586,Moderate
52.5000_-93.0000,52.5,-93.0,1.2145,Very Low,0.0054932,Moderate
52.5000_-92.5000,52.5,-92.5,2.5359,Low,0.0054932,Moderate
52.5000_-92.0000,52.5,-92.0,2.0347,Low,0.0023586,Moderate
52.5000_-91.5000,52.5,-91.5,0.9464,Very Low,0.00140231,Moderate
52.5000_-91.0000,52.5,-91.0,2.4267,Low,0.00083832,Moderate
52.5000_-90.5000,52.5,-90.5,3.6805,Low,0.0023586,Moderate
52.5000_-90.0000,52.5,-90.0,4.6627,Moderate,0.00083832,Moderate
52.5000_-89.5000,52.5,-89.5,3.5828,Low,0.00896526,Moderate
52.5000_-89.0000,52.5,-89.0,3.201,Low,0.00083832,Moderate
52.5000_-88.5000,52.5,-88.5,1.4707,Very Low,0.0023586,Moderate
52.5000_-88.0000,52.5,-88.0,2.3021,Low,0.00083832,Moderate
52.5000_-87.5000,52.5,-87.5,1.4822,Very Low,0.00243473,Moderate
52.5000_-87.0000,52.5,-87.0,4.2941,Moderate,0.00083832,Moderate
52.5000_-86.5000,52.5,-86.5,6.1537,Moderate,0.00139077,Moderate
52.5000_-86.0000,52.5,-86.0,4.9761,Moderate,0.00140231,Moderate
52.5000_-85.5000,52.5,-85.5,4.1547,Moderate,0.00068534,Low
52.5000_-85.0000,52.5,-85.0,0.6327,Very Low,0.00068534,Low
52.5000_-84.5000,52.5,-84.5,0.8849,Very Low,0.00068534,Low
52.5000_-84.0000,52.5,-84.0,2.5098,Low,0.00053927,Low
52.5000_-83.5000,52.5,-83.5,1.4536,Very Low,0.00018179,Low
52.5000_-83.0000,52.5,-83.0,1.2542,Very Low,0.00068534,Low
52.5000_-82.5000,52.5,-82.5,1.1036,Very Low,0.00068534,Low
52.5000_-82.0000,52.5,-82.0,0.9389,Very Low,0.00068534,Low
52.5000_-81.5000,52.5,-81.5,0.5654,Very Low,0.00053927,Low
52.5000_-79.5000,52.5,-79.5,0.464,Very Low,0.0,Very Low
52.5000_-78.5000,52.5,-78.5,0.7577,Very Low,0.00068534,Low
52.5000_-78.0000,52.5,-78.0,0.2651,Very Low,0.00068534,Low
52.5000_-77.5000,52.5,-77.5,0.2283,Very Low,0.00068534,Low
52.5000_-77.0000,52.5,-77.0,0.4641,Very Low,0.00068534,Low
52.5000_-76.5000,52.5,-76.5,0.4753,Very Low,0.00068534,Low
52.5000_-76.0000,52.5,-76.0,0.0963,Very Low,0.00068534,Low
52.5000_-75.5000,52.5,-75.5,0.2144,Very Low,0.00018179,Low
52.5000_-75.0000,52.5,-75.0,0.0653,Very Low,0.00068534,Low
52.5000_-74.5000,52.5,-74.5,0.0856,Very Low,7.416e-05,Low
52.5000_-74.0000,52.5,-74.0,0.2306,Very Low,0.00018179,Low
52.5000_-73.5000,52.5,-73.5,0.027,Very Low,0.0,Very Low
52.5000_-73.0000,52.5,-73.0,0.0991,Very Low,0.00018179,Low
52.5000_-72.5000,52.5,-72.5,0.5696,Very Low,0.00083832,Moderate
52.5000_-72.0000,52.5,-72.0,0.3542,Very Low,0.00068534,Low
52.5000_-71.5000,52.5,-71.5,0.4348,Very Low,7.416e-05,Low
52.5000_-71.0000,52.5,-71.0,0.4991,Very Low,0.00068534,Low
52.5000_-70.5000,52.5,-70.5,0.2828,Very Low,0.00068534,Low
52.5000_-70.0000,52.5,-70.0,0.6933,Very Low,0.00068534,Low
52.5000_-69.5000,52.5,-69.5,0.2396,Very Low,7.416e-05,Low
52.5000_-69.0000,52.5,-69.0,0.2479,Very Low,1.896e-05,Very Low
52.5000_-68.5000,52.5,-68.5,0.2989,Very Low,0.00053927,Low
52.5000_-68.0000,52.5,-68.0,0.3699,Very Low,0.00068534,Low
52.5000_-67.5000,52.5,-67.5,0.1415,Very Low,0.00083832,Moderate
52.5000_-67.0000,52.5,-67.0,0.1536,Very Low,0.00083832,Moderate
52.5000_-66.5000,52.5,-66.5,0.4321,Very Low,0.00083832,Moderate
52.5000_-66.0000,52.5,-66.0,0.7259,Very Low,0.00068534,Low
52.5000_-65.5000,52.5,-65.5,0.5514,Very Low,0.00068534,Low
52.5000_-65.0000,52.5,-65.0,0.378,Very Low,0.00083832,Moderate
52.5000_-64.5000,52.5,-64.5,0.4223,Very Low,0.00053927,Low
52.5000_-64.0000,52.5,-64.0,0.3962,Very Low,0.00068534,Low
52.5000_-63.5000,52.5,-63.5,0.4445,Very Low,0.00068534,Low
52.5000_-63.0000,52.5,-63.0,0.3966,Very Low,1.896e-05,Very Low
52.5000_-62.5000,52.5,-62.5,0.3729,Very Low,7.416e-05,Low
52.5000_-62.0000,52.5,-62.0,0.3028,Very Low,0.00083832,Moderate
52.5000_-61.5000,52.5,-61.5,0.1671,Very Low,1.896e-05,Very Low
52.5000_-61.0000,52.5,-61.0,0.6633,Very Low,0.00083832,Moderate
52.5000_-60.5000,52.5,-60.5,0.3688,Very Low,0.00053927,Low
52.5000_-60.0000,52.5,-60.0,1.68,Very Low,0.00083832,Moderate
52.5000_-59.5000,52.5,-59.5,1.456,Very Low,7.416e-05,Low
52.5000_-59.0000,52.5,-59.0,0.8774,Very Low,0.00083832,Moderate
52.5000_-58.5000,52.5,-58.5,5.6189,Moderate,0.00083832,Moderate
52.5000_-58.0000,52.5,-58.0,2.7666,Low,1.896e-05,Very Low
52.5000_-57.5000,52.5,-57.5,1.67,Very Low,0.00068534,Low
52.5000_-57.0000,52.5,-57.0,3.4576,Low,0.00068534,Low
52.5000_-56.5000,52.5,-56.5,2.7804,Low,0.00105241,Moderate
52.5000_-56.0000,52.5,-56.0,2.4625,Low,0.00083832,Moderate
53.0000_-132.5000,53.0,-132.5,0.0812,Very Low,0.00018179,Low
53.0000_-132.0000,53.0,-132.0,0.0072,Very Low,0.00139077,Moderate
53.0000_-131.5000,53.0,-131.5,5.6967,Moderate,0.00083832,Moderate
53.0000_-129.5000,53.0,-129.5,0.0041,Very Low,0.00015106,Low
53.0000_-129.0000,53.0,-129.0,0.0114,Very Low,0.00068534,Low
53.0000_-128.5000,53.0,-128.5,0.0216,Very Low,0.00068534,Low
53.0000_-128.0000,53.0,-128.0,0.0131,Very Low,0.00083832,Moderate
53.0000_-127.5000,53.0,-127.5,0.8419,Very Low,0.00305399,Moderate
53.0000_-127.0000,53.0,-127.0,2.6833,Low,0.0054932,Moderate
53.0000_-126.5000,53.0,-126.5,4.636,Moderate,0.01432781,High
53.0000_-126.0000,53.0,-126.0,9.6678,High,0.02154918,High
53.0000_-125.5000,53.0,-125.5,10.4811,High,0.05620805,High
53.0000_-125.0000,53.0,-125.0,9.6611,High,0.05620805,High
53.0000_-124.5000,53.0,-124.5,15.6512,High,0.09349289,High
53.0000_-124.0000,53.0,-124.0,15.4607,High,0.047139,High
53.0000_-123.5000,53.0,-123.5,17.2318,High,0.10967256,High
53.0000_-123.0000,53.0,-123.0,14.5482,High,0.06707759,High
53.0000_-122.5000,53.0,-122.5,9.8409,High,0.16162862,High
53.0000_-122.0000,53.0,-122.0,11.273,High,0.04267782,High
53.0000_-121.5000,53.0,-121.5,9.9242,High,0.10967256,High
53.0000_-121.0000,53.0,-121.0,12.5273,High,0.08001374,High
53.0000_-120.5000,53.0,-120.5,5.1653,Moderate,0.00557103,Moderate
53.0000_-120.0000,53.0,-120.0,11.653,High,0.02704935,High
53.0000_-119.5000,53.0,-119.5,10.1379,High,0.10967256,High
53.0000_-119.0000,53.0,-119.0,9.8861,High,0.06413994,High
53.0000_-118.5000,53.0,-118.5,10.4714,High,0.02281652,High
53.0000_-118.0000,53.0,-118.0,12.1769,High,0.10967256,High
53.0000_-117.5000,53.0,-117.5,15.71,High,0.03702563,High
53.0000_-117.0000,53.0,-117.0,13.0816,High,0.08001374,High
53.0000_-116.5000,53.0,-116.5,14.4351,High,0.047139,High
53.0000_-116.0000,53.0,-116.0,15.6024,High,0.06707759,High
53.0000_-115.5000,53.0,-115.5,12.3621,High,0.09737058,High
53.0000_-115.0000,53.0,-115.0,11.5789,High,0.09349289,High
53.0000_-114.5000,53.0,-114.5,14.7094,High,0.01279528,High
53.0000_-114.0000,53.0,-114.0,5.1609,Moderate,0.00015106,Low
53.0000_-113.5000,53.0,-113.5,10.9226,High,0.01377744,High
53.0000_-113.0000,53.0,-113.0,12.2069,High,0.00139077,Moderate
53.0000_-112.5000,53.0,-112.5,17.4826,High,0.00140231,Moderate
53.0000_-112.0000,53.0,-112.0,18.6708,Very High,0.00068534,Low
53.0000_-111.5000,53.0,-111.5,16.8482,High,0.00068534,Low
53.0000_-111.0000,53.0,-111.0,8.7977,High,7.416e-05,Low
53.0000_-110.5000,53.0,-110.5,10.2637,High,0.00015106,Low
53.0000_-110.0000,53.0,-110.0,11.3874,High,0.0023586,Moderate
53.0000_-109.5000,53.0,-109.5,7.9957,Moderate,0.0023586,Moderate
53.0000_-109.0000,53.0,-109.0,11.1257,High,0.00105241,Moderate
53.0000_-108.5000,53.0,-108.5,9.163,High,0.00632347,Moderate
53.0000_-108.0000,53.0,-108.0,10.1779,High,0.00140231,Moderate
53.0000_-107.5000,53.0,-107.5,10.6166,High,0.00139077,Moderate
53.0000_-107.0000,53.0,-107.0,8.4172,High,0.00586819,Moderate
53.0000_-106.5000,53.0,-106.5,9.354,High,0.00697906,Moderate
53.0000_-106.0000,53.0,-106.0,7.427,Moderate,0.03290069,High
53.0000_-105.5000,53.0,-105.5,8.6444,High,0.02704935,High
53.0000_-105.0000,53.0,-105.0,9.3715,High,0.02281652,High
53.0000_-104.5000,53.0,-104.5,8.0316,High,0.00355104,Moderate
53.0000_-104.0000,53.0,-104.0,7.7673,Moderate,0.00141978,Moderate
53.0000_-103.5000,53.0,-103.5,6.3385,Moderate,0.00083832,Moderate
53.0000_-103.0000,53.0,-103.0,4.5224,Moderate,0.00697906,Moderate
53.0000_-102.5000,53.0,-102.5,4.1859,Moderate,0.00973957,Moderate
53.0000_-102.0000,53.0,-102.0,4.3167,Moderate,0.00611154,Moderate
53.0000_-101.5000,53.0,-101.5,2.3046,Low,0.00140231,Moderate
53.0000_-101.0000,53.0,-101.0,3.5511,Low,0.00611154,Moderate
53.0000_-100.5000,53.0,-100.5,4.1998,Moderate,0.00140231,Moderate
53.0000_-100.0000,53.0,-100.0,5.7572,Moderate,0.01279528,High
53.0000_-99.5000,53.0,-99.5,5.8474,Moderate,0.01056092,High
53.0000_-99.0000,53.0,-99.0,6.4468,Moderate,0.00105241,Moderate
53.0000_-98.5000,53.0,-98.5,4.9913,Moderate,0.00068534,Low
53.0000_-98.0000,53.0,-98.0,4.668,Moderate,0.00018179,Low
53.0000_-97.5000,53.0,-97.5,3.4694,Low,0.00068534,Low
53.0000_-97.0000,53.0,-97.0,3.7555,Low,0.0023586,Moderate
53.0000_-96.5000,53.0,-96.5,2.964,Low,0.00140231,Moderate
53.0000_-96.0000,53.0,-96.0,3.1892,Low,0.00586819,Moderate
53.0000_-95.5000,53.0,-95.5,1.8901,Very Low,0.0054932,Moderate
53.0000_-95.0000,53.0,-95.0,0.7741,Very Low,0.00333659,Moderate
53.0000_-94.5000,53.0,-94.5,0.867,Very Low,0.0023586,Moderate
53.0000_-94.0000,53.0,-94.0,0.9535,Very Low,0.00083832,Moderate
53.0000_-93.5000,53.0,-93.5,1.2977,Very Low,0.01432781,High
53.0000_-93.0000,53.0,-93.0,0.8705,Very Low,0.00139077,Moderate
53.0000_-92.5000,53.0,-92.5,2.6396,Low,0.00083832,Moderate
53.0000_-92.0000,53.0,-92.0,1.8471,Very Low,0.00083832,Moderate
53.0000_-91.5000,53.0,-91.5,0.8104,Very Low,0.00305399,Moderate
53.0000_-91.0000,53.0,-91.0,1.9778,Very Low,0.00586819,Moderate
53.0000_-90.5000,53.0,-90.5,2.442,Low,0.00243473,Moderate
53.0000_-90.0000,53.0,-90.0,2.484,Low,0.00632347,Moderate
53.0000_-89.5000,53.0,-89.5,3.8819,Low,0.0054932,Moderate
53.0000_-89.0000,53.0,-89.0,4.1833,Moderate,0.00333659,Moderate
53.0000_-88.5000,53.0,-88.5,5.322,Moderate,0.0023586,Moderate
53.0000_-88.0000,53.0,-88.0,1.4999,Very Low,0.00083832,Moderate
53.0000_-87.5000,53.0,-87.5,1.6364,Very Low,0.01377744,High
53.0000_-87.0000,53.0,-87.0,1.6206,Very Low,0.00083832,Moderate
53.0000_-86.5000,53.0,-86.5,0.9078,Very Low,0.00105241,Moderate
53.0000_-86.0000,53.0,-86.0,0.623,Very Low,0.00068534,Low
53.0000_-85.5000,53.0,-85.5,0.8521,Very Low,0.00068534,Low
53.0000_-85.0000,53.0,-85.0,2.2688,Low,0.00068534,Low
53.0000_-84.5000,53.0,-84.5,2.8248,Low,0.00068534,Low
53.0000_-84.0000,53.0,-84.0,1.304,Very Low,0.00068534,Low
53.0000_-83.5000,53.0,-83.5,0.8114,Very Low,0.00068534,Low
53.0000_-83.0000,53.0,-83.0,0.7639,Very Low,0.00105241,Moderate
53.0000_-82.5000,53.0,-82.5,0.4963,Very Low,0.00243473,Moderate
53.0000_-82.0000,53.0,-82.0,0.5948,Very Low,1.896e-05,Very Low
53.0000_-81.5000,53.0,-81.5,0.4961,Very Low,0.0,Very Low
53.0000_-81.0000,53.0,-81.0,0.9154,Very Low,0.0,Very Low
53.0000_-79.0000,53.0,-79.0,0.4184,Very Low,0.00053927,Low
53.0000_-78.5000,53.0,-78.5,0.3046,Very Low,0.00068534,Low
53.0000_-78.0000,53.0,-78.0,0.195,Very Low,0.00053927,Low
53.0000_-77.5000,53.0,-77.5,0.447,Very Low,0.00053927,Low
53.0000_-77.0000,53.0,-77.0,0.4299,Very Low,0.00068534,Low
53.0000_-76.5000,53.0,-76.5,0.39,Very Low,0.00068534,Low
53.0000_-76.0000,53.0,-76.0,0.3036,Very Low,0.00068534,Low
53.0000_-75.5000,53.0,-75.5,0.1521,Very Low,0.00053927,Low
53.0000_-75.0000,53.0,-75.0,0.0056,Very Low,7.416e-05,Low
53.0000_-74.5000,53.0,-74.5,0.0199,Very Low,0.00068534,Low
53.0000_-74.0000,53.0,-74.0,0.0032,Very Low,0.00068534,Low
53.0000_-73.5000,53.0,-73.5,0.0967,Very Low,0.00068534,Low
53.0000_-73.0000,53.0,-73.0,0.0318,Very Low,1.896e-05,Very Low
53.0000_-72.5000,53.0,-72.5,0.0312,Very Low,0.0,Very Low
53.0000_-72.0000,53.0,-72.0,0.1882,Very Low,0.00053927,Low
53.0000_-71.5000,53.0,-71.5,0.5195,Very Low,1.896e-05,Very Low
53.0000_-71.0000,53.0,-71.0,0.1233,Very Low,7.416e-05,Low
53.0000_-70.5000,53.0,-70.5,0.0192,Very Low,1.896e-05,Very Low
53.0000_-70.0000,53.0,-70.0,0.0132,Very Low,1.896e-05,Very Low
53.0000_-69.5000,53.0,-69.5,0.1777,Very Low,0.00053927,Low
53.0000_-69.0000,53.0,-69.0,0.3247,Very Low,0.00068534,Low
53.0000_-68.5000,53.0,-68.5,0.5908,Very Low,0.00068534,Low
53.0000_-68.0000,53.0,-68.0,0.0502,Very Low,0.00068534,Low
53.0000_-67.5000,53.0,-67.5,0.054,Very Low,0.00068534,Low
53.0000_-67.0000,53.0,-67.0,0.0714,Very Low,0.00083832,Moderate
53.0000_-66.5000,53.0,-66.5,0.3819,Very Low,0.00083832,Moderate
53.0000_-66.0000,53.0,-66.0,0.2545,Very Low,0.00018179,Low
53.0000_-65.5000,53.0,-65.5,0.4079,Very Low,7.416e-05,Low
53.0000_-65.0000,53.0,-65.0,0.1534,Very Low,1.896e-05,Very Low
53.0000_-64.5000,53.0,-64.5,0.2504,Very Low,0.00068534,Low
53.0000_-64.0000,53.0,-64.0,0.0345,Very Low,1.896e-05,Very Low
53.0000_-63.5000,53.0,-63.5,0.3639,Very Low,7.416e-05,Low
53.0000_-63.0000,53.0,-63.0,0.3797,Very Low,0.00068534,Low
53.0000_-62.5000,53.0,-62.5,0.1439,Very Low,7.416e-05,Low
53.0000_-62.0000,53.0,-62.0,0.5701,Very Low,0.00068534,Low
53.0000_-61.5000,53.0,-61.5,0.6207,Very Low,0.00083832,Moderate
53.0000_-61.0000,53.0,-61.0,0.0878,Very Low,0.00068534,Low
53.0000_-60.5000,53.0,-60.5,0.1631,Very Low,7.416e-05,Low
53.0000_-60.0000,53.0,-60.0,0.2692,Very Low,0.00053927,Low
53.0000_-59.5000,53.0,-59.5,0.9232,Very Low,0.00068534,Low
53.0000_-59.0000,53.0,-59.0,4.6824,Moderate,0.00068534,Low
53.0000_-58.5000,53.0,-58.5,6.2244,Moderate,0.00068534,Low
53.0000_-58.0000,53.0,-58.0,5.2824,Moderate,0.00068534,Low
53.0000_-57.5000,53.0,-57.5,3.778,Low,1.896e-05,Very Low
53.0000_-57.0000,53.0,-57.0,1.4939,Very Low,7.416e-05,Low
53.0000_-56.5000,53.0,-56.5,4.0423,Moderate,0.00068534,Low
53.0000_-56.0000,53.0,-56.0,2.4099,Low,0.00068534,Low
53.5000_-133.0000,53.5,-133.0,0.0005,Very Low,0.00018179,Low
53.5000_-132.5000,53.5,-132.5,0.0,Very Low,0.00068534,Low
53.5000_-132.0000,53.5,-132.0,0.406,Very Low,0.0054932,Moderate
53.5000_-130.5000,53.5,-130.5,0.0002,Very Low,7.416e-05,Low
53.5000_-130.0000,53.5,-130.0,0.0213,Very Low,7.416e-05,Low
53.5000_-129.5000,53.5,-129.5,0.0,Very Low,0.00018179,Low
53.5000_-129.0000,53.5,-129.0,0.0265,Very Low,0.00068534,Low
53.5000_-128.5000,53.5,-128.5,0.0012,Very Low,0.00068534,Low
53.5000_-128.0000,53.5,-128.0,0.7322,Very Low,0.00140231,Moderate
53.5000_-127.5000,53.5,-127.5,0.7382,Very Low,0.00083832,Moderate
53.5000_-127.0000,53.5,-127.0,7.802,Moderate,0.02281652,High
53.5000_-126.5000,53.5,-126.5,5.6581,Moderate,0.01432781,High
53.5000_-126.0000,53.5,-126.0,7.9303,Moderate,0.03657881,High
53.5000_-125.5000,53.5,-125.5,8.8962,High,0.03276447,High
53.5000_-125.0000,53.5,-125.0,12.2181,High,0.10967256,High
53.5000_-124.5000,53.5,-124.5,12.4546,High,0.08423395,High
53.5000_-124.0000,53.5,-124.0,15.2808,High,0.1256182,High
53.5000_-123.5000,53.5,-123.5,10.8813,High,0.16162862,High
53.5000_-123.0000,53.5,-123.0,11.3608,High,0.16162862,High
53.5000_-122.5000,53.5,-122.5,8.7705,High,0.10967256,High
53.5000_-122.0000,53.5,-122.0,9.5872,High,0.03383363,High
53.5000_-121.5000,53.5,-121.5,15.4949,High,0.047139,High
53.5000_-121.0000,53.5,-121.0,12.3563,High,0.08001374,High
53.5000_-120.5000,53.5,-120.5,12.1257,High,0.10967256,High
53.5000_-120.0000,53.5,-120.0,8.6781,High,0.0171844,High
53.5000_-119.5000,53.5,-119.5,14.3408,High,0.01432781,High
53.5000_-119.0000,53.5,-119.0,17.8576,High,0.01432781,High
53.5000_-118.5000,53.5,-118.5,9.83,High,0.01377744,High
53.5000_-118.0000,53.5,-118.0,9.0671,High,0.09349289,High
53.5000_-117.5000,53.5,-117.5,9.4908,High,0.10967256,High
53.5000_-117.0000,53.5,-117.0,8.9195,High,0.10967256,High
53.5000_-116.5000,53.5,-116.5,11.0006,High,0.10967256,High
53.5000_-116.0000,53.5,-116.0,9.9526,High,0.10500879,High
53.5000_-115.5000,53.5,-115.5,9.0151,High,0.10967256,High
53.5000_-115.0000,53.5,-115.0,9.8312,High,0.10967256,High
53.5000_-114.5000,53.5,-114.5,8.389,High,0.01432781,High
53.5000_-114.0000,53.5,-114.0,7.6882,Moderate,0.00139077,Moderate
53.5000_-113.5000,53.5,-113.5,12.9608,High,0.00068534,Low
53.5000_-113.0000,53.5,-113.0,7.2249,Moderate,0.03276447,High
53.5000_-112.5000,53.5,-112.5,9.9427,High,0.00053927,Low
53.5000_-112.0000,53.5,-112.0,17.3724,High,0.00068534,Low
53.5000_-111.5000,53.5,-111.5,14.5523,High,0.00068534,Low
53.5000_-111.0000,53.5,-111.0,13.1616,High,0.00083832,Moderate
53.5000_-110.5000,53.5,-110.5,10.4055,High,7.416e-05,Low
53.5000_-110.0000,53.5,-110.0,9.588,High,0.00632347,Moderate
53.5000_-109.5000,53.5,-109.5,6.6282,Moderate,0.00139077,Moderate
53.5000_-109.0000,53.5,-109.0,7.6503,Moderate,0.00355104,Moderate
53.5000_-108.5000,53.5,-108.5,6.2583,Moderate,0.00083832,Moderate
53.5000_-108.0000,53.5,-108.0,7.3685,Moderate,0.01432781,High
53.5000_-107.5000,53.5,-107.5,13.7304,High,0.02281652,High
53.5000_-107.0000,53.5,-107.0,11.5676,High,0.03276447,High
53.5000_-106.5000,53.5,-106.5,7.8619,Moderate,0.01996567,High
53.5000_-106.0000,53.5,-106.0,7.7638,Moderate,0.03657881,High
53.5000_-105.5000,53.5,-105.5,8.9325,High,0.01432781,High
53.5000_-105.0000,53.5,-105.0,6.4547,Moderate,0.00770915,Moderate
53.5000_-104.5000,53.5,-104.5,6.6123,Moderate,0.0054932,Moderate
53.5000_-104.0000,53.5,-104.0,6.3742,Moderate,0.0023586,Moderate
53.5000_-103.5000,53.5,-103.5,5.6968,Moderate,0.00083832,Moderate
53.5000_-103.0000,53.5,-103.0,6.5249,Moderate,0.0054932,Moderate
53.5000_-102.5000,53.5,-102.5,8.885,High,0.02154918,High
53.5000_-102.0000,53.5,-102.0,5.7223,Moderate,0.00355104,Moderate
53.5000_-101.5000,53.5,-101.5,5.2915,Moderate,0.00243473,Moderate
53.5000_-101.0000,53.5,-101.0,4.6192,Moderate,0.0023586,Moderate
53.5000_-100.5000,53.5,-100.5,2.5723,Low,0.00586819,Moderate
53.5000_-100.0000,53.5,-100.0,4.5069,Moderate,0.00139077,Moderate
53.5000_-99.5000,53.5,-99.5,5.5885,Moderate,0.00586819,Moderate
53.5000_-99.0000,53.5,-99.0,5.0306,Moderate,0.00068534,Low
53.5000_-98.5000,53.5,-98.5,6.7521,Moderate,7.416e-05,Low
53.5000_-98.0000,53.5,-98.0,7.052,Moderate,0.00083832,Moderate
53.5000_-97.5000,53.5,-97.5,4.4544,Moderate,0.0054932,Moderate
53.5000_-97.0000,53.5,-97.0,5.4865,Moderate,0.00243473,Moderate
53.5000_-96.5000,53.5,-96.5,5.7702,Moderate,0.00139077,Moderate
53.5000_-96.0000,53.5,-96.0,5.2124,Moderate,0.00355104,Moderate
53.5000_-95.5000,53.5,-95.5,5.6404,Moderate,0.01056092,High
53.5000_-95.0000,53.5,-95.0,0.9282,Very Low,0.0023586,Moderate
53.5000_-94.5000,53.5,-94.5,1.4487,Very Low,0.00083832,Moderate
53.5000_-94.0000,53.5,-94.0,0.8143,Very Low,0.00139077,Moderate
53.5000_-93.5000,53.5,-93.5,0.752,Very Low,0.00139077,Moderate
53.5000_-93.0000,53.5,-93.0,0.7055,Very Low,0.00139077,Moderate
53.5000_-92.5000,53.5,-92.5,0.7873,Very Low,0.00068534,Low
53.5000_-92.0000,53.5,-92.0,0.7309,Very Low,0.00140231,Moderate
53.5000_-91.5000,53.5,-91.5,0.7,Very Low,0.00139077,Moderate
53.5000_-91.0000,53.5,-91.0,1.3707,Very Low,0.00083832,Moderate
53.5000_-90.5000,53.5,-90.5,4.0959,Moderate,0.00355104,Moderate
53.5000_-90.0000,53.5,-90.0,2.6138,Low,0.00105241,Moderate
53.5000_-89.5000,53.5,-89.5,4.3711,Moderate,0.00083832,Moderate
53.5000_-89.0000,53.5,-89.0,5.6342,Moderate,0.00105241,Moderate
53.5000_-88.5000,53.5,-88.5,5.0221,Moderate,0.00355104,Moderate
53.5000_-88.0000,53.5,-88.0,4.5793,Moderate,0.00355104,Moderate
53.5000_-87.5000,53.5,-87.5,5.8499,Moderate,0.00083832,Moderate
53.5000_-87.0000,53.5,-87.0,3.7837,Low,0.00068534,Low
53.5000_-86.5000,53.5,-86.5,3.5979,Low,0.00068534,Low
53.5000_-86.0000,53.5,-86.0,2.1837,Low,1.896e-05,Very Low
53.5000_-85.5000,53.5,-85.5,3.7346,Low,0.00068534,Low
53.5000_-85.0000,53.5,-85.0,0.867,Very Low,0.00083832,Moderate
53.5000_-84.5000,53.5,-84.5,1.2189,Very Low,0.00068534,Low
53.5000_-84.0000,53.5,-84.0,1.0697,Very Low,0.00068534,Low
53.5000_-83.5000,53.5,-83.5,0.6563,Very Low,0.00083832,Moderate
53.5000_-83.0000,53.5,-83.0,0.6059,Very Low,0.00068534,Low
53.5000_-82.5000,53.5,-82.5,0.6897,Very Low,0.00068534,Low
53.5000_-79.0000,53.5,-79.0,0.3251,Very Low,0.00053927,Low
53.5000_-78.5000,53.5,-78.5,0.1703,Very Low,0.00053927,Low
53.5000_-78.0000,53.5,-78.0,0.1528,Very Low,0.00053927,Low
53.5000_-77.5000,53.5,-77.5,0.2929,Very Low,0.00053927,Low
53.5000_-77.0000,53.5,-77.0,0.4186,Very Low,0.00053927,Low
53.5000_-76.5000,53.5,-76.5,0.3793,Very Low,0.00068534,Low
53.5000_-76.0000,53.5,-76.0,0.3352,Very Low,0.00053927,Low
53.5000_-75.5000,53.5,-75.5,0.3729,Very Low,0.00053927,Low
53.5000_-75.0000,53.5,-75.0,0.0099,Very Low,0.00018179,Low
53.5000_-74.5000,53.5,-74.5,0.0015,Very Low,0.00068534,Low
53.5000_-74.0000,53.5,-74.0,0.0054,Very Low,0.00068534,Low
53.5000_-73.5000,53.5,-73.5,0.0001,Very Low,0.00068534,Low
53.5000_-73.0000,53.5,-73.0,0.0113,Very Low,0.00068534,Low
53.5000_-72.5000,53.5,-72.5,0.0103,Very Low,0.00053927,Low
53.5000_-72.0000,53.5,-72.0,0.1089,Very Low,0.00068534,Low
53.5000_-71.5000,53.5,-71.5,0.0108,Very Low,0.00053927,Low
53.5000_-71.0000,53.5,-71.0,0.296,Very Low,1.896e-05,Very Low
53.5000_-70.5000,53.5,-70.5,0.0779,Very Low,0.00053927,Low
53.5000_-70.0000,53.5,-70.0,0.0017,Very Low,0.00068534,Low
53.5000_-69.5000,53.5,-69.5,0.0074,Very Low,0.00068534,Low
53.5000_-69.0000,53.5,-69.0,0.0013,Very Low,0.00053927,Low
53.5000_-68.5000,53.5,-68.5,0.0106,Very Low,0.00053927,Low
53.5000_-68.0000,53.5,-68.0,0.1147,Very Low,0.0,Very Low
53.5000_-67.5000,53.5,-67.5,0.078,Very Low,0.0,Very Low
53.5000_-67.0000,53.5,-67.0,0.0298,Very Low,7.416e-05,Low
53.5000_-66.5000,53.5,-66.5,0.1395,Very Low,0.00083832,Moderate
53.5000_-66.0000,53.5,-66.0,0.1431,Very Low,0.00068534,Low
53.5000_-65.5000,53.5,-65.5,0.4443,Very Low,1.896e-05,Very Low
53.5000_-65.0000,53.5,-65.0,0.4165,Very Low,0.00068534,Low
53.5000_-64.5000,53.5,-64.5,0.4966,Very Low,0.00083832,Moderate
53.5000_-64.0000,53.5,-64.0,0.5243,Very Low,0.00083832,Moderate
53.5000_-63.5000,53.5,-63.5,0.5705,Very Low,0.00083832,Moderate
53.5000_-63.0000,53.5,-63.0,0.3425,Very Low,0.00083832,Moderate
53.5000_-62.5000,53.5,-62.5,0.5478,Very Low,0.00068534,Low
53.5000_-62.0000,53.5,-62.0,0.6371,Very Low,0.00068534,Low
53.5000_-61.5000,53.5,-61.5,2.2482,Low,0.00068534,Low
53.5000_-61.0000,53.5,-61.0,0.1629,Very Low,0.00083832,Moderate
53.5000_-60.5000,53.5,-60.5,0.3017,Very Low,0.00305399,Moderate
53.5000_-60.0000,53.5,-60.0,0.3661,Very Low,0.00083832,Moderate
53.5000_-59.5000,53.5,-59.5,0.2619,Very Low,0.00018179,Low
53.5000_-59.0000,53.5,-59.0,0.3027,Very Low,1.896e-05,Very Low
53.5000_-58.5000,53.5,-58.5,0.9311,Very Low,0.00068534,Low
53.5000_-58.0000,53.5,-58.0,1.58,Very Low,7.416e-05,Low
53.5000_-57.5000,53.5,-57.5,1.9844,Very Low,0.00140231,Moderate
53.5000_-57.0000,53.5,-57.0,1.1137,Very Low,0.00139077,Moderate
53.5000_-56.5000,53.5,-56.5,3.1985,Low,0.00083832,Moderate
53.5000_-56.0000,53.5,-56.0,2.0546,Low,7.416e-05,Low
54.0000_-133.0000,54.0,-133.0,0.0004,Very Low,7.416e-05,Low
54.0000_-132.5000,54.0,-132.5,0.2173,Very Low,0.00068534,Low
54.0000_-132.0000,54.0,-132.0,0.1931,Very Low,0.00068534,Low
54.0000_-130.5000,54.0,-130.5,0.0,Very Low,0.00053927,Low
54.0000_-130.0000,54.0,-130.0,0.0753,Very Low,0.00068534,Low
54.0000_-129.5000,54.0,-129.5,0.0109,Very Low,0.00083832,Moderate
54.0000_-129.0000,54.0,-129.0,0.0052,Very Low,0.00139077,Moderate
54.0000_-128.5000,54.0,-128.5,0.0013,Very Low,0.00333659,Moderate
54.0000_-128.0000,54.0,-128.0,0.0004,Very Low,0.00068534,Low
54.0000_-127.5000,54.0,-127.5,4.4869,Moderate,0.01996567,High
54.0000_-127.0000,54.0,-127.0,5.3604,Moderate,0.06413994,High
54.0000_-126.5000,54.0,-126.5,4.6258,Moderate,0.03702563,High
54.0000_-126.0000,54.0,-126.0,6.7444,Moderate,0.10967256,High
54.0000_-125.5000,54.0,-125.5,6.7193,Moderate,0.1256182,High
54.0000_-125.0000,54.0,-125.0,8.5053,High,0.14174589,High
54.0000_-124.5000,54.0,-124.5,10.6414,High,0.14661355,High
54.0000_-124.0000,54.0,-124.0,11.9801,High,0.14174589,High
54.0000_-123.5000,54.0,-123.5,9.0753,High,0.14174589,High
54.0000_-123.0000,54.0,-123.0,8.7567,High,0.14174589,High
54.0000_-122.5000,54.0,-122.5,10.1845,High,0.11865618,High
54.0000_-122.0000,54.0,-122.0,5.8321,Moderate,0.07627119,High
54.0000_-121.5000,54.0,-121.5,8.5521,High,0.10967256,High
54.0000_-121.0000,54.0,-121.0,11.7006,High,0.09737058,High
54.0000_-120.5000,54.0,-120.5,9.4542,High,0.01432781,High
54.0000_-120.0000,54.0,-120.0,11.2994,High,0.00243473,Moderate
54.0000_-119.5000,54.0,-119.5,12.0044,High,0.01432781,High
54.0000_-119.0000,54.0,-119.0,6.5494,Moderate,0.08576052,High
54.0000_-118.5000,54.0,-118.5,10.1603,High,0.07052897,High
54.0000_-118.0000,54.0,-118.0,6.7479,Moderate,0.03657881,High
54.0000_-117.5000,54.0,-117.5,7.0285,Moderate,0.07567568,High
54.0000_-117.0000,54.0,-117.0,8.0782,High,0.10967256,High
54.0000_-116.5000,54.0,-116.5,13.2716,High,0.09349289,High
54.0000_-116.0000,54.0,-116.0,13.6352,High,0.10967256,High
54.0000_-115.5000,54.0,-115.5,10.624,High,0.10967256,High
54.0000_-115.0000,54.0,-115.0,8.1996,High,0.01996567,High
54.0000_-114.5000,54.0,-114.5,8.1464,High,0.0054932,Moderate
54.0000_-114.0000,54.0,-114.0,10.9332,High,0.00068534,Low
54.0000_-113.5000,54.0,-113.5,10.8454,High,0.00632347,Moderate
54.0000_-113.0000,54.0,-113.0,6.8274,Moderate,0.0171844,High
54.0000_-112.5000,54.0,-112.5,10.7975,High,0.00333659,Moderate
54.0000_-112.0000,54.0,-112.0,14.7798,High,0.00053927,Low
54.0000_-111.5000,54.0,-111.5,15.4849,High,0.01432781,High
54.0000_-111.0000,54.0,-111.0,14.9049,High,0.01250206,High
54.0000_-110.5000,54.0,-110.5,10.2855,High,0.00632347,Moderate
54.0000_-110.0000,54.0,-110.0,9.1835,High,0.01432781,High
54.0000_-109.5000,54.0,-109.5,10.5189,High,0.047139,High
54.0000_-109.0000,54.0,-109.0,14.1854,High,0.047139,High
54.0000_-108.5000,54.0,-108.5,9.9972,High,0.01996567,High
54.0000_-108.0000,54.0,-108.0,10.0948,High,0.02154918,High
54.0000_-107.5000,54.0,-107.5,6.8511,Moderate,0.00586819,Moderate
54.0000_-107.0000,54.0,-107.0,5.4492,Moderate,0.01996567,High
54.0000_-106.5000,54.0,-106.5,8.4223,High,0.0054932,Moderate
54.0000_-106.0000,54.0,-106.0,9.293,High,0.04938272,High
54.0000_-105.5000,54.0,-105.5,6.9634,Moderate,0.01432781,High
54.0000_-105.0000,54.0,-105.0,7.7162,Moderate,0.02704935,High
54.0000_-104.5000,54.0,-104.5,7.225,Moderate,0.01432781,High
54.0000_-104.0000,54.0,-104.0,7.3101,Moderate,0.00632347,Moderate
54.0000_-103.5000,54.0,-103.5,7.1879,Moderate,0.0023586,Moderate
54.0000_-103.0000,54.0,-103.0,7.1878,Moderate,0.00586819,Moderate
54.0000_-102.5000,54.0,-102.5,6.9194,Moderate,0.04265403,High
54.0000_-102.0000,54.0,-102.0,6.5498,Moderate,0.01432781,High
54.0000_-101.5000,54.0,-101.5,7.3281,Moderate,0.01996567,High
54.0000_-101.0000,54.0,-101.0,5.5632,Moderate,0.01040092,Moderate
54.0000_-100.5000,54.0,-100.5,8.5064,High,0.01432781,High
54.0000_-100.0000,54.0,-100.0,7.9593,Moderate,0.01432781,High
54.0000_-99.5000,54.0,-99.5,9.0763,High,0.02068278,High
54.0000_-99.0000,54.0,-99.0,7.1164,Moderate,0.0023586,Moderate
54.0000_-98.5000,54.0,-98.5,5.9183,Moderate,0.0023586,Moderate
54.0000_-98.0000,54.0,-98.0,5.0599,Moderate,0.00973957,Moderate
54.0000_-97.5000,54.0,-97.5,4.3686,Moderate,0.01996567,High
54.0000_-97.0000,54.0,-97.0,5.7326,Moderate,0.01996567,High
54.0000_-96.5000,54.0,-96.5,5.9431,Moderate,0.01432781,High
54.0000_-96.0000,54.0,-96.0,7.5508,Moderate,0.01926164,High
54.0000_-95.5000,54.0,-95.5,6.9706,Moderate,0.01996567,High
54.0000_-95.0000,54.0,-95.0,1.9186,Very Low,0.02281652,High
54.0000_-94.5000,54.0,-94.5,1.5215,Very Low,0.01996567,High
54.0000_-94.0000,54.0,-94.0,1.1823,Very Low,0.00333659,Moderate
54.0000_-93.5000,54.0,-93.5,3.8088,Low,0.0054932,Moderate
54.0000_-93.0000,54.0,-93.0,2.1705,Low,0.00068534,Low
54.0000_-92.5000,54.0,-92.5,2.7579,Low,0.00068534,Low
54.0000_-92.0000,54.0,-92.0,3.3288,Low,0.00083832,Moderate
54.0000_-91.5000,54.0,-91.5,4.818,Moderate,0.00139077,Moderate
54.0000_-91.0000,54.0,-91.0,4.207,Moderate,0.0023586,Moderate
54.0000_-90.5000,54.0,-90.5,5.4075,Moderate,0.00083832,Moderate
54.0000_-90.0000,54.0,-90.0,5.1769,Moderate,0.00586819,Moderate
54.0000_-89.5000,54.0,-89.5,5.8442,Moderate,0.01250206,High
54.0000_-89.0000,54.0,-89.0,6.4307,Moderate,0.00083832,Moderate
54.0000_-88.5000,54.0,-88.5,5.1749,Moderate,0.00068534,Low
54.0000_-88.0000,54.0,-88.0,2.9576,Low,0.00083832,Moderate
54.0000_-87.5000,54.0,-87.5,4.4979,Moderate,0.00068534,Low
54.0000_-87.0000,54.0,-87.0,5.9778,Moderate,0.00068534,Low
54.0000_-86.5000,54.0,-86.5,3.7359,Low,0.00068534,Low
54.0000_-86.0000,54.0,-86.0,5.097,Moderate,0.00083832,Moderate
54.0000_-85.5000,54.0,-85.5,2.848,Low,0.00068534,Low
54.0000_-85.0000,54.0,-85.0,2.7368,Low,0.00083832,Moderate
54.0000_-84.5000,54.0,-84.5,0.3897,Very Low,0.00083832,Moderate
54.0000_-84.0000,54.0,-84.0,0.5542,Very Low,0.00053927,Low
54.0000_-83.5000,54.0,-83.5,0.3997,Very Low,0.00068534,Low
54.0000_-83.0000,54.0,-83.0,0.5206,Very Low,0.00053927,Low
54.0000_-82.5000,54.0,-82.5,0.8137,Very Low,0.00083832,Moderate
54.0000_-80.0000,54.0,-80.0,0.5994,Very Low,0.0,Very Low
54.0000_-79.0000,54.0,-79.0,0.4896,Very Low,0.00068534,Low
54.0000_-78.5000,54.0,-78.5,0.1826,Very Low,0.00068534,Low
54.0000_-78.0000,54.0,-78.0,0.127,Very Low,1.896e-05,Very Low
54.0000_-77.5000,54.0,-77.5,0.2287,Very Low,0.00053927,Low
54.0000_-77.0000,54.0,-77.0,0.1593,Very Low,0.00053927,Low
54.0000_-76.5000,54.0,-76.5,0.5319,Very Low,1.896e-05,Very Low
54.0000_-76.0000,54.0,-76.0,0.0444,Very Low,0.00015106,Low
54.0000_-75.5000,54.0,-75.5,0.101,Very Low,0.00015106,Low
54.0000_-75.0000,54.0,-75.0,0.1361,Very Low,0.00053927,Low
54.0000_-74.5000,54.0,-74.5,0.0009,Very Low,0.00053927,Low
54.0000_-74.0000,54.0,-74.0,0.017,Very Low,0.00018179,Low
54.0000_-73.5000,54.0,-73.5,0.0767,Very Low,0.00053927,Low
54.0000_-73.0000,54.0,-73.0,0.0574,Very Low,1.896e-05,Very Low
54.0000_-72.5000,54.0,-72.5,0.0209,Very Low,0.00068534,Low
54.0000_-72.0000,54.0,-72.0,0.0103,Very Low,0.00053927,Low
54.0000_-71.5000,54.0,-71.5,0.0023,Very Low,0.00053927,Low
54.0000_-71.0000,54.0,-71.0,0.0019,Very Low,1.896e-05,Very Low
54.0000_-70.5000,54.0,-70.5,0.0001,Very Low,7.416e-05,Low
54.0000_-70.0000,54.0,-70.0,0.0007,Very Low,0.00068534,Low
54.0000_-69.5000,54.0,-69.5,0.003,Very Low,0.0,Very Low
54.0000_-69.0000,54.0,-69.0,0.0006,Very Low,1.896e-05,Very Low
54.0000_-68.5000,54.0,-68.5,0.0236,Very Low,0.0,Very Low
54.0000_-68.0000,54.0,-68.0,0.0421,Very Low,1.896e-05,Very Low
54.0000_-67.5000,54.0,-67.5,0.0101,Very Low,1.896e-05,Very Low
54.0000_-67.0000,54.0,-67.0,0.0356,Very Low,0.00068534,Low
54.0000_-66.5000,54.0,-66.5,0.0709,Very Low,0.00083832,Moderate
54.0000_-66.0000,54.0,-66.0,0.1115,Very Low,0.00083832,Moderate
54.0000_-65.5000,54.0,-65.5,0.3309,Very Low,0.00083832,Moderate
54.0000_-65.0000,54.0,-65.0,0.0876,Very Low,0.00068534,Low
54.0000_-64.5000,54.0,-64.5,0.1035,Very Low,1.896e-05,Very Low
54.0000_-64.0000,54.0,-64.0,0.0241,Very Low,1.896e-05,Very Low
54.0000_-63.5000,54.0,-63.5,0.0302,Very Low,7.416e-05,Low
54.0000_-63.0000,54.0,-63.0,0.1067,Very Low,1.896e-05,Very Low
54.0000_-62.5000,54.0,-62.5,0.3769,Very Low,0.00083832,Moderate
54.0000_-62.0000,54.0,-62.0,0.7045,Very Low,1.896e-05,Very Low
54.0000_-61.5000,54.0,-61.5,0.8058,Very Low,0.00083832,Moderate
54.0000_-61.0000,54.0,-61.0,0.5449,Very Low,0.00083832,Moderate
54.0000_-60.5000,54.0,-60.5,0.347,Very Low,0.00083832,Moderate
54.0000_-60.0000,54.0,-60.0,0.2454,Very Low,7.416e-05,Low
54.0000_-59.5000,54.0,-59.5,0.6495,Very Low,1.896e-05,Very Low
54.0000_-59.0000,54.0,-59.0,1.5515,Very Low,0.00068534,Low
54.0000_-58.5000,54.0,-58.5,2.6693,Low,0.00083832,Moderate
54.0000_-58.0000,54.0,-58.0,0.7605,Very Low,1.896e-05,Very Low
54.0000_-57.5000,54.0,-57.5,0.7453,Very Low,0.00068534,Low
54.5000_-131.0000,54.5,-131.0,0.1678,Very Low,0.00053927,Low
54.5000_-130.5000,54.5,-130.5,0.4389,Very Low,0.00068534,Low
54.5000_-130.0000,54.5,-130.0,0.1172,Very Low,0.00083832,Moderate
54.5000_-129.5000,54.5,-129.5,0.014,Very Low,0.00068534,Low
54.5000_-129.0000,54.5,-129.0,0.0806,Very Low,0.00333659,Moderate
54.5000_-128.5000,54.5,-128.5,0.2497,Very Low,0.02281652,High
54.5000_-128.0000,54.5,-128.0,0.0428,Very Low,0.00105241,Moderate
54.5000_-127.5000,54.5,-127.5,0.07,Very Low,0.00243473,Moderate
54.5000_-127.0000,54.5,-127.0,5.0064,Moderate,0.08576052,High
54.5000_-126.5000,54.5,-126.5,5.1206,Moderate,0.09737058,High
54.5000_-126.0000,54.5,-126.0,3.6797,Low,0.10500879,High
54.5000_-125.5000,54.5,-125.5,5.0893,Moderate,0.03383363,High
54.5000_-125.0000,54.5,-125.0,4.9244,Moderate,0.0540013,High
54.5000_-124.5000,54.5,-124.5,7.5616,Moderate,0.11865618,High
54.5000_-124.0000,54.5,-124.0,11.6071,High,0.08001374,High
54.5000_-123.5000,54.5,-123.5,11.0047,High,0.08001374,High
54.5000_-123.0000,54.5,-123.0,9.1118,High,0.08001374,High
54.5000_-122.5000,54.5,-122.5,8.7347,High,0.06707759,High
54.5000_-122.0000,54.5,-122.0,8.6311,High,0.03657881,High
54.5000_-121.5000,54.5,-121.5,8.4524,High,0.02281652,High
54.5000_-121.0000,54.5,-121.0,13.6592,High,0.0171844,High
54.5000_-120.5000,54.5,-120.5,13.6957,High,0.02154918,High
54.5000_-120.0000,54.5,-120.0,10.3722,High,0.03702563,High
54.5000_-119.5000,54.5,-119.5,9.3969,High,0.03276447,High
54.5000_-119.0000,54.5,-119.0,14.0979,High,0.08423395,High
54.5000_-118.5000,54.5,-118.5,9.9853,High,0.10967256,High
54.5000_-118.0000,54.5,-118.0,9.7353,High,0.10967256,High
54.5000_-117.5000,54.5,-117.5,9.1484,High,0.10967256,High
54.5000_-117.0000,54.5,-117.0,11.6218,High,0.11865618,High
54.5000_-116.5000,54.5,-116.5,12.9437,High,0.10967256,High
54.5000_-116.0000,54.5,-116.0,10.8588,High,0.10967256,High
54.5000_-115.5000,54.5,-115.5,13.4935,High,0.1256182,High
54.5000_-115.0000,54.5,-115.0,9.7949,High,0.1256182,High
54.5000_-114.5000,54.5,-114.5,9.3963,High,0.1256182,High
54.5000_-114.0000,54.5,-114.0,8.5437,High,0.11865618,High
54.5000_-113.5000,54.5,-113.5,9.6446,High,0.02704935,High
54.5000_-113.0000,54.5,-113.0,12.0617,High,0.02281652,High
54.5000_-112.5000,54.5,-112.5,12.3441,High,0.00243473,Moderate
54.5000_-112.0000,54.5,-112.0,12.885,High,0.1256182,High
54.5000_-111.5000,54.5,-111.5,16.6641,High,0.10967256,High
54.5000_-111.0000,54.5,-111.0,13.8888,High,0.10967256,High
54.5000_-110.5000,54.5,-110.5,11.9405,High,0.10500879,High
54.5000_-110.0000,54.5,-110.0,6.153,Moderate,0.02154918,High
54.5000_-109.5000,54.5,-109.5,10.0224,High,0.07567568,High
54.5000_-109.0000,54.5,-109.0,9.173,High,0.02154918,High
54.5000_-108.5000,54.5,-108.5,8.4897,High,0.06413994,High
54.5000_-108.0000,54.5,-108.0,9.6287,High,0.03276447,High
54.5000_-107.5000,54.5,-107.5,9.3947,High,0.01040092,Moderate
54.5000_-107.0000,54.5,-107.0,8.5767,High,0.00770915,Moderate
54.5000_-106.5000,54.5,-106.5,8.5934,High,0.01432781,High
54.5000_-106.0000,54.5,-106.0,7.8411,Moderate,0.04938272,High
54.5000_-105.5000,54.5,-105.5,9.2137,High,0.01250206,High
54.5000_-105.0000,54.5,-105.0,8.7173,High,0.01432781,High
54.5000_-104.5000,54.5,-104.5,8.0349,High,0.00973957,Moderate
54.5000_-104.0000,54.5,-104.0,9.4933,High,0.01432781,High
54.5000_-103.5000,54.5,-103.5,8.4331,High,0.01996567,High
54.5000_-103.0000,54.5,-103.0,5.7679,Moderate,0.00896526,Moderate
54.5000_-102.5000,54.5,-102.5,6.1032,Moderate,0.01377744,High
54.5000_-102.0000,54.5,-102.0,6.1203,Moderate,0.03702563,High
54.5000_-101.5000,54.5,-101.5,7.4539,Moderate,0.05620805,High
54.5000_-101.0000,54.5,-101.0,6.4261,Moderate,0.02281652,High
54.5000_-100.5000,54.5,-100.5,6.7718,Moderate,0.01996567,High
54.5000_-100.0000,54.5,-100.0,10.2345,High,0.01377744,High
54.5000_-99.5000,54.5,-99.5,10.0944,High,0.02704935,High
54.5000_-99.0000,54.5,-99.0,8.2544,High,0.02281652,High
54.5000_-98.5000,54.5,-98.5,6.3879,Moderate,0.02154918,High
54.5000_-98.0000,54.5,-98.0,5.8046,Moderate,0.03276447,High
54.5000_-97.5000,54.5,-97.5,4.9254,Moderate,0.01996567,High
54.5000_-97.0000,54.5,-97.0,5.7238,Moderate,0.01056092,High
54.5000_-96.5000,54.5,-96.5,5.7972,Moderate,0.0054932,Moderate
54.5000_-96.0000,54.5,-96.0,6.3618,Moderate,0.00697906,Moderate
54.5000_-95.5000,54.5,-95.5,7.2367,Moderate,0.01432781,High
54.5000_-95.0000,54.5,-95.0,4.6207,Moderate,0.01102536,High
54.5000_-94.5000,54.5,-94.5,3.741,Low,0.02704935,High
54.5000_-94.0000,54.5,-94.0,2.4201,Low,0.0023586,Moderate
54.5000_-93.5000,54.5,-93.5,2.6088,Low,0.0023586,Moderate
54.5000_-93.0000,54.5,-93.0,2.6159,Low,0.00068534,Low
54.5000_-92.5000,54.5,-92.5,0.9912,Very Low,0.00083832,Moderate
54.5000_-92.0000,54.5,-92.0,3.1367,Low,0.00068534,Low
54.5000_-91.5000,54.5,-91.5,3.5456,Low,0.00068534,Low
54.5000_-91.0000,54.5,-91.0,4.6997,Moderate,0.00068534,Low
54.5000_-90.5000,54.5,-90.5,3.0492,Low,0.00105241,Moderate
54.5000_-90.0000,54.5,-90.0,5.2167,Moderate,0.00105241,Moderate
54.5000_-89.5000,54.5,-89.5,4.4977,Moderate,0.00083832,Moderate
54.5000_-89.0000,54.5,-89.0,2.7764,Low,0.00083832,Moderate
54.5000_-88.5000,54.5,-88.5,0.7658,Very Low,0.00083832,Moderate
54.5000_-88.0000,54.5,-88.0,2.8483,Low,0.00068534,Low
54.5000_-87.5000,54.5,-87.5,4.7956,Moderate,0.00068534,Low
54.5000_-87.0000,54.5,-87.0,3.8942,Low,7.416e-05,Low
54.5000_-86.5000,54.5,-86.5,3.1089,Low,0.00018179,Low
54.5000_-86.0000,54.5,-86.0,4.4746,Moderate,0.00053927,Low
54.5000_-85.5000,54.5,-85.5,3.4712,Low,0.00068534,Low
54.5000_-85.0000,54.5,-85.0,2.0205,Low,0.00068534,Low
54.5000_-84.5000,54.5,-84.5,1.4575,Very Low,0.00053927,Low
54.5000_-84.0000,54.5,-84.0,0.4608,Very Low,0.00018179,Low
54.5000_-83.5000,54.5,-83.5,1.6678,Very Low,0.00068534,Low
54.5000_-83.0000,54.5,-83.0,0.7766,Very Low,1.896e-05,Very Low
54.5000_-82.5000,54.5,-82.5,2.5083,Low,0.00053927,Low
54.5000_-79.5000,54.5,-79.5,0.493,Very Low,1.896e-05,Very Low
54.5000_-79.0000,54.5,-79.0,0.3715,Very Low,1.896e-05,Very Low
54.5000_-78.5000,54.5,-78.5,0.0891,Very Low,1.896e-05,Very Low
54.5000_-78.0000,54.5,-78.0,0.1344,Very Low,0.00053927,Low
54.5000_-77.5000,54.5,-77.5,0.2588,Very Low,0.00053927,Low
54.5000_-77.0000,54.5,-77.0,0.059,Very Low,0.00053927,Low
54.5000_-76.5000,54.5,-76.5,0.0125,Very Low,1.896e-05,Very Low
54.5000_-76.0000,54.5,-76.0,0.0383,Very Low,0.00068534,Low
54.5000_-75.5000,54.5,-75.5,0.0379,Very Low,1.896e-05,Very Low
54.5000_-75.0000,54.5,-75.0,0.0017,Very Low,0.00068534,Low
54.5000_-74.5000,54.5,-74.5,0.0003,Very Low,1.896e-05,Very Low
54.5000_-74.0000,54.5,-74.0,0.0174,Very Low,7.416e-05,Low
54.5000_-73.5000,54.5,-73.5,0.0539,Very Low,1.896e-05,Very Low
54.5000_-73.0000,54.5,-73.0,0.0461,Very Low,0.00053927,Low
54.5000_-72.5000,54.5,-72.5,0.0093,Very Low,0.00053927,Low
54.5000_-72.0000,54.5,-72.0,0.0042,Very Low,7.416e-05,Low
54.5000_-71.5000,54.5,-71.5,0.0008,Very Low,0.00053927,Low
54.5000_-71.0000,54.5,-71.0,0.0002,Very Low,7.416e-05,Low
54.5000_-70.5000,54.5,-70.5,0.0002,Very Low,0.00053927,Low
54.5000_-70.0000,54.5,-70.0,0.0012,Very Low,1.896e-05,Very Low
54.5000_-69.5000,54.5,-69.5,0.0011,Very Low,1.896e-05,Very Low
54.5000_-69.0000,54.5,-69.0,0.0082,Very Low,0.00015106,Low
54.5000_-68.5000,54.5,-68.5,0.0,Very Low,1.896e-05,Very Low
54.5000_-68.0000,54.5,-68.0,0.0011,Very Low,0.0,Very Low
54.5000_-67.5000,54.5,-67.5,0.0028,Very Low,1.896e-05,Very Low
54.5000_-67.0000,54.5,-67.0,0.1013,Very Low,1.896e-05,Very Low
54.5000_-66.5000,54.5,-66.5,0.3995,Very Low,0.00083832,Moderate
54.5000_-66.0000,54.5,-66.0,0.5122,Very Low,0.00083832,Moderate
54.5000_-65.5000,54.5,-65.5,1.4307,Very Low,0.00068534,Low
54.5000_-65.0000,54.5,-65.0,0.6802,Very Low,1.896e-05,Very Low
54.5000_-64.5000,54.5,-64.5,0.906,Very Low,1.896e-05,Very Low
54.5000_-64.0000,54.5,-64.0,0.8582,Very Low,0.00068534,Low
54.5000_-63.5000,54.5,-63.5,0.1228,Very Low,1.896e-05,Very Low
54.5000_-63.0000,54.5,-63.0,0.2309,Very Low,0.00068534,Low
54.5000_-62.5000,54.5,-62.5,0.3229,Very Low,0.00053927,Low
54.5000_-62.0000,54.5,-62.0,0.5753,Very Low,0.00068534,Low
54.5000_-61.5000,54.5,-61.5,1.6442,Very Low,0.00083832,Moderate
54.5000_-61.0000,54.5,-61.0,0.3698,Very Low,0.00068534,Low
54.5000_-60.5000,54.5,-60.5,0.227,Very Low,0.00015106,Low
54.5000_-60.0000,54.5,-60.0,0.4738,Very Low,0.00068534,Low
54.5000_-59.5000,54.5,-59.5,0.3984,Very Low,0.00068534,Low
54.5000_-59.0000,54.5,-59.0,1.3418,Very Low,0.00083832,Moderate
54.5000_-58.5000,54.5,-58.5,0.764,Very Low,0.00068534,Low
54.5000_-58.0000,54.5,-58.0,0.412,Very Low,0.00068534,Low
54.5000_-57.5000,54.5,-57.5,1.8005,Very Low,0.00018179,Low
55.0000_-130.0000,55.0,-130.0,0.0,Very Low,0.00053927,Low
55.0000_-129.5000,55.0,-129.5,0.1739,Very Low,0.00068534,Low
55.0000_-129.0000,55.0,-129.0,0.4484,Very Low,0.01432781,High
55.0000_-128.5000,55.0,-128.5,0.0447,Very Low,0.0054932,Moderate
55.0000_-128.0000,55.0,-128.0,0.0935,Very Low,0.02154918,High
55.0000_-127.5000,55.0,-127.5,0.5307,Very Low,0.04267782,High
55.0000_-127.0000,55.0,-127.0,0.2819,Very Low,0.04267782,High
55.0000_-126.5000,55.0,-126.5,6.9981,Moderate,0.03655352,High
55.0000_-126.0000,55.0,-126.0,7.1424,Moderate,0.03702563,High
55.0000_-125.5000,55.0,-125.5,4.87,Moderate,0.02704935,High
55.0000_-125.0000,55.0,-125.0,6.063,Moderate,0.03702563,High
55.0000_-124.5000,55.0,-124.5,5.8882,Moderate,0.03276447,High
55.0000_-124.0000,55.0,-124.0,6.1965,Moderate,0.03276447,High
55.0000_-123.5000,55.0,-123.5,7.5089,Moderate,0.02704935,High
55.0000_-123.0000,55.0,-123.0,8.7573,High,0.10967256,High
55.0000_-122.5000,55.0,-122.5,6.6037,Moderate,0.02281652,High
55.0000_-122.0000,55.0,-122.0,7.6506,Moderate,0.02704935,High
55.0000_-121.5000,55.0,-121.5,8.6774,High,0.02704935,High
55.0000_-121.0000,55.0,-121.0,15.5618,High,0.05620805,High
55.0000_-120.5000,55.0,-120.5,14.7208,High,0.047139,High
55.0000_-120.0000,55.0,-120.0,17.7151,High,0.06707759,High
55.0000_-119.5000,55.0,-119.5,9.7454,High,0.03702563,High
55.0000_-119.0000,55.0,-119.0,14.6227,High,0.14174589,High
55.0000_-118.5000,55.0,-118.5,8.5948,High,0.1256182,High
55.0000_-118.0000,55.0,-118.0,9.2115,High,0.1256182,High
55.0000_-117.5000,55.0,-117.5,13.2169,High,0.14174589,High
55.0000_-117.0000,55.0,-117.0,13.0645,High,0.1256182,High
55.0000_-116.5000,55.0,-116.5,15.9173,High,0.1256182,High
55.0000_-116.0000,55.0,-116.0,18.5802,Very High,0.10967256,High
55.0000_-115.5000,55.0,-115.5,17.8992,High,0.10967256,High
55.0000_-115.0000,55.0,-115.0,9.4938,High,0.11865618,High
55.0000_-114.5000,55.0,-114.5,11.4815,High,0.05620805,High
55.0000_-114.0000,55.0,-114.0,11.3415,High,0.14174589,High
55.0000_-113.5000,55.0,-113.5,9.1569,High,0.08001374,High
55.0000_-113.0000,55.0,-113.0,8.8903,High,0.14174589,High
55.0000_-112.5000,55.0,-112.5,10.7462,High,0.1256182,High
55.0000_-112.0000,55.0,-112.0,11.2281,High,0.14174589,High
55.0000_-111.5000,55.0,-111.5,11.7429,High,0.11865618,High
55.0000_-111.0000,55.0,-111.0,9.9236,High,0.06707759,High
55.0000_-110.5000,55.0,-110.5,10.7826,High,0.07052897,High
55.0000_-110.0000,55.0,-110.0,7.6956,Moderate,0.02281652,High
55.0000_-109.5000,55.0,-109.5,4.632,Moderate,0.0023586,Moderate
55.0000_-109.0000,55.0,-109.0,7.8123,Moderate,0.00243473,Moderate
55.0000_-108.5000,55.0,-108.5,9.1955,High,0.02154918,High
55.0000_-108.0000,55.0,-108.0,8.5228,High,0.0540013,High
55.0000_-107.5000,55.0,-107.5,10.1566,High,0.0540013,High
55.0000_-107.0000,55.0,-107.0,9.2066,High,0.02474645,High
55.0000_-106.5000,55.0,-106.5,10.8519,High,0.02698651,High
55.0000_-106.0000,55.0,-106.0,9.8165,High,0.05620805,High
55.0000_-105.5000,55.0,-105.5,10.8117,High,0.07627119,High
55.0000_-105.0000,55.0,-105.0,7.5168,Moderate,0.02474645,High
55.0000_-104.5000,55.0,-104.5,9.4575,High,0.02704935,High
55.0000_-104.0000,55.0,-104.0,7.938,Moderate,0.01996567,High
55.0000_-103.5000,55.0,-103.5,6.9163,Moderate,0.047139,High
55.0000_-103.0000,55.0,-103.0,7.6927,Moderate,0.03702563,High
55.0000_-102.5000,55.0,-102.5,6.0205,Moderate,0.01432781,High
55.0000_-102.0000,55.0,-102.0,6.6316,Moderate,0.05620805,High
55.0000_-101.5000,55.0,-101.5,7.0667,Moderate,0.047139,High
55.0000_-101.0000,55.0,-101.0,10.772,High,0.01996567,High
55.0000_-100.5000,55.0,-100.5,6.4625,Moderate,0.02154918,High
55.0000_-100.0000,55.0,-100.0,7.0722,Moderate,0.05620805,High
55.0000_-99.5000,55.0,-99.5,7.963,Moderate,0.05620805,High
55.0000_-99.0000,55.0,-99.0,6.5697,Moderate,0.02281652,High
55.0000_-98.5000,55.0,-98.5,8.2843,High,0.05620805,High
55.0000_-98.0000,55.0,-98.0,6.7803,Moderate,0.01649175,High
55.0000_-97.5000,55.0,-97.5,4.7766,Moderate,0.00932712,Moderate
55.0000_-97.0000,55.0,-97.0,6.5907,Moderate,0.00243473,Moderate
55.0000_-96.5000,55.0,-96.5,5.5328,Moderate,0.0023586,Moderate
55.0000_-96.0000,55.0,-96.0,6.8969,Moderate,0.00083832,Moderate
55.0000_-95.5000,55.0,-95.5,6.715,Moderate,0.03702563,High
55.0000_-95.0000,55.0,-95.0,4.3743,Moderate,0.00770915,Moderate
55.0000_-94.5000,55.0,-94.5,4.02,Moderate,0.00068534,Low
55.0000_-94.0000,55.0,-94.0,3.9481,Low,0.00140231,Moderate
55.0000_-93.5000,55.0,-93.5,4.5502,Moderate,0.00083832,Moderate
55.0000_-93.0000,55.0,-93.0,4.1879,Moderate,0.00083832,Moderate
55.0000_-92.5000,55.0,-92.5,4.2561,Moderate,0.00068534,Low
55.0000_-92.0000,55.0,-92.0,4.0307,Moderate,0.00083832,Moderate
55.0000_-91.5000,55.0,-91.5,1.2542,Very Low,0.00139077,Moderate
55.0000_-91.0000,55.0,-91.0,5.2141,Moderate,7.416e-05,Low
55.0000_-90.5000,55.0,-90.5,4.3433,Moderate,1.896e-05,Very Low
55.0000_-90.0000,55.0,-90.0,0.8925,Very Low,0.00068534,Low
55.0000_-89.5000,55.0,-89.5,0.6336,Very Low,0.00053927,Low
55.0000_-89.0000,55.0,-89.0,0.7676,Very Low,0.00068534,Low
55.0000_-88.5000,55.0,-88.5,2.7729,Low,0.00083832,Moderate
55.0000_-88.0000,55.0,-88.0,1.762,Very Low,0.00053927,Low
55.0000_-87.5000,55.0,-87.5,1.2565,Very Low,0.00018179,Low
55.0000_-87.0000,55.0,-87.0,1.5442,Very Low,0.00018179,Low
55.0000_-86.5000,55.0,-86.5,3.3822,Low,0.00068534,Low
55.0000_-86.0000,55.0,-86.0,3.2553,Low,0.00068534,Low
55.0000_-85.5000,55.0,-85.5,3.8374,Low,0.00140231,Moderate
55.0000_-85.0000,55.0,-85.0,0.9416,Very Low,0.00083832,Moderate
55.0000_-84.5000,55.0,-84.5,0.4259,Very Low,0.0,Very Low
55.0000_-84.0000,55.0,-84.0,0.9048,Very Low,7.416e-05,Low
55.0000_-83.5000,55.0,-83.5,0.9408,Very Low,1.896e-05,Very Low
55.0000_-83.0000,55.0,-83.0,1.3892,Very Low,1.896e-05,Very Low
55.0000_-82.5000,55.0,-82.5,2.5884,Low,1.896e-05,Very Low
55.0000_-79.0000,55.0,-79.0,0.2542,Very Low,1.896e-05,Very Low
55.0000_-78.5000,55.0,-78.5,0.2638,Very Low,1.896e-05,Very Low
55.0000_-78.0000,55.0,-78.0,0.0061,Very Low,0.00068534,Low
55.0000_-77.5000,55.0,-77.5,0.0007,Very Low,7.416e-05,Low
55.0000_-77.0000,55.0,-77.0,0.0006,Very Low,0.00068534,Low
55.0000_-76.5000,55.0,-76.5,0.0021,Very Low,1.896e-05,Very Low
55.0000_-76.0000,55.0,-76.0,0.0056,Very Low,0.00053927,Low
55.0000_-75.5000,55.0,-75.5,0.0006,Very Low,0.00018179,Low
55.0000_-75.0000,55.0,-75.0,0.0012,Very Low,1.896e-05,Very Low
55.0000_-74.5000,55.0,-74.5,0.0001,Very Low,0.00053927,Low
55.0000_-74.0000,55.0,-74.0,0.001,Very Low,1.896e-05,Very Low
55.0000_-73.5000,55.0,-73.5,0.0728,Very Low,1.896e-05,Very Low
55.0000_-73.0000,55.0,-73.0,0.1263,Very Low,1.896e-05,Very Low
55.0000_-72.5000,55.0,-72.5,0.0455,Very Low,0.00018179,Low
55.0000_-72.0000,55.0,-72.0,0.1178,Very Low,1.896e-05,Very Low
55.0000_-71.5000,55.0,-71.5,0.0603,Very Low,0.00018179,Low
55.0000_-71.0000,55.0,-71.0,0.0002,Very Low,0.00053927,Low
55.0000_-70.5000,55.0,-70.5,0.0002,Very Low,0.00053927,Low
55.0000_-70.0000,55.0,-70.0,0.0002,Very Low,0.00015106,Low
55.0000_-69.5000,55.0,-69.5,0.0001,Very Low,0.00053927,Low
55.0000_-69.0000,55.0,-69.0,0.0018,Very Low,1.896e-05,Very Low
55.0000_-68.5000,55.0,-68.5,0.0015,Very Low,1.896e-05,Very Low
55.0000_-68.0000,55.0,-68.0,0.0012,Very Low,0.0,Very Low
55.0000_-67.5000,55.0,-67.5,0.0303,Very Low,0.00015106,Low
55.0000_-67.0000,55.0,-67.0,0.3373,Very Low,7.416e-05,Low
55.0000_-66.5000,55.0,-66.5,0.9992,Very Low,7.416e-05,Low
55.0000_-66.0000,55.0,-66.0,0.2931,Very Low,0.0,Very Low
55.0000_-65.5000,55.0,-65.5,0.4169,Very Low,1.896e-05,Very Low
55.0000_-65.0000,55.0,-65.0,1.5043,Very Low,1.896e-05,Very Low
55.0000_-64.5000,55.0,-64.5,0.7151,Very Low,1.896e-05,Very Low
55.0000_-64.0000,55.0,-64.0,0.0108,Very Low,0.00015106,Low
55.0000_-63.5000,55.0,-63.5,0.1511,Very Low,0.0,Very Low
55.0000_-63.0000,55.0,-63.0,0.4483,Very Low,0.00068534,Low
55.0000_-62.5000,55.0,-62.5,0.4477,Very Low,1.896e-05,Very Low
55.0000_-62.0000,55.0,-62.0,2.4069,Low,0.00083832,Moderate
55.0000_-61.5000,55.0,-61.5,0.2481,Very Low,7.416e-05,Low
55.0000_-61.0000,55.0,-61.0,0.7238,Very Low,0.00068534,Low
55.0000_-60.5000,55.0,-60.5,0.653,Very Low,0.00053927,Low
55.0000_-60.0000,55.0,-60.0,0.8552,Very Low,1.896e-05,Very Low
55.0000_-59.5000,55.0,-59.5,0.8697,Very Low,0.00053927,Low
55.0000_-59.0000,55.0,-59.0,0.7442,Very Low,1.896e-05,Very Low
55.0000_-58.0000,55.0,-58.0,0.4523,Very Low,1.896e-05,Very Low
55.5000_-130.0000,55.5,-130.0,0.0002,Very Low,0.00068534,Low
55.5000_-129.5000,55.5,-129.5,0.0068,Very Low,0.00068534,Low
55.5000_-129.0000,55.5,-129.0,0.5085,Very Low,0.00243473,Moderate
55.5000_-128.5000,55.5,-128.5,0.0096,Very Low,0.00083832,Moderate
55.5000_-128.0000,55.5,-128.0,1.722,Very Low,0.03657881,High
55.5000_-127.5000,55.5,-127.5,0.0569,Very Low,0.02281652,High
55.5000_-127.0000,55.5,-127.0,0.9884,Very Low,0.02281652,High
55.5000_-126.5000,55.5,-126.5,0.3197,Very Low,0.01432781,High
55.5000_-126.0000,55.5,-126.0,7.6116,Moderate,0.02281652,High
55.5000_-125.5000,55.5,-125.5,6.0795,Moderate,0.02154918,High
55.5000_-125.0000,55.5,-125.0,7.3045,Moderate,0.03276447,High
55.5000_-124.5000,55.5,-124.5,3.8459,Low,0.01432781,High
55.5000_-124.0000,55.5,-124.0,4.7019,Moderate,0.02281652,High
55.5000_-123.5000,55.5,-123.5,6.2763,Moderate,0.03276447,High
55.5000_-123.0000,55.5,-123.0,7.2082,Moderate,0.0540013,High
55.5000_-122.5000,55.5,-122.5,10.5219,High,0.07567568,High
55.5000_-122.0000,55.5,-122.0,10.2704,High,0.09737058,High
55.5000_-121.5000,55.5,-121.5,11.0184,High,0.10967256,High
55.5000_-121.0000,55.5,-121.0,14.0182,High,0.09349289,High
55.5000_-120.5000,55.5,-120.5,14.4757,High,0.1256182,High
55.5000_-120.0000,55.5,-120.0,15.3516,High,0.1256182,High
55.5000_-119.5000,55.5,-119.5,12.458,High,0.1256182,High
55.5000_-119.0000,55.5,-119.0,11.3963,High,0.1256182,High
55.5000_-118.5000,55.5,-118.5,11.3613,High,0.047139,High
55.5000_-118.0000,55.5,-118.0,14.6884,High,0.08001374,High
55.5000_-117.5000,55.5,-117.5,14.4208,High,0.03702563,High
55.5000_-117.0000,55.5,-117.0,13.2878,High,0.1256182,High
55.5000_-116.5000,55.5,-116.5,10.7777,High,0.14174589,High
55.5000_-116.0000,55.5,-116.0,7.2536,Moderate,0.10967256,High
55.5000_-115.5000,55.5,-115.5,7.9411,Moderate,0.10967256,High
55.5000_-115.0000,55.5,-115.0,9.866,High,0.10967256,High
55.5000_-114.5000,55.5,-114.5,8.7176,High,0.10967256,High
55.5000_-114.0000,55.5,-114.0,13.0302,High,0.07052897,High
55.5000_-113.5000,55.5,-113.5,12.3654,High,0.07052897,High
55.5000_-113.0000,55.5,-113.0,14.0105,High,0.1256182,High
55.5000_-112.5000,55.5,-112.5,15.5149,High,0.14174589,High
55.5000_-112.0000,55.5,-112.0,13.1207,High,0.08001374,High
55.5000_-111.5000,55.5,-111.5,11.946,High,0.03702563,High
55.5000_-111.0000,55.5,-111.0,12.4395,High,0.11865618,High
55.5000_-110.5000,55.5,-110.5,7.3979,Moderate,0.05186533,High
55.5000_-110.0000,55.5,-110.0,9.0524,High,0.02154918,High
55.5000_-109.5000,55.5,-109.5,6.3929,Moderate,0.01040092,Moderate
55.5000_-109.0000,55.5,-109.0,6.7542,Moderate,0.02281652,High
55.5000_-108.5000,55.5,-108.5,8.221,High,0.05620805,High
55.5000_-108.0000,55.5,-108.0,5.828,Moderate,0.0540013,High
55.5000_-107.5000,55.5,-107.5,7.9606,Moderate,0.05620805,High
55.5000_-107.0000,55.5,-107.0,8.6089,High,0.02281652,High
55.5000_-106.5000,55.5,-106.5,9.5496,High,0.05186533,High
55.5000_-106.0000,55.5,-106.0,10.7453,High,0.03702563,High
55.5000_-105.5000,55.5,-105.5,9.9741,High,0.08001374,High
55.5000_-105.0000,55.5,-105.0,11.6706,High,0.08001374,High
55.5000_-104.5000,55.5,-104.5,7.348,Moderate,0.07052897,High
55.5000_-104.0000,55.5,-104.0,9.4855,High,0.01649175,High
55.5000_-103.5000,55.5,-103.5,7.0918,Moderate,0.02704935,High
55.5000_-103.0000,55.5,-103.0,8.0855,High,0.01432781,High
55.5000_-102.5000,55.5,-102.5,8.5239,High,0.047139,High
55.5000_-102.0000,55.5,-102.0,6.906,Moderate,0.00770915,Moderate
55.5000_-101.5000,55.5,-101.5,7.7494,Moderate,0.05369128,High
55.5000_-101.0000,55.5,-101.0,7.9016,Moderate,0.03383363,High
55.5000_-100.5000,55.5,-100.5,6.3843,Moderate,0.01996567,High
55.5000_-100.0000,55.5,-100.0,7.4497,Moderate,0.00973957,Moderate
55.5000_-99.5000,55.5,-99.5,6.0241,Moderate,0.01056092,High
55.5000_-99.0000,55.5,-99.0,5.735,Moderate,0.00734049,Moderate
55.5000_-98.5000,55.5,-98.5,6.4052,Moderate,0.01432781,High
55.5000_-98.0000,55.5,-98.0,6.5368,Moderate,0.01432781,High
55.5000_-97.5000,55.5,-97.5,5.6509,Moderate,0.00973957,Moderate
55.5000_-97.0000,55.5,-97.0,4.3043,Moderate,0.00632347,Moderate
55.5000_-96.5000,55.5,-96.5,6.1304,Moderate,0.00083832,Moderate
55.5000_-96.0000,55.5,-96.0,7.0349,Moderate,0.00105241,Moderate
55.5000_-95.5000,55.5,-95.5,7.2378,Moderate,0.00355104,Moderate
55.5000_-95.0000,55.5,-95.0,5.2365,Moderate,0.00068534,Low
55.5000_-94.5000,55.5,-94.5,5.2772,Moderate,0.00139077,Moderate
55.5000_-94.0000,55.5,-94.0,4.4992,Moderate,0.00068534,Low
55.5000_-93.5000,55.5,-93.5,3.8152,Low,0.00083832,Moderate
55.5000_-93.0000,55.5,-93.0,2.9166,Low,0.00083832,Moderate
55.5000_-92.5000,55.5,-92.5,0.6797,Very Low,0.00053927,Low
55.5000_-92.0000,55.5,-92.0,0.9738,Very Low,0.00068534,Low
55.5000_-91.5000,55.5,-91.5,0.7357,Very Low,0.00068534,Low
55.5000_-91.0000,55.5,-91.0,0.5885,Very Low,0.00083832,Moderate
55.5000_-90.5000,55.5,-90.5,0.544,Very Low,0.00053927,Low
55.5000_-90.0000,55.5,-90.0,0.7875,Very Low,0.00053927,Low
55.5000_-89.5000,55.5,-89.5,1.8421,Very Low,0.00053927,Low
55.5000_-89.0000,55.5,-89.0,1.4159,Very Low,0.00068534,Low
55.5000_-88.5000,55.5,-88.5,0.8172,Very Low,0.00083832,Moderate
55.5000_-88.0000,55.5,-88.0,0.7702,Very Low,0.00018179,Low
55.5000_-87.5000,55.5,-87.5,1.685,Very Low,0.00053927,Low
55.5000_-87.0000,55.5,-87.0,0.9823,Very Low,0.00018179,Low
55.5000_-86.5000,55.5,-86.5,2.6577,Low,0.00018179,Low
55.5000_-86.0000,55.5,-86.0,2.0365,Low,0.00015106,Low
55.5000_-85.5000,55.5,-85.5,0.9066,Very Low,1.896e-05,Very Low
55.5000_-77.5000,55.5,-77.5,0.0669,Very Low,0.00053927,Low
55.5000_-77.0000,55.5,-77.0,0.0005,Very Low,1.896e-05,Very Low
55.5000_-76.5000,55.5,-76.5,0.0025,Very Low,1.896e-05,Very Low
55.5000_-76.0000,55.5,-76.0,0.0028,Very Low,0.00053927,Low
55.5000_-75.5000,55.5,-75.5,0.0005,Very Low,1.896e-05,Very Low
55.5000_-75.0000,55.5,-75.0,0.0019,Very Low,0.00053927,Low
55.5000_-74.5000,55.5,-74.5,0.0002,Very Low,1.896e-05,Very Low
55.5000_-74.0000,55.5,-74.0,0.0062,Very Low,7.416e-05,Low
55.5000_-73.5000,55.5,-73.5,0.0951,Very Low,0.0,Very Low
55.5000_-73.0000,55.5,-73.0,0.0057,Very Low,0.0,Very Low
55.5000_-72.5000,55.5,-72.5,0.0145,Very Low,0.0,Very Low
55.5000_-72.0000,55.5,-72.0,0.0005,Very Low,1.896e-05,Very Low
55.5000_-71.5000,55.5,-71.5,0.0031,Very Low,1.896e-05,Very Low
55.5000_-71.0000,55.5,-71.0,0.0,Very Low,1.896e-05,Very Low
55.5000_-70.5000,55.5,-70.5,0.0006,Very Low,0.00018179,Low
55.5000_-70.0000,55.5,-70.0,0.0038,Very Low,1.896e-05,Very Low
55.5000_-69.5000,55.5,-69.5,0.0116,Very Low,0.0,Very Low
55.5000_-69.0000,55.5,-69.0,0.0007,Very Low,0.00068534,Low
55.5000_-68.5000,55.5,-68.5,0.407,Very Low,1.896e-05,Very Low
55.5000_-68.0000,55.5,-68.0,0.2615,Very Low,0.0,Very Low
55.5000_-67.5000,55.5,-67.5,0.2016,Very Low,0.0,Very Low
55.5000_-67.0000,55.5,-67.0,0.1018,Very Low,7.416e-05,Low
55.5000_-66.5000,55.5,-66.5,0.4148,Very Low,0.0,Very Low
55.5000_-66.0000,55.5,-66.0,0.3915,Very Low,0.0,Very Low
55.5000_-65.5000,55.5,-65.5,0.4421,Very Low,0.0,Very Low
55.5000_-65.0000,55.5,-65.0,0.321,Very Low,1.896e-05,Very Low
55.5000_-64.5000,55.5,-64.5,0.2749,Very Low,0.00068534,Low
55.5000_-64.0000,55.5,-64.0,0.4233,Very Low,0.0,Very Low
55.5000_-63.5000,55.5,-63.5,0.3938,Very Low,1.896e-05,Very Low
55.5000_-63.0000,55.5,-63.0,0.7492,Very Low,1.896e-05,Very Low
55.5000_-62.5000,55.5,-62.5,0.57,Very Low,1.896e-05,Very Low
55.5000_-62.0000,55.5,-62.0,0.8843,Very Low,0.00068534,Low
55.5000_-61.5000,55.5,-61.5,0.3473,Very Low,0.00053927,Low
55.5000_-61.0000,55.5,-61.0,0.5426,Very Low,0.00053927,Low
55.5000_-60.5000,55.5,-60.5,0.7818,Very Low,0.00068534,Low
56.0000_-130.0000,56.0,-130.0,0.0,Very Low,0.00068534,Low
56.0000_-129.5000,56.0,-129.5,0.0006,Very Low,0.00083832,Moderate
56.0000_-129.0000,56.0,-129.0,0.1069,Very Low,0.00139077,Moderate
56.0000_-128.5000,56.0,-128.5,0.0019,Very Low,0.00068534,Low
56.0000_-128.0000,56.0,-128.0,0.5306,Very Low,0.00333659,Moderate
56.0000_-127.5000,56.0,-127.5,0.0441,Very Low,0.00068534,Low
56.0000_-127.0000,56.0,-127.0,0.6718,Very Low,0.0023586,Moderate
56.0000_-126.5000,56.0,-126.5,0.343,Very Low,0.0023586,Moderate
56.0000_-126.0000,56.0,-126.0,2.1947,Low,0.00632347,Moderate
56.0000_-125.5000,56.0,-125.5,3.6724,Low,0.01996567,High
56.0000_-125.0000,56.0,-125.0,5.3695,Moderate,0.01996567,High
56.0000_-124.5000,56.0,-124.5,6.4987,Moderate,0.01996567,High
56.0000_-124.0000,56.0,-124.0,5.4081,Moderate,0.02154918,High
56.0000_-123.5000,56.0,-123.5,7.4369,Moderate,0.01432781,High
56.0000_-123.0000,56.0,-123.0,7.483,Moderate,0.02704935,High
56.0000_-122.5000,56.0,-122.5,11.6464,High,0.04267782,High
56.0000_-122.0000,56.0,-122.0,12.3341,High,0.10967256,High
56.0000_-121.5000,56.0,-121.5,15.2862,High,0.10967256,High
56.0000_-121.0000,56.0,-121.0,14.47,High,0.14174589,High
56.0000_-120.5000,56.0,-120.5,15.5253,High,0.14661355,High
56.0000_-120.0000,56.0,-120.0,10.8741,High,0.047139,High
56.0000_-119.5000,56.0,-119.5,12.4727,High,0.11865618,High
56.0000_-119.0000,56.0,-119.0,7.7519,Moderate,0.03702563,High
56.0000_-118.5000,56.0,-118.5,6.939,Moderate,0.03702563,High
56.0000_-118.0000,56.0,-118.0,5.9601,Moderate,0.01996567,High
56.0000_-117.5000,56.0,-117.5,10.5692,High,0.02704935,High
56.0000_-117.0000,56.0,-117.0,11.7648,High,0.1256182,High
56.0000_-116.5000,56.0,-116.5,9.9784,High,0.1256182,High
56.0000_-116.0000,56.0,-116.0,10.0184,High,0.1256182,High
56.0000_-115.5000,56.0,-115.5,8.4538,High,0.1256182,High
56.0000_-115.0000,56.0,-115.0,9.1812,High,0.13492063,High
56.0000_-114.5000,56.0,-114.5,9.8022,High,0.10967256,High
56.0000_-114.0000,56.0,-114.0,10.8955,High,0.14174589,High
56.0000_-113.5000,56.0,-113.5,11.5776,High,0.10967256,High
56.0000_-113.0000,56.0,-113.0,14.7908,High,0.08001374,High
56.0000_-112.5000,56.0,-112.5,15.6359,High,0.07052897,High
56.0000_-112.0000,56.0,-112.0,13.5748,High,0.08001374,High
56.0000_-111.5000,56.0,-111.5,10.0313,High,0.05620805,High
56.0000_-111.0000,56.0,-111.0,10.3401,High,0.14174589,High
56.0000_-110.5000,56.0,-110.5,7.5296,Moderate,0.05620805,High
56.0000_-110.0000,56.0,-110.0,6.0055,Moderate,0.02281652,High
56.0000_-109.5000,56.0,-109.5,5.5679,Moderate,0.03276447,High
56.0000_-109.0000,56.0,-109.0,4.0161,Moderate,0.04267782,High
56.0000_-108.5000,56.0,-108.5,8.0403,High,0.03276447,High
56.0000_-108.0000,56.0,-108.0,6.8048,Moderate,0.01432781,High
56.0000_-107.5000,56.0,-107.5,7.3664,Moderate,0.05620805,High
56.0000_-107.0000,56.0,-107.0,5.3879,Moderate,0.01996567,High
56.0000_-106.5000,56.0,-106.5,8.0346,High,0.02154918,High
56.0000_-106.0000,56.0,-106.0,10.2136,High,0.01996567,High
56.0000_-105.5000,56.0,-105.5,9.2682,High,0.01996567,High
56.0000_-105.0000,56.0,-105.0,8.7416,High,0.02474645,High
56.0000_-104.5000,56.0,-104.5,10.7893,High,0.04938272,High
56.0000_-104.0000,56.0,-104.0,10.5822,High,0.03383363,High
56.0000_-103.5000,56.0,-103.5,12.7269,High,0.03276447,High
56.0000_-103.0000,56.0,-103.0,7.4034,Moderate,0.00896526,Moderate
56.0000_-102.5000,56.0,-102.5,8.7992,High,0.01432781,High
56.0000_-102.0000,56.0,-102.0,7.4406,Moderate,0.01996567,High
56.0000_-101.5000,56.0,-101.5,7.188,Moderate,0.05620805,High
56.0000_-101.0000,56.0,-101.0,6.4465,Moderate,0.03276447,High
56.0000_-100.5000,56.0,-100.5,6.2568,Moderate,0.01432781,High
56.0000_-100.0000,56.0,-100.0,6.2875,Moderate,0.00586819,Moderate
56.0000_-99.5000,56.0,-99.5,5.5812,Moderate,0.01102536,High
56.0000_-99.0000,56.0,-99.0,4.3615,Moderate,0.03276447,High
56.0000_-98.5000,56.0,-98.5,3.1281,Low,0.0023586,Moderate
56.0000_-98.0000,56.0,-98.0,3.7356,Low,0.00770915,Moderate
56.0000_-97.5000,56.0,-97.5,4.3452,Moderate,0.00243473,Moderate
56.0000_-97.0000,56.0,-97.0,5.1936,Moderate,0.00611154,Moderate
56.0000_-96.5000,56.0,-96.5,4.4391,Moderate,0.00141978,Moderate
56.0000_-96.0000,56.0,-96.0,7.0416,Moderate,0.02704935,High
56.0000_-95.5000,56.0,-95.5,5.7337,Moderate,0.00105241,Moderate
56.0000_-95.0000,56.0,-95.0,3.8466,Low,0.00083832,Moderate
56.0000_-94.5000,56.0,-94.5,1.3486,Very Low,0.00140231,Moderate
56.0000_-94.0000,56.0,-94.0,0.7283,Very Low,0.00139077,Moderate
56.0000_-93.5000,56.0,-93.5,0.5908,Very Low,0.00083832,Moderate
56.0000_-93.0000,56.0,-93.0,0.9563,Very Low,0.00083832,Moderate
56.0000_-92.5000,56.0,-92.5,0.4859,Very Low,0.00083832,Moderate
56.0000_-92.0000,56.0,-92.0,0.5027,Very Low,0.00083832,Moderate
56.0000_-91.5000,56.0,-91.5,0.3801,Very Low,0.00068534,Low
56.0000_-91.0000,56.0,-91.0,0.5103,Very Low,0.00083832,Moderate
56.0000_-90.5000,56.0,-90.5,0.7213,Very Low,0.00083832,Moderate
56.0000_-90.0000,56.0,-90.0,0.8555,Very Low,0.00083832,Moderate
56.0000_-89.5000,56.0,-89.5,0.6044,Very Low,0.00068534,Low
56.0000_-89.0000,56.0,-89.0,0.6842,Very Low,1.896e-05,Very Low
56.0000_-88.5000,56.0,-88.5,0.8502,Very Low,0.00068534,Low
56.0000_-88.0000,56.0,-88.0,1.8727,Very Low,0.00083832,Moderate
56.0000_-87.5000,56.0,-87.5,2.2353,Low,0.00140231,Moderate
56.0000_-87.0000,56.0,-87.0,0.422,Very Low,0.0,Very Low
56.0000_-80.0000,56.0,-80.0,0.0337,Very Low,0.0,Very Low
56.0000_-79.5000,56.0,-79.5,0.2139,Very Low,1.896e-05,Very Low
56.0000_-79.0000,56.0,-79.0,0.1009,Very Low,1.896e-05,Very Low
56.0000_-76.5000,56.0,-76.5,0.0014,Very Low,1.896e-05,Very Low
56.0000_-76.0000,56.0,-76.0,0.0,Very Low,1.896e-05,Very Low
56.0000_-75.5000,56.0,-75.5,0.0011,Very Low,1.896e-05,Very Low
56.0000_-75.0000,56.0,-75.0,0.0001,Very Low,1.896e-05,Very Low
56.0000_-74.5000,56.0,-74.5,0.0009,Very Low,1.896e-05,Very Low
56.0000_-74.0000,56.0,-74.0,0.0574,Very Low,0.00053927,Low
56.0000_-73.5000,56.0,-73.5,0.0174,Very Low,0.0,Very Low
56.0000_-73.0000,56.0,-73.0,0.0371,Very Low,0.0,Very Low
56.0000_-72.5000,56.0,-72.5,0.015,Very Low,0.0,Very Low
56.0000_-72.0000,56.0,-72.0,0.0082,Very Low,1.896e-05,Very Low
56.0000_-71.5000,56.0,-71.5,0.0009,Very Low,0.00053927,Low
56.0000_-71.0000,56.0,-71.0,0.0015,Very Low,1.896e-05,Very Low
56.0000_-70.5000,56.0,-70.5,0.0005,Very Low,1.896e-05,Very Low
56.0000_-70.0000,56.0,-70.0,0.0019,Very Low,1.896e-05,Very Low
56.0000_-69.5000,56.0,-69.5,0.0159,Very Low,7.416e-05,Low
56.0000_-69.0000,56.0,-69.0,0.0571,Very Low,0.00053927,Low
56.0000_-68.5000,56.0,-68.5,0.0238,Very Low,1.896e-05,Very Low
56.0000_-68.0000,56.0,-68.0,0.2963,Very Low,0.00015106,Low
56.0000_-67.5000,56.0,-67.5,0.8492,Very Low,1.896e-05,Very Low
56.0000_-67.0000,56.0,-67.0,0.4135,Very Low,0.00053927,Low
56.0000_-66.5000,56.0,-66.5,0.4768,Very Low,0.0,Very Low
56.0000_-66.0000,56.0,-66.0,0.4634,Very Low,0.00018179,Low
56.0000_-65.5000,56.0,-65.5,0.4039,Very Low,0.0,Very Low
56.0000_-65.0000,56.0,-65.0,0.3484,Very Low,0.00053927,Low
56.0000_-64.5000,56.0,-64.5,0.3656,Very Low,0.0,Very Low
56.0000_-64.0000,56.0,-64.0,0.2049,Very Low,0.0,Very Low
56.0000_-63.5000,56.0,-63.5,0.4156,Very Low,0.0,Very Low
56.0000_-63.0000,56.0,-63.0,0.7758,Very Low,1.896e-05,Very Low
56.0000_-62.5000,56.0,-62.5,0.2456,Very Low,0.0,Very Low
56.0000_-62.0000,56.0,-62.0,0.5606,Very Low,1.896e-05,Very Low
56.0000_-61.5000,56.0,-61.5,0.8032,Very Low,0.00068534,Low
56.0000_-61.0000,56.0,-61.0,0.4341,Very Low,0.00083832,Moderate
56.5000_-131.5000,56.5,-131.5,0.0,Very Low,0.00053927,Low
56.5000_-131.0000,56.5,-131.0,0.0,Very Low,0.00083832,Moderate
56.5000_-130.5000,56.5,-130.5,0.0002,Very Low,0.00068534,Low
56.5000_-130.0000,56.5,-130.0,0.0,Very Low,0.00068534,Low
56.5000_-129.5000,56.5,-129.5,0.0121,Very Low,0.0023586,Moderate
56.5000_-129.0000,56.5,-129.0,0.0025,Very Low,0.00068534,Low
56.5000_-128.5000,56.5,-128.5,0.0005,Very Low,0.00068534,Low
56.5000_-128.0000,56.5,-128.0,0.0101,Very Low,0.0023586,Moderate
56.5000_-127.5000,56.5,-127.5,1.5423,Very Low,0.00697906,Moderate
56.5000_-127.0000,56.5,-127.0,0.0969,Very Low,0.00068534,Low
56.5000_-126.5000,56.5,-126.5,0.1477,Very Low,0.00083832,Moderate
56.5000_-126.0000,56.5,-126.0,0.2107,Very Low,0.00068534,Low
56.5000_-125.5000,56.5,-125.5,6.4726,Moderate,0.01432781,High
56.5000_-125.0000,56.5,-125.0,7.9201,Moderate,0.0171844,High
56.5000_-124.5000,56.5,-124.5,8.3791,High,0.01996567,High
56.5000_-124.0000,56.5,-124.0,5.3546,Moderate,0.00770915,Moderate
56.5000_-123.5000,56.5,-123.5,8.4742,High,0.0023586,Moderate
56.5000_-123.0000,56.5,-123.0,8.4731,High,0.01649175,High
56.5000_-122.5000,56.5,-122.5,9.9652,High,0.02154918,High
56.5000_-122.0000,56.5,-122.0,11.5042,High,0.10967256,High
56.5000_-121.5000,56.5,-121.5,8.7799,High,0.05620805,High
56.5000_-121.0000,56.5,-121.0,17.9427,High,0.08576052,High
56.5000_-120.5000,56.5,-120.5,17.8886,High,0.09349289,High
56.5000_-120.0000,56.5,-120.0,9.5415,High,0.06707759,High
56.5000_-119.5000,56.5,-119.5,8.6479,High,0.1256182,High
56.5000_-119.0000,56.5,-119.0,9.5506,High,0.1256182,High
56.5000_-118.5000,56.5,-118.5,9.6477,High,0.1256182,High
56.5000_-118.0000,56.5,-118.0,11.8991,High,0.10967256,High
56.5000_-117.5000,56.5,-117.5,9.5232,High,0.1256182,High
56.5000_-117.0000,56.5,-117.0,8.2506,High,0.10967256,High
56.5000_-116.5000,56.5,-116.5,8.6096,High,0.10967256,High
56.5000_-116.0000,56.5,-116.0,8.0316,High,0.10967256,High
56.5000_-115.5000,56.5,-115.5,8.6704,High,0.10967256,High
56.5000_-115.0000,56.5,-115.0,8.1658,High,0.10967256,High
56.5000_-114.5000,56.5,-114.5,11.292,High,0.14174589,High
56.5000_-114.0000,56.5,-114.0,9.0158,High,0.10967256,High
56.5000_-113.5000,56.5,-113.5,10.7049,High,0.08423395,High
56.5000_-113.0000,56.5,-113.0,13.9751,High,0.14174589,High
56.5000_-112.5000,56.5,-112.5,12.0416,High,0.10967256,High
56.5000_-112.0000,56.5,-112.0,12.4683,High,0.10967256,High
56.5000_-111.5000,56.5,-111.5,9.0386,High,0.13492063,High
56.5000_-111.0000,56.5,-111.0,12.5224,High,0.1256182,High
56.5000_-110.5000,56.5,-110.5,4.9071,Moderate,0.06413994,High
56.5000_-110.0000,56.5,-110.0,7.7862,Moderate,0.0540013,High
56.5000_-109.5000,56.5,-109.5,4.2769,Moderate,0.05620805,High
56.5000_-109.0000,56.5,-109.0,5.7621,Moderate,0.02281652,High
56.5000_-108.5000,56.5,-108.5,7.565,Moderate,0.03702563,High
56.5000_-108.0000,56.5,-108.0,6.0834,Moderate,0.02154918,High
56.5000_-107.5000,56.5,-107.5,7.1364,Moderate,0.02281652,High
56.5000_-107.0000,56.5,-107.0,7.303,Moderate,0.02068278,High
56.5000_-106.5000,56.5,-106.5,8.6343,High,0.01432781,High
56.5000_-106.0000,56.5,-106.0,8.5725,High,0.01377744,High
56.5000_-105.5000,56.5,-105.5,7.918,Moderate,0.01996567,High
56.5000_-105.0000,56.5,-105.0,8.0687,High,0.01432781,High
56.5000_-104.5000,56.5,-104.5,11.4064,High,0.03276447,High
56.5000_-104.0000,56.5,-104.0,12.5015,High,0.03276447,High
56.5000_-103.5000,56.5,-103.5,12.0861,High,0.05620805,High
56.5000_-103.0000,56.5,-103.0,8.1936,High,0.07567568,High
56.5000_-102.5000,56.5,-102.5,9.7799,High,0.02704935,High
56.5000_-102.0000,56.5,-102.0,4.0079,Moderate,0.00770915,Moderate
56.5000_-101.5000,56.5,-101.5,2.4513,Low,0.00586819,Moderate
56.5000_-101.0000,56.5,-101.0,3.6201,Low,0.01432781,High
56.5000_-100.5000,56.5,-100.5,4.09,Moderate,0.01432781,High
56.5000_-100.0000,56.5,-100.0,5.7991,Moderate,0.01996567,High
56.5000_-99.5000,56.5,-99.5,3.7429,Low,0.00770915,Moderate
56.5000_-99.0000,56.5,-99.0,3.9086,Low,0.0023586,Moderate
56.5000_-98.5000,56.5,-98.5,4.1752,Moderate,0.00139077,Moderate
56.5000_-98.0000,56.5,-98.0,2.2845,Low,0.00083832,Moderate
56.5000_-97.5000,56.5,-97.5,2.5107,Low,0.00068534,Low
56.5000_-97.0000,56.5,-97.0,1.5973,Very Low,0.00083832,Moderate
56.5000_-96.5000,56.5,-96.5,2.6197,Low,0.0023586,Moderate
56.5000_-96.0000,56.5,-96.0,1.9935,Very Low,0.03276447,High
56.5000_-95.5000,56.5,-95.5,0.8308,Very Low,0.00068534,Low
56.5000_-95.0000,56.5,-95.0,0.5314,Very Low,0.00083832,Moderate
56.5000_-94.5000,56.5,-94.5,0.629,Very Low,0.00243473,Moderate
56.5000_-94.0000,56.5,-94.0,0.6069,Very Low,0.00243473,Moderate
56.5000_-93.5000,56.5,-93.5,0.7298,Very Low,0.00083832,Moderate
56.5000_-93.0000,56.5,-93.0,0.5447,Very Low,0.00083832,Moderate
56.5000_-92.5000,56.5,-92.5,0.6111,Very Low,0.00068534,Low
56.5000_-92.0000,56.5,-92.0,0.5688,Very Low,7.416e-05,Low
56.5000_-91.5000,56.5,-91.5,0.6514,Very Low,0.00083832,Moderate
56.5000_-91.0000,56.5,-91.0,0.6113,Very Low,0.00068534,Low
56.5000_-90.5000,56.5,-90.5,0.6531,Very Low,0.00083832,Moderate
56.5000_-90.0000,56.5,-90.0,0.6174,Very Low,0.00083832,Moderate
56.5000_-89.5000,56.5,-89.5,0.7027,Very Low,1.896e-05,Very Low
56.5000_-89.0000,56.5,-89.0,0.7172,Very Low,0.00083832,Moderate
56.5000_-88.5000,56.5,-88.5,0.7387,Very Low,1.896e-05,Very Low
56.5000_-88.0000,56.5,-88.0,0.3901,Very Low,0.0,Very Low
56.5000_-79.5000,56.5,-79.5,0.0115,Very Low,1.896e-05,Very Low
56.5000_-79.0000,56.5,-79.0,0.003,Very Low,1.896e-05,Very Low
56.5000_-77.5000,56.5,-77.5,0.0149,Very Low,1.896e-05,Very Low
56.5000_-76.5000,56.5,-76.5,0.0003,Very Low,1.896e-05,Very Low
56.5000_-76.0000,56.5,-76.0,0.0003,Very Low,1.896e-05,Very Low
56.5000_-75.5000,56.5,-75.5,0.0086,Very Low,0.0,Very Low
56.5000_-75.0000,56.5,-75.0,0.0043,Very Low,1.896e-05,Very Low
56.5000_-74.5000,56.5,-74.5,0.0365,Very Low,1.896e-05,Very Low
56.5000_-74.0000,56.5,-74.0,0.0325,Very Low,0.0,Very Low
56.5000_-73.5000,56.5,-73.5,0.1327,Very Low,0.0,Very Low
56.5000_-73.0000,56.5,-73.0,0.0716,Very Low,0.0,Very Low
56.5000_-72.5000,56.5,-72.5,0.0502,Very Low,0.0,Very Low
56.5000_-72.0000,56.5,-72.0,0.0107,Very Low,1.896e-05,Very Low
56.5000_-71.5000,56.5,-71.5,0.0007,Very Low,1.896e-05,Very Low
56.5000_-71.0000,56.5,-71.0,0.0004,Very Low,1.896e-05,Very Low
56.5000_-70.5000,56.5,-70.5,0.0009,Very Low,1.896e-05,Very Low
56.5000_-70.0000,56.5,-70.0,0.1131,Very Low,0.0,Very Low
56.5000_-69.5000,56.5,-69.5,0.0443,Very Low,7.416e-05,Low
56.5000_-69.0000,56.5,-69.0,0.0025,Very Low,0.00053927,Low
56.5000_-68.5000,56.5,-68.5,0.2666,Very Low,0.00053927,Low
56.5000_-68.0000,56.5,-68.0,0.0709,Very Low,1.896e-05,Very Low
56.5000_-67.5000,56.5,-67.5,0.4989,Very Low,0.00015106,Low
56.5000_-67.0000,56.5,-67.0,0.5102,Very Low,0.00068534,Low
56.5000_-66.5000,56.5,-66.5,0.612,Very Low,1.896e-05,Very Low
56.5000_-66.0000,56.5,-66.0,0.4869,Very Low,0.0,Very Low
56.5000_-65.5000,56.5,-65.5,0.2324,Very Low,0.0,Very Low
56.5000_-65.0000,56.5,-65.0,0.115,Very Low,0.0,Very Low
56.5000_-64.5000,56.5,-64.5,0.1498,Very Low,0.0,Very Low
56.5000_-64.0000,56.5,-64.0,0.1513,Very Low,0.0,Very Low
56.5000_-63.5000,56.5,-63.5,0.1962,Very Low,0.0,Very Low
56.5000_-63.0000,56.5,-63.0,0.3899,Very Low,1.896e-05,Very Low
56.5000_-62.5000,56.5,-62.5,0.3691,Very Low,1.896e-05,Very Low
56.5000_-62.0000,56.5,-62.0,0.437,Very Low,0.00053927,Low
56.5000_-61.5000,56.5,-61.5,0.4805,Very Low,1.896e-05,Very Low
57.0000_-132.0000,57.0,-132.0,0.0,Very Low,1.896e-05,Very Low
57.0000_-131.5000,57.0,-131.5,0.0062,Very Low,0.00068534,Low
57.0000_-131.0000,57.0,-131.0,0.0,Very Low,0.00068534,Low
57.0000_-130.5000,57.0,-130.5,0.0,Very Low,0.00083832,Moderate
57.0000_-130.0000,57.0,-130.0,0.0,Very Low,0.00068534,Low
57.0000_-129.5000,57.0,-129.5,0.0055,Very Low,0.00068534,Low
57.0000_-129.0000,57.0,-129.0,0.0113,Very Low,1.896e-05,Very Low
57.0000_-128.5000,57.0,-128.5,0.0272,Very Low,0.00068534,Low
57.0000_-128.0000,57.0,-128.0,0.0566,Very Low,0.00068534,Low
57.0000_-127.5000,57.0,-127.5,0.2615,Very Low,0.00068534,Low
57.0000_-127.0000,57.0,-127.0,1.4961,Very Low,0.0023586,Moderate
57.0000_-126.5000,57.0,-126.5,5.7856,Moderate,0.0023586,Moderate
57.0000_-126.0000,57.0,-126.0,0.7353,Very Low,0.00083832,Moderate
57.0000_-125.5000,57.0,-125.5,1.9955,Very Low,0.00333659,Moderate
57.0000_-125.0000,57.0,-125.0,7.7105,Moderate,0.01432781,High
57.0000_-124.5000,57.0,-124.5,6.7415,Moderate,0.0023586,Moderate
57.0000_-124.0000,57.0,-124.0,6.1223,Moderate,0.00083832,Moderate
57.0000_-123.5000,57.0,-123.5,9.8272,High,0.00139077,Moderate
57.0000_-123.0000,57.0,-123.0,10.7184,High,0.01432781,High
57.0000_-122.5000,57.0,-122.5,10.8434,High,0.02154918,High
57.0000_-122.0000,57.0,-122.0,12.369,High,0.0540013,High
57.0000_-121.5000,57.0,-121.5,13.7466,High,0.03702563,High
57.0000_-121.0000,57.0,-121.0,15.863,High,0.02704935,High
57.0000_-120.5000,57.0,-120.5,15.9864,High,0.03383363,High
57.0000_-120.0000,57.0,-120.0,10.4675,High,0.03657881,High
57.0000_-119.5000,57.0,-119.5,10.6756,High,0.03276447,High
57.0000_-119.0000,57.0,-119.0,11.279,High,0.02704935,High
57.0000_-118.5000,57.0,-118.5,8.1221,High,0.10967256,High
57.0000_-118.0000,57.0,-118.0,8.1677,High,0.09737058,High
57.0000_-117.5000,57.0,-117.5,8.8936,High,0.10967256,High
57.0000_-117.0000,57.0,-117.0,7.7493,Moderate,0.10967256,High
57.0000_-116.5000,57.0,-116.5,6.7455,Moderate,0.08423395,High
57.0000_-116.0000,57.0,-116.0,6.9272,Moderate,0.03657881,High
57.0000_-115.5000,57.0,-115.5,5.481,Moderate,0.0540013,High
57.0000_-115.0000,57.0,-115.0,7.2681,Moderate,0.09737058,High
57.0000_-114.5000,57.0,-114.5,7.6545,Moderate,0.09227872,High
57.0000_-114.0000,57.0,-114.0,8.0717,High,0.10967256,High
57.0000_-113.5000,57.0,-113.5,7.9071,Moderate,0.11865618,High
57.0000_-113.0000,57.0,-113.0,8.2624,High,0.11865618,High
57.0000_-112.5000,57.0,-112.5,11.3999,High,0.1256182,High
57.0000_-112.0000,57.0,-112.0,11.5352,High,0.07567568,High
57.0000_-111.5000,57.0,-111.5,7.411,Moderate,0.11865618,High
57.0000_-111.0000,57.0,-111.0,10.3405,High,0.10500879,High
57.0000_-110.5000,57.0,-110.5,8.7112,High,0.08001374,High
57.0000_-110.0000,57.0,-110.0,8.9446,High,0.01432781,High
57.0000_-109.5000,57.0,-109.5,10.2327,High,0.00333659,Moderate
57.0000_-109.0000,57.0,-109.0,7.1613,Moderate,0.00697906,Moderate
57.0000_-108.5000,57.0,-108.5,6.28,Moderate,0.01432781,High
57.0000_-108.0000,57.0,-108.0,6.0812,Moderate,0.01432781,High
57.0000_-107.5000,57.0,-107.5,9.0078,High,0.01996567,High
57.0000_-107.0000,57.0,-107.0,12.3491,High,0.01250206,High
57.0000_-106.5000,57.0,-106.5,4.8787,Moderate,0.0054932,Moderate
57.0000_-106.0000,57.0,-106.0,4.1036,Moderate,0.01377744,High
57.0000_-105.5000,57.0,-105.5,6.6781,Moderate,0.02281652,High
57.0000_-105.0000,57.0,-105.0,5.4952,Moderate,0.01432781,High
57.0000_-104.5000,57.0,-104.5,3.8569,Low,0.00355104,Moderate
57.0000_-104.0000,57.0,-104.0,5.6482,Moderate,0.01432781,High
57.0000_-103.5000,57.0,-103.5,8.4347,High,0.01432781,High
57.0000_-103.0000,57.0,-103.0,7.0266,Moderate,0.01432781,High
57.0000_-102.5000,57.0,-102.5,8.4005,High,0.01250206,High
57.0000_-102.0000,57.0,-102.0,5.381,Moderate,0.01996567,High
57.0000_-101.5000,57.0,-101.5,2.7772,Low,0.01377744,High
57.0000_-101.0000,57.0,-101.0,0.7116,Very Low,0.01102536,High
57.0000_-100.5000,57.0,-100.5,3.166,Low,0.00770915,Moderate
57.0000_-100.0000,57.0,-100.0,1.7895,Very Low,0.00139077,Moderate
57.0000_-99.5000,57.0,-99.5,3.2505,Low,0.00068534,Low
57.0000_-99.0000,57.0,-99.0,0.9888,Very Low,0.00083832,Moderate
57.0000_-98.5000,57.0,-98.5,0.6929,Very Low,0.00083832,Moderate
57.0000_-98.0000,57.0,-98.0,0.7044,Very Low,0.00083832,Moderate
57.0000_-97.5000,57.0,-97.5,0.5979,Very Low,0.00068534,Low
57.0000_-97.0000,57.0,-97.0,0.7401,Very Low,0.00068534,Low
57.0000_-96.5000,57.0,-96.5,0.5586,Very Low,0.00083832,Moderate
57.0000_-96.0000,57.0,-96.0,0.4778,Very Low,0.00083832,Moderate
57.0000_-95.5000,57.0,-95.5,0.9635,Very Low,0.00068534,Low
57.0000_-95.0000,57.0,-95.0,0.8858,Very Low,0.00068534,Low
57.0000_-94.5000,57.0,-94.5,1.0868,Very Low,0.00068534,Low
57.0000_-94.0000,57.0,-94.0,0.7222,Very Low,0.00068534,Low
57.0000_-93.5000,57.0,-93.5,0.6694,Very Low,0.00068534,Low
57.0000_-93.0000,57.0,-93.0,0.6703,Very Low,0.00068534,Low
57.0000_-92.5000,57.0,-92.5,0.3606,Very Low,0.00083832,Moderate
57.0000_-92.0000,57.0,-92.0,0.8562,Very Low,0.00053927,Low
57.0000_-91.5000,57.0,-91.5,0.6328,Very Low,0.00053927,Low
57.0000_-91.0000,57.0,-91.0,0.9782,Very Low,0.00053927,Low
57.0000_-90.5000,57.0,-90.5,0.8638,Very Low,0.00068534,Low
57.0000_-90.0000,57.0,-90.0,0.8651,Very Low,0.00068534,Low
57.0000_-89.5000,57.0,-89.5,0.3135,Very Low,1.896e-05,Very Low
57.0000_-76.5000,57.0,-76.5,0.0007,Very Low,1.896e-05,Very Low
57.0000_-76.0000,57.0,-76.0,0.0118,Very Low,1.896e-05,Very Low
57.0000_-75.5000,57.0,-75.5,0.0166,Very Low,0.0,Very Low
57.0000_-75.0000,57.0,-75.0,0.0418,Very Low,0.0,Very Low
57.0000_-74.5000,57.0,-74.5,0.1126,Very Low,0.0,Very Low
57.0000_-74.0000,57.0,-74.0,0.0144,Very Low,0.0,Very Low
57.0000_-73.5000,57.0,-73.5,0.0138,Very Low,0.0,Very Low
57.0000_-73.0000,57.0,-73.0,0.0067,Very Low,1.896e-05,Very Low
57.0000_-72.5000,57.0,-72.5,0.011,Very Low,1.896e-05,Very Low
57.0000_-72.0000,57.0,-72.0,0.0186,Very Low,0.0,Very Low
57.0000_-71.5000,57.0,-71.5,0.0016,Very Low,1.896e-05,Very Low
57.0000_-71.0000,57.0,-71.0,0.0545,Very Low,0.0,Very Low
57.0000_-70.5000,57.0,-70.5,0.0963,Very Low,1.896e-05,Very Low
57.0000_-70.0000,57.0,-70.0,0.1723,Very Low,1.896e-05,Very Low
57.0000_-69.5000,57.0,-69.5,0.1516,Very Low,0.0,Very Low
57.0000_-69.0000,57.0,-69.0,0.1982,Very Low,1.896e-05,Very Low
57.0000_-68.5000,57.0,-68.5,0.3208,Very Low,7.416e-05,Low
57.0000_-68.0000,57.0,-68.0,0.4735,Very Low,0.00015106,Low
57.0000_-67.5000,57.0,-67.5,0.4312,Very Low,0.00068534,Low
57.0000_-67.0000,57.0,-67.0,0.4571,Very Low,0.00068534,Low
57.0000_-66.5000,57.0,-66.5,0.1459,Very Low,0.00068534,Low
57.0000_-66.0000,57.0,-66.0,0.0745,Very Low,0.00068534,Low
57.0000_-65.5000,57.0,-65.5,0.0157,Very Low,0.0,Very Low
57.0000_-65.0000,57.0,-65.0,0.0039,Very Low,0.0,Very Low
57.0000_-64.5000,57.0,-64.5,0.026,Very Low,0.0,Very Low
57.0000_-64.0000,57.0,-64.0,0.0511,Very Low,0.0,Very Low
57.0000_-63.5000,57.0,-63.5,0.2058,Very Low,0.0,Very Low
57.0000_-63.0000,57.0,-63.0,0.2752,Very Low,1.896e-05,Very Low
57.0000_-62.5000,57.0,-62.5,0.1609,Very Low,0.0,Very Low
57.0000_-62.0000,57.0,-62.0,0.4676,Very Low,0.00068534,Low
57.0000_-61.5000,57.0,-61.5,0.4402,Very Low,1.896e-05,Very Low
57.5000_-132.5000,57.5,-132.5,0.0,Very Low,1.896e-05,Very Low
57.5000_-132.0000,57.5,-132.0,0.0,Very Low,0.00068534,Low
57.5000_-131.5000,57.5,-131.5,0.0,Very Low,0.00068534,Low
57.5000_-131.0000,57.5,-131.0,0.1869,Very Low,0.00083832,Moderate
57.5000_-130.5000,57.5,-130.5,0.0953,Very Low,0.00083832,Moderate
57.5000_-130.0000,57.5,-130.0,0.031,Very Low,0.00083832,Moderate
57.5000_-129.5000,57.5,-129.5,0.3504,Very Low,0.00083832,Moderate
57.5000_-129.0000,57.5,-129.0,0.0182,Very Low,0.00068534,Low
57.5000_-128.5000,57.5,-128.5,0.522,Very Low,0.00083832,Moderate
57.5000_-128.0000,57.5,-128.0,3.5169,Low,0.00105241,Moderate
57.5000_-127.5000,57.5,-127.5,3.0961,Low,0.0023586,Moderate
57.5000_-127.0000,57.5,-127.0,4.2128,Moderate,0.00083832,Moderate
57.5000_-126.5000,57.5,-126.5,3.882,Low,0.00083832,Moderate
57.5000_-126.0000,57.5,-126.0,6.5253,Moderate,0.01056092,High
57.5000_-125.5000,57.5,-125.5,4.9673,Moderate,0.01432781,High
57.5000_-125.0000,57.5,-125.0,0.4063,Very Low,0.0023586,Moderate
57.5000_-124.5000,57.5,-124.5,4.648,Moderate,0.00105241,Moderate
57.5000_-124.0000,57.5,-124.0,9.8049,High,0.01250206,High
57.5000_-123.5000,57.5,-123.5,10.8502,High,0.01432781,High
57.5000_-123.0000,57.5,-123.0,12.7935,High,0.02704935,High
57.5000_-122.5000,57.5,-122.5,12.6409,High,0.02281652,High
57.5000_-122.0000,57.5,-122.0,13.6486,High,0.02154918,High
57.5000_-121.5000,57.5,-121.5,13.6365,High,0.03276447,High
57.5000_-121.0000,57.5,-121.0,13.7246,High,0.02281652,High
57.5000_-120.5000,57.5,-120.5,13.0732,High,0.03383363,High
57.5000_-120.0000,57.5,-120.0,10.425,High,0.03657881,High
57.5000_-119.5000,57.5,-119.5,9.0939,High,0.01996567,High
57.5000_-119.0000,57.5,-119.0,8.4801,High,0.02704935,High
57.5000_-118.5000,57.5,-118.5,10.4685,High,0.03657881,High
57.5000_-118.0000,57.5,-118.0,7.8311,Moderate,0.09737058,High
57.5000_-117.5000,57.5,-117.5,9.0511,High,0.10967256,High
57.5000_-117.0000,57.5,-117.0,5.4621,Moderate,0.03657881,High
57.5000_-116.5000,57.5,-116.5,5.5761,Moderate,0.01432781,High
57.5000_-116.0000,57.5,-116.0,7.3858,Moderate,0.02281652,High
57.5000_-115.5000,57.5,-115.5,6.3118,Moderate,0.07627119,High
57.5000_-115.0000,57.5,-115.0,8.7473,High,0.10500879,High
57.5000_-114.5000,57.5,-114.5,8.6816,High,0.03276447,High
57.5000_-114.0000,57.5,-114.0,8.8513,High,0.02704935,High
57.5000_-113.5000,57.5,-113.5,10.4773,High,0.09349289,High
57.5000_-113.0000,57.5,-113.0,11.7454,High,0.04267782,High
57.5000_-112.5000,57.5,-112.5,10.883,High,0.03655352,High
57.5000_-112.0000,57.5,-112.0,14.4395,High,0.03702563,High
57.5000_-111.5000,57.5,-111.5,13.5012,High,0.02704935,High
57.5000_-111.0000,57.5,-111.0,10.6367,High,0.03702563,High
57.5000_-110.5000,57.5,-110.5,11.4435,High,0.04267782,High
57.5000_-110.0000,57.5,-110.0,10.4528,High,0.01040092,Moderate
57.5000_-109.5000,57.5,-109.5,9.7165,High,0.01056092,High
57.5000_-109.0000,57.5,-109.0,11.1523,High,0.02154918,High
57.5000_-108.5000,57.5,-108.5,10.2285,High,0.01102536,High
57.5000_-108.0000,57.5,-108.0,10.1015,High,0.02281652,High
57.5000_-107.5000,57.5,-107.5,7.8886,Moderate,0.0054932,Moderate
57.5000_-107.0000,57.5,-107.0,11.0963,High,0.00973957,Moderate
57.5000_-106.5000,57.5,-106.5,4.4332,Moderate,0.00243473,Moderate
57.5000_-106.0000,57.5,-106.0,8.405,High,0.0023586,Moderate
57.5000_-105.5000,57.5,-105.5,9.0494,High,0.00770915,Moderate
57.5000_-105.0000,57.5,-105.0,9.7176,High,0.00932712,Moderate
57.5000_-104.5000,57.5,-104.5,5.9808,Moderate,0.00586819,Moderate
57.5000_-104.0000,57.5,-104.0,2.2391,Low,0.00355104,Moderate
57.5000_-103.5000,57.5,-103.5,2.6675,Low,0.00243473,Moderate
57.5000_-103.0000,57.5,-103.0,2.3222,Low,0.00355104,Moderate
57.5000_-102.5000,57.5,-102.5,0.9929,Very Low,0.00105241,Moderate
57.5000_-102.0000,57.5,-102.0,0.9563,Very Low,0.00083832,Moderate
57.5000_-101.5000,57.5,-101.5,0.9802,Very Low,0.00305399,Moderate
57.5000_-101.0000,57.5,-101.0,0.7536,Very Low,0.00083832,Moderate
57.5000_-100.5000,57.5,-100.5,0.6239,Very Low,0.00140231,Moderate
57.5000_-100.0000,57.5,-100.0,0.688,Very Low,0.00068534,Low
57.5000_-99.5000,57.5,-99.5,1.2957,Very Low,0.00139077,Moderate
57.5000_-99.0000,57.5,-99.0,0.7964,Very Low,0.00068534,Low
57.5000_-98.5000,57.5,-98.5,0.4082,Very Low,0.00083832,Moderate
57.5000_-98.0000,57.5,-98.0,0.5464,Very Low,0.00083832,Moderate
57.5000_-97.5000,57.5,-97.5,0.5768,Very Low,0.00068534,Low
57.5000_-97.0000,57.5,-97.0,0.5493,Very Low,0.00068534,Low
57.5000_-96.5000,57.5,-96.5,1.6071,Very Low,0.00083832,Moderate
57.5000_-96.0000,57.5,-96.0,1.4749,Very Low,0.00105241,Moderate
57.5000_-95.5000,57.5,-95.5,1.1852,Very Low,0.00068534,Low
57.5000_-95.0000,57.5,-95.0,0.7401,Very Low,0.00068534,Low
57.5000_-94.5000,57.5,-94.5,0.5644,Very Low,0.00068534,Low
57.5000_-94.0000,57.5,-94.0,0.5978,Very Low,0.00068534,Low
57.5000_-93.5000,57.5,-93.5,0.4369,Very Low,0.00083832,Moderate
57.5000_-93.0000,57.5,-93.0,0.625,Very Low,0.00068534,Low
57.5000_-92.5000,57.5,-92.5,0.2418,Very Low,1.896e-05,Very Low
57.5000_-80.0000,57.5,-80.0,0.021,Very Low,1.896e-05,Very Low
57.5000_-76.5000,57.5,-76.5,0.0012,Very Low,1.896e-05,Very Low
57.5000_-76.0000,57.5,-76.0,0.0084,Very Low,1.896e-05,Very Low
57.5000_-75.5000,57.5,-75.5,0.0004,Very Low,1.896e-05,Very Low
57.5000_-75.0000,57.5,-75.0,0.0014,Very Low,1.896e-05,Very Low
57.5000_-74.5000,57.5,-74.5,0.0041,Very Low,1.896e-05,Very Low
57.5000_-74.0000,57.5,-74.0,0.0053,Very Low,1.896e-05,Very Low
57.5000_-73.5000,57.5,-73.5,0.012,Very Low,1.896e-05,Very Low
57.5000_-73.0000,57.5,-73.0,0.0669,Very Low,0.0,Very Low
57.5000_-72.5000,57.5,-72.5,0.0891,Very Low,0.0,Very Low
57.5000_-72.0000,57.5,-72.0,0.0564,Very Low,1.896e-05,Very Low
57.5000_-71.5000,57.5,-71.5,0.0666,Very Low,1.896e-05,Very Low
57.5000_-71.0000,57.5,-71.0,0.1647,Very Low,0.0,Very Low
57.5000_-70.5000,57.5,-70.5,0.4472,Very Low,1.896e-05,Very Low
57.5000_-70.0000,57.5,-70.0,0.8047,Very Low,1.896e-05,Very Low
57.5000_-69.5000,57.5,-69.5,0.5192,Very Low,0.00053927,Low
57.5000_-69.0000,57.5,-69.0,0.4175,Very Low,1.896e-05,Very Low
57.5000_-68.5000,57.5,-68.5,0.0752,Very Low,0.00053927,Low
57.5000_-68.0000,57.5,-68.0,0.2429,Very Low,0.0,Very Low
57.5000_-67.5000,57.5,-67.5,0.1446,Very Low,0.0,Very Low
57.5000_-67.0000,57.5,-67.0,0.1882,Very Low,0.0,Very Low
57.5000_-66.5000,57.5,-66.5,0.2333,Very Low,0.0,Very Low
57.5000_-66.0000,57.5,-66.0,0.4507,Very Low,0.0,Very Low
57.5000_-65.5000,57.5,-65.5,0.3033,Very Low,0.0,Very Low
57.5000_-65.0000,57.5,-65.0,0.2437,Very Low,0.0,Very Low
57.5000_-64.5000,57.5,-64.5,0.2147,Very Low,0.0,Very Low
57.5000_-64.0000,57.5,-64.0,0.164,Very Low,0.0,Very Low
57.5000_-63.5000,57.5,-63.5,0.1885,Very Low,0.0,Very Low
57.5000_-63.0000,57.5,-63.0,0.2797,Very Low,0.0,Very Low
57.5000_-62.5000,57.5,-62.5,0.4159,Very Low,7.416e-05,Low
57.5000_-62.0000,57.5,-62.0,0.2364,Very Low,1.896e-05,Very Low
57.5000_-61.5000,57.5,-61.5,0.3305,Very Low,0.0,Very Low
58.0000_-133.0000,58.0,-133.0,0.0,Very Low,1.896e-05,Very Low
58.0000_-132.5000,58.0,-132.5,0.0,Very Low,0.00083832,Moderate
58.0000_-132.0000,58.0,-132.0,0.0,Very Low,0.00068534,Low
58.0000_-131.5000,58.0,-131.5,0.8677,Very Low,0.0054932,Moderate
58.0000_-131.0000,58.0,-131.0,3.8776,Low,0.01056092,High
58.0000_-130.5000,58.0,-130.5,2.3783,Low,0.00105241,Moderate
58.0000_-130.0000,58.0,-130.0,3.3055,Low,0.0023586,Moderate
58.0000_-129.5000,58.0,-129.5,0.2341,Very Low,0.00083832,Moderate
58.0000_-129.0000,58.0,-129.0,3.4536,Low,0.00083832,Moderate
58.0000_-128.5000,58.0,-128.5,4.2576,Moderate,0.00139077,Moderate
58.0000_-128.0000,58.0,-128.0,4.7448,Moderate,0.00083832,Moderate
58.0000_-127.5000,58.0,-127.5,5.575,Moderate,0.00018179,Low
58.0000_-127.0000,58.0,-127.0,0.4647,Very Low,0.00083832,Moderate
58.0000_-126.5000,58.0,-126.5,5.5712,Moderate,0.00083832,Moderate
58.0000_-126.0000,58.0,-126.0,6.5336,Moderate,0.00140231,Moderate
58.0000_-125.5000,58.0,-125.5,5.0873,Moderate,0.00333659,Moderate
58.0000_-125.0000,58.0,-125.0,2.8259,Low,0.00053927,Low
58.0000_-124.5000,58.0,-124.5,9.4411,High,0.00770915,Moderate
58.0000_-124.0000,58.0,-124.0,7.9325,Moderate,0.01432781,High
58.0000_-123.5000,58.0,-123.5,7.9849,Moderate,0.01432781,High
58.0000_-123.0000,58.0,-123.0,8.0001,High,0.02474645,High
58.0000_-122.5000,58.0,-122.5,10.5791,High,0.01432781,High
58.0000_-122.0000,58.0,-122.0,11.0736,High,0.02154918,High
58.0000_-121.5000,58.0,-121.5,13.5962,High,0.03276447,High
58.0000_-121.0000,58.0,-121.0,14.3223,High,0.02068278,High
58.0000_-120.5000,58.0,-120.5,11.844,High,0.03276447,High
58.0000_-120.0000,58.0,-120.0,9.3233,High,0.01996567,High
58.0000_-119.5000,58.0,-119.5,10.6707,High,0.02281652,High
58.0000_-119.0000,58.0,-119.0,9.3428,High,0.02698651,High
58.0000_-118.5000,58.0,-118.5,8.7877,High,0.03276447,High
58.0000_-118.0000,58.0,-118.0,6.6946,Moderate,0.03702563,High
58.0000_-117.5000,58.0,-117.5,4.1089,Moderate,0.03702563,High
58.0000_-117.0000,58.0,-117.0,6.587,Moderate,0.07052897,High
58.0000_-116.5000,58.0,-116.5,8.0997,High,0.06707759,High
58.0000_-116.0000,58.0,-116.0,7.4837,Moderate,0.07052897,High
58.0000_-115.5000,58.0,-115.5,7.6603,Moderate,0.0540013,High
58.0000_-115.0000,58.0,-115.0,7.0743,Moderate,0.047139,High
58.0000_-114.5000,58.0,-114.5,9.2992,High,0.08001374,High
58.0000_-114.0000,58.0,-114.0,9.8752,High,0.03702563,High
58.0000_-113.5000,58.0,-113.5,11.2803,High,0.03702563,High
58.0000_-113.0000,58.0,-113.0,11.0489,High,0.047139,High
58.0000_-112.5000,58.0,-112.5,9.624,High,0.03276447,High
58.0000_-112.0000,58.0,-112.0,10.6666,High,0.03276447,High
58.0000_-111.5000,58.0,-111.5,6.0621,Moderate,0.01432781,High
58.0000_-111.0000,58.0,-111.0,7.5579,Moderate,0.03276447,High
58.0000_-110.5000,58.0,-110.5,11.7173,High,0.00932712,Moderate
58.0000_-110.0000,58.0,-110.0,9.0242,High,0.0023586,Moderate
58.0000_-109.5000,58.0,-109.5,8.7748,High,0.00305399,Moderate
58.0000_-109.0000,58.0,-109.0,10.3466,High,0.0054932,Moderate
58.0000_-108.5000,58.0,-108.5,10.7825,High,0.00611154,Moderate
58.0000_-108.0000,58.0,-108.0,5.7433,Moderate,0.0023586,Moderate
58.0000_-107.5000,58.0,-107.5,7.9521,Moderate,0.0023586,Moderate
58.0000_-107.0000,58.0,-107.0,9.1676,High,0.01649175,High
58.0000_-106.5000,58.0,-106.5,8.1099,High,0.00333659,Moderate
58.0000_-106.0000,58.0,-106.0,7.521,Moderate,0.0023586,Moderate
58.0000_-105.5000,58.0,-105.5,7.022,Moderate,0.00105241,Moderate
58.0000_-105.0000,58.0,-105.0,7.3035,Moderate,0.00139077,Moderate
58.0000_-104.5000,58.0,-104.5,6.4382,Moderate,0.00355104,Moderate
58.0000_-104.0000,58.0,-104.0,5.5835,Moderate,0.01996567,High
58.0000_-103.5000,58.0,-103.5,2.94,Low,0.00770915,Moderate
58.0000_-103.0000,58.0,-103.0,2.7022,Low,0.02281652,High
58.0000_-102.5000,58.0,-102.5,0.9822,Very Low,0.00083832,Moderate
58.0000_-102.0000,58.0,-102.0,0.7216,Very Low,0.00068534,Low
58.0000_-101.5000,58.0,-101.5,0.4765,Very Low,0.00083832,Moderate
58.0000_-101.0000,58.0,-101.0,0.435,Very Low,0.00083832,Moderate
58.0000_-100.5000,58.0,-100.5,0.4629,Very Low,0.00083832,Moderate
58.0000_-100.0000,58.0,-100.0,0.4373,Very Low,0.00139077,Moderate
58.0000_-99.5000,58.0,-99.5,0.615,Very Low,0.00083832,Moderate
58.0000_-99.0000,58.0,-99.0,0.6609,Very Low,0.00053927,Low
58.0000_-98.5000,58.0,-98.5,0.7661,Very Low,0.00083832,Moderate
58.0000_-98.0000,58.0,-98.0,0.7289,Very Low,0.00083832,Moderate
58.0000_-97.5000,58.0,-97.5,1.3435,Very Low,0.00068534,Low
58.0000_-97.0000,58.0,-97.0,2.532,Low,0.00083832,Moderate
58.0000_-96.5000,58.0,-96.5,2.7787,Low,0.00068534,Low
58.0000_-96.0000,58.0,-96.0,3.8248,Low,0.00068534,Low
58.0000_-95.5000,58.0,-95.5,1.1473,Very Low,0.00068534,Low
58.0000_-95.0000,58.0,-95.0,0.6849,Very Low,0.00083832,Moderate
58.0000_-94.5000,58.0,-94.5,0.4191,Very Low,0.00083832,Moderate
58.0000_-94.0000,58.0,-94.0,0.2205,Very Low,0.00068534,Low
58.0000_-93.5000,58.0,-93.5,0.2441,Very Low,0.00053927,Low
58.0000_-93.0000,58.0,-93.0,0.2047,Very Low,0.00068534,Low
58.0000_-77.0000,58.0,-77.0,0.0844,Very Low,1.896e-05,Very Low
58.0000_-76.5000,58.0,-76.5,0.0061,Very Low,1.896e-05,Very Low
58.0000_-76.0000,58.0,-76.0,0.0093,Very Low,1.896e-05,Very Low
58.0000_-75.5000,58.0,-75.5,0.0052,Very Low,1.896e-05,Very Low
58.0000_-75.0000,58.0,-75.0,0.018,Very Low,0.0,Very Low
58.0000_-74.5000,58.0,-74.5,0.0073,Very Low,1.896e-05,Very Low
58.0000_-74.0000,58.0,-74.0,0.0137,Very Low,1.896e-05,Very Low
58.0000_-73.5000,58.0,-73.5,0.0535,Very Low,1.896e-05,Very Low
58.0000_-73.0000,58.0,-73.0,0.0836,Very Low,0.0,Very Low
58.0000_-72.5000,58.0,-72.5,0.2694,Very Low,1.896e-05,Very Low
58.0000_-72.0000,58.0,-72.0,0.1552,Very Low,0.0,Very Low
58.0000_-71.5000,58.0,-71.5,0.1438,Very Low,0.0,Very Low
58.0000_-71.0000,58.0,-71.0,0.0951,Very Low,0.0,Very Low
58.0000_-70.5000,58.0,-70.5,0.0609,Very Low,0.0,Very Low
58.0000_-70.0000,58.0,-70.0,0.3497,Very Low,1.896e-05,Very Low
58.0000_-69.5000,58.0,-69.5,0.2391,Very Low,1.896e-05,Very Low
58.0000_-69.0000,58.0,-69.0,0.0485,Very Low,0.0,Very Low
58.0000_-68.5000,58.0,-68.5,0.3257,Very Low,0.00068534,Low
58.0000_-68.0000,58.0,-68.0,0.2709,Very Low,0.00053927,Low
58.0000_-67.5000,58.0,-67.5,0.3438,Very Low,0.00068534,Low
58.0000_-67.0000,58.0,-67.0,0.3233,Very Low,0.0,Very Low
58.0000_-66.5000,58.0,-66.5,0.4162,Very Low,1.896e-05,Very Low
58.0000_-66.0000,58.0,-66.0,0.3781,Very Low,0.0,Very Low
58.0000_-65.5000,58.0,-65.5,0.307,Very Low,0.0,Very Low
58.0000_-65.0000,58.0,-65.0,0.3216,Very Low,0.0,Very Low
58.0000_-64.5000,58.0,-64.5,0.1981,Very Low,0.0,Very Low
58.0000_-64.0000,58.0,-64.0,0.1833,Very Low,0.0,Very Low
58.0000_-63.5000,58.0,-63.5,0.1647,Very Low,0.0,Very Low
58.0000_-63.0000,58.0,-63.0,0.3191,Very Low,1.896e-05,Very Low
58.0000_-62.5000,58.0,-62.5,0.2489,Very Low,1.896e-05,Very Low
58.0000_-62.0000,58.0,-62.0,0.1897,Very Low,0.0,Very Low
58.5000_-133.5000,58.5,-133.5,0.0,Very Low,0.00053927,Low
58.5000_-133.0000,58.5,-133.0,0.0003,Very Low,0.00068534,Low
58.5000_-132.5000,58.5,-132.5,0.0055,Very Low,0.00053927,Low
58.5000_-132.0000,58.5,-132.0,0.2801,Very Low,0.00068534,Low
58.5000_-131.5000,58.5,-131.5,1.9621,Very Low,0.00083832,Moderate
58.5000_-131.0000,58.5,-131.0,0.6621,Very Low,0.00083832,Moderate
58.5000_-130.5000,58.5,-130.5,0.3705,Very Low,0.00068534,Low
58.5000_-130.0000,58.5,-130.0,0.7464,Very Low,0.00139077,Moderate
58.5000_-129.5000,58.5,-129.5,2.4384,Low,0.00083832,Moderate
58.5000_-129.0000,58.5,-129.0,0.7871,Very Low,0.00083832,Moderate
58.5000_-128.5000,58.5,-128.5,3.5503,Low,0.00355104,Moderate
58.5000_-128.0000,58.5,-128.0,4.9757,Moderate,0.00083832,Moderate
58.5000_-127.5000,58.5,-127.5,5.8729,Moderate,0.00243473,Moderate
58.5000_-127.0000,58.5,-127.0,6.5776,Moderate,0.00083832,Moderate
58.5000_-126.5000,58.5,-126.5,4.5486,Moderate,0.00083832,Moderate
58.5000_-126.0000,58.5,-126.0,2.3564,Low,0.00083832,Moderate
58.5000_-125.5000,58.5,-125.5,2.1241,Low,0.00083832,Moderate
58.5000_-125.0000,58.5,-125.0,4.8329,Moderate,0.00083832,Moderate
58.5000_-124.5000,58.5,-124.5,9.3577,High,0.01040092,Moderate
58.5000_-124.0000,58.5,-124.0,8.2718,High,0.01996567,High
58.5000_-123.5000,58.5,-123.5,9.5006,High,0.02281652,High
58.5000_-123.0000,58.5,-123.0,5.5372,Moderate,0.02704935,High
58.5000_-122.5000,58.5,-122.5,9.9046,High,0.03702563,High
58.5000_-122.0000,58.5,-122.0,7.4419,Moderate,0.03702563,High
58.5000_-121.5000,58.5,-121.5,9.5322,High,0.03290069,High
58.5000_-121.0000,58.5,-121.0,10.9283,High,0.03702563,High
58.5000_-120.5000,58.5,-120.5,8.9797,High,0.03276447,High
58.5000_-120.0000,58.5,-120.0,6.8706,Moderate,0.02154918,High
58.5000_-119.5000,58.5,-119.5,7.0431,Moderate,0.03290069,High
58.5000_-119.0000,58.5,-119.0,8.326,High,0.10967256,High
58.5000_-118.5000,58.5,-118.5,6.3244,Moderate,0.05620805,High
58.5000_-118.0000,58.5,-118.0,3.6821,Low,0.02704935,High
58.5000_-117.5000,58.5,-117.5,4.5808,Moderate,0.02704935,High
58.5000_-117.0000,58.5,-117.0,5.0473,Moderate,0.047139,High
58.5000_-116.5000,58.5,-116.5,4.5919,Moderate,0.04267782,High
58.5000_-116.0000,58.5,-116.0,4.0982,Moderate,0.0540013,High
58.5000_-115.5000,58.5,-115.5,3.8352,Low,0.02154918,High
58.5000_-115.0000,58.5,-115.0,5.1201,Moderate,0.05620805,High
58.5000_-114.5000,58.5,-114.5,6.2042,Moderate,0.0540013,High
58.5000_-114.0000,58.5,-114.0,8.6564,High,0.047139,High
58.5000_-113.5000,58.5,-113.5,9.1197,High,0.02704935,High
58.5000_-113.0000,58.5,-113.0,8.7204,High,0.00632347,Moderate
58.5000_-112.5000,58.5,-112.5,7.0939,Moderate,0.00973957,Moderate
58.5000_-112.0000,58.5,-112.0,1.5796,Very Low,0.00083832,Moderate
58.5000_-111.5000,58.5,-111.5,4.984,Moderate,0.01432781,High
58.5000_-111.0000,58.5,-111.0,5.9324,Moderate,0.01432781,High
58.5000_-110.5000,58.5,-110.5,6.3127,Moderate,0.0023586,Moderate
58.5000_-110.0000,58.5,-110.0,4.9968,Moderate,0.00243473,Moderate
58.5000_-109.5000,58.5,-109.5,5.892,Moderate,0.00140231,Moderate
58.5000_-109.0000,58.5,-109.0,6.6959,Moderate,0.00243473,Moderate
58.5000_-108.5000,58.5,-108.5,5.5797,Moderate,0.00105241,Moderate
58.5000_-108.0000,58.5,-108.0,5.8595,Moderate,0.00139077,Moderate
58.5000_-107.5000,58.5,-107.5,5.9735,Moderate,0.0023586,Moderate
58.5000_-107.0000,58.5,-107.0,7.3634,Moderate,0.00896526,Moderate
58.5000_-106.5000,58.5,-106.5,6.8332,Moderate,0.00355104,Moderate
58.5000_-106.0000,58.5,-106.0,8.7603,High,0.00243473,Moderate
58.5000_-105.5000,58.5,-105.5,6.1966,Moderate,0.00083832,Moderate
58.5000_-105.0000,58.5,-105.0,8.8004,High,0.00305399,Moderate
58.5000_-104.5000,58.5,-104.5,3.2042,Low,0.00355104,Moderate
58.5000_-104.0000,58.5,-104.0,4.2214,Moderate,0.00932712,Moderate
58.5000_-103.5000,58.5,-103.5,2.5624,Low,0.00586819,Moderate
58.5000_-103.0000,58.5,-103.0,1.1663,Very Low,0.00333659,Moderate
58.5000_-102.5000,58.5,-102.5,1.9882,Very Low,0.00105241,Moderate
58.5000_-102.0000,58.5,-102.0,0.9701,Very Low,0.0023586,Moderate
58.5000_-101.5000,58.5,-101.5,0.6871,Very Low,0.00333659,Moderate
58.5000_-101.0000,58.5,-101.0,0.8993,Very Low,0.00105241,Moderate
58.5000_-100.5000,58.5,-100.5,0.6858,Very Low,0.00140231,Moderate
58.5000_-100.0000,58.5,-100.0,0.6613,Very Low,0.00083832,Moderate
58.5000_-99.5000,58.5,-99.5,0.8837,Very Low,0.00068534,Low
58.5000_-99.0000,58.5,-99.0,0.7863,Very Low,0.00083832,Moderate
58.5000_-98.5000,58.5,-98.5,0.8351,Very Low,0.00068534,Low
58.5000_-98.0000,58.5,-98.0,0.8523,Very Low,0.00068534,Low
58.5000_-97.5000,58.5,-97.5,1.3529,Very Low,0.00068534,Low
58.5000_-97.0000,58.5,-97.0,1.1191,Very Low,0.00068534,Low
58.5000_-96.5000,58.5,-96.5,0.7387,Very Low,0.00068534,Low
58.5000_-96.0000,58.5,-96.0,0.6442,Very Low,0.00068534,Low
58.5000_-95.5000,58.5,-95.5,0.8226,Very Low,0.00083832,Moderate
58.5000_-95.0000,58.5,-95.0,0.5385,Very Low,0.00068534,Low
58.5000_-94.5000,58.5,-94.5,0.3486,Very Low,0.00053927,Low
58.5000_-94.0000,58.5,-94.0,0.2489,Very Low,0.00053927,Low
58.5000_-93.5000,58.5,-93.5,0.0715,Very Low,1.896e-05,Very Low
58.5000_-93.0000,58.5,-93.0,0.0094,Very Low,1.896e-05,Very Low
58.5000_-78.5000,58.5,-78.5,0.0055,Very Low,1.896e-05,Very Low
58.5000_-78.0000,58.5,-78.0,0.0102,Very Low,1.896e-05,Very Low
58.5000_-77.5000,58.5,-77.5,0.0193,Very Low,1.896e-05,Very Low
58.5000_-77.0000,58.5,-77.0,0.0401,Very Low,1.896e-05,Very Low
58.5000_-76.5000,58.5,-76.5,0.0047,Very Low,1.896e-05,Very Low
58.5000_-76.0000,58.5,-76.0,0.0093,Very Low,1.896e-05,Very Low
58.5000_-75.5000,58.5,-75.5,0.0072,Very Low,1.896e-05,Very Low
58.5000_-75.0000,58.5,-75.0,0.0047,Very Low,1.896e-05,Very Low
58.5000_-74.5000,58.5,-74.5,0.0332,Very Low,0.0,Very Low
58.5000_-74.0000,58.5,-74.0,0.0346,Very Low,1.896e-05,Very Low
58.5000_-73.5000,58.5,-73.5,0.0605,Very Low,1.896e-05,Very Low
58.5000_-73.0000,58.5,-73.0,0.1801,Very Low,1.896e-05,Very Low
58.5000_-72.5000,58.5,-72.5,0.2285,Very Low,1.896e-05,Very Low
58.5000_-72.0000,58.5,-72.0,0.2752,Very Low,1.896e-05,Very Low
58.5000_-71.5000,58.5,-71.5,0.2204,Very Low,1.896e-05,Very Low
58.5000_-71.0000,58.5,-71.0,0.1627,Very Low,1.896e-05,Very Low
58.5000_-70.5000,58.5,-70.5,0.2742,Very Low,1.896e-05,Very Low
58.5000_-70.0000,58.5,-70.0,0.1283,Very Low,1.896e-05,Very Low
58.5000_-69.5000,58.5,-69.5,0.2047,Very Low,1.896e-05,Very Low
58.5000_-69.0000,58.5,-69.0,0.4072,Very Low,0.0,Very Low
58.5000_-68.5000,58.5,-68.5,0.6926,Very Low,0.0,Very Low
58.5000_-68.0000,58.5,-68.0,0.7953,Very Low,1.896e-05,Very Low
58.5000_-67.5000,58.5,-67.5,0.5083,Very Low,0.0,Very Low
58.5000_-67.0000,58.5,-67.0,0.3744,Very Low,1.896e-05,Very Low
58.5000_-66.5000,58.5,-66.5,0.3244,Very Low,1.896e-05,Very Low
58.5000_-66.0000,58.5,-66.0,0.4491,Very Low,0.00068534,Low
58.5000_-65.5000,58.5,-65.5,0.21,Very Low,0.0,Very Low
58.5000_-65.0000,58.5,-65.0,0.0729,Very Low,0.0,Very Low
58.5000_-64.5000,58.5,-64.5,0.1154,Very Low,0.00053927,Low
58.5000_-64.0000,58.5,-64.0,0.1711,Very Low,0.0,Very Low
58.5000_-63.5000,58.5,-63.5,0.2022,Very Low,0.0,Very Low
58.5000_-63.0000,58.5,-63.0,0.6409,Very Low,1.896e-05,Very Low
58.5000_-62.5000,58.5,-62.5,0.3438,Very Low,1.896e-05,Very Low
59.0000_-137.5000,59.0,-137.5,0.0,Very Low,0.0,Very Low
59.0000_-137.0000,59.0,-137.0,0.0,Very Low,1.896e-05,Very Low
59.0000_-134.5000,59.0,-134.5,0.0,Very Low,7.416e-05,Low
59.0000_-134.0000,59.0,-134.0,0.0,Very Low,7.416e-05,Low
59.0000_-133.5000,59.0,-133.5,0.0001,Very Low,0.00053927,Low
59.0000_-133.0000,59.0,-133.0,0.0001,Very Low,0.00083832,Moderate
59.0000_-132.5000,59.0,-132.5,0.0746,Very Low,0.00068534,Low
59.0000_-132.0000,59.0,-132.0,0.8672,Very Low,0.00139077,Moderate
59.0000_-131.5000,59.0,-131.5,0.6595,Very Low,0.00083832,Moderate
59.0000_-131.0000,59.0,-131.0,2.5186,Low,0.00068534,Low
59.0000_-130.5000,59.0,-130.5,2.5178,Low,0.0023586,Moderate
59.0000_-130.0000,59.0,-130.0,0.0331,Very Low,0.00068534,Low
59.0000_-129.5000,59.0,-129.5,0.5365,Very Low,0.00068534,Low
59.0000_-129.0000,59.0,-129.0,0.605,Very Low,0.00083832,Moderate
59.0000_-128.5000,59.0,-128.5,5.6503,Moderate,0.00355104,Moderate
59.0000_-128.0000,59.0,-128.0,5.0984,Moderate,0.00770915,Moderate
59.0000_-127.5000,59.0,-127.5,7.6258,Moderate,0.01996567,High
59.0000_-127.0000,59.0,-127.0,7.3475,Moderate,0.00770915,Moderate
59.0000_-126.5000,59.0,-126.5,8.4653,High,0.00139077,Moderate
59.0000_-126.0000,59.0,-126.0,7.9824,Moderate,0.00083832,Moderate
59.0000_-125.5000,59.0,-125.5,8.6603,High,0.00243473,Moderate
59.0000_-125.0000,59.0,-125.0,9.4158,High,0.01432781,High
59.0000_-124.5000,59.0,-124.5,8.2868,High,0.0023586,Moderate
59.0000_-124.0000,59.0,-124.0,8.0814,High,0.01432781,High
59.0000_-123.5000,59.0,-123.5,10.5652,High,0.02704935,High
59.0000_-123.0000,59.0,-123.0,9.3184,High,0.10967256,High
59.0000_-122.5000,59.0,-122.5,8.8187,High,0.10967256,High
59.0000_-122.0000,59.0,-122.0,8.3971,High,0.05620805,High
59.0000_-121.5000,59.0,-121.5,8.5131,High,0.04267782,High
59.0000_-121.0000,59.0,-121.0,7.9848,Moderate,0.03702563,High
59.0000_-120.5000,59.0,-120.5,8.7701,High,0.02704935,High
59.0000_-120.0000,59.0,-120.0,4.2575,Moderate,0.02281652,High
59.0000_-119.5000,59.0,-119.5,4.5719,Moderate,0.03276447,High
59.0000_-119.0000,59.0,-119.0,3.0194,Low,0.02704935,High
59.0000_-118.5000,59.0,-118.5,2.8296,Low,0.02704935,High
59.0000_-118.0000,59.0,-118.0,2.4276,Low,0.02704935,High
59.0000_-117.5000,59.0,-117.5,3.7137,Low,0.03276447,High
59.0000_-117.0000,59.0,-117.0,5.5251,Moderate,0.02281652,High
59.0000_-116.5000,59.0,-116.5,6.4326,Moderate,0.01432781,High
59.0000_-116.0000,59.0,-116.0,6.373,Moderate,0.0054932,Moderate
59.0000_-115.5000,59.0,-115.5,6.2519,Moderate,0.01056092,High
59.0000_-115.0000,59.0,-115.0,7.6807,Moderate,0.01432781,High
59.0000_-114.5000,59.0,-114.5,5.6756,Moderate,0.01432781,High
59.0000_-114.0000,59.0,-114.0,6.907,Moderate,0.01432781,High
59.0000_-113.5000,59.0,-113.5,7.3637,Moderate,0.00586819,Moderate
59.0000_-113.0000,59.0,-113.0,9.4395,High,0.01996567,High
59.0000_-112.5000,59.0,-112.5,9.7087,High,0.01996567,High
59.0000_-112.0000,59.0,-112.0,8.4393,High,0.02281652,High
59.0000_-111.5000,59.0,-111.5,8.1095,High,0.03383363,High
59.0000_-111.0000,59.0,-111.0,6.0715,Moderate,0.047139,High
59.0000_-110.5000,59.0,-110.5,6.3039,Moderate,0.01432781,High
59.0000_-110.0000,59.0,-110.0,9.5257,High,0.01040092,Moderate
59.0000_-109.5000,59.0,-109.5,7.7367,Moderate,0.00193611,Moderate
59.0000_-109.0000,59.0,-109.0,6.2892,Moderate,0.00083832,Moderate
59.0000_-108.5000,59.0,-108.5,6.4391,Moderate,0.00083832,Moderate
59.0000_-108.0000,59.0,-108.0,5.4782,Moderate,0.00105241,Moderate
59.0000_-107.5000,59.0,-107.5,6.7727,Moderate,0.00333659,Moderate
59.0000_-107.0000,59.0,-107.0,6.9562,Moderate,0.00611154,Moderate
59.0000_-106.5000,59.0,-106.5,9.212,High,0.0054932,Moderate
59.0000_-106.0000,59.0,-106.0,6.8246,Moderate,0.01432781,High
59.0000_-105.5000,59.0,-105.5,5.4868,Moderate,0.03702563,High
59.0000_-105.0000,59.0,-105.0,7.7633,Moderate,0.01250206,High
59.0000_-104.5000,59.0,-104.5,8.8916,High,0.01996567,High
59.0000_-104.0000,59.0,-104.0,4.6327,Moderate,0.01432781,High
59.0000_-103.5000,59.0,-103.5,4.6317,Moderate,0.00973957,Moderate
59.0000_-103.0000,59.0,-103.0,4.3353,Moderate,0.00632347,Moderate
59.0000_-102.5000,59.0,-102.5,4.5095,Moderate,0.00140231,Moderate
59.0000_-102.0000,59.0,-102.0,6.3348,Moderate,0.00632347,Moderate
59.0000_-101.5000,59.0,-101.5,2.291,Low,0.00083832,Moderate
59.0000_-101.0000,59.0,-101.0,3.7428,Low,0.0023586,Moderate
59.0000_-100.5000,59.0,-100.5,2.8083,Low,0.00139077,Moderate
59.0000_-100.0000,59.0,-100.0,5.0386,Moderate,0.00333659,Moderate
59.0000_-99.5000,59.0,-99.5,5.1352,Moderate,0.00083832,Moderate
59.0000_-99.0000,59.0,-99.0,3.6367,Low,0.00185644,Moderate
59.0000_-98.5000,59.0,-98.5,0.838,Very Low,0.00068534,Low
59.0000_-98.0000,59.0,-98.0,1.305,Very Low,0.00068534,Low
59.0000_-97.5000,59.0,-97.5,1.756,Very Low,0.00083832,Moderate
59.0000_-97.0000,59.0,-97.0,1.6601,Very Low,0.00083832,Moderate
59.0000_-96.5000,59.0,-96.5,0.8464,Very Low,0.00068534,Low
59.0000_-96.0000,59.0,-96.0,0.5747,Very Low,1.896e-05,Very Low
59.0000_-95.5000,59.0,-95.5,0.471,Very Low,1.896e-05,Very Low
59.0000_-95.0000,59.0,-95.0,0.445,Very Low,0.00068534,Low
59.0000_-78.5000,59.0,-78.5,0.0203,Very Low,1.896e-05,Very Low
59.0000_-78.0000,59.0,-78.0,0.007,Very Low,1.896e-05,Very Low
59.0000_-77.5000,59.0,-77.5,0.0052,Very Low,1.896e-05,Very Low
59.0000_-77.0000,59.0,-77.0,0.0138,Very Low,1.896e-05,Very Low
59.0000_-76.5000,59.0,-76.5,0.006,Very Low,1.896e-05,Very Low
59.0000_-76.0000,59.0,-76.0,0.0417,Very Low,1.896e-05,Very Low
59.0000_-75.5000,59.0,-75.5,0.0272,Very Low,1.896e-05,Very Low
59.0000_-75.0000,59.0,-75.0,0.042,Very Low,1.896e-05,Very Low
59.0000_-74.5000,59.0,-74.5,0.0206,Very Low,0.0,Very Low
59.0000_-74.0000,59.0,-74.0,0.041,Very Low,0.0,Very Low
59.0000_-73.5000,59.0,-73.5,0.0786,Very Low,0.0,Very Low
59.0000_-73.0000,59.0,-73.0,0.2404,Very Low,0.0,Very Low
59.0000_-72.5000,59.0,-72.5,0.2503,Very Low,0.0,Very Low
59.0000_-72.0000,59.0,-72.0,0.1296,Very Low,0.0,Very Low
59.0000_-71.5000,59.0,-71.5,0.3045,Very Low,0.0,Very Low
59.0000_-71.0000,59.0,-71.0,0.3188,Very Low,0.0,Very Low
59.0000_-70.5000,59.0,-70.5,0.3888,Very Low,0.0,Very Low
59.0000_-70.0000,59.0,-70.0,0.4522,Very Low,0.0,Very Low
59.0000_-69.5000,59.0,-69.5,0.5982,Very Low,1.896e-05,Very Low
59.0000_-69.0000,59.0,-69.0,0.5156,Very Low,1.896e-05,Very Low
59.0000_-66.0000,59.0,-66.0,0.1179,Very Low,0.0,Very Low
59.0000_-65.5000,59.0,-65.5,0.2298,Very Low,1.896e-05,Very Low
59.0000_-65.0000,59.0,-65.0,0.0534,Very Low,0.0,Very Low
59.0000_-64.5000,59.0,-64.5,0.0364,Very Low,0.0,Very Low
59.0000_-64.0000,59.0,-64.0,0.0933,Very Low,0.0,Very Low
59.0000_-63.5000,59.0,-63.5,0.5141,Very Low,1.896e-05,Very Low
59.0000_-63.0000,59.0,-63.0,0.3122,Very Low,1.896e-05,Very Low
59.5000_-138.0000,59.5,-138.0,0.0,Very Low,1.896e-05,Very Low
59.5000_-137.5000,59.5,-137.5,0.0001,Very Low,1.896e-05,Very Low
59.5000_-137.0000,59.5,-137.0,0.0,Very Low,1.896e-05,Very Low
59.5000_-136.5000,59.5,-136.5,0.0,Very Low,1.896e-05,Very Low
59.5000_-135.0000,59.5,-135.0,0.0,Very Low,0.00068534,Low
59.5000_-134.5000,59.5,-134.5,0.0,Very Low,0.00068534,Low
59.5000_-134.0000,59.5,-134.0,0.085,Very Low,0.00068534,Low
59.5000_-133.5000,59.5,-133.5,0.5005,Very Low,0.00139077,Moderate
59.5000_-133.0000,59.5,-133.0,0.3705,Very Low,0.00068534,Low
59.5000_-132.5000,59.5,-132.5,0.2537,Very Low,0.00068534,Low
59.5000_-132.0000,59.5,-132.0,0.6621,Very Low,0.00083832,Moderate
59.5000_-131.5000,59.5,-131.5,1.3382,Very Low,0.00083832,Moderate
59.5000_-131.0000,59.5,-131.0,4.1963,Moderate,0.00068534,Low
59.5000_-130.5000,59.5,-130.5,0.8515,Very Low,0.00083832,Moderate
59.5000_-130.0000,59.5,-130.0,3.6424,Low,7.416e-05,Low
59.5000_-129.5000,59.5,-129.5,3.2057,Low,0.00243473,Moderate
59.5000_-129.0000,59.5,-129.0,8.9248,High,0.00932712,Moderate
59.5000_-128.5000,59.5,-128.5,8.6236,High,0.01040092,Moderate
59.5000_-128.0000,59.5,-128.0,7.7244,Moderate,0.01432781,High
59.5000_-127.5000,59.5,-127.5,5.2368,Moderate,0.00896526,Moderate
59.5000_-127.0000,59.5,-127.0,10.0815,High,0.02154918,High
59.5000_-126.5000,59.5,-126.5,8.5641,High,0.01432781,High
59.5000_-126.0000,59.5,-126.0,6.1944,Moderate,0.00105241,Moderate
59.5000_-125.5000,59.5,-125.5,7.347,Moderate,0.00586819,Moderate
59.5000_-125.0000,59.5,-125.0,7.9412,Moderate,0.0023586,Moderate
59.5000_-124.5000,59.5,-124.5,8.8172,High,0.00243473,Moderate
59.5000_-124.0000,59.5,-124.0,9.3141,High,0.04267782,High
59.5000_-123.5000,59.5,-123.5,8.7314,High,0.03702563,High
59.5000_-123.0000,59.5,-123.0,10.1025,High,0.06413994,High
59.5000_-122.5000,59.5,-122.5,7.2259,Moderate,0.02154918,High
59.5000_-122.0000,59.5,-122.0,8.6948,High,0.03383363,High
59.5000_-121.5000,59.5,-121.5,8.354,High,0.02704935,High
59.5000_-121.0000,59.5,-121.0,2.1095,Low,0.02704935,High
59.5000_-120.5000,59.5,-120.5,7.4454,Moderate,0.02154918,High
59.5000_-120.0000,59.5,-120.0,3.6129,Low,0.02281652,High
59.5000_-119.5000,59.5,-119.5,5.2328,Moderate,0.02154918,High
59.5000_-119.0000,59.5,-119.0,3.9561,Low,0.00770915,Moderate
59.5000_-118.5000,59.5,-118.5,4.3853,Moderate,0.00586819,Moderate
59.5000_-118.0000,59.5,-118.0,3.0624,Low,0.00973957,Moderate
59.5000_-117.5000,59.5,-117.5,4.5192,Moderate,0.03450564,High
59.5000_-117.0000,59.5,-117.0,4.2261,Moderate,0.03657881,High
59.5000_-116.5000,59.5,-116.5,5.7009,Moderate,0.00770915,Moderate
59.5000_-116.0000,59.5,-116.0,5.8918,Moderate,0.00140231,Moderate
59.5000_-115.5000,59.5,-115.5,4.5677,Moderate,0.00083832,Moderate
59.5000_-115.0000,59.5,-115.0,5.8386,Moderate,0.00083832,Moderate
59.5000_-114.5000,59.5,-114.5,5.8158,Moderate,0.0054932,Moderate
59.5000_-114.0000,59.5,-114.0,8.8297,High,0.0344086,High
59.5000_-113.5000,59.5,-113.5,5.94,Moderate,0.01040092,Moderate
59.5000_-113.0000,59.5,-113.0,7.4042,Moderate,0.00305399,Moderate
59.5000_-112.5000,59.5,-112.5,8.2811,High,0.02154918,High
59.5000_-112.0000,59.5,-112.0,9.0705,High,0.03276447,High
59.5000_-111.5000,59.5,-111.5,9.4772,High,0.02698651,High
59.5000_-111.0000,59.5,-111.0,9.6255,High,0.03702563,High
59.5000_-110.5000,59.5,-110.5,10.6973,High,0.02281652,High
59.5000_-110.0000,59.5,-110.0,9.6194,High,0.01432781,High
59.5000_-109.5000,59.5,-109.5,7.5246,Moderate,0.00896526,Moderate
59.5000_-109.0000,59.5,-109.0,5.9869,Moderate,0.01432781,High
59.5000_-108.5000,59.5,-108.5,9.2565,High,0.02857143,High
59.5000_-108.0000,59.5,-108.0,6.9968,Moderate,0.01250206,High
59.5000_-107.5000,59.5,-107.5,7.9997,Moderate,0.01432781,High
59.5000_-107.0000,59.5,-107.0,9.4717,High,0.0344086,High
59.5000_-106.5000,59.5,-106.5,8.2891,High,0.01649175,High
59.5000_-106.0000,59.5,-106.0,7.5945,Moderate,0.01432781,High
59.5000_-105.5000,59.5,-105.5,6.8097,Moderate,0.00770915,Moderate
59.5000_-105.0000,59.5,-105.0,7.6386,Moderate,0.01996567,High
59.5000_-104.5000,59.5,-104.5,8.8077,High,0.01377744,High
59.5000_-104.0000,59.5,-104.0,9.7131,High,0.01377744,High
59.5000_-103.5000,59.5,-103.5,10.4492,High,0.00333659,Moderate
59.5000_-103.0000,59.5,-103.0,13.5409,High,0.00697906,Moderate
59.5000_-102.5000,59.5,-102.5,8.0055,High,0.00770915,Moderate
59.5000_-102.0000,59.5,-102.0,8.4873,High,0.00243473,Moderate
59.5000_-101.5000,59.5,-101.5,9.7204,High,0.0023586,Moderate
59.5000_-101.0000,59.5,-101.0,9.716,High,0.00185644,Moderate
59.5000_-100.5000,59.5,-100.5,8.3246,High,0.00083832,Moderate
59.5000_-100.0000,59.5,-100.0,5.3206,Moderate,0.00083832,Moderate
59.5000_-99.5000,59.5,-99.5,8.6112,High,0.00083832,Moderate
59.5000_-99.0000,59.5,-99.0,6.4228,Moderate,0.00140231,Moderate
59.5000_-98.5000,59.5,-98.5,5.2121,Moderate,0.00083832,Moderate
59.5000_-98.0000,59.5,-98.0,1.6418,Very Low,0.00083832,Moderate
59.5000_-97.5000,59.5,-97.5,0.8684,Very Low,0.00068534,Low
59.5000_-97.0000,59.5,-97.0,0.5717,Very Low,1.896e-05,Very Low
59.5000_-96.5000,59.5,-96.5,0.3029,Very Low,0.00068534,Low
59.5000_-96.0000,59.5,-96.0,0.3142,Very Low,1.896e-05,Very Low
59.5000_-95.5000,59.5,-95.5,0.3484,Very Low,1.896e-05,Very Low
59.5000_-95.0000,59.5,-95.0,0.2698,Very Low,1.896e-05,Very Low
59.5000_-80.5000,59.5,-80.5,0.0712,Very Low,0.0,Very Low
59.5000_-78.0000,59.5,-78.0,0.0412,Very Low,1.896e-05,Very Low
59.5000_-77.5000,59.5,-77.5,0.0017,Very Low,1.896e-05,Very Low
59.5000_-77.0000,59.5,-77.0,0.0115,Very Low,1.896e-05,Very Low
59.5000_-76.5000,59.5,-76.5,0.0184,Very Low,1.896e-05,Very Low
59.5000_-76.0000,59.5,-76.0,0.0082,Very Low,1.896e-05,Very Low
59.5000_-75.5000,59.5,-75.5,0.0074,Very Low,1.896e-05,Very Low
59.5000_-75.0000,59.5,-75.0,0.001,Very Low,1.896e-05,Very Low
59.5000_-74.5000,59.5,-74.5,0.0115,Very Low,1.896e-05,Very Low
59.5000_-74.0000,59.5,-74.0,0.0425,Very Low,0.0,Very Low
59.5000_-73.5000,59.5,-73.5,0.1842,Very Low,1.896e-05,Very Low
59.5000_-73.0000,59.5,-73.0,0.2378,Very Low,1.896e-05,Very Low
59.5000_-72.5000,59.5,-72.5,0.2087,Very Low,1.896e-05,Very Low
59.5000_-72.0000,59.5,-72.0,0.2612,Very Low,1.896e-05,Very Low
59.5000_-71.5000,59.5,-71.5,0.2898,Very Low,1.896e-05,Very Low
59.5000_-71.0000,59.5,-71.0,0.3616,Very Low,1.896e-05,Very Low
59.5000_-70.5000,59.5,-70.5,0.3735,Very Low,1.896e-05,Very Low
59.5000_-70.0000,59.5,-70.0,0.3819,Very Low,0.0,Very Low
59.5000_-65.5000,59.5,-65.5,0.1205,Very Low,0.0,Very Low
59.5000_-65.0000,59.5,-65.0,0.0352,Very Low,0.0,Very Low
59.5000_-64.5000,59.5,-64.5,0.0553,Very Low,0.0,Very Low
59.5000_-64.0000,59.5,-64.0,0.16,Very Low,0.0,Very Low
60.0000_-139.0000,60.0,-139.0,0.0,Very Low,0.0,Very Low
60.0000_-138.5000,60.0,-138.5,0.0,Very Low,1.896e-05,Very Low
60.0000_-138.0000,60.0,-138.0,0.0,Very Low,1.896e-05,Very Low
60.0000_-137.5000,60.0,-137.5,0.0,Very Low,1.896e-05,Very Low
60.0000_-137.0000,60.0,-137.0,0.0,Very Low,0.00018179,Low
60.0000_-136.5000,60.0,-136.5,0.0,Very Low,0.00068534,Low
60.0000_-136.0000,60.0,-136.0,0.0,Very Low,0.00083832,Moderate
60.0000_-135.5000,60.0,-135.5,0.0,Very Low,0.00015106,Low
60.0000_-135.0000,60.0,-135.0,0.0001,Very Low,0.00068534,Low
60.0000_-134.5000,60.0,-134.5,0.2156,Very Low,0.00083832,Moderate
60.0000_-134.0000,60.0,-134.0,1.3624,Very Low,0.0054932,Moderate
60.0000_-133.5000,60.0,-133.5,7.5141,Moderate,0.00770915,Moderate
60.0000_-133.0000,60.0,-133.0,10.5886,High,0.0054932,Moderate
60.0000_-132.5000,60.0,-132.5,7.0158,Moderate,0.0054932,Moderate
60.0000_-132.0000,60.0,-132.0,9.3035,High,0.0023586,Moderate
60.0000_-131.5000,60.0,-131.5,2.4339,Low,0.0023586,Moderate
60.0000_-131.0000,60.0,-131.0,3.8334,Low,0.00083832,Moderate
60.0000_-130.5000,60.0,-130.5,5.6272,Moderate,0.00140231,Moderate
60.0000_-130.0000,60.0,-130.0,8.4456,High,0.00243473,Moderate
60.0000_-129.5000,60.0,-129.5,8.9899,High,0.01432781,High
60.0000_-129.0000,60.0,-129.0,8.6287,High,0.07052897,High
60.0000_-128.5000,60.0,-128.5,9.2607,High,0.03276447,High
60.0000_-128.0000,60.0,-128.0,6.335,Moderate,0.01996567,High
60.0000_-127.5000,60.0,-127.5,11.2338,High,0.01432781,High
60.0000_-127.0000,60.0,-127.0,7.2323,Moderate,0.00586819,Moderate
60.0000_-126.5000,60.0,-126.5,9.6556,High,0.00611154,Moderate
60.0000_-126.0000,60.0,-126.0,8.771,High,0.00697906,Moderate
60.0000_-125.5000,60.0,-125.5,10.4166,High,0.00355104,Moderate
60.0000_-125.0000,60.0,-125.0,6.3727,Moderate,0.00305399,Moderate
60.0000_-124.5000,60.0,-124.5,6.9681,Moderate,0.00697906,Moderate
60.0000_-124.0000,60.0,-124.0,7.8573,Moderate,0.03276447,High
60.0000_-123.5000,60.0,-123.5,7.8537,Moderate,0.02704935,High
60.0000_-123.0000,60.0,-123.0,8.1115,High,0.01996567,High
60.0000_-122.5000,60.0,-122.5,7.8657,Moderate,0.00632347,Moderate
60.0000_-122.0000,60.0,-122.0,9.7636,High,0.02154918,High
60.0000_-121.5000,60.0,-121.5,10.315,High,0.01432781,High
60.0000_-121.0000,60.0,-121.0,9.097,High,0.00770915,Moderate
60.0000_-120.5000,60.0,-120.5,7.6774,Moderate,0.01056092,High
60.0000_-120.0000,60.0,-120.0,6.7415,Moderate,0.0054932,Moderate
60.0000_-119.5000,60.0,-119.5,4.6884,Moderate,0.00083832,Moderate
60.0000_-119.0000,60.0,-119.0,2.1135,Low,0.00083832,Moderate
60.0000_-118.5000,60.0,-118.5,2.682,Low,0.0054932,Moderate
60.0000_-118.0000,60.0,-118.0,4.2348,Moderate,0.00632347,Moderate
60.0000_-117.5000,60.0,-117.5,5.2384,Moderate,0.00932712,Moderate
60.0000_-117.0000,60.0,-117.0,4.6387,Moderate,0.03702563,High
60.0000_-116.5000,60.0,-116.5,6.4763,Moderate,0.01432781,High
60.0000_-116.0000,60.0,-116.0,5.7023,Moderate,0.00770915,Moderate
60.0000_-115.5000,60.0,-115.5,4.7441,Moderate,0.0023586,Moderate
60.0000_-115.0000,60.0,-115.0,4.126,Moderate,0.0054932,Moderate
60.0000_-114.5000,60.0,-114.5,4.4087,Moderate,0.00611154,Moderate
60.0000_-114.0000,60.0,-114.0,6.701,Moderate,0.01377744,High
60.0000_-113.5000,60.0,-113.5,8.2089,High,0.02474645,High
60.0000_-113.0000,60.0,-113.0,10.2575,High,0.02704935,High
60.0000_-112.5000,60.0,-112.5,7.5339,Moderate,0.03367698,High
60.0000_-112.0000,60.0,-112.0,8.556,High,0.11865618,High
60.0000_-111.5000,60.0,-111.5,9.4153,High,0.04267782,High
60.0000_-111.0000,60.0,-111.0,11.144,High,0.02704935,High
60.0000_-110.5000,60.0,-110.5,9.321,High,0.01040092,Moderate
60.0000_-110.0000,60.0,-110.0,8.1456,High,0.01040092,Moderate
60.0000_-109.5000,60.0,-109.5,8.5497,High,0.00973957,Moderate
60.0000_-109.0000,60.0,-109.0,6.6233,Moderate,0.00355104,Moderate
60.0000_-108.5000,60.0,-108.5,8.639,High,0.01432781,High
60.0000_-108.0000,60.0,-108.0,10.8689,High,0.01279528,High
60.0000_-107.5000,60.0,-107.5,10.3505,High,0.01996567,High
60.0000_-107.0000,60.0,-107.0,12.742,High,0.01996567,High
60.0000_-106.5000,60.0,-106.5,10.9942,High,0.00896526,Moderate
60.0000_-106.0000,60.0,-106.0,9.0679,High,0.00632347,Moderate
60.0000_-105.5000,60.0,-105.5,6.8793,Moderate,0.0023586,Moderate
60.0000_-105.0000,60.0,-105.0,3.8665,Low,0.0023586,Moderate
60.0000_-104.5000,60.0,-104.5,4.8038,Moderate,0.00305399,Moderate
60.0000_-104.0000,60.0,-104.0,4.1804,Moderate,0.0023586,Moderate
60.0000_-103.5000,60.0,-103.5,5.0978,Moderate,0.0054932,Moderate
60.0000_-103.0000,60.0,-103.0,6.6853,Moderate,0.00243473,Moderate
60.0000_-102.5000,60.0,-102.5,4.5154,Moderate,0.00068534,Low
60.0000_-102.0000,60.0,-102.0,6.6233,Moderate,0.00083832,Moderate
60.0000_-101.5000,60.0,-101.5,4.0565,Moderate,0.00068534,Low
60.0000_-101.0000,60.0,-101.0,6.5119,Moderate,0.00083832,Moderate
60.0000_-100.5000,60.0,-100.5,3.418,Low,0.00083832,Moderate
60.0000_-100.0000,60.0,-100.0,2.5322,Low,0.00083832,Moderate
60.0000_-99.5000,60.0,-99.5,6.5766,Moderate,0.00611154,Moderate
60.0000_-99.0000,60.0,-99.0,5.7779,Moderate,0.00083832,Moderate
60.0000_-98.5000,60.0,-98.5,6.8656,Moderate,1.896e-05,Very Low
60.0000_-98.0000,60.0,-98.0,5.7427,Moderate,1.896e-05,Very Low
60.0000_-97.5000,60.0,-97.5,4.4388,Moderate,1.896e-05,Very Low
60.0000_-97.0000,60.0,-97.0,1.3086,Very Low,0.00068534,Low
60.0000_-96.5000,60.0,-96.5,0.8576,Very Low,1.896e-05,Very Low
60.0000_-96.0000,60.0,-96.0,0.7533,Very Low,1.896e-05,Very Low
60.0000_-95.5000,60.0,-95.5,0.8513,Very Low,1.896e-05,Very Low
60.0000_-95.0000,60.0,-95.0,0.441,Very Low,1.896e-05,Very Low
60.0000_-77.5000,60.0,-77.5,0.0845,Very Low,1.896e-05,Very Low
60.0000_-77.0000,60.0,-77.0,0.0206,Very Low,0.0,Very Low
60.0000_-76.5000,60.0,-76.5,0.0323,Very Low,1.896e-05,Very Low
60.0000_-76.0000,60.0,-76.0,0.2048,Very Low,1.896e-05,Very Low
60.0000_-75.5000,60.0,-75.5,0.0746,Very Low,1.896e-05,Very Low
60.0000_-75.0000,60.0,-75.0,0.1306,Very Low,0.0,Very Low
60.0000_-74.5000,60.0,-74.5,0.1867,Very Low,0.0,Very Low
60.0000_-74.0000,60.0,-74.0,0.3824,Very Low,0.0,Very Low
60.0000_-73.5000,60.0,-73.5,0.3738,Very Low,0.0,Very Low
60.0000_-73.0000,60.0,-73.0,0.535,Very Low,0.0,Very Low
60.0000_-72.5000,60.0,-72.5,0.5408,Very Low,0.0,Very Low
60.0000_-72.0000,60.0,-72.0,0.5873,Very Low,1.896e-05,Very Low
60.0000_-71.5000,60.0,-71.5,0.3753,Very Low,1.896e-05,Very Low
60.0000_-71.0000,60.0,-71.0,0.5391,Very Low,1.896e-05,Very Low
60.0000_-70.5000,60.0,-70.5,0.5907,Very Low,1.896e-05,Very Low
60.0000_-70.0000,60.0,-70.0,0.5165,Very Low,0.0,Very Low
60.0000_-65.0000,60.0,-65.0,0.1653,Very Low,0.0,Very Low
60.0000_-64.5000,60.0,-64.5,0.2058,Very Low,0.0,Very Low
60.0000_-64.0000,60.0,-64.0,0.4192,Very Low,0.0,Very Low
60.5000_-141.0000,60.5,-141.0,0.0,Very Low,1.896e-05,Very Low
60.5000_-140.5000,60.5,-140.5,0.0,Very Low,1.896e-05,Very Low
60.5000_-140.0000,60.5,-140.0,0.0,Very Low,0.0,Very Low
60.5000_-139.5000,60.5,-139.5,0.0,Very Low,0.0,Very Low
60.5000_-139.0000,60.5,-139.0,0.0,Very Low,1.896e-05,Very Low
60.5000_-138.5000,60.5,-138.5,0.0,Very Low,1.896e-05,Very Low
60.5000_-138.0000,60.5,-138.0,0.0,Very Low,1.896e-05,Very Low
60.5000_-137.5000,60.5,-137.5,0.0,Very Low,0.00083832,Moderate
60.5000_-137.0000,60.5,-137.0,0.1541,Very Low,0.00139077,Moderate
60.5000_-136.5000,60.5,-136.5,0.0397,Very Low,0.00053927,Low
60.5000_-136.0000,60.5,-136.0,5.4873,Moderate,0.00083832,Moderate
60.5000_-135.5000,60.5,-135.5,4.8214,Moderate,0.00611154,Moderate
60.5000_-135.0000,60.5,-135.0,4.888,Moderate,0.047139,High
60.5000_-134.5000,60.5,-134.5,5.7468,Moderate,0.02154918,High
60.5000_-134.0000,60.5,-134.0,7.6347,Moderate,0.01040092,Moderate
60.5000_-133.5000,60.5,-133.5,8.1973,High,0.0054932,Moderate
60.5000_-133.0000,60.5,-133.0,4.3863,Moderate,0.00105241,Moderate
60.5000_-132.5000,60.5,-132.5,4.1602,Moderate,0.00139077,Moderate
60.5000_-132.0000,60.5,-132.0,2.1035,Low,0.00083832,Moderate
60.5000_-131.5000,60.5,-131.5,3.7347,Low,0.00068534,Low
60.5000_-131.0000,60.5,-131.0,5.3134,Moderate,0.00068534,Low
60.5000_-130.5000,60.5,-130.5,3.4167,Low,0.00139077,Moderate
60.5000_-130.0000,60.5,-130.0,8.1377,High,0.01040092,Moderate
60.5000_-129.5000,60.5,-129.5,5.4568,Moderate,0.00355104,Moderate
60.5000_-129.0000,60.5,-129.0,2.4585,Low,0.0023586,Moderate
60.5000_-128.5000,60.5,-128.5,3.0536,Low,0.0023586,Moderate
60.5000_-128.0000,60.5,-128.0,3.2037,Low,0.00083832,Moderate
60.5000_-127.5000,60.5,-127.5,9.7085,High,0.00734049,Moderate
60.5000_-127.0000,60.5,-127.0,6.2609,Moderate,0.00305399,Moderate
60.5000_-126.5000,60.5,-126.5,7.4076,Moderate,0.00770915,Moderate
60.5000_-126.0000,60.5,-126.0,7.6505,Moderate,0.01040092,Moderate
60.5000_-125.5000,60.5,-125.5,6.4021,Moderate,0.00632347,Moderate
60.5000_-125.0000,60.5,-125.0,6.1473,Moderate,0.00333659,Moderate
60.5000_-124.5000,60.5,-124.5,8.3747,High,0.00083832,Moderate
60.5000_-124.0000,60.5,-124.0,6.9182,Moderate,0.01056092,High
60.5000_-123.5000,60.5,-123.5,2.9382,Low,0.00140231,Moderate
60.5000_-123.0000,60.5,-123.0,4.888,Moderate,0.00140231,Moderate
60.5000_-122.5000,60.5,-122.5,8.3328,High,0.00243473,Moderate
60.5000_-122.0000,60.5,-122.0,8.5618,High,0.00305399,Moderate
60.5000_-121.5000,60.5,-121.5,8.4383,High,0.00140231,Moderate
60.5000_-121.0000,60.5,-121.0,9.4674,High,0.00586819,Moderate
60.5000_-120.5000,60.5,-120.5,8.1393,High,0.00139077,Moderate
60.5000_-120.0000,60.5,-120.0,7.1111,Moderate,0.00083832,Moderate
60.5000_-119.5000,60.5,-119.5,4.7628,Moderate,0.00140231,Moderate
60.5000_-119.0000,60.5,-119.0,6.9312,Moderate,0.0023586,Moderate
60.5000_-118.5000,60.5,-118.5,7.8825,Moderate,0.00305399,Moderate
60.5000_-118.0000,60.5,-118.0,6.0938,Moderate,0.0023586,Moderate
60.5000_-117.5000,60.5,-117.5,0.5818,Very Low,0.00083832,Moderate
60.5000_-117.0000,60.5,-117.0,5.0734,Moderate,0.0023586,Moderate
60.5000_-116.5000,60.5,-116.5,4.6439,Moderate,0.0054932,Moderate
60.5000_-116.0000,60.5,-116.0,7.6079,Moderate,0.00355104,Moderate
60.5000_-115.5000,60.5,-115.5,8.5164,High,0.00632347,Moderate
60.5000_-115.0000,60.5,-115.0,9.6808,High,0.00896526,Moderate
60.5000_-114.5000,60.5,-114.5,7.3187,Moderate,0.00586819,Moderate
60.5000_-114.0000,60.5,-114.0,8.1678,High,0.00896526,Moderate
60.5000_-113.5000,60.5,-113.5,6.9384,Moderate,0.00586819,Moderate
60.5000_-113.0000,60.5,-113.0,8.8785,High,0.00333659,Moderate
60.5000_-112.5000,60.5,-112.5,6.4533,Moderate,0.00333659,Moderate
60.5000_-112.0000,60.5,-112.0,8.6353,High,0.00770915,Moderate
60.5000_-111.5000,60.5,-111.5,8.9826,High,0.01377744,High
60.5000_-111.0000,60.5,-111.0,8.9687,High,0.00932712,Moderate
60.5000_-110.5000,60.5,-110.5,10.4568,High,0.01040092,Moderate
60.5000_-110.0000,60.5,-110.0,7.0553,Moderate,0.00243473,Moderate
60.5000_-109.5000,60.5,-109.5,7.3802,Moderate,0.00141978,Moderate
60.5000_-109.0000,60.5,-109.0,8.9596,High,0.0054932,Moderate
60.5000_-108.5000,60.5,-108.5,8.4925,High,0.0054932,Moderate
60.5000_-108.0000,60.5,-108.0,8.9941,High,0.00333659,Moderate
60.5000_-107.5000,60.5,-107.5,9.587,High,0.0054932,Moderate
60.5000_-107.0000,60.5,-107.0,10.1849,High,0.00697906,Moderate
60.5000_-106.5000,60.5,-106.5,10.8644,High,0.0054932,Moderate
60.5000_-106.0000,60.5,-106.0,8.1101,High,0.00243473,Moderate
60.5000_-105.5000,60.5,-105.5,9.0317,High,0.0023586,Moderate
60.5000_-105.0000,60.5,-105.0,8.9139,High,0.00083832,Moderate
60.5000_-104.5000,60.5,-104.5,5.0891,Moderate,0.00083832,Moderate
60.5000_-104.0000,60.5,-104.0,2.4616,Low,0.00068534,Low
60.5000_-103.5000,60.5,-103.5,2.0213,Low,0.00068534,Low
60.5000_-103.0000,60.5,-103.0,0.7964,Very Low,7.416e-05,Low
60.5000_-102.5000,60.5,-102.5,3.5705,Low,0.00053927,Low
60.5000_-102.0000,60.5,-102.0,6.4211,Moderate,0.00068534,Low
60.5000_-101.5000,60.5,-101.5,5.179,Moderate,0.00068534,Low
60.5000_-101.0000,60.5,-101.0,0.855,Very Low,0.00068534,Low
60.5000_-100.5000,60.5,-100.5,1.3933,Very Low,1.896e-05,Very Low
60.5000_-100.0000,60.5,-100.0,0.7292,Very Low,1.896e-05,Very Low
60.5000_-99.5000,60.5,-99.5,0.274,Very Low,1.896e-05,Very Low
60.5000_-99.0000,60.5,-99.0,2.2752,Low,1.896e-05,Very Low
60.5000_-98.5000,60.5,-98.5,2.7399,Low,1.896e-05,Very Low
60.5000_-98.0000,60.5,-98.0,1.168,Very Low,1.896e-05,Very Low
60.5000_-97.5000,60.5,-97.5,0.5321,Very Low,1.896e-05,Very Low
60.5000_-97.0000,60.5,-97.0,0.3656,Very Low,1.896e-05,Very Low
60.5000_-96.5000,60.5,-96.5,0.2976,Very Low,1.896e-05,Very Low
60.5000_-96.0000,60.5,-96.0,0.1573,Very Low,1.896e-05,Very Low
60.5000_-95.5000,60.5,-95.5,0.0588,Very Low,1.896e-05,Very Low
60.5000_-95.0000,60.5,-95.0,0.0668,Very Low,1.896e-05,Very Low
60.5000_-94.5000,60.5,-94.5,0.0598,Very Low,1.896e-05,Very Low
60.5000_-77.5000,60.5,-77.5,0.1559,Very Low,1.896e-05,Very Low
60.5000_-77.0000,60.5,-77.0,0.1573,Very Low,1.896e-05,Very Low
60.5000_-76.5000,60.5,-76.5,0.2345,Very Low,1.896e-05,Very Low
60.5000_-76.0000,60.5,-76.0,0.2967,Very Low,1.896e-05,Very Low
60.5000_-75.5000,60.5,-75.5,0.1048,Very Low,0.0,Very Low
60.5000_-75.0000,60.5,-75.0,0.2592,Very Low,0.0,Very Low
60.5000_-74.5000,60.5,-74.5,0.3286,Very Low,0.0,Very Low
60.5000_-74.0000,60.5,-74.0,0.1964,Very Low,1.896e-05,Very Low
60.5000_-73.5000,60.5,-73.5,0.3808,Very Low,0.0,Very Low
60.5000_-73.0000,60.5,-73.0,0.326,Very Low,0.0,Very Low
60.5000_-72.5000,60.5,-72.5,0.2979,Very Low,1.896e-05,Very Low
60.5000_-72.0000,60.5,-72.0,0.3269,Very Low,1.896e-05,Very Low
60.5000_-71.5000,60.5,-71.5,0.4203,Very Low,0.0,Very Low
60.5000_-71.0000,60.5,-71.0,0.4875,Very Low,0.0,Very Low
60.5000_-70.5000,60.5,-70.5,0.7153,Very Low,0.0,Very Low
60.5000_-70.0000,60.5,-70.0,0.8587,Very Low,0.0,Very Low
60.5000_-68.0000,60.5,-68.0,0.9674,Very Low,1.896e-05,Very Low
60.5000_-65.0000,60.5,-65.0,0.2329,Very Low,0.0,Very Low
60.5000_-64.5000,60.5,-64.5,0.3819,Very Low,0.0,Very Low
61.0000_-141.0000,61.0,-141.0,0.0,Very Low,1.896e-05,Very Low
61.0000_-140.5000,61.0,-140.5,0.0,Very Low,0.00068534,Low
61.0000_-140.0000,61.0,-140.0,0.0,Very Low,1.896e-05,Very Low
61.0000_-139.5000,61.0,-139.5,0.0,Very Low,1.896e-05,Very Low
61.0000_-139.0000,61.0,-139.0,0.0025,Very Low,7.416e-05,Low
61.0000_-138.5000,61.0,-138.5,0.0621,Very Low,0.00140231,Moderate
61.0000_-138.0000,61.0,-138.0,0.0,Very Low,0.00083832,Moderate
61.0000_-137.5000,61.0,-137.5,0.0,Very Low,0.00139077,Moderate
61.0000_-137.0000,61.0,-137.0,2.0277,Low,0.0023586,Moderate
61.0000_-136.5000,61.0,-136.5,4.256,Moderate,0.0054932,Moderate
61.0000_-136.0000,61.0,-136.0,6.2268,Moderate,0.00333659,Moderate
61.0000_-135.5000,61.0,-135.5,5.6813,Moderate,0.01432781,High
61.0000_-135.0000,61.0,-135.0,13.6726,High,0.05620805,High
61.0000_-134.5000,61.0,-134.5,11.2845,High,0.00697906,Moderate
61.0000_-134.0000,61.0,-134.0,4.9338,Moderate,0.00333659,Moderate
61.0000_-133.5000,61.0,-133.5,0.375,Very Low,0.00068534,Low
61.0000_-133.0000,61.0,-133.0,8.0587,High,0.00243473,Moderate
61.0000_-132.5000,61.0,-132.5,5.3906,Moderate,0.00083832,Moderate
61.0000_-132.0000,61.0,-132.0,7.5957,Moderate,0.00083832,Moderate
61.0000_-131.5000,61.0,-131.5,4.6479,Moderate,0.00083832,Moderate
61.0000_-131.0000,61.0,-131.0,4.2948,Moderate,0.00068534,Low
61.0000_-130.5000,61.0,-130.5,1.9207,Very Low,0.00068534,Low
61.0000_-130.0000,61.0,-130.0,0.8522,Very Low,0.00083832,Moderate
61.0000_-129.5000,61.0,-129.5,4.664,Moderate,0.0054932,Moderate
61.0000_-129.0000,61.0,-129.0,1.9282,Very Low,0.00896526,Moderate
61.0000_-128.5000,61.0,-128.5,2.5217,Low,0.00333659,Moderate
61.0000_-128.0000,61.0,-128.0,0.4475,Very Low,0.00083832,Moderate
61.0000_-127.5000,61.0,-127.5,6.6153,Moderate,0.00243473,Moderate
61.0000_-127.0000,61.0,-127.0,1.7547,Very Low,0.00083832,Moderate
61.0000_-126.5000,61.0,-126.5,12.3515,High,0.00697906,Moderate
61.0000_-126.0000,61.0,-126.0,14.4918,High,0.01432781,High
61.0000_-125.5000,61.0,-125.5,11.3139,High,0.01040092,Moderate
61.0000_-125.0000,61.0,-125.0,12.1273,High,0.00333659,Moderate
61.0000_-124.5000,61.0,-124.5,11.8351,High,0.00083832,Moderate
61.0000_-124.0000,61.0,-124.0,9.0226,High,0.00193611,Moderate
61.0000_-123.5000,61.0,-123.5,4.0498,Moderate,0.00140231,Moderate
61.0000_-123.0000,61.0,-123.0,7.0607,Moderate,0.00243473,Moderate
61.0000_-122.5000,61.0,-122.5,10.2647,High,0.00333659,Moderate
61.0000_-122.0000,61.0,-122.0,9.7544,High,0.0054932,Moderate
61.0000_-121.5000,61.0,-121.5,10.8241,High,0.0054932,Moderate
61.0000_-121.0000,61.0,-121.0,11.2507,High,0.00611154,Moderate
61.0000_-120.5000,61.0,-120.5,4.4203,Moderate,0.0023586,Moderate
61.0000_-120.0000,61.0,-120.0,3.0171,Low,0.00083832,Moderate
61.0000_-119.5000,61.0,-119.5,6.9655,Moderate,0.00139077,Moderate
61.0000_-119.0000,61.0,-119.0,5.0813,Moderate,0.00083832,Moderate
61.0000_-118.5000,61.0,-118.5,6.3976,Moderate,0.00139077,Moderate
61.0000_-118.0000,61.0,-118.0,8.8651,High,0.00305399,Moderate
61.0000_-117.5000,61.0,-117.5,9.5382,High,0.00586819,Moderate
61.0000_-117.0000,61.0,-117.0,11.9783,High,0.00770915,Moderate
61.0000_-116.5000,61.0,-116.5,13.4902,High,0.00697906,Moderate
61.0000_-116.0000,61.0,-116.0,8.6878,High,0.0054932,Moderate
61.0000_-115.5000,61.0,-115.5,9.1338,High,0.00586819,Moderate
61.0000_-115.0000,61.0,-115.0,7.5334,Moderate,0.0023586,Moderate
61.0000_-114.5000,61.0,-114.5,5.9255,Moderate,0.00333659,Moderate
61.0000_-114.0000,61.0,-114.0,3.1471,Low,0.00243473,Moderate
61.0000_-113.5000,61.0,-113.5,6.4708,Moderate,0.0054932,Moderate
61.0000_-113.0000,61.0,-113.0,7.1775,Moderate,0.00896526,Moderate
61.0000_-112.5000,61.0,-112.5,9.4726,High,0.00770915,Moderate
61.0000_-112.0000,61.0,-112.0,9.8429,High,0.00973957,Moderate
61.0000_-111.5000,61.0,-111.5,16.9949,High,0.01432781,High
61.0000_-111.0000,61.0,-111.0,9.2756,High,0.00333659,Moderate
61.0000_-110.5000,61.0,-110.5,6.952,Moderate,0.00243473,Moderate
61.0000_-110.0000,61.0,-110.0,7.6371,Moderate,0.00355104,Moderate
61.0000_-109.5000,61.0,-109.5,8.0958,High,0.00333659,Moderate
61.0000_-109.0000,61.0,-109.0,9.4013,High,0.00305399,Moderate
61.0000_-108.5000,61.0,-108.5,12.4938,High,0.00586819,Moderate
61.0000_-108.0000,61.0,-108.0,12.6679,High,0.00586819,Moderate
61.0000_-107.5000,61.0,-107.5,12.6889,High,0.0054932,Moderate
61.0000_-107.0000,61.0,-107.0,13.6584,High,0.00611154,Moderate
61.0000_-106.5000,61.0,-106.5,11.7744,High,0.00185644,Moderate
61.0000_-106.0000,61.0,-106.0,8.0689,High,0.00185644,Moderate
61.0000_-105.5000,61.0,-105.5,8.279,High,0.00140231,Moderate
61.0000_-105.0000,61.0,-105.0,1.7183,Very Low,0.00068534,Low
61.0000_-104.5000,61.0,-104.5,5.4346,Moderate,0.00083832,Moderate
61.0000_-104.0000,61.0,-104.0,5.0043,Moderate,0.00018179,Low
61.0000_-103.5000,61.0,-103.5,4.1012,Moderate,0.00018179,Low
61.0000_-103.0000,61.0,-103.0,4.2087,Moderate,0.00053927,Low
61.0000_-102.5000,61.0,-102.5,5.69,Moderate,0.00068534,Low
61.0000_-102.0000,61.0,-102.0,3.1074,Low,0.00068534,Low
61.0000_-101.5000,61.0,-101.5,0.7227,Very Low,1.896e-05,Very Low
61.0000_-101.0000,61.0,-101.0,0.2941,Very Low,1.896e-05,Very Low
61.0000_-100.5000,61.0,-100.5,0.4319,Very Low,1.896e-05,Very Low
61.0000_-100.0000,61.0,-100.0,0.6592,Very Low,1.896e-05,Very Low
61.0000_-99.5000,61.0,-99.5,0.514,Very Low,1.896e-05,Very Low
61.0000_-99.0000,61.0,-99.0,0.5229,Very Low,1.896e-05,Very Low
61.0000_-98.5000,61.0,-98.5,0.1926,Very Low,1.896e-05,Very Low
61.0000_-98.0000,61.0,-98.0,0.1882,Very Low,1.896e-05,Very Low
61.0000_-97.5000,61.0,-97.5,0.0687,Very Low,1.896e-05,Very Low
61.0000_-97.0000,61.0,-97.0,0.0924,Very Low,1.896e-05,Very Low
61.0000_-96.5000,61.0,-96.5,0.5005,Very Low,1.896e-05,Very Low
61.0000_-96.0000,61.0,-96.0,0.1732,Very Low,1.896e-05,Very Low
61.0000_-95.5000,61.0,-95.5,0.1412,Very Low,1.896e-05,Very Low
61.0000_-95.0000,61.0,-95.0,0.0898,Very Low,1.896e-05,Very Low
61.0000_-94.5000,61.0,-94.5,0.119,Very Low,0.0,Very Low
61.0000_-94.0000,61.0,-94.0,0.0255,Very Low,0.0,Very Low
61.0000_-78.0000,61.0,-78.0,0.4368,Very Low,1.896e-05,Very Low
61.0000_-77.5000,61.0,-77.5,0.0453,Very Low,0.0,Very Low
61.0000_-77.0000,61.0,-77.0,0.4334,Very Low,1.896e-05,Very Low
61.0000_-76.5000,61.0,-76.5,0.1963,Very Low,0.0,Very Low
61.0000_-76.0000,61.0,-76.0,0.1565,Very Low,0.0,Very Low
61.0000_-75.5000,61.0,-75.5,0.1772,Very Low,0.0,Very Low
61.0000_-75.0000,61.0,-75.0,0.2301,Very Low,0.0,Very Low
61.0000_-74.5000,61.0,-74.5,0.3174,Very Low,0.0,Very Low
61.0000_-74.0000,61.0,-74.0,0.2907,Very Low,0.0,Very Low
61.0000_-73.5000,61.0,-73.5,0.2557,Very Low,0.0,Very Low
61.0000_-73.0000,61.0,-73.0,0.2792,Very Low,0.0,Very Low
61.0000_-72.5000,61.0,-72.5,0.3772,Very Low,0.0,Very Low
61.0000_-72.0000,61.0,-72.0,0.2915,Very Low,0.0,Very Low
61.0000_-71.5000,61.0,-71.5,0.5298,Very Low,0.0,Very Low
61.0000_-71.0000,61.0,-71.0,0.5668,Very Low,0.0,Very Low
61.0000_-70.5000,61.0,-70.5,0.4251,Very Low,0.0,Very Low
61.0000_-70.0000,61.0,-70.0,1.6271,Very Low,1.896e-05,Very Low
61.0000_-69.5000,61.0,-69.5,2.4874,Low,1.896e-05,Very Low
61.5000_-141.0000,61.5,-141.0,0.0052,Very Low,0.0,Very Low
61.5000_-140.5000,61.5,-140.5,2.734,Low,1.896e-05,Very Low
61.5000_-140.0000,61.5,-140.0,1.7382,Very Low,1.896e-05,Very Low
61.5000_-139.5000,61.5,-139.5,1.7789,Very Low,0.00068534,Low
61.5000_-139.0000,61.5,-139.0,7.7752,Moderate,0.0023586,Moderate
61.5000_-138.5000,61.5,-138.5,3.8781,Low,0.0054932,Moderate
61.5000_-138.0000,61.5,-138.0,1.6797,Very Low,0.00083832,Moderate
61.5000_-137.5000,61.5,-137.5,10.5279,High,0.00632347,Moderate
61.5000_-137.0000,61.5,-137.0,8.6465,High,0.00973957,Moderate
61.5000_-136.5000,61.5,-136.5,8.8014,High,0.0023586,Moderate
61.5000_-136.0000,61.5,-136.0,9.9223,High,0.00973957,Moderate
61.5000_-135.5000,61.5,-135.5,12.5002,High,0.00973957,Moderate
61.5000_-135.0000,61.5,-135.0,11.38,High,0.01996567,High
61.5000_-134.5000,61.5,-134.5,12.7486,High,0.00973957,Moderate
61.5000_-134.0000,61.5,-134.0,8.3791,High,0.00083832,Moderate
61.5000_-133.5000,61.5,-133.5,5.1368,Moderate,0.00139077,Moderate
61.5000_-133.0000,61.5,-133.0,0.2292,Very Low,0.00068534,Low
61.5000_-132.5000,61.5,-132.5,0.4862,Very Low,0.00068534,Low
61.5000_-132.0000,61.5,-132.0,0.1112,Very Low,0.00015106,Low
61.5000_-131.5000,61.5,-131.5,0.8979,Very Low,0.00083832,Moderate
61.5000_-131.0000,61.5,-131.0,1.2216,Very Low,0.00068534,Low
61.5000_-130.5000,61.5,-130.5,1.5681,Very Low,0.00068534,Low
61.5000_-130.0000,61.5,-130.0,3.1916,Low,0.00083832,Moderate
61.5000_-129.5000,61.5,-129.5,2.967,Low,0.00083832,Moderate
61.5000_-129.0000,61.5,-129.0,0.0027,Very Low,0.00068534,Low
61.5000_-128.5000,61.5,-128.5,0.0171,Very Low,0.00068534,Low
61.5000_-128.0000,61.5,-128.0,0.4123,Very Low,0.00068534,Low
61.5000_-127.5000,61.5,-127.5,0.0496,Very Low,0.00053927,Low
61.5000_-127.0000,61.5,-127.0,4.9776,Moderate,0.00355104,Moderate
61.5000_-126.5000,61.5,-126.5,6.2694,Moderate,0.0023586,Moderate
61.5000_-126.0000,61.5,-126.0,12.393,High,0.01432781,High
61.5000_-125.5000,61.5,-125.5,13.457,High,0.02154918,High
61.5000_-125.0000,61.5,-125.0,7.2296,Moderate,0.00632347,Moderate
61.5000_-124.5000,61.5,-124.5,10.4623,High,0.00105241,Moderate
61.5000_-124.0000,61.5,-124.0,9.0799,High,0.0023586,Moderate
61.5000_-123.5000,61.5,-123.5,7.0859,Moderate,0.00083832,Moderate
61.5000_-123.0000,61.5,-123.0,8.1084,High,0.00083832,Moderate
61.5000_-122.5000,61.5,-122.5,6.0395,Moderate,0.00140231,Moderate
61.5000_-122.0000,61.5,-122.0,6.5452,Moderate,0.00243473,Moderate
61.5000_-121.5000,61.5,-121.5,9.8366,High,0.0054932,Moderate
61.5000_-121.0000,61.5,-121.0,12.4469,High,0.00932712,Moderate
61.5000_-120.5000,61.5,-120.5,11.8338,High,0.00586819,Moderate
61.5000_-120.0000,61.5,-120.0,10.9065,High,0.00586819,Moderate
61.5000_-119.5000,61.5,-119.5,10.842,High,0.00632347,Moderate
61.5000_-119.0000,61.5,-119.0,10.2776,High,0.00586819,Moderate
61.5000_-118.5000,61.5,-118.5,10.8802,High,0.00305399,Moderate
61.5000_-118.0000,61.5,-118.0,10.8357,High,0.00896526,Moderate
61.5000_-117.5000,61.5,-117.5,12.9694,High,0.01432781,High
61.5000_-117.0000,61.5,-117.0,11.5671,High,0.00770915,Moderate
61.5000_-116.5000,61.5,-116.5,13.1822,High,0.00632347,Moderate
61.5000_-116.0000,61.5,-116.0,13.6278,High,0.00586819,Moderate
61.5000_-115.5000,61.5,-115.5,8.0311,High,0.00083832,Moderate
61.5000_-115.0000,61.5,-115.0,8.2251,High,0.00053927,Low
61.5000_-114.5000,61.5,-114.5,7.024,Moderate,0.00053927,Low
61.5000_-114.0000,61.5,-114.0,8.1146,High,0.00053927,Low
61.5000_-113.5000,61.5,-113.5,7.4446,Moderate,0.00333659,Moderate
61.5000_-113.0000,61.5,-113.0,5.8523,Moderate,0.00333659,Moderate
61.5000_-112.5000,61.5,-112.5,12.183,High,0.00632347,Moderate
61.5000_-112.0000,61.5,-112.0,11.5556,High,0.00770915,Moderate
61.5000_-111.5000,61.5,-111.5,9.3473,High,0.00333659,Moderate
61.5000_-111.0000,61.5,-111.0,11.175,High,0.00770915,Moderate
61.5000_-110.5000,61.5,-110.5,11.5692,High,0.00611154,Moderate
61.5000_-110.0000,61.5,-110.0,10.6552,High,0.0054932,Moderate
61.5000_-109.5000,61.5,-109.5,9.9001,High,0.00185644,Moderate
61.5000_-109.0000,61.5,-109.0,11.9245,High,0.0054932,Moderate
61.5000_-108.5000,61.5,-108.5,12.2425,High,0.00140231,Moderate
61.5000_-108.0000,61.5,-108.0,14.0202,High,0.0054932,Moderate
61.5000_-107.5000,61.5,-107.5,12.9797,High,0.00355104,Moderate
61.5000_-107.0000,61.5,-107.0,11.1801,High,0.0023586,Moderate
61.5000_-106.5000,61.5,-106.5,10.8409,High,0.00083832,Moderate
61.5000_-106.0000,61.5,-106.0,10.1865,High,0.00140231,Moderate
61.5000_-105.5000,61.5,-105.5,3.9863,Low,0.00083832,Moderate
61.5000_-105.0000,61.5,-105.0,5.0477,Moderate,0.00068534,Low
61.5000_-104.5000,61.5,-104.5,4.5384,Moderate,1.896e-05,Very Low
61.5000_-104.0000,61.5,-104.0,7.9176,Moderate,0.00083832,Moderate
61.5000_-103.5000,61.5,-103.5,7.3009,Moderate,0.00068534,Low
61.5000_-103.0000,61.5,-103.0,3.1483,Low,0.00068534,Low
61.5000_-102.5000,61.5,-102.5,0.7857,Very Low,1.896e-05,Very Low
61.5000_-102.0000,61.5,-102.0,2.6182,Low,1.896e-05,Very Low
61.5000_-101.5000,61.5,-101.5,0.4782,Very Low,1.896e-05,Very Low
61.5000_-101.0000,61.5,-101.0,0.2678,Very Low,0.0,Very Low
61.5000_-100.5000,61.5,-100.5,0.0807,Very Low,0.0,Very Low
61.5000_-100.0000,61.5,-100.0,0.1622,Very Low,0.0,Very Low
61.5000_-99.5000,61.5,-99.5,0.2734,Very Low,1.896e-05,Very Low
61.5000_-99.0000,61.5,-99.0,0.1042,Very Low,1.896e-05,Very Low
61.5000_-98.5000,61.5,-98.5,0.1491,Very Low,1.896e-05,Very Low
61.5000_-98.0000,61.5,-98.0,0.0527,Very Low,0.0,Very Low
61.5000_-97.5000,61.5,-97.5,0.0368,Very Low,1.896e-05,Very Low
61.5000_-97.0000,61.5,-97.0,0.0513,Very Low,0.0,Very Low
61.5000_-96.5000,61.5,-96.5,0.3064,Very Low,0.0,Very Low
61.5000_-96.0000,61.5,-96.0,0.1314,Very Low,1.896e-05,Very Low
61.5000_-95.5000,61.5,-95.5,0.3208,Very Low,1.896e-05,Very Low
61.5000_-95.0000,61.5,-95.0,0.106,Very Low,1.896e-05,Very Low
61.5000_-94.5000,61.5,-94.5,0.1248,Very Low,1.896e-05,Very Low
61.5000_-94.0000,61.5,-94.0,0.2684,Very Low,1.896e-05,Very Low
61.5000_-77.5000,61.5,-77.5,0.2383,Very Low,0.0,Very Low
61.5000_-77.0000,61.5,-77.0,0.0975,Very Low,0.0,Very Low
61.5000_-76.5000,61.5,-76.5,0.1648,Very Low,0.0,Very Low
61.5000_-76.0000,61.5,-76.0,0.1803,Very Low,0.0,Very Low
61.5000_-75.5000,61.5,-75.5,0.1575,Very Low,0.0,Very Low
61.5000_-75.0000,61.5,-75.0,0.1914,Very Low,0.0,Very Low
61.5000_-74.5000,61.5,-74.5,0.2131,Very Low,0.0,Very Low
61.5000_-74.0000,61.5,-74.0,0.2393,Very Low,0.0,Very Low
61.5000_-73.5000,61.5,-73.5,0.28,Very Low,7.416e-05,Low
61.5000_-73.0000,61.5,-73.0,0.3168,Very Low,0.0,Very Low
61.5000_-72.5000,61.5,-72.5,0.5416,Very Low,0.0,Very Low
61.5000_-72.0000,61.5,-72.0,0.6904,Very Low,0.0,Very Low
61.5000_-71.5000,61.5,-71.5,0.5899,Very Low,0.0,Very Low
61.5000_-65.5000,61.5,-65.5,0.3307,Very Low,0.0,Very Low
61.5000_-65.0000,61.5,-65.0,0.6366,Very Low,0.0,Very Low
61.5000_-64.5000,61.5,-64.5,0.4004,Very Low,0.0,Very Low
62.0000_-141.0000,62.0,-141.0,3.4155,Low,0.00068534,Low
62.0000_-140.5000,62.0,-140.5,6.4969,Moderate,0.00141978,Moderate
62.0000_-140.0000,62.0,-140.0,4.3033,Moderate,0.00083832,Moderate
62.0000_-139.5000,62.0,-139.5,6.01,Moderate,0.0023586,Moderate
62.0000_-139.0000,62.0,-139.0,6.9986,Moderate,0.00333659,Moderate
62.0000_-138.5000,62.0,-138.5,6.7691,Moderate,0.01250206,High
62.0000_-138.0000,62.0,-138.0,7.7126,Moderate,0.00083832,Moderate
62.0000_-137.5000,62.0,-137.5,9.5,High,0.00140231,Moderate
62.0000_-137.0000,62.0,-137.0,13.4534,High,0.0023586,Moderate
62.0000_-136.5000,62.0,-136.5,12.8297,High,0.02704935,High
62.0000_-136.0000,62.0,-136.0,8.185,High,0.02704935,High
62.0000_-135.5000,62.0,-135.5,7.9546,Moderate,0.01056092,High
62.0000_-135.0000,62.0,-135.0,6.1806,Moderate,0.01432781,High
62.0000_-134.5000,62.0,-134.5,4.9395,Moderate,0.00083832,Moderate
62.0000_-134.0000,62.0,-134.0,3.2224,Low,0.00068534,Low
62.0000_-133.5000,62.0,-133.5,0.7653,Very Low,0.00068534,Low
62.0000_-133.0000,62.0,-133.0,2.8887,Low,0.00068534,Low
62.0000_-132.5000,62.0,-132.5,2.2388,Low,0.01250206,High
62.0000_-132.0000,62.0,-132.0,3.8012,Low,0.00305399,Moderate
62.0000_-131.5000,62.0,-131.5,2.8355,Low,0.00083832,Moderate
62.0000_-131.0000,62.0,-131.0,3.5404,Low,0.0023586,Moderate
62.0000_-130.5000,62.0,-130.5,4.7499,Moderate,0.00083832,Moderate
62.0000_-130.0000,62.0,-130.0,0.6189,Very Low,0.00068534,Low
62.0000_-129.5000,62.0,-129.5,0.053,Very Low,0.00053927,Low
62.0000_-129.0000,62.0,-129.0,0.0008,Very Low,1.896e-05,Very Low
62.0000_-128.5000,62.0,-128.5,0.2581,Very Low,0.00018179,Low
62.0000_-128.0000,62.0,-128.0,0.0031,Very Low,7.416e-05,Low
62.0000_-127.5000,62.0,-127.5,1.4101,Very Low,0.00083832,Moderate
62.0000_-127.0000,62.0,-127.0,4.3634,Moderate,0.00083832,Moderate
62.0000_-126.5000,62.0,-126.5,5.8915,Moderate,0.00770915,Moderate
62.0000_-126.0000,62.0,-126.0,6.2537,Moderate,0.0023586,Moderate
62.0000_-125.5000,62.0,-125.5,2.409,Low,0.00105241,Moderate
62.0000_-125.0000,62.0,-125.0,8.0285,High,0.00083832,Moderate
62.0000_-124.5000,62.0,-124.5,15.4892,High,0.00305399,Moderate
62.0000_-124.0000,62.0,-124.0,15.0352,High,0.01040092,Moderate
62.0000_-123.5000,62.0,-123.5,8.3762,High,0.00355104,Moderate
62.0000_-123.0000,62.0,-123.0,7.2973,Moderate,0.0054932,Moderate
62.0000_-122.5000,62.0,-122.5,8.9649,High,0.00770915,Moderate
62.0000_-122.0000,62.0,-122.0,11.5996,High,0.00770915,Moderate
62.0000_-121.5000,62.0,-121.5,9.0283,High,0.0054932,Moderate
62.0000_-121.0000,62.0,-121.0,12.3753,High,0.00770915,Moderate
62.0000_-120.5000,62.0,-120.5,12.7358,High,0.00632347,Moderate
62.0000_-120.0000,62.0,-120.0,13.2176,High,0.00243473,Moderate
62.0000_-119.5000,62.0,-119.5,14.0575,High,0.00139077,Moderate
62.0000_-119.0000,62.0,-119.0,11.5097,High,0.0023586,Moderate
62.0000_-118.5000,62.0,-118.5,7.4331,Moderate,0.00185644,Moderate
62.0000_-118.0000,62.0,-118.0,6.4389,Moderate,0.0023586,Moderate
62.0000_-117.5000,62.0,-117.5,4.7513,Moderate,0.00139077,Moderate
62.0000_-117.0000,62.0,-117.0,9.16,High,0.0023586,Moderate
62.0000_-116.5000,62.0,-116.5,11.7365,High,0.00896526,Moderate
62.0000_-116.0000,62.0,-116.0,10.1813,High,0.00586819,Moderate
62.0000_-115.5000,62.0,-115.5,11.1772,High,0.00770915,Moderate
62.0000_-115.0000,62.0,-115.0,8.2739,High,0.00632347,Moderate
62.0000_-114.5000,62.0,-114.5,6.0673,Moderate,0.00083832,Moderate
62.0000_-114.0000,62.0,-114.0,6.6892,Moderate,0.00083832,Moderate
62.0000_-113.5000,62.0,-113.5,6.6378,Moderate,0.00140231,Moderate
62.0000_-113.0000,62.0,-113.0,8.4174,High,0.00305399,Moderate
62.0000_-112.5000,62.0,-112.5,11.244,High,0.00333659,Moderate
62.0000_-112.0000,62.0,-112.0,9.3631,High,0.00139077,Moderate
62.0000_-111.5000,62.0,-111.5,8.5751,High,0.00105241,Moderate
62.0000_-111.0000,62.0,-111.0,7.277,Moderate,0.00140231,Moderate
62.0000_-110.5000,62.0,-110.5,10.939,High,0.00305399,Moderate
62.0000_-110.0000,62.0,-110.0,14.5649,High,0.00611154,Moderate
62.0000_-109.5000,62.0,-109.5,9.019,High,0.00139077,Moderate
62.0000_-109.0000,62.0,-109.0,6.306,Moderate,0.00139077,Moderate
62.0000_-108.5000,62.0,-108.5,6.2682,Moderate,0.00053927,Low
62.0000_-108.0000,62.0,-108.0,11.1251,High,0.00105241,Moderate
62.0000_-107.5000,62.0,-107.5,12.2043,High,0.0023586,Moderate
62.0000_-107.0000,62.0,-107.0,13.5322,High,0.00140231,Moderate
62.0000_-106.5000,62.0,-106.5,11.5713,High,0.00139077,Moderate
62.0000_-106.0000,62.0,-106.0,8.5309,High,0.00083832,Moderate
62.0000_-105.5000,62.0,-105.5,9.1799,High,0.00083832,Moderate
62.0000_-105.0000,62.0,-105.0,8.3404,High,1.896e-05,Very Low
62.0000_-104.5000,62.0,-104.5,8.8038,High,0.00053927,Low
62.0000_-104.0000,62.0,-104.0,9.0311,High,7.416e-05,Low
62.0000_-103.5000,62.0,-103.5,10.3647,High,0.00068534,Low
62.0000_-103.0000,62.0,-103.0,4.9664,Moderate,1.896e-05,Very Low
62.0000_-102.5000,62.0,-102.5,5.0933,Moderate,1.896e-05,Very Low
62.0000_-102.0000,62.0,-102.0,8.2761,High,7.416e-05,Low
62.0000_-101.5000,62.0,-101.5,4.0288,Moderate,1.896e-05,Very Low
62.0000_-101.0000,62.0,-101.0,1.8146,Very Low,1.896e-05,Very Low
62.0000_-100.5000,62.0,-100.5,0.8895,Very Low,1.896e-05,Very Low
62.0000_-100.0000,62.0,-100.0,0.6766,Very Low,1.896e-05,Very Low
62.0000_-99.5000,62.0,-99.5,0.4411,Very Low,1.896e-05,Very Low
62.0000_-99.0000,62.0,-99.0,0.1947,Very Low,1.896e-05,Very Low
62.0000_-98.5000,62.0,-98.5,0.0938,Very Low,1.896e-05,Very Low
62.0000_-98.0000,62.0,-98.0,0.0353,Very Low,0.0,Very Low
62.0000_-97.5000,62.0,-97.5,0.0695,Very Low,1.896e-05,Very Low
62.0000_-97.0000,62.0,-97.0,0.1316,Very Low,1.896e-05,Very Low
62.0000_-96.5000,62.0,-96.5,0.1131,Very Low,1.896e-05,Very Low
62.0000_-96.0000,62.0,-96.0,0.0208,Very Low,1.896e-05,Very Low
62.0000_-95.5000,62.0,-95.5,0.1412,Very Low,1.896e-05,Very Low
62.0000_-95.0000,62.0,-95.0,0.0877,Very Low,1.896e-05,Very Low
62.0000_-94.5000,62.0,-94.5,0.0346,Very Low,1.896e-05,Very Low
62.0000_-94.0000,62.0,-94.0,0.3984,Very Low,7.416e-05,Low
62.0000_-93.5000,62.0,-93.5,0.6034,Very Low,1.896e-05,Very Low
62.0000_-93.0000,62.0,-93.0,0.514,Very Low,1.896e-05,Very Low
62.0000_-92.5000,62.0,-92.5,0.832,Very Low,1.896e-05,Very Low
62.0000_-80.0000,62.0,-80.0,1.27,Very Low,1.896e-05,Very Low
62.0000_-79.5000,62.0,-79.5,0.905,Very Low,1.896e-05,Very Low
62.0000_-78.0000,62.0,-78.0,0.6586,Very Low,1.896e-05,Very Low
62.0000_-77.5000,62.0,-77.5,0.5216,Very Low,0.00053927,Low
62.0000_-77.0000,62.0,-77.0,0.3256,Very Low,0.0,Very Low
62.0000_-76.5000,62.0,-76.5,0.3518,Very Low,0.0,Very Low
62.0000_-76.0000,62.0,-76.0,0.1873,Very Low,0.0,Very Low
62.0000_-75.5000,62.0,-75.5,0.3675,Very Low,0.0,Very Low
62.0000_-75.0000,62.0,-75.0,0.3061,Very Low,0.0,Very Low
62.0000_-74.5000,62.0,-74.5,0.3896,Very Low,0.0,Very Low
62.0000_-74.0000,62.0,-74.0,0.3789,Very Low,1.896e-05,Very Low
62.0000_-73.5000,62.0,-73.5,0.4257,Very Low,1.896e-05,Very Low
62.0000_-73.0000,62.0,-73.0,1.9094,Very Low,1.896e-05,Very Low
62.0000_-72.5000,62.0,-72.5,1.4154,Very Low,1.896e-05,Very Low
62.0000_-67.0000,62.0,-67.0,0.5351,Very Low,0.0,Very Low
62.0000_-66.5000,62.0,-66.5,0.7661,Very Low,1.896e-05,Very Low
62.0000_-66.0000,62.0,-66.0,0.5341,Very Low,1.896e-05,Very Low
62.0000_-65.0000,62.0,-65.0,0.7311,Very Low,0.0,Very Low
62.5000_-141.0000,62.5,-141.0,0.8658,Very Low,0.00140231,Moderate
62.5000_-140.5000,62.5,-140.5,2.7335,Low,0.00355104,Moderate
62.5000_-140.0000,62.5,-140.0,5.5576,Moderate,0.00973957,Moderate
62.5000_-139.5000,62.5,-139.5,3.5523,Low,0.00355104,Moderate
62.5000_-139.0000,62.5,-139.0,7.0464,Moderate,0.00770915,Moderate
62.5000_-138.5000,62.5,-138.5,5.2454,Moderate,0.00105241,Moderate
62.5000_-138.0000,62.5,-138.0,6.718,Moderate,0.00105241,Moderate
62.5000_-137.5000,62.5,-137.5,7.9449,Moderate,0.00973957,Moderate
62.5000_-137.0000,62.5,-137.0,9.1853,High,0.01377744,High
62.5000_-136.5000,62.5,-136.5,10.2973,High,0.00770915,Moderate
62.5000_-136.0000,62.5,-136.0,14.8316,High,0.00770915,Moderate
62.5000_-135.5000,62.5,-135.5,13.4846,High,0.00193611,Moderate
62.5000_-135.0000,62.5,-135.0,13.205,High,0.0023586,Moderate
62.5000_-134.5000,62.5,-134.5,0.8572,Very Low,0.00068534,Low
62.5000_-134.0000,62.5,-134.0,0.5515,Very Low,0.00068534,Low
62.5000_-133.5000,62.5,-133.5,0.9292,Very Low,0.00068534,Low
62.5000_-133.0000,62.5,-133.0,0.8342,Very Low,0.00068534,Low
62.5000_-132.5000,62.5,-132.5,3.969,Low,0.00083832,Moderate
62.5000_-132.0000,62.5,-132.0,2.4868,Low,0.00068534,Low
62.5000_-131.5000,62.5,-131.5,0.4256,Very Low,0.00083832,Moderate
62.5000_-131.0000,62.5,-131.0,1.8177,Very Low,0.00083832,Moderate
62.5000_-130.5000,62.5,-130.5,0.9885,Very Low,0.00053927,Low
62.5000_-130.0000,62.5,-130.0,0.1516,Very Low,0.00068534,Low
62.5000_-129.5000,62.5,-129.5,0.4065,Very Low,0.00068534,Low
62.5000_-129.0000,62.5,-129.0,0.5455,Very Low,0.00068534,Low
62.5000_-128.5000,62.5,-128.5,0.0057,Very Low,0.00068534,Low
62.5000_-128.0000,62.5,-128.0,0.0471,Very Low,7.416e-05,Low
62.5000_-127.5000,62.5,-127.5,0.7369,Very Low,0.00068534,Low
62.5000_-127.0000,62.5,-127.0,0.8544,Very Low,1.896e-05,Very Low
62.5000_-126.5000,62.5,-126.5,4.2219,Moderate,1.896e-05,Very Low
62.5000_-126.0000,62.5,-126.0,3.1869,Low,1.896e-05,Very Low
62.5000_-125.5000,62.5,-125.5,6.6698,Moderate,1.896e-05,Very Low
62.5000_-125.0000,62.5,-125.0,6.9188,Moderate,0.00105241,Moderate
62.5000_-124.5000,62.5,-124.5,8.7076,High,0.00770915,Moderate
62.5000_-124.0000,62.5,-124.0,2.9371,Low,0.00068534,Low
62.5000_-123.5000,62.5,-123.5,0.5475,Very Low,0.00083832,Moderate
62.5000_-123.0000,62.5,-123.0,4.701,Moderate,0.00083832,Moderate
62.5000_-122.5000,62.5,-122.5,13.7664,High,0.00770915,Moderate
62.5000_-122.0000,62.5,-122.0,14.6145,High,0.00355104,Moderate
62.5000_-121.5000,62.5,-121.5,16.0106,High,0.0023586,Moderate
62.5000_-121.0000,62.5,-121.0,23.2373,Very High,0.00140231,Moderate
62.5000_-120.5000,62.5,-120.5,25.2192,Very High,0.00333659,Moderate
62.5000_-120.0000,62.5,-120.0,26.2975,Very High,0.00586819,Moderate
62.5000_-119.5000,62.5,-119.5,16.7839,High,0.0054932,Moderate
62.5000_-119.0000,62.5,-119.0,20.4397,Very High,0.00355104,Moderate
62.5000_-118.5000,62.5,-118.5,12.1168,High,0.00083832,Moderate
62.5000_-118.0000,62.5,-118.0,11.7731,High,0.00105241,Moderate
62.5000_-117.5000,62.5,-117.5,6.2496,Moderate,0.00083832,Moderate
62.5000_-117.0000,62.5,-117.0,11.3359,High,0.00586819,Moderate
62.5000_-116.5000,62.5,-116.5,8.2469,High,0.00355104,Moderate
62.5000_-116.0000,62.5,-116.0,11.2735,High,0.00355104,Moderate
62.5000_-115.5000,62.5,-115.5,5.7806,Moderate,0.00305399,Moderate
62.5000_-115.0000,62.5,-115.0,6.4837,Moderate,0.00586819,Moderate
62.5000_-114.5000,62.5,-114.5,7.9999,Moderate,0.01432781,High
62.5000_-114.0000,62.5,-114.0,8.5737,High,0.01377744,High
62.5000_-113.5000,62.5,-113.5,8.0701,High,0.00932712,Moderate
62.5000_-113.0000,62.5,-113.0,12.3246,High,0.00333659,Moderate
62.5000_-112.5000,62.5,-112.5,9.4015,High,0.00333659,Moderate
62.5000_-112.0000,62.5,-112.0,8.3176,High,0.00139077,Moderate
62.5000_-111.5000,62.5,-111.5,5.524,Moderate,0.00333659,Moderate
62.5000_-111.0000,62.5,-111.0,5.1623,Moderate,0.00105241,Moderate
62.5000_-110.5000,62.5,-110.5,8.1854,High,0.00140231,Moderate
62.5000_-110.0000,62.5,-110.0,6.1776,Moderate,0.00083832,Moderate
62.5000_-109.5000,62.5,-109.5,6.5867,Moderate,0.00083832,Moderate
62.5000_-109.0000,62.5,-109.0,7.2628,Moderate,0.00105241,Moderate
62.5000_-108.5000,62.5,-108.5,11.616,High,0.00083832,Moderate
62.5000_-108.0000,62.5,-108.0,12.7405,High,0.00105241,Moderate
62.5000_-107.5000,62.5,-107.5,12.478,High,0.0023586,Moderate
62.5000_-107.0000,62.5,-107.0,9.9026,High,0.00083832,Moderate
62.5000_-106.5000,62.5,-106.5,9.4263,High,0.00139077,Moderate
62.5000_-106.0000,62.5,-106.0,5.1675,Moderate,0.00068534,Low
62.5000_-105.5000,62.5,-105.5,6.0924,Moderate,0.00068534,Low
62.5000_-105.0000,62.5,-105.0,5.0948,Moderate,0.00068534,Low
62.5000_-104.5000,62.5,-104.5,3.3282,Low,0.00053927,Low
62.5000_-104.0000,62.5,-104.0,5.2019,Moderate,0.00068534,Low
62.5000_-103.5000,62.5,-103.5,7.1631,Moderate,0.00068534,Low
62.5000_-103.0000,62.5,-103.0,6.1323,Moderate,0.00053927,Low
62.5000_-102.5000,62.5,-102.5,4.8186,Moderate,1.896e-05,Very Low
62.5000_-102.0000,62.5,-102.0,10.3478,High,7.416e-05,Low
62.5000_-101.5000,62.5,-101.5,3.7384,Low,1.896e-05,Very Low
62.5000_-101.0000,62.5,-101.0,3.078,Low,1.896e-05,Very Low
62.5000_-100.5000,62.5,-100.5,3.4658,Low,1.896e-05,Very Low
62.5000_-100.0000,62.5,-100.0,2.008,Low,1.896e-05,Very Low
62.5000_-99.5000,62.5,-99.5,0.5726,Very Low,1.896e-05,Very Low
62.5000_-99.0000,62.5,-99.0,0.5143,Very Low,1.896e-05,Very Low
62.5000_-98.5000,62.5,-98.5,0.4263,Very Low,1.896e-05,Very Low
62.5000_-98.0000,62.5,-98.0,0.2744,Very Low,0.0,Very Low
62.5000_-97.5000,62.5,-97.5,0.1541,Very Low,1.896e-05,Very Low
62.5000_-97.0000,62.5,-97.0,0.0785,Very Low,1.896e-05,Very Low
62.5000_-96.5000,62.5,-96.5,0.1515,Very Low,1.896e-05,Very Low
62.5000_-96.0000,62.5,-96.0,0.0578,Very Low,1.896e-05,Very Low
62.5000_-95.5000,62.5,-95.5,0.0013,Very Low,1.896e-05,Very Low
62.5000_-95.0000,62.5,-95.0,0.0345,Very Low,1.896e-05,Very Low
62.5000_-94.5000,62.5,-94.5,0.021,Very Low,1.896e-05,Very Low
62.5000_-94.0000,62.5,-94.0,0.0393,Very Low,1.896e-05,Very Low
62.5000_-93.5000,62.5,-93.5,0.1722,Very Low,1.896e-05,Very Low
62.5000_-93.0000,62.5,-93.0,0.4623,Very Low,1.896e-05,Very Low
62.5000_-92.5000,62.5,-92.5,0.6048,Very Low,1.896e-05,Very Low
62.5000_-92.0000,62.5,-92.0,1.8975,Very Low,1.896e-05,Very Low
62.5000_-84.0000,62.5,-84.0,7.9745,Moderate,1.896e-05,Very Low
62.5000_-83.5000,62.5,-83.5,5.3231,Moderate,1.896e-05,Very Low
62.5000_-83.0000,62.5,-83.0,3.9445,Low,1.896e-05,Very Low
62.5000_-82.5000,62.5,-82.5,4.8875,Moderate,1.896e-05,Very Low
62.5000_-79.5000,62.5,-79.5,0.7723,Very Low,1.896e-05,Very Low
62.5000_-78.0000,62.5,-78.0,0.4756,Very Low,1.896e-05,Very Low
62.5000_-77.5000,62.5,-77.5,0.1126,Very Low,0.0,Very Low
62.5000_-77.0000,62.5,-77.0,0.051,Very Low,0.0,Very Low
62.5000_-76.5000,62.5,-76.5,0.6502,Very Low,1.896e-05,Very Low
62.5000_-74.0000,62.5,-74.0,0.7295,Very Low,1.896e-05,Very Low
62.5000_-73.5000,62.5,-73.5,0.8492,Very Low,1.896e-05,Very Low
62.5000_-70.5000,62.5,-70.5,0.9642,Very Low,1.896e-05,Very Low
62.5000_-69.5000,62.5,-69.5,1.874,Very Low,1.896e-05,Very Low
62.5000_-69.0000,62.5,-69.0,1.8015,Very Low,1.896e-05,Very Low
62.5000_-68.5000,62.5,-68.5,2.2539,Low,1.896e-05,Very Low
62.5000_-68.0000,62.5,-68.0,3.2034,Low,1.896e-05,Very Low
62.5000_-67.5000,62.5,-67.5,0.7426,Very Low,1.896e-05,Very Low
62.5000_-67.0000,62.5,-67.0,0.4329,Very Low,0.0,Very Low
62.5000_-66.5000,62.5,-66.5,3.0577,Low,1.896e-05,Very Low
62.5000_-65.0000,62.5,-65.0,0.2253,Very Low,0.0,Very Low
62.5000_-64.5000,62.5,-64.5,0.0809,Very Low,0.0,Very Low
63.0000_-141.0000,63.0,-141.0,0.9739,Very Low,0.00083832,Moderate
63.0000_-140.5000,63.0,-140.5,2.5219,Low,0.0023586,Moderate
63.0000_-140.0000,63.0,-140.0,5.254,Moderate,0.01432781,High
63.0000_-139.5000,63.0,-139.5,5.2446,Moderate,0.01040092,Moderate
63.0000_-139.0000,63.0,-139.0,7.1201,Moderate,0.01432781,High
63.0000_-138.5000,63.0,-138.5,7.1892,Moderate,0.01377744,High
63.0000_-138.0000,63.0,-138.0,5.8735,Moderate,0.00305399,Moderate
63.0000_-137.5000,63.0,-137.5,5.9568,Moderate,0.00355104,Moderate
63.0000_-137.0000,63.0,-137.0,5.3119,Moderate,0.00586819,Moderate
63.0000_-136.5000,63.0,-136.5,6.817,Moderate,0.01040092,Moderate
63.0000_-136.0000,63.0,-136.0,3.7261,Low,0.00243473,Moderate
63.0000_-135.5000,63.0,-135.5,0.2483,Very Low,0.00068534,Low
63.0000_-135.0000,63.0,-135.0,2.3667,Low,0.00083832,Moderate
63.0000_-134.5000,63.0,-134.5,5.7675,Moderate,0.0023586,Moderate
63.0000_-134.0000,63.0,-134.0,4.9137,Moderate,0.00140231,Moderate
63.0000_-133.5000,63.0,-133.5,6.7056,Moderate,0.0023586,Moderate
63.0000_-133.0000,63.0,-133.0,3.5975,Low,0.00083832,Moderate
63.0000_-132.5000,63.0,-132.5,0.3868,Very Low,0.00068534,Low
63.0000_-132.0000,63.0,-132.0,0.2432,Very Low,0.00068534,Low
63.0000_-131.5000,63.0,-131.5,0.1222,Very Low,0.00068534,Low
63.0000_-131.0000,63.0,-131.0,0.3243,Very Low,0.00068534,Low
63.0000_-130.5000,63.0,-130.5,0.1217,Very Low,0.00068534,Low
63.0000_-130.0000,63.0,-130.0,0.0002,Very Low,1.896e-05,Very Low
63.0000_-129.5000,63.0,-129.5,0.0003,Very Low,1.896e-05,Very Low
63.0000_-129.0000,63.0,-129.0,0.5023,Very Low,1.896e-05,Very Low
63.0000_-128.5000,63.0,-128.5,0.2037,Very Low,1.896e-05,Very Low
63.0000_-128.0000,63.0,-128.0,0.0061,Very Low,1.896e-05,Very Low
63.0000_-127.5000,63.0,-127.5,0.6099,Very Low,1.896e-05,Very Low
63.0000_-127.0000,63.0,-127.0,2.5585,Low,0.00053927,Low
63.0000_-126.5000,63.0,-126.5,4.8891,Moderate,0.00068534,Low
63.0000_-126.0000,63.0,-126.0,0.9709,Very Low,1.896e-05,Very Low
63.0000_-125.5000,63.0,-125.5,1.6589,Very Low,0.00068534,Low
63.0000_-125.0000,63.0,-125.0,2.2108,Low,0.00068534,Low
63.0000_-124.5000,63.0,-124.5,1.776,Very Low,0.00053927,Low
63.0000_-124.0000,63.0,-124.0,6.4862,Moderate,0.00586819,Moderate
63.0000_-123.5000,63.0,-123.5,7.245,Moderate,0.00083832,Moderate
63.0000_-123.0000,63.0,-123.0,1.7106,Very Low,0.00083832,Moderate
63.0000_-122.5000,63.0,-122.5,10.1835,High,0.00140231,Moderate
63.0000_-122.0000,63.0,-122.0,12.5444,High,0.00243473,Moderate
63.0000_-121.5000,63.0,-121.5,10.6423,High,0.00243473,Moderate
63.0000_-121.0000,63.0,-121.0,8.2985,High,0.0023586,Moderate
63.0000_-120.5000,63.0,-120.5,8.7638,High,0.00083832,Moderate
63.0000_-120.0000,63.0,-120.0,10.0069,High,0.0023586,Moderate
63.0000_-119.5000,63.0,-119.5,11.7682,High,0.0023586,Moderate
63.0000_-119.0000,63.0,-119.0,12.2117,High,0.00105241,Moderate
63.0000_-118.5000,63.0,-118.5,12.5431,High,0.00083832,Moderate
63.0000_-118.0000,63.0,-118.0,11.5871,High,0.0023586,Moderate
63.0000_-117.5000,63.0,-117.5,13.0302,High,0.0054932,Moderate
63.0000_-117.0000,63.0,-117.0,12.3498,High,0.00632347,Moderate
63.0000_-116.5000,63.0,-116.5,7.8811,Moderate,0.00333659,Moderate
63.0000_-116.0000,63.0,-116.0,8.2704,High,0.00355104,Moderate
63.0000_-115.5000,63.0,-115.5,5.624,Moderate,0.0054932,Moderate
63.0000_-115.0000,63.0,-115.0,13.4832,High,0.01279528,High
63.0000_-114.5000,63.0,-114.5,14.4807,High,0.00973957,Moderate
63.0000_-114.0000,63.0,-114.0,6.7244,Moderate,0.00333659,Moderate
63.0000_-113.5000,63.0,-113.5,8.2366,High,0.0023586,Moderate
63.0000_-113.0000,63.0,-113.0,15.4775,High,0.00355104,Moderate
63.0000_-112.5000,63.0,-112.5,9.1835,High,0.00243473,Moderate
63.0000_-112.0000,63.0,-112.0,9.7973,High,0.00243473,Moderate
63.0000_-111.5000,63.0,-111.5,9.6346,High,0.00139077,Moderate
63.0000_-111.0000,63.0,-111.0,5.8103,Moderate,0.00068534,Low
63.0000_-110.5000,63.0,-110.5,2.5291,Low,0.00068534,Low
63.0000_-110.0000,63.0,-110.0,3.627,Low,0.00083832,Moderate
63.0000_-109.5000,63.0,-109.5,6.46,Moderate,0.00083832,Moderate
63.0000_-109.0000,63.0,-109.0,7.4969,Moderate,0.00105241,Moderate
63.0000_-108.5000,63.0,-108.5,13.7254,High,0.00139077,Moderate
63.0000_-108.0000,63.0,-108.0,14.7265,High,0.00083832,Moderate
63.0000_-107.5000,63.0,-107.5,9.8309,High,0.00083832,Moderate
63.0000_-107.0000,63.0,-107.0,11.5022,High,0.00015106,Low
63.0000_-106.5000,63.0,-106.5,7.7762,Moderate,0.00083832,Moderate
63.0000_-106.0000,63.0,-106.0,10.4065,High,0.00068534,Low
63.0000_-105.5000,63.0,-105.5,2.113,Low,0.00068534,Low
63.0000_-105.0000,63.0,-105.0,1.2892,Very Low,0.00053927,Low
63.0000_-104.5000,63.0,-104.5,0.9861,Very Low,0.00068534,Low
63.0000_-104.0000,63.0,-104.0,2.0965,Low,0.00053927,Low
63.0000_-103.5000,63.0,-103.5,3.0508,Low,0.00068534,Low
63.0000_-103.0000,63.0,-103.0,0.6786,Very Low,0.00068534,Low
63.0000_-102.5000,63.0,-102.5,0.7129,Very Low,0.00053927,Low
63.0000_-102.0000,63.0,-102.0,0.3828,Very Low,0.00053927,Low
63.0000_-101.5000,63.0,-101.5,0.4836,Very Low,0.0,Very Low
63.0000_-101.0000,63.0,-101.0,0.5578,Very Low,1.896e-05,Very Low
63.0000_-100.5000,63.0,-100.5,4.4437,Moderate,1.896e-05,Very Low
63.0000_-100.0000,63.0,-100.0,5.2825,Moderate,1.896e-05,Very Low
63.0000_-99.5000,63.0,-99.5,3.2655,Low,1.896e-05,Very Low
63.0000_-99.0000,63.0,-99.0,1.496,Very Low,0.0,Very Low
63.0000_-98.5000,63.0,-98.5,2.3394,Low,1.896e-05,Very Low
63.0000_-98.0000,63.0,-98.0,2.0145,Low,1.896e-05,Very Low
63.0000_-97.5000,63.0,-97.5,1.5428,Very Low,1.896e-05,Very Low
63.0000_-97.0000,63.0,-97.0,0.5785,Very Low,1.896e-05,Very Low
63.0000_-96.5000,63.0,-96.5,0.2188,Very Low,1.896e-05,Very Low
63.0000_-96.0000,63.0,-96.0,0.0038,Very Low,1.896e-05,Very Low
63.0000_-95.5000,63.0,-95.5,0.217,Very Low,1.896e-05,Very Low
63.0000_-95.0000,63.0,-95.0,0.2538,Very Low,1.896e-05,Very Low
63.0000_-94.5000,63.0,-94.5,0.0347,Very Low,1.896e-05,Very Low
63.0000_-94.0000,63.0,-94.0,0.1204,Very Low,1.896e-05,Very Low
63.0000_-93.5000,63.0,-93.5,0.122,Very Low,1.896e-05,Very Low
63.0000_-93.0000,63.0,-93.0,0.1196,Very Low,1.896e-05,Very Low
63.0000_-92.5000,63.0,-92.5,0.34,Very Low,1.896e-05,Very Low
63.0000_-92.0000,63.0,-92.0,0.7033,Very Low,1.896e-05,Very Low
63.0000_-91.5000,63.0,-91.5,0.5444,Very Low,1.896e-05,Very Low
63.0000_-91.0000,63.0,-91.0,0.7422,Very Low,1.896e-05,Very Low
63.0000_-90.5000,63.0,-90.5,2.6557,Low,1.896e-05,Very Low
63.0000_-82.5000,63.0,-82.5,3.3625,Low,1.896e-05,Very Low
63.0000_-82.0000,63.0,-82.0,2.4048,Low,1.896e-05,Very Low
63.0000_-78.0000,63.0,-78.0,0.2368,Very Low,0.0,Very Low
63.0000_-71.5000,63.0,-71.5,1.3929,Very Low,0.0,Very Low
63.0000_-71.0000,63.0,-71.0,1.4303,Very Low,0.0,Very Low
63.0000_-70.5000,63.0,-70.5,2.8143,Low,1.896e-05,Very Low
63.0000_-70.0000,63.0,-70.0,2.045,Low,0.0,Very Low
63.0000_-69.5000,63.0,-69.5,0.8601,Very Low,1.896e-05,Very Low
63.0000_-69.0000,63.0,-69.0,0.4288,Very Low,0.0,Very Low
63.0000_-68.5000,63.0,-68.5,0.4476,Very Low,0.0,Very Low
63.0000_-68.0000,63.0,-68.0,0.8139,Very Low,0.0,Very Low
63.0000_-67.5000,63.0,-67.5,2.7062,Low,1.896e-05,Very Low
63.0000_-67.0000,63.0,-67.0,2.9555,Low,0.0,Very Low
63.0000_-66.5000,63.0,-66.5,3.6996,Low,1.896e-05,Very Low
63.0000_-66.0000,63.0,-66.0,2.4144,Low,0.0,Very Low
63.0000_-65.5000,63.0,-65.5,0.1448,Very Low,0.0,Very Low
63.0000_-65.0000,63.0,-65.0,0.5936,Very Low,1.896e-05,Very Low
63.5000_-141.0000,63.5,-141.0,0.5919,Very Low,0.00083832,Moderate
63.5000_-140.5000,63.5,-140.5,1.8755,Very Low,0.0054932,Moderate
63.5000_-140.0000,63.5,-140.0,2.2149,Low,0.01377744,High
63.5000_-139.5000,63.5,-139.5,3.125,Low,0.01432781,High
63.5000_-139.0000,63.5,-139.0,0.919,Very Low,0.00333659,Moderate
63.5000_-138.5000,63.5,-138.5,0.7235,Very Low,0.00697906,Moderate
63.5000_-138.0000,63.5,-138.0,3.4771,Low,0.00355104,Moderate
63.5000_-137.5000,63.5,-137.5,3.6275,Low,0.00139077,Moderate
63.5000_-137.0000,63.5,-137.0,6.0879,Moderate,0.00734049,Moderate
63.5000_-136.5000,63.5,-136.5,0.6748,Very Low,0.00586819,Moderate
63.5000_-136.0000,63.5,-136.0,4.3645,Moderate,0.02281652,High
63.5000_-135.5000,63.5,-135.5,0.9996,Very Low,0.00333659,Moderate
63.5000_-135.0000,63.5,-135.0,7.1243,Moderate,0.01056092,High
63.5000_-134.5000,63.5,-134.5,3.3296,Low,0.00083832,Moderate
63.5000_-134.0000,63.5,-134.0,4.4508,Moderate,0.00105241,Moderate
63.5000_-133.5000,63.5,-133.5,5.3043,Moderate,0.0023586,Moderate
63.5000_-133.0000,63.5,-133.0,2.5614,Low,0.00105241,Moderate
63.5000_-132.5000,63.5,-132.5,0.3376,Very Low,0.00068534,Low
63.5000_-132.0000,63.5,-132.0,0.5589,Very Low,0.00083832,Moderate
63.5000_-131.5000,63.5,-131.5,0.0092,Very Low,0.00068534,Low
63.5000_-131.0000,63.5,-131.0,0.0001,Very Low,0.00068534,Low
63.5000_-130.5000,63.5,-130.5,0.0012,Very Low,0.00053927,Low
63.5000_-130.0000,63.5,-130.0,0.0439,Very Low,0.0,Very Low
63.5000_-129.5000,63.5,-129.5,0.0025,Very Low,1.896e-05,Very Low
63.5000_-129.0000,63.5,-129.0,0.0251,Very Low,0.0,Very Low
63.5000_-128.5000,63.5,-128.5,1.4163,Very Low,1.896e-05,Very Low
63.5000_-128.0000,63.5,-128.0,1.3216,Very Low,1.896e-05,Very Low
63.5000_-127.5000,63.5,-127.5,0.4329,Very Low,0.0,Very Low
63.5000_-127.0000,63.5,-127.0,3.4753,Low,0.00068534,Low
63.5000_-126.5000,63.5,-126.5,2.5204,Low,0.00068534,Low
63.5000_-126.0000,63.5,-126.0,2.5435,Low,0.00068534,Low
63.5000_-125.5000,63.5,-125.5,5.6934,Moderate,0.00105241,Moderate
63.5000_-125.0000,63.5,-125.0,7.547,Moderate,0.00083832,Moderate
63.5000_-124.5000,63.5,-124.5,9.7503,High,0.00068534,Low
63.5000_-124.0000,63.5,-124.0,3.3953,Low,0.00068534,Low
63.5000_-123.5000,63.5,-123.5,2.7281,Low,0.00140231,Moderate
63.5000_-123.0000,63.5,-123.0,10.9881,High,0.0054932,Moderate
63.5000_-122.5000,63.5,-122.5,12.4174,High,0.00139077,Moderate
63.5000_-122.0000,63.5,-122.0,6.1631,Moderate,0.00083832,Moderate
63.5000_-121.5000,63.5,-121.5,6.3636,Moderate,0.00140231,Moderate
63.5000_-121.0000,63.5,-121.0,6.7473,Moderate,0.00083832,Moderate
63.5000_-120.5000,63.5,-120.5,8.0607,High,0.00140231,Moderate
63.5000_-120.0000,63.5,-120.0,10.2712,High,0.00140231,Moderate
63.5000_-119.5000,63.5,-119.5,9.9531,High,0.00140231,Moderate
63.5000_-119.0000,63.5,-119.0,8.534,High,0.0023586,Moderate
63.5000_-118.5000,63.5,-118.5,11.5702,High,0.00083832,Moderate
63.5000_-118.0000,63.5,-118.0,6.4786,Moderate,0.0023586,Moderate
63.5000_-117.5000,63.5,-117.5,8.8947,High,0.00333659,Moderate
63.5000_-117.0000,63.5,-117.0,13.033,High,0.0054932,Moderate
63.5000_-116.5000,63.5,-116.5,13.8877,High,0.00611154,Moderate
63.5000_-116.0000,63.5,-116.0,14.7614,High,0.00973957,Moderate
63.5000_-115.5000,63.5,-115.5,13.7495,High,0.0054932,Moderate
63.5000_-115.0000,63.5,-115.0,13.7676,High,0.00305399,Moderate
63.5000_-114.5000,63.5,-114.5,10.8312,High,0.00141978,Moderate
63.5000_-114.0000,63.5,-114.0,12.3227,High,0.00333659,Moderate
63.5000_-113.5000,63.5,-113.5,10.2534,High,0.0023586,Moderate
63.5000_-113.0000,63.5,-113.0,10.3592,High,0.00083832,Moderate
63.5000_-112.5000,63.5,-112.5,5.2195,Moderate,0.00140231,Moderate
63.5000_-112.0000,63.5,-112.0,7.2642,Moderate,0.00105241,Moderate
63.5000_-111.5000,63.5,-111.5,7.3211,Moderate,0.00105241,Moderate
63.5000_-111.0000,63.5,-111.0,5.9333,Moderate,0.00083832,Moderate
63.5000_-110.5000,63.5,-110.5,5.3726,Moderate,0.00068534,Low
63.5000_-110.0000,63.5,-110.0,7.8018,Moderate,0.00083832,Moderate
63.5000_-109.5000,63.5,-109.5,8.0976,High,7.416e-05,Low
63.5000_-109.0000,63.5,-109.0,13.5588,High,0.00053927,Low
63.5000_-108.5000,63.5,-108.5,10.2683,High,7.416e-05,Low
63.5000_-108.0000,63.5,-108.0,13.8311,High,0.00015106,Low
63.5000_-107.5000,63.5,-107.5,16.9398,High,0.00053927,Low
63.5000_-107.0000,63.5,-107.0,16.1839,High,0.00053927,Low
63.5000_-106.5000,63.5,-106.5,18.7797,Very High,0.00139077,Moderate
63.5000_-106.0000,63.5,-106.0,17.4353,High,0.00068534,Low
63.5000_-105.5000,63.5,-105.5,13.4278,High,0.00053927,Low
63.5000_-105.0000,63.5,-105.0,8.2499,High,7.416e-05,Low
63.5000_-104.5000,63.5,-104.5,12.2797,High,0.00083832,Moderate
63.5000_-104.0000,63.5,-104.0,8.254,High,0.00139077,Moderate
63.5000_-103.5000,63.5,-103.5,6.0444,Moderate,0.00083832,Moderate
63.5000_-103.0000,63.5,-103.0,4.5286,Moderate,7.416e-05,Low
63.5000_-102.5000,63.5,-102.5,2.7012,Low,0.00083832,Moderate
63.5000_-102.0000,63.5,-102.0,2.5754,Low,1.896e-05,Very Low
63.5000_-101.5000,63.5,-101.5,0.4878,Very Low,1.896e-05,Very Low
63.5000_-101.0000,63.5,-101.0,0.3368,Very Low,1.896e-05,Very Low
63.5000_-100.5000,63.5,-100.5,2.3566,Low,1.896e-05,Very Low
63.5000_-100.0000,63.5,-100.0,3.1784,Low,1.896e-05,Very Low
63.5000_-99.5000,63.5,-99.5,3.5683,Low,1.896e-05,Very Low
63.5000_-99.0000,63.5,-99.0,3.9248,Low,1.896e-05,Very Low
63.5000_-98.5000,63.5,-98.5,1.0976,Very Low,0.0,Very Low
63.5000_-98.0000,63.5,-98.0,2.3475,Low,1.896e-05,Very Low
63.5000_-97.5000,63.5,-97.5,0.8994,Very Low,1.896e-05,Very Low
63.5000_-97.0000,63.5,-97.0,1.6358,Very Low,1.896e-05,Very Low
63.5000_-96.5000,63.5,-96.5,0.5562,Very Low,0.0,Very Low
63.5000_-96.0000,63.5,-96.0,0.4425,Very Low,1.896e-05,Very Low
63.5000_-95.5000,63.5,-95.5,0.0143,Very Low,1.896e-05,Very Low
63.5000_-95.0000,63.5,-95.0,0.0153,Very Low,1.896e-05,Very Low
63.5000_-94.5000,63.5,-94.5,0.0349,Very Low,1.896e-05,Very Low
63.5000_-94.0000,63.5,-94.0,0.0161,Very Low,1.896e-05,Very Low
63.5000_-93.5000,63.5,-93.5,0.3456,Very Low,7.416e-05,Low
63.5000_-93.0000,63.5,-93.0,0.2663,Very Low,1.896e-05,Very Low
63.5000_-92.5000,63.5,-92.5,0.292,Very Low,1.896e-05,Very Low
63.5000_-92.0000,63.5,-92.0,0.14,Very Low,7.416e-05,Low
63.5000_-91.5000,63.5,-91.5,1.319,Very Low,1.896e-05,Very Low
63.5000_-91.0000,63.5,-91.0,0.9977,Very Low,1.896e-05,Very Low
63.5000_-90.5000,63.5,-90.5,2.9043,Low,7.416e-05,Low
63.5000_-87.0000,63.5,-87.0,7.4986,Moderate,1.896e-05,Very Low
63.5000_-85.5000,63.5,-85.5,5.6411,Moderate,1.896e-05,Very Low
63.5000_-85.0000,63.5,-85.0,6.4956,Moderate,1.896e-05,Very Low
63.5000_-84.5000,63.5,-84.5,5.5968,Moderate,1.896e-05,Very Low
63.5000_-81.5000,63.5,-81.5,4.1232,Moderate,1.896e-05,Very Low
63.5000_-81.0000,63.5,-81.0,5.238,Moderate,1.896e-05,Very Low
63.5000_-78.5000,63.5,-78.5,0.7232,Very Low,1.896e-05,Very Low
63.5000_-78.0000,63.5,-78.0,0.1615,Very Low,0.0,Very Low
63.5000_-77.0000,63.5,-77.0,1.6174,Very Low,1.896e-05,Very Low
63.5000_-76.5000,63.5,-76.5,0.9516,Very Low,1.896e-05,Very Low
63.5000_-72.0000,63.5,-72.0,0.5989,Very Low,0.0,Very Low
63.5000_-71.5000,63.5,-71.5,0.5381,Very Low,0.0,Very Low
63.5000_-71.0000,63.5,-71.0,0.6672,Very Low,1.896e-05,Very Low
63.5000_-70.5000,63.5,-70.5,0.5647,Very Low,1.896e-05,Very Low
63.5000_-70.0000,63.5,-70.0,0.6134,Very Low,1.896e-05,Very Low
63.5000_-69.5000,63.5,-69.5,0.5501,Very Low,0.0,Very Low
63.5000_-69.0000,63.5,-69.0,0.5977,Very Low,0.0,Very Low
63.5000_-68.5000,63.5,-68.5,0.9949,Very Low,0.0,Very Low
63.5000_-68.0000,63.5,-68.0,5.1686,Moderate,1.896e-05,Very Low
63.5000_-67.5000,63.5,-67.5,3.4966,Low,0.0,Very Low
63.5000_-67.0000,63.5,-67.0,2.2121,Low,1.896e-05,Very Low
63.5000_-66.5000,63.5,-66.5,3.332,Low,0.0,Very Low
63.5000_-66.0000,63.5,-66.0,2.733,Low,0.0,Very Low
63.5000_-65.5000,63.5,-65.5,1.3188,Very Low,1.896e-05,Very Low
63.5000_-65.0000,63.5,-65.0,0.9561,Very Low,1.896e-05,Very Low
63.5000_-64.5000,63.5,-64.5,0.5147,Very Low,1.896e-05,Very Low
63.5000_-64.0000,63.5,-64.0,0.3283,Very Low,0.0,Very Low
64.0000_-141.0000,64.0,-141.0,0.3486,Very Low,0.00053927,Low
64.0000_-140.5000,64.0,-140.5,0.5555,Very Low,0.0023586,Moderate
64.0000_-140.0000,64.0,-140.0,0.1955,Very Low,0.00355104,Moderate
64.0000_-139.5000,64.0,-139.5,0.0123,Very Low,0.00305399,Moderate
64.0000_-139.0000,64.0,-139.0,0.1653,Very Low,0.00632347,Moderate
64.0000_-138.5000,64.0,-138.5,0.4722,Very Low,0.00355104,Moderate
64.0000_-138.0000,64.0,-138.0,0.3182,Very Low,0.00105241,Moderate
64.0000_-137.5000,64.0,-137.5,0.478,Very Low,0.00105241,Moderate
64.0000_-137.0000,64.0,-137.0,0.2019,Very Low,0.00105241,Moderate
64.0000_-136.5000,64.0,-136.5,0.0403,Very Low,0.00083832,Moderate
64.0000_-136.0000,64.0,-136.0,0.3997,Very Low,0.00243473,Moderate
64.0000_-135.5000,64.0,-135.5,0.3474,Very Low,0.00243473,Moderate
64.0000_-135.0000,64.0,-135.0,0.1529,Very Low,0.0023586,Moderate
64.0000_-134.5000,64.0,-134.5,0.0416,Very Low,0.00083832,Moderate
64.0000_-134.0000,64.0,-134.0,1.4339,Very Low,0.0023586,Moderate
64.0000_-133.5000,64.0,-133.5,0.1617,Very Low,0.00068534,Low
64.0000_-133.0000,64.0,-133.0,0.2467,Very Low,0.00083832,Moderate
64.0000_-132.5000,64.0,-132.5,0.0026,Very Low,0.00068534,Low
64.0000_-132.0000,64.0,-132.0,0.0198,Very Low,1.896e-05,Very Low
64.0000_-131.5000,64.0,-131.5,0.0034,Very Low,1.896e-05,Very Low
64.0000_-131.0000,64.0,-131.0,0.0008,Very Low,1.896e-05,Very Low
64.0000_-130.5000,64.0,-130.5,0.0491,Very Low,0.0,Very Low
64.0000_-130.0000,64.0,-130.0,0.2408,Very Low,0.00053927,Low
64.0000_-129.5000,64.0,-129.5,0.8013,Very Low,0.00068534,Low
64.0000_-129.0000,64.0,-129.0,0.056,Very Low,0.0,Very Low
64.0000_-128.5000,64.0,-128.5,1.9822,Very Low,1.896e-05,Very Low
64.0000_-128.0000,64.0,-128.0,0.433,Very Low,0.00053927,Low
64.0000_-127.5000,64.0,-127.5,0.3325,Very Low,0.00068534,Low
64.0000_-127.0000,64.0,-127.0,0.9696,Very Low,1.896e-05,Very Low
64.0000_-126.5000,64.0,-126.5,1.7598,Very Low,7.416e-05,Low
64.0000_-126.0000,64.0,-126.0,0.6505,Very Low,0.00068534,Low
64.0000_-125.5000,64.0,-125.5,2.6952,Low,0.00068534,Low
64.0000_-125.0000,64.0,-125.0,1.8854,Very Low,0.00083832,Moderate
64.0000_-124.5000,64.0,-124.5,1.3848,Very Low,0.00068534,Low
64.0000_-124.0000,64.0,-124.0,0.4573,Very Low,0.00068534,Low
64.0000_-123.5000,64.0,-123.5,0.7722,Very Low,0.00068534,Low
64.0000_-123.0000,64.0,-123.0,4.7102,Moderate,0.00053927,Low
64.0000_-122.5000,64.0,-122.5,9.4502,High,0.00083832,Moderate
64.0000_-122.0000,64.0,-122.0,9.0802,High,0.00083832,Moderate
64.0000_-121.5000,64.0,-121.5,3.1944,Low,0.00068534,Low
64.0000_-121.0000,64.0,-121.0,9.9102,High,0.00105241,Moderate
64.0000_-120.5000,64.0,-120.5,10.7886,High,0.00139077,Moderate
64.0000_-120.0000,64.0,-120.0,5.9065,Moderate,0.00305399,Moderate
64.0000_-119.5000,64.0,-119.5,8.8822,High,0.00083832,Moderate
64.0000_-119.0000,64.0,-119.0,4.2811,Moderate,0.00083832,Moderate
64.0000_-118.5000,64.0,-118.5,8.1728,High,0.00243473,Moderate
64.0000_-118.0000,64.0,-118.0,7.1252,Moderate,0.00139077,Moderate
64.0000_-117.5000,64.0,-117.5,5.2768,Moderate,0.00243473,Moderate
64.0000_-117.0000,64.0,-117.0,12.8512,High,0.00243473,Moderate
64.0000_-116.5000,64.0,-116.5,8.9641,High,0.0023586,Moderate
64.0000_-116.0000,64.0,-116.0,8.7862,High,0.00140231,Moderate
64.0000_-115.5000,64.0,-115.5,11.8462,High,0.00243473,Moderate
64.0000_-115.0000,64.0,-115.0,12.9439,High,0.0054932,Moderate
64.0000_-114.5000,64.0,-114.5,6.1123,Moderate,0.00243473,Moderate
64.0000_-114.0000,64.0,-114.0,6.8211,Moderate,0.00333659,Moderate
64.0000_-113.5000,64.0,-113.5,10.9508,High,0.00355104,Moderate
64.0000_-113.0000,64.0,-113.0,7.3641,Moderate,0.0023586,Moderate
64.0000_-112.5000,64.0,-112.5,3.7934,Low,0.00068534,Low
64.0000_-112.0000,64.0,-112.0,3.1763,Low,0.00068534,Low
64.0000_-111.5000,64.0,-111.5,4.0607,Moderate,0.00018179,Low
64.0000_-111.0000,64.0,-111.0,3.9162,Low,0.00053927,Low
64.0000_-110.5000,64.0,-110.5,5.4146,Moderate,1.896e-05,Very Low
64.0000_-110.0000,64.0,-110.0,8.5227,High,1.896e-05,Very Low
64.0000_-109.5000,64.0,-109.5,12.7064,High,0.00018179,Low
64.0000_-109.0000,64.0,-109.0,13.8632,High,7.416e-05,Low
64.0000_-108.5000,64.0,-108.5,13.728,High,7.416e-05,Low
64.0000_-108.0000,64.0,-108.0,17.6957,High,0.00015106,Low
64.0000_-107.5000,64.0,-107.5,12.8121,High,0.0023586,Moderate
64.0000_-107.0000,64.0,-107.0,13.9437,High,0.00083832,Moderate
64.0000_-106.5000,64.0,-106.5,15.5065,High,0.00083832,Moderate
64.0000_-106.0000,64.0,-106.0,14.0015,High,0.00068534,Low
64.0000_-105.5000,64.0,-105.5,18.9815,Very High,0.00053927,Low
64.0000_-105.0000,64.0,-105.0,12.4695,High,0.00018179,Low
64.0000_-104.5000,64.0,-104.5,11.2893,High,0.00018179,Low
64.0000_-104.0000,64.0,-104.0,13.1633,High,0.00018179,Low
64.0000_-103.5000,64.0,-103.5,9.4805,High,0.0023586,Moderate
64.0000_-103.0000,64.0,-103.0,11.0995,High,0.00053927,Low
64.0000_-102.5000,64.0,-102.5,8.3908,High,0.00053927,Low
64.0000_-102.0000,64.0,-102.0,2.5399,Low,1.896e-05,Very Low
64.0000_-101.5000,64.0,-101.5,0.9175,Very Low,1.896e-05,Very Low
64.0000_-101.0000,64.0,-101.0,0.5039,Very Low,1.896e-05,Very Low
64.0000_-100.5000,64.0,-100.5,0.2699,Very Low,0.0,Very Low
64.0000_-100.0000,64.0,-100.0,0.8263,Very Low,1.896e-05,Very Low
64.0000_-99.5000,64.0,-99.5,0.7746,Very Low,0.0,Very Low
64.0000_-99.0000,64.0,-99.0,1.8912,Very Low,1.896e-05,Very Low
64.0000_-98.5000,64.0,-98.5,0.826,Very Low,1.896e-05,Very Low
64.0000_-98.0000,64.0,-98.0,0.7588,Very Low,1.896e-05,Very Low
64.0000_-97.5000,64.0,-97.5,0.7435,Very Low,1.896e-05,Very Low
64.0000_-97.0000,64.0,-97.0,0.9437,Very Low,1.896e-05,Very Low
64.0000_-96.5000,64.0,-96.5,0.8652,Very Low,1.896e-05,Very Low
64.0000_-96.0000,64.0,-96.0,0.3427,Very Low,1.896e-05,Very Low
64.0000_-95.5000,64.0,-95.5,0.3951,Very Low,1.896e-05,Very Low
64.0000_-95.0000,64.0,-95.0,0.0671,Very Low,1.896e-05,Very Low
64.0000_-94.5000,64.0,-94.5,0.0065,Very Low,1.896e-05,Very Low
64.0000_-94.0000,64.0,-94.0,0.0075,Very Low,1.896e-05,Very Low
64.0000_-93.5000,64.0,-93.5,0.0039,Very Low,1.896e-05,Very Low
64.0000_-93.0000,64.0,-93.0,0.0049,Very Low,1.896e-05,Very Low
64.0000_-92.5000,64.0,-92.5,0.0796,Very Low,1.896e-05,Very Low
64.0000_-92.0000,64.0,-92.0,0.2113,Very Low,1.896e-05,Very Low
64.0000_-91.5000,64.0,-91.5,0.0896,Very Low,1.896e-05,Very Low
64.0000_-91.0000,64.0,-91.0,0.0117,Very Low,1.896e-05,Very Low
64.0000_-90.5000,64.0,-90.5,0.2365,Very Low,1.896e-05,Very Low
64.0000_-90.0000,64.0,-90.0,0.0194,Very Low,1.896e-05,Very Low
64.0000_-89.5000,64.0,-89.5,0.0075,Very Low,1.896e-05,Very Low
64.0000_-89.0000,64.0,-89.0,0.0164,Very Low,1.896e-05,Very Low
64.0000_-88.5000,64.0,-88.5,0.0225,Very Low,1.896e-05,Very Low
64.0000_-87.0000,64.0,-87.0,5.7973,Moderate,1.896e-05,Very Low
64.0000_-86.5000,64.0,-86.5,6.9279,Moderate,1.896e-05,Very Low
64.0000_-86.0000,64.0,-86.0,7.866,Moderate,1.896e-05,Very Low
64.0000_-85.5000,64.0,-85.5,6.4057,Moderate,1.896e-05,Very Low
64.0000_-85.0000,64.0,-85.0,5.9014,Moderate,1.896e-05,Very Low
64.0000_-84.5000,64.0,-84.5,6.0689,Moderate,1.896e-05,Very Low
64.0000_-84.0000,64.0,-84.0,6.9088,Moderate,1.896e-05,Very Low
64.0000_-83.5000,64.0,-83.5,8.0137,High,1.896e-05,Very Low
64.0000_-83.0000,64.0,-83.0,4.6751,Moderate,1.896e-05,Very Low
64.0000_-82.5000,64.0,-82.5,5.5961,Moderate,1.896e-05,Very Low
64.0000_-82.0000,64.0,-82.0,5.8754,Moderate,1.896e-05,Very Low
64.0000_-81.5000,64.0,-81.5,5.7956,Moderate,1.896e-05,Very Low
64.0000_-81.0000,64.0,-81.0,4.2301,Moderate,1.896e-05,Very Low
64.0000_-80.5000,64.0,-80.5,3.5892,Low,1.896e-05,Very Low
64.0000_-78.0000,64.0,-78.0,0.5958,Very Low,1.896e-05,Very Low
64.0000_-77.5000,64.0,-77.5,0.7416,Very Low,1.896e-05,Very Low
64.0000_-73.0000,64.0,-73.0,0.5649,Very Low,1.896e-05,Very Low
64.0000_-72.5000,64.0,-72.5,0.6595,Very Low,1.896e-05,Very Low
64.0000_-72.0000,64.0,-72.0,0.602,Very Low,1.896e-05,Very Low
64.0000_-71.5000,64.0,-71.5,0.324,Very Low,1.896e-05,Very Low
64.0000_-71.0000,64.0,-71.0,0.3724,Very Low,1.896e-05,Very Low
64.0000_-70.5000,64.0,-70.5,0.1403,Very Low,1.896e-05,Very Low
64.0000_-70.0000,64.0,-70.0,0.4453,Very Low,1.896e-05,Very Low
64.0000_-69.5000,64.0,-69.5,0.6951,Very Low,1.896e-05,Very Low
64.0000_-69.0000,64.0,-69.0,4.4737,Moderate,1.896e-05,Very Low
64.0000_-68.5000,64.0,-68.5,1.0408,Very Low,1.896e-05,Very Low
64.0000_-68.0000,64.0,-68.0,0.7552,Very Low,1.896e-05,Very Low
64.0000_-67.5000,64.0,-67.5,0.8571,Very Low,1.896e-05,Very Low
64.0000_-67.0000,64.0,-67.0,0.8183,Very Low,1.896e-05,Very Low
64.0000_-66.5000,64.0,-66.5,2.7268,Low,1.896e-05,Very Low
64.0000_-66.0000,64.0,-66.0,3.0345,Low,1.896e-05,Very Low
64.0000_-65.5000,64.0,-65.5,0.2422,Very Low,0.0,Very Low
64.0000_-65.0000,64.0,-65.0,0.4835,Very Low,0.0,Very Low
64.0000_-64.5000,64.0,-64.5,0.2566,Very Low,0.0,Very Low
64.5000_-141.0000,64.5,-141.0,0.0001,Very Low,0.00083832,Moderate
64.5000_-140.5000,64.5,-140.5,0.0114,Very Low,0.00068534,Low
64.5000_-140.0000,64.5,-140.0,0.0,Very Low,0.00083832,Moderate
64.5000_-139.5000,64.5,-139.5,0.0003,Very Low,0.00068534,Low
64.5000_-139.0000,64.5,-139.0,0.0,Very Low,0.00068534,Low
64.5000_-138.5000,64.5,-138.5,0.0,Very Low,0.00053927,Low
64.5000_-138.0000,64.5,-138.0,0.0,Very Low,0.00053927,Low
64.5000_-137.5000,64.5,-137.5,0.0004,Very Low,7.416e-05,Low
64.5000_-137.0000,64.5,-137.0,0.0858,Very Low,0.00068534,Low
64.5000_-136.5000,64.5,-136.5,0.0032,Very Low,1.896e-05,Very Low
64.5000_-136.0000,64.5,-136.0,0.0647,Very Low,0.0,Very Low
64.5000_-135.5000,64.5,-135.5,0.0045,Very Low,1.896e-05,Very Low
64.5000_-135.0000,64.5,-135.0,0.0,Very Low,0.00068534,Low
64.5000_-134.5000,64.5,-134.5,0.005,Very Low,7.416e-05,Low
64.5000_-134.0000,64.5,-134.0,0.0003,Very Low,0.00068534,Low
64.5000_-133.5000,64.5,-133.5,0.0486,Very Low,0.00068534,Low
64.5000_-133.0000,64.5,-133.0,0.0,Very Low,0.00053927,Low
64.5000_-132.5000,64.5,-132.5,0.0,Very Low,1.896e-05,Very Low
64.5000_-132.0000,64.5,-132.0,0.0014,Very Low,1.896e-05,Very Low
64.5000_-131.5000,64.5,-131.5,0.0305,Very Low,0.0,Very Low
64.5000_-131.0000,64.5,-131.0,0.2778,Very Low,1.896e-05,Very Low
64.5000_-130.5000,64.5,-130.5,0.0002,Very Low,1.896e-05,Very Low
64.5000_-130.0000,64.5,-130.0,0.4116,Very Low,1.896e-05,Very Low
64.5000_-129.5000,64.5,-129.5,0.0005,Very Low,1.896e-05,Very Low
64.5000_-129.0000,64.5,-129.0,0.1846,Very Low,1.896e-05,Very Low
64.5000_-128.5000,64.5,-128.5,0.0974,Very Low,0.00018179,Low
64.5000_-128.0000,64.5,-128.0,0.6932,Very Low,7.416e-05,Low
64.5000_-127.5000,64.5,-127.5,0.8399,Very Low,1.896e-05,Very Low
64.5000_-127.0000,64.5,-127.0,0.7127,Very Low,1.896e-05,Very Low
64.5000_-126.5000,64.5,-126.5,1.9101,Very Low,0.00068534,Low
64.5000_-126.0000,64.5,-126.0,0.8445,Very Low,0.00068534,Low
64.5000_-125.5000,64.5,-125.5,1.3736,Very Low,0.00068534,Low
64.5000_-125.0000,64.5,-125.0,0.5253,Very Low,0.00068534,Low
64.5000_-124.5000,64.5,-124.5,1.2426,Very Low,0.00083832,Moderate
64.5000_-124.0000,64.5,-124.0,9.5262,High,0.00068534,Low
64.5000_-123.5000,64.5,-123.5,14.2133,High,0.00139077,Moderate
64.5000_-123.0000,64.5,-123.0,9.475,High,0.00083832,Moderate
64.5000_-122.5000,64.5,-122.5,8.4494,High,0.00083832,Moderate
64.5000_-122.0000,64.5,-122.0,10.034,High,0.00140231,Moderate
64.5000_-121.5000,64.5,-121.5,8.1777,High,0.00139077,Moderate
64.5000_-121.0000,64.5,-121.0,8.4284,High,0.00140231,Moderate
64.5000_-120.5000,64.5,-120.5,7.9698,Moderate,0.00083832,Moderate
64.5000_-120.0000,64.5,-120.0,9.5583,High,0.00083832,Moderate
64.5000_-119.5000,64.5,-119.5,5.5557,Moderate,0.00083832,Moderate
64.5000_-119.0000,64.5,-119.0,3.5421,Low,0.00105241,Moderate
64.5000_-118.5000,64.5,-118.5,9.4769,High,0.00140231,Moderate
64.5000_-118.0000,64.5,-118.0,14.3138,High,0.0023586,Moderate
64.5000_-117.5000,64.5,-117.5,12.547,High,0.00586819,Moderate
64.5000_-117.0000,64.5,-117.0,11.6698,High,0.0023586,Moderate
64.5000_-116.5000,64.5,-116.5,9.4536,High,0.00139077,Moderate
64.5000_-116.0000,64.5,-116.0,6.3788,Moderate,0.00139077,Moderate
64.5000_-115.5000,64.5,-115.5,6.2968,Moderate,0.00068534,Low
64.5000_-115.0000,64.5,-115.0,5.2597,Moderate,0.00068534,Low
64.5000_-114.5000,64.5,-114.5,7.4931,Moderate,0.00140231,Moderate
64.5000_-114.0000,64.5,-114.0,5.8518,Moderate,0.00139077,Moderate
64.5000_-113.5000,64.5,-113.5,4.582,Moderate,0.00083832,Moderate
64.5000_-113.0000,64.5,-113.0,6.1194,Moderate,0.00083832,Moderate
64.5000_-112.5000,64.5,-112.5,6.6572,Moderate,1.896e-05,Very Low
64.5000_-112.0000,64.5,-112.0,5.1172,Moderate,1.896e-05,Very Low
64.5000_-111.5000,64.5,-111.5,3.5674,Low,0.00068534,Low
64.5000_-111.0000,64.5,-111.0,5.6857,Moderate,1.896e-05,Very Low
64.5000_-110.5000,64.5,-110.5,4.9154,Moderate,1.896e-05,Very Low
64.5000_-110.0000,64.5,-110.0,6.5772,Moderate,1.896e-05,Very Low
64.5000_-109.5000,64.5,-109.5,9.6899,High,7.416e-05,Low
64.5000_-109.0000,64.5,-109.0,14.3677,High,7.416e-05,Low
64.5000_-108.5000,64.5,-108.5,17.3344,High,7.416e-05,Low
64.5000_-108.0000,64.5,-108.0,16.2118,High,0.00053927,Low
64.5000_-107.5000,64.5,-107.5,10.4421,High,0.00068534,Low
64.5000_-107.0000,64.5,-107.0,10.7747,High,7.416e-05,Low
64.5000_-106.5000,64.5,-106.5,16.7389,High,7.416e-05,Low
64.5000_-106.0000,64.5,-106.0,17.0659,High,0.00018179,Low
64.5000_-105.5000,64.5,-105.5,12.9068,High,7.416e-05,Low
64.5000_-105.0000,64.5,-105.0,15.8168,High,7.416e-05,Low
64.5000_-104.5000,64.5,-104.5,16.6704,High,7.416e-05,Low
64.5000_-104.0000,64.5,-104.0,12.3642,High,0.00083832,Moderate
64.5000_-103.5000,64.5,-103.5,7.5776,Moderate,7.416e-05,Low
64.5000_-103.0000,64.5,-103.0,9.2414,High,0.00015106,Low
64.5000_-102.5000,64.5,-102.5,10.2024,High,7.416e-05,Low
64.5000_-102.0000,64.5,-102.0,7.4652,Moderate,0.00018179,Low
64.5000_-101.5000,64.5,-101.5,0.4433,Very Low,1.896e-05,Very Low
64.5000_-101.0000,64.5,-101.0,0.6005,Very Low,1.896e-05,Very Low
64.5000_-100.5000,64.5,-100.5,0.4573,Very Low,0.0,Very Low
64.5000_-100.0000,64.5,-100.0,0.7986,Very Low,1.896e-05,Very Low
64.5000_-99.5000,64.5,-99.5,1.2642,Very Low,0.0,Very Low
64.5000_-99.0000,64.5,-99.0,0.6504,Very Low,0.0,Very Low
64.5000_-98.5000,64.5,-98.5,0.7592,Very Low,0.0,Very Low
64.5000_-98.0000,64.5,-98.0,0.6286,Very Low,1.896e-05,Very Low
64.5000_-97.5000,64.5,-97.5,0.6606,Very Low,1.896e-05,Very Low
64.5000_-97.0000,64.5,-97.0,0.2968,Very Low,1.896e-05,Very Low
64.5000_-96.5000,64.5,-96.5,0.3906,Very Low,1.896e-05,Very Low
64.5000_-96.0000,64.5,-96.0,0.0564,Very Low,1.896e-05,Very Low
64.5000_-95.5000,64.5,-95.5,0.1021,Very Low,1.896e-05,Very Low
64.5000_-95.0000,64.5,-95.0,0.1397,Very Low,1.896e-05,Very Low
64.5000_-94.5000,64.5,-94.5,0.0417,Very Low,1.896e-05,Very Low
64.5000_-94.0000,64.5,-94.0,0.0083,Very Low,1.896e-05,Very Low
64.5000_-93.5000,64.5,-93.5,0.0012,Very Low,1.896e-05,Very Low
64.5000_-93.0000,64.5,-93.0,0.0017,Very Low,1.896e-05,Very Low
64.5000_-92.5000,64.5,-92.5,0.0003,Very Low,1.896e-05,Very Low
64.5000_-92.0000,64.5,-92.0,0.0004,Very Low,1.896e-05,Very Low
64.5000_-91.5000,64.5,-91.5,0.0012,Very Low,1.896e-05,Very Low
64.5000_-91.0000,64.5,-91.0,0.004,Very Low,1.896e-05,Very Low
64.5000_-90.5000,64.5,-90.5,0.0004,Very Low,1.896e-05,Very Low
64.5000_-90.0000,64.5,-90.0,0.0003,Very Low,1.896e-05,Very Low
64.5000_-89.5000,64.5,-89.5,0.0002,Very Low,1.896e-05,Very Low
64.5000_-89.0000,64.5,-89.0,0.0009,Very Low,1.896e-05,Very Low
64.5000_-88.5000,64.5,-88.5,0.0224,Very Low,1.896e-05,Very Low
64.5000_-88.0000,64.5,-88.0,0.0348,Very Low,1.896e-05,Very Low
64.5000_-87.5000,64.5,-87.5,0.5109,Very Low,1.896e-05,Very Low
64.5000_-86.5000,64.5,-86.5,5.6699,Moderate,1.896e-05,Very Low
64.5000_-86.0000,64.5,-86.0,4.3504,Moderate,1.896e-05,Very Low
64.5000_-85.5000,64.5,-85.5,5.9539,Moderate,1.896e-05,Very Low
64.5000_-85.0000,64.5,-85.0,7.1215,Moderate,1.896e-05,Very Low
64.5000_-84.5000,64.5,-84.5,4.4645,Moderate,7.416e-05,Low
64.5000_-84.0000,64.5,-84.0,4.8626,Moderate,1.896e-05,Very Low
64.5000_-83.5000,64.5,-83.5,4.0555,Moderate,1.896e-05,Very Low
64.5000_-83.0000,64.5,-83.0,4.2903,Moderate,1.896e-05,Very Low
64.5000_-82.5000,64.5,-82.5,7.6776,Moderate,1.896e-05,Very Low
64.5000_-82.0000,64.5,-82.0,7.3285,Moderate,1.896e-05,Very Low
64.5000_-78.0000,64.5,-78.0,1.0645,Very Low,1.896e-05,Very Low
64.5000_-77.5000,64.5,-77.5,1.2947,Very Low,1.896e-05,Very Low
64.5000_-77.0000,64.5,-77.0,2.3925,Low,1.896e-05,Very Low
64.5000_-76.5000,64.5,-76.5,3.2392,Low,1.896e-05,Very Low
64.5000_-76.0000,64.5,-76.0,3.6201,Low,1.896e-05,Very Low
64.5000_-75.5000,64.5,-75.5,2.3847,Low,1.896e-05,Very Low
64.5000_-75.0000,64.5,-75.0,1.9539,Very Low,1.896e-05,Very Low
64.5000_-74.5000,64.5,-74.5,1.868,Very Low,1.896e-05,Very Low
64.5000_-74.0000,64.5,-74.0,0.8085,Very Low,1.896e-05,Very Low
64.5000_-73.5000,64.5,-73.5,0.5961,Very Low,1.896e-05,Very Low
64.5000_-73.0000,64.5,-73.0,0.5896,Very Low,1.896e-05,Very Low
64.5000_-72.5000,64.5,-72.5,0.6101,Very Low,1.896e-05,Very Low
64.5000_-72.0000,64.5,-72.0,0.7197,Very Low,1.896e-05,Very Low
64.5000_-71.5000,64.5,-71.5,0.758,Very Low,1.896e-05,Very Low
64.5000_-71.0000,64.5,-71.0,0.6194,Very Low,1.896e-05,Very Low
64.5000_-70.5000,64.5,-70.5,0.9438,Very Low,1.896e-05,Very Low
64.5000_-70.0000,64.5,-70.0,0.9672,Very Low,1.896e-05,Very Low
64.5000_-69.5000,64.5,-69.5,1.0022,Very Low,1.896e-05,Very Low
64.5000_-69.0000,64.5,-69.0,0.6634,Very Low,0.0,Very Low
64.5000_-68.5000,64.5,-68.5,0.5825,Very Low,0.0,Very Low
64.5000_-68.0000,64.5,-68.0,0.6693,Very Low,1.896e-05,Very Low
64.5000_-67.5000,64.5,-67.5,0.96,Very Low,0.0,Very Low
64.5000_-67.0000,64.5,-67.0,0.9199,Very Low,1.896e-05,Very Low
64.5000_-66.5000,64.5,-66.5,2.5798,Low,1.896e-05,Very Low
64.5000_-66.0000,64.5,-66.0,4.2729,Moderate,1.896e-05,Very Low
64.5000_-65.5000,64.5,-65.5,0.4901,Very Low,0.0,Very Low
64.5000_-65.0000,64.5,-65.0,0.7642,Very Low,1.896e-05,Very Low
65.0000_-141.0000,65.0,-141.0,0.0,Very Low,0.00068534,Low
65.0000_-140.5000,65.0,-140.5,0.0,Very Low,0.00068534,Low
65.0000_-140.0000,65.0,-140.0,0.0,Very Low,0.00068534,Low
65.0000_-139.5000,65.0,-139.5,0.0014,Very Low,1.896e-05,Very Low
65.0000_-139.0000,65.0,-139.0,0.0065,Very Low,0.00015106,Low
65.0000_-138.5000,65.0,-138.5,0.0019,Very Low,0.00053927,Low
65.0000_-138.0000,65.0,-138.0,0.0007,Very Low,1.896e-05,Very Low
65.0000_-137.5000,65.0,-137.5,0.001,Very Low,0.00053927,Low
65.0000_-137.0000,65.0,-137.0,0.1185,Very Low,0.00068534,Low
65.0000_-136.5000,65.0,-136.5,0.8525,Very Low,1.896e-05,Very Low
65.0000_-136.0000,65.0,-136.0,0.5674,Very Low,0.00053927,Low
65.0000_-135.5000,65.0,-135.5,0.2536,Very Low,0.0,Very Low
65.0000_-135.0000,65.0,-135.0,0.7598,Very Low,0.00068534,Low
65.0000_-134.5000,65.0,-134.5,0.1131,Very Low,0.00018179,Low
65.0000_-134.0000,65.0,-134.0,0.5451,Very Low,0.00083832,Moderate
65.0000_-133.5000,65.0,-133.5,0.0002,Very Low,0.00068534,Low
65.0000_-133.0000,65.0,-133.0,0.1958,Very Low,0.0,Very Low
65.0000_-132.5000,65.0,-132.5,0.0084,Very Low,0.0,Very Low
65.0000_-132.0000,65.0,-132.0,0.1362,Very Low,0.0,Very Low
65.0000_-131.5000,65.0,-131.5,0.1418,Very Low,0.0,Very Low
65.0000_-131.0000,65.0,-131.0,0.3388,Very Low,1.896e-05,Very Low
65.0000_-130.5000,65.0,-130.5,0.2725,Very Low,0.0,Very Low
65.0000_-130.0000,65.0,-130.0,0.044,Very Low,1.896e-05,Very Low
65.0000_-129.5000,65.0,-129.5,0.0756,Very Low,1.896e-05,Very Low
65.0000_-129.0000,65.0,-129.0,0.6455,Very Low,0.00068534,Low
65.0000_-128.5000,65.0,-128.5,0.2981,Very Low,1.896e-05,Very Low
65.0000_-128.0000,65.0,-128.0,0.2276,Very Low,0.00053927,Low
65.0000_-127.5000,65.0,-127.5,0.2901,Very Low,0.00053927,Low
65.0000_-127.0000,65.0,-127.0,0.8517,Very Low,0.00053927,Low
65.0000_-126.5000,65.0,-126.5,0.8582,Very Low,0.00083832,Moderate
65.0000_-126.0000,65.0,-126.0,1.1648,Very Low,0.00140231,Moderate
65.0000_-125.5000,65.0,-125.5,2.1958,Low,0.00611154,Moderate
65.0000_-125.0000,65.0,-125.0,1.7644,Very Low,0.00083832,Moderate
65.0000_-124.5000,65.0,-124.5,3.7976,Low,0.00083832,Moderate
65.0000_-124.0000,65.0,-124.0,6.1695,Moderate,0.00140231,Moderate
65.0000_-123.5000,65.0,-123.5,5.5974,Moderate,0.00053927,Low
65.0000_-123.0000,65.0,-123.0,7.2543,Moderate,0.00068534,Low
65.0000_-122.5000,65.0,-122.5,5.831,Moderate,0.00083832,Moderate
65.0000_-122.0000,65.0,-122.0,2.1241,Low,0.00068534,Low
65.0000_-121.5000,65.0,-121.5,4.0615,Moderate,0.00068534,Low
65.0000_-121.0000,65.0,-121.0,4.6586,Moderate,0.00083832,Moderate
65.0000_-120.5000,65.0,-120.5,10.7557,High,0.00083832,Moderate
65.0000_-120.0000,65.0,-120.0,2.1292,Low,0.00068534,Low
65.0000_-119.5000,65.0,-119.5,9.0789,High,0.00083832,Moderate
65.0000_-119.0000,65.0,-119.0,6.7796,Moderate,0.00083832,Moderate
65.0000_-118.5000,65.0,-118.5,0.7073,Very Low,0.00068534,Low
65.0000_-118.0000,65.0,-118.0,5.5648,Moderate,0.00068534,Low
65.0000_-117.5000,65.0,-117.5,6.9116,Moderate,0.00083832,Moderate
65.0000_-117.0000,65.0,-117.0,4.1007,Moderate,0.00083832,Moderate
65.0000_-116.5000,65.0,-116.5,2.1748,Low,0.00068534,Low
65.0000_-116.0000,65.0,-116.0,2.0408,Low,0.00068534,Low
65.0000_-115.5000,65.0,-115.5,4.5372,Moderate,0.00068534,Low
65.0000_-115.0000,65.0,-115.0,3.7423,Low,0.00068534,Low
65.0000_-114.5000,65.0,-114.5,5.3862,Moderate,0.00068534,Low
65.0000_-114.0000,65.0,-114.0,5.7473,Moderate,1.896e-05,Very Low
65.0000_-113.5000,65.0,-113.5,4.9127,Moderate,1.896e-05,Very Low
65.0000_-113.0000,65.0,-113.0,3.3134,Low,7.416e-05,Low
65.0000_-112.5000,65.0,-112.5,5.1501,Moderate,1.896e-05,Very Low
65.0000_-112.0000,65.0,-112.0,2.6764,Low,0.00053927,Low
65.0000_-111.5000,65.0,-111.5,2.3607,Low,1.896e-05,Very Low
65.0000_-111.0000,65.0,-111.0,2.0465,Low,1.896e-05,Very Low
65.0000_-110.5000,65.0,-110.5,4.4285,Moderate,1.896e-05,Very Low
65.0000_-110.0000,65.0,-110.0,6.0795,Moderate,0.00068534,Low
65.0000_-109.5000,65.0,-109.5,8.3164,High,0.00053927,Low
65.0000_-109.0000,65.0,-109.0,12.1413,High,7.416e-05,Low
65.0000_-108.5000,65.0,-108.5,11.6944,High,1.896e-05,Very Low
65.0000_-108.0000,65.0,-108.0,13.8469,High,7.416e-05,Low
65.0000_-107.5000,65.0,-107.5,17.1213,High,7.416e-05,Low
65.0000_-107.0000,65.0,-107.0,14.4213,High,0.00018179,Low
65.0000_-106.5000,65.0,-106.5,11.8406,High,1.896e-05,Very Low
65.0000_-106.0000,65.0,-106.0,15.3602,High,0.00015106,Low
65.0000_-105.5000,65.0,-105.5,14.9805,High,1.896e-05,Very Low
65.0000_-105.0000,65.0,-105.0,15.9876,High,0.00015106,Low
65.0000_-104.5000,65.0,-104.5,16.5392,High,7.416e-05,Low
65.0000_-104.0000,65.0,-104.0,16.1097,High,7.416e-05,Low
65.0000_-103.5000,65.0,-103.5,13.3475,High,7.416e-05,Low
65.0000_-103.0000,65.0,-103.0,10.6848,High,7.416e-05,Low
65.0000_-102.5000,65.0,-102.5,4.7348,Moderate,1.896e-05,Very Low
65.0000_-102.0000,65.0,-102.0,2.1074,Low,1.896e-05,Very Low
65.0000_-101.5000,65.0,-101.5,0.1386,Very Low,0.0,Very Low
65.0000_-101.0000,65.0,-101.0,0.0424,Very Low,0.0,Very Low
65.0000_-100.5000,65.0,-100.5,0.0225,Very Low,0.0,Very Low
65.0000_-100.0000,65.0,-100.0,0.0441,Very Low,0.0,Very Low
65.0000_-99.5000,65.0,-99.5,0.3447,Very Low,1.896e-05,Very Low
65.0000_-99.0000,65.0,-99.0,0.6018,Very Low,1.896e-05,Very Low
65.0000_-98.5000,65.0,-98.5,0.7309,Very Low,1.896e-05,Very Low
65.0000_-98.0000,65.0,-98.0,0.7106,Very Low,1.896e-05,Very Low
65.0000_-97.5000,65.0,-97.5,1.3837,Very Low,1.896e-05,Very Low
65.0000_-97.0000,65.0,-97.0,0.6217,Very Low,1.896e-05,Very Low
65.0000_-96.5000,65.0,-96.5,0.551,Very Low,1.896e-05,Very Low
65.0000_-96.0000,65.0,-96.0,0.4955,Very Low,1.896e-05,Very Low
65.0000_-95.5000,65.0,-95.5,0.2929,Very Low,1.896e-05,Very Low
65.0000_-95.0000,65.0,-95.0,0.2212,Very Low,1.896e-05,Very Low
65.0000_-94.5000,65.0,-94.5,0.072,Very Low,1.896e-05,Very Low
65.0000_-94.0000,65.0,-94.0,0.0011,Very Low,1.896e-05,Very Low
65.0000_-93.5000,65.0,-93.5,0.0001,Very Low,1.896e-05,Very Low
65.0000_-93.0000,65.0,-93.0,0.0001,Very Low,1.896e-05,Very Low
65.0000_-92.5000,65.0,-92.5,0.0,Very Low,1.896e-05,Very Low
65.0000_-92.0000,65.0,-92.0,0.0,Very Low,1.896e-05,Very Low
65.0000_-91.5000,65.0,-91.5,0.0,Very Low,1.896e-05,Very Low
65.0000_-91.0000,65.0,-91.0,0.0001,Very Low,1.896e-05,Very Low
65.0000_-90.5000,65.0,-90.5,0.001,Very Low,1.896e-05,Very Low
65.0000_-90.0000,65.0,-90.0,0.0016,Very Low,1.896e-05,Very Low
65.0000_-89.5000,65.0,-89.5,0.0301,Very Low,1.896e-05,Very Low
65.0000_-89.0000,65.0,-89.0,0.011,Very Low,1.896e-05,Very Low
65.0000_-88.5000,65.0,-88.5,0.0166,Very Low,1.896e-05,Very Low
65.0000_-88.0000,65.0,-88.0,0.1025,Very Low,1.896e-05,Very Low
65.0000_-87.5000,65.0,-87.5,0.9699,Very Low,1.896e-05,Very Low
65.0000_-87.0000,65.0,-87.0,3.9128,Low,7.416e-05,Low
65.0000_-86.0000,65.0,-86.0,0.3301,Very Low,0.00053927,Low
65.0000_-85.5000,65.0,-85.5,3.1354,Low,1.896e-05,Very Low
65.0000_-85.0000,65.0,-85.0,4.2697,Moderate,1.896e-05,Very Low
65.0000_-84.5000,65.0,-84.5,3.4522,Low,1.896e-05,Very Low
65.0000_-84.0000,65.0,-84.0,4.0613,Moderate,1.896e-05,Very Low
65.0000_-83.5000,65.0,-83.5,4.8635,Moderate,1.896e-05,Very Low
65.0000_-83.0000,65.0,-83.0,1.0956,Very Low,1.896e-05,Very Low
65.0000_-78.0000,65.0,-78.0,2.5502,Low,1.896e-05,Very Low
65.0000_-77.5000,65.0,-77.5,3.3791,Low,1.896e-05,Very Low
65.0000_-77.0000,65.0,-77.0,4.2242,Moderate,1.896e-05,Very Low
65.0000_-76.5000,65.0,-76.5,4.3469,Moderate,1.896e-05,Very Low
65.0000_-76.0000,65.0,-76.0,3.9302,Low,1.896e-05,Very Low
65.0000_-75.5000,65.0,-75.5,2.6085,Low,1.896e-05,Very Low
65.0000_-75.0000,65.0,-75.0,1.965,Very Low,1.896e-05,Very Low
65.0000_-74.5000,65.0,-74.5,1.4145,Very Low,7.416e-05,Low
65.0000_-74.0000,65.0,-74.0,0.6598,Very Low,1.896e-05,Very Low
65.0000_-73.5000,65.0,-73.5,0.8744,Very Low,1.896e-05,Very Low
65.0000_-73.0000,65.0,-73.0,0.7059,Very Low,1.896e-05,Very Low
65.0000_-72.5000,65.0,-72.5,0.3664,Very Low,1.896e-05,Very Low
65.0000_-72.0000,65.0,-72.0,0.5037,Very Low,1.896e-05,Very Low
65.0000_-71.5000,65.0,-71.5,0.8773,Very Low,1.896e-05,Very Low
65.0000_-71.0000,65.0,-71.0,0.8158,Very Low,1.896e-05,Very Low
65.0000_-70.5000,65.0,-70.5,0.6819,Very Low,1.896e-05,Very Low
65.0000_-70.0000,65.0,-70.0,0.3289,Very Low,1.896e-05,Very Low
65.0000_-69.5000,65.0,-69.5,0.6239,Very Low,1.896e-05,Very Low
65.0000_-69.0000,65.0,-69.0,0.7975,Very Low,1.896e-05,Very Low
65.0000_-68.5000,65.0,-68.5,0.7,Very Low,1.896e-05,Very Low
65.0000_-68.0000,65.0,-68.0,0.7819,Very Low,0.0,Very Low
65.0000_-67.5000,65.0,-67.5,0.7211,Very Low,0.0,Very Low
65.0000_-67.0000,65.0,-67.0,0.9561,Very Low,0.0,Very Low
65.0000_-66.5000,65.0,-66.5,0.8961,Very Low,0.0,Very Low
65.0000_-64.0000,65.0,-64.0,0.3993,Very Low,0.0,Very Low
65.0000_-63.5000,65.0,-63.5,0.3297,Very Low,0.0,Very Low
65.5000_-141.0000,65.5,-141.0,0.0,Very Low,0.00053927,Low
65.5000_-140.5000,65.5,-140.5,0.0,Very Low,0.00053927,Low
65.5000_-140.0000,65.5,-140.0,0.0,Very Low,0.0,Very Low
65.5000_-139.5000,65.5,-139.5,0.0,Very Low,0.00068534,Low
65.5000_-139.0000,65.5,-139.0,0.0,Very Low,0.00083832,Moderate
65.5000_-138.5000,65.5,-138.5,0.0,Very Low,0.00068534,Low
65.5000_-138.0000,65.5,-138.0,0.0001,Very Low,0.00083832,Moderate
65.5000_-137.5000,65.5,-137.5,0.0002,Very Low,0.00068534,Low
65.5000_-137.0000,65.5,-137.0,0.0304,Very Low,0.00083832,Moderate
65.5000_-136.5000,65.5,-136.5,0.1336,Very Low,0.00083832,Moderate
65.5000_-136.0000,65.5,-136.0,0.0088,Very Low,0.00083832,Moderate
65.5000_-135.5000,65.5,-135.5,0.1064,Very Low,0.00083832,Moderate
65.5000_-135.0000,65.5,-135.0,0.0172,Very Low,0.00068534,Low
65.5000_-134.5000,65.5,-134.5,0.206,Very Low,0.00068534,Low
65.5000_-134.0000,65.5,-134.0,0.4884,Very Low,0.00053927,Low
65.5000_-133.5000,65.5,-133.5,0.5191,Very Low,0.00068534,Low
65.5000_-133.0000,65.5,-133.0,0.301,Very Low,1.896e-05,Very Low
65.5000_-132.5000,65.5,-132.5,0.2371,Very Low,0.00053927,Low
65.5000_-132.0000,65.5,-132.0,0.3198,Very Low,1.896e-05,Very Low
65.5000_-131.5000,65.5,-131.5,0.4477,Very Low,0.00018179,Low
65.5000_-131.0000,65.5,-131.0,0.4547,Very Low,0.00068534,Low
65.5000_-130.5000,65.5,-130.5,0.8472,Very Low,0.00068534,Low
65.5000_-130.0000,65.5,-130.0,0.3553,Very Low,0.00068534,Low
65.5000_-129.5000,65.5,-129.5,0.5633,Very Low,0.00083832,Moderate
65.5000_-129.0000,65.5,-129.0,0.7113,Very Low,0.00083832,Moderate
65.5000_-128.5000,65.5,-128.5,1.9484,Very Low,0.00053927,Low
65.5000_-128.0000,65.5,-128.0,0.8829,Very Low,0.00068534,Low
65.5000_-127.5000,65.5,-127.5,1.308,Very Low,0.00083832,Moderate
65.5000_-127.0000,65.5,-127.0,3.4541,Low,0.00083832,Moderate
65.5000_-126.5000,65.5,-126.5,3.4354,Low,0.0023586,Moderate
65.5000_-126.0000,65.5,-126.0,4.8822,Moderate,0.00068534,Low
65.5000_-125.5000,65.5,-125.5,4.3813,Moderate,0.00068534,Low
65.5000_-125.0000,65.5,-125.0,5.1374,Moderate,0.00083832,Moderate
65.5000_-124.5000,65.5,-124.5,3.8468,Low,0.00140231,Moderate
65.5000_-124.0000,65.5,-124.0,4.003,Moderate,0.00083832,Moderate
65.5000_-123.5000,65.5,-123.5,3.0221,Low,0.00083832,Moderate
65.5000_-123.0000,65.5,-123.0,3.5055,Low,0.00083832,Moderate
65.5000_-122.5000,65.5,-122.5,2.5319,Low,0.00083832,Moderate
65.5000_-122.0000,65.5,-122.0,3.281,Low,0.00018179,Low
65.5000_-121.5000,65.5,-121.5,4.9265,Moderate,0.00243473,Moderate
65.5000_-121.0000,65.5,-121.0,4.9474,Moderate,0.00083832,Moderate
65.5000_-120.5000,65.5,-120.5,2.724,Low,0.00068534,Low
65.5000_-120.0000,65.5,-120.0,1.7503,Very Low,0.00068534,Low
65.5000_-119.5000,65.5,-119.5,3.6781,Low,0.00068534,Low
65.5000_-119.0000,65.5,-119.0,4.6151,Moderate,0.00068534,Low
65.5000_-118.5000,65.5,-118.5,3.8308,Low,0.00083832,Moderate
65.5000_-118.0000,65.5,-118.0,3.5669,Low,0.00139077,Moderate
65.5000_-117.5000,65.5,-117.5,1.3753,Very Low,0.00053927,Low
65.5000_-117.0000,65.5,-117.0,4.5535,Moderate,0.00083832,Moderate
65.5000_-116.5000,65.5,-116.5,4.3768,Moderate,0.00105241,Moderate
65.5000_-116.0000,65.5,-116.0,5.9492,Moderate,0.00140231,Moderate
65.5000_-115.5000,65.5,-115.5,1.7909,Very Low,0.00068534,Low
65.5000_-115.0000,65.5,-115.0,2.5818,Low,0.00068534,Low
65.5000_-114.5000,65.5,-114.5,4.4805,Moderate,0.00068534,Low
65.5000_-114.0000,65.5,-114.0,0.7417,Very Low,0.00053927,Low
65.5000_-113.5000,65.5,-113.5,0.8422,Very Low,1.896e-05,Very Low
65.5000_-113.0000,65.5,-113.0,1.1653,Very Low,1.896e-05,Very Low
65.5000_-112.5000,65.5,-112.5,1.7136,Very Low,1.896e-05,Very Low
65.5000_-112.0000,65.5,-112.0,0.6078,Very Low,0.0,Very Low
65.5000_-111.5000,65.5,-111.5,0.6553,Very Low,0.0,Very Low
65.5000_-111.0000,65.5,-111.0,1.8054,Very Low,0.0,Very Low
65.5000_-110.5000,65.5,-110.5,1.8231,Very Low,0.0,Very Low
65.5000_-110.0000,65.5,-110.0,2.0186,Low,0.0,Very Low
65.5000_-109.5000,65.5,-109.5,3.0156,Low,1.896e-05,Very Low
65.5000_-109.0000,65.5,-109.0,4.1185,Moderate,1.896e-05,Very Low
65.5000_-108.5000,65.5,-108.5,6.1227,Moderate,1.896e-05,Very Low
65.5000_-108.0000,65.5,-108.0,7.0898,Moderate,7.416e-05,Low
65.5000_-107.5000,65.5,-107.5,10.3464,High,1.896e-05,Very Low
65.5000_-107.0000,65.5,-107.0,9.7165,High,1.896e-05,Very Low
65.5000_-106.5000,65.5,-106.5,12.4055,High,0.00053927,Low
65.5000_-106.0000,65.5,-106.0,14.3582,High,1.896e-05,Very Low
65.5000_-105.5000,65.5,-105.5,14.1208,High,1.896e-05,Very Low
65.5000_-105.0000,65.5,-105.0,13.274,High,1.896e-05,Very Low
65.5000_-104.5000,65.5,-104.5,13.554,High,1.896e-05,Very Low
65.5000_-104.0000,65.5,-104.0,14.8539,High,1.896e-05,Very Low
65.5000_-103.5000,65.5,-103.5,12.2692,High,0.00068534,Low
65.5000_-103.0000,65.5,-103.0,4.7459,Moderate,1.896e-05,Very Low
65.5000_-102.5000,65.5,-102.5,3.8566,Low,1.896e-05,Very Low
65.5000_-102.0000,65.5,-102.0,3.6362,Low,1.896e-05,Very Low
65.5000_-101.5000,65.5,-101.5,0.3083,Very Low,1.896e-05,Very Low
65.5000_-101.0000,65.5,-101.0,0.0192,Very Low,0.0,Very Low
65.5000_-100.5000,65.5,-100.5,0.007,Very Low,0.0,Very Low
65.5000_-100.0000,65.5,-100.0,0.0168,Very Low,1.896e-05,Very Low
65.5000_-99.5000,65.5,-99.5,0.0093,Very Low,0.0,Very Low
65.5000_-99.0000,65.5,-99.0,0.8009,Very Low,1.896e-05,Very Low
65.5000_-98.5000,65.5,-98.5,0.7737,Very Low,0.0,Very Low
65.5000_-98.0000,65.5,-98.0,2.1577,Low,1.896e-05,Very Low
65.5000_-97.5000,65.5,-97.5,1.6557,Very Low,1.896e-05,Very Low
65.5000_-97.0000,65.5,-97.0,1.3498,Very Low,1.896e-05,Very Low
65.5000_-96.5000,65.5,-96.5,0.9278,Very Low,1.896e-05,Very Low
65.5000_-96.0000,65.5,-96.0,0.2495,Very Low,1.896e-05,Very Low
65.5000_-95.5000,65.5,-95.5,0.4082,Very Low,1.896e-05,Very Low
65.5000_-95.0000,65.5,-95.0,0.0814,Very Low,1.896e-05,Very Low
65.5000_-94.5000,65.5,-94.5,0.0041,Very Low,1.896e-05,Very Low
65.5000_-94.0000,65.5,-94.0,0.017,Very Low,1.896e-05,Very Low
65.5000_-93.5000,65.5,-93.5,0.0019,Very Low,0.0,Very Low
65.5000_-93.0000,65.5,-93.0,0.0006,Very Low,1.896e-05,Very Low
65.5000_-92.5000,65.5,-92.5,0.0003,Very Low,1.896e-05,Very Low
65.5000_-92.0000,65.5,-92.0,0.0,Very Low,1.896e-05,Very Low
65.5000_-91.5000,65.5,-91.5,0.0,Very Low,1.896e-05,Very Low
65.5000_-91.0000,65.5,-91.0,0.0,Very Low,0.0,Very Low
65.5000_-90.5000,65.5,-90.5,0.0,Very Low,1.896e-05,Very Low
65.5000_-90.0000,65.5,-90.0,0.0,Very Low,1.896e-05,Very Low
65.5000_-89.5000,65.5,-89.5,0.0016,Very Low,1.896e-05,Very Low
65.5000_-89.0000,65.5,-89.0,0.0045,Very Low,1.896e-05,Very Low
65.5000_-88.5000,65.5,-88.5,0.0071,Very Low,1.896e-05,Very Low
65.5000_-88.0000,65.5,-88.0,0.2284,Very Low,1.896e-05,Very Low
65.5000_-87.5000,65.5,-87.5,1.3549,Very Low,1.896e-05,Very Low
65.5000_-87.0000,65.5,-87.0,7.4015,Moderate,1.896e-05,Very Low
65.5000_-86.0000,65.5,-86.0,2.7115,Low,0.00015106,Low
65.5000_-85.5000,65.5,-85.5,2.4371,Low,7.416e-05,Low
65.5000_-85.0000,65.5,-85.0,3.9864,Low,1.896e-05,Very Low
65.5000_-84.5000,65.5,-84.5,1.609,Very Low,1.896e-05,Very Low
65.5000_-77.5000,65.5,-77.5,1.9016,Very Low,1.896e-05,Very Low
65.5000_-77.0000,65.5,-77.0,3.2344,Low,1.896e-05,Very Low
65.5000_-74.5000,65.5,-74.5,4.3956,Moderate,1.896e-05,Very Low
65.5000_-74.0000,65.5,-74.0,3.3672,Low,1.896e-05,Very Low
65.5000_-73.5000,65.5,-73.5,1.7779,Very Low,1.896e-05,Very Low
65.5000_-73.0000,65.5,-73.0,0.6967,Very Low,1.896e-05,Very Low
65.5000_-72.5000,65.5,-72.5,0.6641,Very Low,1.896e-05,Very Low
65.5000_-72.0000,65.5,-72.0,2.0838,Low,1.896e-05,Very Low
65.5000_-71.5000,65.5,-71.5,2.7741,Low,1.896e-05,Very Low
65.5000_-71.0000,65.5,-71.0,0.9903,Very Low,1.896e-05,Very Low
65.5000_-70.5000,65.5,-70.5,0.9123,Very Low,1.896e-05,Very Low
65.5000_-70.0000,65.5,-70.0,0.8059,Very Low,1.896e-05,Very Low
65.5000_-69.5000,65.5,-69.5,0.808,Very Low,1.896e-05,Very Low
65.5000_-69.0000,65.5,-69.0,0.7168,Very Low,1.896e-05,Very Low
65.5000_-68.5000,65.5,-68.5,0.6289,Very Low,1.896e-05,Very Low
65.5000_-68.0000,65.5,-68.0,0.6304,Very Low,1.896e-05,Very Low
65.5000_-67.5000,65.5,-67.5,0.6967,Very Low,0.0,Very Low
65.5000_-67.0000,65.5,-67.0,0.8792,Very Low,0.0,Very Low
65.5000_-65.0000,65.5,-65.0,0.273,Very Low,0.0,Very Low
65.5000_-64.5000,65.5,-64.5,0.3368,Very Low,0.0,Very Low
65.5000_-64.0000,65.5,-64.0,0.5788,Very Low,0.0,Very Low
65.5000_-63.5000,65.5,-63.5,0.3306,Very Low,0.0,Very Low
65.5000_-63.0000,65.5,-63.0,0.192,Very Low,0.0,Very Low
66.0000_-141.0000,66.0,-141.0,0.0011,Very Low,0.00068534,Low
66.0000_-140.5000,66.0,-140.5,0.0022,Very Low,0.00053927,Low
66.0000_-140.0000,66.0,-140.0,0.0,Very Low,0.00053927,Low
66.0000_-139.5000,66.0,-139.5,0.0002,Very Low,0.00068534,Low
66.0000_-139.0000,66.0,-139.0,0.0041,Very Low,0.00083832,Moderate
66.0000_-138.5000,66.0,-138.5,0.0005,Very Low,0.00053927,Low
66.0000_-138.0000,66.0,-138.0,0.0,Very Low,0.00068534,Low
66.0000_-137.5000,66.0,-137.5,0.0,Very Low,0.00068534,Low
66.0000_-137.0000,66.0,-137.0,0.0,Very Low,0.00083832,Moderate
66.0000_-136.5000,66.0,-136.5,0.0,Very Low,0.00083832,Moderate
66.0000_-136.0000,66.0,-136.0,0.0,Very Low,0.00068534,Low
66.0000_-135.5000,66.0,-135.5,0.0,Very Low,0.00068534,Low
66.0000_-135.0000,66.0,-135.0,0.0065,Very Low,0.00068534,Low
66.0000_-134.5000,66.0,-134.5,0.0224,Very Low,0.00018179,Low
66.0000_-134.0000,66.0,-134.0,0.0447,Very Low,0.00083832,Moderate
66.0000_-133.5000,66.0,-133.5,0.0893,Very Low,0.00068534,Low
66.0000_-133.0000,66.0,-133.0,0.2002,Very Low,0.00068534,Low
66.0000_-132.5000,66.0,-132.5,0.3935,Very Low,0.00053927,Low
66.0000_-132.0000,66.0,-132.0,0.4492,Very Low,0.00068534,Low
66.0000_-131.5000,66.0,-131.5,0.5454,Very Low,0.00068534,Low
66.0000_-131.0000,66.0,-131.0,1.3999,Very Low,0.00083832,Moderate
66.0000_-130.5000,66.0,-130.5,2.5039,Low,0.00083832,Moderate
66.0000_-130.0000,66.0,-130.0,3.0017,Low,0.0023586,Moderate
66.0000_-129.5000,66.0,-129.5,3.2351,Low,0.00068534,Low
66.0000_-129.0000,66.0,-129.0,3.438,Low,0.0023586,Moderate
66.0000_-128.5000,66.0,-128.5,3.9264,Low,0.00083832,Moderate
66.0000_-128.0000,66.0,-128.0,3.1125,Low,0.00083832,Moderate
66.0000_-127.5000,66.0,-127.5,3.8696,Low,0.00083832,Moderate
66.0000_-127.0000,66.0,-127.0,0.7595,Very Low,0.00068534,Low
66.0000_-126.5000,66.0,-126.5,4.295,Moderate,0.00139077,Moderate
66.0000_-126.0000,66.0,-126.0,5.8853,Moderate,0.00068534,Low
66.0000_-125.5000,66.0,-125.5,6.7454,Moderate,0.00083832,Moderate
66.0000_-125.0000,66.0,-125.0,4.2066,Moderate,0.00068534,Low
66.0000_-124.5000,66.0,-124.5,4.2844,Moderate,0.00068534,Low
66.0000_-124.0000,66.0,-124.0,5.673,Moderate,0.00083832,Moderate
66.0000_-123.5000,66.0,-123.5,3.8075,Low,0.00068534,Low
66.0000_-123.0000,66.0,-123.0,3.1789,Low,0.00083832,Moderate
66.0000_-122.5000,66.0,-122.5,3.7832,Low,0.00068534,Low
66.0000_-122.0000,66.0,-122.0,4.2864,Moderate,0.00105241,Moderate
66.0000_-121.5000,66.0,-121.5,3.9364,Low,0.00083832,Moderate
66.0000_-121.0000,66.0,-121.0,2.4235,Low,0.00068534,Low
66.0000_-120.5000,66.0,-120.5,3.6624,Low,0.00018179,Low
66.0000_-120.0000,66.0,-120.0,3.1394,Low,7.416e-05,Low
66.0000_-119.5000,66.0,-119.5,4.0993,Moderate,0.00068534,Low
66.0000_-119.0000,66.0,-119.0,4.2709,Moderate,0.00018179,Low
66.0000_-118.5000,66.0,-118.5,1.9544,Very Low,0.00018179,Low
66.0000_-118.0000,66.0,-118.0,2.0622,Low,0.00083832,Moderate
66.0000_-117.5000,66.0,-117.5,2.2111,Low,0.00083832,Moderate
66.0000_-117.0000,66.0,-117.0,1.0891,Very Low,0.00083832,Moderate
66.0000_-116.5000,66.0,-116.5,0.8487,Very Low,0.00068534,Low
66.0000_-116.0000,66.0,-116.0,0.9444,Very Low,0.00083832,Moderate
66.0000_-115.5000,66.0,-115.5,1.6475,Very Low,0.00068534,Low
66.0000_-115.0000,66.0,-115.0,2.424,Low,1.896e-05,Very Low
66.0000_-114.5000,66.0,-114.5,1.6471,Very Low,0.00083832,Moderate
66.0000_-114.0000,66.0,-114.0,1.7982,Very Low,1.896e-05,Very Low
66.0000_-113.5000,66.0,-113.5,0.7609,Very Low,1.896e-05,Very Low
66.0000_-113.0000,66.0,-113.0,0.8516,Very Low,0.0,Very Low
66.0000_-112.5000,66.0,-112.5,0.5949,Very Low,0.0,Very Low
66.0000_-112.0000,66.0,-112.0,0.5987,Very Low,0.0,Very Low
66.0000_-111.5000,66.0,-111.5,0.6137,Very Low,0.0,Very Low
66.0000_-111.0000,66.0,-111.0,0.4289,Very Low,0.0,Very Low
66.0000_-110.5000,66.0,-110.5,0.7387,Very Low,0.0,Very Low
66.0000_-110.0000,66.0,-110.0,0.9931,Very Low,0.0,Very Low
66.0000_-109.5000,66.0,-109.5,2.3892,Low,0.0,Very Low
66.0000_-109.0000,66.0,-109.0,3.984,Low,1.896e-05,Very Low
66.0000_-108.5000,66.0,-108.5,3.7275,Low,1.896e-05,Very Low
66.0000_-108.0000,66.0,-108.0,2.8241,Low,0.0,Very Low
66.0000_-107.5000,66.0,-107.5,3.5774,Low,1.896e-05,Very Low
66.0000_-107.0000,66.0,-107.0,7.0209,Moderate,0.00053927,Low
66.0000_-106.5000,66.0,-106.5,9.0216,High,0.00068534,Low
66.0000_-106.0000,66.0,-106.0,7.5301,Moderate,1.896e-05,Very Low
66.0000_-105.5000,66.0,-105.5,6.8319,Moderate,0.00053927,Low
66.0000_-105.0000,66.0,-105.0,7.0705,Moderate,7.416e-05,Low
66.0000_-104.5000,66.0,-104.5,7.9715,Moderate,1.896e-05,Very Low
66.0000_-104.0000,66.0,-104.0,7.9855,Moderate,1.896e-05,Very Low
66.0000_-103.5000,66.0,-103.5,5.3747,Moderate,1.896e-05,Very Low
66.0000_-103.0000,66.0,-103.0,2.6128,Low,1.896e-05,Very Low
66.0000_-102.5000,66.0,-102.5,4.4585,Moderate,1.896e-05,Very Low
66.0000_-102.0000,66.0,-102.0,4.8096,Moderate,7.416e-05,Low
66.0000_-101.5000,66.0,-101.5,0.5845,Very Low,1.896e-05,Very Low
66.0000_-101.0000,66.0,-101.0,0.8272,Very Low,1.896e-05,Very Low
66.0000_-100.5000,66.0,-100.5,0.0177,Very Low,1.896e-05,Very Low
66.0000_-100.0000,66.0,-100.0,0.0146,Very Low,1.896e-05,Very Low
66.0000_-99.5000,66.0,-99.5,0.02,Very Low,1.896e-05,Very Low
66.0000_-99.0000,66.0,-99.0,0.0486,Very Low,1.896e-05,Very Low
66.0000_-98.5000,66.0,-98.5,0.0671,Very Low,1.896e-05,Very Low
66.0000_-98.0000,66.0,-98.0,0.6294,Very Low,1.896e-05,Very Low
66.0000_-97.5000,66.0,-97.5,1.4464,Very Low,1.896e-05,Very Low
66.0000_-97.0000,66.0,-97.0,0.9855,Very Low,1.896e-05,Very Low
66.0000_-96.5000,66.0,-96.5,0.8152,Very Low,1.896e-05,Very Low
66.0000_-96.0000,66.0,-96.0,0.5757,Very Low,1.896e-05,Very Low
66.0000_-95.5000,66.0,-95.5,0.2624,Very Low,1.896e-05,Very Low
66.0000_-95.0000,66.0,-95.0,0.0794,Very Low,1.896e-05,Very Low
66.0000_-94.5000,66.0,-94.5,0.001,Very Low,1.896e-05,Very Low
66.0000_-94.0000,66.0,-94.0,0.0002,Very Low,0.0,Very Low
66.0000_-93.5000,66.0,-93.5,0.0015,Very Low,1.896e-05,Very Low
66.0000_-93.0000,66.0,-93.0,0.0005,Very Low,1.896e-05,Very Low
66.0000_-92.5000,66.0,-92.5,0.0,Very Low,1.896e-05,Very Low
66.0000_-92.0000,66.0,-92.0,0.0074,Very Low,1.896e-05,Very Low
66.0000_-91.5000,66.0,-91.5,0.0001,Very Low,1.896e-05,Very Low
66.0000_-91.0000,66.0,-91.0,0.0,Very Low,1.896e-05,Very Low
66.0000_-90.5000,66.0,-90.5,0.0,Very Low,1.896e-05,Very Low
66.0000_-90.0000,66.0,-90.0,0.0,Very Low,1.896e-05,Very Low
66.0000_-89.5000,66.0,-89.5,0.0,Very Low,1.896e-05,Very Low
66.0000_-89.0000,66.0,-89.0,0.0232,Very Low,0.0,Very Low
66.0000_-88.5000,66.0,-88.5,1.3343,Very Low,1.896e-05,Very Low
66.0000_-88.0000,66.0,-88.0,0.6161,Very Low,1.896e-05,Very Low
66.0000_-87.5000,66.0,-87.5,1.2151,Very Low,1.896e-05,Very Low
66.0000_-87.0000,66.0,-87.0,2.627,Low,1.896e-05,Very Low
66.0000_-86.5000,66.0,-86.5,4.989,Moderate,1.896e-05,Very Low
66.0000_-86.0000,66.0,-86.0,6.0589,Moderate,1.896e-05,Very Low
66.0000_-85.5000,66.0,-85.5,6.5117,Moderate,1.896e-05,Very Low
66.0000_-85.0000,66.0,-85.0,3.8679,Low,7.416e-05,Low
66.0000_-84.5000,66.0,-84.5,4.0933,Moderate,7.416e-05,Low
66.0000_-84.0000,66.0,-84.0,3.7081,Low,7.416e-05,Low
66.0000_-83.5000,66.0,-83.5,5.5809,Moderate,7.416e-05,Low
66.0000_-74.5000,66.0,-74.5,6.0676,Moderate,1.896e-05,Very Low
66.0000_-74.0000,66.0,-74.0,6.8623,Moderate,1.896e-05,Very Low
66.0000_-73.5000,66.0,-73.5,5.5669,Moderate,1.896e-05,Very Low
66.0000_-73.0000,66.0,-73.0,1.8734,Very Low,1.896e-05,Very Low
66.0000_-72.5000,66.0,-72.5,0.7079,Very Low,1.896e-05,Very Low
66.0000_-72.0000,66.0,-72.0,0.9863,Very Low,1.896e-05,Very Low
66.0000_-71.5000,66.0,-71.5,2.2448,Low,7.416e-05,Low
66.0000_-71.0000,66.0,-71.0,0.9088,Very Low,1.896e-05,Very Low
66.0000_-70.5000,66.0,-70.5,1.1956,Very Low,1.896e-05,Very Low
66.0000_-70.0000,66.0,-70.0,0.8653,Very Low,1.896e-05,Very Low
66.0000_-69.5000,66.0,-69.5,0.4916,Very Low,1.896e-05,Very Low
66.0000_-69.0000,66.0,-69.0,0.805,Very Low,1.896e-05,Very Low
66.0000_-68.5000,66.0,-68.5,0.8377,Very Low,1.896e-05,Very Low
66.0000_-68.0000,66.0,-68.0,0.7462,Very Low,1.896e-05,Very Low
66.0000_-67.5000,66.0,-67.5,0.9352,Very Low,1.896e-05,Very Low
66.0000_-67.0000,66.0,-67.0,2.2336,Low,1.896e-05,Very Low
66.0000_-66.0000,66.0,-66.0,4.3907,Moderate,1.896e-05,Very Low
66.0000_-65.5000,66.0,-65.5,5.5249,Moderate,1.896e-05,Very Low
66.0000_-65.0000,66.0,-65.0,1.7748,Very Low,1.896e-05,Very Low
66.0000_-64.5000,66.0,-64.5,1.2034,Very Low,1.896e-05,Very Low
66.0000_-64.0000,66.0,-64.0,0.5642,Very Low,0.0,Very Low
66.0000_-63.5000,66.0,-63.5,0.298,Very Low,0.0,Very Low
66.0000_-63.0000,66.0,-63.0,0.3589,Very Low,0.0,Very Low
66.0000_-62.5000,66.0,-62.5,0.1524,Very Low,0.0,Very Low
66.0000_-62.0000,66.0,-62.0,0.4951,Very Low,0.0,Very Low
66.5000_-141.0000,66.5,-141.0,0.0001,Very Low,0.00068534,Low
66.5000_-140.5000,66.5,-140.5,0.0004,Very Low,0.00068534,Low
66.5000_-140.0000,66.5,-140.0,0.0,Very Low,0.00053927,Low
66.5000_-139.5000,66.5,-139.5,0.0002,Very Low,0.00068534,Low
66.5000_-139.0000,66.5,-139.0,0.0006,Very Low,0.00083832,Moderate
66.5000_-138.5000,66.5,-138.5,0.0008,Very Low,0.00105241,Moderate
66.5000_-138.0000,66.5,-138.0,0.0004,Very Low,0.00068534,Low
66.5000_-137.5000,66.5,-137.5,0.0001,Very Low,0.00053927,Low
66.5000_-137.0000,66.5,-137.0,0.0001,Very Low,0.00139077,Moderate
66.5000_-136.5000,66.5,-136.5,0.0,Very Low,0.00068534,Low
66.5000_-136.0000,66.5,-136.0,0.0,Very Low,0.00068534,Low
66.5000_-135.5000,66.5,-135.5,0.0,Very Low,0.00018179,Low
66.5000_-135.0000,66.5,-135.0,0.0002,Very Low,0.00068534,Low
66.5000_-134.5000,66.5,-134.5,0.0003,Very Low,0.00083832,Moderate
66.5000_-134.0000,66.5,-134.0,0.011,Very Low,0.00053927,Low
66.5000_-133.5000,66.5,-133.5,0.1209,Very Low,0.00083832,Moderate
66.5000_-133.0000,66.5,-133.0,0.0811,Very Low,0.00018179,Low
66.5000_-132.5000,66.5,-132.5,0.4228,Very Low,0.00083832,Moderate
66.5000_-132.0000,66.5,-132.0,0.5936,Very Low,0.00053927,Low
66.5000_-131.5000,66.5,-131.5,0.7667,Very Low,0.00053927,Low
66.5000_-131.0000,66.5,-131.0,0.9416,Very Low,0.00083832,Moderate
66.5000_-130.5000,66.5,-130.5,2.5248,Low,0.00083832,Moderate
66.5000_-130.0000,66.5,-130.0,2.1739,Low,0.00193611,Moderate
66.5000_-129.5000,66.5,-129.5,3.4511,Low,0.00083832,Moderate
66.5000_-129.0000,66.5,-129.0,4.3571,Moderate,0.00083832,Moderate
66.5000_-128.5000,66.5,-128.5,4.0396,Moderate,0.00140231,Moderate
66.5000_-128.0000,66.5,-128.0,4.8647,Moderate,0.00083832,Moderate
66.5000_-127.5000,66.5,-127.5,4.4895,Moderate,0.0023586,Moderate
66.5000_-127.0000,66.5,-127.0,3.0865,Low,0.00068534,Low
66.5000_-126.5000,66.5,-126.5,3.3077,Low,0.00083832,Moderate
66.5000_-126.0000,66.5,-126.0,1.9201,Very Low,0.00068534,Low
66.5000_-125.5000,66.5,-125.5,1.6689,Very Low,0.00068534,Low
66.5000_-125.0000,66.5,-125.0,5.2971,Moderate,1.896e-05,Very Low
66.5000_-124.5000,66.5,-124.5,3.312,Low,0.00068534,Low
66.5000_-124.0000,66.5,-124.0,5.9661,Moderate,0.00068534,Low
66.5000_-123.5000,66.5,-123.5,6.3052,Moderate,0.00105241,Moderate
66.5000_-123.0000,66.5,-123.0,1.9345,Very Low,0.00068534,Low
66.5000_-122.5000,66.5,-122.5,2.5216,Low,0.00053927,Low
66.5000_-122.0000,66.5,-122.0,4.279,Moderate,0.00068534,Low
66.5000_-121.5000,66.5,-121.5,4.4063,Moderate,1.896e-05,Very Low
66.5000_-121.0000,66.5,-121.0,5.2835,Moderate,0.00018179,Low
66.5000_-120.5000,66.5,-120.5,4.7233,Moderate,0.00053927,Low
66.5000_-120.0000,66.5,-120.0,4.8363,Moderate,0.00053927,Low
66.5000_-119.5000,66.5,-119.5,2.1209,Low,0.00139077,Moderate
66.5000_-119.0000,66.5,-119.0,0.9843,Very Low,0.00083832,Moderate
66.5000_-118.5000,66.5,-118.5,1.4123,Very Low,0.00053927,Low
66.5000_-118.0000,66.5,-118.0,2.2837,Low,1.896e-05,Very Low
66.5000_-117.5000,66.5,-117.5,0.2221,Very Low,0.00015106,Low
66.5000_-117.0000,66.5,-117.0,0.3974,Very Low,0.00068534,Low
66.5000_-116.5000,66.5,-116.5,0.191,Very Low,1.896e-05,Very Low
66.5000_-116.0000,66.5,-116.0,0.5528,Very Low,1.896e-05,Very Low
66.5000_-115.5000,66.5,-115.5,0.3939,Very Low,0.0,Very Low
66.5000_-115.0000,66.5,-115.0,0.6006,Very Low,1.896e-05,Very Low
66.5000_-114.5000,66.5,-114.5,0.7636,Very Low,1.896e-05,Very Low
66.5000_-114.0000,66.5,-114.0,0.2858,Very Low,1.896e-05,Very Low
66.5000_-113.5000,66.5,-113.5,0.4614,Very Low,1.896e-05,Very Low
66.5000_-113.0000,66.5,-113.0,0.2811,Very Low,0.0,Very Low
66.5000_-112.5000,66.5,-112.5,0.3894,Very Low,0.0,Very Low
66.5000_-112.0000,66.5,-112.0,0.813,Very Low,0.0,Very Low
66.5000_-111.5000,66.5,-111.5,0.8479,Very Low,0.0,Very Low
66.5000_-111.0000,66.5,-111.0,0.814,Very Low,0.0,Very Low
66.5000_-110.5000,66.5,-110.5,0.7527,Very Low,0.0,Very Low
66.5000_-110.0000,66.5,-110.0,0.6403,Very Low,0.0,Very Low
66.5000_-109.5000,66.5,-109.5,1.9445,Very Low,0.0,Very Low
66.5000_-109.0000,66.5,-109.0,1.4017,Very Low,0.0,Very Low
66.5000_-108.5000,66.5,-108.5,2.3344,Low,0.0,Very Low
66.5000_-108.0000,66.5,-108.0,8.018,High,7.416e-05,Low
66.5000_-107.5000,66.5,-107.5,9.0378,High,1.896e-05,Very Low
66.5000_-107.0000,66.5,-107.0,4.6427,Moderate,1.896e-05,Very Low
66.5000_-106.5000,66.5,-106.5,3.4785,Low,1.896e-05,Very Low
66.5000_-106.0000,66.5,-106.0,5.2227,Moderate,0.0,Very Low
66.5000_-105.5000,66.5,-105.5,4.8365,Moderate,1.896e-05,Very Low
66.5000_-105.0000,66.5,-105.0,5.6896,Moderate,1.896e-05,Very Low
66.5000_-104.5000,66.5,-104.5,6.2676,Moderate,1.896e-05,Very Low
66.5000_-104.0000,66.5,-104.0,5.937,Moderate,1.896e-05,Very Low
66.5000_-103.5000,66.5,-103.5,5.5271,Moderate,1.896e-05,Very Low
66.5000_-103.0000,66.5,-103.0,5.6143,Moderate,1.896e-05,Very Low
66.5000_-102.5000,66.5,-102.5,5.5007,Moderate,1.896e-05,Very Low
66.5000_-102.0000,66.5,-102.0,6.7315,Moderate,7.416e-05,Low
66.5000_-101.5000,66.5,-101.5,2.5976,Low,1.896e-05,Very Low
66.5000_-101.0000,66.5,-101.0,4.2569,Moderate,1.896e-05,Very Low
66.5000_-100.5000,66.5,-100.5,3.3433,Low,1.896e-05,Very Low
66.5000_-100.0000,66.5,-100.0,0.3733,Very Low,1.896e-05,Very Low
66.5000_-99.5000,66.5,-99.5,0.2137,Very Low,1.896e-05,Very Low
66.5000_-99.0000,66.5,-99.0,0.1,Very Low,1.896e-05,Very Low
66.5000_-98.5000,66.5,-98.5,0.0484,Very Low,1.896e-05,Very Low
66.5000_-98.0000,66.5,-98.0,0.1406,Very Low,1.896e-05,Very Low
66.5000_-97.5000,66.5,-97.5,0.3764,Very Low,1.896e-05,Very Low
66.5000_-97.0000,66.5,-97.0,1.1311,Very Low,1.896e-05,Very Low
66.5000_-96.5000,66.5,-96.5,0.6843,Very Low,1.896e-05,Very Low
66.5000_-96.0000,66.5,-96.0,2.2193,Low,0.00018179,Low
66.5000_-95.5000,66.5,-95.5,0.7138,Very Low,1.896e-05,Very Low
66.5000_-95.0000,66.5,-95.0,0.0073,Very Low,1.896e-05,Very Low
66.5000_-94.5000,66.5,-94.5,0.0006,Very Low,1.896e-05,Very Low
66.5000_-94.0000,66.5,-94.0,0.0094,Very Low,1.896e-05,Very Low
66.5000_-93.5000,66.5,-93.5,0.0036,Very Low,1.896e-05,Very Low
66.5000_-93.0000,66.5,-93.0,0.0069,Very Low,1.896e-05,Very Low
66.5000_-92.5000,66.5,-92.5,0.0027,Very Low,1.896e-05,Very Low
66.5000_-92.0000,66.5,-92.0,0.0218,Very Low,1.896e-05,Very Low
66.5000_-91.5000,66.5,-91.5,0.047,Very Low,1.896e-05,Very Low
66.5000_-91.0000,66.5,-91.0,0.0107,Very Low,0.0,Very Low
66.5000_-90.5000,66.5,-90.5,0.0331,Very Low,0.0,Very Low
66.5000_-90.0000,66.5,-90.0,0.8162,Very Low,1.896e-05,Very Low
66.5000_-89.5000,66.5,-89.5,1.3928,Very Low,1.896e-05,Very Low
66.5000_-89.0000,66.5,-89.0,0.9364,Very Low,1.896e-05,Very Low
66.5000_-88.5000,66.5,-88.5,0.2443,Very Low,0.0,Very Low
66.5000_-88.0000,66.5,-88.0,0.9538,Very Low,1.896e-05,Very Low
66.5000_-87.5000,66.5,-87.5,0.8505,Very Low,1.896e-05,Very Low
66.5000_-87.0000,66.5,-87.0,2.2514,Low,1.896e-05,Very Low
66.5000_-86.5000,66.5,-86.5,3.2623,Low,1.896e-05,Very Low
66.5000_-86.0000,66.5,-86.0,3.4153,Low,1.896e-05,Very Low
66.5000_-85.5000,66.5,-85.5,4.1483,Moderate,1.896e-05,Very Low
66.5000_-85.0000,66.5,-85.0,1.2876,Very Low,1.896e-05,Very Low
66.5000_-84.5000,66.5,-84.5,5.5219,Moderate,1.896e-05,Very Low
66.5000_-84.0000,66.5,-84.0,6.9377,Moderate,1.896e-05,Very Low
66.5000_-83.5000,66.5,-83.5,5.043,Moderate,1.896e-05,Very Low
66.5000_-83.0000,66.5,-83.0,8.2001,High,1.896e-05,Very Low
66.5000_-82.5000,66.5,-82.5,7.3164,Moderate,1.896e-05,Very Low
66.5000_-73.5000,66.5,-73.5,6.6633,Moderate,1.896e-05,Very Low
66.5000_-73.0000,66.5,-73.0,2.9921,Low,7.416e-05,Low
66.5000_-72.5000,66.5,-72.5,0.8712,Very Low,1.896e-05,Very Low
66.5000_-72.0000,66.5,-72.0,0.6997,Very Low,1.896e-05,Very Low
66.5000_-71.5000,66.5,-71.5,2.9671,Low,1.896e-05,Very Low
66.5000_-71.0000,66.5,-71.0,0.9024,Very Low,1.896e-05,Very Low
66.5000_-70.5000,66.5,-70.5,1.2271,Very Low,1.896e-05,Very Low
66.5000_-70.0000,66.5,-70.0,0.9176,Very Low,1.896e-05,Very Low
66.5000_-69.5000,66.5,-69.5,0.4068,Very Low,1.896e-05,Very Low
66.5000_-69.0000,66.5,-69.0,1.524,Very Low,1.896e-05,Very Low
66.5000_-68.5000,66.5,-68.5,1.8788,Very Low,1.896e-05,Very Low
66.5000_-68.0000,66.5,-68.0,1.9641,Very Low,1.896e-05,Very Low
66.5000_-67.5000,66.5,-67.5,2.0251,Low,1.896e-05,Very Low
66.5000_-67.0000,66.5,-67.0,1.79,Very Low,1.896e-05,Very Low
66.5000_-66.5000,66.5,-66.5,2.7014,Low,1.896e-05,Very Low
66.5000_-66.0000,66.5,-66.0,2.2073,Low,1.896e-05,Very Low
66.5000_-65.5000,66.5,-65.5,3.898,Low,1.896e-05,Very Low
66.5000_-65.0000,66.5,-65.0,4.6936,Moderate,1.896e-05,Very Low
66.5000_-64.5000,66.5,-64.5,0.3482,Very Low,0.0,Very Low
66.5000_-64.0000,66.5,-64.0,1.2332,Very Low,0.0,Very Low
66.5000_-63.5000,66.5,-63.5,0.2791,Very Low,1.896e-05,Very Low
66.5000_-63.0000,66.5,-63.0,0.3498,Very Low,0.0,Very Low
66.5000_-62.5000,66.5,-62.5,0.1447,Very Low,0.0,Very Low
66.5000_-62.0000,66.5,-62.0,0.2472,Very Low,0.0,Very Low
66.5000_-61.5000,66.5,-61.5,0.6241,Very Low,0.0,Very Low
67.0000_-141.0000,67.0,-141.0,0.0743,Very Low,0.00068534,Low
67.0000_-140.5000,67.0,-140.5,0.0033,Very Low,0.00083832,Moderate
67.0000_-140.0000,67.0,-140.0,0.0023,Very Low,0.00068534,Low
67.0000_-139.5000,67.0,-139.5,0.0,Very Low,0.00053927,Low
67.0000_-139.0000,67.0,-139.0,0.0012,Very Low,0.00083832,Moderate
67.0000_-138.5000,67.0,-138.5,0.0,Very Low,0.00105241,Moderate
67.0000_-138.0000,67.0,-138.0,0.0,Very Low,0.00068534,Low
67.0000_-137.5000,67.0,-137.5,0.0,Very Low,0.00105241,Moderate
67.0000_-137.0000,67.0,-137.0,0.0,Very Low,0.00068534,Low
67.0000_-136.5000,67.0,-136.5,0.0,Very Low,0.00068534,Low
67.0000_-136.0000,67.0,-136.0,0.0,Very Low,0.00053927,Low
67.0000_-135.5000,67.0,-135.5,0.0,Very Low,0.00068534,Low
67.0000_-135.0000,67.0,-135.0,0.0,Very Low,0.00083832,Moderate
67.0000_-134.5000,67.0,-134.5,0.0007,Very Low,0.00068534,Low
67.0000_-134.0000,67.0,-134.0,0.0026,Very Low,0.00068534,Low
67.0000_-133.5000,67.0,-133.5,0.0199,Very Low,0.00083832,Moderate
67.0000_-133.0000,67.0,-133.0,0.0561,Very Low,0.00068534,Low
67.0000_-132.5000,67.0,-132.5,0.3364,Very Low,0.00083832,Moderate
67.0000_-132.0000,67.0,-132.0,0.8526,Very Low,0.00083832,Moderate
67.0000_-131.5000,67.0,-131.5,0.7621,Very Low,0.00083832,Moderate
67.0000_-131.0000,67.0,-131.0,0.1337,Very Low,0.00083832,Moderate
67.0000_-130.5000,67.0,-130.5,1.1756,Very Low,0.00083832,Moderate
67.0000_-130.0000,67.0,-130.0,1.911,Very Low,0.00105241,Moderate
67.0000_-129.5000,67.0,-129.5,3.6397,Low,0.00083832,Moderate
67.0000_-129.0000,67.0,-129.0,3.1286,Low,0.00632347,Moderate
67.0000_-128.5000,67.0,-128.5,5.5128,Moderate,0.0054932,Moderate
67.0000_-128.0000,67.0,-128.0,4.7708,Moderate,0.00083832,Moderate
67.0000_-127.5000,67.0,-127.5,5.4349,Moderate,0.00355104,Moderate
67.0000_-127.0000,67.0,-127.0,4.7552,Moderate,0.00105241,Moderate
67.0000_-126.5000,67.0,-126.5,2.5359,Low,0.00068534,Low
67.0000_-126.0000,67.0,-126.0,3.9065,Low,0.00068534,Low
67.0000_-125.5000,67.0,-125.5,2.6643,Low,0.00053927,Low
67.0000_-125.0000,67.0,-125.0,1.5996,Very Low,0.00068534,Low
67.0000_-124.5000,67.0,-124.5,1.6074,Very Low,0.00068534,Low
67.0000_-124.0000,67.0,-124.0,4.5286,Moderate,0.00068534,Low
67.0000_-123.5000,67.0,-123.5,1.8608,Very Low,0.00068534,Low
67.0000_-123.0000,67.0,-123.0,1.6601,Very Low,0.00083832,Moderate
67.0000_-122.5000,67.0,-122.5,1.8991,Very Low,0.00018179,Low
67.0000_-122.0000,67.0,-122.0,3.0217,Low,0.00053927,Low
67.0000_-121.5000,67.0,-121.5,4.5108,Moderate,0.00083832,Moderate
67.0000_-121.0000,67.0,-121.0,3.4646,Low,0.00018179,Low
67.0000_-120.5000,67.0,-120.5,4.0506,Moderate,0.00053927,Low
67.0000_-120.0000,67.0,-120.0,1.3151,Very Low,7.416e-05,Low
67.0000_-119.5000,67.0,-119.5,0.5617,Very Low,0.00068534,Low
67.0000_-119.0000,67.0,-119.0,0.219,Very Low,1.896e-05,Very Low
67.0000_-118.5000,67.0,-118.5,1.516,Very Low,1.896e-05,Very Low
67.0000_-118.0000,67.0,-118.0,0.4995,Very Low,1.896e-05,Very Low
67.0000_-117.5000,67.0,-117.5,0.2935,Very Low,0.0,Very Low
67.0000_-117.0000,67.0,-117.0,0.2867,Very Low,0.0,Very Low
67.0000_-116.5000,67.0,-116.5,0.5612,Very Low,0.0,Very Low
67.0000_-116.0000,67.0,-116.0,0.7122,Very Low,0.0,Very Low
67.0000_-115.5000,67.0,-115.5,0.2941,Very Low,0.0,Very Low
67.0000_-115.0000,67.0,-115.0,0.1891,Very Low,0.0,Very Low
67.0000_-114.5000,67.0,-114.5,0.272,Very Low,0.0,Very Low
67.0000_-114.0000,67.0,-114.0,0.6505,Very Low,0.0,Very Low
67.0000_-113.5000,67.0,-113.5,0.7551,Very Low,0.0,Very Low
67.0000_-113.0000,67.0,-113.0,0.7959,Very Low,0.0,Very Low
67.0000_-112.5000,67.0,-112.5,0.55,Very Low,0.0,Very Low
67.0000_-112.0000,67.0,-112.0,0.4603,Very Low,0.0,Very Low
67.0000_-111.5000,67.0,-111.5,0.593,Very Low,0.0,Very Low
67.0000_-111.0000,67.0,-111.0,0.7132,Very Low,0.0,Very Low
67.0000_-110.5000,67.0,-110.5,0.6636,Very Low,0.0,Very Low
67.0000_-110.0000,67.0,-110.0,0.7471,Very Low,0.0,Very Low
67.0000_-109.5000,67.0,-109.5,0.9143,Very Low,0.0,Very Low
67.0000_-109.0000,67.0,-109.0,1.8665,Very Low,0.0,Very Low
67.0000_-108.5000,67.0,-108.5,7.7765,Moderate,7.416e-05,Low
67.0000_-108.0000,67.0,-108.0,1.5449,Very Low,0.0,Very Low
67.0000_-107.5000,67.0,-107.5,0.5577,Very Low,0.0,Very Low
67.0000_-107.0000,67.0,-107.0,1.4628,Very Low,0.0,Very Low
67.0000_-106.5000,67.0,-106.5,2.5109,Low,0.0,Very Low
67.0000_-106.0000,67.0,-106.0,2.2523,Low,0.0,Very Low
67.0000_-105.5000,67.0,-105.5,3.0615,Low,0.0,Very Low
67.0000_-105.0000,67.0,-105.0,2.9975,Low,0.0,Very Low
67.0000_-104.5000,67.0,-104.5,3.2598,Low,1.896e-05,Very Low
67.0000_-104.0000,67.0,-104.0,3.4419,Low,1.896e-05,Very Low
67.0000_-103.5000,67.0,-103.5,3.8804,Low,1.896e-05,Very Low
67.0000_-103.0000,67.0,-103.0,2.9529,Low,1.896e-05,Very Low
67.0000_-102.5000,67.0,-102.5,3.3726,Low,1.896e-05,Very Low
67.0000_-102.0000,67.0,-102.0,2.6397,Low,1.896e-05,Very Low
67.0000_-101.5000,67.0,-101.5,2.1661,Low,1.896e-05,Very Low
67.0000_-101.0000,67.0,-101.0,1.1651,Very Low,1.896e-05,Very Low
67.0000_-100.5000,67.0,-100.5,1.3724,Very Low,1.896e-05,Very Low
67.0000_-100.0000,67.0,-100.0,2.4999,Low,1.896e-05,Very Low
67.0000_-99.5000,67.0,-99.5,0.5731,Very Low,1.896e-05,Very Low
67.0000_-99.0000,67.0,-99.0,0.3722,Very Low,1.896e-05,Very Low
67.0000_-98.5000,67.0,-98.5,0.1356,Very Low,1.896e-05,Very Low
67.0000_-98.0000,67.0,-98.0,0.1577,Very Low,1.896e-05,Very Low
67.0000_-97.5000,67.0,-97.5,0.0365,Very Low,1.896e-05,Very Low
67.0000_-97.0000,67.0,-97.0,0.0647,Very Low,1.896e-05,Very Low
67.0000_-96.5000,67.0,-96.5,0.1569,Very Low,7.416e-05,Low
67.0000_-96.0000,67.0,-96.0,0.1733,Very Low,7.416e-05,Low
67.0000_-95.5000,67.0,-95.5,0.6257,Very Low,1.896e-05,Very Low
67.0000_-95.0000,67.0,-95.0,0.0394,Very Low,0.0,Very Low
67.0000_-94.5000,67.0,-94.5,0.0007,Very Low,0.0,Very Low
67.0000_-94.0000,67.0,-94.0,0.0062,Very Low,0.0,Very Low
67.0000_-93.5000,67.0,-93.5,0.005,Very Low,1.896e-05,Very Low
67.0000_-93.0000,67.0,-93.0,0.3301,Very Low,1.896e-05,Very Low
67.0000_-92.5000,67.0,-92.5,0.0568,Very Low,1.896e-05,Very Low
67.0000_-92.0000,67.0,-92.0,0.0232,Very Low,0.0,Very Low
67.0000_-91.5000,67.0,-91.5,0.7176,Very Low,1.896e-05,Very Low
67.0000_-91.0000,67.0,-91.0,0.1208,Very Low,1.896e-05,Very Low
67.0000_-90.5000,67.0,-90.5,0.9543,Very Low,1.896e-05,Very Low
67.0000_-90.0000,67.0,-90.0,2.0506,Low,1.896e-05,Very Low
67.0000_-89.5000,67.0,-89.5,0.7445,Very Low,1.896e-05,Very Low
67.0000_-89.0000,67.0,-89.0,1.4124,Very Low,1.896e-05,Very Low
67.0000_-88.5000,67.0,-88.5,1.7509,Very Low,1.896e-05,Very Low
67.0000_-88.0000,67.0,-88.0,1.8462,Very Low,1.896e-05,Very Low
67.0000_-87.5000,67.0,-87.5,2.9999,Low,1.896e-05,Very Low
67.0000_-87.0000,67.0,-87.0,2.1495,Low,1.896e-05,Very Low
67.0000_-86.5000,67.0,-86.5,1.7553,Very Low,1.896e-05,Very Low
67.0000_-86.0000,67.0,-86.0,4.2193,Moderate,1.896e-05,Very Low
67.0000_-85.5000,67.0,-85.5,4.755,Moderate,1.896e-05,Very Low
67.0000_-85.0000,67.0,-85.0,3.5307,Low,1.896e-05,Very Low
67.0000_-84.5000,67.0,-84.5,4.9076,Moderate,7.416e-05,Low
67.0000_-84.0000,67.0,-84.0,5.7225,Moderate,1.896e-05,Very Low
67.0000_-83.5000,67.0,-83.5,6.7847,Moderate,1.896e-05,Very Low
67.0000_-83.0000,67.0,-83.0,6.8732,Moderate,1.896e-05,Very Low
67.0000_-82.5000,67.0,-82.5,8.8724,High,1.896e-05,Very Low
67.0000_-82.0000,67.0,-82.0,10.5788,High,7.416e-05,Low
67.0000_-81.5000,67.0,-81.5,10.2211,High,1.896e-05,Very Low
67.0000_-73.0000,67.0,-73.0,3.9759,Low,1.896e-05,Very Low
67.0000_-72.5000,67.0,-72.5,1.2957,Very Low,1.896e-05,Very Low
67.0000_-72.0000,67.0,-72.0,0.8251,Very Low,1.896e-05,Very Low
67.0000_-71.5000,67.0,-71.5,3.0088,Low,1.896e-05,Very Low
67.0000_-71.0000,67.0,-71.0,2.4033,Low,1.896e-05,Very Low
67.0000_-70.5000,67.0,-70.5,1.4585,Very Low,1.896e-05,Very Low
67.0000_-70.0000,67.0,-70.0,2.0208,Low,1.896e-05,Very Low
67.0000_-69.5000,67.0,-69.5,0.9419,Very Low,1.896e-05,Very Low
67.0000_-69.0000,67.0,-69.0,1.8654,Very Low,1.896e-05,Very Low
67.0000_-68.5000,67.0,-68.5,1.6663,Very Low,1.896e-05,Very Low
67.0000_-68.0000,67.0,-68.0,1.3354,Very Low,1.896e-05,Very Low
67.0000_-67.5000,67.0,-67.5,1.0507,Very Low,1.896e-05,Very Low
67.0000_-67.0000,67.0,-67.0,0.9669,Very Low,1.896e-05,Very Low
67.0000_-66.5000,67.0,-66.5,0.9618,Very Low,1.896e-05,Very Low
67.0000_-66.0000,67.0,-66.0,1.9656,Very Low,0.0,Very Low
67.0000_-65.5000,67.0,-65.5,3.6607,Low,1.896e-05,Very Low
67.0000_-65.0000,67.0,-65.0,4.4003,Moderate,1.896e-05,Very Low
67.0000_-64.5000,67.0,-64.5,0.4655,Very Low,0.0,Very Low
67.0000_-64.0000,67.0,-64.0,0.482,Very Low,0.0,Very Low
67.0000_-63.5000,67.0,-63.5,0.4602,Very Low,1.896e-05,Very Low
67.0000_-63.0000,67.0,-63.0,0.4078,Very Low,1.896e-05,Very Low
67.0000_-62.5000,67.0,-62.5,0.4103,Very Low,0.0,Very Low
67.0000_-62.0000,67.0,-62.0,0.2397,Very Low,0.0,Very Low
67.5000_-141.0000,67.5,-141.0,0.305,Very Low,0.00053927,Low
67.5000_-140.5000,67.5,-140.5,0.5439,Very Low,0.00083832,Moderate
67.5000_-140.0000,67.5,-140.0,0.7955,Very Low,0.00083832,Moderate
67.5000_-139.5000,67.5,-139.5,0.1142,Very Low,0.00105241,Moderate
67.5000_-139.0000,67.5,-139.0,0.0002,Very Low,0.00105241,Moderate
67.5000_-138.5000,67.5,-138.5,0.0,Very Low,0.00068534,Low
67.5000_-138.0000,67.5,-138.0,0.0,Very Low,0.00068534,Low
67.5000_-137.5000,67.5,-137.5,0.0,Very Low,0.00068534,Low
67.5000_-137.0000,67.5,-137.0,0.0,Very Low,0.00083832,Moderate
67.5000_-136.5000,67.5,-136.5,0.0,Very Low,0.00068534,Low
67.5000_-136.0000,67.5,-136.0,0.0,Very Low,0.00053927,Low
67.5000_-135.5000,67.5,-135.5,0.0,Very Low,0.00139077,Moderate
67.5000_-135.0000,67.5,-135.0,0.0001,Very Low,0.0023586,Moderate
67.5000_-134.5000,67.5,-134.5,0.0006,Very Low,0.00139077,Moderate
67.5000_-134.0000,67.5,-134.0,0.0003,Very Low,0.00068534,Low
67.5000_-133.5000,67.5,-133.5,0.0015,Very Low,0.00140231,Moderate
67.5000_-133.0000,67.5,-133.0,0.0042,Very Low,0.00053927,Low
67.5000_-132.5000,67.5,-132.5,0.0378,Very Low,0.00068534,Low
67.5000_-132.0000,67.5,-132.0,0.428,Very Low,0.00083832,Moderate
67.5000_-131.5000,67.5,-131.5,0.6295,Very Low,0.00068534,Low
67.5000_-131.0000,67.5,-131.0,1.2745,Very Low,0.00068534,Low
67.5000_-130.5000,67.5,-130.5,0.7944,Very Low,0.00083832,Moderate
67.5000_-130.0000,67.5,-130.0,2.4709,Low,0.00139077,Moderate
67.5000_-129.5000,67.5,-129.5,0.9959,Very Low,0.0023586,Moderate
67.5000_-129.0000,67.5,-129.0,4.2418,Moderate,0.00932712,Moderate
67.5000_-128.5000,67.5,-128.5,3.6553,Low,0.00896526,Moderate
67.5000_-128.0000,67.5,-128.0,6.0509,Moderate,0.00139077,Moderate
67.5000_-127.5000,67.5,-127.5,0.7536,Very Low,0.00068534,Low
67.5000_-127.0000,67.5,-127.0,2.6507,Low,0.00068534,Low
67.5000_-126.5000,67.5,-126.5,5.755,Moderate,0.00083832,Moderate
67.5000_-126.0000,67.5,-126.0,3.4477,Low,0.00083832,Moderate
67.5000_-125.5000,67.5,-125.5,3.5647,Low,0.0023586,Moderate
67.5000_-125.0000,67.5,-125.0,4.2508,Moderate,0.00068534,Low
67.5000_-124.5000,67.5,-124.5,1.6457,Very Low,1.896e-05,Very Low
67.5000_-124.0000,67.5,-124.0,0.947,Very Low,0.00068534,Low
67.5000_-123.5000,67.5,-123.5,0.6458,Very Low,0.00068534,Low
67.5000_-123.0000,67.5,-123.0,0.162,Very Low,1.896e-05,Very Low
67.5000_-122.5000,67.5,-122.5,0.2867,Very Low,1.896e-05,Very Low
67.5000_-122.0000,67.5,-122.0,0.1509,Very Low,1.896e-05,Very Low
67.5000_-121.5000,67.5,-121.5,0.2864,Very Low,7.416e-05,Low
67.5000_-121.0000,67.5,-121.0,2.9019,Low,7.416e-05,Low
67.5000_-120.5000,67.5,-120.5,2.8504,Low,7.416e-05,Low
67.5000_-120.0000,67.5,-120.0,2.6317,Low,0.00018179,Low
67.5000_-119.5000,67.5,-119.5,0.5293,Very Low,7.416e-05,Low
67.5000_-119.0000,67.5,-119.0,0.186,Very Low,1.896e-05,Very Low
67.5000_-118.5000,67.5,-118.5,0.0661,Very Low,1.896e-05,Very Low
67.5000_-118.0000,67.5,-118.0,0.1927,Very Low,1.896e-05,Very Low
67.5000_-117.5000,67.5,-117.5,0.1739,Very Low,0.0,Very Low
67.5000_-117.0000,67.5,-117.0,0.0792,Very Low,0.0,Very Low
67.5000_-116.5000,67.5,-116.5,0.5214,Very Low,0.0,Very Low
67.5000_-116.0000,67.5,-116.0,1.2989,Very Low,0.0,Very Low
67.5000_-115.5000,67.5,-115.5,1.9395,Very Low,0.0,Very Low
67.5000_-115.0000,67.5,-115.0,0.9522,Very Low,0.0,Very Low
67.5000_-114.5000,67.5,-114.5,0.6432,Very Low,0.0,Very Low
67.5000_-114.0000,67.5,-114.0,0.689,Very Low,0.0,Very Low
67.5000_-113.5000,67.5,-113.5,0.6668,Very Low,0.0,Very Low
67.5000_-113.0000,67.5,-113.0,0.479,Very Low,0.0,Very Low
67.5000_-112.5000,67.5,-112.5,0.5362,Very Low,0.0,Very Low
67.5000_-112.0000,67.5,-112.0,0.5221,Very Low,0.0,Very Low
67.5000_-111.5000,67.5,-111.5,0.4893,Very Low,0.0,Very Low
67.5000_-111.0000,67.5,-111.0,0.3939,Very Low,0.0,Very Low
67.5000_-110.5000,67.5,-110.5,0.3539,Very Low,0.0,Very Low
67.5000_-110.0000,67.5,-110.0,0.7483,Very Low,0.0,Very Low
67.5000_-109.5000,67.5,-109.5,1.8703,Very Low,0.0,Very Low
67.5000_-109.0000,67.5,-109.0,0.969,Very Low,0.0,Very Low
67.5000_-108.5000,67.5,-108.5,0.562,Very Low,0.0,Very Low
67.5000_-108.0000,67.5,-108.0,0.2055,Very Low,0.0,Very Low
67.5000_-107.5000,67.5,-107.5,0.1638,Very Low,0.0,Very Low
67.5000_-107.0000,67.5,-107.0,1.6362,Very Low,0.0,Very Low
67.5000_-106.5000,67.5,-106.5,4.8548,Moderate,1.896e-05,Very Low
67.5000_-106.0000,67.5,-106.0,3.4493,Low,1.896e-05,Very Low
67.5000_-105.5000,67.5,-105.5,5.5736,Moderate,1.896e-05,Very Low
67.5000_-105.0000,67.5,-105.0,3.1399,Low,1.896e-05,Very Low
67.5000_-104.5000,67.5,-104.5,2.559,Low,1.896e-05,Very Low
67.5000_-104.0000,67.5,-104.0,2.4939,Low,1.896e-05,Very Low
67.5000_-103.5000,67.5,-103.5,4.2493,Moderate,1.896e-05,Very Low
67.5000_-103.0000,67.5,-103.0,4.889,Moderate,1.896e-05,Very Low
67.5000_-102.5000,67.5,-102.5,5.0211,Moderate,1.896e-05,Very Low
67.5000_-102.0000,67.5,-102.0,4.0761,Moderate,1.896e-05,Very Low
67.5000_-101.5000,67.5,-101.5,2.0924,Low,1.896e-05,Very Low
67.5000_-101.0000,67.5,-101.0,0.6727,Very Low,1.896e-05,Very Low
67.5000_-100.5000,67.5,-100.5,0.2378,Very Low,1.896e-05,Very Low
67.5000_-100.0000,67.5,-100.0,0.6628,Very Low,1.896e-05,Very Low
67.5000_-99.5000,67.5,-99.5,1.2909,Very Low,1.896e-05,Very Low
67.5000_-99.0000,67.5,-99.0,1.1353,Very Low,1.896e-05,Very Low
67.5000_-98.5000,67.5,-98.5,0.2282,Very Low,1.896e-05,Very Low
67.5000_-98.0000,67.5,-98.0,0.1022,Very Low,1.896e-05,Very Low
67.5000_-97.5000,67.5,-97.5,0.1093,Very Low,1.896e-05,Very Low
67.5000_-97.0000,67.5,-97.0,0.0181,Very Low,1.896e-05,Very Low
67.5000_-96.5000,67.5,-96.5,0.0201,Very Low,1.896e-05,Very Low
67.5000_-96.0000,67.5,-96.0,0.0075,Very Low,1.896e-05,Very Low
67.5000_-95.5000,67.5,-95.5,0.0438,Very Low,1.896e-05,Very Low
67.5000_-95.0000,67.5,-95.0,0.0014,Very Low,0.0,Very Low
67.5000_-94.5000,67.5,-94.5,0.0014,Very Low,0.0,Very Low
67.5000_-94.0000,67.5,-94.0,0.0587,Very Low,1.896e-05,Very Low
67.5000_-93.5000,67.5,-93.5,0.0168,Very Low,1.896e-05,Very Low
67.5000_-93.0000,67.5,-93.0,0.0461,Very Low,1.896e-05,Very Low
67.5000_-92.5000,67.5,-92.5,0.0685,Very Low,0.0,Very Low
67.5000_-92.0000,67.5,-92.0,0.4861,Very Low,1.896e-05,Very Low
67.5000_-91.5000,67.5,-91.5,1.4672,Very Low,1.896e-05,Very Low
67.5000_-91.0000,67.5,-91.0,0.3802,Very Low,1.896e-05,Very Low
67.5000_-90.5000,67.5,-90.5,0.8357,Very Low,1.896e-05,Very Low
67.5000_-90.0000,67.5,-90.0,3.0835,Low,1.896e-05,Very Low
67.5000_-89.5000,67.5,-89.5,0.7524,Very Low,1.896e-05,Very Low
67.5000_-89.0000,67.5,-89.0,0.9426,Very Low,1.896e-05,Very Low
67.5000_-88.5000,67.5,-88.5,3.2543,Low,1.896e-05,Very Low
67.5000_-88.0000,67.5,-88.0,2.8534,Low,1.896e-05,Very Low
67.5000_-87.5000,67.5,-87.5,4.1111,Moderate,1.896e-05,Very Low
67.5000_-86.5000,67.5,-86.5,3.0704,Low,1.896e-05,Very Low
67.5000_-86.0000,67.5,-86.0,1.1945,Very Low,1.896e-05,Very Low
67.5000_-85.5000,67.5,-85.5,4.1452,Moderate,7.416e-05,Low
67.5000_-85.0000,67.5,-85.0,5.8465,Moderate,1.896e-05,Very Low
67.5000_-84.5000,67.5,-84.5,7.8899,Moderate,1.896e-05,Very Low
67.5000_-84.0000,67.5,-84.0,10.0636,High,1.896e-05,Very Low
67.5000_-83.5000,67.5,-83.5,9.3829,High,1.896e-05,Very Low
67.5000_-83.0000,67.5,-83.0,9.0644,High,1.896e-05,Very Low
67.5000_-82.5000,67.5,-82.5,9.2445,High,1.896e-05,Very Low
67.5000_-82.0000,67.5,-82.0,9.9478,High,1.896e-05,Very Low
67.5000_-81.5000,67.5,-81.5,10.4401,High,1.896e-05,Very Low
67.5000_-77.0000,67.5,-77.0,6.5138,Moderate,1.896e-05,Very Low
67.5000_-76.5000,67.5,-76.5,6.5175,Moderate,1.896e-05,Very Low
67.5000_-76.0000,67.5,-76.0,6.7287,Moderate,1.896e-05,Very Low
67.5000_-75.5000,67.5,-75.5,7.403,Moderate,1.896e-05,Very Low
67.5000_-75.0000,67.5,-75.0,7.1102,Moderate,1.896e-05,Very Low
67.5000_-72.5000,67.5,-72.5,2.0643,Low,7.416e-05,Low
67.5000_-72.0000,67.5,-72.0,0.9185,Very Low,1.896e-05,Very Low
67.5000_-71.5000,67.5,-71.5,2.9985,Low,1.896e-05,Very Low
67.5000_-71.0000,67.5,-71.0,4.7151,Moderate,1.896e-05,Very Low
67.5000_-70.5000,67.5,-70.5,2.6057,Low,1.896e-05,Very Low
67.5000_-70.0000,67.5,-70.0,3.0643,Low,1.896e-05,Very Low
67.5000_-69.5000,67.5,-69.5,2.1081,Low,1.896e-05,Very Low
67.5000_-69.0000,67.5,-69.0,0.7674,Very Low,1.896e-05,Very Low
67.5000_-68.5000,67.5,-68.5,1.925,Very Low,1.896e-05,Very Low
67.5000_-68.0000,67.5,-68.0,1.5061,Very Low,1.896e-05,Very Low
67.5000_-67.5000,67.5,-67.5,0.8734,Very Low,1.896e-05,Very Low
67.5000_-67.0000,67.5,-67.0,1.4683,Very Low,1.896e-05,Very Low
67.5000_-66.5000,67.5,-66.5,2.0493,Low,1.896e-05,Very Low
67.5000_-66.0000,67.5,-66.0,1.857,Very Low,0.0,Very Low
67.5000_-65.5000,67.5,-65.5,3.6604,Low,1.896e-05,Very Low
67.5000_-65.0000,67.5,-65.0,7.6731,Moderate,1.896e-05,Very Low
67.5000_-64.5000,67.5,-64.5,4.0716,Moderate,0.0,Very Low
67.5000_-64.0000,67.5,-64.0,2.7251,Low,1.896e-05,Very Low
68.0000_-141.0000,68.0,-141.0,0.9097,Very Low,1.896e-05,Very Low
68.0000_-140.5000,68.0,-140.5,1.3178,Very Low,0.00083832,Moderate
68.0000_-140.0000,68.0,-140.0,0.3115,Very Low,0.00068534,Low
68.0000_-139.5000,68.0,-139.5,0.4267,Very Low,0.00139077,Moderate
68.0000_-139.0000,68.0,-139.0,0.6175,Very Low,0.00083832,Moderate
68.0000_-138.5000,68.0,-138.5,0.1364,Very Low,0.00068534,Low
68.0000_-138.0000,68.0,-138.0,0.0003,Very Low,0.00068534,Low
68.0000_-137.5000,68.0,-137.5,0.0003,Very Low,0.00068534,Low
68.0000_-137.0000,68.0,-137.0,0.0,Very Low,1.896e-05,Very Low
68.0000_-136.5000,68.0,-136.5,0.0,Very Low,1.896e-05,Very Low
68.0000_-136.0000,68.0,-136.0,0.0002,Very Low,0.00068534,Low
68.0000_-135.5000,68.0,-135.5,0.0,Very Low,0.00068534,Low
68.0000_-135.0000,68.0,-135.0,0.0012,Very Low,0.00068534,Low
68.0000_-134.5000,68.0,-134.5,0.0004,Very Low,0.00015106,Low
68.0000_-134.0000,68.0,-134.0,0.0001,Very Low,0.00083832,Moderate
68.0000_-133.5000,68.0,-133.5,0.0001,Very Low,0.00083832,Moderate
68.0000_-133.0000,68.0,-133.0,0.0002,Very Low,0.00083832,Moderate
68.0000_-132.5000,68.0,-132.5,0.0006,Very Low,0.00068534,Low
68.0000_-132.0000,68.0,-132.0,0.0022,Very Low,0.00083832,Moderate
68.0000_-131.5000,68.0,-131.5,0.0468,Very Low,0.00243473,Moderate
68.0000_-131.0000,68.0,-131.0,0.0769,Very Low,0.00105241,Moderate
68.0000_-130.5000,68.0,-130.5,0.3224,Very Low,0.00139077,Moderate
68.0000_-130.0000,68.0,-130.0,2.6088,Low,0.00305399,Moderate
68.0000_-129.5000,68.0,-129.5,3.0409,Low,0.0023586,Moderate
68.0000_-129.0000,68.0,-129.0,4.5911,Moderate,0.0023586,Moderate
68.0000_-128.5000,68.0,-128.5,3.2259,Low,0.00083832,Moderate
68.0000_-128.0000,68.0,-128.0,4.368,Moderate,0.0023586,Moderate
68.0000_-127.5000,68.0,-127.5,3.6636,Low,0.0023586,Moderate
68.0000_-127.0000,68.0,-127.0,3.1544,Low,0.00083832,Moderate
68.0000_-126.5000,68.0,-126.5,2.3369,Low,0.00083832,Moderate
68.0000_-126.0000,68.0,-126.0,2.2212,Low,0.00083832,Moderate
68.0000_-125.5000,68.0,-125.5,0.4706,Very Low,0.00068534,Low
68.0000_-125.0000,68.0,-125.0,0.3612,Very Low,0.00053927,Low
68.0000_-124.5000,68.0,-124.5,0.0049,Very Low,1.896e-05,Very Low
68.0000_-124.0000,68.0,-124.0,0.0009,Very Low,1.896e-05,Very Low
68.0000_-123.5000,68.0,-123.5,0.0006,Very Low,7.416e-05,Low
68.0000_-123.0000,68.0,-123.0,0.0006,Very Low,1.896e-05,Very Low
68.0000_-122.5000,68.0,-122.5,0.0114,Very Low,1.896e-05,Very Low
68.0000_-122.0000,68.0,-122.0,0.015,Very Low,1.896e-05,Very Low
68.0000_-121.5000,68.0,-121.5,0.0055,Very Low,1.896e-05,Very Low
68.0000_-121.0000,68.0,-121.0,0.1059,Very Low,1.896e-05,Very Low
68.0000_-120.5000,68.0,-120.5,0.0411,Very Low,1.896e-05,Very Low
68.0000_-120.0000,68.0,-120.0,0.0059,Very Low,1.896e-05,Very Low
68.0000_-119.5000,68.0,-119.5,0.0341,Very Low,1.896e-05,Very Low
68.0000_-119.0000,68.0,-119.0,0.138,Very Low,1.896e-05,Very Low
68.0000_-118.5000,68.0,-118.5,0.1577,Very Low,1.896e-05,Very Low
68.0000_-118.0000,68.0,-118.0,0.1506,Very Low,0.0,Very Low
68.0000_-117.5000,68.0,-117.5,0.2297,Very Low,0.0,Very Low
68.0000_-117.0000,68.0,-117.0,0.192,Very Low,0.0,Very Low
68.0000_-116.5000,68.0,-116.5,0.138,Very Low,0.0,Very Low
68.0000_-116.0000,68.0,-116.0,0.1901,Very Low,0.0,Very Low
68.0000_-115.5000,68.0,-115.5,0.1707,Very Low,0.0,Very Low
68.0000_-115.0000,68.0,-115.0,0.2535,Very Low,0.0,Very Low
68.0000_-113.5000,68.0,-113.5,0.0815,Very Low,0.0,Very Low
68.0000_-113.0000,68.0,-113.0,0.0367,Very Low,0.0,Very Low
68.0000_-111.0000,68.0,-111.0,0.2688,Very Low,0.0,Very Low
68.0000_-110.5000,68.0,-110.5,0.5709,Very Low,0.0,Very Low
68.0000_-110.0000,68.0,-110.0,0.8737,Very Low,0.0,Very Low
68.0000_-109.5000,68.0,-109.5,0.7058,Very Low,0.0,Very Low
68.0000_-109.0000,68.0,-109.0,0.8588,Very Low,1.896e-05,Very Low
68.0000_-108.0000,68.0,-108.0,3.6935,Low,1.896e-05,Very Low
68.0000_-107.5000,68.0,-107.5,4.6642,Moderate,1.896e-05,Very Low
68.0000_-107.0000,68.0,-107.0,3.4218,Low,1.896e-05,Very Low
68.0000_-106.5000,68.0,-106.5,2.6691,Low,1.896e-05,Very Low
68.0000_-106.0000,68.0,-106.0,0.9347,Very Low,1.896e-05,Very Low
68.0000_-105.5000,68.0,-105.5,0.4647,Very Low,1.896e-05,Very Low
68.0000_-105.0000,68.0,-105.0,0.616,Very Low,1.896e-05,Very Low
68.0000_-104.5000,68.0,-104.5,0.8624,Very Low,1.896e-05,Very Low
68.0000_-104.0000,68.0,-104.0,0.3595,Very Low,1.896e-05,Very Low
68.0000_-103.5000,68.0,-103.5,0.3882,Very Low,0.0,Very Low
68.0000_-103.0000,68.0,-103.0,0.3297,Very Low,1.896e-05,Very Low
68.0000_-99.0000,68.0,-99.0,1.3882,Very Low,7.416e-05,Low
68.0000_-98.5000,68.0,-98.5,0.8766,Very Low,1.896e-05,Very Low
68.0000_-98.0000,68.0,-98.0,0.0467,Very Low,1.896e-05,Very Low
68.0000_-97.5000,68.0,-97.5,0.0314,Very Low,1.896e-05,Very Low
68.0000_-97.0000,68.0,-97.0,0.2984,Very Low,1.896e-05,Very Low
68.0000_-96.5000,68.0,-96.5,0.8298,Very Low,1.896e-05,Very Low
68.0000_-96.0000,68.0,-96.0,0.4526,Very Low,1.896e-05,Very Low
68.0000_-95.5000,68.0,-95.5,0.5759,Very Low,1.896e-05,Very Low
68.0000_-95.0000,68.0,-95.0,0.3025,Very Low,1.896e-05,Very Low
68.0000_-94.5000,68.0,-94.5,0.5873,Very Low,1.896e-05,Very Low
68.0000_-94.0000,68.0,-94.0,0.3602,Very Low,1.896e-05,Very Low
68.0000_-93.5000,68.0,-93.5,2.7302,Low,1.896e-05,Very Low
68.0000_-93.0000,68.0,-93.0,3.5364,Low,7.416e-05,Low
68.0000_-92.5000,68.0,-92.5,2.4061,Low,7.416e-05,Low
68.0000_-92.0000,68.0,-92.0,1.8191,Very Low,1.896e-05,Very Low
68.0000_-91.5000,68.0,-91.5,2.3339,Low,1.896e-05,Very Low
68.0000_-91.0000,68.0,-91.0,5.0973,Moderate,1.896e-05,Very Low
68.0000_-90.5000,68.0,-90.5,4.2668,Moderate,1.896e-05,Very Low
68.0000_-90.0000,68.0,-90.0,4.2366,Moderate,1.896e-05,Very Low
68.0000_-89.5000,68.0,-89.5,3.1199,Low,1.896e-05,Very Low
68.0000_-89.0000,68.0,-89.0,2.6966,Low,1.896e-05,Very Low
68.0000_-88.5000,68.0,-88.5,2.1196,Low,1.896e-05,Very Low
68.0000_-87.0000,68.0,-87.0,6.8136,Moderate,1.896e-05,Very Low
68.0000_-86.5000,68.0,-86.5,3.0511,Low,1.896e-05,Very Low
68.0000_-86.0000,68.0,-86.0,3.8124,Low,1.896e-05,Very Low
68.0000_-85.5000,68.0,-85.5,3.2942,Low,1.896e-05,Very Low
68.0000_-85.0000,68.0,-85.0,6.7249,Moderate,7.416e-05,Low
68.0000_-84.5000,68.0,-84.5,10.5304,High,1.896e-05,Very Low
68.0000_-84.0000,68.0,-84.0,9.1567,High,1.896e-05,Very Low
68.0000_-83.5000,68.0,-83.5,9.2772,High,1.896e-05,Very Low
68.0000_-83.0000,68.0,-83.0,11.0707,High,7.416e-05,Low
68.0000_-82.5000,68.0,-82.5,11.7181,High,7.416e-05,Low
68.0000_-82.0000,68.0,-82.0,11.1874,High,1.896e-05,Very Low
68.0000_-77.0000,68.0,-77.0,6.4299,Moderate,1.896e-05,Very Low
68.0000_-76.5000,68.0,-76.5,6.5906,Moderate,1.896e-05,Very Low
68.0000_-76.0000,68.0,-76.0,6.4698,Moderate,1.896e-05,Very Low
68.0000_-75.5000,68.0,-75.5,6.933,Moderate,1.896e-05,Very Low
68.0000_-75.0000,68.0,-75.0,7.4309,Moderate,1.896e-05,Very Low
68.0000_-74.5000,68.0,-74.5,6.8161,Moderate,1.896e-05,Very Low
68.0000_-74.0000,68.0,-74.0,7.1122,Moderate,1.896e-05,Very Low
68.0000_-73.5000,68.0,-73.5,8.1142,High,1.896e-05,Very Low
68.0000_-73.0000,68.0,-73.0,7.2802,Moderate,1.896e-05,Very Low
68.0000_-72.5000,68.0,-72.5,3.1537,Low,1.896e-05,Very Low
68.0000_-72.0000,68.0,-72.0,1.7564,Very Low,1.896e-05,Very Low
68.0000_-71.5000,68.0,-71.5,2.46,Low,7.416e-05,Low
68.0000_-71.0000,68.0,-71.0,5.0038,Moderate,1.896e-05,Very Low
68.0000_-70.5000,68.0,-70.5,2.7631,Low,7.416e-05,Low
68.0000_-70.0000,68.0,-70.0,2.9621,Low,1.896e-05,Very Low
68.0000_-69.5000,68.0,-69.5,2.3924,Low,1.896e-05,Very Low
68.0000_-69.0000,68.0,-69.0,0.5521,Very Low,1.896e-05,Very Low
68.0000_-68.5000,68.0,-68.5,1.8248,Very Low,1.896e-05,Very Low
68.0000_-68.0000,68.0,-68.0,2.2174,Low,1.896e-05,Very Low
68.0000_-67.5000,68.0,-67.5,1.6151,Very Low,1.896e-05,Very Low
68.0000_-67.0000,68.0,-67.0,1.6269,Very Low,1.896e-05,Very Low
68.0000_-66.5000,68.0,-66.5,1.5301,Very Low,1.896e-05,Very Low
68.0000_-66.0000,68.0,-66.0,2.4644,Low,1.896e-05,Very Low
68.0000_-65.5000,68.0,-65.5,2.9858,Low,1.896e-05,Very Low
68.0000_-65.0000,68.0,-65.0,5.3698,Moderate,1.896e-05,Very Low
68.0000_-64.5000,68.0,-64.5,6.2802,Moderate,1.896e-05,Very Low
68.5000_-141.0000,68.5,-141.0,0.0394,Very Low,1.896e-05,Very Low
68.5000_-140.5000,68.5,-140.5,0.2167,Very Low,0.00053927,Low
68.5000_-140.0000,68.5,-140.0,0.2212,Very Low,0.00068534,Low
68.5000_-139.5000,68.5,-139.5,0.1197,Very Low,0.00083832,Moderate
68.5000_-139.0000,68.5,-139.0,0.0481,Very Low,0.00068534,Low
68.5000_-138.5000,68.5,-138.5,0.0061,Very Low,0.00053927,Low
68.5000_-138.0000,68.5,-138.0,0.0194,Very Low,0.0,Very Low
68.5000_-137.5000,68.5,-137.5,0.0,Very Low,1.896e-05,Very Low
68.5000_-137.0000,68.5,-137.0,0.0,Very Low,0.00053927,Low
68.5000_-136.5000,68.5,-136.5,0.0,Very Low,0.0,Very Low
68.5000_-136.0000,68.5,-136.0,0.0,Very Low,1.896e-05,Very Low
68.5000_-135.5000,68.5,-135.5,0.0001,Very Low,0.00053927,Low
68.5000_-135.0000,68.5,-135.0,0.0,Very Low,0.00015106,Low
68.5000_-134.5000,68.5,-134.5,0.001,Very Low,7.416e-05,Low
68.5000_-134.0000,68.5,-134.0,0.0006,Very Low,0.00083832,Moderate
68.5000_-133.5000,68.5,-133.5,0.0001,Very Low,0.00083832,Moderate
68.5000_-133.0000,68.5,-133.0,0.0,Very Low,0.00083832,Moderate
68.5000_-132.5000,68.5,-132.5,0.002,Very Low,0.00068534,Low
68.5000_-132.0000,68.5,-132.0,0.0003,Very Low,0.00139077,Moderate
68.5000_-131.5000,68.5,-131.5,0.0008,Very Low,0.00068534,Low
68.5000_-131.0000,68.5,-131.0,0.0078,Very Low,0.00068534,Low
68.5000_-130.5000,68.5,-130.5,0.0185,Very Low,0.00139077,Moderate
68.5000_-130.0000,68.5,-130.0,0.0106,Very Low,0.0023586,Moderate
68.5000_-129.5000,68.5,-129.5,0.1373,Very Low,0.00105241,Moderate
68.5000_-129.0000,68.5,-129.0,0.4984,Very Low,0.00139077,Moderate
68.5000_-128.5000,68.5,-128.5,0.2941,Very Low,0.00083832,Moderate
68.5000_-128.0000,68.5,-128.0,0.0632,Very Low,0.00083832,Moderate
68.5000_-127.5000,68.5,-127.5,0.0905,Very Low,0.00139077,Moderate
68.5000_-127.0000,68.5,-127.0,0.0039,Very Low,0.0023586,Moderate
68.5000_-126.5000,68.5,-126.5,0.0668,Very Low,7.416e-05,Low
68.5000_-126.0000,68.5,-126.0,0.0505,Very Low,1.896e-05,Very Low
68.5000_-125.5000,68.5,-125.5,0.016,Very Low,0.00018179,Low
68.5000_-125.0000,68.5,-125.0,0.0,Very Low,1.896e-05,Very Low
68.5000_-124.5000,68.5,-124.5,0.0,Very Low,1.896e-05,Very Low
68.5000_-124.0000,68.5,-124.0,0.0,Very Low,1.896e-05,Very Low
68.5000_-123.5000,68.5,-123.5,0.0,Very Low,1.896e-05,Very Low
68.5000_-123.0000,68.5,-123.0,0.0,Very Low,0.0,Very Low
68.5000_-122.5000,68.5,-122.5,0.0,Very Low,0.0,Very Low
68.5000_-122.0000,68.5,-122.0,0.0,Very Low,0.0,Very Low
68.5000_-121.5000,68.5,-121.5,0.0,Very Low,0.0,Very Low
68.5000_-121.0000,68.5,-121.0,0.0008,Very Low,1.896e-05,Very Low
68.5000_-120.5000,68.5,-120.5,0.0009,Very Low,1.896e-05,Very Low
68.5000_-120.0000,68.5,-120.0,0.0034,Very Low,1.896e-05,Very Low
68.5000_-119.5000,68.5,-119.5,0.01,Very Low,1.896e-05,Very Low
68.5000_-119.0000,68.5,-119.0,0.0308,Very Low,1.896e-05,Very Low
68.5000_-118.5000,68.5,-118.5,0.1413,Very Low,1.896e-05,Very Low
68.5000_-118.0000,68.5,-118.0,0.2258,Very Low,0.0,Very Low
68.5000_-117.5000,68.5,-117.5,0.1731,Very Low,0.0,Very Low
68.5000_-117.0000,68.5,-117.0,0.1428,Very Low,0.0,Very Low
68.5000_-116.5000,68.5,-116.5,0.6697,Very Low,0.0,Very Low
68.5000_-116.0000,68.5,-116.0,0.7051,Very Low,0.0,Very Low
68.5000_-115.5000,68.5,-115.5,0.4603,Very Low,0.0,Very Low
68.5000_-115.0000,68.5,-115.0,0.6402,Very Low,0.0,Very Low
68.5000_-114.5000,68.5,-114.5,0.4831,Very Low,0.0,Very Low
68.5000_-114.0000,68.5,-114.0,0.2431,Very Low,0.0,Very Low
68.5000_-113.5000,68.5,-113.5,0.0353,Very Low,0.0,Very Low
68.5000_-113.0000,68.5,-113.0,0.0257,Very Low,0.0,Very Low
68.5000_-112.5000,68.5,-112.5,0.003,Very Low,1.896e-05,Very Low
68.5000_-112.0000,68.5,-112.0,0.0825,Very Low,1.896e-05,Very Low
68.5000_-111.5000,68.5,-111.5,2.3483,Low,1.896e-05,Very Low
68.5000_-111.0000,68.5,-111.0,2.0999,Low,1.896e-05,Very Low
68.5000_-110.5000,68.5,-110.5,3.0469,Low,1.896e-05,Very Low
68.5000_-108.5000,68.5,-108.5,2.6997,Low,1.896e-05,Very Low
68.5000_-108.0000,68.5,-108.0,2.1366,Low,1.896e-05,Very Low
68.5000_-107.5000,68.5,-107.5,1.3928,Very Low,7.416e-05,Low
68.5000_-107.0000,68.5,-107.0,0.7712,Very Low,7.416e-05,Low
68.5000_-106.5000,68.5,-106.5,0.3727,Very Low,0.00015106,Low
68.5000_-106.0000,68.5,-106.0,0.5548,Very Low,0.00018179,Low
68.5000_-105.5000,68.5,-105.5,0.0826,Very Low,0.00015106,Low
68.5000_-105.0000,68.5,-105.0,0.0041,Very Low,1.896e-05,Very Low
68.5000_-104.5000,68.5,-104.5,0.0062,Very Low,1.896e-05,Very Low
68.5000_-102.0000,68.5,-102.0,0.2095,Very Low,1.896e-05,Very Low
68.5000_-98.5000,68.5,-98.5,3.0857,Low,1.896e-05,Very Low
68.5000_-98.0000,68.5,-98.0,6.1633,Moderate,1.896e-05,Very Low
68.5000_-97.5000,68.5,-97.5,0.4046,Very Low,1.896e-05,Very Low
68.5000_-97.0000,68.5,-97.0,0.8922,Very Low,1.896e-05,Very Low
68.5000_-96.5000,68.5,-96.5,0.6209,Very Low,1.896e-05,Very Low
68.5000_-96.0000,68.5,-96.0,1.4115,Very Low,7.416e-05,Low
68.5000_-94.0000,68.5,-94.0,0.2819,Very Low,0.00018179,Low
68.5000_-93.5000,68.5,-93.5,0.0271,Very Low,1.896e-05,Very Low
68.5000_-93.0000,68.5,-93.0,0.4546,Very Low,1.896e-05,Very Low
68.5000_-92.5000,68.5,-92.5,0.6756,Very Low,1.896e-05,Very Low
68.5000_-92.0000,68.5,-92.0,0.6721,Very Low,1.896e-05,Very Low
68.5000_-91.5000,68.5,-91.5,4.2867,Moderate,7.416e-05,Low
68.5000_-91.0000,68.5,-91.0,2.4097,Low,1.896e-05,Very Low
68.5000_-90.5000,68.5,-90.5,3.3637,Low,1.896e-05,Very Low
68.5000_-90.0000,68.5,-90.0,4.4411,Moderate,1.896e-05,Very Low
68.5000_-89.5000,68.5,-89.5,2.528,Low,1.896e-05,Very Low
68.5000_-89.0000,68.5,-89.0,2.6853,Low,1.896e-05,Very Low
68.5000_-88.5000,68.5,-88.5,1.8382,Very Low,1.896e-05,Very Low
68.5000_-88.0000,68.5,-88.0,3.1062,Low,1.896e-05,Very Low
68.5000_-85.5000,68.5,-85.5,3.39,Low,7.416e-05,Low
68.5000_-85.0000,68.5,-85.0,7.1908,Moderate,1.896e-05,Very Low
68.5000_-84.5000,68.5,-84.5,8.5822,High,1.896e-05,Very Low
68.5000_-84.0000,68.5,-84.0,9.8206,High,1.896e-05,Very Low
68.5000_-83.5000,68.5,-83.5,10.2322,High,1.896e-05,Very Low
68.5000_-83.0000,68.5,-83.0,11.4867,High,1.896e-05,Very Low
68.5000_-82.5000,68.5,-82.5,11.4807,High,7.416e-05,Low
68.5000_-82.0000,68.5,-82.0,10.9931,High,1.896e-05,Very Low
68.5000_-81.5000,68.5,-81.5,11.4547,High,1.896e-05,Very Low
68.5000_-79.0000,68.5,-79.0,8.1625,High,1.896e-05,Very Low
68.5000_-78.5000,68.5,-78.5,7.4295,Moderate,1.896e-05,Very Low
68.5000_-75.5000,68.5,-75.5,6.0262,Moderate,0.00015106,Low
68.5000_-75.0000,68.5,-75.0,6.4858,Moderate,1.896e-05,Very Low
68.5000_-74.5000,68.5,-74.5,6.5594,Moderate,1.896e-05,Very Low
68.5000_-74.0000,68.5,-74.0,6.8993,Moderate,1.896e-05,Very Low
68.5000_-73.5000,68.5,-73.5,7.9448,Moderate,1.896e-05,Very Low
68.5000_-73.0000,68.5,-73.0,8.0632,High,1.896e-05,Very Low
68.5000_-72.5000,68.5,-72.5,4.1248,Moderate,1.896e-05,Very Low
68.5000_-72.0000,68.5,-72.0,1.7239,Very Low,1.896e-05,Very Low
68.5000_-71.5000,68.5,-71.5,1.3856,Very Low,1.896e-05,Very Low
68.5000_-71.0000,68.5,-71.0,3.9938,Low,1.896e-05,Very Low
68.5000_-70.5000,68.5,-70.5,2.5911,Low,1.896e-05,Very Low
68.5000_-70.0000,68.5,-70.0,2.254,Low,7.416e-05,Low
68.5000_-69.5000,68.5,-69.5,2.6825,Low,1.896e-05,Very Low
68.5000_-69.0000,68.5,-69.0,0.8764,Very Low,1.896e-05,Very Low
68.5000_-68.5000,68.5,-68.5,0.9813,Very Low,1.896e-05,Very Low
68.5000_-68.0000,68.5,-68.0,1.2846,Very Low,1.896e-05,Very Low
68.5000_-67.5000,68.5,-67.5,0.9043,Very Low,1.896e-05,Very Low
68.5000_-67.0000,68.5,-67.0,0.9284,Very Low,1.896e-05,Very Low
68.5000_-66.5000,68.5,-66.5,1.2845,Very Low,1.896e-05,Very Low
69.0000_-141.0000,69.0,-141.0,0.0,Very Low,1.896e-05,Very Low
69.0000_-140.5000,69.0,-140.5,0.0048,Very Low,1.896e-05,Very Low
69.0000_-140.0000,69.0,-140.0,0.0017,Very Low,0.0,Very Low
69.0000_-139.5000,69.0,-139.5,0.2607,Very Low,1.896e-05,Very Low
69.0000_-139.0000,69.0,-139.0,0.263,Very Low,1.896e-05,Very Low
69.0000_-138.5000,69.0,-138.5,0.347,Very Low,1.896e-05,Very Low
69.0000_-138.0000,69.0,-138.0,0.3454,Very Low,0.00053927,Low
69.0000_-137.5000,69.0,-137.5,0.4405,Very Low,1.896e-05,Very Low
69.0000_-137.0000,69.0,-137.0,0.6076,Very Low,1.896e-05,Very Low
69.0000_-136.5000,69.0,-136.5,0.5532,Very Low,0.00053927,Low
69.0000_-136.0000,69.0,-136.0,0.6982,Very Low,1.896e-05,Very Low
69.0000_-135.5000,69.0,-135.5,0.6164,Very Low,1.896e-05,Very Low
69.0000_-135.0000,69.0,-135.0,0.5411,Very Low,1.896e-05,Very Low
69.0000_-134.5000,69.0,-134.5,0.1288,Very Low,0.00068534,Low
69.0000_-134.0000,69.0,-134.0,0.0109,Very Low,0.00068534,Low
69.0000_-133.5000,69.0,-133.5,0.0063,Very Low,0.00083832,Moderate
69.0000_-133.0000,69.0,-133.0,0.019,Very Low,0.00068534,Low
69.0000_-132.5000,69.0,-132.5,0.0074,Very Low,0.00139077,Moderate
69.0000_-132.0000,69.0,-132.0,0.005,Very Low,0.00068534,Low
69.0000_-131.5000,69.0,-131.5,0.0034,Very Low,0.00068534,Low
69.0000_-131.0000,69.0,-131.0,0.0025,Very Low,0.00068534,Low
69.0000_-130.5000,69.0,-130.5,0.0024,Very Low,0.00083832,Moderate
69.0000_-130.0000,69.0,-130.0,0.008,Very Low,0.00139077,Moderate
69.0000_-129.5000,69.0,-129.5,0.0007,Very Low,0.00105241,Moderate
69.0000_-129.0000,69.0,-129.0,0.0002,Very Low,0.00068534,Low
69.0000_-128.5000,69.0,-128.5,0.0018,Very Low,0.0023586,Moderate
69.0000_-128.0000,69.0,-128.0,0.0081,Very Low,0.00083832,Moderate
69.0000_-127.5000,69.0,-127.5,0.0126,Very Low,0.00083832,Moderate
69.0000_-127.0000,69.0,-127.0,0.0107,Very Low,0.00053927,Low
69.0000_-126.5000,69.0,-126.5,0.0069,Very Low,0.00053927,Low
69.0000_-126.0000,69.0,-126.0,0.0524,Very Low,0.00053927,Low
69.0000_-125.5000,69.0,-125.5,0.3092,Very Low,0.00053927,Low
69.0000_-125.0000,69.0,-125.0,0.1648,Very Low,0.00053927,Low
69.0000_-124.5000,69.0,-124.5,0.0058,Very Low,1.896e-05,Very Low
69.0000_-124.0000,69.0,-124.0,0.0007,Very Low,1.896e-05,Very Low
69.0000_-123.5000,69.0,-123.5,0.0001,Very Low,1.896e-05,Very Low
69.0000_-123.0000,69.0,-123.0,0.0,Very Low,1.896e-05,Very Low
69.0000_-122.5000,69.0,-122.5,0.0,Very Low,0.0,Very Low
69.0000_-122.0000,69.0,-122.0,0.0,Very Low,0.0,Very Low
69.0000_-121.5000,69.0,-121.5,0.0013,Very Low,1.896e-05,Very Low
69.0000_-121.0000,69.0,-121.0,0.4285,Very Low,1.896e-05,Very Low
69.0000_-120.5000,69.0,-120.5,2.8046,Low,0.00015106,Low
69.0000_-120.0000,69.0,-120.0,4.0498,Moderate,0.00053927,Low
69.0000_-119.5000,69.0,-119.5,2.1387,Low,7.416e-05,Low
69.0000_-119.0000,69.0,-119.0,0.2256,Very Low,1.896e-05,Very Low
69.0000_-118.5000,69.0,-118.5,0.0105,Very Low,1.896e-05,Very Low
69.0000_-118.0000,69.0,-118.0,0.007,Very Low,1.896e-05,Very Low
69.0000_-117.5000,69.0,-117.5,0.0011,Very Low,1.896e-05,Very Low
69.0000_-117.0000,69.0,-117.0,0.0039,Very Low,1.896e-05,Very Low
69.0000_-116.5000,69.0,-116.5,0.0333,Very Low,0.0,Very Low
69.0000_-116.0000,69.0,-116.0,0.088,Very Low,0.0,Very Low
69.0000_-115.5000,69.0,-115.5,0.2822,Very Low,1.896e-05,Very Low
69.0000_-113.5000,69.0,-113.5,0.0131,Very Low,1.896e-05,Very Low
69.0000_-113.0000,69.0,-113.0,0.011,Very Low,7.416e-05,Low
69.0000_-112.5000,69.0,-112.5,0.0573,Very Low,1.896e-05,Very Low
69.0000_-112.0000,69.0,-112.0,0.288,Very Low,1.896e-05,Very Low
69.0000_-111.5000,69.0,-111.5,0.733,Very Low,1.896e-05,Very Low
69.0000_-111.0000,69.0,-111.0,1.9788,Very Low,1.896e-05,Very Low
69.0000_-110.5000,69.0,-110.5,2.5321,Low,1.896e-05,Very Low
69.0000_-110.0000,69.0,-110.0,2.1993,Low,1.896e-05,Very Low
69.0000_-109.5000,69.0,-109.5,1.4979,Very Low,1.896e-05,Very Low
69.0000_-109.0000,69.0,-109.0,0.6735,Very Low,1.896e-05,Very Low
69.0000_-108.5000,69.0,-108.5,0.1832,Very Low,0.0,Very Low
69.0000_-108.0000,69.0,-108.0,0.0044,Very Low,1.896e-05,Very Low
69.0000_-107.5000,69.0,-107.5,0.0109,Very Low,1.896e-05,Very Low
69.0000_-106.0000,69.0,-106.0,1.1549,Very Low,0.00053927,Low
69.0000_-105.5000,69.0,-105.5,0.3285,Very Low,1.896e-05,Very Low
69.0000_-105.0000,69.0,-105.0,0.0244,Very Low,1.896e-05,Very Low
69.0000_-104.5000,69.0,-104.5,0.0055,Very Low,1.896e-05,Very Low
69.0000_-104.0000,69.0,-104.0,0.0008,Very Low,0.00015106,Low
69.0000_-103.5000,69.0,-103.5,0.0006,Very Low,1.896e-05,Very Low
69.0000_-103.0000,69.0,-103.0,0.0002,Very Low,1.896e-05,Very Low
69.0000_-102.5000,69.0,-102.5,0.0003,Very Low,1.896e-05,Very Low
69.0000_-102.0000,69.0,-102.0,0.0025,Very Low,1.896e-05,Very Low
69.0000_-100.5000,69.0,-100.5,0.0459,Very Low,1.896e-05,Very Low
69.0000_-100.0000,69.0,-100.0,0.0089,Very Low,1.896e-05,Very Low
69.0000_-99.5000,69.0,-99.5,0.0156,Very Low,1.896e-05,Very Low
69.0000_-99.0000,69.0,-99.0,0.011,Very Low,0.0,Very Low
69.0000_-98.5000,69.0,-98.5,0.0071,Very Low,0.0,Very Low
69.0000_-98.0000,69.0,-98.0,0.0654,Very Low,1.896e-05,Very Low
69.0000_-97.5000,69.0,-97.5,0.6937,Very Low,1.896e-05,Very Low
69.0000_-97.0000,69.0,-97.0,0.8977,Very Low,1.896e-05,Very Low
69.0000_-96.5000,69.0,-96.5,0.586,Very Low,1.896e-05,Very Low
69.0000_-96.0000,69.0,-96.0,0.8802,Very Low,1.896e-05,Very Low
69.0000_-94.5000,69.0,-94.5,0.2681,Very Low,1.896e-05,Very Low
69.0000_-94.0000,69.0,-94.0,0.209,Very Low,7.416e-05,Low
69.0000_-93.5000,69.0,-93.5,0.0911,Very Low,7.416e-05,Low
69.0000_-93.0000,69.0,-93.0,0.0158,Very Low,1.896e-05,Very Low
69.0000_-92.5000,69.0,-92.5,0.2756,Very Low,1.896e-05,Very Low
69.0000_-92.0000,69.0,-92.0,2.5974,Low,1.896e-05,Very Low
69.0000_-91.5000,69.0,-91.5,1.6862,Very Low,1.896e-05,Very Low
69.0000_-91.0000,69.0,-91.0,2.7313,Low,1.896e-05,Very Low
69.0000_-90.5000,69.0,-90.5,5.7791,Moderate,1.896e-05,Very Low
69.0000_-90.0000,69.0,-90.0,5.8603,Moderate,1.896e-05,Very Low
69.0000_-89.5000,69.0,-89.5,5.109,Moderate,1.896e-05,Very Low
69.0000_-89.0000,69.0,-89.0,4.2363,Moderate,1.896e-05,Very Low
69.0000_-88.5000,69.0,-88.5,3.1283,Low,1.896e-05,Very Low
69.0000_-85.0000,69.0,-85.0,6.0214,Moderate,1.896e-05,Very Low
69.0000_-84.5000,69.0,-84.5,8.1993,High,1.896e-05,Very Low
69.0000_-84.0000,69.0,-84.0,10.325,High,1.896e-05,Very Low
69.0000_-83.5000,69.0,-83.5,10.5712,High,1.896e-05,Very Low
69.0000_-83.0000,69.0,-83.0,10.4489,High,1.896e-05,Very Low
69.0000_-82.5000,69.0,-82.5,11.1227,High,7.416e-05,Low
69.0000_-82.0000,69.0,-82.0,11.2669,High,1.896e-05,Very Low
69.0000_-81.5000,69.0,-81.5,12.1095,High,1.896e-05,Very Low
69.0000_-79.5000,69.0,-79.5,9.1436,High,1.896e-05,Very Low
69.0000_-79.0000,69.0,-79.0,8.8469,High,1.896e-05,Very Low
69.0000_-78.5000,69.0,-78.5,8.3598,High,1.896e-05,Very Low
69.0000_-76.5000,69.0,-76.5,6.5222,Moderate,1.896e-05,Very Low
69.0000_-76.0000,69.0,-76.0,6.3106,Moderate,1.896e-05,Very Low
69.0000_-75.5000,69.0,-75.5,6.2555,Moderate,1.896e-05,Very Low
69.0000_-75.0000,69.0,-75.0,6.6451,Moderate,1.896e-05,Very Low
69.0000_-74.5000,69.0,-74.5,6.4681,Moderate,1.896e-05,Very Low
69.0000_-74.0000,69.0,-74.0,6.2566,Moderate,1.896e-05,Very Low
69.0000_-73.5000,69.0,-73.5,6.8756,Moderate,1.896e-05,Very Low
69.0000_-73.0000,69.0,-73.0,7.2259,Moderate,1.896e-05,Very Low
69.0000_-72.5000,69.0,-72.5,5.2453,Moderate,1.896e-05,Very Low
69.0000_-72.0000,69.0,-72.0,1.6641,Very Low,1.896e-05,Very Low
69.0000_-71.5000,69.0,-71.5,0.8879,Very Low,1.896e-05,Very Low
69.0000_-71.0000,69.0,-71.0,2.7516,Low,1.896e-05,Very Low
69.0000_-70.5000,69.0,-70.5,3.1366,Low,7.416e-05,Low
69.0000_-70.0000,69.0,-70.0,1.0566,Very Low,1.896e-05,Very Low
69.0000_-69.5000,69.0,-69.5,1.0484,Very Low,1.896e-05,Very Low
69.0000_-69.0000,69.0,-69.0,0.796,Very Low,1.896e-05,Very Low
69.0000_-68.5000,69.0,-68.5,0.5504,Very Low,1.896e-05,Very Low
69.0000_-68.0000,69.0,-68.0,0.8167,Very Low,1.896e-05,Very Low
69.0000_-67.5000,69.0,-67.5,0.9672,Very Low,1.896e-05,Very Low
69.5000_-141.0000,69.5,-141.0,0.0,Very Low,0.0,Very Low
69.5000_-140.5000,69.5,-140.5,0.0048,Very Low,1.896e-05,Very Low
69.5000_-140.0000,69.5,-140.0,0.03,Very Low,0.0,Very Low
69.5000_-139.5000,69.5,-139.5,0.1633,Very Low,0.0,Very Low
69.5000_-139.0000,69.5,-139.0,0.4386,Very Low,1.896e-05,Very Low
69.5000_-136.0000,69.5,-136.0,0.8999,Very Low,1.896e-05,Very Low
69.5000_-135.5000,69.5,-135.5,0.9283,Very Low,1.896e-05,Very Low
69.5000_-135.0000,69.5,-135.0,1.3415,Very Low,1.896e-05,Very Low
69.5000_-134.5000,69.5,-134.5,1.4403,Very Low,0.00068534,Low
69.5000_-134.0000,69.5,-134.0,1.5053,Very Low,1.896e-05,Very Low
69.5000_-133.5000,69.5,-133.5,1.6391,Very Low,0.00068534,Low
69.5000_-133.0000,69.5,-133.0,0.6482,Very Low,0.00139077,Moderate
69.5000_-132.5000,69.5,-132.5,0.2345,Very Low,1.896e-05,Very Low
69.5000_-132.0000,69.5,-132.0,0.1181,Very Low,1.896e-05,Very Low
69.5000_-131.5000,69.5,-131.5,0.1545,Very Low,1.896e-05,Very Low
69.5000_-131.0000,69.5,-131.0,0.0627,Very Low,0.00015106,Low
69.5000_-130.5000,69.5,-130.5,0.0133,Very Low,0.00053927,Low
69.5000_-130.0000,69.5,-130.0,0.0086,Very Low,0.00053927,Low
69.5000_-129.5000,69.5,-129.5,0.0134,Very Low,0.00083832,Moderate
69.5000_-129.0000,69.5,-129.0,0.0113,Very Low,0.00068534,Low
69.5000_-128.5000,69.5,-128.5,0.1794,Very Low,0.00105241,Moderate
69.5000_-128.0000,69.5,-128.0,1.1278,Very Low,0.00105241,Moderate
69.5000_-127.5000,69.5,-127.5,0.4974,Very Low,0.00053927,Low
69.5000_-127.0000,69.5,-127.0,0.0686,Very Low,0.00105241,Moderate
69.5000_-126.5000,69.5,-126.5,0.1053,Very Low,0.00068534,Low
69.5000_-126.0000,69.5,-126.0,2.0722,Low,0.00068534,Low
69.5000_-125.5000,69.5,-125.5,0.5403,Very Low,0.00053927,Low
69.5000_-125.0000,69.5,-125.0,0.1151,Very Low,0.00053927,Low
69.5000_-124.5000,69.5,-124.5,0.2125,Very Low,0.00053927,Low
69.5000_-123.5000,69.5,-123.5,0.4264,Very Low,0.00053927,Low
69.5000_-123.0000,69.5,-123.0,1.0072,Very Low,0.00053927,Low
69.5000_-122.5000,69.5,-122.5,0.0141,Very Low,0.0,Very Low
69.5000_-122.0000,69.5,-122.0,0.0195,Very Low,0.0,Very Low
69.5000_-121.5000,69.5,-121.5,0.4362,Very Low,1.896e-05,Very Low
69.5000_-121.0000,69.5,-121.0,0.9904,Very Low,7.416e-05,Low
69.5000_-120.5000,69.5,-120.5,0.8945,Very Low,0.00053927,Low
69.5000_-116.5000,69.5,-116.5,0.2917,Very Low,1.896e-05,Very Low
69.5000_-116.0000,69.5,-116.0,0.119,Very Low,0.0,Very Low
69.5000_-115.5000,69.5,-115.5,0.3227,Very Low,1.896e-05,Very Low
69.5000_-115.0000,69.5,-115.0,0.431,Very Low,1.896e-05,Very Low
69.5000_-114.5000,69.5,-114.5,0.7155,Very Low,1.896e-05,Very Low
69.5000_-114.0000,69.5,-114.0,0.3461,Very Low,0.00018179,Low
69.5000_-113.5000,69.5,-113.5,0.0161,Very Low,1.896e-05,Very Low
69.5000_-113.0000,69.5,-113.0,0.0016,Very Low,1.896e-05,Very Low
69.5000_-112.5000,69.5,-112.5,0.0045,Very Low,1.896e-05,Very Low
69.5000_-112.0000,69.5,-112.0,0.3719,Very Low,0.00053927,Low
69.5000_-111.5000,69.5,-111.5,0.9708,Very Low,7.416e-05,Low
69.5000_-111.0000,69.5,-111.0,1.7626,Very Low,7.416e-05,Low
69.5000_-110.5000,69.5,-110.5,0.8503,Very Low,1.896e-05,Very Low
69.5000_-110.0000,69.5,-110.0,0.3669,Very Low,1.896e-05,Very Low
69.5000_-109.5000,69.5,-109.5,0.88,Very Low,1.896e-05,Very Low
69.5000_-109.0000,69.5,-109.0,0.0743,Very Low,1.896e-05,Very Low
69.5000_-108.5000,69.5,-108.5,0.0277,Very Low,0.0,Very Low
69.5000_-108.0000,69.5,-108.0,0.0128,Very Low,1.896e-05,Very Low
69.5000_-107.5000,69.5,-107.5,0.013,Very Low,1.896e-05,Very Low
69.5000_-107.0000,69.5,-107.0,0.0126,Very Low,0.0,Very Low
69.5000_-106.5000,69.5,-106.5,0.0198,Very Low,0.0,Very Low
69.5000_-106.0000,69.5,-106.0,0.1022,Very Low,1.896e-05,Very Low
69.5000_-105.5000,69.5,-105.5,0.058,Very Low,1.896e-05,Very Low
69.5000_-105.0000,69.5,-105.0,0.0114,Very Low,1.896e-05,Very Low
69.5000_-104.5000,69.5,-104.5,0.0066,Very Low,1.896e-05,Very Low
69.5000_-104.0000,69.5,-104.0,0.0018,Very Low,1.896e-05,Very Low
69.5000_-103.5000,69.5,-103.5,0.0079,Very Low,1.896e-05,Very Low
69.5000_-103.0000,69.5,-103.0,0.0067,Very Low,1.896e-05,Very Low
69.5000_-102.5000,69.5,-102.5,0.0004,Very Low,1.896e-05,Very Low
69.5000_-102.0000,69.5,-102.0,0.0004,Very Low,1.896e-05,Very Low
69.5000_-101.5000,69.5,-101.5,0.0003,Very Low,1.896e-05,Very Low
69.5000_-101.0000,69.5,-101.0,0.002,Very Low,1.896e-05,Very Low
69.5000_-98.5000,69.5,-98.5,0.0716,Very Low,0.0,Very Low
69.5000_-98.0000,69.5,-98.0,0.1503,Very Low,0.0,Very Low
69.5000_-97.5000,69.5,-97.5,0.511,Very Low,0.0,Very Low
69.5000_-97.0000,69.5,-97.0,0.8665,Very Low,0.0,Very Low
69.5000_-96.5000,69.5,-96.5,0.6521,Very Low,0.0,Very Low
69.5000_-96.0000,69.5,-96.0,0.5479,Very Low,0.0,Very Low
69.5000_-95.5000,69.5,-95.5,0.1392,Very Low,0.0,Very Low
69.5000_-95.0000,69.5,-95.0,0.4704,Very Low,1.896e-05,Very Low
69.5000_-94.5000,69.5,-94.5,0.2897,Very Low,1.896e-05,Very Low
69.5000_-94.0000,69.5,-94.0,0.0006,Very Low,1.896e-05,Very Low
69.5000_-93.5000,69.5,-93.5,0.817,Very Low,1.896e-05,Very Low
69.5000_-93.0000,69.5,-93.0,0.8061,Very Low,1.896e-05,Very Low
69.5000_-92.5000,69.5,-92.5,0.3,Very Low,1.896e-05,Very Low
69.5000_-92.0000,69.5,-92.0,0.6675,Very Low,1.896e-05,Very Low
69.5000_-91.5000,69.5,-91.5,2.7537,Low,1.896e-05,Very Low
69.5000_-91.0000,69.5,-91.0,3.5671,Low,7.416e-05,Low
69.5000_-90.5000,69.5,-90.5,4.4997,Moderate,1.896e-05,Very Low
69.5000_-90.0000,69.5,-90.0,5.6456,Moderate,1.896e-05,Very Low
69.5000_-85.5000,69.5,-85.5,4.8612,Moderate,0.00018179,Low
69.5000_-85.0000,69.5,-85.0,6.1891,Moderate,1.896e-05,Very Low
69.5000_-84.5000,69.5,-84.5,8.9223,High,1.896e-05,Very Low
69.5000_-84.0000,69.5,-84.0,9.4713,High,1.896e-05,Very Low
69.5000_-83.5000,69.5,-83.5,10.6633,High,1.896e-05,Very Low
69.5000_-83.0000,69.5,-83.0,9.7982,High,1.896e-05,Very Low
69.5000_-82.5000,69.5,-82.5,10.3226,High,7.416e-05,Low
69.5000_-82.0000,69.5,-82.0,11.5627,High,1.896e-05,Very Low
69.5000_-81.5000,69.5,-81.5,12.1065,High,1.896e-05,Very Low
69.5000_-80.5000,69.5,-80.5,12.7575,High,1.896e-05,Very Low
69.5000_-80.0000,69.5,-80.0,11.3997,High,1.896e-05,Very Low
69.5000_-79.0000,69.5,-79.0,9.8011,High,1.896e-05,Very Low
69.5000_-78.5000,69.5,-78.5,9.5031,High,1.896e-05,Very Low
69.5000_-78.0000,69.5,-78.0,9.2621,High,1.896e-05,Very Low
69.5000_-77.0000,69.5,-77.0,7.9136,Moderate,1.896e-05,Very Low
69.5000_-76.5000,69.5,-76.5,7.7634,Moderate,1.896e-05,Very Low
69.5000_-76.0000,69.5,-76.0,7.7461,Moderate,1.896e-05,Very Low
69.5000_-75.5000,69.5,-75.5,7.3507,Moderate,1.896e-05,Very Low
69.5000_-75.0000,69.5,-75.0,6.9619,Moderate,1.896e-05,Very Low
69.5000_-74.5000,69.5,-74.5,6.3128,Moderate,1.896e-05,Very Low
69.5000_-74.0000,69.5,-74.0,5.6052,Moderate,1.896e-05,Very Low
69.5000_-73.5000,69.5,-73.5,6.0829,Moderate,1.896e-05,Very Low
69.5000_-73.0000,69.5,-73.0,6.7088,Moderate,1.896e-05,Very Low
69.5000_-72.5000,69.5,-72.5,5.4738,Moderate,1.896e-05,Very Low
69.5000_-72.0000,69.5,-72.0,1.8704,Very Low,1.896e-05,Very Low
69.5000_-71.5000,69.5,-71.5,0.9074,Very Low,1.896e-05,Very Low
69.5000_-71.0000,69.5,-71.0,2.6443,Low,1.896e-05,Very Low
69.5000_-70.5000,69.5,-70.5,3.2778,Low,1.896e-05,Very Low
69.5000_-70.0000,69.5,-70.0,1.1703,Very Low,1.896e-05,Very Low
69.5000_-69.5000,69.5,-69.5,0.9685,Very Low,1.896e-05,Very Low
69.5000_-69.0000,69.5,-69.0,0.7587,Very Low,1.896e-05,Very Low
69.5000_-68.5000,69.5,-68.5,0.2946,Very Low,1.896e-05,Very Low
69.5000_-68.0000,69.5,-68.0,0.7534,Very Low,1.896e-05,Very Low
69.5000_-67.5000,69.5,-67.5,0.7898,Very Low,1.896e-05,Very Low
69.5000_-67.0000,69.5,-67.0,0.8577,Very Low,1.896e-05,Very Low
70.0000_-131.5000,70.0,-131.5,0.1788,Very Low,1.896e-05,Very Low
70.0000_-131.0000,70.0,-131.0,0.0828,Very Low,1.896e-05,Very Low
70.0000_-130.5000,70.0,-130.5,0.1065,Very Low,7.416e-05,Low
70.0000_-130.0000,70.0,-130.0,0.3842,Very Low,0.00053927,Low
70.0000_-129.5000,70.0,-129.5,2.5286,Low,0.00068534,Low
70.0000_-129.0000,70.0,-129.0,3.5231,Low,0.00068534,Low
70.0000_-128.5000,70.0,-128.5,4.1391,Moderate,0.00053927,Low
70.0000_-128.0000,70.0,-128.0,3.1267,Low,0.00053927,Low
70.0000_-127.5000,70.0,-127.5,3.3021,Low,0.00053927,Low
70.0000_-127.0000,70.0,-127.0,4.1232,Moderate,0.00053927,Low
70.0000_-125.0000,70.0,-125.0,6.7716,Moderate,0.00053927,Low
70.0000_-124.5000,70.0,-124.5,5.7092,Moderate,0.00053927,Low
70.0000_-117.5000,70.0,-117.5,0.1878,Very Low,1.896e-05,Very Low
70.0000_-117.0000,70.0,-117.0,0.442,Very Low,1.896e-05,Very Low
70.0000_-116.5000,70.0,-116.5,0.4746,Very Low,1.896e-05,Very Low
70.0000_-116.0000,70.0,-116.0,0.6428,Very Low,1.896e-05,Very Low
70.0000_-115.5000,70.0,-115.5,0.6596,Very Low,1.896e-05,Very Low
70.0000_-115.0000,70.0,-115.0,0.6056,Very Low,1.896e-05,Very Low
70.0000_-114.5000,70.0,-114.5,0.6982,Very Low,1.896e-05,Very Low
70.0000_-114.0000,70.0,-114.0,1.5033,Very Low,1.896e-05,Very Low
70.0000_-113.5000,70.0,-113.5,2.4432,Low,7.416e-05,Low
70.0000_-113.0000,70.0,-113.0,0.5833,Very Low,0.00053927,Low
70.0000_-112.5000,70.0,-112.5,0.5512,Very Low,0.00015106,Low
70.0000_-112.0000,70.0,-112.0,0.6712,Very Low,7.416e-05,Low
70.0000_-111.5000,70.0,-111.5,1.2299,Very Low,7.416e-05,Low
70.0000_-111.0000,70.0,-111.0,1.3404,Very Low,7.416e-05,Low
70.0000_-110.5000,70.0,-110.5,2.094,Low,1.896e-05,Very Low
70.0000_-110.0000,70.0,-110.0,0.9934,Very Low,1.896e-05,Very Low
70.0000_-109.5000,70.0,-109.5,0.7392,Very Low,1.896e-05,Very Low
70.0000_-109.0000,70.0,-109.0,0.3328,Very Low,1.896e-05,Very Low
70.0000_-108.5000,70.0,-108.5,0.0516,Very Low,1.896e-05,Very Low
70.0000_-108.0000,70.0,-108.0,0.0051,Very Low,1.896e-05,Very Low
70.0000_-107.5000,70.0,-107.5,0.0216,Very Low,0.0,Very Low
70.0000_-107.0000,70.0,-107.0,0.0289,Very Low,0.0,Very Low
70.0000_-106.5000,70.0,-106.5,0.0265,Very Low,1.896e-05,Very Low
70.0000_-106.0000,70.0,-106.0,0.0071,Very Low,1.896e-05,Very Low
70.0000_-105.5000,70.0,-105.5,0.0009,Very Low,1.896e-05,Very Low
70.0000_-105.0000,70.0,-105.0,0.0003,Very Low,1.896e-05,Very Low
70.0000_-104.5000,70.0,-104.5,0.0004,Very Low,1.896e-05,Very Low
70.0000_-104.0000,70.0,-104.0,0.0042,Very Low,1.896e-05,Very Low
70.0000_-103.5000,70.0,-103.5,0.0102,Very Low,1.896e-05,Very Low
70.0000_-103.0000,70.0,-103.0,0.0023,Very Low,1.896e-05,Very Low
70.0000_-102.5000,70.0,-102.5,0.0009,Very Low,1.896e-05,Very Low
70.0000_-102.0000,70.0,-102.0,0.0002,Very Low,1.896e-05,Very Low
70.0000_-101.5000,70.0,-101.5,0.0,Very Low,1.896e-05,Very Low
70.0000_-101.0000,70.0,-101.0,0.0001,Very Low,1.896e-05,Very Low
70.0000_-97.5000,70.0,-97.5,0.2119,Very Low,0.0,Very Low
70.0000_-96.5000,70.0,-96.5,0.3797,Very Low,0.0,Very Low
70.0000_-96.0000,70.0,-96.0,0.2637,Very Low,0.0,Very Low
70.0000_-95.5000,70.0,-95.5,0.2907,Very Low,0.0,Very Low
70.0000_-95.0000,70.0,-95.0,0.2057,Very Low,0.0,Very Low
70.0000_-94.5000,70.0,-94.5,0.1628,Very Low,1.896e-05,Very Low
70.0000_-94.0000,70.0,-94.0,0.0002,Very Low,1.896e-05,Very Low
70.0000_-93.5000,70.0,-93.5,0.5265,Very Low,1.896e-05,Very Low
70.0000_-93.0000,70.0,-93.0,0.7527,Very Low,1.896e-05,Very Low
70.0000_-92.5000,70.0,-92.5,0.1811,Very Low,1.896e-05,Very Low
70.0000_-92.0000,70.0,-92.0,0.4048,Very Low,1.896e-05,Very Low
70.0000_-87.5000,70.0,-87.5,7.2527,Moderate,1.896e-05,Very Low
70.0000_-87.0000,70.0,-87.0,8.276,High,1.896e-05,Very Low
70.0000_-86.5000,70.0,-86.5,5.9933,Moderate,1.896e-05,Very Low
70.0000_-86.0000,70.0,-86.0,9.695,High,1.896e-05,Very Low
70.0000_-85.5000,70.0,-85.5,6.5499,Moderate,1.896e-05,Very Low
70.0000_-85.0000,70.0,-85.0,5.5342,Moderate,1.896e-05,Very Low
70.0000_-84.5000,70.0,-84.5,7.9218,Moderate,1.896e-05,Very Low
70.0000_-84.0000,70.0,-84.0,8.5582,High,1.896e-05,Very Low
70.0000_-83.5000,70.0,-83.5,9.2561,High,1.896e-05,Very Low
70.0000_-83.0000,70.0,-83.0,6.8681,Moderate,1.896e-05,Very Low
70.0000_-82.5000,70.0,-82.5,9.2094,High,1.896e-05,Very Low
70.0000_-82.0000,70.0,-82.0,10.2482,High,1.896e-05,Very Low
70.0000_-81.5000,70.0,-81.5,11.4315,High,1.896e-05,Very Low
70.0000_-81.0000,70.0,-81.0,10.8331,High,1.896e-05,Very Low
70.0000_-80.5000,70.0,-80.5,12.1096,High,1.896e-05,Very Low
70.0000_-80.0000,70.0,-80.0,12.0692,High,1.896e-05,Very Low
70.0000_-79.5000,70.0,-79.5,10.6665,High,1.896e-05,Very Low
70.0000_-79.0000,70.0,-79.0,10.1621,High,1.896e-05,Very Low
70.0000_-78.5000,70.0,-78.5,10.2724,High,1.896e-05,Very Low
70.0000_-77.5000,70.0,-77.5,9.7949,High,1.896e-05,Very Low
70.0000_-77.0000,70.0,-77.0,9.0408,High,1.896e-05,Very Low
70.0000_-76.5000,70.0,-76.5,8.3908,High,1.896e-05,Very Low
70.0000_-76.0000,70.0,-76.0,8.5045,High,1.896e-05,Very Low
70.0000_-75.5000,70.0,-75.5,7.6605,Moderate,1.896e-05,Very Low
70.0000_-75.0000,70.0,-75.0,6.9445,Moderate,1.896e-05,Very Low
70.0000_-74.5000,70.0,-74.5,6.0804,Moderate,1.896e-05,Very Low
70.0000_-74.0000,70.0,-74.0,5.2097,Moderate,1.896e-05,Very Low
70.0000_-73.5000,70.0,-73.5,5.5836,Moderate,1.896e-05,Very Low
70.0000_-73.0000,70.0,-73.0,6.5331,Moderate,1.896e-05,Very Low
70.0000_-72.5000,70.0,-72.5,6.6756,Moderate,1.896e-05,Very Low
70.0000_-72.0000,70.0,-72.0,2.8734,Low,1.896e-05,Very Low
70.0000_-71.5000,70.0,-71.5,1.2755,Very Low,1.896e-05,Very Low
70.0000_-71.0000,70.0,-71.0,1.0812,Very Low,1.896e-05,Very Low
70.0000_-70.5000,70.0,-70.5,3.3342,Low,1.896e-05,Very Low
70.0000_-70.0000,70.0,-70.0,0.9141,Very Low,1.896e-05,Very Low
70.0000_-69.5000,70.0,-69.5,0.8272,Very Low,1.896e-05,Very Low
70.0000_-69.0000,70.0,-69.0,0.7953,Very Low,1.896e-05,Very Low
70.0000_-68.5000,70.0,-68.5,0.5616,Very Low,1.896e-05,Very Low
70.0000_-68.0000,70.0,-68.0,0.7177,Very Low,1.896e-05,Very Low
70.0000_-67.5000,70.0,-67.5,0.7992,Very Low,1.896e-05,Very Low
70.5000_-128.5000,70.5,-128.5,3.4562,Low,0.00068534,Low
70.5000_-128.0000,70.5,-128.0,4.0606,Moderate,0.00068534,Low
70.5000_-127.5000,70.5,-127.5,3.9274,Low,0.00053927,Low
70.5000_-117.5000,70.5,-117.5,4.8533,Moderate,7.416e-05,Low
70.5000_-117.0000,70.5,-117.0,4.1158,Moderate,7.416e-05,Low
70.5000_-116.5000,70.5,-116.5,0.4925,Very Low,1.896e-05,Very Low
70.5000_-116.0000,70.5,-116.0,0.8309,Very Low,7.416e-05,Low
70.5000_-115.5000,70.5,-115.5,0.9732,Very Low,1.896e-05,Very Low
70.5000_-113.0000,70.5,-113.0,0.0014,Very Low,1.896e-05,Very Low
70.5000_-112.5000,70.5,-112.5,0.0134,Very Low,1.896e-05,Very Low
70.5000_-112.0000,70.5,-112.0,0.6365,Very Low,7.416e-05,Low
70.5000_-111.5000,70.5,-111.5,0.4701,Very Low,7.416e-05,Low
70.5000_-111.0000,70.5,-111.0,1.7348,Very Low,0.00053927,Low
70.5000_-110.5000,70.5,-110.5,0.4869,Very Low,0.00018179,Low
70.5000_-110.0000,70.5,-110.0,0.0781,Very Low,1.896e-05,Very Low
70.5000_-109.5000,70.5,-109.5,0.9572,Very Low,7.416e-05,Low
70.5000_-109.0000,70.5,-109.0,0.4397,Very Low,7.416e-05,Low
70.5000_-108.5000,70.5,-108.5,0.2767,Very Low,1.896e-05,Very Low
70.5000_-108.0000,70.5,-108.0,0.0779,Very Low,1.896e-05,Very Low
70.5000_-107.5000,70.5,-107.5,0.025,Very Low,1.896e-05,Very Low
70.5000_-107.0000,70.5,-107.0,0.0351,Very Low,0.0,Very Low
70.5000_-106.5000,70.5,-106.5,0.0039,Very Low,1.896e-05,Very Low
70.5000_-106.0000,70.5,-106.0,0.0007,Very Low,1.896e-05,Very Low
70.5000_-105.5000,70.5,-105.5,0.0005,Very Low,1.896e-05,Very Low
70.5000_-105.0000,70.5,-105.0,0.0012,Very Low,1.896e-05,Very Low
70.5000_-104.5000,70.5,-104.5,0.002,Very Low,1.896e-05,Very Low
70.5000_-104.0000,70.5,-104.0,0.0079,Very Low,1.896e-05,Very Low
70.5000_-103.5000,70.5,-103.5,0.027,Very Low,1.896e-05,Very Low
70.5000_-103.0000,70.5,-103.0,0.0301,Very Low,1.896e-05,Very Low
70.5000_-102.5000,70.5,-102.5,0.0014,Very Low,1.896e-05,Very Low
70.5000_-100.5000,70.5,-100.5,0.0001,Very Low,1.896e-05,Very Low
70.5000_-100.0000,70.5,-100.0,0.0195,Very Low,1.896e-05,Very Low
70.5000_-96.5000,70.5,-96.5,0.3638,Very Low,0.0,Very Low
70.5000_-96.0000,70.5,-96.0,0.2506,Very Low,0.0,Very Low
70.5000_-95.5000,70.5,-95.5,0.3243,Very Low,0.0,Very Low
70.5000_-95.0000,70.5,-95.0,0.1398,Very Low,0.0,Very Low
70.5000_-94.5000,70.5,-94.5,0.1643,Very Low,0.0,Very Low
70.5000_-94.0000,70.5,-94.0,0.0002,Very Low,1.896e-05,Very Low
70.5000_-93.5000,70.5,-93.5,0.3577,Very Low,0.0,Very Low
70.5000_-93.0000,70.5,-93.0,0.6959,Very Low,1.896e-05,Very Low
70.5000_-92.5000,70.5,-92.5,0.2639,Very Low,1.896e-05,Very Low
70.5000_-92.0000,70.5,-92.0,0.5787,Very Low,1.896e-05,Very Low
70.5000_-89.0000,70.5,-89.0,4.2412,Moderate,1.896e-05,Very Low
70.5000_-88.5000,70.5,-88.5,3.6695,Low,1.896e-05,Very Low
70.5000_-88.0000,70.5,-88.0,3.4068,Low,1.896e-05,Very Low
70.5000_-87.5000,70.5,-87.5,7.0311,Moderate,1.896e-05,Very Low
70.5000_-87.0000,70.5,-87.0,8.2154,High,1.896e-05,Very Low
70.5000_-86.5000,70.5,-86.5,5.8727,Moderate,1.896e-05,Very Low
70.5000_-86.0000,70.5,-86.0,9.6087,High,1.896e-05,Very Low
70.5000_-85.5000,70.5,-85.5,7.8238,Moderate,1.896e-05,Very Low
70.5000_-85.0000,70.5,-85.0,4.2454,Moderate,1.896e-05,Very Low
70.5000_-84.5000,70.5,-84.5,6.7235,Moderate,1.896e-05,Very Low
70.5000_-84.0000,70.5,-84.0,7.4808,Moderate,1.896e-05,Very Low
70.5000_-83.5000,70.5,-83.5,8.5678,High,1.896e-05,Very Low
70.5000_-83.0000,70.5,-83.0,6.8859,Moderate,1.896e-05,Very Low
70.5000_-82.5000,70.5,-82.5,10.1287,High,1.896e-05,Very Low
70.5000_-82.0000,70.5,-82.0,11.4181,High,7.416e-05,Low
70.5000_-81.5000,70.5,-81.5,11.6748,High,1.896e-05,Very Low
70.5000_-81.0000,70.5,-81.0,11.7062,High,1.896e-05,Very Low
70.5000_-80.5000,70.5,-80.5,11.923,High,1.896e-05,Very Low
70.5000_-80.0000,70.5,-80.0,12.9556,High,1.896e-05,Very Low
70.5000_-79.5000,70.5,-79.5,11.2079,High,1.896e-05,Very Low
70.5000_-79.0000,70.5,-79.0,10.5458,High,1.896e-05,Very Low
70.5000_-78.5000,70.5,-78.5,10.436,High,1.896e-05,Very Low
70.5000_-78.0000,70.5,-78.0,10.1683,High,1.896e-05,Very Low
70.5000_-77.5000,70.5,-77.5,9.8273,High,1.896e-05,Very Low
70.5000_-77.0000,70.5,-77.0,8.78,High,1.896e-05,Very Low
70.5000_-76.5000,70.5,-76.5,7.7267,Moderate,1.896e-05,Very Low
70.5000_-76.0000,70.5,-76.0,7.9102,Moderate,1.896e-05,Very Low
70.5000_-75.5000,70.5,-75.5,6.8923,Moderate,1.896e-05,Very Low
70.5000_-75.0000,70.5,-75.0,6.3951,Moderate,1.896e-05,Very Low
70.5000_-74.5000,70.5,-74.5,6.07,Moderate,1.896e-05,Very Low
70.5000_-74.0000,70.5,-74.0,5.5455,Moderate,1.896e-05,Very Low
70.5000_-73.5000,70.5,-73.5,5.4583,Moderate,1.896e-05,Very Low
70.5000_-73.0000,70.5,-73.0,5.9461,Moderate,1.896e-05,Very Low
70.5000_-72.5000,70.5,-72.5,6.0623,Moderate,1.896e-05,Very Low
70.5000_-72.0000,70.5,-72.0,3.1718,Low,1.896e-05,Very Low
70.5000_-71.5000,70.5,-71.5,0.7786,Very Low,1.896e-05,Very Low
70.5000_-71.0000,70.5,-71.0,0.6251,Very Low,1.896e-05,Very Low
70.5000_-70.5000,70.5,-70.5,1.6111,Very Low,1.896e-05,Very Low
70.5000_-70.0000,70.5,-70.0,1.7403,Very Low,1.896e-05,Very Low
70.5000_-69.5000,70.5,-69.5,0.8037,Very Low,1.896e-05,Very Low
70.5000_-69.0000,70.5,-69.0,0.8971,Very Low,1.896e-05,Very Low
70.5000_-68.5000,70.5,-68.5,0.9209,Very Low,1.896e-05,Very Low
71.0000_-123.0000,71.0,-123.0,0.1379,Very Low,7.416e-05,Low
71.0000_-118.5000,71.0,-118.5,0.1083,Very Low,1.896e-05,Very Low
71.0000_-118.0000,71.0,-118.0,0.1083,Very Low,1.896e-05,Very Low
71.0000_-117.5000,71.0,-117.5,0.0973,Very Low,1.896e-05,Very Low
71.0000_-117.0000,71.0,-117.0,0.0913,Very Low,1.896e-05,Very Low
71.0000_-116.5000,71.0,-116.5,0.0905,Very Low,1.896e-05,Very Low
71.0000_-116.0000,71.0,-116.0,0.0905,Very Low,1.896e-05,Very Low
71.0000_-115.5000,71.0,-115.5,0.0908,Very Low,1.896e-05,Very Low
71.0000_-115.0000,71.0,-115.0,0.0883,Very Low,1.896e-05,Very Low
71.0000_-114.5000,71.0,-114.5,0.0859,Very Low,1.896e-05,Very Low
71.0000_-114.0000,71.0,-114.0,0.0859,Very Low,1.896e-05,Very Low
71.0000_-113.5000,71.0,-113.5,0.0832,Very Low,1.896e-05,Very Low
71.0000_-113.0000,71.0,-113.0,0.0832,Very Low,1.896e-05,Very Low
71.0000_-112.5000,71.0,-112.5,0.0836,Very Low,1.896e-05,Very Low
71.0000_-112.0000,71.0,-112.0,0.0844,Very Low,1.896e-05,Very Low
71.0000_-111.5000,71.0,-111.5,0.0844,Very Low,1.896e-05,Very Low
71.0000_-111.0000,71.0,-111.0,0.0878,Very Low,1.896e-05,Very Low
71.0000_-110.5000,71.0,-110.5,0.0936,Very Low,1.896e-05,Very Low
71.0000_-110.0000,71.0,-110.0,0.0874,Very Low,1.896e-05,Very Low
71.0000_-109.5000,71.0,-109.5,0.0845,Very Low,1.896e-05,Very Low
71.0000_-109.0000,71.0,-109.0,0.0837,Very Low,1.896e-05,Very Low
71.0000_-108.5000,71.0,-108.5,0.0837,Very Low,1.896e-05,Very Low
71.0000_-108.0000,71.0,-108.0,0.0836,Very Low,1.896e-05,Very Low
71.0000_-107.5000,71.0,-107.5,0.0794,Very Low,1.896e-05,Very Low
71.0000_-107.0000,71.0,-107.0,0.0775,Very Low,0.0,Very Low
71.0000_-106.5000,71.0,-106.5,0.0761,Very Low,0.0,Very Low
71.0000_-106.0000,71.0,-106.0,0.0761,Very Low,0.0,Very Low
71.0000_-105.5000,71.0,-105.5,0.0764,Very Low,0.0,Very Low
71.0000_-105.0000,71.0,-105.0,0.0799,Very Low,1.896e-05,Very Low
71.0000_-104.5000,71.0,-104.5,0.0917,Very Low,1.896e-05,Very Low
71.0000_-104.0000,71.0,-104.0,0.1158,Very Low,1.896e-05,Very Low
71.0000_-96.5000,71.0,-96.5,0.0449,Very Low,1.896e-05,Very Low
71.0000_-96.0000,71.0,-96.0,0.0466,Very Low,0.0,Very Low
71.0000_-95.5000,71.0,-95.5,0.0478,Very Low,1.896e-05,Very Low
71.0000_-95.0000,71.0,-95.0,0.0485,Very Low,1.896e-05,Very Low
71.0000_-94.5000,71.0,-94.5,0.0489,Very Low,1.896e-05,Very Low
71.0000_-94.0000,71.0,-94.0,0.051,Very Low,1.896e-05,Very Low
71.0000_-93.5000,71.0,-93.5,0.051,Very Low,1.896e-05,Very Low
71.0000_-93.0000,71.0,-93.0,0.0531,Very Low,1.896e-05,Very Low
71.0000_-89.5000,71.0,-89.5,0.0666,Very Low,1.896e-05,Very Low
71.0000_-89.0000,71.0,-89.0,0.074,Very Low,1.896e-05,Very Low
71.0000_-88.5000,71.0,-88.5,0.074,Very Low,1.896e-05,Very Low
71.0000_-88.0000,71.0,-88.0,0.0779,Very Low,1.896e-05,Very Low
71.0000_-87.5000,71.0,-87.5,0.0813,Very Low,1.896e-05,Very Low
71.0000_-87.0000,71.0,-87.0,0.0838,Very Low,1.896e-05,Very Low
71.0000_-86.5000,71.0,-86.5,0.0879,Very Low,1.896e-05,Very Low
71.0000_-86.0000,71.0,-86.0,0.0879,Very Low,1.896e-05,Very Low
71.0000_-85.5000,71.0,-85.5,0.0874,Very Low,1.896e-05,Very Low
71.0000_-85.0000,71.0,-85.0,0.0867,Very Low,1.896e-05,Very Low
71.0000_-84.5000,71.0,-84.5,0.086,Very Low,1.896e-05,Very Low
71.0000_-84.0000,71.0,-84.0,0.0863,Very Low,1.896e-05,Very Low
71.0000_-83.5000,71.0,-83.5,0.0863,Very Low,1.896e-05,Very Low
71.0000_-83.0000,71.0,-83.0,0.0871,Very Low,1.896e-05,Very Low
71.0000_-82.5000,71.0,-82.5,0.0875,Very Low,1.896e-05,Very Low
71.0000_-82.0000,71.0,-82.0,0.0881,Very Low,1.896e-05,Very Low
71.0000_-81.5000,71.0,-81.5,0.0881,Very Low,1.896e-05,Very Low
71.0000_-81.0000,71.0,-81.0,0.0888,Very Low,1.896e-05,Very Low
71.0000_-80.5000,71.0,-80.5,0.0895,Very Low,1.896e-05,Very Low
71.0000_-80.0000,71.0,-80.0,0.0897,Very Low,1.896e-05,Very Low
71.0000_-79.5000,71.0,-79.5,0.0906,Very Low,1.896e-05,Very Low
71.0000_-79.0000,71.0,-79.0,0.089,Very Low,1.896e-05,Very Low
71.0000_-78.5000,71.0,-78.5,0.089,Very Low,1.896e-05,Very Low
71.0000_-78.0000,71.0,-78.0,0.0874,Very Low,1.896e-05,Very Low
71.0000_-77.5000,71.0,-77.5,0.0866,Very Low,1.896e-05,Very Low
71.0000_-77.0000,71.0,-77.0,0.0832,Very Low,1.896e-05,Very Low
71.0000_-76.5000,71.0,-76.5,0.0807,Very Low,1.896e-05,Very Low
71.0000_-76.0000,71.0,-76.0,0.0807,Very Low,1.896e-05,Very Low
71.0000_-75.5000,71.0,-75.5,0.0783,Very Low,1.896e-05,Very Low
71.0000_-75.0000,71.0,-75.0,0.0759,Very Low,1.896e-05,Very Low
71.0000_-74.5000,71.0,-74.5,0.0716,Very Low,1.896e-05,Very Low
71.0000_-74.0000,71.0,-74.0,0.0639,Very Low,1.896e-05,Very Low
71.0000_-73.5000,71.0,-73.5,0.0538,Very Low,1.896e-05,Very Low
71.0000_-73.0000,71.0,-73.0,0.0538,Very Low,1.896e-05,Very Low
71.0000_-72.5000,71.0,-72.5,0.0503,Very Low,1.896e-05,Very Low
71.0000_-72.0000,71.0,-72.0,0.0472,Very Low,0.0,Very Low
71.0000_-71.5000,71.0,-71.5,0.0462,Very Low,1.896e-05,Very Low
71.0000_-71.0000,71.0,-71.0,0.0462,Very Low,1.896e-05,Very Low
71.0000_-70.5000,71.0,-70.5,0.046,Very Low,1.896e-05,Very Low
71.5000_-124.0000,71.5,-124.0,0.0726,Very Low,1.896e-05,Very Low
71.5000_-123.5000,71.5,-123.5,0.0726,Very Low,1.896e-05,Very Low
71.5000_-123.0000,71.5,-123.0,0.0737,Very Low,1.896e-05,Very Low
71.5000_-122.5000,71.5,-122.5,0.0742,Very Low,1.896e-05,Very Low
71.5000_-122.0000,71.5,-122.0,0.0743,Very Low,1.896e-05,Very Low
71.5000_-121.5000,71.5,-121.5,0.0744,Very Low,1.896e-05,Very Low
71.5000_-121.0000,71.5,-121.0,0.0744,Very Low,1.896e-05,Very Low
71.5000_-120.5000,71.5,-120.5,0.0741,Very Low,1.896e-05,Very Low
71.5000_-119.0000,71.5,-119.0,0.0661,Very Low,1.896e-05,Very Low
71.5000_-118.5000,71.5,-118.5,0.0597,Very Low,1.896e-05,Very Low
71.5000_-118.0000,71.5,-118.0,0.0597,Very Low,1.896e-05,Very Low
71.5000_-117.5000,71.5,-117.5,0.056,Very Low,1.896e-05,Very Low
71.5000_-117.0000,71.5,-117.0,0.055,Very Low,1.896e-05,Very Low
71.5000_-116.5000,71.5,-116.5,0.0537,Very Low,1.896e-05,Very Low
71.5000_-116.0000,71.5,-116.0,0.0537,Very Low,1.896e-05,Very Low
71.5000_-115.5000,71.5,-115.5,0.0489,Very Low,1.896e-05,Very Low
71.5000_-115.0000,71.5,-115.0,0.0451,Very Low,1.896e-05,Very Low
71.5000_-114.5000,71.5,-114.5,0.0425,Very Low,0.0,Very Low
71.5000_-114.0000,71.5,-114.0,0.0385,Very Low,0.0,Very Low
71.5000_-113.5000,71.5,-113.5,0.0349,Very Low,0.0,Very Low
71.5000_-113.0000,71.5,-113.0,0.0349,Very Low,0.0,Very Low
71.5000_-112.5000,71.5,-112.5,0.0339,Very Low,0.0,Very Low
71.5000_-112.0000,71.5,-112.0,0.0353,Very Low,0.0,Very Low
71.5000_-111.5000,71.5,-111.5,0.0353,Very Low,0.0,Very Low
71.5000_-111.0000,71.5,-111.0,0.0369,Very Low,0.0,Very Low
71.5000_-110.5000,71.5,-110.5,0.0401,Very Low,0.0,Very Low
71.5000_-110.0000,71.5,-110.0,0.0407,Very Low,0.0,Very Low
71.5000_-109.5000,71.5,-109.5,0.0395,Very Low,0.0,Very Low
71.5000_-109.0000,71.5,-109.0,0.0391,Very Low,0.0,Very Low
71.5000_-108.5000,71.5,-108.5,0.0391,Very Low,0.0,Very Low
71.5000_-108.0000,71.5,-108.0,0.0434,Very Low,0.0,Very Low
71.5000_-107.5000,71.5,-107.5,0.0483,Very Low,1.896e-05,Very Low
71.5000_-107.0000,71.5,-107.0,0.0382,Very Low,0.0,Very Low
71.5000_-106.5000,71.5,-106.5,0.0354,Very Low,0.0,Very Low
71.5000_-106.0000,71.5,-106.0,0.0354,Very Low,0.0,Very Low
71.5000_-105.5000,71.5,-105.5,0.0342,Very Low,0.0,Very Low
71.5000_-105.0000,71.5,-105.0,0.0338,Very Low,0.0,Very Low
71.5000_-104.5000,71.5,-104.5,0.0341,Very Low,0.0,Very Low
71.5000_-99.5000,71.5,-99.5,0.0188,Very Low,1.896e-05,Very Low
71.5000_-99.0000,71.5,-99.0,0.0163,Very Low,0.0,Very Low
71.5000_-98.5000,71.5,-98.5,0.015,Very Low,0.0,Very Low
71.5000_-98.0000,71.5,-98.0,0.015,Very Low,0.0,Very Low
71.5000_-96.0000,71.5,-96.0,0.015,Very Low,0.0,Very Low
71.5000_-95.5000,71.5,-95.5,0.0154,Very Low,0.0,Very Low
71.5000_-95.0000,71.5,-95.0,0.0158,Very Low,0.0,Very Low
71.5000_-94.5000,71.5,-94.5,0.0163,Very Low,0.0,Very Low
71.5000_-94.0000,71.5,-94.0,0.0163,Very Low,0.0,Very Low
71.5000_-93.5000,71.5,-93.5,0.0162,Very Low,0.0,Very Low
71.5000_-93.0000,71.5,-93.0,0.0162,Very Low,0.0,Very Low
71.5000_-90.0000,71.5,-90.0,0.0182,Very Low,1.896e-05,Very Low
71.5000_-89.5000,71.5,-89.5,0.0194,Very Low,1.896e-05,Very Low
71.5000_-89.0000,71.5,-89.0,0.0207,Very Low,1.896e-05,Very Low
71.5000_-88.5000,71.5,-88.5,0.0207,Very Low,1.896e-05,Very Low
71.5000_-88.0000,71.5,-88.0,0.0229,Very Low,1.896e-05,Very Low
71.5000_-87.5000,71.5,-87.5,0.0258,Very Low,1.896e-05,Very Low
71.5000_-87.0000,71.5,-87.0,0.0267,Very Low,1.896e-05,Very Low
71.5000_-86.5000,71.5,-86.5,0.0267,Very Low,1.896e-05,Very Low
71.5000_-86.0000,71.5,-86.0,0.0276,Very Low,1.896e-05,Very Low
71.5000_-85.5000,71.5,-85.5,0.0285,Very Low,1.896e-05,Very Low
71.5000_-85.0000,71.5,-85.0,0.0289,Very Low,1.896e-05,Very Low
71.5000_-84.5000,71.5,-84.5,0.0288,Very Low,1.896e-05,Very Low
71.5000_-84.0000,71.5,-84.0,0.0286,Very Low,1.896e-05,Very Low
71.5000_-83.5000,71.5,-83.5,0.0286,Very Low,1.896e-05,Very Low
71.5000_-83.0000,71.5,-83.0,0.0281,Very Low,1.896e-05,Very Low
71.5000_-82.5000,71.5,-82.5,0.0277,Very Low,1.896e-05,Very Low
71.5000_-82.0000,71.5,-82.0,0.0283,Very Low,1.896e-05,Very Low
71.5000_-81.5000,71.5,-81.5,0.0283,Very Low,1.896e-05,Very Low
71.5000_-81.0000,71.5,-81.0,0.0294,Very Low,1.896e-05,Very Low
71.5000_-80.5000,71.5,-80.5,0.0306,Very Low,1.896e-05,Very Low
71.5000_-80.0000,71.5,-80.0,0.0314,Very Low,1.896e-05,Very Low
71.5000_-79.5000,71.5,-79.5,0.0311,Very Low,1.896e-05,Very Low
71.5000_-79.0000,71.5,-79.0,0.0297,Very Low,1.896e-05,Very Low
71.5000_-78.5000,71.5,-78.5,0.0297,Very Low,1.896e-05,Very Low
71.5000_-78.0000,71.5,-78.0,0.0292,Very Low,1.896e-05,Very Low
71.5000_-77.5000,71.5,-77.5,0.0288,Very Low,1.896e-05,Very Low
71.5000_-77.0000,71.5,-77.0,0.0274,Very Low,1.896e-05,Very Low
71.5000_-76.5000,71.5,-76.5,0.0253,Very Low,1.896e-05,Very Low
71.5000_-76.0000,71.5,-76.0,0.0253,Very Low,1.896e-05,Very Low
71.5000_-75.5000,71.5,-75.5,0.021,Very Low,1.896e-05,Very Low
71.5000_-75.0000,71.5,-75.0,0.0174,Very Low,1.896e-05,Very Low
71.5000_-74.5000,71.5,-74.5,0.0159,Very Low,0.0,Very Low
71.5000_-74.0000,71.5,-74.0,0.0156,Very Low,0.0,Very Low
71.5000_-73.5000,71.5,-73.5,0.0149,Very Low,0.0,Very Low
71.5000_-73.0000,71.5,-73.0,0.0149,Very Low,0.0,Very Low
71.5000_-72.5000,71.5,-72.5,0.0143,Very Low,0.0,Very Low
71.5000_-72.0000,71.5,-72.0,0.0138,Very Low,0.0,Very Low
71.5000_-71.5000,71.5,-71.5,0.0135,Very Low,0.0,Very Low
72.0000_-126.0000,72.0,-126.0,0.0307,Very Low,0.0,Very Low
72.0000_-125.5000,72.0,-125.5,0.0365,Very Low,1.896e-05,Very Low
72.0000_-125.0000,72.0,-125.0,0.0456,Very Low,1.896e-05,Very Low
72.0000_-124.5000,72.0,-124.5,0.0574,Very Low,1.896e-05,Very Low
72.0000_-124.0000,72.0,-124.0,0.0596,Very Low,1.896e-05,Very Low
72.0000_-123.5000,72.0,-123.5,0.0619,Very Low,1.896e-05,Very Low
72.0000_-123.0000,72.0,-123.0,0.0619,Very Low,1.896e-05,Very Low
72.0000_-122.5000,72.0,-122.5,0.0622,Very Low,1.896e-05,Very Low
72.0000_-122.0000,72.0,-122.0,0.0625,Very Low,1.896e-05,Very Low
72.0000_-121.5000,72.0,-121.5,0.0622,Very Low,1.896e-05,Very Low
72.0000_-121.0000,72.0,-121.0,0.0622,Very Low,1.896e-05,Very Low
72.0000_-120.5000,72.0,-120.5,0.062,Very Low,1.896e-05,Very Low
72.0000_-119.0000,72.0,-119.0,0.0494,Very Low,1.896e-05,Very Low
72.0000_-118.5000,72.0,-118.5,0.0494,Very Low,1.896e-05,Very Low
72.0000_-118.0000,72.0,-118.0,0.0444,Very Low,1.896e-05,Very Low
72.0000_-117.5000,72.0,-117.5,0.0412,Very Low,1.896e-05,Very Low
72.0000_-117.0000,72.0,-117.0,0.0396,Very Low,1.896e-05,Very Low
72.0000_-116.5000,72.0,-116.5,0.0388,Very Low,1.896e-05,Very Low
72.0000_-116.0000,72.0,-116.0,0.0388,Very Low,1.896e-05,Very Low
72.0000_-115.5000,72.0,-115.5,0.0362,Very Low,1.896e-05,Very Low
72.0000_-115.0000,72.0,-115.0,0.0335,Very Low,0.0,Very Low
72.0000_-114.5000,72.0,-114.5,0.0302,Very Low,0.0,Very Low
72.0000_-114.0000,72.0,-114.0,0.0284,Very Low,0.0,Very Low
72.0000_-113.5000,72.0,-113.5,0.0249,Very Low,0.0,Very Low
72.0000_-113.0000,72.0,-113.0,0.0249,Very Low,0.0,Very Low
72.0000_-112.5000,72.0,-112.5,0.0238,Very Low,0.0,Very Low
72.0000_-112.0000,72.0,-112.0,0.0235,Very Low,0.0,Very Low
72.0000_-111.5000,72.0,-111.5,0.0235,Very Low,0.0,Very Low
72.0000_-111.0000,72.0,-111.0,0.0235,Very Low,0.0,Very Low
72.0000_-110.5000,72.0,-110.5,0.0236,Very Low,0.0,Very Low
72.0000_-110.0000,72.0,-110.0,0.0255,Very Low,0.0,Very Low
72.0000_-109.5000,72.0,-109.5,0.0286,Very Low,0.0,Very Low
72.0000_-109.0000,72.0,-109.0,0.0346,Very Low,0.0,Very Low
72.0000_-108.5000,72.0,-108.5,0.0346,Very Low,0.0,Very Low
72.0000_-108.0000,72.0,-108.0,0.0441,Very Low,1.896e-05,Very Low
72.0000_-107.5000,72.0,-107.5,0.0413,Very Low,1.896e-05,Very Low
72.0000_-107.0000,72.0,-107.0,0.0322,Very Low,1.896e-05,Very Low
72.0000_-106.5000,72.0,-106.5,0.0285,Very Low,0.0,Very Low
72.0000_-106.0000,72.0,-106.0,0.0285,Very Low,0.0,Very Low
72.0000_-105.5000,72.0,-105.5,0.0262,Very Low,0.0,Very Low
72.0000_-105.0000,72.0,-105.0,0.0245,Very Low,0.0,Very Low
72.0000_-100.5000,72.0,-100.5,0.0374,Very Low,1.896e-05,Very Low
72.0000_-100.0000,72.0,-100.0,0.0349,Very Low,1.896e-05,Very Low
72.0000_-99.5000,72.0,-99.5,0.0344,Very Low,1.896e-05,Very Low
72.0000_-99.0000,72.0,-99.0,0.0336,Very Low,1.896e-05,Very Low
72.0000_-98.5000,72.0,-98.5,0.0336,Very Low,1.896e-05,Very Low
72.0000_-98.0000,72.0,-98.0,0.0281,Very Low,1.896e-05,Very Low
72.0000_-97.5000,72.0,-97.5,0.0265,Very Low,0.0,Very Low
72.0000_-97.0000,72.0,-97.0,0.0255,Very Low,0.0,Very Low
72.0000_-96.5000,72.0,-96.5,0.0255,Very Low,0.0,Very Low
72.0000_-95.5000,72.0,-95.5,0.0245,Very Low,0.0,Very Low
72.0000_-95.0000,72.0,-95.0,0.0249,Very Low,0.0,Very Low
72.0000_-94.5000,72.0,-94.5,0.0255,Very Low,0.0,Very Low
72.0000_-94.0000,72.0,-94.0,0.0255,Very Low,0.0,Very Low
72.0000_-90.0000,72.0,-90.0,0.0282,Very Low,1.896e-05,Very Low
72.0000_-89.5000,72.0,-89.5,0.0283,Very Low,1.896e-05,Very Low
72.0000_-89.0000,72.0,-89.0,0.0285,Very Low,1.896e-05,Very Low
72.0000_-88.5000,72.0,-88.5,0.0285,Very Low,1.896e-05,Very Low
72.0000_-88.0000,72.0,-88.0,0.0301,Very Low,1.896e-05,Very Low
72.0000_-87.5000,72.0,-87.5,0.0322,Very Low,1.896e-05,Very Low
72.0000_-87.0000,72.0,-87.0,0.0352,Very Low,1.896e-05,Very Low
72.0000_-86.5000,72.0,-86.5,0.0393,Very Low,1.896e-05,Very Low
72.0000_-86.0000,72.0,-86.0,0.0393,Very Low,1.896e-05,Very Low
72.0000_-85.5000,72.0,-85.5,0.0411,Very Low,1.896e-05,Very Low
72.0000_-85.0000,72.0,-85.0,0.0423,Very Low,1.896e-05,Very Low
72.0000_-84.5000,72.0,-84.5,0.0442,Very Low,1.896e-05,Very Low
72.0000_-84.0000,72.0,-84.0,0.0465,Very Low,1.896e-05,Very Low
72.0000_-83.5000,72.0,-83.5,0.0465,Very Low,1.896e-05,Very Low
72.0000_-83.0000,72.0,-83.0,0.0493,Very Low,1.896e-05,Very Low
72.0000_-82.5000,72.0,-82.5,0.0518,Very Low,1.896e-05,Very Low
72.0000_-82.0000,72.0,-82.0,0.0534,Very Low,1.896e-05,Very Low
72.0000_-81.5000,72.0,-81.5,0.0554,Very Low,1.896e-05,Very Low
72.0000_-81.0000,72.0,-81.0,0.0554,Very Low,1.896e-05,Very Low
72.0000_-80.5000,72.0,-80.5,0.0562,Very Low,1.896e-05,Very Low
72.0000_-80.0000,72.0,-80.0,0.057,Very Low,1.896e-05,Very Low
72.0000_-79.5000,72.0,-79.5,0.0554,Very Low,1.896e-05,Very Low
72.0000_-79.0000,72.0,-79.0,0.0535,Very Low,1.896e-05,Very Low
72.0000_-78.5000,72.0,-78.5,0.0539,Very Low,1.896e-05,Very Low
72.0000_-78.0000,72.0,-78.0,0.0506,Very Low,1.896e-05,Very Low
72.0000_-77.5000,72.0,-77.5,0.0477,Very Low,1.896e-05,Very Low
72.0000_-77.0000,72.0,-77.0,0.0424,Very Low,1.896e-05,Very Low
72.0000_-76.5000,72.0,-76.5,0.0424,Very Low,1.896e-05,Very Low
72.0000_-76.0000,72.0,-76.0,0.0339,Very Low,1.896e-05,Very Low
72.0000_-75.5000,72.0,-75.5,0.0272,Very Low,1.896e-05,Very Low
72.0000_-75.0000,72.0,-75.0,0.0252,Very Low,0.0,Very Low
72.0000_-74.5000,72.0,-74.5,0.0247,Very Low,0.0,Very Low
72.0000_-74.0000,72.0,-74.0,0.0236,Very Low,0.0,Very Low
72.5000_-125.5000,72.5,-125.5,0.1194,Very Low,1.896e-05,Very Low
72.5000_-125.0000,72.5,-125.0,0.1381,Very Low,1.896e-05,Very Low
72.5000_-124.5000,72.5,-124.5,0.1683,Very Low,7.416e-05,Low
72.5000_-124.0000,72.5,-124.0,0.1884,Very Low,0.00053927,Low
72.5000_-123.5000,72.5,-123.5,0.1884,Very Low,0.00053927,Low
72.5000_-123.0000,72.5,-123.0,0.1971,Very Low,0.00053927,Low
72.5000_-122.5000,72.5,-122.5,0.2021,Very Low,0.00053927,Low
72.5000_-122.0000,72.5,-122.0,0.2085,Very Low,0.00053927,Low
72.5000_-121.5000,72.5,-121.5,0.2085,Very Low,0.00053927,Low
72.5000_-121.0000,72.5,-121.0,0.2153,Very Low,0.00068534,Low
72.5000_-120.5000,72.5,-120.5,0.2151,Very Low,0.00068534,Low
72.5000_-120.0000,72.5,-120.0,0.2136,Very Low,0.00053927,Low
72.5000_-119.5000,72.5,-119.5,0.212,Very Low,0.00053927,Low
72.5000_-119.0000,72.5,-119.0,0.205,Very Low,0.00053927,Low
72.5000_-118.5000,72.5,-118.5,0.1868,Very Low,0.00053927,Low
72.5000_-118.0000,72.5,-118.0,0.1868,Very Low,0.00053927,Low
72.5000_-117.5000,72.5,-117.5,0.1677,Very Low,7.416e-05,Low
72.5000_-117.0000,72.5,-117.0,0.1552,Very Low,7.416e-05,Low
72.5000_-116.5000,72.5,-116.5,0.1552,Very Low,7.416e-05,Low
72.5000_-116.0000,72.5,-116.0,0.1487,Very Low,7.416e-05,Low
72.5000_-115.5000,72.5,-115.5,0.1396,Very Low,1.896e-05,Very Low
72.5000_-115.0000,72.5,-115.0,0.129,Very Low,7.416e-05,Low
72.5000_-114.5000,72.5,-114.5,0.1179,Very Low,1.896e-05,Very Low
72.5000_-114.0000,72.5,-114.0,0.1104,Very Low,1.896e-05,Very Low
72.5000_-113.5000,72.5,-113.5,0.1104,Very Low,1.896e-05,Very Low
72.5000_-113.0000,72.5,-113.0,0.1,Very Low,1.896e-05,Very Low
72.5000_-112.5000,72.5,-112.5,0.0958,Very Low,0.0,Very Low
72.5000_-112.0000,72.5,-112.0,0.0981,Very Low,1.896e-05,Very Low
72.5000_-111.5000,72.5,-111.5,0.0981,Very Low,1.896e-05,Very Low
72.5000_-111.0000,72.5,-111.0,0.1052,Very Low,1.896e-05,Very Low
72.5000_-110.5000,72.5,-110.5,0.1086,Very Low,1.896e-05,Very Low
72.5000_-110.0000,72.5,-110.0,0.1123,Very Low,1.896e-05,Very Low
72.5000_-109.5000,72.5,-109.5,0.1167,Very Low,1.896e-05,Very Low
72.5000_-109.0000,72.5,-109.0,0.133,Very Low,1.896e-05,Very Low
72.5000_-108.5000,72.5,-108.5,0.133,Very Low,1.896e-05,Very Low
72.5000_-108.0000,72.5,-108.0,0.139,Very Low,1.896e-05,Very Low
72.5000_-107.5000,72.5,-107.5,0.1396,Very Low,1.896e-05,Very Low
72.5000_-107.0000,72.5,-107.0,0.1426,Very Low,1.896e-05,Very Low
72.5000_-106.5000,72.5,-106.5,0.1426,Very Low,1.896e-05,Very Low
72.5000_-106.0000,72.5,-106.0,0.1315,Very Low,1.896e-05,Very Low
72.5000_-105.5000,72.5,-105.5,0.1034,Very Low,1.896e-05,Very Low
72.5000_-105.0000,72.5,-105.0,0.0932,Very Low,0.0,Very Low
72.5000_-102.5000,72.5,-102.5,0.0897,Very Low,1.896e-05,Very Low
72.5000_-102.0000,72.5,-102.0,0.1002,Very Low,1.896e-05,Very Low
72.5000_-101.5000,72.5,-101.5,0.0671,Very Low,1.896e-05,Very Low
72.5000_-101.0000,72.5,-101.0,0.082,Very Low,1.896e-05,Very Low
72.5000_-100.5000,72.5,-100.5,0.1022,Very Low,1.896e-05,Very Low
72.5000_-100.0000,72.5,-100.0,0.1121,Very Low,7.416e-05,Low
72.5000_-99.5000,72.5,-99.5,0.1139,Very Low,1.896e-05,Very Low
72.5000_-99.0000,72.5,-99.0,0.1138,Very Low,1.896e-05,Very Low
72.5000_-98.5000,72.5,-98.5,0.1138,Very Low,1.896e-05,Very Low
72.5000_-98.0000,72.5,-98.0,0.1127,Very Low,1.896e-05,Very Low
72.5000_-97.5000,72.5,-97.5,0.1121,Very Low,1.896e-05,Very Low
72.5000_-97.0000,72.5,-97.0,0.1004,Very Low,1.896e-05,Very Low
72.5000_-96.5000,72.5,-96.5,0.0927,Very Low,1.896e-05,Very Low
72.5000_-95.5000,72.5,-95.5,0.0881,Very Low,1.896e-05,Very Low
72.5000_-95.0000,72.5,-95.0,0.0869,Very Low,1.896e-05,Very Low
72.5000_-94.5000,72.5,-94.5,0.0847,Very Low,1.896e-05,Very Low
72.5000_-94.0000,72.5,-94.0,0.0827,Very Low,1.896e-05,Very Low
72.5000_-93.5000,72.5,-93.5,0.0827,Very Low,1.896e-05,Very Low
72.5000_-90.0000,72.5,-90.0,0.0791,Very Low,1.896e-05,Very Low
72.5000_-89.5000,72.5,-89.5,0.0801,Very Low,1.896e-05,Very Low
72.5000_-89.0000,72.5,-89.0,0.0811,Very Low,1.896e-05,Very Low
72.5000_-88.5000,72.5,-88.5,0.0811,Very Low,1.896e-05,Very Low
72.5000_-88.0000,72.5,-88.0,0.0827,Very Low,1.896e-05,Very Low
72.5000_-87.5000,72.5,-87.5,0.0857,Very Low,1.896e-05,Very Low
72.5000_-87.0000,72.5,-87.0,0.0897,Very Low,1.896e-05,Very Low
72.5000_-86.5000,72.5,-86.5,0.0897,Very Low,1.896e-05,Very Low
72.5000_-86.0000,72.5,-86.0,0.0949,Very Low,1.896e-05,Very Low
72.5000_-85.5000,72.5,-85.5,0.1017,Very Low,1.896e-05,Very Low
72.5000_-85.0000,72.5,-85.0,0.1107,Very Low,1.896e-05,Very Low
72.5000_-84.5000,72.5,-84.5,0.1207,Very Low,1.896e-05,Very Low
72.5000_-84.0000,72.5,-84.0,0.1322,Very Low,1.896e-05,Very Low
72.5000_-83.5000,72.5,-83.5,0.1322,Very Low,1.896e-05,Very Low
72.5000_-83.0000,72.5,-83.0,0.1428,Very Low,7.416e-05,Low
72.5000_-82.5000,72.5,-82.5,0.154,Very Low,7.416e-05,Low
72.5000_-82.0000,72.5,-82.0,0.1656,Very Low,7.416e-05,Low
72.5000_-81.5000,72.5,-81.5,0.1656,Very Low,7.416e-05,Low
72.5000_-81.0000,72.5,-81.0,0.1687,Very Low,0.00015106,Low
72.5000_-80.5000,72.5,-80.5,0.1692,Very Low,0.00015106,Low
72.5000_-80.0000,72.5,-80.0,0.1689,Very Low,0.00015106,Low
72.5000_-79.5000,72.5,-79.5,0.1682,Very Low,7.416e-05,Low
72.5000_-78.5000,72.5,-78.5,0.163,Very Low,7.416e-05,Low
72.5000_-78.0000,72.5,-78.0,0.1596,Very Low,7.416e-05,Low
72.5000_-77.5000,72.5,-77.5,0.1506,Very Low,7.416e-05,Low
72.5000_-77.0000,72.5,-77.0,0.1168,Very Low,1.896e-05,Very Low
72.5000_-76.5000,72.5,-76.5,0.1168,Very Low,1.896e-05,Very Low
72.5000_-76.0000,72.5,-76.0,0.0896,Very Low,1.896e-05,Very Low
72.5000_-75.5000,72.5,-75.5,0.0799,Very Low,1.896e-05,Very Low
72.5000_-75.0000,72.5,-75.0,0.0796,Very Low,1.896e-05,Very Low
73.0000_-125.0000,73.0,-125.0,0.1204,Very Low,1.896e-05,Very Low
73.0000_-124.5000,73.0,-124.5,0.1278,Very Low,1.896e-05,Very Low
73.0000_-124.0000,73.0,-124.0,0.1391,Very Low,1.896e-05,Very Low
73.0000_-123.5000,73.0,-123.5,0.1391,Very Low,1.896e-05,Very Low
73.0000_-123.0000,73.0,-123.0,0.1482,Very Low,7.416e-05,Low
73.0000_-122.5000,73.0,-122.5,0.1511,Very Low,7.416e-05,Low
73.0000_-122.0000,73.0,-122.0,0.1547,Very Low,7.416e-05,Low
73.0000_-121.5000,73.0,-121.5,0.1547,Very Low,7.416e-05,Low
73.0000_-121.0000,73.0,-121.0,0.1602,Very Low,7.416e-05,Low
73.0000_-120.5000,73.0,-120.5,0.1622,Very Low,7.416e-05,Low
73.0000_-120.0000,73.0,-120.0,0.1681,Very Low,7.416e-05,Low
73.0000_-119.5000,73.0,-119.5,0.177,Very Low,0.00018179,Low
73.0000_-119.0000,73.0,-119.0,0.1843,Very Low,0.00053927,Low
73.0000_-118.5000,73.0,-118.5,0.1843,Very Low,0.00053927,Low
73.0000_-118.0000,73.0,-118.0,0.1706,Very Low,7.416e-05,Low
73.0000_-117.5000,73.0,-117.5,0.1576,Very Low,7.416e-05,Low
73.0000_-117.0000,73.0,-117.0,0.1636,Very Low,7.416e-05,Low
73.0000_-116.5000,73.0,-116.5,0.1636,Very Low,7.416e-05,Low
73.0000_-116.0000,73.0,-116.0,0.1615,Very Low,7.416e-05,Low
73.0000_-115.5000,73.0,-115.5,0.1543,Very Low,7.416e-05,Low
73.0000_-115.0000,73.0,-115.0,0.1485,Very Low,7.416e-05,Low
73.0000_-114.5000,73.0,-114.5,0.1447,Very Low,7.416e-05,Low
73.0000_-114.0000,73.0,-114.0,0.1427,Very Low,1.896e-05,Very Low
73.0000_-113.5000,73.0,-113.5,0.1336,Very Low,1.896e-05,Very Low
73.0000_-113.0000,73.0,-113.0,0.1336,Very Low,1.896e-05,Very Low
73.0000_-112.5000,73.0,-112.5,0.1343,Very Low,1.896e-05,Very Low
73.0000_-111.0000,73.0,-111.0,0.1217,Very Low,1.896e-05,Very Low
73.0000_-110.5000,73.0,-110.5,0.1172,Very Low,1.896e-05,Very Low
73.0000_-110.0000,73.0,-110.0,0.1176,Very Low,1.896e-05,Very Low
73.0000_-109.5000,73.0,-109.5,0.1289,Very Low,1.896e-05,Very Low
73.0000_-108.5000,73.0,-108.5,0.1296,Very Low,1.896e-05,Very Low
73.0000_-108.0000,73.0,-108.0,0.124,Very Low,1.896e-05,Very Low
73.0000_-107.5000,73.0,-107.5,0.1283,Very Low,1.896e-05,Very Low
73.0000_-107.0000,73.0,-107.0,0.1347,Very Low,1.896e-05,Very Low
73.0000_-106.5000,73.0,-106.5,0.1388,Very Low,1.896e-05,Very Low
73.0000_-106.0000,73.0,-106.0,0.1388,Very Low,1.896e-05,Very Low
73.0000_-105.5000,73.0,-105.5,0.1165,Very Low,1.896e-05,Very Low
73.0000_-105.0000,73.0,-105.0,0.101,Very Low,1.896e-05,Very Low
73.0000_-102.5000,73.0,-102.5,0.0815,Very Low,0.0,Very Low
73.0000_-102.0000,73.0,-102.0,0.0856,Very Low,1.896e-05,Very Low
73.0000_-101.5000,73.0,-101.5,0.064,Very Low,0.0,Very Low
73.0000_-100.5000,73.0,-100.5,0.0752,Very Low,1.896e-05,Very Low
73.0000_-100.0000,73.0,-100.0,0.0825,Very Low,1.896e-05,Very Low
73.0000_-99.5000,73.0,-99.5,0.0901,Very Low,1.896e-05,Very Low
73.0000_-99.0000,73.0,-99.0,0.1057,Very Low,1.896e-05,Very Low
73.0000_-98.5000,73.0,-98.5,0.1057,Very Low,1.896e-05,Very Low
73.0000_-98.0000,73.0,-98.0,0.1206,Very Low,1.896e-05,Very Low
73.0000_-97.5000,73.0,-97.5,0.1337,Very Low,1.896e-05,Very Low
73.0000_-97.0000,73.0,-97.0,0.1377,Very Low,7.416e-05,Low
73.0000_-96.5000,73.0,-96.5,0.1377,Very Low,7.416e-05,Low
73.0000_-96.0000,73.0,-96.0,0.1232,Very Low,1.896e-05,Very Low
73.0000_-95.5000,73.0,-95.5,0.116,Very Low,1.896e-05,Very Low
73.0000_-95.0000,73.0,-95.0,0.1134,Very Low,1.896e-05,Very Low
73.0000_-94.5000,73.0,-94.5,0.1118,Very Low,1.896e-05,Very Low
73.0000_-94.0000,73.0,-94.0,0.1077,Very Low,1.896e-05,Very Low
73.0000_-93.5000,73.0,-93.5,0.1077,Very Low,1.896e-05,Very Low
73.0000_-93.0000,73.0,-93.0,0.0963,Very Low,1.896e-05,Very Low
73.0000_-92.5000,73.0,-92.5,0.0853,Very Low,1.896e-05,Very Low
73.0000_-92.0000,73.0,-92.0,0.0778,Very Low,1.896e-05,Very Low
73.0000_-91.5000,73.0,-91.5,0.0778,Very Low,1.896e-05,Very Low
73.0000_-89.5000,73.0,-89.5,0.0799,Very Low,1.896e-05,Very Low
73.0000_-89.0000,73.0,-89.0,0.0794,Very Low,1.896e-05,Very Low
73.0000_-88.5000,73.0,-88.5,0.079,Very Low,7.416e-05,Low
73.0000_-88.0000,73.0,-88.0,0.079,Very Low,7.416e-05,Low
73.0000_-87.5000,73.0,-87.5,0.0813,Very Low,1.896e-05,Very Low
73.0000_-87.0000,73.0,-87.0,0.0841,Very Low,1.896e-05,Very Low
73.0000_-86.5000,73.0,-86.5,0.0841,Very Low,1.896e-05,Very Low
73.0000_-85.5000,73.0,-85.5,0.0924,Very Low,1.896e-05,Very Low
73.0000_-85.0000,73.0,-85.0,0.0988,Very Low,1.896e-05,Very Low
73.0000_-84.5000,73.0,-84.5,0.1083,Very Low,1.896e-05,Very Low
73.0000_-84.0000,73.0,-84.0,0.1192,Very Low,1.896e-05,Very Low
73.0000_-83.5000,73.0,-83.5,0.1192,Very Low,1.896e-05,Very Low
73.0000_-83.0000,73.0,-83.0,0.1339,Very Low,1.896e-05,Very Low
73.0000_-82.5000,73.0,-82.5,0.1526,Very Low,7.416e-05,Low
73.0000_-82.0000,73.0,-82.0,0.1597,Very Low,7.416e-05,Low
73.0000_-81.5000,73.0,-81.5,0.1597,Very Low,7.416e-05,Low
73.0000_-81.0000,73.0,-81.0,0.1675,Very Low,7.416e-05,Low
73.0000_-80.5000,73.0,-80.5,0.1708,Very Low,7.416e-05,Low
73.0000_-80.0000,73.0,-80.0,0.1679,Very Low,7.416e-05,Low
73.0000_-79.5000,73.0,-79.5,0.1664,Very Low,7.416e-05,Low
73.0000_-79.0000,73.0,-79.0,0.166,Very Low,7.416e-05,Low
73.0000_-78.5000,73.0,-78.5,0.163,Very Low,7.416e-05,Low
73.0000_-78.0000,73.0,-78.0,0.163,Very Low,7.416e-05,Low
73.0000_-77.5000,73.0,-77.5,0.1502,Very Low,7.416e-05,Low
73.0000_-77.0000,73.0,-77.0,0.1366,Very Low,7.416e-05,Low
73.0000_-76.5000,73.0,-76.5,0.1366,Very Low,7.416e-05,Low
73.0000_-76.0000,73.0,-76.0,0.1272,Very Low,1.896e-05,Very Low
73.5000_-124.5000,73.5,-124.5,0.202,Very Low,1.896e-05,Very Low
73.5000_-124.0000,73.5,-124.0,0.2184,Very Low,1.896e-05,Very Low
73.5000_-123.5000,73.5,-123.5,0.2184,Very Low,1.896e-05,Very Low
73.5000_-123.0000,73.5,-123.0,0.238,Very Low,1.896e-05,Very Low
73.5000_-122.5000,73.5,-122.5,0.2401,Very Low,1.896e-05,Very Low
73.5000_-122.0000,73.5,-122.0,0.2348,Very Low,1.896e-05,Very Low
73.5000_-121.5000,73.5,-121.5,0.2348,Very Low,1.896e-05,Very Low
73.5000_-121.0000,73.5,-121.0,0.2457,Very Low,1.896e-05,Very Low
73.5000_-120.5000,73.5,-120.5,0.2391,Very Low,1.896e-05,Very Low
73.5000_-120.0000,73.5,-120.0,0.2177,Very Low,1.896e-05,Very Low
73.5000_-119.5000,73.5,-119.5,0.2307,Very Low,1.896e-05,Very Low
73.5000_-119.0000,73.5,-119.0,0.2374,Very Low,1.896e-05,Very Low
73.5000_-118.5000,73.5,-118.5,0.2327,Very Low,1.896e-05,Very Low
73.5000_-118.0000,73.5,-118.0,0.2327,Very Low,1.896e-05,Very Low
73.5000_-117.5000,73.5,-117.5,0.2307,Very Low,1.896e-05,Very Low
73.5000_-117.0000,73.5,-117.0,0.2303,Very Low,1.896e-05,Very Low
73.5000_-116.5000,73.5,-116.5,0.2303,Very Low,1.896e-05,Very Low
73.5000_-116.0000,73.5,-116.0,0.2291,Very Low,1.896e-05,Very Low
73.5000_-115.5000,73.5,-115.5,0.2353,Very Low,1.896e-05,Very Low
73.5000_-108.0000,73.5,-108.0,0.2221,Very Low,1.896e-05,Very Low
73.5000_-107.5000,73.5,-107.5,0.2143,Very Low,1.896e-05,Very Low
73.5000_-107.0000,73.5,-107.0,0.214,Very Low,1.896e-05,Very Low
73.5000_-106.5000,73.5,-106.5,0.2263,Very Low,1.896e-05,Very Low
73.5000_-106.0000,73.5,-106.0,0.2263,Very Low,1.896e-05,Very Low
73.5000_-105.5000,73.5,-105.5,0.2248,Very Low,1.896e-05,Very Low
73.5000_-105.0000,73.5,-105.0,0.2231,Very Low,1.896e-05,Very Low
73.5000_-104.5000,73.5,-104.5,0.1964,Very Low,1.896e-05,Very Low
73.5000_-101.5000,73.5,-101.5,0.1132,Very Low,0.0,Very Low
73.5000_-101.0000,73.5,-101.0,0.1124,Very Low,0.0,Very Low
73.5000_-100.5000,73.5,-100.5,0.1135,Very Low,1.896e-05,Very Low
73.5000_-100.0000,73.5,-100.0,0.117,Very Low,1.896e-05,Very Low
73.5000_-99.5000,73.5,-99.5,0.1029,Very Low,0.0,Very Low
73.5000_-99.0000,73.5,-99.0,0.1068,Very Low,0.0,Very Low
73.5000_-98.5000,73.5,-98.5,0.1068,Very Low,0.0,Very Low
73.5000_-98.0000,73.5,-98.0,0.1253,Very Low,0.0,Very Low
73.5000_-97.5000,73.5,-97.5,0.1604,Very Low,1.896e-05,Very Low
73.5000_-97.0000,73.5,-97.0,0.1935,Very Low,1.896e-05,Very Low
73.5000_-95.5000,73.5,-95.5,0.2098,Very Low,1.896e-05,Very Low
73.5000_-95.0000,73.5,-95.0,0.2311,Very Low,1.896e-05,Very Low
73.5000_-94.5000,73.5,-94.5,0.2299,Very Low,1.896e-05,Very Low
73.5000_-94.0000,73.5,-94.0,0.2416,Very Low,1.896e-05,Very Low
73.5000_-93.5000,73.5,-93.5,0.2416,Very Low,1.896e-05,Very Low
73.5000_-93.0000,73.5,-93.0,0.2265,Very Low,1.896e-05,Very Low
73.5000_-92.5000,73.5,-92.5,0.1839,Very Low,1.896e-05,Very Low
73.5000_-92.0000,73.5,-92.0,0.1557,Very Low,1.896e-05,Very Low
73.5000_-91.5000,73.5,-91.5,0.1557,Very Low,1.896e-05,Very Low
73.5000_-91.0000,73.5,-91.0,0.1504,Very Low,1.896e-05,Very Low
73.5000_-88.5000,73.5,-88.5,0.1402,Very Low,1.896e-05,Very Low
73.5000_-88.0000,73.5,-88.0,0.1402,Very Low,1.896e-05,Very Low
73.5000_-87.5000,73.5,-87.5,0.141,Very Low,1.896e-05,Very Low
73.5000_-87.0000,73.5,-87.0,0.145,Very Low,1.896e-05,Very Low
73.5000_-86.5000,73.5,-86.5,0.145,Very Low,1.896e-05,Very Low
73.5000_-86.0000,73.5,-86.0,0.1493,Very Low,1.896e-05,Very Low
73.5000_-85.5000,73.5,-85.5,0.1549,Very Low,1.896e-05,Very Low
73.5000_-84.5000,73.5,-84.5,0.1751,Very Low,1.896e-05,Very Low
73.5000_-84.0000,73.5,-84.0,0.1877,Very Low,1.896e-05,Very Low
73.5000_-83.5000,73.5,-83.5,0.1877,Very Low,1.896e-05,Very Low
73.5000_-83.0000,73.5,-83.0,0.1957,Very Low,1.896e-05,Very Low
73.5000_-82.5000,73.5,-82.5,0.2048,Very Low,1.896e-05,Very Low
73.5000_-82.0000,73.5,-82.0,0.2123,Very Low,1.896e-05,Very Low
73.5000_-81.5000,73.5,-81.5,0.2123,Very Low,1.896e-05,Very Low
73.5000_-81.0000,73.5,-81.0,0.2174,Very Low,1.896e-05,Very Low
73.5000_-80.5000,73.5,-80.5,0.2243,Very Low,1.896e-05,Very Low
73.5000_-80.0000,73.5,-80.0,0.2342,Very Low,1.896e-05,Very Low
73.5000_-79.5000,73.5,-79.5,0.2451,Very Low,1.896e-05,Very Low
73.5000_-79.0000,73.5,-79.0,0.2606,Very Low,1.896e-05,Very Low
73.5000_-78.5000,73.5,-78.5,0.2606,Very Low,1.896e-05,Very Low
73.5000_-78.0000,73.5,-78.0,0.2812,Very Low,1.896e-05,Very Low
73.5000_-77.5000,73.5,-77.5,0.2997,Very Low,1.896e-05,Very Low
73.5000_-77.0000,73.5,-77.0,0.3043,Very Low,1.896e-05,Very Low
74.0000_-124.5000,74.0,-124.5,0.1568,Very Low,0.0,Very Low
74.0000_-124.0000,74.0,-124.0,0.1588,Very Low,0.0,Very Low
74.0000_-123.5000,74.0,-123.5,0.1718,Very Low,1.896e-05,Very Low
74.0000_-123.0000,74.0,-123.0,0.1718,Very Low,1.896e-05,Very Low
74.0000_-122.5000,74.0,-122.5,0.189,Very Low,1.896e-05,Very Low
74.0000_-122.0000,74.0,-122.0,0.1997,Very Low,1.896e-05,Very Low
74.0000_-121.5000,74.0,-121.5,0.1997,Very Low,1.896e-05,Very Low
74.0000_-121.0000,74.0,-121.0,0.1982,Very Low,1.896e-05,Very Low
74.0000_-120.5000,74.0,-120.5,0.2047,Very Low,1.896e-05,Very Low
74.0000_-120.0000,74.0,-120.0,0.2042,Very Low,1.896e-05,Very Low
74.0000_-119.5000,74.0,-119.5,0.1879,Very Low,1.896e-05,Very Low
74.0000_-119.0000,74.0,-119.0,0.1822,Very Low,0.0,Very Low
74.0000_-118.5000,74.0,-118.5,0.1822,Very Low,0.0,Very Low
74.0000_-118.0000,74.0,-118.0,0.1843,Very Low,0.0,Very Low
74.0000_-117.5000,74.0,-117.5,0.1642,Very Low,0.0,Very Low
74.0000_-117.0000,74.0,-117.0,0.1551,Very Low,0.0,Very Low
74.0000_-116.5000,74.0,-116.5,0.1551,Very Low,0.0,Very Low
74.0000_-100.0000,74.0,-100.0,0.1003,Very Low,0.0,Very Low
74.0000_-99.5000,74.0,-99.5,0.0949,Very Low,0.0,Very Low
74.0000_-99.0000,74.0,-99.0,0.0876,Very Low,0.0,Very Low
74.0000_-98.5000,74.0,-98.5,0.0876,Very Low,0.0,Very Low
74.0000_-98.0000,74.0,-98.0,0.0876,Very Low,0.0,Very Low
74.0000_-97.5000,74.0,-97.5,0.093,Very Low,0.0,Very Low
74.0000_-95.5000,74.0,-95.5,0.127,Very Low,0.0,Very Low
74.0000_-95.0000,74.0,-95.0,0.1496,Very Low,1.896e-05,Very Low
74.0000_-94.5000,74.0,-94.5,0.1686,Very Low,1.896e-05,Very Low
74.0000_-94.0000,74.0,-94.0,0.1896,Very Low,1.896e-05,Very Low
74.0000_-93.5000,74.0,-93.5,0.1896,Very Low,1.896e-05,Very Low
74.0000_-93.0000,74.0,-93.0,0.2162,Very Low,1.896e-05,Very Low
74.0000_-92.5000,74.0,-92.5,0.2034,Very Low,1.896e-05,Very Low
74.0000_-92.0000,74.0,-92.0,0.1891,Very Low,1.896e-05,Very Low
74.0000_-91.5000,74.0,-91.5,0.1891,Very Low,1.896e-05,Very Low
74.0000_-91.0000,74.0,-91.0,0.1808,Very Low,1.896e-05,Very Low
74.0000_-90.5000,74.0,-90.5,0.1498,Very Low,1.896e-05,Very Low
74.5000_-123.5000,74.5,-123.5,0.1906,Very Low,0.0,Very Low
74.5000_-123.0000,74.5,-123.0,0.1906,Very Low,0.0,Very Low
74.5000_-122.5000,74.5,-122.5,0.2035,Very Low,0.0,Very Low
74.5000_-122.0000,74.5,-122.0,0.2325,Very Low,0.0,Very Low
74.5000_-121.5000,74.5,-121.5,0.2325,Very Low,0.0,Very Low
74.5000_-121.0000,74.5,-121.0,0.2479,Very Low,0.0,Very Low
74.5000_-114.0000,74.5,-114.0,0.2091,Very Low,0.0,Very Low
74.5000_-113.5000,74.5,-113.5,0.208,Very Low,0.0,Very Low
74.5000_-113.0000,74.5,-113.0,0.208,Very Low,0.0,Very Low
74.5000_-112.5000,74.5,-112.5,0.232,Very Low,0.0,Very Low
74.5000_-112.0000,74.5,-112.0,0.257,Very Low,0.0,Very Low
74.5000_-111.5000,74.5,-111.5,0.257,Very Low,0.0,Very Low
74.5000_-98.0000,74.5,-98.0,0.1941,Very Low,0.0,Very Low
74.5000_-97.5000,74.5,-97.5,0.1794,Very Low,0.0,Very Low
74.5000_-96.0000,74.5,-96.0,0.1829,Very Low,0.0,Very Low
74.5000_-95.5000,74.5,-95.5,0.194,Very Low,0.0,Very Low
74.5000_-95.0000,74.5,-95.0,0.2077,Very Low,0.0,Very Low
74.5000_-90.0000,74.5,-90.0,0.2079,Very Low,0.0,Very Low
74.5000_-89.5000,74.5,-89.5,0.1989,Very Low,0.0,Very Low
74.5000_-88.5000,74.5,-88.5,0.1792,Very Low,0.0,Very Low
74.5000_-88.0000,74.5,-88.0,0.1792,Very Low,0.0,Very Low
74.5000_-87.5000,74.5,-87.5,0.1787,Very Low,0.0,Very Low
74.5000_-87.0000,74.5,-87.0,0.1825,Very Low,0.0,Very Low
74.5000_-86.5000,74.5,-86.5,0.1825,Very Low,0.0,Very Low
74.5000_-86.0000,74.5,-86.0,0.2054,Very Low,0.0,Very Low
74.5000_-85.5000,74.5,-85.5,0.2598,Very Low,1.896e-05,Very Low
74.5000_-85.0000,74.5,-85.0,0.2899,Very Low,1.896e-05,Very Low
74.5000_-84.5000,74.5,-84.5,0.2956,Very Low,1.896e-05,Very Low
74.5000_-84.0000,74.5,-84.0,0.3012,Very Low,1.896e-05,Very Low
74.5000_-83.5000,74.5,-83.5,0.3012,Very Low,1.896e-05,Very Low
74.5000_-83.0000,74.5,-83.0,0.3032,Very Low,1.896e-05,Very Low
74.5000_-82.5000,74.5,-82.5,0.3098,Very Low,1.896e-05,Very Low
74.5000_-82.0000,74.5,-82.0,0.3098,Very Low,1.896e-05,Very Low
74.5000_-81.5000,74.5,-81.5,0.3098,Very Low,1.896e-05,Very Low
74.5000_-81.0000,74.5,-81.0,0.3129,Very Low,1.896e-05,Very Low
74.5000_-80.5000,74.5,-80.5,0.3198,Very Low,1.896e-05,Very Low
75.0000_-116.5000,75.0,-116.5,0.2497,Very Low,0.0,Very Low
75.0000_-116.0000,75.0,-116.0,0.2498,Very Low,0.0,Very Low
75.0000_-115.5000,75.0,-115.5,0.2498,Very Low,0.0,Very Low
75.0000_-115.0000,75.0,-115.0,0.2498,Very Low,0.0,Very Low
75.0000_-114.5000,75.0,-114.5,0.2498,Very Low,0.0,Very Low
75.0000_-114.0000,75.0,-114.0,0.253,Very Low,0.0,Very Low
75.0000_-113.5000,75.0,-113.5,0.253,Very Low,0.0,Very Low
75.0000_-113.0000,75.0,-113.0,0.274,Very Low,0.0,Very Low
75.0000_-112.5000,75.0,-112.5,0.2878,Very Low,0.0,Very Low
75.0000_-112.0000,75.0,-112.0,0.2978,Very Low,0.0,Very Low
75.0000_-111.5000,75.0,-111.5,0.2978,Very Low,0.0,Very Low
75.0000_-111.0000,75.0,-111.0,0.3081,Very Low,1.896e-05,Very Low
75.0000_-110.5000,75.0,-110.5,0.3168,Very Low,1.896e-05,Very Low
75.0000_-110.0000,75.0,-110.0,0.3317,Very Low,1.896e-05,Very Low
75.0000_-109.5000,75.0,-109.5,0.3518,Very Low,1.896e-05,Very Low
75.0000_-109.0000,75.0,-109.0,0.3571,Very Low,1.896e-05,Very Low
75.0000_-108.5000,75.0,-108.5,0.3571,Very Low,1.896e-05,Very Low
75.0000_-108.0000,75.0,-108.0,0.3662,Very Low,1.896e-05,Very Low
75.0000_-107.5000,75.0,-107.5,0.3812,Very Low,1.896e-05,Very Low
75.0000_-107.0000,75.0,-107.0,0.3864,Very Low,1.896e-05,Very Low
75.0000_-106.5000,75.0,-106.5,0.3864,Very Low,1.896e-05,Very Low
75.0000_-106.0000,75.0,-106.0,0.3803,Very Low,1.896e-05,Very Low
75.0000_-104.5000,75.0,-104.5,0.3739,Very Low,1.896e-05,Very Low
75.0000_-104.0000,75.0,-104.0,0.3493,Very Low,1.896e-05,Very Low
75.0000_-100.5000,75.0,-100.5,0.2871,Very Low,0.0,Very Low
75.0000_-100.0000,75.0,-100.0,0.272,Very Low,0.0,Very Low
75.0000_-99.5000,75.0,-99.5,0.2677,Very Low,0.0,Very Low
75.0000_-99.0000,75.0,-99.0,0.2677,Very Low,0.0,Very Low
75.0000_-98.5000,75.0,-98.5,0.2677,Very Low,0.0,Very Low
75.0000_-98.0000,75.0,-98.0,0.2733,Very Low,0.0,Very Low
75.0000_-96.5000,75.0,-96.5,0.2967,Very Low,0.0,Very Low
75.0000_-96.0000,75.0,-96.0,0.3002,Very Low,0.0,Very Low
75.0000_-95.5000,75.0,-95.5,0.2575,Very Low,0.0,Very Low
75.0000_-95.0000,75.0,-95.0,0.2499,Very Low,0.0,Very Low
75.0000_-94.5000,75.0,-94.5,0.25,Very Low,0.0,Very Low
75.0000_-94.0000,75.0,-94.0,0.2563,Very Low,0.0,Very Low
75.0000_-93.5000,75.0,-93.5,0.2563,Very Low,0.0,Very Low
75.0000_-92.5000,75.0,-92.5,0.2836,Very Low,0.0,Very Low
75.0000_-92.0000,75.0,-92.0,0.2659,Very Low,0.0,Very Low
75.0000_-91.5000,75.0,-91.5,0.2659,Very Low,0.0,Very Low
75.0000_-91.0000,75.0,-91.0,0.2605,Very Low,0.0,Very Low
75.0000_-90.5000,75.0,-90.5,0.2595,Very Low,0.0,Very Low
75.0000_-90.0000,75.0,-90.0,0.2543,Very Low,0.0,Very Low
75.0000_-89.5000,75.0,-89.5,0.2627,Very Low,0.0,Very Low
75.0000_-89.0000,75.0,-89.0,0.2938,Very Low,0.0,Very Low
75.0000_-88.5000,75.0,-88.5,0.2938,Very Low,0.0,Very Low
75.0000_-88.0000,75.0,-88.0,0.3156,Very Low,1.896e-05,Very Low
75.0000_-87.5000,75.0,-87.5,0.3559,Very Low,1.896e-05,Very Low
75.0000_-87.0000,75.0,-87.0,0.3666,Very Low,1.896e-05,Very Low
75.0000_-86.5000,75.0,-86.5,0.3666,Very Low,1.896e-05,Very Low
75.0000_-86.0000,75.0,-86.0,0.371,Very Low,1.896e-05,Very Low
75.0000_-85.5000,75.0,-85.5,0.3543,Very Low,1.896e-05,Very Low
75.0000_-85.0000,75.0,-85.0,0.3304,Very Low,1.896e-05,Very Low
75.0000_-84.5000,75.0,-84.5,0.3052,Very Low,0.0,Very Low
75.0000_-84.0000,75.0,-84.0,0.3035,Very Low,0.0,Very Low
75.0000_-83.5000,75.0,-83.5,0.3035,Very Low,0.0,Very Low
75.0000_-83.0000,75.0,-83.0,0.3106,Very Low,0.0,Very Low
75.0000_-82.5000,75.0,-82.5,0.3349,Very Low,1.896e-05,Very Low
75.0000_-82.0000,75.0,-82.0,0.3635,Very Low,1.896e-05,Very Low
75.0000_-81.5000,75.0,-81.5,0.3635,Very Low,1.896e-05,Very Low
75.0000_-81.0000,75.0,-81.0,0.405,Very Low,1.896e-05,Very Low
75.0000_-80.5000,75.0,-80.5,0.4652,Very Low,1.896e-05,Very Low
75.0000_-80.0000,75.0,-80.0,0.4747,Very Low,1.896e-05,Very Low
75.0000_-79.5000,75.0,-79.5,0.4825,Very Low,1.896e-05,Very Low
75.5000_-119.0000,75.5,-119.0,0.3369,Very Low,0.0,Very Low
75.5000_-118.5000,75.5,-118.5,0.3369,Very Low,0.0,Very Low
75.5000_-117.5000,75.5,-117.5,0.3154,Very Low,0.0,Very Low
75.5000_-117.0000,75.5,-117.0,0.3096,Very Low,0.0,Very Low
75.5000_-116.5000,75.5,-116.5,0.3096,Very Low,0.0,Very Low
75.5000_-116.0000,75.5,-116.0,0.287,Very Low,0.0,Very Low
75.5000_-115.5000,75.5,-115.5,0.2828,Very Low,0.0,Very Low
75.5000_-115.0000,75.5,-115.0,0.2829,Very Low,0.0,Very Low
75.5000_-114.5000,75.5,-114.5,0.2829,Very Low,0.0,Very Low
75.5000_-114.0000,75.5,-114.0,0.2829,Very Low,0.0,Very Low
75.5000_-113.5000,75.5,-113.5,0.2829,Very Low,0.0,Very Low
75.5000_-113.0000,75.5,-113.0,0.283,Very Low,0.0,Very Low
75.5000_-112.5000,75.5,-112.5,0.2831,Very Low,0.0,Very Low
75.5000_-112.0000,75.5,-112.0,0.3047,Very Low,0.0,Very Low
75.5000_-111.5000,75.5,-111.5,0.3047,Very Low,0.0,Very Low
75.5000_-111.0000,75.5,-111.0,0.311,Very Low,0.0,Very Low
75.5000_-110.5000,75.5,-110.5,0.322,Very Low,0.0,Very Low
75.5000_-110.0000,75.5,-110.0,0.3383,Very Low,0.0,Very Low
75.5000_-109.5000,75.5,-109.5,0.3632,Very Low,1.896e-05,Very Low
75.5000_-109.0000,75.5,-109.0,0.3771,Very Low,1.896e-05,Very Low
75.5000_-108.5000,75.5,-108.5,0.3771,Very Low,1.896e-05,Very Low
75.5000_-108.0000,75.5,-108.0,0.3866,Very Low,1.896e-05,Very Low
75.5000_-107.5000,75.5,-107.5,0.3947,Very Low,1.896e-05,Very Low
75.5000_-107.0000,75.5,-107.0,0.4161,Very Low,1.896e-05,Very Low
75.5000_-106.5000,75.5,-106.5,0.4161,Very Low,1.896e-05,Very Low
75.5000_-106.0000,75.5,-106.0,0.4322,Very Low,7.416e-05,Low
75.5000_-105.5000,75.5,-105.5,0.4843,Very Low,1.896e-05,Very Low
75.5000_-104.5000,75.5,-104.5,0.4055,Very Low,1.896e-05,Very Low
75.5000_-104.0000,75.5,-104.0,0.3838,Very Low,1.896e-05,Very Low
75.5000_-103.0000,75.5,-103.0,0.3733,Very Low,1.896e-05,Very Low
75.5000_-102.5000,75.5,-102.5,0.3641,Very Low,1.896e-05,Very Low
75.5000_-102.0000,75.5,-102.0,0.3568,Very Low,1.896e-05,Very Low
75.5000_-101.5000,75.5,-101.5,0.3546,Very Low,0.0,Very Low
75.5000_-100.5000,75.5,-100.5,0.3453,Very Low,0.0,Very Low
75.5000_-100.0000,75.5,-100.0,0.3106,Very Low,0.0,Very Low
75.5000_-99.5000,75.5,-99.5,0.2934,Very Low,0.0,Very Low
75.5000_-99.0000,75.5,-99.0,0.2811,Very Low,0.0,Very Low
75.5000_-98.5000,75.5,-98.5,0.2811,Very Low,0.0,Very Low
75.5000_-98.0000,75.5,-98.0,0.281,Very Low,0.0,Very Low
75.5000_-97.5000,75.5,-97.5,0.2839,Very Low,0.0,Very Low
75.5000_-97.0000,75.5,-97.0,0.2968,Very Low,0.0,Very Low
75.5000_-96.5000,75.5,-96.5,0.2968,Very Low,0.0,Very Low
75.5000_-96.0000,75.5,-96.0,0.303,Very Low,0.0,Very Low
75.5000_-95.5000,75.5,-95.5,0.3086,Very Low,0.0,Very Low
75.5000_-95.0000,75.5,-95.0,0.2904,Very Low,0.0,Very Low
75.5000_-94.5000,75.5,-94.5,0.2885,Very Low,0.0,Very Low
75.5000_-94.0000,75.5,-94.0,0.2814,Very Low,0.0,Very Low
75.5000_-92.5000,75.5,-92.5,0.2815,Very Low,0.0,Very Low
75.5000_-92.0000,75.5,-92.0,0.2815,Very Low,0.0,Very Low
75.5000_-91.5000,75.5,-91.5,0.2815,Very Low,0.0,Very Low
75.5000_-91.0000,75.5,-91.0,0.2845,Very Low,0.0,Very Low
75.5000_-90.5000,75.5,-90.5,0.302,Very Low,0.0,Very Low
75.5000_-90.0000,75.5,-90.0,0.3409,Very Low,0.0,Very Low
75.5000_-89.5000,75.5,-89.5,0.4111,Very Low,1.896e-05,Very Low
75.5000_-89.0000,75.5,-89.0,0.438,Very Low,1.896e-05,Very Low
75.5000_-88.5000,75.5,-88.5,0.438,Very Low,1.896e-05,Very Low
75.5000_-88.0000,75.5,-88.0,0.421,Very Low,1.896e-05,Very Low
75.5000_-87.5000,75.5,-87.5,0.3929,Very Low,0.00068534,Low
75.5000_-87.0000,75.5,-87.0,0.4059,Very Low,1.896e-05,Very Low
75.5000_-86.5000,75.5,-86.5,0.4421,Very Low,1.896e-05,Very Low
75.5000_-86.0000,75.5,-86.0,0.4421,Very Low,1.896e-05,Very Low
75.5000_-85.5000,75.5,-85.5,0.4315,Very Low,1.896e-05,Very Low
75.5000_-85.0000,75.5,-85.0,0.3897,Very Low,1.896e-05,Very Low
75.5000_-84.5000,75.5,-84.5,0.3419,Very Low,0.0,Very Low
75.5000_-84.0000,75.5,-84.0,0.3229,Very Low,0.0,Very Low
75.5000_-83.5000,75.5,-83.5,0.3229,Very Low,0.0,Very Low
75.5000_-83.0000,75.5,-83.0,0.3449,Very Low,0.0,Very Low
75.5000_-82.5000,75.5,-82.5,0.3965,Very Low,1.896e-05,Very Low
75.5000_-82.0000,75.5,-82.0,0.4327,Very Low,1.896e-05,Very Low
75.5000_-81.5000,75.5,-81.5,0.4327,Very Low,1.896e-05,Very Low
75.5000_-81.0000,75.5,-81.0,0.487,Very Low,1.896e-05,Very Low
75.5000_-80.5000,75.5,-80.5,0.5648,Very Low,1.896e-05,Very Low
75.5000_-80.0000,75.5,-80.0,0.6437,Very Low,1.896e-05,Very Low
75.5000_-79.5000,75.5,-79.5,0.6524,Very Low,1.896e-05,Very Low
76.0000_-123.0000,76.0,-123.0,0.326,Very Low,0.0,Very Low
76.0000_-122.5000,76.0,-122.5,0.3263,Very Low,0.0,Very Low
76.0000_-122.0000,76.0,-122.0,0.3265,Very Low,0.0,Very Low
76.0000_-121.5000,76.0,-121.5,0.3265,Very Low,0.0,Very Low
76.0000_-121.0000,76.0,-121.0,0.3267,Very Low,0.0,Very Low
76.0000_-120.5000,76.0,-120.5,0.3576,Very Low,0.0,Very Low
76.0000_-120.0000,76.0,-120.0,0.4032,Very Low,0.0,Very Low
76.0000_-119.5000,76.0,-119.5,0.4628,Very Low,0.0,Very Low
76.0000_-118.5000,76.0,-118.5,0.3917,Very Low,0.0,Very Low
76.0000_-118.0000,76.0,-118.0,0.3917,Very Low,0.0,Very Low
76.0000_-117.5000,76.0,-117.5,0.3645,Very Low,0.0,Very Low
76.0000_-117.0000,76.0,-117.0,0.3512,Very Low,0.0,Very Low
76.0000_-116.5000,76.0,-116.5,0.3512,Very Low,0.0,Very Low
76.0000_-116.0000,76.0,-116.0,0.3371,Very Low,0.0,Very Low
76.0000_-115.5000,76.0,-115.5,0.3292,Very Low,0.0,Very Low
76.0000_-115.0000,76.0,-115.0,0.3273,Very Low,0.0,Very Low
76.0000_-114.5000,76.0,-114.5,0.3272,Very Low,0.0,Very Low
76.0000_-114.0000,76.0,-114.0,0.3271,Very Low,0.0,Very Low
76.0000_-113.5000,76.0,-113.5,0.3271,Very Low,0.0,Very Low
76.0000_-113.0000,76.0,-113.0,0.3271,Very Low,0.0,Very Low
76.0000_-112.5000,76.0,-112.5,0.3271,Very Low,0.0,Very Low
76.0000_-112.0000,76.0,-112.0,0.3271,Very Low,0.0,Very Low
76.0000_-111.5000,76.0,-111.5,0.3271,Very Low,0.0,Very Low
76.0000_-110.0000,76.0,-110.0,0.3274,Very Low,0.0,Very Low
76.0000_-109.5000,76.0,-109.5,0.3275,Very Low,0.0,Very Low
76.0000_-109.0000,76.0,-109.0,0.3377,Very Low,0.0,Very Low
76.0000_-108.5000,76.0,-108.5,0.3377,Very Low,0.0,Very Low
76.0000_-108.0000,76.0,-108.0,0.3549,Very Low,0.0,Very Low
76.0000_-107.5000,76.0,-107.5,0.3789,Very Low,0.0,Very Low
76.0000_-107.0000,76.0,-107.0,0.4158,Very Low,0.0,Very Low
76.0000_-106.5000,76.0,-106.5,0.4158,Very Low,0.0,Very Low
76.0000_-106.0000,76.0,-106.0,0.4222,Very Low,0.0,Very Low
76.0000_-105.5000,76.0,-105.5,0.4573,Very Low,0.0,Very Low
76.0000_-104.5000,76.0,-104.5,0.4652,Very Low,0.0,Very Low
76.0000_-104.0000,76.0,-104.0,0.4645,Very Low,0.0,Very Low
76.0000_-103.5000,76.0,-103.5,0.4437,Very Low,0.0,Very Low
76.0000_-103.0000,76.0,-103.0,0.4437,Very Low,0.0,Very Low
76.0000_-102.5000,76.0,-102.5,0.4096,Very Low,0.0,Very Low
76.0000_-102.0000,76.0,-102.0,0.3825,Very Low,0.0,Very Low
76.0000_-101.5000,76.0,-101.5,0.3974,Very Low,0.0,Very Low
76.0000_-101.0000,76.0,-101.0,0.3765,Very Low,0.0,Very Low
76.0000_-100.5000,76.0,-100.5,0.3572,Very Low,0.0,Very Low
76.0000_-100.0000,76.0,-100.0,0.3403,Very Low,0.0,Very Low
76.0000_-99.5000,76.0,-99.5,0.3401,Very Low,0.0,Very Low
76.0000_-99.0000,76.0,-99.0,0.3399,Very Low,0.0,Very Low
76.0000_-98.5000,76.0,-98.5,0.3399,Very Low,0.0,Very Low
76.0000_-98.0000,76.0,-98.0,0.3398,Very Low,0.0,Very Low
76.0000_-97.5000,76.0,-97.5,0.3401,Very Low,0.0,Very Low
76.0000_-95.0000,76.0,-95.0,0.3404,Very Low,0.0,Very Low
76.0000_-94.5000,76.0,-94.5,0.3737,Very Low,0.0,Very Low
76.0000_-92.5000,76.0,-92.5,0.3408,Very Low,0.0,Very Low
76.0000_-92.0000,76.0,-92.0,0.3408,Very Low,0.0,Very Low
76.0000_-91.5000,76.0,-91.5,0.3408,Very Low,0.0,Very Low
76.0000_-91.0000,76.0,-91.0,0.3438,Very Low,0.0,Very Low
76.0000_-90.5000,76.0,-90.5,0.3758,Very Low,0.0,Very Low
76.0000_-90.0000,76.0,-90.0,0.3812,Very Low,0.0,Very Low
76.0000_-89.5000,76.0,-89.5,0.3861,Very Low,0.0,Very Low
76.0000_-79.5000,76.0,-79.5,0.6824,Very Low,1.896e-05,Very Low
76.0000_-79.0000,76.0,-79.0,0.7013,Very Low,1.896e-05,Very Low
76.5000_-122.0000,76.5,-122.0,0.3006,Very Low,0.0,Very Low
76.5000_-121.5000,76.5,-121.5,0.3006,Very Low,0.0,Very Low
76.5000_-121.0000,76.5,-121.0,0.3008,Very Low,0.0,Very Low
76.5000_-120.5000,76.5,-120.5,0.301,Very Low,0.0,Very Low
76.5000_-120.0000,76.5,-120.0,0.3012,Very Low,0.0,Very Low
76.5000_-119.5000,76.5,-119.5,0.3014,Very Low,0.0,Very Low
76.5000_-119.0000,76.5,-119.0,0.3016,Very Low,0.0,Very Low
76.5000_-118.5000,76.5,-118.5,0.3016,Very Low,0.0,Very Low
76.5000_-118.0000,76.5,-118.0,0.3465,Very Low,0.0,Very Low
76.5000_-117.5000,76.5,-117.5,0.3719,Very Low,0.0,Very Low
76.5000_-117.0000,76.5,-117.0,0.3627,Very Low,0.0,Very Low
76.5000_-116.5000,76.5,-116.5,0.3627,Very Low,0.0,Very Low
76.5000_-115.5000,76.5,-115.5,0.3405,Very Low,0.0,Very Low
76.5000_-115.0000,76.5,-115.0,0.3191,Very Low,0.0,Very Low
76.5000_-114.5000,76.5,-114.5,0.3019,Very Low,0.0,Very Low
76.5000_-114.0000,76.5,-114.0,0.3019,Very Low,0.0,Very Low
76.5000_-110.5000,76.5,-110.5,0.3016,Very Low,0.0,Very Low
76.5000_-110.0000,76.5,-110.0,0.3016,Very Low,0.0,Very Low
76.5000_-109.5000,76.5,-109.5,0.3017,Very Low,0.0,Very Low
76.5000_-109.0000,76.5,-109.0,0.3018,Very Low,0.0,Very Low
76.5000_-108.5000,76.5,-108.5,0.3018,Very Low,0.0,Very Low
76.5000_-104.5000,76.5,-104.5,0.4125,Very Low,0.0,Very Low
76.5000_-104.0000,76.5,-104.0,0.3959,Very Low,0.0,Very Low
76.5000_-103.5000,76.5,-103.5,0.4015,Very Low,0.0,Very Low
76.5000_-103.0000,76.5,-103.0,0.4015,Very Low,0.0,Very Low
76.5000_-102.0000,76.5,-102.0,0.3656,Very Low,0.0,Very Low
76.5000_-101.5000,76.5,-101.5,0.3882,Very Low,0.0,Very Low
76.5000_-101.0000,76.5,-101.0,0.3882,Very Low,0.0,Very Low
76.5000_-100.5000,76.5,-100.5,0.3793,Very Low,0.0,Very Low
76.5000_-100.0000,76.5,-100.0,0.3723,Very Low,0.0,Very Low
76.5000_-99.5000,76.5,-99.5,0.3449,Very Low,0.0,Very Low
76.5000_-99.0000,76.5,-99.0,0.3316,Very Low,0.0,Very Low
76.5000_-98.5000,76.5,-98.5,0.3316,Very Low,0.0,Very Low
76.5000_-98.0000,76.5,-98.0,0.3315,Very Low,0.0,Very Low
76.5000_-97.5000,76.5,-97.5,0.3315,Very Low,0.0,Very Low
76.5000_-96.0000,76.5,-96.0,0.3313,Very Low,0.0,Very Low
76.5000_-95.5000,76.5,-95.5,0.3312,Very Low,0.0,Very Low
76.5000_-95.0000,76.5,-95.0,0.3312,Very Low,0.0,Very Low
76.5000_-94.5000,76.5,-94.5,0.3312,Very Low,0.0,Very Low
76.5000_-94.0000,76.5,-94.0,0.3312,Very Low,0.0,Very Low
76.5000_-93.5000,76.5,-93.5,0.3312,Very Low,0.0,Very Low
76.5000_-93.0000,76.5,-93.0,0.3312,Very Low,0.0,Very Low
76.5000_-92.5000,76.5,-92.5,0.3312,Very Low,0.0,Very Low
76.5000_-92.0000,76.5,-92.0,0.3483,Very Low,0.0,Very Low
76.5000_-91.5000,76.5,-91.5,0.3483,Very Low,0.0,Very Low
76.5000_-91.0000,76.5,-91.0,0.3713,Very Low,0.0,Very Low
76.5000_-90.5000,76.5,-90.5,0.3387,Very Low,0.0,Very Low
76.5000_-90.0000,76.5,-90.0,0.3309,Very Low,0.0,Very Low
76.5000_-89.5000,76.5,-89.5,0.3307,Very Low,0.0,Very Low
76.5000_-89.0000,76.5,-89.0,0.3307,Very Low,0.0,Very Low
76.5000_-88.5000,76.5,-88.5,0.3307,Very Low,0.0,Very Low
76.5000_-88.0000,76.5,-88.0,0.3307,Very Low,0.0,Very Low
76.5000_-87.5000,76.5,-87.5,0.3307,Very Low,0.0,Very Low
76.5000_-87.0000,76.5,-87.0,0.3307,Very Low,0.0,Very Low
76.5000_-86.5000,76.5,-86.5,0.3617,Very Low,0.0,Very Low
76.5000_-86.0000,76.5,-86.0,0.3617,Very Low,0.0,Very Low
76.5000_-85.5000,76.5,-85.5,0.3824,Very Low,0.0,Very Low
76.5000_-85.0000,76.5,-85.0,0.3838,Very Low,0.0,Very Low
76.5000_-84.5000,76.5,-84.5,0.4114,Very Low,0.0,Very Low
76.5000_-84.0000,76.5,-84.0,0.4282,Very Low,0.0,Very Low
76.5000_-83.5000,76.5,-83.5,0.4282,Very Low,0.0,Very Low
76.5000_-83.0000,76.5,-83.0,0.3987,Very Low,0.0,Very Low
76.5000_-82.5000,76.5,-82.5,0.414,Very Low,0.0,Very Low
76.5000_-82.0000,76.5,-82.0,0.389,Very Low,0.0,Very Low
76.5000_-81.5000,76.5,-81.5,0.389,Very Low,0.0,Very Low
76.5000_-81.0000,76.5,-81.0,0.3804,Very Low,0.0,Very Low
76.5000_-80.5000,76.5,-80.5,0.3833,Very Low,0.0,Very Low
76.5000_-80.0000,76.5,-80.0,0.3958,Very Low,0.0,Very Low
76.5000_-79.5000,76.5,-79.5,0.4145,Very Low,0.0,Very Low
76.5000_-79.0000,76.5,-79.0,0.4333,Very Low,0.0,Very Low
76.5000_-78.5000,76.5,-78.5,0.4304,Very Low,0.0,Very Low
76.5000_-78.0000,76.5,-78.0,0.4304,Very Low,0.0,Very Low
77.0000_-120.5000,77.0,-120.5,0.2788,Very Low,0.0,Very Low
77.0000_-120.0000,77.0,-120.0,0.2789,Very Low,0.0,Very Low
77.0000_-119.5000,77.0,-119.5,0.2791,Very Low,0.0,Very Low
77.0000_-119.0000,77.0,-119.0,0.2792,Very Low,0.0,Very Low
77.0000_-118.5000,77.0,-118.5,0.2792,Very Low,0.0,Very Low
77.0000_-118.0000,77.0,-118.0,0.2793,Very Low,0.0,Very Low
77.0000_-117.5000,77.0,-117.5,0.2793,Very Low,0.0,Very Low
77.0000_-117.0000,77.0,-117.0,0.2794,Very Low,0.0,Very Low
77.0000_-116.5000,77.0,-116.5,0.2794,Very Low,0.0,Very Low
77.0000_-116.0000,77.0,-116.0,0.2794,Very Low,0.0,Very Low
77.0000_-115.5000,77.0,-115.5,0.2794,Very Low,0.0,Very Low
77.0000_-97.0000,77.0,-97.0,0.2825,Very Low,0.0,Very Low
77.0000_-96.5000,77.0,-96.5,0.2825,Very Low,0.0,Very Low
77.0000_-96.0000,77.0,-96.0,0.2825,Very Low,0.0,Very Low
77.0000_-95.5000,77.0,-95.5,0.2825,Very Low,0.0,Very Low
77.0000_-95.0000,77.0,-95.0,0.2826,Very Low,0.0,Very Low
77.0000_-94.5000,77.0,-94.5,0.2826,Very Low,0.0,Very Low
77.0000_-94.0000,77.0,-94.0,0.2826,Very Low,0.0,Very Low
77.0000_-89.0000,77.0,-89.0,0.2822,Very Low,0.0,Very Low
77.0000_-88.5000,77.0,-88.5,0.2822,Very Low,0.0,Very Low
77.0000_-88.0000,77.0,-88.0,0.2822,Very Low,0.0,Very Low
77.0000_-87.5000,77.0,-87.5,0.2821,Very Low,0.0,Very Low
77.0000_-87.0000,77.0,-87.0,0.2821,Very Low,0.0,Very Low
77.0000_-86.5000,77.0,-86.5,0.2822,Very Low,0.0,Very Low
77.0000_-86.0000,77.0,-86.0,0.2822,Very Low,0.0,Very Low
77.0000_-85.5000,77.0,-85.5,0.2822,Very Low,0.0,Very Low
77.0000_-85.0000,77.0,-85.0,0.2823,Very Low,0.0,Very Low
77.0000_-84.5000,77.0,-84.5,0.2824,Very Low,0.0,Very Low
77.0000_-84.0000,77.0,-84.0,0.2825,Very Low,0.0,Very Low
77.0000_-83.5000,77.0,-83.5,0.2825,Very Low,0.0,Very Low
77.0000_-83.0000,77.0,-83.0,0.2862,Very Low,0.0,Very Low
77.0000_-82.5000,77.0,-82.5,0.3031,Very Low,0.0,Very Low
77.0000_-82.0000,77.0,-82.0,0.3284,Very Low,0.0,Very Low
77.0000_-81.5000,77.0,-81.5,0.3284,Very Low,0.0,Very Low
77.0000_-81.0000,77.0,-81.0,0.3157,Very Low,0.0,Very Low
77.0000_-80.5000,77.0,-80.5,0.2825,Very Low,0.0,Very Low
77.0000_-80.0000,77.0,-80.0,0.2824,Very Low,0.0,Very Low
77.0000_-79.5000,77.0,-79.5,0.2824,Very Low,0.0,Very Low
77.0000_-79.0000,77.0,-79.0,0.2823,Very Low,0.0,Very Low
77.0000_-78.5000,77.0,-78.5,0.2822,Very Low,0.0,Very Low
77.0000_-78.0000,77.0,-78.0,0.2822,Very Low,0.0,Very Low
77.5000_-117.5000,77.5,-117.5,0.2211,Very Low,0.0,Very Low
77.5000_-117.0000,77.5,-117.0,0.2211,Very Low,0.0,Very Low
77.5000_-116.5000,77.5,-116.5,0.2211,Very Low,0.0,Very Low
77.5000_-116.0000,77.5,-116.0,0.2212,Very Low,0.0,Very Low
77.5000_-113.5000,77.5,-113.5,0.2212,Very Low,0.0,Very Low
77.5000_-113.0000,77.5,-113.0,0.2212,Very Low,0.0,Very Low
77.5000_-112.5000,77.5,-112.5,0.2212,Very Low,0.0,Very Low
77.5000_-112.0000,77.5,-112.0,0.2212,Very Low,0.0,Very Low
77.5000_-111.5000,77.5,-111.5,0.2212,Very Low,0.0,Very Low
77.5000_-111.0000,77.5,-111.0,0.2212,Very Low,0.0,Very Low
77.5000_-110.5000,77.5,-110.5,0.2212,Very Low,0.0,Very Low
77.5000_-110.0000,77.5,-110.0,0.2213,Very Low,0.0,Very Low
77.5000_-106.0000,77.5,-106.0,0.2213,Very Low,0.0,Very Low
77.5000_-105.5000,77.5,-105.5,0.2213,Very Low,0.0,Very Low
77.5000_-105.0000,77.5,-105.0,0.2213,Very Low,0.0,Very Low
77.5000_-96.5000,77.5,-96.5,0.2199,Very Low,0.0,Very Low
77.5000_-96.0000,77.5,-96.0,0.2199,Very Low,0.0,Very Low
77.5000_-95.5000,77.5,-95.5,0.2199,Very Low,0.0,Very Low
77.5000_-95.0000,77.5,-95.0,0.2199,Very Low,0.0,Very Low
77.5000_-94.5000,77.5,-94.5,0.2199,Very Low,0.0,Very Low
77.5000_-94.0000,77.5,-94.0,0.2199,Very Low,0.0,Very Low
77.5000_-93.5000,77.5,-93.5,0.2199,Very Low,0.0,Very Low
77.5000_-91.5000,77.5,-91.5,0.2197,Very Low,0.0,Very Low
77.5000_-91.0000,77.5,-91.0,0.2196,Very Low,0.0,Very Low
77.5000_-90.5000,77.5,-90.5,0.2197,Very Low,0.0,Very Low
77.5000_-90.0000,77.5,-90.0,0.2198,Very Low,0.0,Very Low
77.5000_-89.5000,77.5,-89.5,0.2198,Very Low,0.0,Very Low
77.5000_-88.0000,77.5,-88.0,0.2199,Very Low,0.0,Very Low
77.5000_-87.5000,77.5,-87.5,0.2198,Very Low,0.0,Very Low
77.5000_-87.0000,77.5,-87.0,0.2197,Very Low,0.0,Very Low
77.5000_-86.5000,77.5,-86.5,0.2197,Very Low,0.0,Very Low
77.5000_-86.0000,77.5,-86.0,0.2197,Very Low,0.0,Very Low
77.5000_-85.5000,77.5,-85.5,0.2197,Very Low,0.0,Very Low
77.5000_-85.0000,77.5,-85.0,0.2198,Very Low,0.0,Very Low
77.5000_-84.5000,77.5,-84.5,0.2198,Very Low,0.0,Very Low
77.5000_-84.0000,77.5,-84.0,0.2199,Very Low,0.0,Very Low
77.5000_-83.5000,77.5,-83.5,0.2199,Very Low,0.0,Very Low
77.5000_-83.0000,77.5,-83.0,0.2199,Very Low,0.0,Very Low
77.5000_-82.5000,77.5,-82.5,0.2198,Very Low,0.0,Very Low
77.5000_-82.0000,77.5,-82.0,0.2198,Very Low,0.0,Very Low
77.5000_-81.5000,77.5,-81.5,0.2198,Very Low,0.0,Very Low
77.5000_-81.0000,77.5,-81.0,0.2196,Very Low,0.0,Very Low
77.5000_-80.5000,77.5,-80.5,0.2196,Very Low,0.0,Very Low
77.5000_-80.0000,77.5,-80.0,0.2197,Very Low,0.0,Very Low
77.5000_-79.5000,77.5,-79.5,0.2198,Very Low,0.0,Very Low
77.5000_-79.0000,77.5,-79.0,0.2198,Very Low,0.0,Very Low
77.5000_-78.5000,77.5,-78.5,0.2199,Very Low,0.0,Very Low
77.5000_-78.0000,77.5,-78.0,0.2199,Very Low,0.0,Very Low
78.0000_-115.0000,78.0,-115.0,0.219,Very Low,0.0,Very Low
78.0000_-114.5000,78.0,-114.5,0.2191,Very Low,0.0,Very Low
78.0000_-114.0000,78.0,-114.0,0.2191,Very Low,0.0,Very Low
78.0000_-113.0000,78.0,-113.0,0.2191,Very Low,0.0,Very Low
78.0000_-112.5000,78.0,-112.5,0.2192,Very Low,0.0,Very Low
78.0000_-112.0000,78.0,-112.0,0.2192,Very Low,0.0,Very Low
78.0000_-111.5000,78.0,-111.5,0.2192,Very Low,0.0,Very Low
78.0000_-111.0000,78.0,-111.0,0.2192,Very Low,0.0,Very Low
78.0000_-110.5000,78.0,-110.5,0.2192,Very Low,0.0,Very Low
78.0000_-110.0000,78.0,-110.0,0.2192,Very Low,0.0,Very Low
78.0000_-109.5000,78.0,-109.5,0.2193,Very Low,0.0,Very Low
78.0000_-101.0000,78.0,-101.0,0.2073,Very Low,0.0,Very Low
78.0000_-100.5000,78.0,-100.5,0.2073,Very Low,0.0,Very Low
78.0000_-100.0000,78.0,-100.0,0.2073,Very Low,0.0,Very Low
78.0000_-99.5000,78.0,-99.5,0.2074,Very Low,0.0,Very Low
78.0000_-99.0000,78.0,-99.0,0.2074,Very Low,0.0,Very Low
78.0000_-98.0000,78.0,-98.0,0.2073,Very Low,0.0,Very Low
78.0000_-97.5000,78.0,-97.5,0.2073,Very Low,0.0,Very Low
78.0000_-97.0000,78.0,-97.0,0.2073,Very Low,0.0,Very Low
78.0000_-96.5000,78.0,-96.5,0.2073,Very Low,0.0,Very Low
78.0000_-96.0000,78.0,-96.0,0.2073,Very Low,0.0,Very Low
78.0000_-95.5000,78.0,-95.5,0.2072,Very Low,0.0,Very Low
78.0000_-95.0000,78.0,-95.0,0.2072,Very Low,0.0,Very Low
78.0000_-86.5000,78.0,-86.5,0.2069,Very Low,0.0,Very Low
78.0000_-86.0000,78.0,-86.0,0.207,Very Low,0.0,Very Low
78.0000_-85.5000,78.0,-85.5,0.207,Very Low,0.0,Very Low
78.0000_-85.0000,78.0,-85.0,0.2071,Very Low,0.0,Very Low
78.0000_-84.5000,78.0,-84.5,0.2071,Very Low,0.0,Very Low
78.0000_-84.0000,78.0,-84.0,0.2072,Very Low,0.0,Very Low
78.0000_-83.5000,78.0,-83.5,0.2072,Very Low,0.0,Very Low
78.0000_-83.0000,78.0,-83.0,0.2072,Very Low,0.0,Very Low
78.0000_-82.5000,78.0,-82.5,0.2072,Very Low,0.0,Very Low
78.0000_-82.0000,78.0,-82.0,0.207,Very Low,0.0,Very Low
78.0000_-81.5000,78.0,-81.5,0.207,Very Low,0.0,Very Low
78.0000_-81.0000,78.0,-81.0,0.2069,Very Low,0.0,Very Low
78.0000_-80.5000,78.0,-80.5,0.2067,Very Low,0.0,Very Low
78.0000_-80.0000,78.0,-80.0,0.2066,Very Low,0.0,Very Low
78.0000_-79.5000,78.0,-79.5,0.2067,Very Low,0.0,Very Low
78.0000_-79.0000,78.0,-79.0,0.2068,Very Low,0.0,Very Low
78.0000_-78.5000,78.0,-78.5,0.2068,Very Low,0.0,Very Low
78.0000_-78.0000,78.0,-78.0,0.2069,Very Low,0.0,Very Low
78.0000_-77.5000,78.0,-77.5,0.207,Very Low,0.0,Very Low
78.0000_-77.0000,78.0,-77.0,0.2071,Very Low,0.0,Very Low
78.0000_-76.5000,78.0,-76.5,0.2071,Very Low,0.0,Very Low
78.0000_-76.0000,78.0,-76.0,0.2071,Very Low,0.0,Very Low
78.0000_-75.5000,78.0,-75.5,0.207,Very Low,0.0,Very Low
78.5000_-113.0000,78.5,-113.0,0.2186,Very Low,0.0,Very Low
78.5000_-112.5000,78.5,-112.5,0.2187,Very Low,0.0,Very Low
78.5000_-112.0000,78.5,-112.0,0.2188,Very Low,0.0,Very Low
78.5000_-111.5000,78.5,-111.5,0.2188,Very Low,0.0,Very Low
78.5000_-111.0000,78.5,-111.0,0.2188,Very Low,0.0,Very Low
78.5000_-110.5000,78.5,-110.5,0.2189,Very Low,0.0,Very Low
78.5000_-110.0000,78.5,-110.0,0.2189,Very Low,0.0,Very Low
78.5000_-109.5000,78.5,-109.5,0.2189,Very Low,0.0,Very Low
78.5000_-109.0000,78.5,-109.0,0.2189,Very Low,0.0,Very Low
78.5000_-105.0000,78.5,-105.0,0.2188,Very Low,0.0,Very Low
78.5000_-104.5000,78.5,-104.5,0.2188,Very Low,0.0,Very Low
78.5000_-104.0000,78.5,-104.0,0.2188,Very Low,0.0,Very Low
78.5000_-103.5000,78.5,-103.5,0.2188,Very Low,0.0,Very Low
78.5000_-103.0000,78.5,-103.0,0.2188,Very Low,0.0,Very Low
78.5000_-102.5000,78.5,-102.5,0.2188,Very Low,0.0,Very Low
78.5000_-102.0000,78.5,-102.0,0.2188,Very Low,0.0,Very Low
78.5000_-101.5000,78.5,-101.5,0.2236,Very Low,0.0,Very Low
78.5000_-101.0000,78.5,-101.0,0.2236,Very Low,0.0,Very Low
78.5000_-100.5000,78.5,-100.5,0.2236,Very Low,0.0,Very Low
78.5000_-100.0000,78.5,-100.0,0.2236,Very Low,0.0,Very Low
78.5000_-99.5000,78.5,-99.5,0.2237,Very Low,0.0,Very Low
78.5000_-98.5000,78.5,-98.5,0.2237,Very Low,0.0,Very Low
78.5000_-98.0000,78.5,-98.0,0.2237,Very Low,0.0,Very Low
78.5000_-97.5000,78.5,-97.5,0.2236,Very Low,0.0,Very Low
78.5000_-97.0000,78.5,-97.0,0.2236,Very Low,0.0,Very Low
78.5000_-96.5000,78.5,-96.5,0.2236,Very Low,0.0,Very Low
78.5000_-96.0000,78.5,-96.0,0.2236,Very Low,0.0,Very Low
78.5000_-95.5000,78.5,-95.5,0.2236,Very Low,0.0,Very Low
78.5000_-95.0000,78.5,-95.0,0.2235,Very Low,0.0,Very Low
78.5000_-93.0000,78.5,-93.0,0.2233,Very Low,0.0,Very Low
78.5000_-92.5000,78.5,-92.5,0.2232,Very Low,0.0,Very Low
78.5000_-92.0000,78.5,-92.0,0.2231,Very Low,0.0,Very Low
78.5000_-91.5000,78.5,-91.5,0.2231,Very Low,0.0,Very Low
78.5000_-91.0000,78.5,-91.0,0.2229,Very Low,0.0,Very Low
78.5000_-90.5000,78.5,-90.5,0.2228,Very Low,0.0,Very Low
78.5000_-90.0000,78.5,-90.0,0.2228,Very Low,0.0,Very Low
78.5000_-89.5000,78.5,-89.5,0.223,Very Low,0.0,Very Low
78.5000_-89.0000,78.5,-89.0,0.2232,Very Low,0.0,Very Low
78.5000_-88.5000,78.5,-88.5,0.2232,Very Low,0.0,Very Low
78.5000_-88.0000,78.5,-88.0,0.2233,Very Low,0.0,Very Low
78.5000_-87.5000,78.5,-87.5,0.2235,Very Low,0.0,Very Low
78.5000_-87.0000,78.5,-87.0,0.2235,Very Low,0.0,Very Low
78.5000_-86.5000,78.5,-86.5,0.2235,Very Low,0.0,Very Low
78.5000_-86.0000,78.5,-86.0,0.2236,Very Low,0.0,Very Low
78.5000_-85.5000,78.5,-85.5,0.2236,Very Low,0.0,Very Low
78.5000_-85.0000,78.5,-85.0,0.2237,Very Low,0.0,Very Low
78.5000_-84.5000,78.5,-84.5,0.2237,Very Low,0.0,Very Low
78.5000_-84.0000,78.5,-84.0,0.2237,Very Low,0.0,Very Low
78.5000_-83.5000,78.5,-83.5,0.2237,Very Low,0.0,Very Low
78.5000_-83.0000,78.5,-83.0,0.2237,Very Low,0.0,Very Low
78.5000_-82.5000,78.5,-82.5,0.2237,Very Low,0.0,Very Low
78.5000_-82.0000,78.5,-82.0,0.2236,Very Low,0.0,Very Low
78.5000_-81.5000,78.5,-81.5,0.2236,Very Low,0.0,Very Low
78.5000_-81.0000,78.5,-81.0,0.2235,Very Low,0.0,Very Low
78.5000_-80.5000,78.5,-80.5,0.2235,Very Low,0.0,Very Low
78.5000_-80.0000,78.5,-80.0,0.2235,Very Low,0.0,Very Low
78.5000_-79.5000,78.5,-79.5,0.2235,Very Low,0.0,Very Low
78.5000_-79.0000,78.5,-79.0,0.2235,Very Low,0.0,Very Low
78.5000_-78.5000,78.5,-78.5,0.2235,Very Low,0.0,Very Low
78.5000_-78.0000,78.5,-78.0,0.2235,Very Low,0.0,Very Low
78.5000_-77.5000,78.5,-77.5,0.2236,Very Low,0.0,Very Low
78.5000_-77.0000,78.5,-77.0,0.2236,Very Low,0.0,Very Low
78.5000_-76.5000,78.5,-76.5,0.2236,Very Low,0.0,Very Low
78.5000_-76.0000,78.5,-76.0,0.2237,Very Low,0.0,Very Low
78.5000_-75.5000,78.5,-75.5,0.2238,Very Low,0.0,Very Low
78.5000_-75.0000,78.5,-75.0,0.2238,Very Low,0.0,Very Low
79.0000_-106.0000,79.0,-106.0,0.1063,Very Low,0.0,Very Low
79.0000_-105.5000,79.0,-105.5,0.1063,Very Low,0.0,Very Low
79.0000_-105.0000,79.0,-105.0,0.1063,Very Low,0.0,Very Low
79.0000_-104.5000,79.0,-104.5,0.1063,Very Low,0.0,Very Low
79.0000_-104.0000,79.0,-104.0,0.1063,Very Low,0.0,Very Low
79.0000_-103.5000,79.0,-103.5,0.1063,Very Low,0.0,Very Low
79.0000_-103.0000,79.0,-103.0,0.1063,Very Low,0.0,Very Low
79.0000_-102.5000,79.0,-102.5,0.1063,Very Low,0.0,Very Low
79.0000_-102.0000,79.0,-102.0,0.1063,Very Low,0.0,Very Low
79.0000_-101.5000,79.0,-101.5,0.1063,Very Low,0.0,Very Low
79.0000_-101.0000,79.0,-101.0,0.1063,Very Low,0.0,Very Low
79.0000_-94.5000,79.0,-94.5,0.1055,Very Low,0.0,Very Low
79.0000_-94.0000,79.0,-94.0,0.1053,Very Low,0.0,Very Low
79.0000_-93.5000,79.0,-93.5,0.1053,Very Low,0.0,Very Low
79.0000_-93.0000,79.0,-93.0,0.105,Very Low,0.0,Very Low
79.0000_-92.5000,79.0,-92.5,0.1049,Very Low,0.0,Very Low
79.0000_-92.0000,79.0,-92.0,0.1048,Very Low,0.0,Very Low
79.0000_-91.5000,79.0,-91.5,0.1048,Very Low,0.0,Very Low
79.0000_-91.0000,79.0,-91.0,0.1048,Very Low,0.0,Very Low
79.0000_-90.5000,79.0,-90.5,0.1048,Very Low,0.0,Very Low
79.0000_-90.0000,79.0,-90.0,0.1048,Very Low,0.0,Very Low
79.0000_-89.5000,79.0,-89.5,0.1052,Very Low,0.0,Very Low
79.0000_-89.0000,79.0,-89.0,0.1056,Very Low,0.0,Very Low
79.0000_-88.5000,79.0,-88.5,0.1056,Very Low,0.0,Very Low
79.0000_-88.0000,79.0,-88.0,0.106,Very Low,0.0,Very Low
79.0000_-87.5000,79.0,-87.5,0.1064,Very Low,0.0,Very Low
79.0000_-87.0000,79.0,-87.0,0.1067,Very Low,0.0,Very Low
79.0000_-86.5000,79.0,-86.5,0.1067,Very Low,0.0,Very Low
79.0000_-85.0000,79.0,-85.0,0.1069,Very Low,0.0,Very Low
79.0000_-84.5000,79.0,-84.5,0.107,Very Low,0.0,Very Low
79.0000_-84.0000,79.0,-84.0,0.107,Very Low,0.0,Very Low
79.0000_-83.5000,79.0,-83.5,0.107,Very Low,0.0,Very Low
79.0000_-83.0000,79.0,-83.0,0.1069,Very Low,0.0,Very Low
79.0000_-82.5000,79.0,-82.5,0.1068,Very Low,0.0,Very Low
79.0000_-82.0000,79.0,-82.0,0.1066,Very Low,0.0,Very Low
79.0000_-81.5000,79.0,-81.5,0.1066,Very Low,0.0,Very Low
79.0000_-81.0000,79.0,-81.0,0.1065,Very Low,0.0,Very Low
79.0000_-80.5000,79.0,-80.5,0.1064,Very Low,0.0,Very Low
79.0000_-80.0000,79.0,-80.0,0.1064,Very Low,0.0,Very Low
79.0000_-79.5000,79.0,-79.5,0.1064,Very Low,0.0,Very Low
79.0000_-79.0000,79.0,-79.0,0.1065,Very Low,0.0,Very Low
79.0000_-78.5000,79.0,-78.5,0.1065,Very Low,0.0,Very Low
79.0000_-78.0000,79.0,-78.0,0.1065,Very Low,0.0,Very Low
79.0000_-77.5000,79.0,-77.5,0.1066,Very Low,0.0,Very Low
79.0000_-77.0000,79.0,-77.0,0.1067,Very Low,0.0,Very Low
79.0000_-76.5000,79.0,-76.5,0.1067,Very Low,0.0,Very Low
79.0000_-76.0000,79.0,-76.0,0.107,Very Low,0.0,Very Low
79.0000_-75.5000,79.0,-75.5,0.1072,Very Low,0.0,Very Low
79.0000_-75.0000,79.0,-75.0,0.1075,Very Low,0.0,Very Low
79.0000_-74.5000,79.0,-74.5,0.1076,Very Low,0.0,Very Low
79.5000_-96.0000,79.5,-96.0,0.0341,Very Low,0.0,Very Low
79.5000_-95.5000,79.5,-95.5,0.034,Very Low,0.0,Very Low
79.5000_-95.0000,79.5,-95.0,0.0339,Very Low,0.0,Very Low
79.5000_-94.5000,79.5,-94.5,0.0338,Very Low,0.0,Very Low
79.5000_-94.0000,79.5,-94.0,0.0338,Very Low,0.0,Very Low
79.5000_-93.5000,79.5,-93.5,0.0338,Very Low,0.0,Very Low
79.5000_-93.0000,79.5,-93.0,0.0337,Very Low,0.0,Very Low
79.5000_-92.5000,79.5,-92.5,0.0336,Very Low,0.0,Very Low
79.5000_-92.0000,79.5,-92.0,0.0337,Very Low,0.0,Very Low
79.5000_-91.5000,79.5,-91.5,0.0337,Very Low,0.0,Very Low
79.5000_-91.0000,79.5,-91.0,0.0338,Very Low,0.0,Very Low
79.5000_-90.5000,79.5,-90.5,0.0339,Very Low,0.0,Very Low
79.5000_-90.0000,79.5,-90.0,0.034,Very Low,0.0,Very Low
79.5000_-89.5000,79.5,-89.5,0.0342,Very Low,0.0,Very Low
79.5000_-89.0000,79.5,-89.0,0.0344,Very Low,0.0,Very Low
79.5000_-88.5000,79.5,-88.5,0.0344,Very Low,0.0,Very Low
79.5000_-88.0000,79.5,-88.0,0.0346,Very Low,0.0,Very Low
79.5000_-87.5000,79.5,-87.5,0.0347,Very Low,0.0,Very Low
79.5000_-87.0000,79.5,-87.0,0.0349,Very Low,0.0,Very Low
79.5000_-86.5000,79.5,-86.5,0.0349,Very Low,0.0,Very Low
79.5000_-86.0000,79.5,-86.0,0.0349,Very Low,0.0,Very Low
79.5000_-85.5000,79.5,-85.5,0.035,Very Low,0.0,Very Low
79.5000_-85.0000,79.5,-85.0,0.035,Very Low,0.0,Very Low
79.5000_-84.5000,79.5,-84.5,0.035,Very Low,0.0,Very Low
79.5000_-84.0000,79.5,-84.0,0.035,Very Low,0.0,Very Low
79.5000_-83.5000,79.5,-83.5,0.035,Very Low,0.0,Very Low
79.5000_-83.0000,79.5,-83.0,0.035,Very Low,0.0,Very Low
79.5000_-82.5000,79.5,-82.5,0.035,Very Low,0.0,Very Low
79.5000_-82.0000,79.5,-82.0,0.0348,Very Low,0.0,Very Low
79.5000_-81.5000,79.5,-81.5,0.0348,Very Low,0.0,Very Low
79.5000_-81.0000,79.5,-81.0,0.0347,Very Low,0.0,Very Low
79.5000_-80.5000,79.5,-80.5,0.0345,Very Low,0.0,Very Low
79.5000_-80.0000,79.5,-80.0,0.0342,Very Low,0.0,Very Low
79.5000_-79.5000,79.5,-79.5,0.0342,Very Low,0.0,Very Low
79.5000_-79.0000,79.5,-79.0,0.0342,Very Low,0.0,Very Low
79.5000_-78.5000,79.5,-78.5,0.0342,Very Low,0.0,Very Low
79.5000_-78.0000,79.5,-78.0,0.0341,Very Low,0.0,Very Low
79.5000_-77.5000,79.5,-77.5,0.0341,Very Low,0.0,Very Low
79.5000_-77.0000,79.5,-77.0,0.0342,Very Low,0.0,Very Low
79.5000_-76.5000,79.5,-76.5,0.0342,Very Low,0.0,Very Low
79.5000_-76.0000,79.5,-76.0,0.0344,Very Low,0.0,Very Low
79.5000_-75.5000,79.5,-75.5,0.0346,Very Low,0.0,Very Low
79.5000_-75.0000,79.5,-75.0,0.0348,Very Low,0.0,Very Low
79.5000_-74.5000,79.5,-74.5,0.0349,Very Low,0.0,Very Low
79.5000_-74.0000,79.5,-74.0,0.0349,Very Low,0.0,Very Low
79.5000_-73.5000,79.5,-73.5,0.0349,Very Low,0.0,Very Low
79.5000_-73.0000,79.5,-73.0,0.0349,Very Low,0.0,Very Low
80.0000_-100.5000,80.0,-100.5,0.0313,Very Low,0.0,Very Low
80.0000_-100.0000,80.0,-100.0,0.0313,Very Low,0.0,Very Low
80.0000_-99.5000,80.0,-99.5,0.0313,Very Low,0.0,Very Low
80.0000_-99.0000,80.0,-99.0,0.0313,Very Low,0.0,Very Low
80.0000_-98.5000,80.0,-98.5,0.0313,Very Low,0.0,Very Low
80.0000_-97.0000,80.0,-97.0,0.0311,Very Low,0.0,Very Low
80.0000_-96.5000,80.0,-96.5,0.0311,Very Low,0.0,Very Low
80.0000_-96.0000,80.0,-96.0,0.0311,Very Low,0.0,Very Low
80.0000_-95.5000,80.0,-95.5,0.031,Very Low,0.0,Very Low
80.0000_-95.0000,80.0,-95.0,0.031,Very Low,0.0,Very Low
80.0000_-94.5000,80.0,-94.5,0.031,Very Low,0.0,Very Low
80.0000_-94.0000,80.0,-94.0,0.031,Very Low,0.0,Very Low
80.0000_-93.5000,80.0,-93.5,0.031,Very Low,0.0,Very Low
80.0000_-93.0000,80.0,-93.0,0.031,Very Low,0.0,Very Low
80.0000_-92.5000,80.0,-92.5,0.031,Very Low,0.0,Very Low
80.0000_-92.0000,80.0,-92.0,0.0311,Very Low,0.0,Very Low
80.0000_-91.5000,80.0,-91.5,0.0311,Very Low,0.0,Very Low
80.0000_-91.0000,80.0,-91.0,0.0312,Very Low,0.0,Very Low
80.0000_-90.5000,80.0,-90.5,0.0314,Very Low,0.0,Very Low
80.0000_-90.0000,80.0,-90.0,0.0315,Very Low,0.0,Very Low
80.0000_-89.5000,80.0,-89.5,0.0317,Very Low,0.0,Very Low
80.0000_-89.0000,80.0,-89.0,0.0318,Very Low,0.0,Very Low
80.0000_-88.5000,80.0,-88.5,0.0318,Very Low,0.0,Very Low
80.0000_-88.0000,80.0,-88.0,0.0318,Very Low,0.0,Very Low
80.0000_-87.5000,80.0,-87.5,0.0318,Very Low,0.0,Very Low
80.0000_-87.0000,80.0,-87.0,0.0319,Very Low,0.0,Very Low
80.0000_-86.5000,80.0,-86.5,0.0319,Very Low,0.0,Very Low
80.0000_-86.0000,80.0,-86.0,0.0319,Very Low,0.0,Very Low
80.0000_-85.5000,80.0,-85.5,0.0319,Very Low,0.0,Very Low
80.0000_-85.0000,80.0,-85.0,0.0319,Very Low,0.0,Very Low
80.0000_-84.5000,80.0,-84.5,0.0319,Very Low,0.0,Very Low
80.0000_-84.0000,80.0,-84.0,0.0319,Very Low,0.0,Very Low
80.0000_-83.5000,80.0,-83.5,0.0319,Very Low,0.0,Very Low
80.0000_-83.0000,80.0,-83.0,0.0319,Very Low,0.0,Very Low
80.0000_-82.5000,80.0,-82.5,0.0319,Very Low,0.0,Very Low
80.0000_-82.0000,80.0,-82.0,0.0318,Very Low,0.0,Very Low
80.0000_-81.5000,80.0,-81.5,0.0317,Very Low,0.0,Very Low
80.0000_-81.0000,80.0,-81.0,0.0317,Very Low,0.0,Very Low
80.0000_-80.5000,80.0,-80.5,0.0315,Very Low,0.0,Very Low
80.0000_-80.0000,80.0,-80.0,0.0313,Very Low,0.0,Very Low
80.0000_-79.5000,80.0,-79.5,0.0311,Very Low,0.0,Very Low
80.0000_-79.0000,80.0,-79.0,0.031,Very Low,0.0,Very Low
80.0000_-78.5000,80.0,-78.5,0.031,Very Low,0.0,Very Low
80.0000_-78.0000,80.0,-78.0,0.031,Very Low,0.0,Very Low
80.0000_-77.5000,80.0,-77.5,0.031,Very Low,0.0,Very Low
80.0000_-77.0000,80.0,-77.0,0.031,Very Low,0.0,Very Low
80.0000_-76.5000,80.0,-76.5,0.031,Very Low,0.0,Very Low
80.0000_-76.0000,80.0,-76.0,0.031,Very Low,0.0,Very Low
80.0000_-75.5000,80.0,-75.5,0.0311,Very Low,0.0,Very Low
80.0000_-75.0000,80.0,-75.0,0.0311,Very Low,0.0,Very Low
80.0000_-74.5000,80.0,-74.5,0.0311,Very Low,0.0,Very Low
80.0000_-74.0000,80.0,-74.0,0.0312,Very Low,0.0,Very Low
80.0000_-73.5000,80.0,-73.5,0.0313,Very Low,0.0,Very Low
80.0000_-73.0000,80.0,-73.0,0.0313,Very Low,0.0,Very Low
80.0000_-72.5000,80.0,-72.5,0.0314,Very Low,0.0,Very Low
80.0000_-72.0000,80.0,-72.0,0.0314,Very Low,0.0,Very Low
80.0000_-71.5000,80.0,-71.5,0.0314,Very Low,0.0,Very Low
80.0000_-71.0000,80.0,-71.0,0.0315,Very Low,0.0,Very Low
80.0000_-70.5000,80.0,-70.5,0.0316,Very Low,0.0,Very Low
80.5000_-96.5000,80.5,-96.5,0.038,Very Low,0.0,Very Low
80.5000_-96.0000,80.5,-96.0,0.038,Very Low,0.0,Very Low
80.5000_-95.5000,80.5,-95.5,0.0381,Very Low,0.0,Very Low
80.5000_-95.0000,80.5,-95.0,0.0381,Very Low,0.0,Very Low
80.5000_-94.5000,80.5,-94.5,0.0381,Very Low,0.0,Very Low
80.5000_-94.0000,80.5,-94.0,0.0381,Very Low,0.0,Very Low
80.5000_-93.5000,80.5,-93.5,0.0382,Very Low,0.0,Very Low
80.5000_-93.0000,80.5,-93.0,0.0382,Very Low,0.0,Very Low
80.5000_-92.5000,80.5,-92.5,0.0382,Very Low,0.0,Very Low
80.5000_-92.0000,80.5,-92.0,0.0382,Very Low,0.0,Very Low
80.5000_-91.5000,80.5,-91.5,0.0382,Very Low,0.0,Very Low
80.5000_-91.0000,80.5,-91.0,0.0383,Very Low,0.0,Very Low
80.5000_-90.5000,80.5,-90.5,0.0384,Very Low,0.0,Very Low
80.5000_-90.0000,80.5,-90.0,0.0385,Very Low,0.0,Very Low
80.5000_-89.5000,80.5,-89.5,0.0385,Very Low,0.0,Very Low
80.5000_-89.0000,80.5,-89.0,0.0386,Very Low,0.0,Very Low
80.5000_-88.5000,80.5,-88.5,0.0386,Very Low,0.0,Very Low
80.5000_-88.0000,80.5,-88.0,0.0386,Very Low,0.0,Very Low
80.5000_-86.5000,80.5,-86.5,0.0385,Very Low,0.0,Very Low
80.5000_-86.0000,80.5,-86.0,0.0385,Very Low,0.0,Very Low
80.5000_-85.5000,80.5,-85.5,0.0384,Very Low,0.0,Very Low
80.5000_-85.0000,80.5,-85.0,0.0384,Very Low,0.0,Very Low
80.5000_-84.5000,80.5,-84.5,0.0384,Very Low,0.0,Very Low
80.5000_-84.0000,80.5,-84.0,0.0384,Very Low,0.0,Very Low
80.5000_-83.5000,80.5,-83.5,0.0384,Very Low,0.0,Very Low
80.5000_-83.0000,80.5,-83.0,0.0384,Very Low,0.0,Very Low
80.5000_-82.5000,80.5,-82.5,0.0384,Very Low,0.0,Very Low
80.5000_-82.0000,80.5,-82.0,0.0384,Very Low,0.0,Very Low
80.5000_-81.5000,80.5,-81.5,0.0383,Very Low,0.0,Very Low
80.5000_-81.0000,80.5,-81.0,0.0383,Very Low,0.0,Very Low
80.5000_-80.5000,80.5,-80.5,0.0382,Very Low,0.0,Very Low
80.5000_-80.0000,80.5,-80.0,0.0381,Very Low,0.0,Very Low
80.5000_-79.5000,80.5,-79.5,0.038,Very Low,0.0,Very Low
80.5000_-79.0000,80.5,-79.0,0.038,Very Low,0.0,Very Low
80.5000_-78.5000,80.5,-78.5,0.038,Very Low,0.0,Very Low
80.5000_-78.0000,80.5,-78.0,0.038,Very Low,0.0,Very Low
80.5000_-77.5000,80.5,-77.5,0.038,Very Low,0.0,Very Low
80.5000_-77.0000,80.5,-77.0,0.038,Very Low,0.0,Very Low
80.5000_-76.5000,80.5,-76.5,0.038,Very Low,0.0,Very Low
80.5000_-76.0000,80.5,-76.0,0.038,Very Low,0.0,Very Low
80.5000_-75.5000,80.5,-75.5,0.038,Very Low,0.0,Very Low
80.5000_-75.0000,80.5,-75.0,0.038,Very Low,0.0,Very Low
80.5000_-74.5000,80.5,-74.5,0.0379,Very Low,0.0,Very Low
80.5000_-74.0000,80.5,-74.0,0.038,Very Low,0.0,Very Low
80.5000_-73.5000,80.5,-73.5,0.0381,Very Low,0.0,Very Low
80.5000_-73.0000,80.5,-73.0,0.0381,Very Low,0.0,Very Low
80.5000_-72.5000,80.5,-72.5,0.0382,Very Low,0.0,Very Low
80.5000_-72.0000,80.5,-72.0,0.0382,Very Low,0.0,Very Low
80.5000_-71.5000,80.5,-71.5,0.0382,Very Low,0.0,Very Low
80.5000_-71.0000,80.5,-71.0,0.0382,Very Low,0.0,Very Low
80.5000_-70.5000,80.5,-70.5,0.0382,Very Low,0.0,Very Low
80.5000_-70.0000,80.5,-70.0,0.0381,Very Low,0.0,Very Low
80.5000_-69.5000,80.5,-69.5,0.038,Very Low,0.0,Very Low
80.5000_-69.0000,80.5,-69.0,0.0379,Very Low,0.0,Very Low
81.0000_-95.5000,81.0,-95.5,0.0361,Very Low,0.0,Very Low
81.0000_-95.0000,81.0,-95.0,0.0362,Very Low,0.0,Very Low
81.0000_-94.5000,81.0,-94.5,0.0362,Very Low,0.0,Very Low
81.0000_-94.0000,81.0,-94.0,0.0362,Very Low,0.0,Very Low
81.0000_-93.5000,81.0,-93.5,0.0362,Very Low,0.0,Very Low
81.0000_-93.0000,81.0,-93.0,0.0362,Very Low,0.0,Very Low
81.0000_-92.5000,81.0,-92.5,0.0362,Very Low,0.0,Very Low
81.0000_-92.0000,81.0,-92.0,0.0362,Very Low,0.0,Very Low
81.0000_-91.5000,81.0,-91.5,0.0362,Very Low,0.0,Very Low
81.0000_-91.0000,81.0,-91.0,0.0362,Very Low,0.0,Very Low
81.0000_-90.5000,81.0,-90.5,0.0362,Very Low,0.0,Very Low
81.0000_-90.0000,81.0,-90.0,0.0362,Very Low,0.0,Very Low
81.0000_-89.5000,81.0,-89.5,0.0362,Very Low,0.0,Very Low
81.0000_-89.0000,81.0,-89.0,0.0362,Very Low,0.0,Very Low
81.0000_-88.5000,81.0,-88.5,0.0362,Very Low,0.0,Very Low
81.0000_-88.0000,81.0,-88.0,0.0361,Very Low,0.0,Very Low
81.0000_-87.5000,81.0,-87.5,0.0361,Very Low,0.0,Very Low
81.0000_-87.0000,81.0,-87.0,0.036,Very Low,0.0,Very Low
81.0000_-86.5000,81.0,-86.5,0.0359,Very Low,0.0,Very Low
81.0000_-86.0000,81.0,-86.0,0.0359,Very Low,0.0,Very Low
81.0000_-85.5000,81.0,-85.5,0.0359,Very Low,0.0,Very Low
81.0000_-85.0000,81.0,-85.0,0.0358,Very Low,0.0,Very Low
81.0000_-84.5000,81.0,-84.5,0.0357,Very Low,0.0,Very Low
81.0000_-84.0000,81.0,-84.0,0.0357,Very Low,0.0,Very Low
81.0000_-83.5000,81.0,-83.5,0.0357,Very Low,0.0,Very Low
81.0000_-83.0000,81.0,-83.0,0.0357,Very Low,0.0,Very Low
81.0000_-82.5000,81.0,-82.5,0.0357,Very Low,0.0,Very Low
81.0000_-82.0000,81.0,-82.0,0.0357,Very Low,0.0,Very Low
81.0000_-81.5000,81.0,-81.5,0.0357,Very Low,0.0,Very Low
81.0000_-81.0000,81.0,-81.0,0.0357,Very Low,0.0,Very Low
81.0000_-80.5000,81.0,-80.5,0.0357,Very Low,0.0,Very Low
81.0000_-80.0000,81.0,-80.0,0.0357,Very Low,0.0,Very Low
81.0000_-79.5000,81.0,-79.5,0.0358,Very Low,0.0,Very Low
81.0000_-79.0000,81.0,-79.0,0.0358,Very Low,0.0,Very Low
81.0000_-78.5000,81.0,-78.5,0.0359,Very Low,0.0,Very Low
81.0000_-78.0000,81.0,-78.0,0.0359,Very Low,0.0,Very Low
81.0000_-77.5000,81.0,-77.5,0.036,Very Low,0.0,Very Low
81.0000_-77.0000,81.0,-77.0,0.0362,Very Low,0.0,Very Low
81.0000_-76.5000,81.0,-76.5,0.0362,Very Low,0.0,Very Low
81.0000_-76.0000,81.0,-76.0,0.0363,Very Low,0.0,Very Low
81.0000_-75.5000,81.0,-75.5,0.0363,Very Low,0.0,Very Low
81.0000_-75.0000,81.0,-75.0,0.0364,Very Low,0.0,Very Low
81.0000_-74.5000,81.0,-74.5,0.0364,Very Low,0.0,Very Low
81.0000_-74.0000,81.0,-74.0,0.0365,Very Low,0.0,Very Low
81.0000_-73.5000,81.0,-73.5,0.0365,Very Low,0.0,Very Low
81.0000_-73.0000,81.0,-73.0,0.0365,Very Low,0.0,Very Low
81.0000_-72.5000,81.0,-72.5,0.0366,Very Low,0.0,Very Low
81.0000_-72.0000,81.0,-72.0,0.0365,Very Low,0.0,Very Low
81.0000_-71.5000,81.0,-71.5,0.0365,Very Low,0.0,Very Low
81.0000_-71.0000,81.0,-71.0,0.0365,Very Low,0.0,Very Low
81.0000_-70.5000,81.0,-70.5,0.0365,Very Low,0.0,Very Low
81.0000_-70.0000,81.0,-70.0,0.0364,Very Low,0.0,Very Low
81.0000_-69.5000,81.0,-69.5,0.0364,Very Low,0.0,Very Low
81.0000_-69.0000,81.0,-69.0,0.0363,Very Low,0.0,Very Low
81.0000_-68.5000,81.0,-68.5,0.0363,Very Low,0.0,Very Low
81.0000_-68.0000,81.0,-68.0,0.0363,Very Low,0.0,Very Low
81.0000_-67.5000,81.0,-67.5,0.0363,Very Low,0.0,Very Low
81.0000_-67.0000,81.0,-67.0,0.0362,Very Low,0.0,Very Low
81.0000_-66.5000,81.0,-66.5,0.0362,Very Low,0.0,Very Low
81.5000_-92.0000,81.5,-92.0,0.0491,Very Low,0.0,Very Low
81.5000_-91.5000,81.5,-91.5,0.0491,Very Low,0.0,Very Low
81.5000_-91.0000,81.5,-91.0,0.0491,Very Low,0.0,Very Low
81.5000_-90.5000,81.5,-90.5,0.0491,Very Low,0.0,Very Low
81.5000_-90.0000,81.5,-90.0,0.049,Very Low,0.0,Very Low
81.5000_-89.5000,81.5,-89.5,0.049,Very Low,0.0,Very Low
81.5000_-89.0000,81.5,-89.0,0.049,Very Low,0.0,Very Low
81.5000_-88.5000,81.5,-88.5,0.049,Very Low,0.0,Very Low
81.5000_-88.0000,81.5,-88.0,0.0489,Very Low,0.0,Very Low
81.5000_-87.5000,81.5,-87.5,0.0489,Very Low,0.0,Very Low
81.5000_-87.0000,81.5,-87.0,0.0489,Very Low,0.0,Very Low
81.5000_-86.5000,81.5,-86.5,0.0489,Very Low,0.0,Very Low
81.5000_-86.0000,81.5,-86.0,0.0488,Very Low,0.0,Very Low
81.5000_-85.5000,81.5,-85.5,0.0488,Very Low,0.0,Very Low
81.5000_-85.0000,81.5,-85.0,0.0487,Very Low,0.0,Very Low
81.5000_-84.5000,81.5,-84.5,0.0487,Very Low,0.0,Very Low
81.5000_-84.0000,81.5,-84.0,0.0487,Very Low,0.0,Very Low
81.5000_-83.5000,81.5,-83.5,0.0487,Very Low,0.0,Very Low
81.5000_-83.0000,81.5,-83.0,0.0486,Very Low,0.0,Very Low
81.5000_-82.5000,81.5,-82.5,0.0486,Very Low,0.0,Very Low
81.5000_-82.0000,81.5,-82.0,0.0486,Very Low,0.0,Very Low
81.5000_-81.5000,81.5,-81.5,0.0486,Very Low,0.0,Very Low
81.5000_-81.0000,81.5,-81.0,0.0486,Very Low,0.0,Very Low
81.5000_-80.5000,81.5,-80.5,0.0486,Very Low,0.0,Very Low
81.5000_-80.0000,81.5,-80.0,0.0486,Very Low,0.0,Very Low
81.5000_-79.5000,81.5,-79.5,0.0486,Very Low,0.0,Very Low
81.5000_-79.0000,81.5,-79.0,0.0486,Very Low,0.0,Very Low
81.5000_-78.5000,81.5,-78.5,0.0487,Very Low,0.0,Very Low
81.5000_-78.0000,81.5,-78.0,0.0487,Very Low,0.0,Very Low
81.5000_-77.5000,81.5,-77.5,0.0489,Very Low,0.0,Very Low
81.5000_-77.0000,81.5,-77.0,0.049,Very Low,0.0,Very Low
81.5000_-76.5000,81.5,-76.5,0.0492,Very Low,0.0,Very Low
81.5000_-76.0000,81.5,-76.0,0.0492,Very Low,0.0,Very Low
81.5000_-75.5000,81.5,-75.5,0.0494,Very Low,0.0,Very Low
81.5000_-75.0000,81.5,-75.0,0.0497,Very Low,0.0,Very Low
81.5000_-74.5000,81.5,-74.5,0.053,Very Low,0.0,Very Low
81.5000_-74.0000,81.5,-74.0,0.0566,Very Low,0.0,Very Low
81.5000_-73.5000,81.5,-73.5,0.0567,Very Low,0.0,Very Low
81.5000_-73.0000,81.5,-73.0,0.0567,Very Low,0.0,Very Low
81.5000_-72.5000,81.5,-72.5,0.0573,Very Low,0.0,Very Low
81.5000_-72.0000,81.5,-72.0,0.0585,Very Low,0.0,Very Low
81.5000_-71.5000,81.5,-71.5,0.0601,Very Low,0.0,Very Low
81.5000_-71.0000,81.5,-71.0,0.0601,Very Low,0.0,Very Low
81.5000_-70.5000,81.5,-70.5,0.0595,Very Low,0.0,Very Low
81.5000_-70.0000,81.5,-70.0,0.0571,Very Low,0.0,Very Low
81.5000_-69.5000,81.5,-69.5,0.0544,Very Low,0.0,Very Low
81.5000_-69.0000,81.5,-69.0,0.0508,Very Low,0.0,Very Low
81.5000_-68.5000,81.5,-68.5,0.0499,Very Low,0.0,Very Low
81.5000_-68.0000,81.5,-68.0,0.0499,Very Low,0.0,Very Low
81.5000_-67.5000,81.5,-67.5,0.0498,Very Low,0.0,Very Low
81.5000_-67.0000,81.5,-67.0,0.0497,Very Low,0.0,Very Low
81.5000_-66.5000,81.5,-66.5,0.0497,Very Low,0.0,Very Low
81.5000_-66.0000,81.5,-66.0,0.0497,Very Low,0.0,Very Low
81.5000_-65.5000,81.5,-65.5,0.0497,Very Low,0.0,Very Low
81.5000_-65.0000,81.5,-65.0,0.0497,Very Low,0.0,Very Low
81.5000_-64.5000,81.5,-64.5,0.0498,Very Low,0.0,Very Low
81.5000_-64.0000,81.5,-64.0,0.0498,Very Low,0.0,Very Low
82.0000_-90.0000,82.0,-90.0,0.0333,Very Low,0.0,Very Low
82.0000_-89.5000,82.0,-89.5,0.0333,Very Low,0.0,Very Low
82.0000_-89.0000,82.0,-89.0,0.0333,Very Low,0.0,Very Low
82.0000_-88.5000,82.0,-88.5,0.0333,Very Low,0.0,Very Low
82.0000_-88.0000,82.0,-88.0,0.0333,Very Low,0.0,Very Low
82.0000_-87.5000,82.0,-87.5,0.0334,Very Low,0.0,Very Low
82.0000_-87.0000,82.0,-87.0,0.0334,Very Low,0.0,Very Low
82.0000_-86.5000,82.0,-86.5,0.0335,Very Low,0.0,Very Low
82.0000_-86.0000,82.0,-86.0,0.0335,Very Low,0.0,Very Low
82.0000_-85.5000,82.0,-85.5,0.0335,Very Low,0.0,Very Low
82.0000_-85.0000,82.0,-85.0,0.0334,Very Low,0.0,Very Low
82.0000_-84.5000,82.0,-84.5,0.0334,Very Low,0.0,Very Low
82.0000_-84.0000,82.0,-84.0,0.0334,Very Low,0.0,Very Low
82.0000_-83.5000,82.0,-83.5,0.0334,Very Low,0.0,Very Low
82.0000_-83.0000,82.0,-83.0,0.0334,Very Low,0.0,Very Low
82.0000_-82.5000,82.0,-82.5,0.0334,Very Low,0.0,Very Low
82.0000_-82.0000,82.0,-82.0,0.0334,Very Low,0.0,Very Low
82.0000_-81.5000,82.0,-81.5,0.0334,Very Low,0.0,Very Low
82.0000_-81.0000,82.0,-81.0,0.0334,Very Low,0.0,Very Low
82.0000_-80.5000,82.0,-80.5,0.0333,Very Low,0.0,Very Low
82.0000_-80.0000,82.0,-80.0,0.0333,Very Low,0.0,Very Low
82.0000_-79.5000,82.0,-79.5,0.0332,Very Low,0.0,Very Low
82.0000_-79.0000,82.0,-79.0,0.0331,Very Low,0.0,Very Low
82.0000_-78.5000,82.0,-78.5,0.0331,Very Low,0.0,Very Low
82.0000_-78.0000,82.0,-78.0,0.0331,Very Low,0.0,Very Low
82.0000_-77.5000,82.0,-77.5,0.0332,Very Low,0.0,Very Low
82.0000_-77.0000,82.0,-77.0,0.0334,Very Low,0.0,Very Low
82.0000_-76.5000,82.0,-76.5,0.0334,Very Low,0.0,Very Low
82.0000_-76.0000,82.0,-76.0,0.0337,Very Low,0.0,Very Low
82.0000_-75.5000,82.0,-75.5,0.0409,Very Low,0.0,Very Low
82.0000_-75.0000,82.0,-75.0,0.0478,Very Low,0.0,Very Low
82.0000_-74.5000,82.0,-74.5,0.049,Very Low,0.0,Very Low
82.0000_-74.0000,82.0,-74.0,0.0498,Very Low,0.0,Very Low
82.0000_-73.5000,82.0,-73.5,0.0498,Very Low,0.0,Very Low
82.0000_-73.0000,82.0,-73.0,0.0482,Very Low,0.0,Very Low
82.0000_-72.5000,82.0,-72.5,0.0488,Very Low,0.0,Very Low
82.0000_-72.0000,82.0,-72.0,0.0507,Very Low,0.0,Very Low
82.0000_-71.5000,82.0,-71.5,0.0507,Very Low,0.0,Very Low
82.0000_-71.0000,82.0,-71.0,0.052,Very Low,0.0,Very Low
82.0000_-70.5000,82.0,-70.5,0.054,Very Low,0.0,Very Low
82.0000_-70.0000,82.0,-70.0,0.0565,Very Low,0.0,Very Low
82.0000_-69.5000,82.0,-69.5,0.0594,Very Low,0.0,Very Low
82.0000_-69.0000,82.0,-69.0,0.0597,Very Low,0.0,Very Low
82.0000_-68.5000,82.0,-68.5,0.0597,Very Low,0.0,Very Low
82.0000_-68.0000,82.0,-68.0,0.0525,Very Low,0.0,Very Low
82.0000_-67.5000,82.0,-67.5,0.0442,Very Low,0.0,Very Low
82.0000_-67.0000,82.0,-67.0,0.0348,Very Low,0.0,Very Low
82.0000_-66.5000,82.0,-66.5,0.0348,Very Low,0.0,Very Low
82.0000_-66.0000,82.0,-66.0,0.0347,Very Low,0.0,Very Low
82.0000_-65.5000,82.0,-65.5,0.0346,Very Low,0.0,Very Low
82.0000_-65.0000,82.0,-65.0,0.0345,Very Low,0.0,Very Low
82.0000_-64.5000,82.0,-64.5,0.0344,Very Low,0.0,Very Low
82.0000_-64.0000,82.0,-64.0,0.0344,Very Low,0.0,Very Low
82.0000_-63.5000,82.0,-63.5,0.0344,Very Low,0.0,Very Low
82.0000_-63.0000,82.0,-63.0,0.0345,Very Low,0.0,Very Low
82.0000_-62.5000,82.0,-62.5,0.0345,Very Low,0.0,Very Low
82.0000_-62.0000,82.0,-62.0,0.0346,Very Low,0.0,Very Low
82.5000_-86.0000,82.5,-86.0,0.048,Very Low,0.0,Very Low
82.5000_-85.5000,82.5,-85.5,0.0481,Very Low,0.0,Very Low
82.5000_-85.0000,82.5,-85.0,0.0482,Very Low,0.0,Very Low
82.5000_-84.5000,82.5,-84.5,0.0482,Very Low,0.0,Very Low
82.5000_-83.0000,82.5,-83.0,0.0482,Very Low,0.0,Very Low
82.5000_-82.5000,82.5,-82.5,0.0482,Very Low,0.0,Very Low
82.5000_-82.0000,82.5,-82.0,0.0482,Very Low,0.0,Very Low
82.5000_-81.5000,82.5,-81.5,0.0482,Very Low,0.0,Very Low
82.5000_-81.0000,82.5,-81.0,0.0482,Very Low,0.0,Very Low
82.5000_-80.5000,82.5,-80.5,0.0483,Very Low,0.0,Very Low
82.5000_-80.0000,82.5,-80.0,0.0483,Very Low,0.0,Very Low
82.5000_-79.5000,82.5,-79.5,0.0483,Very Low,0.0,Very Low
82.5000_-79.0000,82.5,-79.0,0.0484,Very Low,0.0,Very Low
82.5000_-78.5000,82.5,-78.5,0.0484,Very Low,0.0,Very Low
82.5000_-78.0000,82.5,-78.0,0.0501,Very Low,0.0,Very Low
82.5000_-77.5000,82.5,-77.5,0.0598,Very Low,0.0,Very Low
82.5000_-77.0000,82.5,-77.0,0.0664,Very Low,0.0,Very Low
82.5000_-76.5000,82.5,-76.5,0.0685,Very Low,0.0,Very Low
82.5000_-76.0000,82.5,-76.0,0.0685,Very Low,0.0,Very Low
82.5000_-75.5000,82.5,-75.5,0.0689,Very Low,0.0,Very Low
82.5000_-75.0000,82.5,-75.0,0.0652,Very Low,0.0,Very Low
82.5000_-74.5000,82.5,-74.5,0.0639,Very Low,0.0,Very Low
82.5000_-74.0000,82.5,-74.0,0.0636,Very Low,0.0,Very Low
82.5000_-73.5000,82.5,-73.5,0.0636,Very Low,0.0,Very Low
82.5000_-73.0000,82.5,-73.0,0.0643,Very Low,0.0,Very Low
82.5000_-72.5000,82.5,-72.5,0.0682,Very Low,0.0,Very Low
82.5000_-72.0000,82.5,-72.0,0.0683,Very Low,0.0,Very Low
82.5000_-71.5000,82.5,-71.5,0.0696,Very Low,0.0,Very Low
82.5000_-71.0000,82.5,-71.0,0.0696,Very Low,0.0,Very Low
82.5000_-70.5000,82.5,-70.5,0.0677,Very Low,0.0,Very Low
82.5000_-70.0000,82.5,-70.0,0.0667,Very Low,0.0,Very Low
82.5000_-69.5000,82.5,-69.5,0.0647,Very Low,0.0,Very Low
82.5000_-69.0000,82.5,-69.0,0.0618,Very Low,0.0,Very Low
82.5000_-68.5000,82.5,-68.5,0.058,Very Low,0.0,Very Low
82.5000_-68.0000,82.5,-68.0,0.058,Very Low,0.0,Very Low
82.5000_-67.5000,82.5,-67.5,0.0517,Very Low,0.0,Very Low
82.5000_-67.0000,82.5,-67.0,0.0494,Very Low,0.0,Very Low
82.5000_-66.5000,82.5,-66.5,0.0494,Very Low,0.0,Very Low
82.5000_-66.0000,82.5,-66.0,0.0491,Very Low,0.0,Very Low
82.5000_-65.5000,82.5,-65.5,0.0491,Very Low,0.0,Very Low
82.5000_-65.0000,82.5,-65.0,0.0491,Very Low,0.0,Very Low
82.5000_-64.5000,82.5,-64.5,0.0492,Very Low,0.0,Very Low
82.5000_-64.0000,82.5,-64.0,0.0492,Very Low,0.0,Very Low
82.5000_-63.5000,82.5,-63.5,0.0492,Very Low,0.0,Very Low
82.5000_-63.0000,82.5,-63.0,0.0492,Very Low,0.0,Very Low
82.5000_-62.5000,82.5,-62.5,0.0492,Very Low,0.0,Very Low
82.5000_-62.0000,82.5,-62.0,0.0493,Very Low,0.0,Very Low
82.5000_-61.5000,82.5,-61.5,0.0493,Very Low,0.0,Very Low
82.5000_-61.0000,82.5,-61.0,0.0493,Very Low,0.0,Very Low
