cell_id,lat,lon,fwi,danger_class,ml_risk_probability,ml_danger_class
42.0000_-83.0000,42.0,-83.0,7.6144,Moderate,0.00083832,Moderate
42.0000_-82.5000,42.0,-82.5,7.7281,Moderate,0.01040092,Moderate
42.0000_-82.0000,42.0,-82.0,6.4644,Moderate,1.896e-05,Very Low
42.5000_-82.5000,42.5,-82.5,11.5652,High,7.416e-05,Low
42.5000_-82.0000,42.5,-82.0,8.0324,High,0.00083832,Moderate
42.5000_-81.5000,42.5,-81.5,10.0987,High,1.896e-05,Very Low
42.5000_-81.0000,42.5,-81.0,9.3738,High,1.896e-05,Very Low
42.5000_-80.5000,42.5,-80.5,9.4651,High,0.00083832,Moderate
42.5000_-80.0000,42.5,-80.0,8.3587,High,0.00083832,Moderate
43.0000_-82.5000,43.0,-82.5,8.2072,High,0.00083832,Moderate
43.0000_-82.0000,43.0,-82.0,7.146,Moderate,0.00083832,Moderate
43.0000_-81.5000,43.0,-81.5,8.3695,High,1.896e-05,Very Low
43.0000_-81.0000,43.0,-81.0,8.7936,High,1.896e-05,Very Low
43.0000_-80.5000,43.0,-80.5,10.8139,High,0.00053927,Low
43.0000_-80.0000,43.0,-80.0,8.3555,High,7.416e-05,Low
43.0000_-79.5000,43.0,-79.5,7.0087,Moderate,0.00083832,Moderate
43.0000_-79.0000,43.0,-79.0,3.5102,Low,1.896e-05,Very Low
43.5000_-82.0000,43.5,-82.0,6.7208,Moderate,0.00068534,Low
43.5000_-81.5000,43.5,-81.5,4.3743,Moderate,1.896e-05,Very Low
43.5000_-81.0000,43.5,-81.0,7.6597,Moderate,1.896e-05,Very Low
43.5000_-80.5000,43.5,-80.5,9.7674,High,0.00015106,Low
43.5000_-80.0000,43.5,-80.0,11.7664,High,0.00053927,Low
43.5000_-79.5000,43.5,-79.5,11.6987,High,1.896e-05,Very Low
43.5000_-79.0000,43.5,-79.0,9.6302,High,1.896e-05,Very Low
43.5000_-65.5000,43.5,-65.5,0.2528,Very Low,0.01432781,High
44.0000_-82.0000,44.0,-82.0,3.6575,Low,1.896e-05,Very Low
44.0000_-81.5000,44.0,-81.5,0.4398,Very Low,7.416e-05,Low
44.0000_-81.0000,44.0,-81.0,0.8905,Very Low,1.896e-05,Very Low
44.0000_-80.5000,44.0,-80.5,2.7763,Low,1.896e-05,Very Low
44.0000_-80.0000,44.0,-80.0,6.9232,Moderate,0.00083832,Moderate
44.0000_-79.5000,44.0,-79.5,6.7253,Moderate,0.00083832,Moderate
44.0000_-79.0000,44.0,-79.0,8.8056,High,0.00083832,Moderate
44.0000_-78.5000,44.0,-78.5,7.6699,Moderate,0.00083832,Moderate
44.0000_-78.0000,44.0,-78.0,9.3689,High,0.00083832,Moderate
44.0000_-77.5000,44.0,-77.5,10.3146,High,0.00083832,Moderate
44.0000_-77.0000,44.0,-77.0,15.0749,High,0.00083832,Moderate
44.0000_-76.5000,44.0,-76.5,11.9364,High,1.896e-05,Very Low
44.0000_-66.0000,44.0,-66.0,0.18,Very Low,0.01996567,High
44.0000_-65.5000,44.0,-65.5,0.2954,Very Low,0.01996567,High
44.0000_-65.0000,44.0,-65.0,0.3714,Very Low,0.01996567,High
44.0000_-60.0000,44.0,-60.0,2.9082,Low,7.416e-05,Low
44.5000_-82.0000,44.5,-82.0,4.5564,Moderate,1.896e-05,Very Low
44.5000_-81.5000,44.5,-81.5,5.467,Moderate,0.00053927,Low
44.5000_-81.0000,44.5,-81.0,0.155,Very Low,0.00053927,Low
44.5000_-80.5000,44.5,-80.5,0.4609,Very Low,1.896e-05,Very Low
44.5000_-80.0000,44.5,-80.0,0.6428,Very Low,0.00068534,Low
44.5000_-79.5000,44.5,-79.5,4.9964,Moderate,0.00083832,Moderate
44.5000_-79.0000,44.5,-79.0,4.5337,Moderate,0.0054932,Moderate
44.5000_-78.5000,44.5,-78.5,10.2174,High,0.00770915,Moderate
44.5000_-78.0000,44.5,-78.0,7.4244,Moderate,0.01432781,High
44.5000_-77.5000,44.5,-77.5,8.4077,High,0.0054932,Moderate
44.5000_-77.0000,44.5,-77.0,7.6459,Moderate,0.00140231,Moderate
44.5000_-76.5000,44.5,-76.5,7.6477,Moderate,0.00083832,Moderate
44.5000_-76.0000,44.5,-76.0,8.598,High,0.00697906,Moderate
44.5000_-66.0000,44.5,-66.0,0.0794,Very Low,0.00586819,Moderate
44.5000_-65.5000,44.5,-65.5,0.1344,Very Low,0.00770915,Moderate
44.5000_-65.0000,44.5,-65.0,0.3834,Very Low,0.01926164,High
44.5000_-64.5000,44.5,-64.5,0.4745,Very Low,0.01432781,High
44.5000_-64.0000,44.5,-64.0,0.3613,Very Low,0.00586819,Moderate
44.5000_-63.5000,44.5,-63.5,0.3588,Very Low,0.01040092,Moderate
45.0000_-82.5000,45.0,-82.5,2.8407,Low,1.896e-05,Very Low
45.0000_-82.0000,45.0,-82.0,3.1147,Low,1.896e-05,Very Low
45.0000_-81.5000,45.0,-81.5,5.2456,Moderate,0.00083832,Moderate
45.0000_-81.0000,45.0,-81.0,2.8103,Low,0.00068534,Low
45.0000_-80.5000,45.0,-80.5,2.9658,Low,0.00068534,Low
45.0000_-80.0000,45.0,-80.0,4.5366,Moderate,0.02281652,High
45.0000_-79.5000,45.0,-79.5,2.2345,Low,0.01996567,High
45.0000_-79.0000,45.0,-79.0,2.1444,Low,0.02704935,High
45.0000_-78.5000,45.0,-78.5,2.4961,Low,0.01432781,High
45.0000_-78.0000,45.0,-78.0,3.992,Low,0.00770915,Moderate
45.0000_-77.5000,45.0,-77.5,5.9846,Moderate,0.04267782,High
45.0000_-77.0000,45.0,-77.0,6.5828,Moderate,0.047139,High
45.0000_-76.5000,45.0,-76.5,7.2142,Moderate,0.01377744,High
45.0000_-76.0000,45.0,-76.0,7.4168,Moderate,0.00083832,Moderate
45.0000_-75.5000,45.0,-75.5,7.8272,Moderate,0.00068534,Low
45.0000_-75.0000,45.0,-75.0,6.2815,Moderate,0.00083832,Moderate
45.0000_-74.5000,45.0,-74.5,3.6831,Low,0.00105241,Moderate
45.0000_-74.0000,45.0,-74.0,0.9653,Very Low,0.0054932,Moderate
45.0000_-73.5000,45.0,-73.5,3.2592,Low,0.00140231,Moderate
45.0000_-73.0000,45.0,-73.0,0.9824,Very Low,0.00105241,Moderate
45.0000_-72.5000,45.0,-72.5,0.5045,Very Low,0.02154918,High
45.0000_-72.0000,45.0,-72.0,0.5067,Very Low,0.00586819,Moderate
45.0000_-71.5000,45.0,-71.5,0.7706,Very Low,0.00139077,Moderate
45.0000_-67.0000,45.0,-67.0,0.5052,Very Low,0.02281652,High
45.0000_-66.5000,45.0,-66.5,0.2744,Very Low,0.01250206,High
45.0000_-65.0000,45.0,-65.0,0.2999,Very Low,0.01996567,High
45.0000_-64.5000,45.0,-64.5,0.4392,Very Low,0.02154918,High
45.0000_-64.0000,45.0,-64.0,0.5251,Very Low,0.02154918,High
45.0000_-63.5000,45.0,-63.5,0.5007,Very Low,0.02154918,High
45.0000_-63.0000,45.0,-63.0,0.3997,Very Low,0.01649175,High
45.0000_-62.5000,45.0,-62.5,0.4909,Very Low,0.00243473,Moderate
45.0000_-62.0000,45.0,-62.0,0.5,Very Low,0.00139077,Moderate
45.5000_-83.0000,45.5,-83.0,0.455,Very Low,1.896e-05,Very Low
45.5000_-82.5000,45.5,-82.5,0.5503,Very Low,1.896e-05,Very Low
45.5000_-82.0000,45.5,-82.0,2.8125,Low,0.00083832,Moderate
45.5000_-81.5000,45.5,-81.5,4.3342,Moderate,0.00105241,Moderate
45.5000_-81.0000,45.5,-81.0,6.3302,Moderate,1.896e-05,Very Low
45.5000_-80.5000,45.5,-80.5,11.7495,High,0.02154918,High
45.5000_-80.0000,45.5,-80.0,3.4745,Low,0.02704935,High
45.5000_-79.5000,45.5,-79.5,2.9055,Low,0.00355104,Moderate
45.5000_-79.0000,45.5,-79.0,2.3215,Low,0.03702563,High
45.5000_-78.5000,45.5,-78.5,2.522,Low,0.047139,High
45.5000_-78.0000,45.5,-78.0,2.6818,Low,0.01996567,High
45.5000_-77.5000,45.5,-77.5,3.7719,Low,0.01250206,High
45.5000_-77.0000,45.5,-77.0,6.9497,Moderate,0.00355104,Moderate
45.5000_-76.5000,45.5,-76.5,10.5788,High,0.02704935,High
45.5000_-76.0000,45.5,-76.0,5.7851,Moderate,0.05369128,High
45.5000_-75.5000,45.5,-75.5,6.3949,Moderate,0.04267782,High
45.5000_-75.0000,45.5,-75.0,4.2548,Moderate,0.00697906,Moderate
45.5000_-74.5000,45.5,-74.5,3.8102,Low,0.04267782,High
45.5000_-74.0000,45.5,-74.0,0.9302,Very Low,0.02474645,High
45.5000_-73.5000,45.5,-73.5,5.7552,Moderate,0.01250206,High
45.5000_-73.0000,45.5,-73.0,0.7246,Very Low,0.02154918,High
45.5000_-72.5000,45.5,-72.5,0.5414,Very Low,0.03276447,High
45.5000_-72.0000,45.5,-72.0,0.6474,Very Low,0.02474645,High
45.5000_-71.5000,45.5,-71.5,0.6099,Very Low,0.00697906,Moderate
45.5000_-71.0000,45.5,-71.0,0.5548,Very Low,0.00586819,Moderate
45.5000_-67.5000,45.5,-67.5,0.9636,Very Low,0.03276447,High
45.5000_-67.0000,45.5,-67.0,0.774,Very Low,0.03276447,High
45.5000_-66.5000,45.5,-66.5,0.8944,Very Low,0.03276447,High
45.5000_-66.0000,45.5,-66.0,0.7064,Very Low,0.02704935,High
45.5000_-65.5000,45.5,-65.5,0.398,Very Low,0.01996567,High
45.5000_-65.0000,45.5,-65.0,0.1053,Very Low,0.00083832,Moderate
45.5000_-64.5000,45.5,-64.5,0.487,Very Low,0.01996567,High
45.5000_-64.0000,45.5,-64.0,0.4843,Very Low,0.01996567,High
45.5000_-63.5000,45.5,-63.5,0.5144,Very Low,0.01432781,High
45.5000_-63.0000,45.5,-63.0,0.4943,Very Low,0.01996567,High
45.5000_-62.5000,45.5,-62.5,0.451,Very Low,0.01432781,High
45.5000_-62.0000,45.5,-62.0,0.453,Very Low,0.01040092,Moderate
45.5000_-61.5000,45.5,-61.5,0.4296,Very Low,0.00617284,Moderate
45.5000_-61.0000,45.5,-61.0,0.2572,Very Low,0.00333659,Moderate
46.0000_-84.0000,46.0,-84.0,0.3395,Very Low,1.896e-05,Very Low
46.0000_-83.5000,46.0,-83.5,0.0776,Very Low,7.416e-05,Low
46.0000_-83.0000,46.0,-83.0,0.2089,Very Low,0.00068534,Low
46.0000_-82.5000,46.0,-82.5,0.954,Very Low,0.00083832,Moderate
46.0000_-82.0000,46.0,-82.0,1.8067,Very Low,0.01996567,High
46.0000_-81.5000,46.0,-81.5,0.475,Very Low,0.02474645,High
46.0000_-81.0000,46.0,-81.0,2.792,Low,0.03450564,High
46.0000_-80.5000,46.0,-80.5,3.1309,Low,0.03276447,High
46.0000_-80.0000,46.0,-80.0,2.7629,Low,0.03276447,High
46.0000_-79.5000,46.0,-79.5,1.1839,Very Low,0.00770915,Moderate
46.0000_-79.0000,46.0,-79.0,2.725,Low,0.01250206,High
46.0000_-78.5000,46.0,-78.5,1.8813,Very Low,0.01996567,High
46.0000_-78.0000,46.0,-78.0,2.0373,Low,0.047139,High
46.0000_-77.5000,46.0,-77.5,2.1352,Low,0.04267782,High
46.0000_-77.0000,46.0,-77.0,3.1734,Low,0.03276447,High
46.0000_-76.5000,46.0,-76.5,4.4757,Moderate,0.03702563,High
46.0000_-76.0000,46.0,-76.0,5.1393,Moderate,0.0540013,High
46.0000_-75.5000,46.0,-75.5,4.536,Moderate,0.03702563,High
46.0000_-75.0000,46.0,-75.0,3.824,Low,0.03657881,High
46.0000_-74.5000,46.0,-74.5,4.1493,Moderate,0.04267782,High
46.0000_-74.0000,46.0,-74.0,2.7361,Low,0.03657881,High
46.0000_-73.5000,46.0,-73.5,5.0875,Moderate,0.04267782,High
46.0000_-73.0000,46.0,-73.0,3.4871,Low,0.00586819,Moderate
46.0000_-72.5000,46.0,-72.5,4.0794,Moderate,0.02068278,High
46.0000_-72.0000,46.0,-72.0,1.9629,Very Low,0.0171844,High
46.0000_-71.5000,46.0,-71.5,3.0026,Low,0.01996567,High
46.0000_-71.0000,46.0,-71.0,4.1772,Moderate,0.01996567,High
46.0000_-70.5000,46.0,-70.5,5.423,Moderate,0.01056092,High
46.0000_-67.5000,46.0,-67.5,1.6439,Very Low,0.03450564,High
46.0000_-67.0000,46.0,-67.0,0.7481,Very Low,0.02704935,High
46.0000_-66.5000,46.0,-66.5,0.7508,Very Low,0.02704935,High
46.0000_-66.0000,46.0,-66.0,0.6153,Very Low,0.02474645,High
46.0000_-65.5000,46.0,-65.5,0.7579,Very Low,0.02474645,High
46.0000_-65.0000,46.0,-65.0,0.6427,Very Low,0.02704935,High
46.0000_-64.5000,46.0,-64.5,0.6528,Very Low,0.02154918,High
46.0000_-64.0000,46.0,-64.0,0.6042,Very Low,0.01996567,High
46.0000_-63.0000,46.0,-63.0,0.4066,Very Low,0.00140231,Moderate
46.0000_-62.5000,46.0,-62.5,0.5286,Very Low,0.00105241,Moderate
46.0000_-61.5000,46.0,-61.5,0.3651,Very Low,0.00355104,Moderate
46.0000_-61.0000,46.0,-61.0,0.6294,Very Low,0.0054932,Moderate
46.0000_-60.5000,46.0,-60.5,0.1282,Very Low,0.01102536,High
46.0000_-60.0000,46.0,-60.0,0.0841,Very Low,0.01432781,High
46.5000_-84.5000,46.5,-84.5,0.0005,Very Low,0.00243473,Moderate
46.5000_-84.0000,46.5,-84.0,0.0036,Very Low,0.01996567,High
46.5000_-83.5000,46.5,-83.5,0.0118,Very Low,0.00586819,Moderate
46.5000_-83.0000,46.5,-83.0,0.0003,Very Low,0.00355104,Moderate
46.5000_-82.5000,46.5,-82.5,0.0025,Very Low,0.00932712,Moderate
46.5000_-82.0000,46.5,-82.0,0.0068,Very Low,0.00632347,Moderate
46.5000_-81.5000,46.5,-81.5,0.0592,Very Low,0.02281652,High
46.5000_-81.0000,46.5,-81.0,0.322,Very Low,0.02474645,High
46.5000_-80.5000,46.5,-80.5,0.4337,Very Low,0.02281652,High
46.5000_-80.0000,46.5,-80.0,0.4573,Very Low,0.01996567,High
46.5000_-79.5000,46.5,-79.5,0.5707,Very Low,0.02281652,High
46.5000_-79.0000,46.5,-79.0,0.489,Very Low,0.03276447,High
46.5000_-78.5000,46.5,-78.5,0.4867,Very Low,0.02704935,High
46.5000_-78.0000,46.5,-78.0,0.3882,Very Low,0.00632347,Moderate
46.5000_-77.5000,46.5,-77.5,1.1246,Very Low,0.01040092,Moderate
46.5000_-77.0000,46.5,-77.0,3.639,Low,0.00973957,Moderate
46.5000_-76.5000,46.5,-76.5,4.5687,Moderate,0.01250206,High
46.5000_-76.0000,46.5,-76.0,5.4356,Moderate,0.0540013,High
46.5000_-75.5000,46.5,-75.5,6.7354,Moderate,0.047139,High
46.5000_-75.0000,46.5,-75.0,6.0446,Moderate,0.03450564,High
46.5000_-74.5000,46.5,-74.5,4.3148,Moderate,0.01432781,High
46.5000_-74.0000,46.5,-74.0,3.5838,Low,0.03702563,High
46.5000_-73.5000,46.5,-73.5,2.5952,Low,0.04267782,High
46.5000_-73.0000,46.5,-73.0,0.7634,Very Low,0.03657881,High
46.5000_-72.5000,46.5,-72.5,0.6588,Very Low,0.03367698,High
46.5000_-72.0000,46.5,-72.0,0.587,Very Low,0.00734049,Moderate
46.5000_-71.5000,46.5,-71.5,1.9435,Very Low,0.02281652,High
46.5000_-71.0000,46.5,-71.0,1.1954,Very Low,0.01432781,High
46.5000_-70.5000,46.5,-70.5,3.5714,Low,0.00243473,Moderate
46.5000_-70.0000,46.5,-70.0,4.6065,Moderate,0.0023586,Moderate
46.5000_-67.5000,46.5,-67.5,1.9002,Very Low,0.03276447,High
46.5000_-67.0000,46.5,-67.0,2.2613,Low,0.01040092,Moderate
46.5000_-66.5000,46.5,-66.5,0.9526,Very Low,0.01377744,High
46.5000_-66.0000,46.5,-66.0,2.5597,Low,0.03450564,High
46.5000_-65.5000,46.5,-65.5,3.1126,Low,0.01996567,High
46.5000_-65.0000,46.5,-65.0,3.8008,Low,0.03657881,High
46.5000_-64.0000,46.5,-64.0,0.7607,Very Low,0.00140231,Moderate
46.5000_-63.5000,46.5,-63.5,0.7172,Very Low,0.00105241,Moderate
46.5000_-63.0000,46.5,-63.0,0.0558,Very Low,0.00083832,Moderate
46.5000_-62.5000,46.5,-62.5,0.0109,Very Low,0.00083832,Moderate
46.5000_-62.0000,46.5,-62.0,0.0165,Very Low,0.00083832,Moderate
46.5000_-61.0000,46.5,-61.0,0.0559,Very Low,0.0023586,Moderate
46.5000_-60.5000,46.5,-60.5,0.0792,Very Low,0.00973957,Moderate
47.0000_-85.0000,47.0,-85.0,0.0511,Very Low,0.00068534,Low
47.0000_-84.5000,47.0,-84.5,0.0,Very Low,0.00932712,Moderate
47.0000_-84.0000,47.0,-84.0,0.0045,Very Low,0.00355104,Moderate
47.0000_-83.5000,47.0,-83.5,0.0119,Very Low,0.00333659,Moderate
47.0000_-83.0000,47.0,-83.0,0.012,Very Low,0.00105241,Moderate
47.0000_-82.5000,47.0,-82.5,0.0339,Very Low,0.0054932,Moderate
47.0000_-82.0000,47.0,-82.0,0.0161,Very Low,0.00770915,Moderate
47.0000_-81.5000,47.0,-81.5,0.0825,Very Low,0.00586819,Moderate
47.0000_-81.0000,47.0,-81.0,0.0274,Very Low,0.01432781,High
47.0000_-80.5000,47.0,-80.5,0.3261,Very Low,0.02154918,High
47.0000_-80.0000,47.0,-80.0,0.6724,Very Low,0.01432781,High
47.0000_-79.5000,47.0,-79.5,0.8843,Very Low,0.02698651,High
47.0000_-79.0000,47.0,-79.0,0.5177,Very Low,0.01996567,High
47.0000_-78.5000,47.0,-78.5,0.4055,Very Low,0.00139077,Moderate
47.0000_-78.0000,47.0,-78.0,0.771,Very Low,0.00139077,Moderate
47.0000_-77.5000,47.0,-77.5,1.6919,Very Low,0.00355104,Moderate
47.0000_-77.0000,47.0,-77.0,4.2511,Moderate,0.01250206,High
47.0000_-76.5000,47.0,-76.5,3.4934,Low,0.01040092,Moderate
47.0000_-76.0000,47.0,-76.0,5.3331,Moderate,0.00355104,Moderate
47.0000_-75.5000,47.0,-75.5,4.699,Moderate,0.01040092,Moderate
47.0000_-75.0000,47.0,-75.0,0.9065,Very Low,0.00105241,Moderate
47.0000_-74.5000,47.0,-74.5,5.1589,Moderate,0.00697906,Moderate
47.0000_-74.0000,47.0,-74.0,6.0911,Moderate,0.01056092,High
47.0000_-73.5000,47.0,-73.5,4.1762,Moderate,0.01377744,High
47.0000_-73.0000,47.0,-73.0,3.3622,Low,0.03657881,High
47.0000_-72.5000,47.0,-72.5,0.7585,Very Low,0.00770915,Moderate
47.0000_-72.0000,47.0,-72.0,0.5647,Very Low,0.01432781,High
47.0000_-71.5000,47.0,-71.5,0.5874,Very Low,0.02704935,High
47.0000_-71.0000,47.0,-71.0,0.9143,Very Low,0.01377744,High
47.0000_-70.5000,47.0,-70.5,0.1335,Very Low,0.00140231,Moderate
47.0000_-70.0000,47.0,-70.0,0.5261,Very Low,0.00632347,Moderate
47.0000_-67.5000,47.0,-67.5,1.0292,Very Low,0.04938272,High
47.0000_-67.0000,47.0,-67.0,0.451,Very Low,0.00333659,Moderate
47.0000_-66.5000,47.0,-66.5,3.5262,Low,0.01377744,High
47.0000_-66.0000,47.0,-66.0,3.2892,Low,0.047139,High
47.0000_-65.5000,47.0,-65.5,2.4144,Low,0.047139,High
47.0000_-65.0000,47.0,-65.0,3.1744,Low,0.04267782,High
47.0000_-64.0000,47.0,-64.0,2.1878,Low,0.00139077,Moderate
47.0000_-60.5000,47.0,-60.5,0.112,Very Low,0.00083832,Moderate
47.0000_-56.0000,47.0,-56.0,0.0047,Very Low,0.00083832,Moderate
47.0000_-55.5000,47.0,-55.5,0.0736,Very Low,0.00083832,Moderate
47.0000_-55.0000,47.0,-55.0,0.013,Very Low,0.00139077,Moderate
47.0000_-54.0000,47.0,-54.0,0.0483,Very Low,0.0054932,Moderate
47.0000_-53.5000,47.0,-53.5,0.0126,Very Low,0.00105241,Moderate
47.0000_-53.0000,47.0,-53.0,0.0455,Very Low,0.00333659,Moderate
47.5000_-86.5000,47.5,-86.5,0.0541,Very Low,1.896e-05,Very Low
47.5000_-86.0000,47.5,-86.0,0.079,Very Low,1.896e-05,Very Low
47.5000_-85.5000,47.5,-85.5,0.0726,Very Low,1.896e-05,Very Low
47.5000_-85.0000,47.5,-85.0,0.04,Very Low,0.00068534,Low
47.5000_-84.5000,47.5,-84.5,0.003,Very Low,0.00139077,Moderate
47.5000_-84.0000,47.5,-84.0,0.005,Very Low,0.00083832,Moderate
47.5000_-83.5000,47.5,-83.5,0.0002,Very Low,0.00141978,Moderate
47.5000_-83.0000,47.5,-83.0,0.0013,Very Low,0.0023586,Moderate
47.5000_-82.5000,47.5,-82.5,0.0753,Very Low,0.00586819,Moderate
47.5000_-82.0000,47.5,-82.0,0.0841,Very Low,0.00355104,Moderate
47.5000_-81.5000,47.5,-81.5,0.1473,Very Low,0.00140231,Moderate
47.5000_-81.0000,47.5,-81.0,0.3163,Very Low,0.00141978,Moderate
47.5000_-80.5000,47.5,-80.5,0.5073,Very Low,0.00697906,Moderate
47.5000_-80.0000,47.5,-80.0,2.9687,Low,0.02704935,High
47.5000_-79.5000,47.5,-79.5,4.7906,Moderate,0.02068278,High
47.5000_-79.0000,47.5,-79.0,1.4645,Very Low,0.00697906,Moderate
47.5000_-78.5000,47.5,-78.5,0.516,Very Low,0.00632347,Moderate
47.5000_-78.0000,47.5,-78.0,0.6926,Very Low,0.00083832,Moderate
47.5000_-77.5000,47.5,-77.5,1.8321,Very Low,0.0023586,Moderate
47.5000_-77.0000,47.5,-77.0,2.295,Low,0.0023586,Moderate
47.5000_-76.5000,47.5,-76.5,1.205,Very Low,0.00333659,Moderate
47.5000_-76.0000,47.5,-76.0,0.9829,Very Low,0.0023586,Moderate
47.5000_-75.5000,47.5,-75.5,1.5555,Very Low,0.00139077,Moderate
47.5000_-75.0000,47.5,-75.0,2.5563,Low,0.0023586,Moderate
47.5000_-74.5000,47.5,-74.5,0.9975,Very Low,0.00083832,Moderate
47.5000_-74.0000,47.5,-74.0,0.8577,Very Low,0.00083832,Moderate
47.5000_-73.5000,47.5,-73.5,0.7207,Very Low,0.00083832,Moderate
47.5000_-73.0000,47.5,-73.0,0.6173,Very Low,0.02474645,High
47.5000_-72.5000,47.5,-72.5,0.5695,Very Low,0.0054932,Moderate
47.5000_-72.0000,47.5,-72.0,0.5515,Very Low,0.00068534,Low
47.5000_-71.5000,47.5,-71.5,0.254,Very Low,0.00053927,Low
47.5000_-71.0000,47.5,-71.0,0.2852,Very Low,0.00105241,Moderate
47.5000_-70.5000,47.5,-70.5,0.4874,Very Low,0.0054932,Moderate
47.5000_-70.0000,47.5,-70.0,0.0814,Very Low,0.00305399,Moderate
47.5000_-69.5000,47.5,-69.5,0.0267,Very Low,0.00083832,Moderate
47.5000_-69.0000,47.5,-69.0,0.0211,Very Low,0.00355104,Moderate
47.5000_-68.5000,47.5,-68.5,0.0126,Very Low,0.02154918,High
47.5000_-68.0000,47.5,-68.0,0.047,Very Low,0.01996567,High
47.5000_-67.5000,47.5,-67.5,0.0559,Very Low,0.01432781,High
47.5000_-67.0000,47.5,-67.0,0.0757,Very Low,0.00770915,Moderate
47.5000_-66.5000,47.5,-66.5,0.2757,Very Low,0.01056092,High
47.5000_-66.0000,47.5,-66.0,0.6045,Very Low,0.03657881,High
47.5000_-65.5000,47.5,-65.5,0.6802,Very Low,0.04265403,High
47.5000_-65.0000,47.5,-65.0,2.8463,Low,0.03657881,High
47.5000_-61.5000,47.5,-61.5,0.1664,Very Low,7.416e-05,Low
47.5000_-59.0000,47.5,-59.0,0.0313,Very Low,7.416e-05,Low
47.5000_-57.0000,47.5,-57.0,0.0131,Very Low,0.00053927,Low
47.5000_-56.0000,47.5,-56.0,0.0942,Very Low,0.00068534,Low
47.5000_-55.5000,47.5,-55.5,0.1089,Very Low,0.00105241,Moderate
47.5000_-55.0000,47.5,-55.0,0.0131,Very Low,0.00083832,Moderate
47.5000_-54.5000,47.5,-54.5,0.0582,Very Low,0.00068534,Low
47.5000_-54.0000,47.5,-54.0,0.0074,Very Low,0.00139077,Moderate
47.5000_-53.5000,47.5,-53.5,0.1351,Very Low,0.02281652,High
47.5000_-53.0000,47.5,-53.0,0.06,Very Low,0.03276447,High
47.5000_-52.5000,47.5,-52.5,0.0294,Very Low,0.01250206,High
48.0000_-91.5000,48.0,-91.5,0.041,Very Low,0.00632347,Moderate
48.0000_-90.5000,48.0,-90.5,0.0082,Very Low,0.00139077,Moderate
48.0000_-90.0000,48.0,-90.0,0.1522,Very Low,0.00586819,Moderate
48.0000_-89.5000,48.0,-89.5,2.1311,Low,0.00139077,Moderate
48.0000_-87.5000,48.0,-87.5,1.1691,Very Low,1.896e-05,Very Low
48.0000_-87.0000,48.0,-87.0,1.5631,Very Low,1.896e-05,Very Low
48.0000_-86.5000,48.0,-86.5,0.1778,Very Low,1.896e-05,Very Low
48.0000_-86.0000,48.0,-86.0,0.0845,Very Low,0.00083832,Moderate
48.0000_-85.5000,48.0,-85.5,0.0518,Very Low,0.00105241,Moderate
48.0000_-85.0000,48.0,-85.0,0.0015,Very Low,0.00083832,Moderate
48.0000_-84.5000,48.0,-84.5,0.0469,Very Low,0.00333659,Moderate
48.0000_-84.0000,48.0,-84.0,0.0002,Very Low,0.00083832,Moderate
48.0000_-83.5000,48.0,-83.5,0.002,Very Low,0.01432781,High
48.0000_-83.0000,48.0,-83.0,0.0958,Very Low,0.00068534,Low
48.0000_-82.5000,48.0,-82.5,0.5224,Very Low,0.00083832,Moderate
48.0000_-82.0000,48.0,-82.0,0.5941,Very Low,0.01432781,High
48.0000_-81.5000,48.0,-81.5,0.8051,Very Low,0.00083832,Moderate
48.0000_-81.0000,48.0,-81.0,0.8176,Very Low,0.00611154,Moderate
48.0000_-80.5000,48.0,-80.5,0.3108,Very Low,0.00586819,Moderate
48.0000_-80.0000,48.0,-80.0,0.613,Very Low,0.01432781,High
48.0000_-79.5000,48.0,-79.5,0.806,Very Low,0.01996567,High
48.0000_-79.0000,48.0,-79.0,0.8073,Very Low,0.01996567,High
48.0000_-78.5000,48.0,-78.5,1.1671,Very Low,0.0054932,Moderate
48.0000_-78.0000,48.0,-78.0,2.2958,Low,0.02281652,High
48.0000_-77.5000,48.0,-77.5,0.8709,Very Low,0.02154918,High
48.0000_-77.0000,48.0,-77.0,0.9625,Very Low,0.0054932,Moderate
48.0000_-76.5000,48.0,-76.5,0.6056,Very Low,0.00105241,Moderate
48.0000_-76.0000,48.0,-76.0,0.5537,Very Low,0.00083832,Moderate
48.0000_-75.5000,48.0,-75.5,0.9129,Very Low,0.00770915,Moderate
48.0000_-75.0000,48.0,-75.0,0.6553,Very Low,0.00083832,Moderate
48.0000_-74.5000,48.0,-74.5,0.7608,Very Low,0.00770915,Moderate
48.0000_-74.0000,48.0,-74.0,0.9213,Very Low,0.00140231,Moderate
48.0000_-73.5000,48.0,-73.5,0.7854,Very Low,0.00139077,Moderate
48.0000_-73.0000,48.0,-73.0,0.5682,Very Low,0.0023586,Moderate
48.0000_-72.5000,48.0,-72.5,0.7861,Very Low,0.0023586,Moderate
48.0000_-72.0000,48.0,-72.0,0.4844,Very Low,0.00083832,Moderate
48.0000_-71.5000,48.0,-71.5,0.1604,Very Low,0.00068534,Low
48.0000_-71.0000,48.0,-71.0,0.3548,Very Low,0.00305399,Moderate
48.0000_-70.5000,48.0,-70.5,0.0723,Very Low,0.00140231,Moderate
48.0000_-70.0000,48.0,-70.0,0.4795,Very Low,0.00770915,Moderate
48.0000_-69.5000,48.0,-69.5,0.5969,Very Low,0.00632347,Moderate
48.0000_-69.0000,48.0,-69.0,0.255,Very Low,0.00734049,Moderate
48.0000_-68.5000,48.0,-68.5,0.5052,Very Low,0.00333659,Moderate
48.0000_-68.0000,48.0,-68.0,0.5164,Very Low,0.00305399,Moderate
48.0000_-67.5000,48.0,-67.5,0.1542,Very Low,0.0023586,Moderate
48.0000_-67.0000,48.0,-67.0,0.414,Very Low,0.01250206,High
48.0000_-66.5000,48.0,-66.5,0.7506,Very Low,0.04267782,High
48.0000_-66.0000,48.0,-66.0,0.6015,Very Low,0.02281652,High
48.0000_-65.5000,48.0,-65.5,0.5732,Very Low,0.00770915,Moderate
48.0000_-64.5000,48.0,-64.5,0.7632,Very Low,0.02704935,High
48.0000_-59.0000,48.0,-59.0,0.0659,Very Low,0.00305399,Moderate
48.0000_-58.5000,48.0,-58.5,0.0987,Very Low,0.00083832,Moderate
48.0000_-58.0000,48.0,-58.0,0.1009,Very Low,0.00068534,Low
48.0000_-57.5000,48.0,-57.5,0.1857,Very Low,0.00083832,Moderate
48.0000_-57.0000,48.0,-57.0,0.175,Very Low,1.896e-05,Very Low
48.0000_-56.5000,48.0,-56.5,0.1968,Very Low,0.00053927,Low
48.0000_-56.0000,48.0,-56.0,0.2023,Very Low,0.00105241,Moderate
48.0000_-55.5000,48.0,-55.5,0.1194,Very Low,0.00068534,Low
48.0000_-55.0000,48.0,-55.0,0.0743,Very Low,0.00053927,Low
48.0000_-54.5000,48.0,-54.5,0.1273,Very Low,0.00068534,Low
48.0000_-54.0000,48.0,-54.0,0.1648,Very Low,0.0023586,Moderate
48.0000_-53.5000,48.0,-53.5,0.1635,Very Low,0.00105241,Moderate
48.0000_-53.0000,48.0,-53.0,0.5568,Very Low,0.01432781,High
48.5000_-124.5000,48.5,-124.5,0.5649,Very Low,0.00770915,Moderate
48.5000_-124.0000,48.5,-124.0,6.3526,Moderate,0.10967256,High
48.5000_-123.5000,48.5,-123.5,9.4037,High,0.14174589,High
48.5000_-93.5000,48.5,-93.5,0.0351,Very Low,0.00896526,Moderate
48.5000_-92.5000,48.5,-92.5,0.0724,Very Low,0.00243473,Moderate
48.5000_-92.0000,48.5,-92.0,0.0014,Very Low,0.0054932,Moderate
48.5000_-91.5000,48.5,-91.5,0.24,Very Low,0.01102536,High
48.5000_-91.0000,48.5,-91.0,0.0198,Very Low,0.00697906,Moderate
48.5000_-90.5000,48.5,-90.5,0.0422,Very Low,0.0023586,Moderate
48.5000_-90.0000,48.5,-90.0,0.2119,Very Low,0.01040092,Moderate
48.5000_-89.5000,48.5,-89.5,0.2429,Very Low,0.01996567,High
48.5000_-89.0000,48.5,-89.0,0.9595,Very Low,0.02068278,High
48.5000_-88.5000,48.5,-88.5,2.4854,Low,0.0054932,Moderate
48.5000_-88.0000,48.5,-88.0,0.8616,Very Low,0.00083832,Moderate
48.5000_-87.5000,48.5,-87.5,0.3605,Very Low,1.896e-05,Very Low
48.5000_-87.0000,48.5,-87.0,2.7954,Low,0.00018179,Low
48.5000_-86.5000,48.5,-86.5,0.2513,Very Low,0.00068534,Low
48.5000_-86.0000,48.5,-86.0,0.239,Very Low,0.00139077,Moderate
48.5000_-85.5000,48.5,-85.5,1.1384,Very Low,0.03276447,High
48.5000_-85.0000,48.5,-85.0,0.747,Very Low,0.02154918,High
48.5000_-84.5000,48.5,-84.5,0.1949,Very Low,0.00140231,Moderate
48.5000_-84.0000,48.5,-84.0,0.0009,Very Low,0.00083832,Moderate
48.5000_-83.5000,48.5,-83.5,0.1031,Very Low,0.00083832,Moderate
48.5000_-83.0000,48.5,-83.0,0.3792,Very Low,0.00243473,Moderate
48.5000_-82.5000,48.5,-82.5,0.251,Very Low,0.00083832,Moderate
48.5000_-82.0000,48.5,-82.0,0.3421,Very Low,0.00083832,Moderate
48.5000_-81.5000,48.5,-81.5,0.1427,Very Low,0.00140231,Moderate
48.5000_-81.0000,48.5,-81.0,1.2862,Very Low,0.00105241,Moderate
48.5000_-80.5000,48.5,-80.5,0.9111,Very Low,0.00083832,Moderate
48.5000_-80.0000,48.5,-80.0,2.5313,Low,0.00333659,Moderate
48.5000_-79.5000,48.5,-79.5,0.489,Very Low,0.00083832,Moderate
48.5000_-79.0000,48.5,-79.0,0.6779,Very Low,0.01056092,High
48.5000_-78.5000,48.5,-78.5,0.6453,Very Low,0.00586819,Moderate
48.5000_-78.0000,48.5,-78.0,1.8267,Very Low,0.01432781,High
48.5000_-77.5000,48.5,-77.5,2.6061,Low,0.01649175,High
48.5000_-77.0000,48.5,-77.0,1.5651,Very Low,0.00770915,Moderate
48.5000_-76.5000,48.5,-76.5,1.2156,Very Low,0.00140231,Moderate
48.5000_-76.0000,48.5,-76.0,0.995,Very Low,0.00139077,Moderate
48.5000_-75.5000,48.5,-75.5,0.5577,Very Low,0.00333659,Moderate
48.5000_-75.0000,48.5,-75.0,3.0257,Low,0.00305399,Moderate
48.5000_-74.5000,48.5,-74.5,1.5095,Very Low,0.00140231,Moderate
48.5000_-74.0000,48.5,-74.0,0.8995,Very Low,0.00083832,Moderate
48.5000_-73.5000,48.5,-73.5,0.7714,Very Low,0.00770915,Moderate
48.5000_-73.0000,48.5,-73.0,0.59,Very Low,0.00355104,Moderate
48.5000_-72.5000,48.5,-72.5,0.6908,Very Low,0.01432781,High
48.5000_-72.0000,48.5,-72.0,1.1948,Very Low,0.00333659,Moderate
48.5000_-71.5000,48.5,-71.5,0.4404,Very Low,0.01040092,Moderate
48.5000_-71.0000,48.5,-71.0,0.4934,Very Low,0.02154918,High
48.5000_-70.5000,48.5,-70.5,0.4196,Very Low,0.00333659,Moderate
48.5000_-70.0000,48.5,-70.0,1.0895,Very Low,0.00333659,Moderate
48.5000_-69.5000,48.5,-69.5,1.0284,Very Low,0.02281652,High
48.5000_-68.5000,48.5,-68.5,0.0014,Very Low,0.0023586,Moderate
48.5000_-68.0000,48.5,-68.0,0.291,Very Low,0.00697906,Moderate
48.5000_-67.5000,48.5,-67.5,0.3579,Very Low,0.01996567,High
48.5000_-67.0000,48.5,-67.0,0.115,Very Low,0.00611154,Moderate
48.5000_-66.5000,48.5,-66.5,0.3281,Very Low,0.00068534,Low
48.5000_-66.0000,48.5,-66.0,0.3129,Very Low,0.00083832,Moderate
48.5000_-65.5000,48.5,-65.5,1.5208,Very Low,0.0023586,Moderate
48.5000_-65.0000,48.5,-65.0,3.332,Low,0.00333659,Moderate
48.5000_-64.5000,48.5,-64.5,1.7903,Very Low,0.01377744,High
48.5000_-59.0000,48.5,-59.0,0.2613,Very Low,0.00083832,Moderate
48.5000_-58.5000,48.5,-58.5,0.3969,Very Low,0.01056092,High
48.5000_-58.0000,48.5,-58.0,0.1701,Very Low,0.00083832,Moderate
48.5000_-57.5000,48.5,-57.5,0.2774,Very Low,0.00083832,Moderate
48.5000_-57.0000,48.5,-57.0,0.299,Very Low,0.00068534,Low
48.5000_-56.5000,48.5,-56.5,0.2473,Very Low,0.00140231,Moderate
48.5000_-56.0000,48.5,-56.0,0.1813,Very Low,0.00068534,Low
48.5000_-55.5000,48.5,-55.5,0.2663,Very Low,0.00140231,Moderate
48.5000_-55.0000,48.5,-55.0,0.0455,Very Low,0.00068534,Low
48.5000_-54.5000,48.5,-54.5,0.0209,Very Low,0.00083832,Moderate
48.5000_-54.0000,48.5,-54.0,0.0387,Very Low,0.00632347,Moderate
48.5000_-53.5000,48.5,-53.5,0.2555,Very Low,0.00243473,Moderate
48.5000_-53.0000,48.5,-53.0,0.5319,Very Low,0.00083832,Moderate
49.0000_-125.5000,49.0,-125.5,2.2415,Low,0.00896526,Moderate
49.0000_-125.0000,49.0,-125.0,1.2457,Very Low,0.03702563,High
49.0000_-124.5000,49.0,-124.5,2.8881,Low,0.04267782,High
49.0000_-124.0000,49.0,-124.0,4.2513,Moderate,0.0540013,High
49.0000_-123.5000,49.0,-123.5,5.1862,Moderate,0.03702563,High
49.0000_-123.0000,49.0,-123.0,3.6077,Low,0.02704935,High
49.0000_-122.5000,49.0,-122.5,7.1572,Moderate,0.01432781,High
49.0000_-122.0000,49.0,-122.0,0.7883,Very Low,0.02154918,High
49.0000_-121.5000,49.0,-121.5,0.3357,Very Low,0.047139,High
49.0000_-121.0000,49.0,-121.0,0.8216,Very Low,0.03702563,High
49.0000_-120.5000,49.0,-120.5,0.763,Very Low,0.07567568,High
49.0000_-120.0000,49.0,-120.0,0.0125,Very Low,0.03276447,High
49.0000_-119.5000,49.0,-119.5,0.2916,Very Low,0.05620805,High
49.0000_-119.0000,49.0,-119.0,0.0087,Very Low,0.03702563,High
49.0000_-118.5000,49.0,-118.5,0.0277,Very Low,0.04267782,High
49.0000_-118.0000,49.0,-118.0,0.0028,Very Low,0.03383363,High
49.0000_-117.5000,49.0,-117.5,0.0262,Very Low,0.03657881,High
49.0000_-117.0000,49.0,-117.0,0.0001,Very Low,0.02154918,High
49.0000_-116.5000,49.0,-116.5,0.2487,Very Low,0.03276447,High
49.0000_-116.0000,49.0,-116.0,0.0007,Very Low,0.00932712,Moderate
49.0000_-115.5000,49.0,-115.5,0.0,Very Low,0.00973957,Moderate
49.0000_-115.0000,49.0,-115.0,0.0,Very Low,0.00333659,Moderate
49.0000_-114.5000,49.0,-114.5,0.0594,Very Low,0.00697906,Moderate
49.0000_-114.0000,49.0,-114.0,0.0001,Very Low,0.00139077,Moderate
49.0000_-113.5000,49.0,-113.5,0.0,Very Low,0.00068534,Low
49.0000_-113.0000,49.0,-113.0,0.0139,Very Low,0.00018179,Low
49.0000_-112.5000,49.0,-112.5,0.0431,Very Low,0.00015106,Low
49.0000_-112.0000,49.0,-112.0,1.8994,Very Low,7.416e-05,Low
49.0000_-111.5000,49.0,-111.5,1.2667,Very Low,0.00015106,Low
49.0000_-111.0000,49.0,-111.0,0.8354,Very Low,0.00053927,Low
49.0000_-110.5000,49.0,-110.5,2.6396,Low,0.00083832,Moderate
49.0000_-110.0000,49.0,-110.0,3.4241,Low,0.00053927,Low
49.0000_-109.5000,49.0,-109.5,0.6105,Very Low,0.00053927,Low
49.0000_-109.0000,49.0,-109.0,0.1724,Very Low,0.00068534,Low
49.0000_-108.5000,49.0,-108.5,0.0509,Very Low,0.00068534,Low
49.0000_-108.0000,49.0,-108.0,0.0363,Very Low,0.00083832,Moderate
49.0000_-107.5000,49.0,-107.5,0.0101,Very Low,0.01377744,High
49.0000_-107.0000,49.0,-107.0,0.0144,Very Low,0.00632347,Moderate
49.0000_-106.5000,49.0,-106.5,0.0158,Very Low,0.00083832,Moderate
49.0000_-106.0000,49.0,-106.0,0.0564,Very Low,0.00068534,Low
49.0000_-105.5000,49.0,-105.5,0.0508,Very Low,0.00068534,Low
49.0000_-105.0000,49.0,-105.0,0.0708,Very Low,7.416e-05,Low
49.0000_-104.5000,49.0,-104.5,0.3529,Very Low,1.896e-05,Very Low
49.0000_-104.0000,49.0,-104.0,0.3158,Very Low,0.00068534,Low
49.0000_-103.5000,49.0,-103.5,0.4697,Very Low,0.00083832,Moderate
49.0000_-103.0000,49.0,-103.0,0.4388,Very Low,0.00083832,Moderate
49.0000_-102.5000,49.0,-102.5,0.2888,Very Low,0.00139077,Moderate
49.0000_-102.0000,49.0,-102.0,0.4566,Very Low,1.896e-05,Very Low
49.0000_-101.5000,49.0,-101.5,0.5065,Very Low,1.896e-05,Very Low
49.0000_-101.0000,49.0,-101.0,0.6531,Very Low,1.896e-05,Very Low
49.0000_-100.5000,49.0,-100.5,0.2917,Very Low,0.00053927,Low
49.0000_-100.0000,49.0,-100.0,0.2477,Very Low,0.00083832,Moderate
49.0000_-99.5000,49.0,-99.5,0.3724,Very Low,1.896e-05,Very Low
49.0000_-99.0000,49.0,-99.0,0.7916,Very Low,1.896e-05,Very Low
49.0000_-98.5000,49.0,-98.5,0.7895,Very Low,1.896e-05,Very Low
49.0000_-98.0000,49.0,-98.0,1.3379,Very Low,0.00053927,Low
49.0000_-97.5000,49.0,-97.5,0.8393,Very Low,1.896e-05,Very Low
49.0000_-97.0000,49.0,-97.0,0.3418,Very Low,7.416e-05,Low
49.0000_-96.5000,49.0,-96.5,0.3036,Very Low,0.00068534,Low
49.0000_-96.0000,49.0,-96.0,0.3896,Very Low,0.00632347,Moderate
49.0000_-95.5000,49.0,-95.5,0.3295,Very Low,0.00333659,Moderate
49.0000_-94.5000,49.0,-94.5,1.7925,Very Low,0.00586819,Moderate
49.0000_-94.0000,49.0,-94.0,0.1337,Very Low,0.01432781,High
49.0000_-93.5000,49.0,-93.5,0.2928,Very Low,0.00139077,Moderate
49.0000_-93.0000,49.0,-93.0,0.0409,Very Low,0.01432781,High
49.0000_-92.5000,49.0,-92.5,0.02,Very Low,0.00243473,Moderate
49.0000_-92.0000,49.0,-92.0,0.1902,Very Low,0.00333659,Moderate
49.0000_-91.5000,49.0,-91.5,0.0722,Very Low,0.0054932,Moderate
49.0000_-91.0000,49.0,-91.0,0.0623,Very Low,0.00586819,Moderate
49.0000_-90.5000,49.0,-90.5,0.0496,Very Low,0.00586819,Moderate
49.0000_-90.0000,49.0,-90.0,0.808,Very Low,0.00355104,Moderate
49.0000_-89.5000,49.0,-89.5,0.3262,Very Low,0.00586819,Moderate
49.0000_-89.0000,49.0,-89.0,0.7541,Very Low,0.01056092,High
49.0000_-88.5000,49.0,-88.5,0.489,Very Low,0.01377744,High
49.0000_-88.0000,49.0,-88.0,0.4142,Very Low,0.02154918,High
49.0000_-87.5000,49.0,-87.5,0.0108,Very Low,0.01432781,High
49.0000_-87.0000,49.0,-87.0,0.0433,Very Low,0.00586819,Moderate
49.0000_-86.5000,49.0,-86.5,0.1549,Very Low,0.00140231,Moderate
49.0000_-86.0000,49.0,-86.0,0.2834,Very Low,0.00139077,Moderate
49.0000_-85.5000,49.0,-85.5,0.3499,Very Low,0.0023586,Moderate
49.0000_-85.0000,49.0,-85.0,0.8357,Very Low,0.00105241,Moderate
49.0000_-84.5000,49.0,-84.5,0.7164,Very Low,0.00083832,Moderate
49.0000_-84.0000,49.0,-84.0,0.5327,Very Low,0.00083832,Moderate
49.0000_-83.5000,49.0,-83.5,0.4517,Very Low,0.00053927,Low
49.0000_-83.0000,49.0,-83.0,0.5321,Very Low,0.00083832,Moderate
49.0000_-82.5000,49.0,-82.5,0.413,Very Low,0.00053927,Low
49.0000_-82.0000,49.0,-82.0,0.1588,Very Low,0.00068534,Low
49.0000_-81.5000,49.0,-81.5,0.1153,Very Low,0.00068534,Low
49.0000_-81.0000,49.0,-81.0,0.201,Very Low,0.0023586,Moderate
49.0000_-80.5000,49.0,-80.5,0.5869,Very Low,0.00083832,Moderate
49.0000_-80.0000,49.0,-80.0,0.7823,Very Low,0.00083832,Moderate
49.0000_-79.5000,49.0,-79.5,0.3159,Very Low,0.0023586,Moderate
49.0000_-79.0000,49.0,-79.0,0.6881,Very Low,0.00083832,Moderate
49.0000_-78.5000,49.0,-78.5,0.9567,Very Low,0.00083832,Moderate
49.0000_-78.0000,49.0,-78.0,0.9556,Very Low,0.00305399,Moderate
49.0000_-77.5000,49.0,-77.5,0.8342,Very Low,0.00139077,Moderate
49.0000_-77.0000,49.0,-77.0,0.9328,Very Low,0.00243473,Moderate
49.0000_-76.5000,49.0,-76.5,0.9666,Very Low,0.00586819,Moderate
49.0000_-76.0000,49.0,-76.0,1.3695,Very Low,0.00139077,Moderate
49.0000_-75.5000,49.0,-75.5,5.6522,Moderate,0.00355104,Moderate
49.0000_-75.0000,49.0,-75.0,0.6718,Very Low,0.00139077,Moderate
49.0000_-74.5000,49.0,-74.5,0.4864,Very Low,0.00105241,Moderate
49.0000_-74.0000,49.0,-74.0,0.9613,Very Low,0.00083832,Moderate
49.0000_-73.5000,49.0,-73.5,1.4453,Very Low,0.00083832,Moderate
49.0000_-73.0000,49.0,-73.0,1.5692,Very Low,0.00611154,Moderate
49.0000_-72.5000,49.0,-72.5,3.1989,Low,0.04267782,High
49.0000_-72.0000,49.0,-72.0,1.6252,Very Low,0.03383363,High
49.0000_-71.5000,49.0,-71.5,0.5594,Very Low,0.00083832,Moderate
49.0000_-71.0000,49.0,-71.0,0.4461,Very Low,0.00068534,Low
49.0000_-70.5000,49.0,-70.5,0.6695,Very Low,0.00083832,Moderate
49.0000_-70.0000,49.0,-70.0,0.5372,Very Low,0.00083832,Moderate
49.0000_-69.5000,49.0,-69.5,0.6477,Very Low,0.00139077,Moderate
49.0000_-69.0000,49.0,-69.0,1.0553,Very Low,0.03657881,High
49.0000_-68.5000,49.0,-68.5,0.6443,Very Low,0.02154918,High
49.0000_-67.0000,49.0,-67.0,0.2006,Very Low,0.00139077,Moderate
49.0000_-66.5000,49.0,-66.5,0.4198,Very Low,0.00333659,Moderate
49.0000_-66.0000,49.0,-66.0,0.0123,Very Low,0.00083832,Moderate
49.0000_-65.5000,49.0,-65.5,0.0194,Very Low,0.00140231,Moderate
49.0000_-65.0000,49.0,-65.0,0.3607,Very Low,0.0023586,Moderate
49.0000_-64.5000,49.0,-64.5,0.7845,Very Low,0.01250206,High
49.0000_-62.0000,49.0,-62.0,0.7923,Very Low,0.00053927,Low
49.0000_-58.5000,49.0,-58.5,0.4,Very Low,0.00083832,Moderate
49.0000_-58.0000,49.0,-58.0,0.7155,Very Low,0.0054932,Moderate
49.0000_-57.5000,49.0,-57.5,0.2969,Very Low,0.00083832,Moderate
49.0000_-57.0000,49.0,-57.0,0.4888,Very Low,0.00083832,Moderate
49.0000_-56.5000,49.0,-56.5,0.2238,Very Low,0.00068534,Low
49.0000_-56.0000,49.0,-56.0,0.2076,Very Low,0.00140231,Moderate
49.0000_-55.5000,49.0,-55.5,0.1909,Very Low,0.01040092,Moderate
49.0000_-55.0000,49.0,-55.0,0.0808,Very Low,0.0023586,Moderate
49.0000_-54.5000,49.0,-54.5,0.0163,Very Low,0.0023586,Moderate
49.0000_-54.0000,49.0,-54.0,0.0056,Very Low,0.00243473,Moderate
49.0000_-53.5000,49.0,-53.5,0.06,Very Low,0.00068534,Low
49.5000_-126.5000,49.5,-126.5,2.914,Low,0.00140231,Moderate
49.5000_-126.0000,49.5,-126.0,2.8151,Low,0.0054932,Moderate
49.5000_-125.5000,49.5,-125.5,2.8285,Low,0.04267782,High
49.5000_-125.0000,49.5,-125.0,3.223,Low,0.05620805,High
49.5000_-124.5000,49.5,-124.5,3.463,Low,0.05620805,High
49.5000_-124.0000,49.5,-124.0,2.7357,Low,0.0344086,High
49.5000_-123.5000,49.5,-123.5,1.9923,Very Low,0.03657881,High
49.5000_-123.0000,49.5,-123.0,3.4764,Low,0.047139,High
49.5000_-122.5000,49.5,-122.5,2.1681,Low,0.0344086,High
49.5000_-122.0000,49.5,-122.0,1.9945,Very Low,0.0540013,High
49.5000_-121.5000,49.5,-121.5,0.0508,Very Low,0.02704935,High
49.5000_-121.0000,49.5,-121.0,0.6282,Very Low,0.07052897,High
49.5000_-120.5000,49.5,-120.5,6.1985,Moderate,0.10967256,High
49.5000_-120.0000,49.5,-120.0,0.3132,Very Low,0.05620805,High
49.5000_-119.5000,49.5,-119.5,0.0,Very Low,0.03276447,High
49.5000_-119.0000,49.5,-119.0,0.001,Very Low,0.03657881,High
49.5000_-118.5000,49.5,-118.5,0.0006,Very Low,0.02281652,High
49.5000_-118.0000,49.5,-118.0,0.0,Very Low,0.02154918,High
49.5000_-117.5000,49.5,-117.5,0.0,Very Low,0.02154918,High
49.5000_-117.0000,49.5,-117.0,0.0,Very Low,0.0054932,Moderate
49.5000_-116.5000,49.5,-116.5,0.0,Very Low,0.00305399,Moderate
49.5000_-116.0000,49.5,-116.0,0.0032,Very Low,0.02154918,High
49.5000_-115.5000,49.5,-115.5,0.3397,Very Low,0.03276447,High
49.5000_-115.0000,49.5,-115.0,0.0003,Very Low,0.01056092,High
49.5000_-114.5000,49.5,-114.5,0.0213,Very Low,0.01432781,High
49.5000_-114.0000,49.5,-114.0,0.0,Very Low,0.00083832,Moderate
49.5000_-113.5000,49.5,-113.5,0.0007,Very Low,1.896e-05,Very Low
49.5000_-113.0000,49.5,-113.0,0.0045,Very Low,0.00068534,Low
49.5000_-112.5000,49.5,-112.5,1.0448,Very Low,7.416e-05,Low
49.5000_-112.0000,49.5,-112.0,1.4474,Very Low,0.00015106,Low
49.5000_-111.5000,49.5,-111.5,1.6748,Very Low,0.00053927,Low
49.5000_-111.0000,49.5,-111.0,0.9299,Very Low,0.00053927,Low
49.5000_-110.5000,49.5,-110.5,2.3074,Low,0.0023586,Moderate
49.5000_-110.0000,49.5,-110.0,0.7559,Very Low,0.00140231,Moderate
49.5000_-109.5000,49.5,-109.5,0.1052,Very Low,0.01432781,High
49.5000_-109.0000,49.5,-109.0,0.018,Very Low,0.00068534,Low
49.5000_-108.5000,49.5,-108.5,0.0051,Very Low,0.00141978,Moderate
49.5000_-108.0000,49.5,-108.0,0.0056,Very Low,0.00068534,Low
49.5000_-107.5000,49.5,-107.5,0.037,Very Low,0.00105241,Moderate
49.5000_-107.0000,49.5,-107.0,0.0145,Very Low,0.00068534,Low
49.5000_-106.5000,49.5,-106.5,0.0319,Very Low,0.00068534,Low
49.5000_-106.0000,49.5,-106.0,0.0425,Very Low,0.00083832,Moderate
49.5000_-105.5000,49.5,-105.5,0.0394,Very Low,0.00068534,Low
49.5000_-105.0000,49.5,-105.0,0.0521,Very Low,0.00068534,Low
49.5000_-104.5000,49.5,-104.5,0.1172,Very Low,7.416e-05,Low
49.5000_-104.0000,49.5,-104.0,0.1899,Very Low,0.00083832,Moderate
49.5000_-103.5000,49.5,-103.5,0.2552,Very Low,0.00083832,Moderate
49.5000_-103.0000,49.5,-103.0,0.3112,Very Low,0.00083832,Moderate
49.5000_-102.5000,49.5,-102.5,0.3534,Very Low,0.00139077,Moderate
49.5000_-102.0000,49.5,-102.0,0.2446,Very Low,0.00068534,Low
49.5000_-101.5000,49.5,-101.5,0.37,Very Low,7.416e-05,Low
49.5000_-101.0000,49.5,-101.0,0.313,Very Low,0.00068534,Low
49.5000_-100.5000,49.5,-100.5,0.3023,Very Low,0.00053927,Low
49.5000_-100.0000,49.5,-100.0,0.2922,Very Low,0.00068534,Low
49.5000_-99.5000,49.5,-99.5,0.5079,Very Low,0.00105241,Moderate
49.5000_-99.0000,49.5,-99.0,0.2813,Very Low,0.00068534,Low
49.5000_-98.5000,49.5,-98.5,0.5145,Very Low,0.00053927,Low
49.5000_-98.0000,49.5,-98.0,0.796,Very Low,0.00053927,Low
49.5000_-97.5000,49.5,-97.5,0.4768,Very Low,1.896e-05,Very Low
49.5000_-97.0000,49.5,-97.0,0.487,Very Low,0.00053927,Low
49.5000_-96.5000,49.5,-96.5,0.3621,Very Low,0.00770915,Moderate
49.5000_-96.0000,49.5,-96.0,0.2015,Very Low,0.01432781,High
49.5000_-95.5000,49.5,-95.5,0.1351,Very Low,0.00896526,Moderate
49.5000_-95.0000,49.5,-95.0,0.4697,Very Low,0.01040092,Moderate
49.5000_-94.5000,49.5,-94.5,0.6952,Very Low,0.01432781,High
49.5000_-94.0000,49.5,-94.0,0.0159,Very Low,0.00586819,Moderate
49.5000_-93.5000,49.5,-93.5,0.1407,Very Low,0.00586819,Moderate
49.5000_-93.0000,49.5,-93.0,0.1516,Very Low,0.0054932,Moderate
49.5000_-92.5000,49.5,-92.5,0.2228,Very Low,0.01040092,Moderate
49.5000_-92.0000,49.5,-92.0,0.1141,Very Low,0.0054932,Moderate
49.5000_-91.5000,49.5,-91.5,0.2031,Very Low,0.00586819,Moderate
49.5000_-91.0000,49.5,-91.0,0.3117,Very Low,0.0023586,Moderate
49.5000_-90.5000,49.5,-90.5,0.5668,Very Low,0.00140231,Moderate
49.5000_-90.0000,49.5,-90.0,0.6956,Very Low,0.00243473,Moderate
49.5000_-89.5000,49.5,-89.5,0.7147,Very Low,0.00139077,Moderate
49.5000_-89.0000,49.5,-89.0,2.5744,Low,0.01432781,High
49.5000_-88.5000,49.5,-88.5,1.8087,Very Low,0.00139077,Moderate
49.5000_-88.0000,49.5,-88.0,0.4725,Very Low,0.00355104,Moderate
49.5000_-87.5000,49.5,-87.5,0.8446,Very Low,0.00305399,Moderate
49.5000_-87.0000,49.5,-87.0,0.6207,Very Low,0.00770915,Moderate
49.5000_-86.5000,49.5,-86.5,1.3604,Very Low,0.01996567,High
49.5000_-86.0000,49.5,-86.0,1.4738,Very Low,0.00697906,Moderate
49.5000_-85.5000,49.5,-85.5,0.9561,Very Low,0.00083832,Moderate
49.5000_-85.0000,49.5,-85.0,2.5537,Low,0.00083832,Moderate
49.5000_-84.5000,49.5,-84.5,0.7946,Very Low,0.00083832,Moderate
49.5000_-84.0000,49.5,-84.0,0.6696,Very Low,0.00333659,Moderate
49.5000_-83.5000,49.5,-83.5,0.6825,Very Low,0.0023586,Moderate
49.5000_-83.0000,49.5,-83.0,0.7436,Very Low,0.00105241,Moderate
49.5000_-82.5000,49.5,-82.5,0.7707,Very Low,0.00083832,Moderate
49.5000_-82.0000,49.5,-82.0,0.4936,Very Low,0.00068534,Low
49.5000_-81.5000,49.5,-81.5,0.1919,Very Low,0.00053927,Low
49.5000_-81.0000,49.5,-81.0,0.1124,Very Low,0.00083832,Moderate
49.5000_-80.5000,49.5,-80.5,0.2511,Very Low,0.00068534,Low
49.5000_-80.0000,49.5,-80.0,0.5082,Very Low,0.00068534,Low
49.5000_-79.5000,49.5,-79.5,0.5236,Very Low,0.00068534,Low
49.5000_-79.0000,49.5,-79.0,0.665,Very Low,0.00068534,Low
49.5000_-78.5000,49.5,-78.5,1.1502,Very Low,0.00105241,Moderate
49.5000_-78.0000,49.5,-78.0,1.0275,Very Low,0.00068534,Low
49.5000_-77.5000,49.5,-77.5,0.8372,Very Low,0.00083832,Moderate
49.5000_-77.0000,49.5,-77.0,1.2716,Very Low,0.00333659,Moderate
49.5000_-76.5000,49.5,-76.5,2.9642,Low,0.00068534,Low
49.5000_-76.0000,49.5,-76.0,1.7902,Very Low,0.00083832,Moderate
49.5000_-75.5000,49.5,-75.5,0.8118,Very Low,0.00083832,Moderate
49.5000_-75.0000,49.5,-75.0,3.0245,Low,0.00243473,Moderate
49.5000_-74.5000,49.5,-74.5,0.8813,Very Low,0.00140231,Moderate
49.5000_-74.0000,49.5,-74.0,1.7625,Very Low,0.00083832,Moderate
49.5000_-73.5000,49.5,-73.5,2.3267,Low,0.00139077,Moderate
49.5000_-73.0000,49.5,-73.0,4.964,Moderate,0.00355104,Moderate
49.5000_-72.5000,49.5,-72.5,7.5801,Moderate,0.01432781,High
49.5000_-72.0000,49.5,-72.0,0.9664,Very Low,0.00355104,Moderate
49.5000_-71.5000,49.5,-71.5,1.1232,Very Low,0.00140231,Moderate
49.5000_-71.0000,49.5,-71.0,0.6914,Very Low,0.0023586,Moderate
49.5000_-70.5000,49.5,-70.5,0.6564,Very Low,0.00083832,Moderate
49.5000_-70.0000,49.5,-70.0,0.6746,Very Low,0.00083832,Moderate
49.5000_-69.5000,49.5,-69.5,0.4766,Very Low,0.00632347,Moderate
49.5000_-69.0000,49.5,-69.0,0.8213,Very Low,0.00770915,Moderate
49.5000_-68.5000,49.5,-68.5,0.551,Very Low,0.01040092,Moderate
49.5000_-68.0000,49.5,-68.0,0.6518,Very Low,0.01040092,Moderate
49.5000_-67.5000,49.5,-67.5,0.3686,Very Low,0.0054932,Moderate
49.5000_-63.5000,49.5,-63.5,0.2373,Very Low,0.00068534,Low
49.5000_-63.0000,49.5,-63.0,0.8518,Very Low,0.00105241,Moderate
49.5000_-62.5000,49.5,-62.5,2.694,Low,0.00083832,Moderate
49.5000_-58.0000,49.5,-58.0,0.1922,Very Low,0.00083832,Moderate
49.5000_-57.5000,49.5,-57.5,0.1675,Very Low,0.00083832,Moderate
49.5000_-57.0000,49.5,-57.0,0.4411,Very Low,0.00105241,Moderate
49.5000_-56.5000,49.5,-56.5,0.3601,Very Low,0.00139077,Moderate
49.5000_-56.0000,49.5,-56.0,0.2436,Very Low,0.00355104,Moderate
49.5000_-55.5000,49.5,-55.5,0.1236,Very Low,0.00083832,Moderate
49.5000_-55.0000,49.5,-55.0,0.0743,Very Low,0.00139077,Moderate
49.5000_-54.5000,49.5,-54.5,0.1068,Very Low,0.0023586,Moderate
49.5000_-54.0000,49.5,-54.0,0.0221,Very Low,0.00083832,Moderate
50.0000_-127.5000,50.0,-127.5,4.3149,Moderate,0.00139077,Moderate
50.0000_-127.0000,50.0,-127.0,4.5032,Moderate,0.01102536,High
50.0000_-126.5000,50.0,-126.5,5.1201,Moderate,0.03702563,High
50.0000_-126.0000,50.0,-126.0,3.8621,Low,0.047139,High
50.0000_-125.5000,50.0,-125.5,4.9415,Moderate,0.05620805,High
50.0000_-125.0000,50.0,-125.0,2.2732,Low,0.03657881,High
50.0000_-124.5000,50.0,-124.5,2.349,Low,0.03702563,High
50.0000_-124.0000,50.0,-124.0,3.3898,Low,0.02068278,High
50.0000_-123.5000,50.0,-123.5,0.8673,Very Low,0.03702563,High
50.0000_-123.0000,50.0,-123.0,0.9801,Very Low,0.03276447,High
50.0000_-122.5000,50.0,-122.5,7.1054,Moderate,0.05620805,High
50.0000_-122.0000,50.0,-122.0,0.9476,Very Low,0.02154918,High
50.0000_-121.5000,50.0,-121.5,9.8052,High,0.14174589,High
50.0000_-121.0000,50.0,-121.0,5.188,Moderate,0.10967256,High
50.0000_-120.5000,50.0,-120.5,3.528,Low,0.10967256,High
50.0000_-120.0000,50.0,-120.0,3.4533,Low,0.08576052,High
50.0000_-119.5000,50.0,-119.5,2.9843,Low,0.05620805,High
50.0000_-119.0000,50.0,-119.0,0.0,Very Low,0.03383363,High
50.0000_-118.5000,50.0,-118.5,0.0001,Very Low,0.02474645,High
50.0000_-118.0000,50.0,-118.0,0.0,Very Low,0.02154918,High
50.0000_-117.5000,50.0,-117.5,0.0,Very Low,0.01996567,High
50.0000_-117.0000,50.0,-117.0,0.0,Very Low,0.02154918,High
50.0000_-116.5000,50.0,-116.5,0.0,Very Low,0.00243473,Moderate
50.0000_-116.0000,50.0,-116.0,0.0,Very Low,0.0054932,Moderate
50.0000_-115.5000,50.0,-115.5,0.0067,Very Low,0.02154918,High
50.0000_-115.0000,50.0,-115.0,0.0,Very Low,0.00305399,Moderate
50.0000_-114.5000,50.0,-114.5,0.0,Very Low,0.00697906,Moderate
50.0000_-114.0000,50.0,-114.0,0.0001,Very Low,0.00586819,Moderate
50.0000_-113.5000,50.0,-113.5,0.0051,Very Low,0.00083832,Moderate
50.0000_-113.0000,50.0,-113.0,0.8225,Very Low,7.416e-05,Low
50.0000_-112.5000,50.0,-112.5,3.0999,Low,0.00053927,Low
50.0000_-112.0000,50.0,-112.0,2.2597,Low,7.416e-05,Low
50.0000_-111.5000,50.0,-111.5,0.8625,Very Low,0.00053927,Low
50.0000_-111.0000,50.0,-111.0,4.1794,Moderate,0.00083832,Moderate
50.0000_-110.5000,50.0,-110.5,0.8998,Very Low,0.00333659,Moderate
50.0000_-110.0000,50.0,-110.0,0.0338,Very Low,0.00140231,Moderate
50.0000_-109.5000,50.0,-109.5,0.0013,Very Low,0.0023586,Moderate
50.0000_-109.0000,50.0,-109.0,0.0001,Very Low,0.00083832,Moderate
50.0000_-108.5000,50.0,-108.5,0.0001,Very Low,0.00083832,Moderate
50.0000_-108.0000,50.0,-108.0,0.0006,Very Low,0.00083832,Moderate
50.0000_-107.5000,50.0,-107.5,0.0083,Very Low,0.00083832,Moderate
50.0000_-107.0000,50.0,-107.0,0.0414,Very Low,1.896e-05,Very Low
50.0000_-106.5000,50.0,-106.5,0.0704,Very Low,0.00083832,Moderate
50.0000_-106.0000,50.0,-106.0,0.0429,Very Low,0.00068534,Low
50.0000_-105.5000,50.0,-105.5,0.0291,Very Low,0.00068534,Low
50.0000_-105.0000,50.0,-105.0,0.0688,Very Low,0.00140231,Moderate
50.0000_-104.5000,50.0,-104.5,0.0549,Very Low,0.00083832,Moderate
50.0000_-104.0000,50.0,-104.0,0.0647,Very Low,0.00083832,Moderate
50.0000_-103.5000,50.0,-103.5,0.1367,Very Low,0.00105241,Moderate
50.0000_-103.0000,50.0,-103.0,0.14,Very Low,0.00068534,Low
50.0000_-102.5000,50.0,-102.5,0.1906,Very Low,0.00068534,Low
50.0000_-102.0000,50.0,-102.0,0.1149,Very Low,0.00068534,Low
50.0000_-101.5000,50.0,-101.5,0.2567,Very Low,0.00053927,Low
50.0000_-101.0000,50.0,-101.0,0.1963,Very Low,0.00053927,Low
50.0000_-100.5000,50.0,-100.5,0.1765,Very Low,1.896e-05,Very Low
50.0000_-100.0000,50.0,-100.0,0.174,Very Low,0.00018179,Low
50.0000_-99.5000,50.0,-99.5,0.2227,Very Low,0.00068534,Low
50.0000_-99.0000,50.0,-99.0,0.2908,Very Low,0.00018179,Low
50.0000_-98.5000,50.0,-98.5,0.3587,Very Low,0.00018179,Low
50.0000_-98.0000,50.0,-98.0,0.2889,Very Low,0.00053927,Low
50.0000_-97.5000,50.0,-97.5,0.4328,Very Low,0.00018179,Low
50.0000_-97.0000,50.0,-97.0,0.2264,Very Low,0.00068534,Low
50.0000_-96.5000,50.0,-96.5,0.365,Very Low,0.00355104,Moderate
50.0000_-96.0000,50.0,-96.0,0.1546,Very Low,0.00973957,Moderate
50.0000_-95.5000,50.0,-95.5,0.2852,Very Low,0.01040092,Moderate
50.0000_-95.0000,50.0,-95.0,0.0731,Very Low,0.00973957,Moderate
50.0000_-94.5000,50.0,-94.5,0.0643,Very Low,0.00973957,Moderate
50.0000_-94.0000,50.0,-94.0,0.1295,Very Low,0.00586819,Moderate
50.0000_-93.5000,50.0,-93.5,0.1694,Very Low,0.01040092,Moderate
50.0000_-93.0000,50.0,-93.0,0.0447,Very Low,0.00355104,Moderate
50.0000_-92.5000,50.0,-92.5,0.0201,Very Low,0.00305399,Moderate
50.0000_-92.0000,50.0,-92.0,0.2435,Very Low,0.00770915,Moderate
50.0000_-91.5000,50.0,-91.5,0.0645,Very Low,0.00333659,Moderate
50.0000_-91.0000,50.0,-91.0,0.0891,Very Low,0.00243473,Moderate
50.0000_-90.5000,50.0,-90.5,0.1493,Very Low,0.00243473,Moderate
50.0000_-90.0000,50.0,-90.0,0.2028,Very Low,0.00243473,Moderate
50.0000_-89.5000,50.0,-89.5,0.288,Very Low,0.00305399,Moderate
50.0000_-89.0000,50.0,-89.0,0.5047,Very Low,0.00305399,Moderate
50.0000_-88.5000,50.0,-88.5,4.1257,Moderate,0.00140231,Moderate
50.0000_-88.0000,50.0,-88.0,1.7779,Very Low,0.00770915,Moderate
50.0000_-87.5000,50.0,-87.5,4.166,Moderate,0.00243473,Moderate
50.0000_-87.0000,50.0,-87.0,0.746,Very Low,0.0054932,Moderate
50.0000_-86.5000,50.0,-86.5,0.4953,Very Low,0.0054932,Moderate
50.0000_-86.0000,50.0,-86.0,3.6811,Low,0.00632347,Moderate
50.0000_-85.5000,50.0,-85.5,2.9363,Low,0.00068534,Low
50.0000_-85.0000,50.0,-85.0,1.9377,Very Low,0.00083832,Moderate
50.0000_-84.5000,50.0,-84.5,0.6768,Very Low,0.00140231,Moderate
50.0000_-84.0000,50.0,-84.0,0.4704,Very Low,0.00139077,Moderate
50.0000_-83.5000,50.0,-83.5,0.5365,Very Low,0.00083832,Moderate
50.0000_-83.0000,50.0,-83.0,0.6744,Very Low,0.00083832,Moderate
50.0000_-82.5000,50.0,-82.5,0.6039,Very Low,0.00068534,Low
50.0000_-82.0000,50.0,-82.0,0.5183,Very Low,0.00083832,Moderate
50.0000_-81.5000,50.0,-81.5,0.4194,Very Low,0.00083832,Moderate
50.0000_-81.0000,50.0,-81.0,0.1868,Very Low,0.00068534,Low
50.0000_-80.5000,50.0,-80.5,0.6316,Very Low,0.00068534,Low
50.0000_-80.0000,50.0,-80.0,1.1926,Very Low,0.00068534,Low
50.0000_-79.5000,50.0,-79.5,2.282,Low,0.00083832,Moderate
50.0000_-79.0000,50.0,-79.0,2.5834,Low,0.00083832,Moderate
50.0000_-78.5000,50.0,-78.5,2.1481,Low,0.00083832,Moderate
50.0000_-78.0000,50.0,-78.0,1.4501,Very Low,0.00083832,Moderate
50.0000_-77.5000,50.0,-77.5,4.045,Moderate,0.00139077,Moderate
50.0000_-77.0000,50.0,-77.0,1.638,Very Low,0.00083832,Moderate
50.0000_-76.5000,50.0,-76.5,1.5892,Very Low,0.00083832,Moderate
50.0000_-76.0000,50.0,-76.0,0.8743,Very Low,0.00083832,Moderate
50.0000_-75.5000,50.0,-75.5,2.3945,Low,0.00083832,Moderate
50.0000_-75.0000,50.0,-75.0,3.2735,Low,0.00083832,Moderate
50.0000_-74.5000,50.0,-74.5,8.8589,High,0.01056092,High
50.0000_-74.0000,50.0,-74.0,7.0291,Moderate,0.0023586,Moderate
50.0000_-73.5000,50.0,-73.5,10.3199,High,0.00586819,Moderate
50.0000_-73.0000,50.0,-73.0,5.3204,Moderate,0.0023586,Moderate
50.0000_-72.5000,50.0,-72.5,5.9714,Moderate,0.00139077,Moderate
50.0000_-72.0000,50.0,-72.0,3.8937,Low,0.0023586,Moderate
50.0000_-71.5000,50.0,-71.5,4.4017,Moderate,0.00083832,Moderate
50.0000_-71.0000,50.0,-71.0,3.3144,Low,0.00083832,Moderate
50.0000_-70.5000,50.0,-70.5,1.8809,Very Low,0.00083832,Moderate
50.0000_-70.0000,50.0,-70.0,0.738,Very Low,0.00355104,Moderate
50.0000_-69.5000,50.0,-69.5,0.695,Very Low,0.00068534,Low
50.0000_-69.0000,50.0,-69.0,0.6887,Very Low,0.00083832,Moderate
50.0000_-68.5000,50.0,-68.5,0.5471,Very Low,0.0023586,Moderate
50.0000_-68.0000,50.0,-68.0,0.4989,Very Low,0.00333659,Moderate
50.0000_-67.5000,50.0,-67.5,0.4569,Very Low,0.0023586,Moderate
50.0000_-67.0000,50.0,-67.0,0.6702,Very Low,0.01040092,Moderate
50.0000_-64.0000,50.0,-64.0,0.0054,Very Low,0.00083832,Moderate
50.0000_-57.5000,50.0,-57.5,0.015,Very Low,0.00018179,Low
50.0000_-57.0000,50.0,-57.0,0.3992,Very Low,1.896e-05,Very Low
50.0000_-56.5000,50.0,-56.5,0.183,Very Low,0.00068534,Low
50.0000_-56.0000,50.0,-56.0,0.6205,Very Low,0.00068534,Low
50.0000_-55.5000,50.0,-55.5,0.1997,Very Low,1.896e-05,Very Low
50.5000_-128.0000,50.5,-128.0,4.265,Moderate,0.00139077,Moderate
50.5000_-127.5000,50.5,-127.5,4.1202,Moderate,0.03702563,High
50.5000_-127.0000,50.5,-127.0,3.3489,Low,0.0344086,High
50.5000_-126.5000,50.5,-126.5,0.5557,Very Low,0.00243473,Moderate
50.5000_-126.0000,50.5,-126.0,4.2799,Moderate,0.01432781,High
50.5000_-125.5000,50.5,-125.5,3.8657,Low,0.01432781,High
50.5000_-125.0000,50.5,-125.0,2.263,Low,0.0054932,Moderate
50.5000_-124.5000,50.5,-124.5,1.3292,Very Low,0.0054932,Moderate
50.5000_-124.0000,50.5,-124.0,3.7128,Low,0.00586819,Moderate
50.5000_-123.5000,50.5,-123.5,1.1545,Very Low,0.03702563,High
50.5000_-123.0000,50.5,-123.0,6.6019,Moderate,0.07052897,High
50.5000_-122.5000,50.5,-122.5,0.5517,Very Low,0.05620805,High
50.5000_-122.0000,50.5,-122.0,0.0897,Very Low,0.08423395,High
50.5000_-121.5000,50.5,-121.5,0.2277,Very Low,0.08576052,High
50.5000_-121.0000,50.5,-121.0,0.2133,Very Low,0.08423395,High
50.5000_-120.5000,50.5,-120.5,0.0455,Very Low,0.05620805,High
50.5000_-120.0000,50.5,-120.0,0.9688,Very Low,0.07627119,High
50.5000_-119.5000,50.5,-119.5,2.0558,Low,0.08576052,High
50.5000_-119.0000,50.5,-119.0,0.2086,Very Low,0.0540013,High
50.5000_-118.5000,50.5,-118.5,0.2277,Very Low,0.05620805,High
50.5000_-118.0000,50.5,-118.0,0.0023,Very Low,0.02704935,High
50.5000_-117.5000,50.5,-117.5,0.0,Very Low,0.02474645,High
50.5000_-117.0000,50.5,-117.0,0.0,Very Low,0.02704935,High
50.5000_-116.5000,50.5,-116.5,0.0009,Very Low,0.01996567,High
50.5000_-116.0000,50.5,-116.0,0.1152,Very Low,0.03276447,High
50.5000_-115.5000,50.5,-115.5,0.0,Very Low,0.01056092,High
50.5000_-115.0000,50.5,-115.0,0.0001,Very Low,0.00305399,Moderate
50.5000_-114.5000,50.5,-114.5,0.0,Very Low,0.00243473,Moderate
50.5000_-114.0000,50.5,-114.0,0.0017,Very Low,0.00053927,Low
50.5000_-113.5000,50.5,-113.5,0.1987,Very Low,1.896e-05,Very Low
50.5000_-113.0000,50.5,-113.0,0.2793,Very Low,0.00083832,Moderate
50.5000_-112.5000,50.5,-112.5,0.3497,Very Low,0.00193611,Moderate
50.5000_-112.0000,50.5,-112.0,0.2075,Very Low,1.896e-05,Very Low
50.5000_-111.5000,50.5,-111.5,0.1793,Very Low,0.00083832,Moderate
50.5000_-111.0000,50.5,-111.0,0.5055,Very Low,7.416e-05,Low
50.5000_-110.5000,50.5,-110.5,0.0954,Very Low,0.00018179,Low
50.5000_-110.0000,50.5,-110.0,0.0194,Very Low,1.896e-05,Very Low
50.5000_-109.5000,50.5,-109.5,0.0007,Very Low,0.00068534,Low
50.5000_-109.0000,50.5,-109.0,0.0022,Very Low,0.00053927,Low
50.5000_-108.5000,50.5,-108.5,0.0004,Very Low,0.00083832,Moderate
50.5000_-108.0000,50.5,-108.0,0.0025,Very Low,0.00185644,Moderate
50.5000_-107.5000,50.5,-107.5,0.0025,Very Low,0.00083832,Moderate
50.5000_-107.0000,50.5,-107.0,0.0022,Very Low,0.00068534,Low
50.5000_-106.5000,50.5,-106.5,0.0103,Very Low,0.00053927,Low
50.5000_-106.0000,50.5,-106.0,0.0464,Very Low,0.00083832,Moderate
50.5000_-105.5000,50.5,-105.5,0.1033,Very Low,0.00333659,Moderate
50.5000_-105.0000,50.5,-105.0,0.0517,Very Low,0.0023586,Moderate
50.5000_-104.5000,50.5,-104.5,0.0367,Very Low,0.00083832,Moderate
50.5000_-104.0000,50.5,-104.0,0.0605,Very Low,0.00068534,Low
50.5000_-103.5000,50.5,-103.5,0.0973,Very Low,1.896e-05,Very Low
50.5000_-103.0000,50.5,-103.0,0.166,Very Low,0.00068534,Low
50.5000_-102.5000,50.5,-102.5,0.209,Very Low,0.00068534,Low
50.5000_-102.0000,50.5,-102.0,0.126,Very Low,0.00068534,Low
50.5000_-101.5000,50.5,-101.5,0.1049,Very Low,0.00083832,Moderate
50.5000_-101.0000,50.5,-101.0,0.0899,Very Low,1.896e-05,Very Low
50.5000_-100.5000,50.5,-100.5,0.1154,Very Low,0.00053927,Low
50.5000_-100.0000,50.5,-100.0,0.1334,Very Low,0.00083832,Moderate
50.5000_-99.5000,50.5,-99.5,0.0712,Very Low,0.00083832,Moderate
50.5000_-99.0000,50.5,-99.0,0.1682,Very Low,0.00053927,Low
50.5000_-98.5000,50.5,-98.5,0.462,Very Low,0.00015106,Low
50.5000_-98.0000,50.5,-98.0,0.2717,Very Low,0.00053927,Low
50.5000_-97.5000,50.5,-97.5,0.1856,Very Low,0.00015106,Low
50.5000_-97.0000,50.5,-97.0,0.1305,Very Low,0.00083832,Moderate
50.5000_-96.5000,50.5,-96.5,0.1138,Very Low,0.01040092,Moderate
50.5000_-96.0000,50.5,-96.0,0.0112,Very Low,0.00586819,Moderate
50.5000_-95.5000,50.5,-95.5,0.0405,Very Low,0.00632347,Moderate
50.5000_-95.0000,50.5,-95.0,0.0046,Very Low,0.0054932,Moderate
50.5000_-94.5000,50.5,-94.5,0.039,Very Low,0.00333659,Moderate
50.5000_-94.0000,50.5,-94.0,0.1079,Very Low,0.00185644,Moderate
50.5000_-93.5000,50.5,-93.5,0.1453,Very Low,0.00586819,Moderate
50.5000_-93.0000,50.5,-93.0,0.1038,Very Low,0.0054932,Moderate
50.5000_-92.5000,50.5,-92.5,0.0091,Very Low,0.00355104,Moderate
50.5000_-92.0000,50.5,-92.0,0.2821,Very Low,0.00139077,Moderate
50.5000_-91.5000,50.5,-91.5,0.0391,Very Low,0.00355104,Moderate
50.5000_-91.0000,50.5,-91.0,0.1322,Very Low,0.00355104,Moderate
50.5000_-90.5000,50.5,-90.5,0.1868,Very Low,0.00333659,Moderate
50.5000_-90.0000,50.5,-90.0,0.1945,Very Low,0.00611154,Moderate
50.5000_-89.5000,50.5,-89.5,0.6209,Very Low,0.01432781,High
50.5000_-89.0000,50.5,-89.0,0.9343,Very Low,0.00586819,Moderate
50.5000_-88.5000,50.5,-88.5,0.1827,Very Low,0.00083832,Moderate
50.5000_-88.0000,50.5,-88.0,0.5317,Very Low,0.00140231,Moderate
50.5000_-87.5000,50.5,-87.5,0.1434,Very Low,0.00139077,Moderate
50.5000_-87.0000,50.5,-87.0,1.5758,Very Low,0.00586819,Moderate
50.5000_-86.5000,50.5,-86.5,0.3032,Very Low,0.00243473,Moderate
50.5000_-86.0000,50.5,-86.0,0.9502,Very Low,0.00083832,Moderate
50.5000_-85.5000,50.5,-85.5,1.8844,Very Low,0.00068534,Low
50.5000_-85.0000,50.5,-85.0,1.3005,Very Low,0.00068534,Low
50.5000_-84.5000,50.5,-84.5,0.6118,Very Low,0.00068534,Low
50.5000_-84.0000,50.5,-84.0,0.3999,Very Low,7.416e-05,Low
50.5000_-83.5000,50.5,-83.5,0.4914,Very Low,1.896e-05,Very Low
50.5000_-83.0000,50.5,-83.0,0.5543,Very Low,0.00068534,Low
50.5000_-82.5000,50.5,-82.5,0.566,Very Low,1.896e-05,Very Low
50.5000_-82.0000,50.5,-82.0,0.7731,Very Low,0.00068534,Low
50.5000_-81.5000,50.5,-81.5,0.5023,Very Low,0.00068534,Low
50.5000_-81.0000,50.5,-81.0,0.4992,Very Low,0.00068534,Low
50.5000_-80.5000,50.5,-80.5,0.8272,Very Low,0.00068534,Low
50.5000_-80.0000,50.5,-80.0,2.2755,Low,0.00068534,Low
50.5000_-79.5000,50.5,-79.5,3.184,Low,0.00083832,Moderate
50.5000_-79.0000,50.5,-79.0,3.1647,Low,0.00083832,Moderate
50.5000_-78.5000,50.5,-78.5,3.8148,Low,0.00068534,Low
50.5000_-78.0000,50.5,-78.0,3.2112,Low,0.00068534,Low
50.5000_-77.5000,50.5,-77.5,2.9624,Low,0.0023586,Moderate
50.5000_-77.0000,50.5,-77.0,2.148,Low,0.00068534,Low
50.5000_-76.5000,50.5,-76.5,6.6312,Moderate,0.00083832,Moderate
50.5000_-76.0000,50.5,-76.0,0.9641,Very Low,0.00083832,Moderate
50.5000_-75.5000,50.5,-75.5,0.9556,Very Low,0.00083832,Moderate
50.5000_-75.0000,50.5,-75.0,2.5807,Low,0.00083832,Moderate
50.5000_-74.5000,50.5,-74.5,1.8391,Very Low,0.00140231,Moderate
50.5000_-74.0000,50.5,-74.0,6.2945,Moderate,0.00083832,Moderate
50.5000_-73.5000,50.5,-73.5,0.9549,Very Low,0.00083832,Moderate
50.5000_-73.0000,50.5,-73.0,3.8341,Low,0.00105241,Moderate
50.5000_-72.5000,50.5,-72.5,5.3483,Moderate,0.00105241,Moderate
50.5000_-72.0000,50.5,-72.0,6.4413,Moderate,0.00083832,Moderate
50.5000_-71.5000,50.5,-71.5,5.0991,Moderate,0.00083832,Moderate
50.5000_-71.0000,50.5,-71.0,3.5737,Low,0.00083832,Moderate
50.5000_-70.5000,50.5,-70.5,4.8285,Moderate,0.00139077,Moderate
50.5000_-70.0000,50.5,-70.0,2.1716,Low,0.00083832,Moderate
50.5000_-69.5000,50.5,-69.5,2.8689,Low,0.00083832,Moderate
50.5000_-69.0000,50.5,-69.0,0.4823,Very Low,0.0023586,Moderate
50.5000_-68.5000,50.5,-68.5,0.9248,Very Low,0.00586819,Moderate
50.5000_-68.0000,50.5,-68.0,0.4905,Very Low,0.00083832,Moderate
50.5000_-67.5000,50.5,-67.5,0.2726,Very Low,0.00068534,Low
50.5000_-67.0000,50.5,-67.0,0.4074,Very Low,0.00083832,Moderate
50.5000_-66.5000,50.5,-66.5,0.335,Very Low,0.02704935,High
50.5000_-66.0000,50.5,-66.0,0.4394,Very Low,0.01432781,High
50.5000_-65.5000,50.5,-65.5,0.6531,Very Low,0.00068534,Low
50.5000_-65.0000,50.5,-65.0,0.4896,Very Low,0.00068534,Low
50.5000_-64.5000,50.5,-64.5,0.3979,Very Low,0.00139077,Moderate
50.5000_-64.0000,50.5,-64.0,0.0322,Very Low,0.00083832,Moderate
50.5000_-63.5000,50.5,-63.5,0.0204,Very Low,0.00083832,Moderate
50.5000_-63.0000,50.5,-63.0,0.0592,Very Low,0.00083832,Moderate
50.5000_-62.5000,50.5,-62.5,0.0171,Very Low,0.00068534,Low
50.5000_-62.0000,50.5,-62.0,0.0808,Very Low,0.00140231,Moderate
50.5000_-61.5000,50.5,-61.5,0.1422,Very Low,0.00139077,Moderate
50.5000_-61.0000,50.5,-61.0,0.0629,Very Low,0.00083832,Moderate
50.5000_-60.5000,50.5,-60.5,0.0195,Very Low,0.00105241,Moderate
50.5000_-60.0000,50.5,-60.0,0.0092,Very Low,0.00053927,Low
50.5000_-59.5000,50.5,-59.5,0.0007,Very Low,0.00083832,Moderate
50.5000_-57.5000,50.5,-57.5,0.0835,Very Low,0.00053927,Low
50.5000_-57.0000,50.5,-57.0,0.0743,Very Low,0.00068534,Low
50.5000_-56.5000,50.5,-56.5,0.0466,Very Low,0.0,Very Low
51.0000_-128.0000,51.0,-128.0,1.2312,Very Low,0.00068534,Low
51.0000_-127.5000,51.0,-127.5,2.0201,Low,0.00083832,Moderate
51.0000_-127.0000,51.0,-127.0,1.2902,Very Low,0.00083832,Moderate
51.0000_-126.5000,51.0,-126.5,0.6285,Very Low,0.00139077,Moderate
51.0000_-126.0000,51.0,-126.0,3.994,Low,0.00083832,Moderate
51.0000_-125.5000,51.0,-125.5,2.887,Low,0.00139077,Moderate
51.0000_-125.0000,51.0,-125.0,1.8795,Very Low,0.00355104,Moderate
51.0000_-124.5000,51.0,-124.5,0.4817,Very Low,0.00355104,Moderate
51.0000_-124.0000,51.0,-124.0,3.7724,Low,0.00355104,Moderate
51.0000_-123.5000,51.0,-123.5,4.5684,Moderate,0.00083832,Moderate
51.0000_-123.0000,51.0,-123.0,0.5079,Very Low,0.01040092,Moderate
51.0000_-122.5000,51.0,-122.5,1.3252,Very Low,0.02154918,High
51.0000_-122.0000,51.0,-122.0,0.947,Very Low,0.10967256,High
51.0000_-121.5000,51.0,-121.5,3.0371,Low,0.10967256,High
51.0000_-121.0000,51.0,-121.0,0.0677,Very Low,0.0540013,High
51.0000_-120.5000,51.0,-120.5,0.0045,Very Low,0.04267782,High
51.0000_-120.0000,51.0,-120.0,7.0696,Moderate,0.10967256,High
51.0000_-119.5000,51.0,-119.5,5.0137,Moderate,0.08001374,High
51.0000_-119.0000,51.0,-119.0,6.8387,Moderate,0.09737058,High
51.0000_-118.5000,51.0,-118.5,0.6071,Very Low,0.047139,High
51.0000_-118.0000,51.0,-118.0,0.2991,Very Low,0.04267782,High
51.0000_-117.5000,51.0,-117.5,0.2201,Very Low,0.04267782,High
51.0000_-117.0000,51.0,-117.0,0.1338,Very Low,0.01432781,High
51.0000_-116.5000,51.0,-116.5,0.4119,Very Low,0.08423395,High
51.0000_-116.0000,51.0,-116.0,0.0,Very Low,0.02281652,High
51.0000_-115.5000,51.0,-115.5,0.0,Very Low,0.03276447,High
51.0000_-115.0000,51.0,-115.0,0.0,Very Low,0.00697906,Moderate
51.0000_-114.5000,51.0,-114.5,0.0002,Very Low,0.01432781,High
51.0000_-114.0000,51.0,-114.0,0.0208,Very Low,0.00068534,Low
51.0000_-113.5000,51.0,-113.5,0.4819,Very Low,1.896e-05,Very Low
51.0000_-113.0000,51.0,-113.0,0.6482,Very Low,0.00015106,Low
51.0000_-112.5000,51.0,-112.5,1.3384,Very Low,7.416e-05,Low
51.0000_-112.0000,51.0,-112.0,0.7908,Very Low,0.00083832,Moderate
51.0000_-111.5000,51.0,-111.5,2.1492,Low,7.416e-05,Low
51.0000_-111.0000,51.0,-111.0,0.6166,Very Low,1.896e-05,Very Low
51.0000_-110.5000,51.0,-110.5,0.1014,Very Low,1.896e-05,Very Low
51.0000_-110.0000,51.0,-110.0,0.0193,Very Low,7.416e-05,Low
51.0000_-109.5000,51.0,-109.5,0.0147,Very Low,0.00053927,Low
51.0000_-109.0000,51.0,-109.0,0.0034,Very Low,0.00015106,Low
51.0000_-108.5000,51.0,-108.5,0.0059,Very Low,0.00068534,Low
51.0000_-108.0000,51.0,-108.0,0.0045,Very Low,0.00083832,Moderate
51.0000_-107.5000,51.0,-107.5,0.0292,Very Low,0.00068534,Low
51.0000_-107.0000,51.0,-107.0,0.0406,Very Low,0.00053927,Low
51.0000_-106.5000,51.0,-106.5,0.0288,Very Low,0.00105241,Moderate
51.0000_-106.0000,51.0,-106.0,0.0164,Very Low,0.00068534,Low
51.0000_-105.5000,51.0,-105.5,0.0364,Very Low,0.00083832,Moderate
51.0000_-105.0000,51.0,-105.0,0.016,Very Low,0.00083832,Moderate
51.0000_-104.5000,51.0,-104.5,0.0201,Very Low,0.00083832,Moderate
51.0000_-104.0000,51.0,-104.0,0.0394,Very Low,0.00068534,Low
51.0000_-103.5000,51.0,-103.5,0.0596,Very Low,0.00083832,Moderate
51.0000_-103.0000,51.0,-103.0,0.1434,Very Low,0.00083832,Moderate
51.0000_-102.5000,51.0,-102.5,0.1929,Very Low,0.00083832,Moderate
51.0000_-102.0000,51.0,-102.0,0.1727,Very Low,0.00068534,Low
51.0000_-101.5000,51.0,-101.5,0.1579,Very Low,0.00053927,Low
51.0000_-101.0000,51.0,-101.0,0.1049,Very Low,0.00053927,Low
51.0000_-100.5000,51.0,-100.5,0.0542,Very Low,0.00083832,Moderate
51.0000_-100.0000,51.0,-100.0,0.0287,Very Low,0.00083832,Moderate
51.0000_-99.5000,51.0,-99.5,0.1554,Very Low,0.00068534,Low
51.0000_-99.0000,51.0,-99.0,0.2889,Very Low,0.00053927,Low
51.0000_-98.5000,51.0,-98.5,0.9765,Very Low,0.00053927,Low
51.0000_-98.0000,51.0,-98.0,0.0836,Very Low,0.0023586,Moderate
51.0000_-97.5000,51.0,-97.5,0.1307,Very Low,0.00139077,Moderate
51.0000_-97.0000,51.0,-97.0,0.1993,Very Low,0.00068534,Low
51.0000_-96.5000,51.0,-96.5,0.4674,Very Low,0.00333659,Moderate
51.0000_-96.0000,51.0,-96.0,0.057,Very Low,0.00632347,Moderate
51.0000_-95.5000,51.0,-95.5,0.0272,Very Low,0.00355104,Moderate
51.0000_-95.0000,51.0,-95.0,0.002,Very Low,0.00139077,Moderate
51.0000_-94.5000,51.0,-94.5,0.0489,Very Low,0.00243473,Moderate
51.0000_-94.0000,51.0,-94.0,0.1645,Very Low,0.0023586,Moderate
51.0000_-93.5000,51.0,-93.5,0.0208,Very Low,0.00140231,Moderate
51.0000_-93.0000,51.0,-93.0,0.0272,Very Low,0.0023586,Moderate
51.0000_-92.5000,51.0,-92.5,0.0306,Very Low,0.00333659,Moderate
51.0000_-92.0000,51.0,-92.0,0.1014,Very Low,0.0054932,Moderate
51.0000_-91.5000,51.0,-91.5,0.0407,Very Low,0.0023586,Moderate
51.0000_-91.0000,51.0,-91.0,0.6248,Very Low,0.0023586,Moderate
51.0000_-90.5000,51.0,-90.5,0.1629,Very Low,0.00139077,Moderate
51.0000_-90.0000,51.0,-90.0,0.1443,Very Low,0.00697906,Moderate
51.0000_-89.5000,51.0,-89.5,0.2714,Very Low,0.00355104,Moderate
51.0000_-89.0000,51.0,-89.0,0.2137,Very Low,0.00243473,Moderate
51.0000_-88.5000,51.0,-88.5,0.3941,Very Low,0.00139077,Moderate
51.0000_-88.0000,51.0,-88.0,0.5802,Very Low,0.0054932,Moderate
51.0000_-87.5000,51.0,-87.5,0.3601,Very Low,0.00243473,Moderate
51.0000_-87.0000,51.0,-87.0,0.8326,Very Low,0.00083832,Moderate
51.0000_-86.5000,51.0,-86.5,0.9347,Very Low,0.00068534,Low
51.0000_-86.0000,51.0,-86.0,0.7194,Very Low,0.00068534,Low
51.0000_-85.5000,51.0,-85.5,0.6978,Very Low,0.00068534,Low
51.0000_-85.0000,51.0,-85.0,0.6216,Very Low,0.00068534,Low
51.0000_-84.5000,51.0,-84.5,0.6348,Very Low,0.00083832,Moderate
51.0000_-84.0000,51.0,-84.0,0.5688,Very Low,7.416e-05,Low
51.0000_-83.5000,51.0,-83.5,0.2763,Very Low,0.00068534,Low
51.0000_-83.0000,51.0,-83.0,0.4033,Very Low,0.00053927,Low
51.0000_-82.5000,51.0,-82.5,0.4623,Very Low,7.416e-05,Low
51.0000_-82.0000,51.0,-82.0,0.8362,Very Low,0.00053927,Low
51.0000_-81.5000,51.0,-81.5,0.68,Very Low,0.00068534,Low
51.0000_-81.0000,51.0,-81.0,1.555,Very Low,0.00068534,Low
51.0000_-80.5000,51.0,-80.5,0.9295,Very Low,0.00068534,Low
51.0000_-80.0000,51.0,-80.0,0.8607,Very Low,0.00068534,Low
51.0000_-79.5000,51.0,-79.5,1.6211,Very Low,0.00053927,Low
51.0000_-79.0000,51.0,-79.0,1.84,Very Low,0.00068534,Low
51.0000_-78.5000,51.0,-78.5,3.1112,Low,0.00068534,Low
51.0000_-78.0000,51.0,-78.0,0.6183,Very Low,0.00068534,Low
51.0000_-77.5000,51.0,-77.5,2.402,Low,0.00068534,Low
51.0000_-77.0000,51.0,-77.0,8.2342,High,0.00083832,Moderate
51.0000_-76.5000,51.0,-76.5,3.0776,Low,0.00083832,Moderate
51.0000_-76.0000,51.0,-76.0,3.3704,Low,0.00141978,Moderate
51.0000_-75.5000,51.0,-75.5,3.0259,Low,0.00083832,Moderate
51.0000_-75.0000,51.0,-75.0,3.3557,Low,0.00083832,Moderate
51.0000_-74.5000,51.0,-74.5,3.4372,Low,0.00083832,Moderate
51.0000_-74.0000,51.0,-74.0,3.8046,Low,0.00083832,Moderate
51.0000_-73.5000,51.0,-73.5,4.035,Moderate,0.00068534,Low
51.0000_-73.0000,51.0,-73.0,0.6251,Very Low,0.00083832,Moderate
51.0000_-72.5000,51.0,-72.5,0.8122,Very Low,0.00068534,Low
51.0000_-72.0000,51.0,-72.0,1.5239,Very Low,0.00083832,Moderate
51.0000_-71.5000,51.0,-71.5,2.7865,Low,0.00105241,Moderate
51.0000_-71.0000,51.0,-71.0,3.297,Low,0.00083832,Moderate
51.0000_-70.5000,51.0,-70.5,2.9606,Low,0.00083832,Moderate
51.0000_-70.0000,51.0,-70.0,1.5206,Very Low,0.00083832,Moderate
51.0000_-69.5000,51.0,-69.5,3.4539,Low,0.00083832,Moderate
51.0000_-69.0000,51.0,-69.0,0.8304,Very Low,0.00083832,Moderate
51.0000_-68.5000,51.0,-68.5,0.5498,Very Low,0.00068534,Low
51.0000_-68.0000,51.0,-68.0,0.3125,Very Low,0.00015106,Low
51.0000_-67.5000,51.0,-67.5,0.3987,Very Low,0.00139077,Moderate
51.0000_-67.0000,51.0,-67.0,0.3772,Very Low,0.00068534,Low
51.0000_-66.5000,51.0,-66.5,0.3032,Very Low,0.00105241,Moderate
51.0000_-66.0000,51.0,-66.0,0.2447,Very Low,0.00083832,Moderate
51.0000_-65.5000,51.0,-65.5,0.1714,Very Low,7.416e-05,Low
51.0000_-65.0000,51.0,-65.0,0.1602,Very Low,0.00053927,Low
51.0000_-64.5000,51.0,-64.5,0.0969,Very Low,0.00068534,Low
51.0000_-64.0000,51.0,-64.0,0.1197,Very Low,0.00083832,Moderate
51.0000_-63.5000,51.0,-63.5,0.0288,Very Low,0.00083832,Moderate
51.0000_-63.0000,51.0,-63.0,0.0096,Very Low,0.00068534,Low
51.0000_-62.5000,51.0,-62.5,0.0174,Very Low,0.00083832,Moderate
51.0000_-62.0000,51.0,-62.0,0.0115,Very Low,0.00053927,Low
51.0000_-61.5000,51.0,-61.5,0.0123,Very Low,0.00083832,Moderate
51.0000_-61.0000,51.0,-61.0,0.0312,Very Low,0.00083832,Moderate
51.0000_-60.5000,51.0,-60.5,0.0285,Very Low,0.00083832,Moderate
51.0000_-60.0000,51.0,-60.0,0.1144,Very Low,0.00083832,Moderate
51.0000_-59.5000,51.0,-59.5,0.0905,Very Low,1.896e-05,Very Low
51.0000_-59.0000,51.0,-59.0,0.0946,Very Low,0.00083832,Moderate
51.0000_-57.0000,51.0,-57.0,0.0977,Very Low,0.00083832,Moderate
51.0000_-56.5000,51.0,-56.5,0.0855,Very Low,1.896e-05,Very Low
51.0000_-56.0000,51.0,-56.0,0.1379,Very Low,0.00083832,Moderate
51.0000_-55.5000,51.0,-55.5,0.0515,Very Low,1.896e-05,Very Low
51.5000_-128.0000,51.5,-128.0,2.299,Low,0.00068534,Low
51.5000_-127.5000,51.5,-127.5,1.9908,Very Low,0.00068534,Low
51.5000_-127.0000,51.5,-127.0,3.542,Low,0.00083832,Moderate
51.5000_-126.5000,51.5,-126.5,2.9732,Low,0.00068534,Low
51.5000_-126.0000,51.5,-126.0,2.6258,Low,0.00068534,Low
51.5000_-125.5000,51.5,-125.5,3.5437,Low,0.00083832,Moderate
51.5000_-125.0000,51.5,-125.0,1.5939,Very Low,0.01432781,High
51.5000_-124.5000,51.5,-124.5,0.03,Very Low,0.01040092,Moderate
51.5000_-124.0000,51.5,-124.0,3.1022,Low,0.02154918,High
51.5000_-123.5000,51.5,-123.5,4.5066,Moderate,0.01432781,High
51.5000_-123.0000,51.5,-123.0,4.8976,Moderate,0.01250206,High
51.5000_-122.5000,51.5,-122.5,1.7331,Very Low,0.02704935,High
51.5000_-122.0000,51.5,-122.0,9.0239,High,0.11865618,High
51.5000_-121.5000,51.5,-121.5,8.5167,High,0.10967256,High
51.5000_-121.0000,51.5,-121.0,6.9574,Moderate,0.10967256,High
51.5000_-120.5000,51.5,-120.5,4.9899,Moderate,0.07627119,High
51.5000_-120.0000,51.5,-120.0,0.9173,Very Low,0.07052897,High
51.5000_-119.5000,51.5,-119.5,5.2572,Moderate,0.08423395,High
51.5000_-119.0000,51.5,-119.0,0.0249,Very Low,0.03276447,High
51.5000_-118.5000,51.5,-118.5,0.0884,Very Low,0.03702563,High
51.5000_-118.0000,51.5,-118.0,0.0085,Very Low,0.02281652,High
51.5000_-117.5000,51.5,-117.5,0.3672,Very Low,0.047139,High
51.5000_-117.0000,51.5,-117.0,1.6408,Very Low,0.03657881,High
51.5000_-116.5000,51.5,-116.5,0.0069,Very Low,0.02281652,High
51.5000_-116.0000,51.5,-116.0,0.0,Very Low,0.01102536,High
51.5000_-115.5000,51.5,-115.5,0.0,Very Low,0.01432781,High
51.5000_-115.0000,51.5,-115.0,0.002,Very Low,0.02281652,High
51.5000_-114.5000,51.5,-114.5,0.0792,Very Low,0.0054932,Moderate
51.5000_-114.0000,51.5,-114.0,0.7812,Very Low,7.416e-05,Low
51.5000_-113.5000,51.5,-113.5,1.409,Very Low,1.896e-05,Very Low
51.5000_-113.0000,51.5,-113.0,3.1781,Low,7.416e-05,Low
51.5000_-112.5000,51.5,-112.5,1.11,Very Low,7.416e-05,Low
51.5000_-112.0000,51.5,-112.0,1.4304,Very Low,7.416e-05,Low
51.5000_-111.5000,51.5,-111.5,0.8157,Very Low,0.00018179,Low
51.5000_-111.0000,51.5,-111.0,0.4234,Very Low,1.896e-05,Very Low
51.5000_-110.5000,51.5,-110.5,0.3855,Very Low,1.896e-05,Very Low
51.5000_-110.0000,51.5,-110.0,0.282,Very Low,0.00068534,Low
51.5000_-109.5000,51.5,-109.5,0.5106,Very Low,1.896e-05,Very Low
51.5000_-109.0000,51.5,-109.0,0.0244,Very Low,0.00068534,Low
51.5000_-108.5000,51.5,-108.5,0.0156,Very Low,0.00053927,Low
51.5000_-108.0000,51.5,-108.0,0.016,Very Low,0.00068534,Low
51.5000_-107.5000,51.5,-107.5,0.0559,Very Low,0.00139077,Moderate
51.5000_-107.0000,51.5,-107.0,0.0361,Very Low,0.00083832,Moderate
51.5000_-106.5000,51.5,-106.5,0.0631,Very Low,0.00083832,Moderate
51.5000_-106.0000,51.5,-106.0,0.0277,Very Low,0.00139077,Moderate
51.5000_-105.5000,51.5,-105.5,0.0361,Very Low,0.00068534,Low
51.5000_-105.0000,51.5,-105.0,0.0634,Very Low,1.896e-05,Very Low
51.5000_-104.5000,51.5,-104.5,0.0166,Very Low,0.00068534,Low
51.5000_-104.0000,51.5,-104.0,0.0354,Very Low,0.00083832,Moderate
51.5000_-103.5000,51.5,-103.5,0.0449,Very Low,0.00068534,Low
51.5000_-103.0000,51.5,-103.0,0.1344,Very Low,0.00083832,Moderate
51.5000_-102.5000,51.5,-102.5,0.1348,Very Low,0.00083832,Moderate
51.5000_-102.0000,51.5,-102.0,0.2128,Very Low,0.00105241,Moderate
51.5000_-101.5000,51.5,-101.5,0.0949,Very Low,0.00068534,Low
51.5000_-101.0000,51.5,-101.0,0.054,Very Low,0.00139077,Moderate
51.5000_-100.5000,51.5,-100.5,0.1291,Very Low,0.00068534,Low
51.5000_-100.0000,51.5,-100.0,0.2531,Very Low,0.00083832,Moderate
51.5000_-99.5000,51.5,-99.5,0.6327,Very Low,0.00053927,Low
51.5000_-99.0000,51.5,-99.0,0.5423,Very Low,0.00185644,Moderate
51.5000_-98.5000,51.5,-98.5,0.3537,Very Low,0.00770915,Moderate
51.5000_-98.0000,51.5,-98.0,0.0519,Very Low,0.00083832,Moderate
51.5000_-97.5000,51.5,-97.5,0.0214,Very Low,0.00770915,Moderate
51.5000_-97.0000,51.5,-97.0,0.2068,Very Low,0.00105241,Moderate
51.5000_-96.5000,51.5,-96.5,0.0513,Very Low,0.0023586,Moderate
51.5000_-96.0000,51.5,-96.0,0.0052,Very Low,0.0023586,Moderate
51.5000_-95.5000,51.5,-95.5,0.0002,Very Low,0.00355104,Moderate
51.5000_-95.0000,51.5,-95.0,0.0254,Very Low,0.00243473,Moderate
51.5000_-94.5000,51.5,-94.5,0.1228,Very Low,0.0023586,Moderate
51.5000_-94.0000,51.5,-94.0,0.0183,Very Low,0.0023586,Moderate
51.5000_-93.5000,51.5,-93.5,0.0797,Very Low,0.0023586,Moderate
51.5000_-93.0000,51.5,-93.0,0.0045,Very Low,0.00139077,Moderate
51.5000_-92.5000,51.5,-92.5,0.0032,Very Low,0.00139077,Moderate
51.5000_-92.0000,51.5,-92.0,0.0446,Very Low,0.01040092,Moderate
51.5000_-91.5000,51.5,-91.5,0.0481,Very Low,0.0023586,Moderate
51.5000_-91.0000,51.5,-91.0,0.0843,Very Low,0.00139077,Moderate
51.5000_-90.5000,51.5,-90.5,0.1813,Very Low,0.0054932,Moderate
51.5000_-90.0000,51.5,-90.0,0.1796,Very Low,0.00697906,Moderate
51.5000_-89.5000,51.5,-89.5,0.0655,Very Low,0.00105241,Moderate
51.5000_-89.0000,51.5,-89.0,0.1747,Very Low,0.0023586,Moderate
51.5000_-88.5000,51.5,-88.5,0.4877,Very Low,0.0054932,Moderate
51.5000_-88.0000,51.5,-88.0,0.8006,Very Low,0.00632347,Moderate
51.5000_-87.5000,51.5,-87.5,0.4588,Very Low,0.00139077,Moderate
51.5000_-87.0000,51.5,-87.0,0.3513,Very Low,0.00083832,Moderate
51.5000_-86.5000,51.5,-86.5,0.2548,Very Low,0.00068534,Low
51.5000_-86.0000,51.5,-86.0,0.7562,Very Low,0.0054932,Moderate
51.5000_-85.5000,51.5,-85.5,0.4385,Very Low,0.00068534,Low
51.5000_-85.0000,51.5,-85.0,0.3209,Very Low,0.00068534,Low
51.5000_-84.5000,51.5,-84.5,0.6437,Very Low,0.00068534,Low
51.5000_-84.0000,51.5,-84.0,0.4595,Very Low,0.00053927,Low
51.5000_-83.5000,51.5,-83.5,0.1864,Very Low,7.416e-05,Low
51.5000_-83.0000,51.5,-83.0,0.4359,Very Low,0.00053927,Low
51.5000_-82.5000,51.5,-82.5,0.4057,Very Low,0.00018179,Low
51.5000_-82.0000,51.5,-82.0,0.8144,Very Low,0.00068534,Low
51.5000_-81.5000,51.5,-81.5,1.0944,Very Low,0.00068534,Low
51.5000_-81.0000,51.5,-81.0,1.7431,Very Low,0.00068534,Low
51.5000_-80.5000,51.5,-80.5,2.5835,Low,0.00068534,Low
51.5000_-79.5000,51.5,-79.5,3.3785,Low,0.00053927,Low
51.5000_-79.0000,51.5,-79.0,5.7217,Moderate,0.00053927,Low
51.5000_-78.5000,51.5,-78.5,1.9556,Very Low,0.00083832,Moderate
51.5000_-78.0000,51.5,-78.0,2.0611,Low,0.00068534,Low
51.5000_-77.5000,51.5,-77.5,1.6004,Very Low,0.00068534,Low
51.5000_-77.0000,51.5,-77.0,5.1916,Moderate,0.00083832,Moderate
51.5000_-76.5000,51.5,-76.5,4.0628,Moderate,0.00068534,Low
51.5000_-76.0000,51.5,-76.0,3.5628,Low,0.00068534,Low
51.5000_-75.5000,51.5,-75.5,2.7499,Low,0.00068534,Low
51.5000_-75.0000,51.5,-75.0,1.9881,Very Low,0.00083832,Moderate
51.5000_-74.5000,51.5,-74.5,1.8501,Very Low,0.00068534,Low
51.5000_-74.0000,51.5,-74.0,0.7991,Very Low,0.00053927,Low
51.5000_-73.5000,51.5,-73.5,0.6249,Very Low,0.00068534,Low
51.5000_-73.0000,51.5,-73.0,0.4653,Very Low,0.00053927,Low
51.5000_-72.5000,51.5,-72.5,0.7925,Very Low,0.00053927,Low
51.5000_-72.0000,51.5,-72.0,0.4538,Very Low,0.00053927,Low
51.5000_-71.5000,51.5,-71.5,1.5268,Very Low,0.00083832,Moderate
51.5000_-71.0000,51.5,-71.0,1.5074,Very Low,0.00068534,Low
51.5000_-70.5000,51.5,-70.5,2.7247,Low,0.00083832,Moderate
51.5000_-70.0000,51.5,-70.0,2.3254,Low,0.00083832,Moderate
51.5000_-69.5000,51.5,-69.5,4.1855,Moderate,0.00105241,Moderate
51.5000_-69.0000,51.5,-69.0,3.4515,Low,0.00083832,Moderate
51.5000_-68.5000,51.5,-68.5,0.9381,Very Low,0.00068534,Low
51.5000_-68.0000,51.5,-68.0,0.0865,Very Low,0.00068534,Low
51.5000_-67.5000,51.5,-67.5,0.3306,Very Low,0.00083832,Moderate
51.5000_-67.0000,51.5,-67.0,0.425,Very Low,0.00068534,Low
51.5000_-66.5000,51.5,-66.5,0.3562,Very Low,0.00083832,Moderate
51.5000_-66.0000,51.5,-66.0,0.348,Very Low,0.00053927,Low
51.5000_-65.5000,51.5,-65.5,0.3569,Very Low,0.00068534,Low
51.5000_-65.0000,51.5,-65.0,0.1718,Very Low,0.00068534,Low
51.5000_-64.5000,51.5,-64.5,0.0287,Very Low,0.00083832,Moderate
51.5000_-64.0000,51.5,-64.0,0.195,Very Low,0.00083832,Moderate
51.5000_-63.5000,51.5,-63.5,0.0915,Very Low,0.00083832,Moderate
51.5000_-63.0000,51.5,-63.0,0.0136,Very Low,0.00083832,Moderate
51.5000_-62.5000,51.5,-62.5,0.0184,Very Low,0.00068534,Low
51.5000_-62.0000,51.5,-62.0,0.0175,Very Low,0.00068534,Low
51.5000_-61.5000,51.5,-61.5,0.0167,Very Low,0.00015106,Low
51.5000_-61.0000,51.5,-61.0,0.038,Very Low,0.00083832,Moderate
51.5000_-60.5000,51.5,-60.5,0.0531,Very Low,0.00139077,Moderate
51.5000_-60.0000,51.5,-60.0,0.2037,Very Low,1.896e-05,Very Low
51.5000_-59.5000,51.5,-59.5,0.3411,Very Low,1.896e-05,Very Low
51.5000_-59.0000,51.5,-59.0,0.2371,Very Low,1.896e-05,Very Low
51.5000_-58.5000,51.5,-58.5,0.0736,Very Low,0.00068534,Low
51.5000_-58.0000,51.5,-58.0,0.0622,Very Low,0.00068534,Low
51.5000_-57.5000,51.5,-57.5,0.107,Very Low,0.00068534,Low
51.5000_-57.0000,51.5,-57.0,0.0752,Very Low,0.00053927,Low
51.5000_-56.5000,51.5,-56.5,0.045,Very Low,0.00068534,Low
51.5000_-56.0000,51.5,-56.0,0.1622,Very Low,0.00083832,Moderate
51.5000_-55.5000,51.5,-55.5,0.1102,Very Low,0.00068534,Low
52.0000_-131.0000,52.0,-131.0,3.719,Low,1.896e-05,Very Low
52.0000_-128.5000,52.0,-128.5,2.5594,Low,0.00068534,Low
52.0000_-128.0000,52.0,-128.0,1.4784,Very Low,0.00083832,Moderate
52.0000_-127.5000,52.0,-127.5,3.1636,Low,0.00068534,Low
52.0000_-127.0000,52.0,-127.0,4.8079,Moderate,0.00083832,Moderate
52.0000_-126.5000,52.0,-126.5,4.8093,Moderate,0.00140231,Moderate
52.0000_-126.0000,52.0,-126.0,3.5102,Low,0.00105241,Moderate
52.0000_-125.5000,52.0,-125.5,0.2608,Very Low,0.00611154,Moderate
52.0000_-125.0000,52.0,-125.0,0.5943,Very Low,0.047139,High
52.0000_-124.5000,52.0,-124.5,8.409,High,0.04267782,High
52.0000_-124.0000,52.0,-124.0,4.0404,Moderate,0.10500879,High
52.0000_-123.5000,52.0,-123.5,3.0376,Low,0.10967256,High
52.0000_-123.0000,52.0,-123.0,8.9967,High,0.11865618,High
52.0000_-122.5000,52.0,-122.5,1.5281,Very Low,0.10967256,High
52.0000_-122.0000,52.0,-122.0,8.5148,High,0.08001374,High
52.0000_-121.5000,52.0,-121.5,8.1693,High,0.10967256,High
52.0000_-121.0000,52.0,-121.0,4.9093,Moderate,0.05620805,High
52.0000_-120.5000,52.0,-120.5,5.1243,Moderate,0.05620805,High
52.0000_-120.0000,52.0,-120.0,1.8427,Very Low,0.05369128,High
52.0000_-119.5000,52.0,-119.5,0.0993,Very Low,0.02154918,High
52.0000_-119.0000,52.0,-119.0,0.0048,Very Low,0.01649175,High
52.0000_-118.5000,52.0,-118.5,0.1653,Very Low,0.04267782,High
52.0000_-118.0000,52.0,-118.0,0.0017,Very Low,0.02704935,High
52.0000_-117.5000,52.0,-117.5,0.0024,Very Low,0.01040092,Moderate
52.0000_-117.0000,52.0,-117.0,0.0,Very Low,0.00105241,Moderate
52.0000_-116.5000,52.0,-116.5,0.002,Very Low,0.01432781,High
52.0000_-116.0000,52.0,-116.0,0.0021,Very Low,0.01996567,High
52.0000_-115.5000,52.0,-115.5,0.0438,Very Low,0.02281652,High
52.0000_-115.0000,52.0,-115.0,0.6858,Very Low,0.02704935,High
52.0000_-114.5000,52.0,-114.5,1.6975,Very Low,0.00973957,Moderate
52.0000_-114.0000,52.0,-114.0,0.8114,Very Low,7.416e-05,Low
52.0000_-113.5000,52.0,-113.5,4.9508,Moderate,0.00053927,Low
52.0000_-113.0000,52.0,-113.0,2.8624,Low,7.416e-05,Low
52.0000_-112.5000,52.0,-112.5,4.4109,Moderate,1.896e-05,Very Low
52.0000_-112.0000,52.0,-112.0,3.6854,Low,7.416e-05,Low
52.0000_-111.5000,52.0,-111.5,1.8958,Very Low,7.416e-05,Low
52.0000_-111.0000,52.0,-111.0,1.6557,Very Low,7.416e-05,Low
52.0000_-110.5000,52.0,-110.5,0.9487,Very Low,1.896e-05,Very Low
52.0000_-110.0000,52.0,-110.0,0.8444,Very Low,0.00068534,Low
52.0000_-109.5000,52.0,-109.5,0.9038,Very Low,1.896e-05,Very Low
52.0000_-109.0000,52.0,-109.0,0.0182,Very Low,0.00068534,Low
52.0000_-108.5000,52.0,-108.5,0.1599,Very Low,0.00053927,Low
52.0000_-108.0000,52.0,-108.0,0.0848,Very Low,0.00068534,Low
52.0000_-107.5000,52.0,-107.5,0.0579,Very Low,0.00068534,Low
52.0000_-107.0000,52.0,-107.0,0.0735,Very Low,0.00139077,Moderate
52.0000_-106.5000,52.0,-106.5,0.0759,Very Low,0.00083832,Moderate
52.0000_-106.0000,52.0,-106.0,0.2107,Very Low,0.00068534,Low
52.0000_-105.5000,52.0,-105.5,0.1284,Very Low,0.00068534,Low
52.0000_-105.0000,52.0,-105.0,0.0595,Very Low,0.00068534,Low
52.0000_-104.5000,52.0,-104.5,0.0678,Very Low,0.00053927,Low
52.0000_-104.0000,52.0,-104.0,0.0864,Very Low,0.00083832,Moderate
52.0000_-103.5000,52.0,-103.5,0.1023,Very Low,0.00083832,Moderate
52.0000_-103.0000,52.0,-103.0,0.0919,Very Low,0.00053927,Low
52.0000_-102.5000,52.0,-102.5,0.0978,Very Low,0.00083832,Moderate
52.0000_-102.0000,52.0,-102.0,0.0947,Very Low,0.00083832,Moderate
52.0000_-101.5000,52.0,-101.5,0.1176,Very Low,0.00083832,Moderate
52.0000_-101.0000,52.0,-101.0,0.0704,Very Low,0.00083832,Moderate
52.0000_-100.5000,52.0,-100.5,0.0976,Very Low,0.00139077,Moderate
52.0000_-100.0000,52.0,-100.0,0.4466,Very Low,0.00083832,Moderate
52.0000_-99.5000,52.0,-99.5,0.1688,Very Low,0.00586819,Moderate
52.0000_-99.0000,52.0,-99.0,0.0137,Very Low,0.00068534,Low
52.0000_-98.5000,52.0,-98.5,0.0123,Very Low,0.00305399,Moderate
52.0000_-98.0000,52.0,-98.0,0.1307,Very Low,0.00083832,Moderate
52.0000_-97.5000,52.0,-97.5,0.0453,Very Low,0.00083832,Moderate
52.0000_-97.0000,52.0,-97.0,0.3729,Very Low,0.00140231,Moderate
52.0000_-96.5000,52.0,-96.5,0.0001,Very Low,0.0023586,Moderate
52.0000_-96.0000,52.0,-96.0,0.0,Very Low,0.0023586,Moderate
52.0000_-95.5000,52.0,-95.5,0.001,Very Low,0.00770915,Moderate
52.0000_-95.0000,52.0,-95.0,0.0468,Very Low,0.0023586,Moderate
52.0000_-94.5000,52.0,-94.5,0.0236,Very Low,0.00586819,Moderate
52.0000_-94.0000,52.0,-94.0,0.0288,Very Low,0.00586819,Moderate
52.0000_-93.5000,52.0,-93.5,0.0049,Very Low,0.00140231,Moderate
52.0000_-93.0000,52.0,-93.0,0.0041,Very Low,0.00083832,Moderate
52.0000_-92.5000,52.0,-92.5,0.0005,Very Low,0.00105241,Moderate
52.0000_-92.0000,52.0,-92.0,0.0005,Very Low,0.00083832,Moderate
52.0000_-91.5000,52.0,-91.5,0.0004,Very Low,0.00140231,Moderate
52.0000_-91.0000,52.0,-91.0,0.0242,Very Low,0.00333659,Moderate
52.0000_-90.5000,52.0,-90.5,0.0362,Very Low,0.00139077,Moderate
52.0000_-90.0000,52.0,-90.0,0.0247,Very Low,0.00140231,Moderate
52.0000_-89.5000,52.0,-89.5,0.064,Very Low,0.00083832,Moderate
52.0000_-89.0000,52.0,-89.0,0.0429,Very Low,0.00140231,Moderate
52.0000_-88.5000,52.0,-88.5,0.4631,Very Low,0.0054932,Moderate
52.0000_-88.0000,52.0,-88.0,0.0698,Very Low,0.00333659,Moderate
52.0000_-87.5000,52.0,-87.5,0.2614,Very Low,0.00068534,Low
52.0000_-87.0000,52.0,-87.0,0.2045,Very Low,0.00139077,Moderate
52.0000_-86.5000,52.0,-86.5,0.2995,Very Low,0.00068534,Low
52.0000_-86.0000,52.0,-86.0,0.3968,Very Low,0.00083832,Moderate
52.0000_-85.5000,52.0,-85.5,0.6782,Very Low,0.00068534,Low
52.0000_-85.0000,52.0,-85.0,0.5007,Very Low,0.00053927,Low
52.0000_-84.5000,52.0,-84.5,0.254,Very Low,0.00053927,Low
52.0000_-84.0000,52.0,-84.0,0.0949,Very Low,0.00068534,Low
52.0000_-83.5000,52.0,-83.5,0.5614,Very Low,0.00068534,Low
52.0000_-83.0000,52.0,-83.0,0.1488,Very Low,0.00053927,Low
52.0000_-82.5000,52.0,-82.5,0.9632,Very Low,0.00068534,Low
52.0000_-82.0000,52.0,-82.0,0.9083,Very Low,0.00083832,Moderate
52.0000_-81.5000,52.0,-81.5,2.1906,Low,0.00139077,Moderate
52.0000_-81.0000,52.0,-81.0,4.3609,Moderate,0.00053927,Low
52.0000_-79.5000,52.0,-79.5,2.7841,Low,1.896e-05,Very Low
52.0000_-79.0000,52.0,-79.0,6.2144,Moderate,1.896e-05,Very Low
52.0000_-78.5000,52.0,-78.5,2.3153,Low,0.00083832,Moderate
52.0000_-78.0000,52.0,-78.0,0.8823,Very Low,0.00083832,Moderate
52.0000_-77.5000,52.0,-77.5,1.0337,Very Low,0.00053927,Low
52.0000_-77.0000,52.0,-77.0,1.5458,Very Low,0.00068534,Low
52.0000_-76.5000,52.0,-76.5,2.1881,Low,0.00083832,Moderate
52.0000_-76.0000,52.0,-76.0,2.1938,Low,0.00068534,Low
52.0000_-75.5000,52.0,-75.5,1.6756,Very Low,0.00139077,Moderate
52.0000_-75.0000,52.0,-75.0,0.9402,Very Low,0.00053927,Low
52.0000_-74.5000,52.0,-74.5,0.928,Very Low,0.00018179,Low
52.0000_-74.0000,52.0,-74.0,0.5435,Very Low,0.00068534,Low
52.0000_-73.5000,52.0,-73.5,0.804,Very Low,0.00068534,Low
52.0000_-73.0000,52.0,-73.0,0.7393,Very Low,0.00068534,Low
52.0000_-72.5000,52.0,-72.5,0.3312,Very Low,1.896e-05,Very Low
52.0000_-72.0000,52.0,-72.0,0.3312,Very Low,0.00053927,Low
52.0000_-71.5000,52.0,-71.5,3.0769,Low,0.00068534,Low
52.0000_-71.0000,52.0,-71.0,0.7804,Very Low,0.00053927,Low
52.0000_-70.5000,52.0,-70.5,1.9493,Very Low,0.00068534,Low
52.0000_-70.0000,52.0,-70.0,1.9979,Very Low,0.00053927,Low
52.0000_-69.5000,52.0,-69.5,2.7254,Low,0.00068534,Low
52.0000_-69.0000,52.0,-69.0,0.6813,Very Low,0.00068534,Low
52.0000_-68.5000,52.0,-68.5,2.8495,Low,0.00083832,Moderate
52.0000_-68.0000,52.0,-68.0,0.7434,Very Low,0.00083832,Moderate
52.0000_-67.5000,52.0,-67.5,0.5868,Very Low,0.00083832,Moderate
52.0000_-67.0000,52.0,-67.0,0.3892,Very Low,0.00083832,Moderate
52.0000_-66.5000,52.0,-66.5,0.4385,Very Low,0.00083832,Moderate
52.0000_-66.0000,52.0,-66.0,0.2805,Very Low,0.00083832,Moderate
52.0000_-65.5000,52.0,-65.5,0.6222,Very Low,0.00083832,Moderate
52.0000_-65.0000,52.0,-65.0,0.6063,Very Low,0.00083832,Moderate
52.0000_-64.5000,52.0,-64.5,0.3891,Very Low,1.896e-05,Very Low
52.0000_-64.0000,52.0,-64.0,0.4115,Very Low,0.00083832,Moderate
52.0000_-63.5000,52.0,-63.5,0.1264,Very Low,0.00083832,Moderate
52.0000_-63.0000,52.0,-63.0,0.049,Very Low,0.00083832,Moderate
52.0000_-62.5000,52.0,-62.5,0.0161,Very Low,0.00083832,Moderate
52.0000_-62.0000,52.0,-62.0,0.0172,Very Low,0.00083832,Moderate
52.0000_-61.5000,52.0,-61.5,0.0156,Very Low,0.00083832,Moderate
52.0000_-61.0000,52.0,-61.0,0.0314,Very Low,1.896e-05,Very Low
52.0000_-60.5000,52.0,-60.5,0.0602,Very Low,0.00105241,Moderate
52.0000_-60.0000,52.0,-60.0,0.0553,Very Low,0.00068534,Low
52.0000_-59.5000,52.0,-59.5,0.0997,Very Low,0.00068534,Low
52.0000_-59.0000,52.0,-59.0,0.1347,Very Low,0.00068534,Low
52.0000_-58.5000,52.0,-58.5,0.0894,Very Low,1.896e-05,Very Low
52.0000_-58.0000,52.0,-58.0,0.0543,Very Low,7.416e-05,Low
52.0000_-57.5000,52.0,-57.5,0.1043,Very Low,0.00053927,Low
52.0000_-57.0000,52.0,-57.0,0.1511,Very Low,0.00083832,Moderate
52.0000_-56.5000,52.0,-56.5,0.1949,Very Low,0.00015106,Low
52.0000_-56.0000,52.0,-56.0,0.0955,Very Low,0.00053927,Low
52.0000_-55.5000,52.0,-55.5,0.0031,Very Low,1.896e-05,Very Low
52.5000_-131.5000,52.5,-131.5,1.0123,Very Low,0.00068534,Low
52.5000_-129.0000,52.5,-129.0,3.1773,Low,1.896e-05,Very Low
52.5000_-128.5000,52.5,-128.5,2.1824,Low,1.896e-05,Very Low
52.5000_-128.0000,52.5,-128.0,2.4026,Low,0.00068534,Low
52.5000_-127.5000,52.5,-127.5,2.3267,Low,0.00083832,Moderate
52.5000_-127.0000,52.5,-127.0,4.9484,Moderate,0.00140231,Moderate
52.5000_-126.5000,52.5,-126.5,4.9135,Moderate,0.00896526,Moderate
52.5000_-126.0000,52.5,-126.0,3.3495,Low,0.02154918,High
52.5000_-125.5000,52.5,-125.5,6.9364,Moderate,0.10967256,High
52.5000_-125.0000,52.5,-125.0,6.5309,Moderate,0.05620805,High
52.5000_-124.5000,52.5,-124.5,0.1298,Very Low,0.01649175,High
52.5000_-124.0000,52.5,-124.0,0.1548,Very Low,0.00632347,Moderate
52.5000_-123.5000,52.5,-123.5,5.2268,Moderate,0.03657881,High
52.5000_-123.0000,52.5,-123.0,2.8264,Low,0.05620805,High
52.5000_-122.5000,52.5,-122.5,7.9145,Moderate,0.10967256,High
52.5000_-122.0000,52.5,-122.0,8.4543,High,0.10967256,High
52.5000_-121.5000,52.5,-121.5,7.8047,Moderate,0.10967256,High
52.5000_-121.0000,52.5,-121.0,0.0784,Very Low,0.03276447,High
52.5000_-120.5000,52.5,-120.5,4.2965,Moderate,0.047139,High
52.5000_-120.0000,52.5,-120.0,3.3176,Low,0.03702563,High
52.5000_-119.5000,52.5,-119.5,0.0162,Very Low,0.01432781,High
52.5000_-119.0000,52.5,-119.0,0.0133,Very Low,0.03383363,High
52.5000_-118.5000,52.5,-118.5,0.4622,Very Low,0.01996567,High
52.5000_-118.0000,52.5,-118.0,0.0067,Very Low,0.01377744,High
52.5000_-117.5000,52.5,-117.5,0.0036,Very Low,0.0023586,Moderate
52.5000_-117.0000,52.5,-117.0,0.0041,Very Low,0.00083832,Moderate
52.5000_-116.5000,52.5,-116.5,0.0259,Very Low,0.02154918,High
52.5000_-116.0000,52.5,-116.0,0.1112,Very Low,0.02704935,High
52.5000_-115.5000,52.5,-115.5,0.8343,Very Low,0.02704935,High
52.5000_-115.0000,52.5,-115.0,2.8727,Low,0.03290069,High
52.5000_-114.5000,52.5,-114.5,4.3901,Moderate,0.01040092,Moderate
52.5000_-114.0000,52.5,-114.0,0.5482,Very Low,0.00068534,Low
52.5000_-113.5000,52.5,-113.5,0.9008,Very Low,7.416e-05,Low
52.5000_-113.0000,52.5,-113.0,5.2601,Moderate,0.00015106,Low
52.5000_-112.5000,52.5,-112.5,5.3056,Moderate,0.00053927,Low
52.5000_-112.0000,52.5,-112.0,2.0361,Low,0.00068534,Low
52.5000_-111.5000,52.5,-111.5,1.8616,Very Low,1.896e-05,Very Low
52.5000_-111.0000,52.5,-111.0,1.8473,Very Low,7.416e-05,Low
52.5000_-110.5000,52.5,-110.5,1.4332,Very Low,1.896e-05,Very Low
52.5000_-110.0000,52.5,-110.0,0.7258,Very Low,0.00068534,Low
52.5000_-109.5000,52.5,-109.5,0.9194,Very Low,0.00083832,Moderate
52.5000_-109.0000,52.5,-109.0,0.6252,Very Low,0.00068534,Low
52.5000_-108.5000,52.5,-108.5,0.5146,Very Low,1.896e-05,Very Low
52.5000_-108.0000,52.5,-108.0,0.7206,Very Low,0.00105241,Moderate
52.5000_-107.5000,52.5,-107.5,1.4221,Very Low,0.00105241,Moderate
52.5000_-107.0000,52.5,-107.0,0.5081,Very Low,0.00243473,Moderate
52.5000_-106.5000,52.5,-106.5,0.165,Very Low,0.00139077,Moderate
52.5000_-106.0000,52.5,-106.0,0.0835,Very Low,0.00083832,Moderate
52.5000_-105.5000,52.5,-105.5,0.1908,Very Low,0.00139077,Moderate
52.5000_-105.0000,52.5,-105.0,0.163,Very Low,0.00068534,Low
52.5000_-104.5000,52.5,-104.5,0.0621,Very Low,0.00083832,Moderate
52.5000_-104.0000,52.5,-104.0,0.1067,Very Low,0.00083832,Moderate
52.5000_-103.5000,52.5,-103.5,0.1174,Very Low,0.00083832,Moderate
52.5000_-103.0000,52.5,-103.0,0.0419,Very Low,0.00083832,Moderate
52.5000_-102.5000,52.5,-102.5,0.044,Very Low,0.0023586,Moderate
52.5000_-102.0000,52.5,-102.0,0.022,Very Low,0.00083832,Moderate
52.5000_-101.5000,52.5,-101.5,0.0475,Very Low,0.00068534,Low
52.5000_-101.0000,52.5,-101.0,0.1362,Very Low,0.00139077,Moderate
52.5000_-100.5000,52.5,-100.5,0.0896,Very Low,0.00193611,Moderate
52.5000_-100.0000,52.5,-100.0,0.4961,Very Low,0.00053927,Low
52.5000_-99.5000,52.5,-99.5,0.1743,Very Low,0.00068534,Low
52.5000_-99.0000,52.5,-99.0,0.0235,Very Low,0.00083832,Moderate
52.5000_-98.5000,52.5,-98.5,0.339,Very Low,0.00053927,Low
52.5000_-98.0000,52.5,-98.0,0.2782,Very Low,0.00053927,Low
52.5000_-97.5000,52.5,-97.5,0.3833,Very Low,0.00015106,Low
52.5000_-97.0000,52.5,-97.0,0.0029,Very Low,0.00243473,Moderate
52.5000_-96.5000,52.5,-96.5,0.0001,Very Low,0.0054932,Moderate
52.5000_-96.0000,52.5,-96.0,0.0,Very Low,0.00586819,Moderate
52.5000_-95.5000,52.5,-95.5,0.0099,Very Low,0.00355104,Moderate
52.5000_-95.0000,52.5,-95.0,0.051,Very Low,0.00083832,Moderate
52.5000_-94.5000,52.5,-94.5,0.0333,Very Low,0.0023586,Moderate
52.5000_-94.0000,52.5,-94.0,0.0486,Very Low,0.00243473,Moderate
52.5000_-93.5000,52.5,-93.5,0.0012,Very Low,0.00139077,Moderate
52.5000_-93.0000,52.5,-93.0,0.01,Very Low,0.00139077,Moderate
52.5000_-92.5000,52.5,-92.5,0.0011,Very Low,0.00139077,Moderate
52.5000_-92.0000,52.5,-92.0,0.0002,Very Low,0.00083832,Moderate
52.5000_-91.5000,52.5,-91.5,0.0165,Very Low,0.00140231,Moderate
52.5000_-91.0000,52.5,-91.0,0.0099,Very Low,0.00105241,Moderate
52.5000_-90.5000,52.5,-90.5,0.0482,Very Low,0.0023586,Moderate
52.5000_-90.0000,52.5,-90.0,0.0345,Very Low,0.00105241,Moderate
52.5000_-89.5000,52.5,-89.5,0.0149,Very Low,0.00632347,Moderate
52.5000_-89.0000,52.5,-89.0,0.0005,Very Low,0.00083832,Moderate
52.5000_-88.5000,52.5,-88.5,0.001,Very Low,0.00333659,Moderate
52.5000_-88.0000,52.5,-88.0,0.0091,Very Low,0.00083832,Moderate
52.5000_-87.5000,52.5,-87.5,0.0596,Very Low,0.00355104,Moderate
52.5000_-87.0000,52.5,-87.0,0.0842,Very Low,0.00083832,Moderate
52.5000_-86.5000,52.5,-86.5,0.2751,Very Low,0.00139077,Moderate
52.5000_-86.0000,52.5,-86.0,0.552,Very Low,0.00139077,Moderate
52.5000_-85.5000,52.5,-85.5,0.4181,Very Low,0.00068534,Low
52.5000_-85.0000,52.5,-85.0,0.7778,Very Low,0.00083832,Moderate
52.5000_-84.5000,52.5,-84.5,0.6231,Very Low,0.00053927,Low
52.5000_-84.0000,52.5,-84.0,0.5645,Very Low,0.00068534,Low
52.5000_-83.5000,52.5,-83.5,0.0684,Very Low,7.416e-05,Low
52.5000_-83.0000,52.5,-83.0,0.2488,Very Low,0.00083832,Moderate
52.5000_-82.5000,52.5,-82.5,0.76,Very Low,0.00053927,Low
52.5000_-82.0000,52.5,-82.0,0.7299,Very Low,0.00053927,Low
52.5000_-81.5000,52.5,-81.5,4.3841,Moderate,0.00053927,Low
52.5000_-79.5000,52.5,-79.5,2.9466,Low,1.896e-05,Very Low
52.5000_-78.5000,52.5,-78.5,1.7741,Very Low,0.00068534,Low
52.5000_-78.0000,52.5,-78.0,0.8577,Very Low,0.00068534,Low
52.5000_-77.5000,52.5,-77.5,1.7462,Very Low,0.00068534,Low
52.5000_-77.0000,52.5,-77.0,2.2005,Low,0.00083832,Moderate
52.5000_-76.5000,52.5,-76.5,3.3429,Low,0.00068534,Low
52.5000_-76.0000,52.5,-76.0,0.9955,Very Low,0.00068534,Low
52.5000_-75.5000,52.5,-75.5,1.3413,Very Low,0.00018179,Low
52.5000_-75.0000,52.5,-75.0,0.5843,Very Low,0.00068534,Low
52.5000_-74.5000,52.5,-74.5,0.5405,Very Low,7.416e-05,Low
52.5000_-74.0000,52.5,-74.0,0.7308,Very Low,0.00018179,Low
52.5000_-73.5000,52.5,-73.5,0.5127,Very Low,0.0,Very Low
52.5000_-73.0000,52.5,-73.0,0.7461,Very Low,0.00053927,Low
52.5000_-72.5000,52.5,-72.5,0.9454,Very Low,0.00083832,Moderate
52.5000_-72.0000,52.5,-72.0,0.4036,Very Low,0.00068534,Low
52.5000_-71.5000,52.5,-71.5,0.1909,Very Low,7.416e-05,Low
52.5000_-71.0000,52.5,-71.0,0.4962,Very Low,0.00068534,Low
52.5000_-70.5000,52.5,-70.5,0.1781,Very Low,0.00068534,Low
52.5000_-70.0000,52.5,-70.0,0.5774,Very Low,0.00068534,Low
52.5000_-69.5000,52.5,-69.5,0.4906,Very Low,7.416e-05,Low
52.5000_-69.0000,52.5,-69.0,0.6379,Very Low,7.416e-05,Low
52.5000_-68.5000,52.5,-68.5,0.8573,Very Low,0.00068534,Low
52.5000_-68.0000,52.5,-68.0,0.7486,Very Low,0.00068534,Low
52.5000_-67.5000,52.5,-67.5,0.4114,Very Low,0.00083832,Moderate
52.5000_-67.0000,52.5,-67.0,0.614,Very Low,0.00083832,Moderate
52.5000_-66.5000,52.5,-66.5,1.4753,Very Low,0.00083832,Moderate
52.5000_-66.0000,52.5,-66.0,1.5322,Very Low,0.00068534,Low
52.5000_-65.5000,52.5,-65.5,0.6678,Very Low,0.00068534,Low
52.5000_-65.0000,52.5,-65.0,0.7137,Very Low,0.00083832,Moderate
52.5000_-64.5000,52.5,-64.5,0.6484,Very Low,0.00053927,Low
52.5000_-64.0000,52.5,-64.0,0.3209,Very Low,0.00053927,Low
52.5000_-63.5000,52.5,-63.5,0.5227,Very Low,0.00083832,Moderate
52.5000_-63.0000,52.5,-63.0,0.0908,Very Low,1.896e-05,Very Low
52.5000_-62.5000,52.5,-62.5,0.0709,Very Low,0.00015106,Low
52.5000_-62.0000,52.5,-62.0,0.0696,Very Low,0.00083832,Moderate
52.5000_-61.5000,52.5,-61.5,0.0292,Very Low,1.896e-05,Very Low
52.5000_-61.0000,52.5,-61.0,0.0466,Very Low,0.00083832,Moderate
52.5000_-60.5000,52.5,-60.5,0.0362,Very Low,0.00018179,Low
52.5000_-60.0000,52.5,-60.0,0.0423,Very Low,0.00083832,Moderate
52.5000_-59.5000,52.5,-59.5,0.0558,Very Low,1.896e-05,Very Low
52.5000_-59.0000,52.5,-59.0,0.0656,Very Low,0.00083832,Moderate
52.5000_-58.5000,52.5,-58.5,0.2151,Very Low,0.00068534,Low
52.5000_-58.0000,52.5,-58.0,0.1999,Very Low,0.0,Very Low
52.5000_-57.5000,52.5,-57.5,0.2161,Very Low,7.416e-05,Low
52.5000_-57.0000,52.5,-57.0,0.4469,Very Low,0.00068534,Low
52.5000_-56.5000,52.5,-56.5,0.2577,Very Low,0.00139077,Moderate
52.5000_-56.0000,52.5,-56.0,0.3157,Very Low,0.00083832,Moderate
53.0000_-132.5000,53.0,-132.5,4.4865,Moderate,0.00068534,Low
53.0000_-132.0000,53.0,-132.0,3.068,Low,0.0023586,Moderate
53.0000_-131.5000,53.0,-131.5,4.3365,Moderate,0.00068534,Low
53.0000_-129.5000,53.0,-129.5,1.968,Very Low,0.00068534,Low
53.0000_-129.0000,53.0,-129.0,2.2877,Low,0.00068534,Low
53.0000_-128.5000,53.0,-128.5,1.8377,Very Low,0.00068534,Low
53.0000_-128.0000,53.0,-128.0,1.7426,Very Low,0.00083832,Moderate
53.0000_-127.5000,53.0,-127.5,3.4982,Low,0.00083832,Moderate
53.0000_-127.0000,53.0,-127.0,3.0289,Low,0.00141978,Moderate
53.0000_-126.5000,53.0,-126.5,2.427,Low,0.00611154,Moderate
53.0000_-126.0000,53.0,-126.0,5.6882,Moderate,0.01432781,High
53.0000_-125.5000,53.0,-125.5,7.6658,Moderate,0.03702563,High
53.0000_-125.0000,53.0,-125.0,0.087,Very Low,0.02704935,High
53.0000_-124.5000,53.0,-124.5,1.358,Very Low,0.047139,High
53.0000_-124.0000,53.0,-124.0,1.8756,Very Low,0.03290069,High
53.0000_-123.5000,53.0,-123.5,7.0343,Moderate,0.10967256,High
53.0000_-123.0000,53.0,-123.0,8.8774,High,0.0540013,High
53.0000_-122.5000,53.0,-122.5,7.9497,Moderate,0.10967256,High
53.0000_-122.0000,53.0,-122.0,6.2155,Moderate,0.02704935,High
53.0000_-121.5000,53.0,-121.5,5.4312,Moderate,0.05620805,High
53.0000_-121.0000,53.0,-121.0,4.7469,Moderate,0.047139,High
53.0000_-120.5000,53.0,-120.5,0.1507,Very Low,0.0023586,Moderate
53.0000_-120.0000,53.0,-120.0,0.1038,Very Low,0.01056092,High
53.0000_-119.5000,53.0,-119.5,5.8566,Moderate,0.08576052,High
53.0000_-119.0000,53.0,-119.0,0.8595,Very Low,0.03657881,High
53.0000_-118.5000,53.0,-118.5,0.1842,Very Low,0.01996567,High
53.0000_-118.0000,53.0,-118.0,0.8124,Very Low,0.08001374,High
53.0000_-117.5000,53.0,-117.5,0.4989,Very Low,0.02154918,High
53.0000_-117.0000,53.0,-117.0,0.7529,Very Low,0.03702563,High
53.0000_-116.5000,53.0,-116.5,0.7856,Very Low,0.03276447,High
53.0000_-116.0000,53.0,-116.0,2.7444,Low,0.047139,High
53.0000_-115.5000,53.0,-115.5,3.9625,Low,0.04267782,High
53.0000_-115.0000,53.0,-115.0,4.1622,Moderate,0.05620805,High
53.0000_-114.5000,53.0,-114.5,4.6388,Moderate,0.00355104,Moderate
53.0000_-114.0000,53.0,-114.0,2.4832,Low,1.896e-05,Very Low
53.0000_-113.5000,53.0,-113.5,0.7083,Very Low,0.00586819,Moderate
53.0000_-113.0000,53.0,-113.0,0.6931,Very Low,0.00083832,Moderate
53.0000_-112.5000,53.0,-112.5,3.9892,Low,0.00105241,Moderate
53.0000_-112.0000,53.0,-112.0,5.6552,Moderate,0.00053927,Low
53.0000_-111.5000,53.0,-111.5,4.0429,Moderate,1.896e-05,Very Low
53.0000_-111.0000,53.0,-111.0,1.5509,Very Low,1.896e-05,Very Low
53.0000_-110.5000,53.0,-110.5,0.867,Very Low,1.896e-05,Very Low
53.0000_-110.0000,53.0,-110.0,0.9668,Very Low,0.00083832,Moderate
53.0000_-109.5000,53.0,-109.5,0.9524,Very Low,0.00083832,Moderate
53.0000_-109.0000,53.0,-109.0,0.8745,Very Low,0.00068534,Low
53.0000_-108.5000,53.0,-108.5,0.9095,Very Low,0.0023586,Moderate
53.0000_-108.0000,53.0,-108.0,1.5627,Very Low,0.00083832,Moderate
53.0000_-107.5000,53.0,-107.5,0.8524,Very Low,0.00068534,Low
53.0000_-107.0000,53.0,-107.0,0.5465,Very Low,0.00243473,Moderate
53.0000_-106.5000,53.0,-106.5,1.6539,Very Low,0.00139077,Moderate
53.0000_-106.0000,53.0,-106.0,0.9792,Very Low,0.01996567,High
53.0000_-105.5000,53.0,-105.5,0.9477,Very Low,0.01996567,High
53.0000_-105.0000,53.0,-105.0,0.574,Very Low,0.01056092,High
53.0000_-104.5000,53.0,-104.5,0.8532,Very Low,0.00140231,Moderate
53.0000_-104.0000,53.0,-104.0,0.4461,Very Low,0.00083832,Moderate
53.0000_-103.5000,53.0,-103.5,0.2691,Very Low,0.00068534,Low
53.0000_-103.0000,53.0,-103.0,0.0761,Very Low,0.00140231,Moderate
53.0000_-102.5000,53.0,-102.5,0.0785,Very Low,0.0023586,Moderate
53.0000_-102.0000,53.0,-102.0,0.068,Very Low,0.00139077,Moderate
53.0000_-101.5000,53.0,-101.5,0.141,Very Low,0.00083832,Moderate
53.0000_-101.0000,53.0,-101.0,0.0974,Very Low,0.00139077,Moderate
53.0000_-100.5000,53.0,-100.5,0.5949,Very Low,0.00083832,Moderate
53.0000_-100.0000,53.0,-100.0,0.1493,Very Low,0.0023586,Moderate
53.0000_-99.5000,53.0,-99.5,0.5703,Very Low,0.0023586,Moderate
53.0000_-99.0000,53.0,-99.0,0.5789,Very Low,0.00083832,Moderate
53.0000_-98.5000,53.0,-98.5,0.4015,Very Low,0.00053927,Low
53.0000_-98.0000,53.0,-98.0,1.7054,Very Low,0.00068534,Low
53.0000_-97.5000,53.0,-97.5,0.5767,Very Low,0.00068534,Low
53.0000_-97.0000,53.0,-97.0,0.0018,Very Low,0.0023586,Moderate
53.0000_-96.5000,53.0,-96.5,0.0001,Very Low,0.0023586,Moderate
53.0000_-96.0000,53.0,-96.0,0.0002,Very Low,0.0054932,Moderate
53.0000_-95.5000,53.0,-95.5,0.0196,Very Low,0.0023586,Moderate
53.0000_-95.0000,53.0,-95.0,0.0314,Very Low,0.0023586,Moderate
53.0000_-94.5000,53.0,-94.5,0.013,Very Low,0.00139077,Moderate
53.0000_-94.0000,53.0,-94.0,0.0009,Very Low,0.00083832,Moderate
53.0000_-93.5000,53.0,-93.5,0.0063,Very Low,0.0023586,Moderate
53.0000_-93.0000,53.0,-93.0,0.0307,Very Low,0.00083832,Moderate
53.0000_-92.5000,53.0,-92.5,0.0018,Very Low,0.00068534,Low
53.0000_-92.0000,53.0,-92.0,0.0014,Very Low,0.00068534,Low
53.0000_-91.5000,53.0,-91.5,0.0002,Very Low,0.00139077,Moderate
53.0000_-91.0000,53.0,-91.0,0.03,Very Low,0.0054932,Moderate
53.0000_-90.5000,53.0,-90.5,0.007,Very Low,0.00355104,Moderate
53.0000_-90.0000,53.0,-90.0,0.0332,Very Low,0.00697906,Moderate
53.0000_-89.5000,53.0,-89.5,0.0469,Very Low,0.00586819,Moderate
53.0000_-89.0000,53.0,-89.0,0.0489,Very Low,0.00586819,Moderate
53.0000_-88.5000,53.0,-88.5,0.0092,Very Low,0.00632347,Moderate
53.0000_-88.0000,53.0,-88.0,0.0102,Very Low,0.00105241,Moderate
53.0000_-87.5000,53.0,-87.5,0.1102,Very Low,0.01996567,High
53.0000_-87.0000,53.0,-87.0,0.0323,Very Low,0.00139077,Moderate
53.0000_-86.5000,53.0,-86.5,0.129,Very Low,0.0054932,Moderate
53.0000_-86.0000,53.0,-86.0,0.0889,Very Low,0.00083832,Moderate
53.0000_-85.5000,53.0,-85.5,0.5726,Very Low,0.00083832,Moderate
53.0000_-85.0000,53.0,-85.0,0.7669,Very Low,0.00083832,Moderate
53.0000_-84.5000,53.0,-84.5,3.039,Low,0.00083832,Moderate
53.0000_-84.0000,53.0,-84.0,1.3798,Very Low,0.00083832,Moderate
53.0000_-83.5000,53.0,-83.5,0.8842,Very Low,0.00083832,Moderate
53.0000_-83.0000,53.0,-83.0,0.9483,Very Low,0.00083832,Moderate
53.0000_-82.5000,53.0,-82.5,0.5297,Very Low,0.00333659,Moderate
53.0000_-82.0000,53.0,-82.0,2.0142,Low,0.00018179,Low
53.0000_-81.5000,53.0,-81.5,0.8696,Very Low,1.896e-05,Very Low
53.0000_-81.0000,53.0,-81.0,1.5274,Very Low,1.896e-05,Very Low
53.0000_-79.0000,53.0,-79.0,2.8397,Low,0.00068534,Low
53.0000_-78.5000,53.0,-78.5,0.8712,Very Low,0.00068534,Low
53.0000_-78.0000,53.0,-78.0,0.8816,Very Low,0.00068534,Low
53.0000_-77.5000,53.0,-77.5,0.8279,Very Low,0.00068534,Low
53.0000_-77.0000,53.0,-77.0,3.3898,Low,0.00083832,Moderate
53.0000_-76.5000,53.0,-76.5,2.8,Low,0.00068534,Low
53.0000_-76.0000,53.0,-76.0,2.5674,Low,0.00068534,Low
53.0000_-75.5000,53.0,-75.5,1.4047,Very Low,0.00068534,Low
53.0000_-75.0000,53.0,-75.0,0.7611,Very Low,0.00018179,Low
53.0000_-74.5000,53.0,-74.5,0.89,Very Low,0.00083832,Moderate
53.0000_-74.0000,53.0,-74.0,0.973,Very Low,0.00068534,Low
53.0000_-73.5000,53.0,-73.5,0.9714,Very Low,0.00068534,Low
53.0000_-73.0000,53.0,-73.0,0.2708,Very Low,1.896e-05,Very Low
53.0000_-72.5000,53.0,-72.5,0.8907,Very Low,0.0,Very Low
53.0000_-72.0000,53.0,-72.0,0.386,Very Low,0.00068534,Low
53.0000_-71.5000,53.0,-71.5,0.5236,Very Low,1.896e-05,Very Low
53.0000_-71.0000,53.0,-71.0,0.5408,Very Low,7.416e-05,Low
53.0000_-70.5000,53.0,-70.5,0.1455,Very Low,1.896e-05,Very Low
53.0000_-70.0000,53.0,-70.0,0.0363,Very Low,1.896e-05,Very Low
53.0000_-69.5000,53.0,-69.5,0.2694,Very Low,0.00068534,Low
53.0000_-69.0000,53.0,-69.0,0.4138,Very Low,0.00068534,Low
53.0000_-68.5000,53.0,-68.5,0.412,Very Low,0.00068534,Low
53.0000_-68.0000,53.0,-68.0,0.4868,Very Low,0.00068534,Low
53.0000_-67.5000,53.0,-67.5,0.3691,Very Low,0.00083832,Moderate
53.0000_-67.0000,53.0,-67.0,0.3042,Very Low,0.00083832,Moderate
53.0000_-66.5000,53.0,-66.5,0.3784,Very Low,0.00083832,Moderate
53.0000_-66.0000,53.0,-66.0,0.3945,Very Low,0.00053927,Low
53.0000_-65.5000,53.0,-65.5,0.8471,Very Low,7.416e-05,Low
53.0000_-65.0000,53.0,-65.0,0.786,Very Low,7.416e-05,Low
53.0000_-64.5000,53.0,-64.5,1.1254,Very Low,0.00083832,Moderate
53.0000_-64.0000,53.0,-64.0,0.4613,Very Low,7.416e-05,Low
53.0000_-63.5000,53.0,-63.5,0.4618,Very Low,1.896e-05,Very Low
53.0000_-63.0000,53.0,-63.0,0.3966,Very Low,7.416e-05,Low
53.0000_-62.5000,53.0,-62.5,0.2169,Very Low,0.00015106,Low
53.0000_-62.0000,53.0,-62.0,0.1572,Very Low,0.00053927,Low
53.0000_-61.5000,53.0,-61.5,0.07,Very Low,0.00068534,Low
53.0000_-61.0000,53.0,-61.0,0.0253,Very Low,0.00068534,Low
53.0000_-60.5000,53.0,-60.5,0.0263,Very Low,1.896e-05,Very Low
53.0000_-60.0000,53.0,-60.0,0.0226,Very Low,0.00018179,Low
53.0000_-59.5000,53.0,-59.5,0.0258,Very Low,1.896e-05,Very Low
53.0000_-59.0000,53.0,-59.0,0.1676,Very Low,0.00018179,Low
53.0000_-58.5000,53.0,-58.5,0.2517,Very Low,0.00053927,Low
53.0000_-58.0000,53.0,-58.0,0.4287,Very Low,0.00068534,Low
53.0000_-57.5000,53.0,-57.5,0.5931,Very Low,1.896e-05,Very Low
53.0000_-57.0000,53.0,-57.0,0.3243,Very Low,1.896e-05,Very Low
53.0000_-56.5000,53.0,-56.5,0.4067,Very Low,0.00068534,Low
53.0000_-56.0000,53.0,-56.0,0.2431,Very Low,0.00018179,Low
53.5000_-133.0000,53.5,-133.0,3.8084,Low,0.00068534,Low
53.5000_-132.5000,53.5,-132.5,2.07,Low,0.00068534,Low
53.5000_-132.0000,53.5,-132.0,4.6723,Moderate,0.00355104,Moderate
53.5000_-130.5000,53.5,-130.5,0.9867,Very Low,0.00068534,Low
53.5000_-130.0000,53.5,-130.0,1.2734,Very Low,0.00068534,Low
53.5000_-129.5000,53.5,-129.5,2.2364,Low,0.00053927,Low
53.5000_-129.0000,53.5,-129.0,0.8742,Very Low,0.00068534,Low
53.5000_-128.5000,53.5,-128.5,0.2468,Very Low,0.00068534,Low
53.5000_-128.0000,53.5,-128.0,2.1019,Low,0.00083832,Moderate
53.5000_-127.5000,53.5,-127.5,2.6724,Low,0.00068534,Low
53.5000_-127.0000,53.5,-127.0,3.6612,Low,0.01432781,High
53.5000_-126.5000,53.5,-126.5,2.4716,Low,0.01279528,High
53.5000_-126.0000,53.5,-126.0,0.4089,Very Low,0.02281652,High
53.5000_-125.5000,53.5,-125.5,0.4558,Very Low,0.01649175,High
53.5000_-125.0000,53.5,-125.0,6.7654,Moderate,0.08423395,High
53.5000_-124.5000,53.5,-124.5,9.5366,High,0.06707759,High
53.5000_-124.0000,53.5,-124.0,7.9739,Moderate,0.10967256,High
53.5000_-123.5000,53.5,-123.5,3.1083,Low,0.10967256,High
53.5000_-123.0000,53.5,-123.0,6.9717,Moderate,0.09349289,High
53.5000_-122.5000,53.5,-122.5,6.0519,Moderate,0.06707759,High
53.5000_-122.0000,53.5,-122.0,6.0635,Moderate,0.02154918,High
53.5000_-121.5000,53.5,-121.5,7.3116,Moderate,0.03276447,High
53.5000_-121.0000,53.5,-121.0,5.3702,Moderate,0.04938272,High
53.5000_-120.5000,53.5,-120.5,7.5461,Moderate,0.08423395,High
53.5000_-120.0000,53.5,-120.0,4.5593,Moderate,0.00586819,Moderate
53.5000_-119.5000,53.5,-119.5,5.3441,Moderate,0.00586819,Moderate
53.5000_-119.0000,53.5,-119.0,1.2349,Very Low,0.00632347,Moderate
53.5000_-118.5000,53.5,-118.5,1.6575,Very Low,0.00770915,Moderate
53.5000_-118.0000,53.5,-118.0,2.7428,Low,0.05620805,High
53.5000_-117.5000,53.5,-117.5,2.3509,Low,0.047139,High
53.5000_-117.0000,53.5,-117.0,4.2665,Moderate,0.05620805,High
53.5000_-116.5000,53.5,-116.5,4.1544,Moderate,0.0540013,High
53.5000_-116.0000,53.5,-116.0,3.7211,Low,0.05620805,High
53.5000_-115.5000,53.5,-115.5,4.5121,Moderate,0.05620805,High
53.5000_-115.0000,53.5,-115.0,5.7426,Moderate,0.07567568,High
53.5000_-114.5000,53.5,-114.5,5.2347,Moderate,0.00734049,Moderate
53.5000_-114.0000,53.5,-114.0,2.9929,Low,0.00083832,Moderate
53.5000_-113.5000,53.5,-113.5,4.7236,Moderate,0.00053927,Low
53.5000_-113.0000,53.5,-113.0,3.5882,Low,0.02154918,High
53.5000_-112.5000,53.5,-112.5,3.4718,Low,0.00015106,Low
53.5000_-112.0000,53.5,-112.0,2.7393,Low,0.00018179,Low
53.5000_-111.5000,53.5,-111.5,1.6472,Very Low,1.896e-05,Very Low
53.5000_-111.0000,53.5,-111.0,0.9979,Very Low,0.00053927,Low
53.5000_-110.5000,53.5,-110.5,1.6289,Very Low,1.896e-05,Very Low
53.5000_-110.0000,53.5,-110.0,0.806,Very Low,0.0023586,Moderate
53.5000_-109.5000,53.5,-109.5,0.4519,Very Low,0.00083832,Moderate
53.5000_-109.0000,53.5,-109.0,0.7625,Very Low,0.00243473,Moderate
53.5000_-108.5000,53.5,-108.5,0.4455,Very Low,0.00083832,Moderate
53.5000_-108.0000,53.5,-108.0,0.4497,Very Low,0.00770915,Moderate
53.5000_-107.5000,53.5,-107.5,3.5756,Low,0.00973957,Moderate
53.5000_-107.0000,53.5,-107.0,2.227,Low,0.02704935,High
53.5000_-106.5000,53.5,-106.5,0.387,Very Low,0.00611154,Moderate
53.5000_-106.0000,53.5,-106.0,0.6911,Very Low,0.02068278,High
53.5000_-105.5000,53.5,-105.5,1.334,Very Low,0.0054932,Moderate
53.5000_-105.0000,53.5,-105.0,0.7789,Very Low,0.0054932,Moderate
53.5000_-104.5000,53.5,-104.5,0.7634,Very Low,0.0023586,Moderate
53.5000_-104.0000,53.5,-104.0,2.6149,Low,0.00083832,Moderate
53.5000_-103.5000,53.5,-103.5,0.8179,Very Low,0.00083832,Moderate
53.5000_-103.0000,53.5,-103.0,2.27,Low,0.0023586,Moderate
53.5000_-102.5000,53.5,-102.5,1.4118,Very Low,0.00632347,Moderate
53.5000_-102.0000,53.5,-102.0,0.3262,Very Low,0.00139077,Moderate
53.5000_-101.5000,53.5,-101.5,0.1405,Very Low,0.00105241,Moderate
53.5000_-101.0000,53.5,-101.0,0.1492,Very Low,0.00083832,Moderate
53.5000_-100.5000,53.5,-100.5,0.4215,Very Low,0.0023586,Moderate
53.5000_-100.0000,53.5,-100.0,0.4844,Very Low,0.00083832,Moderate
53.5000_-99.5000,53.5,-99.5,0.0021,Very Low,0.0054932,Moderate
53.5000_-99.0000,53.5,-99.0,0.2002,Very Low,0.00083832,Moderate
53.5000_-98.5000,53.5,-98.5,0.3982,Very Low,7.416e-05,Low
53.5000_-98.0000,53.5,-98.0,0.7508,Very Low,0.00068534,Low
53.5000_-97.5000,53.5,-97.5,0.0511,Very Low,0.00355104,Moderate
53.5000_-97.0000,53.5,-97.0,0.0164,Very Low,0.0023586,Moderate
53.5000_-96.5000,53.5,-96.5,0.0096,Very Low,0.00105241,Moderate
53.5000_-96.0000,53.5,-96.0,0.0795,Very Low,0.0054932,Moderate
53.5000_-95.5000,53.5,-95.5,0.0139,Very Low,0.0054932,Moderate
53.5000_-95.0000,53.5,-95.0,0.0023,Very Low,0.00139077,Moderate
53.5000_-94.5000,53.5,-94.5,0.0013,Very Low,0.00083832,Moderate
53.5000_-94.0000,53.5,-94.0,0.0015,Very Low,0.00083832,Moderate
53.5000_-93.5000,53.5,-93.5,0.0065,Very Low,0.00083832,Moderate
53.5000_-93.0000,53.5,-93.0,0.0019,Very Low,0.00083832,Moderate
53.5000_-92.5000,53.5,-92.5,0.0001,Very Low,0.00068534,Low
53.5000_-92.0000,53.5,-92.0,0.0,Very Low,0.00083832,Moderate
53.5000_-91.5000,53.5,-91.5,0.0,Very Low,0.00083832,Moderate
53.5000_-91.0000,53.5,-91.0,0.0023,Very Low,0.00083832,Moderate
53.5000_-90.5000,53.5,-90.5,0.0051,Very Low,0.0054932,Moderate
53.5000_-90.0000,53.5,-90.0,0.0022,Very Low,0.00140231,Moderate
53.5000_-89.5000,53.5,-89.5,0.0027,Very Low,0.00105241,Moderate
53.5000_-89.0000,53.5,-89.0,0.0525,Very Low,0.00083832,Moderate
53.5000_-88.5000,53.5,-88.5,0.4359,Very Low,0.00632347,Moderate
53.5000_-88.0000,53.5,-88.0,0.3367,Very Low,0.00586819,Moderate
53.5000_-87.5000,53.5,-87.5,0.3837,Very Low,0.00083832,Moderate
53.5000_-87.0000,53.5,-87.0,0.1725,Very Low,0.00068534,Low
53.5000_-86.5000,53.5,-86.5,0.179,Very Low,0.00068534,Low
53.5000_-86.0000,53.5,-86.0,0.2114,Very Low,7.416e-05,Low
53.5000_-85.5000,53.5,-85.5,0.9622,Very Low,0.00068534,Low
53.5000_-85.0000,53.5,-85.0,0.6311,Very Low,0.00083832,Moderate
53.5000_-84.5000,53.5,-84.5,0.8359,Very Low,0.00068534,Low
53.5000_-84.0000,53.5,-84.0,1.3215,Very Low,0.00068534,Low
53.5000_-83.5000,53.5,-83.5,0.8379,Very Low,0.00083832,Moderate
53.5000_-83.0000,53.5,-83.0,0.5642,Very Low,0.00068534,Low
53.5000_-82.5000,53.5,-82.5,0.6938,Very Low,0.00068534,Low
53.5000_-79.0000,53.5,-79.0,2.694,Low,0.00068534,Low
53.5000_-78.5000,53.5,-78.5,0.664,Very Low,0.00068534,Low
53.5000_-78.0000,53.5,-78.0,2.6089,Low,0.00068534,Low
53.5000_-77.5000,53.5,-77.5,1.0394,Very Low,0.00068534,Low
53.5000_-77.0000,53.5,-77.0,1.956,Very Low,0.00068534,Low
53.5000_-76.5000,53.5,-76.5,1.6737,Very Low,0.00083832,Moderate
53.5000_-76.0000,53.5,-76.0,1.4949,Very Low,0.00068534,Low
53.5000_-75.5000,53.5,-75.5,2.4135,Low,0.00068534,Low
53.5000_-75.0000,53.5,-75.0,0.8052,Very Low,0.00053927,Low
53.5000_-74.5000,53.5,-74.5,0.5572,Very Low,0.00068534,Low
53.5000_-74.0000,53.5,-74.0,0.4711,Very Low,0.00083832,Moderate
53.5000_-73.5000,53.5,-73.5,0.5035,Very Low,0.00068534,Low
53.5000_-73.0000,53.5,-73.0,0.5523,Very Low,0.00068534,Low
53.5000_-72.5000,53.5,-72.5,0.3728,Very Low,0.00053927,Low
53.5000_-72.0000,53.5,-72.0,0.5561,Very Low,0.00083832,Moderate
53.5000_-71.5000,53.5,-71.5,0.3125,Very Low,0.00068534,Low
53.5000_-71.0000,53.5,-71.0,0.58,Very Low,1.896e-05,Very Low
53.5000_-70.5000,53.5,-70.5,0.2326,Very Low,0.00068534,Low
53.5000_-70.0000,53.5,-70.0,0.1468,Very Low,0.00068534,Low
53.5000_-69.5000,53.5,-69.5,0.0627,Very Low,0.00068534,Low
53.5000_-69.0000,53.5,-69.0,0.3239,Very Low,0.00068534,Low
53.5000_-68.5000,53.5,-68.5,0.3882,Very Low,0.00068534,Low
53.5000_-68.0000,53.5,-68.0,0.4632,Very Low,1.896e-05,Very Low
53.5000_-67.5000,53.5,-67.5,0.2784,Very Low,0.0,Very Low
53.5000_-67.0000,53.5,-67.0,0.2393,Very Low,7.416e-05,Low
53.5000_-66.5000,53.5,-66.5,0.431,Very Low,0.00083832,Moderate
53.5000_-66.0000,53.5,-66.0,0.3847,Very Low,0.00068534,Low
53.5000_-65.5000,53.5,-65.5,0.6016,Very Low,1.896e-05,Very Low
53.5000_-65.0000,53.5,-65.0,0.6817,Very Low,0.00068534,Low
53.5000_-64.5000,53.5,-64.5,2.4239,Low,0.00083832,Moderate
53.5000_-64.0000,53.5,-64.0,0.948,Very Low,0.00083832,Moderate
53.5000_-63.5000,53.5,-63.5,4.0271,Moderate,0.00068534,Low
53.5000_-63.0000,53.5,-63.0,0.8717,Very Low,0.00083832,Moderate
53.5000_-62.5000,53.5,-62.5,0.872,Very Low,0.00053927,Low
53.5000_-62.0000,53.5,-62.0,0.4247,Very Low,0.00018179,Low
53.5000_-61.5000,53.5,-61.5,0.1837,Very Low,0.00053927,Low
53.5000_-61.0000,53.5,-61.0,0.0682,Very Low,0.00083832,Moderate
53.5000_-60.5000,53.5,-60.5,0.0657,Very Low,0.00141978,Moderate
53.5000_-60.0000,53.5,-60.0,0.0624,Very Low,0.00083832,Moderate
53.5000_-59.5000,53.5,-59.5,0.0193,Very Low,1.896e-05,Very Low
53.5000_-59.0000,53.5,-59.0,0.0108,Very Low,0.0,Very Low
53.5000_-58.5000,53.5,-58.5,0.2259,Very Low,7.416e-05,Low
53.5000_-58.0000,53.5,-58.0,0.407,Very Low,1.896e-05,Very Low
53.5000_-57.5000,53.5,-57.5,0.5404,Very Low,0.00083832,Moderate
53.5000_-57.0000,53.5,-57.0,0.507,Very Low,0.00083832,Moderate
53.5000_-56.5000,53.5,-56.5,0.951,Very Low,0.00068534,Low
53.5000_-56.0000,53.5,-56.0,0.4619,Very Low,1.896e-05,Very Low
54.0000_-133.0000,54.0,-133.0,0.5008,Very Low,0.00053927,Low
54.0000_-132.5000,54.0,-132.5,2.2475,Low,0.00068534,Low
54.0000_-132.0000,54.0,-132.0,2.0813,Low,0.00068534,Low
54.0000_-130.5000,54.0,-130.5,1.6485,Very Low,0.00068534,Low
54.0000_-130.0000,54.0,-130.0,0.9531,Very Low,0.00068534,Low
54.0000_-129.5000,54.0,-129.5,2.1036,Low,0.00083832,Moderate
54.0000_-129.0000,54.0,-129.0,1.5149,Very Low,0.00140231,Moderate
54.0000_-128.5000,54.0,-128.5,0.9385,Very Low,0.00611154,Moderate
54.0000_-128.0000,54.0,-128.0,0.6226,Very Low,0.00068534,Low
54.0000_-127.5000,54.0,-127.5,4.2243,Moderate,0.00896526,Moderate
54.0000_-127.0000,54.0,-127.0,0.7304,Very Low,0.03702563,High
54.0000_-126.5000,54.0,-126.5,6.0034,Moderate,0.03657881,High
54.0000_-126.0000,54.0,-126.0,6.0124,Moderate,0.08576052,High
54.0000_-125.5000,54.0,-125.5,5.3764,Moderate,0.10967256,High
54.0000_-125.0000,54.0,-125.0,7.7759,Moderate,0.11865618,High
54.0000_-124.5000,54.0,-124.5,5.1226,Moderate,0.10967256,High
54.0000_-124.0000,54.0,-124.0,1.901,Very Low,0.10967256,High
54.0000_-123.5000,54.0,-123.5,6.7111,Moderate,0.09737058,High
54.0000_-123.0000,54.0,-123.0,6.8527,Moderate,0.10967256,High
54.0000_-122.5000,54.0,-122.5,5.8773,Moderate,0.08001374,High
54.0000_-122.0000,54.0,-122.0,3.8702,Low,0.047139,High
54.0000_-121.5000,54.0,-121.5,3.0117,Low,0.05620805,High
54.0000_-121.0000,54.0,-121.0,4.5659,Moderate,0.0540013,High
54.0000_-120.5000,54.0,-120.5,2.9468,Low,0.0023586,Moderate
54.0000_-120.0000,54.0,-120.0,3.4834,Low,0.00140231,Moderate
54.0000_-119.5000,54.0,-119.5,2.1139,Low,0.00611154,Moderate
54.0000_-119.0000,54.0,-119.0,0.3166,Very Low,0.05620805,High
54.0000_-118.5000,54.0,-118.5,0.5749,Very Low,0.03383363,High
54.0000_-118.0000,54.0,-118.0,3.626,Low,0.02281652,High
54.0000_-117.5000,54.0,-117.5,4.2628,Moderate,0.04267782,High
54.0000_-117.0000,54.0,-117.0,3.7727,Low,0.05620805,High
54.0000_-116.5000,54.0,-116.5,3.9215,Low,0.047139,High
54.0000_-116.0000,54.0,-116.0,4.7596,Moderate,0.05620805,High
54.0000_-115.5000,54.0,-115.5,4.9637,Moderate,0.05620805,High
54.0000_-115.0000,54.0,-115.0,5.3988,Moderate,0.00932712,Moderate
54.0000_-114.5000,54.0,-114.5,5.2263,Moderate,0.0023586,Moderate
54.0000_-114.0000,54.0,-114.0,3.8405,Low,0.00053927,Low
54.0000_-113.5000,54.0,-113.5,4.8086,Moderate,0.0023586,Moderate
54.0000_-113.0000,54.0,-113.0,0.8276,Very Low,0.00770915,Moderate
54.0000_-112.5000,54.0,-112.5,5.4414,Moderate,0.0023586,Moderate
54.0000_-112.0000,54.0,-112.0,5.4725,Moderate,7.416e-05,Low
54.0000_-111.5000,54.0,-111.5,4.3855,Moderate,0.00697906,Moderate
54.0000_-111.0000,54.0,-111.0,4.0104,Moderate,0.00333659,Moderate
54.0000_-110.5000,54.0,-110.5,2.1882,Low,0.00139077,Moderate
54.0000_-110.0000,54.0,-110.0,0.7554,Very Low,0.00586819,Moderate
54.0000_-109.5000,54.0,-109.5,0.5057,Very Low,0.02281652,High
54.0000_-109.0000,54.0,-109.0,0.7877,Very Low,0.02704935,High
54.0000_-108.5000,54.0,-108.5,0.9328,Very Low,0.0054932,Moderate
54.0000_-108.0000,54.0,-108.0,0.8847,Very Low,0.00770915,Moderate
54.0000_-107.5000,54.0,-107.5,0.1437,Very Low,0.0023586,Moderate
54.0000_-107.0000,54.0,-107.0,0.1596,Very Low,0.0054932,Moderate
54.0000_-106.5000,54.0,-106.5,0.7521,Very Low,0.00083832,Moderate
54.0000_-106.0000,54.0,-106.0,0.6863,Very Low,0.03276447,High
54.0000_-105.5000,54.0,-105.5,1.2326,Very Low,0.00586819,Moderate
54.0000_-105.0000,54.0,-105.0,0.6342,Very Low,0.01279528,High
54.0000_-104.5000,54.0,-104.5,0.6542,Very Low,0.0054932,Moderate
54.0000_-104.0000,54.0,-104.0,2.3794,Low,0.00243473,Moderate
54.0000_-103.5000,54.0,-103.5,0.5562,Very Low,0.00068534,Low
54.0000_-103.0000,54.0,-103.0,2.1625,Low,0.0023586,Moderate
54.0000_-102.5000,54.0,-102.5,2.5245,Low,0.01996567,High
54.0000_-102.0000,54.0,-102.0,2.3338,Low,0.00973957,Moderate
54.0000_-101.5000,54.0,-101.5,5.1743,Moderate,0.00770915,Moderate
54.0000_-101.0000,54.0,-101.0,4.739,Moderate,0.00770915,Moderate
54.0000_-100.5000,54.0,-100.5,0.83,Very Low,0.0054932,Moderate
54.0000_-100.0000,54.0,-100.0,0.125,Very Low,0.00770915,Moderate
54.0000_-99.5000,54.0,-99.5,0.0735,Very Low,0.00770915,Moderate
54.0000_-99.0000,54.0,-99.0,0.0257,Very Low,0.00083832,Moderate
54.0000_-98.5000,54.0,-98.5,0.0194,Very Low,0.00139077,Moderate
54.0000_-98.0000,54.0,-98.0,0.026,Very Low,0.00355104,Moderate
54.0000_-97.5000,54.0,-97.5,0.0024,Very Low,0.00770915,Moderate
54.0000_-97.0000,54.0,-97.0,0.0082,Very Low,0.00896526,Moderate
54.0000_-96.5000,54.0,-96.5,0.3058,Very Low,0.00932712,Moderate
54.0000_-96.0000,54.0,-96.0,0.1082,Very Low,0.01056092,High
54.0000_-95.5000,54.0,-95.5,0.0221,Very Low,0.02154918,High
54.0000_-95.0000,54.0,-95.0,0.0081,Very Low,0.03367698,High
54.0000_-94.5000,54.0,-94.5,0.0084,Very Low,0.00770915,Moderate
54.0000_-94.0000,54.0,-94.0,0.0169,Very Low,0.00333659,Moderate
54.0000_-93.5000,54.0,-93.5,0.0771,Very Low,0.0054932,Moderate
54.0000_-93.0000,54.0,-93.0,0.0024,Very Low,0.00068534,Low
54.0000_-92.5000,54.0,-92.5,0.0002,Very Low,0.00068534,Low
54.0000_-92.0000,54.0,-92.0,0.0005,Very Low,0.00139077,Moderate
54.0000_-91.5000,54.0,-91.5,0.0003,Very Low,0.00083832,Moderate
54.0000_-91.0000,54.0,-91.0,0.0015,Very Low,0.00083832,Moderate
54.0000_-90.5000,54.0,-90.5,0.0041,Very Low,0.00083832,Moderate
54.0000_-90.0000,54.0,-90.0,0.016,Very Low,0.0054932,Moderate
54.0000_-89.5000,54.0,-89.5,0.0168,Very Low,0.00586819,Moderate
54.0000_-89.0000,54.0,-89.0,0.0392,Very Low,0.00083832,Moderate
54.0000_-88.5000,54.0,-88.5,0.1629,Very Low,0.00083832,Moderate
54.0000_-88.0000,54.0,-88.0,0.3641,Very Low,0.00083832,Moderate
54.0000_-87.5000,54.0,-87.5,0.2867,Very Low,0.00068534,Low
54.0000_-87.0000,54.0,-87.0,0.4265,Very Low,0.00068534,Low
54.0000_-86.5000,54.0,-86.5,0.3054,Very Low,0.00068534,Low
54.0000_-86.0000,54.0,-86.0,0.9624,Very Low,0.00068534,Low
54.0000_-85.5000,54.0,-85.5,0.8305,Very Low,0.00068534,Low
54.0000_-85.0000,54.0,-85.0,0.4714,Very Low,0.00068534,Low
54.0000_-84.5000,54.0,-84.5,0.2437,Very Low,0.00083832,Moderate
54.0000_-84.0000,54.0,-84.0,0.3382,Very Low,0.00053927,Low
54.0000_-83.5000,54.0,-83.5,0.5084,Very Low,0.00068534,Low
54.0000_-83.0000,54.0,-83.0,0.4447,Very Low,0.00053927,Low
54.0000_-82.5000,54.0,-82.5,0.98,Very Low,0.00068534,Low
54.0000_-80.0000,54.0,-80.0,2.1405,Low,1.896e-05,Very Low
54.0000_-79.0000,54.0,-79.0,0.9397,Very Low,0.00068534,Low
54.0000_-78.5000,54.0,-78.5,0.713,Very Low,0.00083832,Moderate
54.0000_-78.0000,54.0,-78.0,0.6229,Very Low,1.896e-05,Very Low
54.0000_-77.5000,54.0,-77.5,0.8371,Very Low,0.00068534,Low
54.0000_-77.0000,54.0,-77.0,0.8849,Very Low,0.00068534,Low
54.0000_-76.5000,54.0,-76.5,3.1338,Low,7.416e-05,Low
54.0000_-76.0000,54.0,-76.0,0.6594,Very Low,0.00053927,Low
54.0000_-75.5000,54.0,-75.5,1.4531,Very Low,0.00053927,Low
54.0000_-75.0000,54.0,-75.0,0.9953,Very Low,0.00068534,Low
54.0000_-74.5000,54.0,-74.5,0.5856,Very Low,0.00053927,Low
54.0000_-74.0000,54.0,-74.0,0.5241,Very Low,0.00053927,Low
54.0000_-73.5000,54.0,-73.5,0.8886,Very Low,0.00068534,Low
54.0000_-73.0000,54.0,-73.0,0.6191,Very Low,1.896e-05,Very Low
54.0000_-72.5000,54.0,-72.5,0.2886,Very Low,0.00068534,Low
54.0000_-72.0000,54.0,-72.0,0.5454,Very Low,0.00068534,Low
54.0000_-71.5000,54.0,-71.5,0.3019,Very Low,0.00068534,Low
54.0000_-71.0000,54.0,-71.0,0.2046,Very Low,1.896e-05,Very Low
54.0000_-70.5000,54.0,-70.5,0.2213,Very Low,1.896e-05,Very Low
54.0000_-70.0000,54.0,-70.0,0.5156,Very Low,0.00068534,Low
54.0000_-69.5000,54.0,-69.5,0.4526,Very Low,1.896e-05,Very Low
54.0000_-69.0000,54.0,-69.0,0.1088,Very Low,0.0,Very Low
54.0000_-68.5000,54.0,-68.5,0.1723,Very Low,0.0,Very Low
54.0000_-68.0000,54.0,-68.0,0.2691,Very Low,1.896e-05,Very Low
54.0000_-67.5000,54.0,-67.5,0.2461,Very Low,1.896e-05,Very Low
54.0000_-67.0000,54.0,-67.0,0.2842,Very Low,0.00083832,Moderate
54.0000_-66.5000,54.0,-66.5,0.6837,Very Low,0.00083832,Moderate
54.0000_-66.0000,54.0,-66.0,0.659,Very Low,0.00083832,Moderate
54.0000_-65.5000,54.0,-65.5,0.9721,Very Low,0.00083832,Moderate
54.0000_-65.0000,54.0,-65.0,0.8244,Very Low,0.00083832,Moderate
54.0000_-64.5000,54.0,-64.5,0.6409,Very Low,7.416e-05,Low
54.0000_-64.0000,54.0,-64.0,0.9176,Very Low,1.896e-05,Very Low
54.0000_-63.5000,54.0,-63.5,1.0617,Very Low,7.416e-05,Low
54.0000_-63.0000,54.0,-63.0,0.8016,Very Low,1.896e-05,Very Low
54.0000_-62.5000,54.0,-62.5,2.3966,Low,0.00083832,Moderate
54.0000_-62.0000,54.0,-62.0,2.7358,Low,1.896e-05,Very Low
54.0000_-61.5000,54.0,-61.5,3.4799,Low,0.00083832,Moderate
54.0000_-61.0000,54.0,-61.0,0.8495,Very Low,0.00068534,Low
54.0000_-60.5000,54.0,-60.5,0.3929,Very Low,0.00083832,Moderate
54.0000_-60.0000,54.0,-60.0,0.0476,Very Low,7.416e-05,Low
54.0000_-59.5000,54.0,-59.5,0.2186,Very Low,1.896e-05,Very Low
54.0000_-59.0000,54.0,-59.0,0.1336,Very Low,0.00053927,Low
54.0000_-58.5000,54.0,-58.5,0.1893,Very Low,0.00083832,Moderate
54.0000_-58.0000,54.0,-58.0,0.1427,Very Low,0.0,Very Low
54.0000_-57.5000,54.0,-57.5,0.1518,Very Low,0.00068534,Low
54.5000_-131.0000,54.5,-131.0,0.792,Very Low,0.00068534,Low
54.5000_-130.5000,54.5,-130.5,0.807,Very Low,0.00068534,Low
54.5000_-130.0000,54.5,-130.0,1.6266,Very Low,0.00068534,Low
54.5000_-129.5000,54.5,-129.5,2.9077,Low,0.00068534,Low
54.5000_-129.0000,54.5,-129.0,1.8658,Very Low,0.00355104,Moderate
54.5000_-128.5000,54.5,-128.5,0.719,Very Low,0.02281652,High
54.5000_-128.0000,54.5,-128.0,1.9735,Very Low,0.00105241,Moderate
54.5000_-127.5000,54.5,-127.5,0.2918,Very Low,0.00333659,Moderate
54.5000_-127.0000,54.5,-127.0,0.2539,Very Low,0.0540013,High
54.5000_-126.5000,54.5,-126.5,6.0571,Moderate,0.07052897,High
54.5000_-126.0000,54.5,-126.0,4.8767,Moderate,0.08001374,High
54.5000_-125.5000,54.5,-125.5,5.3953,Moderate,0.02704935,High
54.5000_-125.0000,54.5,-125.0,5.2068,Moderate,0.03702563,High
54.5000_-124.5000,54.5,-124.5,1.0996,Very Low,0.08001374,High
54.5000_-124.0000,54.5,-124.0,7.4509,Moderate,0.05620805,High
54.5000_-123.5000,54.5,-123.5,8.5077,High,0.047139,High
54.5000_-123.0000,54.5,-123.0,6.41,Moderate,0.04938272,High
54.5000_-122.5000,54.5,-122.5,5.9361,Moderate,0.03383363,High
54.5000_-122.0000,54.5,-122.0,5.218,Moderate,0.01996567,High
54.5000_-121.5000,54.5,-121.5,4.9786,Moderate,0.00973957,Moderate
54.5000_-121.0000,54.5,-121.0,4.4387,Moderate,0.0054932,Moderate
54.5000_-120.5000,54.5,-120.5,2.3596,Low,0.01432781,High
54.5000_-120.0000,54.5,-120.0,0.3142,Very Low,0.01432781,High
54.5000_-119.5000,54.5,-119.5,0.4245,Very Low,0.01432781,High
54.5000_-119.0000,54.5,-119.0,2.3845,Low,0.06413994,High
54.5000_-118.5000,54.5,-118.5,4.2651,Moderate,0.08001374,High
54.5000_-118.0000,54.5,-118.0,4.513,Moderate,0.047139,High
54.5000_-117.5000,54.5,-117.5,3.6612,Low,0.05620805,High
54.5000_-117.0000,54.5,-117.0,5.9005,Moderate,0.06413994,High
54.5000_-116.5000,54.5,-116.5,5.2697,Moderate,0.04267782,High
54.5000_-116.0000,54.5,-116.0,5.9034,Moderate,0.047139,High
54.5000_-115.5000,54.5,-115.5,5.5555,Moderate,0.09349289,High
54.5000_-115.0000,54.5,-115.0,5.6339,Moderate,0.08576052,High
54.5000_-114.5000,54.5,-114.5,4.9074,Moderate,0.07567568,High
54.5000_-114.0000,54.5,-114.0,5.4787,Moderate,0.06707759,High
54.5000_-113.5000,54.5,-113.5,4.2076,Moderate,0.02154918,High
54.5000_-113.0000,54.5,-113.0,0.6189,Very Low,0.01040092,Moderate
54.5000_-112.5000,54.5,-112.5,0.3931,Very Low,0.00139077,Moderate
54.5000_-112.0000,54.5,-112.0,2.8735,Low,0.08423395,High
54.5000_-111.5000,54.5,-111.5,5.986,Moderate,0.06707759,High
54.5000_-111.0000,54.5,-111.0,4.9695,Moderate,0.05369128,High
54.5000_-110.5000,54.5,-110.5,5.1744,Moderate,0.04267782,High
54.5000_-110.0000,54.5,-110.0,2.8817,Low,0.00973957,Moderate
54.5000_-109.5000,54.5,-109.5,2.8475,Low,0.03702563,High
54.5000_-109.0000,54.5,-109.0,2.4269,Low,0.01040092,Moderate
54.5000_-108.5000,54.5,-108.5,3.0078,Low,0.03702563,High
54.5000_-108.0000,54.5,-108.0,1.3238,Very Low,0.01996567,High
54.5000_-107.5000,54.5,-107.5,1.8494,Very Low,0.00305399,Moderate
54.5000_-107.0000,54.5,-107.0,0.7106,Very Low,0.0023586,Moderate
54.5000_-106.5000,54.5,-106.5,0.7084,Very Low,0.00697906,Moderate
54.5000_-106.0000,54.5,-106.0,2.371,Low,0.02474645,High
54.5000_-105.5000,54.5,-105.5,1.3038,Very Low,0.00632347,Moderate
54.5000_-105.0000,54.5,-105.0,0.518,Very Low,0.0054932,Moderate
54.5000_-104.5000,54.5,-104.5,1.5126,Very Low,0.00243473,Moderate
54.5000_-104.0000,54.5,-104.0,2.7622,Low,0.0054932,Moderate
54.5000_-103.5000,54.5,-103.5,0.447,Very Low,0.00896526,Moderate
54.5000_-103.0000,54.5,-103.0,1.8541,Very Low,0.0054932,Moderate
54.5000_-102.5000,54.5,-102.5,0.4477,Very Low,0.00697906,Moderate
54.5000_-102.0000,54.5,-102.0,1.2806,Very Low,0.02281652,High
54.5000_-101.5000,54.5,-101.5,6.5352,Moderate,0.03383363,High
54.5000_-101.0000,54.5,-101.0,2.7658,Low,0.01996567,High
54.5000_-100.5000,54.5,-100.5,3.9138,Low,0.01250206,High
54.5000_-100.0000,54.5,-100.0,9.5298,High,0.00333659,Moderate
54.5000_-99.5000,54.5,-99.5,5.5136,Moderate,0.01432781,High
54.5000_-99.0000,54.5,-99.0,0.0831,Very Low,0.01040092,Moderate
54.5000_-98.5000,54.5,-98.5,0.0903,Very Low,0.01040092,Moderate
54.5000_-98.0000,54.5,-98.0,0.1287,Very Low,0.01432781,High
54.5000_-97.5000,54.5,-97.5,0.0007,Very Low,0.00973957,Moderate
54.5000_-97.0000,54.5,-97.0,0.001,Very Low,0.00611154,Moderate
54.5000_-96.5000,54.5,-96.5,0.0088,Very Low,0.00333659,Moderate
54.5000_-96.0000,54.5,-96.0,0.0169,Very Low,0.00632347,Moderate
54.5000_-95.5000,54.5,-95.5,0.1333,Very Low,0.01432781,High
54.5000_-95.0000,54.5,-95.0,0.1498,Very Low,0.01250206,High
54.5000_-94.5000,54.5,-94.5,0.0536,Very Low,0.02704935,High
54.5000_-94.0000,54.5,-94.0,0.0003,Very Low,0.00140231,Moderate
54.5000_-93.5000,54.5,-93.5,0.0092,Very Low,0.0054932,Moderate
54.5000_-93.0000,54.5,-93.0,0.0037,Very Low,0.00068534,Low
54.5000_-92.5000,54.5,-92.5,0.0077,Very Low,0.00083832,Moderate
54.5000_-92.0000,54.5,-92.0,0.0042,Very Low,0.00068534,Low
54.5000_-91.5000,54.5,-91.5,0.0181,Very Low,0.00083832,Moderate
54.5000_-91.0000,54.5,-91.0,0.0299,Very Low,0.00068534,Low
54.5000_-90.5000,54.5,-90.5,0.0882,Very Low,0.00083832,Moderate
54.5000_-90.0000,54.5,-90.0,0.0147,Very Low,0.00141978,Moderate
54.5000_-89.5000,54.5,-89.5,0.0288,Very Low,0.00068534,Low
54.5000_-89.0000,54.5,-89.0,0.6471,Very Low,0.00083832,Moderate
54.5000_-88.5000,54.5,-88.5,0.6194,Very Low,0.0023586,Moderate
54.5000_-88.0000,54.5,-88.0,0.5789,Very Low,0.00068534,Low
54.5000_-87.5000,54.5,-87.5,0.4143,Very Low,0.00068534,Low
54.5000_-87.0000,54.5,-87.0,0.2057,Very Low,0.00068534,Low
54.5000_-86.5000,54.5,-86.5,0.2905,Very Low,0.00053927,Low
54.5000_-86.0000,54.5,-86.0,0.4255,Very Low,0.00068534,Low
54.5000_-85.5000,54.5,-85.5,0.2515,Very Low,0.00068534,Low
54.5000_-85.0000,54.5,-85.0,0.3112,Very Low,0.00068534,Low
54.5000_-84.5000,54.5,-84.5,0.6623,Very Low,0.00068534,Low
54.5000_-84.0000,54.5,-84.0,0.6007,Very Low,0.00018179,Low
54.5000_-83.5000,54.5,-83.5,1.2058,Very Low,0.00068534,Low
54.5000_-83.0000,54.5,-83.0,0.82,Very Low,1.896e-05,Very Low
54.5000_-82.5000,54.5,-82.5,1.4847,Very Low,0.00068534,Low
54.5000_-79.5000,54.5,-79.5,2.3792,Low,7.416e-05,Low
54.5000_-79.0000,54.5,-79.0,0.7521,Very Low,1.896e-05,Very Low
54.5000_-78.5000,54.5,-78.5,0.8372,Very Low,1.896e-05,Very Low
54.5000_-78.0000,54.5,-78.0,1.2039,Very Low,0.00068534,Low
54.5000_-77.5000,54.5,-77.5,0.8706,Very Low,0.00068534,Low
54.5000_-77.0000,54.5,-77.0,0.7319,Very Low,0.00068534,Low
54.5000_-76.5000,54.5,-76.5,0.5198,Very Low,1.896e-05,Very Low
54.5000_-76.0000,54.5,-76.0,0.5515,Very Low,0.00068534,Low
54.5000_-75.5000,54.5,-75.5,0.1836,Very Low,1.896e-05,Very Low
54.5000_-75.0000,54.5,-75.0,0.4783,Very Low,0.00068534,Low
54.5000_-74.5000,54.5,-74.5,0.3085,Very Low,1.896e-05,Very Low
54.5000_-74.0000,54.5,-74.0,0.323,Very Low,0.00015106,Low
54.5000_-73.5000,54.5,-73.5,0.5947,Very Low,1.896e-05,Very Low
54.5000_-73.0000,54.5,-73.0,0.5525,Very Low,0.00053927,Low
54.5000_-72.5000,54.5,-72.5,0.2025,Very Low,0.00053927,Low
54.5000_-72.0000,54.5,-72.0,0.1882,Very Low,7.416e-05,Low
54.5000_-71.5000,54.5,-71.5,0.0833,Very Low,0.00068534,Low
54.5000_-71.0000,54.5,-71.0,0.027,Very Low,0.00053927,Low
54.5000_-70.5000,54.5,-70.5,0.1084,Very Low,0.00068534,Low
54.5000_-70.0000,54.5,-70.0,0.3657,Very Low,1.896e-05,Very Low
54.5000_-69.5000,54.5,-69.5,0.3622,Very Low,0.0,Very Low
54.5000_-69.0000,54.5,-69.0,1.2742,Very Low,0.00053927,Low
54.5000_-68.5000,54.5,-68.5,0.2043,Very Low,0.0,Very Low
54.5000_-68.0000,54.5,-68.0,0.3,Very Low,1.896e-05,Very Low
54.5000_-67.5000,54.5,-67.5,0.0891,Very Low,1.896e-05,Very Low
54.5000_-67.0000,54.5,-67.0,0.0568,Very Low,1.896e-05,Very Low
54.5000_-66.5000,54.5,-66.5,0.4426,Very Low,0.00083832,Moderate
54.5000_-66.0000,54.5,-66.0,0.665,Very Low,0.00083832,Moderate
54.5000_-65.5000,54.5,-65.5,0.6793,Very Low,1.896e-05,Very Low
54.5000_-65.0000,54.5,-65.0,0.684,Very Low,1.896e-05,Very Low
54.5000_-64.5000,54.5,-64.5,2.2,Low,1.896e-05,Very Low
54.5000_-64.0000,54.5,-64.0,0.913,Very Low,0.00053927,Low
54.5000_-63.5000,54.5,-63.5,3.0397,Low,1.896e-05,Very Low
54.5000_-63.0000,54.5,-63.0,1.4237,Very Low,0.00053927,Low
54.5000_-62.5000,54.5,-62.5,0.714,Very Low,1.896e-05,Very Low
54.5000_-62.0000,54.5,-62.0,1.8237,Very Low,0.00068534,Low
54.5000_-61.5000,54.5,-61.5,7.3577,Moderate,0.00083832,Moderate
54.5000_-61.0000,54.5,-61.0,4.5168,Moderate,0.00068534,Low
54.5000_-60.5000,54.5,-60.5,3.5653,Low,0.00053927,Low
54.5000_-60.0000,54.5,-60.0,2.6486,Low,0.00068534,Low
54.5000_-59.5000,54.5,-59.5,0.6505,Very Low,0.00068534,Low
54.5000_-59.0000,54.5,-59.0,0.798,Very Low,0.00083832,Moderate
54.5000_-58.5000,54.5,-58.5,0.3275,Very Low,0.00053927,Low
54.5000_-58.0000,54.5,-58.0,0.3174,Very Low,0.00053927,Low
54.5000_-57.5000,54.5,-57.5,0.3175,Very Low,0.0,Very Low
55.0000_-130.0000,55.0,-130.0,0.512,Very Low,0.00068534,Low
55.0000_-129.5000,55.0,-129.5,0.8676,Very Low,0.00068534,Low
55.0000_-129.0000,55.0,-129.0,3.4578,Low,0.01377744,High
55.0000_-128.5000,55.0,-128.5,0.2393,Very Low,0.0054932,Moderate
55.0000_-128.0000,55.0,-128.0,0.3922,Very Low,0.02281652,High
55.0000_-127.5000,55.0,-127.5,0.8122,Very Low,0.03290069,High
55.0000_-127.0000,55.0,-127.0,2.6397,Low,0.0540013,High
55.0000_-126.5000,55.0,-126.5,4.6936,Moderate,0.02704935,High
55.0000_-126.0000,55.0,-126.0,4.7099,Moderate,0.02704935,High
55.0000_-125.5000,55.0,-125.5,7.0849,Moderate,0.02704935,High
55.0000_-125.0000,55.0,-125.0,7.7292,Moderate,0.03276447,High
55.0000_-124.5000,55.0,-124.5,6.945,Moderate,0.03276447,High
55.0000_-124.0000,55.0,-124.0,5.9507,Moderate,0.02704935,High
55.0000_-123.5000,55.0,-123.5,5.722,Moderate,0.01996567,High
55.0000_-123.0000,55.0,-123.0,6.2184,Moderate,0.06413994,High
55.0000_-122.5000,55.0,-122.5,3.7106,Low,0.01432781,High
55.0000_-122.0000,55.0,-122.0,1.7141,Very Low,0.01996567,High
55.0000_-121.5000,55.0,-121.5,3.0956,Low,0.01250206,High
55.0000_-121.0000,55.0,-121.0,4.9271,Moderate,0.047139,High
55.0000_-120.5000,55.0,-120.5,6.3894,Moderate,0.03657881,High
55.0000_-120.0000,55.0,-120.0,7.6567,Moderate,0.04267782,High
55.0000_-119.5000,55.0,-119.5,6.4193,Moderate,0.03276447,High
55.0000_-119.0000,55.0,-119.0,7.3519,Moderate,0.10967256,High
55.0000_-118.5000,55.0,-118.5,5.6697,Moderate,0.10500879,High
55.0000_-118.0000,55.0,-118.0,5.013,Moderate,0.08423395,High
55.0000_-117.5000,55.0,-117.5,6.5981,Moderate,0.10967256,High
55.0000_-117.0000,55.0,-117.0,6.3965,Moderate,0.10967256,High
55.0000_-116.5000,55.0,-116.5,6.3395,Moderate,0.10500879,High
55.0000_-116.0000,55.0,-116.0,6.147,Moderate,0.08576052,High
55.0000_-115.5000,55.0,-115.5,4.2997,Moderate,0.07052897,High
55.0000_-115.0000,55.0,-115.0,2.197,Low,0.05620805,High
55.0000_-114.5000,55.0,-114.5,4.6253,Moderate,0.03702563,High
55.0000_-114.0000,55.0,-114.0,0.9276,Very Low,0.08001374,High
55.0000_-113.5000,55.0,-113.5,3.6247,Low,0.04267782,High
55.0000_-113.0000,55.0,-113.0,1.3054,Very Low,0.08001374,High
55.0000_-112.5000,55.0,-112.5,3.1231,Low,0.09349289,High
55.0000_-112.0000,55.0,-112.0,1.9778,Very Low,0.08001374,High
55.0000_-111.5000,55.0,-111.5,1.4362,Very Low,0.06707759,High
55.0000_-111.0000,55.0,-111.0,2.0424,Low,0.03657881,High
55.0000_-110.5000,55.0,-110.5,4.2035,Moderate,0.02704935,High
55.0000_-110.0000,55.0,-110.0,1.9465,Very Low,0.01377744,High
55.0000_-109.5000,55.0,-109.5,1.97,Very Low,0.00083832,Moderate
55.0000_-109.0000,55.0,-109.0,0.4772,Very Low,0.00083832,Moderate
55.0000_-108.5000,55.0,-108.5,0.3589,Very Low,0.00632347,Moderate
55.0000_-108.0000,55.0,-108.0,0.4563,Very Low,0.02704935,High
55.0000_-107.5000,55.0,-107.5,0.591,Very Low,0.02704935,High
55.0000_-107.0000,55.0,-107.0,2.0306,Low,0.01377744,High
55.0000_-106.5000,55.0,-106.5,2.7597,Low,0.00770915,Moderate
55.0000_-106.0000,55.0,-106.0,3.0552,Low,0.03383363,High
55.0000_-105.5000,55.0,-105.5,2.5994,Low,0.04267782,High
55.0000_-105.0000,55.0,-105.0,2.4089,Low,0.01432781,High
55.0000_-104.5000,55.0,-104.5,0.5727,Very Low,0.01040092,Moderate
55.0000_-104.0000,55.0,-104.0,0.528,Very Low,0.00770915,Moderate
55.0000_-103.5000,55.0,-103.5,0.5722,Very Low,0.02704935,High
55.0000_-103.0000,55.0,-103.0,0.7056,Very Low,0.02281652,High
55.0000_-102.5000,55.0,-102.5,0.0858,Very Low,0.00932712,Moderate
55.0000_-102.0000,55.0,-102.0,0.5299,Very Low,0.03276447,High
55.0000_-101.5000,55.0,-101.5,1.5572,Very Low,0.03276447,High
55.0000_-101.0000,55.0,-101.0,2.7459,Low,0.00932712,Moderate
55.0000_-100.5000,55.0,-100.5,0.9015,Very Low,0.01102536,High
55.0000_-100.0000,55.0,-100.0,1.606,Very Low,0.04267782,High
55.0000_-99.5000,55.0,-99.5,0.9703,Very Low,0.03702563,High
55.0000_-99.0000,55.0,-99.0,0.3202,Very Low,0.01432781,High
55.0000_-98.5000,55.0,-98.5,6.0023,Moderate,0.03702563,High
55.0000_-98.0000,55.0,-98.0,0.2667,Very Low,0.01056092,High
55.0000_-97.5000,55.0,-97.5,0.0155,Very Low,0.00586819,Moderate
55.0000_-97.0000,55.0,-97.0,0.0012,Very Low,0.00139077,Moderate
55.0000_-96.5000,55.0,-96.5,0.0003,Very Low,0.00105241,Moderate
55.0000_-96.0000,55.0,-96.0,0.0783,Very Low,0.00083832,Moderate
55.0000_-95.5000,55.0,-95.5,0.1066,Very Low,0.02281652,High
55.0000_-95.0000,55.0,-95.0,0.0035,Very Low,0.00770915,Moderate
55.0000_-94.5000,55.0,-94.5,0.2137,Very Low,0.00083832,Moderate
55.0000_-94.0000,55.0,-94.0,0.0068,Very Low,0.0023586,Moderate
55.0000_-93.5000,55.0,-93.5,0.0162,Very Low,0.00105241,Moderate
55.0000_-93.0000,55.0,-93.0,0.0014,Very Low,0.00139077,Moderate
55.0000_-92.5000,55.0,-92.5,0.0005,Very Low,0.00083832,Moderate
55.0000_-92.0000,55.0,-92.0,0.0009,Very Low,0.00068534,Low
55.0000_-91.5000,55.0,-91.5,0.0038,Very Low,0.00140231,Moderate
55.0000_-91.0000,55.0,-91.0,0.0037,Very Low,1.896e-05,Very Low
55.0000_-90.5000,55.0,-90.5,0.0049,Very Low,1.896e-05,Very Low
55.0000_-90.0000,55.0,-90.0,0.0109,Very Low,0.00068534,Low
55.0000_-89.5000,55.0,-89.5,0.0143,Very Low,0.00053927,Low
55.0000_-89.0000,55.0,-89.0,0.0025,Very Low,0.00068534,Low
55.0000_-88.5000,55.0,-88.5,0.0302,Very Low,0.00083832,Moderate
55.0000_-88.0000,55.0,-88.0,0.005,Very Low,0.00053927,Low
55.0000_-87.5000,55.0,-87.5,0.0179,Very Low,0.00053927,Low
55.0000_-87.0000,55.0,-87.0,0.2499,Very Low,1.896e-05,Very Low
55.0000_-86.5000,55.0,-86.5,0.3356,Very Low,0.00068534,Low
55.0000_-86.0000,55.0,-86.0,0.1665,Very Low,0.00068534,Low
55.0000_-85.5000,55.0,-85.5,0.2163,Very Low,0.00139077,Moderate
55.0000_-85.0000,55.0,-85.0,0.2774,Very Low,0.00083832,Moderate
55.0000_-84.5000,55.0,-84.5,0.2037,Very Low,0.0,Very Low
55.0000_-84.0000,55.0,-84.0,0.2302,Very Low,0.00053927,Low
55.0000_-83.5000,55.0,-83.5,0.1693,Very Low,1.896e-05,Very Low
55.0000_-83.0000,55.0,-83.0,0.197,Very Low,0.0,Very Low
55.0000_-82.5000,55.0,-82.5,0.7669,Very Low,1.896e-05,Very Low
55.0000_-79.0000,55.0,-79.0,1.5298,Very Low,0.00053927,Low
55.0000_-78.5000,55.0,-78.5,2.0481,Low,0.00053927,Low
55.0000_-78.0000,55.0,-78.0,0.4946,Very Low,7.416e-05,Low
55.0000_-77.5000,55.0,-77.5,0.3752,Very Low,7.416e-05,Low
55.0000_-77.0000,55.0,-77.0,0.4293,Very Low,0.00068534,Low
55.0000_-76.5000,55.0,-76.5,0.3667,Very Low,1.896e-05,Very Low
55.0000_-76.0000,55.0,-76.0,0.2834,Very Low,0.00053927,Low
55.0000_-75.5000,55.0,-75.5,0.4132,Very Low,0.00018179,Low
55.0000_-75.0000,55.0,-75.0,0.724,Very Low,1.896e-05,Very Low
55.0000_-74.5000,55.0,-74.5,0.28,Very Low,0.00053927,Low
55.0000_-74.0000,55.0,-74.0,0.2662,Very Low,0.0,Very Low
55.0000_-73.5000,55.0,-73.5,0.4491,Very Low,1.896e-05,Very Low
55.0000_-73.0000,55.0,-73.0,0.7136,Very Low,1.896e-05,Very Low
55.0000_-72.5000,55.0,-72.5,0.0955,Very Low,0.00053927,Low
55.0000_-72.0000,55.0,-72.0,0.073,Very Low,1.896e-05,Very Low
55.0000_-71.5000,55.0,-71.5,0.0882,Very Low,0.00053927,Low
55.0000_-71.0000,55.0,-71.0,0.061,Very Low,0.00068534,Low
55.0000_-70.5000,55.0,-70.5,0.0387,Very Low,0.00068534,Low
55.0000_-70.0000,55.0,-70.0,0.2906,Very Low,0.00015106,Low
55.0000_-69.5000,55.0,-69.5,0.3473,Very Low,0.00053927,Low
55.0000_-69.0000,55.0,-69.0,0.5136,Very Low,1.896e-05,Very Low
55.0000_-68.5000,55.0,-68.5,0.495,Very Low,1.896e-05,Very Low
55.0000_-68.0000,55.0,-68.0,0.276,Very Low,0.0,Very Low
55.0000_-67.5000,55.0,-67.5,0.3537,Very Low,0.00053927,Low
55.0000_-67.0000,55.0,-67.0,0.768,Very Low,0.00053927,Low
55.0000_-66.5000,55.0,-66.5,0.6977,Very Low,0.00018179,Low
55.0000_-66.0000,55.0,-66.0,0.6717,Very Low,1.896e-05,Very Low
55.0000_-65.5000,55.0,-65.5,0.5768,Very Low,1.896e-05,Very Low
55.0000_-65.0000,55.0,-65.0,3.7078,Low,1.896e-05,Very Low
55.0000_-64.5000,55.0,-64.5,2.8602,Low,1.896e-05,Very Low
55.0000_-64.0000,55.0,-64.0,2.1488,Low,0.00053927,Low
55.0000_-63.5000,55.0,-63.5,1.5207,Very Low,1.896e-05,Very Low
55.0000_-63.0000,55.0,-63.0,0.955,Very Low,0.00083832,Moderate
55.0000_-62.5000,55.0,-62.5,2.1354,Low,1.896e-05,Very Low
55.0000_-62.0000,55.0,-62.0,5.9444,Moderate,0.00068534,Low
55.0000_-61.5000,55.0,-61.5,2.3894,Low,0.00053927,Low
55.0000_-61.0000,55.0,-61.0,5.2528,Moderate,0.00068534,Low
55.0000_-60.5000,55.0,-60.5,1.6794,Very Low,0.00053927,Low
55.0000_-60.0000,55.0,-60.0,2.0572,Low,1.896e-05,Very Low
55.0000_-59.5000,55.0,-59.5,0.6115,Very Low,0.00053927,Low
55.0000_-59.0000,55.0,-59.0,0.3813,Very Low,0.0,Very Low
55.0000_-58.0000,55.0,-58.0,0.1226,Very Low,1.896e-05,Very Low
55.5000_-130.0000,55.5,-130.0,1.7869,Very Low,0.00068534,Low
55.5000_-129.5000,55.5,-129.5,2.0566,Low,0.00083832,Moderate
55.5000_-129.0000,55.5,-129.0,0.5534,Very Low,0.00139077,Moderate
55.5000_-128.5000,55.5,-128.5,2.3227,Low,0.00083832,Moderate
55.5000_-128.0000,55.5,-128.0,3.033,Low,0.02704935,High
55.5000_-127.5000,55.5,-127.5,2.3624,Low,0.03450564,High
55.5000_-127.0000,55.5,-127.0,6.6578,Moderate,0.02281652,High
55.5000_-126.5000,55.5,-126.5,5.4092,Moderate,0.01649175,High
55.5000_-126.0000,55.5,-126.0,6.0725,Moderate,0.01102536,High
55.5000_-125.5000,55.5,-125.5,6.7053,Moderate,0.0171844,High
55.5000_-125.0000,55.5,-125.0,8.0518,High,0.02704935,High
55.5000_-124.5000,55.5,-124.5,1.7512,Very Low,0.00770915,Moderate
55.5000_-124.0000,55.5,-124.0,4.3032,Moderate,0.01250206,High
55.5000_-123.5000,55.5,-123.5,6.92,Moderate,0.02704935,High
55.5000_-123.0000,55.5,-123.0,1.4993,Very Low,0.03276447,High
55.5000_-122.5000,55.5,-122.5,3.8174,Low,0.03657881,High
55.5000_-122.0000,55.5,-122.0,0.5334,Very Low,0.04267782,High
55.5000_-121.5000,55.5,-121.5,0.7418,Very Low,0.07052897,High
55.5000_-121.0000,55.5,-121.0,5.585,Moderate,0.05620805,High
55.5000_-120.5000,55.5,-120.5,8.2004,High,0.10967256,High
55.5000_-120.0000,55.5,-120.0,7.9421,Moderate,0.10967256,High
55.5000_-119.5000,55.5,-119.5,6.401,Moderate,0.09737058,High
55.5000_-119.0000,55.5,-119.0,6.243,Moderate,0.09349289,High
55.5000_-118.5000,55.5,-118.5,6.1141,Moderate,0.0344086,High
55.5000_-118.0000,55.5,-118.0,6.7594,Moderate,0.04267782,High
55.5000_-117.5000,55.5,-117.5,7.0543,Moderate,0.03702563,High
55.5000_-117.0000,55.5,-117.0,6.2062,Moderate,0.10500879,High
55.5000_-116.5000,55.5,-116.5,6.0526,Moderate,0.10967256,High
55.5000_-116.0000,55.5,-116.0,3.2962,Low,0.09349289,High
55.5000_-115.5000,55.5,-115.5,5.8859,Moderate,0.08001374,High
55.5000_-115.0000,55.5,-115.0,4.2205,Moderate,0.05970149,High
55.5000_-114.5000,55.5,-114.5,0.57,Very Low,0.08423395,High
55.5000_-114.0000,55.5,-114.0,2.1208,Low,0.047139,High
55.5000_-113.5000,55.5,-113.5,3.0091,Low,0.05620805,High
55.5000_-113.0000,55.5,-113.0,0.9979,Very Low,0.09349289,High
55.5000_-112.5000,55.5,-112.5,6.2722,Moderate,0.10967256,High
55.5000_-112.0000,55.5,-112.0,2.3176,Low,0.03702563,High
55.5000_-111.5000,55.5,-111.5,0.6253,Very Low,0.02154918,High
55.5000_-111.0000,55.5,-111.0,0.7497,Very Low,0.07567568,High
55.5000_-110.5000,55.5,-110.5,0.7115,Very Low,0.02704935,High
55.5000_-110.0000,55.5,-110.0,0.6881,Very Low,0.00770915,Moderate
55.5000_-109.5000,55.5,-109.5,0.0828,Very Low,0.0054932,Moderate
55.5000_-109.0000,55.5,-109.0,0.4141,Very Low,0.01377744,High
55.5000_-108.5000,55.5,-108.5,0.373,Very Low,0.02154918,High
55.5000_-108.0000,55.5,-108.0,0.6268,Very Low,0.02704935,High
55.5000_-107.5000,55.5,-107.5,0.6344,Very Low,0.02474645,High
55.5000_-107.0000,55.5,-107.0,0.6369,Very Low,0.00932712,Moderate
55.5000_-106.5000,55.5,-106.5,2.9772,Low,0.02281652,High
55.5000_-106.0000,55.5,-106.0,2.9497,Low,0.02704935,High
55.5000_-105.5000,55.5,-105.5,1.5341,Very Low,0.04267782,High
55.5000_-105.0000,55.5,-105.0,4.6742,Moderate,0.0540013,High
55.5000_-104.5000,55.5,-104.5,1.3244,Very Low,0.04267782,High
55.5000_-104.0000,55.5,-104.0,1.4427,Very Low,0.00770915,Moderate
55.5000_-103.5000,55.5,-103.5,2.5747,Low,0.01996567,High
55.5000_-103.0000,55.5,-103.0,2.9058,Low,0.01377744,High
55.5000_-102.5000,55.5,-102.5,0.7789,Very Low,0.02281652,High
55.5000_-102.0000,55.5,-102.0,0.1001,Very Low,0.00333659,Moderate
55.5000_-101.5000,55.5,-101.5,0.1421,Very Low,0.01432781,High
55.5000_-101.0000,55.5,-101.0,0.8055,Very Low,0.01996567,High
55.5000_-100.5000,55.5,-100.5,0.4032,Very Low,0.01056092,High
55.5000_-100.0000,55.5,-100.0,0.4338,Very Low,0.00632347,Moderate
55.5000_-99.5000,55.5,-99.5,0.1334,Very Low,0.00632347,Moderate
55.5000_-99.0000,55.5,-99.0,0.4753,Very Low,0.00586819,Moderate
55.5000_-98.5000,55.5,-98.5,0.7676,Very Low,0.00617284,Moderate
55.5000_-98.0000,55.5,-98.0,3.1379,Low,0.00932712,Moderate
55.5000_-97.5000,55.5,-97.5,0.323,Very Low,0.0054932,Moderate
55.5000_-97.0000,55.5,-97.0,0.0045,Very Low,0.0023586,Moderate
55.5000_-96.5000,55.5,-96.5,0.0001,Very Low,0.00083832,Moderate
55.5000_-96.0000,55.5,-96.0,0.0013,Very Low,0.00083832,Moderate
55.5000_-95.5000,55.5,-95.5,0.0099,Very Low,0.0023586,Moderate
55.5000_-95.0000,55.5,-95.0,0.0216,Very Low,0.00068534,Low
55.5000_-94.5000,55.5,-94.5,0.2996,Very Low,0.00139077,Moderate
55.5000_-94.0000,55.5,-94.0,0.0138,Very Low,0.00068534,Low
55.5000_-93.5000,55.5,-93.5,0.0017,Very Low,0.00105241,Moderate
55.5000_-93.0000,55.5,-93.0,0.0423,Very Low,0.00141978,Moderate
55.5000_-92.5000,55.5,-92.5,0.0053,Very Low,0.00053927,Low
55.5000_-92.0000,55.5,-92.0,0.0331,Very Low,0.00068534,Low
55.5000_-91.5000,55.5,-91.5,0.012,Very Low,0.00068534,Low
55.5000_-91.0000,55.5,-91.0,0.0029,Very Low,0.00083832,Moderate
55.5000_-90.5000,55.5,-90.5,0.0026,Very Low,0.00053927,Low
55.5000_-90.0000,55.5,-90.0,0.0204,Very Low,0.00068534,Low
55.5000_-89.5000,55.5,-89.5,0.0386,Very Low,0.00068534,Low
55.5000_-89.0000,55.5,-89.0,0.004,Very Low,0.00068534,Low
55.5000_-88.5000,55.5,-88.5,0.0011,Very Low,0.00083832,Moderate
55.5000_-88.0000,55.5,-88.0,0.0001,Very Low,0.00068534,Low
55.5000_-87.5000,55.5,-87.5,0.0001,Very Low,0.00053927,Low
55.5000_-87.0000,55.5,-87.0,0.0003,Very Low,0.00053927,Low
55.5000_-86.5000,55.5,-86.5,0.0017,Very Low,1.896e-05,Very Low
55.5000_-86.0000,55.5,-86.0,0.0239,Very Low,1.896e-05,Very Low
55.5000_-85.5000,55.5,-85.5,0.1494,Very Low,1.896e-05,Very Low
55.5000_-77.5000,55.5,-77.5,2.8558,Low,0.00053927,Low
55.5000_-77.0000,55.5,-77.0,0.1167,Very Low,1.896e-05,Very Low
55.5000_-76.5000,55.5,-76.5,0.0551,Very Low,1.896e-05,Very Low
55.5000_-76.0000,55.5,-76.0,0.0672,Very Low,0.00068534,Low
55.5000_-75.5000,55.5,-75.5,0.1734,Very Low,0.0,Very Low
55.5000_-75.0000,55.5,-75.0,0.3611,Very Low,0.00053927,Low
55.5000_-74.5000,55.5,-74.5,0.146,Very Low,0.0,Very Low
55.5000_-74.0000,55.5,-74.0,0.3025,Very Low,0.00015106,Low
55.5000_-73.5000,55.5,-73.5,0.2805,Very Low,0.0,Very Low
55.5000_-73.0000,55.5,-73.0,0.0825,Very Low,0.0,Very Low
55.5000_-72.5000,55.5,-72.5,0.014,Very Low,0.0,Very Low
55.5000_-72.0000,55.5,-72.0,0.1509,Very Low,0.0,Very Low
55.5000_-71.5000,55.5,-71.5,0.071,Very Low,0.0,Very Low
55.5000_-71.0000,55.5,-71.0,0.0103,Very Low,7.416e-05,Low
55.5000_-70.5000,55.5,-70.5,0.2761,Very Low,0.00015106,Low
55.5000_-70.0000,55.5,-70.0,0.3432,Very Low,0.0,Very Low
55.5000_-69.5000,55.5,-69.5,0.639,Very Low,1.896e-05,Very Low
55.5000_-69.0000,55.5,-69.0,0.8221,Very Low,0.00068534,Low
55.5000_-68.5000,55.5,-68.5,0.6729,Very Low,0.0,Very Low
55.5000_-68.0000,55.5,-68.0,0.4732,Very Low,0.0,Very Low
55.5000_-67.5000,55.5,-67.5,0.883,Very Low,1.896e-05,Very Low
55.5000_-67.0000,55.5,-67.0,0.5452,Very Low,0.00018179,Low
55.5000_-66.5000,55.5,-66.5,0.221,Very Low,0.0,Very Low
55.5000_-66.0000,55.5,-66.0,0.497,Very Low,0.0,Very Low
55.5000_-65.5000,55.5,-65.5,0.2017,Very Low,0.0,Very Low
55.5000_-65.0000,55.5,-65.0,0.5316,Very Low,0.0,Very Low
55.5000_-64.5000,55.5,-64.5,0.9994,Very Low,0.00083832,Moderate
55.5000_-64.0000,55.5,-64.0,0.6571,Very Low,1.896e-05,Very Low
55.5000_-63.5000,55.5,-63.5,0.8575,Very Low,1.896e-05,Very Low
55.5000_-63.0000,55.5,-63.0,1.0254,Very Low,1.896e-05,Very Low
55.5000_-62.5000,55.5,-62.5,1.3974,Very Low,1.896e-05,Very Low
55.5000_-62.0000,55.5,-62.0,6.0142,Moderate,0.00068534,Low
55.5000_-61.5000,55.5,-61.5,3.6449,Low,0.00068534,Low
55.5000_-61.0000,55.5,-61.0,2.6617,Low,0.00053927,Low
55.5000_-60.5000,55.5,-60.5,4.879,Moderate,0.00068534,Low
56.0000_-130.0000,56.0,-130.0,3.1313,Low,0.00068534,Low
56.0000_-129.5000,56.0,-129.5,2.3481,Low,0.00083832,Moderate
56.0000_-129.0000,56.0,-129.0,2.3052,Low,0.0023586,Moderate
56.0000_-128.5000,56.0,-128.5,3.7509,Low,0.00083832,Moderate
56.0000_-128.0000,56.0,-128.0,4.8062,Moderate,0.0023586,Moderate
56.0000_-127.5000,56.0,-127.5,4.0234,Moderate,0.00068534,Low
56.0000_-127.0000,56.0,-127.0,5.3445,Moderate,0.00139077,Moderate
56.0000_-126.5000,56.0,-126.5,3.3871,Low,0.00140231,Moderate
56.0000_-126.0000,56.0,-126.0,7.1109,Moderate,0.0054932,Moderate
56.0000_-125.5000,56.0,-125.5,5.8161,Moderate,0.01056092,High
56.0000_-125.0000,56.0,-125.0,4.5611,Moderate,0.01056092,High
56.0000_-124.5000,56.0,-124.5,5.15,Moderate,0.01432781,High
56.0000_-124.0000,56.0,-124.0,8.3037,High,0.01996567,High
56.0000_-123.5000,56.0,-123.5,5.0321,Moderate,0.00697906,Moderate
56.0000_-123.0000,56.0,-123.0,0.6868,Very Low,0.01432781,High
56.0000_-122.5000,56.0,-122.5,0.8877,Very Low,0.02474645,High
56.0000_-122.0000,56.0,-122.0,1.8383,Very Low,0.07052897,High
56.0000_-121.5000,56.0,-121.5,2.1626,Low,0.10967256,High
56.0000_-121.0000,56.0,-121.0,3.3189,Low,0.08001374,High
56.0000_-120.5000,56.0,-120.5,5.669,Moderate,0.10967256,High
56.0000_-120.0000,56.0,-120.0,4.568,Moderate,0.03290069,High
56.0000_-119.5000,56.0,-119.5,7.8776,Moderate,0.10967256,High
56.0000_-119.0000,56.0,-119.0,6.1453,Moderate,0.03383363,High
56.0000_-118.5000,56.0,-118.5,5.0473,Moderate,0.03290069,High
56.0000_-118.0000,56.0,-118.0,4.924,Moderate,0.01996567,High
56.0000_-117.5000,56.0,-117.5,8.4058,High,0.02704935,High
56.0000_-117.0000,56.0,-117.0,5.9608,Moderate,0.09349289,High
56.0000_-116.5000,56.0,-116.5,4.3972,Moderate,0.08423395,High
56.0000_-116.0000,56.0,-116.0,6.4338,Moderate,0.06707759,High
56.0000_-115.5000,56.0,-115.5,1.6554,Very Low,0.08001374,High
56.0000_-115.0000,56.0,-115.0,1.8886,Very Low,0.08423395,High
56.0000_-114.5000,56.0,-114.5,0.6681,Very Low,0.05620805,High
56.0000_-114.0000,56.0,-114.0,2.1589,Low,0.08001374,High
56.0000_-113.5000,56.0,-113.5,0.6619,Very Low,0.06707759,High
56.0000_-113.0000,56.0,-113.0,5.7884,Moderate,0.04938272,High
56.0000_-112.5000,56.0,-112.5,3.3237,Low,0.05620805,High
56.0000_-112.0000,56.0,-112.0,0.8659,Very Low,0.03702563,High
56.0000_-111.5000,56.0,-111.5,0.4631,Very Low,0.03276447,High
56.0000_-111.0000,56.0,-111.0,3.5836,Low,0.09737058,High
56.0000_-110.5000,56.0,-110.5,0.5248,Very Low,0.03702563,High
56.0000_-110.0000,56.0,-110.0,0.2033,Very Low,0.01056092,High
56.0000_-109.5000,56.0,-109.5,0.2208,Very Low,0.01432781,High
56.0000_-109.0000,56.0,-109.0,0.2048,Very Low,0.02704935,High
56.0000_-108.5000,56.0,-108.5,0.5647,Very Low,0.01432781,High
56.0000_-108.0000,56.0,-108.0,0.708,Very Low,0.00973957,Moderate
56.0000_-107.5000,56.0,-107.5,2.2905,Low,0.03367698,High
56.0000_-107.0000,56.0,-107.0,1.908,Very Low,0.01377744,High
56.0000_-106.5000,56.0,-106.5,2.3433,Low,0.00611154,Moderate
56.0000_-106.0000,56.0,-106.0,4.7695,Moderate,0.00932712,Moderate
56.0000_-105.5000,56.0,-105.5,4.2644,Moderate,0.00932712,Moderate
56.0000_-105.0000,56.0,-105.0,0.6351,Very Low,0.01432781,High
56.0000_-104.5000,56.0,-104.5,3.0473,Low,0.02704935,High
56.0000_-104.0000,56.0,-104.0,4.7388,Moderate,0.02068278,High
56.0000_-103.5000,56.0,-103.5,2.8643,Low,0.02154918,High
56.0000_-103.0000,56.0,-103.0,2.0163,Low,0.00333659,Moderate
56.0000_-102.5000,56.0,-102.5,1.2329,Very Low,0.01056092,High
56.0000_-102.0000,56.0,-102.0,0.8164,Very Low,0.01040092,Moderate
56.0000_-101.5000,56.0,-101.5,0.2444,Very Low,0.02474645,High
56.0000_-101.0000,56.0,-101.0,0.2478,Very Low,0.01432781,High
56.0000_-100.5000,56.0,-100.5,0.1583,Very Low,0.00617284,Moderate
56.0000_-100.0000,56.0,-100.0,0.0784,Very Low,0.0023586,Moderate
56.0000_-99.5000,56.0,-99.5,0.015,Very Low,0.0054932,Moderate
56.0000_-99.0000,56.0,-99.0,0.0185,Very Low,0.01996567,High
56.0000_-98.5000,56.0,-98.5,0.0098,Very Low,0.00141978,Moderate
56.0000_-98.0000,56.0,-98.0,0.1108,Very Low,0.0054932,Moderate
56.0000_-97.5000,56.0,-97.5,0.1551,Very Low,0.0023586,Moderate
56.0000_-97.0000,56.0,-97.0,0.5198,Very Low,0.00697906,Moderate
56.0000_-96.5000,56.0,-96.5,0.0102,Very Low,0.00105241,Moderate
56.0000_-96.0000,56.0,-96.0,0.0658,Very Low,0.00932712,Moderate
56.0000_-95.5000,56.0,-95.5,0.0,Very Low,0.00083832,Moderate
56.0000_-95.0000,56.0,-95.0,0.0111,Very Low,0.00083832,Moderate
56.0000_-94.5000,56.0,-94.5,0.3529,Very Low,0.00140231,Moderate
56.0000_-94.0000,56.0,-94.0,0.2417,Very Low,0.00243473,Moderate
56.0000_-93.5000,56.0,-93.5,0.0048,Very Low,0.00139077,Moderate
56.0000_-93.0000,56.0,-93.0,1.1741,Very Low,0.0023586,Moderate
56.0000_-92.5000,56.0,-92.5,0.0664,Very Low,0.00243473,Moderate
56.0000_-92.0000,56.0,-92.0,0.0217,Very Low,0.00333659,Moderate
56.0000_-91.5000,56.0,-91.5,0.012,Very Low,0.00068534,Low
56.0000_-91.0000,56.0,-91.0,0.0049,Very Low,0.00083832,Moderate
56.0000_-90.5000,56.0,-90.5,0.0137,Very Low,0.00083832,Moderate
56.0000_-90.0000,56.0,-90.0,0.0201,Very Low,0.00083832,Moderate
56.0000_-89.5000,56.0,-89.5,0.0154,Very Low,0.00068534,Low
56.0000_-89.0000,56.0,-89.0,0.0072,Very Low,0.00018179,Low
56.0000_-88.5000,56.0,-88.5,0.0012,Very Low,0.00068534,Low
56.0000_-88.0000,56.0,-88.0,0.0007,Very Low,0.00083832,Moderate
56.0000_-87.5000,56.0,-87.5,0.0005,Very Low,0.00083832,Moderate
56.0000_-87.0000,56.0,-87.0,0.003,Very Low,1.896e-05,Very Low
56.0000_-80.0000,56.0,-80.0,0.2904,Very Low,1.896e-05,Very Low
56.0000_-79.5000,56.0,-79.5,1.2155,Very Low,1.896e-05,Very Low
56.0000_-79.0000,56.0,-79.0,2.8813,Low,1.896e-05,Very Low
56.0000_-76.5000,56.0,-76.5,0.1373,Very Low,1.896e-05,Very Low
56.0000_-76.0000,56.0,-76.0,0.0217,Very Low,1.896e-05,Very Low
56.0000_-75.5000,56.0,-75.5,0.02,Very Low,1.896e-05,Very Low
56.0000_-75.0000,56.0,-75.0,0.1682,Very Low,1.896e-05,Very Low
56.0000_-74.5000,56.0,-74.5,0.1416,Very Low,1.896e-05,Very Low
56.0000_-74.0000,56.0,-74.0,0.8285,Very Low,0.00068534,Low
56.0000_-73.5000,56.0,-73.5,0.0252,Very Low,0.0,Very Low
56.0000_-73.0000,56.0,-73.0,0.3297,Very Low,0.0,Very Low
56.0000_-72.5000,56.0,-72.5,0.3386,Very Low,0.0,Very Low
56.0000_-72.0000,56.0,-72.0,0.3148,Very Low,0.0,Very Low
56.0000_-71.5000,56.0,-71.5,0.0682,Very Low,0.00053927,Low
56.0000_-71.0000,56.0,-71.0,0.7299,Very Low,0.0,Very Low
56.0000_-70.5000,56.0,-70.5,0.6823,Very Low,0.0,Very Low
56.0000_-70.0000,56.0,-70.0,0.3376,Very Low,0.0,Very Low
56.0000_-69.5000,56.0,-69.5,0.8772,Very Low,0.00068534,Low
56.0000_-69.0000,56.0,-69.0,2.1693,Low,0.00068534,Low
56.0000_-68.5000,56.0,-68.5,1.5573,Very Low,1.896e-05,Very Low
56.0000_-68.0000,56.0,-68.0,2.2484,Low,0.00068534,Low
56.0000_-67.5000,56.0,-67.5,2.8149,Low,1.896e-05,Very Low
56.0000_-67.0000,56.0,-67.0,0.5449,Very Low,0.00053927,Low
56.0000_-66.5000,56.0,-66.5,0.7427,Very Low,1.896e-05,Very Low
56.0000_-66.0000,56.0,-66.0,0.2854,Very Low,0.00018179,Low
56.0000_-65.5000,56.0,-65.5,0.2538,Very Low,0.0,Very Low
56.0000_-65.0000,56.0,-65.0,0.0973,Very Low,0.00053927,Low
56.0000_-64.5000,56.0,-64.5,0.3078,Very Low,0.0,Very Low
56.0000_-64.0000,56.0,-64.0,0.2523,Very Low,0.0,Very Low
56.0000_-63.5000,56.0,-63.5,0.1932,Very Low,0.0,Very Low
56.0000_-63.0000,56.0,-63.0,0.7857,Very Low,1.896e-05,Very Low
56.0000_-62.5000,56.0,-62.5,0.7954,Very Low,1.896e-05,Very Low
56.0000_-62.0000,56.0,-62.0,3.6036,Low,1.896e-05,Very Low
56.0000_-61.5000,56.0,-61.5,3.6477,Low,0.00053927,Low
56.0000_-61.0000,56.0,-61.0,1.3734,Very Low,0.00083832,Moderate
56.5000_-131.5000,56.5,-131.5,0.5991,Very Low,0.00068534,Low
56.5000_-131.0000,56.5,-131.0,2.4016,Low,0.00140231,Moderate
56.5000_-130.5000,56.5,-130.5,3.1133,Low,0.00083832,Moderate
56.5000_-130.0000,56.5,-130.0,0.5038,Very Low,0.00068534,Low
56.5000_-129.5000,56.5,-129.5,5.0972,Moderate,0.00333659,Moderate
56.5000_-129.0000,56.5,-129.0,3.6252,Low,0.00068534,Low
56.5000_-128.5000,56.5,-128.5,3.007,Low,0.00068534,Low
56.5000_-128.0000,56.5,-128.0,4.0405,Moderate,0.00243473,Moderate
56.5000_-127.5000,56.5,-127.5,3.8847,Low,0.00355104,Moderate
56.5000_-127.0000,56.5,-127.0,3.2737,Low,0.00068534,Low
56.5000_-126.5000,56.5,-126.5,4.7445,Moderate,0.00083832,Moderate
56.5000_-126.0000,56.5,-126.0,4.7117,Moderate,0.00083832,Moderate
56.5000_-125.5000,56.5,-125.5,4.086,Moderate,0.00770915,Moderate
56.5000_-125.0000,56.5,-125.0,6.1977,Moderate,0.00770915,Moderate
56.5000_-124.5000,56.5,-124.5,7.5076,Moderate,0.01377744,High
56.5000_-124.0000,56.5,-124.0,4.4481,Moderate,0.0054932,Moderate
56.5000_-123.5000,56.5,-123.5,4.1843,Moderate,0.00139077,Moderate
56.5000_-123.0000,56.5,-123.0,0.8487,Very Low,0.00333659,Moderate
56.5000_-122.5000,56.5,-122.5,3.0709,Low,0.00973957,Moderate
56.5000_-122.0000,56.5,-122.0,1.8007,Very Low,0.08576052,High
56.5000_-121.5000,56.5,-121.5,0.2228,Very Low,0.02698651,High
56.5000_-121.0000,56.5,-121.0,5.0071,Moderate,0.10500879,High
56.5000_-120.5000,56.5,-120.5,9.4542,High,0.10967256,High
56.5000_-120.0000,56.5,-120.0,6.9227,Moderate,0.05620805,High
56.5000_-119.5000,56.5,-119.5,6.947,Moderate,0.10967256,High
56.5000_-119.0000,56.5,-119.0,9.0146,High,0.10967256,High
56.5000_-118.5000,56.5,-118.5,5.9504,Moderate,0.07567568,High
56.5000_-118.0000,56.5,-118.0,5.1204,Moderate,0.07627119,High
56.5000_-117.5000,56.5,-117.5,5.4993,Moderate,0.08423395,High
56.5000_-117.0000,56.5,-117.0,3.979,Low,0.08001374,High
56.5000_-116.5000,56.5,-116.5,5.0312,Moderate,0.08001374,High
56.5000_-116.0000,56.5,-116.0,6.7256,Moderate,0.08423395,High
56.5000_-115.5000,56.5,-115.5,3.2455,Low,0.08423395,High
56.5000_-115.0000,56.5,-115.0,1.568,Very Low,0.07052897,High
56.5000_-114.5000,56.5,-114.5,5.8879,Moderate,0.07052897,High
56.5000_-114.0000,56.5,-114.0,1.8806,Very Low,0.06413994,High
56.5000_-113.5000,56.5,-113.5,5.7427,Moderate,0.05620805,High
56.5000_-113.0000,56.5,-113.0,3.8181,Low,0.10500879,High
56.5000_-112.5000,56.5,-112.5,6.6135,Moderate,0.08576052,High
56.5000_-112.0000,56.5,-112.0,1.324,Very Low,0.05620805,High
56.5000_-111.5000,56.5,-111.5,2.0062,Low,0.09349289,High
56.5000_-111.0000,56.5,-111.0,2.7323,Low,0.09349289,High
56.5000_-110.5000,56.5,-110.5,6.5268,Moderate,0.06707759,High
56.5000_-110.0000,56.5,-110.0,3.5774,Low,0.03276447,High
56.5000_-109.5000,56.5,-109.5,1.9053,Very Low,0.03702563,High
56.5000_-109.0000,56.5,-109.0,0.8299,Very Low,0.01432781,High
56.5000_-108.5000,56.5,-108.5,1.9232,Very Low,0.02704935,High
56.5000_-108.0000,56.5,-108.0,0.3912,Very Low,0.01102536,High
56.5000_-107.5000,56.5,-107.5,1.4878,Very Low,0.01056092,High
56.5000_-107.0000,56.5,-107.0,2.4245,Low,0.01432781,High
56.5000_-106.5000,56.5,-106.5,4.4024,Moderate,0.00611154,Moderate
56.5000_-106.0000,56.5,-106.0,2.7846,Low,0.00243473,Moderate
56.5000_-105.5000,56.5,-105.5,1.5477,Very Low,0.01432781,High
56.5000_-105.0000,56.5,-105.0,1.0789,Very Low,0.00697906,Moderate
56.5000_-104.5000,56.5,-104.5,1.1476,Very Low,0.01996567,High
56.5000_-104.0000,56.5,-104.0,3.4307,Low,0.01996567,High
56.5000_-103.5000,56.5,-103.5,0.927,Very Low,0.047139,High
56.5000_-103.0000,56.5,-103.0,2.7298,Low,0.05186533,High
56.5000_-102.5000,56.5,-102.5,0.9967,Very Low,0.01649175,High
56.5000_-102.0000,56.5,-102.0,0.2782,Very Low,0.00243473,Moderate
56.5000_-101.5000,56.5,-101.5,0.4089,Very Low,0.00355104,Moderate
56.5000_-101.0000,56.5,-101.0,0.2794,Very Low,0.00932712,Moderate
56.5000_-100.5000,56.5,-100.5,0.0453,Very Low,0.00973957,Moderate
56.5000_-100.0000,56.5,-100.0,0.0613,Very Low,0.00770915,Moderate
56.5000_-99.5000,56.5,-99.5,0.0053,Very Low,0.00355104,Moderate
56.5000_-99.0000,56.5,-99.0,0.0013,Very Low,0.00139077,Moderate
56.5000_-98.5000,56.5,-98.5,0.0014,Very Low,0.00105241,Moderate
56.5000_-98.0000,56.5,-98.0,0.0212,Very Low,0.00083832,Moderate
56.5000_-97.5000,56.5,-97.5,0.0985,Very Low,0.00068534,Low
56.5000_-97.0000,56.5,-97.0,0.9334,Very Low,0.00105241,Moderate
56.5000_-96.5000,56.5,-96.5,1.856,Very Low,0.0023586,Moderate
56.5000_-96.0000,56.5,-96.0,3.6616,Low,0.03657881,High
56.5000_-95.5000,56.5,-95.5,0.0025,Very Low,0.00068534,Low
56.5000_-95.0000,56.5,-95.0,0.0768,Very Low,0.00140231,Moderate
56.5000_-94.5000,56.5,-94.5,0.1556,Very Low,0.00632347,Moderate
56.5000_-94.0000,56.5,-94.0,0.0022,Very Low,0.0054932,Moderate
56.5000_-93.5000,56.5,-93.5,0.2877,Very Low,0.00083832,Moderate
56.5000_-93.0000,56.5,-93.0,0.0027,Very Low,0.00105241,Moderate
56.5000_-92.5000,56.5,-92.5,0.1627,Very Low,0.00068534,Low
56.5000_-92.0000,56.5,-92.0,0.0498,Very Low,7.416e-05,Low
56.5000_-91.5000,56.5,-91.5,0.0148,Very Low,0.00068534,Low
56.5000_-91.0000,56.5,-91.0,0.0069,Very Low,0.00068534,Low
56.5000_-90.5000,56.5,-90.5,0.0021,Very Low,0.00083832,Moderate
56.5000_-90.0000,56.5,-90.0,0.0673,Very Low,0.00083832,Moderate
56.5000_-89.5000,56.5,-89.5,0.0357,Very Low,0.00015106,Low
56.5000_-89.0000,56.5,-89.0,0.0172,Very Low,0.00068534,Low
56.5000_-88.5000,56.5,-88.5,0.0026,Very Low,0.00015106,Low
56.5000_-88.0000,56.5,-88.0,0.0065,Very Low,1.896e-05,Very Low
56.5000_-79.5000,56.5,-79.5,0.0982,Very Low,1.896e-05,Very Low
56.5000_-79.0000,56.5,-79.0,0.2274,Very Low,1.896e-05,Very Low
56.5000_-77.5000,56.5,-77.5,1.5161,Very Low,1.896e-05,Very Low
56.5000_-76.5000,56.5,-76.5,0.101,Very Low,1.896e-05,Very Low
56.5000_-76.0000,56.5,-76.0,0.0157,Very Low,1.896e-05,Very Low
56.5000_-75.5000,56.5,-75.5,0.0168,Very Low,1.896e-05,Very Low
56.5000_-75.0000,56.5,-75.0,0.0193,Very Low,1.896e-05,Very Low
56.5000_-74.5000,56.5,-74.5,0.3532,Very Low,0.0,Very Low
56.5000_-74.0000,56.5,-74.0,0.4065,Very Low,0.0,Very Low
56.5000_-73.5000,56.5,-73.5,1.5667,Very Low,1.896e-05,Very Low
56.5000_-73.0000,56.5,-73.0,0.225,Very Low,0.0,Very Low
56.5000_-72.5000,56.5,-72.5,0.2825,Very Low,0.0,Very Low
56.5000_-72.0000,56.5,-72.0,0.2573,Very Low,0.0,Very Low
56.5000_-71.5000,56.5,-71.5,0.1145,Very Low,0.0,Very Low
56.5000_-71.0000,56.5,-71.0,0.8479,Very Low,1.896e-05,Very Low
56.5000_-70.5000,56.5,-70.5,0.5246,Very Low,0.0,Very Low
56.5000_-70.0000,56.5,-70.0,2.0107,Low,1.896e-05,Very Low
56.5000_-69.5000,56.5,-69.5,0.9404,Very Low,0.00053927,Low
56.5000_-69.0000,56.5,-69.0,0.7823,Very Low,0.00068534,Low
56.5000_-68.5000,56.5,-68.5,3.8434,Low,0.00068534,Low
56.5000_-68.0000,56.5,-68.0,1.4459,Very Low,1.896e-05,Very Low
56.5000_-67.5000,56.5,-67.5,1.453,Very Low,0.00068534,Low
56.5000_-67.0000,56.5,-67.0,0.7865,Very Low,0.00068534,Low
56.5000_-66.5000,56.5,-66.5,1.2108,Very Low,1.896e-05,Very Low
56.5000_-66.0000,56.5,-66.0,0.4474,Very Low,1.896e-05,Very Low
56.5000_-65.5000,56.5,-65.5,0.1244,Very Low,0.0,Very Low
56.5000_-65.0000,56.5,-65.0,0.0822,Very Low,0.0,Very Low
56.5000_-64.5000,56.5,-64.5,0.0486,Very Low,1.896e-05,Very Low
56.5000_-64.0000,56.5,-64.0,0.3149,Very Low,0.0,Very Low
56.5000_-63.5000,56.5,-63.5,0.1951,Very Low,0.0,Very Low
56.5000_-63.0000,56.5,-63.0,0.7667,Very Low,1.896e-05,Very Low
56.5000_-62.5000,56.5,-62.5,1.6332,Very Low,1.896e-05,Very Low
56.5000_-62.0000,56.5,-62.0,1.6989,Very Low,0.00068534,Low
56.5000_-61.5000,56.5,-61.5,1.953,Very Low,1.896e-05,Very Low
57.0000_-132.0000,57.0,-132.0,0.5511,Very Low,0.00068534,Low
57.0000_-131.5000,57.0,-131.5,3.7307,Low,0.00083832,Moderate
57.0000_-131.0000,57.0,-131.0,0.6049,Very Low,0.00068534,Low
57.0000_-130.5000,57.0,-130.5,0.9878,Very Low,0.00139077,Moderate
57.0000_-130.0000,57.0,-130.0,3.4761,Low,0.00068534,Low
57.0000_-129.5000,57.0,-129.5,4.4093,Moderate,0.00083832,Moderate
57.0000_-129.0000,57.0,-129.0,4.3299,Moderate,1.896e-05,Very Low
57.0000_-128.5000,57.0,-128.5,4.264,Moderate,0.00068534,Low
57.0000_-128.0000,57.0,-128.0,3.1639,Low,0.00068534,Low
57.0000_-127.5000,57.0,-127.5,3.7247,Low,0.00068534,Low
57.0000_-127.0000,57.0,-127.0,2.4516,Low,0.00083832,Moderate
57.0000_-126.5000,57.0,-126.5,4.4206,Moderate,0.00083832,Moderate
57.0000_-126.0000,57.0,-126.0,4.0829,Moderate,0.00068534,Low
57.0000_-125.5000,57.0,-125.5,3.9236,Low,0.00140231,Moderate
57.0000_-125.0000,57.0,-125.0,4.3828,Moderate,0.00632347,Moderate
57.0000_-124.5000,57.0,-124.5,6.5667,Moderate,0.00140231,Moderate
57.0000_-124.0000,57.0,-124.0,6.4529,Moderate,0.00083832,Moderate
57.0000_-123.5000,57.0,-123.5,3.8228,Low,0.00105241,Moderate
57.0000_-123.0000,57.0,-123.0,0.8859,Very Low,0.00305399,Moderate
57.0000_-122.5000,57.0,-122.5,3.1262,Low,0.01432781,High
57.0000_-122.0000,57.0,-122.0,5.4826,Moderate,0.02281652,High
57.0000_-121.5000,57.0,-121.5,6.8947,Moderate,0.03276447,High
57.0000_-121.0000,57.0,-121.0,7.7067,Moderate,0.02281652,High
57.0000_-120.5000,57.0,-120.5,7.5948,Moderate,0.02281652,High
57.0000_-120.0000,57.0,-120.0,5.5449,Moderate,0.01996567,High
57.0000_-119.5000,57.0,-119.5,5.5223,Moderate,0.01996567,High
57.0000_-119.0000,57.0,-119.0,7.3427,Moderate,0.01996567,High
57.0000_-118.5000,57.0,-118.5,5.6889,Moderate,0.0540013,High
57.0000_-118.0000,57.0,-118.0,4.5928,Moderate,0.047139,High
57.0000_-117.5000,57.0,-117.5,0.9179,Very Low,0.05620805,High
57.0000_-117.0000,57.0,-117.0,2.8457,Low,0.07627119,High
57.0000_-116.5000,57.0,-116.5,2.2309,Low,0.05620805,High
57.0000_-116.0000,57.0,-116.0,0.6475,Very Low,0.02704935,High
57.0000_-115.5000,57.0,-115.5,0.627,Very Low,0.04267782,High
57.0000_-115.0000,57.0,-115.0,3.0645,Low,0.06707759,High
57.0000_-114.5000,57.0,-114.5,0.9238,Very Low,0.04267782,High
57.0000_-114.0000,57.0,-114.0,4.7433,Moderate,0.05620805,High
57.0000_-113.5000,57.0,-113.5,5.853,Moderate,0.06413994,High
57.0000_-113.0000,57.0,-113.0,5.9431,Moderate,0.07052897,High
57.0000_-112.5000,57.0,-112.5,7.708,Moderate,0.10967256,High
57.0000_-112.0000,57.0,-112.0,7.7393,Moderate,0.05620805,High
57.0000_-111.5000,57.0,-111.5,2.8931,Low,0.10500879,High
57.0000_-111.0000,57.0,-111.0,2.3766,Low,0.05620805,High
57.0000_-110.5000,57.0,-110.5,3.3953,Low,0.06413994,High
57.0000_-110.0000,57.0,-110.0,2.3859,Low,0.01649175,High
57.0000_-109.5000,57.0,-109.5,2.5946,Low,0.00305399,Moderate
57.0000_-109.0000,57.0,-109.0,2.8594,Low,0.00586819,Moderate
57.0000_-108.5000,57.0,-108.5,1.4316,Very Low,0.01432781,High
57.0000_-108.0000,57.0,-108.0,0.3684,Very Low,0.00697906,Moderate
57.0000_-107.5000,57.0,-107.5,1.1847,Very Low,0.00770915,Moderate
57.0000_-107.0000,57.0,-107.0,1.5137,Very Low,0.0054932,Moderate
57.0000_-106.5000,57.0,-106.5,0.9539,Very Low,0.00586819,Moderate
57.0000_-106.0000,57.0,-106.0,2.0053,Low,0.01377744,High
57.0000_-105.5000,57.0,-105.5,0.5271,Very Low,0.02281652,High
57.0000_-105.0000,57.0,-105.0,0.7508,Very Low,0.00770915,Moderate
57.0000_-104.5000,57.0,-104.5,0.3844,Very Low,0.00243473,Moderate
57.0000_-104.0000,57.0,-104.0,0.1556,Very Low,0.01377744,High
57.0000_-103.5000,57.0,-103.5,0.407,Very Low,0.00632347,Moderate
57.0000_-103.0000,57.0,-103.0,0.6708,Very Low,0.00932712,Moderate
57.0000_-102.5000,57.0,-102.5,0.5083,Very Low,0.00770915,Moderate
57.0000_-102.0000,57.0,-102.0,0.6096,Very Low,0.01056092,High
57.0000_-101.5000,57.0,-101.5,0.2532,Very Low,0.01250206,High
57.0000_-101.0000,57.0,-101.0,0.0778,Very Low,0.01432781,High
57.0000_-100.5000,57.0,-100.5,0.0226,Very Low,0.0054932,Moderate
57.0000_-100.0000,57.0,-100.0,0.0353,Very Low,0.00140231,Moderate
57.0000_-99.5000,57.0,-99.5,0.0293,Very Low,0.00068534,Low
57.0000_-99.0000,57.0,-99.0,0.0231,Very Low,0.00140231,Moderate
57.0000_-98.5000,57.0,-98.5,0.0011,Very Low,0.00083832,Moderate
57.0000_-98.0000,57.0,-98.0,0.0023,Very Low,0.00140231,Moderate
57.0000_-97.5000,57.0,-97.5,0.0011,Very Low,0.00068534,Low
57.0000_-97.0000,57.0,-97.0,0.0041,Very Low,0.00083832,Moderate
57.0000_-96.5000,57.0,-96.5,0.0094,Very Low,0.00139077,Moderate
57.0000_-96.0000,57.0,-96.0,0.0186,Very Low,0.00139077,Moderate
57.0000_-95.5000,57.0,-95.5,0.1328,Very Low,0.00083832,Moderate
57.0000_-95.0000,57.0,-95.0,0.8625,Very Low,0.00083832,Moderate
57.0000_-94.5000,57.0,-94.5,0.0053,Very Low,0.00083832,Moderate
57.0000_-94.0000,57.0,-94.0,0.0066,Very Low,0.00068534,Low
57.0000_-93.5000,57.0,-93.5,0.0031,Very Low,0.00083832,Moderate
57.0000_-93.0000,57.0,-93.0,0.0005,Very Low,0.00068534,Low
57.0000_-92.5000,57.0,-92.5,0.0411,Very Low,0.00068534,Low
57.0000_-92.0000,57.0,-92.0,0.0052,Very Low,0.00053927,Low
57.0000_-91.5000,57.0,-91.5,0.0018,Very Low,0.00018179,Low
57.0000_-91.0000,57.0,-91.0,0.004,Very Low,0.00053927,Low
57.0000_-90.5000,57.0,-90.5,0.0029,Very Low,0.00068534,Low
57.0000_-90.0000,57.0,-90.0,0.0264,Very Low,0.00083832,Moderate
57.0000_-89.5000,57.0,-89.5,0.1446,Very Low,1.896e-05,Very Low
57.0000_-76.5000,57.0,-76.5,0.0369,Very Low,1.896e-05,Very Low
57.0000_-76.0000,57.0,-76.0,0.0112,Very Low,1.896e-05,Very Low
57.0000_-75.5000,57.0,-75.5,0.0185,Very Low,1.896e-05,Very Low
57.0000_-75.0000,57.0,-75.0,0.0543,Very Low,0.0,Very Low
57.0000_-74.5000,57.0,-74.5,0.0845,Very Low,1.896e-05,Very Low
57.0000_-74.0000,57.0,-74.0,0.0244,Very Low,0.0,Very Low
57.0000_-73.5000,57.0,-73.5,0.017,Very Low,1.896e-05,Very Low
57.0000_-73.0000,57.0,-73.0,0.1209,Very Low,1.896e-05,Very Low
57.0000_-72.5000,57.0,-72.5,0.2536,Very Low,0.0,Very Low
57.0000_-72.0000,57.0,-72.0,0.1296,Very Low,0.0,Very Low
57.0000_-71.5000,57.0,-71.5,0.5237,Very Low,0.0,Very Low
57.0000_-71.0000,57.0,-71.0,0.7973,Very Low,1.896e-05,Very Low
57.0000_-70.5000,57.0,-70.5,0.7413,Very Low,1.896e-05,Very Low
57.0000_-70.0000,57.0,-70.0,2.7521,Low,1.896e-05,Very Low
57.0000_-69.5000,57.0,-69.5,1.1795,Very Low,1.896e-05,Very Low
57.0000_-69.0000,57.0,-69.0,2.4266,Low,1.896e-05,Very Low
57.0000_-68.5000,57.0,-68.5,1.7324,Very Low,0.00068534,Low
57.0000_-68.0000,57.0,-68.0,2.2163,Low,0.00068534,Low
57.0000_-67.5000,57.0,-67.5,1.279,Very Low,0.00068534,Low
57.0000_-67.0000,57.0,-67.0,0.5988,Very Low,0.00068534,Low
57.0000_-66.5000,57.0,-66.5,0.1909,Very Low,0.00068534,Low
57.0000_-66.0000,57.0,-66.0,0.046,Very Low,0.00068534,Low
57.0000_-65.5000,57.0,-65.5,0.0382,Very Low,0.0,Very Low
57.0000_-65.0000,57.0,-65.0,0.003,Very Low,1.896e-05,Very Low
57.0000_-64.5000,57.0,-64.5,0.0746,Very Low,0.0,Very Low
57.0000_-64.0000,57.0,-64.0,0.1302,Very Low,0.0,Very Low
57.0000_-63.5000,57.0,-63.5,0.7013,Very Low,1.896e-05,Very Low
57.0000_-63.0000,57.0,-63.0,0.8159,Very Low,0.0,Very Low
57.0000_-62.5000,57.0,-62.5,1.4052,Very Low,1.896e-05,Very Low
57.0000_-62.0000,57.0,-62.0,3.2708,Low,0.00068534,Low
57.0000_-61.5000,57.0,-61.5,4.2376,Moderate,1.896e-05,Very Low
57.5000_-132.5000,57.5,-132.5,0.1619,Very Low,0.0,Very Low
57.5000_-132.0000,57.5,-132.0,2.7953,Low,0.00068534,Low
57.5000_-131.5000,57.5,-131.5,0.9512,Very Low,0.00068534,Low
57.5000_-131.0000,57.5,-131.0,4.5059,Moderate,0.00083832,Moderate
57.5000_-130.5000,57.5,-130.5,3.5344,Low,0.00083832,Moderate
57.5000_-130.0000,57.5,-130.0,4.9582,Moderate,0.00083832,Moderate
57.5000_-129.5000,57.5,-129.5,3.6254,Low,0.00068534,Low
57.5000_-129.0000,57.5,-129.0,2.9554,Low,0.00083832,Moderate
57.5000_-128.5000,57.5,-128.5,3.2775,Low,0.00068534,Low
57.5000_-128.0000,57.5,-128.0,3.1591,Low,0.00083832,Moderate
57.5000_-127.5000,57.5,-127.5,2.7529,Low,0.00139077,Moderate
57.5000_-127.0000,57.5,-127.0,3.2578,Low,0.00068534,Low
57.5000_-126.5000,57.5,-126.5,3.1312,Low,0.00083832,Moderate
57.5000_-126.0000,57.5,-126.0,5.5008,Moderate,0.00333659,Moderate
57.5000_-125.5000,57.5,-125.5,3.9793,Low,0.01250206,High
57.5000_-125.0000,57.5,-125.0,4.9913,Moderate,0.0023586,Moderate
57.5000_-124.5000,57.5,-124.5,6.5793,Moderate,0.00083832,Moderate
57.5000_-124.0000,57.5,-124.0,8.1645,High,0.01432781,High
57.5000_-123.5000,57.5,-123.5,4.4799,Moderate,0.0054932,Moderate
57.5000_-123.0000,57.5,-123.0,8.5214,High,0.02704935,High
57.5000_-122.5000,57.5,-122.5,7.1688,Moderate,0.01996567,High
57.5000_-122.0000,57.5,-122.0,5.7606,Moderate,0.01056092,High
57.5000_-121.5000,57.5,-121.5,7.477,Moderate,0.02281652,High
57.5000_-121.0000,57.5,-121.0,6.102,Moderate,0.01432781,High
57.5000_-120.5000,57.5,-120.5,7.0481,Moderate,0.02154918,High
57.5000_-120.0000,57.5,-120.0,6.4582,Moderate,0.02154918,High
57.5000_-119.5000,57.5,-119.5,7.0058,Moderate,0.00632347,Moderate
57.5000_-119.0000,57.5,-119.0,6.2928,Moderate,0.01432781,High
57.5000_-118.5000,57.5,-118.5,3.3507,Low,0.02154918,High
57.5000_-118.0000,57.5,-118.0,4.1324,Moderate,0.0540013,High
57.5000_-117.5000,57.5,-117.5,2.412,Low,0.047139,High
57.5000_-117.0000,57.5,-117.0,2.3401,Low,0.03276447,High
57.5000_-116.5000,57.5,-116.5,0.7463,Very Low,0.01432781,High
57.5000_-116.0000,57.5,-116.0,2.5417,Low,0.01432781,High
57.5000_-115.5000,57.5,-115.5,1.1171,Very Low,0.04267782,High
57.5000_-115.0000,57.5,-115.0,2.526,Low,0.05620805,High
57.5000_-114.5000,57.5,-114.5,1.9529,Very Low,0.02698651,High
57.5000_-114.0000,57.5,-114.0,1.314,Very Low,0.02281652,High
57.5000_-113.5000,57.5,-113.5,3.6752,Low,0.0540013,High
57.5000_-113.0000,57.5,-113.0,3.6584,Low,0.02704935,High
57.5000_-112.5000,57.5,-112.5,3.4307,Low,0.02704935,High
57.5000_-112.0000,57.5,-112.0,5.4127,Moderate,0.03276447,High
57.5000_-111.5000,57.5,-111.5,1.6006,Very Low,0.02068278,High
57.5000_-111.0000,57.5,-111.0,0.1522,Very Low,0.02154918,High
57.5000_-110.5000,57.5,-110.5,0.0905,Very Low,0.02154918,High
57.5000_-110.0000,57.5,-110.0,0.0255,Very Low,0.00140231,Moderate
57.5000_-109.5000,57.5,-109.5,0.6859,Very Low,0.0023586,Moderate
57.5000_-109.0000,57.5,-109.0,1.8412,Very Low,0.01432781,High
57.5000_-108.5000,57.5,-108.5,3.3049,Low,0.00586819,Moderate
57.5000_-108.0000,57.5,-108.0,1.5457,Very Low,0.00973957,Moderate
57.5000_-107.5000,57.5,-107.5,0.8829,Very Low,0.00139077,Moderate
57.5000_-107.0000,57.5,-107.0,1.0212,Very Low,0.00734049,Moderate
57.5000_-106.5000,57.5,-106.5,0.5449,Very Low,0.0023586,Moderate
57.5000_-106.0000,57.5,-106.0,0.1119,Very Low,0.00139077,Moderate
57.5000_-105.5000,57.5,-105.5,0.0443,Very Low,0.0054932,Moderate
57.5000_-105.0000,57.5,-105.0,0.0235,Very Low,0.0054932,Moderate
57.5000_-104.5000,57.5,-104.5,0.0148,Very Low,0.00243473,Moderate
57.5000_-104.0000,57.5,-104.0,0.0109,Very Low,0.00586819,Moderate
57.5000_-103.5000,57.5,-103.5,0.0077,Very Low,0.00333659,Moderate
57.5000_-103.0000,57.5,-103.0,0.0236,Very Low,0.0023586,Moderate
57.5000_-102.5000,57.5,-102.5,0.0254,Very Low,0.00105241,Moderate
57.5000_-102.0000,57.5,-102.0,0.1012,Very Low,0.00083832,Moderate
57.5000_-101.5000,57.5,-101.5,0.0888,Very Low,0.0054932,Moderate
57.5000_-101.0000,57.5,-101.0,0.0468,Very Low,0.00139077,Moderate
57.5000_-100.5000,57.5,-100.5,0.0145,Very Low,0.00333659,Moderate
57.5000_-100.0000,57.5,-100.0,0.0057,Very Low,0.00068534,Low
57.5000_-99.5000,57.5,-99.5,0.0178,Very Low,0.0023586,Moderate
57.5000_-99.0000,57.5,-99.0,0.0074,Very Low,0.00083832,Moderate
57.5000_-98.5000,57.5,-98.5,0.016,Very Low,0.00083832,Moderate
57.5000_-98.0000,57.5,-98.0,0.0009,Very Low,0.00083832,Moderate
57.5000_-97.5000,57.5,-97.5,0.0012,Very Low,0.00068534,Low
57.5000_-97.0000,57.5,-97.0,0.0035,Very Low,0.00068534,Low
57.5000_-96.5000,57.5,-96.5,0.0043,Very Low,0.00140231,Moderate
57.5000_-96.0000,57.5,-96.0,0.0016,Very Low,0.00193611,Moderate
57.5000_-95.5000,57.5,-95.5,0.0012,Very Low,0.00083832,Moderate
57.5000_-95.0000,57.5,-95.0,0.0025,Very Low,0.00068534,Low
57.5000_-94.5000,57.5,-94.5,0.0006,Very Low,0.00068534,Low
57.5000_-94.0000,57.5,-94.0,0.004,Very Low,0.00083832,Moderate
57.5000_-93.5000,57.5,-93.5,0.0005,Very Low,0.00083832,Moderate
57.5000_-93.0000,57.5,-93.0,0.0001,Very Low,0.00068534,Low
57.5000_-92.5000,57.5,-92.5,0.0119,Very Low,1.896e-05,Very Low
57.5000_-80.0000,57.5,-80.0,0.006,Very Low,1.896e-05,Very Low
57.5000_-76.5000,57.5,-76.5,0.0,Very Low,1.896e-05,Very Low
57.5000_-76.0000,57.5,-76.0,0.0052,Very Low,7.416e-05,Low
57.5000_-75.5000,57.5,-75.5,0.0103,Very Low,1.896e-05,Very Low
57.5000_-75.0000,57.5,-75.0,0.0173,Very Low,0.0,Very Low
57.5000_-74.5000,57.5,-74.5,0.0096,Very Low,0.0,Very Low
57.5000_-74.0000,57.5,-74.0,0.1071,Very Low,0.0,Very Low
57.5000_-73.5000,57.5,-73.5,0.0093,Very Low,0.0,Very Low
57.5000_-73.0000,57.5,-73.0,0.0423,Very Low,1.896e-05,Very Low
57.5000_-72.5000,57.5,-72.5,0.0999,Very Low,1.896e-05,Very Low
57.5000_-72.0000,57.5,-72.0,0.0883,Very Low,1.896e-05,Very Low
57.5000_-71.5000,57.5,-71.5,0.2244,Very Low,1.896e-05,Very Low
57.5000_-71.0000,57.5,-71.0,0.0781,Very Low,1.896e-05,Very Low
57.5000_-70.5000,57.5,-70.5,1.0245,Very Low,1.896e-05,Very Low
57.5000_-70.0000,57.5,-70.0,4.5685,Moderate,1.896e-05,Very Low
57.5000_-69.5000,57.5,-69.5,0.7983,Very Low,0.00068534,Low
57.5000_-69.0000,57.5,-69.0,0.4214,Very Low,1.896e-05,Very Low
57.5000_-68.5000,57.5,-68.5,0.4115,Very Low,0.00068534,Low
57.5000_-68.0000,57.5,-68.0,0.4338,Very Low,0.0,Very Low
57.5000_-67.5000,57.5,-67.5,0.8721,Very Low,1.896e-05,Very Low
57.5000_-67.0000,57.5,-67.0,0.5595,Very Low,1.896e-05,Very Low
57.5000_-66.5000,57.5,-66.5,0.3029,Very Low,1.896e-05,Very Low
57.5000_-66.0000,57.5,-66.0,0.1317,Very Low,0.0,Very Low
57.5000_-65.5000,57.5,-65.5,0.0148,Very Low,1.896e-05,Very Low
57.5000_-65.0000,57.5,-65.0,0.0092,Very Low,1.896e-05,Very Low
57.5000_-64.5000,57.5,-64.5,0.0377,Very Low,0.0,Very Low
57.5000_-64.0000,57.5,-64.0,0.0813,Very Low,0.0,Very Low
57.5000_-63.5000,57.5,-63.5,0.2933,Very Low,0.0,Very Low
57.5000_-63.0000,57.5,-63.0,0.5279,Very Low,0.0,Very Low
57.5000_-62.5000,57.5,-62.5,0.7523,Very Low,1.896e-05,Very Low
57.5000_-62.0000,57.5,-62.0,0.6948,Very Low,1.896e-05,Very Low
57.5000_-61.5000,57.5,-61.5,0.6894,Very Low,1.896e-05,Very Low
58.0000_-133.0000,58.0,-133.0,0.0992,Very Low,1.896e-05,Very Low
58.0000_-132.5000,58.0,-132.5,0.55,Very Low,0.00068534,Low
58.0000_-132.0000,58.0,-132.0,0.9524,Very Low,0.00068534,Low
58.0000_-131.5000,58.0,-131.5,4.1125,Moderate,0.00243473,Moderate
58.0000_-131.0000,58.0,-131.0,4.0655,Moderate,0.00355104,Moderate
58.0000_-130.5000,58.0,-130.5,3.1669,Low,0.00083832,Moderate
58.0000_-130.0000,58.0,-130.0,2.6962,Low,0.00083832,Moderate
58.0000_-129.5000,58.0,-129.5,4.8169,Moderate,0.00083832,Moderate
58.0000_-129.0000,58.0,-129.0,3.3637,Low,0.00068534,Low
58.0000_-128.5000,58.0,-128.5,3.3258,Low,0.00083832,Moderate
58.0000_-128.0000,58.0,-128.0,3.1675,Low,0.00068534,Low
58.0000_-127.5000,58.0,-127.5,2.9196,Low,1.896e-05,Very Low
58.0000_-127.0000,58.0,-127.0,3.0341,Low,0.00068534,Low
58.0000_-126.5000,58.0,-126.5,3.0835,Low,0.00068534,Low
58.0000_-126.0000,58.0,-126.0,4.9059,Moderate,0.00083832,Moderate
58.0000_-125.5000,58.0,-125.5,4.0931,Moderate,0.0023586,Moderate
58.0000_-125.0000,58.0,-125.0,4.4668,Moderate,0.00018179,Low
58.0000_-124.5000,58.0,-124.5,6.7634,Moderate,0.00586819,Moderate
58.0000_-124.0000,58.0,-124.0,0.6602,Very Low,0.00586819,Moderate
58.0000_-123.5000,58.0,-123.5,2.7943,Low,0.0054932,Moderate
58.0000_-123.0000,58.0,-123.0,5.4492,Moderate,0.01432781,High
58.0000_-122.5000,58.0,-122.5,4.8704,Moderate,0.00333659,Moderate
58.0000_-122.0000,58.0,-122.0,6.286,Moderate,0.01040092,Moderate
58.0000_-121.5000,58.0,-121.5,6.4197,Moderate,0.02154918,High
58.0000_-121.0000,58.0,-121.0,5.7984,Moderate,0.01056092,High
58.0000_-120.5000,58.0,-120.5,4.8602,Moderate,0.01432781,High
58.0000_-120.0000,58.0,-120.0,4.6574,Moderate,0.00770915,Moderate
58.0000_-119.5000,58.0,-119.5,5.0628,Moderate,0.01056092,High
58.0000_-119.0000,58.0,-119.0,4.8421,Moderate,0.01056092,High
58.0000_-118.5000,58.0,-118.5,4.0445,Moderate,0.02154918,High
58.0000_-118.0000,58.0,-118.0,1.9185,Very Low,0.02704935,High
58.0000_-117.5000,58.0,-117.5,0.144,Very Low,0.03290069,High
58.0000_-117.0000,58.0,-117.0,0.6746,Very Low,0.03383363,High
58.0000_-116.5000,58.0,-116.5,0.2196,Very Low,0.047139,High
58.0000_-116.0000,58.0,-116.0,0.2224,Very Low,0.047139,High
58.0000_-115.5000,58.0,-115.5,0.5552,Very Low,0.02704935,High
58.0000_-115.0000,58.0,-115.0,0.1214,Very Low,0.02704935,High
58.0000_-114.5000,58.0,-114.5,0.8768,Very Low,0.03276447,High
58.0000_-114.0000,58.0,-114.0,0.5412,Very Low,0.01432781,High
58.0000_-113.5000,58.0,-113.5,0.0749,Very Low,0.01432781,High
58.0000_-113.0000,58.0,-113.0,0.3741,Very Low,0.02154918,High
58.0000_-112.5000,58.0,-112.5,0.1319,Very Low,0.00973957,Moderate
58.0000_-112.0000,58.0,-112.0,0.5851,Very Low,0.01432781,High
58.0000_-111.5000,58.0,-111.5,0.002,Very Low,0.00305399,Moderate
58.0000_-111.0000,58.0,-111.0,0.0121,Very Low,0.01649175,High
58.0000_-110.5000,58.0,-110.5,0.6951,Very Low,0.00734049,Moderate
58.0000_-110.0000,58.0,-110.0,0.2068,Very Low,0.00139077,Moderate
58.0000_-109.5000,58.0,-109.5,0.2395,Very Low,0.0023586,Moderate
58.0000_-109.0000,58.0,-109.0,0.0431,Very Low,0.0023586,Moderate
58.0000_-108.5000,58.0,-108.5,0.078,Very Low,0.00083832,Moderate
58.0000_-108.0000,58.0,-108.0,0.0844,Very Low,0.00083832,Moderate
58.0000_-107.5000,58.0,-107.5,0.2376,Very Low,0.00083832,Moderate
58.0000_-107.0000,58.0,-107.0,1.1774,Very Low,0.0054932,Moderate
58.0000_-106.5000,58.0,-106.5,0.8753,Very Low,0.00243473,Moderate
58.0000_-106.0000,58.0,-106.0,0.4637,Very Low,0.0023586,Moderate
58.0000_-105.5000,58.0,-105.5,0.2179,Very Low,0.00083832,Moderate
58.0000_-105.0000,58.0,-105.0,0.1974,Very Low,0.00139077,Moderate
58.0000_-104.5000,58.0,-104.5,0.2384,Very Low,0.0054932,Moderate
58.0000_-104.0000,58.0,-104.0,0.0773,Very Low,0.01056092,High
58.0000_-103.5000,58.0,-103.5,0.0587,Very Low,0.00973957,Moderate
58.0000_-103.0000,58.0,-103.0,0.0462,Very Low,0.02281652,High
58.0000_-102.5000,58.0,-102.5,0.1268,Very Low,0.00083832,Moderate
58.0000_-102.0000,58.0,-102.0,0.0424,Very Low,0.00083832,Moderate
58.0000_-101.5000,58.0,-101.5,0.0263,Very Low,0.00140231,Moderate
58.0000_-101.0000,58.0,-101.0,0.0091,Very Low,0.00140231,Moderate
58.0000_-100.5000,58.0,-100.5,0.0144,Very Low,0.00139077,Moderate
58.0000_-100.0000,58.0,-100.0,0.0064,Very Low,0.0023586,Moderate
58.0000_-99.5000,58.0,-99.5,0.0092,Very Low,0.00083832,Moderate
58.0000_-99.0000,58.0,-99.0,0.0266,Very Low,0.00068534,Low
58.0000_-98.5000,58.0,-98.5,0.0296,Very Low,0.00243473,Moderate
58.0000_-98.0000,58.0,-98.0,0.0099,Very Low,0.00083832,Moderate
58.0000_-97.5000,58.0,-97.5,0.0254,Very Low,0.00083832,Moderate
58.0000_-97.0000,58.0,-97.0,0.1588,Very Low,0.00083832,Moderate
58.0000_-96.5000,58.0,-96.5,0.087,Very Low,0.00068534,Low
58.0000_-96.0000,58.0,-96.0,0.1096,Very Low,0.00068534,Low
58.0000_-95.5000,58.0,-95.5,0.1125,Very Low,0.00083832,Moderate
58.0000_-95.0000,58.0,-95.0,0.1248,Very Low,0.00083832,Moderate
58.0000_-94.5000,58.0,-94.5,0.0924,Very Low,0.00083832,Moderate
58.0000_-94.0000,58.0,-94.0,0.0671,Very Low,0.00068534,Low
58.0000_-93.5000,58.0,-93.5,0.0901,Very Low,0.00053927,Low
58.0000_-93.0000,58.0,-93.0,0.0556,Very Low,0.00068534,Low
58.0000_-77.0000,58.0,-77.0,0.0,Very Low,1.896e-05,Very Low
58.0000_-76.5000,58.0,-76.5,0.0001,Very Low,1.896e-05,Very Low
58.0000_-76.0000,58.0,-76.0,0.0001,Very Low,1.896e-05,Very Low
58.0000_-75.5000,58.0,-75.5,0.0001,Very Low,1.896e-05,Very Low
58.0000_-75.0000,58.0,-75.0,0.0091,Very Low,1.896e-05,Very Low
58.0000_-74.5000,58.0,-74.5,0.0065,Very Low,1.896e-05,Very Low
58.0000_-74.0000,58.0,-74.0,0.0055,Very Low,0.0,Very Low
58.0000_-73.5000,58.0,-73.5,0.013,Very Low,0.0,Very Low
58.0000_-73.0000,58.0,-73.0,0.0241,Very Low,1.896e-05,Very Low
58.0000_-72.5000,58.0,-72.5,0.015,Very Low,1.896e-05,Very Low
58.0000_-72.0000,58.0,-72.0,0.002,Very Low,1.896e-05,Very Low
58.0000_-71.5000,58.0,-71.5,0.0182,Very Low,0.0,Very Low
58.0000_-71.0000,58.0,-71.0,0.0611,Very Low,0.0,Very Low
58.0000_-70.5000,58.0,-70.5,0.1807,Very Low,0.0,Very Low
58.0000_-70.0000,58.0,-70.0,0.676,Very Low,1.896e-05,Very Low
58.0000_-69.5000,58.0,-69.5,0.3016,Very Low,0.0,Very Low
58.0000_-69.0000,58.0,-69.0,0.2766,Very Low,0.0,Very Low
58.0000_-68.5000,58.0,-68.5,0.6113,Very Low,0.00068534,Low
58.0000_-68.0000,58.0,-68.0,0.2254,Very Low,0.00068534,Low
58.0000_-67.5000,58.0,-67.5,0.3611,Very Low,0.00068534,Low
58.0000_-67.0000,58.0,-67.0,0.3685,Very Low,1.896e-05,Very Low
58.0000_-66.5000,58.0,-66.5,0.156,Very Low,1.896e-05,Very Low
58.0000_-66.0000,58.0,-66.0,0.0266,Very Low,1.896e-05,Very Low
58.0000_-65.5000,58.0,-65.5,0.0083,Very Low,1.896e-05,Very Low
58.0000_-65.0000,58.0,-65.0,0.0118,Very Low,1.896e-05,Very Low
58.0000_-64.5000,58.0,-64.5,0.005,Very Low,1.896e-05,Very Low
58.0000_-64.0000,58.0,-64.0,0.0192,Very Low,0.0,Very Low
58.0000_-63.5000,58.0,-63.5,0.0259,Very Low,0.0,Very Low
58.0000_-63.0000,58.0,-63.0,0.3821,Very Low,0.0,Very Low
58.0000_-62.5000,58.0,-62.5,0.5603,Very Low,1.896e-05,Very Low
58.0000_-62.0000,58.0,-62.0,0.3875,Very Low,0.0,Very Low
58.5000_-133.5000,58.5,-133.5,3.0938,Low,0.00068534,Low
58.5000_-133.0000,58.5,-133.0,5.166,Moderate,0.00083832,Moderate
58.5000_-132.5000,58.5,-132.5,5.0294,Moderate,0.00068534,Low
58.5000_-132.0000,58.5,-132.0,3.2347,Low,0.00068534,Low
58.5000_-131.5000,58.5,-131.5,4.6795,Moderate,0.00068534,Low
58.5000_-131.0000,58.5,-131.0,2.8577,Low,0.00068534,Low
58.5000_-130.5000,58.5,-130.5,2.1722,Low,0.00068534,Low
58.5000_-130.0000,58.5,-130.0,3.496,Low,0.00083832,Moderate
58.5000_-129.5000,58.5,-129.5,3.2849,Low,0.00068534,Low
58.5000_-129.0000,58.5,-129.0,1.9128,Very Low,0.00068534,Low
58.5000_-128.5000,58.5,-128.5,2.902,Low,0.00139077,Moderate
58.5000_-128.0000,58.5,-128.0,3.6576,Low,0.00068534,Low
58.5000_-127.5000,58.5,-127.5,3.3568,Low,0.00083832,Moderate
58.5000_-127.0000,58.5,-127.0,3.126,Low,0.00068534,Low
58.5000_-126.5000,58.5,-126.5,2.5209,Low,0.00068534,Low
58.5000_-126.0000,58.5,-126.0,4.0554,Moderate,0.00068534,Low
58.5000_-125.5000,58.5,-125.5,3.4795,Low,0.00068534,Low
58.5000_-125.0000,58.5,-125.0,5.2662,Moderate,0.00083832,Moderate
58.5000_-124.5000,58.5,-124.5,7.4203,Moderate,0.00770915,Moderate
58.5000_-124.0000,58.5,-124.0,4.0307,Moderate,0.00586819,Moderate
58.5000_-123.5000,58.5,-123.5,4.9901,Moderate,0.01056092,High
58.5000_-123.0000,58.5,-123.0,3.3126,Low,0.02068278,High
58.5000_-122.5000,58.5,-122.5,5.4799,Moderate,0.02281652,High
58.5000_-122.0000,58.5,-122.0,5.9445,Moderate,0.02704935,High
58.5000_-121.5000,58.5,-121.5,5.7609,Moderate,0.02154918,High
58.5000_-121.0000,58.5,-121.0,4.0778,Moderate,0.01996567,High
58.5000_-120.5000,58.5,-120.5,3.4949,Low,0.01432781,High
58.5000_-120.0000,58.5,-120.0,3.4259,Low,0.01279528,High
58.5000_-119.5000,58.5,-119.5,2.4037,Low,0.02154918,High
58.5000_-119.0000,58.5,-119.0,2.6073,Low,0.05620805,High
58.5000_-118.5000,58.5,-118.5,0.4823,Very Low,0.03702563,High
58.5000_-118.0000,58.5,-118.0,0.3474,Very Low,0.02704935,High
58.5000_-117.5000,58.5,-117.5,0.7481,Very Low,0.02281652,High
58.5000_-117.0000,58.5,-117.0,0.2146,Very Low,0.04938272,High
58.5000_-116.5000,58.5,-116.5,0.0401,Very Low,0.02704935,High
58.5000_-116.0000,58.5,-116.0,0.2203,Very Low,0.05620805,High
58.5000_-115.5000,58.5,-115.5,0.194,Very Low,0.01996567,High
58.5000_-115.0000,58.5,-115.0,0.3013,Very Low,0.05186533,High
58.5000_-114.5000,58.5,-114.5,0.5349,Very Low,0.03702563,High
58.5000_-114.0000,58.5,-114.0,0.7622,Very Low,0.02704935,High
58.5000_-113.5000,58.5,-113.5,0.6163,Very Low,0.00770915,Moderate
58.5000_-113.0000,58.5,-113.0,0.5118,Very Low,0.00305399,Moderate
58.5000_-112.5000,58.5,-112.5,0.2512,Very Low,0.00896526,Moderate
58.5000_-112.0000,58.5,-112.0,0.0377,Very Low,0.00083832,Moderate
58.5000_-111.5000,58.5,-111.5,0.06,Very Low,0.00632347,Moderate
58.5000_-111.0000,58.5,-111.0,0.1175,Very Low,0.01056092,High
58.5000_-110.5000,58.5,-110.5,0.0703,Very Low,0.00105241,Moderate
58.5000_-110.0000,58.5,-110.0,0.2733,Very Low,0.0023586,Moderate
58.5000_-109.5000,58.5,-109.5,0.1993,Very Low,0.00083832,Moderate
58.5000_-109.0000,58.5,-109.0,0.0178,Very Low,0.00139077,Moderate
58.5000_-108.5000,58.5,-108.5,0.0998,Very Low,0.00083832,Moderate
58.5000_-108.0000,58.5,-108.0,0.1416,Very Low,0.00105241,Moderate
58.5000_-107.5000,58.5,-107.5,0.3957,Very Low,0.00140231,Moderate
58.5000_-107.0000,58.5,-107.0,0.502,Very Low,0.00355104,Moderate
58.5000_-106.5000,58.5,-106.5,0.477,Very Low,0.00355104,Moderate
58.5000_-106.0000,58.5,-106.0,0.8067,Very Low,0.00139077,Moderate
58.5000_-105.5000,58.5,-105.5,0.5697,Very Low,0.00083832,Moderate
58.5000_-105.0000,58.5,-105.0,0.7234,Very Low,0.00140231,Moderate
58.5000_-104.5000,58.5,-104.5,0.3462,Very Low,0.00355104,Moderate
58.5000_-104.0000,58.5,-104.0,0.5874,Very Low,0.01040092,Moderate
58.5000_-103.5000,58.5,-103.5,0.7776,Very Low,0.01432781,High
58.5000_-103.0000,58.5,-103.0,1.6349,Very Low,0.01250206,High
58.5000_-102.5000,58.5,-102.5,1.3624,Very Low,0.0023586,Moderate
58.5000_-102.0000,58.5,-102.0,1.6892,Very Low,0.00973957,Moderate
58.5000_-101.5000,58.5,-101.5,1.554,Very Low,0.01432781,High
58.5000_-101.0000,58.5,-101.0,0.9119,Very Low,0.0023586,Moderate
58.5000_-100.5000,58.5,-100.5,1.4747,Very Low,0.00770915,Moderate
58.5000_-100.0000,58.5,-100.0,1.6768,Very Low,0.00139077,Moderate
58.5000_-99.5000,58.5,-99.5,2.7209,Low,0.00083832,Moderate
58.5000_-99.0000,58.5,-99.0,1.6385,Very Low,0.00139077,Moderate
58.5000_-98.5000,58.5,-98.5,3.5257,Low,0.0023586,Moderate
58.5000_-98.0000,58.5,-98.0,1.9714,Very Low,0.00083832,Moderate
58.5000_-97.5000,58.5,-97.5,2.8555,Low,0.00083832,Moderate
58.5000_-97.0000,58.5,-97.0,2.3823,Low,0.00083832,Moderate
58.5000_-96.5000,58.5,-96.5,3.3932,Low,0.00083832,Moderate
58.5000_-96.0000,58.5,-96.0,3.5218,Low,0.00083832,Moderate
58.5000_-95.5000,58.5,-95.5,2.7515,Low,0.00083832,Moderate
58.5000_-95.0000,58.5,-95.0,2.1856,Low,0.00083832,Moderate
58.5000_-94.5000,58.5,-94.5,0.9472,Very Low,0.00053927,Low
58.5000_-94.0000,58.5,-94.0,0.7033,Very Low,0.00068534,Low
58.5000_-93.5000,58.5,-93.5,0.7684,Very Low,7.416e-05,Low
58.5000_-93.0000,58.5,-93.0,0.8281,Very Low,1.896e-05,Very Low
58.5000_-78.5000,58.5,-78.5,0.5217,Very Low,0.00053927,Low
58.5000_-78.0000,58.5,-78.0,0.0018,Very Low,1.896e-05,Very Low
58.5000_-77.5000,58.5,-77.5,0.0001,Very Low,1.896e-05,Very Low
58.5000_-77.0000,58.5,-77.0,0.0002,Very Low,1.896e-05,Very Low
58.5000_-76.5000,58.5,-76.5,0.0001,Very Low,1.896e-05,Very Low
58.5000_-76.0000,58.5,-76.0,0.0012,Very Low,1.896e-05,Very Low
58.5000_-75.5000,58.5,-75.5,0.0049,Very Low,1.896e-05,Very Low
58.5000_-75.0000,58.5,-75.0,0.0154,Very Low,1.896e-05,Very Low
58.5000_-74.5000,58.5,-74.5,0.0071,Very Low,1.896e-05,Very Low
58.5000_-74.0000,58.5,-74.0,0.0013,Very Low,1.896e-05,Very Low
58.5000_-73.5000,58.5,-73.5,0.0034,Very Low,1.896e-05,Very Low
58.5000_-73.0000,58.5,-73.0,0.006,Very Low,1.896e-05,Very Low
58.5000_-72.5000,58.5,-72.5,0.0223,Very Low,0.0,Very Low
58.5000_-72.0000,58.5,-72.0,0.0734,Very Low,1.896e-05,Very Low
58.5000_-71.5000,58.5,-71.5,0.0448,Very Low,5.46e-06,Very Low
58.5000_-71.0000,58.5,-71.0,0.0864,Very Low,1.896e-05,Very Low
58.5000_-70.5000,58.5,-70.5,0.2197,Very Low,0.0,Very Low
58.5000_-70.0000,58.5,-70.0,0.675,Very Low,7.416e-05,Low
58.5000_-69.5000,58.5,-69.5,0.0923,Very Low,0.0,Very Low
58.5000_-69.0000,58.5,-69.0,0.5521,Very Low,0.0,Very Low
58.5000_-68.5000,58.5,-68.5,0.7101,Very Low,1.896e-05,Very Low
58.5000_-68.0000,58.5,-68.0,0.813,Very Low,1.896e-05,Very Low
58.5000_-67.5000,58.5,-67.5,0.1481,Very Low,0.0,Very Low
58.5000_-67.0000,58.5,-67.0,0.0753,Very Low,1.896e-05,Very Low
58.5000_-66.5000,58.5,-66.5,0.0603,Very Low,1.896e-05,Very Low
58.5000_-66.0000,58.5,-66.0,0.1279,Very Low,0.00068534,Low
58.5000_-65.5000,58.5,-65.5,0.0046,Very Low,1.896e-05,Very Low
58.5000_-65.0000,58.5,-65.0,0.0001,Very Low,1.896e-05,Very Low
58.5000_-64.5000,58.5,-64.5,0.0005,Very Low,0.00053927,Low
58.5000_-64.0000,58.5,-64.0,0.0201,Very Low,0.0,Very Low
58.5000_-63.5000,58.5,-63.5,0.0951,Very Low,0.0,Very Low
58.5000_-63.0000,58.5,-63.0,0.2481,Very Low,1.896e-05,Very Low
58.5000_-62.5000,58.5,-62.5,0.0319,Very Low,1.896e-05,Very Low
59.0000_-137.5000,59.0,-137.5,0.8404,Very Low,0.0,Very Low
59.0000_-137.0000,59.0,-137.0,0.4741,Very Low,1.896e-05,Very Low
59.0000_-134.5000,59.0,-134.5,0.0289,Very Low,1.896e-05,Very Low
59.0000_-134.0000,59.0,-134.0,1.3002,Very Low,0.00068534,Low
59.0000_-133.5000,59.0,-133.5,3.3829,Low,0.00068534,Low
59.0000_-133.0000,59.0,-133.0,2.8981,Low,0.00083832,Moderate
59.0000_-132.5000,59.0,-132.5,6.6459,Moderate,0.00068534,Low
59.0000_-132.0000,59.0,-132.0,3.1535,Low,0.00083832,Moderate
59.0000_-131.5000,59.0,-131.5,3.0385,Low,0.00068534,Low
59.0000_-131.0000,59.0,-131.0,5.6519,Moderate,0.00068534,Low
59.0000_-130.5000,59.0,-130.5,4.5906,Moderate,0.00083832,Moderate
59.0000_-130.0000,59.0,-130.0,3.7206,Low,0.00068534,Low
59.0000_-129.5000,59.0,-129.5,3.3296,Low,0.00068534,Low
59.0000_-129.0000,59.0,-129.0,4.3373,Moderate,0.00068534,Low
59.0000_-128.5000,59.0,-128.5,4.6588,Moderate,0.00140231,Moderate
59.0000_-128.0000,59.0,-128.0,3.8131,Low,0.0023586,Moderate
59.0000_-127.5000,59.0,-127.5,3.9463,Low,0.00355104,Moderate
59.0000_-127.0000,59.0,-127.0,4.1357,Moderate,0.00333659,Moderate
59.0000_-126.5000,59.0,-126.5,4.203,Moderate,0.00083832,Moderate
59.0000_-126.0000,59.0,-126.0,4.5672,Moderate,0.00068534,Low
59.0000_-125.5000,59.0,-125.5,4.5381,Moderate,0.00083832,Moderate
59.0000_-125.0000,59.0,-125.0,5.7006,Moderate,0.0054932,Moderate
59.0000_-124.5000,59.0,-124.5,4.6315,Moderate,0.00105241,Moderate
59.0000_-124.0000,59.0,-124.0,4.8874,Moderate,0.0054932,Moderate
59.0000_-123.5000,59.0,-123.5,4.6039,Moderate,0.01432781,High
59.0000_-123.0000,59.0,-123.0,3.6426,Low,0.047139,High
59.0000_-122.5000,59.0,-122.5,4.9678,Moderate,0.05369128,High
59.0000_-122.0000,59.0,-122.0,4.4476,Moderate,0.02704935,High
59.0000_-121.5000,59.0,-121.5,4.1396,Moderate,0.02704935,High
59.0000_-121.0000,59.0,-121.0,4.6109,Moderate,0.02704935,High
59.0000_-120.5000,59.0,-120.5,2.434,Low,0.01432781,High
59.0000_-120.0000,59.0,-120.0,0.7245,Very Low,0.02281652,High
59.0000_-119.5000,59.0,-119.5,0.5231,Very Low,0.02281652,High
59.0000_-119.0000,59.0,-119.0,0.402,Very Low,0.01432781,High
59.0000_-118.5000,59.0,-118.5,0.0197,Very Low,0.01432781,High
59.0000_-118.0000,59.0,-118.0,0.0145,Very Low,0.01996567,High
59.0000_-117.5000,59.0,-117.5,0.0588,Very Low,0.01996567,High
59.0000_-117.0000,59.0,-117.0,0.066,Very Low,0.01056092,High
59.0000_-116.5000,59.0,-116.5,0.1026,Very Low,0.00734049,Moderate
59.0000_-116.0000,59.0,-116.0,0.1263,Very Low,0.0023586,Moderate
59.0000_-115.5000,59.0,-115.5,0.2958,Very Low,0.00611154,Moderate
59.0000_-115.0000,59.0,-115.0,0.0433,Very Low,0.00973957,Moderate
59.0000_-114.5000,59.0,-114.5,0.695,Very Low,0.01040092,Moderate
59.0000_-114.0000,59.0,-114.0,0.4679,Very Low,0.01056092,High
59.0000_-113.5000,59.0,-113.5,0.6302,Very Low,0.00632347,Moderate
59.0000_-113.0000,59.0,-113.0,0.8613,Very Low,0.01432781,High
59.0000_-112.5000,59.0,-112.5,0.7346,Very Low,0.00632347,Moderate
59.0000_-112.0000,59.0,-112.0,0.9883,Very Low,0.01432781,High
59.0000_-111.5000,59.0,-111.5,0.6284,Very Low,0.02281652,High
59.0000_-111.0000,59.0,-111.0,0.0204,Very Low,0.02704935,High
59.0000_-110.5000,59.0,-110.5,0.989,Very Low,0.01279528,High
59.0000_-110.0000,59.0,-110.0,1.5788,Very Low,0.0054932,Moderate
59.0000_-109.5000,59.0,-109.5,0.4251,Very Low,0.0023586,Moderate
59.0000_-109.0000,59.0,-109.0,0.4906,Very Low,0.00083832,Moderate
59.0000_-108.5000,59.0,-108.5,0.0437,Very Low,0.00083832,Moderate
59.0000_-108.0000,59.0,-108.0,0.3,Very Low,0.00139077,Moderate
59.0000_-107.5000,59.0,-107.5,2.2361,Low,0.00333659,Moderate
59.0000_-107.0000,59.0,-107.0,2.5599,Low,0.0023586,Moderate
59.0000_-106.5000,59.0,-106.5,2.9421,Low,0.00140231,Moderate
59.0000_-106.0000,59.0,-106.0,2.5325,Low,0.00932712,Moderate
59.0000_-105.5000,59.0,-105.5,0.868,Very Low,0.03383363,High
59.0000_-105.0000,59.0,-105.0,4.1792,Moderate,0.0054932,Moderate
59.0000_-104.5000,59.0,-104.5,3.0438,Low,0.01040092,Moderate
59.0000_-104.0000,59.0,-104.0,0.7956,Very Low,0.01377744,High
59.0000_-103.5000,59.0,-103.5,1.9094,Very Low,0.01432781,High
59.0000_-103.0000,59.0,-103.0,1.8236,Very Low,0.00770915,Moderate
59.0000_-102.5000,59.0,-102.5,3.8431,Low,0.00355104,Moderate
59.0000_-102.0000,59.0,-102.0,2.7898,Low,0.00770915,Moderate
59.0000_-101.5000,59.0,-101.5,0.9158,Very Low,0.00140231,Moderate
59.0000_-101.0000,59.0,-101.0,2.3238,Low,0.0054932,Moderate
59.0000_-100.5000,59.0,-100.5,1.498,Very Low,0.00185644,Moderate
59.0000_-100.0000,59.0,-100.0,3.2585,Low,0.00632347,Moderate
59.0000_-99.5000,59.0,-99.5,1.1841,Very Low,0.00083832,Moderate
59.0000_-99.0000,59.0,-99.0,3.82,Low,0.00243473,Moderate
59.0000_-98.5000,59.0,-98.5,1.465,Very Low,0.00068534,Low
59.0000_-98.0000,59.0,-98.0,1.8692,Very Low,0.00083832,Moderate
59.0000_-97.5000,59.0,-97.5,2.5515,Low,0.00083832,Moderate
59.0000_-97.0000,59.0,-97.0,2.3665,Low,0.00105241,Moderate
59.0000_-96.5000,59.0,-96.5,2.9763,Low,0.00083832,Moderate
59.0000_-96.0000,59.0,-96.0,2.245,Low,1.896e-05,Very Low
59.0000_-95.5000,59.0,-95.5,2.1946,Low,1.896e-05,Very Low
59.0000_-95.0000,59.0,-95.0,2.07,Low,0.00068534,Low
59.0000_-78.5000,59.0,-78.5,0.1928,Very Low,0.00053927,Low
59.0000_-78.0000,59.0,-78.0,0.0003,Very Low,1.896e-05,Very Low
59.0000_-77.5000,59.0,-77.5,0.0002,Very Low,1.896e-05,Very Low
59.0000_-77.0000,59.0,-77.0,0.0032,Very Low,1.896e-05,Very Low
59.0000_-76.5000,59.0,-76.5,0.0009,Very Low,1.896e-05,Very Low
59.0000_-76.0000,59.0,-76.0,0.0062,Very Low,1.896e-05,Very Low
59.0000_-75.5000,59.0,-75.5,0.008,Very Low,1.896e-05,Very Low
59.0000_-75.0000,59.0,-75.0,0.0123,Very Low,1.896e-05,Very Low
59.0000_-74.5000,59.0,-74.5,0.0139,Very Low,0.0,Very Low
59.0000_-74.0000,59.0,-74.0,0.0827,Very Low,0.0,Very Low
59.0000_-73.5000,59.0,-73.5,0.053,Very Low,0.0,Very Low
59.0000_-73.0000,59.0,-73.0,0.0764,Very Low,0.0,Very Low
59.0000_-72.5000,59.0,-72.5,0.1319,Very Low,0.0,Very Low
59.0000_-72.0000,59.0,-72.0,0.3434,Very Low,0.0,Very Low
59.0000_-71.5000,59.0,-71.5,0.0662,Very Low,0.0,Very Low
59.0000_-71.0000,59.0,-71.0,0.0562,Very Low,0.0,Very Low
59.0000_-70.5000,59.0,-70.5,0.0951,Very Low,0.0,Very Low
59.0000_-70.0000,59.0,-70.0,0.151,Very Low,0.0,Very Low
59.0000_-69.5000,59.0,-69.5,0.0803,Very Low,0.0,Very Low
59.0000_-69.0000,59.0,-69.0,0.0258,Very Low,0.0,Very Low
59.0000_-66.0000,59.0,-66.0,0.3082,Very Low,0.0,Very Low
59.0000_-65.5000,59.0,-65.5,0.1471,Very Low,1.896e-05,Very Low
59.0000_-65.0000,59.0,-65.0,0.0,Very Low,0.0,Very Low
59.0000_-64.5000,59.0,-64.5,0.0,Very Low,1.896e-05,Very Low
59.0000_-64.0000,59.0,-64.0,0.0023,Very Low,1.896e-05,Very Low
59.0000_-63.5000,59.0,-63.5,3.3019,Low,1.896e-05,Very Low
59.0000_-63.0000,59.0,-63.0,0.1248,Very Low,0.0,Very Low
59.5000_-138.0000,59.5,-138.0,0.3499,Very Low,1.896e-05,Very Low
59.5000_-137.5000,59.5,-137.5,1.4816,Very Low,1.896e-05,Very Low
59.5000_-137.0000,59.5,-137.0,3.655,Low,1.896e-05,Very Low
59.5000_-136.5000,59.5,-136.5,4.0149,Moderate,0.00068534,Low
59.5000_-135.0000,59.5,-135.0,0.213,Very Low,1.896e-05,Very Low
59.5000_-134.5000,59.5,-134.5,1.5378,Very Low,0.00068534,Low
59.5000_-134.0000,59.5,-134.0,4.3585,Moderate,0.00083832,Moderate
59.5000_-133.5000,59.5,-133.5,2.9647,Low,0.00139077,Moderate
59.5000_-133.0000,59.5,-133.0,4.7101,Moderate,0.00083832,Moderate
59.5000_-132.5000,59.5,-132.5,4.833,Moderate,0.00068534,Low
59.5000_-132.0000,59.5,-132.0,3.5227,Low,0.00083832,Moderate
59.5000_-131.5000,59.5,-131.5,3.716,Low,0.00083832,Moderate
59.5000_-131.0000,59.5,-131.0,4.0042,Moderate,0.00068534,Low
59.5000_-130.5000,59.5,-130.5,4.6996,Moderate,0.00083832,Moderate
59.5000_-130.0000,59.5,-130.0,6.6705,Moderate,1.896e-05,Very Low
59.5000_-129.5000,59.5,-129.5,3.4381,Low,0.00105241,Moderate
59.5000_-129.0000,59.5,-129.0,4.347,Moderate,0.00333659,Moderate
59.5000_-128.5000,59.5,-128.5,4.4929,Moderate,0.00355104,Moderate
59.5000_-128.0000,59.5,-128.0,5.6995,Moderate,0.0054932,Moderate
59.5000_-127.5000,59.5,-127.5,4.5713,Moderate,0.00333659,Moderate
59.5000_-127.0000,59.5,-127.0,4.6953,Moderate,0.00896526,Moderate
59.5000_-126.5000,59.5,-126.5,3.7409,Low,0.00140231,Moderate
59.5000_-126.0000,59.5,-126.0,3.9124,Low,0.00083832,Moderate
59.5000_-125.5000,59.5,-125.5,3.5687,Low,0.00140231,Moderate
59.5000_-125.0000,59.5,-125.0,0.8569,Very Low,0.00083832,Moderate
59.5000_-124.5000,59.5,-124.5,0.8057,Very Low,0.00083832,Moderate
59.5000_-124.0000,59.5,-124.0,3.4491,Low,0.02704935,High
59.5000_-123.5000,59.5,-123.5,2.9255,Low,0.01996567,High
59.5000_-123.0000,59.5,-123.0,2.1209,Low,0.02704935,High
59.5000_-122.5000,59.5,-122.5,0.3042,Very Low,0.01432781,High
59.5000_-122.0000,59.5,-122.0,0.6889,Very Low,0.01996567,High
59.5000_-121.5000,59.5,-121.5,0.3244,Very Low,0.01250206,High
59.5000_-121.0000,59.5,-121.0,0.1797,Very Low,0.01996567,High
59.5000_-120.5000,59.5,-120.5,0.1751,Very Low,0.01056092,High
59.5000_-120.0000,59.5,-120.0,0.0778,Very Low,0.01250206,High
59.5000_-119.5000,59.5,-119.5,0.0057,Very Low,0.00973957,Moderate
59.5000_-119.0000,59.5,-119.0,0.2256,Very Low,0.00305399,Moderate
59.5000_-118.5000,59.5,-118.5,0.4038,Very Low,0.00243473,Moderate
59.5000_-118.0000,59.5,-118.0,0.2796,Very Low,0.00632347,Moderate
59.5000_-117.5000,59.5,-117.5,0.4493,Very Low,0.02704935,High
59.5000_-117.0000,59.5,-117.0,0.1775,Very Low,0.03276447,High
59.5000_-116.5000,59.5,-116.5,0.0022,Very Low,0.00770915,Moderate
59.5000_-116.0000,59.5,-116.0,0.0131,Very Low,0.00140231,Moderate
59.5000_-115.5000,59.5,-115.5,0.0119,Very Low,0.00243473,Moderate
59.5000_-115.0000,59.5,-115.0,0.0044,Very Low,0.00083832,Moderate
59.5000_-114.5000,59.5,-114.5,0.0978,Very Low,0.0023586,Moderate
59.5000_-114.0000,59.5,-114.0,2.4228,Low,0.03290069,High
59.5000_-113.5000,59.5,-113.5,2.5296,Low,0.01432781,High
59.5000_-113.0000,59.5,-113.0,1.9905,Very Low,0.0054932,Moderate
59.5000_-112.5000,59.5,-112.5,4.0436,Moderate,0.02281652,High
59.5000_-112.0000,59.5,-112.0,4.7578,Moderate,0.03276447,High
59.5000_-111.5000,59.5,-111.5,1.3674,Very Low,0.02154918,High
59.5000_-111.0000,59.5,-111.0,5.2848,Moderate,0.02704935,High
59.5000_-110.5000,59.5,-110.5,6.6497,Moderate,0.02154918,High
59.5000_-110.0000,59.5,-110.0,4.8391,Moderate,0.00932712,Moderate
59.5000_-109.5000,59.5,-109.5,6.7127,Moderate,0.00770915,Moderate
59.5000_-109.0000,59.5,-109.0,5.607,Moderate,0.01377744,High
59.5000_-108.5000,59.5,-108.5,4.9537,Moderate,0.02704935,High
59.5000_-108.0000,59.5,-108.0,2.7812,Low,0.00770915,Moderate
59.5000_-107.5000,59.5,-107.5,2.1693,Low,0.00973957,Moderate
59.5000_-107.0000,59.5,-107.0,2.5585,Low,0.02281652,High
59.5000_-106.5000,59.5,-106.5,1.9116,Very Low,0.01040092,Moderate
59.5000_-106.0000,59.5,-106.0,1.8358,Very Low,0.01040092,Moderate
59.5000_-105.5000,59.5,-105.5,0.8494,Very Low,0.0023586,Moderate
59.5000_-105.0000,59.5,-105.0,1.6103,Very Low,0.01432781,High
59.5000_-104.5000,59.5,-104.5,0.8151,Very Low,0.01040092,Moderate
59.5000_-104.0000,59.5,-104.0,1.1535,Very Low,0.00632347,Moderate
59.5000_-103.5000,59.5,-103.5,0.9489,Very Low,0.00105241,Moderate
59.5000_-103.0000,59.5,-103.0,2.4045,Low,0.0023586,Moderate
59.5000_-102.5000,59.5,-102.5,0.9626,Very Low,0.00632347,Moderate
59.5000_-102.0000,59.5,-102.0,0.7839,Very Low,0.0023586,Moderate
59.5000_-101.5000,59.5,-101.5,0.799,Very Low,0.00083832,Moderate
59.5000_-101.0000,59.5,-101.0,0.9311,Very Low,0.00105241,Moderate
59.5000_-100.5000,59.5,-100.5,1.3758,Very Low,0.00139077,Moderate
59.5000_-100.0000,59.5,-100.0,1.6107,Very Low,0.00083832,Moderate
59.5000_-99.5000,59.5,-99.5,0.9828,Very Low,0.00068534,Low
59.5000_-99.0000,59.5,-99.0,2.5681,Low,0.00139077,Moderate
59.5000_-98.5000,59.5,-98.5,2.2318,Low,0.00083832,Moderate
59.5000_-98.0000,59.5,-98.0,1.5035,Very Low,0.00083832,Moderate
59.5000_-97.5000,59.5,-97.5,0.9199,Very Low,0.00083832,Moderate
59.5000_-97.0000,59.5,-97.0,1.3804,Very Low,1.896e-05,Very Low
59.5000_-96.5000,59.5,-96.5,1.6552,Very Low,0.00068534,Low
59.5000_-96.0000,59.5,-96.0,1.7201,Very Low,1.896e-05,Very Low
59.5000_-95.5000,59.5,-95.5,1.5904,Very Low,1.896e-05,Very Low
59.5000_-95.0000,59.5,-95.0,1.8011,Very Low,1.896e-05,Very Low
59.5000_-80.5000,59.5,-80.5,0.1537,Very Low,0.00018179,Low
59.5000_-78.0000,59.5,-78.0,0.4992,Very Low,1.896e-05,Very Low
59.5000_-77.5000,59.5,-77.5,0.3192,Very Low,1.896e-05,Very Low
59.5000_-77.0000,59.5,-77.0,0.0556,Very Low,1.896e-05,Very Low
59.5000_-76.5000,59.5,-76.5,0.0693,Very Low,1.896e-05,Very Low
59.5000_-76.0000,59.5,-76.0,0.0445,Very Low,1.896e-05,Very Low
59.5000_-75.5000,59.5,-75.5,0.136,Very Low,1.896e-05,Very Low
59.5000_-75.0000,59.5,-75.0,0.0408,Very Low,0.0,Very Low
59.5000_-74.5000,59.5,-74.5,0.2315,Very Low,1.896e-05,Very Low
59.5000_-74.0000,59.5,-74.0,0.0278,Very Low,0.0,Very Low
59.5000_-73.5000,59.5,-73.5,0.0116,Very Low,1.896e-05,Very Low
59.5000_-73.0000,59.5,-73.0,0.0229,Very Low,1.896e-05,Very Low
59.5000_-72.5000,59.5,-72.5,0.0087,Very Low,1.896e-05,Very Low
59.5000_-72.0000,59.5,-72.0,0.0483,Very Low,0.0,Very Low
59.5000_-71.5000,59.5,-71.5,0.0214,Very Low,1.896e-05,Very Low
59.5000_-71.0000,59.5,-71.0,0.0529,Very Low,0.0,Very Low
59.5000_-70.5000,59.5,-70.5,0.1985,Very Low,0.0,Very Low
59.5000_-70.0000,59.5,-70.0,0.5216,Very Low,0.0,Very Low
59.5000_-65.5000,59.5,-65.5,0.0647,Very Low,0.0,Very Low
59.5000_-65.0000,59.5,-65.0,0.0,Very Low,1.896e-05,Very Low
59.5000_-64.5000,59.5,-64.5,0.0,Very Low,1.896e-05,Very Low
59.5000_-64.0000,59.5,-64.0,0.0072,Very Low,0.0,Very Low
60.0000_-139.0000,60.0,-139.0,0.0248,Very Low,0.0,Very Low
60.0000_-138.5000,60.0,-138.5,0.0197,Very Low,0.0,Very Low
60.0000_-138.0000,60.0,-138.0,0.3262,Very Low,1.896e-05,Very Low
60.0000_-137.5000,60.0,-137.5,1.9428,Very Low,1.896e-05,Very Low
60.0000_-137.0000,60.0,-137.0,3.2571,Low,0.00068534,Low
60.0000_-136.5000,60.0,-136.5,4.0538,Moderate,0.00068534,Low
60.0000_-136.0000,60.0,-136.0,0.9831,Very Low,0.00068534,Low
60.0000_-135.5000,60.0,-135.5,3.6,Low,0.00068534,Low
60.0000_-135.0000,60.0,-135.0,3.03,Low,0.00083832,Moderate
60.0000_-134.5000,60.0,-134.5,3.73,Low,0.00105241,Moderate
60.0000_-134.0000,60.0,-134.0,3.5805,Low,0.00305399,Moderate
60.0000_-133.5000,60.0,-133.5,4.0962,Moderate,0.00333659,Moderate
60.0000_-133.0000,60.0,-133.0,4.8222,Moderate,0.00083832,Moderate
60.0000_-132.5000,60.0,-132.5,3.3208,Low,0.00083832,Moderate
60.0000_-132.0000,60.0,-132.0,4.3647,Moderate,0.00083832,Moderate
60.0000_-131.5000,60.0,-131.5,4.7957,Moderate,0.00083832,Moderate
60.0000_-131.0000,60.0,-131.0,4.699,Moderate,0.00068534,Low
60.0000_-130.5000,60.0,-130.5,3.5443,Low,0.00083832,Moderate
60.0000_-130.0000,60.0,-130.0,5.2695,Moderate,0.00139077,Moderate
60.0000_-129.5000,60.0,-129.5,5.9161,Moderate,0.00770915,Moderate
60.0000_-129.0000,60.0,-129.0,5.7792,Moderate,0.03702563,High
60.0000_-128.5000,60.0,-128.5,6.21,Moderate,0.02281652,High
60.0000_-128.0000,60.0,-128.0,7.469,Moderate,0.02281652,High
60.0000_-127.5000,60.0,-127.5,6.4045,Moderate,0.00932712,Moderate
60.0000_-127.0000,60.0,-127.0,5.2866,Moderate,0.00355104,Moderate
60.0000_-126.5000,60.0,-126.5,4.8934,Moderate,0.00305399,Moderate
60.0000_-126.0000,60.0,-126.0,4.5645,Moderate,0.00243473,Moderate
60.0000_-125.5000,60.0,-125.5,4.0584,Moderate,0.00139077,Moderate
60.0000_-125.0000,60.0,-125.0,0.293,Very Low,0.00140231,Moderate
60.0000_-124.5000,60.0,-124.5,0.2836,Very Low,0.00139077,Moderate
60.0000_-124.0000,60.0,-124.0,0.1967,Very Low,0.01996567,High
60.0000_-123.5000,60.0,-123.5,0.2648,Very Low,0.01649175,High
60.0000_-123.0000,60.0,-123.0,0.2289,Very Low,0.01377744,High
60.0000_-122.5000,60.0,-122.5,0.1445,Very Low,0.00083832,Moderate
60.0000_-122.0000,60.0,-122.0,0.2329,Very Low,0.01040092,Moderate
60.0000_-121.5000,60.0,-121.5,0.1772,Very Low,0.00586819,Moderate
60.0000_-121.0000,60.0,-121.0,0.17,Very Low,0.0023586,Moderate
60.0000_-120.5000,60.0,-120.5,0.1697,Very Low,0.0023586,Moderate
60.0000_-120.0000,60.0,-120.0,0.0316,Very Low,0.00140231,Moderate
60.0000_-119.5000,60.0,-119.5,0.0002,Very Low,0.00068534,Low
60.0000_-119.0000,60.0,-119.0,0.0028,Very Low,0.00083832,Moderate
60.0000_-118.5000,60.0,-118.5,0.0907,Very Low,0.0054932,Moderate
60.0000_-118.0000,60.0,-118.0,0.0798,Very Low,0.00586819,Moderate
60.0000_-117.5000,60.0,-117.5,0.1358,Very Low,0.00770915,Moderate
60.0000_-117.0000,60.0,-117.0,0.2575,Very Low,0.02704935,High
60.0000_-116.5000,60.0,-116.5,1.8835,Very Low,0.01432781,High
60.0000_-116.0000,60.0,-116.0,1.7608,Very Low,0.01432781,High
60.0000_-115.5000,60.0,-115.5,2.1252,Low,0.00586819,Moderate
60.0000_-115.0000,60.0,-115.0,2.5633,Low,0.00770915,Moderate
60.0000_-114.5000,60.0,-114.5,1.9042,Very Low,0.01102536,High
60.0000_-114.0000,60.0,-114.0,0.0433,Very Low,0.01649175,High
60.0000_-113.5000,60.0,-113.5,0.6633,Very Low,0.02281652,High
60.0000_-113.0000,60.0,-113.0,1.5294,Very Low,0.02281652,High
60.0000_-112.5000,60.0,-112.5,0.995,Very Low,0.03276447,High
60.0000_-112.0000,60.0,-112.0,4.9649,Moderate,0.08001374,High
60.0000_-111.5000,60.0,-111.5,3.471,Low,0.03276447,High
60.0000_-111.0000,60.0,-111.0,7.0962,Moderate,0.02281652,High
60.0000_-110.5000,60.0,-110.5,0.6399,Very Low,0.00770915,Moderate
60.0000_-110.0000,60.0,-110.0,1.8312,Very Low,0.00611154,Moderate
60.0000_-109.5000,60.0,-109.5,2.1034,Low,0.00586819,Moderate
60.0000_-109.0000,60.0,-109.0,0.0168,Very Low,0.0023586,Moderate
60.0000_-108.5000,60.0,-108.5,0.7385,Very Low,0.00632347,Moderate
60.0000_-108.0000,60.0,-108.0,1.0738,Very Low,0.0054932,Moderate
60.0000_-107.5000,60.0,-107.5,1.644,Very Low,0.01040092,Moderate
60.0000_-107.0000,60.0,-107.0,2.1748,Low,0.01432781,High
60.0000_-106.5000,60.0,-106.5,1.6217,Very Low,0.00355104,Moderate
60.0000_-106.0000,60.0,-106.0,1.5622,Very Low,0.00305399,Moderate
60.0000_-105.5000,60.0,-105.5,0.8445,Very Low,0.00083832,Moderate
60.0000_-105.0000,60.0,-105.0,0.8238,Very Low,0.00140231,Moderate
60.0000_-104.5000,60.0,-104.5,1.9292,Very Low,0.00140231,Moderate
60.0000_-104.0000,60.0,-104.0,0.9407,Very Low,0.00139077,Moderate
60.0000_-103.5000,60.0,-103.5,0.7117,Very Low,0.0023586,Moderate
60.0000_-103.0000,60.0,-103.0,0.9356,Very Low,0.00140231,Moderate
60.0000_-102.5000,60.0,-102.5,0.5192,Very Low,0.00068534,Low
60.0000_-102.0000,60.0,-102.0,0.6694,Very Low,0.00083832,Moderate
60.0000_-101.5000,60.0,-101.5,0.3628,Very Low,0.00068534,Low
60.0000_-101.0000,60.0,-101.0,0.5749,Very Low,0.00083832,Moderate
60.0000_-100.5000,60.0,-100.5,0.7328,Very Low,0.00068534,Low
60.0000_-100.0000,60.0,-100.0,0.9086,Very Low,0.00068534,Low
60.0000_-99.5000,60.0,-99.5,0.8894,Very Low,0.00140231,Moderate
60.0000_-99.0000,60.0,-99.0,0.8494,Very Low,0.00083832,Moderate
60.0000_-98.5000,60.0,-98.5,0.7427,Very Low,1.896e-05,Very Low
60.0000_-98.0000,60.0,-98.0,0.9418,Very Low,1.896e-05,Very Low
60.0000_-97.5000,60.0,-97.5,0.6289,Very Low,1.896e-05,Very Low
60.0000_-97.0000,60.0,-97.0,0.7871,Very Low,0.00068534,Low
60.0000_-96.5000,60.0,-96.5,0.9574,Very Low,1.896e-05,Very Low
60.0000_-96.0000,60.0,-96.0,0.7844,Very Low,1.896e-05,Very Low
60.0000_-95.5000,60.0,-95.5,1.2561,Very Low,1.896e-05,Very Low
60.0000_-95.0000,60.0,-95.0,0.9903,Very Low,1.896e-05,Very Low
60.0000_-77.5000,60.0,-77.5,0.5632,Very Low,1.896e-05,Very Low
60.0000_-77.0000,60.0,-77.0,0.0439,Very Low,1.896e-05,Very Low
60.0000_-76.5000,60.0,-76.5,0.1574,Very Low,1.896e-05,Very Low
60.0000_-76.0000,60.0,-76.0,0.6353,Very Low,7.416e-05,Low
60.0000_-75.5000,60.0,-75.5,0.5082,Very Low,1.896e-05,Very Low
60.0000_-75.0000,60.0,-75.0,0.2336,Very Low,1.896e-05,Very Low
60.0000_-74.5000,60.0,-74.5,0.1328,Very Low,1.896e-05,Very Low
60.0000_-74.0000,60.0,-74.0,0.1416,Very Low,0.0,Very Low
60.0000_-73.5000,60.0,-73.5,0.1319,Very Low,0.0,Very Low
60.0000_-73.0000,60.0,-73.0,0.0746,Very Low,0.0,Very Low
60.0000_-72.5000,60.0,-72.5,0.0575,Very Low,0.0,Very Low
60.0000_-72.0000,60.0,-72.0,0.0414,Very Low,0.0,Very Low
60.0000_-71.5000,60.0,-71.5,0.0115,Very Low,0.0,Very Low
60.0000_-71.0000,60.0,-71.0,0.052,Very Low,0.0,Very Low
60.0000_-70.5000,60.0,-70.5,0.0766,Very Low,0.0,Very Low
60.0000_-70.0000,60.0,-70.0,0.088,Very Low,0.0,Very Low
60.0000_-65.0000,60.0,-65.0,0.0,Very Low,0.0,Very Low
60.0000_-64.5000,60.0,-64.5,0.0,Very Low,1.896e-05,Very Low
60.0000_-64.0000,60.0,-64.0,0.2869,Very Low,0.0,Very Low
60.5000_-141.0000,60.5,-141.0,0.2941,Very Low,0.0,Very Low
60.5000_-140.5000,60.5,-140.5,0.1347,Very Low,0.0,Very Low
60.5000_-140.0000,60.5,-140.0,0.0803,Very Low,0.0,Very Low
60.5000_-139.5000,60.5,-139.5,0.1872,Very Low,0.0,Very Low
60.5000_-139.0000,60.5,-139.0,0.3475,Very Low,0.0,Very Low
60.5000_-138.5000,60.5,-138.5,0.6778,Very Low,1.896e-05,Very Low
60.5000_-138.0000,60.5,-138.0,1.9772,Very Low,0.00068534,Low
60.5000_-137.5000,60.5,-137.5,2.728,Low,0.00139077,Moderate
60.5000_-137.0000,60.5,-137.0,4.9775,Moderate,0.0023586,Moderate
60.5000_-136.5000,60.5,-136.5,3.4521,Low,0.00068534,Low
60.5000_-136.0000,60.5,-136.0,3.912,Low,0.00068534,Low
60.5000_-135.5000,60.5,-135.5,5.6729,Moderate,0.00305399,Moderate
60.5000_-135.0000,60.5,-135.0,4.0284,Moderate,0.03702563,High
60.5000_-134.5000,60.5,-134.5,4.7882,Moderate,0.01432781,High
60.5000_-134.0000,60.5,-134.0,4.5698,Moderate,0.00333659,Moderate
60.5000_-133.5000,60.5,-133.5,3.8032,Low,0.00139077,Moderate
60.5000_-133.0000,60.5,-133.0,4.7556,Moderate,0.00083832,Moderate
60.5000_-132.5000,60.5,-132.5,3.2851,Low,0.00083832,Moderate
60.5000_-132.0000,60.5,-132.0,3.9076,Low,0.00083832,Moderate
60.5000_-131.5000,60.5,-131.5,2.8152,Low,0.00068534,Low
60.5000_-131.0000,60.5,-131.0,2.6123,Low,0.00068534,Low
60.5000_-130.5000,60.5,-130.5,4.4972,Moderate,0.00083832,Moderate
60.5000_-130.0000,60.5,-130.0,4.4339,Moderate,0.00243473,Moderate
60.5000_-129.5000,60.5,-129.5,4.2696,Moderate,0.00140231,Moderate
60.5000_-129.0000,60.5,-129.0,4.3497,Moderate,0.00140231,Moderate
60.5000_-128.5000,60.5,-128.5,4.445,Moderate,0.00140231,Moderate
60.5000_-128.0000,60.5,-128.0,5.5383,Moderate,0.00083832,Moderate
60.5000_-127.5000,60.5,-127.5,5.9919,Moderate,0.00586819,Moderate
60.5000_-127.0000,60.5,-127.0,4.9901,Moderate,0.0023586,Moderate
60.5000_-126.5000,60.5,-126.5,3.9609,Low,0.00243473,Moderate
60.5000_-126.0000,60.5,-126.0,1.398,Very Low,0.00333659,Moderate
60.5000_-125.5000,60.5,-125.5,0.82,Very Low,0.0023586,Moderate
60.5000_-125.0000,60.5,-125.0,0.4229,Very Low,0.00139077,Moderate
60.5000_-124.5000,60.5,-124.5,0.0786,Very Low,0.00083832,Moderate
60.5000_-124.0000,60.5,-124.0,0.0772,Very Low,0.00140231,Moderate
60.5000_-123.5000,60.5,-123.5,0.0685,Very Low,0.0023586,Moderate
60.5000_-123.0000,60.5,-123.0,0.0265,Very Low,0.0023586,Moderate
60.5000_-122.5000,60.5,-122.5,0.1194,Very Low,0.0023586,Moderate
60.5000_-122.0000,60.5,-122.0,0.0862,Very Low,0.00243473,Moderate
60.5000_-121.5000,60.5,-121.5,0.0012,Very Low,0.00105241,Moderate
60.5000_-121.0000,60.5,-121.0,0.0001,Very Low,0.00305399,Moderate
60.5000_-120.5000,60.5,-120.5,0.0331,Very Low,0.0023586,Moderate
60.5000_-120.0000,60.5,-120.0,0.1013,Very Low,0.00083832,Moderate
60.5000_-119.5000,60.5,-119.5,0.1168,Very Low,0.00139077,Moderate
60.5000_-119.0000,60.5,-119.0,0.1817,Very Low,0.00105241,Moderate
60.5000_-118.5000,60.5,-118.5,0.695,Very Low,0.00243473,Moderate
60.5000_-118.0000,60.5,-118.0,3.0816,Low,0.00243473,Moderate
60.5000_-117.5000,60.5,-117.5,5.0123,Moderate,0.00083832,Moderate
60.5000_-117.0000,60.5,-117.0,0.9507,Very Low,0.0054932,Moderate
60.5000_-116.5000,60.5,-116.5,0.2839,Very Low,0.0054932,Moderate
60.5000_-116.0000,60.5,-116.0,4.6464,Moderate,0.00632347,Moderate
60.5000_-115.5000,60.5,-115.5,4.8865,Moderate,0.0054932,Moderate
60.5000_-115.0000,60.5,-115.0,4.9875,Moderate,0.00632347,Moderate
60.5000_-114.5000,60.5,-114.5,0.0469,Very Low,0.00355104,Moderate
60.5000_-114.0000,60.5,-114.0,0.082,Very Low,0.00333659,Moderate
60.5000_-113.5000,60.5,-113.5,0.0108,Very Low,0.0054932,Moderate
60.5000_-113.0000,60.5,-113.0,0.0257,Very Low,0.00139077,Moderate
60.5000_-112.5000,60.5,-112.5,0.3345,Very Low,0.00355104,Moderate
60.5000_-112.0000,60.5,-112.0,2.4608,Low,0.00632347,Moderate
60.5000_-111.5000,60.5,-111.5,6.4926,Moderate,0.01056092,High
60.5000_-111.0000,60.5,-111.0,7.0775,Moderate,0.00770915,Moderate
60.5000_-110.5000,60.5,-110.5,4.7417,Moderate,0.00734049,Moderate
60.5000_-110.0000,60.5,-110.0,0.0938,Very Low,0.0023586,Moderate
60.5000_-109.5000,60.5,-109.5,0.2848,Very Low,0.00140231,Moderate
60.5000_-109.0000,60.5,-109.0,3.0011,Low,0.00243473,Moderate
60.5000_-108.5000,60.5,-108.5,2.3105,Low,0.00305399,Moderate
60.5000_-108.0000,60.5,-108.0,1.9265,Very Low,0.0023586,Moderate
60.5000_-107.5000,60.5,-107.5,2.0698,Low,0.00333659,Moderate
60.5000_-107.0000,60.5,-107.0,2.0181,Low,0.0054932,Moderate
60.5000_-106.5000,60.5,-106.5,1.9481,Very Low,0.0023586,Moderate
60.5000_-106.0000,60.5,-106.0,2.0212,Low,0.0023586,Moderate
60.5000_-105.5000,60.5,-105.5,1.7989,Very Low,0.00083832,Moderate
60.5000_-105.0000,60.5,-105.0,0.9185,Very Low,0.00083832,Moderate
60.5000_-104.5000,60.5,-104.5,1.7373,Very Low,0.00083832,Moderate
60.5000_-104.0000,60.5,-104.0,0.7799,Very Low,0.00068534,Low
60.5000_-103.5000,60.5,-103.5,0.5908,Very Low,0.00083832,Moderate
60.5000_-103.0000,60.5,-103.0,0.691,Very Low,0.00053927,Low
60.5000_-102.5000,60.5,-102.5,0.6955,Very Low,0.00068534,Low
60.5000_-102.0000,60.5,-102.0,0.6962,Very Low,0.00068534,Low
60.5000_-101.5000,60.5,-101.5,0.2552,Very Low,0.00053927,Low
60.5000_-101.0000,60.5,-101.0,0.3698,Very Low,0.00053927,Low
60.5000_-100.5000,60.5,-100.5,0.2344,Very Low,1.896e-05,Very Low
60.5000_-100.0000,60.5,-100.0,0.4827,Very Low,1.896e-05,Very Low
60.5000_-99.5000,60.5,-99.5,0.8105,Very Low,1.896e-05,Very Low
60.5000_-99.0000,60.5,-99.0,0.5385,Very Low,1.896e-05,Very Low
60.5000_-98.5000,60.5,-98.5,0.4175,Very Low,1.896e-05,Very Low
60.5000_-98.0000,60.5,-98.0,0.5903,Very Low,1.896e-05,Very Low
60.5000_-97.5000,60.5,-97.5,0.8608,Very Low,1.896e-05,Very Low
60.5000_-97.0000,60.5,-97.0,0.6162,Very Low,1.896e-05,Very Low
60.5000_-96.5000,60.5,-96.5,0.6369,Very Low,1.896e-05,Very Low
60.5000_-96.0000,60.5,-96.0,0.6416,Very Low,1.896e-05,Very Low
60.5000_-95.5000,60.5,-95.5,0.7351,Very Low,1.896e-05,Very Low
60.5000_-95.0000,60.5,-95.0,0.8285,Very Low,1.896e-05,Very Low
60.5000_-94.5000,60.5,-94.5,0.8216,Very Low,1.896e-05,Very Low
60.5000_-77.5000,60.5,-77.5,0.2025,Very Low,1.896e-05,Very Low
60.5000_-77.0000,60.5,-77.0,0.2121,Very Low,1.896e-05,Very Low
60.5000_-76.5000,60.5,-76.5,0.5965,Very Low,7.416e-05,Low
60.5000_-76.0000,60.5,-76.0,0.4217,Very Low,1.896e-05,Very Low
60.5000_-75.5000,60.5,-75.5,0.1211,Very Low,1.896e-05,Very Low
60.5000_-75.0000,60.5,-75.0,0.2408,Very Low,1.896e-05,Very Low
60.5000_-74.5000,60.5,-74.5,0.1007,Very Low,0.0,Very Low
60.5000_-74.0000,60.5,-74.0,0.0577,Very Low,1.896e-05,Very Low
60.5000_-73.5000,60.5,-73.5,0.1519,Very Low,0.0,Very Low
60.5000_-73.0000,60.5,-73.0,0.0093,Very Low,0.0,Very Low
60.5000_-72.5000,60.5,-72.5,0.0111,Very Low,0.0,Very Low
60.5000_-72.0000,60.5,-72.0,0.018,Very Low,0.0,Very Low
60.5000_-71.5000,60.5,-71.5,0.1297,Very Low,0.0,Very Low
60.5000_-71.0000,60.5,-71.0,0.0533,Very Low,0.0,Very Low
60.5000_-70.5000,60.5,-70.5,0.0862,Very Low,0.0,Very Low
60.5000_-70.0000,60.5,-70.0,0.0869,Very Low,0.0,Very Low
60.5000_-68.0000,60.5,-68.0,0.1145,Very Low,0.0,Very Low
60.5000_-65.0000,60.5,-65.0,0.0004,Very Low,0.0,Very Low
60.5000_-64.5000,60.5,-64.5,0.0007,Very Low,0.0,Very Low
61.0000_-141.0000,61.0,-141.0,0.0553,Very Low,0.0,Very Low
61.0000_-140.5000,61.0,-140.5,0.178,Very Low,0.00053927,Low
61.0000_-140.0000,61.0,-140.0,0.4269,Very Low,1.896e-05,Very Low
61.0000_-139.5000,61.0,-139.5,0.8107,Very Low,1.896e-05,Very Low
61.0000_-139.0000,61.0,-139.0,1.2837,Very Low,0.00053927,Low
61.0000_-138.5000,61.0,-138.5,2.1766,Low,0.00139077,Moderate
61.0000_-138.0000,61.0,-138.0,2.3901,Low,0.00083832,Moderate
61.0000_-137.5000,61.0,-137.5,1.9625,Very Low,0.01056092,High
61.0000_-137.0000,61.0,-137.0,5.8,Moderate,0.0023586,Moderate
61.0000_-136.5000,61.0,-136.5,6.8197,Moderate,0.00355104,Moderate
61.0000_-136.0000,61.0,-136.0,5.4936,Moderate,0.0023586,Moderate
61.0000_-135.5000,61.0,-135.5,3.9421,Low,0.01250206,High
61.0000_-135.0000,61.0,-135.0,6.185,Moderate,0.04938272,High
61.0000_-134.5000,61.0,-134.5,5.7878,Moderate,0.00140231,Moderate
61.0000_-134.0000,61.0,-134.0,4.853,Moderate,0.00139077,Moderate
61.0000_-133.5000,61.0,-133.5,4.3605,Moderate,0.00083832,Moderate
61.0000_-133.0000,61.0,-133.0,3.5367,Low,0.00083832,Moderate
61.0000_-132.5000,61.0,-132.5,3.5599,Low,0.00068534,Low
61.0000_-132.0000,61.0,-132.0,3.2982,Low,0.00068534,Low
61.0000_-131.5000,61.0,-131.5,2.5585,Low,0.00068534,Low
61.0000_-131.0000,61.0,-131.0,2.4585,Low,0.00068534,Low
61.0000_-130.5000,61.0,-130.5,3.1857,Low,0.00068534,Low
61.0000_-130.0000,61.0,-130.0,2.7202,Low,0.00068534,Low
61.0000_-129.5000,61.0,-129.5,3.954,Low,0.0023586,Moderate
61.0000_-129.0000,61.0,-129.0,3.2469,Low,0.0054932,Moderate
61.0000_-128.5000,61.0,-128.5,4.4133,Moderate,0.00140231,Moderate
61.0000_-128.0000,61.0,-128.0,3.312,Low,0.00083832,Moderate
61.0000_-127.5000,61.0,-127.5,7.4823,Moderate,0.0023586,Moderate
61.0000_-127.0000,61.0,-127.0,5.4404,Moderate,0.00083832,Moderate
61.0000_-126.5000,61.0,-126.5,6.7691,Moderate,0.0054932,Moderate
61.0000_-126.0000,61.0,-126.0,5.61,Moderate,0.00932712,Moderate
61.0000_-125.5000,61.0,-125.5,3.1312,Low,0.00557103,Moderate
61.0000_-125.0000,61.0,-125.0,0.8993,Very Low,0.00139077,Moderate
61.0000_-124.5000,61.0,-124.5,0.0744,Very Low,0.00068534,Low
61.0000_-124.0000,61.0,-124.0,0.0481,Very Low,0.00083832,Moderate
61.0000_-123.5000,61.0,-123.5,0.0633,Very Low,0.00083832,Moderate
61.0000_-123.0000,61.0,-123.0,0.1579,Very Low,0.00243473,Moderate
61.0000_-122.5000,61.0,-122.5,0.0472,Very Low,0.0023586,Moderate
61.0000_-122.0000,61.0,-122.0,0.1151,Very Low,0.0023586,Moderate
61.0000_-121.5000,61.0,-121.5,0.2853,Very Low,0.0023586,Moderate
61.0000_-121.0000,61.0,-121.0,0.7098,Very Low,0.00333659,Moderate
61.0000_-120.5000,61.0,-120.5,1.8282,Very Low,0.00611154,Moderate
61.0000_-120.0000,61.0,-120.0,0.0046,Very Low,0.0023586,Moderate
61.0000_-119.5000,61.0,-119.5,0.0241,Very Low,0.00083832,Moderate
61.0000_-119.0000,61.0,-119.0,0.0182,Very Low,0.00105241,Moderate
61.0000_-118.5000,61.0,-118.5,0.0241,Very Low,0.00139077,Moderate
61.0000_-118.0000,61.0,-118.0,5.6033,Moderate,0.00243473,Moderate
61.0000_-117.5000,61.0,-117.5,6.4107,Moderate,0.0054932,Moderate
61.0000_-117.0000,61.0,-117.0,6.6411,Moderate,0.00632347,Moderate
61.0000_-116.5000,61.0,-116.5,2.9284,Low,0.0054932,Moderate
61.0000_-116.0000,61.0,-116.0,7.45,Moderate,0.0054932,Moderate
61.0000_-115.5000,61.0,-115.5,5.5293,Moderate,0.00305399,Moderate
61.0000_-115.0000,61.0,-115.0,2.4743,Low,0.00105241,Moderate
61.0000_-114.5000,61.0,-114.5,4.0589,Moderate,0.00305399,Moderate
61.0000_-114.0000,61.0,-114.0,3.9646,Low,0.00140231,Moderate
61.0000_-113.5000,61.0,-113.5,0.4427,Very Low,0.0054932,Moderate
61.0000_-113.0000,61.0,-113.0,4.7486,Moderate,0.00611154,Moderate
61.0000_-112.5000,61.0,-112.5,7.0009,Moderate,0.0054932,Moderate
61.0000_-112.0000,61.0,-112.0,8.5554,High,0.0054932,Moderate
61.0000_-111.5000,61.0,-111.5,6.8168,Moderate,0.00973957,Moderate
61.0000_-111.0000,61.0,-111.0,0.9057,Very Low,0.00243473,Moderate
61.0000_-110.5000,61.0,-110.5,0.5384,Very Low,0.0054932,Moderate
61.0000_-110.0000,61.0,-110.0,2.3112,Low,0.00586819,Moderate
61.0000_-109.5000,61.0,-109.5,1.1466,Very Low,0.0023586,Moderate
61.0000_-109.0000,61.0,-109.0,3.7916,Low,0.00305399,Moderate
61.0000_-108.5000,61.0,-108.5,4.5193,Moderate,0.0023586,Moderate
61.0000_-108.0000,61.0,-108.0,5.2937,Moderate,0.0023586,Moderate
61.0000_-107.5000,61.0,-107.5,4.9978,Moderate,0.00243473,Moderate
61.0000_-107.0000,61.0,-107.0,4.4139,Moderate,0.0023586,Moderate
61.0000_-106.5000,61.0,-106.5,3.9862,Low,0.00139077,Moderate
61.0000_-106.0000,61.0,-106.0,0.8178,Very Low,0.00140231,Moderate
61.0000_-105.5000,61.0,-105.5,2.0739,Low,0.00140231,Moderate
61.0000_-105.0000,61.0,-105.0,3.3191,Low,0.00083832,Moderate
61.0000_-104.5000,61.0,-104.5,0.8943,Very Low,0.00083832,Moderate
61.0000_-104.0000,61.0,-104.0,0.6018,Very Low,0.00068534,Low
61.0000_-103.5000,61.0,-103.5,0.5941,Very Low,0.00068534,Low
61.0000_-103.0000,61.0,-103.0,0.4764,Very Low,0.00068534,Low
61.0000_-102.5000,61.0,-102.5,0.584,Very Low,0.00068534,Low
61.0000_-102.0000,61.0,-102.0,0.745,Very Low,0.00068534,Low
61.0000_-101.5000,61.0,-101.5,0.5122,Very Low,1.896e-05,Very Low
61.0000_-101.0000,61.0,-101.0,0.3484,Very Low,1.896e-05,Very Low
61.0000_-100.5000,61.0,-100.5,0.235,Very Low,1.896e-05,Very Low
61.0000_-100.0000,61.0,-100.0,0.5094,Very Low,1.896e-05,Very Low
61.0000_-99.5000,61.0,-99.5,1.1866,Very Low,1.896e-05,Very Low
61.0000_-99.0000,61.0,-99.0,0.8575,Very Low,1.896e-05,Very Low
61.0000_-98.5000,61.0,-98.5,0.3758,Very Low,1.896e-05,Very Low
61.0000_-98.0000,61.0,-98.0,0.5684,Very Low,1.896e-05,Very Low
61.0000_-97.5000,61.0,-97.5,0.5206,Very Low,1.896e-05,Very Low
61.0000_-97.0000,61.0,-97.0,0.4622,Very Low,1.896e-05,Very Low
61.0000_-96.5000,61.0,-96.5,0.4246,Very Low,1.896e-05,Very Low
61.0000_-96.0000,61.0,-96.0,0.4668,Very Low,1.896e-05,Very Low
61.0000_-95.5000,61.0,-95.5,0.6529,Very Low,1.896e-05,Very Low
61.0000_-95.0000,61.0,-95.0,0.9177,Very Low,1.896e-05,Very Low
61.0000_-94.5000,61.0,-94.5,0.6448,Very Low,1.896e-05,Very Low
61.0000_-94.0000,61.0,-94.0,0.6606,Very Low,0.0,Very Low
61.0000_-78.0000,61.0,-78.0,2.1608,Low,1.896e-05,Very Low
61.0000_-77.5000,61.0,-77.5,0.559,Very Low,1.896e-05,Very Low
61.0000_-77.0000,61.0,-77.0,0.7361,Very Low,1.896e-05,Very Low
61.0000_-76.5000,61.0,-76.5,0.5547,Very Low,0.0,Very Low
61.0000_-76.0000,61.0,-76.0,0.3754,Very Low,0.0,Very Low
61.0000_-75.5000,61.0,-75.5,0.17,Very Low,0.0,Very Low
61.0000_-75.0000,61.0,-75.0,0.3128,Very Low,0.0,Very Low
61.0000_-74.5000,61.0,-74.5,0.2642,Very Low,0.0,Very Low
61.0000_-74.0000,61.0,-74.0,0.2389,Very Low,0.0,Very Low
61.0000_-73.5000,61.0,-73.5,0.0207,Very Low,0.0,Very Low
61.0000_-73.0000,61.0,-73.0,0.0168,Very Low,0.0,Very Low
61.0000_-72.5000,61.0,-72.5,0.2119,Very Low,0.0,Very Low
61.0000_-72.0000,61.0,-72.0,0.1071,Very Low,0.0,Very Low
61.0000_-71.5000,61.0,-71.5,0.099,Very Low,0.0,Very Low
61.0000_-71.0000,61.0,-71.0,0.0941,Very Low,0.0,Very Low
61.0000_-70.5000,61.0,-70.5,0.0312,Very Low,0.0,Very Low
61.0000_-70.0000,61.0,-70.0,0.2485,Very Low,0.0,Very Low
61.0000_-69.5000,61.0,-69.5,0.2494,Very Low,0.0,Very Low
61.5000_-141.0000,61.5,-141.0,1.0104,Very Low,1.896e-05,Very Low
61.5000_-140.5000,61.5,-140.5,2.191,Low,1.896e-05,Very Low
61.5000_-140.0000,61.5,-140.0,0.9953,Very Low,1.896e-05,Very Low
61.5000_-139.5000,61.5,-139.5,0.8347,Very Low,0.00068534,Low
61.5000_-139.0000,61.5,-139.0,1.4123,Very Low,0.00083832,Moderate
61.5000_-138.5000,61.5,-138.5,1.8082,Very Low,0.00140231,Moderate
61.5000_-138.0000,61.5,-138.0,3.7383,Low,0.00068534,Low
61.5000_-137.5000,61.5,-137.5,4.2129,Moderate,0.00333659,Moderate
61.5000_-137.0000,61.5,-137.0,5.7916,Moderate,0.00586819,Moderate
61.5000_-136.5000,61.5,-136.5,6.4065,Moderate,0.00083832,Moderate
61.5000_-136.0000,61.5,-136.0,4.806,Moderate,0.00333659,Moderate
61.5000_-135.5000,61.5,-135.5,5.8011,Moderate,0.00355104,Moderate
61.5000_-135.0000,61.5,-135.0,3.3587,Low,0.01040092,Moderate
61.5000_-134.5000,61.5,-134.5,4.0017,Moderate,0.0054932,Moderate
61.5000_-134.0000,61.5,-134.0,2.8747,Low,0.00068534,Low
61.5000_-133.5000,61.5,-133.5,2.658,Low,0.00083832,Moderate
61.5000_-133.0000,61.5,-133.0,3.322,Low,0.00068534,Low
61.5000_-132.5000,61.5,-132.5,3.3077,Low,0.00068534,Low
61.5000_-132.0000,61.5,-132.0,2.7017,Low,0.00068534,Low
61.5000_-131.5000,61.5,-131.5,3.0011,Low,0.00083832,Moderate
61.5000_-131.0000,61.5,-131.0,2.7571,Low,0.00068534,Low
61.5000_-130.5000,61.5,-130.5,2.1958,Low,0.00068534,Low
61.5000_-130.0000,61.5,-130.0,1.882,Very Low,0.00068534,Low
61.5000_-129.5000,61.5,-129.5,1.0526,Very Low,0.00083832,Moderate
61.5000_-129.0000,61.5,-129.0,1.5895,Very Low,0.00068534,Low
61.5000_-128.5000,61.5,-128.5,1.8638,Very Low,0.00083832,Moderate
61.5000_-128.0000,61.5,-128.0,2.3983,Low,0.00068534,Low
61.5000_-127.5000,61.5,-127.5,3.9632,Low,0.00068534,Low
61.5000_-127.0000,61.5,-127.0,5.3143,Moderate,0.00243473,Moderate
61.5000_-126.5000,61.5,-126.5,3.0794,Low,0.00083832,Moderate
61.5000_-126.0000,61.5,-126.0,5.4121,Moderate,0.01040092,Moderate
61.5000_-125.5000,61.5,-125.5,5.5769,Moderate,0.01649175,High
61.5000_-125.0000,61.5,-125.0,0.5789,Very Low,0.00243473,Moderate
61.5000_-124.5000,61.5,-124.5,0.0173,Very Low,0.00083832,Moderate
61.5000_-124.0000,61.5,-124.0,0.0297,Very Low,0.00083832,Moderate
61.5000_-123.5000,61.5,-123.5,0.0024,Very Low,0.00083832,Moderate
61.5000_-123.0000,61.5,-123.0,0.0142,Very Low,0.00083832,Moderate
61.5000_-122.5000,61.5,-122.5,0.4046,Very Low,0.00139077,Moderate
61.5000_-122.0000,61.5,-122.0,0.1492,Very Low,0.0054932,Moderate
61.5000_-121.5000,61.5,-121.5,0.1866,Very Low,0.0054932,Moderate
61.5000_-121.0000,61.5,-121.0,0.7709,Very Low,0.00632347,Moderate
61.5000_-120.5000,61.5,-120.5,0.2397,Very Low,0.00243473,Moderate
61.5000_-120.0000,61.5,-120.0,0.3207,Very Low,0.00333659,Moderate
61.5000_-119.5000,61.5,-119.5,1.5856,Very Low,0.00333659,Moderate
61.5000_-119.0000,61.5,-119.0,1.7824,Very Low,0.00333659,Moderate
61.5000_-118.5000,61.5,-118.5,5.4814,Moderate,0.0023586,Moderate
61.5000_-118.0000,61.5,-118.0,4.5081,Moderate,0.00355104,Moderate
61.5000_-117.5000,61.5,-117.5,6.9254,Moderate,0.00896526,Moderate
61.5000_-117.0000,61.5,-117.0,6.2876,Moderate,0.0054932,Moderate
61.5000_-116.5000,61.5,-116.5,7.7799,Moderate,0.0054932,Moderate
61.5000_-116.0000,61.5,-116.0,7.8876,Moderate,0.00333659,Moderate
61.5000_-115.5000,61.5,-115.5,1.7416,Very Low,0.00083832,Moderate
61.5000_-115.0000,61.5,-115.0,2.6056,Low,0.00068534,Low
61.5000_-114.5000,61.5,-114.5,4.2419,Moderate,0.00053927,Low
61.5000_-114.0000,61.5,-114.0,8.4981,High,0.00053927,Low
61.5000_-113.5000,61.5,-113.5,9.1648,High,0.0023586,Moderate
61.5000_-113.0000,61.5,-113.0,8.2189,High,0.00333659,Moderate
61.5000_-112.5000,61.5,-112.5,2.8314,Low,0.0054932,Moderate
61.5000_-112.0000,61.5,-112.0,3.0237,Low,0.00611154,Moderate
61.5000_-111.5000,61.5,-111.5,0.7956,Very Low,0.0023586,Moderate
61.5000_-111.0000,61.5,-111.0,2.5371,Low,0.0054932,Moderate
61.5000_-110.5000,61.5,-110.5,2.8749,Low,0.0054932,Moderate
61.5000_-110.0000,61.5,-110.0,5.431,Moderate,0.00333659,Moderate
61.5000_-109.5000,61.5,-109.5,8.8544,High,0.0023586,Moderate
61.5000_-109.0000,61.5,-109.0,3.7982,Low,0.00355104,Moderate
61.5000_-108.5000,61.5,-108.5,5.137,Moderate,0.00140231,Moderate
61.5000_-108.0000,61.5,-108.0,5.5598,Moderate,0.0023586,Moderate
61.5000_-107.5000,61.5,-107.5,5.1089,Moderate,0.0023586,Moderate
61.5000_-107.0000,61.5,-107.0,6.6064,Moderate,0.0023586,Moderate
61.5000_-106.5000,61.5,-106.5,2.4441,Low,0.00105241,Moderate
61.5000_-106.0000,61.5,-106.0,0.834,Very Low,0.0023586,Moderate
61.5000_-105.5000,61.5,-105.5,2.7163,Low,0.00140231,Moderate
61.5000_-105.0000,61.5,-105.0,0.2564,Very Low,0.00083832,Moderate
61.5000_-104.5000,61.5,-104.5,0.4155,Very Low,1.896e-05,Very Low
61.5000_-104.0000,61.5,-104.0,0.8643,Very Low,0.00083832,Moderate
61.5000_-103.5000,61.5,-103.5,0.9067,Very Low,0.00068534,Low
61.5000_-103.0000,61.5,-103.0,0.7237,Very Low,0.00068534,Low
61.5000_-102.5000,61.5,-102.5,0.8927,Very Low,1.896e-05,Very Low
61.5000_-102.0000,61.5,-102.0,0.8356,Very Low,1.896e-05,Very Low
61.5000_-101.5000,61.5,-101.5,0.8095,Very Low,1.896e-05,Very Low
61.5000_-101.0000,61.5,-101.0,0.4961,Very Low,1.896e-05,Very Low
61.5000_-100.5000,61.5,-100.5,0.671,Very Low,1.896e-05,Very Low
61.5000_-100.0000,61.5,-100.0,0.6471,Very Low,1.896e-05,Very Low
61.5000_-99.5000,61.5,-99.5,0.401,Very Low,1.896e-05,Very Low
61.5000_-99.0000,61.5,-99.0,0.5445,Very Low,1.896e-05,Very Low
61.5000_-98.5000,61.5,-98.5,0.5433,Very Low,1.896e-05,Very Low
61.5000_-98.0000,61.5,-98.0,0.244,Very Low,1.896e-05,Very Low
61.5000_-97.5000,61.5,-97.5,0.3746,Very Low,1.896e-05,Very Low
61.5000_-97.0000,61.5,-97.0,0.2788,Very Low,0.0,Very Low
61.5000_-96.5000,61.5,-96.5,0.3067,Very Low,1.896e-05,Very Low
61.5000_-96.0000,61.5,-96.0,0.4892,Very Low,1.896e-05,Very Low
61.5000_-95.5000,61.5,-95.5,0.7063,Very Low,1.896e-05,Very Low
61.5000_-95.0000,61.5,-95.0,0.8928,Very Low,1.896e-05,Very Low
61.5000_-94.5000,61.5,-94.5,1.1684,Very Low,1.896e-05,Very Low
61.5000_-94.0000,61.5,-94.0,2.1083,Low,1.896e-05,Very Low
61.5000_-77.5000,61.5,-77.5,1.8698,Very Low,1.896e-05,Very Low
61.5000_-77.0000,61.5,-77.0,0.7409,Very Low,1.896e-05,Very Low
61.5000_-76.5000,61.5,-76.5,0.2248,Very Low,0.0,Very Low
61.5000_-76.0000,61.5,-76.0,0.1983,Very Low,0.0,Very Low
61.5000_-75.5000,61.5,-75.5,0.1983,Very Low,0.0,Very Low
61.5000_-75.0000,61.5,-75.0,0.1109,Very Low,0.0,Very Low
61.5000_-74.5000,61.5,-74.5,0.2654,Very Low,0.0,Very Low
61.5000_-74.0000,61.5,-74.0,0.1108,Very Low,0.0,Very Low
61.5000_-73.5000,61.5,-73.5,0.1022,Very Low,0.00053927,Low
61.5000_-73.0000,61.5,-73.0,0.4209,Very Low,0.0,Very Low
61.5000_-72.5000,61.5,-72.5,0.7286,Very Low,0.0,Very Low
61.5000_-72.0000,61.5,-72.0,0.148,Very Low,0.0,Very Low
61.5000_-71.5000,61.5,-71.5,0.216,Very Low,0.0,Very Low
61.5000_-65.5000,61.5,-65.5,0.0005,Very Low,0.0,Very Low
61.5000_-65.0000,61.5,-65.0,0.0001,Very Low,0.0,Very Low
61.5000_-64.5000,61.5,-64.5,0.0006,Very Low,0.0,Very Low
62.0000_-141.0000,62.0,-141.0,2.0846,Low,0.00068534,Low
62.0000_-140.5000,62.0,-140.5,6.2497,Moderate,0.00083832,Moderate
62.0000_-140.0000,62.0,-140.0,2.178,Low,0.00068534,Low
62.0000_-139.5000,62.0,-139.5,4.0018,Moderate,0.00083832,Moderate
62.0000_-139.0000,62.0,-139.0,3.8801,Low,0.00083832,Moderate
62.0000_-138.5000,62.0,-138.5,3.6519,Low,0.00355104,Moderate
62.0000_-138.0000,62.0,-138.0,4.3842,Moderate,0.00068534,Low
62.0000_-137.5000,62.0,-137.5,3.3858,Low,0.00083832,Moderate
62.0000_-137.0000,62.0,-137.0,3.0711,Low,0.00083832,Moderate
62.0000_-136.5000,62.0,-136.5,5.6461,Moderate,0.01432781,High
62.0000_-136.0000,62.0,-136.0,3.4335,Low,0.01432781,High
62.0000_-135.5000,62.0,-135.5,3.9066,Low,0.00632347,Moderate
62.0000_-135.0000,62.0,-135.0,4.0628,Moderate,0.00973957,Moderate
62.0000_-134.5000,62.0,-134.5,3.421,Low,0.00083832,Moderate
62.0000_-134.0000,62.0,-134.0,3.0324,Low,0.00083832,Moderate
62.0000_-133.5000,62.0,-133.5,2.6638,Low,0.00068534,Low
62.0000_-133.0000,62.0,-133.0,1.7247,Very Low,0.00083832,Moderate
62.0000_-132.5000,62.0,-132.5,2.3744,Low,0.01250206,High
62.0000_-132.0000,62.0,-132.0,2.7755,Low,0.00355104,Moderate
62.0000_-131.5000,62.0,-131.5,1.9784,Very Low,0.00083832,Moderate
62.0000_-131.0000,62.0,-131.0,2.6885,Low,0.0023586,Moderate
62.0000_-130.5000,62.0,-130.5,1.2337,Very Low,0.00083832,Moderate
62.0000_-130.0000,62.0,-130.0,0.9466,Very Low,0.00068534,Low
62.0000_-129.5000,62.0,-129.5,0.58,Very Low,0.00068534,Low
62.0000_-129.0000,62.0,-129.0,0.96,Very Low,1.896e-05,Very Low
62.0000_-128.5000,62.0,-128.5,2.4335,Low,0.00068534,Low
62.0000_-128.0000,62.0,-128.0,0.8687,Very Low,0.00068534,Low
62.0000_-127.5000,62.0,-127.5,2.0721,Low,0.00083832,Moderate
62.0000_-127.0000,62.0,-127.0,3.8331,Low,0.00083832,Moderate
62.0000_-126.5000,62.0,-126.5,2.7474,Low,0.00586819,Moderate
62.0000_-126.0000,62.0,-126.0,3.2149,Low,0.00139077,Moderate
62.0000_-125.5000,62.0,-125.5,0.5482,Very Low,0.00105241,Moderate
62.0000_-125.0000,62.0,-125.0,0.0681,Very Low,0.00068534,Low
62.0000_-124.5000,62.0,-124.5,0.1788,Very Low,0.00105241,Moderate
62.0000_-124.0000,62.0,-124.0,0.3933,Very Low,0.00586819,Moderate
62.0000_-123.5000,62.0,-123.5,0.2604,Very Low,0.00355104,Moderate
62.0000_-123.0000,62.0,-123.0,0.0007,Very Low,0.00305399,Moderate
62.0000_-122.5000,62.0,-122.5,0.0049,Very Low,0.00333659,Moderate
62.0000_-122.0000,62.0,-122.0,0.626,Very Low,0.00611154,Moderate
62.0000_-121.5000,62.0,-121.5,4.085,Moderate,0.00355104,Moderate
62.0000_-121.0000,62.0,-121.0,3.4156,Low,0.00586819,Moderate
62.0000_-120.5000,62.0,-120.5,1.2218,Very Low,0.00617284,Moderate
62.0000_-120.0000,62.0,-120.0,4.3758,Moderate,0.00333659,Moderate
62.0000_-119.5000,62.0,-119.5,9.4751,High,0.00105241,Moderate
62.0000_-119.0000,62.0,-119.0,9.8312,High,0.00140231,Moderate
62.0000_-118.5000,62.0,-118.5,6.1419,Moderate,0.00140231,Moderate
62.0000_-118.0000,62.0,-118.0,5.9525,Moderate,0.0023586,Moderate
62.0000_-117.5000,62.0,-117.5,5.0717,Moderate,0.00139077,Moderate
62.0000_-117.0000,62.0,-117.0,3.3291,Low,0.00140231,Moderate
62.0000_-116.5000,62.0,-116.5,1.833,Very Low,0.00697906,Moderate
62.0000_-116.0000,62.0,-116.0,0.606,Very Low,0.00632347,Moderate
62.0000_-115.5000,62.0,-115.5,2.6203,Low,0.00243473,Moderate
62.0000_-115.0000,62.0,-115.0,1.707,Very Low,0.0023586,Moderate
62.0000_-114.5000,62.0,-114.5,3.6208,Low,0.00083832,Moderate
62.0000_-114.0000,62.0,-114.0,6.1672,Moderate,0.00083832,Moderate
62.0000_-113.5000,62.0,-113.5,1.7499,Very Low,0.0023586,Moderate
62.0000_-113.0000,62.0,-113.0,4.1892,Moderate,0.0054932,Moderate
62.0000_-112.5000,62.0,-112.5,3.9229,Low,0.0054932,Moderate
62.0000_-112.0000,62.0,-112.0,4.5733,Moderate,0.00105241,Moderate
62.0000_-111.5000,62.0,-111.5,2.202,Low,0.00105241,Moderate
62.0000_-111.0000,62.0,-111.0,3.3584,Low,0.0023586,Moderate
62.0000_-110.5000,62.0,-110.5,4.9545,Moderate,0.0023586,Moderate
62.0000_-110.0000,62.0,-110.0,3.9675,Low,0.0054932,Moderate
62.0000_-109.5000,62.0,-109.5,9.6446,High,0.00139077,Moderate
62.0000_-109.0000,62.0,-109.0,3.1765,Low,0.00139077,Moderate
62.0000_-108.5000,62.0,-108.5,3.3342,Low,0.00083832,Moderate
62.0000_-108.0000,62.0,-108.0,4.1858,Moderate,0.00139077,Moderate
62.0000_-107.5000,62.0,-107.5,2.6859,Low,0.00139077,Moderate
62.0000_-107.0000,62.0,-107.0,3.6829,Low,0.00105241,Moderate
62.0000_-106.5000,62.0,-106.5,2.4673,Low,0.00139077,Moderate
62.0000_-106.0000,62.0,-106.0,0.8339,Very Low,0.00083832,Moderate
62.0000_-105.5000,62.0,-105.5,0.5789,Very Low,0.00083832,Moderate
62.0000_-105.0000,62.0,-105.0,0.7353,Very Low,1.896e-05,Very Low
62.0000_-104.5000,62.0,-104.5,0.5115,Very Low,1.896e-05,Very Low
62.0000_-104.0000,62.0,-104.0,0.4899,Very Low,1.896e-05,Very Low
62.0000_-103.5000,62.0,-103.5,0.7381,Very Low,0.00068534,Low
62.0000_-103.0000,62.0,-103.0,1.725,Very Low,1.896e-05,Very Low
62.0000_-102.5000,62.0,-102.5,1.4514,Very Low,1.896e-05,Very Low
62.0000_-102.0000,62.0,-102.0,1.5085,Very Low,1.896e-05,Very Low
62.0000_-101.5000,62.0,-101.5,0.5929,Very Low,1.896e-05,Very Low
62.0000_-101.0000,62.0,-101.0,0.5085,Very Low,1.896e-05,Very Low
62.0000_-100.5000,62.0,-100.5,0.6299,Very Low,1.896e-05,Very Low
62.0000_-100.0000,62.0,-100.0,0.6633,Very Low,1.896e-05,Very Low
62.0000_-99.5000,62.0,-99.5,0.6898,Very Low,1.896e-05,Very Low
62.0000_-99.0000,62.0,-99.0,0.4366,Very Low,1.896e-05,Very Low
62.0000_-98.5000,62.0,-98.5,0.1519,Very Low,1.896e-05,Very Low
62.0000_-98.0000,62.0,-98.0,0.3062,Very Low,1.896e-05,Very Low
62.0000_-97.5000,62.0,-97.5,0.332,Very Low,1.896e-05,Very Low
62.0000_-97.0000,62.0,-97.0,0.8854,Very Low,1.896e-05,Very Low
62.0000_-96.5000,62.0,-96.5,0.8669,Very Low,1.896e-05,Very Low
62.0000_-96.0000,62.0,-96.0,0.8124,Very Low,1.896e-05,Very Low
62.0000_-95.5000,62.0,-95.5,1.8562,Very Low,1.896e-05,Very Low
62.0000_-95.0000,62.0,-95.0,1.5087,Very Low,1.896e-05,Very Low
62.0000_-94.5000,62.0,-94.5,1.5618,Very Low,1.896e-05,Very Low
62.0000_-94.0000,62.0,-94.0,1.9498,Very Low,1.896e-05,Very Low
62.0000_-93.5000,62.0,-93.5,2.0891,Low,1.896e-05,Very Low
62.0000_-93.0000,62.0,-93.0,0.9821,Very Low,1.896e-05,Very Low
62.0000_-92.5000,62.0,-92.5,1.3426,Very Low,0.0,Very Low
62.0000_-80.0000,62.0,-80.0,6.1217,Moderate,0.0,Very Low
62.0000_-79.5000,62.0,-79.5,5.2929,Moderate,1.896e-05,Very Low
62.0000_-78.0000,62.0,-78.0,1.7013,Very Low,1.896e-05,Very Low
62.0000_-77.5000,62.0,-77.5,0.8871,Very Low,1.896e-05,Very Low
62.0000_-77.0000,62.0,-77.0,0.2667,Very Low,1.896e-05,Very Low
62.0000_-76.5000,62.0,-76.5,0.2865,Very Low,1.896e-05,Very Low
62.0000_-76.0000,62.0,-76.0,0.1966,Very Low,0.0,Very Low
62.0000_-75.5000,62.0,-75.5,0.3435,Very Low,1.896e-05,Very Low
62.0000_-75.0000,62.0,-75.0,0.1774,Very Low,0.0,Very Low
62.0000_-74.5000,62.0,-74.5,0.4715,Very Low,1.896e-05,Very Low
62.0000_-74.0000,62.0,-74.0,0.3823,Very Low,0.0,Very Low
62.0000_-73.5000,62.0,-73.5,0.5184,Very Low,1.896e-05,Very Low
62.0000_-73.0000,62.0,-73.0,1.4947,Very Low,1.896e-05,Very Low
62.0000_-72.5000,62.0,-72.5,0.6167,Very Low,1.896e-05,Very Low
62.0000_-67.0000,62.0,-67.0,0.0013,Very Low,0.0,Very Low
62.0000_-66.5000,62.0,-66.5,0.018,Very Low,0.0,Very Low
62.0000_-66.0000,62.0,-66.0,0.145,Very Low,0.0,Very Low
62.0000_-65.0000,62.0,-65.0,0.0015,Very Low,0.0,Very Low
62.5000_-141.0000,62.5,-141.0,1.4392,Very Low,0.00105241,Moderate
62.5000_-140.5000,62.5,-140.5,2.2455,Low,0.00139077,Moderate
62.5000_-140.0000,62.5,-140.0,2.2075,Low,0.0023586,Moderate
62.5000_-139.5000,62.5,-139.5,2.1978,Low,0.0023586,Moderate
62.5000_-139.0000,62.5,-139.0,3.6676,Low,0.00140231,Moderate
62.5000_-138.5000,62.5,-138.5,1.8405,Very Low,0.00083832,Moderate
62.5000_-138.0000,62.5,-138.0,2.9235,Low,0.00083832,Moderate
62.5000_-137.5000,62.5,-137.5,2.9359,Low,0.0023586,Moderate
62.5000_-137.0000,62.5,-137.0,4.3223,Moderate,0.0054932,Moderate
62.5000_-136.5000,62.5,-136.5,4.8591,Moderate,0.00243473,Moderate
62.5000_-136.0000,62.5,-136.0,4.8229,Moderate,0.00243473,Moderate
62.5000_-135.5000,62.5,-135.5,3.2462,Low,0.00083832,Moderate
62.5000_-135.0000,62.5,-135.0,3.9289,Low,0.00083832,Moderate
62.5000_-134.5000,62.5,-134.5,1.1713,Very Low,0.00068534,Low
62.5000_-134.0000,62.5,-134.0,0.7828,Very Low,0.00068534,Low
62.5000_-133.5000,62.5,-133.5,1.5502,Very Low,0.00068534,Low
62.5000_-133.0000,62.5,-133.0,1.0931,Very Low,0.00068534,Low
62.5000_-132.5000,62.5,-132.5,0.8949,Very Low,0.00083832,Moderate
62.5000_-132.0000,62.5,-132.0,1.5906,Very Low,0.00083832,Moderate
62.5000_-131.5000,62.5,-131.5,0.7929,Very Low,0.00139077,Moderate
62.5000_-131.0000,62.5,-131.0,0.9601,Very Low,0.00083832,Moderate
62.5000_-130.5000,62.5,-130.5,0.8234,Very Low,0.00068534,Low
62.5000_-130.0000,62.5,-130.0,0.3604,Very Low,0.00083832,Moderate
62.5000_-129.5000,62.5,-129.5,0.845,Very Low,0.00068534,Low
62.5000_-129.0000,62.5,-129.0,0.7784,Very Low,0.00068534,Low
62.5000_-128.5000,62.5,-128.5,0.6057,Very Low,0.00068534,Low
62.5000_-128.0000,62.5,-128.0,0.524,Very Low,0.00053927,Low
62.5000_-127.5000,62.5,-127.5,0.6393,Very Low,0.00068534,Low
62.5000_-127.0000,62.5,-127.0,1.5019,Very Low,1.896e-05,Very Low
62.5000_-126.5000,62.5,-126.5,1.4622,Very Low,1.896e-05,Very Low
62.5000_-126.0000,62.5,-126.0,0.027,Very Low,1.896e-05,Very Low
62.5000_-125.5000,62.5,-125.5,0.0748,Very Low,1.896e-05,Very Low
62.5000_-125.0000,62.5,-125.0,0.0111,Very Low,0.00083832,Moderate
62.5000_-124.5000,62.5,-124.5,0.0259,Very Low,0.0023586,Moderate
62.5000_-124.0000,62.5,-124.0,0.0095,Very Low,0.00068534,Low
62.5000_-123.5000,62.5,-123.5,0.0013,Very Low,0.00083832,Moderate
62.5000_-123.0000,62.5,-123.0,0.0308,Very Low,0.00083832,Moderate
62.5000_-122.5000,62.5,-122.5,0.4926,Very Low,0.00333659,Moderate
62.5000_-122.0000,62.5,-122.0,0.2153,Very Low,0.00140231,Moderate
62.5000_-121.5000,62.5,-121.5,0.9321,Very Low,0.00083832,Moderate
62.5000_-121.0000,62.5,-121.0,7.0944,Moderate,0.00105241,Moderate
62.5000_-120.5000,62.5,-120.5,9.0566,High,0.0023586,Moderate
62.5000_-120.0000,62.5,-120.0,10.9383,High,0.00355104,Moderate
62.5000_-119.5000,62.5,-119.5,9.0882,High,0.00305399,Moderate
62.5000_-119.0000,62.5,-119.0,11.8048,High,0.00243473,Moderate
62.5000_-118.5000,62.5,-118.5,7.0725,Moderate,0.00083832,Moderate
62.5000_-118.0000,62.5,-118.0,2.1638,Low,0.00083832,Moderate
62.5000_-117.5000,62.5,-117.5,0.3383,Very Low,0.00105241,Moderate
62.5000_-117.0000,62.5,-117.0,0.8653,Very Low,0.00355104,Moderate
62.5000_-116.5000,62.5,-116.5,0.2247,Very Low,0.00333659,Moderate
62.5000_-116.0000,62.5,-116.0,2.826,Low,0.00355104,Moderate
62.5000_-115.5000,62.5,-115.5,4.75,Moderate,0.00243473,Moderate
62.5000_-115.0000,62.5,-115.0,1.4956,Very Low,0.00586819,Moderate
62.5000_-114.5000,62.5,-114.5,3.2339,Low,0.01996567,High
62.5000_-114.0000,62.5,-114.0,3.7946,Low,0.01377744,High
62.5000_-113.5000,62.5,-113.5,4.6489,Moderate,0.00770915,Moderate
62.5000_-113.0000,62.5,-113.0,5.1473,Moderate,0.00355104,Moderate
62.5000_-112.5000,62.5,-112.5,4.627,Moderate,0.0023586,Moderate
62.5000_-112.0000,62.5,-112.0,3.3408,Low,0.00139077,Moderate
62.5000_-111.5000,62.5,-111.5,7.8208,Moderate,0.0054932,Moderate
62.5000_-111.0000,62.5,-111.0,4.5995,Moderate,0.0023586,Moderate
62.5000_-110.5000,62.5,-110.5,3.3851,Low,0.00140231,Moderate
62.5000_-110.0000,62.5,-110.0,3.7161,Low,0.00140231,Moderate
62.5000_-109.5000,62.5,-109.5,0.7463,Very Low,0.00083832,Moderate
62.5000_-109.0000,62.5,-109.0,0.9877,Very Low,0.00139077,Moderate
62.5000_-108.5000,62.5,-108.5,2.3537,Low,0.00105241,Moderate
62.5000_-108.0000,62.5,-108.0,1.3545,Very Low,0.00083832,Moderate
62.5000_-107.5000,62.5,-107.5,3.1644,Low,0.0023586,Moderate
62.5000_-107.0000,62.5,-107.0,1.6984,Very Low,0.00083832,Moderate
62.5000_-106.5000,62.5,-106.5,1.7272,Very Low,0.00083832,Moderate
62.5000_-106.0000,62.5,-106.0,0.8701,Very Low,0.00068534,Low
62.5000_-105.5000,62.5,-105.5,0.701,Very Low,0.00068534,Low
62.5000_-105.0000,62.5,-105.0,0.452,Very Low,0.00068534,Low
62.5000_-104.5000,62.5,-104.5,0.4254,Very Low,0.00068534,Low
62.5000_-104.0000,62.5,-104.0,0.404,Very Low,0.00068534,Low
62.5000_-103.5000,62.5,-103.5,0.8625,Very Low,0.00068534,Low
62.5000_-103.0000,62.5,-103.0,0.7759,Very Low,0.00068534,Low
62.5000_-102.5000,62.5,-102.5,2.8,Low,1.896e-05,Very Low
62.5000_-102.0000,62.5,-102.0,3.2475,Low,1.896e-05,Very Low
62.5000_-101.5000,62.5,-101.5,1.2637,Very Low,1.896e-05,Very Low
62.5000_-101.0000,62.5,-101.0,1.6763,Very Low,1.896e-05,Very Low
62.5000_-100.5000,62.5,-100.5,0.5972,Very Low,1.896e-05,Very Low
62.5000_-100.0000,62.5,-100.0,0.4887,Very Low,1.896e-05,Very Low
62.5000_-99.5000,62.5,-99.5,0.4644,Very Low,1.896e-05,Very Low
62.5000_-99.0000,62.5,-99.0,0.8618,Very Low,1.896e-05,Very Low
62.5000_-98.5000,62.5,-98.5,2.0531,Low,1.896e-05,Very Low
62.5000_-98.0000,62.5,-98.0,2.4406,Low,1.896e-05,Very Low
62.5000_-97.5000,62.5,-97.5,2.2445,Low,1.896e-05,Very Low
62.5000_-97.0000,62.5,-97.0,2.011,Low,1.896e-05,Very Low
62.5000_-96.5000,62.5,-96.5,1.6541,Very Low,1.896e-05,Very Low
62.5000_-96.0000,62.5,-96.0,1.6586,Very Low,1.896e-05,Very Low
62.5000_-95.5000,62.5,-95.5,1.8365,Very Low,1.896e-05,Very Low
62.5000_-95.0000,62.5,-95.0,1.2958,Very Low,1.896e-05,Very Low
62.5000_-94.5000,62.5,-94.5,1.4196,Very Low,1.896e-05,Very Low
62.5000_-94.0000,62.5,-94.0,0.4759,Very Low,1.896e-05,Very Low
62.5000_-93.5000,62.5,-93.5,0.8441,Very Low,1.896e-05,Very Low
62.5000_-93.0000,62.5,-93.0,0.911,Very Low,1.896e-05,Very Low
62.5000_-92.5000,62.5,-92.5,0.783,Very Low,1.896e-05,Very Low
62.5000_-92.0000,62.5,-92.0,1.6385,Very Low,1.896e-05,Very Low
62.5000_-84.0000,62.5,-84.0,5.069,Moderate,1.896e-05,Very Low
62.5000_-83.5000,62.5,-83.5,3.5271,Low,1.896e-05,Very Low
62.5000_-83.0000,62.5,-83.0,2.73,Low,1.896e-05,Very Low
62.5000_-82.5000,62.5,-82.5,2.6513,Low,1.896e-05,Very Low
62.5000_-79.5000,62.5,-79.5,1.4696,Very Low,1.896e-05,Very Low
62.5000_-78.0000,62.5,-78.0,1.3309,Very Low,1.896e-05,Very Low
62.5000_-77.5000,62.5,-77.5,0.1572,Very Low,1.896e-05,Very Low
62.5000_-77.0000,62.5,-77.0,0.1586,Very Low,1.896e-05,Very Low
62.5000_-76.5000,62.5,-76.5,0.9715,Very Low,1.896e-05,Very Low
62.5000_-74.0000,62.5,-74.0,1.4547,Very Low,1.896e-05,Very Low
62.5000_-73.5000,62.5,-73.5,2.2051,Low,1.896e-05,Very Low
62.5000_-70.5000,62.5,-70.5,0.7248,Very Low,1.896e-05,Very Low
62.5000_-69.5000,62.5,-69.5,0.3084,Very Low,0.0,Very Low
62.5000_-69.0000,62.5,-69.0,0.2456,Very Low,0.0,Very Low
62.5000_-68.5000,62.5,-68.5,0.5225,Very Low,1.896e-05,Very Low
62.5000_-68.0000,62.5,-68.0,2.195,Low,1.896e-05,Very Low
62.5000_-67.5000,62.5,-67.5,0.9536,Very Low,1.896e-05,Very Low
62.5000_-67.0000,62.5,-67.0,0.022,Very Low,0.0,Very Low
62.5000_-66.5000,62.5,-66.5,0.2913,Very Low,0.0,Very Low
62.5000_-65.0000,62.5,-65.0,0.0322,Very Low,0.0,Very Low
62.5000_-64.5000,62.5,-64.5,0.0071,Very Low,0.0,Very Low
63.0000_-141.0000,63.0,-141.0,0.3948,Very Low,0.00083832,Moderate
63.0000_-140.5000,63.0,-140.5,0.6004,Very Low,0.00083832,Moderate
63.0000_-140.0000,63.0,-140.0,1.586,Very Low,0.00932712,Moderate
63.0000_-139.5000,63.0,-139.5,0.9504,Very Low,0.0054932,Moderate
63.0000_-139.0000,63.0,-139.0,1.743,Very Low,0.00586819,Moderate
63.0000_-138.5000,63.0,-138.5,3.119,Low,0.0054932,Moderate
63.0000_-138.0000,63.0,-138.0,2.5515,Low,0.00083832,Moderate
63.0000_-137.5000,63.0,-137.5,1.9916,Very Low,0.00105241,Moderate
63.0000_-137.0000,63.0,-137.0,2.4911,Low,0.0023586,Moderate
63.0000_-136.5000,63.0,-136.5,0.8757,Very Low,0.0054932,Moderate
63.0000_-136.0000,63.0,-136.0,1.0943,Very Low,0.00140231,Moderate
63.0000_-135.5000,63.0,-135.5,0.9358,Very Low,0.00083832,Moderate
63.0000_-135.0000,63.0,-135.0,2.29,Low,0.00083832,Moderate
63.0000_-134.5000,63.0,-134.5,2.2659,Low,0.00083832,Moderate
63.0000_-134.0000,63.0,-134.0,1.129,Very Low,0.00083832,Moderate
63.0000_-133.5000,63.0,-133.5,1.234,Very Low,0.00083832,Moderate
63.0000_-133.0000,63.0,-133.0,0.4327,Very Low,0.00068534,Low
63.0000_-132.5000,63.0,-132.5,0.2241,Very Low,0.00068534,Low
63.0000_-132.0000,63.0,-132.0,0.231,Very Low,0.00068534,Low
63.0000_-131.5000,63.0,-131.5,0.3195,Very Low,0.00068534,Low
63.0000_-131.0000,63.0,-131.0,0.7818,Very Low,0.00068534,Low
63.0000_-130.5000,63.0,-130.5,0.8105,Very Low,0.00068534,Low
63.0000_-130.0000,63.0,-130.0,0.2476,Very Low,1.896e-05,Very Low
63.0000_-129.5000,63.0,-129.5,0.5686,Very Low,0.00015106,Low
63.0000_-129.0000,63.0,-129.0,1.7753,Very Low,1.896e-05,Very Low
63.0000_-128.5000,63.0,-128.5,1.2552,Very Low,1.896e-05,Very Low
63.0000_-128.0000,63.0,-128.0,0.5846,Very Low,0.00053927,Low
63.0000_-127.5000,63.0,-127.5,0.4339,Very Low,1.896e-05,Very Low
63.0000_-127.0000,63.0,-127.0,0.6631,Very Low,0.00068534,Low
63.0000_-126.5000,63.0,-126.5,0.0176,Very Low,0.00053927,Low
63.0000_-126.0000,63.0,-126.0,0.0001,Very Low,1.896e-05,Very Low
63.0000_-125.5000,63.0,-125.5,0.0,Very Low,0.00068534,Low
63.0000_-125.0000,63.0,-125.0,0.0001,Very Low,0.00068534,Low
63.0000_-124.5000,63.0,-124.5,0.0005,Very Low,0.00053927,Low
63.0000_-124.0000,63.0,-124.0,0.0316,Very Low,0.00140231,Moderate
63.0000_-123.5000,63.0,-123.5,0.0404,Very Low,0.00068534,Low
63.0000_-123.0000,63.0,-123.0,0.0083,Very Low,0.00083832,Moderate
63.0000_-122.5000,63.0,-122.5,1.2213,Very Low,0.00083832,Moderate
63.0000_-122.0000,63.0,-122.0,2.6107,Low,0.00139077,Moderate
63.0000_-121.5000,63.0,-121.5,6.586,Moderate,0.0023586,Moderate
63.0000_-121.0000,63.0,-121.0,9.0981,High,0.00243473,Moderate
63.0000_-120.5000,63.0,-120.5,9.0215,High,0.00083832,Moderate
63.0000_-120.0000,63.0,-120.0,5.1209,Moderate,0.00243473,Moderate
63.0000_-119.5000,63.0,-119.5,3.8541,Low,0.00305399,Moderate
63.0000_-119.0000,63.0,-119.0,4.8056,Moderate,0.00139077,Moderate
63.0000_-118.5000,63.0,-118.5,2.3555,Low,0.00083832,Moderate
63.0000_-118.0000,63.0,-118.0,0.3997,Very Low,0.0023586,Moderate
63.0000_-117.5000,63.0,-117.5,1.9136,Very Low,0.00333659,Moderate
63.0000_-117.0000,63.0,-117.0,2.524,Low,0.00355104,Moderate
63.0000_-116.5000,63.0,-116.5,0.2024,Very Low,0.00355104,Moderate
63.0000_-116.0000,63.0,-116.0,0.7556,Very Low,0.0054932,Moderate
63.0000_-115.5000,63.0,-115.5,0.9264,Very Low,0.00333659,Moderate
63.0000_-115.0000,63.0,-115.0,3.9478,Low,0.00932712,Moderate
63.0000_-114.5000,63.0,-114.5,8.0766,High,0.00632347,Moderate
63.0000_-114.0000,63.0,-114.0,5.4386,Moderate,0.00243473,Moderate
63.0000_-113.5000,63.0,-113.5,4.0381,Moderate,0.0023586,Moderate
63.0000_-113.0000,63.0,-113.0,5.5699,Moderate,0.00243473,Moderate
63.0000_-112.5000,63.0,-112.5,4.3839,Moderate,0.0023586,Moderate
63.0000_-112.0000,63.0,-112.0,4.7933,Moderate,0.0023586,Moderate
63.0000_-111.5000,63.0,-111.5,2.7116,Low,0.00140231,Moderate
63.0000_-111.0000,63.0,-111.0,2.3476,Low,0.00068534,Low
63.0000_-110.5000,63.0,-110.5,2.1072,Low,0.00068534,Low
63.0000_-110.0000,63.0,-110.0,2.5838,Low,0.0023586,Moderate
63.0000_-109.5000,63.0,-109.5,4.1382,Moderate,0.00083832,Moderate
63.0000_-109.0000,63.0,-109.0,3.153,Low,0.00105241,Moderate
63.0000_-108.5000,63.0,-108.5,2.5678,Low,0.00139077,Moderate
63.0000_-108.0000,63.0,-108.0,4.0228,Moderate,0.00083832,Moderate
63.0000_-107.5000,63.0,-107.5,1.1945,Very Low,0.00083832,Moderate
63.0000_-107.0000,63.0,-107.0,3.529,Low,0.00018179,Low
63.0000_-106.5000,63.0,-106.5,2.6326,Low,0.00083832,Moderate
63.0000_-106.0000,63.0,-106.0,2.3569,Low,0.00068534,Low
63.0000_-105.5000,63.0,-105.5,0.938,Very Low,0.00068534,Low
63.0000_-105.0000,63.0,-105.0,2.1525,Low,0.00068534,Low
63.0000_-104.5000,63.0,-104.5,0.4277,Very Low,0.00068534,Low
63.0000_-104.0000,63.0,-104.0,0.3716,Very Low,0.00053927,Low
63.0000_-103.5000,63.0,-103.5,0.6218,Very Low,0.00068534,Low
63.0000_-103.0000,63.0,-103.0,0.4472,Very Low,0.00068534,Low
63.0000_-102.5000,63.0,-102.5,0.5421,Very Low,0.00068534,Low
63.0000_-102.0000,63.0,-102.0,0.4918,Very Low,0.00068534,Low
63.0000_-101.5000,63.0,-101.5,0.3169,Very Low,1.896e-05,Very Low
63.0000_-101.0000,63.0,-101.0,0.5862,Very Low,1.896e-05,Very Low
63.0000_-100.5000,63.0,-100.5,2.0443,Low,1.896e-05,Very Low
63.0000_-100.0000,63.0,-100.0,3.7935,Low,1.896e-05,Very Low
63.0000_-99.5000,63.0,-99.5,3.1596,Low,1.896e-05,Very Low
63.0000_-99.0000,63.0,-99.0,1.2252,Very Low,1.896e-05,Very Low
63.0000_-98.5000,63.0,-98.5,2.1409,Low,1.896e-05,Very Low
63.0000_-98.0000,63.0,-98.0,2.6059,Low,1.896e-05,Very Low
63.0000_-97.5000,63.0,-97.5,2.4642,Low,1.896e-05,Very Low
63.0000_-97.0000,63.0,-97.0,1.7942,Very Low,1.896e-05,Very Low
63.0000_-96.5000,63.0,-96.5,0.9496,Very Low,1.896e-05,Very Low
63.0000_-96.0000,63.0,-96.0,0.6991,Very Low,1.896e-05,Very Low
63.0000_-95.5000,63.0,-95.5,0.758,Very Low,1.896e-05,Very Low
63.0000_-95.0000,63.0,-95.0,0.7813,Very Low,0.00018179,Low
63.0000_-94.5000,63.0,-94.5,0.8621,Very Low,1.896e-05,Very Low
63.0000_-94.0000,63.0,-94.0,1.1005,Very Low,1.896e-05,Very Low
63.0000_-93.5000,63.0,-93.5,1.2819,Very Low,1.896e-05,Very Low
63.0000_-93.0000,63.0,-93.0,0.9213,Very Low,1.896e-05,Very Low
63.0000_-92.5000,63.0,-92.5,1.6264,Very Low,1.896e-05,Very Low
63.0000_-92.0000,63.0,-92.0,2.5901,Low,1.896e-05,Very Low
63.0000_-91.5000,63.0,-91.5,3.5541,Low,1.896e-05,Very Low
63.0000_-91.0000,63.0,-91.0,5.4977,Moderate,1.896e-05,Very Low
63.0000_-90.5000,63.0,-90.5,5.1565,Moderate,1.896e-05,Very Low
63.0000_-82.5000,63.0,-82.5,6.172,Moderate,1.896e-05,Very Low
63.0000_-82.0000,63.0,-82.0,5.2749,Moderate,1.896e-05,Very Low
63.0000_-78.0000,63.0,-78.0,0.7907,Very Low,1.896e-05,Very Low
63.0000_-71.5000,63.0,-71.5,2.3919,Low,0.0,Very Low
63.0000_-71.0000,63.0,-71.0,4.3761,Moderate,1.896e-05,Very Low
63.0000_-70.5000,63.0,-70.5,3.437,Low,1.896e-05,Very Low
63.0000_-70.0000,63.0,-70.0,2.318,Low,1.896e-05,Very Low
63.0000_-69.5000,63.0,-69.5,1.0325,Very Low,1.896e-05,Very Low
63.0000_-69.0000,63.0,-69.0,0.3012,Very Low,0.0,Very Low
63.0000_-68.5000,63.0,-68.5,0.2088,Very Low,0.0,Very Low
63.0000_-68.0000,63.0,-68.0,0.7568,Very Low,0.0,Very Low
63.0000_-67.5000,63.0,-67.5,0.5507,Very Low,0.0,Very Low
63.0000_-67.0000,63.0,-67.0,0.1921,Very Low,0.0,Very Low
63.0000_-66.5000,63.0,-66.5,0.3128,Very Low,0.0,Very Low
63.0000_-66.0000,63.0,-66.0,0.6469,Very Low,1.896e-05,Very Low
63.0000_-65.5000,63.0,-65.5,0.0051,Very Low,0.0,Very Low
63.0000_-65.0000,63.0,-65.0,0.1329,Very Low,0.0,Very Low
63.5000_-141.0000,63.5,-141.0,0.6881,Very Low,0.00105241,Moderate
63.5000_-140.5000,63.5,-140.5,1.4346,Very Low,0.00305399,Moderate
63.5000_-140.0000,63.5,-140.0,2.2515,Low,0.00932712,Moderate
63.5000_-139.5000,63.5,-139.5,2.2113,Low,0.01102536,High
63.5000_-139.0000,63.5,-139.0,1.7026,Very Low,0.0023586,Moderate
63.5000_-138.5000,63.5,-138.5,2.2859,Low,0.00333659,Moderate
63.5000_-138.0000,63.5,-138.0,0.9678,Very Low,0.00139077,Moderate
63.5000_-137.5000,63.5,-137.5,0.6764,Very Low,0.00083832,Moderate
63.5000_-137.0000,63.5,-137.0,1.504,Very Low,0.00243473,Moderate
63.5000_-136.5000,63.5,-136.5,0.5929,Very Low,0.00557103,Moderate
63.5000_-136.0000,63.5,-136.0,1.8565,Very Low,0.01996567,High
63.5000_-135.5000,63.5,-135.5,0.6079,Very Low,0.0054932,Moderate
63.5000_-135.0000,63.5,-135.0,1.3258,Very Low,0.00305399,Moderate
63.5000_-134.5000,63.5,-134.5,1.9592,Very Low,0.00083832,Moderate
63.5000_-134.0000,63.5,-134.0,2.476,Low,0.00083832,Moderate
63.5000_-133.5000,63.5,-133.5,1.8346,Very Low,0.00083832,Moderate
63.5000_-133.0000,63.5,-133.0,0.3938,Very Low,0.00083832,Moderate
63.5000_-132.5000,63.5,-132.5,0.333,Very Low,0.00068534,Low
63.5000_-132.0000,63.5,-132.0,0.5613,Very Low,0.00068534,Low
63.5000_-131.5000,63.5,-131.5,0.1015,Very Low,0.00068534,Low
63.5000_-131.0000,63.5,-131.0,0.0633,Very Low,0.00053927,Low
63.5000_-130.5000,63.5,-130.5,0.1649,Very Low,0.00053927,Low
63.5000_-130.0000,63.5,-130.0,0.2104,Very Low,0.0,Very Low
63.5000_-129.5000,63.5,-129.5,0.3309,Very Low,1.896e-05,Very Low
63.5000_-129.0000,63.5,-129.0,0.4938,Very Low,0.0,Very Low
63.5000_-128.5000,63.5,-128.5,0.8921,Very Low,1.896e-05,Very Low
63.5000_-128.0000,63.5,-128.0,0.7041,Very Low,1.896e-05,Very Low
63.5000_-127.5000,63.5,-127.5,0.0524,Very Low,1.896e-05,Very Low
63.5000_-127.0000,63.5,-127.0,0.0003,Very Low,0.00068534,Low
63.5000_-126.5000,63.5,-126.5,0.0001,Very Low,0.00068534,Low
63.5000_-126.0000,63.5,-126.0,0.0001,Very Low,0.00053927,Low
63.5000_-125.5000,63.5,-125.5,0.0001,Very Low,0.00083832,Moderate
63.5000_-125.0000,63.5,-125.0,0.0002,Very Low,0.00068534,Low
63.5000_-124.5000,63.5,-124.5,0.0118,Very Low,0.00068534,Low
63.5000_-124.0000,63.5,-124.0,0.0391,Very Low,0.00068534,Low
63.5000_-123.5000,63.5,-123.5,0.4272,Very Low,0.00185644,Moderate
63.5000_-123.0000,63.5,-123.0,0.8256,Very Low,0.00140231,Moderate
63.5000_-122.5000,63.5,-122.5,2.9417,Low,0.00083832,Moderate
63.5000_-122.0000,63.5,-122.0,6.0474,Moderate,0.0023586,Moderate
63.5000_-121.5000,63.5,-121.5,3.0379,Low,0.00243473,Moderate
63.5000_-121.0000,63.5,-121.0,1.4035,Very Low,0.00083832,Moderate
63.5000_-120.5000,63.5,-120.5,2.5854,Low,0.00305399,Moderate
63.5000_-120.0000,63.5,-120.0,4.0751,Moderate,0.00141978,Moderate
63.5000_-119.5000,63.5,-119.5,3.7635,Low,0.00141978,Moderate
63.5000_-119.0000,63.5,-119.0,2.4346,Low,0.00243473,Moderate
63.5000_-118.5000,63.5,-118.5,4.7035,Moderate,0.00083832,Moderate
63.5000_-118.0000,63.5,-118.0,5.3688,Moderate,0.0023586,Moderate
63.5000_-117.5000,63.5,-117.5,1.7006,Very Low,0.00243473,Moderate
63.5000_-117.0000,63.5,-117.0,2.1064,Low,0.00333659,Moderate
63.5000_-116.5000,63.5,-116.5,4.5522,Moderate,0.00333659,Moderate
63.5000_-116.0000,63.5,-116.0,4.2675,Moderate,0.00770915,Moderate
63.5000_-115.5000,63.5,-115.5,5.5498,Moderate,0.00355104,Moderate
63.5000_-115.0000,63.5,-115.0,4.3485,Moderate,0.00305399,Moderate
63.5000_-114.5000,63.5,-114.5,3.963,Low,0.00139077,Moderate
63.5000_-114.0000,63.5,-114.0,3.4185,Low,0.00355104,Moderate
63.5000_-113.5000,63.5,-113.5,2.7471,Low,0.00140231,Moderate
63.5000_-113.0000,63.5,-113.0,3.9977,Low,0.00105241,Moderate
63.5000_-112.5000,63.5,-112.5,4.1441,Moderate,0.0023586,Moderate
63.5000_-112.0000,63.5,-112.0,3.0957,Low,0.00185644,Moderate
63.5000_-111.5000,63.5,-111.5,2.5202,Low,0.00105241,Moderate
63.5000_-111.0000,63.5,-111.0,3.0855,Low,0.00083832,Moderate
63.5000_-110.5000,63.5,-110.5,2.0708,Low,0.00053927,Low
63.5000_-110.0000,63.5,-110.0,3.2495,Low,0.00083832,Moderate
63.5000_-109.5000,63.5,-109.5,1.6758,Very Low,0.00015106,Low
63.5000_-109.0000,63.5,-109.0,3.1484,Low,0.00053927,Low
63.5000_-108.5000,63.5,-108.5,2.0155,Low,0.00018179,Low
63.5000_-108.0000,63.5,-108.0,2.4753,Low,0.00015106,Low
63.5000_-107.5000,63.5,-107.5,3.5504,Low,0.00018179,Low
63.5000_-107.0000,63.5,-107.0,3.1945,Low,0.00018179,Low
63.5000_-106.5000,63.5,-106.5,3.3126,Low,0.00105241,Moderate
63.5000_-106.0000,63.5,-106.0,3.5734,Low,0.00083832,Moderate
63.5000_-105.5000,63.5,-105.5,3.3322,Low,0.00053927,Low
63.5000_-105.0000,63.5,-105.0,1.5085,Very Low,1.896e-05,Very Low
63.5000_-104.5000,63.5,-104.5,2.1494,Low,0.00139077,Moderate
63.5000_-104.0000,63.5,-104.0,1.5108,Very Low,0.0023586,Moderate
63.5000_-103.5000,63.5,-103.5,0.2475,Very Low,0.0023586,Moderate
63.5000_-103.0000,63.5,-103.0,0.4201,Very Low,0.00068534,Low
63.5000_-102.5000,63.5,-102.5,0.7492,Very Low,0.00083832,Moderate
63.5000_-102.0000,63.5,-102.0,1.9676,Very Low,7.416e-05,Low
63.5000_-101.5000,63.5,-101.5,2.0359,Low,1.896e-05,Very Low
63.5000_-101.0000,63.5,-101.0,2.7404,Low,1.896e-05,Very Low
63.5000_-100.5000,63.5,-100.5,2.7336,Low,1.896e-05,Very Low
63.5000_-100.0000,63.5,-100.0,3.9024,Low,1.896e-05,Very Low
63.5000_-99.5000,63.5,-99.5,2.8441,Low,1.896e-05,Very Low
63.5000_-99.0000,63.5,-99.0,1.1402,Very Low,1.896e-05,Very Low
63.5000_-98.5000,63.5,-98.5,0.4672,Very Low,1.896e-05,Very Low
63.5000_-98.0000,63.5,-98.0,0.6108,Very Low,1.896e-05,Very Low
63.5000_-97.5000,63.5,-97.5,0.4527,Very Low,1.896e-05,Very Low
63.5000_-97.0000,63.5,-97.0,0.6536,Very Low,1.896e-05,Very Low
63.5000_-96.5000,63.5,-96.5,0.3789,Very Low,1.896e-05,Very Low
63.5000_-96.0000,63.5,-96.0,0.7627,Very Low,1.896e-05,Very Low
63.5000_-95.5000,63.5,-95.5,0.5912,Very Low,1.896e-05,Very Low
63.5000_-95.0000,63.5,-95.0,0.7521,Very Low,1.896e-05,Very Low
63.5000_-94.5000,63.5,-94.5,0.822,Very Low,1.896e-05,Very Low
63.5000_-94.0000,63.5,-94.0,1.8391,Very Low,1.896e-05,Very Low
63.5000_-93.5000,63.5,-93.5,1.9159,Very Low,1.896e-05,Very Low
63.5000_-93.0000,63.5,-93.0,2.0528,Low,1.896e-05,Very Low
63.5000_-92.5000,63.5,-92.5,2.3989,Low,1.896e-05,Very Low
63.5000_-92.0000,63.5,-92.0,2.7422,Low,1.896e-05,Very Low
63.5000_-91.5000,63.5,-91.5,5.4848,Moderate,1.896e-05,Very Low
63.5000_-91.0000,63.5,-91.0,5.6411,Moderate,1.896e-05,Very Low
63.5000_-90.5000,63.5,-90.5,5.752,Moderate,1.896e-05,Very Low
63.5000_-87.0000,63.5,-87.0,6.3107,Moderate,1.896e-05,Very Low
63.5000_-85.5000,63.5,-85.5,4.8136,Moderate,1.896e-05,Very Low
63.5000_-85.0000,63.5,-85.0,5.8349,Moderate,1.896e-05,Very Low
63.5000_-84.5000,63.5,-84.5,6.1408,Moderate,1.896e-05,Very Low
63.5000_-81.5000,63.5,-81.5,4.2201,Moderate,1.896e-05,Very Low
63.5000_-81.0000,63.5,-81.0,3.9211,Low,1.896e-05,Very Low
63.5000_-78.5000,63.5,-78.5,0.4961,Very Low,1.896e-05,Very Low
63.5000_-78.0000,63.5,-78.0,0.0692,Very Low,0.0,Very Low
63.5000_-77.0000,63.5,-77.0,4.1404,Moderate,1.896e-05,Very Low
63.5000_-76.5000,63.5,-76.5,3.6981,Low,1.896e-05,Very Low
63.5000_-72.0000,63.5,-72.0,2.3806,Low,0.0,Very Low
63.5000_-71.5000,63.5,-71.5,3.7065,Low,0.0,Very Low
63.5000_-71.0000,63.5,-71.0,7.1385,Moderate,1.896e-05,Very Low
63.5000_-70.5000,63.5,-70.5,7.0241,Moderate,7.416e-05,Low
63.5000_-70.0000,63.5,-70.0,6.0173,Moderate,1.896e-05,Very Low
63.5000_-69.5000,63.5,-69.5,3.4475,Low,1.896e-05,Very Low
63.5000_-69.0000,63.5,-69.0,0.7699,Very Low,0.0,Very Low
63.5000_-68.5000,63.5,-68.5,0.5609,Very Low,0.0,Very Low
63.5000_-68.0000,63.5,-68.0,1.1309,Very Low,1.896e-05,Very Low
63.5000_-67.5000,63.5,-67.5,0.5487,Very Low,1.896e-05,Very Low
63.5000_-67.0000,63.5,-67.0,1.5987,Very Low,1.896e-05,Very Low
63.5000_-66.5000,63.5,-66.5,3.0577,Low,1.896e-05,Very Low
63.5000_-66.0000,63.5,-66.0,1.3535,Very Low,1.896e-05,Very Low
63.5000_-65.5000,63.5,-65.5,0.4628,Very Low,0.0,Very Low
63.5000_-65.0000,63.5,-65.0,0.215,Very Low,0.0,Very Low
63.5000_-64.5000,63.5,-64.5,0.114,Very Low,0.0,Very Low
63.5000_-64.0000,63.5,-64.0,0.0744,Very Low,0.0,Very Low
64.0000_-141.0000,64.0,-141.0,0.4129,Very Low,0.00053927,Low
64.0000_-140.5000,64.0,-140.5,0.5099,Very Low,0.00243473,Moderate
64.0000_-140.0000,64.0,-140.0,0.5361,Very Low,0.00770915,Moderate
64.0000_-139.5000,64.0,-139.5,0.5667,Very Low,0.01377744,High
64.0000_-139.0000,64.0,-139.0,0.5904,Very Low,0.02154918,High
64.0000_-138.5000,64.0,-138.5,0.8403,Very Low,0.00333659,Moderate
64.0000_-138.0000,64.0,-138.0,0.5426,Very Low,0.00105241,Moderate
64.0000_-137.5000,64.0,-137.5,0.4374,Very Low,0.00105241,Moderate
64.0000_-137.0000,64.0,-137.0,0.5963,Very Low,0.00105241,Moderate
64.0000_-136.5000,64.0,-136.5,0.9048,Very Low,0.0023586,Moderate
64.0000_-136.0000,64.0,-136.0,0.706,Very Low,0.0023586,Moderate
64.0000_-135.5000,64.0,-135.5,0.7534,Very Low,0.00305399,Moderate
64.0000_-135.0000,64.0,-135.0,0.7418,Very Low,0.0023586,Moderate
64.0000_-134.5000,64.0,-134.5,0.4376,Very Low,0.00243473,Moderate
64.0000_-134.0000,64.0,-134.0,0.8534,Very Low,0.00139077,Moderate
64.0000_-133.5000,64.0,-133.5,0.4893,Very Low,0.00083832,Moderate
64.0000_-133.0000,64.0,-133.0,0.5076,Very Low,0.00105241,Moderate
64.0000_-132.5000,64.0,-132.5,0.0546,Very Low,0.00068534,Low
64.0000_-132.0000,64.0,-132.0,0.0253,Very Low,1.896e-05,Very Low
64.0000_-131.5000,64.0,-131.5,0.041,Very Low,7.416e-05,Low
64.0000_-131.0000,64.0,-131.0,0.0981,Very Low,0.0,Very Low
64.0000_-130.5000,64.0,-130.5,0.2245,Very Low,0.0,Very Low
64.0000_-130.0000,64.0,-130.0,0.3074,Very Low,0.00068534,Low
64.0000_-129.5000,64.0,-129.5,0.4082,Very Low,0.00068534,Low
64.0000_-129.0000,64.0,-129.0,0.0311,Very Low,0.0,Very Low
64.0000_-128.5000,64.0,-128.5,0.1509,Very Low,1.896e-05,Very Low
64.0000_-128.0000,64.0,-128.0,0.0151,Very Low,0.00053927,Low
64.0000_-127.5000,64.0,-127.5,0.0254,Very Low,0.00068534,Low
64.0000_-127.0000,64.0,-127.0,0.0008,Very Low,1.896e-05,Very Low
64.0000_-126.5000,64.0,-126.5,0.0,Very Low,0.00053927,Low
64.0000_-126.0000,64.0,-126.0,0.0001,Very Low,0.00068534,Low
64.0000_-125.5000,64.0,-125.5,0.0007,Very Low,0.00068534,Low
64.0000_-125.0000,64.0,-125.0,0.0026,Very Low,0.00083832,Moderate
64.0000_-124.5000,64.0,-124.5,0.0343,Very Low,0.00068534,Low
64.0000_-124.0000,64.0,-124.0,0.4351,Very Low,0.00083832,Moderate
64.0000_-123.5000,64.0,-123.5,0.344,Very Low,0.00083832,Moderate
64.0000_-123.0000,64.0,-123.0,0.8351,Very Low,0.00068534,Low
64.0000_-122.5000,64.0,-122.5,1.3311,Very Low,0.00068534,Low
64.0000_-122.0000,64.0,-122.0,1.7331,Very Low,0.00083832,Moderate
64.0000_-121.5000,64.0,-121.5,2.6521,Low,0.00068534,Low
64.0000_-121.0000,64.0,-121.0,2.7844,Low,0.00105241,Moderate
64.0000_-120.5000,64.0,-120.5,3.1622,Low,0.00139077,Moderate
64.0000_-120.0000,64.0,-120.0,4.1333,Moderate,0.00305399,Moderate
64.0000_-119.5000,64.0,-119.5,2.1291,Low,0.00083832,Moderate
64.0000_-119.0000,64.0,-119.0,5.4122,Moderate,0.00139077,Moderate
64.0000_-118.5000,64.0,-118.5,3.7862,Low,0.00355104,Moderate
64.0000_-118.0000,64.0,-118.0,0.6226,Very Low,0.00105241,Moderate
64.0000_-117.5000,64.0,-117.5,2.7168,Low,0.00333659,Moderate
64.0000_-117.0000,64.0,-117.0,2.9028,Low,0.00185644,Moderate
64.0000_-116.5000,64.0,-116.5,3.1458,Low,0.00139077,Moderate
64.0000_-116.0000,64.0,-116.0,3.1734,Low,0.00141978,Moderate
64.0000_-115.5000,64.0,-115.5,0.5078,Very Low,0.0023586,Moderate
64.0000_-115.0000,64.0,-115.0,0.6275,Very Low,0.00333659,Moderate
64.0000_-114.5000,64.0,-114.5,0.3282,Very Low,0.00355104,Moderate
64.0000_-114.0000,64.0,-114.0,3.61,Low,0.00586819,Moderate
64.0000_-113.5000,64.0,-113.5,4.2547,Moderate,0.00243473,Moderate
64.0000_-113.0000,64.0,-113.0,2.8438,Low,0.00243473,Moderate
64.0000_-112.5000,64.0,-112.5,0.5077,Very Low,0.00068534,Low
64.0000_-112.0000,64.0,-112.0,1.7096,Very Low,0.00083832,Moderate
64.0000_-111.5000,64.0,-111.5,2.6296,Low,0.00053927,Low
64.0000_-111.0000,64.0,-111.0,0.8332,Very Low,0.00068534,Low
64.0000_-110.5000,64.0,-110.5,1.0769,Very Low,1.896e-05,Very Low
64.0000_-110.0000,64.0,-110.0,1.5416,Very Low,1.896e-05,Very Low
64.0000_-109.5000,64.0,-109.5,2.3574,Low,0.00018179,Low
64.0000_-109.0000,64.0,-109.0,1.7797,Very Low,7.416e-05,Low
64.0000_-108.5000,64.0,-108.5,1.3313,Very Low,1.896e-05,Very Low
64.0000_-108.0000,64.0,-108.0,1.5292,Very Low,1.896e-05,Very Low
64.0000_-107.5000,64.0,-107.5,2.3233,Low,0.00140231,Moderate
64.0000_-107.0000,64.0,-107.0,1.9303,Very Low,0.00083832,Moderate
64.0000_-106.5000,64.0,-106.5,2.5955,Low,0.00083832,Moderate
64.0000_-106.0000,64.0,-106.0,0.927,Very Low,0.00018179,Low
64.0000_-105.5000,64.0,-105.5,0.9881,Very Low,0.00053927,Low
64.0000_-105.0000,64.0,-105.0,2.5348,Low,0.00053927,Low
64.0000_-104.5000,64.0,-104.5,0.9076,Very Low,0.00053927,Low
64.0000_-104.0000,64.0,-104.0,1.1997,Very Low,0.00053927,Low
64.0000_-103.5000,64.0,-103.5,0.999,Very Low,0.00243473,Moderate
64.0000_-103.0000,64.0,-103.0,1.7887,Very Low,0.00053927,Low
64.0000_-102.5000,64.0,-102.5,0.7786,Very Low,0.00053927,Low
64.0000_-102.0000,64.0,-102.0,0.5274,Very Low,1.896e-05,Very Low
64.0000_-101.5000,64.0,-101.5,0.3602,Very Low,1.896e-05,Very Low
64.0000_-101.0000,64.0,-101.0,0.534,Very Low,1.896e-05,Very Low
64.0000_-100.5000,64.0,-100.5,0.5358,Very Low,1.896e-05,Very Low
64.0000_-100.0000,64.0,-100.0,0.5416,Very Low,1.896e-05,Very Low
64.0000_-99.5000,64.0,-99.5,0.4866,Very Low,1.896e-05,Very Low
64.0000_-99.0000,64.0,-99.0,0.5369,Very Low,1.896e-05,Very Low
64.0000_-98.5000,64.0,-98.5,0.5509,Very Low,1.896e-05,Very Low
64.0000_-98.0000,64.0,-98.0,0.6862,Very Low,1.896e-05,Very Low
64.0000_-97.5000,64.0,-97.5,0.5289,Very Low,1.896e-05,Very Low
64.0000_-97.0000,64.0,-97.0,0.4613,Very Low,1.896e-05,Very Low
64.0000_-96.5000,64.0,-96.5,1.1194,Very Low,1.896e-05,Very Low
64.0000_-96.0000,64.0,-96.0,0.5543,Very Low,1.896e-05,Very Low
64.0000_-95.5000,64.0,-95.5,0.769,Very Low,1.896e-05,Very Low
64.0000_-95.0000,64.0,-95.0,0.8183,Very Low,1.896e-05,Very Low
64.0000_-94.5000,64.0,-94.5,1.0671,Very Low,1.896e-05,Very Low
64.0000_-94.0000,64.0,-94.0,0.7592,Very Low,1.896e-05,Very Low
64.0000_-93.5000,64.0,-93.5,0.3452,Very Low,1.896e-05,Very Low
64.0000_-93.0000,64.0,-93.0,0.8227,Very Low,1.896e-05,Very Low
64.0000_-92.5000,64.0,-92.5,0.9284,Very Low,1.896e-05,Very Low
64.0000_-92.0000,64.0,-92.0,2.3878,Low,1.896e-05,Very Low
64.0000_-91.5000,64.0,-91.5,3.667,Low,1.896e-05,Very Low
64.0000_-91.0000,64.0,-91.0,4.7549,Moderate,1.896e-05,Very Low
64.0000_-90.5000,64.0,-90.5,6.073,Moderate,1.896e-05,Very Low
64.0000_-90.0000,64.0,-90.0,6.9803,Moderate,1.896e-05,Very Low
64.0000_-89.5000,64.0,-89.5,6.1105,Moderate,1.896e-05,Very Low
64.0000_-89.0000,64.0,-89.0,5.7743,Moderate,1.896e-05,Very Low
64.0000_-88.5000,64.0,-88.5,5.1534,Moderate,1.896e-05,Very Low
64.0000_-87.0000,64.0,-87.0,5.1117,Moderate,1.896e-05,Very Low
64.0000_-86.5000,64.0,-86.5,6.2718,Moderate,1.896e-05,Very Low
64.0000_-86.0000,64.0,-86.0,5.54,Moderate,7.416e-05,Low
64.0000_-85.5000,64.0,-85.5,5.2828,Moderate,1.896e-05,Very Low
64.0000_-85.0000,64.0,-85.0,6.0335,Moderate,1.896e-05,Very Low
64.0000_-84.5000,64.0,-84.5,6.3593,Moderate,1.896e-05,Very Low
64.0000_-84.0000,64.0,-84.0,8.2787,High,1.896e-05,Very Low
64.0000_-83.5000,64.0,-83.5,10.9737,High,1.896e-05,Very Low
64.0000_-83.0000,64.0,-83.0,10.3241,High,1.896e-05,Very Low
64.0000_-82.5000,64.0,-82.5,7.2213,Moderate,1.896e-05,Very Low
64.0000_-82.0000,64.0,-82.0,6.0507,Moderate,1.896e-05,Very Low
64.0000_-81.5000,64.0,-81.5,5.2601,Moderate,1.896e-05,Very Low
64.0000_-81.0000,64.0,-81.0,2.7693,Low,1.896e-05,Very Low
64.0000_-80.5000,64.0,-80.5,3.068,Low,1.896e-05,Very Low
64.0000_-78.0000,64.0,-78.0,0.0497,Very Low,1.896e-05,Very Low
64.0000_-77.5000,64.0,-77.5,0.9384,Very Low,0.00015106,Low
64.0000_-73.0000,64.0,-73.0,4.4833,Moderate,0.0,Very Low
64.0000_-72.5000,64.0,-72.5,6.2208,Moderate,1.896e-05,Very Low
64.0000_-72.0000,64.0,-72.0,7.2414,Moderate,1.896e-05,Very Low
64.0000_-71.5000,64.0,-71.5,6.7825,Moderate,1.896e-05,Very Low
64.0000_-71.0000,64.0,-71.0,7.5241,Moderate,1.896e-05,Very Low
64.0000_-70.5000,64.0,-70.5,6.6674,Moderate,1.896e-05,Very Low
64.0000_-70.0000,64.0,-70.0,6.7739,Moderate,0.00018179,Low
64.0000_-69.5000,64.0,-69.5,5.3975,Moderate,1.896e-05,Very Low
64.0000_-69.0000,64.0,-69.0,5.478,Moderate,1.896e-05,Very Low
64.0000_-68.5000,64.0,-68.5,4.9592,Moderate,1.896e-05,Very Low
64.0000_-68.0000,64.0,-68.0,3.4977,Low,1.896e-05,Very Low
64.0000_-67.5000,64.0,-67.5,3.1415,Low,1.896e-05,Very Low
64.0000_-67.0000,64.0,-67.0,1.5148,Very Low,1.896e-05,Very Low
64.0000_-66.5000,64.0,-66.5,1.8695,Very Low,1.896e-05,Very Low
64.0000_-66.0000,64.0,-66.0,2.1653,Low,1.896e-05,Very Low
64.0000_-65.5000,64.0,-65.5,0.066,Very Low,0.0,Very Low
64.0000_-65.0000,64.0,-65.0,0.0952,Very Low,0.0,Very Low
64.0000_-64.5000,64.0,-64.5,0.0218,Very Low,0.0,Very Low
64.5000_-141.0000,64.5,-141.0,0.515,Very Low,0.00083832,Moderate
64.5000_-140.5000,64.5,-140.5,0.1226,Very Low,0.00083832,Moderate
64.5000_-140.0000,64.5,-140.0,0.0956,Very Low,0.00083832,Moderate
64.5000_-139.5000,64.5,-139.5,0.4294,Very Low,0.00068534,Low
64.5000_-139.0000,64.5,-139.0,0.4289,Very Low,0.00068534,Low
64.5000_-138.5000,64.5,-138.5,0.4181,Very Low,7.416e-05,Low
64.5000_-138.0000,64.5,-138.0,0.5357,Very Low,0.00053927,Low
64.5000_-137.5000,64.5,-137.5,0.6215,Very Low,0.00053927,Low
64.5000_-137.0000,64.5,-137.0,0.3738,Very Low,0.00083832,Moderate
64.5000_-136.5000,64.5,-136.5,0.1162,Very Low,7.416e-05,Low
64.5000_-136.0000,64.5,-136.0,0.3011,Very Low,0.0,Very Low
64.5000_-135.5000,64.5,-135.5,0.3199,Very Low,0.00018179,Low
64.5000_-135.0000,64.5,-135.0,0.1281,Very Low,0.00068534,Low
64.5000_-134.5000,64.5,-134.5,0.2084,Very Low,0.00053927,Low
64.5000_-134.0000,64.5,-134.0,0.0559,Very Low,0.00068534,Low
64.5000_-133.5000,64.5,-133.5,0.2854,Very Low,0.00068534,Low
64.5000_-133.0000,64.5,-133.0,0.0003,Very Low,7.416e-05,Low
64.5000_-132.5000,64.5,-132.5,0.003,Very Low,1.896e-05,Very Low
64.5000_-132.0000,64.5,-132.0,0.0076,Very Low,1.896e-05,Very Low
64.5000_-131.5000,64.5,-131.5,0.0816,Very Low,1.896e-05,Very Low
64.5000_-131.0000,64.5,-131.0,0.0986,Very Low,1.896e-05,Very Low
64.5000_-130.5000,64.5,-130.5,0.0043,Very Low,0.0,Very Low
64.5000_-130.0000,64.5,-130.0,0.1964,Very Low,1.896e-05,Very Low
64.5000_-129.5000,64.5,-129.5,0.0011,Very Low,1.896e-05,Very Low
64.5000_-129.0000,64.5,-129.0,0.0021,Very Low,1.896e-05,Very Low
64.5000_-128.5000,64.5,-128.5,0.0002,Very Low,0.00068534,Low
64.5000_-128.0000,64.5,-128.0,0.2134,Very Low,7.416e-05,Low
64.5000_-127.5000,64.5,-127.5,0.0038,Very Low,1.896e-05,Very Low
64.5000_-127.0000,64.5,-127.0,0.0,Very Low,7.416e-05,Low
64.5000_-126.5000,64.5,-126.5,0.0004,Very Low,0.00068534,Low
64.5000_-126.0000,64.5,-126.0,0.0001,Very Low,0.00068534,Low
64.5000_-125.5000,64.5,-125.5,0.0124,Very Low,0.00068534,Low
64.5000_-125.0000,64.5,-125.0,0.0199,Very Low,0.00068534,Low
64.5000_-124.5000,64.5,-124.5,0.0109,Very Low,0.00083832,Moderate
64.5000_-124.0000,64.5,-124.0,0.1597,Very Low,0.00068534,Low
64.5000_-123.5000,64.5,-123.5,1.4277,Very Low,0.00068534,Low
64.5000_-123.0000,64.5,-123.0,2.7578,Low,0.00068534,Low
64.5000_-122.5000,64.5,-122.5,2.5733,Low,0.00068534,Low
64.5000_-122.0000,64.5,-122.0,3.4823,Low,0.00083832,Moderate
64.5000_-121.5000,64.5,-121.5,2.5759,Low,0.00083832,Moderate
64.5000_-121.0000,64.5,-121.0,2.009,Low,0.00140231,Moderate
64.5000_-120.5000,64.5,-120.5,0.2615,Very Low,0.00083832,Moderate
64.5000_-120.0000,64.5,-120.0,1.1366,Very Low,0.00139077,Moderate
64.5000_-119.5000,64.5,-119.5,2.5905,Low,0.00140231,Moderate
64.5000_-119.0000,64.5,-119.0,0.8889,Very Low,0.00140231,Moderate
64.5000_-118.5000,64.5,-118.5,1.8187,Very Low,0.00140231,Moderate
64.5000_-118.0000,64.5,-118.0,2.4703,Low,0.0023586,Moderate
64.5000_-117.5000,64.5,-117.5,5.5814,Moderate,0.00243473,Moderate
64.5000_-117.0000,64.5,-117.0,0.2173,Very Low,0.00139077,Moderate
64.5000_-116.5000,64.5,-116.5,0.3055,Very Low,0.00083832,Moderate
64.5000_-116.0000,64.5,-116.0,0.4817,Very Low,0.0023586,Moderate
64.5000_-115.5000,64.5,-115.5,0.1294,Very Low,0.00068534,Low
64.5000_-115.0000,64.5,-115.0,0.1854,Very Low,0.00139077,Moderate
64.5000_-114.5000,64.5,-114.5,0.883,Very Low,0.0023586,Moderate
64.5000_-114.0000,64.5,-114.0,1.7345,Very Low,0.0023586,Moderate
64.5000_-113.5000,64.5,-113.5,1.3471,Very Low,0.00139077,Moderate
64.5000_-113.0000,64.5,-113.0,0.9734,Very Low,0.00083832,Moderate
64.5000_-112.5000,64.5,-112.5,0.8949,Very Low,7.416e-05,Low
64.5000_-112.0000,64.5,-112.0,0.4083,Very Low,1.896e-05,Very Low
64.5000_-111.5000,64.5,-111.5,0.0819,Very Low,0.00068534,Low
64.5000_-111.0000,64.5,-111.0,0.3836,Very Low,1.896e-05,Very Low
64.5000_-110.5000,64.5,-110.5,2.0279,Low,1.896e-05,Very Low
64.5000_-110.0000,64.5,-110.0,1.1922,Very Low,1.896e-05,Very Low
64.5000_-109.5000,64.5,-109.5,0.6326,Very Low,1.896e-05,Very Low
64.5000_-109.0000,64.5,-109.0,1.1231,Very Low,1.896e-05,Very Low
64.5000_-108.5000,64.5,-108.5,0.4335,Very Low,1.896e-05,Very Low
64.5000_-108.0000,64.5,-108.0,0.8645,Very Low,0.00015106,Low
64.5000_-107.5000,64.5,-107.5,0.7835,Very Low,0.00068534,Low
64.5000_-107.0000,64.5,-107.0,0.8767,Very Low,0.00015106,Low
64.5000_-106.5000,64.5,-106.5,2.0669,Low,0.00018179,Low
64.5000_-106.0000,64.5,-106.0,1.8208,Very Low,7.416e-05,Low
64.5000_-105.5000,64.5,-105.5,0.7011,Very Low,1.896e-05,Very Low
64.5000_-105.0000,64.5,-105.0,0.7116,Very Low,1.896e-05,Very Low
64.5000_-104.5000,64.5,-104.5,0.7016,Very Low,1.896e-05,Very Low
64.5000_-104.0000,64.5,-104.0,0.5705,Very Low,0.00068534,Low
64.5000_-103.5000,64.5,-103.5,1.3025,Very Low,1.896e-05,Very Low
64.5000_-103.0000,64.5,-103.0,0.8931,Very Low,1.896e-05,Very Low
64.5000_-102.5000,64.5,-102.5,0.8327,Very Low,1.896e-05,Very Low
64.5000_-102.0000,64.5,-102.0,0.8121,Very Low,1.896e-05,Very Low
64.5000_-101.5000,64.5,-101.5,0.2232,Very Low,1.896e-05,Very Low
64.5000_-101.0000,64.5,-101.0,0.1931,Very Low,1.896e-05,Very Low
64.5000_-100.5000,64.5,-100.5,0.3194,Very Low,1.896e-05,Very Low
64.5000_-100.0000,64.5,-100.0,0.1789,Very Low,1.896e-05,Very Low
64.5000_-99.5000,64.5,-99.5,0.1516,Very Low,1.896e-05,Very Low
64.5000_-99.0000,64.5,-99.0,0.3796,Very Low,1.896e-05,Very Low
64.5000_-98.5000,64.5,-98.5,0.4286,Very Low,1.896e-05,Very Low
64.5000_-98.0000,64.5,-98.0,0.3612,Very Low,1.896e-05,Very Low
64.5000_-97.5000,64.5,-97.5,0.7706,Very Low,1.896e-05,Very Low
64.5000_-97.0000,64.5,-97.0,0.7253,Very Low,1.896e-05,Very Low
64.5000_-96.5000,64.5,-96.5,0.8841,Very Low,1.896e-05,Very Low
64.5000_-96.0000,64.5,-96.0,0.892,Very Low,7.416e-05,Low
64.5000_-95.5000,64.5,-95.5,1.2103,Very Low,1.896e-05,Very Low
64.5000_-95.0000,64.5,-95.0,0.9024,Very Low,1.896e-05,Very Low
64.5000_-94.5000,64.5,-94.5,0.8658,Very Low,1.896e-05,Very Low
64.5000_-94.0000,64.5,-94.0,0.647,Very Low,1.896e-05,Very Low
64.5000_-93.5000,64.5,-93.5,0.65,Very Low,1.896e-05,Very Low
64.5000_-93.0000,64.5,-93.0,0.8635,Very Low,1.896e-05,Very Low
64.5000_-92.5000,64.5,-92.5,1.7715,Very Low,1.896e-05,Very Low
64.5000_-92.0000,64.5,-92.0,1.3759,Very Low,1.896e-05,Very Low
64.5000_-91.5000,64.5,-91.5,0.9557,Very Low,1.896e-05,Very Low
64.5000_-91.0000,64.5,-91.0,2.0676,Low,7.416e-05,Low
64.5000_-90.5000,64.5,-90.5,2.8226,Low,1.896e-05,Very Low
64.5000_-90.0000,64.5,-90.0,2.9067,Low,1.896e-05,Very Low
64.5000_-89.5000,64.5,-89.5,3.3912,Low,1.896e-05,Very Low
64.5000_-89.0000,64.5,-89.0,4.0949,Moderate,1.896e-05,Very Low
64.5000_-88.5000,64.5,-88.5,4.4046,Moderate,1.896e-05,Very Low
64.5000_-88.0000,64.5,-88.0,4.7543,Moderate,1.896e-05,Very Low
64.5000_-87.5000,64.5,-87.5,5.3375,Moderate,1.896e-05,Very Low
64.5000_-86.5000,64.5,-86.5,7.6215,Moderate,1.896e-05,Very Low
64.5000_-86.0000,64.5,-86.0,4.8653,Moderate,1.896e-05,Very Low
64.5000_-85.5000,64.5,-85.5,5.8656,Moderate,1.896e-05,Very Low
64.5000_-85.0000,64.5,-85.0,7.0975,Moderate,1.896e-05,Very Low
64.5000_-84.5000,64.5,-84.5,1.7514,Very Low,1.896e-05,Very Low
64.5000_-84.0000,64.5,-84.0,4.4286,Moderate,1.896e-05,Very Low
64.5000_-83.5000,64.5,-83.5,4.2747,Moderate,1.896e-05,Very Low
64.5000_-83.0000,64.5,-83.0,2.3527,Low,1.896e-05,Very Low
64.5000_-82.5000,64.5,-82.5,8.3146,High,1.896e-05,Very Low
64.5000_-82.0000,64.5,-82.0,6.1134,Moderate,1.896e-05,Very Low
64.5000_-78.0000,64.5,-78.0,0.029,Very Low,1.896e-05,Very Low
64.5000_-77.5000,64.5,-77.5,0.6405,Very Low,1.896e-05,Very Low
64.5000_-77.0000,64.5,-77.0,5.946,Moderate,1.896e-05,Very Low
64.5000_-76.5000,64.5,-76.5,6.0414,Moderate,1.896e-05,Very Low
64.5000_-76.0000,64.5,-76.0,6.9037,Moderate,1.896e-05,Very Low
64.5000_-75.5000,64.5,-75.5,6.4901,Moderate,1.896e-05,Very Low
64.5000_-75.0000,64.5,-75.0,5.3601,Moderate,1.896e-05,Very Low
64.5000_-74.5000,64.5,-74.5,6.5869,Moderate,1.896e-05,Very Low
64.5000_-74.0000,64.5,-74.0,6.3592,Moderate,1.896e-05,Very Low
64.5000_-73.5000,64.5,-73.5,7.3885,Moderate,1.896e-05,Very Low
64.5000_-73.0000,64.5,-73.0,6.1556,Moderate,1.896e-05,Very Low
64.5000_-72.5000,64.5,-72.5,5.401,Moderate,1.896e-05,Very Low
64.5000_-72.0000,64.5,-72.0,8.5413,High,1.896e-05,Very Low
64.5000_-71.5000,64.5,-71.5,10.173,High,1.896e-05,Very Low
64.5000_-71.0000,64.5,-71.0,10.2801,High,1.896e-05,Very Low
64.5000_-70.5000,64.5,-70.5,8.4177,High,1.896e-05,Very Low
64.5000_-70.0000,64.5,-70.0,6.9957,Moderate,0.0,Very Low
64.5000_-69.5000,64.5,-69.5,6.3741,Moderate,1.896e-05,Very Low
64.5000_-69.0000,64.5,-69.0,5.0401,Moderate,1.896e-05,Very Low
64.5000_-68.5000,64.5,-68.5,4.0732,Moderate,1.896e-05,Very Low
64.5000_-68.0000,64.5,-68.0,3.0482,Low,1.896e-05,Very Low
64.5000_-67.5000,64.5,-67.5,3.7226,Low,1.896e-05,Very Low
64.5000_-67.0000,64.5,-67.0,2.5902,Low,1.896e-05,Very Low
64.5000_-66.5000,64.5,-66.5,2.2132,Low,1.896e-05,Very Low
64.5000_-66.0000,64.5,-66.0,2.3893,Low,1.896e-05,Very Low
64.5000_-65.5000,64.5,-65.5,0.5799,Very Low,0.0,Very Low
64.5000_-65.0000,64.5,-65.0,0.1394,Very Low,0.0,Very Low
65.0000_-141.0000,65.0,-141.0,0.0969,Very Low,0.00083832,Moderate
65.0000_-140.5000,65.0,-140.5,0.0272,Very Low,0.00083832,Moderate
65.0000_-140.0000,65.0,-140.0,0.0061,Very Low,0.00068534,Low
65.0000_-139.5000,65.0,-139.5,0.1417,Very Low,1.896e-05,Very Low
65.0000_-139.0000,65.0,-139.0,0.4457,Very Low,0.00053927,Low
65.0000_-138.5000,65.0,-138.5,0.3027,Very Low,0.00068534,Low
65.0000_-138.0000,65.0,-138.0,0.1189,Very Low,1.896e-05,Very Low
65.0000_-137.5000,65.0,-137.5,0.1764,Very Low,0.00068534,Low
65.0000_-137.0000,65.0,-137.0,0.1046,Very Low,0.00083832,Moderate
65.0000_-136.5000,65.0,-136.5,0.0511,Very Low,1.896e-05,Very Low
65.0000_-136.0000,65.0,-136.0,0.0016,Very Low,0.00053927,Low
65.0000_-135.5000,65.0,-135.5,0.0001,Very Low,1.896e-05,Very Low
65.0000_-135.0000,65.0,-135.0,0.0,Very Low,0.00068534,Low
65.0000_-134.5000,65.0,-134.5,0.0,Very Low,0.00068534,Low
65.0000_-134.0000,65.0,-134.0,0.0001,Very Low,0.00083832,Moderate
65.0000_-133.5000,65.0,-133.5,0.0,Very Low,0.00068534,Low
65.0000_-133.0000,65.0,-133.0,0.0,Very Low,1.896e-05,Very Low
65.0000_-132.5000,65.0,-132.5,0.0,Very Low,1.896e-05,Very Low
65.0000_-132.0000,65.0,-132.0,0.0006,Very Low,1.896e-05,Very Low
65.0000_-131.5000,65.0,-131.5,0.0005,Very Low,1.896e-05,Very Low
65.0000_-131.0000,65.0,-131.0,0.001,Very Low,1.896e-05,Very Low
65.0000_-130.5000,65.0,-130.5,0.0002,Very Low,1.896e-05,Very Low
65.0000_-130.0000,65.0,-130.0,0.0,Very Low,0.00053927,Low
65.0000_-129.5000,65.0,-129.5,0.0,Very Low,0.00068534,Low
65.0000_-129.0000,65.0,-129.0,0.0053,Very Low,0.00053927,Low
65.0000_-128.5000,65.0,-128.5,0.0,Very Low,0.00068534,Low
65.0000_-128.0000,65.0,-128.0,0.0,Very Low,0.00068534,Low
65.0000_-127.5000,65.0,-127.5,0.0001,Very Low,0.00053927,Low
65.0000_-127.0000,65.0,-127.0,0.0098,Very Low,0.00053927,Low
65.0000_-126.5000,65.0,-126.5,0.0111,Very Low,0.00083832,Moderate
65.0000_-126.0000,65.0,-126.0,0.1002,Very Low,0.00140231,Moderate
65.0000_-125.5000,65.0,-125.5,0.6325,Very Low,0.0054932,Moderate
65.0000_-125.0000,65.0,-125.0,0.7608,Very Low,0.00083832,Moderate
65.0000_-124.5000,65.0,-124.5,0.9452,Very Low,0.00083832,Moderate
65.0000_-124.0000,65.0,-124.0,0.8185,Very Low,0.00083832,Moderate
65.0000_-123.5000,65.0,-123.5,0.8709,Very Low,0.00068534,Low
65.0000_-123.0000,65.0,-123.0,1.4783,Very Low,0.00068534,Low
65.0000_-122.5000,65.0,-122.5,2.7505,Low,0.00068534,Low
65.0000_-122.0000,65.0,-122.0,0.7338,Very Low,0.00053927,Low
65.0000_-121.5000,65.0,-121.5,0.7961,Very Low,0.00068534,Low
65.0000_-121.0000,65.0,-121.0,5.3275,Moderate,0.00083832,Moderate
65.0000_-120.5000,65.0,-120.5,0.9763,Very Low,0.00068534,Low
65.0000_-120.0000,65.0,-120.0,0.0017,Very Low,0.00068534,Low
65.0000_-119.5000,65.0,-119.5,0.6056,Very Low,0.00068534,Low
65.0000_-119.0000,65.0,-119.0,0.1426,Very Low,0.00068534,Low
65.0000_-118.5000,65.0,-118.5,1.1687,Very Low,0.00068534,Low
65.0000_-118.0000,65.0,-118.0,0.2051,Very Low,0.00068534,Low
65.0000_-117.5000,65.0,-117.5,0.1474,Very Low,0.00083832,Moderate
65.0000_-117.0000,65.0,-117.0,0.1918,Very Low,0.00105241,Moderate
65.0000_-116.5000,65.0,-116.5,0.0106,Very Low,0.00068534,Low
65.0000_-116.0000,65.0,-116.0,0.0405,Very Low,0.00068534,Low
65.0000_-115.5000,65.0,-115.5,0.045,Very Low,0.00068534,Low
65.0000_-115.0000,65.0,-115.0,0.0672,Very Low,0.00068534,Low
65.0000_-114.5000,65.0,-114.5,0.1366,Very Low,0.00068534,Low
65.0000_-114.0000,65.0,-114.0,0.364,Very Low,1.896e-05,Very Low
65.0000_-113.5000,65.0,-113.5,0.5147,Very Low,1.896e-05,Very Low
65.0000_-113.0000,65.0,-113.0,0.1494,Very Low,7.416e-05,Low
65.0000_-112.5000,65.0,-112.5,0.1523,Very Low,7.416e-05,Low
65.0000_-112.0000,65.0,-112.0,0.3818,Very Low,0.00053927,Low
65.0000_-111.5000,65.0,-111.5,0.2282,Very Low,1.896e-05,Very Low
65.0000_-111.0000,65.0,-111.0,0.1421,Very Low,1.896e-05,Very Low
65.0000_-110.5000,65.0,-110.5,0.1098,Very Low,1.896e-05,Very Low
65.0000_-110.0000,65.0,-110.0,0.0742,Very Low,0.00068534,Low
65.0000_-109.5000,65.0,-109.5,0.3972,Very Low,1.896e-05,Very Low
65.0000_-109.0000,65.0,-109.0,0.6658,Very Low,1.896e-05,Very Low
65.0000_-108.5000,65.0,-108.5,0.1922,Very Low,1.896e-05,Very Low
65.0000_-108.0000,65.0,-108.0,0.5774,Very Low,1.896e-05,Very Low
65.0000_-107.5000,65.0,-107.5,0.966,Very Low,1.896e-05,Very Low
65.0000_-107.0000,65.0,-107.0,0.2252,Very Low,1.896e-05,Very Low
65.0000_-106.5000,65.0,-106.5,0.5027,Very Low,1.896e-05,Very Low
65.0000_-106.0000,65.0,-106.0,0.8861,Very Low,1.896e-05,Very Low
65.0000_-105.5000,65.0,-105.5,0.92,Very Low,1.896e-05,Very Low
65.0000_-105.0000,65.0,-105.0,1.215,Very Low,1.896e-05,Very Low
65.0000_-104.5000,65.0,-104.5,1.4909,Very Low,1.896e-05,Very Low
65.0000_-104.0000,65.0,-104.0,1.6728,Very Low,7.416e-05,Low
65.0000_-103.5000,65.0,-103.5,1.6596,Very Low,1.896e-05,Very Low
65.0000_-103.0000,65.0,-103.0,1.6964,Very Low,7.416e-05,Low
65.0000_-102.5000,65.0,-102.5,0.8614,Very Low,1.896e-05,Very Low
65.0000_-102.0000,65.0,-102.0,0.7745,Very Low,1.896e-05,Very Low
65.0000_-101.5000,65.0,-101.5,0.386,Very Low,1.896e-05,Very Low
65.0000_-101.0000,65.0,-101.0,0.3933,Very Low,1.896e-05,Very Low
65.0000_-100.5000,65.0,-100.5,0.2871,Very Low,1.896e-05,Very Low
65.0000_-100.0000,65.0,-100.0,0.2875,Very Low,1.896e-05,Very Low
65.0000_-99.5000,65.0,-99.5,0.4565,Very Low,1.896e-05,Very Low
65.0000_-99.0000,65.0,-99.0,0.465,Very Low,1.896e-05,Very Low
65.0000_-98.5000,65.0,-98.5,0.4251,Very Low,1.896e-05,Very Low
65.0000_-98.0000,65.0,-98.0,0.5509,Very Low,1.896e-05,Very Low
65.0000_-97.5000,65.0,-97.5,0.7046,Very Low,1.896e-05,Very Low
65.0000_-97.0000,65.0,-97.0,0.5652,Very Low,1.896e-05,Very Low
65.0000_-96.5000,65.0,-96.5,0.8235,Very Low,1.896e-05,Very Low
65.0000_-96.0000,65.0,-96.0,0.632,Very Low,1.896e-05,Very Low
65.0000_-95.5000,65.0,-95.5,0.691,Very Low,1.896e-05,Very Low
65.0000_-95.0000,65.0,-95.0,0.6274,Very Low,1.896e-05,Very Low
65.0000_-94.5000,65.0,-94.5,0.405,Very Low,1.896e-05,Very Low
65.0000_-94.0000,65.0,-94.0,0.4141,Very Low,1.896e-05,Very Low
65.0000_-93.5000,65.0,-93.5,0.3553,Very Low,1.896e-05,Very Low
65.0000_-93.0000,65.0,-93.0,0.4803,Very Low,1.896e-05,Very Low
65.0000_-92.5000,65.0,-92.5,0.4215,Very Low,1.896e-05,Very Low
65.0000_-92.0000,65.0,-92.0,0.4692,Very Low,1.896e-05,Very Low
65.0000_-91.5000,65.0,-91.5,0.4706,Very Low,1.896e-05,Very Low
65.0000_-91.0000,65.0,-91.0,0.7698,Very Low,1.896e-05,Very Low
65.0000_-90.5000,65.0,-90.5,0.7933,Very Low,1.896e-05,Very Low
65.0000_-90.0000,65.0,-90.0,0.7233,Very Low,1.896e-05,Very Low
65.0000_-89.5000,65.0,-89.5,1.4758,Very Low,1.896e-05,Very Low
65.0000_-89.0000,65.0,-89.0,2.4121,Low,1.896e-05,Very Low
65.0000_-88.5000,65.0,-88.5,2.4721,Low,1.896e-05,Very Low
65.0000_-88.0000,65.0,-88.0,5.7972,Moderate,1.896e-05,Very Low
65.0000_-87.5000,65.0,-87.5,8.3988,High,1.896e-05,Very Low
65.0000_-87.0000,65.0,-87.0,6.201,Moderate,1.896e-05,Very Low
65.0000_-86.0000,65.0,-86.0,3.6146,Low,1.896e-05,Very Low
65.0000_-85.5000,65.0,-85.5,6.5477,Moderate,1.896e-05,Very Low
65.0000_-85.0000,65.0,-85.0,5.5067,Moderate,1.896e-05,Very Low
65.0000_-84.5000,65.0,-84.5,0.5353,Very Low,1.896e-05,Very Low
65.0000_-84.0000,65.0,-84.0,3.7695,Low,1.896e-05,Very Low
65.0000_-83.5000,65.0,-83.5,3.9555,Low,1.896e-05,Very Low
65.0000_-83.0000,65.0,-83.0,4.5811,Moderate,1.896e-05,Very Low
65.0000_-78.0000,65.0,-78.0,0.0139,Very Low,1.896e-05,Very Low
65.0000_-77.5000,65.0,-77.5,0.3338,Very Low,1.896e-05,Very Low
65.0000_-77.0000,65.0,-77.0,3.3666,Low,1.896e-05,Very Low
65.0000_-76.5000,65.0,-76.5,6.7461,Moderate,1.896e-05,Very Low
65.0000_-76.0000,65.0,-76.0,7.0196,Moderate,1.896e-05,Very Low
65.0000_-75.5000,65.0,-75.5,8.1593,High,1.896e-05,Very Low
65.0000_-75.0000,65.0,-75.0,8.2948,High,1.896e-05,Very Low
65.0000_-74.5000,65.0,-74.5,4.923,Moderate,1.896e-05,Very Low
65.0000_-74.0000,65.0,-74.0,5.6263,Moderate,1.896e-05,Very Low
65.0000_-73.5000,65.0,-73.5,6.826,Moderate,1.896e-05,Very Low
65.0000_-73.0000,65.0,-73.0,6.8297,Moderate,1.896e-05,Very Low
65.0000_-72.5000,65.0,-72.5,7.9801,Moderate,1.896e-05,Very Low
65.0000_-72.0000,65.0,-72.0,7.5774,Moderate,1.896e-05,Very Low
65.0000_-71.5000,65.0,-71.5,11.1407,High,1.896e-05,Very Low
65.0000_-71.0000,65.0,-71.0,10.2141,High,1.896e-05,Very Low
65.0000_-70.5000,65.0,-70.5,7.6639,Moderate,1.896e-05,Very Low
65.0000_-70.0000,65.0,-70.0,4.2505,Moderate,1.896e-05,Very Low
65.0000_-69.5000,65.0,-69.5,5.0633,Moderate,1.896e-05,Very Low
65.0000_-69.0000,65.0,-69.0,5.9413,Moderate,1.896e-05,Very Low
65.0000_-68.5000,65.0,-68.5,4.8028,Moderate,1.896e-05,Very Low
65.0000_-68.0000,65.0,-68.0,4.3146,Moderate,1.896e-05,Very Low
65.0000_-67.5000,65.0,-67.5,3.15,Low,1.896e-05,Very Low
65.0000_-67.0000,65.0,-67.0,3.0354,Low,1.896e-05,Very Low
65.0000_-66.5000,65.0,-66.5,2.0502,Low,1.896e-05,Very Low
65.0000_-64.0000,65.0,-64.0,0.0742,Very Low,0.0,Very Low
65.0000_-63.5000,65.0,-63.5,0.0746,Very Low,0.0,Very Low
65.5000_-141.0000,65.5,-141.0,0.002,Very Low,0.00053927,Low
65.5000_-140.5000,65.5,-140.5,0.0001,Very Low,0.00068534,Low
65.5000_-140.0000,65.5,-140.0,0.0,Very Low,1.896e-05,Very Low
65.5000_-139.5000,65.5,-139.5,0.0006,Very Low,0.00068534,Low
65.5000_-139.0000,65.5,-139.0,0.0046,Very Low,0.00068534,Low
65.5000_-138.5000,65.5,-138.5,0.8557,Very Low,0.00068534,Low
65.5000_-138.0000,65.5,-138.0,0.4487,Very Low,0.00083832,Moderate
65.5000_-137.5000,65.5,-137.5,0.0901,Very Low,0.00068534,Low
65.5000_-137.0000,65.5,-137.0,0.2385,Very Low,0.00083832,Moderate
65.5000_-136.5000,65.5,-136.5,0.0496,Very Low,0.00083832,Moderate
65.5000_-136.0000,65.5,-136.0,0.0006,Very Low,0.00083832,Moderate
65.5000_-135.5000,65.5,-135.5,0.008,Very Low,0.00083832,Moderate
65.5000_-135.0000,65.5,-135.0,0.0014,Very Low,0.00068534,Low
65.5000_-134.5000,65.5,-134.5,0.0001,Very Low,0.00068534,Low
65.5000_-134.0000,65.5,-134.0,0.0007,Very Low,0.00053927,Low
65.5000_-133.5000,65.5,-133.5,0.0023,Very Low,0.00068534,Low
65.5000_-133.0000,65.5,-133.0,0.0,Very Low,0.00015106,Low
65.5000_-132.5000,65.5,-132.5,0.0,Very Low,0.00068534,Low
65.5000_-132.0000,65.5,-132.0,0.0002,Very Low,1.896e-05,Very Low
65.5000_-131.5000,65.5,-131.5,0.0001,Very Low,7.416e-05,Low
65.5000_-131.0000,65.5,-131.0,0.0028,Very Low,0.00053927,Low
65.5000_-130.5000,65.5,-130.5,0.0023,Very Low,0.00053927,Low
65.5000_-130.0000,65.5,-130.0,0.0,Very Low,0.00068534,Low
65.5000_-129.5000,65.5,-129.5,0.0021,Very Low,0.00083832,Moderate
65.5000_-129.0000,65.5,-129.0,0.0036,Very Low,0.00083832,Moderate
65.5000_-128.5000,65.5,-128.5,0.0097,Very Low,0.00015106,Low
65.5000_-128.0000,65.5,-128.0,0.0109,Very Low,0.00053927,Low
65.5000_-127.5000,65.5,-127.5,0.0621,Very Low,0.00083832,Moderate
65.5000_-127.0000,65.5,-127.0,0.1056,Very Low,0.00083832,Moderate
65.5000_-126.5000,65.5,-126.5,0.3453,Very Low,0.00105241,Moderate
65.5000_-126.0000,65.5,-126.0,0.2962,Very Low,0.00068534,Low
65.5000_-125.5000,65.5,-125.5,0.149,Very Low,0.00068534,Low
65.5000_-125.0000,65.5,-125.0,0.564,Very Low,0.00083832,Moderate
65.5000_-124.5000,65.5,-124.5,1.7597,Very Low,0.00083832,Moderate
65.5000_-124.0000,65.5,-124.0,2.0507,Low,0.00068534,Low
65.5000_-123.5000,65.5,-123.5,0.7293,Very Low,0.00068534,Low
65.5000_-123.0000,65.5,-123.0,0.6468,Very Low,0.00068534,Low
65.5000_-122.5000,65.5,-122.5,3.2568,Low,0.00083832,Moderate
65.5000_-122.0000,65.5,-122.0,4.1243,Moderate,0.00053927,Low
65.5000_-121.5000,65.5,-121.5,4.9668,Moderate,0.0023586,Moderate
65.5000_-121.0000,65.5,-121.0,0.2372,Very Low,0.00068534,Low
65.5000_-120.5000,65.5,-120.5,0.5946,Very Low,0.00083832,Moderate
65.5000_-120.0000,65.5,-120.0,3.692,Low,0.00068534,Low
65.5000_-119.5000,65.5,-119.5,0.3379,Very Low,0.00083832,Moderate
65.5000_-119.0000,65.5,-119.0,0.2013,Very Low,0.00083832,Moderate
65.5000_-118.5000,65.5,-118.5,0.7041,Very Low,0.00083832,Moderate
65.5000_-118.0000,65.5,-118.0,0.3577,Very Low,0.00083832,Moderate
65.5000_-117.5000,65.5,-117.5,0.0425,Very Low,0.00068534,Low
65.5000_-117.0000,65.5,-117.0,0.2416,Very Low,0.00083832,Moderate
65.5000_-116.5000,65.5,-116.5,0.8161,Very Low,0.00139077,Moderate
65.5000_-116.0000,65.5,-116.0,1.0904,Very Low,0.00083832,Moderate
65.5000_-115.5000,65.5,-115.5,0.1239,Very Low,0.00068534,Low
65.5000_-115.0000,65.5,-115.0,0.4037,Very Low,0.00068534,Low
65.5000_-114.5000,65.5,-114.5,0.8723,Very Low,0.00068534,Low
65.5000_-114.0000,65.5,-114.0,0.5499,Very Low,0.00053927,Low
65.5000_-113.5000,65.5,-113.5,0.4524,Very Low,1.896e-05,Very Low
65.5000_-113.0000,65.5,-113.0,3.7641,Low,1.896e-05,Very Low
65.5000_-112.5000,65.5,-112.5,1.9278,Very Low,1.896e-05,Very Low
65.5000_-112.0000,65.5,-112.0,0.1883,Very Low,0.0,Very Low
65.5000_-111.5000,65.5,-111.5,0.1336,Very Low,0.0,Very Low
65.5000_-111.0000,65.5,-111.0,0.116,Very Low,0.0,Very Low
65.5000_-110.5000,65.5,-110.5,0.1438,Very Low,0.0,Very Low
65.5000_-110.0000,65.5,-110.0,0.0578,Very Low,0.0,Very Low
65.5000_-109.5000,65.5,-109.5,0.0943,Very Low,0.0,Very Low
65.5000_-109.0000,65.5,-109.0,0.1072,Very Low,0.0,Very Low
65.5000_-108.5000,65.5,-108.5,0.4824,Very Low,0.0,Very Low
65.5000_-108.0000,65.5,-108.0,0.407,Very Low,0.0,Very Low
65.5000_-107.5000,65.5,-107.5,0.417,Very Low,0.0,Very Low
65.5000_-107.0000,65.5,-107.0,0.8861,Very Low,0.0,Very Low
65.5000_-106.5000,65.5,-106.5,0.7823,Very Low,0.0,Very Low
65.5000_-106.0000,65.5,-106.0,0.8658,Very Low,1.896e-05,Very Low
65.5000_-105.5000,65.5,-105.5,0.8191,Very Low,1.896e-05,Very Low
65.5000_-105.0000,65.5,-105.0,0.9286,Very Low,1.896e-05,Very Low
65.5000_-104.5000,65.5,-104.5,1.524,Very Low,1.896e-05,Very Low
65.5000_-104.0000,65.5,-104.0,2.4258,Low,1.896e-05,Very Low
65.5000_-103.5000,65.5,-103.5,2.0108,Low,1.896e-05,Very Low
65.5000_-103.0000,65.5,-103.0,0.9373,Very Low,1.896e-05,Very Low
65.5000_-102.5000,65.5,-102.5,1.364,Very Low,1.896e-05,Very Low
65.5000_-102.0000,65.5,-102.0,0.89,Very Low,1.896e-05,Very Low
65.5000_-101.5000,65.5,-101.5,0.469,Very Low,1.896e-05,Very Low
65.5000_-101.0000,65.5,-101.0,0.2739,Very Low,1.896e-05,Very Low
65.5000_-100.5000,65.5,-100.5,0.2745,Very Low,1.896e-05,Very Low
65.5000_-100.0000,65.5,-100.0,0.4097,Very Low,1.896e-05,Very Low
65.5000_-99.5000,65.5,-99.5,0.2698,Very Low,1.896e-05,Very Low
65.5000_-99.0000,65.5,-99.0,0.3714,Very Low,1.896e-05,Very Low
65.5000_-98.5000,65.5,-98.5,0.3205,Very Low,1.896e-05,Very Low
65.5000_-98.0000,65.5,-98.0,0.6007,Very Low,1.896e-05,Very Low
65.5000_-97.5000,65.5,-97.5,0.6134,Very Low,1.896e-05,Very Low
65.5000_-97.0000,65.5,-97.0,0.5985,Very Low,1.896e-05,Very Low
65.5000_-96.5000,65.5,-96.5,0.8324,Very Low,1.896e-05,Very Low
65.5000_-96.0000,65.5,-96.0,0.6836,Very Low,1.896e-05,Very Low
65.5000_-95.5000,65.5,-95.5,0.4888,Very Low,1.896e-05,Very Low
65.5000_-95.0000,65.5,-95.0,0.5018,Very Low,1.896e-05,Very Low
65.5000_-94.5000,65.5,-94.5,0.2841,Very Low,1.896e-05,Very Low
65.5000_-94.0000,65.5,-94.0,0.6741,Very Low,1.896e-05,Very Low
65.5000_-93.5000,65.5,-93.5,0.5398,Very Low,1.896e-05,Very Low
65.5000_-93.0000,65.5,-93.0,0.3225,Very Low,1.896e-05,Very Low
65.5000_-92.5000,65.5,-92.5,0.334,Very Low,1.896e-05,Very Low
65.5000_-92.0000,65.5,-92.0,0.2873,Very Low,1.896e-05,Very Low
65.5000_-91.5000,65.5,-91.5,0.0207,Very Low,1.896e-05,Very Low
65.5000_-91.0000,65.5,-91.0,0.0164,Very Low,1.896e-05,Very Low
65.5000_-90.5000,65.5,-90.5,0.0827,Very Low,1.896e-05,Very Low
65.5000_-90.0000,65.5,-90.0,0.1492,Very Low,1.896e-05,Very Low
65.5000_-89.5000,65.5,-89.5,0.5336,Very Low,1.896e-05,Very Low
65.5000_-89.0000,65.5,-89.0,0.8858,Very Low,1.896e-05,Very Low
65.5000_-88.5000,65.5,-88.5,1.7435,Very Low,1.896e-05,Very Low
65.5000_-88.0000,65.5,-88.0,2.355,Low,1.896e-05,Very Low
65.5000_-87.5000,65.5,-87.5,1.8549,Very Low,1.896e-05,Very Low
65.5000_-87.0000,65.5,-87.0,5.3819,Moderate,1.896e-05,Very Low
65.5000_-86.0000,65.5,-86.0,4.5944,Moderate,1.896e-05,Very Low
65.5000_-85.5000,65.5,-85.5,4.6584,Moderate,1.896e-05,Very Low
65.5000_-85.0000,65.5,-85.0,6.8572,Moderate,1.896e-05,Very Low
65.5000_-84.5000,65.5,-84.5,4.2136,Moderate,1.896e-05,Very Low
65.5000_-77.5000,65.5,-77.5,0.0393,Very Low,1.896e-05,Very Low
65.5000_-77.0000,65.5,-77.0,3.8292,Low,1.896e-05,Very Low
65.5000_-74.5000,65.5,-74.5,6.0004,Moderate,1.896e-05,Very Low
65.5000_-74.0000,65.5,-74.0,6.4358,Moderate,1.896e-05,Very Low
65.5000_-73.5000,65.5,-73.5,5.7199,Moderate,1.896e-05,Very Low
65.5000_-73.0000,65.5,-73.0,4.8708,Moderate,1.896e-05,Very Low
65.5000_-72.5000,65.5,-72.5,4.2954,Moderate,1.896e-05,Very Low
65.5000_-72.0000,65.5,-72.0,6.0822,Moderate,1.896e-05,Very Low
65.5000_-71.5000,65.5,-71.5,11.8404,High,1.896e-05,Very Low
65.5000_-71.0000,65.5,-71.0,13.1053,High,1.896e-05,Very Low
65.5000_-70.5000,65.5,-70.5,10.4075,High,1.896e-05,Very Low
65.5000_-70.0000,65.5,-70.0,5.8642,Moderate,0.0,Very Low
65.5000_-69.5000,65.5,-69.5,6.0513,Moderate,1.896e-05,Very Low
65.5000_-69.0000,65.5,-69.0,6.4035,Moderate,1.896e-05,Very Low
65.5000_-68.5000,65.5,-68.5,4.3697,Moderate,1.896e-05,Very Low
65.5000_-68.0000,65.5,-68.0,4.5489,Moderate,1.896e-05,Very Low
65.5000_-67.5000,65.5,-67.5,3.3118,Low,1.896e-05,Very Low
65.5000_-67.0000,65.5,-67.0,3.4466,Low,1.896e-05,Very Low
65.5000_-65.0000,65.5,-65.0,0.1928,Very Low,0.0,Very Low
65.5000_-64.5000,65.5,-64.5,0.053,Very Low,0.0,Very Low
65.5000_-64.0000,65.5,-64.0,0.084,Very Low,0.0,Very Low
65.5000_-63.5000,65.5,-63.5,0.0612,Very Low,0.0,Very Low
65.5000_-63.0000,65.5,-63.0,0.1081,Very Low,0.0,Very Low
66.0000_-141.0000,66.0,-141.0,0.0025,Very Low,0.00068534,Low
66.0000_-140.5000,66.0,-140.5,0.0024,Very Low,0.00068534,Low
66.0000_-140.0000,66.0,-140.0,0.0008,Very Low,0.00015106,Low
66.0000_-139.5000,66.0,-139.5,0.067,Very Low,0.00053927,Low
66.0000_-139.0000,66.0,-139.0,0.3784,Very Low,0.00105241,Moderate
66.0000_-138.5000,66.0,-138.5,0.3024,Very Low,0.00068534,Low
66.0000_-138.0000,66.0,-138.0,0.5445,Very Low,0.00083832,Moderate
66.0000_-137.5000,66.0,-137.5,0.6584,Very Low,0.00083832,Moderate
66.0000_-137.0000,66.0,-137.0,0.0948,Very Low,0.00083832,Moderate
66.0000_-136.5000,66.0,-136.5,0.0501,Very Low,0.00083832,Moderate
66.0000_-136.0000,66.0,-136.0,0.0035,Very Low,0.00068534,Low
66.0000_-135.5000,66.0,-135.5,0.0,Very Low,0.00068534,Low
66.0000_-135.0000,66.0,-135.0,0.0003,Very Low,0.00068534,Low
66.0000_-134.5000,66.0,-134.5,0.0011,Very Low,0.00068534,Low
66.0000_-134.0000,66.0,-134.0,0.0,Very Low,0.00083832,Moderate
66.0000_-133.5000,66.0,-133.5,0.0,Very Low,0.00068534,Low
66.0000_-133.0000,66.0,-133.0,0.0,Very Low,0.00068534,Low
66.0000_-132.5000,66.0,-132.5,0.0,Very Low,0.00053927,Low
66.0000_-132.0000,66.0,-132.0,0.0003,Very Low,0.00083832,Moderate
66.0000_-131.5000,66.0,-131.5,0.0015,Very Low,0.00068534,Low
66.0000_-131.0000,66.0,-131.0,0.0207,Very Low,0.00083832,Moderate
66.0000_-130.5000,66.0,-130.5,0.0875,Very Low,0.00068534,Low
66.0000_-130.0000,66.0,-130.0,0.1186,Very Low,0.00140231,Moderate
66.0000_-129.5000,66.0,-129.5,0.1999,Very Low,0.00068534,Low
66.0000_-129.0000,66.0,-129.0,0.3617,Very Low,0.00140231,Moderate
66.0000_-128.5000,66.0,-128.5,0.274,Very Low,0.00068534,Low
66.0000_-128.0000,66.0,-128.0,0.0913,Very Low,0.00068534,Low
66.0000_-127.5000,66.0,-127.5,0.1653,Very Low,0.00068534,Low
66.0000_-127.0000,66.0,-127.0,0.0001,Very Low,0.00068534,Low
66.0000_-126.5000,66.0,-126.5,0.0078,Very Low,0.00083832,Moderate
66.0000_-126.0000,66.0,-126.0,0.0238,Very Low,0.00068534,Low
66.0000_-125.5000,66.0,-125.5,0.0451,Very Low,0.00068534,Low
66.0000_-125.0000,66.0,-125.0,0.1744,Very Low,7.416e-05,Low
66.0000_-124.5000,66.0,-124.5,0.1315,Very Low,1.896e-05,Very Low
66.0000_-124.0000,66.0,-124.0,0.7607,Very Low,0.00068534,Low
66.0000_-123.5000,66.0,-123.5,0.239,Very Low,0.00068534,Low
66.0000_-123.0000,66.0,-123.0,1.574,Very Low,0.00068534,Low
66.0000_-122.5000,66.0,-122.5,3.0831,Low,0.00068534,Low
66.0000_-122.0000,66.0,-122.0,5.6045,Moderate,0.00083832,Moderate
66.0000_-121.5000,66.0,-121.5,0.8314,Very Low,0.00083832,Moderate
66.0000_-121.0000,66.0,-121.0,0.9183,Very Low,0.00068534,Low
66.0000_-120.5000,66.0,-120.5,5.4709,Moderate,0.00018179,Low
66.0000_-120.0000,66.0,-120.0,5.2198,Moderate,0.00053927,Low
66.0000_-119.5000,66.0,-119.5,5.3232,Moderate,0.00068534,Low
66.0000_-119.0000,66.0,-119.0,5.3386,Moderate,7.416e-05,Low
66.0000_-118.5000,66.0,-118.5,5.6606,Moderate,0.00053927,Low
66.0000_-118.0000,66.0,-118.0,2.7472,Low,0.00068534,Low
66.0000_-117.5000,66.0,-117.5,1.5736,Very Low,0.00083832,Moderate
66.0000_-117.0000,66.0,-117.0,2.36,Low,0.00083832,Moderate
66.0000_-116.5000,66.0,-116.5,0.8139,Very Low,0.00068534,Low
66.0000_-116.0000,66.0,-116.0,2.3973,Low,0.00083832,Moderate
66.0000_-115.5000,66.0,-115.5,2.5396,Low,0.00068534,Low
66.0000_-115.0000,66.0,-115.0,2.1544,Low,1.896e-05,Very Low
66.0000_-114.5000,66.0,-114.5,3.4522,Low,0.00068534,Low
66.0000_-114.0000,66.0,-114.0,0.7347,Very Low,7.416e-05,Low
66.0000_-113.5000,66.0,-113.5,0.1499,Very Low,1.896e-05,Very Low
66.0000_-113.0000,66.0,-113.0,0.1228,Very Low,0.0,Very Low
66.0000_-112.5000,66.0,-112.5,0.4823,Very Low,1.896e-05,Very Low
66.0000_-112.0000,66.0,-112.0,0.015,Very Low,0.0,Very Low
66.0000_-111.5000,66.0,-111.5,0.0569,Very Low,0.0,Very Low
66.0000_-111.0000,66.0,-111.0,0.0038,Very Low,1.896e-05,Very Low
66.0000_-110.5000,66.0,-110.5,0.0356,Very Low,0.0,Very Low
66.0000_-110.0000,66.0,-110.0,0.0542,Very Low,0.0,Very Low
66.0000_-109.5000,66.0,-109.5,0.0198,Very Low,0.0,Very Low
66.0000_-109.0000,66.0,-109.0,0.1516,Very Low,0.0,Very Low
66.0000_-108.5000,66.0,-108.5,0.3271,Very Low,0.0,Very Low
66.0000_-108.0000,66.0,-108.0,0.1662,Very Low,0.0,Very Low
66.0000_-107.5000,66.0,-107.5,0.1692,Very Low,0.0,Very Low
66.0000_-107.0000,66.0,-107.0,0.0413,Very Low,0.0,Very Low
66.0000_-106.5000,66.0,-106.5,0.0781,Very Low,0.0,Very Low
66.0000_-106.0000,66.0,-106.0,0.0393,Very Low,0.0,Very Low
66.0000_-105.5000,66.0,-105.5,0.0598,Very Low,0.0,Very Low
66.0000_-105.0000,66.0,-105.0,0.0854,Very Low,0.0,Very Low
66.0000_-104.5000,66.0,-104.5,0.2152,Very Low,0.0,Very Low
66.0000_-104.0000,66.0,-104.0,0.3135,Very Low,0.0,Very Low
66.0000_-103.5000,66.0,-103.5,0.3209,Very Low,0.0,Very Low
66.0000_-103.0000,66.0,-103.0,0.4937,Very Low,1.896e-05,Very Low
66.0000_-102.5000,66.0,-102.5,0.8792,Very Low,1.896e-05,Very Low
66.0000_-102.0000,66.0,-102.0,1.66,Very Low,7.416e-05,Low
66.0000_-101.5000,66.0,-101.5,1.298,Very Low,1.896e-05,Very Low
66.0000_-101.0000,66.0,-101.0,2.0337,Low,1.896e-05,Very Low
66.0000_-100.5000,66.0,-100.5,2.9679,Low,1.896e-05,Very Low
66.0000_-100.0000,66.0,-100.0,2.0773,Low,1.896e-05,Very Low
66.0000_-99.5000,66.0,-99.5,0.9312,Very Low,1.896e-05,Very Low
66.0000_-99.0000,66.0,-99.0,0.8578,Very Low,1.896e-05,Very Low
66.0000_-98.5000,66.0,-98.5,0.9232,Very Low,1.896e-05,Very Low
66.0000_-98.0000,66.0,-98.0,0.6955,Very Low,1.896e-05,Very Low
66.0000_-97.5000,66.0,-97.5,0.9411,Very Low,1.896e-05,Very Low
66.0000_-97.0000,66.0,-97.0,0.6416,Very Low,1.896e-05,Very Low
66.0000_-96.5000,66.0,-96.5,0.297,Very Low,1.896e-05,Very Low
66.0000_-96.0000,66.0,-96.0,0.0808,Very Low,7.416e-05,Low
66.0000_-95.5000,66.0,-95.5,0.0404,Very Low,7.416e-05,Low
66.0000_-95.0000,66.0,-95.0,0.0533,Very Low,1.896e-05,Very Low
66.0000_-94.5000,66.0,-94.5,0.016,Very Low,1.896e-05,Very Low
66.0000_-94.0000,66.0,-94.0,0.0947,Very Low,1.896e-05,Very Low
66.0000_-93.5000,66.0,-93.5,0.2837,Very Low,1.896e-05,Very Low
66.0000_-93.0000,66.0,-93.0,0.257,Very Low,1.896e-05,Very Low
66.0000_-92.5000,66.0,-92.5,0.2442,Very Low,1.896e-05,Very Low
66.0000_-92.0000,66.0,-92.0,0.6023,Very Low,1.896e-05,Very Low
66.0000_-91.5000,66.0,-91.5,0.1953,Very Low,7.416e-05,Low
66.0000_-91.0000,66.0,-91.0,0.167,Very Low,1.896e-05,Very Low
66.0000_-90.5000,66.0,-90.5,0.0737,Very Low,1.896e-05,Very Low
66.0000_-90.0000,66.0,-90.0,0.384,Very Low,1.896e-05,Very Low
66.0000_-89.5000,66.0,-89.5,0.2305,Very Low,1.896e-05,Very Low
66.0000_-89.0000,66.0,-89.0,0.0816,Very Low,1.896e-05,Very Low
66.0000_-88.5000,66.0,-88.5,0.6727,Very Low,1.896e-05,Very Low
66.0000_-88.0000,66.0,-88.0,0.119,Very Low,1.896e-05,Very Low
66.0000_-87.5000,66.0,-87.5,0.3282,Very Low,1.896e-05,Very Low
66.0000_-87.0000,66.0,-87.0,0.858,Very Low,1.896e-05,Very Low
66.0000_-86.5000,66.0,-86.5,4.6799,Moderate,1.896e-05,Very Low
66.0000_-86.0000,66.0,-86.0,3.7723,Low,1.896e-05,Very Low
66.0000_-85.5000,66.0,-85.5,8.0455,High,1.896e-05,Very Low
66.0000_-85.0000,66.0,-85.0,1.9378,Very Low,1.896e-05,Very Low
66.0000_-84.5000,66.0,-84.5,0.6713,Very Low,0.00018179,Low
66.0000_-84.0000,66.0,-84.0,0.9898,Very Low,1.896e-05,Very Low
66.0000_-83.5000,66.0,-83.5,0.7551,Very Low,0.00018179,Low
66.0000_-74.5000,66.0,-74.5,4.5295,Moderate,1.896e-05,Very Low
66.0000_-74.0000,66.0,-74.0,5.8709,Moderate,1.896e-05,Very Low
66.0000_-73.5000,66.0,-73.5,7.7638,Moderate,1.896e-05,Very Low
66.0000_-73.0000,66.0,-73.0,6.8851,Moderate,1.896e-05,Very Low
66.0000_-72.5000,66.0,-72.5,4.7565,Moderate,1.896e-05,Very Low
66.0000_-72.0000,66.0,-72.0,6.1557,Moderate,1.896e-05,Very Low
66.0000_-71.5000,66.0,-71.5,7.1592,Moderate,1.896e-05,Very Low
66.0000_-71.0000,66.0,-71.0,11.5955,High,1.896e-05,Very Low
66.0000_-70.5000,66.0,-70.5,12.0597,High,1.896e-05,Very Low
66.0000_-70.0000,66.0,-70.0,6.7796,Moderate,1.896e-05,Very Low
66.0000_-69.5000,66.0,-69.5,6.1338,Moderate,1.896e-05,Very Low
66.0000_-69.0000,66.0,-69.0,8.1613,High,1.896e-05,Very Low
66.0000_-68.5000,66.0,-68.5,6.7381,Moderate,1.896e-05,Very Low
66.0000_-68.0000,66.0,-68.0,5.7168,Moderate,1.896e-05,Very Low
66.0000_-67.5000,66.0,-67.5,4.7145,Moderate,1.896e-05,Very Low
66.0000_-67.0000,66.0,-67.0,6.0563,Moderate,1.896e-05,Very Low
66.0000_-66.0000,66.0,-66.0,4.4866,Moderate,0.0,Very Low
66.0000_-65.5000,66.0,-65.5,4.0919,Moderate,1.896e-05,Very Low
66.0000_-65.0000,66.0,-65.0,1.5392,Very Low,1.896e-05,Very Low
66.0000_-64.5000,66.0,-64.5,0.25,Very Low,0.0,Very Low
66.0000_-64.0000,66.0,-64.0,0.1412,Very Low,0.0,Very Low
66.0000_-63.5000,66.0,-63.5,0.0498,Very Low,0.0,Very Low
66.0000_-63.0000,66.0,-63.0,0.097,Very Low,0.0,Very Low
66.0000_-62.5000,66.0,-62.5,0.2251,Very Low,0.0,Very Low
66.0000_-62.0000,66.0,-62.0,0.742,Very Low,0.0,Very Low
66.5000_-141.0000,66.5,-141.0,0.0469,Very Low,0.00068534,Low
66.5000_-140.5000,66.5,-140.5,0.0631,Very Low,0.00068534,Low
66.5000_-140.0000,66.5,-140.0,0.0092,Very Low,0.00018179,Low
66.5000_-139.5000,66.5,-139.5,0.5605,Very Low,0.00068534,Low
66.5000_-139.0000,66.5,-139.0,0.8522,Very Low,0.00139077,Moderate
66.5000_-138.5000,66.5,-138.5,0.9885,Very Low,0.00140231,Moderate
66.5000_-138.0000,66.5,-138.0,0.8168,Very Low,0.00068534,Low
66.5000_-137.5000,66.5,-137.5,0.5767,Very Low,0.00068534,Low
66.5000_-137.0000,66.5,-137.0,0.5302,Very Low,0.00105241,Moderate
66.5000_-136.5000,66.5,-136.5,0.0669,Very Low,0.00105241,Moderate
66.5000_-136.0000,66.5,-136.0,0.0,Very Low,0.00068534,Low
66.5000_-135.5000,66.5,-135.5,0.0009,Very Low,7.416e-05,Low
66.5000_-135.0000,66.5,-135.0,0.001,Very Low,0.00068534,Low
66.5000_-134.5000,66.5,-134.5,0.001,Very Low,0.00083832,Moderate
66.5000_-134.0000,66.5,-134.0,0.0035,Very Low,0.00068534,Low
66.5000_-133.5000,66.5,-133.5,0.0001,Very Low,0.00083832,Moderate
66.5000_-133.0000,66.5,-133.0,0.0,Very Low,0.00053927,Low
66.5000_-132.5000,66.5,-132.5,0.0,Very Low,0.00083832,Moderate
66.5000_-132.0000,66.5,-132.0,0.0001,Very Low,0.00053927,Low
66.5000_-131.5000,66.5,-131.5,0.0013,Very Low,0.00018179,Low
66.5000_-131.0000,66.5,-131.0,0.0618,Very Low,0.00068534,Low
66.5000_-130.5000,66.5,-130.5,0.3892,Very Low,0.00068534,Low
66.5000_-130.0000,66.5,-130.0,0.2739,Very Low,0.00139077,Moderate
66.5000_-129.5000,66.5,-129.5,0.5213,Very Low,0.00068534,Low
66.5000_-129.0000,66.5,-129.0,0.2105,Very Low,0.00068534,Low
66.5000_-128.5000,66.5,-128.5,0.0829,Very Low,0.00105241,Moderate
66.5000_-128.0000,66.5,-128.0,0.1903,Very Low,0.00068534,Low
66.5000_-127.5000,66.5,-127.5,0.0209,Very Low,0.00139077,Moderate
66.5000_-127.0000,66.5,-127.0,0.0021,Very Low,0.00053927,Low
66.5000_-126.5000,66.5,-126.5,0.006,Very Low,0.00083832,Moderate
66.5000_-126.0000,66.5,-126.0,0.0246,Very Low,0.00053927,Low
66.5000_-125.5000,66.5,-125.5,0.077,Very Low,0.00068534,Low
66.5000_-125.0000,66.5,-125.0,0.4106,Very Low,1.896e-05,Very Low
66.5000_-124.5000,66.5,-124.5,0.2056,Very Low,0.00068534,Low
66.5000_-124.0000,66.5,-124.0,0.7335,Very Low,0.00068534,Low
66.5000_-123.5000,66.5,-123.5,3.5884,Low,0.00083832,Moderate
66.5000_-123.0000,66.5,-123.0,0.5722,Very Low,0.00068534,Low
66.5000_-122.5000,66.5,-122.5,0.4089,Very Low,0.00053927,Low
66.5000_-122.0000,66.5,-122.0,1.4932,Very Low,0.00068534,Low
66.5000_-121.5000,66.5,-121.5,1.9218,Very Low,7.416e-05,Low
66.5000_-121.0000,66.5,-121.0,5.0987,Moderate,0.00053927,Low
66.5000_-120.5000,66.5,-120.5,9.5259,High,0.00053927,Low
66.5000_-120.0000,66.5,-120.0,5.8331,Moderate,0.00053927,Low
66.5000_-119.5000,66.5,-119.5,5.0204,Moderate,0.00139077,Moderate
66.5000_-119.0000,66.5,-119.0,3.9469,Low,0.00083832,Moderate
66.5000_-118.5000,66.5,-118.5,4.9451,Moderate,7.416e-05,Low
66.5000_-118.0000,66.5,-118.0,3.6531,Low,1.896e-05,Very Low
66.5000_-117.5000,66.5,-117.5,0.626,Very Low,0.00018179,Low
66.5000_-117.0000,66.5,-117.0,0.897,Very Low,0.00068534,Low
66.5000_-116.5000,66.5,-116.5,0.2771,Very Low,1.896e-05,Very Low
66.5000_-116.0000,66.5,-116.0,0.5329,Very Low,1.896e-05,Very Low
66.5000_-115.5000,66.5,-115.5,0.3662,Very Low,1.896e-05,Very Low
66.5000_-115.0000,66.5,-115.0,0.4634,Very Low,1.896e-05,Very Low
66.5000_-114.5000,66.5,-114.5,0.7707,Very Low,1.896e-05,Very Low
66.5000_-114.0000,66.5,-114.0,0.4404,Very Low,1.896e-05,Very Low
66.5000_-113.5000,66.5,-113.5,0.9524,Very Low,1.896e-05,Very Low
66.5000_-113.0000,66.5,-113.0,0.9046,Very Low,1.896e-05,Very Low
66.5000_-112.5000,66.5,-112.5,0.288,Very Low,1.896e-05,Very Low
66.5000_-112.0000,66.5,-112.0,0.057,Very Low,0.0,Very Low
66.5000_-111.5000,66.5,-111.5,0.1126,Very Low,0.0,Very Low
66.5000_-111.0000,66.5,-111.0,0.0885,Very Low,0.0,Very Low
66.5000_-110.5000,66.5,-110.5,0.2167,Very Low,0.0,Very Low
66.5000_-110.0000,66.5,-110.0,0.1218,Very Low,0.0,Very Low
66.5000_-109.5000,66.5,-109.5,0.5011,Very Low,0.0,Very Low
66.5000_-109.0000,66.5,-109.0,0.0935,Very Low,0.0,Very Low
66.5000_-108.5000,66.5,-108.5,0.029,Very Low,0.0,Very Low
66.5000_-108.0000,66.5,-108.0,0.3576,Very Low,0.0,Very Low
66.5000_-107.5000,66.5,-107.5,0.689,Very Low,0.0,Very Low
66.5000_-107.0000,66.5,-107.0,0.1524,Very Low,0.0,Very Low
66.5000_-106.5000,66.5,-106.5,0.1893,Very Low,0.0,Very Low
66.5000_-106.0000,66.5,-106.0,0.0898,Very Low,0.0,Very Low
66.5000_-105.5000,66.5,-105.5,0.1446,Very Low,0.0,Very Low
66.5000_-105.0000,66.5,-105.0,0.9141,Very Low,1.896e-05,Very Low
66.5000_-104.5000,66.5,-104.5,1.497,Very Low,1.896e-05,Very Low
66.5000_-104.0000,66.5,-104.0,2.1511,Low,1.896e-05,Very Low
66.5000_-103.5000,66.5,-103.5,1.8362,Very Low,1.896e-05,Very Low
66.5000_-103.0000,66.5,-103.0,1.4002,Very Low,1.896e-05,Very Low
66.5000_-102.5000,66.5,-102.5,1.809,Very Low,1.896e-05,Very Low
66.5000_-102.0000,66.5,-102.0,3.1097,Low,1.896e-05,Very Low
66.5000_-101.5000,66.5,-101.5,2.2167,Low,1.896e-05,Very Low
66.5000_-101.0000,66.5,-101.0,3.3749,Low,1.896e-05,Very Low
66.5000_-100.5000,66.5,-100.5,2.9637,Low,1.896e-05,Very Low
66.5000_-100.0000,66.5,-100.0,2.4247,Low,1.896e-05,Very Low
66.5000_-99.5000,66.5,-99.5,2.7884,Low,1.896e-05,Very Low
66.5000_-99.0000,66.5,-99.0,3.063,Low,1.896e-05,Very Low
66.5000_-98.5000,66.5,-98.5,2.8583,Low,1.896e-05,Very Low
66.5000_-98.0000,66.5,-98.0,2.3481,Low,1.896e-05,Very Low
66.5000_-97.5000,66.5,-97.5,2.9605,Low,1.896e-05,Very Low
66.5000_-97.0000,66.5,-97.0,2.5533,Low,1.896e-05,Very Low
66.5000_-96.5000,66.5,-96.5,2.3973,Low,1.896e-05,Very Low
66.5000_-96.0000,66.5,-96.0,1.1279,Very Low,7.416e-05,Low
66.5000_-95.5000,66.5,-95.5,0.1172,Very Low,0.00053927,Low
66.5000_-95.0000,66.5,-95.0,0.0012,Very Low,1.896e-05,Very Low
66.5000_-94.5000,66.5,-94.5,0.0004,Very Low,1.896e-05,Very Low
66.5000_-94.0000,66.5,-94.0,0.0088,Very Low,1.896e-05,Very Low
66.5000_-93.5000,66.5,-93.5,0.0051,Very Low,1.896e-05,Very Low
66.5000_-93.0000,66.5,-93.0,0.0022,Very Low,1.896e-05,Very Low
66.5000_-92.5000,66.5,-92.5,0.0034,Very Low,1.896e-05,Very Low
66.5000_-92.0000,66.5,-92.0,0.0006,Very Low,1.896e-05,Very Low
66.5000_-91.5000,66.5,-91.5,0.0005,Very Low,1.896e-05,Very Low
66.5000_-91.0000,66.5,-91.0,0.0001,Very Low,1.896e-05,Very Low
66.5000_-90.5000,66.5,-90.5,0.0006,Very Low,1.896e-05,Very Low
66.5000_-90.0000,66.5,-90.0,0.4361,Very Low,1.896e-05,Very Low
66.5000_-89.5000,66.5,-89.5,0.6075,Very Low,1.896e-05,Very Low
66.5000_-89.0000,66.5,-89.0,0.2018,Very Low,1.896e-05,Very Low
66.5000_-88.5000,66.5,-88.5,0.0158,Very Low,1.896e-05,Very Low
66.5000_-88.0000,66.5,-88.0,0.335,Very Low,1.896e-05,Very Low
66.5000_-87.5000,66.5,-87.5,0.0933,Very Low,1.896e-05,Very Low
66.5000_-87.0000,66.5,-87.0,0.2645,Very Low,0.00018179,Low
66.5000_-86.5000,66.5,-86.5,2.2573,Low,1.896e-05,Very Low
66.5000_-86.0000,66.5,-86.0,2.8015,Low,1.896e-05,Very Low
66.5000_-85.5000,66.5,-85.5,0.9546,Very Low,7.416e-05,Low
66.5000_-85.0000,66.5,-85.0,0.3571,Very Low,7.416e-05,Low
66.5000_-84.5000,66.5,-84.5,0.6979,Very Low,1.896e-05,Very Low
66.5000_-84.0000,66.5,-84.0,2.4256,Low,7.416e-05,Low
66.5000_-83.5000,66.5,-83.5,1.7507,Very Low,7.416e-05,Low
66.5000_-83.0000,66.5,-83.0,3.5061,Low,1.896e-05,Very Low
66.5000_-82.5000,66.5,-82.5,1.3368,Very Low,7.416e-05,Low
66.5000_-73.5000,66.5,-73.5,7.6201,Moderate,1.896e-05,Very Low
66.5000_-73.0000,66.5,-73.0,9.227,High,7.416e-05,Low
66.5000_-72.5000,66.5,-72.5,6.0669,Moderate,1.896e-05,Very Low
66.5000_-72.0000,66.5,-72.0,4.8523,Moderate,1.896e-05,Very Low
66.5000_-71.5000,66.5,-71.5,7.4496,Moderate,1.896e-05,Very Low
66.5000_-71.0000,66.5,-71.0,11.8003,High,1.896e-05,Very Low
66.5000_-70.5000,66.5,-70.5,13.0649,High,1.896e-05,Very Low
66.5000_-70.0000,66.5,-70.0,9.6962,High,1.896e-05,Very Low
66.5000_-69.5000,66.5,-69.5,6.7548,Moderate,1.896e-05,Very Low
66.5000_-69.0000,66.5,-69.0,10.3718,High,1.896e-05,Very Low
66.5000_-68.5000,66.5,-68.5,9.6485,High,1.896e-05,Very Low
66.5000_-68.0000,66.5,-68.0,9.4266,High,1.896e-05,Very Low
66.5000_-67.5000,66.5,-67.5,7.676,Moderate,1.896e-05,Very Low
66.5000_-67.0000,66.5,-67.0,5.9255,Moderate,1.896e-05,Very Low
66.5000_-66.5000,66.5,-66.5,6.1477,Moderate,1.896e-05,Very Low
66.5000_-66.0000,66.5,-66.0,4.0335,Moderate,0.0,Very Low
66.5000_-65.5000,66.5,-65.5,4.7626,Moderate,1.896e-05,Very Low
66.5000_-65.0000,66.5,-65.0,3.0408,Low,1.896e-05,Very Low
66.5000_-64.5000,66.5,-64.5,0.1681,Very Low,0.0,Very Low
66.5000_-64.0000,66.5,-64.0,0.1696,Very Low,0.0,Very Low
66.5000_-63.5000,66.5,-63.5,0.0357,Very Low,0.0,Very Low
66.5000_-63.0000,66.5,-63.0,0.0837,Very Low,0.0,Very Low
66.5000_-62.5000,66.5,-62.5,0.132,Very Low,0.0,Very Low
66.5000_-62.0000,66.5,-62.0,0.4537,Very Low,0.0,Very Low
66.5000_-61.5000,66.5,-61.5,0.781,Very Low,0.0,Very Low
67.0000_-141.0000,67.0,-141.0,0.9448,Very Low,0.00068534,Low
67.0000_-140.5000,67.0,-140.5,0.5734,Very Low,0.00105241,Moderate
67.0000_-140.0000,67.0,-140.0,0.5954,Very Low,0.00068534,Low
67.0000_-139.5000,67.0,-139.5,0.3572,Very Low,0.00068534,Low
67.0000_-139.0000,67.0,-139.0,1.4259,Very Low,0.00105241,Moderate
67.0000_-138.5000,67.0,-138.5,0.6368,Very Low,0.00105241,Moderate
67.0000_-138.0000,67.0,-138.0,0.645,Very Low,0.00068534,Low
67.0000_-137.5000,67.0,-137.5,0.707,Very Low,0.00139077,Moderate
67.0000_-137.0000,67.0,-137.0,0.0474,Very Low,0.00083832,Moderate
67.0000_-136.5000,67.0,-136.5,0.0001,Very Low,0.00068534,Low
67.0000_-136.0000,67.0,-136.0,0.0,Very Low,0.00053927,Low
67.0000_-135.5000,67.0,-135.5,0.0002,Very Low,0.00068534,Low
67.0000_-135.0000,67.0,-135.0,0.0008,Very Low,0.00105241,Moderate
67.0000_-134.5000,67.0,-134.5,0.0252,Very Low,0.00068534,Low
67.0000_-134.0000,67.0,-134.0,0.0016,Very Low,0.00068534,Low
67.0000_-133.5000,67.0,-133.5,0.0,Very Low,0.00139077,Moderate
67.0000_-133.0000,67.0,-133.0,0.0056,Very Low,0.00068534,Low
67.0000_-132.5000,67.0,-132.5,0.0538,Very Low,0.00083832,Moderate
67.0000_-132.0000,67.0,-132.0,0.1103,Very Low,0.00068534,Low
67.0000_-131.5000,67.0,-131.5,0.0613,Very Low,0.00083832,Moderate
67.0000_-131.0000,67.0,-131.0,0.0767,Very Low,0.00083832,Moderate
67.0000_-130.5000,67.0,-130.5,0.2024,Very Low,0.00083832,Moderate
67.0000_-130.0000,67.0,-130.0,0.0643,Very Low,0.00083832,Moderate
67.0000_-129.5000,67.0,-129.5,0.1024,Very Low,0.00083832,Moderate
67.0000_-129.0000,67.0,-129.0,0.3752,Very Low,0.00611154,Moderate
67.0000_-128.5000,67.0,-128.5,0.9361,Very Low,0.0023586,Moderate
67.0000_-128.0000,67.0,-128.0,0.5983,Very Low,0.00083832,Moderate
67.0000_-127.5000,67.0,-127.5,0.5543,Very Low,0.00140231,Moderate
67.0000_-127.0000,67.0,-127.0,0.2046,Very Low,0.00139077,Moderate
67.0000_-126.5000,67.0,-126.5,0.0392,Very Low,0.00068534,Low
67.0000_-126.0000,67.0,-126.0,0.1527,Very Low,0.00068534,Low
67.0000_-125.5000,67.0,-125.5,0.0316,Very Low,0.00018179,Low
67.0000_-125.0000,67.0,-125.0,0.1588,Very Low,0.00068534,Low
67.0000_-124.5000,67.0,-124.5,0.1284,Very Low,0.00053927,Low
67.0000_-124.0000,67.0,-124.0,0.4492,Very Low,0.00068534,Low
67.0000_-123.5000,67.0,-123.5,0.0546,Very Low,0.00068534,Low
67.0000_-123.0000,67.0,-123.0,0.2396,Very Low,0.00083832,Moderate
67.0000_-122.5000,67.0,-122.5,1.6472,Very Low,0.00053927,Low
67.0000_-122.0000,67.0,-122.0,3.7294,Low,0.00053927,Low
67.0000_-121.5000,67.0,-121.5,3.0544,Low,0.00083832,Moderate
67.0000_-121.0000,67.0,-121.0,0.8785,Very Low,0.00053927,Low
67.0000_-120.5000,67.0,-120.5,3.6642,Low,0.00053927,Low
67.0000_-120.0000,67.0,-120.0,3.9529,Low,0.00053927,Low
67.0000_-119.5000,67.0,-119.5,3.1253,Low,0.00068534,Low
67.0000_-119.0000,67.0,-119.0,0.9917,Very Low,1.896e-05,Very Low
67.0000_-118.5000,67.0,-118.5,0.6888,Very Low,1.896e-05,Very Low
67.0000_-118.0000,67.0,-118.0,0.1153,Very Low,1.896e-05,Very Low
67.0000_-117.5000,67.0,-117.5,0.0033,Very Low,7.416e-05,Low
67.0000_-117.0000,67.0,-117.0,0.1835,Very Low,0.0,Very Low
67.0000_-116.5000,67.0,-116.5,0.2385,Very Low,0.0,Very Low
67.0000_-116.0000,67.0,-116.0,0.0807,Very Low,0.0,Very Low
67.0000_-115.5000,67.0,-115.5,0.0653,Very Low,0.0,Very Low
67.0000_-115.0000,67.0,-115.0,0.0144,Very Low,0.0,Very Low
67.0000_-114.5000,67.0,-114.5,0.2705,Very Low,0.0,Very Low
67.0000_-114.0000,67.0,-114.0,0.3488,Very Low,0.0,Very Low
67.0000_-113.5000,67.0,-113.5,0.2087,Very Low,0.0,Very Low
67.0000_-113.0000,67.0,-113.0,0.1298,Very Low,1.896e-05,Very Low
67.0000_-112.5000,67.0,-112.5,0.0229,Very Low,1.896e-05,Very Low
67.0000_-112.0000,67.0,-112.0,0.0238,Very Low,0.0,Very Low
67.0000_-111.5000,67.0,-111.5,0.0122,Very Low,1.896e-05,Very Low
67.0000_-111.0000,67.0,-111.0,0.0386,Very Low,0.0,Very Low
67.0000_-110.5000,67.0,-110.5,0.143,Very Low,0.0,Very Low
67.0000_-110.0000,67.0,-110.0,0.082,Very Low,0.0,Very Low
67.0000_-109.5000,67.0,-109.5,0.1581,Very Low,0.0,Very Low
67.0000_-109.0000,67.0,-109.0,0.2018,Very Low,0.0,Very Low
67.0000_-108.5000,67.0,-108.5,0.499,Very Low,0.0,Very Low
67.0000_-108.0000,67.0,-108.0,0.672,Very Low,1.896e-05,Very Low
67.0000_-107.5000,67.0,-107.5,0.4106,Very Low,0.0,Very Low
67.0000_-107.0000,67.0,-107.0,0.0655,Very Low,0.0,Very Low
67.0000_-106.5000,67.0,-106.5,0.0303,Very Low,0.0,Very Low
67.0000_-106.0000,67.0,-106.0,0.0803,Very Low,0.0,Very Low
67.0000_-105.5000,67.0,-105.5,0.2112,Very Low,0.0,Very Low
67.0000_-105.0000,67.0,-105.0,0.7432,Very Low,0.0,Very Low
67.0000_-104.5000,67.0,-104.5,1.3546,Very Low,1.896e-05,Very Low
67.0000_-104.0000,67.0,-104.0,0.9721,Very Low,1.896e-05,Very Low
67.0000_-103.5000,67.0,-103.5,1.6185,Very Low,1.896e-05,Very Low
67.0000_-103.0000,67.0,-103.0,0.8699,Very Low,1.896e-05,Very Low
67.0000_-102.5000,67.0,-102.5,0.7746,Very Low,1.896e-05,Very Low
67.0000_-102.0000,67.0,-102.0,1.1559,Very Low,1.896e-05,Very Low
67.0000_-101.5000,67.0,-101.5,0.7466,Very Low,1.896e-05,Very Low
67.0000_-101.0000,67.0,-101.0,0.6324,Very Low,1.896e-05,Very Low
67.0000_-100.5000,67.0,-100.5,0.4352,Very Low,1.896e-05,Very Low
67.0000_-100.0000,67.0,-100.0,0.6547,Very Low,1.896e-05,Very Low
67.0000_-99.5000,67.0,-99.5,1.4154,Very Low,1.896e-05,Very Low
67.0000_-99.0000,67.0,-99.0,1.4958,Very Low,1.896e-05,Very Low
67.0000_-98.5000,67.0,-98.5,0.8429,Very Low,1.896e-05,Very Low
67.0000_-98.0000,67.0,-98.0,0.497,Very Low,1.896e-05,Very Low
67.0000_-97.5000,67.0,-97.5,0.6247,Very Low,1.896e-05,Very Low
67.0000_-97.0000,67.0,-97.0,0.5264,Very Low,1.896e-05,Very Low
67.0000_-96.5000,67.0,-96.5,0.1798,Very Low,0.00015106,Low
67.0000_-96.0000,67.0,-96.0,1.5556,Very Low,7.416e-05,Low
67.0000_-95.5000,67.0,-95.5,0.0372,Very Low,0.00018179,Low
67.0000_-95.0000,67.0,-95.0,0.0,Very Low,1.896e-05,Very Low
67.0000_-94.5000,67.0,-94.5,0.0,Very Low,1.896e-05,Very Low
67.0000_-94.0000,67.0,-94.0,0.0007,Very Low,1.896e-05,Very Low
67.0000_-93.5000,67.0,-93.5,0.008,Very Low,1.896e-05,Very Low
67.0000_-93.0000,67.0,-93.0,0.2666,Very Low,7.416e-05,Low
67.0000_-92.5000,67.0,-92.5,0.0008,Very Low,1.896e-05,Very Low
67.0000_-92.0000,67.0,-92.0,0.0,Very Low,1.896e-05,Very Low
67.0000_-91.5000,67.0,-91.5,0.0201,Very Low,1.896e-05,Very Low
67.0000_-91.0000,67.0,-91.0,0.0009,Very Low,1.896e-05,Very Low
67.0000_-90.5000,67.0,-90.5,0.0064,Very Low,1.896e-05,Very Low
67.0000_-90.0000,67.0,-90.0,0.0861,Very Low,1.896e-05,Very Low
67.0000_-89.5000,67.0,-89.5,0.0307,Very Low,1.896e-05,Very Low
67.0000_-89.0000,67.0,-89.0,0.0853,Very Low,1.896e-05,Very Low
67.0000_-88.5000,67.0,-88.5,0.0466,Very Low,1.896e-05,Very Low
67.0000_-88.0000,67.0,-88.0,0.0361,Very Low,1.896e-05,Very Low
67.0000_-87.5000,67.0,-87.5,0.0142,Very Low,1.896e-05,Very Low
67.0000_-87.0000,67.0,-87.0,0.0027,Very Low,1.896e-05,Very Low
67.0000_-86.5000,67.0,-86.5,0.0127,Very Low,1.896e-05,Very Low
67.0000_-86.0000,67.0,-86.0,0.0519,Very Low,7.416e-05,Low
67.0000_-85.5000,67.0,-85.5,0.0437,Very Low,7.416e-05,Low
67.0000_-85.0000,67.0,-85.0,0.1122,Very Low,7.416e-05,Low
67.0000_-84.5000,67.0,-84.5,0.2164,Very Low,0.00053927,Low
67.0000_-84.0000,67.0,-84.0,0.1132,Very Low,7.416e-05,Low
67.0000_-83.5000,67.0,-83.5,0.1407,Very Low,7.416e-05,Low
67.0000_-83.0000,67.0,-83.0,0.4383,Very Low,1.896e-05,Very Low
67.0000_-82.5000,67.0,-82.5,2.9994,Low,1.896e-05,Very Low
67.0000_-82.0000,67.0,-82.0,5.7253,Moderate,1.896e-05,Very Low
67.0000_-81.5000,67.0,-81.5,4.5594,Moderate,1.896e-05,Very Low
67.0000_-73.0000,67.0,-73.0,9.6986,High,1.896e-05,Very Low
67.0000_-72.5000,67.0,-72.5,7.1062,Moderate,1.896e-05,Very Low
67.0000_-72.0000,67.0,-72.0,5.2487,Moderate,1.896e-05,Very Low
67.0000_-71.5000,67.0,-71.5,7.6899,Moderate,1.896e-05,Very Low
67.0000_-71.0000,67.0,-71.0,12.6335,High,1.896e-05,Very Low
67.0000_-70.5000,67.0,-70.5,14.617,High,1.896e-05,Very Low
67.0000_-70.0000,67.0,-70.0,14.2015,High,1.896e-05,Very Low
67.0000_-69.5000,67.0,-69.5,7.7968,Moderate,1.896e-05,Very Low
67.0000_-69.0000,67.0,-69.0,9.3173,High,1.896e-05,Very Low
67.0000_-68.5000,67.0,-68.5,10.1788,High,1.896e-05,Very Low
67.0000_-68.0000,67.0,-68.0,7.7722,Moderate,1.896e-05,Very Low
67.0000_-67.5000,67.0,-67.5,7.3617,Moderate,1.896e-05,Very Low
67.0000_-67.0000,67.0,-67.0,4.8768,Moderate,1.896e-05,Very Low
67.0000_-66.5000,67.0,-66.5,4.3089,Moderate,1.896e-05,Very Low
67.0000_-66.0000,67.0,-66.0,2.565,Low,1.896e-05,Very Low
67.0000_-65.5000,67.0,-65.5,2.9252,Low,1.896e-05,Very Low
67.0000_-65.0000,67.0,-65.0,3.5407,Low,1.896e-05,Very Low
67.0000_-64.5000,67.0,-64.5,0.4624,Very Low,0.0,Very Low
67.0000_-64.0000,67.0,-64.0,0.0741,Very Low,1.896e-05,Very Low
67.0000_-63.5000,67.0,-63.5,0.0951,Very Low,1.896e-05,Very Low
67.0000_-63.0000,67.0,-63.0,0.0887,Very Low,1.896e-05,Very Low
67.0000_-62.5000,67.0,-62.5,0.1825,Very Low,1.896e-05,Very Low
67.0000_-62.0000,67.0,-62.0,0.5517,Very Low,1.896e-05,Very Low
67.5000_-141.0000,67.5,-141.0,1.8542,Very Low,0.00068534,Low
67.5000_-140.5000,67.5,-140.5,0.916,Very Low,0.00068534,Low
67.5000_-140.0000,67.5,-140.0,2.4503,Low,0.00083832,Moderate
67.5000_-139.5000,67.5,-139.5,2.0843,Low,0.00083832,Moderate
67.5000_-139.0000,67.5,-139.0,1.4489,Very Low,0.00139077,Moderate
67.5000_-138.5000,67.5,-138.5,1.9499,Very Low,0.00068534,Low
67.5000_-138.0000,67.5,-138.0,1.816,Very Low,0.00068534,Low
67.5000_-137.5000,67.5,-137.5,0.527,Very Low,0.00068534,Low
67.5000_-137.0000,67.5,-137.0,0.2656,Very Low,0.00083832,Moderate
67.5000_-136.5000,67.5,-136.5,0.0007,Very Low,0.00083832,Moderate
67.5000_-136.0000,67.5,-136.0,0.0319,Very Low,7.416e-05,Low
67.5000_-135.5000,67.5,-135.5,0.3259,Very Low,0.00243473,Moderate
67.5000_-135.0000,67.5,-135.0,0.3717,Very Low,0.00355104,Moderate
67.5000_-134.5000,67.5,-134.5,0.1877,Very Low,0.0023586,Moderate
67.5000_-134.0000,67.5,-134.0,0.0865,Very Low,0.00083832,Moderate
67.5000_-133.5000,67.5,-133.5,0.6026,Very Low,0.0054932,Moderate
67.5000_-133.0000,67.5,-133.0,0.2722,Very Low,0.00083832,Moderate
67.5000_-132.5000,67.5,-132.5,0.2324,Very Low,0.00068534,Low
67.5000_-132.0000,67.5,-132.0,0.1668,Very Low,0.00083832,Moderate
67.5000_-131.5000,67.5,-131.5,0.0583,Very Low,0.00068534,Low
67.5000_-131.0000,67.5,-131.0,0.1221,Very Low,0.00068534,Low
67.5000_-130.5000,67.5,-130.5,0.0836,Very Low,0.00083832,Moderate
67.5000_-130.0000,67.5,-130.0,0.2076,Very Low,0.00105241,Moderate
67.5000_-129.5000,67.5,-129.5,0.0948,Very Low,0.00140231,Moderate
67.5000_-129.0000,67.5,-129.0,0.198,Very Low,0.00770915,Moderate
67.5000_-128.5000,67.5,-128.5,0.1715,Very Low,0.00734049,Moderate
67.5000_-128.0000,67.5,-128.0,0.3198,Very Low,0.00083832,Moderate
67.5000_-127.5000,67.5,-127.5,0.1929,Very Low,0.00068534,Low
67.5000_-127.0000,67.5,-127.0,0.1252,Very Low,0.00053927,Low
67.5000_-126.5000,67.5,-126.5,0.5081,Very Low,0.00083832,Moderate
67.5000_-126.0000,67.5,-126.0,0.5338,Very Low,0.00068534,Low
67.5000_-125.5000,67.5,-125.5,0.5714,Very Low,0.00139077,Moderate
67.5000_-125.0000,67.5,-125.0,0.6228,Very Low,0.00068534,Low
67.5000_-124.5000,67.5,-124.5,0.6157,Very Low,1.896e-05,Very Low
67.5000_-124.0000,67.5,-124.0,0.5074,Very Low,0.00068534,Low
67.5000_-123.5000,67.5,-123.5,0.4293,Very Low,0.00083832,Moderate
67.5000_-123.0000,67.5,-123.0,0.4046,Very Low,1.896e-05,Very Low
67.5000_-122.5000,67.5,-122.5,1.926,Very Low,0.00053927,Low
67.5000_-122.0000,67.5,-122.0,0.4185,Very Low,1.896e-05,Very Low
67.5000_-121.5000,67.5,-121.5,1.4149,Very Low,7.416e-05,Low
67.5000_-121.0000,67.5,-121.0,1.7198,Very Low,7.416e-05,Low
67.5000_-120.5000,67.5,-120.5,1.716,Very Low,0.00018179,Low
67.5000_-120.0000,67.5,-120.0,6.0769,Moderate,0.00053927,Low
67.5000_-119.5000,67.5,-119.5,4.5811,Moderate,7.416e-05,Low
67.5000_-119.0000,67.5,-119.0,0.6994,Very Low,1.896e-05,Very Low
67.5000_-118.5000,67.5,-118.5,1.7565,Very Low,1.896e-05,Very Low
67.5000_-118.0000,67.5,-118.0,1.4246,Very Low,1.896e-05,Very Low
67.5000_-117.5000,67.5,-117.5,0.7994,Very Low,0.0,Very Low
67.5000_-117.0000,67.5,-117.0,0.4407,Very Low,0.0,Very Low
67.5000_-116.5000,67.5,-116.5,0.2761,Very Low,0.0,Very Low
67.5000_-116.0000,67.5,-116.0,0.1978,Very Low,0.0,Very Low
67.5000_-115.5000,67.5,-115.5,0.1123,Very Low,0.0,Very Low
67.5000_-115.0000,67.5,-115.0,0.0023,Very Low,1.896e-05,Very Low
67.5000_-114.5000,67.5,-114.5,0.0018,Very Low,1.896e-05,Very Low
67.5000_-114.0000,67.5,-114.0,0.0015,Very Low,1.896e-05,Very Low
67.5000_-113.5000,67.5,-113.5,0.0004,Very Low,0.0,Very Low
67.5000_-113.0000,67.5,-113.0,0.0001,Very Low,0.0,Very Low
67.5000_-112.5000,67.5,-112.5,0.0001,Very Low,0.0,Very Low
67.5000_-112.0000,67.5,-112.0,0.0005,Very Low,0.0,Very Low
67.5000_-111.5000,67.5,-111.5,0.0,Very Low,0.0,Very Low
67.5000_-111.0000,67.5,-111.0,0.0001,Very Low,0.0,Very Low
67.5000_-110.5000,67.5,-110.5,0.0058,Very Low,0.0,Very Low
67.5000_-110.0000,67.5,-110.0,0.0192,Very Low,0.0,Very Low
67.5000_-109.5000,67.5,-109.5,0.3436,Very Low,0.0,Very Low
67.5000_-109.0000,67.5,-109.0,0.9695,Very Low,1.896e-05,Very Low
67.5000_-108.5000,67.5,-108.5,0.9518,Very Low,1.896e-05,Very Low
67.5000_-108.0000,67.5,-108.0,0.7586,Very Low,1.896e-05,Very Low
67.5000_-107.5000,67.5,-107.5,0.2536,Very Low,0.0,Very Low
67.5000_-107.0000,67.5,-107.0,0.1115,Very Low,0.0,Very Low
67.5000_-106.5000,67.5,-106.5,0.1795,Very Low,1.896e-05,Very Low
67.5000_-106.0000,67.5,-106.0,0.3414,Very Low,1.896e-05,Very Low
67.5000_-105.5000,67.5,-105.5,0.6112,Very Low,1.896e-05,Very Low
67.5000_-105.0000,67.5,-105.0,0.9151,Very Low,1.896e-05,Very Low
67.5000_-104.5000,67.5,-104.5,2.0005,Low,1.896e-05,Very Low
67.5000_-104.0000,67.5,-104.0,2.4444,Low,1.896e-05,Very Low
67.5000_-103.5000,67.5,-103.5,2.2882,Low,1.896e-05,Very Low
67.5000_-103.0000,67.5,-103.0,2.5715,Low,1.896e-05,Very Low
67.5000_-102.5000,67.5,-102.5,2.0595,Low,1.896e-05,Very Low
67.5000_-102.0000,67.5,-102.0,2.2373,Low,1.896e-05,Very Low
67.5000_-101.5000,67.5,-101.5,1.2394,Very Low,1.896e-05,Very Low
67.5000_-101.0000,67.5,-101.0,1.5653,Very Low,1.896e-05,Very Low
67.5000_-100.5000,67.5,-100.5,2.2334,Low,1.896e-05,Very Low
67.5000_-100.0000,67.5,-100.0,0.3382,Very Low,7.416e-05,Low
67.5000_-99.5000,67.5,-99.5,0.1407,Very Low,7.416e-05,Low
67.5000_-99.0000,67.5,-99.0,0.3237,Very Low,1.896e-05,Very Low
67.5000_-98.5000,67.5,-98.5,0.9116,Very Low,1.896e-05,Very Low
67.5000_-98.0000,67.5,-98.0,0.724,Very Low,1.896e-05,Very Low
67.5000_-97.5000,67.5,-97.5,0.5322,Very Low,1.896e-05,Very Low
67.5000_-97.0000,67.5,-97.0,0.0521,Very Low,1.896e-05,Very Low
67.5000_-96.5000,67.5,-96.5,2.2212,Low,1.896e-05,Very Low
67.5000_-96.0000,67.5,-96.0,4.4231,Moderate,1.896e-05,Very Low
67.5000_-95.5000,67.5,-95.5,0.2203,Very Low,0.00018179,Low
67.5000_-95.0000,67.5,-95.0,0.0,Very Low,1.896e-05,Very Low
67.5000_-94.5000,67.5,-94.5,0.0013,Very Low,1.896e-05,Very Low
67.5000_-94.0000,67.5,-94.0,0.3283,Very Low,7.416e-05,Low
67.5000_-93.5000,67.5,-93.5,0.2967,Very Low,1.896e-05,Very Low
67.5000_-93.0000,67.5,-93.0,0.0038,Very Low,1.896e-05,Very Low
67.5000_-92.5000,67.5,-92.5,0.0004,Very Low,1.896e-05,Very Low
67.5000_-92.0000,67.5,-92.0,0.001,Very Low,1.896e-05,Very Low
67.5000_-91.5000,67.5,-91.5,0.0135,Very Low,1.896e-05,Very Low
67.5000_-91.0000,67.5,-91.0,0.0004,Very Low,1.896e-05,Very Low
67.5000_-90.5000,67.5,-90.5,0.0036,Very Low,7.416e-05,Low
67.5000_-90.0000,67.5,-90.0,0.008,Very Low,1.896e-05,Very Low
67.5000_-89.5000,67.5,-89.5,0.0034,Very Low,1.896e-05,Very Low
67.5000_-89.0000,67.5,-89.0,0.0026,Very Low,1.896e-05,Very Low
67.5000_-88.5000,67.5,-88.5,0.0057,Very Low,1.896e-05,Very Low
67.5000_-88.0000,67.5,-88.0,0.0017,Very Low,1.896e-05,Very Low
67.5000_-87.5000,67.5,-87.5,0.0041,Very Low,1.896e-05,Very Low
67.5000_-86.5000,67.5,-86.5,0.0021,Very Low,1.896e-05,Very Low
67.5000_-86.0000,67.5,-86.0,0.0006,Very Low,7.416e-05,Low
67.5000_-85.5000,67.5,-85.5,0.0076,Very Low,0.00018179,Low
67.5000_-85.0000,67.5,-85.0,0.1161,Very Low,0.00018179,Low
67.5000_-84.5000,67.5,-84.5,0.4588,Very Low,1.896e-05,Very Low
67.5000_-84.0000,67.5,-84.0,3.4897,Low,1.896e-05,Very Low
67.5000_-83.5000,67.5,-83.5,5.0591,Moderate,1.896e-05,Very Low
67.5000_-83.0000,67.5,-83.0,6.977,Moderate,1.896e-05,Very Low
67.5000_-82.5000,67.5,-82.5,6.0309,Moderate,1.896e-05,Very Low
67.5000_-82.0000,67.5,-82.0,6.1409,Moderate,1.896e-05,Very Low
67.5000_-81.5000,67.5,-81.5,6.5823,Moderate,1.896e-05,Very Low
67.5000_-77.0000,67.5,-77.0,2.9884,Low,7.416e-05,Low
67.5000_-76.5000,67.5,-76.5,3.5576,Low,1.896e-05,Very Low
67.5000_-76.0000,67.5,-76.0,5.2485,Moderate,1.896e-05,Very Low
67.5000_-75.5000,67.5,-75.5,6.6739,Moderate,1.896e-05,Very Low
67.5000_-75.0000,67.5,-75.0,6.4316,Moderate,1.896e-05,Very Low
67.5000_-72.5000,67.5,-72.5,8.036,High,1.896e-05,Very Low
67.5000_-72.0000,67.5,-72.0,6.0566,Moderate,1.896e-05,Very Low
67.5000_-71.5000,67.5,-71.5,8.3894,High,1.896e-05,Very Low
67.5000_-71.0000,67.5,-71.0,14.0263,High,1.896e-05,Very Low
67.5000_-70.5000,67.5,-70.5,19.2741,Very High,1.896e-05,Very Low
67.5000_-70.0000,67.5,-70.0,19.1407,Very High,1.896e-05,Very Low
67.5000_-69.5000,67.5,-69.5,11.1649,High,1.896e-05,Very Low
67.5000_-69.0000,67.5,-69.0,8.6998,High,1.896e-05,Very Low
67.5000_-68.5000,67.5,-68.5,12.2811,High,1.896e-05,Very Low
67.5000_-68.0000,67.5,-68.0,8.8806,High,1.896e-05,Very Low
67.5000_-67.5000,67.5,-67.5,6.7126,Moderate,1.896e-05,Very Low
67.5000_-67.0000,67.5,-67.0,5.5718,Moderate,1.896e-05,Very Low
67.5000_-66.5000,67.5,-66.5,5.7022,Moderate,1.896e-05,Very Low
67.5000_-66.0000,67.5,-66.0,4.2665,Moderate,1.896e-05,Very Low
67.5000_-65.5000,67.5,-65.5,3.8451,Low,1.896e-05,Very Low
67.5000_-65.0000,67.5,-65.0,5.6124,Moderate,1.896e-05,Very Low
67.5000_-64.5000,67.5,-64.5,2.6247,Low,1.896e-05,Very Low
67.5000_-64.0000,67.5,-64.0,0.6445,Very Low,1.896e-05,Very Low
68.0000_-141.0000,68.0,-141.0,0.8304,Very Low,1.896e-05,Very Low
68.0000_-140.5000,68.0,-140.5,1.3525,Very Low,0.00068534,Low
68.0000_-140.0000,68.0,-140.0,1.0975,Very Low,0.00068534,Low
68.0000_-139.5000,68.0,-139.5,0.9619,Very Low,0.00105241,Moderate
68.0000_-139.0000,68.0,-139.0,1.506,Very Low,0.00068534,Low
68.0000_-138.5000,68.0,-138.5,1.333,Very Low,0.00068534,Low
68.0000_-138.0000,68.0,-138.0,0.509,Very Low,0.00068534,Low
68.0000_-137.5000,68.0,-137.5,0.2645,Very Low,0.00053927,Low
68.0000_-137.0000,68.0,-137.0,0.1062,Very Low,1.896e-05,Very Low
68.0000_-136.5000,68.0,-136.5,0.086,Very Low,0.0,Very Low
68.0000_-136.0000,68.0,-136.0,0.0784,Very Low,0.00068534,Low
68.0000_-135.5000,68.0,-135.5,0.0,Very Low,0.00083832,Moderate
68.0000_-135.0000,68.0,-135.0,0.0162,Very Low,0.00068534,Low
68.0000_-134.5000,68.0,-134.5,0.04,Very Low,0.00053927,Low
68.0000_-134.0000,68.0,-134.0,0.0606,Very Low,0.00140231,Moderate
68.0000_-133.5000,68.0,-133.5,0.0846,Very Low,0.00140231,Moderate
68.0000_-133.0000,68.0,-133.0,0.0263,Very Low,0.00243473,Moderate
68.0000_-132.5000,68.0,-132.5,0.1997,Very Low,0.00083832,Moderate
68.0000_-132.0000,68.0,-132.0,0.553,Very Low,0.0023586,Moderate
68.0000_-131.5000,68.0,-131.5,0.8256,Very Low,0.00632347,Moderate
68.0000_-131.0000,68.0,-131.0,0.7869,Very Low,0.00140231,Moderate
68.0000_-130.5000,68.0,-130.5,0.4316,Very Low,0.00139077,Moderate
68.0000_-130.0000,68.0,-130.0,0.597,Very Low,0.00333659,Moderate
68.0000_-129.5000,68.0,-129.5,0.9088,Very Low,0.0023586,Moderate
68.0000_-129.0000,68.0,-129.0,1.1105,Very Low,0.0023586,Moderate
68.0000_-128.5000,68.0,-128.5,0.5759,Very Low,0.00105241,Moderate
68.0000_-128.0000,68.0,-128.0,0.7866,Very Low,0.0023586,Moderate
68.0000_-127.5000,68.0,-127.5,0.7575,Very Low,0.0023586,Moderate
68.0000_-127.0000,68.0,-127.0,0.7146,Very Low,0.00083832,Moderate
68.0000_-126.5000,68.0,-126.5,0.6128,Very Low,0.00083832,Moderate
68.0000_-126.0000,68.0,-126.0,0.5743,Very Low,0.00105241,Moderate
68.0000_-125.5000,68.0,-125.5,0.1559,Very Low,0.00068534,Low
68.0000_-125.0000,68.0,-125.0,0.1132,Very Low,0.00053927,Low
68.0000_-124.5000,68.0,-124.5,0.0289,Very Low,1.896e-05,Very Low
68.0000_-124.0000,68.0,-124.0,0.1142,Very Low,7.416e-05,Low
68.0000_-123.5000,68.0,-123.5,0.2643,Very Low,0.00068534,Low
68.0000_-123.0000,68.0,-123.0,0.1906,Very Low,1.896e-05,Very Low
68.0000_-122.5000,68.0,-122.5,0.3902,Very Low,1.896e-05,Very Low
68.0000_-122.0000,68.0,-122.0,0.2375,Very Low,1.896e-05,Very Low
68.0000_-121.5000,68.0,-121.5,0.2867,Very Low,1.896e-05,Very Low
68.0000_-121.0000,68.0,-121.0,0.8592,Very Low,1.896e-05,Very Low
68.0000_-120.5000,68.0,-120.5,0.9648,Very Low,1.896e-05,Very Low
68.0000_-120.0000,68.0,-120.0,2.4692,Low,1.896e-05,Very Low
68.0000_-119.5000,68.0,-119.5,4.0768,Moderate,1.896e-05,Very Low
68.0000_-119.0000,68.0,-119.0,1.4704,Very Low,1.896e-05,Very Low
68.0000_-118.5000,68.0,-118.5,0.6215,Very Low,0.0,Very Low
68.0000_-118.0000,68.0,-118.0,0.3753,Very Low,0.0,Very Low
68.0000_-117.5000,68.0,-117.5,0.3006,Very Low,0.0,Very Low
68.0000_-117.0000,68.0,-117.0,0.2408,Very Low,0.0,Very Low
68.0000_-116.5000,68.0,-116.5,0.2275,Very Low,0.0,Very Low
68.0000_-116.0000,68.0,-116.0,0.1914,Very Low,0.0,Very Low
68.0000_-115.5000,68.0,-115.5,0.4375,Very Low,0.0,Very Low
68.0000_-115.0000,68.0,-115.0,0.7273,Very Low,1.896e-05,Very Low
68.0000_-113.5000,68.0,-113.5,0.4637,Very Low,0.0,Very Low
68.0000_-113.0000,68.0,-113.0,0.3143,Very Low,0.0,Very Low
68.0000_-111.0000,68.0,-111.0,2.3395,Low,1.896e-05,Very Low
68.0000_-110.5000,68.0,-110.5,1.8603,Very Low,1.896e-05,Very Low
68.0000_-110.0000,68.0,-110.0,3.1803,Low,0.0,Very Low
68.0000_-109.5000,68.0,-109.5,2.5069,Low,0.0,Very Low
68.0000_-109.0000,68.0,-109.0,3.1208,Low,1.896e-05,Very Low
68.0000_-108.0000,68.0,-108.0,4.4577,Moderate,1.896e-05,Very Low
68.0000_-107.5000,68.0,-107.5,4.4303,Moderate,1.896e-05,Very Low
68.0000_-107.0000,68.0,-107.0,2.5095,Low,1.896e-05,Very Low
68.0000_-106.5000,68.0,-106.5,1.0352,Very Low,1.896e-05,Very Low
68.0000_-106.0000,68.0,-106.0,0.8036,Very Low,1.896e-05,Very Low
68.0000_-105.5000,68.0,-105.5,0.8908,Very Low,1.896e-05,Very Low
68.0000_-105.0000,68.0,-105.0,0.7811,Very Low,1.896e-05,Very Low
68.0000_-104.5000,68.0,-104.5,0.8404,Very Low,1.896e-05,Very Low
68.0000_-104.0000,68.0,-104.0,1.1533,Very Low,1.896e-05,Very Low
68.0000_-103.5000,68.0,-103.5,0.177,Very Low,1.896e-05,Very Low
68.0000_-103.0000,68.0,-103.0,1.7961,Very Low,1.896e-05,Very Low
68.0000_-99.0000,68.0,-99.0,5.3254,Moderate,1.896e-05,Very Low
68.0000_-98.5000,68.0,-98.5,0.2198,Very Low,0.00018179,Low
68.0000_-98.0000,68.0,-98.0,0.298,Very Low,1.896e-05,Very Low
68.0000_-97.5000,68.0,-97.5,0.2227,Very Low,7.416e-05,Low
68.0000_-97.0000,68.0,-97.0,1.183,Very Low,7.416e-05,Low
68.0000_-96.5000,68.0,-96.5,0.7697,Very Low,7.416e-05,Low
68.0000_-96.0000,68.0,-96.0,1.278,Very Low,1.896e-05,Very Low
68.0000_-95.5000,68.0,-95.5,0.15,Very Low,7.416e-05,Low
68.0000_-95.0000,68.0,-95.0,0.0004,Very Low,7.416e-05,Low
68.0000_-94.5000,68.0,-94.5,0.0022,Very Low,7.416e-05,Low
68.0000_-94.0000,68.0,-94.0,0.0663,Very Low,0.00018179,Low
68.0000_-93.5000,68.0,-93.5,0.6938,Very Low,1.896e-05,Very Low
68.0000_-93.0000,68.0,-93.0,1.4822,Very Low,1.896e-05,Very Low
68.0000_-92.5000,68.0,-92.5,0.0874,Very Low,0.00015106,Low
68.0000_-92.0000,68.0,-92.0,0.047,Very Low,0.00053927,Low
68.0000_-91.5000,68.0,-91.5,0.143,Very Low,7.416e-05,Low
68.0000_-91.0000,68.0,-91.0,0.2796,Very Low,7.416e-05,Low
68.0000_-90.5000,68.0,-90.5,0.0139,Very Low,7.416e-05,Low
68.0000_-90.0000,68.0,-90.0,0.0305,Very Low,7.416e-05,Low
68.0000_-89.5000,68.0,-89.5,0.0064,Very Low,1.896e-05,Very Low
68.0000_-89.0000,68.0,-89.0,0.0007,Very Low,1.896e-05,Very Low
68.0000_-88.5000,68.0,-88.5,0.0032,Very Low,1.896e-05,Very Low
68.0000_-87.0000,68.0,-87.0,0.0031,Very Low,1.896e-05,Very Low
68.0000_-86.5000,68.0,-86.5,0.0,Very Low,1.896e-05,Very Low
68.0000_-86.0000,68.0,-86.0,0.0,Very Low,1.896e-05,Very Low
68.0000_-85.5000,68.0,-85.5,0.036,Very Low,0.00053927,Low
68.0000_-85.0000,68.0,-85.0,0.7642,Very Low,1.896e-05,Very Low
68.0000_-84.5000,68.0,-84.5,4.6278,Moderate,1.896e-05,Very Low
68.0000_-84.0000,68.0,-84.0,6.3795,Moderate,1.896e-05,Very Low
68.0000_-83.5000,68.0,-83.5,6.1307,Moderate,1.896e-05,Very Low
68.0000_-83.0000,68.0,-83.0,7.7994,Moderate,1.896e-05,Very Low
68.0000_-82.5000,68.0,-82.5,7.4457,Moderate,1.896e-05,Very Low
68.0000_-82.0000,68.0,-82.0,6.291,Moderate,1.896e-05,Very Low
68.0000_-77.0000,68.0,-77.0,2.9306,Low,7.416e-05,Low
68.0000_-76.5000,68.0,-76.5,3.3438,Low,7.416e-05,Low
68.0000_-76.0000,68.0,-76.0,4.7026,Moderate,1.896e-05,Very Low
68.0000_-75.5000,68.0,-75.5,6.0386,Moderate,1.896e-05,Very Low
68.0000_-75.0000,68.0,-75.0,6.8943,Moderate,1.896e-05,Very Low
68.0000_-74.5000,68.0,-74.5,5.6897,Moderate,1.896e-05,Very Low
68.0000_-74.0000,68.0,-74.0,5.3901,Moderate,1.896e-05,Very Low
68.0000_-73.5000,68.0,-73.5,6.6485,Moderate,7.416e-05,Low
68.0000_-73.0000,68.0,-73.0,9.3412,High,1.896e-05,Very Low
68.0000_-72.5000,68.0,-72.5,9.3906,High,1.896e-05,Very Low
68.0000_-72.0000,68.0,-72.0,8.0433,High,1.896e-05,Very Low
68.0000_-71.5000,68.0,-71.5,9.1225,High,1.896e-05,Very Low
68.0000_-71.0000,68.0,-71.0,11.6158,High,1.896e-05,Very Low
68.0000_-70.5000,68.0,-70.5,18.4736,Very High,1.896e-05,Very Low
68.0000_-70.0000,68.0,-70.0,20.2023,Very High,1.896e-05,Very Low
68.0000_-69.5000,68.0,-69.5,13.6024,High,1.896e-05,Very Low
68.0000_-69.0000,68.0,-69.0,8.7524,High,1.896e-05,Very Low
68.0000_-68.5000,68.0,-68.5,11.3089,High,1.896e-05,Very Low
68.0000_-68.0000,68.0,-68.0,10.4743,High,1.896e-05,Very Low
68.0000_-67.5000,68.0,-67.5,8.4901,High,1.896e-05,Very Low
68.0000_-67.0000,68.0,-67.0,6.8438,Moderate,1.896e-05,Very Low
68.0000_-66.5000,68.0,-66.5,5.4933,Moderate,1.896e-05,Very Low
68.0000_-66.0000,68.0,-66.0,5.8496,Moderate,1.896e-05,Very Low
68.0000_-65.5000,68.0,-65.5,4.3653,Moderate,1.896e-05,Very Low
68.0000_-65.0000,68.0,-65.0,6.2614,Moderate,1.896e-05,Very Low
68.0000_-64.5000,68.0,-64.5,4.6389,Moderate,1.896e-05,Very Low
68.5000_-141.0000,68.5,-141.0,0.608,Very Low,1.896e-05,Very Low
68.5000_-140.5000,68.5,-140.5,0.6752,Very Low,0.00068534,Low
68.5000_-140.0000,68.5,-140.0,0.5577,Very Low,0.00068534,Low
68.5000_-139.5000,68.5,-139.5,0.4947,Very Low,0.00083832,Moderate
68.5000_-139.0000,68.5,-139.0,0.0118,Very Low,0.00068534,Low
68.5000_-138.5000,68.5,-138.5,0.0063,Very Low,0.00053927,Low
68.5000_-138.0000,68.5,-138.0,0.0063,Very Low,1.896e-05,Very Low
68.5000_-137.5000,68.5,-137.5,0.004,Very Low,1.896e-05,Very Low
68.5000_-137.0000,68.5,-137.0,0.0004,Very Low,0.00068534,Low
68.5000_-136.5000,68.5,-136.5,0.0017,Very Low,1.896e-05,Very Low
68.5000_-136.0000,68.5,-136.0,0.0043,Very Low,7.416e-05,Low
68.5000_-135.5000,68.5,-135.5,0.2271,Very Low,0.00053927,Low
68.5000_-135.0000,68.5,-135.0,0.2632,Very Low,1.896e-05,Very Low
68.5000_-134.5000,68.5,-134.5,0.0794,Very Low,1.896e-05,Very Low
68.5000_-134.0000,68.5,-134.0,0.1673,Very Low,0.00083832,Moderate
68.5000_-133.5000,68.5,-133.5,0.1398,Very Low,0.0023586,Moderate
68.5000_-133.0000,68.5,-133.0,0.2306,Very Low,0.00140231,Moderate
68.5000_-132.5000,68.5,-132.5,0.5679,Very Low,0.00083832,Moderate
68.5000_-132.0000,68.5,-132.0,0.5325,Very Low,0.00355104,Moderate
68.5000_-131.5000,68.5,-131.5,0.6404,Very Low,0.00105241,Moderate
68.5000_-131.0000,68.5,-131.0,0.9816,Very Low,0.00083832,Moderate
68.5000_-130.5000,68.5,-130.5,2.7192,Low,0.0023586,Moderate
68.5000_-130.0000,68.5,-130.0,3.1378,Low,0.0023586,Moderate
68.5000_-129.5000,68.5,-129.5,2.4754,Low,0.00139077,Moderate
68.5000_-129.0000,68.5,-129.0,2.2057,Low,0.00139077,Moderate
68.5000_-128.5000,68.5,-128.5,3.0076,Low,0.00083832,Moderate
68.5000_-128.0000,68.5,-128.0,1.7638,Very Low,0.00083832,Moderate
68.5000_-127.5000,68.5,-127.5,0.7601,Very Low,0.0023586,Moderate
68.5000_-127.0000,68.5,-127.0,0.4637,Very Low,0.0054932,Moderate
68.5000_-126.5000,68.5,-126.5,0.3597,Very Low,0.00053927,Low
68.5000_-126.0000,68.5,-126.0,0.0914,Very Low,1.896e-05,Very Low
68.5000_-125.5000,68.5,-125.5,0.0035,Very Low,0.00068534,Low
68.5000_-125.0000,68.5,-125.0,0.001,Very Low,1.896e-05,Very Low
68.5000_-124.5000,68.5,-124.5,0.0012,Very Low,1.896e-05,Very Low
68.5000_-124.0000,68.5,-124.0,0.0011,Very Low,1.896e-05,Very Low
68.5000_-123.5000,68.5,-123.5,0.0,Very Low,1.896e-05,Very Low
68.5000_-123.0000,68.5,-123.0,0.0,Very Low,1.896e-05,Very Low
68.5000_-122.5000,68.5,-122.5,0.0052,Very Low,1.896e-05,Very Low
68.5000_-122.0000,68.5,-122.0,0.0006,Very Low,1.896e-05,Very Low
68.5000_-121.5000,68.5,-121.5,0.0002,Very Low,1.896e-05,Very Low
68.5000_-121.0000,68.5,-121.0,0.7676,Very Low,1.896e-05,Very Low
68.5000_-120.5000,68.5,-120.5,1.9615,Very Low,1.896e-05,Very Low
68.5000_-120.0000,68.5,-120.0,3.6229,Low,1.896e-05,Very Low
68.5000_-119.5000,68.5,-119.5,6.6418,Moderate,1.896e-05,Very Low
68.5000_-119.0000,68.5,-119.0,4.2743,Moderate,1.896e-05,Very Low
68.5000_-118.5000,68.5,-118.5,3.2084,Low,1.896e-05,Very Low
68.5000_-118.0000,68.5,-118.0,0.6499,Very Low,0.0,Very Low
68.5000_-117.5000,68.5,-117.5,0.7057,Very Low,0.0,Very Low
68.5000_-117.0000,68.5,-117.0,0.9488,Very Low,0.0,Very Low
68.5000_-116.5000,68.5,-116.5,0.5296,Very Low,0.0,Very Low
68.5000_-116.0000,68.5,-116.0,0.1662,Very Low,0.0,Very Low
68.5000_-115.5000,68.5,-115.5,0.0628,Very Low,0.0,Very Low
68.5000_-115.0000,68.5,-115.0,0.1123,Very Low,0.0,Very Low
68.5000_-114.5000,68.5,-114.5,0.3143,Very Low,0.0,Very Low
68.5000_-114.0000,68.5,-114.0,0.3234,Very Low,0.0,Very Low
68.5000_-113.5000,68.5,-113.5,0.719,Very Low,1.896e-05,Very Low
68.5000_-113.0000,68.5,-113.0,0.3264,Very Low,0.0,Very Low
68.5000_-112.5000,68.5,-112.5,1.1134,Very Low,1.896e-05,Very Low
68.5000_-112.0000,68.5,-112.0,4.493,Moderate,1.896e-05,Very Low
68.5000_-111.5000,68.5,-111.5,5.5782,Moderate,1.896e-05,Very Low
68.5000_-111.0000,68.5,-111.0,4.0866,Moderate,1.896e-05,Very Low
68.5000_-110.5000,68.5,-110.5,5.1329,Moderate,1.896e-05,Very Low
68.5000_-108.5000,68.5,-108.5,3.9118,Low,1.896e-05,Very Low
68.5000_-108.0000,68.5,-108.0,3.1125,Low,7.416e-05,Low
68.5000_-107.5000,68.5,-107.5,3.4971,Low,1.896e-05,Very Low
68.5000_-107.0000,68.5,-107.0,2.75,Low,7.416e-05,Low
68.5000_-106.5000,68.5,-106.5,5.248,Moderate,0.00018179,Low
68.5000_-106.0000,68.5,-106.0,7.5303,Moderate,0.00053927,Low
68.5000_-105.5000,68.5,-105.5,4.1442,Moderate,7.416e-05,Low
68.5000_-105.0000,68.5,-105.0,6.0879,Moderate,1.896e-05,Very Low
68.5000_-104.5000,68.5,-104.5,2.7955,Low,1.896e-05,Very Low
68.5000_-102.0000,68.5,-102.0,2.6134,Low,1.896e-05,Very Low
68.5000_-98.5000,68.5,-98.5,2.2891,Low,1.896e-05,Very Low
68.5000_-98.0000,68.5,-98.0,3.7604,Low,1.896e-05,Very Low
68.5000_-97.5000,68.5,-97.5,1.3388,Very Low,1.896e-05,Very Low
68.5000_-97.0000,68.5,-97.0,2.0422,Low,1.896e-05,Very Low
68.5000_-96.5000,68.5,-96.5,0.8537,Very Low,1.896e-05,Very Low
68.5000_-96.0000,68.5,-96.0,1.4596,Very Low,1.896e-05,Very Low
68.5000_-94.0000,68.5,-94.0,0.4423,Very Low,7.416e-05,Low
68.5000_-93.5000,68.5,-93.5,0.0715,Very Low,1.896e-05,Very Low
68.5000_-93.0000,68.5,-93.0,0.1342,Very Low,7.416e-05,Low
68.5000_-92.5000,68.5,-92.5,0.0042,Very Low,0.00053927,Low
68.5000_-92.0000,68.5,-92.0,0.0009,Very Low,0.00053927,Low
68.5000_-91.5000,68.5,-91.5,0.0271,Very Low,0.00053927,Low
68.5000_-91.0000,68.5,-91.0,0.003,Very Low,7.416e-05,Low
68.5000_-90.5000,68.5,-90.5,0.0018,Very Low,1.896e-05,Very Low
68.5000_-90.0000,68.5,-90.0,0.0014,Very Low,1.896e-05,Very Low
68.5000_-89.5000,68.5,-89.5,0.0011,Very Low,1.896e-05,Very Low
68.5000_-89.0000,68.5,-89.0,0.0034,Very Low,1.896e-05,Very Low
68.5000_-88.5000,68.5,-88.5,0.0002,Very Low,1.896e-05,Very Low
68.5000_-88.0000,68.5,-88.0,0.0003,Very Low,1.896e-05,Very Low
68.5000_-85.5000,68.5,-85.5,4.4301,Moderate,1.896e-05,Very Low
68.5000_-85.0000,68.5,-85.0,5.3728,Moderate,1.896e-05,Very Low
68.5000_-84.5000,68.5,-84.5,6.1339,Moderate,1.896e-05,Very Low
68.5000_-84.0000,68.5,-84.0,7.0595,Moderate,1.896e-05,Very Low
68.5000_-83.5000,68.5,-83.5,7.2728,Moderate,1.896e-05,Very Low
68.5000_-83.0000,68.5,-83.0,8.0059,High,1.896e-05,Very Low
68.5000_-82.5000,68.5,-82.5,7.6562,Moderate,1.896e-05,Very Low
68.5000_-82.0000,68.5,-82.0,6.6772,Moderate,7.416e-05,Low
68.5000_-81.5000,68.5,-81.5,6.4686,Moderate,1.896e-05,Very Low
68.5000_-79.0000,68.5,-79.0,3.2712,Low,7.416e-05,Low
68.5000_-78.5000,68.5,-78.5,3.0507,Low,1.896e-05,Very Low
68.5000_-75.5000,68.5,-75.5,5.105,Moderate,1.896e-05,Very Low
68.5000_-75.0000,68.5,-75.0,6.1044,Moderate,1.896e-05,Very Low
68.5000_-74.5000,68.5,-74.5,5.4591,Moderate,7.416e-05,Low
68.5000_-74.0000,68.5,-74.0,5.351,Moderate,1.896e-05,Very Low
68.5000_-73.5000,68.5,-73.5,6.3412,Moderate,1.896e-05,Very Low
68.5000_-73.0000,68.5,-73.0,8.548,High,1.896e-05,Very Low
68.5000_-72.5000,68.5,-72.5,10.7473,High,1.896e-05,Very Low
68.5000_-72.0000,68.5,-72.0,8.2197,High,1.896e-05,Very Low
68.5000_-71.5000,68.5,-71.5,7.2208,Moderate,1.896e-05,Very Low
68.5000_-71.0000,68.5,-71.0,8.7937,High,1.896e-05,Very Low
68.5000_-70.5000,68.5,-70.5,15.3198,High,1.896e-05,Very Low
68.5000_-70.0000,68.5,-70.0,18.2416,Very High,1.896e-05,Very Low
68.5000_-69.5000,68.5,-69.5,17.33,High,1.896e-05,Very Low
68.5000_-69.0000,68.5,-69.0,7.9183,Moderate,1.896e-05,Very Low
68.5000_-68.5000,68.5,-68.5,8.3698,High,1.896e-05,Very Low
68.5000_-68.0000,68.5,-68.0,9.2702,High,1.896e-05,Very Low
68.5000_-67.5000,68.5,-67.5,6.6382,Moderate,1.896e-05,Very Low
68.5000_-67.0000,68.5,-67.0,6.8728,Moderate,1.896e-05,Very Low
68.5000_-66.5000,68.5,-66.5,5.3979,Moderate,1.896e-05,Very Low
69.0000_-141.0000,69.0,-141.0,0.1422,Very Low,1.896e-05,Very Low
69.0000_-140.5000,69.0,-140.5,0.0116,Very Low,1.896e-05,Very Low
69.0000_-140.0000,69.0,-140.0,0.0077,Very Low,1.896e-05,Very Low
69.0000_-139.5000,69.0,-139.5,0.0234,Very Low,1.896e-05,Very Low
69.0000_-139.0000,69.0,-139.0,0.0161,Very Low,0.0,Very Low
69.0000_-138.5000,69.0,-138.5,0.1675,Very Low,1.896e-05,Very Low
69.0000_-138.0000,69.0,-138.0,0.2391,Very Low,7.416e-05,Low
69.0000_-137.5000,69.0,-137.5,0.2919,Very Low,1.896e-05,Very Low
69.0000_-137.0000,69.0,-137.0,0.2768,Very Low,0.0,Very Low
69.0000_-136.5000,69.0,-136.5,0.352,Very Low,0.00053927,Low
69.0000_-136.0000,69.0,-136.0,0.4707,Very Low,1.896e-05,Very Low
69.0000_-135.5000,69.0,-135.5,0.3129,Very Low,1.896e-05,Very Low
69.0000_-135.0000,69.0,-135.0,0.3041,Very Low,1.896e-05,Very Low
69.0000_-134.5000,69.0,-134.5,0.3778,Very Low,0.00068534,Low
69.0000_-134.0000,69.0,-134.0,0.4051,Very Low,0.00068534,Low
69.0000_-133.5000,69.0,-133.5,0.6276,Very Low,0.00083832,Moderate
69.0000_-133.0000,69.0,-133.0,1.1677,Very Low,0.00068534,Low
69.0000_-132.5000,69.0,-132.5,0.9832,Very Low,0.00243473,Moderate
69.0000_-132.0000,69.0,-132.0,1.8677,Very Low,0.00083832,Moderate
69.0000_-131.5000,69.0,-131.5,3.5163,Low,0.00083832,Moderate
69.0000_-131.0000,69.0,-131.0,2.6055,Low,0.00083832,Moderate
69.0000_-130.5000,69.0,-130.5,2.5436,Low,0.00083832,Moderate
69.0000_-130.0000,69.0,-130.0,4.1111,Moderate,0.00139077,Moderate
69.0000_-129.5000,69.0,-129.5,2.7742,Low,0.00083832,Moderate
69.0000_-129.0000,69.0,-129.0,1.4167,Very Low,0.00068534,Low
69.0000_-128.5000,69.0,-128.5,4.8676,Moderate,0.0023586,Moderate
69.0000_-128.0000,69.0,-128.0,3.5297,Low,0.00083832,Moderate
69.0000_-127.5000,69.0,-127.5,3.3109,Low,0.00083832,Moderate
69.0000_-127.0000,69.0,-127.0,4.2155,Moderate,0.00053927,Low
69.0000_-126.5000,69.0,-126.5,4.8656,Moderate,0.00053927,Low
69.0000_-126.0000,69.0,-126.0,2.8712,Low,0.00053927,Low
69.0000_-125.5000,69.0,-125.5,2.7774,Low,0.00053927,Low
69.0000_-125.0000,69.0,-125.0,0.6359,Very Low,7.416e-05,Low
69.0000_-124.5000,69.0,-124.5,0.0909,Very Low,1.896e-05,Very Low
69.0000_-124.0000,69.0,-124.0,0.0329,Very Low,1.896e-05,Very Low
69.0000_-123.5000,69.0,-123.5,0.0027,Very Low,1.896e-05,Very Low
69.0000_-123.0000,69.0,-123.0,0.0,Very Low,1.896e-05,Very Low
69.0000_-122.5000,69.0,-122.5,0.0,Very Low,1.896e-05,Very Low
69.0000_-122.0000,69.0,-122.0,0.0,Very Low,1.896e-05,Very Low
69.0000_-121.5000,69.0,-121.5,0.0205,Very Low,1.896e-05,Very Low
69.0000_-121.0000,69.0,-121.0,0.9933,Very Low,1.896e-05,Very Low
69.0000_-120.5000,69.0,-120.5,4.819,Moderate,7.416e-05,Low
69.0000_-120.0000,69.0,-120.0,6.34,Moderate,0.00053927,Low
69.0000_-119.5000,69.0,-119.5,4.4622,Moderate,7.416e-05,Low
69.0000_-119.0000,69.0,-119.0,4.5703,Moderate,1.896e-05,Very Low
69.0000_-118.5000,69.0,-118.5,3.614,Low,1.896e-05,Very Low
69.0000_-118.0000,69.0,-118.0,4.1512,Moderate,1.896e-05,Very Low
69.0000_-117.5000,69.0,-117.5,5.1395,Moderate,1.896e-05,Very Low
69.0000_-117.0000,69.0,-117.0,5.3342,Moderate,0.0,Very Low
69.0000_-116.5000,69.0,-116.5,4.2178,Moderate,0.0,Very Low
69.0000_-116.0000,69.0,-116.0,3.0658,Low,1.896e-05,Very Low
69.0000_-115.5000,69.0,-115.5,3.9813,Low,1.896e-05,Very Low
69.0000_-113.5000,69.0,-113.5,4.9442,Moderate,1.896e-05,Very Low
69.0000_-113.0000,69.0,-113.0,0.3561,Very Low,0.00053927,Low
69.0000_-112.5000,69.0,-112.5,0.3902,Very Low,1.896e-05,Very Low
69.0000_-112.0000,69.0,-112.0,0.9005,Very Low,1.896e-05,Very Low
69.0000_-111.5000,69.0,-111.5,0.674,Very Low,1.896e-05,Very Low
69.0000_-111.0000,69.0,-111.0,0.6634,Very Low,1.896e-05,Very Low
69.0000_-110.5000,69.0,-110.5,1.7622,Very Low,1.896e-05,Very Low
69.0000_-110.0000,69.0,-110.0,1.8459,Very Low,1.896e-05,Very Low
69.0000_-109.5000,69.0,-109.5,0.7063,Very Low,1.896e-05,Very Low
69.0000_-109.0000,69.0,-109.0,0.6795,Very Low,1.896e-05,Very Low
69.0000_-108.5000,69.0,-108.5,0.5716,Very Low,1.896e-05,Very Low
69.0000_-108.0000,69.0,-108.0,0.5065,Very Low,1.896e-05,Very Low
69.0000_-107.5000,69.0,-107.5,1.3469,Very Low,1.896e-05,Very Low
69.0000_-106.0000,69.0,-106.0,2.5147,Low,7.416e-05,Low
69.0000_-105.5000,69.0,-105.5,1.7029,Very Low,1.896e-05,Very Low
69.0000_-105.0000,69.0,-105.0,0.8552,Very Low,0.00015106,Low
69.0000_-104.5000,69.0,-104.5,1.3238,Very Low,0.00053927,Low
69.0000_-104.0000,69.0,-104.0,1.8534,Very Low,0.00053927,Low
69.0000_-103.5000,69.0,-103.5,1.6984,Very Low,0.00053927,Low
69.0000_-103.0000,69.0,-103.0,1.4234,Very Low,7.416e-05,Low
69.0000_-102.5000,69.0,-102.5,1.2575,Very Low,7.416e-05,Low
69.0000_-102.0000,69.0,-102.0,1.2842,Very Low,7.416e-05,Low
69.0000_-100.5000,69.0,-100.5,0.6029,Very Low,1.896e-05,Very Low
69.0000_-100.0000,69.0,-100.0,0.3439,Very Low,1.896e-05,Very Low
69.0000_-99.5000,69.0,-99.5,0.5778,Very Low,1.896e-05,Very Low
69.0000_-99.0000,69.0,-99.0,0.2026,Very Low,1.896e-05,Very Low
69.0000_-98.5000,69.0,-98.5,0.1718,Very Low,1.896e-05,Very Low
69.0000_-98.0000,69.0,-98.0,0.205,Very Low,1.896e-05,Very Low
69.0000_-97.5000,69.0,-97.5,0.1793,Very Low,1.896e-05,Very Low
69.0000_-97.0000,69.0,-97.0,0.0966,Very Low,1.896e-05,Very Low
69.0000_-96.5000,69.0,-96.5,0.0345,Very Low,1.896e-05,Very Low
69.0000_-96.0000,69.0,-96.0,0.1415,Very Low,1.896e-05,Very Low
69.0000_-94.5000,69.0,-94.5,0.0385,Very Low,7.416e-05,Low
69.0000_-94.0000,69.0,-94.0,0.0383,Very Low,0.00018179,Low
69.0000_-93.5000,69.0,-93.5,0.1823,Very Low,7.416e-05,Low
69.0000_-93.0000,69.0,-93.0,0.1118,Very Low,0.00053927,Low
69.0000_-92.5000,69.0,-92.5,0.0499,Very Low,0.00053927,Low
69.0000_-92.0000,69.0,-92.0,0.1298,Very Low,0.00053927,Low
69.0000_-91.5000,69.0,-91.5,0.0319,Very Low,7.416e-05,Low
69.0000_-91.0000,69.0,-91.0,0.0121,Very Low,7.416e-05,Low
69.0000_-90.5000,69.0,-90.5,0.2138,Very Low,0.00053927,Low
69.0000_-90.0000,69.0,-90.0,0.1896,Very Low,7.416e-05,Low
69.0000_-89.5000,69.0,-89.5,0.3199,Very Low,1.896e-05,Very Low
69.0000_-89.0000,69.0,-89.0,0.0237,Very Low,1.896e-05,Very Low
69.0000_-88.5000,69.0,-88.5,0.0001,Very Low,1.896e-05,Very Low
69.0000_-85.0000,69.0,-85.0,5.1089,Moderate,1.896e-05,Very Low
69.0000_-84.5000,69.0,-84.5,5.7707,Moderate,1.896e-05,Very Low
69.0000_-84.0000,69.0,-84.0,7.5521,Moderate,1.896e-05,Very Low
69.0000_-83.5000,69.0,-83.5,7.1779,Moderate,1.896e-05,Very Low
69.0000_-83.0000,69.0,-83.0,7.2738,Moderate,1.896e-05,Very Low
69.0000_-82.5000,69.0,-82.5,7.6902,Moderate,1.896e-05,Very Low
69.0000_-82.0000,69.0,-82.0,6.7982,Moderate,1.896e-05,Very Low
69.0000_-81.5000,69.0,-81.5,6.3011,Moderate,1.896e-05,Very Low
69.0000_-79.5000,69.0,-79.5,5.1212,Moderate,1.896e-05,Very Low
69.0000_-79.0000,69.0,-79.0,3.7309,Low,1.896e-05,Very Low
69.0000_-78.5000,69.0,-78.5,3.5464,Low,1.896e-05,Very Low
69.0000_-76.5000,69.0,-76.5,2.9728,Low,7.416e-05,Low
69.0000_-76.0000,69.0,-76.0,3.8564,Low,1.896e-05,Very Low
69.0000_-75.5000,69.0,-75.5,5.1903,Moderate,1.896e-05,Very Low
69.0000_-75.0000,69.0,-75.0,6.3089,Moderate,1.896e-05,Very Low
69.0000_-74.5000,69.0,-74.5,5.7378,Moderate,1.896e-05,Very Low
69.0000_-74.0000,69.0,-74.0,4.9263,Moderate,1.896e-05,Very Low
69.0000_-73.5000,69.0,-73.5,5.2343,Moderate,1.896e-05,Very Low
69.0000_-73.0000,69.0,-73.0,7.0144,Moderate,1.896e-05,Very Low
69.0000_-72.5000,69.0,-72.5,9.8985,High,7.416e-05,Low
69.0000_-72.0000,69.0,-72.0,7.7225,Moderate,1.896e-05,Very Low
69.0000_-71.5000,69.0,-71.5,5.6273,Moderate,1.896e-05,Very Low
69.0000_-71.0000,69.0,-71.0,7.1961,Moderate,1.896e-05,Very Low
69.0000_-70.5000,69.0,-70.5,11.7755,High,1.896e-05,Very Low
69.0000_-70.0000,69.0,-70.0,13.5642,High,1.896e-05,Very Low
69.0000_-69.5000,69.0,-69.5,12.3607,High,1.896e-05,Very Low
69.0000_-69.0000,69.0,-69.0,7.1541,Moderate,1.896e-05,Very Low
69.0000_-68.5000,69.0,-68.5,5.7074,Moderate,1.896e-05,Very Low
69.0000_-68.0000,69.0,-68.0,7.6396,Moderate,1.896e-05,Very Low
69.0000_-67.5000,69.0,-67.5,7.0274,Moderate,1.896e-05,Very Low
69.5000_-141.0000,69.5,-141.0,0.022,Very Low,1.896e-05,Very Low
69.5000_-140.5000,69.5,-140.5,0.0125,Very Low,1.896e-05,Very Low
69.5000_-140.0000,69.5,-140.0,0.0148,Very Low,1.896e-05,Very Low
69.5000_-139.5000,69.5,-139.5,0.0063,Very Low,1.896e-05,Very Low
69.5000_-139.0000,69.5,-139.0,0.2733,Very Low,1.896e-05,Very Low
69.5000_-136.0000,69.5,-136.0,0.7856,Very Low,1.896e-05,Very Low
69.5000_-135.5000,69.5,-135.5,0.9652,Very Low,1.896e-05,Very Low
69.5000_-135.0000,69.5,-135.0,1.5269,Very Low,1.896e-05,Very Low
69.5000_-134.5000,69.5,-134.5,1.9221,Very Low,0.00068534,Low
69.5000_-134.0000,69.5,-134.0,2.1884,Low,1.896e-05,Very Low
69.5000_-133.5000,69.5,-133.5,2.5063,Low,0.00068534,Low
69.5000_-133.0000,69.5,-133.0,2.7894,Low,0.00105241,Moderate
69.5000_-132.5000,69.5,-132.5,2.053,Low,1.896e-05,Very Low
69.5000_-132.0000,69.5,-132.0,1.3775,Very Low,1.896e-05,Very Low
69.5000_-131.5000,69.5,-131.5,0.9954,Very Low,1.896e-05,Very Low
69.5000_-131.0000,69.5,-131.0,2.6836,Low,7.416e-05,Low
69.5000_-130.5000,69.5,-130.5,3.2723,Low,0.00053927,Low
69.5000_-130.0000,69.5,-130.0,3.5448,Low,0.00053927,Low
69.5000_-129.5000,69.5,-129.5,4.4731,Moderate,0.00083832,Moderate
69.5000_-129.0000,69.5,-129.0,3.6398,Low,0.00053927,Low
69.5000_-128.5000,69.5,-128.5,3.4836,Low,0.00083832,Moderate
69.5000_-128.0000,69.5,-128.0,2.2339,Low,0.00139077,Moderate
69.5000_-127.5000,69.5,-127.5,1.5644,Very Low,0.00068534,Low
69.5000_-127.0000,69.5,-127.0,3.2177,Low,0.00139077,Moderate
69.5000_-126.5000,69.5,-126.5,4.4315,Moderate,0.00053927,Low
69.5000_-126.0000,69.5,-126.0,9.5007,High,0.00053927,Low
69.5000_-125.5000,69.5,-125.5,10.1203,High,0.00053927,Low
69.5000_-125.0000,69.5,-125.0,4.714,Moderate,0.00053927,Low
69.5000_-124.5000,69.5,-124.5,2.1016,Low,0.00053927,Low
69.5000_-123.5000,69.5,-123.5,5.7303,Moderate,0.00053927,Low
69.5000_-123.0000,69.5,-123.0,0.6517,Very Low,0.00053927,Low
69.5000_-122.5000,69.5,-122.5,0.0,Very Low,1.896e-05,Very Low
69.5000_-122.0000,69.5,-122.0,0.0,Very Low,1.896e-05,Very Low
69.5000_-121.5000,69.5,-121.5,0.0003,Very Low,1.896e-05,Very Low
69.5000_-121.0000,69.5,-121.0,0.9744,Very Low,0.00015106,Low
69.5000_-120.5000,69.5,-120.5,8.1059,High,0.00053927,Low
69.5000_-116.5000,69.5,-116.5,0.2573,Very Low,0.0,Very Low
69.5000_-116.0000,69.5,-116.0,0.0397,Very Low,1.896e-05,Very Low
69.5000_-115.5000,69.5,-115.5,0.1429,Very Low,1.896e-05,Very Low
69.5000_-115.0000,69.5,-115.0,0.1362,Very Low,1.896e-05,Very Low
69.5000_-114.5000,69.5,-114.5,1.8855,Very Low,1.896e-05,Very Low
69.5000_-114.0000,69.5,-114.0,3.7072,Low,7.416e-05,Low
69.5000_-113.5000,69.5,-113.5,4.4489,Moderate,0.00053927,Low
69.5000_-113.0000,69.5,-113.0,4.0158,Moderate,7.416e-05,Low
69.5000_-112.5000,69.5,-112.5,4.0157,Moderate,0.00053927,Low
69.5000_-112.0000,69.5,-112.0,6.274,Moderate,0.00053927,Low
69.5000_-111.5000,69.5,-111.5,4.2247,Moderate,0.00053927,Low
69.5000_-111.0000,69.5,-111.0,2.9281,Low,0.00053927,Low
69.5000_-110.5000,69.5,-110.5,0.9333,Very Low,1.896e-05,Very Low
69.5000_-110.0000,69.5,-110.0,1.957,Very Low,1.896e-05,Very Low
69.5000_-109.5000,69.5,-109.5,1.508,Very Low,1.896e-05,Very Low
69.5000_-109.0000,69.5,-109.0,0.7451,Very Low,1.896e-05,Very Low
69.5000_-108.5000,69.5,-108.5,0.701,Very Low,1.896e-05,Very Low
69.5000_-108.0000,69.5,-108.0,0.6434,Very Low,1.896e-05,Very Low
69.5000_-107.5000,69.5,-107.5,0.7131,Very Low,1.896e-05,Very Low
69.5000_-107.0000,69.5,-107.0,0.6725,Very Low,1.896e-05,Very Low
69.5000_-106.5000,69.5,-106.5,0.6705,Very Low,1.896e-05,Very Low
69.5000_-106.0000,69.5,-106.0,0.2147,Very Low,1.896e-05,Very Low
69.5000_-105.5000,69.5,-105.5,0.1823,Very Low,7.416e-05,Low
69.5000_-105.0000,69.5,-105.0,0.3248,Very Low,0.00015106,Low
69.5000_-104.5000,69.5,-104.5,0.8614,Very Low,7.416e-05,Low
69.5000_-104.0000,69.5,-104.0,0.9526,Very Low,0.00015106,Low
69.5000_-103.5000,69.5,-103.5,1.103,Very Low,7.416e-05,Low
69.5000_-103.0000,69.5,-103.0,1.9199,Very Low,0.00018179,Low
69.5000_-102.5000,69.5,-102.5,0.9248,Very Low,7.416e-05,Low
69.5000_-102.0000,69.5,-102.0,0.6798,Very Low,1.896e-05,Very Low
69.5000_-101.5000,69.5,-101.5,0.3676,Very Low,1.896e-05,Very Low
69.5000_-101.0000,69.5,-101.0,0.0456,Very Low,1.896e-05,Very Low
69.5000_-98.5000,69.5,-98.5,0.0808,Very Low,1.896e-05,Very Low
69.5000_-98.0000,69.5,-98.0,0.0246,Very Low,1.896e-05,Very Low
69.5000_-97.5000,69.5,-97.5,0.011,Very Low,1.896e-05,Very Low
69.5000_-97.0000,69.5,-97.0,0.0106,Very Low,1.896e-05,Very Low
69.5000_-96.5000,69.5,-96.5,0.0046,Very Low,1.896e-05,Very Low
69.5000_-96.0000,69.5,-96.0,0.0033,Very Low,1.896e-05,Very Low
69.5000_-95.5000,69.5,-95.5,0.0013,Very Low,1.896e-05,Very Low
69.5000_-95.0000,69.5,-95.0,0.1171,Very Low,1.896e-05,Very Low
69.5000_-94.5000,69.5,-94.5,0.167,Very Low,1.896e-05,Very Low
69.5000_-94.0000,69.5,-94.0,0.0003,Very Low,7.416e-05,Low
69.5000_-93.5000,69.5,-93.5,0.0023,Very Low,1.896e-05,Very Low
69.5000_-93.0000,69.5,-93.0,0.0031,Very Low,1.896e-05,Very Low
69.5000_-92.5000,69.5,-92.5,0.0348,Very Low,7.416e-05,Low
69.5000_-92.0000,69.5,-92.0,0.0345,Very Low,7.416e-05,Low
69.5000_-91.5000,69.5,-91.5,0.0215,Very Low,7.416e-05,Low
69.5000_-91.0000,69.5,-91.0,0.0024,Very Low,1.896e-05,Very Low
69.5000_-90.5000,69.5,-90.5,0.0172,Very Low,1.896e-05,Very Low
69.5000_-90.0000,69.5,-90.0,0.2329,Very Low,1.896e-05,Very Low
69.5000_-85.5000,69.5,-85.5,3.7791,Low,1.896e-05,Very Low
69.5000_-85.0000,69.5,-85.0,4.9174,Moderate,1.896e-05,Very Low
69.5000_-84.5000,69.5,-84.5,6.0715,Moderate,1.896e-05,Very Low
69.5000_-84.0000,69.5,-84.0,7.0142,Moderate,7.416e-05,Low
69.5000_-83.5000,69.5,-83.5,6.9965,Moderate,7.416e-05,Low
69.5000_-83.0000,69.5,-83.0,7.3435,Moderate,1.896e-05,Very Low
69.5000_-82.5000,69.5,-82.5,7.3605,Moderate,1.896e-05,Very Low
69.5000_-82.0000,69.5,-82.0,7.1216,Moderate,1.896e-05,Very Low
69.5000_-81.5000,69.5,-81.5,6.2879,Moderate,1.896e-05,Very Low
69.5000_-80.5000,69.5,-80.5,7.3607,Moderate,1.896e-05,Very Low
69.5000_-80.0000,69.5,-80.0,6.8241,Moderate,1.896e-05,Very Low
69.5000_-79.0000,69.5,-79.0,4.3953,Moderate,1.896e-05,Very Low
69.5000_-78.5000,69.5,-78.5,4.0499,Moderate,1.896e-05,Very Low
69.5000_-78.0000,69.5,-78.0,4.1508,Moderate,1.896e-05,Very Low
69.5000_-77.0000,69.5,-77.0,3.7414,Low,1.896e-05,Very Low
69.5000_-76.5000,69.5,-76.5,3.728,Low,1.896e-05,Very Low
69.5000_-76.0000,69.5,-76.0,4.3691,Moderate,1.896e-05,Very Low
69.5000_-75.5000,69.5,-75.5,5.7438,Moderate,1.896e-05,Very Low
69.5000_-75.0000,69.5,-75.0,6.2019,Moderate,1.896e-05,Very Low
69.5000_-74.5000,69.5,-74.5,5.7453,Moderate,1.896e-05,Very Low
69.5000_-74.0000,69.5,-74.0,4.4232,Moderate,1.896e-05,Very Low
69.5000_-73.5000,69.5,-73.5,4.4822,Moderate,1.896e-05,Very Low
69.5000_-73.0000,69.5,-73.0,5.7643,Moderate,1.896e-05,Very Low
69.5000_-72.5000,69.5,-72.5,8.4691,High,1.896e-05,Very Low
69.5000_-72.0000,69.5,-72.0,7.2561,Moderate,1.896e-05,Very Low
69.5000_-71.5000,69.5,-71.5,5.917,Moderate,1.896e-05,Very Low
69.5000_-71.0000,69.5,-71.0,8.9691,High,1.896e-05,Very Low
69.5000_-70.5000,69.5,-70.5,8.6555,High,1.896e-05,Very Low
69.5000_-70.0000,69.5,-70.0,12.8123,High,1.896e-05,Very Low
69.5000_-69.5000,69.5,-69.5,12.3058,High,1.896e-05,Very Low
69.5000_-69.0000,69.5,-69.0,7.2799,Moderate,1.896e-05,Very Low
69.5000_-68.5000,69.5,-68.5,4.9816,Moderate,1.896e-05,Very Low
69.5000_-68.0000,69.5,-68.0,7.2223,Moderate,1.896e-05,Very Low
69.5000_-67.5000,69.5,-67.5,6.2595,Moderate,1.896e-05,Very Low
69.5000_-67.0000,69.5,-67.0,6.2134,Moderate,1.896e-05,Very Low
70.0000_-131.5000,70.0,-131.5,3.961,Low,1.896e-05,Very Low
70.0000_-131.0000,70.0,-131.0,4.1684,Moderate,1.896e-05,Very Low
70.0000_-130.5000,70.0,-130.5,5.0107,Moderate,0.00018179,Low
70.0000_-130.0000,70.0,-130.0,5.948,Moderate,0.00053927,Low
70.0000_-129.5000,70.0,-129.5,8.2758,High,0.00068534,Low
70.0000_-129.0000,70.0,-129.0,9.6567,High,0.00053927,Low
70.0000_-128.5000,70.0,-128.5,10.3926,High,0.00053927,Low
70.0000_-128.0000,70.0,-128.0,6.076,Moderate,0.00053927,Low
70.0000_-127.5000,70.0,-127.5,5.5708,Moderate,0.00053927,Low
70.0000_-127.0000,70.0,-127.0,6.8194,Moderate,0.00053927,Low
70.0000_-125.0000,70.0,-125.0,11.5529,High,0.00068534,Low
70.0000_-124.5000,70.0,-124.5,9.6308,High,0.00068534,Low
70.0000_-117.5000,70.0,-117.5,2.3286,Low,1.896e-05,Very Low
70.0000_-117.0000,70.0,-117.0,0.0796,Very Low,1.896e-05,Very Low
70.0000_-116.5000,70.0,-116.5,0.014,Very Low,1.896e-05,Very Low
70.0000_-116.0000,70.0,-116.0,0.046,Very Low,1.896e-05,Very Low
70.0000_-115.5000,70.0,-115.5,0.1036,Very Low,1.896e-05,Very Low
70.0000_-115.0000,70.0,-115.0,0.131,Very Low,1.896e-05,Very Low
70.0000_-114.5000,70.0,-114.5,0.1087,Very Low,1.896e-05,Very Low
70.0000_-114.0000,70.0,-114.0,0.2773,Very Low,1.896e-05,Very Low
70.0000_-113.5000,70.0,-113.5,4.2111,Moderate,0.00015106,Low
70.0000_-113.0000,70.0,-113.0,3.4999,Low,7.416e-05,Low
70.0000_-112.5000,70.0,-112.5,3.4794,Low,7.416e-05,Low
70.0000_-112.0000,70.0,-112.0,2.9462,Low,0.00018179,Low
70.0000_-111.5000,70.0,-111.5,3.7104,Low,0.00018179,Low
70.0000_-111.0000,70.0,-111.0,3.4533,Low,0.00068534,Low
70.0000_-110.5000,70.0,-110.5,1.4215,Very Low,1.896e-05,Very Low
70.0000_-110.0000,70.0,-110.0,0.3407,Very Low,1.896e-05,Very Low
70.0000_-109.5000,70.0,-109.5,0.31,Very Low,1.896e-05,Very Low
70.0000_-109.0000,70.0,-109.0,0.3874,Very Low,1.896e-05,Very Low
70.0000_-108.5000,70.0,-108.5,0.8705,Very Low,1.896e-05,Very Low
70.0000_-108.0000,70.0,-108.0,0.25,Very Low,0.0,Very Low
70.0000_-107.5000,70.0,-107.5,0.3438,Very Low,0.0,Very Low
70.0000_-107.0000,70.0,-107.0,0.3502,Very Low,0.0,Very Low
70.0000_-106.5000,70.0,-106.5,0.267,Very Low,1.896e-05,Very Low
70.0000_-106.0000,70.0,-106.0,0.1033,Very Low,1.896e-05,Very Low
70.0000_-105.5000,70.0,-105.5,0.2305,Very Low,0.00018179,Low
70.0000_-105.0000,70.0,-105.0,0.5323,Very Low,0.00053927,Low
70.0000_-104.5000,70.0,-104.5,0.7426,Very Low,0.00018179,Low
70.0000_-104.0000,70.0,-104.0,0.6283,Very Low,0.00053927,Low
70.0000_-103.5000,70.0,-103.5,0.4436,Very Low,1.896e-05,Very Low
70.0000_-103.0000,70.0,-103.0,0.3468,Very Low,1.896e-05,Very Low
70.0000_-102.5000,70.0,-102.5,0.2915,Very Low,1.896e-05,Very Low
70.0000_-102.0000,70.0,-102.0,0.2228,Very Low,1.896e-05,Very Low
70.0000_-101.5000,70.0,-101.5,0.0949,Very Low,1.896e-05,Very Low
70.0000_-101.0000,70.0,-101.0,0.0347,Very Low,1.896e-05,Very Low
70.0000_-97.5000,70.0,-97.5,0.0081,Very Low,1.896e-05,Very Low
70.0000_-96.5000,70.0,-96.5,0.0023,Very Low,1.896e-05,Very Low
70.0000_-96.0000,70.0,-96.0,0.0072,Very Low,1.896e-05,Very Low
70.0000_-95.5000,70.0,-95.5,0.0195,Very Low,1.896e-05,Very Low
70.0000_-95.0000,70.0,-95.0,0.0119,Very Low,1.896e-05,Very Low
70.0000_-94.5000,70.0,-94.5,0.1296,Very Low,1.896e-05,Very Low
70.0000_-94.0000,70.0,-94.0,0.0002,Very Low,1.896e-05,Very Low
70.0000_-93.5000,70.0,-93.5,0.0014,Very Low,1.896e-05,Very Low
70.0000_-93.0000,70.0,-93.0,0.0015,Very Low,1.896e-05,Very Low
70.0000_-92.5000,70.0,-92.5,0.0334,Very Low,1.896e-05,Very Low
70.0000_-92.0000,70.0,-92.0,0.0183,Very Low,1.896e-05,Very Low
70.0000_-87.5000,70.0,-87.5,0.0004,Very Low,0.00015106,Low
70.0000_-87.0000,70.0,-87.0,0.0014,Very Low,1.896e-05,Very Low
70.0000_-86.5000,70.0,-86.5,0.003,Very Low,0.00015106,Low
70.0000_-86.0000,70.0,-86.0,0.187,Very Low,0.00053927,Low
70.0000_-85.5000,70.0,-85.5,2.9361,Low,1.896e-05,Very Low
70.0000_-85.0000,70.0,-85.0,4.6338,Moderate,1.896e-05,Very Low
70.0000_-84.5000,70.0,-84.5,5.4658,Moderate,1.896e-05,Very Low
70.0000_-84.0000,70.0,-84.0,5.9505,Moderate,1.896e-05,Very Low
70.0000_-83.5000,70.0,-83.5,5.9568,Moderate,1.896e-05,Very Low
70.0000_-83.0000,70.0,-83.0,4.5381,Moderate,1.896e-05,Very Low
70.0000_-82.5000,70.0,-82.5,5.6883,Moderate,1.896e-05,Very Low
70.0000_-82.0000,70.0,-82.0,5.8423,Moderate,1.896e-05,Very Low
70.0000_-81.5000,70.0,-81.5,5.8164,Moderate,1.896e-05,Very Low
70.0000_-81.0000,70.0,-81.0,6.2192,Moderate,1.896e-05,Very Low
70.0000_-80.5000,70.0,-80.5,7.158,Moderate,1.896e-05,Very Low
70.0000_-80.0000,70.0,-80.0,7.0754,Moderate,1.896e-05,Very Low
70.0000_-79.5000,70.0,-79.5,6.4554,Moderate,1.896e-05,Very Low
70.0000_-79.0000,70.0,-79.0,4.8649,Moderate,7.416e-05,Low
70.0000_-78.5000,70.0,-78.5,4.4161,Moderate,1.896e-05,Very Low
70.0000_-77.5000,70.0,-77.5,4.5981,Moderate,1.896e-05,Very Low
70.0000_-77.0000,70.0,-77.0,4.3761,Moderate,1.896e-05,Very Low
70.0000_-76.5000,70.0,-76.5,4.1269,Moderate,1.896e-05,Very Low
70.0000_-76.0000,70.0,-76.0,4.5701,Moderate,1.896e-05,Very Low
70.0000_-75.5000,70.0,-75.5,5.6308,Moderate,1.896e-05,Very Low
70.0000_-75.0000,70.0,-75.0,6.0428,Moderate,1.896e-05,Very Low
70.0000_-74.5000,70.0,-74.5,5.5982,Moderate,1.896e-05,Very Low
70.0000_-74.0000,70.0,-74.0,4.2558,Moderate,1.896e-05,Very Low
70.0000_-73.5000,70.0,-73.5,4.1584,Moderate,1.896e-05,Very Low
70.0000_-73.0000,70.0,-73.0,5.282,Moderate,1.896e-05,Very Low
70.0000_-72.5000,70.0,-72.5,8.0958,High,1.896e-05,Very Low
70.0000_-72.0000,70.0,-72.0,8.8558,High,1.896e-05,Very Low
70.0000_-71.5000,70.0,-71.5,7.0968,Moderate,1.896e-05,Very Low
70.0000_-71.0000,70.0,-71.0,6.615,Moderate,1.896e-05,Very Low
70.0000_-70.5000,70.0,-70.5,8.2214,High,1.896e-05,Very Low
70.0000_-70.0000,70.0,-70.0,11.46,High,1.896e-05,Very Low
70.0000_-69.5000,70.0,-69.5,11.4052,High,1.896e-05,Very Low
70.0000_-69.0000,70.0,-69.0,9.2232,High,1.896e-05,Very Low
70.0000_-68.5000,70.0,-68.5,4.987,Moderate,1.896e-05,Very Low
70.0000_-68.0000,70.0,-68.0,6.1153,Moderate,1.896e-05,Very Low
70.0000_-67.5000,70.0,-67.5,7.4418,Moderate,0.0,Very Low
70.5000_-128.5000,70.5,-128.5,9.3962,High,0.00068534,Low
70.5000_-128.0000,70.5,-128.0,9.1583,High,0.00068534,Low
70.5000_-127.5000,70.5,-127.5,8.2932,High,0.00068534,Low
70.5000_-117.5000,70.5,-117.5,7.4615,Moderate,0.00018179,Low
70.5000_-117.0000,70.5,-117.0,4.4589,Moderate,7.416e-05,Low
70.5000_-116.5000,70.5,-116.5,3.1286,Low,0.00015106,Low
70.5000_-116.0000,70.5,-116.0,2.9988,Low,1.896e-05,Very Low
70.5000_-115.5000,70.5,-115.5,2.7928,Low,1.896e-05,Very Low
70.5000_-113.0000,70.5,-113.0,4.915,Moderate,1.896e-05,Very Low
70.5000_-112.5000,70.5,-112.5,3.7286,Low,7.416e-05,Low
70.5000_-112.0000,70.5,-112.0,2.0638,Low,7.416e-05,Low
70.5000_-111.5000,70.5,-111.5,1.2988,Very Low,7.416e-05,Low
70.5000_-111.0000,70.5,-111.0,1.5288,Very Low,7.416e-05,Low
70.5000_-110.5000,70.5,-110.5,0.8611,Very Low,0.00018179,Low
70.5000_-110.0000,70.5,-110.0,1.5805,Very Low,0.00015106,Low
70.5000_-109.5000,70.5,-109.5,1.8901,Very Low,7.416e-05,Low
70.5000_-109.0000,70.5,-109.0,1.6776,Very Low,7.416e-05,Low
70.5000_-108.5000,70.5,-108.5,2.1368,Low,7.416e-05,Low
70.5000_-108.0000,70.5,-108.0,1.4271,Very Low,1.896e-05,Very Low
70.5000_-107.5000,70.5,-107.5,0.8594,Very Low,1.896e-05,Very Low
70.5000_-107.0000,70.5,-107.0,0.4467,Very Low,1.896e-05,Very Low
70.5000_-106.5000,70.5,-106.5,0.5198,Very Low,1.896e-05,Very Low
70.5000_-106.0000,70.5,-106.0,0.3291,Very Low,1.896e-05,Very Low
70.5000_-105.5000,70.5,-105.5,0.3093,Very Low,1.896e-05,Very Low
70.5000_-105.0000,70.5,-105.0,0.495,Very Low,0.00053927,Low
70.5000_-104.5000,70.5,-104.5,0.6548,Very Low,0.00018179,Low
70.5000_-104.0000,70.5,-104.0,0.6044,Very Low,0.00053927,Low
70.5000_-103.5000,70.5,-103.5,0.4928,Very Low,7.416e-05,Low
70.5000_-103.0000,70.5,-103.0,0.3787,Very Low,1.896e-05,Very Low
70.5000_-102.5000,70.5,-102.5,0.29,Very Low,1.896e-05,Very Low
70.5000_-100.5000,70.5,-100.5,0.0228,Very Low,7.416e-05,Low
70.5000_-100.0000,70.5,-100.0,0.0564,Very Low,1.896e-05,Very Low
70.5000_-96.5000,70.5,-96.5,0.0026,Very Low,1.896e-05,Very Low
70.5000_-96.0000,70.5,-96.0,0.0075,Very Low,1.896e-05,Very Low
70.5000_-95.5000,70.5,-95.5,0.0173,Very Low,1.896e-05,Very Low
70.5000_-95.0000,70.5,-95.0,0.0145,Very Low,1.896e-05,Very Low
70.5000_-94.5000,70.5,-94.5,0.1098,Very Low,1.896e-05,Very Low
70.5000_-94.0000,70.5,-94.0,0.0002,Very Low,1.896e-05,Very Low
70.5000_-93.5000,70.5,-93.5,0.001,Very Low,1.896e-05,Very Low
70.5000_-93.0000,70.5,-93.0,0.0008,Very Low,1.896e-05,Very Low
70.5000_-92.5000,70.5,-92.5,0.1029,Very Low,1.896e-05,Very Low
70.5000_-92.0000,70.5,-92.0,0.0244,Very Low,1.896e-05,Very Low
70.5000_-89.0000,70.5,-89.0,0.1228,Very Low,1.896e-05,Very Low
70.5000_-88.5000,70.5,-88.5,0.0007,Very Low,1.896e-05,Very Low
70.5000_-88.0000,70.5,-88.0,0.0001,Very Low,1.896e-05,Very Low
70.5000_-87.5000,70.5,-87.5,0.0004,Very Low,0.00015106,Low
70.5000_-87.0000,70.5,-87.0,0.0011,Very Low,1.896e-05,Very Low
70.5000_-86.5000,70.5,-86.5,0.0023,Very Low,1.896e-05,Very Low
70.5000_-86.0000,70.5,-86.0,0.0933,Very Low,0.00053927,Low
70.5000_-85.5000,70.5,-85.5,2.9913,Low,1.896e-05,Very Low
70.5000_-85.0000,70.5,-85.0,3.891,Low,1.896e-05,Very Low
70.5000_-84.5000,70.5,-84.5,4.7254,Moderate,1.896e-05,Very Low
70.5000_-84.0000,70.5,-84.0,4.9744,Moderate,1.896e-05,Very Low
70.5000_-83.5000,70.5,-83.5,5.4464,Moderate,1.896e-05,Very Low
70.5000_-83.0000,70.5,-83.0,4.4779,Moderate,1.896e-05,Very Low
70.5000_-82.5000,70.5,-82.5,6.1324,Moderate,1.896e-05,Very Low
70.5000_-82.0000,70.5,-82.0,6.6577,Moderate,1.896e-05,Very Low
70.5000_-81.5000,70.5,-81.5,6.2049,Moderate,1.896e-05,Very Low
70.5000_-81.0000,70.5,-81.0,6.6776,Moderate,1.896e-05,Very Low
70.5000_-80.5000,70.5,-80.5,6.9989,Moderate,1.896e-05,Very Low
70.5000_-80.0000,70.5,-80.0,7.5434,Moderate,1.896e-05,Very Low
70.5000_-79.5000,70.5,-79.5,6.8757,Moderate,1.896e-05,Very Low
70.5000_-79.0000,70.5,-79.0,5.3959,Moderate,1.896e-05,Very Low
70.5000_-78.5000,70.5,-78.5,4.4934,Moderate,1.896e-05,Very Low
70.5000_-78.0000,70.5,-78.0,4.6325,Moderate,1.896e-05,Very Low
70.5000_-77.5000,70.5,-77.5,4.5318,Moderate,1.896e-05,Very Low
70.5000_-77.0000,70.5,-77.0,4.2066,Moderate,1.896e-05,Very Low
70.5000_-76.5000,70.5,-76.5,3.6954,Low,1.896e-05,Very Low
70.5000_-76.0000,70.5,-76.0,3.9911,Low,1.896e-05,Very Low
70.5000_-75.5000,70.5,-75.5,4.7775,Moderate,1.896e-05,Very Low
70.5000_-75.0000,70.5,-75.0,5.4322,Moderate,1.896e-05,Very Low
70.5000_-74.5000,70.5,-74.5,5.6772,Moderate,1.896e-05,Very Low
70.5000_-74.0000,70.5,-74.0,4.6563,Moderate,1.896e-05,Very Low
70.5000_-73.5000,70.5,-73.5,4.1886,Moderate,1.896e-05,Very Low
70.5000_-73.0000,70.5,-73.0,4.5421,Moderate,1.896e-05,Very Low
70.5000_-72.5000,70.5,-72.5,6.379,Moderate,1.896e-05,Very Low
70.5000_-72.0000,70.5,-72.0,8.2819,High,1.896e-05,Very Low
70.5000_-71.5000,70.5,-71.5,5.3824,Moderate,1.896e-05,Very Low
70.5000_-71.0000,70.5,-71.0,3.993,Low,1.896e-05,Very Low
70.5000_-70.5000,70.5,-70.5,4.9622,Moderate,1.896e-05,Very Low
70.5000_-70.0000,70.5,-70.0,9.1619,High,1.896e-05,Very Low
70.5000_-69.5000,70.5,-69.5,11.1918,High,1.896e-05,Very Low
70.5000_-69.0000,70.5,-69.0,10.747,High,1.896e-05,Very Low
70.5000_-68.5000,70.5,-68.5,7.0761,Moderate,1.896e-05,Very Low
71.0000_-123.0000,71.0,-123.0,5.1974,Moderate,0.00053927,Low
71.0000_-118.5000,71.0,-118.5,3.9747,Low,1.896e-05,Very Low
71.0000_-118.0000,71.0,-118.0,3.9747,Low,1.896e-05,Very Low
71.0000_-117.5000,71.0,-117.5,3.4707,Low,7.416e-05,Low
71.0000_-117.0000,71.0,-117.0,3.1839,Low,1.896e-05,Very Low
71.0000_-116.5000,71.0,-116.5,3.142,Low,1.896e-05,Very Low
71.0000_-116.0000,71.0,-116.0,3.142,Low,1.896e-05,Very Low
71.0000_-115.5000,71.0,-115.5,3.1588,Low,1.896e-05,Very Low
71.0000_-115.0000,71.0,-115.0,3.0393,Low,1.896e-05,Very Low
71.0000_-114.5000,71.0,-114.5,2.9271,Low,1.896e-05,Very Low
71.0000_-114.0000,71.0,-114.0,2.9311,Low,1.896e-05,Very Low
71.0000_-113.5000,71.0,-113.5,2.7954,Low,1.896e-05,Very Low
71.0000_-113.0000,71.0,-113.0,2.7954,Low,1.896e-05,Very Low
71.0000_-112.5000,71.0,-112.5,2.816,Low,1.896e-05,Very Low
71.0000_-112.0000,71.0,-112.0,2.8632,Low,1.896e-05,Very Low
71.0000_-111.5000,71.0,-111.5,2.8632,Low,1.896e-05,Very Low
71.0000_-111.0000,71.0,-111.0,3.0425,Low,1.896e-05,Very Low
71.0000_-110.5000,71.0,-110.5,3.3346,Low,1.896e-05,Very Low
71.0000_-110.0000,71.0,-110.0,3.0419,Low,1.896e-05,Very Low
71.0000_-109.5000,71.0,-109.5,2.8963,Low,1.896e-05,Very Low
71.0000_-109.0000,71.0,-109.0,2.8522,Low,1.896e-05,Very Low
71.0000_-108.5000,71.0,-108.5,2.8522,Low,1.896e-05,Very Low
71.0000_-108.0000,71.0,-108.0,2.835,Low,1.896e-05,Very Low
71.0000_-107.5000,71.0,-107.5,2.6029,Low,1.896e-05,Very Low
71.0000_-107.0000,71.0,-107.0,2.4922,Low,1.896e-05,Very Low
71.0000_-106.5000,71.0,-106.5,2.4208,Low,1.896e-05,Very Low
71.0000_-106.0000,71.0,-106.0,2.4208,Low,1.896e-05,Very Low
71.0000_-105.5000,71.0,-105.5,2.4387,Low,1.896e-05,Very Low
71.0000_-105.0000,71.0,-105.0,2.6396,Low,1.896e-05,Very Low
71.0000_-104.5000,71.0,-104.5,3.2395,Low,1.896e-05,Very Low
71.0000_-104.0000,71.0,-104.0,4.3019,Moderate,7.416e-05,Low
71.0000_-96.5000,71.0,-96.5,2.512,Low,1.896e-05,Very Low
71.0000_-96.0000,71.0,-96.0,2.6851,Low,1.896e-05,Very Low
71.0000_-95.5000,71.0,-95.5,2.8063,Low,1.896e-05,Very Low
71.0000_-95.0000,71.0,-95.0,2.8759,Low,1.896e-05,Very Low
71.0000_-94.5000,71.0,-94.5,2.9202,Low,1.896e-05,Very Low
71.0000_-94.0000,71.0,-94.0,3.1207,Low,1.896e-05,Very Low
71.0000_-93.5000,71.0,-93.5,3.1207,Low,1.896e-05,Very Low
71.0000_-93.0000,71.0,-93.0,3.3083,Low,1.896e-05,Very Low
71.0000_-89.5000,71.0,-89.5,4.3649,Moderate,1.896e-05,Very Low
71.0000_-89.0000,71.0,-89.0,4.9014,Moderate,1.896e-05,Very Low
71.0000_-88.5000,71.0,-88.5,4.9014,Moderate,1.896e-05,Very Low
71.0000_-88.0000,71.0,-88.0,5.1788,Moderate,7.416e-05,Low
71.0000_-87.5000,71.0,-87.5,5.4089,Moderate,0.00015106,Low
71.0000_-87.0000,71.0,-87.0,5.5721,Moderate,1.896e-05,Very Low
71.0000_-86.5000,71.0,-86.5,5.8287,Moderate,7.416e-05,Low
71.0000_-86.0000,71.0,-86.0,5.8287,Moderate,7.416e-05,Low
71.0000_-85.5000,71.0,-85.5,5.8029,Moderate,1.896e-05,Very Low
71.0000_-85.0000,71.0,-85.0,5.7623,Moderate,1.896e-05,Very Low
71.0000_-84.5000,71.0,-84.5,5.7243,Moderate,1.896e-05,Very Low
71.0000_-84.0000,71.0,-84.0,5.746,Moderate,1.896e-05,Very Low
71.0000_-83.5000,71.0,-83.5,5.746,Moderate,1.896e-05,Very Low
71.0000_-83.0000,71.0,-83.0,5.7995,Moderate,1.896e-05,Very Low
71.0000_-82.5000,71.0,-82.5,5.8272,Moderate,7.416e-05,Low
71.0000_-82.0000,71.0,-82.0,5.865,Moderate,0.00015106,Low
71.0000_-81.5000,71.0,-81.5,5.865,Moderate,0.00015106,Low
71.0000_-81.0000,71.0,-81.0,5.9114,Moderate,0.00015106,Low
71.0000_-80.5000,71.0,-80.5,5.9731,Moderate,0.00015106,Low
71.0000_-80.0000,71.0,-80.0,5.9861,Moderate,0.00015106,Low
71.0000_-79.5000,71.0,-79.5,6.04,Moderate,0.00053927,Low
71.0000_-79.0000,71.0,-79.0,5.9433,Moderate,0.00015106,Low
71.0000_-78.5000,71.0,-78.5,5.9433,Moderate,0.00015106,Low
71.0000_-78.0000,71.0,-78.0,5.8441,Moderate,1.896e-05,Very Low
71.0000_-77.5000,71.0,-77.5,5.803,Moderate,1.896e-05,Very Low
71.0000_-77.0000,71.0,-77.0,5.5913,Moderate,1.896e-05,Very Low
71.0000_-76.5000,71.0,-76.5,5.434,Moderate,0.00015106,Low
71.0000_-76.0000,71.0,-76.0,5.434,Moderate,0.00015106,Low
71.0000_-75.5000,71.0,-75.5,5.275,Moderate,7.416e-05,Low
71.0000_-75.0000,71.0,-75.0,5.1046,Moderate,1.896e-05,Very Low
71.0000_-74.5000,71.0,-74.5,4.8127,Moderate,1.896e-05,Very Low
71.0000_-74.0000,71.0,-74.0,4.2537,Moderate,1.896e-05,Very Low
71.0000_-73.5000,71.0,-73.5,3.4552,Low,1.896e-05,Very Low
71.0000_-73.0000,71.0,-73.0,3.4552,Low,1.896e-05,Very Low
71.0000_-72.5000,71.0,-72.5,3.136,Low,1.896e-05,Very Low
71.0000_-72.0000,71.0,-72.0,2.8548,Low,1.896e-05,Very Low
71.0000_-71.5000,71.0,-71.5,2.7601,Low,1.896e-05,Very Low
71.0000_-71.0000,71.0,-71.0,2.7601,Low,1.896e-05,Very Low
71.0000_-70.5000,71.0,-70.5,2.7437,Low,1.896e-05,Very Low
71.5000_-124.0000,71.5,-124.0,4.5551,Moderate,0.00053927,Low
71.5000_-123.5000,71.5,-123.5,4.5551,Moderate,0.00053927,Low
71.5000_-123.0000,71.5,-123.0,4.6287,Moderate,0.00053927,Low
71.5000_-122.5000,71.5,-122.5,4.6593,Moderate,0.00053927,Low
71.5000_-122.0000,71.5,-122.0,4.6723,Moderate,0.00053927,Low
71.5000_-121.5000,71.5,-121.5,4.681,Moderate,0.00053927,Low
71.5000_-121.0000,71.5,-121.0,4.681,Moderate,0.00053927,Low
71.5000_-120.5000,71.5,-120.5,4.6616,Moderate,0.00053927,Low
71.5000_-119.0000,71.5,-119.0,4.1173,Moderate,0.00018179,Low
71.5000_-118.5000,71.5,-118.5,3.6571,Low,7.416e-05,Low
71.5000_-118.0000,71.5,-118.0,3.6571,Low,7.416e-05,Low
71.5000_-117.5000,71.5,-117.5,3.3837,Low,1.896e-05,Very Low
71.5000_-117.0000,71.5,-117.0,3.3014,Low,1.896e-05,Very Low
71.5000_-116.5000,71.5,-116.5,3.198,Low,1.896e-05,Very Low
71.5000_-116.0000,71.5,-116.0,3.198,Low,1.896e-05,Very Low
71.5000_-115.5000,71.5,-115.5,2.8266,Low,1.896e-05,Very Low
71.5000_-115.0000,71.5,-115.0,2.5123,Low,1.896e-05,Very Low
71.5000_-114.5000,71.5,-114.5,2.2846,Low,1.896e-05,Very Low
71.5000_-114.0000,71.5,-114.0,1.914,Very Low,1.896e-05,Very Low
71.5000_-113.5000,71.5,-113.5,1.5288,Very Low,1.896e-05,Very Low
71.5000_-113.0000,71.5,-113.0,1.5288,Very Low,1.896e-05,Very Low
71.5000_-112.5000,71.5,-112.5,1.4137,Very Low,1.896e-05,Very Low
71.5000_-112.0000,71.5,-112.0,1.5746,Very Low,1.896e-05,Very Low
71.5000_-111.5000,71.5,-111.5,1.5746,Very Low,1.896e-05,Very Low
71.5000_-111.0000,71.5,-111.0,1.7534,Very Low,1.896e-05,Very Low
71.5000_-110.5000,71.5,-110.5,2.0733,Low,1.896e-05,Very Low
71.5000_-110.0000,71.5,-110.0,2.1389,Low,1.896e-05,Very Low
71.5000_-109.5000,71.5,-109.5,2.0244,Low,1.896e-05,Very Low
71.5000_-109.0000,71.5,-109.0,1.9885,Very Low,1.896e-05,Very Low
71.5000_-108.5000,71.5,-108.5,1.9885,Very Low,1.896e-05,Very Low
71.5000_-108.0000,71.5,-108.0,2.3932,Low,1.896e-05,Very Low
71.5000_-107.5000,71.5,-107.5,2.8035,Low,1.896e-05,Very Low
71.5000_-107.0000,71.5,-107.0,1.9023,Very Low,1.896e-05,Very Low
71.5000_-106.5000,71.5,-106.5,1.6052,Very Low,1.896e-05,Very Low
71.5000_-106.0000,71.5,-106.0,1.6052,Very Low,1.896e-05,Very Low
71.5000_-105.5000,71.5,-105.5,1.4606,Very Low,1.896e-05,Very Low
71.5000_-105.0000,71.5,-105.0,1.4115,Very Low,1.896e-05,Very Low
71.5000_-104.5000,71.5,-104.5,1.448,Very Low,1.896e-05,Very Low
71.5000_-99.5000,71.5,-99.5,2.9155,Low,1.896e-05,Very Low
71.5000_-99.0000,71.5,-99.0,2.3516,Low,1.896e-05,Very Low
71.5000_-98.5000,71.5,-98.5,2.0145,Low,1.896e-05,Very Low
71.5000_-98.0000,71.5,-98.0,2.0145,Low,1.896e-05,Very Low
71.5000_-96.0000,71.5,-96.0,2.008,Low,1.896e-05,Very Low
71.5000_-95.5000,71.5,-95.5,2.1099,Low,1.896e-05,Very Low
71.5000_-95.0000,71.5,-95.0,2.2058,Low,1.896e-05,Very Low
71.5000_-94.5000,71.5,-94.5,2.3227,Low,1.896e-05,Very Low
71.5000_-94.0000,71.5,-94.0,2.321,Low,1.896e-05,Very Low
71.5000_-93.5000,71.5,-93.5,2.2971,Low,1.896e-05,Very Low
71.5000_-93.0000,71.5,-93.0,2.2971,Low,1.896e-05,Very Low
71.5000_-90.0000,71.5,-90.0,2.7684,Low,1.896e-05,Very Low
71.5000_-89.5000,71.5,-89.5,3.0338,Low,1.896e-05,Very Low
71.5000_-89.0000,71.5,-89.0,3.2986,Low,1.896e-05,Very Low
71.5000_-88.5000,71.5,-88.5,3.2986,Low,1.896e-05,Very Low
71.5000_-88.0000,71.5,-88.0,3.7383,Low,1.896e-05,Very Low
71.5000_-87.5000,71.5,-87.5,4.2632,Moderate,1.896e-05,Very Low
71.5000_-87.0000,71.5,-87.0,4.4257,Moderate,1.896e-05,Very Low
71.5000_-86.5000,71.5,-86.5,4.4257,Moderate,1.896e-05,Very Low
71.5000_-86.0000,71.5,-86.0,4.5867,Moderate,1.896e-05,Very Low
71.5000_-85.5000,71.5,-85.5,4.7399,Moderate,1.896e-05,Very Low
71.5000_-85.0000,71.5,-85.0,4.8086,Moderate,1.896e-05,Very Low
71.5000_-84.5000,71.5,-84.5,4.7884,Moderate,1.896e-05,Very Low
71.5000_-84.0000,71.5,-84.0,4.7563,Moderate,1.896e-05,Very Low
71.5000_-83.5000,71.5,-83.5,4.7563,Moderate,1.896e-05,Very Low
71.5000_-83.0000,71.5,-83.0,4.6714,Moderate,7.416e-05,Low
71.5000_-82.5000,71.5,-82.5,4.6027,Moderate,1.896e-05,Very Low
71.5000_-82.0000,71.5,-82.0,4.7236,Moderate,1.896e-05,Very Low
71.5000_-81.5000,71.5,-81.5,4.7236,Moderate,1.896e-05,Very Low
71.5000_-81.0000,71.5,-81.0,4.9035,Moderate,1.896e-05,Very Low
71.5000_-80.5000,71.5,-80.5,5.1133,Moderate,1.896e-05,Very Low
71.5000_-80.0000,71.5,-80.0,5.2374,Moderate,7.416e-05,Low
71.5000_-79.5000,71.5,-79.5,5.2004,Moderate,1.896e-05,Very Low
71.5000_-79.0000,71.5,-79.0,4.976,Moderate,1.896e-05,Very Low
71.5000_-78.5000,71.5,-78.5,4.976,Moderate,1.896e-05,Very Low
71.5000_-78.0000,71.5,-78.0,4.8953,Moderate,1.896e-05,Very Low
71.5000_-77.5000,71.5,-77.5,4.8373,Moderate,1.896e-05,Very Low
71.5000_-77.0000,71.5,-77.0,4.6067,Moderate,1.896e-05,Very Low
71.5000_-76.5000,71.5,-76.5,4.2569,Moderate,1.896e-05,Very Low
71.5000_-76.0000,71.5,-76.0,4.2569,Moderate,1.896e-05,Very Low
71.5000_-75.5000,71.5,-75.5,3.4651,Low,1.896e-05,Very Low
71.5000_-75.0000,71.5,-75.0,2.7026,Low,1.896e-05,Very Low
71.5000_-74.5000,71.5,-74.5,2.3613,Low,1.896e-05,Very Low
71.5000_-74.0000,71.5,-74.0,2.2674,Low,1.896e-05,Very Low
71.5000_-73.5000,71.5,-73.5,2.1038,Low,1.896e-05,Very Low
71.5000_-73.0000,71.5,-73.0,2.1038,Low,1.896e-05,Very Low
71.5000_-72.5000,71.5,-72.5,1.9389,Very Low,1.896e-05,Very Low
71.5000_-72.0000,71.5,-72.0,1.8044,Very Low,0.0,Very Low
71.5000_-71.5000,71.5,-71.5,1.7211,Very Low,0.0,Very Low
72.0000_-126.0000,72.0,-126.0,2.9764,Low,1.896e-05,Very Low
72.0000_-125.5000,72.0,-125.5,3.7521,Low,1.896e-05,Very Low
72.0000_-125.0000,72.0,-125.0,4.7988,Moderate,1.896e-05,Very Low
72.0000_-124.5000,72.0,-124.5,5.9704,Moderate,0.00053927,Low
72.0000_-124.0000,72.0,-124.0,6.1785,Moderate,0.00068534,Low
72.0000_-123.5000,72.0,-123.5,6.3894,Moderate,0.00068534,Low
72.0000_-123.0000,72.0,-123.0,6.3894,Moderate,0.00068534,Low
72.0000_-122.5000,72.0,-122.5,6.4251,Moderate,0.00068534,Low
72.0000_-122.0000,72.0,-122.0,6.4576,Moderate,0.00068534,Low
72.0000_-121.5000,72.0,-121.5,6.4318,Moderate,0.00068534,Low
72.0000_-121.0000,72.0,-121.0,6.4318,Moderate,0.00068534,Low
72.0000_-120.5000,72.0,-120.5,6.4092,Moderate,0.00068534,Low
72.0000_-119.0000,72.0,-119.0,5.1555,Moderate,7.416e-05,Low
72.0000_-118.5000,72.0,-118.5,5.1555,Moderate,7.416e-05,Low
72.0000_-118.0000,72.0,-118.0,4.6134,Moderate,1.896e-05,Very Low
72.0000_-117.5000,72.0,-117.5,4.2447,Moderate,1.896e-05,Very Low
72.0000_-117.0000,72.0,-117.0,4.0399,Moderate,1.896e-05,Very Low
72.0000_-116.5000,72.0,-116.5,3.9453,Low,1.896e-05,Very Low
72.0000_-116.0000,72.0,-116.0,3.9453,Low,1.896e-05,Very Low
72.0000_-115.5000,72.0,-115.5,3.6378,Low,1.896e-05,Very Low
72.0000_-115.0000,72.0,-115.0,3.3069,Low,1.896e-05,Very Low
72.0000_-114.5000,72.0,-114.5,2.8649,Low,1.896e-05,Very Low
72.0000_-114.0000,72.0,-114.0,2.6048,Low,1.896e-05,Very Low
72.0000_-113.5000,72.0,-113.5,2.0851,Low,1.896e-05,Very Low
72.0000_-113.0000,72.0,-113.0,2.0851,Low,1.896e-05,Very Low
72.0000_-112.5000,72.0,-112.5,1.9292,Very Low,1.896e-05,Very Low
72.0000_-112.0000,72.0,-112.0,1.8056,Very Low,1.896e-05,Very Low
72.0000_-111.5000,72.0,-111.5,1.8056,Very Low,1.896e-05,Very Low
72.0000_-111.0000,72.0,-111.0,1.811,Very Low,1.896e-05,Very Low
72.0000_-110.5000,72.0,-110.5,1.8977,Very Low,1.896e-05,Very Low
72.0000_-110.0000,72.0,-110.0,2.1923,Low,1.896e-05,Very Low
72.0000_-109.5000,72.0,-109.5,2.6494,Low,1.896e-05,Very Low
72.0000_-109.0000,72.0,-109.0,3.4752,Low,7.416e-05,Low
72.0000_-108.5000,72.0,-108.5,3.4752,Low,7.416e-05,Low
72.0000_-108.0000,72.0,-108.0,4.5902,Moderate,1.896e-05,Very Low
72.0000_-107.5000,72.0,-107.5,4.2738,Moderate,1.896e-05,Very Low
72.0000_-107.0000,72.0,-107.0,3.159,Low,1.896e-05,Very Low
72.0000_-106.5000,72.0,-106.5,2.6465,Low,1.896e-05,Very Low
72.0000_-106.0000,72.0,-106.0,2.6465,Low,1.896e-05,Very Low
72.0000_-105.5000,72.0,-105.5,2.3056,Low,1.896e-05,Very Low
72.0000_-105.0000,72.0,-105.0,2.0412,Low,1.896e-05,Very Low
72.0000_-100.5000,72.0,-100.5,5.0104,Moderate,1.896e-05,Very Low
72.0000_-100.0000,72.0,-100.0,4.6726,Moderate,1.896e-05,Very Low
72.0000_-99.5000,72.0,-99.5,4.5926,Moderate,1.896e-05,Very Low
72.0000_-99.0000,72.0,-99.0,4.4558,Moderate,1.896e-05,Very Low
72.0000_-98.5000,72.0,-98.5,4.4558,Moderate,1.896e-05,Very Low
72.0000_-98.0000,72.0,-98.0,3.5939,Low,1.896e-05,Very Low
72.0000_-97.5000,72.0,-97.5,3.2973,Low,1.896e-05,Very Low
72.0000_-97.0000,72.0,-97.0,3.1191,Low,1.896e-05,Very Low
72.0000_-96.5000,72.0,-96.5,3.1191,Low,1.896e-05,Very Low
72.0000_-95.5000,72.0,-95.5,2.9232,Low,1.896e-05,Very Low
72.0000_-95.0000,72.0,-95.0,2.9982,Low,1.896e-05,Very Low
72.0000_-94.5000,72.0,-94.5,3.0754,Low,1.896e-05,Very Low
72.0000_-94.0000,72.0,-94.0,3.0776,Low,1.896e-05,Very Low
72.0000_-90.0000,72.0,-90.0,3.5614,Low,1.896e-05,Very Low
72.0000_-89.5000,72.0,-89.5,3.5821,Low,1.896e-05,Very Low
72.0000_-89.0000,72.0,-89.0,3.6235,Low,1.896e-05,Very Low
72.0000_-88.5000,72.0,-88.5,3.6235,Low,1.896e-05,Very Low
72.0000_-88.0000,72.0,-88.0,3.8731,Low,1.896e-05,Very Low
72.0000_-87.5000,72.0,-87.5,4.1917,Moderate,1.896e-05,Very Low
72.0000_-87.0000,72.0,-87.0,4.6272,Moderate,1.896e-05,Very Low
72.0000_-86.5000,72.0,-86.5,5.1855,Moderate,1.896e-05,Very Low
72.0000_-86.0000,72.0,-86.0,5.1855,Moderate,1.896e-05,Very Low
72.0000_-85.5000,72.0,-85.5,5.4243,Moderate,1.896e-05,Very Low
72.0000_-85.0000,72.0,-85.0,5.5926,Moderate,1.896e-05,Very Low
72.0000_-84.5000,72.0,-84.5,5.8349,Moderate,1.896e-05,Very Low
72.0000_-84.0000,72.0,-84.0,6.1263,Moderate,7.416e-05,Low
72.0000_-83.5000,72.0,-83.5,6.1263,Moderate,7.416e-05,Low
72.0000_-83.0000,72.0,-83.0,6.4562,Moderate,1.896e-05,Very Low
72.0000_-82.5000,72.0,-82.5,6.7562,Moderate,7.416e-05,Low
72.0000_-82.0000,72.0,-82.0,6.9501,Moderate,7.416e-05,Low
72.0000_-81.5000,72.0,-81.5,7.1886,Moderate,0.00015106,Low
72.0000_-81.0000,72.0,-81.0,7.1886,Moderate,0.00015106,Low
72.0000_-80.5000,72.0,-80.5,7.2814,Moderate,7.416e-05,Low
72.0000_-80.0000,72.0,-80.0,7.373,Moderate,7.416e-05,Low
72.0000_-79.5000,72.0,-79.5,7.1994,Moderate,0.00015106,Low
72.0000_-79.0000,72.0,-79.0,6.9893,Moderate,7.416e-05,Low
72.0000_-78.5000,72.0,-78.5,7.0515,Moderate,7.416e-05,Low
72.0000_-78.0000,72.0,-78.0,6.6851,Moderate,1.896e-05,Very Low
72.0000_-77.5000,72.0,-77.5,6.3473,Moderate,0.00015106,Low
72.0000_-77.0000,72.0,-77.0,5.7135,Moderate,1.896e-05,Very Low
72.0000_-76.5000,72.0,-76.5,5.7135,Moderate,1.896e-05,Very Low
72.0000_-76.0000,72.0,-76.0,4.5692,Moderate,1.896e-05,Very Low
72.0000_-75.5000,72.0,-75.5,3.5422,Low,1.896e-05,Very Low
72.0000_-75.0000,72.0,-75.0,3.2097,Low,1.896e-05,Very Low
72.0000_-74.5000,72.0,-74.5,3.1148,Low,1.896e-05,Very Low
72.0000_-74.0000,72.0,-74.0,2.9185,Low,1.896e-05,Very Low
72.5000_-125.5000,72.5,-125.5,4.8683,Moderate,1.896e-05,Very Low
72.5000_-125.0000,72.5,-125.0,5.7558,Moderate,1.896e-05,Very Low
72.5000_-124.5000,72.5,-124.5,7.0354,Moderate,0.00053927,Low
72.5000_-124.0000,72.5,-124.0,7.8217,Moderate,0.00053927,Low
72.5000_-123.5000,72.5,-123.5,7.8217,Moderate,0.00053927,Low
72.5000_-123.0000,72.5,-123.0,8.1499,High,0.00068534,Low
72.5000_-122.5000,72.5,-122.5,8.3325,High,0.00068534,Low
72.5000_-122.0000,72.5,-122.0,8.5585,High,0.00068534,Low
72.5000_-121.5000,72.5,-121.5,8.5585,High,0.00068534,Low
72.5000_-121.0000,72.5,-121.0,8.7985,High,0.00068534,Low
72.5000_-120.5000,72.5,-120.5,8.7902,High,0.00068534,Low
72.5000_-120.0000,72.5,-120.0,8.7292,High,0.00068534,Low
72.5000_-119.5000,72.5,-119.5,8.6508,High,0.00068534,Low
72.5000_-119.0000,72.5,-119.0,8.3795,High,0.00068534,Low
72.5000_-118.5000,72.5,-118.5,7.6655,Moderate,0.00053927,Low
72.5000_-118.0000,72.5,-118.0,7.6655,Moderate,0.00053927,Low
72.5000_-117.5000,72.5,-117.5,6.8849,Moderate,0.00053927,Low
72.5000_-117.0000,72.5,-117.0,6.354,Moderate,7.416e-05,Low
72.5000_-116.5000,72.5,-116.5,6.354,Moderate,7.416e-05,Low
72.5000_-116.0000,72.5,-116.0,6.0768,Moderate,1.896e-05,Very Low
72.5000_-115.5000,72.5,-115.5,5.6813,Moderate,1.896e-05,Very Low
72.5000_-115.0000,72.5,-115.0,5.2091,Moderate,1.896e-05,Very Low
72.5000_-114.5000,72.5,-114.5,4.6936,Moderate,1.896e-05,Very Low
72.5000_-114.0000,72.5,-114.0,4.3232,Moderate,1.896e-05,Very Low
72.5000_-113.5000,72.5,-113.5,4.3232,Moderate,1.896e-05,Very Low
72.5000_-113.0000,72.5,-113.0,3.7847,Low,1.896e-05,Very Low
72.5000_-112.5000,72.5,-112.5,3.5612,Low,1.896e-05,Very Low
72.5000_-112.0000,72.5,-112.0,3.6996,Low,1.896e-05,Very Low
72.5000_-111.5000,72.5,-111.5,3.6996,Low,1.896e-05,Very Low
72.5000_-111.0000,72.5,-111.0,4.0844,Moderate,1.896e-05,Very Low
72.5000_-110.5000,72.5,-110.5,4.2659,Moderate,1.896e-05,Very Low
72.5000_-110.0000,72.5,-110.0,4.4543,Moderate,1.896e-05,Very Low
72.5000_-109.5000,72.5,-109.5,4.6721,Moderate,1.896e-05,Very Low
72.5000_-109.0000,72.5,-109.0,5.4355,Moderate,1.896e-05,Very Low
72.5000_-108.5000,72.5,-108.5,5.4355,Moderate,1.896e-05,Very Low
72.5000_-108.0000,72.5,-108.0,5.7012,Moderate,1.896e-05,Very Low
72.5000_-107.5000,72.5,-107.5,5.7295,Moderate,1.896e-05,Very Low
72.5000_-107.0000,72.5,-107.0,5.8662,Moderate,1.896e-05,Very Low
72.5000_-106.5000,72.5,-106.5,5.8662,Moderate,1.896e-05,Very Low
72.5000_-106.0000,72.5,-106.0,5.378,Moderate,1.896e-05,Very Low
72.5000_-105.5000,72.5,-105.5,3.9899,Low,1.896e-05,Very Low
72.5000_-105.0000,72.5,-105.0,3.4109,Low,1.896e-05,Very Low
72.5000_-102.5000,72.5,-102.5,3.2075,Low,1.896e-05,Very Low
72.5000_-102.0000,72.5,-102.0,3.8249,Low,1.896e-05,Very Low
72.5000_-101.5000,72.5,-101.5,4.232,Moderate,1.896e-05,Very Low
72.5000_-101.0000,72.5,-101.0,5.4555,Moderate,1.896e-05,Very Low
72.5000_-100.5000,72.5,-100.5,6.9066,Moderate,1.896e-05,Very Low
72.5000_-100.0000,72.5,-100.0,7.5573,Moderate,1.896e-05,Very Low
72.5000_-99.5000,72.5,-99.5,7.6867,Moderate,1.896e-05,Very Low
72.5000_-99.0000,72.5,-99.0,7.6767,Moderate,1.896e-05,Very Low
72.5000_-98.5000,72.5,-98.5,7.6767,Moderate,1.896e-05,Very Low
72.5000_-98.0000,72.5,-98.0,7.5854,Moderate,1.896e-05,Very Low
72.5000_-97.5000,72.5,-97.5,7.4913,Moderate,1.896e-05,Very Low
72.5000_-97.0000,72.5,-97.0,6.6867,Moderate,1.896e-05,Very Low
72.5000_-96.5000,72.5,-96.5,6.1228,Moderate,1.896e-05,Very Low
72.5000_-95.5000,72.5,-95.5,5.7658,Moderate,1.896e-05,Very Low
72.5000_-95.0000,72.5,-95.0,5.6512,Moderate,1.896e-05,Very Low
72.5000_-94.5000,72.5,-94.5,5.4709,Moderate,1.896e-05,Very Low
72.5000_-94.0000,72.5,-94.0,5.2936,Moderate,1.896e-05,Very Low
72.5000_-93.5000,72.5,-93.5,5.2936,Moderate,1.896e-05,Very Low
72.5000_-90.0000,72.5,-90.0,5.0201,Moderate,1.896e-05,Very Low
72.5000_-89.5000,72.5,-89.5,5.1015,Moderate,1.896e-05,Very Low
72.5000_-89.0000,72.5,-89.0,5.1843,Moderate,1.896e-05,Very Low
72.5000_-88.5000,72.5,-88.5,5.1843,Moderate,1.896e-05,Very Low
72.5000_-88.0000,72.5,-88.0,5.3147,Moderate,1.896e-05,Very Low
72.5000_-87.5000,72.5,-87.5,5.5394,Moderate,1.896e-05,Very Low
72.5000_-87.0000,72.5,-87.0,5.8354,Moderate,1.896e-05,Very Low
72.5000_-86.5000,72.5,-86.5,5.8354,Moderate,1.896e-05,Very Low
72.5000_-86.0000,72.5,-86.0,6.2176,Moderate,1.896e-05,Very Low
72.5000_-85.5000,72.5,-85.5,6.6898,Moderate,1.896e-05,Very Low
72.5000_-85.0000,72.5,-85.0,7.2916,Moderate,1.896e-05,Very Low
72.5000_-84.5000,72.5,-84.5,7.9334,Moderate,1.896e-05,Very Low
72.5000_-84.0000,72.5,-84.0,8.6453,High,1.896e-05,Very Low
72.5000_-83.5000,72.5,-83.5,8.6453,High,1.896e-05,Very Low
72.5000_-83.0000,72.5,-83.0,9.3053,High,7.416e-05,Low
72.5000_-82.5000,72.5,-82.5,9.9547,High,7.416e-05,Low
72.5000_-82.0000,72.5,-82.0,10.6038,High,1.896e-05,Very Low
72.5000_-81.5000,72.5,-81.5,10.6038,High,1.896e-05,Very Low
72.5000_-81.0000,72.5,-81.0,10.8055,High,1.896e-05,Very Low
72.5000_-80.5000,72.5,-80.5,10.8415,High,1.896e-05,Very Low
72.5000_-80.0000,72.5,-80.0,10.8361,High,1.896e-05,Very Low
72.5000_-79.5000,72.5,-79.5,10.8009,High,1.896e-05,Very Low
72.5000_-78.5000,72.5,-78.5,10.5263,High,1.896e-05,Very Low
72.5000_-78.0000,72.5,-78.0,10.3692,High,1.896e-05,Very Low
72.5000_-77.5000,72.5,-77.5,9.8845,High,7.416e-05,Low
72.5000_-77.0000,72.5,-77.0,7.9311,Moderate,1.896e-05,Very Low
72.5000_-76.5000,72.5,-76.5,7.9311,Moderate,1.896e-05,Very Low
72.5000_-76.0000,72.5,-76.0,6.1166,Moderate,1.896e-05,Very Low
72.5000_-75.5000,72.5,-75.5,5.3789,Moderate,1.896e-05,Very Low
72.5000_-75.0000,72.5,-75.0,5.3567,Moderate,1.896e-05,Very Low
73.0000_-125.0000,73.0,-125.0,3.6275,Low,1.896e-05,Very Low
73.0000_-124.5000,73.0,-124.5,3.9317,Low,1.896e-05,Very Low
73.0000_-124.0000,73.0,-124.0,4.3674,Moderate,1.896e-05,Very Low
73.0000_-123.5000,73.0,-123.5,4.3674,Moderate,1.896e-05,Very Low
73.0000_-123.0000,73.0,-123.0,4.6977,Moderate,1.896e-05,Very Low
73.0000_-122.5000,73.0,-122.5,4.8004,Moderate,1.896e-05,Very Low
73.0000_-122.0000,73.0,-122.0,4.9279,Moderate,1.896e-05,Very Low
73.0000_-121.5000,73.0,-121.5,4.9279,Moderate,1.896e-05,Very Low
73.0000_-121.0000,73.0,-121.0,5.114,Moderate,7.416e-05,Low
73.0000_-120.5000,73.0,-120.5,5.186,Moderate,7.416e-05,Low
73.0000_-120.0000,73.0,-120.0,5.3808,Moderate,0.00018179,Low
73.0000_-119.5000,73.0,-119.5,5.6592,Moderate,0.00053927,Low
73.0000_-119.0000,73.0,-119.0,5.8399,Moderate,0.00053927,Low
73.0000_-118.5000,73.0,-118.5,5.8399,Moderate,0.00053927,Low
73.0000_-118.0000,73.0,-118.0,5.3549,Moderate,0.00018179,Low
73.0000_-117.5000,73.0,-117.5,4.8815,Moderate,1.896e-05,Very Low
73.0000_-117.0000,73.0,-117.0,5.0436,Moderate,7.416e-05,Low
73.0000_-116.5000,73.0,-116.5,5.0436,Moderate,7.416e-05,Low
73.0000_-116.0000,73.0,-116.0,4.9524,Moderate,7.416e-05,Low
73.0000_-115.5000,73.0,-115.5,4.6944,Moderate,1.896e-05,Very Low
73.0000_-115.0000,73.0,-115.0,4.5091,Moderate,1.896e-05,Very Low
73.0000_-114.5000,73.0,-114.5,4.3896,Moderate,1.896e-05,Very Low
73.0000_-114.0000,73.0,-114.0,4.3336,Moderate,1.896e-05,Very Low
73.0000_-113.5000,73.0,-113.5,4.0181,Moderate,1.896e-05,Very Low
73.0000_-113.0000,73.0,-113.0,4.0181,Moderate,1.896e-05,Very Low
73.0000_-112.5000,73.0,-112.5,4.0569,Moderate,1.896e-05,Very Low
73.0000_-111.0000,73.0,-111.0,3.6004,Low,1.896e-05,Very Low
73.0000_-110.5000,73.0,-110.5,3.4267,Low,7.416e-05,Low
73.0000_-110.0000,73.0,-110.0,3.4436,Low,7.416e-05,Low
73.0000_-109.5000,73.0,-109.5,3.8627,Low,1.896e-05,Very Low
73.0000_-108.5000,73.0,-108.5,3.8823,Low,1.896e-05,Very Low
73.0000_-108.0000,73.0,-108.0,3.6618,Low,1.896e-05,Very Low
73.0000_-107.5000,73.0,-107.5,3.828,Low,1.896e-05,Very Low
73.0000_-107.0000,73.0,-107.0,4.0715,Moderate,1.896e-05,Very Low
73.0000_-106.5000,73.0,-106.5,4.2188,Moderate,1.896e-05,Very Low
73.0000_-106.0000,73.0,-106.0,4.2188,Moderate,1.896e-05,Very Low
73.0000_-105.5000,73.0,-105.5,3.376,Low,1.896e-05,Very Low
73.0000_-105.0000,73.0,-105.0,2.721,Low,1.896e-05,Very Low
73.0000_-102.5000,73.0,-102.5,1.7545,Very Low,1.896e-05,Very Low
73.0000_-102.0000,73.0,-102.0,1.9878,Very Low,1.896e-05,Very Low
73.0000_-101.5000,73.0,-101.5,2.2569,Low,0.0,Very Low
73.0000_-100.5000,73.0,-100.5,3.0404,Low,1.896e-05,Very Low
73.0000_-100.0000,73.0,-100.0,3.495,Low,1.896e-05,Very Low
73.0000_-99.5000,73.0,-99.5,3.9492,Low,1.896e-05,Very Low
73.0000_-99.0000,73.0,-99.0,4.79,Moderate,1.896e-05,Very Low
73.0000_-98.5000,73.0,-98.5,4.79,Moderate,1.896e-05,Very Low
73.0000_-98.0000,73.0,-98.0,5.5377,Moderate,1.896e-05,Very Low
73.0000_-97.5000,73.0,-97.5,6.1584,Moderate,1.896e-05,Very Low
73.0000_-97.0000,73.0,-97.0,6.2985,Moderate,1.896e-05,Very Low
73.0000_-96.5000,73.0,-96.5,6.2985,Moderate,1.896e-05,Very Low
73.0000_-96.0000,73.0,-96.0,5.5922,Moderate,1.896e-05,Very Low
73.0000_-95.5000,73.0,-95.5,5.2126,Moderate,1.896e-05,Very Low
73.0000_-95.0000,73.0,-95.0,5.0352,Moderate,1.896e-05,Very Low
73.0000_-94.5000,73.0,-94.5,4.9177,Moderate,1.896e-05,Very Low
73.0000_-94.0000,73.0,-94.0,4.6933,Moderate,1.896e-05,Very Low
73.0000_-93.5000,73.0,-93.5,4.6933,Moderate,1.896e-05,Very Low
73.0000_-93.0000,73.0,-93.0,4.0758,Moderate,1.896e-05,Very Low
73.0000_-92.5000,73.0,-92.5,3.4521,Low,1.896e-05,Very Low
73.0000_-92.0000,73.0,-92.0,2.9893,Low,1.896e-05,Very Low
73.0000_-91.5000,73.0,-91.5,2.9893,Low,1.896e-05,Very Low
73.0000_-89.5000,73.0,-89.5,3.08,Low,1.896e-05,Very Low
73.0000_-89.0000,73.0,-89.0,3.0475,Low,1.896e-05,Very Low
73.0000_-88.5000,73.0,-88.5,3.034,Low,1.896e-05,Very Low
73.0000_-88.0000,73.0,-88.0,3.034,Low,1.896e-05,Very Low
73.0000_-87.5000,73.0,-87.5,3.1766,Low,1.896e-05,Very Low
73.0000_-87.0000,73.0,-87.0,3.3538,Low,1.896e-05,Very Low
73.0000_-86.5000,73.0,-86.5,3.3538,Low,1.896e-05,Very Low
73.0000_-85.5000,73.0,-85.5,3.8512,Low,1.896e-05,Very Low
73.0000_-85.0000,73.0,-85.0,4.2142,Moderate,1.896e-05,Very Low
73.0000_-84.5000,73.0,-84.5,4.7236,Moderate,1.896e-05,Very Low
73.0000_-84.0000,73.0,-84.0,5.2878,Moderate,1.896e-05,Very Low
73.0000_-83.5000,73.0,-83.5,5.2878,Moderate,1.896e-05,Very Low
73.0000_-83.0000,73.0,-83.0,5.9969,Moderate,1.896e-05,Very Low
73.0000_-82.5000,73.0,-82.5,6.846,Moderate,1.896e-05,Very Low
73.0000_-82.0000,73.0,-82.0,7.1978,Moderate,7.416e-05,Low
73.0000_-81.5000,73.0,-81.5,7.1978,Moderate,7.416e-05,Low
73.0000_-81.0000,73.0,-81.0,7.5657,Moderate,0.00015106,Low
73.0000_-80.5000,73.0,-80.5,7.7135,Moderate,0.00018179,Low
73.0000_-80.0000,73.0,-80.0,7.5955,Moderate,0.00015106,Low
73.0000_-79.5000,73.0,-79.5,7.5382,Moderate,0.00015106,Low
73.0000_-79.0000,73.0,-79.0,7.5271,Moderate,0.00015106,Low
73.0000_-78.5000,73.0,-78.5,7.4124,Moderate,7.416e-05,Low
73.0000_-78.0000,73.0,-78.0,7.4124,Moderate,7.416e-05,Low
73.0000_-77.5000,73.0,-77.5,6.9071,Moderate,1.896e-05,Very Low
73.0000_-77.0000,73.0,-77.0,6.3677,Moderate,1.896e-05,Very Low
73.0000_-76.5000,73.0,-76.5,6.3677,Moderate,1.896e-05,Very Low
73.0000_-76.0000,73.0,-76.0,5.9452,Moderate,1.896e-05,Very Low
73.5000_-124.5000,73.5,-124.5,3.0402,Low,1.896e-05,Very Low
73.5000_-124.0000,73.5,-124.0,3.3939,Low,7.416e-05,Low
73.5000_-123.5000,73.5,-123.5,3.3939,Low,7.416e-05,Low
73.5000_-123.0000,73.5,-123.0,3.7846,Low,1.896e-05,Very Low
73.5000_-122.5000,73.5,-122.5,3.8301,Low,1.896e-05,Very Low
73.5000_-122.0000,73.5,-122.0,3.7314,Low,1.896e-05,Very Low
73.5000_-121.5000,73.5,-121.5,3.7314,Low,1.896e-05,Very Low
73.5000_-121.0000,73.5,-121.0,3.9368,Low,1.896e-05,Very Low
73.5000_-120.5000,73.5,-120.5,3.8121,Low,1.896e-05,Very Low
73.5000_-120.0000,73.5,-120.0,3.3938,Low,7.416e-05,Low
73.5000_-119.5000,73.5,-119.5,3.6325,Low,1.896e-05,Very Low
73.5000_-119.0000,73.5,-119.0,3.7412,Low,1.896e-05,Very Low
73.5000_-118.5000,73.5,-118.5,3.6234,Low,1.896e-05,Very Low
73.5000_-118.0000,73.5,-118.0,3.6234,Low,1.896e-05,Very Low
73.5000_-117.5000,73.5,-117.5,3.5476,Low,1.896e-05,Very Low
73.5000_-117.0000,73.5,-117.0,3.5054,Low,7.416e-05,Low
73.5000_-116.5000,73.5,-116.5,3.5054,Low,7.416e-05,Low
73.5000_-116.0000,73.5,-116.0,3.4567,Low,7.416e-05,Low
73.5000_-115.5000,73.5,-115.5,3.5701,Low,1.896e-05,Very Low
73.5000_-108.0000,73.5,-108.0,3.3331,Low,1.896e-05,Very Low
73.5000_-107.5000,73.5,-107.5,3.1723,Low,1.896e-05,Very Low
73.5000_-107.0000,73.5,-107.0,3.1611,Low,1.896e-05,Very Low
73.5000_-106.5000,73.5,-106.5,3.3994,Low,7.416e-05,Low
73.5000_-106.0000,73.5,-106.0,3.3994,Low,7.416e-05,Low
73.5000_-105.5000,73.5,-105.5,3.3754,Low,1.896e-05,Very Low
73.5000_-105.0000,73.5,-105.0,3.3465,Low,1.896e-05,Very Low
73.5000_-104.5000,73.5,-104.5,2.8019,Low,1.896e-05,Very Low
73.5000_-101.5000,73.5,-101.5,1.7523,Very Low,0.0,Very Low
73.5000_-101.0000,73.5,-101.0,1.7309,Very Low,0.0,Very Low
73.5000_-100.5000,73.5,-100.5,1.7748,Very Low,0.0,Very Low
73.5000_-100.0000,73.5,-100.0,1.9022,Very Low,0.0,Very Low
73.5000_-99.5000,73.5,-99.5,1.3593,Very Low,0.0,Very Low
73.5000_-99.0000,73.5,-99.0,1.5464,Very Low,0.0,Very Low
73.5000_-98.5000,73.5,-98.5,1.5464,Very Low,0.0,Very Low
73.5000_-98.0000,73.5,-98.0,2.2314,Low,0.0,Very Low
73.5000_-97.5000,73.5,-97.5,3.2943,Low,1.896e-05,Very Low
73.5000_-97.0000,73.5,-97.0,4.1701,Moderate,1.896e-05,Very Low
73.5000_-95.5000,73.5,-95.5,4.5859,Moderate,1.896e-05,Very Low
73.5000_-95.0000,73.5,-95.0,5.0481,Moderate,1.896e-05,Very Low
73.5000_-94.5000,73.5,-94.5,4.9717,Moderate,1.896e-05,Very Low
73.5000_-94.0000,73.5,-94.0,5.1865,Moderate,1.896e-05,Very Low
73.5000_-93.5000,73.5,-93.5,5.1865,Moderate,1.896e-05,Very Low
73.5000_-93.0000,73.5,-93.0,4.771,Moderate,1.896e-05,Very Low
73.5000_-92.5000,73.5,-92.5,3.6822,Low,1.896e-05,Very Low
73.5000_-92.0000,73.5,-92.0,2.8936,Low,1.896e-05,Very Low
73.5000_-91.5000,73.5,-91.5,2.8936,Low,1.896e-05,Very Low
73.5000_-91.0000,73.5,-91.0,2.7048,Low,1.896e-05,Very Low
73.5000_-88.5000,73.5,-88.5,2.336,Low,1.896e-05,Very Low
73.5000_-88.0000,73.5,-88.0,2.336,Low,1.896e-05,Very Low
73.5000_-87.5000,73.5,-87.5,2.3567,Low,1.896e-05,Very Low
73.5000_-87.0000,73.5,-87.0,2.4958,Low,1.896e-05,Very Low
73.5000_-86.5000,73.5,-86.5,2.4958,Low,1.896e-05,Very Low
73.5000_-86.0000,73.5,-86.0,2.6407,Low,1.896e-05,Very Low
73.5000_-85.5000,73.5,-85.5,2.8244,Low,1.896e-05,Very Low
73.5000_-84.5000,73.5,-84.5,3.4436,Low,1.896e-05,Very Low
73.5000_-84.0000,73.5,-84.0,3.8055,Low,1.896e-05,Very Low
73.5000_-83.5000,73.5,-83.5,3.8055,Low,1.896e-05,Very Low
73.5000_-83.0000,73.5,-83.0,4.0321,Moderate,1.896e-05,Very Low
73.5000_-82.5000,73.5,-82.5,4.283,Moderate,1.896e-05,Very Low
73.5000_-82.0000,73.5,-82.0,4.4902,Moderate,1.896e-05,Very Low
73.5000_-81.5000,73.5,-81.5,4.4902,Moderate,1.896e-05,Very Low
73.5000_-81.0000,73.5,-81.0,4.6078,Moderate,1.896e-05,Very Low
73.5000_-80.5000,73.5,-80.5,4.751,Moderate,1.896e-05,Very Low
73.5000_-80.0000,73.5,-80.0,4.995,Moderate,1.896e-05,Very Low
73.5000_-79.5000,73.5,-79.5,5.3146,Moderate,1.896e-05,Very Low
73.5000_-79.0000,73.5,-79.0,5.7411,Moderate,1.896e-05,Very Low
73.5000_-78.5000,73.5,-78.5,5.7411,Moderate,1.896e-05,Very Low
73.5000_-78.0000,73.5,-78.0,6.2688,Moderate,1.896e-05,Very Low
73.5000_-77.5000,73.5,-77.5,6.732,Moderate,7.416e-05,Low
73.5000_-77.0000,73.5,-77.0,6.8752,Moderate,7.416e-05,Low
74.0000_-124.5000,74.0,-124.5,2.3723,Low,1.896e-05,Very Low
74.0000_-124.0000,74.0,-124.0,2.4395,Low,1.896e-05,Very Low
74.0000_-123.5000,74.0,-123.5,2.8192,Low,1.896e-05,Very Low
74.0000_-123.0000,74.0,-123.0,2.8192,Low,1.896e-05,Very Low
74.0000_-122.5000,74.0,-122.5,3.2754,Low,1.896e-05,Very Low
74.0000_-122.0000,74.0,-122.0,3.5437,Low,1.896e-05,Very Low
74.0000_-121.5000,74.0,-121.5,3.5437,Low,1.896e-05,Very Low
74.0000_-121.0000,74.0,-121.0,3.51,Low,1.896e-05,Very Low
74.0000_-120.5000,74.0,-120.5,3.6663,Low,1.896e-05,Very Low
74.0000_-120.0000,74.0,-120.0,3.6479,Low,1.896e-05,Very Low
74.0000_-119.5000,74.0,-119.5,3.2368,Low,1.896e-05,Very Low
74.0000_-119.0000,74.0,-119.0,3.0773,Low,1.896e-05,Very Low
74.0000_-118.5000,74.0,-118.5,3.0773,Low,1.896e-05,Very Low
74.0000_-118.0000,74.0,-118.0,3.1088,Low,1.896e-05,Very Low
74.0000_-117.5000,74.0,-117.5,2.5526,Low,1.896e-05,Very Low
74.0000_-117.0000,74.0,-117.0,2.2689,Low,1.896e-05,Very Low
74.0000_-116.5000,74.0,-116.5,2.2689,Low,1.896e-05,Very Low
74.0000_-100.0000,74.0,-100.0,2.0546,Low,0.0,Very Low
74.0000_-99.5000,74.0,-99.5,1.7984,Very Low,0.0,Very Low
74.0000_-99.0000,74.0,-99.0,1.396,Very Low,0.0,Very Low
74.0000_-98.5000,74.0,-98.5,1.396,Very Low,0.0,Very Low
74.0000_-98.0000,74.0,-98.0,1.3939,Very Low,0.0,Very Low
74.0000_-97.5000,74.0,-97.5,1.6945,Very Low,0.0,Very Low
74.0000_-95.5000,74.0,-95.5,3.1458,Low,0.0,Very Low
74.0000_-95.0000,74.0,-95.0,3.9296,Low,1.896e-05,Very Low
74.0000_-94.5000,74.0,-94.5,4.5328,Moderate,1.896e-05,Very Low
74.0000_-94.0000,74.0,-94.0,5.1528,Moderate,1.896e-05,Very Low
74.0000_-93.5000,74.0,-93.5,5.1528,Moderate,1.896e-05,Very Low
74.0000_-93.0000,74.0,-93.0,5.8747,Moderate,1.896e-05,Very Low
74.0000_-92.5000,74.0,-92.5,5.4826,Moderate,1.896e-05,Very Low
74.0000_-92.0000,74.0,-92.0,5.0527,Moderate,1.896e-05,Very Low
74.0000_-91.5000,74.0,-91.5,5.0527,Moderate,1.896e-05,Very Low
74.0000_-91.0000,74.0,-91.0,4.7971,Moderate,1.896e-05,Very Low
74.0000_-90.5000,74.0,-90.5,3.8218,Low,1.896e-05,Very Low
74.5000_-123.5000,74.5,-123.5,0.2311,Very Low,0.0,Very Low
74.5000_-123.0000,74.5,-123.0,0.2311,Very Low,0.0,Very Low
74.5000_-122.5000,74.5,-122.5,0.2585,Very Low,0.0,Very Low
74.5000_-122.0000,74.5,-122.0,0.3143,Very Low,0.0,Very Low
74.5000_-121.5000,74.5,-121.5,0.3143,Very Low,0.0,Very Low
74.5000_-121.0000,74.5,-121.0,0.3429,Very Low,1.896e-05,Very Low
74.5000_-114.0000,74.5,-114.0,0.2524,Very Low,0.0,Very Low
74.5000_-113.5000,74.5,-113.5,0.2484,Very Low,0.0,Very Low
74.5000_-113.0000,74.5,-113.0,0.2484,Very Low,0.0,Very Low
74.5000_-112.5000,74.5,-112.5,0.2932,Very Low,0.0,Very Low
74.5000_-112.0000,74.5,-112.0,0.3371,Very Low,0.0,Very Low
74.5000_-111.5000,74.5,-111.5,0.3371,Very Low,0.0,Very Low
74.5000_-98.0000,74.5,-98.0,0.2059,Very Low,0.0,Very Low
74.5000_-97.5000,74.5,-97.5,0.1843,Very Low,0.0,Very Low
74.5000_-96.0000,74.5,-96.0,0.1901,Very Low,0.0,Very Low
74.5000_-95.5000,74.5,-95.5,0.2068,Very Low,0.0,Very Low
74.5000_-95.0000,74.5,-95.0,0.2267,Very Low,0.0,Very Low
74.5000_-90.0000,74.5,-90.0,0.2199,Very Low,0.0,Very Low
74.5000_-89.5000,74.5,-89.5,0.2059,Very Low,0.0,Very Low
74.5000_-88.5000,74.5,-88.5,0.1762,Very Low,0.0,Very Low
74.5000_-88.0000,74.5,-88.0,0.1762,Very Low,0.0,Very Low
74.5000_-87.5000,74.5,-87.5,0.1743,Very Low,0.0,Very Low
74.5000_-87.0000,74.5,-87.0,0.1788,Very Low,0.0,Very Low
74.5000_-86.5000,74.5,-86.5,0.1788,Very Low,0.0,Very Low
74.5000_-86.0000,74.5,-86.0,0.2118,Very Low,0.0,Very Low
74.5000_-85.5000,74.5,-85.5,0.2845,Very Low,1.896e-05,Very Low
74.5000_-85.0000,74.5,-85.0,0.3248,Very Low,7.416e-05,Low
74.5000_-84.5000,74.5,-84.5,0.334,Very Low,7.416e-05,Low
74.5000_-84.0000,74.5,-84.0,0.3425,Very Low,7.416e-05,Low
74.5000_-83.5000,74.5,-83.5,0.3425,Very Low,7.416e-05,Low
74.5000_-83.0000,74.5,-83.0,0.3464,Very Low,1.896e-05,Very Low
74.5000_-82.5000,74.5,-82.5,0.3552,Very Low,1.896e-05,Very Low
74.5000_-82.0000,74.5,-82.0,0.3552,Very Low,1.896e-05,Very Low
74.5000_-81.5000,74.5,-81.5,0.3552,Very Low,1.896e-05,Very Low
74.5000_-81.0000,74.5,-81.0,0.36,Very Low,1.896e-05,Very Low
74.5000_-80.5000,74.5,-80.5,0.3703,Very Low,1.896e-05,Very Low
75.0000_-116.5000,75.0,-116.5,0.086,Very Low,0.0,Very Low
75.0000_-116.0000,75.0,-116.0,0.0851,Very Low,0.0,Very Low
75.0000_-115.5000,75.0,-115.5,0.0845,Very Low,0.0,Very Low
75.0000_-115.0000,75.0,-115.0,0.0846,Very Low,0.0,Very Low
75.0000_-114.5000,75.0,-114.5,0.0846,Very Low,0.0,Very Low
75.0000_-114.0000,75.0,-114.0,0.0869,Very Low,0.0,Very Low
75.0000_-113.5000,75.0,-113.5,0.0869,Very Low,0.0,Very Low
75.0000_-113.0000,75.0,-113.0,0.1017,Very Low,0.0,Very Low
75.0000_-112.5000,75.0,-112.5,0.1121,Very Low,0.0,Very Low
75.0000_-112.0000,75.0,-112.0,0.1195,Very Low,0.0,Very Low
75.0000_-111.5000,75.0,-111.5,0.1195,Very Low,0.0,Very Low
75.0000_-111.0000,75.0,-111.0,0.1267,Very Low,0.0,Very Low
75.0000_-110.5000,75.0,-110.5,0.1329,Very Low,0.0,Very Low
75.0000_-110.0000,75.0,-110.0,0.1429,Very Low,1.896e-05,Very Low
75.0000_-109.5000,75.0,-109.5,0.1561,Very Low,1.896e-05,Very Low
75.0000_-109.0000,75.0,-109.0,0.1595,Very Low,1.896e-05,Very Low
75.0000_-108.5000,75.0,-108.5,0.1595,Very Low,1.896e-05,Very Low
75.0000_-108.0000,75.0,-108.0,0.1652,Very Low,1.896e-05,Very Low
75.0000_-107.5000,75.0,-107.5,0.1744,Very Low,1.896e-05,Very Low
75.0000_-107.0000,75.0,-107.0,0.1764,Very Low,1.896e-05,Very Low
75.0000_-106.5000,75.0,-106.5,0.1764,Very Low,1.896e-05,Very Low
75.0000_-106.0000,75.0,-106.0,0.1709,Very Low,1.896e-05,Very Low
75.0000_-104.5000,75.0,-104.5,0.1613,Very Low,1.896e-05,Very Low
75.0000_-104.0000,75.0,-104.0,0.1456,Very Low,1.896e-05,Very Low
75.0000_-100.5000,75.0,-100.5,0.0848,Very Low,0.0,Very Low
75.0000_-100.0000,75.0,-100.0,0.0772,Very Low,0.0,Very Low
75.0000_-99.5000,75.0,-99.5,0.0748,Very Low,0.0,Very Low
75.0000_-99.0000,75.0,-99.0,0.0748,Very Low,0.0,Very Low
75.0000_-98.5000,75.0,-98.5,0.0748,Very Low,0.0,Very Low
75.0000_-98.0000,75.0,-98.0,0.0781,Very Low,0.0,Very Low
75.0000_-96.5000,75.0,-96.5,0.0902,Very Low,0.0,Very Low
75.0000_-96.0000,75.0,-96.0,0.0908,Very Low,0.0,Very Low
75.0000_-95.5000,75.0,-95.5,0.0694,Very Low,0.0,Very Low
75.0000_-95.0000,75.0,-95.0,0.0649,Very Low,0.0,Very Low
75.0000_-94.5000,75.0,-94.5,0.0648,Very Low,0.0,Very Low
75.0000_-94.0000,75.0,-94.0,0.0683,Very Low,0.0,Very Low
75.0000_-93.5000,75.0,-93.5,0.0683,Very Low,0.0,Very Low
75.0000_-92.5000,75.0,-92.5,0.0818,Very Low,0.0,Very Low
75.0000_-92.0000,75.0,-92.0,0.0731,Very Low,0.0,Very Low
75.0000_-91.5000,75.0,-91.5,0.0731,Very Low,0.0,Very Low
75.0000_-91.0000,75.0,-91.0,0.0702,Very Low,0.0,Very Low
75.0000_-90.5000,75.0,-90.5,0.0695,Very Low,0.0,Very Low
75.0000_-90.0000,75.0,-90.0,0.066,Very Low,0.0,Very Low
75.0000_-89.5000,75.0,-89.5,0.0697,Very Low,0.0,Very Low
75.0000_-89.0000,75.0,-89.0,0.0837,Very Low,0.0,Very Low
75.0000_-88.5000,75.0,-88.5,0.0837,Very Low,0.0,Very Low
75.0000_-88.0000,75.0,-88.0,0.0923,Very Low,0.0,Very Low
75.0000_-87.5000,75.0,-87.5,0.1082,Very Low,1.896e-05,Very Low
75.0000_-87.0000,75.0,-87.0,0.1121,Very Low,1.896e-05,Very Low
75.0000_-86.5000,75.0,-86.5,0.1121,Very Low,1.896e-05,Very Low
75.0000_-86.0000,75.0,-86.0,0.1139,Very Low,1.896e-05,Very Low
75.0000_-85.5000,75.0,-85.5,0.1064,Very Low,1.896e-05,Very Low
75.0000_-85.0000,75.0,-85.0,0.0959,Very Low,1.896e-05,Very Low
75.0000_-84.5000,75.0,-84.5,0.0853,Very Low,0.0,Very Low
75.0000_-84.0000,75.0,-84.0,0.0853,Very Low,0.0,Very Low
75.0000_-83.5000,75.0,-83.5,0.0853,Very Low,0.0,Very Low
75.0000_-83.0000,75.0,-83.0,0.0892,Very Low,0.0,Very Low
75.0000_-82.5000,75.0,-82.5,0.0999,Very Low,0.0,Very Low
75.0000_-82.0000,75.0,-82.0,0.1124,Very Low,1.896e-05,Very Low
75.0000_-81.5000,75.0,-81.5,0.1124,Very Low,1.896e-05,Very Low
75.0000_-81.0000,75.0,-81.0,0.1302,Very Low,1.896e-05,Very Low
75.0000_-80.5000,75.0,-80.5,0.1561,Very Low,1.896e-05,Very Low
75.0000_-80.0000,75.0,-80.0,0.1621,Very Low,1.896e-05,Very Low
75.0000_-79.5000,75.0,-79.5,0.1655,Very Low,1.896e-05,Very Low
75.5000_-119.0000,75.5,-119.0,0.186,Very Low,0.0,Very Low
75.5000_-118.5000,75.5,-118.5,0.186,Very Low,0.0,Very Low
75.5000_-117.5000,75.5,-117.5,0.162,Very Low,0.0,Very Low
75.5000_-117.0000,75.5,-117.0,0.1529,Very Low,0.0,Very Low
75.5000_-116.5000,75.5,-116.5,0.1529,Very Low,0.0,Very Low
75.5000_-116.0000,75.5,-116.0,0.1298,Very Low,0.0,Very Low
75.5000_-115.5000,75.5,-115.5,0.1249,Very Low,0.0,Very Low
75.5000_-115.0000,75.5,-115.0,0.1248,Very Low,0.0,Very Low
75.5000_-114.5000,75.5,-114.5,0.1248,Very Low,0.0,Very Low
75.5000_-114.0000,75.5,-114.0,0.1258,Very Low,0.0,Very Low
75.5000_-113.5000,75.5,-113.5,0.1258,Very Low,0.0,Very Low
75.5000_-113.0000,75.5,-113.0,0.1277,Very Low,0.0,Very Low
75.5000_-112.5000,75.5,-112.5,0.1306,Very Low,0.0,Very Low
75.5000_-112.0000,75.5,-112.0,0.1522,Very Low,0.0,Very Low
75.5000_-111.5000,75.5,-111.5,0.1522,Very Low,0.0,Very Low
75.5000_-111.0000,75.5,-111.0,0.1602,Very Low,0.0,Very Low
75.5000_-110.5000,75.5,-110.5,0.1723,Very Low,0.0,Very Low
75.5000_-110.0000,75.5,-110.0,0.1884,Very Low,0.0,Very Low
75.5000_-109.5000,75.5,-109.5,0.21,Very Low,0.0,Very Low
75.5000_-109.0000,75.5,-109.0,0.2217,Very Low,0.0,Very Low
75.5000_-108.5000,75.5,-108.5,0.2217,Very Low,0.0,Very Low
75.5000_-108.0000,75.5,-108.0,0.2303,Very Low,0.0,Very Low
75.5000_-107.5000,75.5,-107.5,0.2378,Very Low,0.0,Very Low
75.5000_-107.0000,75.5,-107.0,0.253,Very Low,0.0,Very Low
75.5000_-106.5000,75.5,-106.5,0.253,Very Low,0.0,Very Low
75.5000_-106.0000,75.5,-106.0,0.2639,Very Low,1.896e-05,Very Low
75.5000_-105.5000,75.5,-105.5,0.3019,Very Low,1.896e-05,Very Low
75.5000_-104.5000,75.5,-104.5,0.2354,Very Low,0.0,Very Low
75.5000_-104.0000,75.5,-104.0,0.2156,Very Low,0.0,Very Low
75.5000_-103.0000,75.5,-103.0,0.205,Very Low,0.0,Very Low
75.5000_-102.5000,75.5,-102.5,0.197,Very Low,0.0,Very Low
75.5000_-102.0000,75.5,-102.0,0.1907,Very Low,0.0,Very Low
75.5000_-101.5000,75.5,-101.5,0.0808,Very Low,0.0,Very Low
75.5000_-100.5000,75.5,-100.5,0.0764,Very Low,0.0,Very Low
75.5000_-100.0000,75.5,-100.0,0.0642,Very Low,0.0,Very Low
75.5000_-99.5000,75.5,-99.5,0.0576,Very Low,0.0,Very Low
75.5000_-99.0000,75.5,-99.0,0.0528,Very Low,0.0,Very Low
75.5000_-98.5000,75.5,-98.5,0.0528,Very Low,0.0,Very Low
75.5000_-98.0000,75.5,-98.0,0.0536,Very Low,0.0,Very Low
75.5000_-97.5000,75.5,-97.5,0.056,Very Low,0.0,Very Low
75.5000_-97.0000,75.5,-97.0,0.062,Very Low,0.0,Very Low
75.5000_-96.5000,75.5,-96.5,0.062,Very Low,0.0,Very Low
75.5000_-96.0000,75.5,-96.0,0.0643,Very Low,0.0,Very Low
75.5000_-95.5000,75.5,-95.5,0.0664,Very Low,0.0,Very Low
75.5000_-95.0000,75.5,-95.0,0.06,Very Low,0.0,Very Low
75.5000_-94.5000,75.5,-94.5,0.0595,Very Low,0.0,Very Low
75.5000_-94.0000,75.5,-94.0,0.0563,Very Low,0.0,Very Low
75.5000_-92.5000,75.5,-92.5,0.0565,Very Low,0.0,Very Low
75.5000_-92.0000,75.5,-92.0,0.0567,Very Low,0.0,Very Low
75.5000_-91.5000,75.5,-91.5,0.0567,Very Low,0.0,Very Low
75.5000_-91.0000,75.5,-91.0,0.0583,Very Low,0.0,Very Low
75.5000_-90.5000,75.5,-90.5,0.0657,Very Low,0.0,Very Low
75.5000_-90.0000,75.5,-90.0,0.0802,Very Low,0.0,Very Low
75.5000_-89.5000,75.5,-89.5,0.1026,Very Low,0.0,Very Low
75.5000_-89.0000,75.5,-89.0,0.1106,Very Low,1.896e-05,Very Low
75.5000_-88.5000,75.5,-88.5,0.1106,Very Low,1.896e-05,Very Low
75.5000_-88.0000,75.5,-88.0,0.1049,Very Low,1.896e-05,Very Low
75.5000_-87.5000,75.5,-87.5,0.0932,Very Low,0.0,Very Low
75.5000_-87.0000,75.5,-87.0,0.0952,Very Low,0.0,Very Low
75.5000_-86.5000,75.5,-86.5,0.1047,Very Low,1.896e-05,Very Low
75.5000_-86.0000,75.5,-86.0,0.1047,Very Low,1.896e-05,Very Low
75.5000_-85.5000,75.5,-85.5,0.0989,Very Low,1.896e-05,Very Low
75.5000_-85.0000,75.5,-85.0,0.0836,Very Low,1.896e-05,Very Low
75.5000_-84.5000,75.5,-84.5,0.0686,Very Low,0.0,Very Low
75.5000_-84.0000,75.5,-84.0,0.0627,Very Low,0.0,Very Low
75.5000_-83.5000,75.5,-83.5,0.0627,Very Low,0.0,Very Low
75.5000_-83.0000,75.5,-83.0,0.0701,Very Low,0.0,Very Low
75.5000_-82.5000,75.5,-82.5,0.0856,Very Low,0.0,Very Low
75.5000_-82.0000,75.5,-82.0,0.0973,Very Low,1.896e-05,Very Low
75.5000_-81.5000,75.5,-81.5,0.0973,Very Low,1.896e-05,Very Low
75.5000_-81.0000,75.5,-81.0,0.1142,Very Low,1.896e-05,Very Low
75.5000_-80.5000,75.5,-80.5,0.1383,Very Low,1.896e-05,Very Low
75.5000_-80.0000,75.5,-80.0,0.1632,Very Low,1.896e-05,Very Low
75.5000_-79.5000,75.5,-79.5,0.1688,Very Low,1.896e-05,Very Low
76.0000_-123.0000,76.0,-123.0,0.0191,Very Low,0.0,Very Low
76.0000_-122.5000,76.0,-122.5,0.0195,Very Low,0.0,Very Low
76.0000_-122.0000,76.0,-122.0,0.0198,Very Low,0.0,Very Low
76.0000_-121.5000,76.0,-121.5,0.0198,Very Low,0.0,Very Low
76.0000_-121.0000,76.0,-121.0,0.0203,Very Low,0.0,Very Low
76.0000_-120.5000,76.0,-120.5,0.0242,Very Low,0.0,Very Low
76.0000_-120.0000,76.0,-120.0,0.0294,Very Low,1.896e-05,Very Low
76.0000_-119.5000,76.0,-119.5,0.0357,Very Low,1.896e-05,Very Low
76.0000_-118.5000,76.0,-118.5,0.0294,Very Low,1.896e-05,Very Low
76.0000_-118.0000,76.0,-118.0,0.0294,Very Low,1.896e-05,Very Low
76.0000_-117.5000,76.0,-117.5,0.0267,Very Low,1.896e-05,Very Low
76.0000_-117.0000,76.0,-117.0,0.0253,Very Low,0.0,Very Low
76.0000_-116.5000,76.0,-116.5,0.0253,Very Low,0.0,Very Low
76.0000_-116.0000,76.0,-116.0,0.0237,Very Low,0.0,Very Low
76.0000_-115.5000,76.0,-115.5,0.0224,Very Low,0.0,Very Low
76.0000_-115.0000,76.0,-115.0,0.0218,Very Low,0.0,Very Low
76.0000_-114.5000,76.0,-114.5,0.0216,Very Low,0.0,Very Low
76.0000_-114.0000,76.0,-114.0,0.0214,Very Low,0.0,Very Low
76.0000_-113.5000,76.0,-113.5,0.0214,Very Low,0.0,Very Low
76.0000_-113.0000,76.0,-113.0,0.0213,Very Low,0.0,Very Low
76.0000_-112.5000,76.0,-112.5,0.0214,Very Low,0.0,Very Low
76.0000_-112.0000,76.0,-112.0,0.0216,Very Low,0.0,Very Low
76.0000_-111.5000,76.0,-111.5,0.0216,Very Low,0.0,Very Low
76.0000_-110.0000,76.0,-110.0,0.0226,Very Low,0.0,Very Low
76.0000_-109.5000,76.0,-109.5,0.0228,Very Low,0.0,Very Low
76.0000_-109.0000,76.0,-109.0,0.0244,Very Low,0.0,Very Low
76.0000_-108.5000,76.0,-108.5,0.0244,Very Low,0.0,Very Low
76.0000_-108.0000,76.0,-108.0,0.0267,Very Low,0.0,Very Low
76.0000_-107.5000,76.0,-107.5,0.0296,Very Low,0.0,Very Low
76.0000_-107.0000,76.0,-107.0,0.0336,Very Low,1.896e-05,Very Low
76.0000_-106.5000,76.0,-106.5,0.0336,Very Low,1.896e-05,Very Low
76.0000_-106.0000,76.0,-106.0,0.0344,Very Low,1.896e-05,Very Low
76.0000_-105.5000,76.0,-105.5,0.0381,Very Low,1.896e-05,Very Low
76.0000_-104.5000,76.0,-104.5,0.0385,Very Low,1.896e-05,Very Low
76.0000_-104.0000,76.0,-104.0,0.0382,Very Low,1.896e-05,Very Low
76.0000_-103.5000,76.0,-103.5,0.0358,Very Low,0.0,Very Low
76.0000_-103.0000,76.0,-103.0,0.0358,Very Low,0.0,Very Low
76.0000_-102.5000,76.0,-102.5,0.0319,Very Low,1.896e-05,Very Low
76.0000_-102.0000,76.0,-102.0,0.0287,Very Low,1.896e-05,Very Low
76.0000_-101.5000,76.0,-101.5,0.0142,Very Low,1.896e-05,Very Low
76.0000_-101.0000,76.0,-101.0,0.0129,Very Low,0.0,Very Low
76.0000_-100.5000,76.0,-100.5,0.0116,Very Low,0.0,Very Low
76.0000_-100.0000,76.0,-100.0,0.0103,Very Low,0.0,Very Low
76.0000_-99.5000,76.0,-99.5,0.0101,Very Low,0.0,Very Low
76.0000_-99.0000,76.0,-99.0,0.0099,Very Low,0.0,Very Low
76.0000_-98.5000,76.0,-98.5,0.0099,Very Low,0.0,Very Low
76.0000_-98.0000,76.0,-98.0,0.0099,Very Low,0.0,Very Low
76.0000_-97.5000,76.0,-97.5,0.0103,Very Low,0.0,Very Low
76.0000_-95.0000,76.0,-95.0,0.0111,Very Low,0.0,Very Low
76.0000_-94.5000,76.0,-94.5,0.0134,Very Low,0.0,Very Low
76.0000_-92.5000,76.0,-92.5,0.0115,Very Low,0.0,Very Low
76.0000_-92.0000,76.0,-92.0,0.0114,Very Low,0.0,Very Low
76.0000_-91.5000,76.0,-91.5,0.0114,Very Low,0.0,Very Low
76.0000_-91.0000,76.0,-91.0,0.0116,Very Low,0.0,Very Low
76.0000_-90.5000,76.0,-90.5,0.0133,Very Low,0.0,Very Low
76.0000_-90.0000,76.0,-90.0,0.0135,Very Low,1.896e-05,Very Low
76.0000_-89.5000,76.0,-89.5,0.0136,Very Low,1.896e-05,Very Low
76.0000_-79.5000,76.0,-79.5,0.0243,Very Low,1.896e-05,Very Low
76.0000_-79.0000,76.0,-79.0,0.0256,Very Low,1.896e-05,Very Low
76.5000_-122.0000,76.5,-122.0,0.012,Very Low,0.0,Very Low
76.5000_-121.5000,76.5,-121.5,0.012,Very Low,0.0,Very Low
76.5000_-121.0000,76.5,-121.0,0.0123,Very Low,0.0,Very Low
76.5000_-120.5000,76.5,-120.5,0.0127,Very Low,0.0,Very Low
76.5000_-120.0000,76.5,-120.0,0.0131,Very Low,0.0,Very Low
76.5000_-119.5000,76.5,-119.5,0.0135,Very Low,0.0,Very Low
76.5000_-119.0000,76.5,-119.0,0.014,Very Low,0.0,Very Low
76.5000_-118.5000,76.5,-118.5,0.014,Very Low,0.0,Very Low
76.5000_-118.0000,76.5,-118.0,0.0176,Very Low,0.0,Very Low
76.5000_-117.5000,76.5,-117.5,0.0197,Very Low,1.896e-05,Very Low
76.5000_-117.0000,76.5,-117.0,0.0192,Very Low,1.896e-05,Very Low
76.5000_-116.5000,76.5,-116.5,0.0192,Very Low,1.896e-05,Very Low
76.5000_-115.5000,76.5,-115.5,0.0178,Very Low,0.0,Very Low
76.5000_-115.0000,76.5,-115.0,0.0163,Very Low,0.0,Very Low
76.5000_-114.5000,76.5,-114.5,0.0147,Very Low,0.0,Very Low
76.5000_-114.0000,76.5,-114.0,0.0146,Very Low,0.0,Very Low
76.5000_-110.5000,76.5,-110.5,0.0141,Very Low,0.0,Very Low
76.5000_-110.0000,76.5,-110.0,0.0141,Very Low,0.0,Very Low
76.5000_-109.5000,76.5,-109.5,0.0143,Very Low,0.0,Very Low
76.5000_-109.0000,76.5,-109.0,0.0144,Very Low,0.0,Very Low
76.5000_-108.5000,76.5,-108.5,0.0144,Very Low,0.0,Very Low
76.5000_-104.5000,76.5,-104.5,0.0239,Very Low,1.896e-05,Very Low
76.5000_-104.0000,76.5,-104.0,0.023,Very Low,1.896e-05,Very Low
76.5000_-103.5000,76.5,-103.5,0.0235,Very Low,1.896e-05,Very Low
76.5000_-103.0000,76.5,-103.0,0.0235,Very Low,1.896e-05,Very Low
76.5000_-102.0000,76.5,-102.0,0.0209,Very Low,1.896e-05,Very Low
76.5000_-101.5000,76.5,-101.5,0.0153,Very Low,1.896e-05,Very Low
76.5000_-101.0000,76.5,-101.0,0.0153,Very Low,1.896e-05,Very Low
76.5000_-100.5000,76.5,-100.5,0.0148,Very Low,0.0,Very Low
76.5000_-100.0000,76.5,-100.0,0.0144,Very Low,0.0,Very Low
76.5000_-99.5000,76.5,-99.5,0.0128,Very Low,0.0,Very Low
76.5000_-99.0000,76.5,-99.0,0.012,Very Low,0.0,Very Low
76.5000_-98.5000,76.5,-98.5,0.012,Very Low,0.0,Very Low
76.5000_-98.0000,76.5,-98.0,0.0119,Very Low,0.0,Very Low
76.5000_-97.5000,76.5,-97.5,0.0119,Very Low,0.0,Very Low
76.5000_-96.0000,76.5,-96.0,0.0115,Very Low,0.0,Very Low
76.5000_-95.5000,76.5,-95.5,0.0115,Very Low,0.0,Very Low
76.5000_-95.0000,76.5,-95.0,0.0114,Very Low,0.0,Very Low
76.5000_-94.5000,76.5,-94.5,0.0114,Very Low,0.0,Very Low
76.5000_-94.0000,76.5,-94.0,0.0115,Very Low,0.0,Very Low
76.5000_-93.5000,76.5,-93.5,0.0115,Very Low,0.0,Very Low
76.5000_-93.0000,76.5,-93.0,0.0115,Very Low,0.0,Very Low
76.5000_-92.5000,76.5,-92.5,0.0116,Very Low,0.0,Very Low
76.5000_-92.0000,76.5,-92.0,0.0127,Very Low,0.0,Very Low
76.5000_-91.5000,76.5,-91.5,0.0127,Very Low,0.0,Very Low
76.5000_-91.0000,76.5,-91.0,0.0138,Very Low,0.0,Very Low
76.5000_-90.5000,76.5,-90.5,0.0117,Very Low,0.0,Very Low
76.5000_-90.0000,76.5,-90.0,0.0109,Very Low,0.0,Very Low
76.5000_-89.5000,76.5,-89.5,0.0107,Very Low,0.0,Very Low
76.5000_-89.0000,76.5,-89.0,0.0106,Very Low,0.0,Very Low
76.5000_-88.5000,76.5,-88.5,0.0106,Very Low,0.0,Very Low
76.5000_-88.0000,76.5,-88.0,0.0105,Very Low,0.0,Very Low
76.5000_-87.5000,76.5,-87.5,0.0105,Very Low,0.0,Very Low
76.5000_-87.0000,76.5,-87.0,0.0105,Very Low,0.0,Very Low
76.5000_-86.5000,76.5,-86.5,0.0123,Very Low,0.0,Very Low
76.5000_-86.0000,76.5,-86.0,0.0123,Very Low,0.0,Very Low
76.5000_-85.5000,76.5,-85.5,0.0133,Very Low,1.896e-05,Very Low
76.5000_-85.0000,76.5,-85.0,0.0134,Very Low,1.896e-05,Very Low
76.5000_-84.5000,76.5,-84.5,0.0148,Very Low,1.896e-05,Very Low
76.5000_-84.0000,76.5,-84.0,0.0157,Very Low,1.896e-05,Very Low
76.5000_-83.5000,76.5,-83.5,0.0157,Very Low,1.896e-05,Very Low
76.5000_-83.0000,76.5,-83.0,0.0144,Very Low,1.896e-05,Very Low
76.5000_-82.5000,76.5,-82.5,0.0152,Very Low,0.0,Very Low
76.5000_-82.0000,76.5,-82.0,0.0136,Very Low,0.0,Very Low
76.5000_-81.5000,76.5,-81.5,0.0136,Very Low,0.0,Very Low
76.5000_-81.0000,76.5,-81.0,0.0127,Very Low,0.0,Very Low
76.5000_-80.5000,76.5,-80.5,0.0126,Very Low,0.0,Very Low
76.5000_-80.0000,76.5,-80.0,0.0129,Very Low,0.0,Very Low
76.5000_-79.5000,76.5,-79.5,0.0137,Very Low,0.0,Very Low
76.5000_-79.0000,76.5,-79.0,0.0146,Very Low,0.0,Very Low
76.5000_-78.5000,76.5,-78.5,0.0145,Very Low,0.0,Very Low
76.5000_-78.0000,76.5,-78.0,0.0145,Very Low,0.0,Very Low
77.0000_-120.5000,77.0,-120.5,0.0008,Very Low,0.0,Very Low
77.0000_-120.0000,77.0,-120.0,0.0009,Very Low,0.0,Very Low
77.0000_-119.5000,77.0,-119.5,0.0009,Very Low,0.0,Very Low
77.0000_-119.0000,77.0,-119.0,0.0009,Very Low,0.0,Very Low
77.0000_-118.5000,77.0,-118.5,0.0009,Very Low,0.0,Very Low
77.0000_-118.0000,77.0,-118.0,0.0009,Very Low,1.896e-05,Very Low
77.0000_-117.5000,77.0,-117.5,0.0009,Very Low,1.896e-05,Very Low
77.0000_-117.0000,77.0,-117.0,0.0009,Very Low,1.896e-05,Very Low
77.0000_-116.5000,77.0,-116.5,0.0009,Very Low,1.896e-05,Very Low
77.0000_-116.0000,77.0,-116.0,0.0009,Very Low,1.896e-05,Very Low
77.0000_-115.5000,77.0,-115.5,0.0009,Very Low,1.896e-05,Very Low
77.0000_-97.0000,77.0,-97.0,0.0003,Very Low,0.0,Very Low
77.0000_-96.5000,77.0,-96.5,0.0003,Very Low,0.0,Very Low
77.0000_-96.0000,77.0,-96.0,0.0003,Very Low,0.0,Very Low
77.0000_-95.5000,77.0,-95.5,0.0003,Very Low,0.0,Very Low
77.0000_-95.0000,77.0,-95.0,0.0003,Very Low,0.0,Very Low
77.0000_-94.5000,77.0,-94.5,0.0003,Very Low,0.0,Very Low
77.0000_-94.0000,77.0,-94.0,0.0003,Very Low,0.0,Very Low
77.0000_-89.0000,77.0,-89.0,0.0002,Very Low,0.0,Very Low
77.0000_-88.5000,77.0,-88.5,0.0002,Very Low,0.0,Very Low
77.0000_-88.0000,77.0,-88.0,0.0002,Very Low,0.0,Very Low
77.0000_-87.5000,77.0,-87.5,0.0002,Very Low,0.0,Very Low
77.0000_-87.0000,77.0,-87.0,0.0002,Very Low,0.0,Very Low
77.0000_-86.5000,77.0,-86.5,0.0002,Very Low,0.0,Very Low
77.0000_-86.0000,77.0,-86.0,0.0002,Very Low,0.0,Very Low
77.0000_-85.5000,77.0,-85.5,0.0002,Very Low,0.0,Very Low
77.0000_-85.0000,77.0,-85.0,0.0002,Very Low,0.0,Very Low
77.0000_-84.5000,77.0,-84.5,0.0002,Very Low,0.0,Very Low
77.0000_-84.0000,77.0,-84.0,0.0002,Very Low,0.0,Very Low
77.0000_-83.5000,77.0,-83.5,0.0002,Very Low,0.0,Very Low
77.0000_-83.0000,77.0,-83.0,0.0003,Very Low,0.0,Very Low
77.0000_-82.5000,77.0,-82.5,0.0003,Very Low,1.896e-05,Very Low
77.0000_-82.0000,77.0,-82.0,0.0003,Very Low,1.896e-05,Very Low
77.0000_-81.5000,77.0,-81.5,0.0003,Very Low,1.896e-05,Very Low
77.0000_-81.0000,77.0,-81.0,0.0003,Very Low,1.896e-05,Very Low
77.0000_-80.5000,77.0,-80.5,0.0002,Very Low,0.0,Very Low
77.0000_-80.0000,77.0,-80.0,0.0002,Very Low,0.0,Very Low
77.0000_-79.5000,77.0,-79.5,0.0002,Very Low,0.0,Very Low
77.0000_-79.0000,77.0,-79.0,0.0002,Very Low,0.0,Very Low
77.0000_-78.5000,77.0,-78.5,0.0002,Very Low,0.0,Very Low
77.0000_-78.0000,77.0,-78.0,0.0002,Very Low,0.0,Very Low
77.5000_-117.5000,77.5,-117.5,0.0,Very Low,0.0,Very Low
77.5000_-117.0000,77.5,-117.0,0.0,Very Low,1.896e-05,Very Low
77.5000_-116.5000,77.5,-116.5,0.0,Very Low,1.896e-05,Very Low
77.5000_-116.0000,77.5,-116.0,0.0,Very Low,1.896e-05,Very Low
77.5000_-113.5000,77.5,-113.5,0.0,Very Low,1.896e-05,Very Low
77.5000_-113.0000,77.5,-113.0,0.0,Very Low,1.896e-05,Very Low
77.5000_-112.5000,77.5,-112.5,0.0,Very Low,1.896e-05,Very Low
77.5000_-112.0000,77.5,-112.0,0.0,Very Low,1.896e-05,Very Low
77.5000_-111.5000,77.5,-111.5,0.0,Very Low,1.896e-05,Very Low
77.5000_-111.0000,77.5,-111.0,0.0,Very Low,1.896e-05,Very Low
77.5000_-110.5000,77.5,-110.5,0.0,Very Low,1.896e-05,Very Low
77.5000_-110.0000,77.5,-110.0,0.0,Very Low,0.0,Very Low
77.5000_-106.0000,77.5,-106.0,0.0,Very Low,0.0,Very Low
77.5000_-105.5000,77.5,-105.5,0.0,Very Low,0.0,Very Low
77.5000_-105.0000,77.5,-105.0,0.0,Very Low,1.896e-05,Very Low
77.5000_-96.5000,77.5,-96.5,0.0,Very Low,0.0,Very Low
77.5000_-96.0000,77.5,-96.0,0.0,Very Low,0.0,Very Low
77.5000_-95.5000,77.5,-95.5,0.0,Very Low,0.0,Very Low
77.5000_-95.0000,77.5,-95.0,0.0,Very Low,0.0,Very Low
77.5000_-94.5000,77.5,-94.5,0.0,Very Low,0.0,Very Low
77.5000_-94.0000,77.5,-94.0,0.0,Very Low,0.0,Very Low
77.5000_-93.5000,77.5,-93.5,0.0,Very Low,0.0,Very Low
77.5000_-91.5000,77.5,-91.5,0.0,Very Low,0.0,Very Low
77.5000_-91.0000,77.5,-91.0,0.0,Very Low,0.0,Very Low
77.5000_-90.5000,77.5,-90.5,0.0,Very Low,0.0,Very Low
77.5000_-90.0000,77.5,-90.0,0.0,Very Low,0.0,Very Low
77.5000_-89.5000,77.5,-89.5,0.0,Very Low,0.0,Very Low
77.5000_-88.0000,77.5,-88.0,0.0,Very Low,0.0,Very Low
77.5000_-87.5000,77.5,-87.5,0.0,Very Low,0.0,Very Low
77.5000_-87.0000,77.5,-87.0,0.0,Very Low,0.0,Very Low
77.5000_-86.5000,77.5,-86.5,0.0,Very Low,0.0,Very Low
77.5000_-86.0000,77.5,-86.0,0.0,Very Low,0.0,Very Low
77.5000_-85.5000,77.5,-85.5,0.0,Very Low,0.0,Very Low
77.5000_-85.0000,77.5,-85.0,0.0,Very Low,0.0,Very Low
77.5000_-84.5000,77.5,-84.5,0.0,Very Low,0.0,Very Low
77.5000_-84.0000,77.5,-84.0,0.0,Very Low,0.0,Very Low
77.5000_-83.5000,77.5,-83.5,0.0,Very Low,0.0,Very Low
77.5000_-83.0000,77.5,-83.0,0.0,Very Low,0.0,Very Low
77.5000_-82.5000,77.5,-82.5,0.0,Very Low,0.0,Very Low
77.5000_-82.0000,77.5,-82.0,0.0,Very Low,0.0,Very Low
77.5000_-81.5000,77.5,-81.5,0.0,Very Low,0.0,Very Low
77.5000_-81.0000,77.5,-81.0,0.0,Very Low,0.0,Very Low
77.5000_-80.5000,77.5,-80.5,0.0,Very Low,0.0,Very Low
77.5000_-80.0000,77.5,-80.0,0.0,Very Low,0.0,Very Low
77.5000_-79.5000,77.5,-79.5,0.0,Very Low,0.0,Very Low
77.5000_-79.0000,77.5,-79.0,0.0,Very Low,0.0,Very Low
77.5000_-78.5000,77.5,-78.5,0.0,Very Low,0.0,Very Low
77.5000_-78.0000,77.5,-78.0,0.0,Very Low,0.0,Very Low
78.0000_-115.0000,78.0,-115.0,0.0,Very Low,1.896e-05,Very Low
78.0000_-114.5000,78.0,-114.5,0.0,Very Low,1.896e-05,Very Low
78.0000_-114.0000,78.0,-114.0,0.0,Very Low,1.896e-05,Very Low
78.0000_-113.0000,78.0,-113.0,0.0,Very Low,1.896e-05,Very Low
78.0000_-112.5000,78.0,-112.5,0.0,Very Low,1.896e-05,Very Low
78.0000_-112.0000,78.0,-112.0,0.0,Very Low,1.896e-05,Very Low
78.0000_-111.5000,78.0,-111.5,0.0,Very Low,1.896e-05,Very Low
78.0000_-111.0000,78.0,-111.0,0.0,Very Low,1.896e-05,Very Low
78.0000_-110.5000,78.0,-110.5,0.0,Very Low,1.896e-05,Very Low
78.0000_-110.0000,78.0,-110.0,0.0,Very Low,1.896e-05,Very Low
78.0000_-109.5000,78.0,-109.5,0.0,Very Low,1.896e-05,Very Low
78.0000_-101.0000,78.0,-101.0,0.0,Very Low,0.0,Very Low
78.0000_-100.5000,78.0,-100.5,0.0,Very Low,0.0,Very Low
78.0000_-100.0000,78.0,-100.0,0.0,Very Low,0.0,Very Low
78.0000_-99.5000,78.0,-99.5,0.0,Very Low,0.0,Very Low
78.0000_-99.0000,78.0,-99.0,0.0,Very Low,0.0,Very Low
78.0000_-98.0000,78.0,-98.0,0.0,Very Low,0.0,Very Low
78.0000_-97.5000,78.0,-97.5,0.0,Very Low,0.0,Very Low
78.0000_-97.0000,78.0,-97.0,0.0,Very Low,0.0,Very Low
78.0000_-96.5000,78.0,-96.5,0.0,Very Low,0.0,Very Low
78.0000_-96.0000,78.0,-96.0,0.0,Very Low,0.0,Very Low
78.0000_-95.5000,78.0,-95.5,0.0,Very Low,0.0,Very Low
78.0000_-95.0000,78.0,-95.0,0.0,Very Low,0.0,Very Low
78.0000_-86.5000,78.0,-86.5,0.0,Very Low,0.0,Very Low
78.0000_-86.0000,78.0,-86.0,0.0,Very Low,0.0,Very Low
78.0000_-85.5000,78.0,-85.5,0.0,Very Low,0.0,Very Low
78.0000_-85.0000,78.0,-85.0,0.0,Very Low,0.0,Very Low
78.0000_-84.5000,78.0,-84.5,0.0,Very Low,0.0,Very Low
78.0000_-84.0000,78.0,-84.0,0.0,Very Low,0.0,Very Low
78.0000_-83.5000,78.0,-83.5,0.0,Very Low,0.0,Very Low
78.0000_-83.0000,78.0,-83.0,0.0,Very Low,0.0,Very Low
78.0000_-82.5000,78.0,-82.5,0.0,Very Low,0.0,Very Low
78.0000_-82.0000,78.0,-82.0,0.0,Very Low,0.0,Very Low
78.0000_-81.5000,78.0,-81.5,0.0,Very Low,0.0,Very Low
78.0000_-81.0000,78.0,-81.0,0.0,Very Low,0.0,Very Low
78.0000_-80.5000,78.0,-80.5,0.0,Very Low,0.0,Very Low
78.0000_-80.0000,78.0,-80.0,0.0,Very Low,0.0,Very Low
78.0000_-79.5000,78.0,-79.5,0.0,Very Low,0.0,Very Low
78.0000_-79.0000,78.0,-79.0,0.0,Very Low,0.0,Very Low
78.0000_-78.5000,78.0,-78.5,0.0,Very Low,0.0,Very Low
78.0000_-78.0000,78.0,-78.0,0.0,Very Low,0.0,Very Low
78.0000_-77.5000,78.0,-77.5,0.0,Very Low,0.0,Very Low
78.0000_-77.0000,78.0,-77.0,0.0,Very Low,0.0,Very Low
78.0000_-76.5000,78.0,-76.5,0.0,Very Low,0.0,Very Low
78.0000_-76.0000,78.0,-76.0,0.0,Very Low,0.0,Very Low
78.0000_-75.5000,78.0,-75.5,0.0,Very Low,0.0,Very Low
78.5000_-113.0000,78.5,-113.0,0.0,Very Low,1.896e-05,Very Low
78.5000_-112.5000,78.5,-112.5,0.0,Very Low,1.896e-05,Very Low
78.5000_-112.0000,78.5,-112.0,0.0,Very Low,1.896e-05,Very Low
78.5000_-111.5000,78.5,-111.5,0.0,Very Low,1.896e-05,Very Low
78.5000_-111.0000,78.5,-111.0,0.0,Very Low,1.896e-05,Very Low
78.5000_-110.5000,78.5,-110.5,0.0,Very Low,1.896e-05,Very Low
78.5000_-110.0000,78.5,-110.0,0.0,Very Low,1.896e-05,Very Low
78.5000_-109.5000,78.5,-109.5,0.0,Very Low,1.896e-05,Very Low
78.5000_-109.0000,78.5,-109.0,0.0,Very Low,1.896e-05,Very Low
78.5000_-105.0000,78.5,-105.0,0.0,Very Low,0.0,Very Low
78.5000_-104.5000,78.5,-104.5,0.0,Very Low,0.0,Very Low
78.5000_-104.0000,78.5,-104.0,0.0,Very Low,0.0,Very Low
78.5000_-103.5000,78.5,-103.5,0.0,Very Low,0.0,Very Low
78.5000_-103.0000,78.5,-103.0,0.0,Very Low,0.0,Very Low
78.5000_-102.5000,78.5,-102.5,0.0,Very Low,0.0,Very Low
78.5000_-102.0000,78.5,-102.0,0.0,Very Low,0.0,Very Low
78.5000_-101.5000,78.5,-101.5,0.0,Very Low,0.0,Very Low
78.5000_-101.0000,78.5,-101.0,0.0,Very Low,0.0,Very Low
78.5000_-100.5000,78.5,-100.5,0.0,Very Low,0.0,Very Low
78.5000_-100.0000,78.5,-100.0,0.0,Very Low,0.0,Very Low
78.5000_-99.5000,78.5,-99.5,0.0,Very Low,0.0,Very Low
78.5000_-98.5000,78.5,-98.5,0.0,Very Low,0.0,Very Low
78.5000_-98.0000,78.5,-98.0,0.0,Very Low,0.0,Very Low
78.5000_-97.5000,78.5,-97.5,0.0,Very Low,0.0,Very Low
78.5000_-97.0000,78.5,-97.0,0.0,Very Low,0.0,Very Low
78.5000_-96.5000,78.5,-96.5,0.0,Very Low,0.0,Very Low
78.5000_-96.0000,78.5,-96.0,0.0,Very Low,0.0,Very Low
78.5000_-95.5000,78.5,-95.5,0.0,Very Low,0.0,Very Low
78.5000_-95.0000,78.5,-95.0,0.0,Very Low,0.0,Very Low
78.5000_-93.0000,78.5,-93.0,0.0,Very Low,0.0,Very Low
78.5000_-92.5000,78.5,-92.5,0.0,Very Low,0.0,Very Low
78.5000_-92.0000,78.5,-92.0,0.0,Very Low,0.0,Very Low
78.5000_-91.5000,78.5,-91.5,0.0,Very Low,0.0,Very Low
78.5000_-91.0000,78.5,-91.0,0.0,Very Low,0.0,Very Low
78.5000_-90.5000,78.5,-90.5,0.0,Very Low,0.0,Very Low
78.5000_-90.0000,78.5,-90.0,0.0,Very Low,0.0,Very Low
78.5000_-89.5000,78.5,-89.5,0.0,Very Low,0.0,Very Low
78.5000_-89.0000,78.5,-89.0,0.0,Very Low,0.0,Very Low
78.5000_-88.5000,78.5,-88.5,0.0,Very Low,0.0,Very Low
78.5000_-88.0000,78.5,-88.0,0.0,Very Low,0.0,Very Low
78.5000_-87.5000,78.5,-87.5,0.0,Very Low,0.0,Very Low
78.5000_-87.0000,78.5,-87.0,0.0,Very Low,0.0,Very Low
78.5000_-86.5000,78.5,-86.5,0.0,Very Low,0.0,Very Low
78.5000_-86.0000,78.5,-86.0,0.0,Very Low,0.0,Very Low
78.5000_-85.5000,78.5,-85.5,0.0,Very Low,0.0,Very Low
78.5000_-85.0000,78.5,-85.0,0.0,Very Low,0.0,Very Low
78.5000_-84.5000,78.5,-84.5,0.0,Very Low,0.0,Very Low
78.5000_-84.0000,78.5,-84.0,0.0,Very Low,0.0,Very Low
78.5000_-83.5000,78.5,-83.5,0.0,Very Low,0.0,Very Low
78.5000_-83.0000,78.5,-83.0,0.0,Very Low,0.0,Very Low
78.5000_-82.5000,78.5,-82.5,0.0,Very Low,0.0,Very Low
78.5000_-82.0000,78.5,-82.0,0.0,Very Low,0.0,Very Low
78.5000_-81.5000,78.5,-81.5,0.0,Very Low,0.0,Very Low
78.5000_-81.0000,78.5,-81.0,0.0,Very Low,0.0,Very Low
78.5000_-80.5000,78.5,-80.5,0.0,Very Low,0.0,Very Low
78.5000_-80.0000,78.5,-80.0,0.0,Very Low,0.0,Very Low
78.5000_-79.5000,78.5,-79.5,0.0,Very Low,0.0,Very Low
78.5000_-79.0000,78.5,-79.0,0.0,Very Low,0.0,Very Low
78.5000_-78.5000,78.5,-78.5,0.0,Very Low,0.0,Very Low
78.5000_-78.0000,78.5,-78.0,0.0,Very Low,0.0,Very Low
78.5000_-77.5000,78.5,-77.5,0.0,Very Low,0.0,Very Low
78.5000_-77.0000,78.5,-77.0,0.0,Very Low,0.0,Very Low
78.5000_-76.5000,78.5,-76.5,0.0,Very Low,0.0,Very Low
78.5000_-76.0000,78.5,-76.0,0.0,Very Low,0.0,Very Low
78.5000_-75.5000,78.5,-75.5,0.0,Very Low,0.0,Very Low
78.5000_-75.0000,78.5,-75.0,0.0,Very Low,0.0,Very Low
79.0000_-106.0000,79.0,-106.0,0.0,Very Low,0.0,Very Low
79.0000_-105.5000,79.0,-105.5,0.0,Very Low,0.0,Very Low
79.0000_-105.0000,79.0,-105.0,0.0,Very Low,0.0,Very Low
79.0000_-104.5000,79.0,-104.5,0.0,Very Low,0.0,Very Low
79.0000_-104.0000,79.0,-104.0,0.0,Very Low,0.0,Very Low
79.0000_-103.5000,79.0,-103.5,0.0,Very Low,0.0,Very Low
79.0000_-103.0000,79.0,-103.0,0.0,Very Low,0.0,Very Low
79.0000_-102.5000,79.0,-102.5,0.0,Very Low,0.0,Very Low
79.0000_-102.0000,79.0,-102.0,0.0,Very Low,0.0,Very Low
79.0000_-101.5000,79.0,-101.5,0.0,Very Low,0.0,Very Low
79.0000_-101.0000,79.0,-101.0,0.0,Very Low,0.0,Very Low
79.0000_-94.5000,79.0,-94.5,0.0,Very Low,0.0,Very Low
79.0000_-94.0000,79.0,-94.0,0.0,Very Low,0.0,Very Low
79.0000_-93.5000,79.0,-93.5,0.0,Very Low,0.0,Very Low
79.0000_-93.0000,79.0,-93.0,0.0,Very Low,0.0,Very Low
79.0000_-92.5000,79.0,-92.5,0.0,Very Low,0.0,Very Low
79.0000_-92.0000,79.0,-92.0,0.0,Very Low,0.0,Very Low
79.0000_-91.5000,79.0,-91.5,0.0,Very Low,0.0,Very Low
79.0000_-91.0000,79.0,-91.0,0.0,Very Low,0.0,Very Low
79.0000_-90.5000,79.0,-90.5,0.0,Very Low,0.0,Very Low
79.0000_-90.0000,79.0,-90.0,0.0,Very Low,0.0,Very Low
79.0000_-89.5000,79.0,-89.5,0.0,Very Low,0.0,Very Low
79.0000_-89.0000,79.0,-89.0,0.0,Very Low,0.0,Very Low
79.0000_-88.5000,79.0,-88.5,0.0,Very Low,0.0,Very Low
79.0000_-88.0000,79.0,-88.0,0.0,Very Low,0.0,Very Low
79.0000_-87.5000,79.0,-87.5,0.0,Very Low,0.0,Very Low
79.0000_-87.0000,79.0,-87.0,0.0,Very Low,0.0,Very Low
79.0000_-86.5000,79.0,-86.5,0.0,Very Low,0.0,Very Low
79.0000_-85.0000,79.0,-85.0,0.0,Very Low,0.0,Very Low
79.0000_-84.5000,79.0,-84.5,0.0,Very Low,0.0,Very Low
79.0000_-84.0000,79.0,-84.0,0.0,Very Low,0.0,Very Low
79.0000_-83.5000,79.0,-83.5,0.0,Very Low,0.0,Very Low
79.0000_-83.0000,79.0,-83.0,0.0,Very Low,0.0,Very Low
79.0000_-82.5000,79.0,-82.5,0.0,Very Low,0.0,Very Low
79.0000_-82.0000,79.0,-82.0,0.0,Very Low,0.0,Very Low
79.0000_-81.5000,79.0,-81.5,0.0,Very Low,0.0,Very Low
79.0000_-81.0000,79.0,-81.0,0.0,Very Low,0.0,Very Low
79.0000_-80.5000,79.0,-80.5,0.0,Very Low,0.0,Very Low
79.0000_-80.0000,79.0,-80.0,0.0,Very Low,0.0,Very Low
79.0000_-79.5000,79.0,-79.5,0.0,Very Low,0.0,Very Low
79.0000_-79.0000,79.0,-79.0,0.0,Very Low,0.0,Very Low
79.0000_-78.5000,79.0,-78.5,0.0,Very Low,0.0,Very Low
79.0000_-78.0000,79.0,-78.0,0.0,Very Low,0.0,Very Low
79.0000_-77.5000,79.0,-77.5,0.0,Very Low,0.0,Very Low
79.0000_-77.0000,79.0,-77.0,0.0,Very Low,0.0,Very Low
79.0000_-76.5000,79.0,-76.5,0.0,Very Low,0.0,Very Low
79.0000_-76.0000,79.0,-76.0,0.0,Very Low,0.0,Very Low
79.0000_-75.5000,79.0,-75.5,0.0,Very Low,0.0,Very Low
79.0000_-75.0000,79.0,-75.0,0.0,Very Low,0.0,Very Low
79.0000_-74.5000,79.0,-74.5,0.0,Very Low,0.0,Very Low
79.5000_-96.0000,79.5,-96.0,0.0,Very Low,0.0,Very Low
79.5000_-95.5000,79.5,-95.5,0.0,Very Low,0.0,Very Low
79.5000_-95.0000,79.5,-95.0,0.0,Very Low,0.0,Very Low
79.5000_-94.5000,79.5,-94.5,0.0,Very Low,0.0,Very Low
79.5000_-94.0000,79.5,-94.0,0.0,Very Low,0.0,Very Low
79.5000_-93.5000,79.5,-93.5,0.0,Very Low,0.0,Very Low
79.5000_-93.0000,79.5,-93.0,0.0,Very Low,0.0,Very Low
79.5000_-92.5000,79.5,-92.5,0.0,Very Low,0.0,Very Low
79.5000_-92.0000,79.5,-92.0,0.0,Very Low,0.0,Very Low
79.5000_-91.5000,79.5,-91.5,0.0,Very Low,0.0,Very Low
79.5000_-91.0000,79.5,-91.0,0.0,Very Low,0.0,Very Low
79.5000_-90.5000,79.5,-90.5,0.0,Very Low,0.0,Very Low
79.5000_-90.0000,79.5,-90.0,0.0,Very Low,0.0,Very Low
79.5000_-89.5000,79.5,-89.5,0.0,Very Low,0.0,Very Low
79.5000_-89.0000,79.5,-89.0,0.0,Very Low,0.0,Very Low
79.5000_-88.5000,79.5,-88.5,0.0,Very Low,0.0,Very Low
79.5000_-88.0000,79.5,-88.0,0.0,Very Low,0.0,Very Low
79.5000_-87.5000,79.5,-87.5,0.0,Very Low,0.0,Very Low
79.5000_-87.0000,79.5,-87.0,0.0,Very Low,0.0,Very Low
79.5000_-86.5000,79.5,-86.5,0.0,Very Low,0.0,Very Low
79.5000_-86.0000,79.5,-86.0,0.0,Very Low,0.0,Very Low
79.5000_-85.5000,79.5,-85.5,0.0,Very Low,0.0,Very Low
79.5000_-85.0000,79.5,-85.0,0.0,Very Low,0.0,Very Low
79.5000_-84.5000,79.5,-84.5,0.0,Very Low,0.0,Very Low
79.5000_-84.0000,79.5,-84.0,0.0,Very Low,0.0,Very Low
79.5000_-83.5000,79.5,-83.5,0.0,Very Low,0.0,Very Low
79.5000_-83.0000,79.5,-83.0,0.0,Very Low,0.0,Very Low
79.5000_-82.5000,79.5,-82.5,0.0,Very Low,0.0,Very Low
79.5000_-82.0000,79.5,-82.0,0.0,Very Low,0.0,Very Low
79.5000_-81.5000,79.5,-81.5,0.0,Very Low,0.0,Very Low
79.5000_-81.0000,79.5,-81.0,0.0,Very Low,0.0,Very Low
79.5000_-80.5000,79.5,-80.5,0.0,Very Low,0.0,Very Low
79.5000_-80.0000,79.5,-80.0,0.0,Very Low,0.0,Very Low
79.5000_-79.5000,79.5,-79.5,0.0,Very Low,0.0,Very Low
79.5000_-79.0000,79.5,-79.0,0.0,Very Low,0.0,Very Low
79.5000_-78.5000,79.5,-78.5,0.0,Very Low,0.0,Very Low
79.5000_-78.0000,79.5,-78.0,0.0,Very Low,0.0,Very Low
79.5000_-77.5000,79.5,-77.5,0.0,Very Low,0.0,Very Low
79.5000_-77.0000,79.5,-77.0,0.0,Very Low,0.0,Very Low
79.5000_-76.5000,79.5,-76.5,0.0,Very Low,0.0,Very Low
79.5000_-76.0000,79.5,-76.0,0.0,Very Low,0.0,Very Low
79.5000_-75.5000,79.5,-75.5,0.0,Very Low,0.0,Very Low
79.5000_-75.0000,79.5,-75.0,0.0,Very Low,0.0,Very Low
79.5000_-74.5000,79.5,-74.5,0.0,Very Low,0.0,Very Low
79.5000_-74.0000,79.5,-74.0,0.0,Very Low,0.0,Very Low
79.5000_-73.5000,79.5,-73.5,0.0,Very Low,0.0,Very Low
79.5000_-73.0000,79.5,-73.0,0.0,Very Low,0.0,Very Low
80.0000_-100.5000,80.0,-100.5,0.0,Very Low,0.0,Very Low
80.0000_-100.0000,80.0,-100.0,0.0,Very Low,0.0,Very Low
80.0000_-99.5000,80.0,-99.5,0.0,Very Low,0.0,Very Low
80.0000_-99.0000,80.0,-99.0,0.0,Very Low,0.0,Very Low
80.0000_-98.5000,80.0,-98.5,0.0,Very Low,0.0,Very Low
80.0000_-97.0000,80.0,-97.0,0.0,Very Low,0.0,Very Low
80.0000_-96.5000,80.0,-96.5,0.0,Very Low,0.0,Very Low
80.0000_-96.0000,80.0,-96.0,0.0,Very Low,0.0,Very Low
80.0000_-95.5000,80.0,-95.5,0.0,Very Low,0.0,Very Low
80.0000_-95.0000,80.0,-95.0,0.0,Very Low,0.0,Very Low
80.0000_-94.5000,80.0,-94.5,0.0,Very Low,0.0,Very Low
80.0000_-94.0000,80.0,-94.0,0.0,Very Low,0.0,Very Low
80.0000_-93.5000,80.0,-93.5,0.0,Very Low,0.0,Very Low
80.0000_-93.0000,80.0,-93.0,0.0,Very Low,0.0,Very Low
80.0000_-92.5000,80.0,-92.5,0.0,Very Low,0.0,Very Low
80.0000_-92.0000,80.0,-92.0,0.0,Very Low,0.0,Very Low
80.0000_-91.5000,80.0,-91.5,0.0,Very Low,0.0,Very Low
80.0000_-91.0000,80.0,-91.0,0.0,Very Low,0.0,Very Low
80.0000_-90.5000,80.0,-90.5,0.0,Very Low,0.0,Very Low
80.0000_-90.0000,80.0,-90.0,0.0,Very Low,0.0,Very Low
80.0000_-89.5000,80.0,-89.5,0.0,Very Low,0.0,Very Low
80.0000_-89.0000,80.0,-89.0,0.0,Very Low,0.0,Very Low
80.0000_-88.5000,80.0,-88.5,0.0,Very Low,0.0,Very Low
80.0000_-88.0000,80.0,-88.0,0.0,Very Low,0.0,Very Low
80.0000_-87.5000,80.0,-87.5,0.0,Very Low,0.0,Very Low
80.0000_-87.0000,80.0,-87.0,0.0,Very Low,0.0,Very Low
80.0000_-86.5000,80.0,-86.5,0.0,Very Low,0.0,Very Low
80.0000_-86.0000,80.0,-86.0,0.0,Very Low,0.0,Very Low
80.0000_-85.5000,80.0,-85.5,0.0,Very Low,0.0,Very Low
80.0000_-85.0000,80.0,-85.0,0.0,Very Low,0.0,Very Low
80.0000_-84.5000,80.0,-84.5,0.0,Very Low,0.0,Very Low
80.0000_-84.0000,80.0,-84.0,0.0,Very Low,0.0,Very Low
80.0000_-83.5000,80.0,-83.5,0.0,Very Low,0.0,Very Low
80.0000_-83.0000,80.0,-83.0,0.0,Very Low,0.0,Very Low
80.0000_-82.5000,80.0,-82.5,0.0,Very Low,0.0,Very Low
80.0000_-82.0000,80.0,-82.0,0.0,Very Low,0.0,Very Low
80.0000_-81.5000,80.0,-81.5,0.0,Very Low,0.0,Very Low
80.0000_-81.0000,80.0,-81.0,0.0,Very Low,0.0,Very Low
80.0000_-80.5000,80.0,-80.5,0.0,Very Low,0.0,Very Low
80.0000_-80.0000,80.0,-80.0,0.0,Very Low,0.0,Very Low
80.0000_-79.5000,80.0,-79.5,0.0,Very Low,0.0,Very Low
80.0000_-79.0000,80.0,-79.0,0.0,Very Low,0.0,Very Low
80.0000_-78.5000,80.0,-78.5,0.0,Very Low,0.0,Very Low
80.0000_-78.0000,80.0,-78.0,0.0,Very Low,0.0,Very Low
80.0000_-77.5000,80.0,-77.5,0.0,Very Low,0.0,Very Low
80.0000_-77.0000,80.0,-77.0,0.0,Very Low,0.0,Very Low
80.0000_-76.5000,80.0,-76.5,0.0,Very Low,0.0,Very Low
80.0000_-76.0000,80.0,-76.0,0.0,Very Low,0.0,Very Low
80.0000_-75.5000,80.0,-75.5,0.0,Very Low,0.0,Very Low
80.0000_-75.0000,80.0,-75.0,0.0,Very Low,0.0,Very Low
80.0000_-74.5000,80.0,-74.5,0.0,Very Low,0.0,Very Low
80.0000_-74.0000,80.0,-74.0,0.0,Very Low,0.0,Very Low
80.0000_-73.5000,80.0,-73.5,0.0,Very Low,0.0,Very Low
80.0000_-73.0000,80.0,-73.0,0.0,Very Low,0.0,Very Low
80.0000_-72.5000,80.0,-72.5,0.0,Very Low,0.0,Very Low
80.0000_-72.0000,80.0,-72.0,0.0,Very Low,0.0,Very Low
80.0000_-71.5000,80.0,-71.5,0.0,Very Low,0.0,Very Low
80.0000_-71.0000,80.0,-71.0,0.0,Very Low,0.0,Very Low
80.0000_-70.5000,80.0,-70.5,0.0,Very Low,0.0,Very Low
80.5000_-96.5000,80.5,-96.5,0.0,Very Low,0.0,Very Low
80.5000_-96.0000,80.5,-96.0,0.0,Very Low,0.0,Very Low
80.5000_-95.5000,80.5,-95.5,0.0,Very Low,0.0,Very Low
80.5000_-95.0000,80.5,-95.0,0.0,Very Low,0.0,Very Low
80.5000_-94.5000,80.5,-94.5,0.0,Very Low,0.0,Very Low
80.5000_-94.0000,80.5,-94.0,0.0,Very Low,0.0,Very Low
80.5000_-93.5000,80.5,-93.5,0.0,Very Low,0.0,Very Low
80.5000_-93.0000,80.5,-93.0,0.0,Very Low,0.0,Very Low
80.5000_-92.5000,80.5,-92.5,0.0,Very Low,0.0,Very Low
80.5000_-92.0000,80.5,-92.0,0.0,Very Low,0.0,Very Low
80.5000_-91.5000,80.5,-91.5,0.0,Very Low,0.0,Very Low
80.5000_-91.0000,80.5,-91.0,0.0,Very Low,0.0,Very Low
80.5000_-90.5000,80.5,-90.5,0.0,Very Low,0.0,Very Low
80.5000_-90.0000,80.5,-90.0,0.0,Very Low,0.0,Very Low
80.5000_-89.5000,80.5,-89.5,0.0,Very Low,0.0,Very Low
80.5000_-89.0000,80.5,-89.0,0.0,Very Low,0.0,Very Low
80.5000_-88.5000,80.5,-88.5,0.0,Very Low,0.0,Very Low
80.5000_-88.0000,80.5,-88.0,0.0,Very Low,0.0,Very Low
80.5000_-86.5000,80.5,-86.5,0.0,Very Low,0.0,Very Low
80.5000_-86.0000,80.5,-86.0,0.0,Very Low,0.0,Very Low
80.5000_-85.5000,80.5,-85.5,0.0,Very Low,0.0,Very Low
80.5000_-85.0000,80.5,-85.0,0.0,Very Low,0.0,Very Low
80.5000_-84.5000,80.5,-84.5,0.0,Very Low,0.0,Very Low
80.5000_-84.0000,80.5,-84.0,0.0,Very Low,0.0,Very Low
80.5000_-83.5000,80.5,-83.5,0.0,Very Low,0.0,Very Low
80.5000_-83.0000,80.5,-83.0,0.0,Very Low,0.0,Very Low
80.5000_-82.5000,80.5,-82.5,0.0,Very Low,0.0,Very Low
80.5000_-82.0000,80.5,-82.0,0.0,Very Low,0.0,Very Low
80.5000_-81.5000,80.5,-81.5,0.0,Very Low,0.0,Very Low
80.5000_-81.0000,80.5,-81.0,0.0,Very Low,0.0,Very Low
80.5000_-80.5000,80.5,-80.5,0.0,Very Low,0.0,Very Low
80.5000_-80.0000,80.5,-80.0,0.0,Very Low,0.0,Very Low
80.5000_-79.5000,80.5,-79.5,0.0,Very Low,0.0,Very Low
80.5000_-79.0000,80.5,-79.0,0.0,Very Low,0.0,Very Low
80.5000_-78.5000,80.5,-78.5,0.0,Very Low,0.0,Very Low
80.5000_-78.0000,80.5,-78.0,0.0,Very Low,0.0,Very Low
80.5000_-77.5000,80.5,-77.5,0.0,Very Low,0.0,Very Low
80.5000_-77.0000,80.5,-77.0,0.0,Very Low,0.0,Very Low
80.5000_-76.5000,80.5,-76.5,0.0,Very Low,0.0,Very Low
80.5000_-76.0000,80.5,-76.0,0.0,Very Low,0.0,Very Low
80.5000_-75.5000,80.5,-75.5,0.0,Very Low,0.0,Very Low
80.5000_-75.0000,80.5,-75.0,0.0,Very Low,0.0,Very Low
80.5000_-74.5000,80.5,-74.5,0.0,Very Low,0.0,Very Low
80.5000_-74.0000,80.5,-74.0,0.0,Very Low,0.0,Very Low
80.5000_-73.5000,80.5,-73.5,0.0,Very Low,0.0,Very Low
80.5000_-73.0000,80.5,-73.0,0.0,Very Low,0.0,Very Low
80.5000_-72.5000,80.5,-72.5,0.0,Very Low,0.0,Very Low
80.5000_-72.0000,80.5,-72.0,0.0,Very Low,0.0,Very Low
80.5000_-71.5000,80.5,-71.5,0.0,Very Low,0.0,Very Low
80.5000_-71.0000,80.5,-71.0,0.0,Very Low,0.0,Very Low
80.5000_-70.5000,80.5,-70.5,0.0,Very Low,0.0,Very Low
80.5000_-70.0000,80.5,-70.0,0.0,Very Low,0.0,Very Low
80.5000_-69.5000,80.5,-69.5,0.0,Very Low,0.0,Very Low
80.5000_-69.0000,80.5,-69.0,0.0,Very Low,0.0,Very Low
81.0000_-95.5000,81.0,-95.5,0.0,Very Low,0.0,Very Low
81.0000_-95.0000,81.0,-95.0,0.0,Very Low,0.0,Very Low
81.0000_-94.5000,81.0,-94.5,0.0,Very Low,0.0,Very Low
81.0000_-94.0000,81.0,-94.0,0.0,Very Low,0.0,Very Low
81.0000_-93.5000,81.0,-93.5,0.0,Very Low,0.0,Very Low
81.0000_-93.0000,81.0,-93.0,0.0,Very Low,0.0,Very Low
81.0000_-92.5000,81.0,-92.5,0.0,Very Low,0.0,Very Low
81.0000_-92.0000,81.0,-92.0,0.0,Very Low,0.0,Very Low
81.0000_-91.5000,81.0,-91.5,0.0,Very Low,0.0,Very Low
81.0000_-91.0000,81.0,-91.0,0.0,Very Low,0.0,Very Low
81.0000_-90.5000,81.0,-90.5,0.0,Very Low,0.0,Very Low
81.0000_-90.0000,81.0,-90.0,0.0,Very Low,0.0,Very Low
81.0000_-89.5000,81.0,-89.5,0.0,Very Low,0.0,Very Low
81.0000_-89.0000,81.0,-89.0,0.0,Very Low,0.0,Very Low
81.0000_-88.5000,81.0,-88.5,0.0,Very Low,0.0,Very Low
81.0000_-88.0000,81.0,-88.0,0.0,Very Low,0.0,Very Low
81.0000_-87.5000,81.0,-87.5,0.0,Very Low,0.0,Very Low
81.0000_-87.0000,81.0,-87.0,0.0,Very Low,0.0,Very Low
81.0000_-86.5000,81.0,-86.5,0.0,Very Low,0.0,Very Low
81.0000_-86.0000,81.0,-86.0,0.0,Very Low,0.0,Very Low
81.0000_-85.5000,81.0,-85.5,0.0,Very Low,0.0,Very Low
81.0000_-85.0000,81.0,-85.0,0.0,Very Low,0.0,Very Low
81.0000_-84.5000,81.0,-84.5,0.0,Very Low,0.0,Very Low
81.0000_-84.0000,81.0,-84.0,0.0,Very Low,0.0,Very Low
81.0000_-83.5000,81.0,-83.5,0.0,Very Low,0.0,Very Low
81.0000_-83.0000,81.0,-83.0,0.0,Very Low,0.0,Very Low
81.0000_-82.5000,81.0,-82.5,0.0,Very Low,0.0,Very Low
81.0000_-82.0000,81.0,-82.0,0.0,Very Low,0.0,Very Low
81.0000_-81.5000,81.0,-81.5,0.0,Very Low,0.0,Very Low
81.0000_-81.0000,81.0,-81.0,0.0,Very Low,0.0,Very Low
81.0000_-80.5000,81.0,-80.5,0.0,Very Low,0.0,Very Low
81.0000_-80.0000,81.0,-80.0,0.0,Very Low,0.0,Very Low
81.0000_-79.5000,81.0,-79.5,0.0,Very Low,0.0,Very Low
81.0000_-79.0000,81.0,-79.0,0.0,Very Low,0.0,Very Low
81.0000_-78.5000,81.0,-78.5,0.0,Very Low,0.0,Very Low
81.0000_-78.0000,81.0,-78.0,0.0,Very Low,0.0,Very Low
81.0000_-77.5000,81.0,-77.5,0.0,Very Low,0.0,Very Low
81.0000_-77.0000,81.0,-77.0,0.0,Very Low,0.0,Very Low
81.0000_-76.5000,81.0,-76.5,0.0,Very Low,0.0,Very Low
81.0000_-76.0000,81.0,-76.0,0.0,Very Low,0.0,Very Low
81.0000_-75.5000,81.0,-75.5,0.0,Very Low,0.0,Very Low
81.0000_-75.0000,81.0,-75.0,0.0,Very Low,0.0,Very Low
81.0000_-74.5000,81.0,-74.5,0.0,Very Low,0.0,Very Low
81.0000_-74.0000,81.0,-74.0,0.0,Very Low,0.0,Very Low
81.0000_-73.5000,81.0,-73.5,0.0,Very Low,0.0,Very Low
81.0000_-73.0000,81.0,-73.0,0.0,Very Low,0.0,Very Low
81.0000_-72.5000,81.0,-72.5,0.0,Very Low,0.0,Very Low
81.0000_-72.0000,81.0,-72.0,0.0,Very Low,0.0,Very Low
81.0000_-71.5000,81.0,-71.5,0.0,Very Low,0.0,Very Low
81.0000_-71.0000,81.0,-71.0,0.0,Very Low,0.0,Very Low
81.0000_-70.5000,81.0,-70.5,0.0,Very Low,0.0,Very Low
81.0000_-70.0000,81.0,-70.0,0.0,Very Low,0.0,Very Low
81.0000_-69.5000,81.0,-69.5,0.0,Very Low,0.0,Very Low
81.0000_-69.0000,81.0,-69.0,0.0,Very Low,0.0,Very Low
81.0000_-68.5000,81.0,-68.5,0.0,Very Low,0.0,Very Low
81.0000_-68.0000,81.0,-68.0,0.0,Very Low,0.0,Very Low
81.0000_-67.5000,81.0,-67.5,0.0,Very Low,0.0,Very Low
81.0000_-67.0000,81.0,-67.0,0.0,Very Low,0.0,Very Low
81.0000_-66.5000,81.0,-66.5,0.0,Very Low,0.0,Very Low
81.5000_-92.0000,81.5,-92.0,0.0003,Very Low,0.0,Very Low
81.5000_-91.5000,81.5,-91.5,0.0003,Very Low,0.0,Very Low
81.5000_-91.0000,81.5,-91.0,0.0003,Very Low,0.0,Very Low
81.5000_-90.5000,81.5,-90.5,0.0003,Very Low,0.0,Very Low
81.5000_-90.0000,81.5,-90.0,0.0003,Very Low,0.0,Very Low
81.5000_-89.5000,81.5,-89.5,0.0003,Very Low,0.0,Very Low
81.5000_-89.0000,81.5,-89.0,0.0003,Very Low,0.0,Very Low
81.5000_-88.5000,81.5,-88.5,0.0003,Very Low,0.0,Very Low
81.5000_-88.0000,81.5,-88.0,0.0003,Very Low,0.0,Very Low
81.5000_-87.5000,81.5,-87.5,0.0003,Very Low,0.0,Very Low
81.5000_-87.0000,81.5,-87.0,0.0003,Very Low,0.0,Very Low
81.5000_-86.5000,81.5,-86.5,0.0003,Very Low,0.0,Very Low
81.5000_-86.0000,81.5,-86.0,0.0003,Very Low,0.0,Very Low
81.5000_-85.5000,81.5,-85.5,0.0003,Very Low,0.0,Very Low
81.5000_-85.0000,81.5,-85.0,0.0003,Very Low,0.0,Very Low
81.5000_-84.5000,81.5,-84.5,0.0003,Very Low,0.0,Very Low
81.5000_-84.0000,81.5,-84.0,0.0003,Very Low,0.0,Very Low
81.5000_-83.5000,81.5,-83.5,0.0003,Very Low,0.0,Very Low
81.5000_-83.0000,81.5,-83.0,0.0003,Very Low,0.0,Very Low
81.5000_-82.5000,81.5,-82.5,0.0003,Very Low,0.0,Very Low
81.5000_-82.0000,81.5,-82.0,0.0003,Very Low,0.0,Very Low
81.5000_-81.5000,81.5,-81.5,0.0003,Very Low,0.0,Very Low
81.5000_-81.0000,81.5,-81.0,0.0003,Very Low,0.0,Very Low
81.5000_-80.5000,81.5,-80.5,0.0003,Very Low,0.0,Very Low
81.5000_-80.0000,81.5,-80.0,0.0003,Very Low,0.0,Very Low
81.5000_-79.5000,81.5,-79.5,0.0003,Very Low,0.0,Very Low
81.5000_-79.0000,81.5,-79.0,0.0003,Very Low,0.0,Very Low
81.5000_-78.5000,81.5,-78.5,0.0003,Very Low,0.0,Very Low
81.5000_-78.0000,81.5,-78.0,0.0003,Very Low,0.0,Very Low
81.5000_-77.5000,81.5,-77.5,0.0003,Very Low,0.0,Very Low
81.5000_-77.0000,81.5,-77.0,0.0003,Very Low,0.0,Very Low
81.5000_-76.5000,81.5,-76.5,0.0003,Very Low,0.0,Very Low
81.5000_-76.0000,81.5,-76.0,0.0003,Very Low,0.0,Very Low
81.5000_-75.5000,81.5,-75.5,0.0003,Very Low,0.0,Very Low
81.5000_-75.0000,81.5,-75.0,0.0003,Very Low,0.0,Very Low
81.5000_-74.5000,81.5,-74.5,0.0004,Very Low,0.0,Very Low
81.5000_-74.0000,81.5,-74.0,0.0004,Very Low,1.896e-05,Very Low
81.5000_-73.5000,81.5,-73.5,0.0004,Very Low,1.896e-05,Very Low
81.5000_-73.0000,81.5,-73.0,0.0004,Very Low,1.896e-05,Very Low
81.5000_-72.5000,81.5,-72.5,0.0004,Very Low,1.896e-05,Very Low
81.5000_-72.0000,81.5,-72.0,0.0004,Very Low,1.896e-05,Very Low
81.5000_-71.5000,81.5,-71.5,0.0004,Very Low,1.896e-05,Very Low
81.5000_-71.0000,81.5,-71.0,0.0004,Very Low,1.896e-05,Very Low
81.5000_-70.5000,81.5,-70.5,0.0004,Very Low,1.896e-05,Very Low
81.5000_-70.0000,81.5,-70.0,0.0004,Very Low,1.896e-05,Very Low
81.5000_-69.5000,81.5,-69.5,0.0004,Very Low,0.0,Very Low
81.5000_-69.0000,81.5,-69.0,0.0004,Very Low,0.0,Very Low
81.5000_-68.5000,81.5,-68.5,0.0003,Very Low,0.0,Very Low
81.5000_-68.0000,81.5,-68.0,0.0003,Very Low,0.0,Very Low
81.5000_-67.5000,81.5,-67.5,0.0003,Very Low,0.0,Very Low
81.5000_-67.0000,81.5,-67.0,0.0003,Very Low,0.0,Very Low
81.5000_-66.5000,81.5,-66.5,0.0003,Very Low,0.0,Very Low
81.5000_-66.0000,81.5,-66.0,0.0003,Very Low,0.0,Very Low
81.5000_-65.5000,81.5,-65.5,0.0003,Very Low,0.0,Very Low
81.5000_-65.0000,81.5,-65.0,0.0003,Very Low,0.0,Very Low
81.5000_-64.5000,81.5,-64.5,0.0003,Very Low,0.0,Very Low
81.5000_-64.0000,81.5,-64.0,0.0003,Very Low,0.0,Very Low
82.0000_-90.0000,82.0,-90.0,0.0001,Very Low,0.0,Very Low
82.0000_-89.5000,82.0,-89.5,0.0001,Very Low,0.0,Very Low
82.0000_-89.0000,82.0,-89.0,0.0001,Very Low,0.0,Very Low
82.0000_-88.5000,82.0,-88.5,0.0001,Very Low,0.0,Very Low
82.0000_-88.0000,82.0,-88.0,0.0001,Very Low,0.0,Very Low
82.0000_-87.5000,82.0,-87.5,0.0001,Very Low,0.0,Very Low
82.0000_-87.0000,82.0,-87.0,0.0001,Very Low,0.0,Very Low
82.0000_-86.5000,82.0,-86.5,0.0001,Very Low,0.0,Very Low
82.0000_-86.0000,82.0,-86.0,0.0001,Very Low,0.0,Very Low
82.0000_-85.5000,82.0,-85.5,0.0001,Very Low,0.0,Very Low
82.0000_-85.0000,82.0,-85.0,0.0001,Very Low,0.0,Very Low
82.0000_-84.5000,82.0,-84.5,0.0001,Very Low,0.0,Very Low
82.0000_-84.0000,82.0,-84.0,0.0001,Very Low,0.0,Very Low
82.0000_-83.5000,82.0,-83.5,0.0001,Very Low,0.0,Very Low
82.0000_-83.0000,82.0,-83.0,0.0001,Very Low,0.0,Very Low
82.0000_-82.5000,82.0,-82.5,0.0001,Very Low,0.0,Very Low
82.0000_-82.0000,82.0,-82.0,0.0001,Very Low,0.0,Very Low
82.0000_-81.5000,82.0,-81.5,0.0001,Very Low,0.0,Very Low
82.0000_-81.0000,82.0,-81.0,0.0001,Very Low,0.0,Very Low
82.0000_-80.5000,82.0,-80.5,0.0001,Very Low,0.0,Very Low
82.0000_-80.0000,82.0,-80.0,0.0001,Very Low,0.0,Very Low
82.0000_-79.5000,82.0,-79.5,0.0001,Very Low,0.0,Very Low
82.0000_-79.0000,82.0,-79.0,0.0001,Very Low,0.0,Very Low
82.0000_-78.5000,82.0,-78.5,0.0001,Very Low,0.0,Very Low
82.0000_-78.0000,82.0,-78.0,0.0001,Very Low,0.0,Very Low
82.0000_-77.5000,82.0,-77.5,0.0001,Very Low,0.0,Very Low
82.0000_-77.0000,82.0,-77.0,0.0001,Very Low,0.0,Very Low
82.0000_-76.5000,82.0,-76.5,0.0001,Very Low,0.0,Very Low
82.0000_-76.0000,82.0,-76.0,0.0001,Very Low,0.0,Very Low
82.0000_-75.5000,82.0,-75.5,0.0001,Very Low,1.896e-05,Very Low
82.0000_-75.0000,82.0,-75.0,0.0001,Very Low,1.896e-05,Very Low
82.0000_-74.5000,82.0,-74.5,0.0001,Very Low,1.896e-05,Very Low
82.0000_-74.0000,82.0,-74.0,0.0001,Very Low,1.896e-05,Very Low
82.0000_-73.5000,82.0,-73.5,0.0001,Very Low,1.896e-05,Very Low
82.0000_-73.0000,82.0,-73.0,0.0001,Very Low,1.896e-05,Very Low
82.0000_-72.5000,82.0,-72.5,0.0001,Very Low,1.896e-05,Very Low
82.0000_-72.0000,82.0,-72.0,0.0001,Very Low,1.896e-05,Very Low
82.0000_-71.5000,82.0,-71.5,0.0001,Very Low,1.896e-05,Very Low
82.0000_-71.0000,82.0,-71.0,0.0001,Very Low,1.896e-05,Very Low
82.0000_-70.5000,82.0,-70.5,0.0002,Very Low,1.896e-05,Very Low
82.0000_-70.0000,82.0,-70.0,0.0002,Very Low,1.896e-05,Very Low
82.0000_-69.5000,82.0,-69.5,0.0002,Very Low,1.896e-05,Very Low
82.0000_-69.0000,82.0,-69.0,0.0002,Very Low,1.896e-05,Very Low
82.0000_-68.5000,82.0,-68.5,0.0002,Very Low,1.896e-05,Very Low
82.0000_-68.0000,82.0,-68.0,0.0001,Very Low,1.896e-05,Very Low
82.0000_-67.5000,82.0,-67.5,0.0001,Very Low,1.896e-05,Very Low
82.0000_-67.0000,82.0,-67.0,0.0001,Very Low,0.0,Very Low
82.0000_-66.5000,82.0,-66.5,0.0001,Very Low,0.0,Very Low
82.0000_-66.0000,82.0,-66.0,0.0001,Very Low,0.0,Very Low
82.0000_-65.5000,82.0,-65.5,0.0001,Very Low,0.0,Very Low
82.0000_-65.0000,82.0,-65.0,0.0001,Very Low,0.0,Very Low
82.0000_-64.5000,82.0,-64.5,0.0001,Very Low,0.0,Very Low
82.0000_-64.0000,82.0,-64.0,0.0001,Very Low,0.0,Very Low
82.0000_-63.5000,82.0,-63.5,0.0001,Very Low,0.0,Very Low
82.0000_-63.0000,82.0,-63.0,0.0001,Very Low,0.0,Very Low
82.0000_-62.5000,82.0,-62.5,0.0001,Very Low,0.0,Very Low
82.0000_-62.0000,82.0,-62.0,0.0001,Very Low,0.0,Very Low
82.5000_-86.0000,82.5,-86.0,0.0004,Very Low,0.0,Very Low
82.5000_-85.5000,82.5,-85.5,0.0004,Very Low,0.0,Very Low
82.5000_-85.0000,82.5,-85.0,0.0004,Very Low,0.0,Very Low
82.5000_-84.5000,82.5,-84.5,0.0004,Very Low,0.0,Very Low
82.5000_-83.0000,82.5,-83.0,0.0004,Very Low,0.0,Very Low
82.5000_-82.5000,82.5,-82.5,0.0004,Very Low,0.0,Very Low
82.5000_-82.0000,82.5,-82.0,0.0004,Very Low,0.0,Very Low
82.5000_-81.5000,82.5,-81.5,0.0004,Very Low,0.0,Very Low
82.5000_-81.0000,82.5,-81.0,0.0004,Very Low,0.0,Very Low
82.5000_-80.5000,82.5,-80.5,0.0004,Very Low,0.0,Very Low
82.5000_-80.0000,82.5,-80.0,0.0004,Very Low,0.0,Very Low
82.5000_-79.5000,82.5,-79.5,0.0004,Very Low,0.0,Very Low
82.5000_-79.0000,82.5,-79.0,0.0004,Very Low,0.0,Very Low
82.5000_-78.5000,82.5,-78.5,0.0004,Very Low,0.0,Very Low
82.5000_-78.0000,82.5,-78.0,0.0004,Very Low,0.0,Very Low
82.5000_-77.5000,82.5,-77.5,0.0005,Very Low,1.896e-05,Very Low
82.5000_-77.0000,82.5,-77.0,0.0006,Very Low,1.896e-05,Very Low
82.5000_-76.5000,82.5,-76.5,0.0006,Very Low,1.896e-05,Very Low
82.5000_-76.0000,82.5,-76.0,0.0006,Very Low,1.896e-05,Very Low
82.5000_-75.5000,82.5,-75.5,0.0006,Very Low,1.896e-05,Very Low
82.5000_-75.0000,82.5,-75.0,0.0006,Very Low,1.896e-05,Very Low
82.5000_-74.5000,82.5,-74.5,0.0006,Very Low,1.896e-05,Very Low
82.5000_-74.0000,82.5,-74.0,0.0006,Very Low,1.896e-05,Very Low
82.5000_-73.5000,82.5,-73.5,0.0006,Very Low,1.896e-05,Very Low
82.5000_-73.0000,82.5,-73.0,0.0006,Very Low,1.896e-05,Very Low
82.5000_-72.5000,82.5,-72.5,0.0006,Very Low,1.896e-05,Very Low
82.5000_-72.0000,82.5,-72.0,0.0006,Very Low,1.896e-05,Very Low
82.5000_-71.5000,82.5,-71.5,0.0006,Very Low,1.896e-05,Very Low
82.5000_-71.0000,82.5,-71.0,0.0006,Very Low,1.896e-05,Very Low
82.5000_-70.5000,82.5,-70.5,0.0006,Very Low,1.896e-05,Very Low
82.5000_-70.0000,82.5,-70.0,0.0006,Very Low,1.896e-05,Very Low
82.5000_-69.5000,82.5,-69.5,0.0006,Very Low,1.896e-05,Very Low
82.5000_-69.0000,82.5,-69.0,0.0006,Very Low,1.896e-05,Very Low
82.5000_-68.5000,82.5,-68.5,0.0005,Very Low,1.896e-05,Very Low
82.5000_-68.0000,82.5,-68.0,0.0005,Very Low,1.896e-05,Very Low
82.5000_-67.5000,82.5,-67.5,0.0005,Very Low,0.0,Very Low
82.5000_-67.0000,82.5,-67.0,0.0004,Very Low,0.0,Very Low
82.5000_-66.5000,82.5,-66.5,0.0004,Very Low,0.0,Very Low
82.5000_-66.0000,82.5,-66.0,0.0004,Very Low,0.0,Very Low
82.5000_-65.5000,82.5,-65.5,0.0004,Very Low,0.0,Very Low
82.5000_-65.0000,82.5,-65.0,0.0004,Very Low,0.0,Very Low
82.5000_-64.5000,82.5,-64.5,0.0004,Very Low,0.0,Very Low
82.5000_-64.0000,82.5,-64.0,0.0004,Very Low,0.0,Very Low
82.5000_-63.5000,82.5,-63.5,0.0004,Very Low,0.0,Very Low
82.5000_-63.0000,82.5,-63.0,0.0004,Very Low,0.0,Very Low
82.5000_-62.5000,82.5,-62.5,0.0004,Very Low,0.0,Very Low
82.5000_-62.0000,82.5,-62.0,0.0004,Very Low,0.0,Very Low
82.5000_-61.5000,82.5,-61.5,0.0004,Very Low,0.0,Very Low
82.5000_-61.0000,82.5,-61.0,0.0004,Very Low,0.0,Very Low
